Lon Lat sand clay silt orgc ph bulkdensity cn soilc depth awc bedrockfrac
0.0000 87.8638 0.5169 0.1931 0.2900 0.00000 6.745 1500.0 12.0 0.0000 0.3395 40.49 0.0628
2.8125 87.8638 0.5082 0.1974 0.2944 0.00000 6.762 1500.0 12.0 0.0000 0.3412 40.98 0.0628
5.6250 87.8638 0.4982 0.2024 0.2994 0.00000 6.782 1500.0 12.0 0.0000 0.3435 41.59 0.0628
8.4375 87.8638 0.5157 0.1937 0.2906 0.00000 6.747 1500.0 12.0 0.0000 0.3868 46.18 0.0628
11.2500 87.8638 0.5071 0.1980 0.2950 0.00000 6.765 1500.0 12.0 0.0000 0.3919 47.12 0.0628
14.0625 87.8638 0.5240 0.1895 0.2865 0.00000 6.731 1500.0 12.0 0.0000 0.4437 52.63 0.0628
16.8750 87.8638 0.4961 0.2052 0.2986 0.00000 6.947 1500.0 12.0 0.0000 0.4443 53.82 0.0628
19.6875 87.8638 0.4709 0.2188 0.3103 0.00000 7.089 1500.0 12.0 0.0000 0.4415 54.50 0.0628
22.5000 87.8638 0.5313 0.1859 0.2828 0.00000 6.717 1500.0 12.0 0.0000 0.5485 64.68 0.0628
25.3125 87.8638 0.4872 0.2105 0.3023 0.00000 7.040 1500.0 12.0 0.0000 0.5350 65.23 0.0628
28.1250 87.8638 0.4203 0.2493 0.3304 0.00000 7.656 1500.0 12.0 0.0000 0.5284 67.59 0.0628
36.5625 87.8638 0.4503 0.2312 0.3185 0.00000 7.322 1500.0 12.0 0.0000 0.7086 88.77 0.0628
39.3750 87.8638 0.4044 0.2589 0.3368 0.00000 7.837 1500.0 12.0 0.0000 0.7725 99.90 0.0628
42.1875 87.8638 0.3698 0.2898 0.3404 0.00000 8.144 1500.0 12.0 0.0000 0.8334 109.72 0.0628
47.8125 87.8638 0.4539 0.2291 0.3171 0.00000 7.282 1500.0 12.0 0.0000 0.9668 120.81 0.0628
50.6250 87.8638 0.4104 0.2647 0.3249 0.00000 7.694 1500.0 12.0 0.0000 0.9264 118.69 0.0628
53.4375 87.8638 0.4407 0.2370 0.3223 0.00000 7.430 1500.0 12.0 0.0000 0.9737 122.80 0.0628
56.2500 87.8638 0.4381 0.2427 0.3191 0.00000 7.426 1500.0 12.0 0.0000 0.9546 120.33 0.0628
59.0625 87.8638 0.3845 0.2708 0.3446 0.00000 8.061 1500.0 12.0 0.0000 0.9244 121.14 0.0628
61.8750 87.8638 0.4280 0.2471 0.3249 0.00000 7.789 1500.0 12.0 0.0000 0.9919 126.04 0.0628
64.6875 87.8638 0.3541 0.2911 0.3548 0.00000 8.568 1500.0 12.0 0.0000 0.9035 120.69 0.0628
67.5000 87.8638 0.3462 0.2972 0.3567 0.00000 8.770 1500.0 12.0 0.0000 0.8937 119.93 0.0628
70.3125 87.8638 0.3936 0.2672 0.3392 0.00000 8.121 1500.0 12.0 0.0000 0.8425 109.63 0.0628
73.1250 87.8638 0.3900 0.2693 0.3407 0.00000 8.156 1500.0 12.0 0.0000 0.7939 103.57 0.0628
75.9375 87.8638 0.3665 0.2830 0.3506 0.00000 8.371 1500.0 12.0 0.0000 0.7235 95.90 0.0628
78.7500 87.8638 0.3302 0.3094 0.3604 0.00000 8.624 1500.0 12.0 0.0000 0.6281 85.05 0.0628
81.5625 87.8638 0.3606 0.2983 0.3411 0.00000 8.226 1500.0 12.0 0.0000 0.5846 77.31 0.0628
84.3750 87.8638 0.3605 0.3008 0.3387 0.00000 8.322 1500.0 12.0 0.0000 0.5630 74.36 0.0628
87.1875 87.8638 0.3735 0.2844 0.3421 0.00000 8.221 1500.0 12.0 0.0000 0.5415 71.23 0.0628
90.0000 87.8638 0.3720 0.2761 0.3518 0.00000 8.064 1500.0 12.0 0.0000 0.5198 68.77 0.0628
92.8125 87.8638 0.3169 0.3202 0.3629 0.00000 8.435 1500.0 12.0 0.0000 0.4702 64.14 0.0628
95.6250 87.8638 0.2832 0.3427 0.3741 0.00000 8.660 1500.0 12.0 0.0000 0.4435 61.74 0.0628
98.4375 87.8638 0.2786 0.3463 0.3751 0.00000 9.158 1500.0 12.0 0.0000 0.3924 54.75 0.0628
101.2500 87.8638 0.2403 0.3694 0.3904 0.00000 9.500 1500.0 12.0 0.0000 0.3692 52.77 0.0628
104.0625 87.8638 0.2619 0.3526 0.3856 0.00000 9.377 1500.0 12.0 0.0000 0.3654 51.63 0.0628
106.8750 87.8638 0.2803 0.3379 0.3818 0.00000 9.196 1500.0 12.0 0.0000 0.3637 50.89 0.0628
109.6875 87.8638 0.2871 0.3392 0.3737 0.00000 9.077 1500.0 12.0 0.0000 0.3547 49.28 0.0628
112.5000 87.8638 0.3224 0.3170 0.3606 0.00000 8.688 1500.0 12.0 0.0000 0.3617 49.15 0.0628
115.3125 87.8638 0.3169 0.3107 0.3725 0.00000 8.767 1500.0 12.0 0.0000 0.3740 51.26 0.0628
118.1250 87.8638 0.3153 0.3113 0.3733 0.00000 8.765 1500.0 12.0 0.0000 0.3893 53.42 0.0628
120.9375 87.8638 0.3143 0.3188 0.3669 0.00000 8.546 1500.0 12.0 0.0000 0.4084 55.88 0.0628
123.7500 87.8638 0.4474 0.2313 0.3213 0.00000 7.271 1500.0 12.0 0.0000 0.4647 58.39 0.0628
126.5625 87.8638 0.4490 0.2277 0.3233 0.00000 7.085 1500.0 12.0 0.0000 0.5392 67.77 0.0628
129.3750 87.8638 0.4243 0.2469 0.3288 0.00000 7.624 1500.0 12.0 0.0000 0.5590 71.30 0.0628
132.1875 87.8638 0.4724 0.2178 0.3097 0.00000 7.088 1500.0 12.0 0.0000 0.6607 81.49 0.0628
135.0000 87.8638 0.4493 0.2318 0.3189 0.00000 7.347 1500.0 12.0 0.0000 0.7821 98.05 0.0628
137.8125 87.8638 0.4546 0.2286 0.3168 0.00000 7.290 1500.0 12.0 0.0000 0.9108 113.76 0.0628
140.6250 87.8638 0.4550 0.2284 0.3167 0.00000 7.284 1500.0 12.0 0.0000 0.7552 94.30 0.0628
143.4375 87.8638 0.4781 0.2144 0.3075 0.00000 7.026 1500.0 12.0 0.0000 0.6461 79.36 0.0628
146.2500 87.8638 0.4751 0.2163 0.3087 0.00000 7.060 1500.0 12.0 0.0000 0.5564 68.49 0.0628
149.0625 87.8638 0.4790 0.2139 0.3071 0.00000 7.016 1500.0 12.0 0.0000 0.4893 60.07 0.0628
151.8750 87.8638 0.4982 0.2023 0.2994 0.00000 6.800 1500.0 12.0 0.0000 0.4402 53.29 0.0628
154.6875 87.8638 0.4504 0.2312 0.3185 0.00000 7.336 1500.0 12.0 0.0000 0.3843 48.14 0.0628
157.5000 87.8638 0.4574 0.2269 0.3157 0.00000 7.257 1500.0 12.0 0.0000 0.3499 43.62 0.0628
160.3125 87.8638 0.4055 0.2582 0.3363 0.00000 7.839 1500.0 12.0 0.0000 0.3095 39.99 0.0628
163.1250 87.8638 0.3853 0.2703 0.3444 0.00000 8.066 1500.0 12.0 0.0000 0.2805 36.74 0.0628
165.9375 87.8638 0.4176 0.2509 0.3315 0.00000 7.702 1500.0 12.0 0.0000 0.2665 34.15 0.0628
168.7500 87.8638 0.4468 0.2332 0.3200 0.00000 7.378 1500.0 12.0 0.0000 0.2504 31.44 0.0628
171.5625 87.8638 0.4313 0.2426 0.3261 0.00000 7.551 1500.0 12.0 0.0000 0.2336 29.66 0.0628
174.3750 87.8638 0.3776 0.2749 0.3476 0.00000 8.156 1500.0 12.0 0.0000 0.2104 27.71 0.0628
177.1875 87.8638 0.3572 0.2872 0.3556 0.00000 8.381 1500.0 12.0 0.0000 0.1984 26.48 0.0628
180.0000 87.8638 0.3720 0.2812 0.3468 0.00000 8.192 1500.0 12.0 0.0000 0.1880 24.81 0.0628
-177.1875 87.8638 0.3999 0.2693 0.3308 0.00000 7.840 1500.0 12.0 0.0000 0.1800 23.25 0.0628
-174.3750 87.8638 0.4085 0.2563 0.3352 0.00000 7.808 1500.0 12.0 0.0000 0.1763 22.74 0.0628
-171.5625 87.8638 0.3736 0.2774 0.3490 0.00000 8.197 1500.0 12.0 0.0000 0.1668 22.03 0.0628
-168.7500 87.8638 0.4072 0.2510 0.3418 0.00000 7.450 1500.0 12.0 0.0000 0.1806 23.38 0.0628
-165.9375 87.8638 0.3629 0.2697 0.3674 0.00000 7.453 1500.0 12.0 0.0000 0.1960 26.26 0.0628
-163.1250 87.8638 0.3883 0.2550 0.3566 0.00000 7.210 1500.0 12.0 0.0000 0.1908 25.12 0.0628
-160.3125 87.8638 0.3134 0.2834 0.4032 0.00000 7.009 1500.0 12.0 0.0000 0.2345 32.70 0.0628
-157.5000 87.8638 0.3446 0.2805 0.3749 0.00000 7.475 1500.0 12.0 0.0000 0.2499 33.88 0.0749
-154.6875 87.8638 0.3585 0.2640 0.3775 0.00000 6.726 1500.0 12.0 0.0000 0.3377 45.56 0.0821
-151.8750 87.8638 0.3304 0.2989 0.3707 0.00000 7.491 1500.0 12.0 0.0000 0.2801 38.12 0.0896
-149.0625 87.8638 0.3657 0.2627 0.3716 0.00000 6.710 1500.0 12.0 0.0000 0.3352 44.94 0.0927
-146.2500 87.8638 0.3203 0.2965 0.3831 0.00000 6.887 1500.0 12.0 0.0000 0.3367 46.33 0.0985
-143.4375 87.8638 0.3236 0.2858 0.3905 0.00000 6.651 1500.0 12.0 0.0000 0.3689 50.88 0.1012
-140.6250 87.8638 0.2937 0.3052 0.4012 0.00000 6.870 1500.0 12.0 0.0000 0.3767 52.91 0.1070
-137.8125 87.8638 0.3553 0.2711 0.3736 0.00000 6.693 1500.0 12.0 0.0000 0.3345 45.10 0.1114
-135.0000 87.8638 0.3390 0.2743 0.3867 0.00000 6.439 1500.0 12.0 0.0000 0.3855 52.70 0.1128
-132.1875 87.8638 0.3553 0.2687 0.3760 0.00000 6.430 1500.0 12.0 0.0000 0.3633 49.05 0.1188
-129.3750 87.8638 0.3157 0.2898 0.3946 0.00000 6.497 1500.0 12.0 0.0000 0.3925 54.44 0.1194
-126.5625 87.8638 0.3186 0.2966 0.3848 0.00000 6.856 1500.0 12.0 0.0000 0.3293 45.38 0.1227
-123.7500 87.8638 0.3069 0.3056 0.3875 0.00000 7.346 1500.0 12.0 0.0000 0.2982 41.37 0.1245
-120.9375 87.8638 0.3047 0.3178 0.3775 0.00000 7.679 1500.0 12.0 0.0000 0.2555 35.29 0.1260
-118.1250 87.8638 0.3165 0.3087 0.3749 0.00000 7.459 1500.0 12.0 0.0000 0.2556 35.08 0.1238
-115.3125 87.8638 0.2835 0.3323 0.3842 0.00000 7.899 1500.0 12.0 0.0000 0.2488 34.80 0.1278
-112.5000 87.8638 0.2970 0.3174 0.3856 0.00000 7.236 1500.0 12.0 0.0000 0.2983 41.51 0.1291
-109.6875 87.8638 0.3226 0.3026 0.3748 0.00000 7.621 1500.0 12.0 0.0000 0.2528 34.60 0.1250
-106.8750 87.8638 0.3609 0.2721 0.3670 0.00000 6.663 1500.0 12.0 0.0000 0.3446 46.19 0.1288
-104.0625 87.8638 0.3680 0.2651 0.3668 0.00000 6.518 1500.0 12.0 0.0000 0.3887 51.93 0.1251
-101.2500 87.8638 0.4227 0.2385 0.3389 0.00000 6.402 1500.0 12.0 0.0000 0.4685 60.14 0.1231
-98.4375 87.8638 0.4215 0.2354 0.3431 0.00000 6.341 1500.0 12.0 0.0000 0.4381 56.40 0.1184
-95.6250 87.8638 0.3613 0.2634 0.3753 0.00000 6.419 1500.0 12.0 0.0000 0.3505 47.17 0.1179
-92.8125 87.8638 0.3301 0.2856 0.3843 0.00000 6.607 1500.0 12.0 0.0000 0.3957 54.25 0.1189
-90.0000 87.8638 0.4002 0.2623 0.3375 0.00000 6.918 1500.0 12.0 0.0000 0.4100 53.15 0.1191
-87.1875 87.8638 0.3833 0.2847 0.3320 0.00000 7.805 1500.0 12.0 0.0000 0.3227 42.02 0.1175
-84.3750 87.8638 0.4853 0.2185 0.2962 0.00000 6.698 1500.0 12.0 0.0000 0.3965 48.22 0.1151
-81.5625 87.8638 0.4993 0.2133 0.2874 0.00000 7.165 1500.0 12.0 0.0000 0.3478 41.79 0.1103
-78.7500 87.8638 0.5203 0.1973 0.2824 0.00000 6.640 1500.0 12.0 0.0000 0.3047 36.12 0.1096
-75.9375 87.8638 0.4691 0.2252 0.3057 0.00000 6.918 1500.0 12.0 0.0000 0.2851 35.14 0.1103
-73.1250 87.8638 0.4738 0.2216 0.3046 0.00000 6.814 1500.0 12.0 0.0000 0.2893 35.55 0.1099
-70.3125 87.8638 0.4231 0.2519 0.3249 0.00000 7.410 1500.0 12.0 0.0000 0.2790 35.53 0.1062
-67.5000 87.8638 0.3741 0.2827 0.3432 0.00000 8.004 1500.0 12.0 0.0000 0.2647 34.83 0.0963
-64.6875 87.8638 0.3336 0.3047 0.3617 0.00000 8.503 1500.0 12.0 0.0000 0.2597 35.14 0.0915
-61.8750 87.8638 0.3061 0.3267 0.3672 0.00000 8.774 1500.0 12.0 0.0000 0.2617 35.94 0.0889
-59.0625 87.8638 0.3129 0.3368 0.3503 0.00000 8.617 1500.0 12.0 0.0000 0.2365 32.11 0.0809
-56.2500 87.8638 0.2673 0.3642 0.3685 0.00000 9.141 1500.0 12.0 0.0000 0.2280 31.86 0.0779
-53.4375 87.8638 0.2712 0.3606 0.3682 0.00000 9.137 1500.0 12.0 0.0000 0.1894 26.43 0.0692
-50.6250 87.8638 0.2754 0.3486 0.3760 0.00000 9.181 1500.0 12.0 0.0000 0.1568 21.92 0.0637
-47.8125 87.8638 0.2912 0.3462 0.3626 0.00000 8.955 1500.0 12.0 0.0000 0.1579 21.77 0.0628
-45.0000 87.8638 0.2570 0.3749 0.3681 0.00000 9.286 1500.0 12.0 0.0000 0.1679 23.56 0.0628
-42.1875 87.8638 0.3029 0.3200 0.3771 0.00000 8.982 1500.0 12.0 0.0000 0.1855 25.64 0.0628
-39.3750 87.8638 0.3834 0.2715 0.3451 0.00000 8.075 1500.0 12.0 0.0000 0.1938 25.42 0.0628
-36.5625 87.8638 0.3253 0.3065 0.3681 0.00000 8.727 1500.0 12.0 0.0000 0.1953 26.61 0.0628
-33.7500 87.8638 0.4356 0.2401 0.3243 0.00000 7.487 1500.0 12.0 0.0000 0.2083 26.37 0.0628
-30.9375 87.8638 0.4126 0.2539 0.3335 0.00000 7.746 1500.0 12.0 0.0000 0.2109 27.11 0.0628
-28.1250 87.8638 0.3955 0.2642 0.3403 0.00000 7.938 1500.0 12.0 0.0000 0.2152 28.00 0.0628
-25.3125 87.8638 0.3494 0.2920 0.3586 0.00000 8.453 1500.0 12.0 0.0000 0.2165 29.04 0.0628
-22.5000 87.8638 0.3935 0.2654 0.3411 0.00000 7.957 1500.0 12.0 0.0000 0.2265 29.51 0.0628
-19.6875 87.8638 0.4429 0.2357 0.3215 0.00000 7.404 1500.0 12.0 0.0000 0.2398 30.20 0.0628
-16.8750 87.8638 0.4161 0.2518 0.3321 0.00000 7.704 1500.0 12.0 0.0000 0.2435 31.24 0.0628
-11.2500 87.8638 0.4696 0.2196 0.3108 0.00000 7.104 1500.0 12.0 0.0000 0.2666 32.95 0.0628
-8.4375 87.8638 0.4982 0.2024 0.2994 0.00000 6.783 1500.0 12.0 0.0000 0.2814 34.07 0.0628
-5.6250 87.8638 0.4982 0.2023 0.2994 0.00000 6.783 1500.0 12.0 0.0000 0.2911 35.24 0.0628
-2.8125 87.8638 0.4982 0.2024 0.2994 0.00000 6.782 1500.0 12.0 0.0000 0.3027 36.65 0.0628
39.3750 85.0965 0.6146 0.1446 0.2409 0.00000 6.557 1500.0 12.0 0.0000 1.6281 179.07 0.0628
42.1875 85.0965 0.6569 0.1235 0.2196 0.00000 6.473 1500.0 12.0 0.0000 2.2446 237.84 0.0628
45.0000 85.0965 0.5928 0.1657 0.2415 0.00000 6.826 1500.0 12.0 0.0000 1.6077 179.00 0.0628
47.8125 85.0965 0.5226 0.2170 0.2604 0.00000 7.352 1500.0 12.0 0.0000 1.2084 141.23 0.0628
50.6250 85.0965 0.4868 0.2402 0.2730 0.00000 7.607 1500.0 12.0 0.0000 1.0146 121.64 0.0628
53.4375 85.0965 0.5189 0.2110 0.2701 0.00000 7.437 1500.0 12.0 0.0000 1.0583 124.64 0.0628
56.2500 85.0965 0.6487 0.1276 0.2237 0.00000 6.493 1500.0 12.0 0.0000 1.5808 168.72 0.0628
59.0625 85.0965 0.6500 0.1270 0.2231 0.00000 6.493 1500.0 12.0 0.0000 1.5260 162.70 0.0628
61.8750 85.0965 0.6195 0.1442 0.2364 0.00000 6.733 1500.0 12.0 0.0000 1.2980 141.97 0.0628
64.6875 85.0965 0.5781 0.1675 0.2544 0.00000 7.057 1500.0 12.0 0.0000 1.0777 121.91 0.0628
67.5000 85.0965 0.5010 0.2104 0.2885 0.00000 7.621 1500.0 12.0 0.0000 0.8140 97.80 0.0628
70.3125 85.0965 0.4416 0.2423 0.3161 0.00000 7.945 1500.0 12.0 0.0000 0.6428 80.75 0.0628
73.1250 85.0965 0.3941 0.2670 0.3389 0.00000 8.131 1500.0 12.0 0.0000 0.5370 69.85 0.0628
75.9375 85.0965 0.3275 0.3078 0.3646 0.00000 8.936 1500.0 12.0 0.0000 0.5196 70.60 0.0628
78.7500 85.0965 0.3200 0.3103 0.3696 0.00000 8.845 1500.0 12.0 0.0000 0.4931 67.39 0.0628
81.5625 85.0965 0.3962 0.2652 0.3386 0.00000 8.058 1500.0 12.0 0.0000 0.5404 70.22 0.0628
84.3750 85.0965 0.4491 0.2326 0.3183 0.00000 7.407 1500.0 12.0 0.0000 0.5657 70.90 0.0628
87.1875 85.0965 0.3952 0.2644 0.3404 0.00000 7.951 1500.0 12.0 0.0000 0.5646 73.46 0.0628
90.0000 85.0965 0.4205 0.2492 0.3304 0.00000 7.668 1500.0 12.0 0.0000 0.5418 69.30 0.0628
92.8125 85.0965 0.3954 0.2643 0.3404 0.00000 7.949 1500.0 12.0 0.0000 0.5033 65.48 0.0628
95.6250 85.0965 0.4119 0.2570 0.3311 0.00000 7.742 1500.0 12.0 0.0000 0.4781 61.42 0.0628
98.4375 85.0965 0.4042 0.2623 0.3335 0.00000 7.822 1500.0 12.0 0.0000 0.4518 58.32 0.0628
101.2500 85.0965 0.4383 0.2491 0.3126 0.00000 7.381 1500.0 12.0 0.0000 0.4315 54.19 0.0628
104.0625 85.0965 0.4558 0.2352 0.3090 0.00000 7.212 1500.0 12.0 0.0000 0.4260 52.94 0.0628
106.8750 85.0965 0.4982 0.2024 0.2994 0.00000 6.795 1500.0 12.0 0.0000 0.5225 63.26 0.0628
109.6875 85.0965 0.4911 0.2066 0.3022 0.00000 6.873 1500.0 12.0 0.0000 0.5120 62.30 0.0628
112.5000 85.0965 0.4394 0.2378 0.3228 0.00000 7.452 1500.0 12.0 0.0000 0.4945 62.42 0.0628
115.3125 85.0965 0.4273 0.2450 0.3276 0.00000 7.587 1500.0 12.0 0.0000 0.4953 63.05 0.0628
118.1250 85.0965 0.3878 0.2689 0.3433 0.00000 8.030 1500.0 12.0 0.0000 0.4957 64.82 0.0628
120.9375 85.0965 0.3503 0.3042 0.3455 0.00000 8.349 1500.0 12.0 0.0000 0.4033 53.70 0.0628
123.7500 85.0965 0.3643 0.2947 0.3410 0.00000 8.203 1500.0 12.0 0.0000 0.4342 57.33 0.0628
126.5625 85.0965 0.4708 0.2200 0.3092 0.00000 7.094 1500.0 12.0 0.0000 0.6207 76.59 0.0628
129.3750 85.0965 0.4736 0.2180 0.3084 0.00000 7.066 1500.0 12.0 0.0000 0.6947 85.56 0.0628
132.1875 85.0965 0.4636 0.2286 0.3078 0.00000 7.144 1500.0 12.0 0.0000 0.7857 97.22 0.0628
135.0000 85.0965 0.4982 0.2024 0.2994 0.00000 6.800 1500.0 12.0 0.0000 0.7190 87.05 0.0628
137.8125 85.0965 0.4890 0.2079 0.3031 0.00000 6.903 1500.0 12.0 0.0000 0.5802 70.71 0.0628
140.6250 85.0965 0.4101 0.2554 0.3345 0.00000 7.787 1500.0 12.0 0.0000 0.4603 59.30 0.0628
143.4375 85.0965 0.3721 0.2783 0.3496 0.00000 8.212 1500.0 12.0 0.0000 0.3848 50.85 0.0628
146.2500 85.0965 0.3920 0.2708 0.3372 0.00000 7.954 1500.0 12.0 0.0000 0.3343 43.48 0.0628
149.0625 85.0965 0.4846 0.2105 0.3049 0.00000 6.953 1500.0 12.0 0.0000 0.3202 39.16 0.0628
151.8750 85.0965 0.4531 0.2288 0.3181 0.00000 7.267 1500.0 12.0 0.0000 0.2897 36.23 0.0628
154.6875 85.0965 0.3980 0.2605 0.3414 0.00000 7.794 1500.0 12.0 0.0000 0.2687 34.93 0.0628
157.5000 85.0965 0.3394 0.2937 0.3668 0.00000 8.316 1500.0 12.0 0.0000 0.2576 34.86 0.0628
160.3125 85.0965 0.3190 0.3160 0.3650 0.00000 8.696 1500.0 12.0 0.0000 0.2308 31.49 0.0628
163.1250 85.0965 0.3724 0.2784 0.3492 0.00000 8.036 1500.0 12.0 0.0000 0.2443 32.27 0.0628
165.9375 85.0965 0.4057 0.2578 0.3364 0.00000 7.625 1500.0 12.0 0.0000 0.2177 28.13 0.0628
168.7500 85.0965 0.3985 0.2428 0.3587 0.00000 6.754 1500.0 12.0 0.0000 0.3327 43.65 0.0628
171.5625 85.0965 0.3638 0.2611 0.3752 0.00000 6.953 1500.0 12.0 0.0000 0.3311 44.51 0.0628
174.3750 85.0965 0.3334 0.2869 0.3797 0.00000 7.746 1500.0 12.0 0.0000 0.3068 41.90 0.0628
177.1875 85.0965 0.2847 0.3139 0.4014 0.00000 8.163 1500.0 12.0 0.0000 0.3423 48.27 0.0628
180.0000 85.0965 0.2669 0.3348 0.3983 0.00000 8.532 1500.0 12.0 0.0000 0.3054 43.32 0.0628
-177.1875 85.0965 0.2801 0.3103 0.4096 0.00000 7.592 1500.0 12.0 0.0000 0.3804 53.97 0.0628
-174.3750 85.0965 0.2743 0.3275 0.3982 0.00000 7.959 1500.0 12.0 0.0000 0.4487 63.45 0.0758
-171.5625 85.0965 0.2533 0.3504 0.3962 0.00000 8.662 1500.0 12.0 0.0000 0.4639 66.12 0.0964
-168.7500 85.0965 0.2593 0.3412 0.3995 0.00000 8.278 1500.0 12.0 0.0000 0.5117 72.87 0.1126
-165.9375 85.0965 0.2636 0.3372 0.3992 0.00000 7.765 1500.0 12.0 0.0000 0.5436 77.25 0.1239
-163.1250 85.0965 0.2527 0.3545 0.3928 0.00000 8.100 1500.0 12.0 0.0000 0.4843 68.93 0.1344
-160.3125 85.0965 0.2486 0.3564 0.3950 0.00000 8.671 1500.0 12.0 0.0000 0.4332 61.83 0.1402
-157.5000 85.0965 0.2472 0.3593 0.3935 0.00000 8.615 1500.0 12.0 0.0000 0.4201 59.96 0.1471
-154.6875 85.0965 0.2568 0.3477 0.3955 0.00000 8.174 1500.0 12.0 0.0000 0.4491 63.90 0.1521
-151.8750 85.0965 0.2636 0.3359 0.4005 0.00000 7.547 1500.0 12.0 0.0000 0.5119 72.81 0.1569
-149.0625 85.0965 0.2698 0.3274 0.4028 0.00000 7.112 1500.0 12.0 0.0000 0.5596 79.47 0.1618
-146.2500 85.0965 0.2856 0.3130 0.4014 0.00000 6.611 1500.0 12.0 0.0000 0.5135 72.38 0.1646
-143.4375 85.0965 0.2936 0.3022 0.4042 0.00000 6.184 1500.0 12.0 0.0000 0.5778 81.28 0.1649
-140.6250 85.0965 0.2841 0.3113 0.4045 0.00000 6.407 1500.0 12.0 0.0000 0.5088 71.88 0.1702
-137.8125 85.0965 0.2827 0.3312 0.3862 0.00000 7.333 1500.0 12.0 0.0000 0.3412 47.79 0.1708
-135.0000 85.0965 0.3057 0.3122 0.3820 0.00000 6.908 1500.0 12.0 0.0000 0.3850 53.28 0.1725
-132.1875 85.0965 0.2922 0.3179 0.3899 0.00000 6.806 1500.0 12.0 0.0000 0.3810 53.25 0.1747
-129.3750 85.0965 0.2802 0.3154 0.4043 0.00000 6.614 1500.0 12.0 0.0000 0.3849 54.47 0.1753
-126.5625 85.0965 0.3044 0.3023 0.3932 0.00000 6.421 1500.0 12.0 0.0000 0.4223 58.81 0.1772
-123.7500 85.0965 0.2861 0.3241 0.3898 0.00000 7.123 1500.0 12.0 0.0000 0.3139 43.99 0.1782
-120.9375 85.0965 0.2790 0.3185 0.4025 0.00000 6.871 1500.0 12.0 0.0000 0.3321 46.97 0.1788
-118.1250 85.0965 0.2721 0.3292 0.3987 0.00000 6.847 1500.0 12.0 0.0000 0.3467 49.09 0.1812
-115.3125 85.0965 0.2813 0.3191 0.3997 0.00000 6.357 1500.0 12.0 0.0000 0.4035 56.93 0.1817
-112.5000 85.0965 0.2770 0.3226 0.4004 0.00000 6.852 1500.0 12.0 0.0000 0.3368 47.62 0.1804
-109.6875 85.0965 0.2758 0.3247 0.3995 0.00000 6.907 1500.0 12.0 0.0000 0.3377 47.76 0.1809
-106.8750 85.0965 0.2825 0.3154 0.4021 0.00000 6.553 1500.0 12.0 0.0000 0.5465 77.16 0.1833
-104.0625 85.0965 0.2882 0.3275 0.3843 0.00000 7.463 1500.0 12.0 0.0000 0.4118 57.49 0.1799
-101.2500 85.0965 0.2959 0.3263 0.3778 0.00000 7.421 1500.0 12.0 0.0000 0.4407 61.13 0.1787
-98.4375 85.0965 0.2965 0.3096 0.3939 0.00000 6.653 1500.0 12.0 0.0000 0.6517 91.10 0.1793
-95.6250 85.0965 0.3620 0.2756 0.3624 0.00000 6.274 1500.0 12.0 0.0000 0.9336 124.77 0.1789
-92.8125 85.0965 0.4488 0.2422 0.3090 0.00000 6.495 1500.0 12.0 0.0000 0.9979 124.44 0.1752
-90.0000 85.0965 0.4506 0.2542 0.2952 0.00000 7.332 1500.0 12.0 0.0000 0.8107 100.22 0.1730
-87.1875 85.0965 0.5084 0.2283 0.2633 0.00000 7.077 1500.0 12.0 0.0000 1.1181 131.85 0.1721
-84.3750 85.0965 0.6298 0.1567 0.2136 0.00000 6.154 1500.0 12.0 0.0000 2.1849 234.14 0.1767
-81.5625 85.0965 0.6551 0.1409 0.2040 0.00000 5.976 1500.0 12.0 0.0000 2.1607 226.82 0.1701
-78.7500 85.0965 0.6128 0.1605 0.2267 0.00000 6.087 1500.0 12.0 0.0000 1.3562 147.97 0.1667
-75.9375 85.0965 0.5431 0.1970 0.2599 0.00000 6.509 1500.0 12.0 0.0000 0.9416 108.85 0.1630
-73.1250 85.0965 0.5054 0.2167 0.2779 0.00000 6.814 1500.0 12.0 0.0000 0.8040 95.78 0.1549
-70.3125 85.0965 0.4421 0.2475 0.3104 0.00000 7.152 1500.0 12.0 0.0000 0.6094 76.29 0.1441
-67.5000 85.0965 0.4675 0.2287 0.3037 0.00000 6.777 1500.0 12.0 0.0000 0.5519 67.99 0.1289
-64.6875 85.0965 0.4703 0.2280 0.3017 0.00000 6.795 1500.0 12.0 0.0000 0.5470 67.23 0.1179
-61.8750 85.0965 0.4629 0.2279 0.3092 0.00000 6.979 1500.0 12.0 0.0000 0.5502 68.15 0.1045
-59.0625 85.0965 0.4746 0.2202 0.3052 0.00000 6.882 1500.0 12.0 0.0000 0.5513 67.75 0.0983
-56.2500 85.0965 0.4590 0.2295 0.3115 0.00000 7.071 1500.0 12.0 0.0000 0.5513 68.51 0.0958
-53.4375 85.0965 0.4558 0.2293 0.3150 0.00000 7.207 1500.0 12.0 0.0000 0.4443 55.40 0.0754
-50.6250 85.0965 0.4189 0.2572 0.3239 0.00000 7.618 1500.0 12.0 0.0000 0.2788 35.55 0.0628
-47.8125 85.0965 0.4183 0.2591 0.3225 0.00000 7.613 1500.0 12.0 0.0000 0.2941 37.49 0.0628
-45.0000 85.0965 0.4183 0.2505 0.3312 0.00000 7.683 1500.0 12.0 0.0000 0.3212 41.14 0.0628
-42.1875 85.0965 0.4548 0.2285 0.3167 0.00000 7.274 1500.0 12.0 0.0000 0.3493 43.62 0.0628
-39.3750 85.0965 0.4982 0.2024 0.2994 0.00000 6.789 1500.0 12.0 0.0000 0.3856 46.68 0.0628
-36.5625 85.0965 0.4982 0.2024 0.2994 0.00000 6.788 1500.0 12.0 0.0000 0.4141 50.13 0.0628
-33.7500 85.0965 0.4982 0.2024 0.2994 0.00000 6.788 1500.0 12.0 0.0000 0.4411 53.40 0.0628
42.1875 82.3129 0.5446 0.1763 0.2790 0.00000 6.645 1500.0 12.0 0.0000 1.5930 186.15 0.0628
45.0000 82.3129 0.5157 0.1901 0.2942 0.00000 6.692 1500.0 12.0 0.0000 1.3183 157.74 0.0628
47.8125 82.3129 0.4794 0.2074 0.3132 0.00000 6.750 1500.0 12.0 0.0000 1.0732 132.17 0.0628
50.6250 82.3129 0.4933 0.2008 0.3059 0.00000 6.728 1500.0 12.0 0.0000 1.0285 125.28 0.0628
53.4375 82.3129 0.5182 0.1889 0.2929 0.00000 6.688 1500.0 12.0 0.0000 1.0323 123.26 0.0628
56.2500 82.3129 0.5356 0.1806 0.2838 0.00000 6.659 1500.0 12.0 0.0000 1.0240 120.55 0.0628
59.0625 82.3129 0.6175 0.1415 0.2410 0.00000 6.528 1500.0 12.0 0.0000 1.4117 155.03 0.0628
61.8750 82.3129 0.6385 0.1329 0.2286 0.00000 6.592 1500.0 12.0 0.0000 1.5776 169.89 0.0628
64.6875 82.3129 0.5872 0.1563 0.2565 0.00000 6.656 1500.0 12.0 0.0000 1.5641 176.31 0.0628
67.5000 82.3129 0.5453 0.1782 0.2765 0.00000 6.877 1500.0 12.0 0.0000 1.3397 156.26 0.0628
70.3125 82.3129 0.4629 0.2311 0.3061 0.00000 7.906 1500.0 12.0 0.0000 0.8129 100.52 0.0628
73.1250 82.3129 0.3965 0.2696 0.3339 0.00000 8.484 1500.0 12.0 0.0000 0.6520 84.48 0.0628
75.9375 82.3129 0.3094 0.3150 0.3756 0.00000 8.910 1500.0 12.0 0.0000 0.5539 76.30 0.0628
78.7500 82.3129 0.2710 0.3331 0.3959 0.00000 8.965 1500.0 12.0 0.0000 0.5218 73.81 0.0628
81.5625 82.3129 0.2967 0.3075 0.3958 0.00000 8.080 1500.0 12.0 0.0000 0.6346 88.78 0.0628
84.3750 82.3129 0.4048 0.2418 0.3534 0.00000 6.830 1500.0 12.0 0.0000 0.6918 90.24 0.0628
87.1875 82.3129 0.4182 0.2344 0.3475 0.00000 6.713 1500.0 12.0 0.0000 0.8727 112.79 0.0628
90.0000 82.3129 0.4262 0.2345 0.3393 0.00000 6.922 1500.0 12.0 0.0000 0.8237 105.57 0.0628
92.8125 82.3129 0.3729 0.2692 0.3579 0.00000 7.648 1500.0 12.0 0.0000 0.7991 106.02 0.0628
95.6250 82.3129 0.3283 0.3083 0.3634 0.00000 8.318 1500.0 12.0 0.0000 0.6276 85.19 0.0628
98.4375 82.3129 0.3034 0.3196 0.3770 0.00000 8.757 1500.0 12.0 0.0000 0.6538 90.35 0.0628
101.2500 82.3129 0.3960 0.2654 0.3386 0.00000 7.741 1500.0 12.0 0.0000 0.8829 114.72 0.0628
104.0625 82.3129 0.3581 0.2868 0.3552 0.00000 8.370 1500.0 12.0 0.0000 0.9234 123.16 0.0628
106.8750 82.3129 0.3739 0.2828 0.3433 0.00000 8.147 1500.0 12.0 0.0000 1.0162 133.72 0.0628
109.6875 82.3129 0.4200 0.2532 0.3269 0.00000 7.647 1500.0 12.0 0.0000 1.1767 150.25 0.0628
112.5000 82.3129 0.4555 0.2281 0.3164 0.00000 7.277 1500.0 12.0 0.0000 1.3562 169.29 0.0628
115.3125 82.3129 0.4103 0.2561 0.3336 0.00000 7.775 1500.0 12.0 0.0000 1.4506 186.74 0.0628
118.1250 82.3129 0.4096 0.2565 0.3339 0.00000 7.781 1500.0 12.0 0.0000 1.5225 196.09 0.0628
120.9375 82.3129 0.3684 0.2836 0.3480 0.00000 8.224 1500.0 12.0 0.0000 1.4562 192.59 0.0628
123.7500 82.3129 0.3235 0.3132 0.3633 0.00000 8.707 1500.0 12.0 0.0000 1.2598 171.36 0.0628
126.5625 82.3129 0.3414 0.2973 0.3613 0.00000 8.546 1500.0 12.0 0.0000 1.0555 142.29 0.0628
129.3750 82.3129 0.3915 0.2666 0.3419 0.00000 7.989 1500.0 12.0 0.0000 0.8391 109.46 0.0628
132.1875 82.3129 0.4434 0.2411 0.3155 0.00000 7.365 1500.0 12.0 0.0000 0.6341 79.57 0.0628
135.0000 82.3129 0.4906 0.2067 0.3026 0.00000 6.883 1500.0 12.0 0.0000 0.5165 62.88 0.0628
137.8125 82.3129 0.4655 0.2217 0.3128 0.00000 7.167 1500.0 12.0 0.0000 0.3977 49.30 0.0628
140.6250 82.3129 0.4440 0.2364 0.3196 0.00000 7.397 1500.0 12.0 0.0000 0.3157 39.70 0.0628
143.4375 82.3129 0.4661 0.2224 0.3115 0.00000 7.312 1500.0 12.0 0.0000 0.3205 39.69 0.0628
146.2500 82.3129 0.4807 0.2165 0.3027 0.00000 7.245 1500.0 12.0 0.0000 0.3154 38.59 0.0628
149.0625 82.3129 0.4142 0.2468 0.3390 0.00000 7.498 1500.0 12.0 0.0000 0.2821 36.36 0.0628
151.8750 82.3129 0.3399 0.2938 0.3663 0.00000 8.237 1500.0 12.0 0.0000 0.2385 32.26 0.0628
154.6875 82.3129 0.2649 0.3332 0.4019 0.00000 8.286 1500.0 12.0 0.0000 0.2226 31.67 0.0628
157.5000 82.3129 0.2729 0.3204 0.4066 0.00000 8.169 1500.0 12.0 0.0000 0.1939 27.55 0.0628
160.3125 82.3129 0.2858 0.3016 0.4125 0.00000 7.301 1500.0 12.0 0.0000 0.2485 35.22 0.0628
163.1250 82.3129 0.2932 0.2917 0.4151 0.00000 7.103 1500.0 12.0 0.0000 0.2555 36.15 0.0628
165.9375 82.3129 0.2824 0.3109 0.4067 0.00000 7.544 1500.0 12.0 0.0000 0.2153 30.47 0.0628
168.7500 82.3129 0.2860 0.3029 0.4111 0.00000 7.618 1500.0 12.0 0.0000 0.2446 34.64 0.0628
171.5625 82.3129 0.2863 0.3044 0.4093 0.00000 7.208 1500.0 12.0 0.0000 0.5563 78.70 0.0915
174.3750 82.3129 0.2796 0.3148 0.4056 0.00000 7.335 1500.0 12.0 0.0000 0.6277 88.89 0.1116
177.1875 82.3129 0.2635 0.3411 0.3955 0.00000 7.945 1500.0 12.0 0.0000 0.5736 81.38 0.1266
180.0000 82.3129 0.2953 0.3104 0.3943 0.00000 7.117 1500.0 12.0 0.0000 0.8789 122.94 0.1444
-177.1875 82.3129 0.2905 0.3084 0.4012 0.00000 6.681 1500.0 12.0 0.0000 1.1424 160.68 0.1576
-174.3750 82.3129 0.3069 0.2940 0.3991 0.00000 6.219 1500.0 12.0 0.0000 1.5408 214.99 0.1675
-171.5625 82.3129 0.3620 0.2756 0.3625 0.00000 6.358 1500.0 12.0 0.0000 1.0977 146.72 0.1742
-168.7500 82.3129 0.4096 0.2642 0.3261 0.00000 6.777 1500.0 12.0 0.0000 0.8016 102.80 0.1780
-165.9375 82.3129 0.4947 0.2204 0.2849 0.00000 6.250 1500.0 12.0 0.0000 1.1359 136.60 0.1876
-163.1250 82.3129 0.5268 0.2059 0.2673 0.00000 6.142 1500.0 12.0 0.0000 1.1291 132.22 0.1925
-160.3125 82.3129 0.5556 0.1952 0.2491 0.00000 6.274 1500.0 12.0 0.0000 0.7911 90.27 0.1952
-157.5000 82.3129 0.5779 0.1840 0.2380 0.00000 6.141 1500.0 12.0 0.0000 1.0901 122.08 0.1949
-154.6875 82.3129 0.5310 0.2047 0.2642 0.00000 6.135 1500.0 12.0 0.0000 1.0423 121.57 0.1991
-151.8750 82.3129 0.4247 0.2525 0.3228 0.00000 6.155 1500.0 12.0 0.0000 0.7358 93.53 0.2063
-149.0625 82.3129 0.5360 0.2053 0.2586 0.00000 6.093 1500.0 12.0 0.0000 1.2903 149.60 0.2080
-146.2500 82.3129 0.5630 0.1967 0.2403 0.00000 6.221 1500.0 12.0 0.0000 1.3028 147.26 0.2105
-143.4375 82.3129 0.5182 0.2240 0.2578 0.00000 6.627 1500.0 12.0 0.0000 0.8837 103.35 0.2120
-140.6250 82.3129 0.5241 0.2200 0.2559 0.00000 6.669 1500.0 12.0 0.0000 0.8672 101.00 0.2112
-137.8125 82.3129 0.5465 0.2098 0.2437 0.00000 6.592 1500.0 12.0 0.0000 1.0076 115.14 0.2118
-135.0000 82.3129 0.4521 0.2608 0.2872 0.00000 7.179 1500.0 12.0 0.0000 0.4919 60.50 0.2104
-132.1875 82.3129 0.4990 0.2175 0.2835 0.00000 6.195 1500.0 12.0 0.0000 0.4759 57.07 0.2093
-129.3750 82.3129 0.4655 0.2304 0.3041 0.00000 6.212 1500.0 12.0 0.0000 0.4419 54.51 0.2070
-126.5625 82.3129 0.4767 0.2275 0.2958 0.00000 6.244 1500.0 12.0 0.0000 0.4944 60.36 0.2061
-123.7500 82.3129 0.4679 0.2398 0.2923 0.00000 6.600 1500.0 12.0 0.0000 0.5567 68.13 0.2058
-120.9375 82.3129 0.4103 0.2651 0.3246 0.00000 6.670 1500.0 12.0 0.0000 0.6618 84.78 0.2063
-118.1250 82.3129 0.4069 0.2680 0.3251 0.00000 6.635 1500.0 12.0 0.0000 0.9709 124.61 0.2046
-115.3125 82.3129 0.4368 0.2570 0.3062 0.00000 6.598 1500.0 12.0 0.0000 1.1411 142.89 0.2036
-112.5000 82.3129 0.3431 0.2956 0.3612 0.00000 6.494 1500.0 12.0 0.0000 1.2194 164.26 0.2018
-109.6875 82.3129 0.2740 0.3300 0.3960 0.00000 6.852 1500.0 12.0 0.0000 1.1455 161.84 0.2001
-106.8750 82.3129 0.2888 0.3117 0.3996 0.00000 6.303 1500.0 12.0 0.0000 1.5046 211.61 0.1974
-104.0625 82.3129 0.2766 0.3230 0.4004 0.00000 6.532 1500.0 12.0 0.0000 1.6226 229.49 0.1953
-101.2500 82.3129 0.2786 0.3175 0.4039 0.00000 6.316 1500.0 12.0 0.0000 1.9831 280.72 0.1948
-98.4375 82.3129 0.2787 0.3169 0.4043 0.00000 6.310 1500.0 12.0 0.0000 2.0708 293.17 0.1918
-95.6250 82.3129 0.2831 0.3268 0.3900 0.00000 6.701 1500.0 12.0 0.0000 1.8659 261.82 0.1926
-92.8125 82.3129 0.3349 0.3033 0.3619 0.00000 6.771 1500.0 12.0 0.0000 1.8531 250.62 0.1947
-90.0000 82.3129 0.5509 0.1927 0.2564 0.00000 6.040 1500.0 12.0 0.0000 2.7605 317.17 0.1892
-87.1875 82.3129 0.5912 0.1836 0.2252 0.00000 6.417 1500.0 12.0 0.0000 2.1439 236.45 0.1805
-84.3750 82.3129 0.6344 0.1542 0.2114 0.00000 6.206 1500.0 12.0 0.0000 2.3945 255.57 0.1721
-81.5625 82.3129 0.6588 0.1390 0.2022 0.00000 6.091 1500.0 12.0 0.0000 2.5370 265.44 0.1615
-78.7500 82.3129 0.5625 0.1895 0.2480 0.00000 6.706 1500.0 12.0 0.0000 1.2581 142.93 0.1446
-75.9375 82.3129 0.4099 0.2725 0.3176 0.00000 7.774 1500.0 12.0 0.0000 0.7276 92.87 0.1225
-73.1250 82.3129 0.3558 0.2973 0.3469 0.00000 8.254 1500.0 12.0 0.0000 0.5517 73.34 0.0902
-70.3125 82.3129 0.4622 0.2253 0.3125 0.00000 7.142 1500.0 12.0 0.0000 0.5439 67.52 0.0747
-67.5000 82.3129 0.4982 0.2024 0.2994 0.00000 6.785 1500.0 12.0 0.0000 0.3399 41.15 0.0628
-64.6875 82.3129 0.4982 0.2024 0.2994 0.00000 6.786 1500.0 12.0 0.0000 0.3358 40.66 0.0628
-61.8750 82.3129 0.4982 0.2024 0.2994 0.00000 6.788 1500.0 12.0 0.0000 0.3362 40.70 0.0628
-59.0625 82.3129 0.4982 0.2024 0.2994 0.00000 6.788 1500.0 12.0 0.0000 0.3393 41.08 0.0628
-56.2500 82.3129 0.4982 0.2024 0.2994 0.00000 6.790 1500.0 12.0 0.0000 0.3486 42.21 0.0628
-53.4375 82.3129 0.4982 0.2024 0.2994 0.00000 6.792 1500.0 12.0 0.0000 0.3632 43.97 0.0628
-50.6250 82.3129 0.4659 0.2218 0.3123 0.00000 7.156 1500.0 12.0 0.0000 0.3732 46.24 0.0628
-47.8125 82.3129 0.4203 0.2582 0.3214 0.00000 7.596 1500.0 12.0 0.0000 0.3728 47.45 0.0628
-45.0000 82.3129 0.4537 0.2320 0.3143 0.00000 7.380 1500.0 12.0 0.0000 0.4310 53.78 0.0628
56.2500 79.5256 0.4226 0.2387 0.3387 0.00000 6.995 1500.0 12.0 0.0000 0.9470 121.54 0.0628
59.0625 79.5256 0.3920 0.2599 0.3481 0.00000 7.583 1500.0 12.0 0.0000 0.7762 101.57 0.0628
61.8750 79.5256 0.4383 0.2321 0.3296 0.00000 7.030 1500.0 12.0 0.0000 0.7452 94.47 0.0628
64.6875 79.5256 0.4026 0.2502 0.3472 0.00000 7.236 1500.0 12.0 0.0000 0.7617 99.13 0.0628
67.5000 79.5256 0.2978 0.2963 0.4060 0.00000 7.370 1500.0 12.0 0.0000 0.8400 118.06 0.0628
70.3125 79.5256 0.2882 0.2978 0.4140 0.00000 7.199 1500.0 12.0 0.0000 0.8777 124.35 0.0628
73.1250 79.5256 0.2847 0.3029 0.4124 0.00000 7.386 1500.0 12.0 0.0000 0.8057 114.25 0.0628
75.9375 79.5256 0.2813 0.3098 0.4089 0.00000 7.627 1500.0 12.0 0.0000 0.7326 103.84 0.0628
78.7500 79.5256 0.2910 0.2936 0.4154 0.00000 7.052 1500.0 12.0 0.0000 0.8901 126.06 0.0628
81.5625 79.5256 0.3052 0.2879 0.4069 0.00000 7.099 1500.0 12.0 0.0000 0.8565 120.05 0.0628
84.3750 79.5256 0.3056 0.2956 0.3988 0.00000 7.502 1500.0 12.0 0.0000 0.7283 101.65 0.0628
87.1875 79.5256 0.3671 0.2675 0.3654 0.00000 7.307 1500.0 12.0 0.0000 0.6739 90.00 0.0628
90.0000 79.5256 0.4467 0.2272 0.3261 0.00000 6.975 1500.0 12.0 0.0000 0.6306 79.47 0.0628
92.8125 79.5256 0.4278 0.2312 0.3411 0.00000 6.760 1500.0 12.0 0.0000 0.8736 112.00 0.0628
95.6250 79.5256 0.4053 0.2486 0.3461 0.00000 7.242 1500.0 12.0 0.0000 0.8467 110.00 0.0628
98.4375 79.5256 0.4532 0.2242 0.3225 0.00000 6.982 1500.0 12.0 0.0000 0.8589 107.69 0.0628
101.2500 79.5256 0.4393 0.2375 0.3232 0.00000 7.397 1500.0 12.0 0.0000 0.8597 108.55 0.0628
104.0625 79.5256 0.4836 0.2112 0.3053 0.00000 6.959 1500.0 12.0 0.0000 0.9574 117.14 0.0628
106.8750 79.5256 0.4054 0.2598 0.3348 0.00000 7.822 1500.0 12.0 0.0000 1.0107 130.49 0.0628
109.6875 79.5256 0.3502 0.2940 0.3559 0.00000 8.433 1500.0 12.0 0.0000 1.0981 147.03 0.0628
112.5000 79.5256 0.4250 0.2473 0.3277 0.00000 7.608 1500.0 12.0 0.0000 1.2997 165.63 0.0628
115.3125 79.5256 0.4664 0.2215 0.3121 0.00000 7.152 1500.0 12.0 0.0000 1.4838 183.80 0.0628
118.1250 79.5256 0.4636 0.2231 0.3132 0.00000 7.183 1500.0 12.0 0.0000 1.5588 193.46 0.0628
120.9375 79.5256 0.4308 0.2429 0.3263 0.00000 7.549 1500.0 12.0 0.0000 1.4835 188.39 0.0628
123.7500 79.5256 0.4099 0.2561 0.3340 0.00000 7.778 1500.0 12.0 0.0000 1.1704 150.73 0.0628
126.5625 79.5256 0.4664 0.2246 0.3090 0.00000 7.127 1500.0 12.0 0.0000 1.0618 131.29 0.0628
129.3750 79.5256 0.4077 0.2583 0.3341 0.00000 7.798 1500.0 12.0 0.0000 0.8562 110.38 0.0628
132.1875 79.5256 0.4332 0.2460 0.3207 0.00000 7.485 1500.0 12.0 0.0000 0.6506 82.28 0.0628
135.0000 79.5256 0.4672 0.2221 0.3106 0.00000 7.133 1500.0 12.0 0.0000 0.5066 62.68 0.0628
137.8125 79.5256 0.4575 0.2271 0.3154 0.00000 7.250 1500.0 12.0 0.0000 0.3852 48.01 0.0628
140.6250 79.5256 0.4951 0.2040 0.3009 0.00000 6.828 1500.0 12.0 0.0000 0.3153 38.27 0.0628
143.4375 79.5256 0.5676 0.1684 0.2640 0.00000 6.690 1500.0 12.0 0.0000 0.4156 47.55 0.0639
146.2500 79.5256 0.5525 0.1777 0.2698 0.00000 6.843 1500.0 12.0 0.0000 0.5643 65.31 0.0642
149.0625 79.5256 0.3788 0.2619 0.3593 0.00000 7.239 1500.0 12.0 0.0000 0.3589 47.53 0.0628
151.8750 79.5256 0.2747 0.3233 0.4021 0.00000 7.412 1500.0 12.0 0.0000 0.5778 81.86 0.1235
154.6875 79.5256 0.2805 0.3131 0.4064 0.00000 6.802 1500.0 12.0 0.0000 0.6080 86.10 0.1517
157.5000 79.5256 0.2799 0.3182 0.4020 0.00000 6.647 1500.0 12.0 0.0000 0.4911 69.41 0.1745
160.3125 79.5256 0.2673 0.3346 0.3982 0.00000 6.916 1500.0 12.0 0.0000 0.4365 61.92 0.1918
163.1250 79.5256 0.2752 0.3249 0.3999 0.00000 6.692 1500.0 12.0 0.0000 0.4146 58.66 0.2036
165.9375 79.5256 0.2939 0.3159 0.3902 0.00000 6.505 1500.0 12.0 0.0000 0.4957 69.24 0.2159
168.7500 79.5256 0.3680 0.3010 0.3310 0.00000 7.299 1500.0 12.0 0.0000 0.4867 63.81 0.2247
171.5625 79.5256 0.4443 0.2673 0.2885 0.00000 7.010 1500.0 12.0 0.0000 0.7901 97.61 0.2351
174.3750 79.5256 0.4159 0.2833 0.3007 0.00000 7.174 1500.0 12.0 0.0000 0.8245 103.97 0.2367
177.1875 79.5256 0.4132 0.2748 0.3120 0.00000 6.973 1500.0 12.0 0.0000 1.2225 155.31 0.2381
180.0000 79.5256 0.4542 0.2497 0.2961 0.00000 6.527 1500.0 12.0 0.0000 0.9926 122.56 0.2391
-177.1875 79.5256 0.5118 0.2279 0.2603 0.00000 6.519 1500.0 12.0 0.0000 1.1863 139.40 0.2417
-143.4375 79.5256 0.4236 0.2725 0.3040 0.00000 7.152 1500.0 12.0 0.0000 0.6889 86.71 0.1724
-140.6250 79.5256 0.4354 0.2559 0.3087 0.00000 6.398 1500.0 12.0 0.0000 0.6454 80.99 0.2044
-137.8125 79.5256 0.3811 0.2822 0.3367 0.00000 7.211 1500.0 12.0 0.0000 0.4949 64.68 0.1947
-135.0000 79.5256 0.3207 0.3336 0.3457 0.00000 7.639 1500.0 12.0 0.0000 0.4957 66.91 0.2140
-132.1875 79.5256 0.3319 0.3528 0.3154 0.00000 6.436 1500.0 12.0 0.0000 0.5397 71.33 0.2040
-115.3125 79.5256 0.4703 0.2349 0.2948 0.00000 6.097 1500.0 12.0 0.0000 1.9679 240.91 0.2185
-112.5000 79.5256 0.2906 0.3157 0.3937 0.00000 6.274 1500.0 12.0 0.0000 1.8356 257.22 0.2144
-109.6875 79.5256 0.2841 0.3223 0.3935 0.00000 6.583 1500.0 12.0 0.0000 1.8327 257.50 0.2097
-106.8750 79.5256 0.2927 0.3285 0.3787 0.00000 7.250 1500.0 12.0 0.0000 1.6608 230.77 0.2097
-104.0625 79.5256 0.2737 0.3489 0.3774 0.00000 7.749 1500.0 12.0 0.0000 1.6851 235.90 0.2079
-101.2500 79.5256 0.2378 0.3772 0.3850 0.00000 8.326 1500.0 12.0 0.0000 1.7146 244.65 0.2052
-98.4375 79.5256 0.2317 0.3873 0.3809 0.00000 8.586 1500.0 12.0 0.0000 1.6541 236.14 0.2001
-95.6250 79.5256 0.2452 0.3719 0.3829 0.00000 8.310 1500.0 12.0 0.0000 1.5982 227.09 0.1918
-92.8125 79.5256 0.3981 0.2819 0.3200 0.00000 7.538 1500.0 12.0 0.0000 1.7726 227.80 0.1843
-90.0000 79.5256 0.4970 0.2248 0.2783 0.00000 6.865 1500.0 12.0 0.0000 1.8978 227.09 0.1723
-87.1875 79.5256 0.5822 0.1741 0.2438 0.00000 6.281 1500.0 12.0 0.0000 2.0191 226.40 0.1562
-84.3750 79.5256 0.5700 0.1818 0.2481 0.00000 6.547 1500.0 12.0 0.0000 1.8557 210.01 0.1381
-81.5625 79.5256 0.4688 0.2394 0.2917 0.00000 7.416 1500.0 12.0 0.0000 1.3753 168.19 0.1184
-78.7500 79.5256 0.3599 0.2969 0.3433 0.00000 8.183 1500.0 12.0 0.0000 0.9044 119.78 0.0932
-75.9375 79.5256 0.4048 0.2640 0.3312 0.00000 7.778 1500.0 12.0 0.0000 0.5298 68.29 0.0670
-73.1250 79.5256 0.4046 0.2587 0.3367 0.00000 7.839 1500.0 12.0 0.0000 0.4327 55.94 0.0628
-70.3125 79.5256 0.4649 0.2224 0.3127 0.00000 7.160 1500.0 12.0 0.0000 0.4308 53.41 0.0628
-67.5000 79.5256 0.4979 0.2027 0.2994 0.00000 6.785 1500.0 12.0 0.0000 0.4845 58.66 0.0644
-53.4375 79.5256 0.4911 0.2066 0.3023 0.00000 6.871 1500.0 12.0 0.0000 0.6496 79.05 0.0628
-50.6250 79.5256 0.4472 0.2331 0.3197 0.00000 7.364 1500.0 12.0 0.0000 0.7375 92.59 0.0628
-47.8125 79.5256 0.4165 0.2607 0.3228 0.00000 7.638 1500.0 12.0 0.0000 0.8504 108.52 0.0628
-45.0000 79.5256 0.4322 0.2511 0.3167 0.00000 7.465 1500.0 12.0 0.0000 1.0745 135.65 0.0628
64.6875 76.7369 0.3202 0.2753 0.4045 0.00000 6.700 1500.0 12.0 0.0000 1.1994 166.84 0.0628
67.5000 76.7369 0.3445 0.2794 0.3762 0.00000 7.375 1500.0 12.0 0.0000 0.9025 122.44 0.0628
70.3125 76.7369 0.3536 0.2786 0.3678 0.00000 7.460 1500.0 12.0 0.0000 0.9189 123.62 0.0628
73.1250 76.7369 0.3307 0.2897 0.3796 0.00000 7.622 1500.0 12.0 0.0000 1.0613 145.12 0.0628
75.9375 76.7369 0.3842 0.2638 0.3520 0.00000 7.771 1500.0 12.0 0.0000 1.4361 188.97 0.0628
78.7500 76.7369 0.4075 0.2685 0.3240 0.00000 8.088 1500.0 12.0 0.0000 1.5928 204.25 0.0628
81.5625 76.7369 0.3983 0.2762 0.3255 0.00000 7.725 1500.0 12.0 0.0000 1.9960 257.26 0.0628
84.3750 76.7369 0.3950 0.2784 0.3266 0.00000 7.764 1500.0 12.0 0.0000 1.3817 178.46 0.0628
87.1875 76.7369 0.4187 0.2579 0.3234 0.00000 7.631 1500.0 12.0 0.0000 1.0972 139.91 0.0628
90.0000 76.7369 0.4357 0.2406 0.3236 0.00000 7.494 1500.0 12.0 0.0000 1.0424 131.88 0.0628
92.8125 76.7369 0.4070 0.2573 0.3357 0.00000 7.821 1500.0 12.0 0.0000 1.0740 138.63 0.0628
95.6250 76.7369 0.3535 0.2995 0.3470 0.00000 8.341 1500.0 12.0 0.0000 1.1990 159.57 0.0628
98.4375 76.7369 0.3763 0.2951 0.3286 0.00000 8.011 1500.0 12.0 0.0000 1.6523 215.51 0.0628
101.2500 76.7369 0.4441 0.2463 0.3097 0.00000 7.316 1500.0 12.0 0.0000 2.9907 373.94 0.0628
104.0625 76.7369 0.4953 0.2041 0.3006 0.00000 6.832 1500.0 12.0 0.0000 3.2024 388.53 0.0628
106.8750 76.7369 0.4871 0.2090 0.3038 0.00000 6.923 1500.0 12.0 0.0000 2.3248 283.72 0.0628
109.6875 76.7369 0.3784 0.2745 0.3471 0.00000 8.140 1500.0 12.0 0.0000 1.7261 227.15 0.0628
112.5000 76.7369 0.3738 0.2773 0.3489 0.00000 8.190 1500.0 12.0 0.0000 1.6690 220.31 0.0628
115.3125 76.7369 0.3392 0.2982 0.3626 0.00000 8.576 1500.0 12.0 0.0000 2.0610 278.29 0.0628
118.1250 76.7369 0.4051 0.2584 0.3365 0.00000 7.836 1500.0 12.0 0.0000 2.0187 260.90 0.0628
120.9375 76.7369 0.3904 0.2683 0.3413 0.00000 7.991 1500.0 12.0 0.0000 1.4311 186.71 0.0628
123.7500 76.7369 0.4289 0.2451 0.3261 0.00000 7.559 1500.0 12.0 0.0000 1.0313 131.06 0.0628
126.5625 76.7369 0.4025 0.2634 0.3341 0.00000 7.833 1500.0 12.0 0.0000 0.6356 82.14 0.0628
129.3750 76.7369 0.4023 0.2618 0.3359 0.00000 7.848 1500.0 12.0 0.0000 0.4705 60.87 0.0628
132.1875 76.7369 0.4393 0.2380 0.3227 0.00000 7.441 1500.0 12.0 0.0000 0.4414 55.71 0.0644
135.0000 76.7369 0.3824 0.2761 0.3416 0.00000 8.045 1500.0 12.0 0.0000 0.4106 53.78 0.0658
137.8125 76.7369 0.3834 0.2718 0.3448 0.00000 8.063 1500.0 12.0 0.0000 0.4068 53.34 0.0656
140.6250 76.7369 0.4138 0.2544 0.3318 0.00000 7.738 1500.0 12.0 0.0000 0.4108 52.75 0.0628
143.4375 76.7369 0.4510 0.2424 0.3066 0.00000 7.157 1500.0 12.0 0.0000 0.9870 122.78 0.1203
146.2500 76.7369 0.3927 0.2714 0.3360 0.00000 6.985 1500.0 12.0 0.0000 1.1233 145.98 0.1557
149.0625 76.7369 0.3813 0.2705 0.3482 0.00000 6.460 1500.0 12.0 0.0000 0.9281 122.04 0.1920
151.8750 76.7369 0.3157 0.3005 0.3838 0.00000 5.979 1500.0 12.0 0.0000 1.0596 146.15 0.2235
154.6875 76.7369 0.2714 0.3318 0.3968 0.00000 6.355 1500.0 12.0 0.0000 0.7652 108.27 0.2456
157.5000 76.7369 0.2599 0.3488 0.3913 0.00000 6.894 1500.0 12.0 0.0000 0.5951 84.38 0.2682
160.3125 76.7369 0.2636 0.3448 0.3916 0.00000 6.548 1500.0 12.0 0.0000 0.6402 90.65 0.2876
163.1250 76.7369 0.2472 0.3739 0.3789 0.00000 7.184 1500.0 12.0 0.0000 0.5377 76.18 0.3059
165.9375 76.7369 0.2433 0.3813 0.3755 0.00000 7.426 1500.0 12.0 0.0000 0.7114 100.79 0.3210
168.7500 76.7369 0.3340 0.3247 0.3413 0.00000 6.371 1500.0 12.0 0.0000 0.9477 126.85 0.3272
171.5625 76.7369 0.4624 0.2741 0.2635 0.00000 6.547 1500.0 12.0 0.0000 0.9130 110.20 0.3262
174.3750 76.7369 0.4966 0.2469 0.2566 0.00000 6.203 1500.0 12.0 0.0000 0.8807 104.06 0.3206
-123.7500 76.7369 0.6215 0.1610 0.2175 0.00000 6.377 1500.0 12.0 0.0000 3.7258 402.15 0.1605
-120.9375 76.7369 0.6296 0.1548 0.2157 0.00000 6.373 1500.0 12.0 0.0000 2.7514 295.29 0.1565
-118.1250 76.7369 0.4587 0.2424 0.2989 0.00000 6.933 1500.0 12.0 0.0000 1.5471 190.92 0.1782
-115.3125 76.7369 0.4188 0.2587 0.3225 0.00000 6.545 1500.0 12.0 0.0000 2.0078 255.89 0.2024
-112.5000 76.7369 0.2997 0.3140 0.3863 0.00000 6.666 1500.0 12.0 0.0000 1.9529 271.57 0.2141
-109.6875 76.7369 0.2920 0.3215 0.3865 0.00000 6.828 1500.0 12.0 0.0000 2.3825 332.43 0.2172
-106.8750 76.7369 0.2748 0.3441 0.3811 0.00000 7.509 1500.0 12.0 0.0000 3.3770 473.41 0.2195
-104.0625 76.7369 0.2403 0.3737 0.3860 0.00000 8.426 1500.0 12.0 0.0000 3.0821 439.49 0.2156
-101.2500 76.7369 0.2625 0.3429 0.3947 0.00000 7.433 1500.0 12.0 0.0000 1.8385 260.85 0.2074
-98.4375 76.7369 0.2716 0.3282 0.4001 0.00000 6.742 1500.0 12.0 0.0000 2.1733 307.97 0.2010
-95.6250 76.7369 0.3082 0.3016 0.3902 0.00000 6.306 1500.0 12.0 0.0000 1.9900 276.25 0.1935
-92.8125 76.7369 0.3892 0.2662 0.3446 0.00000 6.401 1500.0 12.0 0.0000 2.2086 288.81 0.1867
-90.0000 76.7369 0.5379 0.2048 0.2573 0.00000 6.625 1500.0 12.0 0.0000 2.3022 266.46 0.1795
-87.1875 76.7369 0.4208 0.2767 0.3025 0.00000 7.440 1500.0 12.0 0.0000 1.5657 197.17 0.1690
-84.3750 76.7369 0.4512 0.2534 0.2953 0.00000 7.082 1500.0 12.0 0.0000 1.2266 151.60 0.1496
-81.5625 76.7369 0.3990 0.2792 0.3218 0.00000 7.583 1500.0 12.0 0.0000 1.1309 145.42 0.1202
-78.7500 76.7369 0.3491 0.3103 0.3406 0.00000 8.192 1500.0 12.0 0.0000 1.2841 170.65 0.1032
-75.9375 76.7369 0.4706 0.2235 0.3059 0.00000 6.962 1500.0 12.0 0.0000 1.5158 186.70 0.0965
-73.1250 76.7369 0.4943 0.2074 0.2983 0.00000 6.738 1500.0 12.0 0.0000 1.6652 201.85 0.0896
-70.3125 76.7369 0.4819 0.2124 0.3057 0.00000 6.966 1500.0 12.0 0.0000 1.1187 137.02 0.0645
59.0625 73.9475 0.3743 0.2489 0.3768 0.00000 6.650 1500.0 12.0 0.0000 1.1193 149.89 0.0628
61.8750 73.9475 0.4245 0.2284 0.3471 0.00000 6.737 1500.0 12.0 0.0000 0.7904 101.82 0.0628
64.6875 73.9475 0.3571 0.2752 0.3677 0.00000 7.449 1500.0 12.0 0.0000 0.7023 94.33 0.0628
67.5000 73.9475 0.3605 0.2772 0.3623 0.00000 7.619 1500.0 12.0 0.0000 0.7203 96.32 0.0628
70.3125 73.9475 0.4394 0.2281 0.3325 0.00000 7.002 1500.0 12.0 0.0000 0.8748 111.02 0.0628
73.1250 73.9475 0.5959 0.1525 0.2515 0.00000 6.653 1500.0 12.0 0.0000 1.8931 211.75 0.0628
75.9375 73.9475 0.4609 0.2457 0.2934 0.00000 8.030 1500.0 12.0 0.0000 1.6303 200.33 0.0628
78.7500 73.9475 0.4388 0.2643 0.2969 0.00000 8.139 1500.0 12.0 0.0000 1.1860 147.60 0.0628
81.5625 73.9475 0.3271 0.3247 0.3482 0.00000 8.933 1500.0 12.0 0.0000 0.9615 129.56 0.0628
84.3750 73.9475 0.3492 0.2998 0.3510 0.00000 8.557 1500.0 12.0 0.0000 0.9882 132.04 0.0628
87.1875 73.9475 0.4350 0.2436 0.3215 0.00000 7.482 1500.0 12.0 0.0000 0.8960 113.26 0.0628
90.0000 73.9475 0.3731 0.2787 0.3481 0.00000 8.190 1500.0 12.0 0.0000 1.1963 157.88 0.0628
92.8125 73.9475 0.4045 0.2644 0.3311 0.00000 7.803 1500.0 12.0 0.0000 1.2490 161.01 0.0628
95.6250 73.9475 0.3745 0.2769 0.3486 0.00000 8.184 1500.0 12.0 0.0000 1.4816 195.47 0.0628
98.4375 73.9475 0.3546 0.3017 0.3437 0.00000 8.306 1500.0 12.0 0.0000 1.9972 265.21 0.0628
101.2500 73.9475 0.3239 0.3325 0.3436 0.00000 8.551 1500.0 12.0 0.0000 1.2751 171.65 0.0628
104.0625 73.9475 0.3283 0.3319 0.3398 0.00000 8.486 1500.0 12.0 0.0000 0.9182 123.11 0.0628
106.8750 73.9475 0.3324 0.3266 0.3410 0.00000 8.462 1500.0 12.0 0.0000 0.7241 96.98 0.0628
109.6875 73.9475 0.4702 0.2215 0.3083 0.00000 7.094 1500.0 12.0 0.0000 0.7015 86.54 0.0628
112.5000 73.9475 0.3951 0.2686 0.3363 0.00000 7.918 1500.0 12.0 0.0000 0.5911 76.75 0.0628
115.3125 73.9475 0.4077 0.2569 0.3354 0.00000 7.805 1500.0 12.0 0.0000 0.5674 73.20 0.0628
118.1250 73.9475 0.3637 0.2834 0.3529 0.00000 8.295 1500.0 12.0 0.0000 0.5786 76.89 0.0628
120.9375 73.9475 0.4217 0.2484 0.3299 0.00000 7.645 1500.0 12.0 0.0000 0.7317 93.50 0.0628
123.7500 73.9475 0.4099 0.2555 0.3345 0.00000 7.774 1500.0 12.0 0.0000 0.9955 128.25 0.0628
126.5625 73.9475 0.4041 0.2606 0.3353 0.00000 7.827 1500.0 12.0 0.0000 0.6322 81.69 0.0628
129.3750 73.9475 0.3648 0.2866 0.3486 0.00000 8.246 1500.0 12.0 0.0000 0.5027 66.62 0.0645
132.1875 73.9475 0.3746 0.2775 0.3479 0.00000 8.158 1500.0 12.0 0.0000 0.4503 59.38 0.0656
135.0000 73.9475 0.4131 0.2548 0.3321 0.00000 7.725 1500.0 12.0 0.0000 0.4001 51.39 0.0648
137.8125 73.9475 0.4379 0.2408 0.3214 0.00000 7.439 1500.0 12.0 0.0000 0.4097 51.72 0.0654
140.6250 73.9475 0.4988 0.2018 0.2994 0.00000 6.800 1500.0 12.0 0.0000 0.4150 50.23 0.0628
143.4375 73.9475 0.4650 0.2304 0.3046 0.00000 6.772 1500.0 12.0 0.0000 0.7625 94.11 0.1419
146.2500 73.9475 0.3664 0.3102 0.3234 0.00000 7.577 1500.0 12.0 0.0000 0.7015 91.66 0.1944
149.0625 73.9475 0.3983 0.2725 0.3292 0.00000 6.398 1500.0 12.0 0.0000 0.9539 123.19 0.2211
151.8750 73.9475 0.2927 0.3284 0.3789 0.00000 6.578 1500.0 12.0 0.0000 0.9577 133.08 0.2485
154.6875 73.9475 0.2594 0.3487 0.3919 0.00000 6.513 1500.0 12.0 0.0000 1.2656 179.54 0.2756
157.5000 73.9475 0.2644 0.3433 0.3923 0.00000 6.170 1500.0 12.0 0.0000 1.1858 167.90 0.2983
160.3125 73.9475 0.2815 0.3372 0.3813 0.00000 6.073 1500.0 12.0 0.0000 0.9495 132.74 0.3209
163.1250 73.9475 0.2983 0.3498 0.3519 0.00000 6.625 1500.0 12.0 0.0000 0.6785 92.78 0.3404
165.9375 73.9475 0.4305 0.2841 0.2854 0.00000 6.315 1500.0 12.0 0.0000 0.8399 104.27 0.3530
168.7500 73.9475 0.5362 0.2332 0.2306 0.00000 5.824 1500.0 12.0 0.0000 1.3246 150.96 0.3548
-112.5000 73.9475 0.4312 0.2565 0.3123 0.00000 7.117 1500.0 12.0 0.0000 1.2181 153.46 0.1922
-109.6875 73.9475 0.5528 0.1937 0.2534 0.00000 6.277 1500.0 12.0 0.0000 1.8813 215.54 0.1995
-106.8750 73.9475 0.5114 0.2186 0.2700 0.00000 6.566 1500.0 12.0 0.0000 1.7724 209.52 0.2096
-104.0625 73.9475 0.4878 0.2274 0.2848 0.00000 6.295 1500.0 12.0 0.0000 2.1183 255.61 0.2174
-101.2500 73.9475 0.3868 0.2810 0.3322 0.00000 6.714 1500.0 12.0 0.0000 2.2676 294.88 0.2184
-98.4375 73.9475 0.2951 0.3309 0.3740 0.00000 7.387 1500.0 12.0 0.0000 1.6669 230.82 0.2160
-95.6250 73.9475 0.2835 0.3204 0.3961 0.00000 6.329 1500.0 12.0 0.0000 2.0218 284.49 0.2161
-92.8125 73.9475 0.2804 0.3260 0.3936 0.00000 6.665 1500.0 12.0 0.0000 1.5513 218.31 0.2153
-90.0000 73.9475 0.3172 0.3230 0.3598 0.00000 7.248 1500.0 12.0 0.0000 1.3035 177.48 0.2129
-87.1875 73.9475 0.4818 0.2483 0.2699 0.00000 7.222 1500.0 12.0 0.0000 1.6264 195.14 0.2052
-84.3750 73.9475 0.5115 0.2218 0.2668 0.00000 6.709 1500.0 12.0 0.0000 1.4383 169.69 0.1920
-81.5625 73.9475 0.5170 0.2054 0.2775 0.00000 6.392 1500.0 12.0 0.0000 1.3212 156.44 0.1730
-78.7500 73.9475 0.4856 0.2181 0.2963 0.00000 6.585 1500.0 12.0 0.0000 1.4598 177.52 0.1453
-75.9375 73.9475 0.4905 0.2123 0.2972 0.00000 6.676 1500.0 12.0 0.0000 1.6622 201.73 0.1163
-73.1250 73.9475 0.4856 0.2152 0.2992 0.00000 6.745 1500.0 12.0 0.0000 1.9845 241.73 0.1150
-70.3125 73.9475 0.4509 0.2362 0.3129 0.00000 7.157 1500.0 12.0 0.0000 2.3762 296.66 0.1092
-67.5000 73.9475 0.5343 0.1927 0.2731 0.00000 6.734 1500.0 12.0 0.0000 3.2447 379.83 0.0968
56.2500 71.1578 0.3982 0.2534 0.3484 0.00000 6.492 1500.0 12.0 0.0000 1.8700 244.02 0.1396
59.0625 71.1578 0.3588 0.2662 0.3749 0.00000 6.512 1500.0 12.0 0.0000 1.6111 217.04 0.1150
61.8750 71.1578 0.3428 0.2828 0.3744 0.00000 7.210 1500.0 12.0 0.0000 1.2787 173.43 0.1088
64.6875 71.1578 0.3354 0.2957 0.3689 0.00000 7.449 1500.0 12.0 0.0000 1.3449 182.51 0.1218
67.5000 71.1578 0.4047 0.2712 0.3241 0.00000 7.523 1500.0 12.0 0.0000 1.3961 179.26 0.1307
70.3125 71.1578 0.5759 0.1846 0.2394 0.00000 6.867 1500.0 12.0 0.0000 2.1282 238.79 0.1284
73.1250 71.1578 0.5567 0.1986 0.2448 0.00000 7.008 1500.0 12.0 0.0000 1.7999 204.72 0.1270
75.9375 71.1578 0.6174 0.1557 0.2269 0.00000 6.687 1500.0 12.0 0.0000 2.3910 260.23 0.1035
78.7500 71.1578 0.4930 0.2088 0.2982 0.00000 7.141 1500.0 12.0 0.0000 0.9054 109.82 0.0628
81.5625 71.1578 0.3284 0.3176 0.3539 0.00000 8.599 1500.0 12.0 0.0000 0.7898 106.68 0.0628
84.3750 71.1578 0.4299 0.2435 0.3266 0.00000 7.564 1500.0 12.0 0.0000 1.2038 152.96 0.0628
87.1875 71.1578 0.4982 0.2024 0.2994 0.00000 6.800 1500.0 12.0 0.0000 1.5283 185.03 0.0628
90.0000 71.1578 0.4691 0.2200 0.3109 0.00000 7.124 1500.0 12.0 0.0000 1.4175 175.22 0.0628
92.8125 71.1578 0.4456 0.2340 0.3204 0.00000 7.389 1500.0 12.0 0.0000 1.2731 160.01 0.0628
95.6250 71.1578 0.4101 0.2554 0.3345 0.00000 7.786 1500.0 12.0 0.0000 1.3049 168.08 0.0628
98.4375 71.1578 0.3687 0.2804 0.3509 0.00000 8.246 1500.0 12.0 0.0000 1.4509 192.16 0.0628
101.2500 71.1578 0.4335 0.2413 0.3252 0.00000 7.517 1500.0 12.0 0.0000 1.1564 146.58 0.0628
104.0625 71.1578 0.3508 0.2986 0.3506 0.00000 8.381 1500.0 12.0 0.0000 0.7675 102.46 0.0628
106.8750 71.1578 0.4146 0.2686 0.3168 0.00000 7.600 1500.0 12.0 0.0000 0.6089 77.51 0.0628
109.6875 71.1578 0.4281 0.2467 0.3252 0.00000 7.559 1500.0 12.0 0.0000 0.5413 68.79 0.0628
112.5000 71.1578 0.2861 0.3456 0.3684 0.00000 9.043 1500.0 12.0 0.0000 0.4271 59.21 0.0628
115.3125 71.1578 0.3087 0.3325 0.3588 0.00000 8.784 1500.0 12.0 0.0000 0.4186 57.17 0.0628
118.1250 71.1578 0.4194 0.2479 0.3326 0.00000 7.565 1500.0 12.0 0.0000 0.4950 63.42 0.0628
120.9375 71.1578 0.3711 0.2832 0.3457 0.00000 8.177 1500.0 12.0 0.0000 0.5240 69.13 0.0628
123.7500 71.1578 0.3842 0.2715 0.3443 0.00000 8.061 1500.0 12.0 0.0000 0.5206 68.22 0.0628
126.5625 71.1578 0.3787 0.2776 0.3438 0.00000 8.103 1500.0 12.0 0.0000 0.6912 90.78 0.0628
129.3750 71.1578 0.4842 0.2108 0.3050 0.00000 6.948 1500.0 12.0 0.0000 0.9871 120.72 0.0628
132.1875 71.1578 0.3939 0.2652 0.3409 0.00000 7.961 1500.0 12.0 0.0000 0.6774 88.22 0.0628
135.0000 71.1578 0.3937 0.2659 0.3404 0.00000 7.959 1500.0 12.0 0.0000 0.4814 62.69 0.0628
137.8125 71.1578 0.4489 0.2341 0.3170 0.00000 7.330 1500.0 12.0 0.0000 0.4120 51.60 0.0628
140.6250 71.1578 0.4311 0.2465 0.3224 0.00000 7.475 1500.0 12.0 0.0000 0.5763 73.02 0.0759
143.4375 71.1578 0.3974 0.2752 0.3274 0.00000 7.444 1500.0 12.0 0.0000 0.7002 90.38 0.1566
146.2500 71.1578 0.4634 0.2399 0.2967 0.00000 6.543 1500.0 12.0 0.0000 0.9247 113.70 0.1984
149.0625 71.1578 0.2768 0.3394 0.3838 0.00000 6.746 1500.0 12.0 0.0000 0.8982 125.98 0.2327
151.8750 71.1578 0.2552 0.3541 0.3906 0.00000 6.757 1500.0 12.0 0.0000 0.9884 140.38 0.2592
154.6875 71.1578 0.2659 0.3396 0.3945 0.00000 6.100 1500.0 12.0 0.0000 1.4567 206.36 0.2825
157.5000 71.1578 0.2561 0.3621 0.3818 0.00000 6.743 1500.0 12.0 0.0000 1.1174 157.96 0.3079
160.3125 71.1578 0.3346 0.3387 0.3266 0.00000 7.105 1500.0 12.0 0.0000 0.9159 121.63 0.3280
163.1250 71.1578 0.4410 0.2837 0.2753 0.00000 6.664 1500.0 12.0 0.0000 0.9944 122.12 0.3436
165.9375 71.1578 0.4755 0.2631 0.2614 0.00000 6.359 1500.0 12.0 0.0000 0.8265 98.98 0.3519
-104.0625 71.1578 0.3785 0.2747 0.3469 0.00000 6.540 1500.0 12.0 0.0000 0.8944 117.67 0.2132
-101.2500 71.1578 0.4128 0.2641 0.3232 0.00000 6.346 1500.0 12.0 0.0000 1.3199 168.76 0.2223
-98.4375 71.1578 0.3385 0.3012 0.3603 0.00000 6.604 1500.0 12.0 0.0000 0.9799 132.20 0.2289
-95.6250 71.1578 0.3176 0.3165 0.3658 0.00000 6.894 1500.0 12.0 0.0000 0.7027 95.95 0.2358
-92.8125 71.1578 0.3718 0.2903 0.3379 0.00000 6.554 1500.0 12.0 0.0000 0.9139 120.05 0.2385
-90.0000 71.1578 0.5483 0.2090 0.2426 0.00000 6.445 1500.0 12.0 0.0000 1.3072 149.13 0.2374
-87.1875 71.1578 0.6503 0.1529 0.1968 0.00000 5.903 1500.0 12.0 0.0000 2.2813 238.98 0.2277
-84.3750 71.1578 0.5196 0.2287 0.2517 0.00000 6.821 1500.0 12.0 0.0000 1.2627 147.04 0.2169
-81.5625 71.1578 0.4107 0.2788 0.3106 0.00000 7.205 1500.0 12.0 0.0000 0.8827 112.20 0.2004
-78.7500 71.1578 0.4820 0.2235 0.2946 0.00000 6.475 1500.0 12.0 0.0000 1.2331 150.06 0.1783
-75.9375 71.1578 0.4851 0.2193 0.2955 0.00000 6.564 1500.0 12.0 0.0000 1.9636 238.73 0.1550
-73.1250 71.1578 0.4891 0.2142 0.2967 0.00000 6.656 1500.0 12.0 0.0000 2.9162 354.10 0.1266
-70.3125 71.1578 0.5284 0.1895 0.2821 0.00000 6.700 1500.0 12.0 0.0000 1.9492 230.09 0.0800
-67.5000 71.1578 0.6816 0.1178 0.2006 0.00000 6.334 1500.0 12.0 0.0000 3.6784 379.40 0.1034
-64.6875 71.1578 0.6883 0.1133 0.1983 0.00000 6.340 1500.0 12.0 0.0000 3.2677 335.21 0.0962
-61.8750 71.1578 0.6688 0.1235 0.2077 0.00000 6.357 1500.0 12.0 0.0000 3.2156 335.73 0.1027
-59.0625 71.1578 0.4511 0.2276 0.3213 0.00000 6.929 1500.0 12.0 0.0000 1.1278 141.45 0.0943
-56.2500 71.1578 0.3923 0.2687 0.3390 0.00000 7.440 1500.0 12.0 0.0000 0.8544 111.24 0.0794
59.0625 68.3678 0.3995 0.2584 0.3421 0.00000 6.590 1500.0 12.0 0.0000 1.4046 182.56 0.1579
61.8750 68.3678 0.3489 0.2930 0.3582 0.00000 7.288 1500.0 12.0 0.0000 1.1754 157.66 0.1459
64.6875 68.3678 0.3954 0.2776 0.3269 0.00000 7.541 1500.0 12.0 0.0000 1.0831 139.90 0.1551
67.5000 68.3678 0.6560 0.1384 0.2056 0.00000 6.144 1500.0 12.0 0.0000 2.3711 249.04 0.1516
70.3125 68.3678 0.6740 0.1298 0.1962 0.00000 6.008 1500.0 12.0 0.0000 2.8813 297.62 0.1560
73.1250 68.3678 0.6050 0.1691 0.2260 0.00000 6.397 1500.0 12.0 0.0000 2.0052 219.61 0.1619
75.9375 68.3678 0.4926 0.2216 0.2858 0.00000 6.787 1500.0 12.0 0.0000 1.3303 160.23 0.1555
78.7500 68.3678 0.4410 0.2465 0.3124 0.00000 6.945 1500.0 12.0 0.0000 1.7986 225.57 0.1491
81.5625 68.3678 0.3702 0.2916 0.3382 0.00000 7.800 1500.0 12.0 0.0000 2.6234 344.88 0.1372
84.3750 68.3678 0.3620 0.2937 0.3444 0.00000 8.018 1500.0 12.0 0.0000 3.0375 402.14 0.1186
87.1875 68.3678 0.4226 0.2539 0.3235 0.00000 7.512 1500.0 12.0 0.0000 2.6699 339.84 0.0847
90.0000 68.3678 0.4982 0.2023 0.2994 0.00000 6.800 1500.0 12.0 0.0000 1.4377 174.06 0.0628
92.8125 68.3678 0.4982 0.2024 0.2994 0.00000 6.800 1500.0 12.0 0.0000 1.3070 158.24 0.0628
95.6250 68.3678 0.4736 0.2172 0.3092 0.00000 7.075 1500.0 12.0 0.0000 1.3471 166.00 0.0628
98.4375 68.3678 0.3736 0.2783 0.3482 0.00000 8.189 1500.0 12.0 0.0000 1.1476 151.44 0.0628
101.2500 68.3678 0.4103 0.2584 0.3313 0.00000 7.760 1500.0 12.0 0.0000 0.7941 102.10 0.0628
104.0625 68.3678 0.4312 0.2438 0.3250 0.00000 7.541 1500.0 12.0 0.0000 0.6430 81.58 0.0628
106.8750 68.3678 0.4427 0.2374 0.3199 0.00000 7.402 1500.0 12.0 0.0000 0.5426 68.27 0.0628
109.6875 68.3678 0.4560 0.2278 0.3162 0.00000 7.264 1500.0 12.0 0.0000 0.5105 63.70 0.0628
112.5000 68.3678 0.4683 0.2197 0.3120 0.00000 7.089 1500.0 12.0 0.0000 0.5184 64.15 0.0628
115.3125 68.3678 0.3905 0.2671 0.3423 0.00000 7.990 1500.0 12.0 0.0000 0.5512 71.95 0.0628
118.1250 68.3678 0.3724 0.2817 0.3459 0.00000 8.152 1500.0 12.0 0.0000 0.6159 81.22 0.0638
120.9375 68.3678 0.3885 0.2782 0.3333 0.00000 7.941 1500.0 12.0 0.0000 0.5247 68.23 0.0628
123.7500 68.3678 0.3870 0.2706 0.3424 0.00000 8.027 1500.0 12.0 0.0000 0.5345 69.89 0.0628
126.5625 68.3678 0.4268 0.2467 0.3265 0.00000 7.583 1500.0 12.0 0.0000 0.6144 78.18 0.0628
129.3750 68.3678 0.4982 0.2024 0.2994 0.00000 6.794 1500.0 12.0 0.0000 0.8412 101.84 0.0628
132.1875 68.3678 0.4605 0.2250 0.3144 0.00000 7.212 1500.0 12.0 0.0000 0.8980 111.69 0.0628
135.0000 68.3678 0.4203 0.2541 0.3256 0.00000 7.631 1500.0 12.0 0.0000 0.9940 126.81 0.0628
137.8125 68.3678 0.3715 0.2853 0.3432 0.00000 7.989 1500.0 12.0 0.0000 1.1708 154.24 0.1150
140.6250 68.3678 0.3209 0.3264 0.3527 0.00000 8.194 1500.0 12.0 0.0000 0.8214 111.25 0.1828
143.4375 68.3678 0.4111 0.2742 0.3147 0.00000 7.013 1500.0 12.0 0.0000 0.7044 89.72 0.2290
146.2500 68.3678 0.3684 0.3091 0.3225 0.00000 7.050 1500.0 12.0 0.0000 0.8454 110.30 0.2615
149.0625 68.3678 0.2545 0.3596 0.3858 0.00000 6.710 1500.0 12.0 0.0000 0.8655 122.68 0.2837
151.8750 68.3678 0.2523 0.3620 0.3856 0.00000 6.637 1500.0 12.0 0.0000 0.8852 125.57 0.3025
154.6875 68.3678 0.2694 0.3486 0.3820 0.00000 6.469 1500.0 12.0 0.0000 1.1686 164.27 0.3216
157.5000 68.3678 0.3153 0.3381 0.3467 0.00000 6.713 1500.0 12.0 0.0000 1.3518 182.96 0.3446
160.3125 68.3678 0.4401 0.2753 0.2847 0.00000 6.029 1500.0 12.0 0.0000 1.4824 183.10 0.3612
163.1250 68.3678 0.3992 0.3206 0.2801 0.00000 6.965 1500.0 12.0 0.0000 1.0618 133.42 0.3879
165.9375 68.3678 0.4955 0.2521 0.2525 0.00000 5.996 1500.0 12.0 0.0000 1.4666 172.97 0.3826
168.7500 68.3678 0.4280 0.2696 0.3024 0.00000 5.956 1500.0 12.0 0.0000 1.2061 151.35 0.3844
-106.8750 68.3678 0.4914 0.2317 0.2769 0.00000 6.977 1500.0 12.0 0.0000 1.5180 182.01 0.1737
-104.0625 68.3678 0.2932 0.3225 0.3843 0.00000 6.916 1500.0 12.0 0.0000 1.0387 144.70 0.2045
-101.2500 68.3678 0.2956 0.3137 0.3907 0.00000 6.364 1500.0 12.0 0.0000 1.0655 148.76 0.2212
-98.4375 68.3678 0.3526 0.2938 0.3536 0.00000 6.470 1500.0 12.0 0.0000 0.8910 119.04 0.2273
-95.6250 68.3678 0.4169 0.2662 0.3168 0.00000 6.552 1500.0 12.0 0.0000 1.0783 137.12 0.2312
-92.8125 68.3678 0.3280 0.3330 0.3390 0.00000 8.257 1500.0 12.0 0.0000 0.6799 91.14 0.2296
-90.0000 68.3678 0.2823 0.3598 0.3579 0.00000 8.598 1500.0 12.0 0.0000 0.6167 85.18 0.2227
-87.1875 68.3678 0.4107 0.2812 0.3082 0.00000 7.397 1500.0 12.0 0.0000 0.7559 95.95 0.2121
-84.3750 68.3678 0.3787 0.2953 0.3260 0.00000 7.468 1500.0 12.0 0.0000 0.7187 93.50 0.1991
-81.5625 68.3678 0.4202 0.2655 0.3143 0.00000 7.063 1500.0 12.0 0.0000 0.8726 110.63 0.1893
-78.7500 68.3678 0.4655 0.2345 0.3001 0.00000 6.605 1500.0 12.0 0.0000 1.1776 144.93 0.1858
-75.9375 68.3678 0.5024 0.2159 0.2817 0.00000 6.368 1500.0 12.0 0.0000 1.9907 238.04 0.1940
-73.1250 68.3678 0.5350 0.2070 0.2580 0.00000 6.458 1500.0 12.0 0.0000 2.5430 294.88 0.2098
-70.3125 68.3678 0.5331 0.2125 0.2544 0.00000 6.448 1500.0 12.0 0.0000 1.7594 203.79 0.2314
-67.5000 68.3678 0.5748 0.1902 0.2350 0.00000 6.049 1500.0 12.0 0.0000 1.5703 175.82 0.2491
-64.6875 68.3678 0.6478 0.1578 0.1945 0.00000 5.887 1500.0 12.0 0.0000 2.8279 296.22 0.2513
-61.8750 68.3678 0.6478 0.1571 0.1951 0.00000 5.958 1500.0 12.0 0.0000 2.6586 278.59 0.2396
-59.0625 68.3678 0.6461 0.1532 0.2007 0.00000 6.017 1500.0 12.0 0.0000 3.1643 333.16 0.2188
-56.2500 68.3678 0.5578 0.1968 0.2455 0.00000 6.677 1500.0 12.0 0.0000 2.1302 242.24 0.1887
-53.4375 68.3678 0.5283 0.2016 0.2700 0.00000 6.705 1500.0 12.0 0.0000 2.4476 286.86 0.1550
-50.6250 68.3678 0.4332 0.2417 0.3251 0.00000 6.519 1500.0 12.0 0.0000 2.3334 295.81 0.1713
2.8125 65.5776 0.4320 0.2473 0.3207 0.00000 6.314 1500.0 12.0 0.0000 0.5490 69.47 0.1897
5.6250 65.5776 0.3550 0.2843 0.3606 0.00000 6.489 1500.0 12.0 0.0000 0.4769 63.87 0.1954
8.4375 65.5776 0.3589 0.2947 0.3464 0.00000 7.224 1500.0 12.0 0.0000 0.3863 51.26 0.1746
11.2500 65.5776 0.3127 0.3181 0.3691 0.00000 7.434 1500.0 12.0 0.0000 0.6447 88.37 0.1626
14.0625 65.5776 0.2935 0.3088 0.3977 0.00000 7.009 1500.0 12.0 0.0000 0.9524 133.56 0.1389
16.8750 65.5776 0.2943 0.2994 0.4063 0.00000 6.896 1500.0 12.0 0.0000 1.1391 160.36 0.1037
19.6875 65.5776 0.3003 0.2952 0.4045 0.00000 7.052 1500.0 12.0 0.0000 0.9907 138.98 0.0937
22.5000 65.5776 0.3141 0.2959 0.3901 0.00000 7.426 1500.0 12.0 0.0000 0.9799 135.68 0.0832
25.3125 65.5776 0.3170 0.2928 0.3902 0.00000 7.488 1500.0 12.0 0.0000 1.0140 140.23 0.0761
30.9375 65.5776 0.3464 0.2814 0.3722 0.00000 7.335 1500.0 12.0 0.0000 1.6761 226.72 0.0809
33.7500 65.5776 0.3391 0.2846 0.3763 0.00000 7.267 1500.0 12.0 0.0000 1.3544 184.19 0.0661
39.3750 65.5776 0.4071 0.2495 0.3435 0.00000 6.536 1500.0 12.0 0.0000 4.1219 534.26 0.1420
59.0625 65.5776 0.3664 0.3028 0.3308 0.00000 7.123 1500.0 12.0 0.0000 1.3428 176.14 0.1914
61.8750 65.5776 0.3992 0.2667 0.3341 0.00000 6.763 1500.0 12.0 0.0000 1.2279 158.93 0.1707
64.6875 65.5776 0.4134 0.2547 0.3319 0.00000 6.818 1500.0 12.0 0.0000 1.1530 148.08 0.1533
67.5000 65.5776 0.5638 0.1830 0.2532 0.00000 6.442 1500.0 12.0 0.0000 1.5726 179.10 0.1516
70.3125 65.5776 0.5068 0.2199 0.2733 0.00000 6.903 1500.0 12.0 0.0000 1.2790 151.85 0.1542
73.1250 65.5776 0.4724 0.2362 0.2914 0.00000 6.880 1500.0 12.0 0.0000 1.1308 138.02 0.1613
75.9375 65.5776 0.4833 0.2223 0.2944 0.00000 6.352 1500.0 12.0 0.0000 1.2529 152.37 0.1730
78.7500 65.5776 0.4819 0.2236 0.2945 0.00000 6.330 1500.0 12.0 0.0000 1.8342 223.23 0.1785
81.5625 65.5776 0.4763 0.2273 0.2964 0.00000 6.381 1500.0 12.0 0.0000 3.4790 425.01 0.1815
84.3750 65.5776 0.4811 0.2246 0.2943 0.00000 6.326 1500.0 12.0 0.0000 4.2275 514.63 0.1840
87.1875 65.5776 0.4817 0.2237 0.2945 0.00000 6.362 1500.0 12.0 0.0000 3.0969 376.93 0.1794
90.0000 65.5776 0.4359 0.2509 0.3132 0.00000 6.968 1500.0 12.0 0.0000 2.1834 274.61 0.1659
92.8125 65.5776 0.3469 0.3039 0.3492 0.00000 8.092 1500.0 12.0 0.0000 1.7627 235.55 0.1458
95.6250 65.5776 0.4899 0.2116 0.2984 0.00000 6.702 1500.0 12.0 0.0000 1.8716 227.39 0.1059
98.4375 65.5776 0.4404 0.2390 0.3205 0.00000 7.403 1500.0 12.0 0.0000 1.4444 182.01 0.0695
101.2500 65.5776 0.4369 0.2381 0.3249 0.00000 7.389 1500.0 12.0 0.0000 0.7865 99.51 0.0628
104.0625 65.5776 0.4719 0.2180 0.3101 0.00000 7.077 1500.0 12.0 0.0000 0.6102 75.29 0.0628
106.8750 65.5776 0.4532 0.2270 0.3198 0.00000 7.130 1500.0 12.0 0.0000 0.5507 68.94 0.0630
109.6875 65.5776 0.4451 0.2283 0.3266 0.00000 7.003 1500.0 12.0 0.0000 0.6552 82.65 0.0646
112.5000 65.5776 0.4363 0.2370 0.3268 0.00000 7.217 1500.0 12.0 0.0000 0.7542 95.55 0.0628
115.3125 65.5776 0.4499 0.2255 0.3246 0.00000 7.044 1500.0 12.0 0.0000 1.0656 133.97 0.0628
118.1250 65.5776 0.3635 0.2757 0.3608 0.00000 7.694 1500.0 12.0 0.0000 0.8617 114.99 0.0628
120.9375 65.5776 0.4569 0.2240 0.3191 0.00000 7.064 1500.0 12.0 0.0000 0.7488 93.54 0.0628
123.7500 65.5776 0.4416 0.2386 0.3198 0.00000 7.389 1500.0 12.0 0.0000 0.9396 118.29 0.0707
126.5625 65.5776 0.4939 0.2079 0.2982 0.00000 6.725 1500.0 12.0 0.0000 1.8514 224.45 0.0929
129.3750 65.5776 0.4897 0.2134 0.2969 0.00000 6.639 1500.0 12.0 0.0000 2.0528 249.21 0.1226
132.1875 65.5776 0.4829 0.2210 0.2961 0.00000 6.540 1500.0 12.0 0.0000 1.9752 240.48 0.1585
135.0000 65.5776 0.3661 0.2979 0.3360 0.00000 7.652 1500.0 12.0 0.0000 2.1177 278.59 0.1972
137.8125 65.5776 0.3125 0.3365 0.3510 0.00000 8.057 1500.0 12.0 0.0000 1.0962 148.89 0.2365
140.6250 65.5776 0.2687 0.3739 0.3573 0.00000 8.323 1500.0 12.0 0.0000 0.6752 93.78 0.2749
143.4375 65.5776 0.3257 0.3396 0.3348 0.00000 7.544 1500.0 12.0 0.0000 0.5507 73.73 0.3059
146.2500 65.5776 0.4417 0.2749 0.2833 0.00000 6.392 1500.0 12.0 0.0000 0.7694 94.89 0.3290
149.0625 65.5776 0.2705 0.3585 0.3710 0.00000 6.481 1500.0 12.0 0.0000 0.8866 123.89 0.3492
151.8750 65.5776 0.2591 0.3542 0.3867 0.00000 6.012 1500.0 12.0 0.0000 0.6387 90.40 0.3680
154.6875 65.5776 0.2545 0.3740 0.3715 0.00000 6.768 1500.0 12.0 0.0000 0.4454 62.69 0.3885
157.5000 65.5776 0.4199 0.2979 0.2821 0.00000 6.329 1500.0 12.0 0.0000 0.7279 90.66 0.4087
-149.0625 65.5776 0.0508 0.6550 0.2942 0.00000 6.777 1500.0 12.0 0.0000 3.2955 486.24 0.1280
-120.9375 65.5776 0.1846 0.5061 0.3092 0.00000 6.800 1500.0 12.0 0.0000 1.1348 159.51 0.0628
-118.1250 65.5776 0.4610 0.2188 0.3202 0.00000 6.774 1500.0 12.0 0.0000 1.0623 132.53 0.0628
-115.3125 65.5776 0.3993 0.2495 0.3512 0.00000 6.922 1500.0 12.0 0.0000 0.8324 108.74 0.0628
-112.5000 65.5776 0.4216 0.2391 0.3393 0.00000 6.686 1500.0 12.0 0.0000 1.7582 225.85 0.1104
-109.6875 65.5776 0.4168 0.2489 0.3343 0.00000 6.665 1500.0 12.0 0.0000 2.5111 322.40 0.1565
-106.8750 65.5776 0.3623 0.2878 0.3499 0.00000 6.907 1500.0 12.0 0.0000 2.0081 266.57 0.1861
-104.0625 65.5776 0.4028 0.2689 0.3283 0.00000 6.701 1500.0 12.0 0.0000 1.3423 172.90 0.2043
-101.2500 65.5776 0.5453 0.2014 0.2533 0.00000 6.328 1500.0 12.0 0.0000 1.6235 186.73 0.2100
-98.4375 65.5776 0.6519 0.1477 0.2003 0.00000 5.973 1500.0 12.0 0.0000 2.2679 237.92 0.2082
-95.6250 65.5776 0.5900 0.1838 0.2262 0.00000 6.517 1500.0 12.0 0.0000 1.5478 170.93 0.2022
-92.8125 65.5776 0.4018 0.2775 0.3207 0.00000 7.625 1500.0 12.0 0.0000 0.7567 97.12 0.1762
-90.0000 65.5776 0.3606 0.2973 0.3421 0.00000 7.944 1500.0 12.0 0.0000 0.7417 98.14 0.1521
-87.1875 65.5776 0.4503 0.2392 0.3105 0.00000 7.007 1500.0 12.0 0.0000 0.8888 110.85 0.1387
-84.3750 65.5776 0.4326 0.2501 0.3173 0.00000 7.202 1500.0 12.0 0.0000 1.0690 134.97 0.1386
-81.5625 65.5776 0.4257 0.2563 0.3180 0.00000 7.191 1500.0 12.0 0.0000 1.4319 181.45 0.1552
-78.7500 65.5776 0.4180 0.2751 0.3069 0.00000 7.536 1500.0 12.0 0.0000 2.6095 329.85 0.1841
-75.9375 65.5776 0.6333 0.1616 0.2050 0.00000 6.089 1500.0 12.0 0.0000 4.4643 474.78 0.2196
-73.1250 65.5776 0.4187 0.2904 0.2909 0.00000 7.470 1500.0 12.0 0.0000 1.9433 243.39 0.2640
-70.3125 65.5776 0.4821 0.2538 0.2641 0.00000 6.586 1500.0 12.0 0.0000 1.9680 235.29 0.3060
-67.5000 65.5776 0.4860 0.2556 0.2584 0.00000 6.420 1500.0 12.0 0.0000 1.4298 170.05 0.3326
-64.6875 65.5776 0.5016 0.2466 0.2518 0.00000 6.235 1500.0 12.0 0.0000 1.3211 155.27 0.3474
-61.8750 65.5776 0.4845 0.2614 0.2541 0.00000 6.499 1500.0 12.0 0.0000 1.1661 138.44 0.3485
-59.0625 65.5776 0.5977 0.2000 0.2023 0.00000 5.847 1500.0 12.0 0.0000 2.3644 256.06 0.3410
-56.2500 65.5776 0.5524 0.2221 0.2255 0.00000 6.305 1500.0 12.0 0.0000 2.5510 287.34 0.3175
-53.4375 65.5776 0.5300 0.2258 0.2442 0.00000 6.523 1500.0 12.0 0.0000 2.6835 309.40 0.2826
-50.6250 65.5776 0.4808 0.2372 0.2820 0.00000 6.308 1500.0 12.0 0.0000 2.6806 324.05 0.2642
-47.8125 65.5776 0.4111 0.2662 0.3227 0.00000 6.455 1500.0 12.0 0.0000 2.4195 309.50 0.2583
0.0000 62.7874 0.3049 0.3189 0.3762 0.00000 6.752 1500.0 12.0 0.0000 0.2757 38.06 0.2266
2.8125 62.7874 0.2706 0.3372 0.3921 0.00000 6.755 1500.0 12.0 0.0000 0.3147 44.45 0.2326
5.6250 62.7874 0.2703 0.3363 0.3933 0.00000 6.664 1500.0 12.0 0.0000 0.4623 65.33 0.2273
8.4375 62.7874 0.2736 0.3333 0.3931 0.00000 6.803 1500.0 12.0 0.0000 0.6652 93.86 0.2143
11.2500 62.7874 0.2629 0.3511 0.3860 0.00000 7.684 1500.0 12.0 0.0000 0.7448 105.21 0.1975
14.0625 62.7874 0.3125 0.3098 0.3777 0.00000 6.925 1500.0 12.0 0.0000 0.7826 107.75 0.1775
16.8750 62.7874 0.4351 0.2459 0.3190 0.00000 6.719 1500.0 12.0 0.0000 1.0941 138.11 0.1553
19.6875 62.7874 0.4170 0.2529 0.3301 0.00000 7.005 1500.0 12.0 0.0000 1.1148 142.80 0.1259
22.5000 62.7874 0.4517 0.2350 0.3133 0.00000 7.329 1500.0 12.0 0.0000 1.1556 144.25 0.0872
25.3125 62.7874 0.4583 0.2245 0.3171 0.00000 7.062 1500.0 12.0 0.0000 1.5365 191.60 0.0834
28.1250 62.7874 0.5015 0.2096 0.2890 0.00000 7.125 1500.0 12.0 0.0000 1.9699 236.67 0.0868
30.9375 62.7874 0.4714 0.2143 0.3143 0.00000 6.784 1500.0 12.0 0.0000 2.6739 330.81 0.0858
70.3125 62.7874 0.4300 0.2437 0.3263 0.00000 6.419 1500.0 12.0 0.0000 1.6324 207.39 0.1742
73.1250 62.7874 0.4411 0.2409 0.3181 0.00000 6.508 1500.0 12.0 0.0000 1.7565 220.97 0.1742
75.9375 62.7874 0.4149 0.2682 0.3169 0.00000 7.030 1500.0 12.0 0.0000 2.0396 259.61 0.1835
78.7500 62.7874 0.4791 0.2271 0.2937 0.00000 6.312 1500.0 12.0 0.0000 2.9295 356.85 0.1984
81.5625 62.7874 0.4774 0.2295 0.2932 0.00000 6.264 1500.0 12.0 0.0000 3.3241 405.14 0.2114
84.3750 62.7874 0.4766 0.2305 0.2930 0.00000 6.253 1500.0 12.0 0.0000 2.6544 323.61 0.2173
87.1875 62.7874 0.3967 0.2855 0.3179 0.00000 7.139 1500.0 12.0 0.0000 1.7026 218.70 0.2140
90.0000 62.7874 0.3923 0.2820 0.3257 0.00000 7.334 1500.0 12.0 0.0000 1.5186 196.29 0.1968
92.8125 62.7874 0.3156 0.3275 0.3570 0.00000 8.318 1500.0 12.0 0.0000 1.8439 250.87 0.1780
95.6250 62.7874 0.4186 0.2534 0.3280 0.00000 6.776 1500.0 12.0 0.0000 2.2306 285.17 0.1598
98.4375 62.7874 0.3297 0.3091 0.3611 0.00000 7.795 1500.0 12.0 0.0000 0.8372 113.43 0.1605
101.2500 62.7874 0.3733 0.2758 0.3509 0.00000 6.773 1500.0 12.0 0.0000 0.5369 70.96 0.1690
104.0625 62.7874 0.3327 0.3168 0.3505 0.00000 7.839 1500.0 12.0 0.0000 0.2401 32.31 0.1941
106.8750 62.7874 0.3184 0.3231 0.3585 0.00000 7.700 1500.0 12.0 0.0000 0.1946 26.46 0.2097
109.6875 62.7874 0.3001 0.3409 0.3590 0.00000 7.938 1500.0 12.0 0.0000 0.1955 26.81 0.2172
112.5000 62.7874 0.3666 0.2915 0.3419 0.00000 7.031 1500.0 12.0 0.0000 0.2566 33.85 0.2141
115.3125 62.7874 0.4066 0.2744 0.3189 0.00000 6.837 1500.0 12.0 0.0000 0.3995 51.10 0.2114
118.1250 62.7874 0.3431 0.2998 0.3571 0.00000 6.902 1500.0 12.0 0.0000 0.6516 87.58 0.2023
120.9375 62.7874 0.3027 0.3319 0.3654 0.00000 7.760 1500.0 12.0 0.0000 1.2298 168.99 0.1920
123.7500 62.7874 0.4311 0.2566 0.3124 0.00000 6.969 1500.0 12.0 0.0000 1.7777 223.99 0.1850
126.5625 62.7874 0.4625 0.2370 0.3004 0.00000 6.608 1500.0 12.0 0.0000 2.4564 302.83 0.1839
129.3750 62.7874 0.3937 0.2823 0.3240 0.00000 7.342 1500.0 12.0 0.0000 2.9955 386.58 0.1961
132.1875 62.7874 0.4260 0.2631 0.3109 0.00000 6.892 1500.0 12.0 0.0000 4.8791 615.77 0.2156
135.0000 62.7874 0.4072 0.2766 0.3162 0.00000 6.982 1500.0 12.0 0.0000 3.7910 484.11 0.2415
137.8125 62.7874 0.3532 0.3142 0.3326 0.00000 7.443 1500.0 12.0 0.0000 1.9236 254.08 0.2709
140.6250 62.7874 0.2625 0.3787 0.3587 0.00000 8.307 1500.0 12.0 0.0000 1.1178 155.78 0.3031
143.4375 62.7874 0.2605 0.3822 0.3574 0.00000 8.205 1500.0 12.0 0.0000 0.8419 117.35 0.3322
146.2500 62.7874 0.3017 0.3596 0.3387 0.00000 7.582 1500.0 12.0 0.0000 0.6230 84.48 0.3547
149.0625 62.7874 0.2913 0.3646 0.3441 0.00000 7.064 1500.0 12.0 0.0000 0.6183 84.47 0.3768
151.8750 62.7874 0.2544 0.3727 0.3728 0.00000 6.490 1500.0 12.0 0.0000 0.5748 80.95 0.3978
154.6875 62.7874 0.2493 0.3703 0.3804 0.00000 6.146 1500.0 12.0 0.0000 0.5108 72.37 0.4140
157.5000 62.7874 0.3389 0.3278 0.3333 0.00000 5.709 1500.0 12.0 0.0000 0.7674 102.06 0.4286
160.3125 62.7874 0.4115 0.2975 0.2910 0.00000 5.558 1500.0 12.0 0.0000 1.5253 191.69 0.4533
-151.8750 62.7874 0.0472 0.6681 0.2846 0.00000 6.539 1500.0 12.0 0.0000 3.1980 470.39 0.2478
-149.0625 62.7874 0.1194 0.5653 0.3153 0.00000 7.506 1500.0 12.0 0.0000 1.9916 288.60 0.2451
-118.1250 62.7874 0.3658 0.2693 0.3649 0.00000 7.039 1500.0 12.0 0.0000 2.4916 332.85 0.1086
-115.3125 62.7874 0.3293 0.2972 0.3735 0.00000 6.936 1500.0 12.0 0.0000 1.8725 255.39 0.1824
-112.5000 62.7874 0.3011 0.3168 0.3822 0.00000 6.901 1500.0 12.0 0.0000 2.0754 287.84 0.2063
-109.6875 62.7874 0.3106 0.3248 0.3647 0.00000 7.228 1500.0 12.0 0.0000 2.5174 344.61 0.2278
-106.8750 62.7874 0.4052 0.2887 0.3062 0.00000 7.396 1500.0 12.0 0.0000 2.0744 263.69 0.2277
-104.0625 62.7874 0.5158 0.2248 0.2594 0.00000 6.820 1500.0 12.0 0.0000 2.2918 268.61 0.2238
-101.2500 62.7874 0.5846 0.1868 0.2287 0.00000 6.295 1500.0 12.0 0.0000 1.9006 210.83 0.2191
-98.4375 62.7874 0.5078 0.2223 0.2699 0.00000 6.607 1500.0 12.0 0.0000 1.2150 143.89 0.2167
-95.6250 62.7874 0.3898 0.2903 0.3200 0.00000 7.517 1500.0 12.0 0.0000 0.9211 118.84 0.1975
-92.8125 62.7874 0.4453 0.2524 0.3023 0.00000 6.903 1500.0 12.0 0.0000 1.0334 128.60 0.1687
-90.0000 62.7874 0.4878 0.2158 0.2963 0.00000 6.632 1500.0 12.0 0.0000 1.5888 192.99 0.1357
-87.1875 62.7874 0.4488 0.2371 0.3141 0.00000 7.175 1500.0 12.0 0.0000 2.0318 254.10 0.1098
-84.3750 62.7874 0.3412 0.3170 0.3418 0.00000 8.484 1500.0 12.0 0.0000 3.2678 436.10 0.1157
-81.5625 62.7874 0.4399 0.2567 0.3034 0.00000 7.605 1500.0 12.0 0.0000 4.1025 512.19 0.1438
-78.7500 62.7874 0.3356 0.3212 0.3432 0.00000 8.365 1500.0 12.0 0.0000 2.4604 329.43 0.1843
-75.9375 62.7874 0.5055 0.2356 0.2589 0.00000 6.994 1500.0 12.0 0.0000 2.7758 326.96 0.2307
-73.1250 62.7874 0.4762 0.2617 0.2622 0.00000 6.888 1500.0 12.0 0.0000 2.2658 271.41 0.2872
-70.3125 62.7874 0.4623 0.2603 0.2774 0.00000 6.404 1500.0 12.0 0.0000 2.0370 247.85 0.3333
-67.5000 62.7874 0.3440 0.3287 0.3272 0.00000 7.036 1500.0 12.0 0.0000 1.0351 136.91 0.3642
-64.6875 62.7874 0.3199 0.3385 0.3416 0.00000 6.837 1500.0 12.0 0.0000 0.8393 113.06 0.3818
-61.8750 62.7874 0.3723 0.3021 0.3257 0.00000 6.203 1500.0 12.0 0.0000 0.8181 106.72 0.3836
-59.0625 62.7874 0.4059 0.2885 0.3057 0.00000 6.356 1500.0 12.0 0.0000 0.8738 111.01 0.3734
-56.2500 62.7874 0.5054 0.2330 0.2617 0.00000 5.829 1500.0 12.0 0.0000 1.2310 145.25 0.3636
-53.4375 62.7874 0.4157 0.2822 0.3021 0.00000 6.463 1500.0 12.0 0.0000 1.7304 218.38 0.3610
-50.6250 62.7874 0.3905 0.2922 0.3173 0.00000 6.353 1500.0 12.0 0.0000 2.1764 280.28 0.3551
-8.4375 62.7874 0.3162 0.3134 0.3703 0.00000 6.402 1500.0 12.0 0.0000 0.4588 62.83 0.2600
-5.6250 62.7874 0.3010 0.3177 0.3813 0.00000 6.771 1500.0 12.0 0.0000 0.3082 42.73 0.2211
-2.8125 62.7874 0.3256 0.2937 0.3808 0.00000 6.159 1500.0 12.0 0.0000 0.3724 51.07 0.2184
0.0000 59.9970 0.5172 0.2200 0.2629 0.00000 5.835 1500.0 12.0 0.0000 0.6967 81.77 0.2749
2.8125 59.9970 0.5146 0.2224 0.2630 0.00000 5.916 1500.0 12.0 0.0000 0.6467 76.01 0.2698
5.6250 59.9970 0.4996 0.2331 0.2674 0.00000 6.123 1500.0 12.0 0.0000 0.5867 69.66 0.2611
8.4375 59.9970 0.4035 0.2853 0.3112 0.00000 6.906 1500.0 12.0 0.0000 0.3039 38.77 0.2465
11.2500 59.9970 0.3873 0.2974 0.3152 0.00000 7.368 1500.0 12.0 0.0000 0.3311 42.66 0.2280
14.0625 59.9970 0.3701 0.3003 0.3296 0.00000 7.596 1500.0 12.0 0.0000 0.4672 61.14 0.2065
16.8750 59.9970 0.4171 0.2669 0.3159 0.00000 7.213 1500.0 12.0 0.0000 0.6009 76.36 0.1792
19.6875 59.9970 0.3637 0.2949 0.3414 0.00000 8.055 1500.0 12.0 0.0000 0.7206 95.17 0.1399
22.5000 59.9970 0.5143 0.2073 0.2784 0.00000 7.136 1500.0 12.0 0.0000 1.1030 130.85 0.1005
25.3125 59.9970 0.5088 0.2020 0.2893 0.00000 6.934 1500.0 12.0 0.0000 1.0122 121.18 0.0820
73.1250 59.9970 0.4061 0.2681 0.3258 0.00000 6.430 1500.0 12.0 0.0000 4.0200 516.33 0.2511
75.9375 59.9970 0.4381 0.2504 0.3115 0.00000 6.239 1500.0 12.0 0.0000 3.7898 475.69 0.2529
87.1875 59.9970 0.4632 0.2396 0.2972 0.00000 6.449 1500.0 12.0 0.0000 2.4437 300.61 0.2284
90.0000 59.9970 0.4669 0.2369 0.2962 0.00000 6.542 1500.0 12.0 0.0000 2.1566 264.65 0.2023
92.8125 59.9970 0.4237 0.2646 0.3116 0.00000 7.045 1500.0 12.0 0.0000 2.2862 288.95 0.1980
95.6250 59.9970 0.3271 0.3274 0.3455 0.00000 8.020 1500.0 12.0 0.0000 1.0746 144.59 0.2226
98.4375 59.9970 0.3435 0.3207 0.3358 0.00000 7.621 1500.0 12.0 0.0000 0.4302 57.17 0.2657
101.2500 59.9970 0.4475 0.2560 0.2965 0.00000 6.272 1500.0 12.0 0.0000 0.2286 28.33 0.3000
104.0625 59.9970 0.4344 0.2661 0.2995 0.00000 6.287 1500.0 12.0 0.0000 0.1451 18.12 0.3154
106.8750 59.9970 0.4078 0.2843 0.3078 0.00000 6.560 1500.0 12.0 0.0000 0.0935 11.88 0.3166
109.6875 59.9970 0.4166 0.2825 0.3010 0.00000 6.512 1500.0 12.0 0.0000 0.0932 11.75 0.3151
112.5000 59.9970 0.3893 0.2955 0.3152 0.00000 6.615 1500.0 12.0 0.0000 0.1071 13.78 0.3118
115.3125 59.9970 0.3441 0.3203 0.3356 0.00000 6.791 1500.0 12.0 0.0000 0.1677 22.28 0.3097
118.1250 59.9970 0.2485 0.3797 0.3718 0.00000 7.448 1500.0 12.0 0.0000 0.2466 34.80 0.2980
120.9375 59.9970 0.2907 0.3436 0.3657 0.00000 7.115 1500.0 12.0 0.0000 0.8408 116.16 0.2738
123.7500 59.9970 0.3713 0.3023 0.3264 0.00000 7.065 1500.0 12.0 0.0000 1.8654 243.56 0.2461
126.5625 59.9970 0.2654 0.3653 0.3693 0.00000 7.862 1500.0 12.0 0.0000 2.7942 390.98 0.2309
129.3750 59.9970 0.3601 0.3103 0.3296 0.00000 7.557 1500.0 12.0 0.0000 3.0037 394.89 0.2283
132.1875 59.9970 0.3834 0.2915 0.3251 0.00000 7.303 1500.0 12.0 0.0000 4.0985 531.81 0.2393
135.0000 59.9970 0.4352 0.2607 0.3041 0.00000 6.629 1500.0 12.0 0.0000 2.8542 357.28 0.2597
137.8125 59.9970 0.4453 0.2561 0.2986 0.00000 6.421 1500.0 12.0 0.0000 3.5542 441.37 0.2809
140.6250 59.9970 0.3577 0.3142 0.3281 0.00000 7.333 1500.0 12.0 0.0000 1.9238 253.00 0.2964
143.4375 59.9970 0.3639 0.3127 0.3234 0.00000 7.209 1500.0 12.0 0.0000 1.0903 142.62 0.3065
146.2500 59.9970 0.3224 0.3402 0.3373 0.00000 7.631 1500.0 12.0 0.0000 0.7216 96.88 0.3205
149.0625 59.9970 0.4030 0.2994 0.2977 0.00000 6.957 1500.0 12.0 0.0000 0.6747 85.46 0.3472
151.8750 59.9970 0.3444 0.3436 0.3120 0.00000 7.374 1500.0 12.0 0.0000 0.6394 83.87 0.3768
154.6875 59.9970 0.2220 0.4071 0.3709 0.00000 7.782 1500.0 12.0 0.0000 0.5557 79.26 0.4017
157.5000 59.9970 0.2396 0.3841 0.3763 0.00000 6.534 1500.0 12.0 0.0000 0.9504 134.93 0.4132
160.3125 59.9970 0.3681 0.3160 0.3159 0.00000 6.141 1500.0 12.0 0.0000 1.8120 235.62 0.4108
-149.0625 59.9970 0.3434 0.3179 0.3387 0.00000 7.092 1500.0 12.0 0.0000 1.8689 248.74 0.2926
-146.2500 59.9970 0.3819 0.2833 0.3348 0.00000 6.285 1500.0 12.0 0.0000 1.1444 149.37 0.3105
-143.4375 59.9970 0.3667 0.2925 0.3408 0.00000 6.269 1500.0 12.0 0.0000 0.8545 112.67 0.3070
-140.6250 59.9970 0.2801 0.3427 0.3772 0.00000 7.036 1500.0 12.0 0.0000 0.6293 87.85 0.2760
-137.8125 59.9970 0.4187 0.2567 0.3247 0.00000 6.274 1500.0 12.0 0.0000 0.8648 110.35 0.2378
-120.9375 59.9970 0.4196 0.2591 0.3213 0.00000 6.847 1500.0 12.0 0.0000 3.5076 446.56 0.2071
-118.1250 59.9970 0.4548 0.2397 0.3055 0.00000 6.738 1500.0 12.0 0.0000 2.5982 322.43 0.1792
-115.3125 59.9970 0.3340 0.3056 0.3604 0.00000 6.575 1500.0 12.0 0.0000 2.2655 306.26 0.2395
-112.5000 59.9970 0.2648 0.3453 0.3899 0.00000 6.821 1500.0 12.0 0.0000 2.0772 293.74 0.2645
-109.6875 59.9970 0.2726 0.3549 0.3725 0.00000 7.433 1500.0 12.0 0.0000 2.1062 294.26 0.2720
-106.8750 59.9970 0.4979 0.2390 0.2631 0.00000 6.640 1500.0 12.0 0.0000 1.7324 205.36 0.2674
-104.0625 59.9970 0.5050 0.2293 0.2657 0.00000 6.359 1500.0 12.0 0.0000 1.3692 161.98 0.2624
-101.2500 59.9970 0.4166 0.2734 0.3099 0.00000 6.827 1500.0 12.0 0.0000 1.0813 137.00 0.2560
-98.4375 59.9970 0.3438 0.3185 0.3377 0.00000 7.700 1500.0 12.0 0.0000 1.3261 176.38 0.2551
-95.6250 59.9970 0.4044 0.2816 0.3141 0.00000 7.089 1500.0 12.0 0.0000 2.1229 271.15 0.2410
-84.3750 59.9970 0.5946 0.1809 0.2245 0.00000 6.595 1500.0 12.0 0.0000 5.0000 550.20 0.1767
-81.5625 59.9970 0.5172 0.2273 0.2555 0.00000 6.933 1500.0 12.0 0.0000 4.9192 574.82 0.1890
-78.7500 59.9970 0.3916 0.2972 0.3112 0.00000 7.481 1500.0 12.0 0.0000 3.9440 505.98 0.2136
-75.9375 59.9970 0.3910 0.2921 0.3169 0.00000 7.203 1500.0 12.0 0.0000 3.2986 424.62 0.2319
-73.1250 59.9970 0.3529 0.3124 0.3347 0.00000 7.332 1500.0 12.0 0.0000 2.0033 264.96 0.2589
-70.3125 59.9970 0.3759 0.2898 0.3343 0.00000 6.790 1500.0 12.0 0.0000 1.4697 192.30 0.2761
-33.7500 59.9970 0.3452 0.3053 0.3495 0.00000 6.495 1500.0 12.0 0.0000 3.4611 462.95 0.3075
-30.9375 59.9970 0.3280 0.3234 0.3486 0.00000 6.727 1500.0 12.0 0.0000 2.8348 381.92 0.3235
-28.1250 59.9970 0.3698 0.3043 0.3259 0.00000 6.737 1500.0 12.0 0.0000 1.6563 216.36 0.3213
-25.3125 59.9970 0.4129 0.2745 0.3126 0.00000 6.328 1500.0 12.0 0.0000 1.2213 155.23 0.3074
-22.5000 59.9970 0.2919 0.3324 0.3757 0.00000 6.435 1500.0 12.0 0.0000 0.7349 101.99 0.2980
-19.6875 59.9970 0.3186 0.3117 0.3697 0.00000 6.186 1500.0 12.0 0.0000 0.6012 82.23 0.2894
-16.8750 59.9970 0.3314 0.3225 0.3461 0.00000 6.937 1500.0 12.0 0.0000 0.4634 62.25 0.2862
-14.0625 59.9970 0.2945 0.3571 0.3484 0.00000 7.689 1500.0 12.0 0.0000 0.4928 67.37 0.2920
-11.2500 59.9970 0.3478 0.3124 0.3398 0.00000 6.770 1500.0 12.0 0.0000 0.6670 88.65 0.2741
-8.4375 59.9970 0.3635 0.3032 0.3333 0.00000 6.444 1500.0 12.0 0.0000 0.8171 107.46 0.2719
-5.6250 59.9970 0.4520 0.2479 0.3001 0.00000 5.829 1500.0 12.0 0.0000 0.8870 109.89 0.2751
-2.8125 59.9970 0.4220 0.2740 0.3040 0.00000 6.371 1500.0 12.0 0.0000 0.5020 63.23 0.2766
0.0000 57.2066 0.4376 0.2722 0.2901 0.00000 6.240 1500.0 12.0 0.0000 0.2089 25.91 0.3402
2.8125 57.2066 0.4115 0.2837 0.3047 0.00000 6.464 1500.0 12.0 0.0000 0.2275 28.81 0.3250
5.6250 57.2066 0.3510 0.3224 0.3266 0.00000 7.201 1500.0 12.0 0.0000 0.2395 31.57 0.3038
8.4375 57.2066 0.3678 0.3058 0.3264 0.00000 7.147 1500.0 12.0 0.0000 0.2795 36.56 0.2809
11.2500 57.2066 0.2596 0.3736 0.3668 0.00000 8.489 1500.0 12.0 0.0000 0.3224 45.17 0.2588
14.0625 57.2066 0.2496 0.3790 0.3714 0.00000 8.710 1500.0 12.0 0.0000 0.4138 58.35 0.2357
16.8750 57.2066 0.3227 0.3270 0.3503 0.00000 8.041 1500.0 12.0 0.0000 0.6017 81.32 0.2086
19.6875 57.2066 0.4006 0.2745 0.3249 0.00000 7.323 1500.0 12.0 0.0000 0.8875 114.22 0.1811
22.5000 57.2066 0.3898 0.2778 0.3324 0.00000 7.617 1500.0 12.0 0.0000 1.2146 157.75 0.1500
25.3125 57.2066 0.4844 0.2164 0.2992 0.00000 6.713 1500.0 12.0 0.0000 2.0118 245.20 0.1198
28.1250 57.2066 0.5649 0.1744 0.2607 0.00000 6.557 1500.0 12.0 0.0000 3.1238 357.22 0.1017
33.7500 57.2066 0.6000 0.1642 0.2358 0.00000 6.216 1500.0 12.0 0.0000 3.4827 384.87 0.1585
36.5625 57.2066 0.4236 0.2497 0.3267 0.00000 6.365 1500.0 12.0 0.0000 1.6263 207.28 0.2028
87.1875 57.2066 0.3460 0.3114 0.3425 0.00000 7.121 1500.0 12.0 0.0000 3.4259 456.39 0.2887
90.0000 57.2066 0.4086 0.2654 0.3261 0.00000 6.438 1500.0 12.0 0.0000 4.2066 539.75 0.2557
92.8125 57.2066 0.3710 0.2967 0.3323 0.00000 6.649 1500.0 12.0 0.0000 1.4312 187.49 0.3012
98.4375 57.2066 0.4094 0.2829 0.3078 0.00000 5.697 1500.0 12.0 0.0000 0.3563 45.24 0.4184
101.2500 57.2066 0.3489 0.3158 0.3353 0.00000 5.744 1500.0 12.0 0.0000 0.2649 35.10 0.4109
104.0625 57.2066 0.3244 0.3317 0.3439 0.00000 6.401 1500.0 12.0 0.0000 0.1365 18.38 0.3623
106.8750 57.2066 0.2702 0.3672 0.3626 0.00000 7.588 1500.0 12.0 0.0000 0.1127 15.68 0.3082
109.6875 57.2066 0.2976 0.3266 0.3757 0.00000 6.474 1500.0 12.0 0.0000 0.1220 16.89 0.2682
112.5000 57.2066 0.2744 0.3312 0.3944 0.00000 6.187 1500.0 12.0 0.0000 0.1583 22.34 0.2726
115.3125 57.2066 0.2757 0.3391 0.3852 0.00000 5.958 1500.0 12.0 0.0000 0.2652 37.24 0.3124
118.1250 57.2066 0.3422 0.3133 0.3444 0.00000 5.763 1500.0 12.0 0.0000 0.5787 77.30 0.3480
120.9375 57.2066 0.3238 0.3392 0.3370 0.00000 6.596 1500.0 12.0 0.0000 0.6204 83.23 0.3528
123.7500 57.2066 0.2590 0.3739 0.3671 0.00000 7.064 1500.0 12.0 0.0000 0.8984 125.92 0.3241
126.5625 57.2066 0.2616 0.3698 0.3686 0.00000 7.508 1500.0 12.0 0.0000 1.8284 256.17 0.2996
129.3750 57.2066 0.3540 0.3166 0.3295 0.00000 7.287 1500.0 12.0 0.0000 3.4114 449.70 0.3025
132.1875 57.2066 0.3575 0.3233 0.3192 0.00000 7.254 1500.0 12.0 0.0000 3.2915 430.83 0.3279
135.0000 57.2066 0.3873 0.3061 0.3067 0.00000 6.852 1500.0 12.0 0.0000 3.3458 429.04 0.3449
137.8125 57.2066 0.4120 0.2898 0.2982 0.00000 6.534 1500.0 12.0 0.0000 3.1857 401.89 0.3594
140.6250 57.2066 0.4483 0.2613 0.2904 0.00000 6.172 1500.0 12.0 0.0000 3.6937 455.93 0.3615
143.4375 57.2066 0.3922 0.2971 0.3107 0.00000 6.861 1500.0 12.0 0.0000 3.4053 436.60 0.3473
146.2500 57.2066 0.4113 0.2853 0.3034 0.00000 6.713 1500.0 12.0 0.0000 1.9460 246.28 0.3294
149.0625 57.2066 0.3494 0.3240 0.3266 0.00000 7.427 1500.0 12.0 0.0000 1.3557 178.82 0.3325
151.8750 57.2066 0.3953 0.3020 0.3027 0.00000 6.938 1500.0 12.0 0.0000 1.3348 170.15 0.3532
154.6875 57.2066 0.2764 0.3632 0.3604 0.00000 6.755 1500.0 12.0 0.0000 1.7443 241.83 0.3814
157.5000 57.2066 0.2401 0.3801 0.3797 0.00000 6.672 1500.0 12.0 0.0000 2.3970 340.78 0.4007
160.3125 57.2066 0.2413 0.3789 0.3798 0.00000 6.625 1500.0 12.0 0.0000 3.2681 464.42 0.4064
-149.0625 57.2066 0.3121 0.3445 0.3434 0.00000 7.072 1500.0 12.0 0.0000 1.4694 198.82 0.3439
-146.2500 57.2066 0.3571 0.3287 0.3143 0.00000 6.963 1500.0 12.0 0.0000 1.0391 135.68 0.3695
-143.4375 57.2066 0.3969 0.3021 0.3009 0.00000 6.683 1500.0 12.0 0.0000 1.1253 143.19 0.3675
-140.6250 57.2066 0.3551 0.3149 0.3300 0.00000 6.403 1500.0 12.0 0.0000 1.1741 154.75 0.3458
-137.8125 57.2066 0.2981 0.3272 0.3747 0.00000 6.378 1500.0 12.0 0.0000 1.0568 146.20 0.3099
-135.0000 57.2066 0.3231 0.3061 0.3709 0.00000 6.228 1500.0 12.0 0.0000 1.1370 155.29 0.2685
-132.1875 57.2066 0.3112 0.3226 0.3662 0.00000 6.792 1500.0 12.0 0.0000 1.1381 155.88 0.2642
-115.3125 57.2066 0.4100 0.2756 0.3144 0.00000 6.858 1500.0 12.0 0.0000 2.1353 272.05 0.2596
-112.5000 57.2066 0.3302 0.3104 0.3594 0.00000 6.322 1500.0 12.0 0.0000 2.3230 314.40 0.2826
-109.6875 57.2066 0.2751 0.3422 0.3827 0.00000 6.670 1500.0 12.0 0.0000 2.6790 375.82 0.2853
-106.8750 57.2066 0.3215 0.3334 0.3451 0.00000 7.106 1500.0 12.0 0.0000 1.5385 207.49 0.2959
-104.0625 57.2066 0.4302 0.2762 0.2937 0.00000 6.581 1500.0 12.0 0.0000 1.5587 194.45 0.2988
-101.2500 57.2066 0.3935 0.2984 0.3081 0.00000 7.242 1500.0 12.0 0.0000 1.1519 147.39 0.2922
-98.4375 57.2066 0.4425 0.2655 0.2920 0.00000 6.770 1500.0 12.0 0.0000 1.6725 207.20 0.2847
-95.6250 57.2066 0.5351 0.2145 0.2504 0.00000 6.222 1500.0 12.0 0.0000 2.6670 307.84 0.2782
-78.7500 57.2066 0.3542 0.2908 0.3550 0.00000 6.323 1500.0 12.0 0.0000 5.0000 668.01 0.2660
-75.9375 57.2066 0.3116 0.3232 0.3652 0.00000 6.987 1500.0 12.0 0.0000 5.0000 684.36 0.2371
-30.9375 57.2066 0.3434 0.3127 0.3439 0.00000 6.319 1500.0 12.0 0.0000 2.1911 292.45 0.3647
-28.1250 57.2066 0.4355 0.2707 0.2938 0.00000 6.236 1500.0 12.0 0.0000 1.9539 243.15 0.3760
-25.3125 57.2066 0.5124 0.2453 0.2423 0.00000 6.124 1500.0 12.0 0.0000 1.9688 228.81 0.3829
-22.5000 57.2066 0.4889 0.2638 0.2473 0.00000 6.408 1500.0 12.0 0.0000 1.5044 177.49 0.3777
-19.6875 57.2066 0.5417 0.2303 0.2279 0.00000 6.054 1500.0 12.0 0.0000 1.3143 149.11 0.3658
-16.8750 57.2066 0.6031 0.1952 0.2017 0.00000 5.718 1500.0 12.0 0.0000 2.3773 256.59 0.3509
-14.0625 57.2066 0.4638 0.2729 0.2633 0.00000 6.686 1500.0 12.0 0.0000 0.6589 79.47 0.3458
-11.2500 57.2066 0.4409 0.2828 0.2763 0.00000 6.581 1500.0 12.0 0.0000 0.3830 47.06 0.3501
-8.4375 57.2066 0.4526 0.2811 0.2664 0.00000 6.568 1500.0 12.0 0.0000 0.3087 37.51 0.3539
-5.6250 57.2066 0.3981 0.3044 0.2974 0.00000 6.798 1500.0 12.0 0.0000 0.2106 26.73 0.3533
-2.8125 57.2066 0.4328 0.2808 0.2865 0.00000 6.403 1500.0 12.0 0.0000 0.2115 26.24 0.3491
0.0000 54.4162 0.4079 0.2899 0.3022 0.00000 6.394 1500.0 12.0 0.0000 0.2941 37.25 0.3877
2.8125 54.4162 0.4496 0.2613 0.2891 0.00000 5.982 1500.0 12.0 0.0000 0.3460 42.64 0.3717
5.6250 54.4162 0.3418 0.3293 0.3289 0.00000 7.305 1500.0 12.0 0.0000 0.4148 54.97 0.3435
8.4375 54.4162 0.3840 0.2980 0.3180 0.00000 6.990 1500.0 12.0 0.0000 0.6176 79.80 0.3070
11.2500 54.4162 0.2921 0.3537 0.3541 0.00000 8.202 1500.0 12.0 0.0000 0.9814 134.71 0.2699
14.0625 54.4162 0.2830 0.3563 0.3607 0.00000 8.435 1500.0 12.0 0.0000 1.8425 254.77 0.2423
16.8750 54.4162 0.2463 0.3772 0.3765 0.00000 8.961 1500.0 12.0 0.0000 1.7838 252.55 0.2200
19.6875 54.4162 0.3713 0.2967 0.3320 0.00000 7.564 1500.0 12.0 0.0000 2.2068 289.01 0.2137
22.5000 54.4162 0.3683 0.3113 0.3204 0.00000 7.507 1500.0 12.0 0.0000 2.6104 340.21 0.2081
25.3125 54.4162 0.3626 0.3023 0.3351 0.00000 7.711 1500.0 12.0 0.0000 2.7554 362.88 0.1970
28.1250 54.4162 0.4911 0.2350 0.2739 0.00000 7.121 1500.0 12.0 0.0000 3.0518 365.32 0.1909
30.9375 54.4162 0.6006 0.1775 0.2218 0.00000 6.492 1500.0 12.0 0.0000 3.5805 392.02 0.1900
33.7500 54.4162 0.4903 0.2199 0.2898 0.00000 6.220 1500.0 12.0 0.0000 2.2946 277.34 0.1985
36.5625 54.4162 0.3612 0.2838 0.3550 0.00000 6.475 1500.0 12.0 0.0000 1.5978 212.79 0.2137
39.3750 54.4162 0.3689 0.2963 0.3348 0.00000 6.721 1500.0 12.0 0.0000 1.5663 205.66 0.2519
98.4375 54.4162 0.2755 0.3748 0.3497 0.00000 5.453 1500.0 12.0 0.0000 0.3037 41.89 0.5817
101.2500 54.4162 0.2656 0.3814 0.3529 0.00000 5.853 1500.0 12.0 0.0000 0.2256 31.30 0.5269
104.0625 54.4162 0.2920 0.3513 0.3567 0.00000 5.903 1500.0 12.0 0.0000 0.2406 33.07 0.4088
106.8750 54.4162 0.3004 0.3273 0.3723 0.00000 6.265 1500.0 12.0 0.0000 0.2073 28.62 0.2919
109.6875 54.4162 0.3229 0.3026 0.3745 0.00000 6.311 1500.0 12.0 0.0000 0.3190 43.64 0.2180
112.5000 54.4162 0.4571 0.2445 0.2984 0.00000 6.358 1500.0 12.0 0.0000 0.5333 65.84 0.2147
115.3125 54.4162 0.4616 0.2605 0.2779 0.00000 6.390 1500.0 12.0 0.0000 0.2482 30.22 0.2874
118.1250 54.4162 0.3295 0.3355 0.3350 0.00000 6.435 1500.0 12.0 0.0000 0.3458 46.22 0.3843
120.9375 54.4162 0.3170 0.3498 0.3332 0.00000 6.560 1500.0 12.0 0.0000 0.5376 72.20 0.4215
123.7500 54.4162 0.3581 0.3387 0.3032 0.00000 6.871 1500.0 12.0 0.0000 1.2052 156.35 0.4042
126.5625 54.4162 0.3337 0.3385 0.3278 0.00000 6.776 1500.0 12.0 0.0000 3.3441 444.52 0.3862
129.3750 54.4162 0.3311 0.3318 0.3372 0.00000 6.542 1500.0 12.0 0.0000 3.6512 488.31 0.4060
157.5000 54.4162 0.3486 0.3171 0.3343 0.00000 6.229 1500.0 12.0 0.0000 5.0000 662.41 0.4206
168.7500 54.4162 0.4792 0.2494 0.2715 0.00000 6.227 1500.0 12.0 0.0000 4.5476 546.87 0.3399
-154.6875 54.4162 0.3877 0.2812 0.3311 0.00000 6.515 1500.0 12.0 0.0000 3.0169 391.95 0.2880
-151.8750 54.4162 0.2996 0.3407 0.3597 0.00000 6.718 1500.0 12.0 0.0000 2.7899 382.77 0.3611
-149.0625 54.4162 0.2907 0.3683 0.3410 0.00000 7.118 1500.0 12.0 0.0000 2.6647 363.54 0.3793
-146.2500 54.4162 0.4236 0.3060 0.2703 0.00000 7.003 1500.0 12.0 0.0000 1.1925 147.28 0.3835
-143.4375 54.4162 0.4163 0.2974 0.2863 0.00000 6.742 1500.0 12.0 0.0000 0.5833 72.95 0.3839
-140.6250 54.4162 0.4606 0.2774 0.2620 0.00000 6.708 1500.0 12.0 0.0000 0.6062 73.17 0.3685
-137.8125 54.4162 0.4550 0.2662 0.2787 0.00000 6.197 1500.0 12.0 0.0000 0.9270 113.29 0.3480
-135.0000 54.4162 0.4399 0.2692 0.2909 0.00000 6.288 1500.0 12.0 0.0000 2.1494 266.45 0.3274
-132.1875 54.4162 0.2837 0.3348 0.3815 0.00000 6.299 1500.0 12.0 0.0000 1.4218 198.61 0.3044
-129.3750 54.4162 0.2758 0.3406 0.3836 0.00000 6.700 1500.0 12.0 0.0000 0.9806 137.59 0.2787
-126.5625 54.4162 0.3901 0.2789 0.3310 0.00000 6.540 1500.0 12.0 0.0000 1.4692 190.65 0.2427
-123.7500 54.4162 0.4551 0.2441 0.3009 0.00000 6.711 1500.0 12.0 0.0000 1.5251 188.74 0.2183
-115.3125 54.4162 0.4060 0.2679 0.3261 0.00000 6.652 1500.0 12.0 0.0000 1.9763 253.90 0.2546
-112.5000 54.4162 0.3710 0.2969 0.3321 0.00000 6.839 1500.0 12.0 0.0000 1.9023 249.17 0.2646
-109.6875 54.4162 0.3276 0.3163 0.3561 0.00000 6.608 1500.0 12.0 0.0000 1.9424 262.74 0.2804
-106.8750 54.4162 0.3027 0.3317 0.3656 0.00000 6.593 1500.0 12.0 0.0000 1.8092 248.64 0.2790
-104.0625 54.4162 0.2805 0.3373 0.3822 0.00000 6.515 1500.0 12.0 0.0000 1.9899 278.45 0.2851
-101.2500 54.4162 0.3596 0.3060 0.3345 0.00000 6.573 1500.0 12.0 0.0000 2.0279 267.35 0.2999
-98.4375 54.4162 0.4268 0.2762 0.2970 0.00000 6.428 1500.0 12.0 0.0000 2.2783 285.21 0.3067
-95.6250 54.4162 0.3297 0.3361 0.3343 0.00000 7.307 1500.0 12.0 0.0000 2.3151 309.35 0.3016
-92.8125 54.4162 0.3904 0.2884 0.3211 0.00000 6.339 1500.0 12.0 0.0000 3.6809 475.03 0.2976
-87.1875 54.4162 0.3593 0.3001 0.3405 0.00000 6.366 1500.0 12.0 0.0000 5.0000 661.38 0.3174
-84.3750 54.4162 0.3291 0.3227 0.3482 0.00000 6.451 1500.0 12.0 0.0000 5.0000 673.14 0.3417
-25.3125 54.4162 0.3682 0.3078 0.3240 0.00000 6.181 1500.0 12.0 0.0000 1.6220 211.80 0.4264
-22.5000 54.4162 0.5184 0.2498 0.2318 0.00000 6.052 1500.0 12.0 0.0000 2.8686 330.25 0.4236
-19.6875 54.4162 0.4665 0.2792 0.2543 0.00000 6.616 1500.0 12.0 0.0000 1.7342 207.77 0.4015
-16.8750 54.4162 0.3666 0.3211 0.3123 0.00000 7.176 1500.0 12.0 0.0000 0.8586 111.49 0.3724
-14.0625 54.4162 0.4032 0.2906 0.3062 0.00000 6.667 1500.0 12.0 0.0000 0.6612 84.13 0.3564
-11.2500 54.4162 0.3814 0.3083 0.3103 0.00000 6.832 1500.0 12.0 0.0000 0.5099 65.70 0.3645
-8.4375 54.4162 0.4053 0.2899 0.3048 0.00000 6.567 1500.0 12.0 0.0000 0.3895 49.48 0.3714
-5.6250 54.4162 0.3751 0.3135 0.3114 0.00000 6.798 1500.0 12.0 0.0000 0.2439 31.53 0.3860
-2.8125 54.4162 0.3589 0.3238 0.3172 0.00000 6.936 1500.0 12.0 0.0000 0.2326 30.39 0.3927
0.0000 51.6257 0.3078 0.3556 0.3367 0.00000 7.755 1500.0 12.0 0.0000 0.7522 101.62 0.3779
2.8125 51.6257 0.3611 0.3209 0.3180 0.00000 7.083 1500.0 12.0 0.0000 0.9659 126.14 0.3876
5.6250 51.6257 0.2713 0.3791 0.3496 0.00000 8.166 1500.0 12.0 0.0000 1.4714 203.33 0.3684
8.4375 51.6257 0.2670 0.3782 0.3548 0.00000 8.337 1500.0 12.0 0.0000 2.8014 388.88 0.3356
11.2500 51.6257 0.2259 0.4024 0.3717 0.00000 8.875 1500.0 12.0 0.0000 2.7967 398.44 0.3120
14.0625 51.6257 0.2276 0.4004 0.3720 0.00000 8.922 1500.0 12.0 0.0000 2.3457 334.00 0.3014
16.8750 51.6257 0.3038 0.3495 0.3467 0.00000 8.029 1500.0 12.0 0.0000 2.2879 311.25 0.3003
19.6875 51.6257 0.3497 0.3210 0.3294 0.00000 7.444 1500.0 12.0 0.0000 2.6497 349.96 0.3131
22.5000 51.6257 0.3933 0.2959 0.3108 0.00000 6.853 1500.0 12.0 0.0000 2.7076 347.00 0.3264
25.3125 51.6257 0.2543 0.3915 0.3542 0.00000 8.307 1500.0 12.0 0.0000 2.1258 296.63 0.3442
28.1250 51.6257 0.2487 0.3951 0.3562 0.00000 8.395 1500.0 12.0 0.0000 1.8432 258.06 0.3498
30.9375 51.6257 0.3430 0.3508 0.3062 0.00000 7.709 1500.0 12.0 0.0000 1.6837 220.32 0.3344
33.7500 51.6257 0.3508 0.3137 0.3355 0.00000 6.907 1500.0 12.0 0.0000 1.4833 196.45 0.2960
36.5625 51.6257 0.3018 0.3406 0.3576 0.00000 7.143 1500.0 12.0 0.0000 1.2914 176.83 0.2838
39.3750 51.6257 0.3834 0.2999 0.3167 0.00000 6.741 1500.0 12.0 0.0000 1.9874 256.70 0.2854
95.6250 51.6257 0.3963 0.3208 0.2829 0.00000 5.491 1500.0 12.0 0.0000 1.3516 170.34 0.6368
98.4375 51.6257 0.3996 0.3381 0.2623 0.00000 5.529 1500.0 12.0 0.0000 0.6955 86.52 0.7014
104.0625 51.6257 0.4793 0.2800 0.2407 0.00000 5.408 1500.0 12.0 0.0000 0.2316 27.35 0.5416
106.8750 51.6257 0.4887 0.2484 0.2629 0.00000 5.509 1500.0 12.0 0.0000 0.1634 19.46 0.4028
109.6875 51.6257 0.5142 0.2303 0.2555 0.00000 6.052 1500.0 12.0 0.0000 0.2309 27.03 0.3003
112.5000 51.6257 0.4728 0.2459 0.2812 0.00000 6.415 1500.0 12.0 0.0000 0.2188 26.55 0.2690
123.7500 51.6257 0.2755 0.3468 0.3776 0.00000 6.675 1500.0 12.0 0.0000 2.5305 354.02 0.3242
126.5625 51.6257 0.3371 0.3125 0.3503 0.00000 6.414 1500.0 12.0 0.0000 5.0000 671.48 0.3460
168.7500 51.6257 0.5207 0.2481 0.2312 0.00000 6.250 1500.0 12.0 0.0000 3.4895 401.09 0.4258
-154.6875 51.6257 0.3411 0.3165 0.3424 0.00000 7.308 1500.0 12.0 0.0000 1.9156 255.73 0.3019
-151.8750 51.6257 0.3487 0.3011 0.3501 0.00000 6.983 1500.0 12.0 0.0000 2.9884 399.20 0.2567
-149.0625 51.6257 0.3523 0.2876 0.3601 0.00000 6.899 1500.0 12.0 0.0000 4.0823 547.31 0.1900
-146.2500 51.6257 0.5745 0.1812 0.2443 0.00000 6.851 1500.0 12.0 0.0000 2.7316 307.66 0.1460
-143.4375 51.6257 0.4917 0.2374 0.2709 0.00000 7.286 1500.0 12.0 0.0000 1.1321 135.24 0.2006
-140.6250 51.6257 0.3629 0.3136 0.3235 0.00000 7.589 1500.0 12.0 0.0000 0.5803 75.95 0.2846
-137.8125 51.6257 0.3292 0.3399 0.3309 0.00000 7.574 1500.0 12.0 0.0000 0.5627 75.07 0.3433
-135.0000 51.6257 0.4495 0.2766 0.2740 0.00000 6.788 1500.0 12.0 0.0000 0.7258 88.70 0.3540
-132.1875 51.6257 0.3409 0.3195 0.3396 0.00000 6.413 1500.0 12.0 0.0000 1.0482 139.75 0.3451
-129.3750 51.6257 0.2719 0.3397 0.3884 0.00000 6.303 1500.0 12.0 0.0000 0.9147 128.85 0.3199
-126.5625 51.6257 0.4478 0.2619 0.2903 0.00000 6.594 1500.0 12.0 0.0000 0.9688 119.60 0.2753
-123.7500 51.6257 0.4772 0.2415 0.2813 0.00000 6.837 1500.0 12.0 0.0000 1.1400 138.01 0.2123
-112.5000 51.6257 0.3786 0.2922 0.3291 0.00000 7.155 1500.0 12.0 0.0000 1.7543 228.63 0.2663
-109.6875 51.6257 0.4441 0.2552 0.3008 0.00000 6.529 1500.0 12.0 0.0000 1.6208 201.65 0.2743
-104.0625 51.6257 0.3409 0.3044 0.3547 0.00000 6.371 1500.0 12.0 0.0000 1.5074 202.56 0.2921
-101.2500 51.6257 0.3356 0.3070 0.3574 0.00000 6.475 1500.0 12.0 0.0000 1.5972 215.43 0.2889
-98.4375 51.6257 0.3257 0.3164 0.3579 0.00000 6.759 1500.0 12.0 0.0000 2.1985 297.92 0.2899
-95.6250 51.6257 0.3131 0.3231 0.3638 0.00000 6.638 1500.0 12.0 0.0000 3.2523 444.54 0.2941
-92.8125 51.6257 0.3194 0.3235 0.3571 0.00000 6.865 1500.0 12.0 0.0000 4.2568 578.22 0.2889
-90.0000 51.6257 0.3461 0.2957 0.3583 0.00000 6.237 1500.0 12.0 0.0000 5.0000 671.57 0.2858
-87.1875 51.6257 0.3421 0.3166 0.3413 0.00000 6.770 1500.0 12.0 0.0000 5.0000 666.83 0.3296
-25.3125 51.6257 0.3090 0.3383 0.3527 0.00000 6.239 1500.0 12.0 0.0000 1.7036 231.95 0.4394
-22.5000 51.6257 0.4153 0.2960 0.2886 0.00000 6.391 1500.0 12.0 0.0000 4.0530 507.79 0.4029
-19.6875 51.6257 0.5366 0.2263 0.2371 0.00000 6.547 1500.0 12.0 0.0000 3.7966 434.31 0.3028
-16.8750 51.6257 0.4285 0.2605 0.3110 0.00000 7.546 1500.0 12.0 0.0000 1.1580 145.98 0.1350
-14.0625 51.6257 0.4343 0.2419 0.3238 0.00000 7.511 1500.0 12.0 0.0000 0.2901 36.73 0.0628
-11.2500 51.6257 0.4797 0.2138 0.3065 0.00000 7.005 1500.0 12.0 0.0000 0.2240 27.48 0.0628
-8.4375 51.6257 0.4712 0.2186 0.3102 0.00000 7.103 1500.0 12.0 0.0000 0.2101 25.93 0.0628
-5.6250 51.6257 0.3559 0.3087 0.3354 0.00000 7.818 1500.0 12.0 0.0000 0.7655 101.14 0.2359
-2.8125 51.6257 0.2970 0.3577 0.3453 0.00000 8.093 1500.0 12.0 0.0000 0.7054 96.19 0.3316
0.0000 48.8352 0.2512 0.3887 0.3601 0.00000 8.687 1500.0 12.0 0.0000 1.6200 227.02 0.3343
2.8125 48.8352 0.3063 0.3573 0.3364 0.00000 7.831 1500.0 12.0 0.0000 2.0249 273.71 0.3847
5.6250 48.8352 0.3296 0.3419 0.3285 0.00000 7.529 1500.0 12.0 0.0000 2.5021 333.34 0.3875
8.4375 48.8352 0.3242 0.3458 0.3300 0.00000 7.570 1500.0 12.0 0.0000 2.6992 360.74 0.3861
11.2500 48.8352 0.2364 0.4055 0.3580 0.00000 8.553 1500.0 12.0 0.0000 2.5165 354.52 0.3905
14.0625 48.8352 0.2743 0.3791 0.3466 0.00000 8.039 1500.0 12.0 0.0000 2.7070 373.02 0.3947
16.8750 48.8352 0.2787 0.3772 0.3441 0.00000 7.909 1500.0 12.0 0.0000 3.6429 500.43 0.4079
19.6875 48.8352 0.3773 0.3144 0.3083 0.00000 6.752 1500.0 12.0 0.0000 4.7772 615.98 0.4253
22.5000 48.8352 0.3652 0.3238 0.3110 0.00000 6.793 1500.0 12.0 0.0000 3.3527 435.38 0.4464
25.3125 48.8352 0.3473 0.3384 0.3143 0.00000 6.939 1500.0 12.0 0.0000 2.3870 313.10 0.4592
28.1250 48.8352 0.4158 0.3119 0.2723 0.00000 6.735 1500.0 12.0 0.0000 2.7586 342.38 0.4584
30.9375 48.8352 0.5398 0.2425 0.2177 0.00000 5.948 1500.0 12.0 0.0000 4.1221 465.20 0.4314
33.7500 48.8352 0.3793 0.2952 0.3255 0.00000 5.928 1500.0 12.0 0.0000 2.8063 364.89 0.3830
36.5625 48.8352 0.3495 0.3023 0.3483 0.00000 6.282 1500.0 12.0 0.0000 2.4656 328.94 0.3281
39.3750 48.8352 0.3989 0.2831 0.3180 0.00000 6.541 1500.0 12.0 0.0000 2.2098 283.57 0.3008
95.6250 48.8352 0.3775 0.3317 0.2908 0.00000 5.930 1500.0 12.0 0.0000 2.9746 379.87 0.5938
98.4375 48.8352 0.3480 0.3488 0.3031 0.00000 5.801 1500.0 12.0 0.0000 1.0136 132.12 0.6972
106.8750 48.8352 0.1047 0.6182 0.2771 0.00000 5.908 1500.0 12.0 0.0000 0.1843 26.38 0.5267
129.3750 48.8352 0.4151 0.2744 0.3105 0.00000 6.528 1500.0 12.0 0.0000 3.5231 446.82 0.3622
-151.8750 48.8352 0.4032 0.2604 0.3364 0.00000 7.113 1500.0 12.0 0.0000 1.2044 155.80 0.0845
-149.0625 48.8352 0.3780 0.2640 0.3581 0.00000 7.311 1500.0 12.0 0.0000 1.0892 144.20 0.0809
-146.2500 48.8352 0.4764 0.2193 0.3043 0.00000 7.239 1500.0 12.0 0.0000 1.2815 157.26 0.0836
-143.4375 48.8352 0.3972 0.2736 0.3292 0.00000 8.491 1500.0 12.0 0.0000 0.9927 128.27 0.0858
-140.6250 48.8352 0.3512 0.2957 0.3531 0.00000 8.585 1500.0 12.0 0.0000 0.5014 67.01 0.0822
-137.8125 48.8352 0.3118 0.3184 0.3698 0.00000 8.820 1500.0 12.0 0.0000 0.3816 52.35 0.0896
-135.0000 48.8352 0.3005 0.3420 0.3576 0.00000 8.754 1500.0 12.0 0.0000 0.6038 82.73 0.1935
-132.1875 48.8352 0.2732 0.3426 0.3842 0.00000 7.037 1500.0 12.0 0.0000 0.7839 110.14 0.2734
-129.3750 48.8352 0.2659 0.3457 0.3884 0.00000 6.652 1500.0 12.0 0.0000 1.3118 185.27 0.2962
-126.5625 48.8352 0.4359 0.2723 0.2918 0.00000 6.972 1500.0 12.0 0.0000 0.9576 119.00 0.2661
-25.3125 48.8352 0.3489 0.2999 0.3512 0.00000 7.123 1500.0 12.0 0.0000 2.1986 293.84 0.2428
-22.5000 48.8352 0.4411 0.2581 0.3008 0.00000 7.877 1500.0 12.0 0.0000 3.8135 475.12 0.1453
-19.6875 48.8352 0.4952 0.2172 0.2875 0.00000 7.712 1500.0 12.0 0.0000 1.7614 212.10 0.0736
-16.8750 48.8352 0.4184 0.2539 0.3278 0.00000 7.861 1500.0 12.0 0.0000 0.6603 84.42 0.0665
-14.0625 48.8352 0.4297 0.2460 0.3243 0.00000 7.545 1500.0 12.0 0.0000 0.6033 76.56 0.0659
-11.2500 48.8352 0.4924 0.2060 0.3016 0.00000 6.865 1500.0 12.0 0.0000 0.5913 71.88 0.0628
-8.4375 48.8352 0.4197 0.2496 0.3307 0.00000 7.679 1500.0 12.0 0.0000 0.7047 90.18 0.0628
-5.6250 48.8352 0.3838 0.2713 0.3449 0.00000 8.081 1500.0 12.0 0.0000 0.5057 66.31 0.0628
-2.8125 48.8352 0.3511 0.2975 0.3514 0.00000 8.312 1500.0 12.0 0.0000 1.4441 192.83 0.1147
0.0000 46.0447 0.4042 0.2837 0.3121 0.00000 7.169 1500.0 12.0 0.0000 1.6602 211.83 0.2875
2.8125 46.0447 0.4542 0.2569 0.2889 0.00000 6.315 1500.0 12.0 0.0000 1.6444 202.22 0.3551
5.6250 46.0447 0.3638 0.3194 0.3168 0.00000 7.176 1500.0 12.0 0.0000 1.6851 219.65 0.3908
8.4375 46.0447 0.3592 0.3249 0.3159 0.00000 7.121 1500.0 12.0 0.0000 1.6631 217.13 0.4151
11.2500 46.0447 0.2849 0.3811 0.3340 0.00000 7.852 1500.0 12.0 0.0000 1.3764 187.59 0.4342
14.0625 46.0447 0.3051 0.3664 0.3285 0.00000 7.609 1500.0 12.0 0.0000 1.6629 223.97 0.4390
16.8750 46.0447 0.3764 0.3164 0.3073 0.00000 6.839 1500.0 12.0 0.0000 2.4152 311.38 0.4332
19.6875 46.0447 0.4185 0.2862 0.2953 0.00000 6.319 1500.0 12.0 0.0000 3.7348 468.94 0.4337
22.5000 46.0447 0.4031 0.2975 0.2993 0.00000 6.542 1500.0 12.0 0.0000 4.1530 526.46 0.4385
25.3125 46.0447 0.4184 0.2915 0.2901 0.00000 6.450 1500.0 12.0 0.0000 2.8375 355.24 0.4318
28.1250 46.0447 0.4379 0.3015 0.2606 0.00000 6.948 1500.0 12.0 0.0000 3.4470 420.41 0.4149
30.9375 46.0447 0.5839 0.2003 0.2158 0.00000 6.034 1500.0 12.0 0.0000 4.6752 514.63 0.3336
33.7500 46.0447 0.4318 0.2475 0.3206 0.00000 6.478 1500.0 12.0 0.0000 3.3093 418.73 0.2212
-160.3125 46.0447 0.3322 0.2838 0.3840 0.00000 7.481 1500.0 12.0 0.0000 0.9210 126.13 0.0655
-157.5000 46.0447 0.4694 0.2136 0.3170 0.00000 6.918 1500.0 12.0 0.0000 0.9535 118.27 0.0628
-151.8750 46.0447 0.4846 0.2033 0.3121 0.00000 6.593 1500.0 12.0 0.0000 1.9663 241.40 0.0804
-149.0625 46.0447 0.4484 0.2252 0.3263 0.00000 6.905 1500.0 12.0 0.0000 1.8926 238.34 0.0816
-146.2500 46.0447 0.3393 0.2905 0.3702 0.00000 7.930 1500.0 12.0 0.0000 0.6929 93.93 0.0856
-143.4375 46.0447 0.4863 0.2237 0.2900 0.00000 7.751 1500.0 12.0 0.0000 0.8105 98.17 0.0928
-140.6250 46.0447 0.2841 0.3371 0.3788 0.00000 9.253 1500.0 12.0 0.0000 0.5465 76.22 0.0929
-137.8125 46.0447 0.2684 0.3434 0.3882 0.00000 9.257 1500.0 12.0 0.0000 0.5262 74.23 0.0874
-135.0000 46.0447 0.3116 0.3087 0.3798 0.00000 8.349 1500.0 12.0 0.0000 0.4554 62.80 0.0787
-132.1875 46.0447 0.2768 0.3200 0.4032 0.00000 7.565 1500.0 12.0 0.0000 0.8851 125.34 0.1341
-129.3750 46.0447 0.3015 0.2915 0.4070 0.00000 6.777 1500.0 12.0 0.0000 1.1050 155.13 0.1247
-126.5625 46.0447 0.3287 0.2847 0.3866 0.00000 7.043 1500.0 12.0 0.0000 1.1489 157.80 0.1026
-25.3125 46.0447 0.4216 0.2360 0.3423 0.00000 6.834 1500.0 12.0 0.0000 0.6470 83.25 0.0864
-22.5000 46.0447 0.3945 0.2647 0.3407 0.00000 7.879 1500.0 12.0 0.0000 1.5109 196.69 0.0857
-19.6875 46.0447 0.4707 0.2333 0.2960 0.00000 7.876 1500.0 12.0 0.0000 2.0440 250.34 0.0808
-16.8750 46.0447 0.5503 0.1871 0.2626 0.00000 7.293 1500.0 12.0 0.0000 2.1813 251.65 0.0825
-14.0625 46.0447 0.4570 0.2324 0.3106 0.00000 7.326 1500.0 12.0 0.0000 1.2928 160.73 0.0815
-11.2500 46.0447 0.4811 0.2134 0.3055 0.00000 6.975 1500.0 12.0 0.0000 1.0239 125.44 0.0725
-8.4375 46.0447 0.3901 0.2717 0.3381 0.00000 7.951 1500.0 12.0 0.0000 1.0190 132.74 0.0822
-5.6250 46.0447 0.3979 0.2627 0.3394 0.00000 7.924 1500.0 12.0 0.0000 0.4093 53.16 0.0628
-2.8125 46.0447 0.4007 0.2618 0.3375 0.00000 7.886 1500.0 12.0 0.0000 0.3376 43.75 0.0628
0.0000 43.2542 0.4350 0.2816 0.2834 0.00000 6.935 1500.0 12.0 0.0000 2.7973 346.13 0.3346
2.8125 43.2542 0.3871 0.3158 0.2972 0.00000 7.371 1500.0 12.0 0.0000 2.1745 277.42 0.3758
5.6250 43.2542 0.3809 0.3195 0.2996 0.00000 7.309 1500.0 12.0 0.0000 2.0591 263.81 0.4051
8.4375 43.2542 0.3539 0.3424 0.3036 0.00000 7.433 1500.0 12.0 0.0000 1.8146 235.93 0.4270
11.2500 43.2542 0.2787 0.3941 0.3272 0.00000 8.058 1500.0 12.0 0.0000 1.7198 234.19 0.4256
14.0625 43.2542 0.3306 0.3439 0.3255 0.00000 7.722 1500.0 12.0 0.0000 2.2793 303.02 0.3622
16.8750 43.2542 0.4526 0.2451 0.3022 0.00000 6.874 1500.0 12.0 0.0000 3.6846 456.88 0.2136
19.6875 43.2542 0.4152 0.2599 0.3249 0.00000 7.589 1500.0 12.0 0.0000 3.5029 447.76 0.1126
22.5000 43.2542 0.4083 0.2601 0.3316 0.00000 7.750 1500.0 12.0 0.0000 4.0613 522.76 0.0831
25.3125 43.2542 0.4682 0.2220 0.3098 0.00000 7.112 1500.0 12.0 0.0000 2.9977 370.48 0.0711
28.1250 43.2542 0.5000 0.2087 0.2913 0.00000 7.199 1500.0 12.0 0.0000 2.3243 279.83 0.0628
30.9375 43.2542 0.6485 0.1276 0.2238 0.00000 6.497 1500.0 12.0 0.0000 3.2937 351.62 0.0628
39.3750 43.2542 0.4651 0.2136 0.3213 0.00000 6.755 1500.0 12.0 0.0000 1.7455 217.46 0.0628
-163.1250 43.2542 0.4550 0.2274 0.3175 0.00000 7.150 1500.0 12.0 0.0000 1.0363 129.46 0.0628
-160.3125 43.2542 0.4531 0.2242 0.3227 0.00000 7.117 1500.0 12.0 0.0000 1.3576 170.24 0.0628
-157.5000 43.2542 0.4369 0.2347 0.3284 0.00000 7.284 1500.0 12.0 0.0000 0.7744 98.18 0.0628
-154.6875 43.2542 0.4755 0.2156 0.3088 0.00000 7.283 1500.0 12.0 0.0000 0.6455 79.45 0.0628
-151.8750 43.2542 0.4594 0.2319 0.3087 0.00000 7.739 1500.0 12.0 0.0000 0.5721 70.97 0.0725
-149.0625 43.2542 0.2619 0.3387 0.3995 0.00000 8.814 1500.0 12.0 0.0000 0.2597 36.94 0.0754
-146.2500 43.2542 0.4724 0.2194 0.3082 0.00000 7.130 1500.0 12.0 0.0000 0.4253 52.41 0.0765
-143.4375 43.2542 0.3178 0.2946 0.3876 0.00000 7.526 1500.0 12.0 0.0000 0.3115 43.01 0.0830
-140.6250 43.2542 0.3592 0.2844 0.3564 0.00000 8.013 1500.0 12.0 0.0000 0.2932 39.12 0.0894
-137.8125 43.2542 0.3826 0.2747 0.3427 0.00000 8.049 1500.0 12.0 0.0000 0.4265 55.88 0.0865
-135.0000 43.2542 0.5415 0.1807 0.2778 0.00000 6.678 1500.0 12.0 0.0000 1.2415 145.20 0.0798
-132.1875 43.2542 0.4154 0.2398 0.3448 0.00000 6.845 1500.0 12.0 0.0000 1.5661 202.35 0.0888
-129.3750 43.2542 0.3105 0.2889 0.4006 0.00000 7.109 1500.0 12.0 0.0000 0.9928 138.40 0.0968
-45.0000 43.2542 0.5068 0.2048 0.2884 0.00000 7.235 1500.0 12.0 0.0000 0.1921 23.01 0.0777
-42.1875 43.2542 0.4585 0.2239 0.3176 0.00000 7.195 1500.0 12.0 0.0000 0.0745 10.00 0.0628
-39.3750 43.2542 0.2827 0.3982 0.3190 0.00000 6.953 1500.0 12.0 0.0000 0.4715 63.82 0.1773
-22.5000 43.2542 0.3684 0.2655 0.3661 0.00000 7.080 1500.0 12.0 0.0000 1.1217 149.76 0.0796
-19.6875 43.2542 0.5440 0.1768 0.2792 0.00000 6.746 1500.0 12.0 0.0000 1.4846 173.56 0.0628
-16.8750 43.2542 0.5544 0.1854 0.2602 0.00000 7.409 1500.0 12.0 0.0000 1.3444 154.54 0.0628
-14.0625 43.2542 0.4272 0.2463 0.3265 0.00000 7.731 1500.0 12.0 0.0000 0.7495 95.35 0.0628
-11.2500 43.2542 0.4179 0.2521 0.3301 0.00000 7.694 1500.0 12.0 0.0000 0.6107 78.19 0.0628
-8.4375 43.2542 0.3517 0.2948 0.3534 0.00000 8.409 1500.0 12.0 0.0000 0.4493 60.04 0.0628
-5.6250 43.2542 0.4177 0.2644 0.3179 0.00000 7.674 1500.0 12.0 0.0000 1.9698 250.54 0.1439
-2.8125 43.2542 0.3762 0.3077 0.3161 0.00000 7.329 1500.0 12.0 0.0000 2.1095 273.29 0.3033
0.0000 40.4636 0.3156 0.3437 0.3407 0.00000 6.663 1500.0 12.0 0.0000 2.6104 352.19 0.4211
2.8125 40.4636 0.2856 0.3676 0.3468 0.00000 7.260 1500.0 12.0 0.0000 2.4700 338.72 0.4452
5.6250 40.4636 0.3251 0.3573 0.3177 0.00000 7.462 1500.0 12.0 0.0000 3.0373 403.15 0.4544
8.4375 40.4636 0.4557 0.2776 0.2668 0.00000 6.973 1500.0 12.0 0.0000 3.5459 430.24 0.3758
11.2500 40.4636 0.5380 0.1994 0.2625 0.00000 7.431 1500.0 12.0 0.0000 2.7941 324.38 0.0987
14.0625 40.4636 0.5968 0.1586 0.2446 0.00000 6.919 1500.0 12.0 0.0000 1.7619 196.13 0.0666
16.8750 40.4636 0.3767 0.2790 0.3443 0.00000 8.212 1500.0 12.0 0.0000 1.0370 136.37 0.0686
19.6875 40.4636 0.4446 0.2368 0.3186 0.00000 7.364 1500.0 12.0 0.0000 1.5379 193.20 0.0777
22.5000 40.4636 0.4885 0.2109 0.3006 0.00000 6.837 1500.0 12.0 0.0000 3.1106 378.67 0.0877
25.3125 40.4636 0.4328 0.2461 0.3210 0.00000 7.430 1500.0 12.0 0.0000 5.0000 632.52 0.0954
28.1250 40.4636 0.4932 0.2084 0.2984 0.00000 6.796 1500.0 12.0 0.0000 5.0000 606.50 0.0945
30.9375 40.4636 0.4794 0.2165 0.3041 0.00000 6.962 1500.0 12.0 0.0000 4.1179 504.54 0.0847
33.7500 40.4636 0.5357 0.1858 0.2785 0.00000 6.812 1500.0 12.0 0.0000 2.8346 332.64 0.0705
36.5625 40.4636 0.6233 0.1464 0.2303 0.00000 6.905 1500.0 12.0 0.0000 5.0000 543.61 0.0686
39.3750 40.4636 0.5142 0.1962 0.2896 0.00000 7.068 1500.0 12.0 0.0000 3.8629 461.32 0.0713
-165.9375 40.4636 0.3381 0.2975 0.3643 0.00000 8.074 1500.0 12.0 0.0000 1.0353 139.99 0.0628
-163.1250 40.4636 0.4620 0.2491 0.2889 0.00000 7.882 1500.0 12.0 0.0000 1.1954 146.44 0.0628
-160.3125 40.4636 0.4519 0.2407 0.3073 0.00000 7.930 1500.0 12.0 0.0000 1.2847 159.81 0.0628
-157.5000 40.4636 0.6077 0.1504 0.2419 0.00000 6.755 1500.0 12.0 0.0000 0.5764 63.67 0.0628
-154.6875 40.4636 0.5071 0.2048 0.2882 0.00000 7.365 1500.0 12.0 0.0000 0.2073 24.82 0.0628
-151.8750 40.4636 0.3211 0.3145 0.3645 0.00000 8.979 1500.0 12.0 0.0000 0.1312 17.87 0.0652
-149.0625 40.4636 0.2894 0.3157 0.3949 0.00000 8.252 1500.0 12.0 0.0000 0.1475 20.68 0.0692
-146.2500 40.4636 0.5351 0.1957 0.2692 0.00000 7.245 1500.0 12.0 0.0000 0.3699 43.18 0.0772
-143.4375 40.4636 0.3489 0.2686 0.3826 0.00000 7.034 1500.0 12.0 0.0000 0.2426 32.96 0.0755
-140.6250 40.4636 0.4266 0.2380 0.3354 0.00000 7.152 1500.0 12.0 0.0000 0.1790 22.89 0.0757
-137.8125 40.4636 0.3494 0.2938 0.3568 0.00000 8.443 1500.0 12.0 0.0000 0.3457 46.33 0.0800
-135.0000 40.4636 0.4265 0.2508 0.3227 0.00000 7.814 1500.0 12.0 0.0000 0.7798 99.04 0.0819
-132.1875 40.4636 0.4408 0.2454 0.3137 0.00000 7.586 1500.0 12.0 0.0000 2.1251 266.72 0.1187
-129.3750 40.4636 0.3568 0.2787 0.3645 0.00000 7.421 1500.0 12.0 0.0000 1.2007 161.03 0.1120
-126.5625 40.4636 0.3169 0.2852 0.3979 0.00000 7.173 1500.0 12.0 0.0000 0.6965 96.71 0.0628
-104.0625 40.4636 0.4721 0.2235 0.3044 0.00000 7.751 1500.0 12.0 0.0000 1.0872 133.71 0.0628
-47.8125 40.4636 0.5996 0.1550 0.2454 0.00000 6.786 1500.0 12.0 0.0000 0.3152 35.05 0.0712
-45.0000 40.4636 0.3539 0.2663 0.3798 0.00000 7.158 1500.0 12.0 0.0000 0.1190 16.11 0.0628
-42.1875 40.4636 0.3693 0.2614 0.3693 0.00000 7.237 1500.0 12.0 0.0000 0.1368 18.29 0.0628
-39.3750 40.4636 0.3273 0.3560 0.3167 0.00000 6.282 1500.0 12.0 0.0000 0.4335 57.46 0.5769
-36.5625 40.4636 0.2895 0.4226 0.2879 0.00000 5.821 1500.0 12.0 0.0000 0.2808 37.28 1.0177
-33.7500 40.4636 0.2021 0.5427 0.2552 0.00000 6.430 1500.0 12.0 0.0000 0.3203 43.48 1.0413
-22.5000 40.4636 0.3281 0.2769 0.3950 0.00000 7.145 1500.0 12.0 0.0000 0.2506 34.57 0.0628
-19.6875 40.4636 0.3003 0.3222 0.3776 0.00000 7.405 1500.0 12.0 0.0000 3.9296 543.90 0.2150
-16.8750 40.4636 0.3702 0.3290 0.3008 0.00000 7.388 1500.0 12.0 0.0000 4.8550 625.55 0.3782
-14.0625 40.4636 0.3976 0.3109 0.2915 0.00000 7.265 1500.0 12.0 0.0000 4.4063 557.60 0.4016
-11.2500 40.4636 0.4763 0.2660 0.2577 0.00000 6.344 1500.0 12.0 0.0000 4.6016 549.71 0.4322
-8.4375 40.4636 0.3665 0.3362 0.2973 0.00000 6.973 1500.0 12.0 0.0000 3.1037 399.81 0.4944
-5.6250 40.4636 0.2338 0.4034 0.3629 0.00000 7.077 1500.0 12.0 0.0000 2.2634 319.99 0.5000
-2.8125 40.4636 0.2494 0.3828 0.3678 0.00000 6.656 1500.0 12.0 0.0000 2.4028 338.26 0.4712
0.0000 37.6731 0.3430 0.3275 0.3296 0.00000 7.304 1500.0 12.0 0.0000 2.0544 272.19 0.3892
2.8125 37.6731 0.3517 0.3217 0.3266 0.00000 6.708 1500.0 12.0 0.0000 2.6492 349.06 0.4440
5.6250 37.6731 0.3758 0.2999 0.3243 0.00000 6.890 1500.0 12.0 0.0000 3.3059 430.27 0.3185
8.4375 37.6731 0.3787 0.2492 0.3721 0.00000 6.738 1500.0 12.0 0.0000 1.4520 193.58 0.0750
11.2500 37.6731 0.4753 0.2176 0.3071 0.00000 7.112 1500.0 12.0 0.0000 2.0341 250.15 0.0820
14.0625 37.6731 0.5399 0.2045 0.2556 0.00000 7.358 1500.0 12.0 0.0000 3.9570 457.05 0.0992
16.8750 37.6731 0.4398 0.2501 0.3101 0.00000 7.479 1500.0 12.0 0.0000 3.2247 404.11 0.1191
19.6875 37.6731 0.4300 0.2511 0.3190 0.00000 7.432 1500.0 12.0 0.0000 2.8600 361.87 0.1276
22.5000 37.6731 0.4809 0.2195 0.2996 0.00000 6.874 1500.0 12.0 0.0000 4.3235 527.99 0.1223
25.3125 37.6731 0.3130 0.3511 0.3358 0.00000 8.529 1500.0 12.0 0.0000 5.0000 673.63 0.1125
28.1250 37.6731 0.3088 0.3449 0.3463 0.00000 8.663 1500.0 12.0 0.0000 5.0000 678.58 0.1021
30.9375 37.6731 0.3827 0.2754 0.3419 0.00000 8.040 1500.0 12.0 0.0000 5.0000 654.85 0.0914
33.7500 37.6731 0.4564 0.2332 0.3104 0.00000 7.206 1500.0 12.0 0.0000 5.0000 621.74 0.1099
36.5625 37.6731 0.5499 0.1881 0.2620 0.00000 7.014 1500.0 12.0 0.0000 5.0000 576.75 0.1064
39.3750 37.6731 0.6886 0.1090 0.2024 0.00000 6.407 1500.0 12.0 0.0000 5.0000 514.24 0.0715
87.1875 37.6731 0.1565 0.5103 0.3332 0.00000 7.747 1500.0 12.0 0.0000 0.9076 130.63 0.0872
90.0000 37.6731 0.3588 0.3033 0.3379 0.00000 7.277 1500.0 12.0 0.0000 0.4322 57.10 0.0628
92.8125 37.6731 0.4052 0.2447 0.3501 0.00000 6.877 1500.0 12.0 0.0000 0.6883 89.61 0.0641
98.4375 37.6731 0.4068 0.2418 0.3514 0.00000 6.905 1500.0 12.0 0.0000 1.1423 148.71 0.0660
101.2500 37.6731 0.4344 0.2378 0.3278 0.00000 7.184 1500.0 12.0 0.0000 1.0152 128.82 0.0628
132.1875 37.6731 0.1034 0.5906 0.3059 0.00000 6.904 1500.0 12.0 0.0000 0.0859 12.47 0.0628
-168.7500 37.6731 0.4500 0.2284 0.3216 0.00000 7.014 1500.0 12.0 0.0000 2.0323 255.08 0.0810
-165.9375 37.6731 0.4158 0.2545 0.3296 0.00000 7.310 1500.0 12.0 0.0000 1.4193 181.85 0.0628
-163.1250 37.6731 0.4325 0.2560 0.3115 0.00000 7.858 1500.0 12.0 0.0000 0.6165 77.59 0.0628
-160.3125 37.6731 0.3918 0.2732 0.3350 0.00000 7.940 1500.0 12.0 0.0000 0.2369 30.79 0.0628
-157.5000 37.6731 0.4644 0.2230 0.3126 0.00000 7.200 1500.0 12.0 0.0000 0.2073 25.71 0.0628
-154.6875 37.6731 0.4093 0.2537 0.3370 0.00000 7.596 1500.0 12.0 0.0000 0.1768 22.81 0.0628
-151.8750 37.6731 0.3137 0.3093 0.3770 0.00000 7.727 1500.0 12.0 0.0000 0.6901 94.94 0.1390
-149.0625 37.6731 0.2742 0.3283 0.3974 0.00000 7.200 1500.0 12.0 0.0000 0.9823 138.87 0.1936
-146.2500 37.6731 0.3781 0.2726 0.3493 0.00000 7.813 1500.0 12.0 0.0000 0.2108 27.78 0.0738
-143.4375 37.6731 0.5500 0.1826 0.2673 0.00000 7.073 1500.0 12.0 0.0000 0.3518 40.71 0.0709
-140.6250 37.6731 0.3473 0.2616 0.3911 0.00000 6.688 1500.0 12.0 0.0000 0.3266 44.60 0.0713
-137.8125 37.6731 0.3935 0.2647 0.3418 0.00000 7.877 1500.0 12.0 0.0000 0.1888 24.60 0.0705
-135.0000 37.6731 0.3171 0.3182 0.3646 0.00000 8.750 1500.0 12.0 0.0000 0.5118 69.86 0.1113
-132.1875 37.6731 0.4355 0.2607 0.3037 0.00000 8.005 1500.0 12.0 0.0000 1.7235 215.66 0.1571
-129.3750 37.6731 0.4855 0.2198 0.2948 0.00000 7.146 1500.0 12.0 0.0000 2.8406 345.16 0.1277
-126.5625 37.6731 0.3370 0.2953 0.3676 0.00000 7.298 1500.0 12.0 0.0000 3.7419 507.08 0.1649
-118.1250 37.6731 0.0701 0.6303 0.2995 0.00000 7.046 1500.0 12.0 0.0000 1.1556 169.59 0.1506
-98.4375 37.6731 0.3671 0.2678 0.3651 0.00000 7.026 1500.0 12.0 0.0000 3.1086 415.08 0.1045
-95.6250 37.6731 0.4244 0.2432 0.3324 0.00000 6.955 1500.0 12.0 0.0000 3.3215 424.48 0.1035
-92.8125 37.6731 0.3785 0.2666 0.3549 0.00000 7.333 1500.0 12.0 0.0000 2.7366 361.59 0.0931
-87.1875 37.6731 0.4891 0.2070 0.3038 0.00000 6.591 1500.0 12.0 0.0000 3.0174 367.89 0.1008
-56.2500 37.6731 0.5468 0.1849 0.2684 0.00000 6.869 1500.0 12.0 0.0000 0.3660 42.44 0.1015
-53.4375 37.6731 0.3011 0.3011 0.3978 0.00000 7.358 1500.0 12.0 0.0000 0.5625 78.62 0.1080
-50.6250 37.6731 0.3160 0.2830 0.4009 0.00000 7.167 1500.0 12.0 0.0000 0.4128 57.42 0.0745
-47.8125 37.6731 0.3272 0.2800 0.3928 0.00000 7.416 1500.0 12.0 0.0000 0.1312 18.09 0.0628
-45.0000 37.6731 0.2975 0.2935 0.4091 0.00000 7.430 1500.0 12.0 0.0000 0.0975 13.73 0.0628
-42.1875 37.6731 0.3973 0.2458 0.3569 0.00000 7.152 1500.0 12.0 0.0000 0.1221 16.01 0.0628
-39.3750 37.6731 0.2737 0.3853 0.3410 0.00000 6.325 1500.0 12.0 0.0000 0.4565 62.75 0.6585
-36.5625 37.6731 0.2802 0.4222 0.2976 0.00000 5.139 1500.0 12.0 0.0000 0.3044 40.79 1.2048
-22.5000 37.6731 0.3626 0.2768 0.3606 0.00000 7.592 1500.0 12.0 0.0000 0.2576 34.38 0.0628
-19.6875 37.6731 0.2637 0.3617 0.3746 0.00000 6.568 1500.0 12.0 0.0000 3.3842 475.13 0.4207
-16.8750 37.6731 0.2309 0.4206 0.3486 0.00000 7.086 1500.0 12.0 0.0000 2.8809 404.91 0.6315
-14.0625 37.6731 0.2530 0.4085 0.3385 0.00000 6.400 1500.0 12.0 0.0000 3.5655 493.90 0.6804
-11.2500 37.6731 0.2362 0.4051 0.3587 0.00000 6.060 1500.0 12.0 0.0000 3.3067 466.02 0.6411
-8.4375 37.6731 0.2501 0.3971 0.3528 0.00000 6.545 1500.0 12.0 0.0000 2.4330 339.85 0.5944
-5.6250 37.6731 0.2544 0.3921 0.3535 0.00000 6.829 1500.0 12.0 0.0000 2.2436 312.94 0.5225
-2.8125 37.6731 0.4002 0.3074 0.2924 0.00000 7.169 1500.0 12.0 0.0000 2.3338 295.11 0.3880
11.2500 34.8825 0.4194 0.2448 0.3358 0.00000 6.921 1500.0 12.0 0.0000 2.2846 293.22 0.1190
14.0625 34.8825 0.4919 0.2256 0.2826 0.00000 7.504 1500.0 12.0 0.0000 4.1319 496.95 0.1403
16.8750 34.8825 0.4255 0.2640 0.3105 0.00000 7.869 1500.0 12.0 0.0000 4.2227 532.94 0.1530
19.6875 34.8825 0.4416 0.2448 0.3136 0.00000 7.291 1500.0 12.0 0.0000 3.9298 493.03 0.1406
22.5000 34.8825 0.4735 0.2222 0.3043 0.00000 6.992 1500.0 12.0 0.0000 5.0000 614.47 0.1094
25.3125 34.8825 0.3221 0.3279 0.3500 0.00000 8.594 1500.0 12.0 0.0000 4.9674 671.47 0.0949
28.1250 34.8825 0.2116 0.4281 0.3603 0.00000 9.500 1500.0 12.0 0.0000 4.9766 709.28 0.1103
30.9375 34.8825 0.2818 0.3567 0.3615 0.00000 8.931 1500.0 12.0 0.0000 5.0000 691.97 0.1119
33.7500 34.8825 0.3459 0.3173 0.3368 0.00000 8.243 1500.0 12.0 0.0000 3.7127 493.13 0.0958
36.5625 34.8825 0.3625 0.2986 0.3389 0.00000 8.624 1500.0 12.0 0.0000 1.0738 141.71 0.0628
39.3750 34.8825 0.5156 0.1996 0.2847 0.00000 7.289 1500.0 12.0 0.0000 1.3234 157.48 0.0628
42.1875 34.8825 0.5757 0.1638 0.2605 0.00000 6.644 1500.0 12.0 0.0000 1.5622 177.60 0.0628
45.0000 34.8825 0.6361 0.1336 0.2303 0.00000 6.517 1500.0 12.0 0.0000 2.9396 317.36 0.0628
47.8125 34.8825 0.5103 0.2000 0.2897 0.00000 7.223 1500.0 12.0 0.0000 1.0137 121.29 0.0628
50.6250 34.8825 0.4301 0.2309 0.3390 0.00000 6.862 1500.0 12.0 0.0000 0.4931 63.08 0.0628
87.1875 34.8825 0.4491 0.2362 0.3147 0.00000 7.565 1500.0 12.0 0.0000 0.8748 109.42 0.0745
90.0000 34.8825 0.3442 0.2733 0.3825 0.00000 7.283 1500.0 12.0 0.0000 0.7420 101.01 0.0628
92.8125 34.8825 0.3297 0.2845 0.3858 0.00000 7.401 1500.0 12.0 0.0000 0.6981 95.80 0.0628
95.6250 34.8825 0.4101 0.2522 0.3377 0.00000 7.421 1500.0 12.0 0.0000 1.4018 180.88 0.0840
98.4375 34.8825 0.5102 0.2038 0.2861 0.00000 7.369 1500.0 12.0 0.0000 0.9528 113.77 0.0642
101.2500 34.8825 0.6064 0.1528 0.2408 0.00000 6.957 1500.0 12.0 0.0000 1.6429 181.50 0.0628
104.0625 34.8825 0.5055 0.1942 0.3004 0.00000 6.676 1500.0 12.0 0.0000 1.0961 132.29 0.0628
123.7500 34.8825 0.3876 0.2454 0.3670 0.00000 6.684 1500.0 12.0 0.0000 0.1749 23.16 0.0628
126.5625 34.8825 0.4330 0.2286 0.3384 0.00000 6.813 1500.0 12.0 0.0000 0.0689 10.00 0.0628
129.3750 34.8825 0.4398 0.2273 0.3329 0.00000 6.902 1500.0 12.0 0.0000 0.0676 10.00 0.0628
132.1875 34.8825 0.3362 0.3086 0.3552 0.00000 7.607 1500.0 12.0 0.0000 0.0472 10.00 0.0628
135.0000 34.8825 0.3875 0.2737 0.3389 0.00000 7.434 1500.0 12.0 0.0000 0.0434 10.00 0.0628
143.4375 34.8825 0.3786 0.2740 0.3474 0.00000 7.486 1500.0 12.0 0.0000 0.0516 10.00 0.0628
146.2500 34.8825 0.2321 0.4259 0.3419 0.00000 8.167 1500.0 12.0 0.0000 0.0702 10.00 0.0628
-177.1875 34.8825 0.4564 0.2172 0.3264 0.00000 6.776 1500.0 12.0 0.0000 1.1840 148.54 0.0628
-174.3750 34.8825 0.4805 0.2124 0.3071 0.00000 7.022 1500.0 12.0 0.0000 0.8966 109.99 0.0628
-165.9375 34.8825 0.5428 0.1928 0.2644 0.00000 7.206 1500.0 12.0 0.0000 0.9127 105.82 0.0628
-163.1250 34.8825 0.3967 0.2693 0.3339 0.00000 8.130 1500.0 12.0 0.0000 0.2985 38.68 0.0628
-160.3125 34.8825 0.4048 0.2621 0.3332 0.00000 7.805 1500.0 12.0 0.0000 0.3598 46.43 0.0852
-157.5000 34.8825 0.4490 0.2322 0.3188 0.00000 7.221 1500.0 12.0 0.0000 0.4177 52.37 0.0852
-154.6875 34.8825 0.3076 0.2829 0.4095 0.00000 6.884 1500.0 12.0 0.0000 0.3733 52.34 0.0690
-151.8750 34.8825 0.3229 0.3086 0.3685 0.00000 6.979 1500.0 12.0 0.0000 1.6325 222.71 0.2417
-149.0625 34.8825 0.4346 0.2622 0.3032 0.00000 6.947 1500.0 12.0 0.0000 1.7632 220.66 0.2451
-146.2500 34.8825 0.5092 0.2183 0.2726 0.00000 7.215 1500.0 12.0 0.0000 0.9751 115.58 0.1534
-143.4375 34.8825 0.5566 0.1836 0.2599 0.00000 7.188 1500.0 12.0 0.0000 0.3092 35.50 0.0628
-140.6250 34.8825 0.3013 0.3170 0.3817 0.00000 7.392 1500.0 12.0 0.0000 1.1281 156.41 0.1674
-137.8125 34.8825 0.2905 0.3007 0.4088 0.00000 7.158 1500.0 12.0 0.0000 0.7497 105.85 0.0970
-135.0000 34.8825 0.2877 0.3335 0.3788 0.00000 8.568 1500.0 12.0 0.0000 0.7637 106.34 0.1428
-132.1875 34.8825 0.2784 0.3674 0.3542 0.00000 8.994 1500.0 12.0 0.0000 1.2676 175.04 0.2349
-129.3750 34.8825 0.2518 0.3895 0.3587 0.00000 8.082 1500.0 12.0 0.0000 4.9089 687.24 0.3380
-126.5625 34.8825 0.2971 0.3317 0.3712 0.00000 6.997 1500.0 12.0 0.0000 4.0245 556.02 0.3076
-98.4375 34.8825 0.3697 0.2606 0.3698 0.00000 6.683 1500.0 12.0 0.0000 2.9998 401.08 0.1119
-95.6250 34.8825 0.3790 0.2649 0.3562 0.00000 7.140 1500.0 12.0 0.0000 3.5189 465.18 0.1039
-92.8125 34.8825 0.3920 0.2640 0.3441 0.00000 7.380 1500.0 12.0 0.0000 3.9969 521.86 0.1068
-90.0000 34.8825 0.2872 0.3353 0.3776 0.00000 8.762 1500.0 12.0 0.0000 3.2073 446.46 0.1214
-87.1875 34.8825 0.3258 0.2940 0.3802 0.00000 7.417 1500.0 12.0 0.0000 3.2823 449.88 0.1222
-84.3750 34.8825 0.3749 0.2648 0.3604 0.00000 6.914 1500.0 12.0 0.0000 2.9266 388.45 0.1149
-81.5625 34.8825 0.3549 0.2735 0.3716 0.00000 7.055 1500.0 12.0 0.0000 1.8248 245.83 0.1029
-64.6875 34.8825 0.6146 0.1515 0.2340 0.00000 6.805 1500.0 12.0 0.0000 0.5265 57.65 0.0747
-61.8750 34.8825 0.3478 0.2791 0.3732 0.00000 7.576 1500.0 12.0 0.0000 0.2329 31.50 0.0725
-59.0625 34.8825 0.4507 0.2319 0.3174 0.00000 7.377 1500.0 12.0 0.0000 0.2087 26.12 0.0674
-56.2500 34.8825 0.4863 0.2052 0.3085 0.00000 6.836 1500.0 12.0 0.0000 0.4174 51.10 0.0774
-53.4375 34.8825 0.2872 0.3055 0.4073 0.00000 7.539 1500.0 12.0 0.0000 0.2968 41.94 0.0841
-50.6250 34.8825 0.4335 0.2306 0.3359 0.00000 7.078 1500.0 12.0 0.0000 0.0993 12.67 0.0628
-47.8125 34.8825 0.4676 0.2147 0.3177 0.00000 7.084 1500.0 12.0 0.0000 0.0648 10.00 0.0628
-45.0000 34.8825 0.4391 0.2314 0.3296 0.00000 7.151 1500.0 12.0 0.0000 0.0486 10.00 0.0628
-42.1875 34.8825 0.5851 0.1661 0.2488 0.00000 7.123 1500.0 12.0 0.0000 0.1101 12.37 0.0628
-39.3750 34.8825 0.3853 0.2819 0.3328 0.00000 8.402 1500.0 12.0 0.0000 0.0927 12.07 0.0628
-36.5625 34.8825 0.4012 0.2503 0.3485 0.00000 7.262 1500.0 12.0 0.0000 0.1310 17.07 0.0628
-19.6875 34.8825 0.4592 0.2231 0.3178 0.00000 6.665 1500.0 12.0 0.0000 1.3942 173.85 0.1275
-16.8750 34.8825 0.3207 0.3514 0.3279 0.00000 7.241 1500.0 12.0 0.0000 2.3164 309.73 0.4419
11.2500 32.0919 0.4202 0.2455 0.3343 0.00000 6.865 1500.0 12.0 0.0000 1.3412 171.94 0.1307
14.0625 32.0919 0.4861 0.2297 0.2842 0.00000 7.420 1500.0 12.0 0.0000 3.3697 406.82 0.1510
16.8750 32.0919 0.4956 0.2218 0.2826 0.00000 7.302 1500.0 12.0 0.0000 4.7976 575.95 0.1459
19.6875 32.0919 0.4281 0.2488 0.3231 0.00000 7.520 1500.0 12.0 0.0000 3.4759 441.19 0.0990
22.5000 32.0919 0.4844 0.2158 0.2998 0.00000 6.866 1500.0 12.0 0.0000 3.8080 464.27 0.1140
25.3125 32.0919 0.3525 0.3058 0.3417 0.00000 8.266 1500.0 12.0 0.0000 4.0765 541.24 0.1176
28.1250 32.0919 0.2186 0.4125 0.3689 0.00000 9.500 1500.0 12.0 0.0000 3.0835 440.02 0.0677
30.9375 32.0919 0.2126 0.4246 0.3628 0.00000 9.500 1500.0 12.0 0.0000 1.5157 216.20 0.0628
33.7500 32.0919 0.2208 0.4082 0.3710 0.00000 9.500 1500.0 12.0 0.0000 0.9771 139.45 0.0628
36.5625 32.0919 0.3124 0.3427 0.3449 0.00000 8.628 1500.0 12.0 0.0000 0.7573 102.53 0.0628
39.3750 32.0919 0.4943 0.2052 0.3005 0.00000 6.840 1500.0 12.0 0.0000 0.8442 102.46 0.0628
42.1875 32.0919 0.4982 0.2024 0.2994 0.00000 6.800 1500.0 12.0 0.0000 0.6318 76.50 0.0628
45.0000 32.0919 0.6179 0.1429 0.2393 0.00000 6.559 1500.0 12.0 0.0000 1.3621 149.39 0.0628
47.8125 32.0919 0.6639 0.1199 0.2162 0.00000 6.504 1500.0 12.0 0.0000 1.9204 202.21 0.0628
50.6250 32.0919 0.4697 0.2168 0.3135 0.00000 7.047 1500.0 12.0 0.0000 0.5168 63.96 0.0628
53.4375 32.0919 0.3785 0.2544 0.3672 0.00000 7.007 1500.0 12.0 0.0000 0.4819 64.09 0.0628
90.0000 32.0919 0.3597 0.2724 0.3679 0.00000 7.539 1500.0 12.0 0.0000 1.0465 140.40 0.0628
92.8125 32.0919 0.3311 0.2766 0.3923 0.00000 7.125 1500.0 12.0 0.0000 0.8374 115.23 0.0628
95.6250 32.0919 0.4741 0.2236 0.3023 0.00000 7.684 1500.0 12.0 0.0000 0.8165 100.19 0.0628
98.4375 32.0919 0.4759 0.2302 0.2939 0.00000 7.859 1500.0 12.0 0.0000 1.0894 132.93 0.0683
101.2500 32.0919 0.5244 0.2035 0.2721 0.00000 7.506 1500.0 12.0 0.0000 1.2980 152.63 0.0628
123.7500 32.0919 0.3613 0.2610 0.3777 0.00000 6.968 1500.0 12.0 0.0000 0.1391 18.75 0.0628
126.5625 32.0919 0.3245 0.2836 0.3919 0.00000 7.342 1500.0 12.0 0.0000 0.0720 10.00 0.0628
129.3750 32.0919 0.3233 0.2843 0.3924 0.00000 7.296 1500.0 12.0 0.0000 0.0625 10.00 0.0628
132.1875 32.0919 0.3166 0.2865 0.3969 0.00000 7.294 1500.0 12.0 0.0000 0.0662 10.00 0.0628
135.0000 32.0919 0.3430 0.2784 0.3786 0.00000 7.517 1500.0 12.0 0.0000 0.0536 10.00 0.0628
137.8125 32.0919 0.4076 0.2412 0.3512 0.00000 6.807 1500.0 12.0 0.0000 0.0879 11.44 0.0702
140.6250 32.0919 0.3381 0.2701 0.3918 0.00000 7.008 1500.0 12.0 0.0000 0.0518 10.00 0.0628
143.4375 32.0919 0.4153 0.2520 0.3327 0.00000 7.661 1500.0 12.0 0.0000 0.0612 10.00 0.0628
146.2500 32.0919 0.3939 0.2690 0.3372 0.00000 8.160 1500.0 12.0 0.0000 0.0764 10.00 0.0628
149.0625 32.0919 0.3928 0.2881 0.3191 0.00000 7.127 1500.0 12.0 0.0000 0.1150 14.80 0.0628
-177.1875 32.0919 0.5588 0.1896 0.2516 0.00000 7.062 1500.0 12.0 0.0000 1.0727 122.37 0.0704
-174.3750 32.0919 0.6020 0.1544 0.2436 0.00000 6.886 1500.0 12.0 0.0000 0.7713 85.56 0.0628
-168.7500 32.0919 0.4600 0.2380 0.3020 0.00000 7.163 1500.0 12.0 0.0000 1.1275 139.29 0.0942
-165.9375 32.0919 0.4374 0.2465 0.3161 0.00000 7.201 1500.0 12.0 0.0000 2.0412 256.95 0.1237
-163.1250 32.0919 0.4023 0.2768 0.3209 0.00000 7.828 1500.0 12.0 0.0000 1.0953 140.55 0.1500
-160.3125 32.0919 0.3550 0.3029 0.3422 0.00000 8.222 1500.0 12.0 0.0000 0.8303 110.15 0.1500
-157.5000 32.0919 0.3177 0.3139 0.3685 0.00000 7.820 1500.0 12.0 0.0000 0.9151 125.13 0.1402
-154.6875 32.0919 0.2877 0.3098 0.4026 0.00000 7.435 1500.0 12.0 0.0000 0.8913 125.60 0.1264
-151.8750 32.0919 0.4826 0.2473 0.2701 0.00000 7.009 1500.0 12.0 0.0000 1.3352 160.16 0.2763
-149.0625 32.0919 0.4852 0.2250 0.2897 0.00000 6.973 1500.0 12.0 0.0000 0.5730 69.42 0.1703
-143.4375 32.0919 0.6029 0.1516 0.2455 0.00000 6.695 1500.0 12.0 0.0000 0.2162 24.00 0.0628
-140.6250 32.0919 0.4131 0.3093 0.2776 0.00000 6.781 1500.0 12.0 0.0000 1.3092 163.19 0.5034
-137.8125 32.0919 0.2535 0.4027 0.3438 0.00000 6.632 1500.0 12.0 0.0000 1.6337 226.84 0.6357
-135.0000 32.0919 0.2464 0.4177 0.3358 0.00000 7.170 1500.0 12.0 0.0000 1.8133 251.54 0.6491
-132.1875 32.0919 0.2733 0.3986 0.3281 0.00000 7.630 1500.0 12.0 0.0000 2.0725 283.02 0.5673
-129.3750 32.0919 0.2628 0.3660 0.3712 0.00000 7.590 1500.0 12.0 0.0000 3.1908 447.39 0.3612
-126.5625 32.0919 0.3263 0.2983 0.3754 0.00000 7.509 1500.0 12.0 0.0000 2.5104 343.18 0.1275
-98.4375 32.0919 0.4155 0.2397 0.3447 0.00000 6.711 1500.0 12.0 0.0000 2.9232 377.67 0.1004
-95.6250 32.0919 0.5189 0.2026 0.2785 0.00000 7.059 1500.0 12.0 0.0000 3.3213 393.11 0.1040
-92.8125 32.0919 0.5230 0.2053 0.2717 0.00000 7.394 1500.0 12.0 0.0000 2.9959 352.42 0.1057
-90.0000 32.0919 0.3604 0.2933 0.3463 0.00000 8.391 1500.0 12.0 0.0000 2.3324 309.32 0.1111
-87.1875 32.0919 0.4862 0.2233 0.2905 0.00000 7.436 1500.0 12.0 0.0000 2.6096 316.17 0.1011
-84.3750 32.0919 0.4418 0.2489 0.3093 0.00000 8.076 1500.0 12.0 0.0000 1.6612 207.90 0.0911
-81.5625 32.0919 0.3736 0.2791 0.3474 0.00000 8.269 1500.0 12.0 0.0000 1.0870 143.37 0.0746
-78.7500 32.0919 0.3504 0.2820 0.3676 0.00000 7.721 1500.0 12.0 0.0000 0.6959 93.74 0.0714
-75.9375 32.0919 0.3973 0.2532 0.3495 0.00000 7.208 1500.0 12.0 0.0000 0.2733 35.70 0.0751
-64.6875 32.0919 0.4570 0.2334 0.3096 0.00000 7.606 1500.0 12.0 0.0000 0.1906 23.68 0.0697
-61.8750 32.0919 0.2952 0.2942 0.4107 0.00000 7.329 1500.0 12.0 0.0000 0.2473 34.88 0.0628
-59.0625 32.0919 0.2875 0.3062 0.4063 0.00000 7.340 1500.0 12.0 0.0000 0.5849 82.58 0.1065
-56.2500 32.0919 0.3131 0.2975 0.3894 0.00000 7.305 1500.0 12.0 0.0000 0.4267 59.08 0.1156
-53.4375 32.0919 0.3706 0.2724 0.3571 0.00000 7.494 1500.0 12.0 0.0000 0.2673 35.49 0.1049
-50.6250 32.0919 0.4037 0.2622 0.3341 0.00000 7.854 1500.0 12.0 0.0000 0.0729 10.00 0.0790
-47.8125 32.0919 0.3963 0.2682 0.3355 0.00000 7.890 1500.0 12.0 0.0000 0.0795 10.31 0.0885
-45.0000 32.0919 0.4121 0.2622 0.3256 0.00000 7.662 1500.0 12.0 0.0000 0.1587 20.32 0.1357
-42.1875 32.0919 0.4822 0.2276 0.2902 0.00000 7.451 1500.0 12.0 0.0000 0.2950 35.80 0.1362
-39.3750 32.0919 0.5378 0.1903 0.2720 0.00000 7.294 1500.0 12.0 0.0000 0.1413 16.50 0.0628
-36.5625 32.0919 0.3520 0.2671 0.3809 0.00000 7.217 1500.0 12.0 0.0000 0.1622 21.99 0.0628
-33.7500 32.0919 0.3127 0.3061 0.3813 0.00000 7.536 1500.0 12.0 0.0000 0.8418 116.11 0.1493
-30.9375 32.0919 0.4785 0.2225 0.2990 0.00000 6.970 1500.0 12.0 0.0000 0.9522 116.38 0.1376
-16.8750 32.0919 0.4524 0.2426 0.3050 0.00000 7.404 1500.0 12.0 0.0000 1.8526 230.10 0.1342
14.0625 29.3014 0.3005 0.3518 0.3477 0.00000 8.341 1500.0 12.0 0.0000 1.7974 245.00 0.0867
16.8750 29.3014 0.4445 0.2426 0.3129 0.00000 8.051 1500.0 12.0 0.0000 2.1449 268.61 0.0628
19.6875 29.3014 0.5004 0.2081 0.2914 0.00000 6.772 1500.0 12.0 0.0000 3.4237 412.12 0.1214
22.5000 29.3014 0.4872 0.2166 0.2962 0.00000 6.793 1500.0 12.0 0.0000 2.9620 359.88 0.1398
25.3125 29.3014 0.4287 0.2507 0.3206 0.00000 7.490 1500.0 12.0 0.0000 2.6232 332.41 0.1069
28.1250 29.3014 0.2501 0.3567 0.3932 0.00000 9.500 1500.0 12.0 0.0000 1.2314 175.50 0.0628
30.9375 29.3014 0.2710 0.3454 0.3835 0.00000 9.297 1500.0 12.0 0.0000 1.2327 173.30 0.0628
33.7500 29.3014 0.3760 0.2797 0.3442 0.00000 8.131 1500.0 12.0 0.0000 0.6030 79.32 0.0628
36.5625 29.3014 0.4338 0.2412 0.3250 0.00000 7.522 1500.0 12.0 0.0000 0.3320 42.08 0.0628
39.3750 29.3014 0.4976 0.2027 0.2997 0.00000 6.807 1500.0 12.0 0.0000 0.3138 38.01 0.0628
42.1875 29.3014 0.4966 0.2032 0.3002 0.00000 6.820 1500.0 12.0 0.0000 0.4166 50.50 0.0628
45.0000 29.3014 0.4693 0.2237 0.3071 0.00000 7.310 1500.0 12.0 0.0000 0.3844 47.41 0.0628
47.8125 29.3014 0.6377 0.1362 0.2261 0.00000 6.801 1500.0 12.0 0.0000 1.0129 108.96 0.0628
50.6250 29.3014 0.5598 0.1801 0.2600 0.00000 6.821 1500.0 12.0 0.0000 0.9540 109.34 0.0628
53.4375 29.3014 0.2245 0.4232 0.3524 0.00000 7.971 1500.0 12.0 0.0000 0.5248 74.10 0.0628
87.1875 29.3014 0.2851 0.3248 0.3901 0.00000 7.196 1500.0 12.0 0.0000 0.7412 103.92 0.0628
90.0000 29.3014 0.2760 0.3263 0.3977 0.00000 7.912 1500.0 12.0 0.0000 0.7336 103.65 0.0628
92.8125 29.3014 0.4569 0.2336 0.3096 0.00000 7.804 1500.0 12.0 0.0000 0.7303 90.75 0.0628
95.6250 29.3014 0.4662 0.2281 0.3057 0.00000 7.571 1500.0 12.0 0.0000 0.4934 60.90 0.0628
98.4375 29.3014 0.4230 0.2608 0.3162 0.00000 7.553 1500.0 12.0 0.0000 1.1071 140.33 0.0823
101.2500 29.3014 0.4190 0.2812 0.2998 0.00000 7.714 1500.0 12.0 0.0000 2.8025 352.69 0.1215
123.7500 29.3014 0.2636 0.3731 0.3633 0.00000 7.782 1500.0 12.0 0.0000 0.1050 14.66 0.0691
126.5625 29.3014 0.2943 0.3049 0.4008 0.00000 7.471 1500.0 12.0 0.0000 0.0752 10.56 0.0628
129.3750 29.3014 0.4158 0.2363 0.3479 0.00000 6.963 1500.0 12.0 0.0000 0.0975 12.62 0.0628
132.1875 29.3014 0.5368 0.1925 0.2706 0.00000 7.037 1500.0 12.0 0.0000 0.1566 18.28 0.0628
135.0000 29.3014 0.4538 0.2238 0.3224 0.00000 7.166 1500.0 12.0 0.0000 0.1170 14.67 0.0628
137.8125 29.3014 0.2857 0.3799 0.3344 0.00000 6.172 1500.0 12.0 0.0000 0.7476 101.87 0.6472
140.6250 29.3014 0.2371 0.4354 0.3275 0.00000 6.447 1500.0 12.0 0.0000 0.5230 72.54 0.8172
143.4375 29.3014 0.4086 0.3589 0.2325 0.00000 6.416 1500.0 12.0 0.0000 1.1286 137.42 0.7994
146.2500 29.3014 0.4033 0.3582 0.2385 0.00000 6.774 1500.0 12.0 0.0000 0.7168 87.81 0.7668
149.0625 29.3014 0.1880 0.5140 0.2980 0.00000 7.595 1500.0 12.0 0.0000 0.8187 114.27 0.6000
171.5625 29.3014 0.2852 0.3817 0.3331 0.00000 7.492 1500.0 12.0 0.0000 3.8063 518.42 0.0701
174.3750 29.3014 0.4651 0.2255 0.3094 0.00000 7.125 1500.0 12.0 0.0000 2.3956 296.47 0.0848
-177.1875 29.3014 0.4400 0.2423 0.3177 0.00000 7.389 1500.0 12.0 0.0000 1.2116 152.47 0.0917
-174.3750 29.3014 0.4262 0.2459 0.3279 0.00000 7.603 1500.0 12.0 0.0000 0.4100 52.23 0.0646
-171.5625 29.3014 0.3088 0.3501 0.3411 0.00000 8.653 1500.0 12.0 0.0000 0.2876 38.93 0.0628
-168.7500 29.3014 0.2794 0.3835 0.3371 0.00000 8.841 1500.0 12.0 0.0000 0.9553 130.73 0.0951
-165.9375 29.3014 0.4131 0.2736 0.3133 0.00000 7.511 1500.0 12.0 0.0000 2.4861 316.10 0.1621
-163.1250 29.3014 0.4503 0.2427 0.3070 0.00000 6.948 1500.0 12.0 0.0000 1.5291 190.34 0.1929
-160.3125 29.3014 0.3747 0.2884 0.3369 0.00000 7.633 1500.0 12.0 0.0000 0.8503 111.48 0.1636
-157.5000 29.3014 0.3298 0.2857 0.3844 0.00000 7.282 1500.0 12.0 0.0000 0.3889 53.32 0.0869
-154.6875 29.3014 0.2815 0.3248 0.3937 0.00000 7.797 1500.0 12.0 0.0000 1.0440 146.85 0.1501
-151.8750 29.3014 0.5041 0.2239 0.2720 0.00000 7.121 1500.0 12.0 0.0000 1.0665 126.70 0.1769
-140.6250 29.3014 0.3115 0.3565 0.3321 0.00000 7.641 1500.0 12.0 0.0000 0.9213 123.97 0.2313
-137.8125 29.3014 0.2070 0.4658 0.3272 0.00000 7.117 1500.0 12.0 0.0000 1.3328 187.25 0.7941
-135.0000 29.3014 0.1806 0.4851 0.3343 0.00000 7.292 1500.0 12.0 0.0000 1.1845 168.87 0.8825
-132.1875 29.3014 0.2248 0.4420 0.3331 0.00000 6.784 1500.0 12.0 0.0000 1.5077 210.82 0.8012
-129.3750 29.3014 0.2210 0.4578 0.3212 0.00000 7.808 1500.0 12.0 0.0000 1.3430 186.98 0.6168
-101.2500 29.3014 0.2943 0.3533 0.3524 0.00000 7.341 1500.0 12.0 0.0000 1.8808 257.69 0.0753
-98.4375 29.3014 0.2762 0.3644 0.3593 0.00000 7.670 1500.0 12.0 0.0000 1.6131 223.54 0.0666
-95.6250 29.3014 0.5338 0.1999 0.2663 0.00000 7.157 1500.0 12.0 0.0000 2.4190 282.10 0.0769
-92.8125 29.3014 0.5076 0.2082 0.2842 0.00000 7.536 1500.0 12.0 0.0000 1.4102 168.43 0.0745
-90.0000 29.3014 0.3335 0.3066 0.3599 0.00000 8.607 1500.0 12.0 0.0000 0.4178 56.48 0.0628
-87.1875 29.3014 0.4399 0.2379 0.3222 0.00000 7.449 1500.0 12.0 0.0000 0.4440 56.02 0.0638
-84.3750 29.3014 0.4342 0.2432 0.3226 0.00000 7.506 1500.0 12.0 0.0000 0.5199 65.78 0.0637
-81.5625 29.3014 0.4202 0.2575 0.3223 0.00000 8.096 1500.0 12.0 0.0000 1.0492 133.62 0.0757
-78.7500 29.3014 0.4979 0.2219 0.2802 0.00000 7.682 1500.0 12.0 0.0000 0.6214 74.41 0.0875
-75.9375 29.3014 0.3712 0.3075 0.3213 0.00000 7.673 1500.0 12.0 0.0000 0.2516 32.76 0.0752
-73.1250 29.3014 0.3400 0.2836 0.3764 0.00000 7.364 1500.0 12.0 0.0000 0.0954 12.96 0.0628
-70.3125 29.3014 0.3419 0.2895 0.3686 0.00000 7.407 1500.0 12.0 0.0000 0.1245 16.84 0.0705
-67.5000 29.3014 0.3841 0.2526 0.3632 0.00000 6.824 1500.0 12.0 0.0000 0.2878 38.10 0.0935
-64.6875 29.3014 0.3616 0.2682 0.3702 0.00000 7.155 1500.0 12.0 0.0000 0.3025 40.60 0.0781
-61.8750 29.3014 0.2873 0.3226 0.3901 0.00000 8.151 1500.0 12.0 0.0000 0.4321 60.53 0.0866
-59.0625 29.3014 0.3816 0.2941 0.3243 0.00000 7.703 1500.0 12.0 0.0000 1.1473 148.93 0.2309
-56.2500 29.3014 0.4595 0.2559 0.2846 0.00000 7.314 1500.0 12.0 0.0000 1.0418 127.46 0.2654
-53.4375 29.3014 0.3535 0.3083 0.3382 0.00000 8.195 1500.0 12.0 0.0000 0.5575 73.85 0.2061
-50.6250 29.3014 0.3050 0.3210 0.3740 0.00000 8.942 1500.0 12.0 0.0000 0.1059 14.61 0.0803
-47.8125 29.3014 0.2778 0.3439 0.3784 0.00000 9.176 1500.0 12.0 0.0000 0.2518 35.20 0.1231
-45.0000 29.3014 0.2607 0.3618 0.3775 0.00000 9.289 1500.0 12.0 0.0000 0.5381 75.75 0.1758
-42.1875 29.3014 0.3236 0.3206 0.3558 0.00000 8.623 1500.0 12.0 0.0000 0.6105 82.72 0.1609
-39.3750 29.3014 0.3293 0.3216 0.3492 0.00000 8.668 1500.0 12.0 0.0000 0.7066 95.16 0.1763
-36.5625 29.3014 0.3218 0.3078 0.3704 0.00000 7.817 1500.0 12.0 0.0000 0.8634 117.96 0.1529
-33.7500 29.3014 0.3169 0.3058 0.3773 0.00000 7.309 1500.0 12.0 0.0000 0.9817 134.88 0.1885
-30.9375 29.3014 0.5086 0.2197 0.2717 0.00000 7.130 1500.0 12.0 0.0000 1.0993 130.27 0.1456
14.0625 26.5108 0.2345 0.4315 0.3340 0.00000 7.953 1500.0 12.0 0.0000 3.2950 459.02 0.0628
16.8750 26.5108 0.5258 0.2159 0.2583 0.00000 7.267 1500.0 12.0 0.0000 4.0633 473.52 0.0929
19.6875 26.5108 0.6164 0.1538 0.2298 0.00000 6.555 1500.0 12.0 0.0000 4.1989 458.10 0.1298
22.5000 26.5108 0.5008 0.2011 0.2981 0.00000 6.795 1500.0 12.0 0.0000 1.3270 160.33 0.0628
25.3125 26.5108 0.4355 0.2461 0.3184 0.00000 7.454 1500.0 12.0 0.0000 0.9615 121.29 0.0628
28.1250 26.5108 0.3956 0.2673 0.3371 0.00000 7.925 1500.0 12.0 0.0000 0.9441 122.60 0.0628
30.9375 26.5108 0.4766 0.2154 0.3079 0.00000 7.046 1500.0 12.0 0.0000 0.4572 56.22 0.0628
33.7500 26.5108 0.4729 0.2180 0.3090 0.00000 7.081 1500.0 12.0 0.0000 0.1714 21.13 0.0628
36.5625 26.5108 0.4104 0.2586 0.3310 0.00000 7.760 1500.0 12.0 0.0000 0.1019 13.10 0.0628
39.3750 26.5108 0.4580 0.2274 0.3146 0.00000 7.245 1500.0 12.0 0.0000 0.0980 12.21 0.0628
42.1875 26.5108 0.4269 0.2457 0.3273 0.00000 7.598 1500.0 12.0 0.0000 0.1217 15.49 0.0628
45.0000 26.5108 0.4518 0.2325 0.3157 0.00000 7.475 1500.0 12.0 0.0000 0.2299 28.73 0.0628
47.8125 26.5108 0.5438 0.1888 0.2674 0.00000 7.489 1500.0 12.0 0.0000 0.6758 78.46 0.0628
50.6250 26.5108 0.2655 0.3861 0.3484 0.00000 8.201 1500.0 12.0 0.0000 0.5221 72.29 0.0628
53.4375 26.5108 0.2435 0.3707 0.3858 0.00000 7.238 1500.0 12.0 0.0000 1.9535 278.17 0.1364
84.3750 26.5108 0.2546 0.3845 0.3609 0.00000 7.671 1500.0 12.0 0.0000 0.6232 87.24 0.0628
87.1875 26.5108 0.2897 0.3185 0.3918 0.00000 7.853 1500.0 12.0 0.0000 0.7109 99.56 0.0628
90.0000 26.5108 0.2761 0.3292 0.3947 0.00000 8.231 1500.0 12.0 0.0000 0.4081 57.57 0.0628
92.8125 26.5108 0.4337 0.2516 0.3147 0.00000 7.763 1500.0 12.0 0.0000 0.3880 48.89 0.0628
95.6250 26.5108 0.3819 0.2809 0.3372 0.00000 8.035 1500.0 12.0 0.0000 0.3933 51.40 0.0628
98.4375 26.5108 0.3595 0.2959 0.3446 0.00000 8.238 1500.0 12.0 0.0000 1.8194 241.17 0.1166
101.2500 26.5108 0.4155 0.2653 0.3192 0.00000 7.673 1500.0 12.0 0.0000 2.6030 331.66 0.1321
104.0625 26.5108 0.4677 0.2408 0.2915 0.00000 7.685 1500.0 12.0 0.0000 1.9610 239.92 0.1027
106.8750 26.5108 0.6014 0.1672 0.2314 0.00000 6.844 1500.0 12.0 0.0000 1.7930 197.43 0.0628
109.6875 26.5108 0.5042 0.2376 0.2582 0.00000 7.108 1500.0 12.0 0.0000 0.7225 85.13 0.0628
112.5000 26.5108 0.3393 0.3453 0.3154 0.00000 7.938 1500.0 12.0 0.0000 0.2159 28.43 0.0628
115.3125 26.5108 0.1824 0.4745 0.3431 0.00000 7.991 1500.0 12.0 0.0000 0.1309 18.73 0.0628
118.1250 26.5108 0.3639 0.3406 0.2956 0.00000 7.520 1500.0 12.0 0.0000 0.2979 38.39 0.0837
120.9375 26.5108 0.3940 0.3099 0.2961 0.00000 7.783 1500.0 12.0 0.0000 0.4250 54.01 0.1215
123.7500 26.5108 0.3477 0.2938 0.3585 0.00000 8.017 1500.0 12.0 0.0000 0.2000 26.85 0.0939
126.5625 26.5108 0.2990 0.2909 0.4101 0.00000 7.365 1500.0 12.0 0.0000 0.0743 10.46 0.0628
129.3750 26.5108 0.5351 0.1991 0.2659 0.00000 6.801 1500.0 12.0 0.0000 0.2396 27.91 0.0628
135.0000 26.5108 0.4500 0.3433 0.2068 0.00000 6.105 1500.0 12.0 0.0000 0.7754 91.09 0.8614
137.8125 26.5108 0.4178 0.3924 0.1897 0.00000 5.385 1500.0 12.0 0.0000 0.6759 79.89 1.2523
140.6250 26.5108 0.4073 0.3966 0.1961 0.00000 5.525 1500.0 12.0 0.0000 0.5753 68.62 1.2134
143.4375 26.5108 0.2656 0.4963 0.2381 0.00000 6.417 1500.0 12.0 0.0000 0.4322 56.50 1.1069
165.9375 26.5108 0.2211 0.4374 0.3416 0.00000 7.722 1500.0 12.0 0.0000 1.6616 233.70 0.0629
168.7500 26.5108 0.1731 0.4759 0.3510 0.00000 8.124 1500.0 12.0 0.0000 3.3729 486.31 0.1065
171.5625 26.5108 0.2553 0.4091 0.3356 0.00000 7.907 1500.0 12.0 0.0000 3.4261 473.41 0.1287
174.3750 26.5108 0.4913 0.2113 0.2974 0.00000 6.796 1500.0 12.0 0.0000 2.8604 347.07 0.1108
177.1875 26.5108 0.4924 0.2099 0.2977 0.00000 6.797 1500.0 12.0 0.0000 1.4686 178.13 0.1034
180.0000 26.5108 0.4767 0.2197 0.3036 0.00000 6.969 1500.0 12.0 0.0000 0.7591 93.11 0.1060
-177.1875 26.5108 0.3931 0.2709 0.3360 0.00000 7.935 1500.0 12.0 0.0000 0.1193 15.51 0.0628
-174.3750 26.5108 0.4365 0.2395 0.3240 0.00000 7.491 1500.0 12.0 0.0000 0.1076 13.61 0.0628
-171.5625 26.5108 0.3872 0.2747 0.3381 0.00000 8.000 1500.0 12.0 0.0000 0.1104 14.40 0.0628
-168.7500 26.5108 0.3866 0.2759 0.3376 0.00000 7.965 1500.0 12.0 0.0000 0.6018 78.50 0.1106
-165.9375 26.5108 0.4067 0.2706 0.3228 0.00000 7.644 1500.0 12.0 0.0000 1.3134 168.37 0.1619
-163.1250 26.5108 0.4504 0.2502 0.2994 0.00000 7.289 1500.0 12.0 0.0000 1.9336 239.65 0.1854
-160.3125 26.5108 0.4016 0.2485 0.3499 0.00000 6.928 1500.0 12.0 0.0000 0.7042 91.83 0.0779
-157.5000 26.5108 0.3022 0.3022 0.3955 0.00000 7.227 1500.0 12.0 0.0000 0.9721 135.67 0.1100
-154.6875 26.5108 0.4647 0.2449 0.2905 0.00000 7.440 1500.0 12.0 0.0000 1.0266 125.71 0.1463
-140.6250 26.5108 0.2975 0.3200 0.3824 0.00000 7.419 1500.0 12.0 0.0000 0.8217 114.15 0.1537
-137.8125 26.5108 0.1919 0.4728 0.3353 0.00000 7.419 1500.0 12.0 0.0000 1.0098 143.34 0.8046
-135.0000 26.5108 0.2147 0.4677 0.3176 0.00000 6.190 1500.0 12.0 0.0000 1.4268 198.83 1.0288
-132.1875 26.5108 0.2391 0.4699 0.2910 0.00000 6.394 1500.0 12.0 0.0000 1.0614 144.37 1.0772
-98.4375 26.5108 0.2764 0.3319 0.3917 0.00000 7.482 1500.0 12.0 0.0000 1.2500 176.04 0.0628
-95.6250 26.5108 0.3074 0.3120 0.3806 0.00000 7.655 1500.0 12.0 0.0000 1.1141 153.97 0.0628
-92.8125 26.5108 0.4350 0.2383 0.3267 0.00000 7.500 1500.0 12.0 0.0000 0.8939 113.31 0.0628
-90.0000 26.5108 0.4458 0.2338 0.3204 0.00000 7.447 1500.0 12.0 0.0000 0.5812 73.05 0.0628
-87.1875 26.5108 0.5222 0.1965 0.2814 0.00000 7.187 1500.0 12.0 0.0000 0.6001 71.04 0.0651
-84.3750 26.5108 0.4887 0.2142 0.2971 0.00000 7.274 1500.0 12.0 0.0000 0.4386 53.28 0.0628
-81.5625 26.5108 0.4217 0.2507 0.3277 0.00000 7.639 1500.0 12.0 0.0000 0.4186 53.43 0.0644
-78.7500 26.5108 0.4815 0.2213 0.2972 0.00000 7.645 1500.0 12.0 0.0000 0.1518 18.51 0.0632
-75.9375 26.5108 0.6077 0.1504 0.2419 0.00000 6.810 1500.0 12.0 0.0000 0.2096 23.15 0.0628
-73.1250 26.5108 0.3708 0.2621 0.3671 0.00000 7.273 1500.0 12.0 0.0000 0.0992 13.24 0.0628
-70.3125 26.5108 0.3651 0.2638 0.3712 0.00000 7.295 1500.0 12.0 0.0000 0.0945 12.66 0.0628
-67.5000 26.5108 0.3402 0.2673 0.3925 0.00000 7.090 1500.0 12.0 0.0000 0.0903 12.38 0.0628
-64.6875 26.5108 0.3958 0.2530 0.3513 0.00000 7.401 1500.0 12.0 0.0000 0.1079 14.12 0.0628
-61.8750 26.5108 0.4108 0.2551 0.3341 0.00000 7.782 1500.0 12.0 0.0000 0.0903 11.62 0.0628
-59.0625 26.5108 0.4275 0.2604 0.3121 0.00000 7.374 1500.0 12.0 0.0000 0.9214 116.27 0.1941
-56.2500 26.5108 0.3792 0.3018 0.3191 0.00000 7.743 1500.0 12.0 0.0000 1.3850 179.47 0.2909
-53.4375 26.5108 0.4167 0.2708 0.3124 0.00000 7.423 1500.0 12.0 0.0000 1.4800 187.76 0.2400
-50.6250 26.5108 0.3622 0.2962 0.3416 0.00000 8.170 1500.0 12.0 0.0000 1.3553 179.15 0.1546
-47.8125 26.5108 0.2903 0.3405 0.3692 0.00000 8.985 1500.0 12.0 0.0000 0.8385 116.07 0.1560
-45.0000 26.5108 0.2500 0.3686 0.3814 0.00000 9.415 1500.0 12.0 0.0000 0.6325 89.62 0.1713
-42.1875 26.5108 0.2993 0.3344 0.3664 0.00000 9.094 1500.0 12.0 0.0000 0.4813 66.27 0.1330
-39.3750 26.5108 0.3513 0.2723 0.3764 0.00000 7.362 1500.0 12.0 0.0000 0.1144 15.48 0.0638
-36.5625 26.5108 0.3431 0.2786 0.3784 0.00000 6.931 1500.0 12.0 0.0000 0.6472 87.96 0.0992
-33.7500 26.5108 0.4908 0.2319 0.2773 0.00000 6.781 1500.0 12.0 0.0000 1.3477 161.67 0.1314
16.8750 23.7202 0.1775 0.4707 0.3518 0.00000 8.298 1500.0 12.0 0.0000 1.5679 225.74 0.0628
19.6875 23.7202 0.6420 0.1353 0.2226 0.00000 6.599 1500.0 12.0 0.0000 3.0649 328.14 0.0628
22.5000 23.7202 0.4990 0.2019 0.2990 0.00000 6.798 1500.0 12.0 0.0000 1.4321 173.27 0.0628
25.3125 23.7202 0.4763 0.2190 0.3046 0.00000 7.017 1500.0 12.0 0.0000 1.4035 172.28 0.0628
28.1250 23.7202 0.4964 0.2033 0.3003 0.00000 6.823 1500.0 12.0 0.0000 0.5566 67.48 0.0628
30.9375 23.7202 0.4041 0.2591 0.3368 0.00000 7.857 1500.0 12.0 0.0000 0.2019 26.11 0.0628
33.7500 23.7202 0.3035 0.3219 0.3746 0.00000 8.966 1500.0 12.0 0.0000 0.1406 19.40 0.0628
36.5625 23.7202 0.3266 0.3174 0.3560 0.00000 8.633 1500.0 12.0 0.0000 0.0892 12.07 0.0628
39.3750 23.7202 0.4597 0.2278 0.3125 0.00000 7.458 1500.0 12.0 0.0000 0.1008 12.53 0.0628
42.1875 23.7202 0.3805 0.2768 0.3427 0.00000 8.279 1500.0 12.0 0.0000 0.1256 16.48 0.0628
45.0000 23.7202 0.4006 0.2704 0.3289 0.00000 8.348 1500.0 12.0 0.0000 0.2452 31.63 0.0628
47.8125 23.7202 0.5082 0.2092 0.2826 0.00000 7.658 1500.0 12.0 0.0000 0.8378 99.94 0.0628
50.6250 23.7202 0.3307 0.3471 0.3222 0.00000 7.639 1500.0 12.0 0.0000 1.2052 159.95 0.0628
84.3750 23.7202 0.2426 0.4168 0.3406 0.00000 8.160 1500.0 12.0 0.0000 0.6763 94.21 0.0628
87.1875 23.7202 0.3758 0.2706 0.3535 0.00000 7.028 1500.0 12.0 0.0000 0.9915 131.07 0.0628
90.0000 23.7202 0.3081 0.3010 0.3909 0.00000 7.292 1500.0 12.0 0.0000 0.6387 88.70 0.0628
92.8125 23.7202 0.4685 0.2305 0.3010 0.00000 7.752 1500.0 12.0 0.0000 0.3594 44.19 0.0628
95.6250 23.7202 0.3716 0.2837 0.3448 0.00000 8.213 1500.0 12.0 0.0000 0.1400 18.46 0.0628
98.4375 23.7202 0.3100 0.3256 0.3645 0.00000 8.799 1500.0 12.0 0.0000 0.7139 97.75 0.1238
101.2500 23.7202 0.3542 0.2954 0.3503 0.00000 8.332 1500.0 12.0 0.0000 1.1594 154.51 0.1100
104.0625 23.7202 0.3551 0.2896 0.3553 0.00000 8.399 1500.0 12.0 0.0000 0.5087 67.95 0.0628
106.8750 23.7202 0.5144 0.1993 0.2863 0.00000 7.069 1500.0 12.0 0.0000 0.4591 54.71 0.0628
109.6875 23.7202 0.4816 0.2163 0.3021 0.00000 7.332 1500.0 12.0 0.0000 0.2166 26.48 0.0628
112.5000 23.7202 0.5220 0.1988 0.2792 0.00000 7.468 1500.0 12.0 0.0000 0.1038 12.27 0.0628
115.3125 23.7202 0.5170 0.2114 0.2716 0.00000 7.441 1500.0 12.0 0.0000 0.1799 21.23 0.0849
118.1250 23.7202 0.5659 0.1864 0.2477 0.00000 7.006 1500.0 12.0 0.0000 0.4483 50.83 0.1409
120.9375 23.7202 0.4991 0.2126 0.2883 0.00000 7.093 1500.0 12.0 0.0000 0.4196 50.45 0.1221
123.7500 23.7202 0.3331 0.2719 0.3950 0.00000 7.081 1500.0 12.0 0.0000 0.0966 13.30 0.0628
126.5625 23.7202 0.4207 0.2395 0.3398 0.00000 7.278 1500.0 12.0 0.0000 0.1616 20.78 0.0628
129.3750 23.7202 0.3814 0.3287 0.2899 0.00000 7.339 1500.0 12.0 0.0000 0.1241 15.82 0.0628
165.9375 23.7202 0.4404 0.2967 0.2629 0.00000 7.065 1500.0 12.0 0.0000 4.3449 529.96 0.1648
168.7500 23.7202 0.4384 0.2695 0.2921 0.00000 7.269 1500.0 12.0 0.0000 3.2319 401.21 0.1298
177.1875 23.7202 0.4144 0.2579 0.3277 0.00000 7.698 1500.0 12.0 0.0000 0.2948 37.76 0.0628
180.0000 23.7202 0.4271 0.2560 0.3169 0.00000 7.575 1500.0 12.0 0.0000 0.3967 50.20 0.0880
-177.1875 23.7202 0.4709 0.2212 0.3079 0.00000 7.253 1500.0 12.0 0.0000 0.1007 12.41 0.0628
-174.3750 23.7202 0.5236 0.1900 0.2863 0.00000 6.777 1500.0 12.0 0.0000 0.0893 10.60 0.0628
-171.5625 23.7202 0.4542 0.2304 0.3154 0.00000 7.282 1500.0 12.0 0.0000 0.0797 10.00 0.0628
-168.7500 23.7202 0.4433 0.2360 0.3208 0.00000 7.412 1500.0 12.0 0.0000 0.0920 11.57 0.0628
-165.9375 23.7202 0.4164 0.2654 0.3182 0.00000 7.541 1500.0 12.0 0.0000 0.7420 94.45 0.1459
-163.1250 23.7202 0.5628 0.1814 0.2558 0.00000 6.827 1500.0 12.0 0.0000 1.3886 158.48 0.1214
-140.6250 23.7202 0.4081 0.2628 0.3291 0.00000 7.211 1500.0 12.0 0.0000 1.0594 136.18 0.1457
-137.8125 23.7202 0.2946 0.3398 0.3657 0.00000 7.436 1500.0 12.0 0.0000 1.2941 178.49 0.2316
-135.0000 23.7202 0.2123 0.4537 0.3340 0.00000 6.431 1500.0 12.0 0.0000 1.3558 190.68 0.8838
-132.1875 23.7202 0.2850 0.4450 0.2700 0.00000 6.147 1500.0 12.0 0.0000 1.6266 214.39 1.0477
-98.4375 23.7202 0.2025 0.4380 0.3596 0.00000 8.066 1500.0 12.0 0.0000 0.9215 131.79 0.0628
-95.6250 23.7202 0.2582 0.3504 0.3915 0.00000 7.791 1500.0 12.0 0.0000 0.7820 110.98 0.0628
-92.8125 23.7202 0.2814 0.3190 0.3996 0.00000 7.465 1500.0 12.0 0.0000 0.7532 106.27 0.0628
-90.0000 23.7202 0.2775 0.3291 0.3934 0.00000 7.356 1500.0 12.0 0.0000 0.7277 102.52 0.0628
-87.1875 23.7202 0.3328 0.2833 0.3839 0.00000 7.143 1500.0 12.0 0.0000 0.9508 130.16 0.0628
-84.3750 23.7202 0.5650 0.1697 0.2653 0.00000 6.845 1500.0 12.0 0.0000 0.6778 77.73 0.0628
-81.5625 23.7202 0.4837 0.2181 0.2982 0.00000 7.559 1500.0 12.0 0.0000 0.3538 43.12 0.0628
-78.7500 23.7202 0.4027 0.2599 0.3375 0.00000 7.870 1500.0 12.0 0.0000 0.1948 25.21 0.0628
-75.9375 23.7202 0.2923 0.3274 0.3803 0.00000 9.196 1500.0 12.0 0.0000 0.0910 12.65 0.0628
-73.1250 23.7202 0.4756 0.2225 0.3019 0.00000 7.478 1500.0 12.0 0.0000 0.0910 11.16 0.0628
-70.3125 23.7202 0.5613 0.1727 0.2659 0.00000 6.935 1500.0 12.0 0.0000 0.0749 10.00 0.0628
-67.5000 23.7202 0.5408 0.1821 0.2771 0.00000 6.877 1500.0 12.0 0.0000 0.0737 10.00 0.0628
-64.6875 23.7202 0.4233 0.2592 0.3174 0.00000 7.700 1500.0 12.0 0.0000 0.3853 48.87 0.1280
-61.8750 23.7202 0.4103 0.2566 0.3331 0.00000 7.786 1500.0 12.0 0.0000 0.0830 10.69 0.0628
-59.0625 23.7202 0.3332 0.3109 0.3558 0.00000 8.578 1500.0 12.0 0.0000 0.1224 16.52 0.0628
-56.2500 23.7202 0.4588 0.2328 0.3084 0.00000 7.138 1500.0 12.0 0.0000 1.3662 169.48 0.1287
-53.4375 23.7202 0.3849 0.2803 0.3348 0.00000 7.939 1500.0 12.0 0.0000 1.8464 240.66 0.1422
-50.6250 23.7202 0.3233 0.3165 0.3602 0.00000 8.659 1500.0 12.0 0.0000 1.0048 136.46 0.1195
-47.8125 23.7202 0.3016 0.3298 0.3685 0.00000 8.901 1500.0 12.0 0.0000 0.5625 77.46 0.1249
-45.0000 23.7202 0.3645 0.2898 0.3457 0.00000 8.336 1500.0 12.0 0.0000 0.3609 47.76 0.1092
-42.1875 23.7202 0.4265 0.2443 0.3292 0.00000 7.711 1500.0 12.0 0.0000 0.1275 16.25 0.0628
-39.3750 23.7202 0.3076 0.2900 0.4024 0.00000 7.149 1500.0 12.0 0.0000 0.2038 28.47 0.0628
-36.5625 23.7202 0.4278 0.2462 0.3260 0.00000 7.086 1500.0 12.0 0.0000 0.1573 20.01 0.0628
16.8750 20.9296 0.1861 0.4685 0.3454 0.00000 8.090 1500.0 12.0 0.0000 1.4278 204.19 0.0628
19.6875 20.9296 0.6230 0.1549 0.2220 0.00000 6.614 1500.0 12.0 0.0000 2.7669 299.26 0.0628
22.5000 20.9296 0.4473 0.2340 0.3187 0.00000 7.435 1500.0 12.0 0.0000 0.9171 115.07 0.0628
25.3125 20.9296 0.4415 0.2370 0.3215 0.00000 7.432 1500.0 12.0 0.0000 0.8959 112.90 0.0628
28.1250 20.9296 0.4222 0.2554 0.3224 0.00000 7.542 1500.0 12.0 0.0000 1.1713 149.03 0.1291
30.9375 20.9296 0.4292 0.2449 0.3260 0.00000 7.665 1500.0 12.0 0.0000 0.1175 14.93 0.0628
33.7500 20.9296 0.5098 0.2023 0.2879 0.00000 7.213 1500.0 12.0 0.0000 0.1474 17.63 0.0628
36.5625 20.9296 0.4595 0.2267 0.3139 0.00000 7.382 1500.0 12.0 0.0000 0.1031 12.83 0.0628
39.3750 20.9296 0.4400 0.2351 0.3249 0.00000 7.172 1500.0 12.0 0.0000 0.4107 51.89 0.0936
42.1875 20.9296 0.3115 0.3165 0.3720 0.00000 7.336 1500.0 12.0 0.0000 1.4990 205.88 0.2175
45.0000 20.9296 0.3205 0.3094 0.3700 0.00000 7.662 1500.0 12.0 0.0000 1.1769 160.84 0.1606
47.8125 20.9296 0.2959 0.3255 0.3786 0.00000 7.945 1500.0 12.0 0.0000 0.3407 47.26 0.0628
50.6250 20.9296 0.2610 0.3804 0.3586 0.00000 7.602 1500.0 12.0 0.0000 1.7267 240.77 0.1348
53.4375 20.9296 0.2090 0.4563 0.3347 0.00000 7.739 1500.0 12.0 0.0000 2.8737 404.88 0.1935
90.0000 20.9296 0.3655 0.2713 0.3633 0.00000 7.045 1500.0 12.0 0.0000 1.1451 152.87 0.0628
92.8125 20.9296 0.3981 0.2545 0.3474 0.00000 7.121 1500.0 12.0 0.0000 0.3070 40.04 0.0628
95.6250 20.9296 0.4804 0.2201 0.2996 0.00000 7.516 1500.0 12.0 0.0000 0.1215 14.84 0.0629
98.4375 20.9296 0.3559 0.2913 0.3528 0.00000 8.448 1500.0 12.0 0.0000 0.2016 26.89 0.0778
101.2500 20.9296 0.4564 0.2296 0.3140 0.00000 7.292 1500.0 12.0 0.0000 0.1681 20.94 0.0628
104.0625 20.9296 0.4593 0.2267 0.3141 0.00000 7.229 1500.0 12.0 0.0000 0.2626 32.68 0.0628
106.8750 20.9296 0.4674 0.2215 0.3111 0.00000 7.142 1500.0 12.0 0.0000 0.1156 14.30 0.0628
109.6875 20.9296 0.4760 0.2152 0.3088 0.00000 7.067 1500.0 12.0 0.0000 0.0729 10.00 0.0628
112.5000 20.9296 0.4719 0.2185 0.3096 0.00000 7.114 1500.0 12.0 0.0000 0.0563 10.00 0.0628
115.3125 20.9296 0.4574 0.2231 0.3195 0.00000 6.887 1500.0 12.0 0.0000 0.1278 15.96 0.0986
118.1250 20.9296 0.3500 0.2972 0.3528 0.00000 7.578 1500.0 12.0 0.0000 0.2724 36.42 0.1723
120.9375 20.9296 0.2865 0.3169 0.3967 0.00000 7.647 1500.0 12.0 0.0000 0.2417 33.98 0.1231
123.7500 20.9296 0.3835 0.2776 0.3389 0.00000 7.220 1500.0 12.0 0.0000 0.9363 122.39 0.1983
126.5625 20.9296 0.4819 0.2551 0.2630 0.00000 7.220 1500.0 12.0 0.0000 0.7645 91.35 0.2054
165.9375 20.9296 0.6012 0.1681 0.2307 0.00000 6.797 1500.0 12.0 0.0000 2.3967 263.82 0.0659
168.7500 20.9296 0.5550 0.1765 0.2685 0.00000 6.881 1500.0 12.0 0.0000 0.9329 107.75 0.0628
171.5625 20.9296 0.4937 0.2051 0.3013 0.00000 6.851 1500.0 12.0 0.0000 0.6943 84.33 0.0628
174.3750 20.9296 0.4531 0.2327 0.3142 0.00000 7.291 1500.0 12.0 0.0000 0.2565 32.02 0.0628
177.1875 20.9296 0.4475 0.2404 0.3121 0.00000 7.795 1500.0 12.0 0.0000 0.1664 20.80 0.0628
180.0000 20.9296 0.4206 0.2446 0.3348 0.00000 7.453 1500.0 12.0 0.0000 0.2207 28.30 0.0628
-177.1875 20.9296 0.3698 0.2558 0.3744 0.00000 6.904 1500.0 12.0 0.0000 0.1638 21.95 0.0628
-174.3750 20.9296 0.3954 0.2601 0.3445 0.00000 7.787 1500.0 12.0 0.0000 0.1024 13.36 0.0628
-171.5625 20.9296 0.3727 0.2748 0.3525 0.00000 7.865 1500.0 12.0 0.0000 0.0949 12.56 0.0628
-168.7500 20.9296 0.4442 0.2314 0.3244 0.00000 7.271 1500.0 12.0 0.0000 0.1197 15.09 0.0628
-165.9375 20.9296 0.3989 0.2759 0.3252 0.00000 7.449 1500.0 12.0 0.0000 1.3020 167.74 0.1975
-163.1250 20.9296 0.4158 0.2598 0.3244 0.00000 7.069 1500.0 12.0 0.0000 1.7044 217.76 0.1773
-90.0000 20.9296 0.2687 0.3722 0.3591 0.00000 7.296 1500.0 12.0 0.0000 0.6587 91.57 0.0628
-87.1875 20.9296 0.2790 0.3322 0.3888 0.00000 7.586 1500.0 12.0 0.0000 0.5419 76.13 0.0628
-84.3750 20.9296 0.3608 0.2991 0.3401 0.00000 7.083 1500.0 12.0 0.0000 0.6943 91.75 0.0628
-81.5625 20.9296 0.5289 0.1961 0.2751 0.00000 7.459 1500.0 12.0 0.0000 0.5429 63.80 0.0628
-78.7500 20.9296 0.4062 0.2594 0.3344 0.00000 7.962 1500.0 12.0 0.0000 0.1649 21.28 0.0628
-75.9375 20.9296 0.2584 0.3477 0.3940 0.00000 9.483 1500.0 12.0 0.0000 0.1191 16.92 0.0628
-73.1250 20.9296 0.3207 0.3117 0.3676 0.00000 8.771 1500.0 12.0 0.0000 0.0780 10.64 0.0628
-70.3125 20.9296 0.4258 0.2460 0.3282 0.00000 7.613 1500.0 12.0 0.0000 0.0579 10.00 0.0628
-67.5000 20.9296 0.4016 0.2636 0.3348 0.00000 7.858 1500.0 12.0 0.0000 0.0530 10.00 0.0628
-64.6875 20.9296 0.2816 0.3456 0.3729 0.00000 9.097 1500.0 12.0 0.0000 0.3743 52.11 0.1348
-61.8750 20.9296 0.2814 0.3446 0.3740 0.00000 9.110 1500.0 12.0 0.0000 0.5266 73.36 0.1260
-59.0625 20.9296 0.3215 0.3162 0.3623 0.00000 8.692 1500.0 12.0 0.0000 1.0321 140.43 0.1189
-56.2500 20.9296 0.3188 0.3263 0.3548 0.00000 8.623 1500.0 12.0 0.0000 2.2031 298.97 0.1725
-53.4375 20.9296 0.4229 0.2547 0.3224 0.00000 7.547 1500.0 12.0 0.0000 1.1156 141.90 0.1189
-50.6250 20.9296 0.3070 0.3251 0.3679 0.00000 8.863 1500.0 12.0 0.0000 0.7565 103.89 0.1039
-47.8125 20.9296 0.3976 0.2658 0.3366 0.00000 8.058 1500.0 12.0 0.0000 0.1374 17.82 0.0628
-45.0000 20.9296 0.5370 0.1897 0.2733 0.00000 7.231 1500.0 12.0 0.0000 0.1802 21.07 0.0628
-42.1875 20.9296 0.3253 0.2862 0.3884 0.00000 7.357 1500.0 12.0 0.0000 0.1561 21.48 0.0628
-39.3750 20.9296 0.3746 0.2716 0.3538 0.00000 7.424 1500.0 12.0 0.0000 0.1154 15.27 0.0628
14.0625 18.1390 0.1753 0.4668 0.3579 0.00000 7.791 1500.0 12.0 0.0000 1.3303 192.27 0.0628
16.8750 18.1390 0.4141 0.3005 0.2854 0.00000 7.589 1500.0 12.0 0.0000 2.5882 323.87 0.0790
19.6875 18.1390 0.6053 0.1754 0.2193 0.00000 6.691 1500.0 12.0 0.0000 4.5142 492.20 0.2178
22.5000 18.1390 0.4189 0.2726 0.3085 0.00000 7.371 1500.0 12.0 0.0000 3.5421 447.91 0.2713
25.3125 18.1390 0.4048 0.2854 0.3098 0.00000 7.437 1500.0 12.0 0.0000 3.6300 462.46 0.3087
28.1250 18.1390 0.3869 0.3037 0.3094 0.00000 7.510 1500.0 12.0 0.0000 2.5140 322.89 0.3872
30.9375 18.1390 0.4183 0.2963 0.2854 0.00000 7.852 1500.0 12.0 0.0000 1.5338 191.54 0.2830
33.7500 18.1390 0.4952 0.2206 0.2842 0.00000 7.265 1500.0 12.0 0.0000 0.2177 26.17 0.0628
36.5625 18.1390 0.3011 0.2906 0.4083 0.00000 7.072 1500.0 12.0 0.0000 0.1516 21.31 0.0628
39.3750 18.1390 0.3314 0.2776 0.3910 0.00000 7.147 1500.0 12.0 0.0000 0.1390 19.11 0.0628
42.1875 18.1390 0.3701 0.2671 0.3628 0.00000 7.418 1500.0 12.0 0.0000 0.1689 22.50 0.0628
45.0000 18.1390 0.3885 0.2746 0.3369 0.00000 7.353 1500.0 12.0 0.0000 1.1728 152.78 0.1588
92.8125 18.1390 0.2863 0.3053 0.4084 0.00000 7.037 1500.0 12.0 0.0000 0.2710 38.32 0.0628
95.6250 18.1390 0.4080 0.2506 0.3414 0.00000 7.436 1500.0 12.0 0.0000 0.1744 22.57 0.0654
98.4375 18.1390 0.5661 0.1750 0.2589 0.00000 7.173 1500.0 12.0 0.0000 0.2409 27.51 0.0641
101.2500 18.1390 0.5253 0.1982 0.2765 0.00000 7.547 1500.0 12.0 0.0000 0.1981 23.35 0.0628
104.0625 18.1390 0.4958 0.2127 0.2916 0.00000 7.609 1500.0 12.0 0.0000 0.1644 19.83 0.0628
106.8750 18.1390 0.3887 0.2691 0.3422 0.00000 8.066 1500.0 12.0 0.0000 0.0736 10.00 0.0628
109.6875 18.1390 0.4393 0.2389 0.3218 0.00000 7.466 1500.0 12.0 0.0000 0.0443 10.00 0.0628
112.5000 18.1390 0.4373 0.2353 0.3274 0.00000 7.310 1500.0 12.0 0.0000 0.0803 10.18 0.0675
115.3125 18.1390 0.3180 0.2761 0.4060 0.00000 6.890 1500.0 12.0 0.0000 0.0874 12.18 0.0628
118.1250 18.1390 0.3201 0.3075 0.3724 0.00000 7.557 1500.0 12.0 0.0000 0.5258 71.96 0.1702
120.9375 18.1390 0.3039 0.3311 0.3651 0.00000 7.439 1500.0 12.0 0.0000 0.5475 75.19 0.2243
123.7500 18.1390 0.5094 0.2511 0.2395 0.00000 6.890 1500.0 12.0 0.0000 0.9711 112.85 0.2907
165.9375 18.1390 0.4869 0.2376 0.2755 0.00000 7.488 1500.0 12.0 0.0000 0.8981 107.83 0.0628
168.7500 18.1390 0.4242 0.2553 0.3204 0.00000 8.122 1500.0 12.0 0.0000 0.4332 55.01 0.0628
171.5625 18.1390 0.3543 0.2894 0.3563 0.00000 8.409 1500.0 12.0 0.0000 0.3495 46.72 0.0628
174.3750 18.1390 0.3062 0.3260 0.3678 0.00000 9.007 1500.0 12.0 0.0000 0.1943 26.70 0.0628
177.1875 18.1390 0.4649 0.2180 0.3170 0.00000 7.004 1500.0 12.0 0.0000 0.2406 29.90 0.0628
180.0000 18.1390 0.3039 0.3065 0.3895 0.00000 7.577 1500.0 12.0 0.0000 0.1552 21.58 0.0628
-177.1875 18.1390 0.4026 0.2589 0.3385 0.00000 7.101 1500.0 12.0 0.0000 0.2184 28.30 0.0628
-174.3750 18.1390 0.2621 0.4600 0.2779 0.00000 6.540 1500.0 12.0 0.0000 1.5299 204.58 1.1150
-171.5625 18.1390 0.2072 0.5002 0.2926 0.00000 6.201 1500.0 12.0 0.0000 1.1624 160.46 1.3296
-168.7500 18.1390 0.2334 0.4019 0.3647 0.00000 6.953 1500.0 12.0 0.0000 1.6962 240.05 0.5906
-165.9375 18.1390 0.2487 0.3838 0.3675 0.00000 7.575 1500.0 12.0 0.0000 2.1294 299.83 0.4317
-163.1250 18.1390 0.2453 0.3756 0.3791 0.00000 7.304 1500.0 12.0 0.0000 2.3522 333.60 0.3949
-160.3125 18.1390 0.3799 0.2807 0.3394 0.00000 6.693 1500.0 12.0 0.0000 2.7275 357.22 0.2462
-157.5000 18.1390 0.3501 0.3039 0.3460 0.00000 7.072 1500.0 12.0 0.0000 0.5442 72.49 0.0628
-84.3750 18.1390 0.2559 0.3598 0.3843 0.00000 7.540 1500.0 12.0 0.0000 0.7477 105.84 0.0628
-81.5625 18.1390 0.3592 0.2841 0.3568 0.00000 7.207 1500.0 12.0 0.0000 0.5716 76.26 0.0628
-78.7500 18.1390 0.4559 0.2336 0.3104 0.00000 7.754 1500.0 12.0 0.0000 0.1890 23.51 0.0628
-75.9375 18.1390 0.3473 0.2956 0.3571 0.00000 8.586 1500.0 12.0 0.0000 0.0656 10.00 0.0628
-73.1250 18.1390 0.3424 0.3047 0.3529 0.00000 8.482 1500.0 12.0 0.0000 0.0438 10.00 0.0628
-70.3125 18.1390 0.3921 0.2662 0.3417 0.00000 7.991 1500.0 12.0 0.0000 0.0450 10.00 0.0628
-67.5000 18.1390 0.3999 0.2615 0.3386 0.00000 7.904 1500.0 12.0 0.0000 0.0578 10.00 0.0628
-64.6875 18.1390 0.4921 0.2067 0.3012 0.00000 6.860 1500.0 12.0 0.0000 0.1818 22.09 0.0723
-61.8750 18.1390 0.3982 0.2678 0.3340 0.00000 7.849 1500.0 12.0 0.0000 1.0032 129.90 0.1084
-59.0625 18.1390 0.2865 0.3422 0.3713 0.00000 9.036 1500.0 12.0 0.0000 1.3264 184.10 0.1511
-56.2500 18.1390 0.4002 0.2719 0.3279 0.00000 7.748 1500.0 12.0 0.0000 1.4258 183.85 0.1558
-53.4375 18.1390 0.4382 0.2396 0.3222 0.00000 7.463 1500.0 12.0 0.0000 0.2499 31.56 0.0670
-50.6250 18.1390 0.3727 0.2788 0.3485 0.00000 8.291 1500.0 12.0 0.0000 0.1676 22.13 0.0628
-47.8125 18.1390 0.5141 0.1983 0.2876 0.00000 7.197 1500.0 12.0 0.0000 0.6742 80.42 0.0628
-45.0000 18.1390 0.3213 0.3054 0.3733 0.00000 7.735 1500.0 12.0 0.0000 0.3240 44.34 0.0628
-42.1875 18.1390 0.2979 0.3295 0.3727 0.00000 6.945 1500.0 12.0 0.0000 1.4272 197.27 0.2728
14.0625 15.3484 0.2296 0.4106 0.3599 0.00000 7.878 1500.0 12.0 0.0000 1.2170 172.10 0.0628
16.8750 15.3484 0.2102 0.4530 0.3369 0.00000 8.536 1500.0 12.0 0.0000 3.9121 551.49 0.2509
19.6875 15.3484 0.5115 0.2423 0.2462 0.00000 6.876 1500.0 12.0 0.0000 4.4277 516.02 0.3816
22.5000 15.3484 0.4474 0.2667 0.2859 0.00000 6.790 1500.0 12.0 0.0000 3.8330 472.12 0.4198
25.3125 15.3484 0.4014 0.2959 0.3027 0.00000 7.319 1500.0 12.0 0.0000 3.7711 479.32 0.4061
28.1250 15.3484 0.3973 0.2967 0.3061 0.00000 7.397 1500.0 12.0 0.0000 3.1714 404.64 0.3843
30.9375 15.3484 0.3561 0.3348 0.3092 0.00000 8.440 1500.0 12.0 0.0000 1.7067 222.34 0.2502
33.7500 15.3484 0.4023 0.3215 0.2762 0.00000 7.659 1500.0 12.0 0.0000 2.3111 289.34 0.2665
36.5625 15.3484 0.3982 0.3056 0.2961 0.00000 7.114 1500.0 12.0 0.0000 1.4213 180.27 0.1947
92.8125 15.3484 0.2886 0.3183 0.3931 0.00000 7.028 1500.0 12.0 0.0000 0.5790 81.18 0.1006
95.6250 15.3484 0.2363 0.3835 0.3802 0.00000 7.737 1500.0 12.0 0.0000 0.1877 26.73 0.0647
98.4375 15.3484 0.2721 0.3447 0.3831 0.00000 7.558 1500.0 12.0 0.0000 0.1356 19.06 0.0639
101.2500 15.3484 0.2986 0.3672 0.3342 0.00000 7.945 1500.0 12.0 0.0000 0.1376 18.64 0.0628
104.0625 15.3484 0.3987 0.2602 0.3411 0.00000 7.753 1500.0 12.0 0.0000 0.1350 17.55 0.0628
106.8750 15.3484 0.2687 0.3357 0.3956 0.00000 9.082 1500.0 12.0 0.0000 0.0747 10.57 0.0628
109.6875 15.3484 0.2786 0.3345 0.3869 0.00000 9.253 1500.0 12.0 0.0000 0.0450 10.00 0.0628
112.5000 15.3484 0.3141 0.2839 0.4020 0.00000 7.068 1500.0 12.0 0.0000 0.1035 14.42 0.0683
115.3125 15.3484 0.3996 0.2637 0.3367 0.00000 7.332 1500.0 12.0 0.0000 0.4863 63.02 0.1455
118.1250 15.3484 0.4565 0.2618 0.2817 0.00000 7.562 1500.0 12.0 0.0000 0.3683 45.05 0.1469
120.9375 15.3484 0.3576 0.3814 0.2610 0.00000 6.177 1500.0 12.0 0.0000 0.6424 81.47 0.8946
163.1250 15.3484 0.1908 0.4606 0.3486 0.00000 7.817 1500.0 12.0 0.0000 0.7043 100.68 0.0628
165.9375 15.3484 0.4633 0.2361 0.3006 0.00000 7.462 1500.0 12.0 0.0000 0.6593 81.25 0.0628
168.7500 15.3484 0.4362 0.2482 0.3156 0.00000 8.150 1500.0 12.0 0.0000 0.2831 35.65 0.0628
171.5625 15.3484 0.3294 0.3091 0.3615 0.00000 8.755 1500.0 12.0 0.0000 0.1623 22.00 0.0628
174.3750 15.3484 0.3932 0.2678 0.3390 0.00000 8.134 1500.0 12.0 0.0000 0.1975 25.70 0.0628
177.1875 15.3484 0.4495 0.2202 0.3303 0.00000 6.760 1500.0 12.0 0.0000 0.3530 44.53 0.0628
180.0000 15.3484 0.2666 0.3530 0.3803 0.00000 7.477 1500.0 12.0 0.0000 0.2476 34.81 0.0628
-177.1875 15.3484 0.3523 0.3196 0.3280 0.00000 7.869 1500.0 12.0 0.0000 0.1693 22.32 0.0628
-163.1250 15.3484 0.4755 0.2589 0.2656 0.00000 6.967 1500.0 12.0 0.0000 2.7780 333.54 0.3195
-160.3125 15.3484 0.3341 0.3480 0.3179 0.00000 7.963 1500.0 12.0 0.0000 0.7293 96.42 0.0628
-135.0000 15.3484 0.4700 0.2883 0.2417 0.00000 6.895 1500.0 12.0 0.0000 2.9230 347.02 0.4890
-132.1875 15.3484 0.2604 0.4130 0.3266 0.00000 7.609 1500.0 12.0 0.0000 2.7760 380.99 0.3232
-84.3750 15.3484 0.1922 0.4544 0.3534 0.00000 7.736 1500.0 12.0 0.0000 0.9219 132.03 0.0772
-81.5625 15.3484 0.2598 0.3560 0.3842 0.00000 7.619 1500.0 12.0 0.0000 0.5733 81.02 0.0808
-78.7500 15.3484 0.2934 0.3030 0.4036 0.00000 7.343 1500.0 12.0 0.0000 0.2739 38.53 0.0751
-75.9375 15.3484 0.3084 0.2921 0.3995 0.00000 7.409 1500.0 12.0 0.0000 0.1265 17.65 0.0704
-73.1250 15.3484 0.3521 0.2665 0.3814 0.00000 7.065 1500.0 12.0 0.0000 0.0559 10.00 0.0628
-70.3125 15.3484 0.3764 0.2632 0.3604 0.00000 7.501 1500.0 12.0 0.0000 0.0511 10.00 0.0628
-67.5000 15.3484 0.4553 0.2282 0.3165 0.00000 7.324 1500.0 12.0 0.0000 0.0540 10.00 0.0628
-64.6875 15.3484 0.4394 0.2386 0.3220 0.00000 7.461 1500.0 12.0 0.0000 0.0729 10.00 0.0628
-61.8750 15.3484 0.4211 0.2538 0.3250 0.00000 7.598 1500.0 12.0 0.0000 0.4206 53.62 0.0976
-59.0625 15.3484 0.3642 0.2919 0.3439 0.00000 8.182 1500.0 12.0 0.0000 0.9847 130.21 0.1339
-56.2500 15.3484 0.3986 0.2732 0.3282 0.00000 7.769 1500.0 12.0 0.0000 0.9902 127.79 0.1480
-53.4375 15.3484 0.4131 0.2551 0.3318 0.00000 7.753 1500.0 12.0 0.0000 0.1550 19.90 0.0628
-50.6250 15.3484 0.5544 0.1747 0.2709 0.00000 6.973 1500.0 12.0 0.0000 0.3111 36.00 0.0628
-47.8125 15.3484 0.3025 0.2944 0.4030 0.00000 7.329 1500.0 12.0 0.0000 0.2854 39.98 0.0628
16.8750 12.5578 0.2469 0.4025 0.3506 0.00000 8.452 1500.0 12.0 0.0000 1.0189 142.37 0.0628
19.6875 12.5578 0.5895 0.1603 0.2501 0.00000 6.911 1500.0 12.0 0.0000 1.2624 141.57 0.0628
22.5000 12.5578 0.4402 0.2649 0.2949 0.00000 7.144 1500.0 12.0 0.0000 3.7793 469.49 0.2852
25.3125 12.5578 0.4478 0.2590 0.2932 0.00000 6.928 1500.0 12.0 0.0000 3.8872 480.69 0.3252
28.1250 12.5578 0.3884 0.2950 0.3166 0.00000 7.711 1500.0 12.0 0.0000 4.0721 524.73 0.2871
30.9375 12.5578 0.5289 0.2176 0.2535 0.00000 7.318 1500.0 12.0 0.0000 3.3778 391.87 0.1919
33.7500 12.5578 0.4077 0.2855 0.3068 0.00000 7.543 1500.0 12.0 0.0000 0.3226 40.97 0.0628
95.6250 12.5578 0.1721 0.4714 0.3564 0.00000 7.975 1500.0 12.0 0.0000 0.1131 16.36 0.0628
98.4375 12.5578 0.2144 0.4131 0.3725 0.00000 7.412 1500.0 12.0 0.0000 0.6554 93.87 0.1105
101.2500 12.5578 0.1779 0.4605 0.3616 0.00000 8.124 1500.0 12.0 0.0000 0.4444 64.27 0.0826
104.0625 12.5578 0.2883 0.3263 0.3854 0.00000 7.577 1500.0 12.0 0.0000 0.2988 41.73 0.0721
106.8750 12.5578 0.2778 0.3335 0.3887 0.00000 9.170 1500.0 12.0 0.0000 0.0933 13.11 0.0630
109.6875 12.5578 0.3167 0.3050 0.3784 0.00000 8.464 1500.0 12.0 0.0000 0.0806 11.09 0.0628
112.5000 12.5578 0.2768 0.3438 0.3794 0.00000 6.970 1500.0 12.0 0.0000 1.3933 194.99 0.3459
115.3125 12.5578 0.4636 0.2744 0.2620 0.00000 7.456 1500.0 12.0 0.0000 1.0784 129.96 0.3613
165.9375 12.5578 0.2996 0.2997 0.4006 0.00000 7.125 1500.0 12.0 0.0000 0.3975 55.67 0.0628
168.7500 12.5578 0.3656 0.2690 0.3654 0.00000 7.131 1500.0 12.0 0.0000 0.3033 40.54 0.0628
171.5625 12.5578 0.3410 0.2846 0.3745 0.00000 7.654 1500.0 12.0 0.0000 0.1158 15.73 0.0628
174.3750 12.5578 0.4165 0.2583 0.3252 0.00000 7.927 1500.0 12.0 0.0000 0.0777 10.00 0.0628
177.1875 12.5578 0.3581 0.2928 0.3491 0.00000 8.373 1500.0 12.0 0.0000 0.0683 10.00 0.0628
180.0000 12.5578 0.2731 0.3212 0.4057 0.00000 8.086 1500.0 12.0 0.0000 0.1732 24.59 0.0628
-177.1875 12.5578 0.4283 0.2500 0.3217 0.00000 7.282 1500.0 12.0 0.0000 0.2065 26.19 0.0628
-154.6875 12.5578 0.5486 0.1997 0.2517 0.00000 6.998 1500.0 12.0 0.0000 0.3316 38.04 0.0628
-143.4375 12.5578 0.4790 0.2769 0.2441 0.00000 7.018 1500.0 12.0 0.0000 3.6358 430.28 0.3958
-140.6250 12.5578 0.2710 0.3615 0.3674 0.00000 7.849 1500.0 12.0 0.0000 0.3320 46.30 0.0628
-137.8125 12.5578 0.3143 0.3390 0.3466 0.00000 7.115 1500.0 12.0 0.0000 2.3869 323.20 0.2688
-135.0000 12.5578 0.2393 0.4030 0.3577 0.00000 7.246 1500.0 12.0 0.0000 2.8896 406.50 0.5460
-132.1875 12.5578 0.2508 0.3840 0.3652 0.00000 7.312 1500.0 12.0 0.0000 2.5940 364.51 0.4072
-81.5625 12.5578 0.3879 0.3141 0.2981 0.00000 6.911 1500.0 12.0 0.0000 2.6360 336.33 0.2838
-78.7500 12.5578 0.4469 0.2892 0.2639 0.00000 6.805 1500.0 12.0 0.0000 2.2998 279.79 0.4529
-75.9375 12.5578 0.4064 0.2772 0.3165 0.00000 7.500 1500.0 12.0 0.0000 0.8344 106.61 0.2252
-73.1250 12.5578 0.4254 0.2629 0.3117 0.00000 7.430 1500.0 12.0 0.0000 0.7379 93.20 0.2025
-70.3125 12.5578 0.2970 0.3112 0.3918 0.00000 7.563 1500.0 12.0 0.0000 0.3910 54.59 0.1379
-67.5000 12.5578 0.4208 0.2399 0.3393 0.00000 7.175 1500.0 12.0 0.0000 0.0489 10.00 0.0628
-64.6875 12.5578 0.3824 0.2776 0.3400 0.00000 8.061 1500.0 12.0 0.0000 0.0441 10.00 0.0628
-61.8750 12.5578 0.3556 0.3018 0.3426 0.00000 8.221 1500.0 12.0 0.0000 0.5385 71.43 0.1723
-59.0625 12.5578 0.3796 0.2951 0.3253 0.00000 7.821 1500.0 12.0 0.0000 1.5093 196.19 0.2517
-56.2500 12.5578 0.4074 0.2784 0.3141 0.00000 7.498 1500.0 12.0 0.0000 1.2731 162.37 0.2587
-53.4375 12.5578 0.4062 0.2589 0.3349 0.00000 7.890 1500.0 12.0 0.0000 0.1048 13.53 0.0628
-50.6250 12.5578 0.3191 0.2807 0.4002 0.00000 7.094 1500.0 12.0 0.0000 0.2490 34.58 0.0628
-47.8125 12.5578 0.2483 0.4695 0.2822 0.00000 6.763 1500.0 12.0 0.0000 1.7179 231.66 1.1345
16.8750 9.7671 0.2368 0.4088 0.3545 0.00000 7.678 1500.0 12.0 0.0000 1.2458 175.17 0.0628
19.6875 9.7671 0.3365 0.3330 0.3305 0.00000 8.278 1500.0 12.0 0.0000 0.9455 125.69 0.0628
22.5000 9.7671 0.5058 0.2142 0.2800 0.00000 7.679 1500.0 12.0 0.0000 1.1603 138.37 0.0628
25.3125 9.7671 0.5011 0.2175 0.2815 0.00000 7.279 1500.0 12.0 0.0000 1.7346 207.53 0.0628
28.1250 9.7671 0.5255 0.1940 0.2804 0.00000 7.072 1500.0 12.0 0.0000 1.1467 135.42 0.0628
30.9375 9.7671 0.5810 0.1763 0.2426 0.00000 7.065 1500.0 12.0 0.0000 1.6186 181.48 0.0628
33.7500 9.7671 0.2243 0.4185 0.3573 0.00000 7.833 1500.0 12.0 0.0000 0.9620 136.17 0.0628
98.4375 9.7671 0.1424 0.5134 0.3443 0.00000 7.778 1500.0 12.0 0.0000 0.1580 23.00 0.0628
101.2500 9.7671 0.2168 0.4337 0.3495 0.00000 8.080 1500.0 12.0 0.0000 1.3489 190.81 0.1353
104.0625 9.7671 0.2783 0.3790 0.3427 0.00000 8.617 1500.0 12.0 0.0000 2.6058 357.77 0.2383
106.8750 9.7671 0.2766 0.3616 0.3618 0.00000 9.082 1500.0 12.0 0.0000 1.5089 209.33 0.2390
109.6875 9.7671 0.2835 0.3781 0.3384 0.00000 7.662 1500.0 12.0 0.0000 2.4574 335.87 0.5104
112.5000 9.7671 0.2692 0.3816 0.3492 0.00000 6.955 1500.0 12.0 0.0000 2.2279 308.09 0.5422
165.9375 9.7671 0.3520 0.3437 0.3042 0.00000 7.255 1500.0 12.0 0.0000 2.3929 311.48 0.4068
168.7500 9.7671 0.2501 0.4092 0.3407 0.00000 7.603 1500.0 12.0 0.0000 2.2136 307.35 0.3932
171.5625 9.7671 0.2542 0.3601 0.3857 0.00000 7.560 1500.0 12.0 0.0000 1.1438 162.13 0.2870
174.3750 9.7671 0.4574 0.2260 0.3166 0.00000 7.254 1500.0 12.0 0.0000 0.0665 10.00 0.0628
177.1875 9.7671 0.3979 0.2524 0.3497 0.00000 7.389 1500.0 12.0 0.0000 0.0595 10.00 0.0628
180.0000 9.7671 0.3013 0.2905 0.4081 0.00000 7.172 1500.0 12.0 0.0000 0.0984 13.82 0.0628
-177.1875 9.7671 0.4333 0.2788 0.2878 0.00000 7.185 1500.0 12.0 0.0000 0.3568 44.30 0.0628
-157.5000 9.7671 0.4267 0.3583 0.2150 0.00000 6.449 1500.0 12.0 0.0000 2.4034 287.07 0.9177
-154.6875 9.7671 0.2612 0.4144 0.3244 0.00000 6.523 1500.0 12.0 0.0000 1.9563 268.09 0.8059
-151.8750 9.7671 0.2425 0.4188 0.3388 0.00000 6.837 1500.0 12.0 0.0000 1.9355 269.36 0.7185
-149.0625 9.7671 0.3725 0.3026 0.3249 0.00000 7.098 1500.0 12.0 0.0000 1.8378 239.64 0.2371
-146.2500 9.7671 0.5302 0.1846 0.2852 0.00000 6.717 1500.0 12.0 0.0000 0.6252 73.86 0.0628
-143.4375 9.7671 0.3535 0.2788 0.3677 0.00000 7.566 1500.0 12.0 0.0000 0.3873 52.10 0.0628
-140.6250 9.7671 0.2430 0.3743 0.3827 0.00000 7.715 1500.0 12.0 0.0000 2.2100 314.29 0.3146
-137.8125 9.7671 0.3474 0.2812 0.3715 0.00000 7.546 1500.0 12.0 0.0000 0.2123 28.70 0.0628
-135.0000 9.7671 0.3826 0.2703 0.3471 0.00000 7.895 1500.0 12.0 0.0000 0.2036 26.74 0.0628
-132.1875 9.7671 0.4075 0.2787 0.3138 0.00000 7.373 1500.0 12.0 0.0000 1.9643 250.48 0.2530
-129.3750 9.7671 0.3004 0.3696 0.3300 0.00000 7.809 1500.0 12.0 0.0000 2.2223 300.17 0.2076
-126.5625 9.7671 0.2101 0.4227 0.3672 0.00000 8.259 1500.0 12.0 0.0000 0.6026 86.23 0.0628
-123.7500 9.7671 0.1954 0.4452 0.3594 0.00000 7.762 1500.0 12.0 0.0000 2.1560 309.24 0.0628
-73.1250 9.7671 0.2574 0.5191 0.2235 0.00000 6.334 1500.0 12.0 0.0000 0.6425 83.66 1.3845
-70.3125 9.7671 0.2433 0.4320 0.3247 0.00000 7.392 1500.0 12.0 0.0000 0.8535 117.89 0.7516
-67.5000 9.7671 0.3188 0.2848 0.3963 0.00000 7.373 1500.0 12.0 0.0000 0.0532 10.00 0.0628
-64.6875 9.7671 0.4616 0.2227 0.3157 0.00000 7.128 1500.0 12.0 0.0000 0.0442 10.00 0.0628
-61.8750 9.7671 0.3012 0.3427 0.3561 0.00000 8.750 1500.0 12.0 0.0000 0.5933 81.20 0.2276
-59.0625 9.7671 0.3420 0.3273 0.3307 0.00000 8.135 1500.0 12.0 0.0000 1.4924 197.94 0.3256
-56.2500 9.7671 0.3049 0.3460 0.3492 0.00000 8.633 1500.0 12.0 0.0000 1.0568 143.88 0.2755
-53.4375 9.7671 0.3955 0.2620 0.3426 0.00000 7.907 1500.0 12.0 0.0000 0.0958 12.47 0.0628
-50.6250 9.7671 0.2776 0.3254 0.3970 0.00000 6.930 1500.0 12.0 0.0000 1.4324 202.15 0.2504
-47.8125 9.7671 0.2711 0.4771 0.2518 0.00000 6.411 1500.0 12.0 0.0000 1.7328 227.63 1.3313
-22.5000 9.7671 0.1527 0.5543 0.2930 0.00000 5.718 1500.0 12.0 0.0000 1.4250 201.41 1.5425
19.6875 6.9765 0.2011 0.4313 0.3676 0.00000 7.637 1500.0 12.0 0.0000 1.2711 182.62 0.0628
22.5000 6.9765 0.2611 0.4075 0.3314 0.00000 7.691 1500.0 12.0 0.0000 0.7259 99.84 0.0628
28.1250 6.9765 0.4855 0.2297 0.2848 0.00000 7.502 1500.0 12.0 0.0000 0.4815 58.17 0.0628
30.9375 6.9765 0.4848 0.2538 0.2614 0.00000 7.132 1500.0 12.0 0.0000 1.6037 191.19 0.0628
98.4375 6.9765 0.2138 0.4402 0.3460 0.00000 7.967 1500.0 12.0 0.0000 0.2753 38.92 0.0628
101.2500 6.9765 0.5277 0.2010 0.2713 0.00000 7.387 1500.0 12.0 0.0000 0.7300 85.65 0.0628
104.0625 6.9765 0.4025 0.2664 0.3311 0.00000 8.264 1500.0 12.0 0.0000 0.3611 46.60 0.0628
106.8750 6.9765 0.4412 0.2392 0.3196 0.00000 7.697 1500.0 12.0 0.0000 0.3278 41.27 0.0628
109.6875 6.9765 0.2653 0.3515 0.3833 0.00000 7.677 1500.0 12.0 0.0000 2.4749 348.74 0.2549
112.5000 6.9765 0.3923 0.2948 0.3129 0.00000 7.189 1500.0 12.0 0.0000 2.2664 290.93 0.3077
168.7500 6.9765 0.2574 0.5245 0.2181 0.00000 5.833 1500.0 12.0 0.0000 0.9695 125.86 1.7308
171.5625 6.9765 0.1412 0.5656 0.2932 0.00000 6.001 1500.0 12.0 0.0000 0.6643 94.37 1.7228
174.3750 6.9765 0.1725 0.5266 0.3008 0.00000 6.000 1500.0 12.0 0.0000 0.4735 66.62 1.4810
177.1875 6.9765 0.2457 0.4212 0.3331 0.00000 6.746 1500.0 12.0 0.0000 0.7186 99.59 0.7768
180.0000 6.9765 0.3030 0.3018 0.3952 0.00000 7.396 1500.0 12.0 0.0000 0.1865 26.02 0.0803
-177.1875 6.9765 0.3400 0.3479 0.3120 0.00000 7.740 1500.0 12.0 0.0000 0.1066 14.01 0.0628
-154.6875 6.9765 0.2846 0.4534 0.2620 0.00000 6.773 1500.0 12.0 0.0000 1.6139 211.84 1.1220
-151.8750 6.9765 0.1791 0.4864 0.3345 0.00000 7.125 1500.0 12.0 0.0000 1.5236 217.38 0.9389
-149.0625 6.9765 0.2741 0.3283 0.3976 0.00000 7.740 1500.0 12.0 0.0000 0.1549 21.90 0.0628
-146.2500 6.9765 0.3056 0.2932 0.4012 0.00000 7.276 1500.0 12.0 0.0000 0.2306 32.23 0.0628
-143.4375 6.9765 0.2966 0.3004 0.4030 0.00000 7.390 1500.0 12.0 0.0000 0.3659 51.38 0.0628
-140.6250 6.9765 0.3279 0.2885 0.3836 0.00000 7.670 1500.0 12.0 0.0000 0.2067 28.36 0.0628
-137.8125 6.9765 0.3459 0.3147 0.3394 0.00000 8.320 1500.0 12.0 0.0000 1.2520 166.51 0.1813
-135.0000 6.9765 0.4096 0.2682 0.3221 0.00000 7.649 1500.0 12.0 0.0000 0.8009 102.49 0.1305
-132.1875 6.9765 0.4199 0.2601 0.3200 0.00000 7.547 1500.0 12.0 0.0000 1.0797 137.34 0.1212
-129.3750 6.9765 0.4243 0.2523 0.3234 0.00000 7.585 1500.0 12.0 0.0000 0.5716 72.70 0.0628
-126.5625 6.9765 0.2877 0.3604 0.3520 0.00000 8.141 1500.0 12.0 0.0000 1.2458 171.15 0.0628
-70.3125 6.9765 0.2142 0.5267 0.2591 0.00000 6.277 1500.0 12.0 0.0000 0.4581 61.98 1.4519
-67.5000 6.9765 0.3424 0.2738 0.3838 0.00000 7.055 1500.0 12.0 0.0000 0.0703 10.00 0.0628
-64.6875 6.9765 0.4097 0.2589 0.3314 0.00000 8.083 1500.0 12.0 0.0000 0.0475 10.00 0.0628
-61.8750 6.9765 0.2906 0.3275 0.3820 0.00000 9.127 1500.0 12.0 0.0000 0.0456 10.00 0.0628
-59.0625 6.9765 0.2534 0.3499 0.3967 0.00000 9.500 1500.0 12.0 0.0000 0.0787 11.22 0.0628
-56.2500 6.9765 0.2544 0.3491 0.3965 0.00000 9.500 1500.0 12.0 0.0000 0.0663 10.00 0.0628
-53.4375 6.9765 0.2716 0.3340 0.3944 0.00000 9.059 1500.0 12.0 0.0000 0.0711 10.04 0.0628
-50.6250 6.9765 0.3495 0.2798 0.3707 0.00000 7.956 1500.0 12.0 0.0000 0.1428 19.27 0.0628
-22.5000 6.9765 0.1481 0.5631 0.2888 0.00000 5.825 1500.0 12.0 0.0000 0.7610 107.55 1.5599
-19.6875 6.9765 0.1833 0.5299 0.2868 0.00000 5.738 1500.0 12.0 0.0000 0.4681 65.11 1.5233
-16.8750 6.9765 0.2241 0.5157 0.2601 0.00000 5.564 1500.0 12.0 0.0000 0.4255 57.35 1.5022
-5.6250 6.9765 0.4723 0.2170 0.3107 0.00000 6.869 1500.0 12.0 0.0000 0.0964 11.90 0.0628
19.6875 4.1859 0.3162 0.3758 0.3080 0.00000 7.463 1500.0 12.0 0.0000 0.7469 99.02 0.0628
22.5000 4.1859 0.1641 0.4845 0.3513 0.00000 8.145 1500.0 12.0 0.0000 0.3094 44.79 0.0628
25.3125 4.1859 0.4607 0.2630 0.2763 0.00000 7.265 1500.0 12.0 0.0000 0.3353 40.80 0.0628
28.1250 4.1859 0.6085 0.1526 0.2389 0.00000 6.935 1500.0 12.0 0.0000 0.4880 53.78 0.0628
30.9375 4.1859 0.2154 0.5186 0.2660 0.00000 6.390 1500.0 12.0 0.0000 3.7983 515.42 1.3321
33.7500 4.1859 0.0672 0.6886 0.2442 0.00000 6.540 1500.0 12.0 0.0000 3.5829 512.57 1.7308
98.4375 4.1859 0.1709 0.4708 0.3582 0.00000 8.026 1500.0 12.0 0.0000 0.7068 102.36 0.0628
101.2500 4.1859 0.4058 0.3087 0.2855 0.00000 7.427 1500.0 12.0 0.0000 1.3502 169.63 0.0628
104.0625 4.1859 0.5535 0.1819 0.2646 0.00000 7.201 1500.0 12.0 0.0000 1.1269 129.94 0.0628
106.8750 4.1859 0.5473 0.1810 0.2716 0.00000 6.940 1500.0 12.0 0.0000 0.4231 49.16 0.0628
109.6875 4.1859 0.2819 0.3248 0.3932 0.00000 7.803 1500.0 12.0 0.0000 0.2913 40.96 0.0628
112.5000 4.1859 0.3062 0.4349 0.2589 0.00000 7.019 1500.0 12.0 0.0000 3.3314 432.24 0.8887
157.5000 4.1859 0.1876 0.5043 0.3080 0.00000 6.568 1500.0 12.0 0.0000 2.1770 305.43 1.0147
160.3125 4.1859 0.1144 0.6055 0.2801 0.00000 7.058 1500.0 12.0 0.0000 2.2772 325.05 1.0883
171.5625 4.1859 0.1982 0.5521 0.2498 0.00000 5.441 1500.0 12.0 0.0000 0.4444 60.26 1.7308
174.3750 4.1859 0.1539 0.5510 0.2952 0.00000 6.182 1500.0 12.0 0.0000 0.4393 62.13 1.5460
177.1875 4.1859 0.1768 0.4992 0.3241 0.00000 6.475 1500.0 12.0 0.0000 0.5402 76.74 1.1204
180.0000 4.1859 0.2605 0.4130 0.3265 0.00000 6.800 1500.0 12.0 0.0000 0.8009 109.90 0.7231
-177.1875 4.1859 0.1878 0.4740 0.3381 0.00000 8.068 1500.0 12.0 0.0000 0.1777 25.31 0.0905
-174.3750 4.1859 0.0499 0.6512 0.2989 0.00000 6.800 1500.0 12.0 0.0000 0.0726 10.74 0.0628
-154.6875 4.1859 0.2658 0.4734 0.2608 0.00000 6.227 1500.0 12.0 0.0000 1.5081 199.54 1.2438
-151.8750 4.1859 0.2243 0.4783 0.2975 0.00000 7.078 1500.0 12.0 0.0000 1.4468 198.74 0.9303
-149.0625 4.1859 0.4154 0.2517 0.3329 0.00000 7.846 1500.0 12.0 0.0000 0.1375 17.65 0.0628
-146.2500 4.1859 0.4364 0.2436 0.3200 0.00000 7.830 1500.0 12.0 0.0000 0.1542 19.47 0.0628
-143.4375 4.1859 0.3442 0.2986 0.3571 0.00000 8.525 1500.0 12.0 0.0000 0.1779 23.89 0.0628
-140.6250 4.1859 0.2929 0.3443 0.3628 0.00000 7.902 1500.0 12.0 0.0000 2.2526 310.45 0.2704
-137.8125 4.1859 0.2687 0.3791 0.3522 0.00000 8.912 1500.0 12.0 0.0000 1.6738 231.88 0.2548
-135.0000 4.1859 0.3857 0.2838 0.3305 0.00000 7.907 1500.0 12.0 0.0000 1.1802 153.42 0.1610
-132.1875 4.1859 0.3943 0.2678 0.3379 0.00000 7.937 1500.0 12.0 0.0000 0.3487 45.33 0.0693
-129.3750 4.1859 0.3439 0.3033 0.3528 0.00000 8.059 1500.0 12.0 0.0000 1.5250 204.44 0.1148
-126.5625 4.1859 0.3092 0.3234 0.3674 0.00000 7.513 1500.0 12.0 0.0000 0.6052 83.01 0.0628
-123.7500 4.1859 0.0872 0.6480 0.2648 0.00000 7.243 1500.0 12.0 0.0000 4.2764 612.83 1.3255
-70.3125 4.1859 0.2573 0.4843 0.2584 0.00000 5.451 1500.0 12.0 0.0000 0.6821 90.49 1.4926
-67.5000 4.1859 0.3172 0.2914 0.3914 0.00000 7.488 1500.0 12.0 0.0000 0.0796 11.02 0.0628
-64.6875 4.1859 0.4220 0.2476 0.3304 0.00000 7.693 1500.0 12.0 0.0000 0.0559 10.00 0.0628
-61.8750 4.1859 0.2816 0.3328 0.3856 0.00000 9.230 1500.0 12.0 0.0000 0.0480 10.00 0.0628
-59.0625 4.1859 0.2508 0.3547 0.3944 0.00000 9.500 1500.0 12.0 0.0000 0.2310 32.94 0.0849
-56.2500 4.1859 0.3054 0.3182 0.3764 0.00000 8.992 1500.0 12.0 0.0000 0.0789 10.89 0.0628
-53.4375 4.1859 0.2977 0.2994 0.4029 0.00000 7.649 1500.0 12.0 0.0000 0.0974 13.67 0.0628
-50.6250 4.1859 0.4085 0.2447 0.3469 0.00000 7.190 1500.0 12.0 0.0000 0.1786 23.18 0.0628
-28.1250 4.1859 0.1975 0.5052 0.2973 0.00000 6.192 1500.0 12.0 0.0000 2.7368 380.31 1.2531
-25.3125 4.1859 0.1716 0.5286 0.2999 0.00000 6.743 1500.0 12.0 0.0000 0.9881 139.02 1.3145
-22.5000 4.1859 0.2551 0.5081 0.2368 0.00000 6.041 1500.0 12.0 0.0000 0.6613 86.81 1.5121
-19.6875 4.1859 0.2209 0.5010 0.2782 0.00000 5.606 1500.0 12.0 0.0000 0.3842 52.34 1.4927
-16.8750 4.1859 0.1616 0.5263 0.3121 0.00000 5.603 1500.0 12.0 0.0000 0.4340 61.70 1.4115
-14.0625 4.1859 0.1969 0.5218 0.2813 0.00000 5.821 1500.0 12.0 0.0000 0.3421 47.18 1.4512
-11.2500 4.1859 0.1040 0.6382 0.2577 0.00000 7.098 1500.0 12.0 0.0000 0.3275 46.44 1.4347
-8.4375 4.1859 0.1927 0.5236 0.2837 0.00000 6.056 1500.0 12.0 0.0000 0.5264 72.79 1.2630
-5.6250 4.1859 0.2689 0.4569 0.2742 0.00000 6.362 1500.0 12.0 0.0000 0.5541 73.73 1.1325
22.5000 1.3953 0.1675 0.4857 0.3468 0.00000 8.149 1500.0 12.0 0.0000 1.6395 236.47 0.1653
25.3125 1.3953 0.2892 0.3288 0.3819 0.00000 7.282 1500.0 12.0 0.0000 0.2611 36.40 0.0628
28.1250 1.3953 0.3015 0.3890 0.3095 0.00000 7.881 1500.0 12.0 0.0000 2.6681 356.39 0.4716
30.9375 1.3953 0.1118 0.6370 0.2512 0.00000 6.897 1500.0 12.0 0.0000 2.6383 371.68 1.5494
59.0625 1.3953 0.1674 0.5642 0.2684 0.00000 5.901 1500.0 12.0 0.0000 1.8508 256.80 1.6607
61.8750 1.3953 0.0958 0.6342 0.2701 0.00000 6.229 1500.0 12.0 0.0000 1.6849 241.21 1.6915
64.6875 1.3953 0.1843 0.5685 0.2472 0.00000 5.873 1500.0 12.0 0.0000 2.1016 286.33 1.7007
98.4375 1.3953 0.1386 0.5460 0.3154 0.00000 7.869 1500.0 12.0 0.0000 3.9156 562.91 0.4916
101.2500 1.3953 0.4570 0.2692 0.2738 0.00000 7.320 1500.0 12.0 0.0000 1.3964 170.00 0.0628
104.0625 1.3953 0.3971 0.2774 0.3255 0.00000 8.345 1500.0 12.0 0.0000 0.7413 95.60 0.0628
106.8750 1.3953 0.4126 0.2595 0.3279 0.00000 7.913 1500.0 12.0 0.0000 0.3062 39.26 0.0628
109.6875 1.3953 0.4499 0.2344 0.3156 0.00000 7.407 1500.0 12.0 0.0000 0.3863 48.33 0.0628
112.5000 1.3953 0.2591 0.4354 0.3055 0.00000 7.561 1500.0 12.0 0.0000 3.3376 453.39 0.5536
149.0625 1.3953 0.0841 0.6556 0.2602 0.00000 7.341 1500.0 12.0 0.0000 2.9358 420.32 1.3406
151.8750 1.3953 0.0949 0.6375 0.2676 0.00000 7.766 1500.0 12.0 0.0000 2.3036 329.51 1.1078
154.6875 1.3953 0.1515 0.5622 0.2864 0.00000 7.277 1500.0 12.0 0.0000 2.2263 313.81 0.9818
157.5000 1.3953 0.2220 0.4424 0.3356 0.00000 7.398 1500.0 12.0 0.0000 2.0004 280.41 0.5475
160.3125 1.3953 0.2469 0.3958 0.3573 0.00000 7.152 1500.0 12.0 0.0000 1.5592 218.59 0.2561
174.3750 1.3953 0.1803 0.5850 0.2348 0.00000 6.298 1500.0 12.0 0.0000 0.6980 94.66 1.4036
177.1875 1.3953 0.2769 0.4134 0.3097 0.00000 6.688 1500.0 12.0 0.0000 0.6497 87.76 0.7845
180.0000 1.3953 0.3014 0.3826 0.3159 0.00000 7.218 1500.0 12.0 0.0000 0.8977 120.31 0.5721
-157.5000 1.3953 0.2857 0.4911 0.2232 0.00000 5.632 1500.0 12.0 0.0000 1.3215 169.80 1.6592
-154.6875 1.3953 0.2067 0.5104 0.2828 0.00000 6.026 1500.0 12.0 0.0000 1.0226 140.50 1.3644
-151.8750 1.3953 0.2007 0.5192 0.2802 0.00000 7.526 1500.0 12.0 0.0000 1.0627 146.20 1.0462
-149.0625 1.3953 0.3760 0.2774 0.3466 0.00000 8.342 1500.0 12.0 0.0000 0.1177 15.50 0.0628
-146.2500 1.3953 0.4278 0.2455 0.3266 0.00000 7.809 1500.0 12.0 0.0000 0.1843 23.44 0.0628
-143.4375 1.3953 0.4123 0.2533 0.3345 0.00000 7.764 1500.0 12.0 0.0000 0.1146 14.74 0.0628
-140.6250 1.3953 0.3206 0.3183 0.3611 0.00000 7.261 1500.0 12.0 0.0000 0.9882 134.43 0.2548
-137.8125 1.3953 0.3069 0.3404 0.3527 0.00000 7.656 1500.0 12.0 0.0000 1.0079 137.35 0.3178
-135.0000 1.3953 0.4449 0.2615 0.2936 0.00000 7.298 1500.0 12.0 0.0000 0.9876 122.31 0.2671
-132.1875 1.3953 0.4147 0.2705 0.3148 0.00000 7.506 1500.0 12.0 0.0000 1.0036 127.61 0.1740
-129.3750 1.3953 0.3723 0.2782 0.3495 0.00000 7.515 1500.0 12.0 0.0000 1.4028 185.34 0.1187
-126.5625 1.3953 0.3090 0.3236 0.3674 0.00000 7.842 1500.0 12.0 0.0000 1.5523 212.95 0.1262
-70.3125 1.3953 0.3316 0.4546 0.2138 0.00000 5.673 1500.0 12.0 0.0000 1.0035 125.51 1.5102
-67.5000 1.3953 0.2654 0.3465 0.3881 0.00000 7.414 1500.0 12.0 0.0000 1.1617 164.08 0.2790
-64.6875 1.3953 0.3237 0.3093 0.3670 0.00000 7.756 1500.0 12.0 0.0000 0.5631 76.74 0.1830
-61.8750 1.3953 0.2571 0.3559 0.3870 0.00000 9.422 1500.0 12.0 0.0000 0.2469 34.98 0.1062
-59.0625 1.3953 0.2775 0.3493 0.3732 0.00000 8.836 1500.0 12.0 0.0000 0.8982 125.28 0.1904
-56.2500 1.3953 0.2653 0.3717 0.3630 0.00000 8.220 1500.0 12.0 0.0000 1.6926 236.10 0.3338
-53.4375 1.3953 0.2826 0.3460 0.3714 0.00000 7.642 1500.0 12.0 0.0000 1.4926 207.54 0.2736
-50.6250 1.3953 0.3830 0.4014 0.2156 0.00000 6.197 1500.0 12.0 0.0000 2.2476 274.46 1.1188
-33.7500 1.3953 0.1458 0.5796 0.2747 0.00000 6.693 1500.0 12.0 0.0000 3.1945 448.76 1.5115
-30.9375 1.3953 0.1604 0.5328 0.3068 0.00000 6.876 1500.0 12.0 0.0000 3.1195 442.50 1.2155
-28.1250 1.3953 0.2744 0.3824 0.3433 0.00000 7.136 1500.0 12.0 0.0000 3.6692 504.76 0.5269
-25.3125 1.3953 0.3834 0.3328 0.2837 0.00000 7.173 1500.0 12.0 0.0000 1.9687 249.74 0.5499
-22.5000 1.3953 0.3426 0.4132 0.2442 0.00000 6.294 1500.0 12.0 0.0000 0.6897 87.28 1.2941
-19.6875 1.3953 0.3275 0.4321 0.2404 0.00000 5.639 1500.0 12.0 0.0000 0.3616 45.98 1.5446
-16.8750 1.3953 0.2520 0.4945 0.2536 0.00000 5.553 1500.0 12.0 0.0000 0.3498 46.39 1.5469
-14.0625 1.3953 0.1641 0.5305 0.3054 0.00000 5.792 1500.0 12.0 0.0000 0.3216 45.52 1.4639
-11.2500 1.3953 0.1830 0.5157 0.3014 0.00000 6.009 1500.0 12.0 0.0000 0.5698 79.84 1.2680
-8.4375 1.3953 0.2083 0.4759 0.3158 0.00000 6.357 1500.0 12.0 0.0000 0.5506 76.86 0.9763
-5.6250 1.3953 0.2255 0.4350 0.3395 0.00000 6.841 1500.0 12.0 0.0000 0.4642 65.10 0.7577
-2.8125 1.3953 0.3761 0.3945 0.2294 0.00000 6.272 1500.0 12.0 0.0000 0.7042 86.96 0.9462
0.0000 -1.3953 0.2914 0.4815 0.2271 0.00000 6.415 1500.0 12.0 0.0000 0.9147 117.47 1.1091
22.5000 -1.3953 0.2715 0.4331 0.2954 0.00000 7.073 1500.0 12.0 0.0000 2.0634 277.29 0.7093
25.3125 -1.3953 0.3375 0.3460 0.3165 0.00000 7.154 1500.0 12.0 0.0000 2.3000 303.39 0.4746
28.1250 -1.3953 0.1692 0.5072 0.3237 0.00000 7.093 1500.0 12.0 0.0000 1.7690 252.09 1.0204
30.9375 -1.3953 0.0793 0.6708 0.2499 0.00000 6.754 1500.0 12.0 0.0000 1.9523 278.68 1.4902
59.0625 -1.3953 0.1994 0.5061 0.2945 0.00000 6.376 1500.0 12.0 0.0000 1.4613 202.62 1.2881
61.8750 -1.3953 0.1798 0.5351 0.2851 0.00000 6.720 1500.0 12.0 0.0000 1.2561 174.81 1.4444
64.6875 -1.3953 0.1242 0.6027 0.2731 0.00000 6.479 1500.0 12.0 0.0000 1.7126 242.61 1.5663
67.5000 -1.3953 0.1208 0.6162 0.2630 0.00000 6.309 1500.0 12.0 0.0000 1.7216 243.02 1.6321
98.4375 -1.3953 0.1009 0.6286 0.2706 0.00000 7.483 1500.0 12.0 0.0000 3.5569 508.23 1.1749
101.2500 -1.3953 0.2694 0.4739 0.2567 0.00000 7.346 1500.0 12.0 0.0000 3.6770 484.65 0.7525
104.0625 -1.3953 0.2420 0.4226 0.3353 0.00000 9.063 1500.0 12.0 0.0000 3.5204 489.17 0.4783
106.8750 -1.3953 0.4137 0.2651 0.3212 0.00000 7.604 1500.0 12.0 0.0000 1.9907 254.15 0.1604
109.6875 -1.3953 0.5219 0.1987 0.2794 0.00000 7.015 1500.0 12.0 0.0000 0.5333 63.06 0.0628
112.5000 -1.3953 0.2172 0.4254 0.3574 0.00000 7.203 1500.0 12.0 0.0000 4.0396 573.57 0.5500
115.3125 -1.3953 0.3023 0.4455 0.2522 0.00000 6.576 1500.0 12.0 0.0000 4.6004 595.79 1.0490
146.2500 -1.3953 0.1479 0.5913 0.2608 0.00000 6.758 1500.0 12.0 0.0000 2.9689 413.83 1.2390
149.0625 -1.3953 0.4630 0.2451 0.2919 0.00000 7.878 1500.0 12.0 0.0000 0.4027 49.40 0.0628
151.8750 -1.3953 0.6027 0.1587 0.2386 0.00000 7.003 1500.0 12.0 0.0000 0.4955 54.77 0.0628
154.6875 -1.3953 0.4146 0.2826 0.3027 0.00000 8.100 1500.0 12.0 0.0000 1.2096 152.78 0.1633
157.5000 -1.3953 0.3063 0.3341 0.3597 0.00000 7.542 1500.0 12.0 0.0000 0.3539 48.42 0.0784
160.3125 -1.3953 0.3934 0.2976 0.3090 0.00000 7.745 1500.0 12.0 0.0000 0.1352 17.31 0.0628
163.1250 -1.3953 0.1566 0.5084 0.3350 0.00000 7.843 1500.0 12.0 0.0000 0.1800 25.93 0.0731
177.1875 -1.3953 0.5095 0.2292 0.2613 0.00000 6.932 1500.0 12.0 0.0000 0.6970 82.05 0.1348
-157.5000 -1.3953 0.3111 0.4873 0.2015 0.00000 5.404 1500.0 12.0 0.0000 1.2025 150.84 1.7308
-154.6875 -1.3953 0.2768 0.4984 0.2248 0.00000 5.822 1500.0 12.0 0.0000 0.9142 118.05 1.6199
-151.8750 -1.3953 0.2118 0.5128 0.2754 0.00000 6.394 1500.0 12.0 0.0000 0.8460 115.54 1.3799
-149.0625 -1.3953 0.2315 0.4891 0.2794 0.00000 7.542 1500.0 12.0 0.0000 1.2259 166.31 0.9085
-146.2500 -1.3953 0.4009 0.2628 0.3363 0.00000 8.078 1500.0 12.0 0.0000 0.1350 17.48 0.0628
-143.4375 -1.3953 0.3605 0.2708 0.3687 0.00000 7.443 1500.0 12.0 0.0000 0.2494 33.46 0.0762
-140.6250 -1.3953 0.2722 0.3314 0.3965 0.00000 7.348 1500.0 12.0 0.0000 0.6143 86.87 0.1844
-137.8125 -1.3953 0.2641 0.3472 0.3887 0.00000 7.343 1500.0 12.0 0.0000 0.5778 81.67 0.2524
-135.0000 -1.3953 0.3979 0.2639 0.3383 0.00000 7.111 1500.0 12.0 0.0000 0.2852 37.03 0.1596
-132.1875 -1.3953 0.3801 0.2941 0.3258 0.00000 7.871 1500.0 12.0 0.0000 0.5096 66.24 0.1778
-129.3750 -1.3953 0.2861 0.3705 0.3434 0.00000 8.153 1500.0 12.0 0.0000 1.1106 152.00 0.1796
-67.5000 -1.3953 0.3103 0.4241 0.2655 0.00000 7.057 1500.0 12.0 0.0000 1.0721 139.34 0.9776
-64.6875 -1.3953 0.3102 0.3172 0.3725 0.00000 6.930 1500.0 12.0 0.0000 1.4860 204.27 0.2865
-61.8750 -1.3953 0.2523 0.3662 0.3816 0.00000 8.861 1500.0 12.0 0.0000 1.0205 144.48 0.2207
-59.0625 -1.3953 0.2713 0.3405 0.3882 0.00000 7.627 1500.0 12.0 0.0000 1.1880 167.38 0.2308
-56.2500 -1.3953 0.3050 0.3328 0.3622 0.00000 7.277 1500.0 12.0 0.0000 2.3449 321.38 0.3064
-53.4375 -1.3953 0.3715 0.3751 0.2534 0.00000 6.661 1500.0 12.0 0.0000 2.5579 320.87 0.8319
-50.6250 -1.3953 0.3759 0.4277 0.1964 0.00000 6.130 1500.0 12.0 0.0000 2.3081 279.72 1.3516
-30.9375 -1.3953 0.2206 0.4289 0.3505 0.00000 7.486 1500.0 12.0 0.0000 3.3254 469.89 0.3005
-28.1250 -1.3953 0.4592 0.2308 0.3100 0.00000 7.707 1500.0 12.0 0.0000 0.2934 36.43 0.0628
-25.3125 -1.3953 0.3888 0.2703 0.3410 0.00000 8.142 1500.0 12.0 0.0000 0.1590 20.76 0.0628
-22.5000 -1.3953 0.3158 0.3141 0.3701 0.00000 8.829 1500.0 12.0 0.0000 0.0695 10.00 0.0628
-19.6875 -1.3953 0.3196 0.4136 0.2668 0.00000 6.443 1500.0 12.0 0.0000 0.5919 76.65 1.3061
-16.8750 -1.3953 0.3431 0.4333 0.2236 0.00000 5.705 1500.0 12.0 0.0000 0.4391 54.92 1.5794
-14.0625 -1.3953 0.2624 0.4915 0.2461 0.00000 6.277 1500.0 12.0 0.0000 0.3993 52.50 1.5142
-11.2500 -1.3953 0.2758 0.4645 0.2597 0.00000 6.358 1500.0 12.0 0.0000 0.5112 67.29 1.2318
-8.4375 -1.3953 0.3049 0.4126 0.2824 0.00000 7.081 1500.0 12.0 0.0000 0.5483 72.08 0.8465
-5.6250 -1.3953 0.2346 0.3997 0.3658 0.00000 6.590 1500.0 12.0 0.0000 0.7941 112.39 0.5947
-2.8125 -1.3953 0.3385 0.3983 0.2632 0.00000 6.721 1500.0 12.0 0.0000 0.5190 66.49 0.8010
25.3125 -4.1859 0.3726 0.3824 0.2450 0.00000 7.148 1500.0 12.0 0.0000 2.3194 289.44 0.6713
28.1250 -4.1859 0.2635 0.4525 0.2840 0.00000 6.358 1500.0 12.0 0.0000 2.5087 336.34 1.0834
30.9375 -4.1859 0.3172 0.4532 0.2296 0.00000 5.742 1500.0 12.0 0.0000 2.8038 356.21 1.3905
56.2500 -4.1859 0.3766 0.2776 0.3458 0.00000 7.272 1500.0 12.0 0.0000 0.2138 28.14 0.0628
59.0625 -4.1859 0.3173 0.2854 0.3973 0.00000 7.130 1500.0 12.0 0.0000 0.2089 28.99 0.0628
61.8750 -4.1859 0.4594 0.2462 0.2944 0.00000 7.578 1500.0 12.0 0.0000 1.6940 208.45 0.1597
64.6875 -4.1859 0.4793 0.2256 0.2950 0.00000 7.940 1500.0 12.0 0.0000 0.2403 29.29 0.0628
67.5000 -4.1859 0.2356 0.4690 0.2953 0.00000 6.631 1500.0 12.0 0.0000 2.6965 368.17 1.0744
70.3125 -4.1859 0.1550 0.5551 0.2899 0.00000 6.625 1500.0 12.0 0.0000 1.7868 251.92 1.2987
101.2500 -4.1859 0.1319 0.5528 0.3153 0.00000 7.968 1500.0 12.0 0.0000 4.2842 617.61 0.3702
104.0625 -4.1859 0.3208 0.3775 0.3017 0.00000 8.235 1500.0 12.0 0.0000 4.1003 540.69 0.4645
106.8750 -4.1859 0.5506 0.1927 0.2566 0.00000 6.820 1500.0 12.0 0.0000 2.5955 298.29 0.1654
109.6875 -4.1859 0.5141 0.1959 0.2900 0.00000 6.954 1500.0 12.0 0.0000 0.6740 80.51 0.0628
112.5000 -4.1859 0.2701 0.4012 0.3287 0.00000 7.013 1500.0 12.0 0.0000 4.0324 551.65 0.6363
115.3125 -4.1859 0.3114 0.4754 0.2132 0.00000 6.569 1500.0 12.0 0.0000 4.1698 526.40 1.2191
143.4375 -4.1859 0.3389 0.3134 0.3477 0.00000 7.016 1500.0 12.0 0.0000 2.1742 291.35 0.2216
146.2500 -4.1859 0.3632 0.2667 0.3701 0.00000 7.220 1500.0 12.0 0.0000 0.4197 56.28 0.0695
149.0625 -4.1859 0.6705 0.1167 0.2128 0.00000 6.457 1500.0 12.0 0.0000 0.6719 70.33 0.0628
151.8750 -4.1859 0.5739 0.1651 0.2610 0.00000 6.688 1500.0 12.0 0.0000 0.4164 47.41 0.0628
154.6875 -4.1859 0.5399 0.2008 0.2593 0.00000 7.417 1500.0 12.0 0.0000 1.2146 140.60 0.1130
157.5000 -4.1859 0.2998 0.3699 0.3304 0.00000 7.908 1500.0 12.0 0.0000 0.8994 121.54 0.1210
160.3125 -4.1859 0.3617 0.3178 0.3205 0.00000 8.066 1500.0 12.0 0.0000 0.2157 28.20 0.0628
163.1250 -4.1859 0.2401 0.4095 0.3503 0.00000 8.394 1500.0 12.0 0.0000 0.1487 20.84 0.0628
165.9375 -4.1859 0.0862 0.5993 0.3144 0.00000 7.300 1500.0 12.0 0.0000 0.1005 14.75 0.0628
-151.8750 -4.1859 0.2700 0.5208 0.2092 0.00000 5.556 1500.0 12.0 0.0000 0.7896 101.42 1.7308
-149.0625 -4.1859 0.2389 0.5161 0.2450 0.00000 5.993 1500.0 12.0 0.0000 0.6616 87.88 1.6155
-146.2500 -4.1859 0.2228 0.5067 0.2705 0.00000 5.991 1500.0 12.0 0.0000 1.0043 136.14 1.3618
-143.4375 -4.1859 0.1905 0.5131 0.2964 0.00000 6.822 1500.0 12.0 0.0000 1.1694 162.93 1.1690
-140.6250 -4.1859 0.2695 0.4759 0.2547 0.00000 5.970 1500.0 12.0 0.0000 0.5405 71.17 1.3388
-137.8125 -4.1859 0.2591 0.4825 0.2584 0.00000 6.084 1500.0 12.0 0.0000 0.2723 36.09 1.3707
-135.0000 -4.1859 0.2240 0.4853 0.2907 0.00000 5.920 1500.0 12.0 0.0000 0.2119 29.01 1.4561
-132.1875 -4.1859 0.2700 0.4536 0.2764 0.00000 6.457 1500.0 12.0 0.0000 0.3963 52.76 1.3828
-129.3750 -4.1859 0.3603 0.2918 0.3480 0.00000 7.788 1500.0 12.0 0.0000 0.0585 10.00 0.0628
-64.6875 -4.1859 0.4956 0.2580 0.2464 0.00000 6.922 1500.0 12.0 0.0000 1.7555 206.30 0.4003
-61.8750 -4.1859 0.3861 0.2691 0.3448 0.00000 7.876 1500.0 12.0 0.0000 0.1887 24.71 0.0628
-59.0625 -4.1859 0.4672 0.2259 0.3069 0.00000 7.361 1500.0 12.0 0.0000 0.2822 34.84 0.0628
-56.2500 -4.1859 0.5178 0.2585 0.2237 0.00000 6.825 1500.0 12.0 0.0000 2.7734 317.81 0.4534
-33.7500 -4.1859 0.3061 0.3810 0.3129 0.00000 6.854 1500.0 12.0 0.0000 4.0194 536.76 0.5376
-30.9375 -4.1859 0.2876 0.3628 0.3495 0.00000 7.584 1500.0 12.0 0.0000 3.1691 434.83 0.2428
-28.1250 -4.1859 0.5276 0.2157 0.2567 0.00000 7.131 1500.0 12.0 0.0000 2.4823 288.72 0.2132
-25.3125 -4.1859 0.4119 0.2580 0.3301 0.00000 7.713 1500.0 12.0 0.0000 0.6840 87.82 0.0951
-22.5000 -4.1859 0.3521 0.3068 0.3411 0.00000 8.227 1500.0 12.0 0.0000 1.2184 161.75 0.1801
-19.6875 -4.1859 0.4065 0.2593 0.3342 0.00000 7.814 1500.0 12.0 0.0000 0.0752 10.00 0.0628
-16.8750 -4.1859 0.4269 0.2591 0.3140 0.00000 7.399 1500.0 12.0 0.0000 0.3967 50.14 0.1739
-14.0625 -4.1859 0.3491 0.3517 0.2991 0.00000 7.487 1500.0 12.0 0.0000 0.7010 91.12 0.6024
-11.2500 -4.1859 0.3924 0.3300 0.2776 0.00000 6.807 1500.0 12.0 0.0000 0.6171 77.68 0.7413
-8.4375 -4.1859 0.3676 0.3626 0.2698 0.00000 6.495 1500.0 12.0 0.0000 0.6581 83.46 0.8908
-5.6250 -4.1859 0.2001 0.4640 0.3360 0.00000 6.326 1500.0 12.0 0.0000 0.6540 92.55 0.9610
-2.8125 -4.1859 0.2789 0.4658 0.2553 0.00000 6.659 1500.0 12.0 0.0000 0.6160 80.78 1.0353
28.1250 -6.9765 0.2577 0.4994 0.2429 0.00000 7.146 1500.0 12.0 0.0000 2.4977 328.54 0.9938
47.8125 -6.9765 0.2599 0.3735 0.3666 0.00000 7.312 1500.0 12.0 0.0000 0.7354 103.00 0.1448
50.6250 -6.9765 0.2487 0.3939 0.3574 0.00000 7.680 1500.0 12.0 0.0000 0.3271 45.82 0.0628
53.4375 -6.9765 0.2471 0.3777 0.3752 0.00000 7.860 1500.0 12.0 0.0000 0.2191 30.99 0.0628
56.2500 -6.9765 0.4597 0.2753 0.2650 0.00000 7.071 1500.0 12.0 0.0000 1.3542 163.82 0.1437
59.0625 -6.9765 0.5092 0.2152 0.2756 0.00000 7.148 1500.0 12.0 0.0000 1.1772 139.78 0.1592
61.8750 -6.9765 0.4179 0.2605 0.3216 0.00000 8.129 1500.0 12.0 0.0000 0.3962 50.49 0.0914
64.6875 -6.9765 0.3575 0.2933 0.3492 0.00000 8.340 1500.0 12.0 0.0000 0.5716 76.01 0.1087
67.5000 -6.9765 0.6021 0.1627 0.2352 0.00000 6.758 1500.0 12.0 0.0000 1.1188 123.45 0.1227
70.3125 -6.9765 0.3995 0.3393 0.2612 0.00000 7.191 1500.0 12.0 0.0000 1.8617 231.45 0.5933
73.1250 -6.9765 0.2261 0.4123 0.3615 0.00000 6.872 1500.0 12.0 0.0000 1.6886 239.35 0.6027
75.9375 -6.9765 0.3208 0.3081 0.3711 0.00000 7.662 1500.0 12.0 0.0000 0.1088 14.88 0.0628
104.0625 -6.9765 0.4003 0.3262 0.2735 0.00000 7.291 1500.0 12.0 0.0000 3.4786 435.25 0.2555
106.8750 -6.9765 0.3955 0.2773 0.3272 0.00000 7.254 1500.0 12.0 0.0000 1.8540 239.49 0.1077
109.6875 -6.9765 0.3146 0.3444 0.3410 0.00000 7.765 1500.0 12.0 0.0000 0.5120 69.12 0.0628
112.5000 -6.9765 0.2101 0.4716 0.3182 0.00000 7.134 1500.0 12.0 0.0000 3.8306 535.01 0.8489
140.6250 -6.9765 0.2028 0.4526 0.3447 0.00000 7.754 1500.0 12.0 0.0000 2.0194 286.68 0.2952
143.4375 -6.9765 0.2484 0.4156 0.3360 0.00000 8.372 1500.0 12.0 0.0000 1.9055 264.14 0.2224
146.2500 -6.9765 0.4187 0.2744 0.3070 0.00000 8.172 1500.0 12.0 0.0000 0.8820 111.46 0.1092
149.0625 -6.9765 0.3950 0.2680 0.3369 0.00000 8.228 1500.0 12.0 0.0000 0.2330 30.27 0.0628
151.8750 -6.9765 0.4064 0.2579 0.3357 0.00000 7.827 1500.0 12.0 0.0000 0.1179 15.23 0.0628
154.6875 -6.9765 0.5540 0.1828 0.2632 0.00000 7.300 1500.0 12.0 0.0000 0.1917 22.08 0.0628
157.5000 -6.9765 0.3187 0.3577 0.3236 0.00000 7.949 1500.0 12.0 0.0000 0.2804 37.44 0.0628
160.3125 -6.9765 0.3121 0.3533 0.3346 0.00000 7.775 1500.0 12.0 0.0000 0.2794 37.63 0.0628
163.1250 -6.9765 0.3277 0.3162 0.3560 0.00000 7.651 1500.0 12.0 0.0000 0.7037 95.18 0.0628
165.9375 -6.9765 0.1318 0.5302 0.3380 0.00000 7.849 1500.0 12.0 0.0000 0.5244 76.44 0.0819
-149.0625 -6.9765 0.1809 0.5942 0.2249 0.00000 6.600 1500.0 12.0 0.0000 0.7446 100.44 1.7308
-146.2500 -6.9765 0.2775 0.5207 0.2019 0.00000 5.997 1500.0 12.0 0.0000 1.0270 130.93 1.6304
-140.6250 -6.9765 0.2122 0.5677 0.2202 0.00000 5.532 1500.0 12.0 0.0000 0.2632 34.92 1.7219
-137.8125 -6.9765 0.3176 0.4641 0.2183 0.00000 5.474 1500.0 12.0 0.0000 0.2512 31.71 1.4719
-135.0000 -6.9765 0.1749 0.5260 0.2991 0.00000 6.062 1500.0 12.0 0.0000 0.1367 19.20 1.3546
-132.1875 -6.9765 0.2353 0.4751 0.2896 0.00000 5.712 1500.0 12.0 0.0000 0.1898 25.84 1.4682
-129.3750 -6.9765 0.4402 0.2433 0.3165 0.00000 7.038 1500.0 12.0 0.0000 0.2214 27.84 0.1459
-126.5625 -6.9765 0.3116 0.3060 0.3824 0.00000 8.003 1500.0 12.0 0.0000 0.1013 13.99 0.0628
-61.8750 -6.9765 0.4772 0.2577 0.2651 0.00000 7.275 1500.0 12.0 0.0000 1.1769 141.14 0.1432
-36.5625 -6.9765 0.2466 0.4349 0.3184 0.00000 6.883 1500.0 12.0 0.0000 3.9313 540.52 0.6544
-33.7500 -6.9765 0.2187 0.4345 0.3468 0.00000 7.260 1500.0 12.0 0.0000 2.4401 344.42 0.6677
-30.9375 -6.9765 0.2866 0.3566 0.3568 0.00000 8.361 1500.0 12.0 0.0000 1.7177 236.67 0.2883
-28.1250 -6.9765 0.4464 0.2665 0.2871 0.00000 7.591 1500.0 12.0 0.0000 1.8274 225.35 0.2396
-25.3125 -6.9765 0.4886 0.2141 0.2973 0.00000 6.808 1500.0 12.0 0.0000 0.9956 120.96 0.1238
-22.5000 -6.9765 0.4473 0.2402 0.3125 0.00000 7.270 1500.0 12.0 0.0000 1.0530 131.66 0.1177
-19.6875 -6.9765 0.4492 0.2426 0.3082 0.00000 7.184 1500.0 12.0 0.0000 1.7944 223.61 0.1609
-16.8750 -6.9765 0.3739 0.2851 0.3410 0.00000 8.084 1500.0 12.0 0.0000 0.7256 95.37 0.1287
-14.0625 -6.9765 0.3228 0.3089 0.3683 0.00000 8.759 1500.0 12.0 0.0000 0.0814 11.10 0.0628
-11.2500 -6.9765 0.4053 0.2583 0.3364 0.00000 7.840 1500.0 12.0 0.0000 0.0727 10.00 0.0628
-8.4375 -6.9765 0.4327 0.2423 0.3250 0.00000 7.499 1500.0 12.0 0.0000 0.0722 10.00 0.0628
-5.6250 -6.9765 0.2192 0.4626 0.3182 0.00000 5.897 1500.0 12.0 0.0000 0.8778 122.12 1.1233
-2.8125 -6.9765 0.2706 0.4631 0.2663 0.00000 6.282 1500.0 12.0 0.0000 0.9101 120.50 1.2230
42.1875 -9.7671 0.2937 0.3617 0.3446 0.00000 7.532 1500.0 12.0 0.0000 0.0985 13.44 0.0628
45.0000 -9.7671 0.2703 0.3991 0.3305 0.00000 7.627 1500.0 12.0 0.0000 0.2189 29.96 0.0878
47.8125 -9.7671 0.3010 0.3265 0.3726 0.00000 6.939 1500.0 12.0 0.0000 0.5748 79.34 0.2468
50.6250 -9.7671 0.4876 0.2425 0.2699 0.00000 6.889 1500.0 12.0 0.0000 1.2498 149.53 0.2827
53.4375 -9.7671 0.3633 0.3038 0.3329 0.00000 8.628 1500.0 12.0 0.0000 1.1288 148.44 0.1649
56.2500 -9.7671 0.3383 0.3218 0.3399 0.00000 8.794 1500.0 12.0 0.0000 0.9198 122.79 0.1898
59.0625 -9.7671 0.3809 0.2860 0.3331 0.00000 8.464 1500.0 12.0 0.0000 0.3124 40.76 0.0939
61.8750 -9.7671 0.2671 0.3502 0.3828 0.00000 9.316 1500.0 12.0 0.0000 0.2526 35.56 0.0819
64.6875 -9.7671 0.3446 0.2949 0.3606 0.00000 8.523 1500.0 12.0 0.0000 0.1367 18.40 0.0628
67.5000 -9.7671 0.4208 0.2513 0.3278 0.00000 7.727 1500.0 12.0 0.0000 0.0802 10.24 0.0628
70.3125 -9.7671 0.4444 0.2580 0.2975 0.00000 7.852 1500.0 12.0 0.0000 0.8090 100.44 0.1818
73.1250 -9.7671 0.2410 0.3890 0.3701 0.00000 7.452 1500.0 12.0 0.0000 1.3978 197.71 0.3848
75.9375 -9.7671 0.2747 0.3589 0.3664 0.00000 7.771 1500.0 12.0 0.0000 0.1666 23.19 0.0718
106.8750 -9.7671 0.2533 0.3528 0.3939 0.00000 7.420 1500.0 12.0 0.0000 0.4985 70.97 0.0628
112.5000 -9.7671 0.2084 0.4553 0.3363 0.00000 7.810 1500.0 12.0 0.0000 3.6595 516.13 0.5032
115.3125 -9.7671 0.2790 0.4575 0.2635 0.00000 7.649 1500.0 12.0 0.0000 3.7036 487.78 0.8268
137.8125 -9.7671 0.2048 0.4912 0.3039 0.00000 7.072 1500.0 12.0 0.0000 1.6182 224.91 0.8543
140.6250 -9.7671 0.2579 0.3785 0.3636 0.00000 7.387 1500.0 12.0 0.0000 1.4884 208.34 0.3290
143.4375 -9.7671 0.3282 0.3285 0.3433 0.00000 8.804 1500.0 12.0 0.0000 0.9180 123.33 0.1841
146.2500 -9.7671 0.4034 0.2657 0.3309 0.00000 8.231 1500.0 12.0 0.0000 0.1567 20.20 0.0628
149.0625 -9.7671 0.3861 0.2720 0.3418 0.00000 8.052 1500.0 12.0 0.0000 0.0881 11.52 0.0628
151.8750 -9.7671 0.3676 0.2843 0.3481 0.00000 8.335 1500.0 12.0 0.0000 0.0565 10.00 0.0628
154.6875 -9.7671 0.4959 0.2139 0.2902 0.00000 7.544 1500.0 12.0 0.0000 0.0814 10.00 0.0628
157.5000 -9.7671 0.3327 0.3033 0.3640 0.00000 8.837 1500.0 12.0 0.0000 0.0857 11.61 0.0628
160.3125 -9.7671 0.2896 0.3010 0.4095 0.00000 7.567 1500.0 12.0 0.0000 0.1968 27.81 0.0628
163.1250 -9.7671 0.2532 0.3495 0.3974 0.00000 7.679 1500.0 12.0 0.0000 0.5890 84.00 0.0628
165.9375 -9.7671 0.2310 0.3936 0.3755 0.00000 7.877 1500.0 12.0 0.0000 0.3389 48.27 0.0628
168.7500 -9.7671 0.3746 0.3112 0.3142 0.00000 7.638 1500.0 12.0 0.0000 1.2958 167.83 0.1525
171.5625 -9.7671 0.4336 0.2827 0.2837 0.00000 7.387 1500.0 12.0 0.0000 1.9132 236.94 0.1793
174.3750 -9.7671 0.5268 0.2032 0.2700 0.00000 6.823 1500.0 12.0 0.0000 1.9963 234.14 0.1615
177.1875 -9.7671 0.3049 0.3615 0.3336 0.00000 7.581 1500.0 12.0 0.0000 1.4278 192.83 0.1220
-177.1875 -9.7671 0.5450 0.1875 0.2675 0.00000 7.066 1500.0 12.0 0.0000 0.4423 51.32 0.0709
-174.3750 -9.7671 0.4635 0.2251 0.3114 0.00000 6.986 1500.0 12.0 0.0000 0.4098 50.81 0.0649
-140.6250 -9.7671 0.1156 0.6577 0.2267 0.00000 5.705 1500.0 12.0 0.0000 0.1593 22.13 1.7308
-137.8125 -9.7671 0.2303 0.5430 0.2268 0.00000 5.598 1500.0 12.0 0.0000 0.1373 18.13 1.4283
-135.0000 -9.7671 0.2623 0.4575 0.2803 0.00000 5.762 1500.0 12.0 0.0000 0.1572 21.05 1.1316
-132.1875 -9.7671 0.2214 0.4773 0.3013 0.00000 5.988 1500.0 12.0 0.0000 0.1360 18.74 1.2862
-129.3750 -9.7671 0.3883 0.2868 0.3249 0.00000 7.780 1500.0 12.0 0.0000 0.2203 28.52 0.1897
-126.5625 -9.7671 0.4002 0.2613 0.3384 0.00000 7.835 1500.0 12.0 0.0000 0.0573 10.00 0.0628
-123.7500 -9.7671 0.3322 0.2926 0.3752 0.00000 7.645 1500.0 12.0 0.0000 0.2763 37.67 0.0628
-120.9375 -9.7671 0.3059 0.3627 0.3315 0.00000 7.438 1500.0 12.0 0.0000 2.9237 394.26 0.3055
-36.5625 -9.7671 0.1430 0.5728 0.2842 0.00000 7.360 1500.0 12.0 0.0000 2.7660 390.88 0.8504
-33.7500 -9.7671 0.1208 0.5933 0.2859 0.00000 8.122 1500.0 12.0 0.0000 1.4902 212.75 1.1915
-30.9375 -9.7671 0.4539 0.2880 0.2581 0.00000 7.314 1500.0 12.0 0.0000 1.8174 219.60 0.4504
-28.1250 -9.7671 0.5323 0.1929 0.2748 0.00000 7.388 1500.0 12.0 0.0000 0.1974 23.15 0.0628
-25.3125 -9.7671 0.5828 0.1621 0.2551 0.00000 6.785 1500.0 12.0 0.0000 0.3503 39.54 0.0628
-22.5000 -9.7671 0.5091 0.1989 0.2920 0.00000 6.950 1500.0 12.0 0.0000 0.2798 33.55 0.0628
-19.6875 -9.7671 0.4978 0.2089 0.2933 0.00000 6.790 1500.0 12.0 0.0000 1.3439 162.16 0.1174
-16.8750 -9.7671 0.4249 0.2465 0.3286 0.00000 7.621 1500.0 12.0 0.0000 0.2800 35.71 0.0628
-14.0625 -9.7671 0.2531 0.3511 0.3958 0.00000 9.500 1500.0 12.0 0.0000 0.2516 35.86 0.0628
-11.2500 -9.7671 0.4096 0.2658 0.3246 0.00000 7.883 1500.0 12.0 0.0000 0.6986 89.52 0.1234
-8.4375 -9.7671 0.2519 0.4257 0.3224 0.00000 8.839 1500.0 12.0 0.0000 1.2772 175.56 0.3530
-5.6250 -9.7671 0.2846 0.4548 0.2606 0.00000 6.740 1500.0 12.0 0.0000 1.5303 200.72 0.9186
-2.8125 -9.7671 0.1540 0.5545 0.2915 0.00000 6.899 1500.0 12.0 0.0000 0.8810 124.36 1.3065
42.1875 -12.5578 0.4219 0.2425 0.3356 0.00000 7.053 1500.0 12.0 0.0000 0.2305 29.55 0.0918
45.0000 -12.5578 0.2461 0.3734 0.3805 0.00000 7.245 1500.0 12.0 0.0000 0.4231 60.02 0.2220
47.8125 -12.5578 0.2699 0.4383 0.2919 0.00000 6.906 1500.0 12.0 0.0000 0.4027 54.05 0.8416
50.6250 -12.5578 0.3308 0.4225 0.2467 0.00000 7.016 1500.0 12.0 0.0000 0.4933 62.85 1.0195
53.4375 -12.5578 0.3959 0.2923 0.3118 0.00000 7.635 1500.0 12.0 0.0000 0.6516 83.46 0.3053
56.2500 -12.5578 0.2413 0.3669 0.3918 0.00000 9.500 1500.0 12.0 0.0000 0.5948 85.02 0.1261
59.0625 -12.5578 0.2451 0.3605 0.3944 0.00000 9.500 1500.0 12.0 0.0000 0.0995 14.22 0.0628
61.8750 -12.5578 0.3060 0.3188 0.3752 0.00000 8.949 1500.0 12.0 0.0000 0.1804 24.88 0.0628
64.6875 -12.5578 0.4068 0.2573 0.3359 0.00000 7.826 1500.0 12.0 0.0000 0.2189 28.25 0.0628
67.5000 -12.5578 0.3527 0.2942 0.3531 0.00000 8.377 1500.0 12.0 0.0000 0.2691 35.94 0.0940
70.3125 -12.5578 0.3074 0.4426 0.2500 0.00000 7.244 1500.0 12.0 0.0000 1.1380 146.87 1.1162
73.1250 -12.5578 0.2314 0.4621 0.3065 0.00000 7.041 1500.0 12.0 0.0000 1.2954 178.22 0.8858
75.9375 -12.5578 0.3080 0.3357 0.3562 0.00000 7.920 1500.0 12.0 0.0000 0.4976 67.90 0.1180
137.8125 -12.5578 0.3127 0.3140 0.3733 0.00000 7.269 1500.0 12.0 0.0000 0.4154 57.07 0.0840
140.6250 -12.5578 0.3961 0.2609 0.3430 0.00000 7.070 1500.0 12.0 0.0000 0.9052 117.89 0.1499
143.4375 -12.5578 0.4047 0.2703 0.3250 0.00000 8.101 1500.0 12.0 0.0000 0.5524 70.97 0.1237
146.2500 -12.5578 0.3656 0.2883 0.3461 0.00000 8.234 1500.0 12.0 0.0000 0.4333 57.32 0.1023
149.0625 -12.5578 0.4766 0.2287 0.2947 0.00000 7.653 1500.0 12.0 0.0000 0.0970 11.83 0.0628
151.8750 -12.5578 0.5171 0.1945 0.2884 0.00000 7.171 1500.0 12.0 0.0000 0.1084 12.92 0.0628
154.6875 -12.5578 0.3533 0.2782 0.3685 0.00000 7.466 1500.0 12.0 0.0000 0.0790 10.64 0.0628
157.5000 -12.5578 0.2921 0.3137 0.3942 0.00000 7.525 1500.0 12.0 0.0000 0.5617 78.67 0.1398
160.3125 -12.5578 0.2679 0.3372 0.3950 0.00000 7.735 1500.0 12.0 0.0000 0.1645 23.28 0.0628
163.1250 -12.5578 0.2994 0.3297 0.3709 0.00000 7.301 1500.0 12.0 0.0000 0.2985 41.19 0.0628
165.9375 -12.5578 0.2732 0.3322 0.3946 0.00000 7.436 1500.0 12.0 0.0000 1.0841 153.10 0.0967
168.7500 -12.5578 0.2492 0.3600 0.3908 0.00000 7.646 1500.0 12.0 0.0000 1.2768 181.82 0.1397
171.5625 -12.5578 0.2586 0.3481 0.3933 0.00000 8.435 1500.0 12.0 0.0000 1.2660 179.79 0.1665
174.3750 -12.5578 0.2528 0.3547 0.3924 0.00000 8.293 1500.0 12.0 0.0000 2.0371 289.88 0.2027
177.1875 -12.5578 0.2683 0.3505 0.3812 0.00000 7.436 1500.0 12.0 0.0000 2.6358 370.55 0.1725
180.0000 -12.5578 0.3506 0.2964 0.3530 0.00000 7.613 1500.0 12.0 0.0000 1.7711 236.75 0.1548
-177.1875 -12.5578 0.3271 0.2933 0.3796 0.00000 7.814 1500.0 12.0 0.0000 0.8886 121.69 0.1030
-174.3750 -12.5578 0.2812 0.3211 0.3977 0.00000 7.478 1500.0 12.0 0.0000 0.2276 32.08 0.0628
-137.8125 -12.5578 0.4041 0.4066 0.1894 0.00000 5.071 1500.0 12.0 0.0000 0.3050 36.30 1.3155
-135.0000 -12.5578 0.3355 0.4144 0.2501 0.00000 5.512 1500.0 12.0 0.0000 0.2478 31.57 1.0597
-132.1875 -12.5578 0.2480 0.4432 0.3089 0.00000 5.549 1500.0 12.0 0.0000 0.1777 24.29 1.1484
-129.3750 -12.5578 0.3594 0.3367 0.3039 0.00000 7.414 1500.0 12.0 0.0000 0.3916 50.79 0.5508
-126.5625 -12.5578 0.4421 0.2370 0.3210 0.00000 7.423 1500.0 12.0 0.0000 0.0523 10.00 0.0628
-123.7500 -12.5578 0.4109 0.2441 0.3450 0.00000 7.026 1500.0 12.0 0.0000 0.2773 35.91 0.0628
-120.9375 -12.5578 0.1933 0.4501 0.3567 0.00000 7.521 1500.0 12.0 0.0000 2.5315 362.94 0.2447
-118.1250 -12.5578 0.4174 0.2493 0.3333 0.00000 6.859 1500.0 12.0 0.0000 1.5427 197.92 0.0628
-115.3125 -12.5578 0.5024 0.2799 0.2177 0.00000 6.582 1500.0 12.0 0.0000 4.5204 520.26 0.5647
-112.5000 -12.5578 0.4208 0.3639 0.2153 0.00000 6.614 1500.0 12.0 0.0000 4.1212 493.84 0.7517
-33.7500 -12.5578 0.1073 0.6316 0.2611 0.00000 7.469 1500.0 12.0 0.0000 1.2746 180.78 1.1970
-30.9375 -12.5578 0.3995 0.3521 0.2484 0.00000 6.635 1500.0 12.0 0.0000 1.8548 228.92 0.7460
-28.1250 -12.5578 0.3748 0.3038 0.3214 0.00000 7.864 1500.0 12.0 0.0000 0.1789 23.26 0.0628
-25.3125 -12.5578 0.4320 0.2669 0.3011 0.00000 7.906 1500.0 12.0 0.0000 0.2008 25.14 0.0628
-22.5000 -12.5578 0.5149 0.2069 0.2783 0.00000 7.678 1500.0 12.0 0.0000 0.4390 52.06 0.0698
-19.6875 -12.5578 0.5602 0.1891 0.2507 0.00000 7.191 1500.0 12.0 0.0000 3.2435 369.54 0.1177
-16.8750 -12.5578 0.4255 0.2489 0.3257 0.00000 7.739 1500.0 12.0 0.0000 0.4472 56.91 0.0628
-14.0625 -12.5578 0.2999 0.3276 0.3725 0.00000 8.945 1500.0 12.0 0.0000 0.7817 107.94 0.0937
-11.2500 -12.5578 0.5743 0.1697 0.2561 0.00000 7.034 1500.0 12.0 0.0000 0.8647 98.12 0.0628
-8.4375 -12.5578 0.4015 0.3434 0.2551 0.00000 7.447 1500.0 12.0 0.0000 3.5327 437.23 0.4714
-5.6250 -12.5578 0.1423 0.5484 0.3092 0.00000 8.311 1500.0 12.0 0.0000 1.9774 282.97 0.5698
-2.8125 -12.5578 0.0868 0.6722 0.2411 0.00000 7.221 1500.0 12.0 0.0000 1.7832 252.63 1.3594
42.1875 -15.3484 0.3433 0.3460 0.3107 0.00000 7.716 1500.0 12.0 0.0000 0.1279 16.77 0.0842
45.0000 -15.3484 0.3226 0.2989 0.3785 0.00000 7.803 1500.0 12.0 0.0000 0.2131 29.23 0.1209
47.8125 -15.3484 0.3219 0.3125 0.3656 0.00000 7.087 1500.0 12.0 0.0000 0.3303 45.02 0.2587
50.6250 -15.3484 0.3196 0.4061 0.2743 0.00000 6.727 1500.0 12.0 0.0000 0.2188 28.45 0.9927
53.4375 -15.3484 0.3513 0.3866 0.2621 0.00000 6.374 1500.0 12.0 0.0000 0.3456 43.99 1.1043
56.2500 -15.3484 0.4030 0.2605 0.3365 0.00000 7.863 1500.0 12.0 0.0000 0.0514 10.00 0.0628
59.0625 -15.3484 0.4465 0.2345 0.3190 0.00000 7.372 1500.0 12.0 0.0000 0.1956 24.56 0.0628
61.8750 -15.3484 0.4766 0.2153 0.3081 0.00000 7.043 1500.0 12.0 0.0000 0.4347 53.45 0.0628
64.6875 -15.3484 0.4277 0.2453 0.3270 0.00000 7.588 1500.0 12.0 0.0000 0.2440 31.05 0.0628
67.5000 -15.3484 0.3377 0.3838 0.2784 0.00000 6.841 1500.0 12.0 0.0000 1.5066 194.70 0.9997
70.3125 -15.3484 0.3214 0.4538 0.2249 0.00000 6.179 1500.0 12.0 0.0000 1.3932 176.19 1.4789
73.1250 -15.3484 0.1870 0.5192 0.2938 0.00000 6.243 1500.0 12.0 0.0000 1.3334 185.80 1.3091
75.9375 -15.3484 0.2008 0.4661 0.3330 0.00000 7.466 1500.0 12.0 0.0000 1.2383 174.92 0.6604
78.7500 -15.3484 0.2095 0.4234 0.3670 0.00000 8.111 1500.0 12.0 0.0000 1.0731 153.58 0.1605
81.5625 -15.3484 0.2060 0.4329 0.3611 0.00000 7.968 1500.0 12.0 0.0000 1.0611 151.65 0.1403
84.3750 -15.3484 0.2107 0.4202 0.3691 0.00000 7.991 1500.0 12.0 0.0000 1.0292 147.37 0.0887
87.1875 -15.3484 0.2709 0.3548 0.3742 0.00000 7.806 1500.0 12.0 0.0000 1.5280 213.82 0.1054
137.8125 -15.3484 0.3169 0.3040 0.3791 0.00000 7.247 1500.0 12.0 0.0000 0.9738 133.92 0.1143
140.6250 -15.3484 0.2937 0.3093 0.3970 0.00000 7.304 1500.0 12.0 0.0000 1.4003 196.28 0.1342
143.4375 -15.3484 0.3894 0.2766 0.3341 0.00000 8.051 1500.0 12.0 0.0000 0.8990 116.89 0.1126
146.2500 -15.3484 0.4982 0.2197 0.2821 0.00000 7.675 1500.0 12.0 0.0000 0.4817 57.74 0.0988
149.0625 -15.3484 0.3789 0.2559 0.3652 0.00000 7.049 1500.0 12.0 0.0000 0.1295 17.20 0.0628
151.8750 -15.3484 0.1826 0.4985 0.3189 0.00000 5.999 1500.0 12.0 0.0000 0.9414 133.09 1.2258
154.6875 -15.3484 0.1808 0.5411 0.2781 0.00000 6.174 1500.0 12.0 0.0000 0.8849 122.66 1.3444
157.5000 -15.3484 0.2025 0.5089 0.2886 0.00000 6.075 1500.0 12.0 0.0000 0.8556 118.12 1.3106
160.3125 -15.3484 0.2121 0.4914 0.2965 0.00000 7.349 1500.0 12.0 0.0000 1.3255 182.96 0.8211
163.1250 -15.3484 0.1779 0.4775 0.3445 0.00000 8.108 1500.0 12.0 0.0000 0.1717 24.62 0.0628
168.7500 -15.3484 0.2526 0.3554 0.3920 0.00000 8.689 1500.0 12.0 0.0000 0.6730 95.75 0.1062
171.5625 -15.3484 0.3066 0.3346 0.3588 0.00000 9.035 1500.0 12.0 0.0000 1.0808 147.77 0.1542
174.3750 -15.3484 0.3045 0.3387 0.3567 0.00000 8.712 1500.0 12.0 0.0000 1.8637 254.77 0.2097
177.1875 -15.3484 0.4015 0.2758 0.3227 0.00000 7.575 1500.0 12.0 0.0000 2.0947 269.17 0.1740
180.0000 -15.3484 0.3240 0.3096 0.3664 0.00000 7.952 1500.0 12.0 0.0000 1.9005 258.86 0.1583
-177.1875 -15.3484 0.2490 0.3586 0.3924 0.00000 8.963 1500.0 12.0 0.0000 1.6520 235.45 0.1561
-174.3750 -15.3484 0.3203 0.2891 0.3905 0.00000 7.482 1500.0 12.0 0.0000 0.2708 37.40 0.0628
-171.5625 -15.3484 0.3334 0.3514 0.3152 0.00000 7.803 1500.0 12.0 0.0000 0.3173 41.90 0.0628
-137.8125 -15.3484 0.5539 0.2012 0.2449 0.00000 7.039 1500.0 12.0 0.0000 0.4592 52.31 0.1674
-135.0000 -15.3484 0.3818 0.2853 0.3329 0.00000 6.855 1500.0 12.0 0.0000 0.4979 64.93 0.2635
-132.1875 -15.3484 0.3900 0.2558 0.3542 0.00000 7.325 1500.0 12.0 0.0000 0.0295 10.00 0.0628
-129.3750 -15.3484 0.4666 0.2359 0.2975 0.00000 6.908 1500.0 12.0 0.0000 0.3038 37.31 0.2072
-126.5625 -15.3484 0.5448 0.1817 0.2736 0.00000 6.846 1500.0 12.0 0.0000 0.0881 10.26 0.0628
-123.7500 -15.3484 0.5176 0.2196 0.2628 0.00000 7.305 1500.0 12.0 0.0000 0.4980 58.43 0.0628
-36.5625 -15.3484 0.1601 0.5174 0.3225 0.00000 7.351 1500.0 12.0 0.0000 1.7573 251.24 0.8242
-33.7500 -15.3484 0.1313 0.5726 0.2961 0.00000 7.484 1500.0 12.0 0.0000 1.3393 191.30 0.9894
-30.9375 -15.3484 0.2399 0.4106 0.3495 0.00000 6.963 1500.0 12.0 0.0000 1.6889 236.56 0.5976
-28.1250 -15.3484 0.4261 0.2615 0.3124 0.00000 7.243 1500.0 12.0 0.0000 0.6817 86.10 0.1119
-22.5000 -15.3484 0.2497 0.4001 0.3502 0.00000 7.726 1500.0 12.0 0.0000 0.2612 36.44 0.0628
-19.6875 -15.3484 0.2733 0.3981 0.3285 0.00000 7.990 1500.0 12.0 0.0000 1.1713 160.00 0.0628
-16.8750 -15.3484 0.3416 0.3279 0.3304 0.00000 8.618 1500.0 12.0 0.0000 2.7361 362.90 0.1139
-14.0625 -15.3484 0.3712 0.2823 0.3465 0.00000 8.379 1500.0 12.0 0.0000 0.4727 62.39 0.0628
-11.2500 -15.3484 0.4751 0.2131 0.3118 0.00000 6.644 1500.0 12.0 0.0000 2.2268 274.61 0.1015
-8.4375 -15.3484 0.2817 0.4075 0.3108 0.00000 7.255 1500.0 12.0 0.0000 3.9642 534.60 0.2945
19.6875 -18.1390 0.4578 0.2303 0.3119 0.00000 6.773 1500.0 12.0 0.0000 0.2269 28.22 0.0628
22.5000 -18.1390 0.3463 0.2838 0.3700 0.00000 7.086 1500.0 12.0 0.0000 0.2317 31.31 0.0670
45.0000 -18.1390 0.3810 0.3273 0.2917 0.00000 6.796 1500.0 12.0 0.0000 0.3948 50.36 0.4292
47.8125 -18.1390 0.2604 0.3604 0.3792 0.00000 7.320 1500.0 12.0 0.0000 0.7228 101.85 0.3386
50.6250 -18.1390 0.2749 0.4129 0.3122 0.00000 5.961 1500.0 12.0 0.0000 0.2735 37.02 0.8390
53.4375 -18.1390 0.2286 0.4753 0.2961 0.00000 5.802 1500.0 12.0 0.0000 0.2928 40.12 1.2428
56.2500 -18.1390 0.2884 0.4342 0.2774 0.00000 6.881 1500.0 12.0 0.0000 0.3849 50.85 1.1512
59.0625 -18.1390 0.4262 0.2483 0.3256 0.00000 7.589 1500.0 12.0 0.0000 0.0694 10.00 0.0628
61.8750 -18.1390 0.4537 0.2299 0.3164 0.00000 7.294 1500.0 12.0 0.0000 0.3805 47.53 0.0628
64.6875 -18.1390 0.4216 0.2489 0.3295 0.00000 7.657 1500.0 12.0 0.0000 0.2874 36.73 0.0628
67.5000 -18.1390 0.2289 0.4718 0.2993 0.00000 7.891 1500.0 12.0 0.0000 2.0860 286.25 1.0726
70.3125 -18.1390 0.2131 0.5166 0.2702 0.00000 7.111 1500.0 12.0 0.0000 1.6218 220.78 1.5110
73.1250 -18.1390 0.3138 0.4564 0.2298 0.00000 5.832 1500.0 12.0 0.0000 1.5769 200.66 1.4153
75.9375 -18.1390 0.1688 0.5318 0.2994 0.00000 7.013 1500.0 12.0 0.0000 1.3975 196.81 1.0734
78.7500 -18.1390 0.1966 0.4715 0.3318 0.00000 8.805 1500.0 12.0 0.0000 2.0096 284.22 0.6052
81.5625 -18.1390 0.3098 0.4105 0.2797 0.00000 7.543 1500.0 12.0 0.0000 3.1204 408.75 0.6203
84.3750 -18.1390 0.2197 0.4800 0.3003 0.00000 7.726 1500.0 12.0 0.0000 2.8963 399.23 0.8815
87.1875 -18.1390 0.1953 0.4582 0.3465 0.00000 7.481 1500.0 12.0 0.0000 3.0874 440.06 0.6086
137.8125 -18.1390 0.3186 0.3422 0.3392 0.00000 7.666 1500.0 12.0 0.0000 0.2636 35.49 0.0628
140.6250 -18.1390 0.2895 0.3109 0.3996 0.00000 7.894 1500.0 12.0 0.0000 0.4979 70.00 0.0628
143.4375 -18.1390 0.3629 0.2766 0.3605 0.00000 7.816 1500.0 12.0 0.0000 0.2413 32.21 0.0628
146.2500 -18.1390 0.4226 0.2410 0.3364 0.00000 7.337 1500.0 12.0 0.0000 0.1908 24.46 0.0628
149.0625 -18.1390 0.1623 0.5422 0.2955 0.00000 5.901 1500.0 12.0 0.0000 1.2563 177.07 1.3242
154.6875 -18.1390 0.1056 0.6617 0.2327 0.00000 6.441 1500.0 12.0 0.0000 0.6566 91.89 1.4627
168.7500 -18.1390 0.1902 0.4466 0.3632 0.00000 7.807 1500.0 12.0 0.0000 0.6341 91.32 0.0672
171.5625 -18.1390 0.5853 0.1754 0.2394 0.00000 6.705 1500.0 12.0 0.0000 2.6056 290.89 0.1442
174.3750 -18.1390 0.5151 0.2121 0.2729 0.00000 7.106 1500.0 12.0 0.0000 1.6976 200.65 0.1508
177.1875 -18.1390 0.4098 0.2631 0.3271 0.00000 7.500 1500.0 12.0 0.0000 1.4146 181.50 0.1420
180.0000 -18.1390 0.4601 0.2224 0.3175 0.00000 6.850 1500.0 12.0 0.0000 2.4618 306.77 0.1088
-177.1875 -18.1390 0.3079 0.2993 0.3928 0.00000 7.569 1500.0 12.0 0.0000 0.6369 88.54 0.0764
-174.3750 -18.1390 0.4796 0.2334 0.2870 0.00000 7.438 1500.0 12.0 0.0000 0.4838 58.70 0.0628
-140.6250 -18.1390 0.5848 0.1690 0.2462 0.00000 6.976 1500.0 12.0 0.0000 0.1368 15.35 0.0628
-137.8125 -18.1390 0.4396 0.2283 0.3320 0.00000 7.055 1500.0 12.0 0.0000 0.0933 11.83 0.0653
-135.0000 -18.1390 0.3266 0.2779 0.3956 0.00000 7.042 1500.0 12.0 0.0000 0.0929 12.83 0.0737
-132.1875 -18.1390 0.4327 0.2454 0.3219 0.00000 7.432 1500.0 12.0 0.0000 0.1674 21.19 0.0970
-129.3750 -18.1390 0.4556 0.2306 0.3138 0.00000 7.250 1500.0 12.0 0.0000 0.1432 17.84 0.0848
-126.5625 -18.1390 0.4986 0.2170 0.2844 0.00000 7.138 1500.0 12.0 0.0000 0.8592 103.09 0.1212
-123.7500 -18.1390 0.3489 0.3354 0.3156 0.00000 8.193 1500.0 12.0 0.0000 1.0511 137.86 0.1269
-53.4375 -18.1390 0.2638 0.3679 0.3683 0.00000 7.157 1500.0 12.0 0.0000 3.0646 428.90 0.2618
-36.5625 -18.1390 0.2545 0.3825 0.3630 0.00000 7.519 1500.0 12.0 0.0000 1.5397 215.78 0.1224
-33.7500 -18.1390 0.3762 0.2892 0.3346 0.00000 7.475 1500.0 12.0 0.0000 0.5215 68.24 0.0940
-19.6875 -18.1390 0.1827 0.4580 0.3593 0.00000 8.007 1500.0 12.0 0.0000 1.5882 228.99 0.0664
-16.8750 -18.1390 0.5453 0.2063 0.2484 0.00000 7.023 1500.0 12.0 0.0000 2.0425 234.20 0.0628
-14.0625 -18.1390 0.5162 0.2008 0.2830 0.00000 7.409 1500.0 12.0 0.0000 0.8660 102.92 0.0628
-11.2500 -18.1390 0.5757 0.1663 0.2580 0.00000 6.857 1500.0 12.0 0.0000 0.9814 111.41 0.0628
-8.4375 -18.1390 0.3897 0.3213 0.2889 0.00000 7.675 1500.0 12.0 0.0000 3.3951 430.64 0.1773
11.2500 -20.9296 0.3664 0.2921 0.3415 0.00000 7.247 1500.0 12.0 0.0000 0.1069 14.10 0.0628
14.0625 -20.9296 0.3637 0.2758 0.3605 0.00000 7.101 1500.0 12.0 0.0000 0.4320 57.64 0.0885
16.8750 -20.9296 0.3054 0.3254 0.3692 0.00000 7.714 1500.0 12.0 0.0000 0.1466 20.16 0.0628
19.6875 -20.9296 0.3338 0.2782 0.3881 0.00000 7.194 1500.0 12.0 0.0000 0.2426 33.27 0.0628
22.5000 -20.9296 0.3329 0.2853 0.3819 0.00000 7.119 1500.0 12.0 0.0000 0.5812 79.49 0.1002
25.3125 -20.9296 0.3148 0.3679 0.3173 0.00000 7.413 1500.0 12.0 0.0000 0.8481 113.07 0.1034
45.0000 -20.9296 0.2657 0.4491 0.2852 0.00000 7.394 1500.0 12.0 0.0000 0.4013 53.79 0.4865
47.8125 -20.9296 0.3324 0.3811 0.2865 0.00000 6.281 1500.0 12.0 0.0000 0.4651 60.52 0.7217
50.6250 -20.9296 0.2769 0.4283 0.2948 0.00000 6.300 1500.0 12.0 0.0000 0.4685 62.79 0.8554
53.4375 -20.9296 0.1813 0.4946 0.3241 0.00000 5.776 1500.0 12.0 0.0000 0.2245 31.84 1.1534
56.2500 -20.9296 0.3351 0.3982 0.2667 0.00000 6.024 1500.0 12.0 0.0000 0.3121 40.13 1.1234
59.0625 -20.9296 0.4002 0.2617 0.3380 0.00000 7.899 1500.0 12.0 0.0000 0.0447 10.00 0.0628
61.8750 -20.9296 0.3266 0.3121 0.3613 0.00000 8.657 1500.0 12.0 0.0000 0.3433 46.59 0.0896
64.6875 -20.9296 0.3414 0.2995 0.3590 0.00000 8.531 1500.0 12.0 0.0000 0.4090 55.07 0.0692
67.5000 -20.9296 0.4331 0.2415 0.3255 0.00000 7.533 1500.0 12.0 0.0000 0.2967 37.62 0.0628
70.3125 -20.9296 0.3592 0.3515 0.2893 0.00000 7.135 1500.0 12.0 0.0000 2.1186 272.66 0.6998
73.1250 -20.9296 0.3702 0.3539 0.2758 0.00000 7.313 1500.0 12.0 0.0000 1.7864 227.04 0.6785
75.9375 -20.9296 0.4172 0.2604 0.3224 0.00000 8.344 1500.0 12.0 0.0000 0.1877 23.94 0.0628
78.7500 -20.9296 0.3551 0.2938 0.3511 0.00000 8.834 1500.0 12.0 0.0000 0.2252 30.01 0.0628
81.5625 -20.9296 0.4428 0.2437 0.3136 0.00000 8.049 1500.0 12.0 0.0000 0.3754 47.06 0.0628
84.3750 -20.9296 0.3502 0.3820 0.2679 0.00000 7.048 1500.0 12.0 0.0000 3.2283 412.39 0.7751
87.1875 -20.9296 0.1754 0.4971 0.3275 0.00000 7.226 1500.0 12.0 0.0000 3.0500 434.32 0.8126
90.0000 -20.9296 0.2415 0.4018 0.3567 0.00000 6.849 1500.0 12.0 0.0000 2.6886 377.70 0.4455
135.0000 -20.9296 0.2159 0.4385 0.3456 0.00000 8.217 1500.0 12.0 0.0000 0.2952 41.69 0.0628
137.8125 -20.9296 0.4508 0.2595 0.2897 0.00000 7.478 1500.0 12.0 0.0000 0.3455 42.57 0.0628
140.6250 -20.9296 0.3802 0.2789 0.3410 0.00000 7.638 1500.0 12.0 0.0000 0.4417 57.88 0.0628
143.4375 -20.9296 0.2911 0.2975 0.4113 0.00000 7.258 1500.0 12.0 0.0000 0.4498 63.56 0.0628
146.2500 -20.9296 0.1900 0.4739 0.3361 0.00000 6.641 1500.0 12.0 0.0000 1.5909 226.11 0.9622
149.0625 -20.9296 0.2007 0.5172 0.2821 0.00000 5.924 1500.0 12.0 0.0000 1.0254 141.21 1.4376
171.5625 -20.9296 0.4895 0.2153 0.2951 0.00000 7.096 1500.0 12.0 0.0000 1.0489 127.21 0.0920
174.3750 -20.9296 0.4365 0.2475 0.3160 0.00000 7.498 1500.0 12.0 0.0000 1.1791 148.49 0.1166
177.1875 -20.9296 0.3237 0.2867 0.3896 0.00000 6.981 1500.0 12.0 0.0000 1.5598 215.01 0.1303
180.0000 -20.9296 0.3141 0.3135 0.3724 0.00000 8.164 1500.0 12.0 0.0000 0.7367 101.09 0.0922
-177.1875 -20.9296 0.3919 0.2700 0.3381 0.00000 6.848 1500.0 12.0 0.0000 0.9469 123.25 0.0759
-143.4375 -20.9296 0.5830 0.1685 0.2485 0.00000 7.072 1500.0 12.0 0.0000 0.3802 42.74 0.0707
-140.6250 -20.9296 0.3995 0.2475 0.3529 0.00000 7.216 1500.0 12.0 0.0000 0.2492 32.58 0.0628
-137.8125 -20.9296 0.2963 0.2981 0.4056 0.00000 7.316 1500.0 12.0 0.0000 0.1135 15.96 0.0714
-135.0000 -20.9296 0.3673 0.2734 0.3593 0.00000 7.584 1500.0 12.0 0.0000 0.1859 24.75 0.0967
-132.1875 -20.9296 0.3939 0.2663 0.3399 0.00000 7.472 1500.0 12.0 0.0000 0.4782 62.24 0.1166
-129.3750 -20.9296 0.3929 0.2767 0.3304 0.00000 8.003 1500.0 12.0 0.0000 1.4289 185.12 0.1149
-126.5625 -20.9296 0.4346 0.2433 0.3221 0.00000 7.720 1500.0 12.0 0.0000 0.4832 61.12 0.0704
-123.7500 -20.9296 0.3970 0.3294 0.2736 0.00000 7.526 1500.0 12.0 0.0000 2.2884 286.81 0.2567
-56.2500 -20.9296 0.1996 0.4495 0.3509 0.00000 7.685 1500.0 12.0 0.0000 3.2375 461.62 0.3678
-53.4375 -20.9296 0.2420 0.3867 0.3713 0.00000 8.000 1500.0 12.0 0.0000 2.1022 297.39 0.2162
-50.6250 -20.9296 0.2508 0.3629 0.3863 0.00000 7.936 1500.0 12.0 0.0000 1.0083 143.17 0.1183
-47.8125 -20.9296 0.2561 0.3796 0.3643 0.00000 8.379 1500.0 12.0 0.0000 0.7281 102.03 0.1048
-45.0000 -20.9296 0.2752 0.3414 0.3835 0.00000 7.354 1500.0 12.0 0.0000 0.2931 41.14 0.0628
-42.1875 -20.9296 0.2603 0.3414 0.3983 0.00000 8.120 1500.0 12.0 0.0000 0.2632 37.44 0.0628
-39.3750 -20.9296 0.2941 0.3132 0.3928 0.00000 7.554 1500.0 12.0 0.0000 0.4313 60.32 0.0628
-36.5625 -20.9296 0.3772 0.2590 0.3638 0.00000 7.123 1500.0 12.0 0.0000 0.4849 64.41 0.0628
-19.6875 -20.9296 0.1694 0.4767 0.3539 0.00000 8.097 1500.0 12.0 0.0000 0.9119 131.87 0.0628
-16.8750 -20.9296 0.5008 0.2331 0.2660 0.00000 7.296 1500.0 12.0 0.0000 1.4657 173.79 0.0638
-14.0625 -20.9296 0.3725 0.2873 0.3402 0.00000 8.552 1500.0 12.0 0.0000 1.2204 160.44 0.0735
-11.2500 -20.9296 0.3777 0.2878 0.3345 0.00000 8.418 1500.0 12.0 0.0000 0.6269 81.97 0.0628
-8.4375 -20.9296 0.5072 0.2314 0.2614 0.00000 7.511 1500.0 12.0 0.0000 3.2967 388.57 0.1866
-5.6250 -20.9296 0.3072 0.3521 0.3407 0.00000 7.504 1500.0 12.0 0.0000 0.7077 95.83 0.0628
-2.8125 -20.9296 0.3717 0.2827 0.3456 0.00000 6.903 1500.0 12.0 0.0000 0.5653 74.56 0.0628
11.2500 -23.7202 0.3659 0.2811 0.3531 0.00000 7.023 1500.0 12.0 0.0000 0.6196 82.26 0.1834
14.0625 -23.7202 0.3064 0.2965 0.3971 0.00000 7.523 1500.0 12.0 0.0000 0.1168 16.29 0.0628
16.8750 -23.7202 0.4292 0.2523 0.3185 0.00000 7.394 1500.0 12.0 0.0000 0.8746 110.68 0.0973
19.6875 -23.7202 0.4143 0.2598 0.3258 0.00000 7.704 1500.0 12.0 0.0000 0.4592 58.75 0.1043
22.5000 -23.7202 0.4761 0.2111 0.3127 0.00000 6.691 1500.0 12.0 0.0000 0.4276 52.73 0.0921
25.3125 -23.7202 0.6472 0.1347 0.2181 0.00000 6.525 1500.0 12.0 0.0000 0.4897 52.12 0.0628
28.1250 -23.7202 0.2152 0.4453 0.3396 0.00000 8.006 1500.0 12.0 0.0000 0.6614 93.16 0.0742
50.6250 -23.7202 0.2841 0.4136 0.3023 0.00000 6.864 1500.0 12.0 0.0000 0.3888 52.14 0.7131
53.4375 -23.7202 0.2209 0.4238 0.3553 0.00000 6.333 1500.0 12.0 0.0000 0.3609 51.11 0.7278
56.2500 -23.7202 0.4177 0.2423 0.3400 0.00000 7.261 1500.0 12.0 0.0000 0.0515 10.00 0.0628
59.0625 -23.7202 0.4551 0.2378 0.3071 0.00000 7.136 1500.0 12.0 0.0000 0.2810 34.89 0.1426
61.8750 -23.7202 0.4179 0.2570 0.3251 0.00000 7.612 1500.0 12.0 0.0000 0.4010 51.20 0.1096
64.6875 -23.7202 0.4199 0.2547 0.3254 0.00000 7.598 1500.0 12.0 0.0000 1.0615 135.42 0.1091
67.5000 -23.7202 0.4825 0.2123 0.3052 0.00000 6.970 1500.0 12.0 0.0000 0.3998 48.94 0.0682
70.3125 -23.7202 0.4285 0.2443 0.3272 0.00000 7.582 1500.0 12.0 0.0000 0.3410 43.37 0.0628
73.1250 -23.7202 0.4450 0.2349 0.3201 0.00000 7.394 1500.0 12.0 0.0000 0.2225 27.96 0.0628
75.9375 -23.7202 0.3698 0.2808 0.3494 0.00000 8.339 1500.0 12.0 0.0000 0.1835 24.26 0.0628
78.7500 -23.7202 0.3128 0.3142 0.3729 0.00000 8.903 1500.0 12.0 0.0000 0.1902 26.12 0.0628
81.5625 -23.7202 0.3544 0.2896 0.3560 0.00000 8.468 1500.0 12.0 0.0000 0.2174 29.05 0.0628
84.3750 -23.7202 0.4831 0.2200 0.2968 0.00000 7.769 1500.0 12.0 0.0000 0.3600 43.84 0.0628
87.1875 -23.7202 0.2127 0.4537 0.3336 0.00000 6.870 1500.0 12.0 0.0000 1.8989 266.97 0.6621
90.0000 -23.7202 0.1957 0.4875 0.3168 0.00000 6.808 1500.0 12.0 0.0000 1.5888 223.13 0.8295
95.6250 -23.7202 0.2411 0.4283 0.3306 0.00000 6.883 1500.0 12.0 0.0000 2.1615 299.75 0.7379
140.6250 -23.7202 0.4208 0.2877 0.2915 0.00000 7.625 1500.0 12.0 0.0000 1.5747 197.10 0.1708
143.4375 -23.7202 0.4423 0.2769 0.2808 0.00000 7.199 1500.0 12.0 0.0000 2.1324 262.53 0.2726
146.2500 -23.7202 0.3446 0.3642 0.2912 0.00000 6.701 1500.0 12.0 0.0000 2.0007 259.51 0.6623
168.7500 -23.7202 0.2230 0.3966 0.3803 0.00000 7.358 1500.0 12.0 0.0000 0.5959 85.36 0.0692
171.5625 -23.7202 0.2584 0.3657 0.3759 0.00000 7.623 1500.0 12.0 0.0000 1.2792 180.13 0.1201
174.3750 -23.7202 0.2728 0.3294 0.3978 0.00000 7.942 1500.0 12.0 0.0000 1.0159 143.72 0.1139
177.1875 -23.7202 0.4618 0.2252 0.3130 0.00000 7.040 1500.0 12.0 0.0000 0.3375 41.92 0.0628
180.0000 -23.7202 0.4617 0.2954 0.2429 0.00000 7.091 1500.0 12.0 0.0000 2.6044 310.72 0.4819
-146.2500 -23.7202 0.5929 0.1646 0.2425 0.00000 6.991 1500.0 12.0 0.0000 0.2041 22.74 0.0628
-143.4375 -23.7202 0.4328 0.2392 0.3280 0.00000 7.450 1500.0 12.0 0.0000 0.2050 26.03 0.0628
-140.6250 -23.7202 0.3214 0.2809 0.3977 0.00000 6.999 1500.0 12.0 0.0000 0.1999 27.70 0.0697
-137.8125 -23.7202 0.4044 0.2555 0.3401 0.00000 6.900 1500.0 12.0 0.0000 0.3199 41.45 0.0820
-135.0000 -23.7202 0.3185 0.3384 0.3431 0.00000 7.439 1500.0 12.0 0.0000 0.4300 58.01 0.1033
-132.1875 -23.7202 0.3396 0.2958 0.3647 0.00000 7.680 1500.0 12.0 0.0000 1.1998 162.16 0.1292
-129.3750 -23.7202 0.3209 0.3200 0.3591 0.00000 8.767 1500.0 12.0 0.0000 0.6517 88.56 0.0967
-126.5625 -23.7202 0.4156 0.2570 0.3274 0.00000 7.882 1500.0 12.0 0.0000 0.7666 98.11 0.0928
-123.7500 -23.7202 0.2061 0.4917 0.3023 0.00000 7.737 1500.0 12.0 0.0000 2.3096 320.56 0.4916
-120.9375 -23.7202 0.0731 0.6707 0.2562 0.00000 7.286 1500.0 12.0 0.0000 1.8606 267.09 1.1007
-56.2500 -23.7202 0.2894 0.3302 0.3803 0.00000 7.488 1500.0 12.0 0.0000 0.6768 94.25 0.0787
-53.4375 -23.7202 0.2887 0.3562 0.3552 0.00000 7.853 1500.0 12.0 0.0000 1.6901 232.45 0.1736
-50.6250 -23.7202 0.5236 0.1976 0.2788 0.00000 7.174 1500.0 12.0 0.0000 0.5200 61.41 0.0790
-47.8125 -23.7202 0.5469 0.1926 0.2605 0.00000 7.236 1500.0 12.0 0.0000 0.6044 69.75 0.0937
-45.0000 -23.7202 0.5873 0.1702 0.2424 0.00000 6.816 1500.0 12.0 0.0000 1.3277 148.34 0.1224
-42.1875 -23.7202 0.3063 0.3057 0.3880 0.00000 8.156 1500.0 12.0 0.0000 0.1986 27.56 0.0628
-39.3750 -23.7202 0.3417 0.2764 0.3820 0.00000 7.327 1500.0 12.0 0.0000 0.2684 36.57 0.0628
-19.6875 -23.7202 0.2303 0.4172 0.3526 0.00000 7.884 1500.0 12.0 0.0000 0.6379 89.86 0.0628
-16.8750 -23.7202 0.5020 0.2222 0.2758 0.00000 7.623 1500.0 12.0 0.0000 2.1408 255.16 0.0951
-14.0625 -23.7202 0.4475 0.2400 0.3125 0.00000 7.836 1500.0 12.0 0.0000 0.6084 76.06 0.0628
-11.2500 -23.7202 0.2616 0.3573 0.3810 0.00000 9.351 1500.0 12.0 0.0000 0.5060 71.33 0.0639
-8.4375 -23.7202 0.5144 0.2221 0.2635 0.00000 7.319 1500.0 12.0 0.0000 3.4122 401.20 0.1905
-5.6250 -23.7202 0.5042 0.2196 0.2763 0.00000 6.642 1500.0 12.0 0.0000 2.9081 346.32 0.1380
8.4375 -26.5108 0.2496 0.4827 0.2677 0.00000 7.161 1500.0 12.0 0.0000 0.7997 106.97 0.7144
11.2500 -26.5108 0.2860 0.4155 0.2985 0.00000 6.456 1500.0 12.0 0.0000 0.6978 93.32 0.8548
14.0625 -26.5108 0.2524 0.3682 0.3794 0.00000 7.141 1500.0 12.0 0.0000 0.8123 114.88 0.3864
16.8750 -26.5108 0.5224 0.2022 0.2755 0.00000 7.047 1500.0 12.0 0.0000 0.4829 56.95 0.1128
19.6875 -26.5108 0.4358 0.2476 0.3166 0.00000 7.534 1500.0 12.0 0.0000 0.4048 51.01 0.1118
22.5000 -26.5108 0.5078 0.2020 0.2902 0.00000 6.766 1500.0 12.0 0.0000 0.4181 50.11 0.1001
25.3125 -26.5108 0.6354 0.1394 0.2252 0.00000 6.789 1500.0 12.0 0.0000 0.5804 62.47 0.0628
28.1250 -26.5108 0.3796 0.3149 0.3055 0.00000 7.803 1500.0 12.0 0.0000 0.5794 74.51 0.0628
30.9375 -26.5108 0.2167 0.4322 0.3511 0.00000 7.958 1500.0 12.0 0.0000 2.2911 324.37 0.1476
50.6250 -26.5108 0.3923 0.2659 0.3419 0.00000 7.458 1500.0 12.0 0.0000 0.0755 10.00 0.0628
53.4375 -26.5108 0.3075 0.2850 0.4076 0.00000 7.118 1500.0 12.0 0.0000 0.0812 11.38 0.0628
56.2500 -26.5108 0.4240 0.2415 0.3345 0.00000 7.350 1500.0 12.0 0.0000 0.0549 10.00 0.0628
59.0625 -26.5108 0.3814 0.2781 0.3404 0.00000 8.065 1500.0 12.0 0.0000 0.0485 10.00 0.0628
61.8750 -26.5108 0.4081 0.2569 0.3350 0.00000 7.808 1500.0 12.0 0.0000 0.1050 13.55 0.0628
64.6875 -26.5108 0.3498 0.2900 0.3602 0.00000 8.426 1500.0 12.0 0.0000 0.2934 39.39 0.0628
67.5000 -26.5108 0.3415 0.2945 0.3639 0.00000 8.430 1500.0 12.0 0.0000 0.2808 37.90 0.0628
70.3125 -26.5108 0.3615 0.2858 0.3527 0.00000 8.322 1500.0 12.0 0.0000 0.3905 51.93 0.0628
73.1250 -26.5108 0.3252 0.3066 0.3683 0.00000 8.740 1500.0 12.0 0.0000 0.2918 39.77 0.0628
75.9375 -26.5108 0.2854 0.3306 0.3840 0.00000 9.186 1500.0 12.0 0.0000 0.2855 39.91 0.0628
78.7500 -26.5108 0.3244 0.3073 0.3683 0.00000 8.747 1500.0 12.0 0.0000 0.2563 34.94 0.0628
81.5625 -26.5108 0.3692 0.2835 0.3472 0.00000 8.198 1500.0 12.0 0.0000 0.3724 49.22 0.0903
84.3750 -26.5108 0.3230 0.3101 0.3669 0.00000 8.877 1500.0 12.0 0.0000 0.1107 15.09 0.0628
87.1875 -26.5108 0.3600 0.3144 0.3256 0.00000 7.248 1500.0 12.0 0.0000 1.6732 219.51 0.3460
90.0000 -26.5108 0.1860 0.4782 0.3358 0.00000 6.392 1500.0 12.0 0.0000 1.3400 190.74 0.9106
92.8125 -26.5108 0.1565 0.5372 0.3063 0.00000 6.768 1500.0 12.0 0.0000 1.0979 155.96 1.0338
95.6250 -26.5108 0.2913 0.4335 0.2752 0.00000 6.213 1500.0 12.0 0.0000 1.7638 232.45 0.9894
98.4375 -26.5108 0.2088 0.5234 0.2678 0.00000 7.368 1500.0 12.0 0.0000 2.0889 284.55 0.7923
168.7500 -26.5108 0.2315 0.3814 0.3870 0.00000 7.252 1500.0 12.0 0.0000 0.6937 99.34 0.0628
171.5625 -26.5108 0.3847 0.2799 0.3353 0.00000 7.446 1500.0 12.0 0.0000 0.4560 59.46 0.0628
174.3750 -26.5108 0.4169 0.2745 0.3086 0.00000 7.540 1500.0 12.0 0.0000 0.3237 40.98 0.0628
-146.2500 -26.5108 0.4682 0.2239 0.3080 0.00000 7.523 1500.0 12.0 0.0000 0.1223 15.10 0.0628
-143.4375 -26.5108 0.3034 0.2836 0.4130 0.00000 6.982 1500.0 12.0 0.0000 0.1245 17.52 0.0628
-140.6250 -26.5108 0.3395 0.3005 0.3600 0.00000 7.674 1500.0 12.0 0.0000 0.1552 20.93 0.0725
-132.1875 -26.5108 0.3930 0.2524 0.3546 0.00000 7.035 1500.0 12.0 0.0000 0.8225 107.95 0.0965
-129.3750 -26.5108 0.3660 0.2689 0.3652 0.00000 7.594 1500.0 12.0 0.0000 0.4265 56.98 0.0715
-126.5625 -26.5108 0.4033 0.2693 0.3273 0.00000 7.636 1500.0 12.0 0.0000 1.1414 146.91 0.1344
-123.7500 -26.5108 0.2444 0.4330 0.3226 0.00000 7.429 1500.0 12.0 0.0000 2.1748 299.93 0.3233
-56.2500 -26.5108 0.3708 0.2742 0.3550 0.00000 6.923 1500.0 12.0 0.0000 0.4221 55.97 0.0662
-53.4375 -26.5108 0.3102 0.3014 0.3884 0.00000 7.390 1500.0 12.0 0.0000 0.2238 31.01 0.0628
-50.6250 -26.5108 0.3566 0.2634 0.3800 0.00000 7.025 1500.0 12.0 0.0000 0.2017 27.27 0.0628
-47.8125 -26.5108 0.4925 0.2169 0.2906 0.00000 7.488 1500.0 12.0 0.0000 0.2611 31.54 0.0749
-45.0000 -26.5108 0.3844 0.2823 0.3333 0.00000 8.076 1500.0 12.0 0.0000 0.6084 79.26 0.1296
-42.1875 -26.5108 0.3396 0.2970 0.3633 0.00000 7.230 1500.0 12.0 0.0000 1.5427 208.35 0.1956
-39.3750 -26.5108 0.2785 0.3660 0.3555 0.00000 7.019 1500.0 12.0 0.0000 1.9044 263.14 0.4387
-19.6875 -26.5108 0.3182 0.3645 0.3173 0.00000 7.396 1500.0 12.0 0.0000 0.6990 93.04 0.0628
-16.8750 -26.5108 0.5984 0.1751 0.2265 0.00000 6.690 1500.0 12.0 0.0000 1.7594 193.44 0.0628
-14.0625 -26.5108 0.5392 0.1910 0.2698 0.00000 7.262 1500.0 12.0 0.0000 0.8270 96.38 0.0628
-11.2500 -26.5108 0.4477 0.2363 0.3160 0.00000 7.318 1500.0 12.0 0.0000 2.1216 265.75 0.0889
-8.4375 -26.5108 0.4711 0.2276 0.3012 0.00000 7.130 1500.0 12.0 0.0000 3.3099 406.51 0.1268
-5.6250 -26.5108 0.4494 0.2590 0.2916 0.00000 7.072 1500.0 12.0 0.0000 2.1022 259.52 0.1707
5.6250 -29.3014 0.5623 0.1741 0.2636 0.00000 7.009 1500.0 12.0 0.0000 0.1113 12.77 0.0628
8.4375 -29.3014 0.2474 0.4202 0.3323 0.00000 6.294 1500.0 12.0 0.0000 0.7467 103.35 0.7921
11.2500 -29.3014 0.1926 0.4699 0.3376 0.00000 6.565 1500.0 12.0 0.0000 0.6473 91.96 0.9168
14.0625 -29.3014 0.4103 0.2470 0.3427 0.00000 7.380 1500.0 12.0 0.0000 0.0663 10.00 0.0628
16.8750 -29.3014 0.4095 0.2620 0.3285 0.00000 7.697 1500.0 12.0 0.0000 0.2368 30.42 0.1165
19.6875 -29.3014 0.4574 0.2292 0.3134 0.00000 7.221 1500.0 12.0 0.0000 0.2338 29.10 0.0857
22.5000 -29.3014 0.4983 0.2023 0.2994 0.00000 6.800 1500.0 12.0 0.0000 0.1917 23.21 0.0628
25.3125 -29.3014 0.4113 0.2665 0.3222 0.00000 8.021 1500.0 12.0 0.0000 1.1787 150.73 0.1050
28.1250 -29.3014 0.5184 0.2035 0.2782 0.00000 7.633 1500.0 12.0 0.0000 0.5310 62.86 0.0628
30.9375 -29.3014 0.3398 0.3337 0.3265 0.00000 7.603 1500.0 12.0 0.0000 0.4908 65.02 0.0628
33.7500 -29.3014 0.3077 0.3335 0.3588 0.00000 7.568 1500.0 12.0 0.0000 2.0580 281.22 0.1600
47.8125 -29.3014 0.3306 0.3471 0.3224 0.00000 7.533 1500.0 12.0 0.0000 0.3875 51.43 0.1174
50.6250 -29.3014 0.3801 0.2677 0.3522 0.00000 7.418 1500.0 12.0 0.0000 0.1066 14.05 0.0628
53.4375 -29.3014 0.3079 0.3017 0.3904 0.00000 7.380 1500.0 12.0 0.0000 0.4221 58.61 0.1196
56.2500 -29.3014 0.4096 0.2440 0.3464 0.00000 7.129 1500.0 12.0 0.0000 0.0756 10.00 0.0628
59.0625 -29.3014 0.4645 0.2237 0.3118 0.00000 7.176 1500.0 12.0 0.0000 0.0663 10.00 0.0628
61.8750 -29.3014 0.3617 0.2847 0.3536 0.00000 8.340 1500.0 12.0 0.0000 0.1674 22.27 0.0628
64.6875 -29.3014 0.3557 0.2901 0.3542 0.00000 8.302 1500.0 12.0 0.0000 0.2850 38.04 0.0628
67.5000 -29.3014 0.3660 0.2816 0.3524 0.00000 8.273 1500.0 12.0 0.0000 0.2807 37.25 0.0628
70.3125 -29.3014 0.2909 0.3272 0.3818 0.00000 9.123 1500.0 12.0 0.0000 0.3179 44.28 0.0628
73.1250 -29.3014 0.2787 0.3346 0.3867 0.00000 9.261 1500.0 12.0 0.0000 0.3151 44.23 0.0628
75.9375 -29.3014 0.2604 0.3456 0.3940 0.00000 9.467 1500.0 12.0 0.0000 0.2204 31.28 0.0628
78.7500 -29.3014 0.2516 0.3518 0.3966 0.00000 9.500 1500.0 12.0 0.0000 0.1319 18.81 0.0628
81.5625 -29.3014 0.3133 0.3146 0.3721 0.00000 8.915 1500.0 12.0 0.0000 0.1167 16.02 0.0628
84.3750 -29.3014 0.3970 0.2687 0.3343 0.00000 8.224 1500.0 12.0 0.0000 0.1971 25.55 0.0628
87.1875 -29.3014 0.2867 0.3436 0.3697 0.00000 7.097 1500.0 12.0 0.0000 1.7359 240.73 0.3385
90.0000 -29.3014 0.2196 0.4572 0.3231 0.00000 6.728 1500.0 12.0 0.0000 1.4412 200.96 0.8575
92.8125 -29.3014 0.2773 0.4581 0.2646 0.00000 6.546 1500.0 12.0 0.0000 1.1820 155.88 0.9703
-149.0625 -29.3014 0.4978 0.2299 0.2723 0.00000 7.416 1500.0 12.0 0.0000 0.1715 20.44 0.0628
-146.2500 -29.3014 0.3892 0.2604 0.3504 0.00000 7.479 1500.0 12.0 0.0000 0.1359 17.83 0.0628
-143.4375 -29.3014 0.2941 0.3088 0.3971 0.00000 8.013 1500.0 12.0 0.0000 0.1023 14.33 0.0628
-140.6250 -29.3014 0.2721 0.3404 0.3875 0.00000 7.555 1500.0 12.0 0.0000 0.1521 21.41 0.0628
-137.8125 -29.3014 0.2890 0.3343 0.3768 0.00000 7.450 1500.0 12.0 0.0000 0.1550 21.55 0.0628
-129.3750 -29.3014 0.4830 0.2128 0.3043 0.00000 7.708 1500.0 12.0 0.0000 0.4266 52.18 0.0628
-126.5625 -29.3014 0.4955 0.2059 0.2986 0.00000 7.599 1500.0 12.0 0.0000 0.4820 58.41 0.0662
-56.2500 -29.3014 0.3114 0.3591 0.3295 0.00000 7.948 1500.0 12.0 0.0000 0.2902 39.00 0.0736
-53.4375 -29.3014 0.4247 0.2676 0.3078 0.00000 7.426 1500.0 12.0 0.0000 0.1815 22.88 0.0628
-50.6250 -29.3014 0.3038 0.2998 0.3964 0.00000 7.302 1500.0 12.0 0.0000 0.7202 100.48 0.0973
-47.8125 -29.3014 0.3509 0.2715 0.3776 0.00000 7.243 1500.0 12.0 0.0000 0.4418 59.81 0.0784
-45.0000 -29.3014 0.3544 0.2900 0.3556 0.00000 8.340 1500.0 12.0 0.0000 0.1442 19.27 0.0628
-42.1875 -29.3014 0.4168 0.2438 0.3394 0.00000 7.490 1500.0 12.0 0.0000 0.2352 30.28 0.0628
-39.3750 -29.3014 0.3133 0.2918 0.3948 0.00000 7.388 1500.0 12.0 0.0000 0.2622 36.41 0.0628
-36.5625 -29.3014 0.3261 0.2841 0.3898 0.00000 7.408 1500.0 12.0 0.0000 0.1555 21.41 0.0628
-33.7500 -29.3014 0.4915 0.2174 0.2910 0.00000 7.315 1500.0 12.0 0.0000 0.4884 59.04 0.0885
-16.8750 -29.3014 0.4308 0.2711 0.2982 0.00000 7.841 1500.0 12.0 0.0000 1.1011 137.66 0.0628
-14.0625 -29.3014 0.5714 0.1746 0.2540 0.00000 7.225 1500.0 12.0 0.0000 1.2375 140.45 0.0628
-11.2500 -29.3014 0.4432 0.2392 0.3176 0.00000 7.422 1500.0 12.0 0.0000 0.7003 87.98 0.0628
-8.4375 -29.3014 0.5017 0.2161 0.2822 0.00000 6.996 1500.0 12.0 0.0000 2.5031 299.49 0.1348
5.6250 -32.0919 0.4154 0.2377 0.3469 0.00000 7.014 1500.0 12.0 0.0000 0.1280 16.56 0.0628
8.4375 -32.0919 0.2974 0.2881 0.4145 0.00000 7.105 1500.0 12.0 0.0000 0.1122 15.84 0.0628
11.2500 -32.0919 0.3588 0.2639 0.3773 0.00000 7.099 1500.0 12.0 0.0000 0.0927 12.50 0.0628
14.0625 -32.0919 0.3680 0.2935 0.3386 0.00000 8.115 1500.0 12.0 0.0000 0.4144 54.55 0.1234
16.8750 -32.0919 0.3060 0.3238 0.3702 0.00000 8.894 1500.0 12.0 0.0000 0.1931 26.56 0.0882
19.6875 -32.0919 0.3536 0.2951 0.3513 0.00000 8.344 1500.0 12.0 0.0000 0.5877 78.38 0.1081
22.5000 -32.0919 0.4686 0.2224 0.3090 0.00000 7.098 1500.0 12.0 0.0000 0.4476 55.29 0.0857
25.3125 -32.0919 0.4762 0.2267 0.2971 0.00000 7.464 1500.0 12.0 0.0000 1.2522 153.05 0.0974
28.1250 -32.0919 0.5703 0.1748 0.2549 0.00000 7.263 1500.0 12.0 0.0000 1.1010 125.10 0.0628
30.9375 -32.0919 0.5399 0.1848 0.2754 0.00000 7.080 1500.0 12.0 0.0000 1.0702 125.08 0.0628
33.7500 -32.0919 0.4166 0.2434 0.3400 0.00000 7.223 1500.0 12.0 0.0000 0.2857 36.80 0.0628
47.8125 -32.0919 0.4327 0.2344 0.3329 0.00000 7.195 1500.0 12.0 0.0000 0.1173 14.93 0.0628
50.6250 -32.0919 0.3073 0.2853 0.4074 0.00000 7.110 1500.0 12.0 0.0000 0.2051 28.73 0.0628
53.4375 -32.0919 0.4566 0.2316 0.3118 0.00000 7.402 1500.0 12.0 0.0000 0.3640 45.30 0.0867
56.2500 -32.0919 0.4927 0.2122 0.2951 0.00000 7.163 1500.0 12.0 0.0000 0.1947 23.57 0.0796
59.0625 -32.0919 0.4294 0.2468 0.3239 0.00000 7.543 1500.0 12.0 0.0000 0.1493 18.94 0.0692
61.8750 -32.0919 0.3855 0.2717 0.3428 0.00000 8.052 1500.0 12.0 0.0000 0.1822 23.84 0.0628
64.6875 -32.0919 0.3938 0.2658 0.3405 0.00000 7.964 1500.0 12.0 0.0000 0.1533 19.95 0.0628
67.5000 -32.0919 0.5265 0.1933 0.2802 0.00000 7.164 1500.0 12.0 0.0000 0.2685 31.68 0.0628
70.3125 -32.0919 0.4087 0.2612 0.3301 0.00000 8.328 1500.0 12.0 0.0000 0.3217 41.36 0.0628
73.1250 -32.0919 0.2657 0.3415 0.3927 0.00000 9.302 1500.0 12.0 0.0000 0.3419 48.39 0.0628
75.9375 -32.0919 0.2673 0.3394 0.3933 0.00000 9.187 1500.0 12.0 0.0000 0.3315 46.91 0.0628
78.7500 -32.0919 0.2855 0.3291 0.3854 0.00000 9.104 1500.0 12.0 0.0000 0.1638 22.91 0.0628
81.5625 -32.0919 0.3790 0.2759 0.3451 0.00000 8.234 1500.0 12.0 0.0000 0.2204 28.97 0.0628
84.3750 -32.0919 0.3434 0.2766 0.3800 0.00000 7.426 1500.0 12.0 0.0000 0.2369 32.21 0.0628
87.1875 -32.0919 0.2525 0.3926 0.3550 0.00000 7.003 1500.0 12.0 0.0000 1.9399 271.01 0.5317
90.0000 -32.0919 0.3235 0.3871 0.2894 0.00000 6.951 1500.0 12.0 0.0000 1.0773 140.96 0.7133
92.8125 -32.0919 0.3135 0.3940 0.2925 0.00000 6.453 1500.0 12.0 0.0000 0.7038 92.67 0.7129
-149.0625 -32.0919 0.4766 0.2284 0.2950 0.00000 7.788 1500.0 12.0 0.0000 0.1822 22.23 0.0628
-146.2500 -32.0919 0.3238 0.2908 0.3854 0.00000 7.585 1500.0 12.0 0.0000 0.1383 19.03 0.0628
-143.4375 -32.0919 0.4307 0.2328 0.3365 0.00000 7.034 1500.0 12.0 0.0000 0.1983 25.33 0.0628
-140.6250 -32.0919 0.3151 0.2757 0.4092 0.00000 6.809 1500.0 12.0 0.0000 0.3741 52.27 0.0628
-137.8125 -32.0919 0.3495 0.2680 0.3826 0.00000 7.142 1500.0 12.0 0.0000 0.2911 39.53 0.0628
-135.0000 -32.0919 0.5186 0.1916 0.2898 0.00000 7.042 1500.0 12.0 0.0000 0.7201 85.81 0.0628
-50.6250 -32.0919 0.4298 0.2406 0.3295 0.00000 7.254 1500.0 12.0 0.0000 0.4424 56.31 0.0895
-47.8125 -32.0919 0.2989 0.2999 0.4012 0.00000 7.325 1500.0 12.0 0.0000 0.5323 74.60 0.1074
-45.0000 -32.0919 0.3431 0.2760 0.3809 0.00000 7.562 1500.0 12.0 0.0000 0.1403 19.10 0.0628
-42.1875 -32.0919 0.4867 0.2188 0.2945 0.00000 7.673 1500.0 12.0 0.0000 0.2094 25.42 0.0628
-39.3750 -32.0919 0.4481 0.2382 0.3137 0.00000 7.655 1500.0 12.0 0.0000 0.3186 39.85 0.0628
-36.5625 -32.0919 0.2977 0.2986 0.4036 0.00000 7.507 1500.0 12.0 0.0000 0.3603 50.58 0.0628
-33.7500 -32.0919 0.4152 0.2485 0.3362 0.00000 7.452 1500.0 12.0 0.0000 0.1945 25.01 0.0628
-19.6875 -32.0919 0.4665 0.2317 0.3019 0.00000 7.013 1500.0 12.0 0.0000 2.5023 308.14 0.1566
-16.8750 -32.0919 0.6128 0.1530 0.2342 0.00000 6.970 1500.0 12.0 0.0000 1.0185 111.65 0.0628
-14.0625 -32.0919 0.4913 0.2164 0.2923 0.00000 7.352 1500.0 12.0 0.0000 0.8322 100.68 0.0628
-11.2500 -32.0919 0.4693 0.2210 0.3097 0.00000 7.117 1500.0 12.0 0.0000 0.6158 76.07 0.0628
-8.4375 -32.0919 0.5095 0.2071 0.2834 0.00000 7.200 1500.0 12.0 0.0000 0.7192 85.78 0.0628
-5.6250 -32.0919 0.5611 0.1791 0.2598 0.00000 7.024 1500.0 12.0 0.0000 1.0066 115.28 0.0628
-2.8125 -32.0919 0.4164 0.2432 0.3404 0.00000 7.012 1500.0 12.0 0.0000 1.1281 145.35 0.0885
0.0000 -34.8825 0.3955 0.2497 0.3548 0.00000 6.902 1500.0 12.0 0.0000 0.3246 42.56 0.0628
2.8125 -34.8825 0.3720 0.2541 0.3739 0.00000 6.817 1500.0 12.0 0.0000 0.3168 42.40 0.0628
5.6250 -34.8825 0.3040 0.2972 0.3987 0.00000 7.264 1500.0 12.0 0.0000 0.1870 26.12 0.0628
8.4375 -34.8825 0.3725 0.2801 0.3475 0.00000 7.879 1500.0 12.0 0.0000 0.1086 14.33 0.0628
11.2500 -34.8825 0.3341 0.3077 0.3582 0.00000 7.934 1500.0 12.0 0.0000 0.3121 42.14 0.1023
14.0625 -34.8825 0.4559 0.2315 0.3125 0.00000 7.218 1500.0 12.0 0.0000 0.3057 38.07 0.0917
16.8750 -34.8825 0.3842 0.2761 0.3397 0.00000 8.015 1500.0 12.0 0.0000 0.5766 75.37 0.0927
19.6875 -34.8825 0.3833 0.2767 0.3399 0.00000 8.012 1500.0 12.0 0.0000 0.9725 127.20 0.1066
22.5000 -34.8825 0.5062 0.2069 0.2869 0.00000 7.073 1500.0 12.0 0.0000 0.8791 105.24 0.0909
25.3125 -34.8825 0.6039 0.1575 0.2385 0.00000 6.987 1500.0 12.0 0.0000 0.7592 83.86 0.0628
28.1250 -34.8825 0.5197 0.1944 0.2859 0.00000 7.055 1500.0 12.0 0.0000 0.8253 98.07 0.0628
30.9375 -34.8825 0.3689 0.2657 0.3653 0.00000 7.078 1500.0 12.0 0.0000 1.6409 218.96 0.0993
47.8125 -34.8825 0.5061 0.2069 0.2870 0.00000 7.400 1500.0 12.0 0.0000 0.1788 21.41 0.0628
50.6250 -34.8825 0.3109 0.2813 0.4077 0.00000 6.919 1500.0 12.0 0.0000 0.2553 35.72 0.0628
53.4375 -34.8825 0.3256 0.2994 0.3750 0.00000 8.307 1500.0 12.0 0.0000 0.2586 35.35 0.0667
56.2500 -34.8825 0.3247 0.3211 0.3542 0.00000 8.607 1500.0 12.0 0.0000 0.5122 69.30 0.1023
59.0625 -34.8825 0.3980 0.2721 0.3299 0.00000 7.807 1500.0 12.0 0.0000 0.7583 97.98 0.1189
61.8750 -34.8825 0.4415 0.2405 0.3180 0.00000 7.164 1500.0 12.0 0.0000 0.7618 95.81 0.1232
64.6875 -34.8825 0.3540 0.2869 0.3590 0.00000 7.610 1500.0 12.0 0.0000 0.8554 114.52 0.0982
67.5000 -34.8825 0.3060 0.2941 0.3999 0.00000 7.475 1500.0 12.0 0.0000 0.3616 50.50 0.0628
70.3125 -34.8825 0.3308 0.2867 0.3825 0.00000 7.489 1500.0 12.0 0.0000 0.4482 61.37 0.0628
73.1250 -34.8825 0.2917 0.2999 0.4084 0.00000 7.485 1500.0 12.0 0.0000 0.5578 78.69 0.0628
75.9375 -34.8825 0.2838 0.3043 0.4119 0.00000 7.606 1500.0 12.0 0.0000 0.5435 77.06 0.0628
78.7500 -34.8825 0.2708 0.3243 0.4048 0.00000 8.442 1500.0 12.0 0.0000 0.2667 37.89 0.0628
81.5625 -34.8825 0.2675 0.3466 0.3859 0.00000 7.124 1500.0 12.0 0.0000 1.8557 261.60 0.2998
84.3750 -34.8825 0.2834 0.3778 0.3388 0.00000 7.045 1500.0 12.0 0.0000 1.1782 161.08 0.5125
87.1875 -34.8825 0.3715 0.3317 0.2968 0.00000 6.862 1500.0 12.0 0.0000 1.0292 132.24 0.5071
90.0000 -34.8825 0.2612 0.4296 0.3092 0.00000 6.845 1500.0 12.0 0.0000 0.8731 118.72 0.4361
-151.8750 -34.8825 0.5209 0.1994 0.2797 0.00000 7.468 1500.0 12.0 0.0000 0.2265 26.80 0.0628
-149.0625 -34.8825 0.5114 0.2056 0.2830 0.00000 7.506 1500.0 12.0 0.0000 0.2341 27.88 0.0628
-146.2500 -34.8825 0.3261 0.2885 0.3854 0.00000 7.722 1500.0 12.0 0.0000 0.2619 35.99 0.0628
-143.4375 -34.8825 0.3679 0.2721 0.3600 0.00000 7.741 1500.0 12.0 0.0000 0.1897 25.25 0.0628
-140.6250 -34.8825 0.3710 0.2797 0.3493 0.00000 8.285 1500.0 12.0 0.0000 0.5508 72.81 0.0730
-137.8125 -34.8825 0.3470 0.2862 0.3668 0.00000 8.186 1500.0 12.0 0.0000 0.5793 78.12 0.0628
-135.0000 -34.8825 0.4399 0.2367 0.3235 0.00000 7.391 1500.0 12.0 0.0000 1.7711 223.61 0.0861
-129.3750 -34.8825 0.4094 0.2705 0.3201 0.00000 7.827 1500.0 12.0 0.0000 2.0026 256.02 0.1040
-47.8125 -34.8825 0.4442 0.2435 0.3123 0.00000 7.047 1500.0 12.0 0.0000 0.9491 118.84 0.1523
-45.0000 -34.8825 0.2936 0.3104 0.3960 0.00000 7.291 1500.0 12.0 0.0000 0.7934 111.15 0.1518
-42.1875 -34.8825 0.4014 0.2599 0.3387 0.00000 7.906 1500.0 12.0 0.0000 0.1705 22.11 0.0628
-39.3750 -34.8825 0.4651 0.2295 0.3054 0.00000 7.738 1500.0 12.0 0.0000 0.2453 30.29 0.0628
-36.5625 -34.8825 0.3358 0.2779 0.3864 0.00000 7.293 1500.0 12.0 0.0000 0.3151 43.13 0.0628
-33.7500 -34.8825 0.3643 0.2691 0.3666 0.00000 7.390 1500.0 12.0 0.0000 0.2825 37.80 0.0628
-30.9375 -34.8825 0.4789 0.2155 0.3056 0.00000 7.250 1500.0 12.0 0.0000 0.1332 16.34 0.0628
-19.6875 -34.8825 0.6182 0.1414 0.2404 0.00000 6.567 1500.0 12.0 0.0000 1.2400 136.07 0.0628
-16.8750 -34.8825 0.6020 0.1644 0.2336 0.00000 6.893 1500.0 12.0 0.0000 3.0626 337.60 0.1271
-14.0625 -34.8825 0.4766 0.2227 0.3007 0.00000 7.680 1500.0 12.0 0.0000 0.8542 104.61 0.0628
-11.2500 -34.8825 0.3938 0.2669 0.3393 0.00000 7.976 1500.0 12.0 0.0000 0.6751 87.85 0.0628
-8.4375 -34.8825 0.4374 0.2444 0.3181 0.00000 7.788 1500.0 12.0 0.0000 0.7624 96.08 0.0628
-5.6250 -34.8825 0.3479 0.3201 0.3320 0.00000 8.767 1500.0 12.0 0.0000 0.8532 112.93 0.0628
-2.8125 -34.8825 0.4577 0.2203 0.3220 0.00000 6.914 1500.0 12.0 0.0000 1.2211 152.74 0.0628
0.0000 -37.6731 0.5995 0.1569 0.2435 0.00000 6.854 1500.0 12.0 0.0000 2.8261 313.91 0.0628
2.8125 -37.6731 0.4180 0.2438 0.3382 0.00000 7.144 1500.0 12.0 0.0000 0.5356 68.87 0.0628
5.6250 -37.6731 0.4158 0.2537 0.3304 0.00000 7.640 1500.0 12.0 0.0000 0.1985 25.45 0.0628
8.4375 -37.6731 0.4819 0.2226 0.2955 0.00000 7.305 1500.0 12.0 0.0000 0.1344 16.37 0.0628
11.2500 -37.6731 0.3565 0.2846 0.3589 0.00000 8.062 1500.0 12.0 0.0000 0.1318 17.62 0.0628
14.0625 -37.6731 0.4509 0.2302 0.3188 0.00000 7.235 1500.0 12.0 0.0000 0.2979 37.31 0.0643
16.8750 -37.6731 0.4458 0.2370 0.3172 0.00000 7.439 1500.0 12.0 0.0000 0.3543 44.45 0.0628
19.6875 -37.6731 0.5642 0.1731 0.2627 0.00000 6.981 1500.0 12.0 0.0000 0.4344 49.76 0.0628
22.5000 -37.6731 0.6414 0.1315 0.2270 0.00000 6.532 1500.0 12.0 0.0000 0.7063 75.86 0.0628
25.3125 -37.6731 0.5377 0.1903 0.2720 0.00000 7.120 1500.0 12.0 0.0000 0.8793 102.68 0.0628
28.1250 -37.6731 0.4417 0.2239 0.3344 0.00000 6.764 1500.0 12.0 0.0000 0.4462 56.63 0.0628
47.8125 -37.6731 0.4935 0.1997 0.3068 0.00000 6.787 1500.0 12.0 0.0000 0.1909 23.27 0.0628
50.6250 -37.6731 0.2870 0.3054 0.4076 0.00000 7.734 1500.0 12.0 0.0000 0.4931 69.68 0.0628
53.4375 -37.6731 0.2829 0.3141 0.4030 0.00000 7.906 1500.0 12.0 0.0000 0.4138 58.45 0.0628
56.2500 -37.6731 0.2889 0.3152 0.3959 0.00000 8.266 1500.0 12.0 0.0000 0.3161 44.37 0.0628
59.0625 -37.6731 0.3505 0.2844 0.3651 0.00000 8.033 1500.0 12.0 0.0000 0.2915 39.22 0.0628
61.8750 -37.6731 0.3231 0.2842 0.3927 0.00000 7.454 1500.0 12.0 0.0000 0.2754 38.03 0.0628
64.6875 -37.6731 0.2904 0.2968 0.4128 0.00000 7.265 1500.0 12.0 0.0000 0.3700 52.34 0.0628
67.5000 -37.6731 0.4289 0.2413 0.3297 0.00000 7.253 1500.0 12.0 0.0000 0.6933 88.29 0.0628
70.3125 -37.6731 0.5531 0.1785 0.2684 0.00000 6.895 1500.0 12.0 0.0000 0.5692 65.80 0.0628
75.9375 -37.6731 0.4338 0.3005 0.2656 0.00000 6.796 1500.0 12.0 0.0000 2.6862 329.23 0.4544
78.7500 -37.6731 0.3616 0.3261 0.3123 0.00000 6.715 1500.0 12.0 0.0000 1.9519 254.07 0.4443
81.5625 -37.6731 0.4207 0.2943 0.2851 0.00000 6.318 1500.0 12.0 0.0000 1.6908 210.87 0.4659
84.3750 -37.6731 0.3491 0.3341 0.3168 0.00000 7.361 1500.0 12.0 0.0000 0.9162 120.23 0.4211
87.1875 -37.6731 0.3803 0.2856 0.3341 0.00000 7.441 1500.0 12.0 0.0000 0.9099 118.81 0.2034
-154.6875 -37.6731 0.5291 0.1915 0.2794 0.00000 7.415 1500.0 12.0 0.0000 0.2289 26.97 0.0628
-151.8750 -37.6731 0.5621 0.1788 0.2591 0.00000 7.233 1500.0 12.0 0.0000 0.2810 32.15 0.0628
-149.0625 -37.6731 0.4320 0.2502 0.3178 0.00000 8.110 1500.0 12.0 0.0000 0.2111 26.66 0.0642
-146.2500 -37.6731 0.3252 0.2948 0.3799 0.00000 8.091 1500.0 12.0 0.0000 0.3199 43.85 0.0628
-143.4375 -37.6731 0.3702 0.2813 0.3485 0.00000 8.241 1500.0 12.0 0.0000 0.5376 71.06 0.0628
-140.6250 -37.6731 0.3587 0.2873 0.3540 0.00000 8.516 1500.0 12.0 0.0000 0.8196 109.22 0.0628
-137.8125 -37.6731 0.3591 0.2790 0.3618 0.00000 7.901 1500.0 12.0 0.0000 0.9806 131.19 0.0628
-45.0000 -37.6731 0.3446 0.2812 0.3741 0.00000 6.977 1500.0 12.0 0.0000 0.7913 107.23 0.1157
-42.1875 -37.6731 0.3339 0.2897 0.3764 0.00000 7.846 1500.0 12.0 0.0000 0.1576 21.48 0.0628
-39.3750 -37.6731 0.5428 0.1894 0.2679 0.00000 7.372 1500.0 12.0 0.0000 0.3063 35.59 0.0628
-36.5625 -37.6731 0.4592 0.2301 0.3107 0.00000 7.649 1500.0 12.0 0.0000 0.4269 53.02 0.0667
-33.7500 -37.6731 0.2855 0.3060 0.4085 0.00000 7.575 1500.0 12.0 0.0000 0.3854 54.51 0.0642
-30.9375 -37.6731 0.4112 0.2432 0.3455 0.00000 7.214 1500.0 12.0 0.0000 0.3297 42.70 0.0628
-22.5000 -37.6731 0.4645 0.2144 0.3211 0.00000 6.773 1500.0 12.0 0.0000 0.6742 84.01 0.0628
-19.6875 -37.6731 0.4527 0.2202 0.3271 0.00000 6.814 1500.0 12.0 0.0000 1.0106 127.07 0.0628
-16.8750 -37.6731 0.3854 0.2737 0.3410 0.00000 7.815 1500.0 12.0 0.0000 0.6812 89.06 0.0628
-14.0625 -37.6731 0.5056 0.2039 0.2905 0.00000 7.338 1500.0 12.0 0.0000 0.9341 112.09 0.0628
-11.2500 -37.6731 0.5335 0.1936 0.2730 0.00000 7.454 1500.0 12.0 0.0000 1.4096 165.06 0.0628
-8.4375 -37.6731 0.4489 0.2359 0.3152 0.00000 7.540 1500.0 12.0 0.0000 1.0405 130.20 0.0628
-5.6250 -37.6731 0.3163 0.3232 0.3604 0.00000 8.803 1500.0 12.0 0.0000 1.7398 237.04 0.0628
-2.8125 -37.6731 0.4643 0.2289 0.3068 0.00000 7.609 1500.0 12.0 0.0000 1.6359 202.23 0.0628
0.0000 -40.4636 0.3947 0.2694 0.3359 0.00000 8.021 1500.0 12.0 0.0000 0.6506 84.47 0.0628
2.8125 -40.4636 0.3390 0.3058 0.3552 0.00000 8.580 1500.0 12.0 0.0000 1.1239 151.18 0.0628
5.6250 -40.4636 0.3763 0.2796 0.3441 0.00000 8.150 1500.0 12.0 0.0000 0.4792 63.02 0.0628
8.4375 -40.4636 0.2728 0.3596 0.3676 0.00000 9.196 1500.0 12.0 0.0000 0.3281 45.72 0.0628
11.2500 -40.4636 0.2706 0.3452 0.3842 0.00000 9.241 1500.0 12.0 0.0000 0.4757 66.91 0.0628
14.0625 -40.4636 0.4578 0.2264 0.3158 0.00000 7.222 1500.0 12.0 0.0000 0.3186 39.71 0.0628
16.8750 -40.4636 0.5298 0.1921 0.2781 0.00000 7.140 1500.0 12.0 0.0000 0.6090 71.67 0.0628
19.6875 -40.4636 0.4186 0.2582 0.3232 0.00000 8.380 1500.0 12.0 0.0000 0.5174 65.98 0.0628
22.5000 -40.4636 0.4990 0.1984 0.3026 0.00000 6.896 1500.0 12.0 0.0000 0.9623 116.67 0.0628
25.3125 -40.4636 0.3726 0.2635 0.3640 0.00000 7.277 1500.0 12.0 0.0000 0.4459 59.35 0.0628
28.1250 -40.4636 0.4417 0.2255 0.3327 0.00000 6.849 1500.0 12.0 0.0000 0.3522 44.66 0.0628
50.6250 -40.4636 0.4683 0.2109 0.3208 0.00000 6.813 1500.0 12.0 0.0000 0.5947 73.95 0.0628
53.4375 -40.4636 0.3072 0.2995 0.3933 0.00000 7.781 1500.0 12.0 0.0000 0.8907 123.90 0.0628
56.2500 -40.4636 0.2808 0.3092 0.4100 0.00000 7.658 1500.0 12.0 0.0000 0.4351 61.72 0.0628
59.0625 -40.4636 0.2658 0.3335 0.4007 0.00000 8.406 1500.0 12.0 0.0000 0.2927 41.60 0.0628
61.8750 -40.4636 0.3636 0.2728 0.3636 0.00000 7.537 1500.0 12.0 0.0000 0.5119 68.41 0.0628
64.6875 -40.4636 0.4778 0.2122 0.3100 0.00000 7.098 1500.0 12.0 0.0000 0.4181 51.44 0.0628
67.5000 -40.4636 0.5154 0.2095 0.2751 0.00000 7.454 1500.0 12.0 0.0000 1.0944 129.50 0.0930
-168.7500 -40.4636 0.3855 0.3155 0.2989 0.00000 7.401 1500.0 12.0 0.0000 0.9698 123.93 0.0628
-154.6875 -40.4636 0.4935 0.2094 0.2971 0.00000 7.630 1500.0 12.0 0.0000 0.5086 61.64 0.0697
-151.8750 -40.4636 0.5292 0.1976 0.2731 0.00000 7.457 1500.0 12.0 0.0000 0.2687 31.53 0.0628
-149.0625 -40.4636 0.4028 0.2506 0.3466 0.00000 7.341 1500.0 12.0 0.0000 0.2907 37.82 0.0628
-146.2500 -40.4636 0.3609 0.2726 0.3665 0.00000 7.594 1500.0 12.0 0.0000 0.4053 54.31 0.0628
-143.4375 -40.4636 0.3745 0.2796 0.3459 0.00000 8.327 1500.0 12.0 0.0000 0.4127 54.37 0.0648
-140.6250 -40.4636 0.3518 0.2801 0.3682 0.00000 7.772 1500.0 12.0 0.0000 0.4527 60.97 0.0628
-137.8125 -40.4636 0.3313 0.2712 0.3975 0.00000 6.817 1500.0 12.0 0.0000 0.7113 98.12 0.0628
-135.0000 -40.4636 0.4463 0.2346 0.3191 0.00000 7.598 1500.0 12.0 0.0000 1.4344 180.10 0.0628
-42.1875 -40.4636 0.3456 0.2796 0.3748 0.00000 7.458 1500.0 12.0 0.0000 0.6179 83.73 0.0839
-39.3750 -40.4636 0.3662 0.2698 0.3640 0.00000 7.448 1500.0 12.0 0.0000 0.3020 40.32 0.0628
-36.5625 -40.4636 0.4366 0.2405 0.3230 0.00000 7.722 1500.0 12.0 0.0000 0.4763 60.22 0.0628
-33.7500 -40.4636 0.3684 0.2752 0.3565 0.00000 7.612 1500.0 12.0 0.0000 0.6793 90.24 0.0764
-30.9375 -40.4636 0.3078 0.2918 0.4004 0.00000 7.112 1500.0 12.0 0.0000 0.8495 118.55 0.0800
-16.8750 -40.4636 0.3978 0.2480 0.3542 0.00000 7.043 1500.0 12.0 0.0000 0.7163 93.79 0.0628
-14.0625 -40.4636 0.4476 0.2330 0.3194 0.00000 7.388 1500.0 12.0 0.0000 0.7529 94.49 0.0628
-11.2500 -40.4636 0.6408 0.1339 0.2253 0.00000 6.710 1500.0 12.0 0.0000 2.1230 227.85 0.0628
-8.4375 -40.4636 0.6070 0.1501 0.2429 0.00000 6.739 1500.0 12.0 0.0000 1.3659 151.05 0.0628
-2.8125 -40.4636 0.4956 0.2046 0.2998 0.00000 6.856 1500.0 12.0 0.0000 0.6223 75.45 0.0628
0.0000 -43.2542 0.4719 0.2332 0.2949 0.00000 7.363 1500.0 12.0 0.0000 0.7301 89.31 0.0628
2.8125 -43.2542 0.3807 0.2803 0.3389 0.00000 8.058 1500.0 12.0 0.0000 0.7423 97.15 0.0628
5.6250 -43.2542 0.3696 0.2800 0.3504 0.00000 8.255 1500.0 12.0 0.0000 1.1358 150.32 0.0628
8.4375 -43.2542 0.3009 0.3237 0.3754 0.00000 8.992 1500.0 12.0 0.0000 1.4491 200.30 0.0628
11.2500 -43.2542 0.2760 0.3376 0.3865 0.00000 9.275 1500.0 12.0 0.0000 0.6730 94.56 0.0628
14.0625 -43.2542 0.3737 0.2783 0.3480 0.00000 8.310 1500.0 12.0 0.0000 0.5088 67.14 0.0628
16.8750 -43.2542 0.5653 0.1750 0.2596 0.00000 7.183 1500.0 12.0 0.0000 1.0821 123.64 0.0628
19.6875 -43.2542 0.5824 0.1595 0.2580 0.00000 6.626 1500.0 12.0 0.0000 0.8630 97.62 0.0628
22.5000 -43.2542 0.4568 0.2136 0.3296 0.00000 6.760 1500.0 12.0 0.0000 0.4035 50.70 0.0628
25.3125 -43.2542 0.3170 0.2861 0.3969 0.00000 7.389 1500.0 12.0 0.0000 0.4385 60.85 0.0628
53.4375 -43.2542 0.3321 0.3310 0.3368 0.00000 6.996 1500.0 12.0 0.0000 1.6990 227.08 0.3730
56.2500 -43.2542 0.2747 0.3467 0.3786 0.00000 6.974 1500.0 12.0 0.0000 2.1010 294.17 0.3080
59.0625 -43.2542 0.3875 0.2941 0.3184 0.00000 7.566 1500.0 12.0 0.0000 2.2628 291.98 0.2395
61.8750 -43.2542 0.5124 0.2145 0.2731 0.00000 7.001 1500.0 12.0 0.0000 2.0986 248.42 0.1685
-154.6875 -43.2542 0.4714 0.3025 0.2261 0.00000 6.122 1500.0 12.0 0.0000 2.1394 251.46 0.5968
-151.8750 -43.2542 0.4653 0.2473 0.2874 0.00000 7.178 1500.0 12.0 0.0000 1.8115 221.36 0.2089
-149.0625 -43.2542 0.3722 0.2652 0.3626 0.00000 7.509 1500.0 12.0 0.0000 0.3088 41.09 0.0628
-146.2500 -43.2542 0.4023 0.2528 0.3449 0.00000 7.702 1500.0 12.0 0.0000 0.3979 51.73 0.0628
-143.4375 -43.2542 0.4297 0.2444 0.3258 0.00000 7.839 1500.0 12.0 0.0000 0.3215 40.84 0.0628
-140.6250 -43.2542 0.4504 0.2279 0.3217 0.00000 7.226 1500.0 12.0 0.0000 0.5153 64.67 0.0628
-137.8125 -43.2542 0.3765 0.2737 0.3499 0.00000 7.896 1500.0 12.0 0.0000 0.4761 62.80 0.0628
-42.1875 -43.2542 0.3784 0.3187 0.3029 0.00000 6.366 1500.0 12.0 0.0000 1.4882 191.24 0.4944
-39.3750 -43.2542 0.3919 0.2615 0.3466 0.00000 7.344 1500.0 12.0 0.0000 1.1564 151.20 0.1065
-36.5625 -43.2542 0.3552 0.2704 0.3743 0.00000 7.362 1500.0 12.0 0.0000 0.8579 115.73 0.0628
-33.7500 -43.2542 0.4037 0.2444 0.3519 0.00000 7.046 1500.0 12.0 0.0000 0.4412 57.53 0.0628
-30.9375 -43.2542 0.3642 0.2641 0.3717 0.00000 7.056 1500.0 12.0 0.0000 0.7394 99.21 0.0736
-28.1250 -43.2542 0.4319 0.2473 0.3207 0.00000 6.920 1500.0 12.0 0.0000 0.7680 97.18 0.0935
-14.0625 -43.2542 0.3743 0.2651 0.3606 0.00000 7.379 1500.0 12.0 0.0000 0.6233 82.77 0.0628
-11.2500 -43.2542 0.4535 0.2342 0.3123 0.00000 7.421 1500.0 12.0 0.0000 1.0720 133.63 0.0836
-8.4375 -43.2542 0.5848 0.1572 0.2580 0.00000 6.580 1500.0 12.0 0.0000 0.6741 76.15 0.0628
0.0000 -46.0447 0.5137 0.2036 0.2827 0.00000 7.548 1500.0 12.0 0.0000 1.0261 122.08 0.0628
2.8125 -46.0447 0.3429 0.2964 0.3607 0.00000 8.565 1500.0 12.0 0.0000 0.8168 110.00 0.0628
5.6250 -46.0447 0.3518 0.2906 0.3576 0.00000 8.439 1500.0 12.0 0.0000 1.2417 166.29 0.0628
8.4375 -46.0447 0.4367 0.2422 0.3211 0.00000 7.467 1500.0 12.0 0.0000 1.4485 182.92 0.0628
11.2500 -46.0447 0.4210 0.2492 0.3297 0.00000 7.699 1500.0 12.0 0.0000 1.2729 162.70 0.0628
14.0625 -46.0447 0.4342 0.2606 0.3053 0.00000 8.001 1500.0 12.0 0.0000 0.9019 113.02 0.0628
16.8750 -46.0447 0.5256 0.2005 0.2738 0.00000 7.503 1500.0 12.0 0.0000 1.1203 131.79 0.0666
19.6875 -46.0447 0.5480 0.1865 0.2655 0.00000 7.203 1500.0 12.0 0.0000 1.2681 146.72 0.0802
22.5000 -46.0447 0.4495 0.2223 0.3282 0.00000 6.793 1500.0 12.0 0.0000 0.5759 72.57 0.0682
53.4375 -46.0447 0.5076 0.2508 0.2415 0.00000 6.466 1500.0 12.0 0.0000 1.8010 209.72 0.3856
56.2500 -46.0447 0.5093 0.2454 0.2453 0.00000 6.403 1500.0 12.0 0.0000 2.2938 267.48 0.3707
59.0625 -46.0447 0.5127 0.2437 0.2436 0.00000 6.678 1500.0 12.0 0.0000 2.4663 286.80 0.3327
-157.5000 -46.0447 0.3046 0.4391 0.2563 0.00000 6.419 1500.0 12.0 0.0000 2.5443 329.90 0.7634
-154.6875 -46.0447 0.4244 0.3455 0.2301 0.00000 6.048 1500.0 12.0 0.0000 1.7011 205.23 0.6925
-151.8750 -46.0447 0.3636 0.3556 0.2808 0.00000 6.722 1500.0 12.0 0.0000 1.4192 181.43 0.5327
-149.0625 -46.0447 0.3952 0.3187 0.2860 0.00000 7.432 1500.0 12.0 0.0000 1.7659 223.05 0.3383
-146.2500 -46.0447 0.4330 0.2507 0.3163 0.00000 8.065 1500.0 12.0 0.0000 0.3626 45.74 0.0628
-132.1875 -46.0447 0.0463 0.6822 0.2715 0.00000 6.458 1500.0 12.0 0.0000 4.4306 647.86 0.4008
-39.3750 -46.0447 0.3237 0.3526 0.3237 0.00000 6.309 1500.0 12.0 0.0000 1.6159 215.29 0.5677
-36.5625 -46.0447 0.3768 0.2619 0.3612 0.00000 6.949 1500.0 12.0 0.0000 1.4229 188.79 0.1223
-2.8125 -46.0447 0.5303 0.2202 0.2496 0.00000 6.399 1500.0 12.0 0.0000 3.0377 351.33 0.3189
0.0000 -48.8352 0.2695 0.4073 0.3231 0.00000 8.298 1500.0 12.0 0.0000 3.2479 443.17 0.5243
2.8125 -48.8352 0.3323 0.3621 0.3055 0.00000 7.831 1500.0 12.0 0.0000 4.9054 644.81 0.4782
5.6250 -48.8352 0.5138 0.2428 0.2434 0.00000 6.125 1500.0 12.0 0.0000 4.8668 565.59 0.4388
8.4375 -48.8352 0.4606 0.2627 0.2767 0.00000 6.241 1500.0 12.0 0.0000 3.2217 392.18 0.4358
11.2500 -48.8352 0.4472 0.2677 0.2851 0.00000 6.283 1500.0 12.0 0.0000 2.5407 312.84 0.4308
14.0625 -48.8352 0.3464 0.3362 0.3174 0.00000 7.428 1500.0 12.0 0.0000 2.4829 326.33 0.4233
16.8750 -48.8352 0.4093 0.2962 0.2945 0.00000 7.200 1500.0 12.0 0.0000 3.4543 435.44 0.3621
19.6875 -48.8352 0.4141 0.2672 0.3187 0.00000 7.368 1500.0 12.0 0.0000 2.2917 292.11 0.1988
22.5000 -48.8352 0.4392 0.2289 0.3319 0.00000 6.954 1500.0 12.0 0.0000 0.5596 71.01 0.0628
180.0000 -48.8352 0.4113 0.3120 0.2767 0.00000 7.088 1500.0 12.0 0.0000 3.6156 450.84 0.3397
-177.1875 -48.8352 0.3093 0.4191 0.2716 0.00000 6.819 1500.0 12.0 0.0000 4.4465 580.08 0.4063
-154.6875 -48.8352 0.3461 0.4001 0.2538 0.00000 6.582 1500.0 12.0 0.0000 1.9557 248.37 0.6627
-151.8750 -48.8352 0.3619 0.3796 0.2585 0.00000 6.705 1500.0 12.0 0.0000 1.7088 215.97 0.5918
-149.0625 -48.8352 0.3794 0.3567 0.2638 0.00000 6.862 1500.0 12.0 0.0000 1.8615 234.00 0.5157
-90.0000 -48.8352 0.4364 0.3003 0.2633 0.00000 5.656 1500.0 12.0 0.0000 0.9682 118.37 0.5518
-87.1875 -48.8352 0.2641 0.3719 0.3640 0.00000 6.209 1500.0 12.0 0.0000 0.5034 70.30 0.4851
-84.3750 -48.8352 0.3557 0.3239 0.3204 0.00000 6.532 1500.0 12.0 0.0000 0.5739 75.23 0.4338
-81.5625 -48.8352 0.4255 0.2801 0.2945 0.00000 6.031 1500.0 12.0 0.0000 0.9544 119.38 0.4287
-36.5625 -48.8352 0.3420 0.3476 0.3104 0.00000 7.453 1500.0 12.0 0.0000 2.1046 276.14 0.3831
-8.4375 -48.8352 0.3202 0.3437 0.3361 0.00000 6.199 1500.0 12.0 0.0000 1.9936 267.77 0.4903
-5.6250 -48.8352 0.3593 0.3201 0.3205 0.00000 5.999 1500.0 12.0 0.0000 1.7993 235.49 0.5598
-2.8125 -48.8352 0.4696 0.2935 0.2368 0.00000 6.353 1500.0 12.0 0.0000 3.6560 432.88 0.5677
0.0000 -51.6257 0.3555 0.3589 0.2855 0.00000 7.264 1500.0 12.0 0.0000 5.0000 643.27 0.5675
2.8125 -51.6257 0.4167 0.3217 0.2616 0.00000 6.688 1500.0 12.0 0.0000 5.0000 616.57 0.5660
5.6250 -51.6257 0.4313 0.3154 0.2532 0.00000 6.581 1500.0 12.0 0.0000 4.2937 523.16 0.5701
8.4375 -51.6257 0.5375 0.2562 0.2064 0.00000 5.704 1500.0 12.0 0.0000 4.7381 531.60 0.5739
11.2500 -51.6257 0.3596 0.3564 0.2840 0.00000 7.136 1500.0 12.0 0.0000 2.3895 306.60 0.5684
14.0625 -51.6257 0.3994 0.3331 0.2676 0.00000 7.059 1500.0 12.0 0.0000 2.7370 341.49 0.5299
16.8750 -51.6257 0.3933 0.3272 0.2794 0.00000 7.277 1500.0 12.0 0.0000 3.7021 466.32 0.4712
19.6875 -51.6257 0.4378 0.2702 0.2920 0.00000 6.561 1500.0 12.0 0.0000 5.0000 620.85 0.3719
143.4375 -51.6257 0.0631 0.6538 0.2831 0.00000 6.605 1500.0 12.0 0.0000 3.3755 492.93 0.3950
146.2500 -51.6257 0.0587 0.6608 0.2805 0.00000 6.529 1500.0 12.0 0.0000 3.1503 460.29 0.4003
165.9375 -51.6257 0.3592 0.3133 0.3274 0.00000 5.997 1500.0 12.0 0.0000 2.0100 264.04 0.4417
168.7500 -51.6257 0.3154 0.3387 0.3459 0.00000 6.072 1500.0 12.0 0.0000 2.5379 343.34 0.4339
171.5625 -51.6257 0.3586 0.3168 0.3245 0.00000 6.345 1500.0 12.0 0.0000 1.8765 246.19 0.4218
174.3750 -51.6257 0.3662 0.3027 0.3311 0.00000 5.896 1500.0 12.0 0.0000 1.7785 233.35 0.4208
177.1875 -51.6257 0.3721 0.3159 0.3119 0.00000 6.290 1500.0 12.0 0.0000 1.8131 234.81 0.4300
180.0000 -51.6257 0.3359 0.3910 0.2731 0.00000 6.584 1500.0 12.0 0.0000 3.2322 416.86 0.4292
-177.1875 -51.6257 0.4010 0.3271 0.2719 0.00000 6.796 1500.0 12.0 0.0000 4.6202 577.39 0.4187
-174.3750 -51.6257 0.4123 0.3167 0.2711 0.00000 6.867 1500.0 12.0 0.0000 4.4509 552.96 0.4154
-154.6875 -51.6257 0.4138 0.3120 0.2741 0.00000 7.147 1500.0 12.0 0.0000 3.8947 484.35 0.3740
-151.8750 -51.6257 0.4168 0.3082 0.2750 0.00000 7.171 1500.0 12.0 0.0000 3.5106 436.17 0.3622
-149.0625 -51.6257 0.4185 0.3060 0.2755 0.00000 7.185 1500.0 12.0 0.0000 3.7837 469.85 0.3553
-120.9375 -51.6257 0.0375 0.7001 0.2624 0.00000 6.091 1500.0 12.0 0.0000 2.9138 425.75 0.5148
-98.4375 -51.6257 0.3293 0.3552 0.3156 0.00000 5.675 1500.0 12.0 0.0000 1.2380 163.83 0.5847
-95.6250 -51.6257 0.3173 0.3577 0.3250 0.00000 5.930 1500.0 12.0 0.0000 0.5328 71.25 0.6178
-92.8125 -51.6257 0.3418 0.3429 0.3153 0.00000 5.958 1500.0 12.0 0.0000 0.2139 28.14 0.5834
-90.0000 -51.6257 0.3638 0.3311 0.3050 0.00000 6.265 1500.0 12.0 0.0000 0.1649 21.36 0.5019
-87.1875 -51.6257 0.2740 0.3741 0.3519 0.00000 6.601 1500.0 12.0 0.0000 0.1951 26.96 0.4361
-84.3750 -51.6257 0.3014 0.3406 0.3580 0.00000 6.036 1500.0 12.0 0.0000 0.2207 30.23 0.4014
-81.5625 -51.6257 0.3556 0.3285 0.3159 0.00000 6.470 1500.0 12.0 0.0000 0.3717 48.60 0.4246
-78.7500 -51.6257 0.4075 0.2932 0.2994 0.00000 5.838 1500.0 12.0 0.0000 0.6502 82.26 0.4609
-47.8125 -51.6257 0.2487 0.4611 0.2902 0.00000 7.014 1500.0 12.0 0.0000 4.2699 578.12 0.1666
-39.3750 -51.6257 0.4092 0.2992 0.2916 0.00000 7.452 1500.0 12.0 0.0000 2.9650 373.19 0.2344
-8.4375 -51.6257 0.3437 0.3227 0.3336 0.00000 6.087 1500.0 12.0 0.0000 1.3943 185.06 0.4962
-5.6250 -51.6257 0.3947 0.3163 0.2890 0.00000 6.416 1500.0 12.0 0.0000 1.5372 194.53 0.5325
-2.8125 -51.6257 0.4456 0.3042 0.2503 0.00000 6.153 1500.0 12.0 0.0000 5.0000 603.93 0.5715
0.0000 -54.4162 0.3228 0.3518 0.3254 0.00000 6.714 1500.0 12.0 0.0000 3.2622 435.21 0.5321
2.8125 -54.4162 0.3044 0.3666 0.3290 0.00000 7.161 1500.0 12.0 0.0000 3.9403 531.03 0.5264
5.6250 -54.4162 0.3832 0.3184 0.2984 0.00000 6.420 1500.0 12.0 0.0000 3.7186 475.59 0.5142
8.4375 -54.4162 0.5324 0.2466 0.2210 0.00000 5.625 1500.0 12.0 0.0000 4.4031 499.86 0.5171
11.2500 -54.4162 0.3967 0.3201 0.2832 0.00000 6.542 1500.0 12.0 0.0000 2.8241 355.89 0.5069
14.0625 -54.4162 0.3469 0.3367 0.3163 0.00000 6.894 1500.0 12.0 0.0000 3.0310 398.06 0.4787
16.8750 -54.4162 0.3683 0.3172 0.3145 0.00000 6.708 1500.0 12.0 0.0000 3.2791 426.01 0.4420
140.6250 -54.4162 0.0427 0.6793 0.2780 0.00000 6.266 1500.0 12.0 0.0000 4.0440 594.05 0.3116
143.4375 -54.4162 0.0516 0.6643 0.2841 0.00000 6.453 1500.0 12.0 0.0000 3.4831 511.29 0.2936
154.6875 -54.4162 0.3677 0.3016 0.3308 0.00000 5.947 1500.0 12.0 0.0000 0.8429 110.50 0.4048
157.5000 -54.4162 0.3767 0.3001 0.3233 0.00000 5.747 1500.0 12.0 0.0000 0.7012 91.17 0.4180
160.3125 -54.4162 0.4924 0.2471 0.2604 0.00000 5.685 1500.0 12.0 0.0000 0.6582 78.12 0.4085
163.1250 -54.4162 0.5164 0.2343 0.2493 0.00000 5.697 1500.0 12.0 0.0000 0.7951 92.61 0.3881
165.9375 -54.4162 0.4339 0.2833 0.2828 0.00000 6.347 1500.0 12.0 0.0000 0.8599 106.42 0.3777
168.7500 -54.4162 0.3709 0.3146 0.3145 0.00000 6.403 1500.0 12.0 0.0000 1.6654 216.11 0.3759
171.5625 -54.4162 0.3605 0.3156 0.3238 0.00000 6.321 1500.0 12.0 0.0000 1.7786 233.06 0.3875
174.3750 -54.4162 0.3247 0.3379 0.3373 0.00000 6.728 1500.0 12.0 0.0000 1.9667 263.80 0.4026
177.1875 -54.4162 0.3617 0.3175 0.3209 0.00000 6.418 1500.0 12.0 0.0000 1.9124 250.06 0.4150
180.0000 -54.4162 0.4724 0.2577 0.2699 0.00000 5.843 1500.0 12.0 0.0000 2.3898 288.10 0.4135
-165.9375 -54.4162 0.4024 0.3270 0.2706 0.00000 6.836 1500.0 12.0 0.0000 5.0000 623.99 0.4217
-163.1250 -54.4162 0.3871 0.3228 0.2901 0.00000 7.358 1500.0 12.0 0.0000 5.0000 635.39 0.3533
-151.8750 -54.4162 0.4487 0.2668 0.2846 0.00000 7.365 1500.0 12.0 0.0000 5.0000 615.01 0.2383
-137.8125 -54.4162 0.4193 0.3050 0.2758 0.00000 7.143 1500.0 12.0 0.0000 4.7699 592.17 0.3523
-135.0000 -54.4162 0.4297 0.2844 0.2858 0.00000 7.298 1500.0 12.0 0.0000 5.0000 621.12 0.2730
-132.1875 -54.4162 0.3959 0.3007 0.3033 0.00000 7.356 1500.0 12.0 0.0000 5.0000 637.40 0.2308
-98.4375 -54.4162 0.3888 0.3115 0.2997 0.00000 5.720 1500.0 12.0 0.0000 0.6810 86.93 0.4883
-95.6250 -54.4162 0.2626 0.3642 0.3732 0.00000 5.281 1500.0 12.0 0.0000 0.3552 49.85 0.5081
-92.8125 -54.4162 0.2643 0.3681 0.3675 0.00000 5.598 1500.0 12.0 0.0000 0.2499 34.95 0.4763
-90.0000 -54.4162 0.2935 0.3566 0.3500 0.00000 6.145 1500.0 12.0 0.0000 0.3508 48.03 0.4123
-87.1875 -54.4162 0.2716 0.3371 0.3913 0.00000 5.660 1500.0 12.0 0.0000 0.3741 52.79 0.3403
-84.3750 -54.4162 0.3491 0.3101 0.3408 0.00000 6.123 1500.0 12.0 0.0000 0.4431 58.90 0.3231
-81.5625 -54.4162 0.5378 0.2324 0.2298 0.00000 5.851 1500.0 12.0 0.0000 0.5500 62.60 0.3677
-61.8750 -54.4162 0.0434 0.6766 0.2799 0.00000 6.317 1500.0 12.0 0.0000 2.1492 315.91 0.2876
-50.6250 -54.4162 0.3194 0.3846 0.2960 0.00000 6.209 1500.0 12.0 0.0000 0.9026 118.74 0.3522
-47.8125 -54.4162 0.2747 0.4191 0.3062 0.00000 6.486 1500.0 12.0 0.0000 0.6345 85.63 0.3219
-45.0000 -54.4162 0.2878 0.4158 0.2964 0.00000 6.775 1500.0 12.0 0.0000 0.6270 83.69 0.2915
-42.1875 -54.4162 0.2979 0.4003 0.3018 0.00000 7.254 1500.0 12.0 0.0000 0.5429 72.34 0.2963
-39.3750 -54.4162 0.3636 0.3432 0.2932 0.00000 6.992 1500.0 12.0 0.0000 0.7387 95.08 0.3013
-36.5625 -54.4162 0.4208 0.2860 0.2932 0.00000 6.761 1500.0 12.0 0.0000 0.8573 107.40 0.2933
5.6250 -57.2066 0.2964 0.3373 0.3663 0.00000 6.340 1500.0 12.0 0.0000 5.0000 689.30 0.3822
8.4375 -57.2066 0.3499 0.3033 0.3468 0.00000 6.087 1500.0 12.0 0.0000 4.8420 645.38 0.3675
11.2500 -57.2066 0.3741 0.3010 0.3249 0.00000 6.657 1500.0 12.0 0.0000 3.4980 455.77 0.3720
14.0625 -57.2066 0.3715 0.3097 0.3189 0.00000 6.732 1500.0 12.0 0.0000 3.7386 486.13 0.3789
115.3125 -57.2066 0.3281 0.3945 0.2774 0.00000 6.621 1500.0 12.0 0.0000 1.3647 177.04 0.3303
151.8750 -57.2066 0.3589 0.3152 0.3259 0.00000 6.516 1500.0 12.0 0.0000 0.2747 36.06 0.3511
154.6875 -57.2066 0.3219 0.3300 0.3480 0.00000 6.536 1500.0 12.0 0.0000 0.1706 23.04 0.3498
157.5000 -57.2066 0.5427 0.2257 0.2316 0.00000 5.704 1500.0 12.0 0.0000 0.4183 47.54 0.3418
160.3125 -57.2066 0.4486 0.2869 0.2645 0.00000 6.822 1500.0 12.0 0.0000 0.1665 20.25 0.3123
163.1250 -57.2066 0.4445 0.2804 0.2752 0.00000 6.802 1500.0 12.0 0.0000 0.1669 20.46 0.2846
165.9375 -57.2066 0.3227 0.3421 0.3351 0.00000 7.787 1500.0 12.0 0.0000 0.1554 20.83 0.2740
168.7500 -57.2066 0.5673 0.2002 0.2324 0.00000 5.914 1500.0 12.0 0.0000 0.4492 50.41 0.2758
171.5625 -57.2066 0.5352 0.2267 0.2381 0.00000 6.375 1500.0 12.0 0.0000 0.9848 112.81 0.2904
174.3750 -57.2066 0.5056 0.2370 0.2573 0.00000 6.184 1500.0 12.0 0.0000 1.4090 165.81 0.3123
177.1875 -57.2066 0.4297 0.2786 0.2917 0.00000 6.462 1500.0 12.0 0.0000 2.0799 259.23 0.3332
180.0000 -57.2066 0.3325 0.3284 0.3390 0.00000 6.788 1500.0 12.0 0.0000 2.2422 299.96 0.3430
-177.1875 -57.2066 0.3609 0.3138 0.3253 0.00000 6.481 1500.0 12.0 0.0000 1.2764 167.35 0.3595
-165.9375 -57.2066 0.4174 0.2980 0.2846 0.00000 7.076 1500.0 12.0 0.0000 2.4672 308.09 0.3104
-163.1250 -57.2066 0.4375 0.2710 0.2915 0.00000 7.369 1500.0 12.0 0.0000 3.8438 477.23 0.2249
-154.6875 -57.2066 0.4346 0.2767 0.2888 0.00000 7.401 1500.0 12.0 0.0000 4.3247 536.86 0.2365
-151.8750 -57.2066 0.4035 0.3149 0.2816 0.00000 7.169 1500.0 12.0 0.0000 2.8847 362.05 0.3509
-140.6250 -57.2066 0.4064 0.3216 0.2719 0.00000 6.864 1500.0 12.0 0.0000 1.4535 181.17 0.4036
-123.7500 -57.2066 0.4476 0.2788 0.2736 0.00000 6.781 1500.0 12.0 0.0000 4.5938 561.80 0.3040
-120.9375 -57.2066 0.4126 0.2853 0.3021 0.00000 5.919 1500.0 12.0 0.0000 2.6824 339.04 0.3714
-118.1250 -57.2066 0.3584 0.3050 0.3366 0.00000 6.198 1500.0 12.0 0.0000 1.1652 153.88 0.3731
-115.3125 -57.2066 0.3528 0.3048 0.3424 0.00000 6.633 1500.0 12.0 0.0000 1.3670 181.53 0.3058
-106.8750 -57.2066 0.4176 0.2643 0.3181 0.00000 6.164 1500.0 12.0 0.0000 2.6547 337.69 0.3105
-104.0625 -57.2066 0.3950 0.2765 0.3285 0.00000 6.260 1500.0 12.0 0.0000 1.8083 233.80 0.3038
-101.2500 -57.2066 0.3318 0.3238 0.3445 0.00000 6.703 1500.0 12.0 0.0000 0.6945 93.21 0.3491
-98.4375 -57.2066 0.3300 0.3473 0.3226 0.00000 6.869 1500.0 12.0 0.0000 0.3446 45.76 0.4006
-95.6250 -57.2066 0.5232 0.2378 0.2391 0.00000 5.334 1500.0 12.0 0.0000 0.5225 60.27 0.4223
-92.8125 -57.2066 0.4763 0.2732 0.2505 0.00000 6.144 1500.0 12.0 0.0000 0.3385 40.26 0.4030
-90.0000 -57.2066 0.4794 0.2593 0.2613 0.00000 5.933 1500.0 12.0 0.0000 0.3859 46.12 0.3611
-87.1875 -57.2066 0.2988 0.3244 0.3768 0.00000 5.986 1500.0 12.0 0.0000 0.2879 39.86 0.3116
-84.3750 -57.2066 0.3764 0.2917 0.3320 0.00000 6.174 1500.0 12.0 0.0000 0.3325 43.44 0.2998
-81.5625 -57.2066 0.4062 0.2851 0.3087 0.00000 6.202 1500.0 12.0 0.0000 0.3096 39.39 0.3373
-64.6875 -57.2066 0.0559 0.6523 0.2917 0.00000 6.570 1500.0 12.0 0.0000 0.8965 131.84 0.2103
-61.8750 -57.2066 0.0641 0.6414 0.2945 0.00000 6.788 1500.0 12.0 0.0000 0.8701 127.71 0.1959
-53.4375 -57.2066 0.3961 0.2699 0.3340 0.00000 6.083 1500.0 12.0 0.0000 0.6664 86.38 0.2725
-50.6250 -57.2066 0.3521 0.3037 0.3442 0.00000 6.227 1500.0 12.0 0.0000 0.6080 80.84 0.2957
-47.8125 -57.2066 0.3574 0.3275 0.3151 0.00000 7.193 1500.0 12.0 0.0000 0.3779 49.36 0.3175
-45.0000 -57.2066 0.2800 0.3687 0.3513 0.00000 7.692 1500.0 12.0 0.0000 0.2352 32.41 0.3389
-42.1875 -57.2066 0.3179 0.3497 0.3323 0.00000 6.872 1500.0 12.0 0.0000 0.2338 31.38 0.3676
-39.3750 -57.2066 0.4164 0.2827 0.3009 0.00000 5.770 1500.0 12.0 0.0000 0.2877 36.27 0.3875
-36.5625 -57.2066 0.4948 0.2540 0.2512 0.00000 6.029 1500.0 12.0 0.0000 0.4932 58.14 0.3753
0.0000 -59.9970 0.4155 0.2942 0.2903 0.00000 7.608 1500.0 12.0 0.0000 2.7051 339.19 0.3053
2.8125 -59.9970 0.5073 0.2256 0.2671 0.00000 6.773 1500.0 12.0 0.0000 5.0000 591.30 0.2357
8.4375 -59.9970 0.4302 0.2537 0.3161 0.00000 6.805 1500.0 12.0 0.0000 2.7885 352.24 0.2062
70.3125 -59.9970 0.3349 0.2939 0.3711 0.00000 6.425 1500.0 12.0 0.0000 1.4999 203.81 0.2070
73.1250 -59.9970 0.3751 0.2773 0.3476 0.00000 6.761 1500.0 12.0 0.0000 1.3551 178.64 0.1909
75.9375 -59.9970 0.3354 0.3088 0.3558 0.00000 7.902 1500.0 12.0 0.0000 1.7132 230.92 0.1630
78.7500 -59.9970 0.4208 0.2555 0.3237 0.00000 7.123 1500.0 12.0 0.0000 2.2799 290.48 0.1436
81.5625 -59.9970 0.3699 0.2685 0.3615 0.00000 6.735 1500.0 12.0 0.0000 2.2237 296.00 0.1203
90.0000 -59.9970 0.3142 0.2890 0.3968 0.00000 6.340 1500.0 12.0 0.0000 1.2436 172.77 0.1360
92.8125 -59.9970 0.4024 0.2528 0.3447 0.00000 6.348 1500.0 12.0 0.0000 0.7320 95.15 0.1553
95.6250 -59.9970 0.4770 0.2281 0.2949 0.00000 6.533 1500.0 12.0 0.0000 0.7302 89.10 0.1711
98.4375 -59.9970 0.4346 0.2621 0.3033 0.00000 6.824 1500.0 12.0 0.0000 0.3591 44.94 0.2003
101.2500 -59.9970 0.3106 0.3194 0.3699 0.00000 6.894 1500.0 12.0 0.0000 0.2750 37.75 0.2119
104.0625 -59.9970 0.2980 0.3102 0.3919 0.00000 6.282 1500.0 12.0 0.0000 0.3170 44.23 0.2118
106.8750 -59.9970 0.4551 0.2429 0.3020 0.00000 6.151 1500.0 12.0 0.0000 0.4407 54.58 0.2197
109.6875 -59.9970 0.4032 0.2855 0.3114 0.00000 7.407 1500.0 12.0 0.0000 0.2668 34.05 0.2360
112.5000 -59.9970 0.3663 0.2999 0.3338 0.00000 7.051 1500.0 12.0 0.0000 0.3085 40.53 0.2583
151.8750 -59.9970 0.3442 0.3039 0.3519 0.00000 6.004 1500.0 12.0 0.0000 0.2385 31.95 0.2849
154.6875 -59.9970 0.3318 0.3057 0.3625 0.00000 6.200 1500.0 12.0 0.0000 0.1402 19.00 0.2615
157.5000 -59.9970 0.3807 0.2807 0.3386 0.00000 5.998 1500.0 12.0 0.0000 0.1919 25.11 0.2418
160.3125 -59.9970 0.4911 0.2326 0.2763 0.00000 6.306 1500.0 12.0 0.0000 0.1621 19.43 0.2210
163.1250 -59.9970 0.5000 0.2290 0.2710 0.00000 6.698 1500.0 12.0 0.0000 0.1340 15.95 0.2090
165.9375 -59.9970 0.4685 0.2373 0.2942 0.00000 6.478 1500.0 12.0 0.0000 0.1196 14.65 0.2081
168.7500 -59.9970 0.4400 0.2566 0.3034 0.00000 6.622 1500.0 12.0 0.0000 0.1980 24.72 0.2120
171.5625 -59.9970 0.3882 0.2962 0.3156 0.00000 7.664 1500.0 12.0 0.0000 0.4282 55.15 0.2190
174.3750 -59.9970 0.5182 0.2253 0.2564 0.00000 6.665 1500.0 12.0 0.0000 1.1330 132.39 0.2331
177.1875 -59.9970 0.5413 0.2155 0.2432 0.00000 6.546 1500.0 12.0 0.0000 1.8620 213.28 0.2474
180.0000 -59.9970 0.4567 0.2690 0.2742 0.00000 6.895 1500.0 12.0 0.0000 1.5703 191.25 0.2553
-177.1875 -59.9970 0.3500 0.2989 0.3511 0.00000 6.534 1500.0 12.0 0.0000 0.9508 127.00 0.2522
-174.3750 -59.9970 0.3050 0.3067 0.3883 0.00000 5.961 1500.0 12.0 0.0000 1.1709 162.62 0.2461
-171.5625 -59.9970 0.3023 0.3183 0.3794 0.00000 6.617 1500.0 12.0 0.0000 1.0441 144.52 0.2310
-168.7500 -59.9970 0.3121 0.3324 0.3555 0.00000 7.449 1500.0 12.0 0.0000 0.9048 123.20 0.2218
-165.9375 -59.9970 0.3064 0.3393 0.3544 0.00000 8.247 1500.0 12.0 0.0000 0.8585 117.12 0.2044
-163.1250 -59.9970 0.3440 0.3170 0.3390 0.00000 8.284 1500.0 12.0 0.0000 1.0878 144.78 0.1858
-160.3125 -59.9970 0.3914 0.2939 0.3147 0.00000 7.847 1500.0 12.0 0.0000 1.3200 169.68 0.1908
-151.8750 -59.9970 0.4177 0.3060 0.2764 0.00000 6.816 1500.0 12.0 0.0000 0.7996 99.38 0.3529
-149.0625 -59.9970 0.3913 0.3291 0.2796 0.00000 6.875 1500.0 12.0 0.0000 0.5490 69.22 0.3861
-146.2500 -59.9970 0.4092 0.3180 0.2728 0.00000 6.664 1500.0 12.0 0.0000 0.6135 76.41 0.3925
-140.6250 -59.9970 0.4279 0.2824 0.2897 0.00000 6.368 1500.0 12.0 0.0000 0.5918 73.75 0.3234
-137.8125 -59.9970 0.4060 0.2871 0.3069 0.00000 6.732 1500.0 12.0 0.0000 0.4076 51.82 0.2830
-135.0000 -59.9970 0.3443 0.3214 0.3343 0.00000 7.165 1500.0 12.0 0.0000 0.5750 76.32 0.2704
-132.1875 -59.9970 0.3556 0.3099 0.3346 0.00000 7.107 1500.0 12.0 0.0000 0.5253 69.39 0.2672
-129.3750 -59.9970 0.4104 0.2639 0.3257 0.00000 6.262 1500.0 12.0 0.0000 0.9218 118.15 0.2515
-123.7500 -59.9970 0.4141 0.2724 0.3135 0.00000 6.452 1500.0 12.0 0.0000 1.6971 215.71 0.2623
-120.9375 -59.9970 0.3095 0.3159 0.3746 0.00000 6.215 1500.0 12.0 0.0000 1.4291 196.71 0.2772
-118.1250 -59.9970 0.2693 0.3497 0.3810 0.00000 6.792 1500.0 12.0 0.0000 1.0961 154.02 0.2886
-115.3125 -59.9970 0.4451 0.2547 0.3002 0.00000 6.073 1500.0 12.0 0.0000 1.3342 165.85 0.2843
-112.5000 -59.9970 0.6164 0.1743 0.2093 0.00000 5.821 1500.0 12.0 0.0000 2.0439 220.05 0.2725
-109.6875 -59.9970 0.6272 0.1660 0.2068 0.00000 5.896 1500.0 12.0 0.0000 2.6831 286.67 0.2469
-106.8750 -59.9970 0.6191 0.1677 0.2132 0.00000 5.939 1500.0 12.0 0.0000 2.4239 261.24 0.2368
-104.0625 -59.9970 0.5446 0.2133 0.2421 0.00000 6.502 1500.0 12.0 0.0000 2.4728 282.58 0.2422
-101.2500 -59.9970 0.4670 0.2637 0.2693 0.00000 7.045 1500.0 12.0 0.0000 1.0154 122.69 0.2708
-98.4375 -59.9970 0.4280 0.2887 0.2833 0.00000 7.167 1500.0 12.0 0.0000 0.5288 65.66 0.3060
-95.6250 -59.9970 0.4727 0.2658 0.2614 0.00000 6.600 1500.0 12.0 0.0000 0.4912 58.92 0.3318
-92.8125 -59.9970 0.5275 0.2275 0.2451 0.00000 5.828 1500.0 12.0 0.0000 0.3464 40.02 0.3328
-90.0000 -59.9970 0.4601 0.2699 0.2700 0.00000 6.698 1500.0 12.0 0.0000 0.2490 30.20 0.3113
-87.1875 -59.9970 0.3737 0.2978 0.3285 0.00000 6.377 1500.0 12.0 0.0000 0.3070 40.09 0.2778
-84.3750 -59.9970 0.2943 0.3207 0.3850 0.00000 6.308 1500.0 12.0 0.0000 0.3301 45.98 0.2555
-81.5625 -59.9970 0.3621 0.2902 0.3477 0.00000 6.078 1500.0 12.0 0.0000 0.4586 60.82 0.2655
-78.7500 -59.9970 0.6041 0.1809 0.2150 0.00000 5.923 1500.0 12.0 0.0000 1.1004 119.74 0.2493
-56.2500 -59.9970 0.4222 0.2437 0.3341 0.00000 6.797 1500.0 12.0 0.0000 1.1989 153.51 0.1054
-53.4375 -59.9970 0.3279 0.2881 0.3840 0.00000 6.628 1500.0 12.0 0.0000 1.2805 175.69 0.1402
-50.6250 -59.9970 0.3050 0.3086 0.3864 0.00000 6.416 1500.0 12.0 0.0000 0.6801 94.36 0.2065
-47.8125 -59.9970 0.3275 0.3116 0.3609 0.00000 6.524 1500.0 12.0 0.0000 0.3690 50.04 0.2598
-45.0000 -59.9970 0.3265 0.3169 0.3566 0.00000 6.248 1500.0 12.0 0.0000 0.2550 34.52 0.3009
-42.1875 -59.9970 0.2985 0.3309 0.3707 0.00000 5.957 1500.0 12.0 0.0000 0.2204 30.42 0.3345
-39.3750 -59.9970 0.2678 0.3493 0.3829 0.00000 5.814 1500.0 12.0 0.0000 0.2112 29.73 0.3700
-36.5625 -59.9970 0.3845 0.3002 0.3153 0.00000 5.590 1500.0 12.0 0.0000 0.2749 35.46 0.4036
-33.7500 -59.9970 0.4713 0.2694 0.2592 0.00000 5.897 1500.0 12.0 0.0000 0.2378 28.50 0.4288
-2.8125 -59.9970 0.5656 0.2216 0.2128 0.00000 6.075 1500.0 12.0 0.0000 4.1900 464.91 0.3856
64.6875 -62.7874 0.4545 0.2562 0.2893 0.00000 6.621 1500.0 12.0 0.0000 0.7570 93.10 0.2564
67.5000 -62.7874 0.3311 0.3286 0.3402 0.00000 7.733 1500.0 12.0 0.0000 0.7468 100.03 0.2477
70.3125 -62.7874 0.2561 0.3536 0.3903 0.00000 7.720 1500.0 12.0 0.0000 0.8378 118.93 0.2112
73.1250 -62.7874 0.2790 0.3195 0.4014 0.00000 6.728 1500.0 12.0 0.0000 1.5677 221.61 0.1692
75.9375 -62.7874 0.4335 0.2493 0.3171 0.00000 7.276 1500.0 12.0 0.0000 1.8547 234.04 0.1256
78.7500 -62.7874 0.4294 0.2537 0.3169 0.00000 8.081 1500.0 12.0 0.0000 1.3438 169.88 0.0790
81.5625 -62.7874 0.3745 0.2785 0.3471 0.00000 8.355 1500.0 12.0 0.0000 0.8147 107.40 0.0628
84.3750 -62.7874 0.4950 0.2104 0.2946 0.00000 7.360 1500.0 12.0 0.0000 1.6939 204.83 0.0628
95.6250 -62.7874 0.6050 0.1776 0.2174 0.00000 6.163 1500.0 12.0 0.0000 0.7511 81.80 0.1984
98.4375 -62.7874 0.6521 0.1495 0.1984 0.00000 5.646 1500.0 12.0 0.0000 1.5354 160.85 0.2182
101.2500 -62.7874 0.4329 0.2469 0.3202 0.00000 5.748 1500.0 12.0 0.0000 0.8077 102.12 0.2270
104.0625 -62.7874 0.3200 0.3120 0.3680 0.00000 6.576 1500.0 12.0 0.0000 0.4578 62.52 0.2324
106.8750 -62.7874 0.4577 0.2474 0.2949 0.00000 6.327 1500.0 12.0 0.0000 0.6763 83.31 0.2365
109.6875 -62.7874 0.4295 0.2691 0.3014 0.00000 6.731 1500.0 12.0 0.0000 0.4688 58.75 0.2448
112.5000 -62.7874 0.3749 0.2935 0.3316 0.00000 6.856 1500.0 12.0 0.0000 0.4136 54.07 0.2467
151.8750 -62.7874 0.5090 0.2180 0.2730 0.00000 5.833 1500.0 12.0 0.0000 0.5037 59.73 0.2202
154.6875 -62.7874 0.4180 0.2599 0.3221 0.00000 6.269 1500.0 12.0 0.0000 0.2300 29.32 0.2038
157.5000 -62.7874 0.3149 0.3086 0.3765 0.00000 6.650 1500.0 12.0 0.0000 0.1637 22.50 0.1948
160.3125 -62.7874 0.2753 0.3375 0.3872 0.00000 7.323 1500.0 12.0 0.0000 0.1216 17.10 0.1891
163.1250 -62.7874 0.5203 0.2124 0.2673 0.00000 6.286 1500.0 12.0 0.0000 0.2674 31.41 0.1895
165.9375 -62.7874 0.5528 0.1998 0.2474 0.00000 6.417 1500.0 12.0 0.0000 0.2793 31.88 0.1944
168.7500 -62.7874 0.4033 0.2799 0.3168 0.00000 7.094 1500.0 12.0 0.0000 0.1989 25.46 0.2041
171.5625 -62.7874 0.3802 0.2902 0.3296 0.00000 7.241 1500.0 12.0 0.0000 0.1928 25.12 0.2085
174.3750 -62.7874 0.5588 0.1899 0.2513 0.00000 6.017 1500.0 12.0 0.0000 0.4546 51.86 0.2043
177.1875 -62.7874 0.4621 0.2445 0.2935 0.00000 6.955 1500.0 12.0 0.0000 0.5150 63.26 0.1887
180.0000 -62.7874 0.4812 0.2382 0.2806 0.00000 7.257 1500.0 12.0 0.0000 0.5847 70.62 0.1589
-177.1875 -62.7874 0.5896 0.1676 0.2427 0.00000 6.526 1500.0 12.0 0.0000 0.7892 88.08 0.1271
-174.3750 -62.7874 0.4336 0.2421 0.3243 0.00000 7.151 1500.0 12.0 0.0000 0.5665 71.76 0.1010
-171.5625 -62.7874 0.3270 0.3078 0.3652 0.00000 8.030 1500.0 12.0 0.0000 0.5354 72.78 0.0907
-168.7500 -62.7874 0.3754 0.2800 0.3446 0.00000 7.953 1500.0 12.0 0.0000 1.0096 132.87 0.0961
-165.9375 -62.7874 0.3704 0.2899 0.3396 0.00000 7.710 1500.0 12.0 0.0000 1.4500 190.74 0.1283
-163.1250 -62.7874 0.4091 0.2655 0.3253 0.00000 6.901 1500.0 12.0 0.0000 1.6713 214.30 0.1707
-160.3125 -62.7874 0.4080 0.2815 0.3104 0.00000 6.900 1500.0 12.0 0.0000 0.9791 124.59 0.2239
-157.5000 -62.7874 0.4004 0.2970 0.3025 0.00000 6.817 1500.0 12.0 0.0000 0.7153 90.96 0.2719
-149.0625 -62.7874 0.4937 0.2595 0.2467 0.00000 6.149 1500.0 12.0 0.0000 0.6583 77.44 0.3424
-146.2500 -62.7874 0.4398 0.2751 0.2851 0.00000 6.072 1500.0 12.0 0.0000 0.4228 52.25 0.3277
-143.4375 -62.7874 0.3818 0.2874 0.3308 0.00000 5.764 1500.0 12.0 0.0000 0.3302 43.01 0.3101
-140.6250 -62.7874 0.3039 0.3441 0.3520 0.00000 7.071 1500.0 12.0 0.0000 0.2176 29.68 0.2905
-137.8125 -62.7874 0.3805 0.3043 0.3152 0.00000 6.829 1500.0 12.0 0.0000 0.3540 45.75 0.2682
-135.0000 -62.7874 0.2569 0.3775 0.3656 0.00000 8.525 1500.0 12.0 0.0000 0.2028 28.42 0.2542
-132.1875 -62.7874 0.3619 0.3117 0.3263 0.00000 7.793 1500.0 12.0 0.0000 0.3501 45.91 0.2324
-129.3750 -62.7874 0.4758 0.2396 0.2847 0.00000 6.691 1500.0 12.0 0.0000 0.6940 84.24 0.2132
-126.5625 -62.7874 0.4463 0.2514 0.3024 0.00000 6.875 1500.0 12.0 0.0000 0.9903 123.19 0.1994
-123.7500 -62.7874 0.3720 0.2988 0.3292 0.00000 7.614 1500.0 12.0 0.0000 0.7675 100.33 0.1901
-120.9375 -62.7874 0.3907 0.2830 0.3263 0.00000 7.234 1500.0 12.0 0.0000 0.7292 94.35 0.1824
-118.1250 -62.7874 0.4159 0.2709 0.3132 0.00000 7.290 1500.0 12.0 0.0000 0.6947 88.20 0.1794
-115.3125 -62.7874 0.5847 0.1783 0.2369 0.00000 6.471 1500.0 12.0 0.0000 1.0399 115.95 0.1703
-112.5000 -62.7874 0.5873 0.1762 0.2364 0.00000 6.466 1500.0 12.0 0.0000 1.1870 132.13 0.1631
-109.6875 -62.7874 0.5115 0.2139 0.2746 0.00000 6.870 1500.0 12.0 0.0000 1.4053 166.58 0.1575
-106.8750 -62.7874 0.5527 0.1865 0.2607 0.00000 6.502 1500.0 12.0 0.0000 1.4317 164.77 0.1374
-104.0625 -62.7874 0.5121 0.2097 0.2782 0.00000 6.901 1500.0 12.0 0.0000 1.5738 186.89 0.1365
-101.2500 -62.7874 0.5280 0.2006 0.2714 0.00000 6.696 1500.0 12.0 0.0000 1.8369 215.51 0.1414
-98.4375 -62.7874 0.3773 0.2883 0.3344 0.00000 7.788 1500.0 12.0 0.0000 0.7075 92.51 0.1563
-95.6250 -62.7874 0.4492 0.2427 0.3081 0.00000 6.899 1500.0 12.0 0.0000 0.4224 52.64 0.1633
-92.8125 -62.7874 0.4691 0.2361 0.2947 0.00000 6.945 1500.0 12.0 0.0000 0.3234 39.61 0.1650
-90.0000 -62.7874 0.5329 0.2068 0.2604 0.00000 7.039 1500.0 12.0 0.0000 0.4300 49.98 0.1471
-87.1875 -62.7874 0.4362 0.2288 0.3350 0.00000 6.624 1500.0 12.0 0.0000 0.3831 48.75 0.0991
-84.3750 -62.7874 0.3001 0.2922 0.4077 0.00000 7.058 1500.0 12.0 0.0000 0.2501 35.15 0.0875
-81.5625 -62.7874 0.3155 0.2937 0.3908 0.00000 7.482 1500.0 12.0 0.0000 0.2339 32.38 0.0765
-78.7500 -62.7874 0.4591 0.2212 0.3197 0.00000 6.670 1500.0 12.0 0.0000 0.8199 102.35 0.0860
-59.0625 -62.7874 0.4333 0.2259 0.3408 0.00000 6.758 1500.0 12.0 0.0000 0.8083 103.35 0.0628
-56.2500 -62.7874 0.3895 0.2528 0.3578 0.00000 7.170 1500.0 12.0 0.0000 0.4348 57.26 0.0628
-53.4375 -62.7874 0.3989 0.2431 0.3581 0.00000 6.974 1500.0 12.0 0.0000 0.2986 39.16 0.0628
-50.6250 -62.7874 0.4353 0.2375 0.3272 0.00000 7.284 1500.0 12.0 0.0000 0.2382 30.20 0.0628
-47.8125 -62.7874 0.5252 0.1964 0.2784 0.00000 7.128 1500.0 12.0 0.0000 0.4595 54.21 0.0830
-45.0000 -62.7874 0.3551 0.3017 0.3432 0.00000 7.410 1500.0 12.0 0.0000 0.2686 35.65 0.1785
-42.1875 -62.7874 0.2655 0.3506 0.3839 0.00000 7.395 1500.0 12.0 0.0000 0.2351 33.13 0.2316
-39.3750 -62.7874 0.2725 0.3326 0.3950 0.00000 6.124 1500.0 12.0 0.0000 0.2064 29.17 0.2679
-36.5625 -62.7874 0.3272 0.3230 0.3499 0.00000 6.204 1500.0 12.0 0.0000 0.2968 40.03 0.3179
-33.7500 -62.7874 0.3860 0.2958 0.3182 0.00000 5.769 1500.0 12.0 0.0000 0.5091 65.73 0.3655
-30.9375 -62.7874 0.4008 0.3003 0.2989 0.00000 5.827 1500.0 12.0 0.0000 0.3975 50.43 0.4100
-28.1250 -62.7874 0.3116 0.3537 0.3347 0.00000 6.219 1500.0 12.0 0.0000 0.3012 40.58 0.4427
-25.3125 -62.7874 0.3179 0.3564 0.3256 0.00000 6.113 1500.0 12.0 0.0000 0.3061 40.93 0.4708
-22.5000 -62.7874 0.3168 0.3651 0.3181 0.00000 6.420 1500.0 12.0 0.0000 0.2495 33.24 0.4834
-19.6875 -62.7874 0.4760 0.2875 0.2364 0.00000 5.808 1500.0 12.0 0.0000 0.4240 50.02 0.4834
-14.0625 -62.7874 0.4611 0.2746 0.2643 0.00000 5.513 1500.0 12.0 0.0000 0.3884 46.93 0.4529
-11.2500 -62.7874 0.5018 0.2504 0.2478 0.00000 5.591 1500.0 12.0 0.0000 0.3994 46.82 0.4373
-8.4375 -62.7874 0.5753 0.2187 0.2060 0.00000 5.686 1500.0 12.0 0.0000 1.3395 147.21 0.4108
-5.6250 -62.7874 0.5711 0.2133 0.2156 0.00000 5.896 1500.0 12.0 0.0000 2.0546 227.70 0.3659
-2.8125 -62.7874 0.5036 0.2432 0.2532 0.00000 6.498 1500.0 12.0 0.0000 2.6169 307.51 0.3153
61.8750 -65.5776 0.4188 0.2797 0.3015 0.00000 6.608 1500.0 12.0 0.0000 0.5909 74.44 0.3003
64.6875 -65.5776 0.4638 0.2447 0.2915 0.00000 6.171 1500.0 12.0 0.0000 0.5591 68.54 0.2721
67.5000 -65.5776 0.4208 0.2750 0.3041 0.00000 6.787 1500.0 12.0 0.0000 0.8222 103.63 0.2376
70.3125 -65.5776 0.2646 0.3434 0.3920 0.00000 7.290 1500.0 12.0 0.0000 0.8057 114.05 0.1993
73.1250 -65.5776 0.2673 0.3388 0.3939 0.00000 7.537 1500.0 12.0 0.0000 1.1151 157.83 0.1545
75.9375 -65.5776 0.3680 0.2774 0.3546 0.00000 7.414 1500.0 12.0 0.0000 1.2434 165.05 0.1021
78.7500 -65.5776 0.3488 0.3004 0.3507 0.00000 8.734 1500.0 12.0 0.0000 0.5129 68.53 0.0628
81.5625 -65.5776 0.3411 0.3008 0.3581 0.00000 8.888 1500.0 12.0 0.0000 0.6312 84.96 0.0628
84.3750 -65.5776 0.5482 0.1851 0.2667 0.00000 7.367 1500.0 12.0 0.0000 1.8045 208.93 0.0628
87.1875 -65.5776 0.5972 0.1554 0.2474 0.00000 6.748 1500.0 12.0 0.0000 0.9834 109.64 0.0647
95.6250 -65.5776 0.4861 0.2318 0.2821 0.00000 6.581 1500.0 12.0 0.0000 0.3818 46.04 0.1882
98.4375 -65.5776 0.5285 0.2257 0.2458 0.00000 6.536 1500.0 12.0 0.0000 0.4921 56.83 0.2110
101.2500 -65.5776 0.5133 0.2248 0.2620 0.00000 6.336 1500.0 12.0 0.0000 0.5450 64.06 0.2230
104.0625 -65.5776 0.3007 0.3206 0.3786 0.00000 6.508 1500.0 12.0 0.0000 0.3761 52.08 0.2311
106.8750 -65.5776 0.3122 0.3195 0.3682 0.00000 6.692 1500.0 12.0 0.0000 0.3447 47.24 0.2356
109.6875 -65.5776 0.3458 0.2935 0.3607 0.00000 6.102 1500.0 12.0 0.0000 0.5310 71.42 0.2293
112.5000 -65.5776 0.4086 0.2710 0.3204 0.00000 6.578 1500.0 12.0 0.0000 0.6085 77.83 0.2118
115.3125 -65.5776 0.2371 0.4576 0.3053 0.00000 6.475 1500.0 12.0 0.0000 0.5928 81.30 0.1949
120.9375 -65.5776 0.0710 0.6270 0.3020 0.00000 6.795 1500.0 12.0 0.0000 0.6863 100.80 0.1726
123.7500 -65.5776 0.0769 0.6164 0.3067 0.00000 6.997 1500.0 12.0 0.0000 1.1235 165.00 0.1425
151.8750 -65.5776 0.4515 0.2536 0.2948 0.00000 6.604 1500.0 12.0 0.0000 0.2885 35.64 0.2068
154.6875 -65.5776 0.4046 0.2837 0.3117 0.00000 7.313 1500.0 12.0 0.0000 0.1309 16.69 0.2021
157.5000 -65.5776 0.3585 0.2965 0.3450 0.00000 7.098 1500.0 12.0 0.0000 0.1121 14.87 0.2055
160.3125 -65.5776 0.2981 0.3209 0.3810 0.00000 6.549 1500.0 12.0 0.0000 0.1199 16.64 0.2102
163.1250 -65.5776 0.4090 0.2758 0.3152 0.00000 6.971 1500.0 12.0 0.0000 0.1356 17.29 0.2082
165.9375 -65.5776 0.6109 0.1710 0.2181 0.00000 6.042 1500.0 12.0 0.0000 0.3845 41.76 0.2018
168.7500 -65.5776 0.5334 0.2143 0.2523 0.00000 6.519 1500.0 12.0 0.0000 0.2004 23.18 0.1983
171.5625 -65.5776 0.5018 0.2238 0.2744 0.00000 6.571 1500.0 12.0 0.0000 0.2089 24.88 0.1856
174.3750 -65.5776 0.4104 0.2654 0.3242 0.00000 7.286 1500.0 12.0 0.0000 0.2256 28.89 0.1472
177.1875 -65.5776 0.3209 0.3140 0.3651 0.00000 8.614 1500.0 12.0 0.0000 0.3346 45.61 0.0963
180.0000 -65.5776 0.4326 0.2418 0.3257 0.00000 7.532 1500.0 12.0 0.0000 0.2088 26.49 0.0628
-177.1875 -65.5776 0.3379 0.2989 0.3632 0.00000 8.598 1500.0 12.0 0.0000 0.1894 25.60 0.0628
-174.3750 -65.5776 0.4706 0.2236 0.3058 0.00000 7.501 1500.0 12.0 0.0000 0.2349 28.93 0.0628
-171.5625 -65.5776 0.5944 0.1611 0.2446 0.00000 7.047 1500.0 12.0 0.0000 0.5214 58.11 0.0628
-168.7500 -65.5776 0.6226 0.1446 0.2328 0.00000 6.942 1500.0 12.0 0.0000 0.9304 101.35 0.0628
-165.9375 -65.5776 0.6102 0.1537 0.2361 0.00000 6.959 1500.0 12.0 0.0000 1.9249 211.57 0.0711
-163.1250 -65.5776 0.4812 0.2325 0.2863 0.00000 7.101 1500.0 12.0 0.0000 1.0577 128.16 0.1600
-160.3125 -65.5776 0.4051 0.2773 0.3176 0.00000 6.803 1500.0 12.0 0.0000 0.4328 55.37 0.2402
-157.5000 -65.5776 0.3684 0.3013 0.3303 0.00000 6.561 1500.0 12.0 0.0000 0.2584 33.85 0.3100
-154.6875 -65.5776 0.4104 0.2740 0.3156 0.00000 5.729 1500.0 12.0 0.0000 0.2207 28.14 0.3517
-151.8750 -65.5776 0.3993 0.2953 0.3055 0.00000 5.885 1500.0 12.0 0.0000 0.2868 36.54 0.3661
-149.0625 -65.5776 0.3231 0.3247 0.3523 0.00000 5.797 1500.0 12.0 0.0000 0.3070 41.53 0.3663
-146.2500 -65.5776 0.3084 0.3319 0.3597 0.00000 5.769 1500.0 12.0 0.0000 0.3204 43.79 0.3516
-143.4375 -65.5776 0.3422 0.3271 0.3307 0.00000 6.478 1500.0 12.0 0.0000 0.4060 53.84 0.3256
-140.6250 -65.5776 0.3666 0.3148 0.3185 0.00000 7.003 1500.0 12.0 0.0000 0.2548 33.21 0.2930
-137.8125 -65.5776 0.5031 0.2290 0.2679 0.00000 6.096 1500.0 12.0 0.0000 0.3048 36.14 0.2575
-135.0000 -65.5776 0.2755 0.3601 0.3644 0.00000 8.373 1500.0 12.0 0.0000 0.1966 27.33 0.2304
-132.1875 -65.5776 0.3062 0.3386 0.3552 0.00000 8.311 1500.0 12.0 0.0000 0.2876 39.25 0.1999
-129.3750 -65.5776 0.3949 0.2848 0.3203 0.00000 7.744 1500.0 12.0 0.0000 0.4049 52.12 0.1690
-126.5625 -65.5776 0.3500 0.3062 0.3437 0.00000 8.505 1500.0 12.0 0.0000 0.5784 76.96 0.1321
-123.7500 -65.5776 0.2475 0.3575 0.3949 0.00000 9.490 1500.0 12.0 0.0000 0.4951 70.70 0.0895
-120.9375 -65.5776 0.3118 0.3168 0.3714 0.00000 8.868 1500.0 12.0 0.0000 0.3494 47.97 0.0763
-118.1250 -65.5776 0.3211 0.3117 0.3672 0.00000 8.842 1500.0 12.0 0.0000 0.3114 42.48 0.0734
-115.3125 -65.5776 0.3329 0.3039 0.3632 0.00000 8.584 1500.0 12.0 0.0000 0.3664 49.63 0.0798
-112.5000 -65.5776 0.3868 0.2717 0.3415 0.00000 7.974 1500.0 12.0 0.0000 0.4801 62.74 0.0822
-109.6875 -65.5776 0.4039 0.2613 0.3348 0.00000 7.789 1500.0 12.0 0.0000 0.7112 91.88 0.0767
-106.8750 -65.5776 0.3750 0.2799 0.3450 0.00000 8.120 1500.0 12.0 0.0000 1.0565 139.09 0.0714
-104.0625 -65.5776 0.4112 0.2590 0.3298 0.00000 7.733 1500.0 12.0 0.0000 0.9538 122.48 0.0628
-101.2500 -65.5776 0.3997 0.2629 0.3374 0.00000 7.895 1500.0 12.0 0.0000 1.7233 223.41 0.0628
-98.4375 -65.5776 0.4718 0.2182 0.3100 0.00000 7.098 1500.0 12.0 0.0000 0.7325 90.39 0.0628
-95.6250 -65.5776 0.3578 0.2869 0.3553 0.00000 8.373 1500.0 12.0 0.0000 0.3942 52.59 0.0628
-92.8125 -65.5776 0.3829 0.2760 0.3412 0.00000 8.183 1500.0 12.0 0.0000 0.2297 30.07 0.0628
-90.0000 -65.5776 0.5384 0.1864 0.2752 0.00000 6.939 1500.0 12.0 0.0000 0.2008 23.49 0.0628
-87.1875 -65.5776 0.5128 0.2057 0.2815 0.00000 7.527 1500.0 12.0 0.0000 0.2103 25.01 0.0628
-84.3750 -65.5776 0.5498 0.1764 0.2738 0.00000 6.927 1500.0 12.0 0.0000 0.3643 42.32 0.0628
-81.5625 -65.5776 0.3819 0.2648 0.3533 0.00000 7.610 1500.0 12.0 0.0000 0.2740 36.11 0.0628
-78.7500 -65.5776 0.2739 0.3317 0.3944 0.00000 8.577 1500.0 12.0 0.0000 0.2587 36.52 0.0628
-75.9375 -65.5776 0.3419 0.2755 0.3825 0.00000 7.278 1500.0 12.0 0.0000 0.5684 77.45 0.0628
-73.1250 -65.5776 0.4107 0.2544 0.3349 0.00000 7.434 1500.0 12.0 0.0000 0.5820 74.96 0.0628
-70.3125 -65.5776 0.3926 0.2564 0.3510 0.00000 7.297 1500.0 12.0 0.0000 0.5262 68.94 0.0628
-67.5000 -65.5776 0.4253 0.2305 0.3441 0.00000 6.752 1500.0 12.0 0.0000 0.5646 72.59 0.0628
-64.6875 -65.5776 0.4486 0.2217 0.3297 0.00000 6.778 1500.0 12.0 0.0000 1.3148 165.88 0.0628
-59.0625 -65.5776 0.4653 0.2142 0.3206 0.00000 6.768 1500.0 12.0 0.0000 0.6803 84.71 0.0628
-56.2500 -65.5776 0.5630 0.1678 0.2692 0.00000 6.661 1500.0 12.0 0.0000 0.7449 85.71 0.0628
-53.4375 -65.5776 0.5534 0.1857 0.2609 0.00000 7.191 1500.0 12.0 0.0000 0.4134 47.57 0.0628
-50.6250 -65.5776 0.3946 0.2944 0.3110 0.00000 8.361 1500.0 12.0 0.0000 0.1838 23.54 0.0628
-47.8125 -65.5776 0.5152 0.2111 0.2737 0.00000 7.580 1500.0 12.0 0.0000 0.1936 22.90 0.0628
-45.0000 -65.5776 0.4673 0.2448 0.2880 0.00000 7.825 1500.0 12.0 0.0000 0.1213 14.81 0.0628
-42.1875 -65.5776 0.4336 0.2475 0.3189 0.00000 7.428 1500.0 12.0 0.0000 0.0782 10.00 0.0628
-39.3750 -65.5776 0.3446 0.2945 0.3609 0.00000 7.643 1500.0 12.0 0.0000 0.0768 10.33 0.0628
-36.5625 -65.5776 0.3500 0.2776 0.3724 0.00000 7.200 1500.0 12.0 0.0000 0.2415 32.62 0.0978
-33.7500 -65.5776 0.2812 0.3201 0.3987 0.00000 6.644 1500.0 12.0 0.0000 0.2268 31.99 0.1894
-30.9375 -65.5776 0.2708 0.3387 0.3906 0.00000 6.922 1500.0 12.0 0.0000 0.1753 24.73 0.2509
-28.1250 -65.5776 0.2721 0.3620 0.3660 0.00000 7.024 1500.0 12.0 0.0000 0.2716 37.83 0.2980
-25.3125 -65.5776 0.2715 0.3518 0.3767 0.00000 6.313 1500.0 12.0 0.0000 0.5177 72.52 0.3285
-22.5000 -65.5776 0.2544 0.3614 0.3842 0.00000 6.370 1500.0 12.0 0.0000 0.2650 37.53 0.3446
-19.6875 -65.5776 0.2829 0.3385 0.3786 0.00000 5.747 1500.0 12.0 0.0000 0.2593 36.18 0.3458
-16.8750 -65.5776 0.3168 0.3211 0.3621 0.00000 5.880 1500.0 12.0 0.0000 0.2649 36.12 0.3370
-14.0625 -65.5776 0.2916 0.3295 0.3789 0.00000 5.825 1500.0 12.0 0.0000 0.3200 44.48 0.3280
-11.2500 -65.5776 0.3413 0.3114 0.3473 0.00000 6.226 1500.0 12.0 0.0000 0.3348 44.81 0.3200
-8.4375 -65.5776 0.5278 0.2263 0.2459 0.00000 6.076 1500.0 12.0 0.0000 0.9152 105.75 0.3104
50.6250 -68.3678 0.3427 0.3368 0.3205 0.00000 7.625 1500.0 12.0 0.0000 0.5475 72.21 0.3193
53.4375 -68.3678 0.2900 0.3424 0.3677 0.00000 7.114 1500.0 12.0 0.0000 0.4907 67.88 0.2942
56.2500 -68.3678 0.2722 0.3392 0.3886 0.00000 6.663 1500.0 12.0 0.0000 0.5042 71.03 0.2936
59.0625 -68.3678 0.2658 0.3448 0.3894 0.00000 6.625 1500.0 12.0 0.0000 0.6114 86.40 0.2791
61.8750 -68.3678 0.2880 0.3280 0.3840 0.00000 6.512 1500.0 12.0 0.0000 0.9751 136.12 0.2536
64.6875 -68.3678 0.2911 0.3365 0.3724 0.00000 7.410 1500.0 12.0 0.0000 1.1275 156.28 0.2233
67.5000 -68.3678 0.2600 0.3440 0.3960 0.00000 7.606 1500.0 12.0 0.0000 1.1922 169.43 0.1788
70.3125 -68.3678 0.2706 0.3306 0.3989 0.00000 7.371 1500.0 12.0 0.0000 1.2837 181.88 0.1303
73.1250 -68.3678 0.3495 0.2658 0.3847 0.00000 6.908 1500.0 12.0 0.0000 0.8227 111.85 0.0628
75.9375 -68.3678 0.4232 0.2511 0.3257 0.00000 7.840 1500.0 12.0 0.0000 0.5228 66.61 0.0628
78.7500 -68.3678 0.4384 0.2408 0.3208 0.00000 7.546 1500.0 12.0 0.0000 0.4673 58.95 0.0628
81.5625 -68.3678 0.4222 0.2491 0.3287 0.00000 7.640 1500.0 12.0 0.0000 0.6180 78.90 0.0628
84.3750 -68.3678 0.3716 0.2786 0.3498 0.00000 8.212 1500.0 12.0 0.0000 0.9194 121.53 0.0628
87.1875 -68.3678 0.3203 0.3095 0.3701 0.00000 8.785 1500.0 12.0 0.0000 0.5255 71.83 0.0628
90.0000 -68.3678 0.2988 0.3276 0.3736 0.00000 8.994 1500.0 12.0 0.0000 0.3393 46.90 0.0628
92.8125 -68.3678 0.3757 0.2768 0.3475 0.00000 8.230 1500.0 12.0 0.0000 0.3038 40.04 0.0628
95.6250 -68.3678 0.5388 0.1884 0.2728 0.00000 7.239 1500.0 12.0 0.0000 0.4520 52.78 0.0628
98.4375 -68.3678 0.4533 0.2247 0.3220 0.00000 6.823 1500.0 12.0 0.0000 0.6313 79.13 0.0847
101.2500 -68.3678 0.3498 0.2705 0.3797 0.00000 6.564 1500.0 12.0 0.0000 0.6128 83.09 0.1099
104.0625 -68.3678 0.2946 0.3026 0.4028 0.00000 6.810 1500.0 12.0 0.0000 0.4030 56.63 0.1236
106.8750 -68.3678 0.3020 0.2989 0.3990 0.00000 6.893 1500.0 12.0 0.0000 0.4471 62.51 0.1292
109.6875 -68.3678 0.3883 0.2681 0.3435 0.00000 7.257 1500.0 12.0 0.0000 0.6076 79.44 0.1264
112.5000 -68.3678 0.5562 0.1818 0.2620 0.00000 6.682 1500.0 12.0 0.0000 1.1334 130.31 0.1075
149.0625 -68.3678 0.4823 0.2100 0.3077 0.00000 6.657 1500.0 12.0 0.0000 0.5356 65.66 0.0921
151.8750 -68.3678 0.3573 0.2867 0.3560 0.00000 7.565 1500.0 12.0 0.0000 0.2779 37.09 0.1219
154.6875 -68.3678 0.3109 0.3175 0.3716 0.00000 7.972 1500.0 12.0 0.0000 0.1342 18.44 0.1423
157.5000 -68.3678 0.3177 0.3186 0.3637 0.00000 7.919 1500.0 12.0 0.0000 0.1060 14.45 0.1556
160.3125 -68.3678 0.4032 0.2660 0.3308 0.00000 6.982 1500.0 12.0 0.0000 0.1043 13.45 0.1622
163.1250 -68.3678 0.5771 0.1813 0.2416 0.00000 6.600 1500.0 12.0 0.0000 0.1854 20.82 0.1507
165.9375 -68.3678 0.6359 0.1455 0.2186 0.00000 6.449 1500.0 12.0 0.0000 0.3532 37.84 0.1231
168.7500 -68.3678 0.5425 0.1938 0.2638 0.00000 7.358 1500.0 12.0 0.0000 0.2539 29.43 0.0869
171.5625 -68.3678 0.4015 0.2656 0.3329 0.00000 8.325 1500.0 12.0 0.0000 0.1133 14.64 0.0628
174.3750 -68.3678 0.3599 0.2856 0.3545 0.00000 8.351 1500.0 12.0 0.0000 0.1253 16.69 0.0628
177.1875 -68.3678 0.4054 0.2582 0.3364 0.00000 7.840 1500.0 12.0 0.0000 0.1930 24.94 0.0628
180.0000 -68.3678 0.4042 0.2589 0.3369 0.00000 7.854 1500.0 12.0 0.0000 0.2165 28.00 0.0628
-177.1875 -68.3678 0.4905 0.2069 0.3025 0.00000 6.887 1500.0 12.0 0.0000 0.2486 30.26 0.0628
-174.3750 -68.3678 0.4879 0.2085 0.3036 0.00000 6.917 1500.0 12.0 0.0000 0.2770 33.79 0.0628
-171.5625 -68.3678 0.4237 0.2478 0.3286 0.00000 7.686 1500.0 12.0 0.0000 0.3353 42.77 0.0628
-168.7500 -68.3678 0.3015 0.3245 0.3740 0.00000 9.165 1500.0 12.0 0.0000 0.4878 67.36 0.0628
-165.9375 -68.3678 0.2698 0.3406 0.3897 0.00000 9.405 1500.0 12.0 0.0000 0.3887 54.84 0.0628
-163.1250 -68.3678 0.2713 0.3412 0.3875 0.00000 9.392 1500.0 12.0 0.0000 0.3635 51.20 0.0696
-160.3125 -68.3678 0.3371 0.3177 0.3452 0.00000 8.582 1500.0 12.0 0.0000 0.5528 74.05 0.1411
-157.5000 -68.3678 0.3900 0.2952 0.3148 0.00000 7.845 1500.0 12.0 0.0000 0.5206 66.97 0.2038
-154.6875 -68.3678 0.4922 0.2395 0.2683 0.00000 6.723 1500.0 12.0 0.0000 0.4315 51.46 0.2392
-151.8750 -68.3678 0.5490 0.2027 0.2483 0.00000 5.669 1500.0 12.0 0.0000 0.5262 60.21 0.2594
-149.0625 -68.3678 0.4520 0.2463 0.3017 0.00000 5.721 1500.0 12.0 0.0000 0.2576 31.94 0.2662
-146.2500 -68.3678 0.4682 0.2523 0.2795 0.00000 6.290 1500.0 12.0 0.0000 0.1648 20.02 0.2658
-143.4375 -68.3678 0.4889 0.2398 0.2713 0.00000 6.541 1500.0 12.0 0.0000 0.1281 15.32 0.2534
-140.6250 -68.3678 0.5185 0.2155 0.2661 0.00000 6.161 1500.0 12.0 0.0000 0.1219 14.32 0.2319
-137.8125 -68.3678 0.4120 0.2694 0.3187 0.00000 6.944 1500.0 12.0 0.0000 0.1204 15.37 0.2058
-135.0000 -68.3678 0.3090 0.3298 0.3612 0.00000 8.346 1500.0 12.0 0.0000 0.1601 21.89 0.1667
-132.1875 -68.3678 0.2921 0.3328 0.3750 0.00000 8.882 1500.0 12.0 0.0000 0.3008 41.73 0.1078
-129.3750 -68.3678 0.2920 0.3266 0.3814 0.00000 9.100 1500.0 12.0 0.0000 0.1890 26.31 0.0628
-126.5625 -68.3678 0.3062 0.3180 0.3758 0.00000 8.948 1500.0 12.0 0.0000 0.2604 35.92 0.0628
-123.7500 -68.3678 0.3928 0.2657 0.3416 0.00000 7.981 1500.0 12.0 0.0000 0.2807 36.59 0.0628
-120.9375 -68.3678 0.3417 0.2994 0.3589 0.00000 8.527 1500.0 12.0 0.0000 0.2583 34.77 0.0628
-118.1250 -68.3678 0.3469 0.2940 0.3591 0.00000 8.488 1500.0 12.0 0.0000 0.2525 33.92 0.0628
-115.3125 -68.3678 0.3501 0.2914 0.3586 0.00000 8.453 1500.0 12.0 0.0000 0.2552 34.22 0.0635
-112.5000 -68.3678 0.3610 0.2870 0.3520 0.00000 8.309 1500.0 12.0 0.0000 0.3332 44.31 0.0654
-109.6875 -68.3678 0.4007 0.2636 0.3358 0.00000 7.853 1500.0 12.0 0.0000 0.5037 65.22 0.0662
-106.8750 -68.3678 0.4888 0.2088 0.3024 0.00000 6.879 1500.0 12.0 0.0000 0.9446 115.09 0.0662
-104.0625 -68.3678 0.4583 0.2268 0.3149 0.00000 7.185 1500.0 12.0 0.0000 1.6705 208.05 0.0666
-101.2500 -68.3678 0.4955 0.2039 0.3005 0.00000 6.778 1500.0 12.0 0.0000 1.5593 189.15 0.0672
-98.4375 -68.3678 0.4659 0.2227 0.3114 0.00000 7.119 1500.0 12.0 0.0000 1.0782 133.52 0.0669
-95.6250 -68.3678 0.4716 0.2195 0.3089 0.00000 7.064 1500.0 12.0 0.0000 0.7114 87.74 0.0668
-92.8125 -68.3678 0.4827 0.2123 0.3050 0.00000 6.947 1500.0 12.0 0.0000 0.4107 50.26 0.0654
-90.0000 -68.3678 0.4718 0.2199 0.3083 0.00000 7.066 1500.0 12.0 0.0000 0.2535 31.25 0.0636
-87.1875 -68.3678 0.4348 0.2439 0.3212 0.00000 7.539 1500.0 12.0 0.0000 0.2079 26.28 0.0628
-84.3750 -68.3678 0.5907 0.1573 0.2519 0.00000 6.699 1500.0 12.0 0.0000 0.3629 40.71 0.0628
-81.5625 -68.3678 0.6366 0.1367 0.2266 0.00000 6.780 1500.0 12.0 0.0000 0.5466 58.85 0.0628
-78.7500 -68.3678 0.5864 0.1650 0.2486 0.00000 7.174 1500.0 12.0 0.0000 0.5588 62.71 0.0628
-75.9375 -68.3678 0.5220 0.2008 0.2772 0.00000 7.468 1500.0 12.0 0.0000 0.6641 78.43 0.0628
-73.1250 -68.3678 0.5393 0.1879 0.2728 0.00000 7.223 1500.0 12.0 0.0000 0.9834 114.80 0.0628
-70.3125 -68.3678 0.5073 0.2096 0.2831 0.00000 7.564 1500.0 12.0 0.0000 1.6188 193.26 0.0628
-67.5000 -68.3678 0.4141 0.2559 0.3301 0.00000 7.995 1500.0 12.0 0.0000 1.2337 158.24 0.0628
-64.6875 -68.3678 0.4088 0.2602 0.3310 0.00000 7.958 1500.0 12.0 0.0000 1.2340 158.75 0.0628
-61.8750 -68.3678 0.5149 0.2028 0.2823 0.00000 7.558 1500.0 12.0 0.0000 1.4013 166.57 0.0628
-59.0625 -68.3678 0.6591 0.1252 0.2157 0.00000 6.666 1500.0 12.0 0.0000 2.7689 292.27 0.0628
-56.2500 -68.3678 0.6559 0.1240 0.2201 0.00000 6.482 1500.0 12.0 0.0000 1.3427 142.39 0.0628
-53.4375 -68.3678 0.5566 0.1740 0.2694 0.00000 6.739 1500.0 12.0 0.0000 0.4276 49.37 0.0628
-50.6250 -68.3678 0.4260 0.2465 0.3275 0.00000 7.631 1500.0 12.0 0.0000 0.2050 26.11 0.0628
-47.8125 -68.3678 0.2756 0.3530 0.3714 0.00000 9.164 1500.0 12.0 0.0000 0.1013 14.13 0.0628
-45.0000 -68.3678 0.3345 0.3136 0.3519 0.00000 8.534 1500.0 12.0 0.0000 0.0815 10.97 0.0628
-42.1875 -68.3678 0.4507 0.2389 0.3104 0.00000 7.268 1500.0 12.0 0.0000 0.0737 10.00 0.0628
-39.3750 -68.3678 0.4504 0.2373 0.3123 0.00000 7.342 1500.0 12.0 0.0000 0.0679 10.00 0.0628
-36.5625 -68.3678 0.4325 0.2467 0.3208 0.00000 7.653 1500.0 12.0 0.0000 0.0725 10.00 0.0628
-33.7500 -68.3678 0.4438 0.2496 0.3066 0.00000 7.655 1500.0 12.0 0.0000 0.0805 10.05 0.0628
-30.9375 -68.3678 0.4951 0.2144 0.2905 0.00000 7.299 1500.0 12.0 0.0000 0.1311 15.81 0.0628
-28.1250 -68.3678 0.5060 0.2139 0.2801 0.00000 7.104 1500.0 12.0 0.0000 0.3552 42.36 0.1240
-25.3125 -68.3678 0.4937 0.2292 0.2771 0.00000 6.651 1500.0 12.0 0.0000 0.3778 45.25 0.2000
-22.5000 -68.3678 0.3332 0.3245 0.3424 0.00000 7.290 1500.0 12.0 0.0000 0.3233 43.32 0.2394
-19.6875 -68.3678 0.2752 0.3588 0.3661 0.00000 7.574 1500.0 12.0 0.0000 0.3756 52.25 0.2528
-16.8750 -68.3678 0.2495 0.3618 0.3887 0.00000 7.391 1500.0 12.0 0.0000 0.4831 68.72 0.2558
-14.0625 -68.3678 0.2610 0.3487 0.3903 0.00000 6.614 1500.0 12.0 0.0000 0.8084 114.52 0.2601
-11.2500 -68.3678 0.3694 0.2993 0.3313 0.00000 6.615 1500.0 12.0 0.0000 0.5476 71.75 0.2679
-8.4375 -68.3678 0.5242 0.2201 0.2557 0.00000 6.050 1500.0 12.0 0.0000 0.6632 77.23 0.2819
42.1875 -71.1578 0.4739 0.2552 0.2708 0.00000 6.620 1500.0 12.0 0.0000 0.8234 99.24 0.3105
45.0000 -71.1578 0.4390 0.2670 0.2939 0.00000 6.334 1500.0 12.0 0.0000 0.8006 99.47 0.3026
47.8125 -71.1578 0.3286 0.3101 0.3613 0.00000 6.316 1500.0 12.0 0.0000 0.7916 107.32 0.2878
50.6250 -71.1578 0.2635 0.3466 0.3899 0.00000 6.846 1500.0 12.0 0.0000 0.8949 126.62 0.2696
53.4375 -71.1578 0.2700 0.3325 0.3976 0.00000 6.476 1500.0 12.0 0.0000 1.3681 193.76 0.2490
56.2500 -71.1578 0.3285 0.3149 0.3566 0.00000 7.121 1500.0 12.0 0.0000 1.0166 137.50 0.2198
59.0625 -71.1578 0.2895 0.3483 0.3622 0.00000 8.085 1500.0 12.0 0.0000 0.6675 92.10 0.1894
61.8750 -71.1578 0.4398 0.2422 0.3180 0.00000 6.920 1500.0 12.0 0.0000 1.0365 130.46 0.1339
64.6875 -71.1578 0.4314 0.2310 0.3376 0.00000 6.934 1500.0 12.0 0.0000 0.4593 58.68 0.0628
67.5000 -71.1578 0.3271 0.2894 0.3835 0.00000 7.672 1500.0 12.0 0.0000 0.2896 39.74 0.0628
70.3125 -71.1578 0.2890 0.3014 0.4096 0.00000 7.488 1500.0 12.0 0.0000 0.2917 41.23 0.0628
73.1250 -71.1578 0.3369 0.2825 0.3806 0.00000 7.590 1500.0 12.0 0.0000 0.3408 46.50 0.0628
75.9375 -71.1578 0.4703 0.2255 0.3042 0.00000 7.356 1500.0 12.0 0.0000 0.3919 48.23 0.0628
78.7500 -71.1578 0.4858 0.2115 0.3027 0.00000 7.052 1500.0 12.0 0.0000 0.6418 78.33 0.0628
81.5625 -71.1578 0.3511 0.2937 0.3552 0.00000 8.496 1500.0 12.0 0.0000 0.8496 113.68 0.0628
84.3750 -71.1578 0.2531 0.3545 0.3924 0.00000 9.500 1500.0 12.0 0.0000 1.2545 178.49 0.0628
87.1875 -71.1578 0.2643 0.3441 0.3916 0.00000 9.487 1500.0 12.0 0.0000 0.6616 93.65 0.0628
90.0000 -71.1578 0.3602 0.3050 0.3348 0.00000 8.718 1500.0 12.0 0.0000 0.5584 73.61 0.0628
92.8125 -71.1578 0.4784 0.2229 0.2988 0.00000 7.703 1500.0 12.0 0.0000 0.6085 74.37 0.0628
95.6250 -71.1578 0.6311 0.1346 0.2343 0.00000 6.517 1500.0 12.0 0.0000 1.4345 155.69 0.0628
98.4375 -71.1578 0.3876 0.2443 0.3681 0.00000 6.655 1500.0 12.0 0.0000 0.6843 90.67 0.0628
101.2500 -71.1578 0.2866 0.3010 0.4124 0.00000 7.287 1500.0 12.0 0.0000 0.3625 51.36 0.0628
104.0625 -71.1578 0.3008 0.2910 0.4081 0.00000 7.237 1500.0 12.0 0.0000 0.3119 43.82 0.0628
106.8750 -71.1578 0.3578 0.2811 0.3611 0.00000 8.056 1500.0 12.0 0.0000 0.2805 37.54 0.0628
109.6875 -71.1578 0.4508 0.2326 0.3166 0.00000 7.335 1500.0 12.0 0.0000 0.4692 58.71 0.0628
112.5000 -71.1578 0.3585 0.2876 0.3539 0.00000 8.042 1500.0 12.0 0.0000 0.5535 73.76 0.0628
115.3125 -71.1578 0.3982 0.2682 0.3336 0.00000 7.155 1500.0 12.0 0.0000 0.8195 106.09 0.0628
118.1250 -71.1578 0.3708 0.3058 0.3234 0.00000 6.800 1500.0 12.0 0.0000 0.9184 119.75 0.0628
146.2500 -71.1578 0.4988 0.1978 0.3035 0.00000 6.720 1500.0 12.0 0.0000 0.5308 64.39 0.0628
149.0625 -71.1578 0.3897 0.2466 0.3637 0.00000 6.824 1500.0 12.0 0.0000 0.4175 55.14 0.0628
151.8750 -71.1578 0.3360 0.2885 0.3755 0.00000 7.716 1500.0 12.0 0.0000 0.1632 22.21 0.0628
154.6875 -71.1578 0.2871 0.3042 0.4087 0.00000 7.657 1500.0 12.0 0.0000 0.1235 17.47 0.0628
157.5000 -71.1578 0.2996 0.2862 0.4141 0.00000 6.865 1500.0 12.0 0.0000 0.1371 19.34 0.0628
160.3125 -71.1578 0.3121 0.2948 0.3931 0.00000 7.614 1500.0 12.0 0.0000 0.1084 15.04 0.0628
163.1250 -71.1578 0.5222 0.1930 0.2847 0.00000 7.167 1500.0 12.0 0.0000 0.1788 21.20 0.0628
165.9375 -71.1578 0.5963 0.1607 0.2431 0.00000 7.112 1500.0 12.0 0.0000 0.2336 25.99 0.0628
168.7500 -71.1578 0.4673 0.2294 0.3033 0.00000 7.889 1500.0 12.0 0.0000 0.1622 19.98 0.0628
171.5625 -71.1578 0.3627 0.2890 0.3484 0.00000 8.754 1500.0 12.0 0.0000 0.1850 24.53 0.0628
174.3750 -71.1578 0.2692 0.3436 0.3872 0.00000 9.341 1500.0 12.0 0.0000 0.2395 33.75 0.0628
177.1875 -71.1578 0.3599 0.2869 0.3532 0.00000 8.340 1500.0 12.0 0.0000 0.3175 42.27 0.0628
180.0000 -71.1578 0.4726 0.2177 0.3097 0.00000 7.090 1500.0 12.0 0.0000 0.3471 42.81 0.0628
-177.1875 -71.1578 0.4468 0.2331 0.3200 0.00000 7.380 1500.0 12.0 0.0000 0.3204 40.24 0.0628
-174.3750 -71.1578 0.4702 0.2195 0.3103 0.00000 7.113 1500.0 12.0 0.0000 0.3438 42.46 0.0628
-171.5625 -71.1578 0.4688 0.2199 0.3113 0.00000 7.133 1500.0 12.0 0.0000 0.3995 49.40 0.0628
-168.7500 -71.1578 0.3957 0.2651 0.3392 0.00000 7.943 1500.0 12.0 0.0000 0.5253 68.29 0.0628
-165.9375 -71.1578 0.4301 0.2452 0.3247 0.00000 7.551 1500.0 12.0 0.0000 0.6086 77.25 0.0628
-163.1250 -71.1578 0.3803 0.2771 0.3427 0.00000 8.094 1500.0 12.0 0.0000 0.4892 64.17 0.0628
-160.3125 -71.1578 0.3772 0.2788 0.3441 0.00000 8.276 1500.0 12.0 0.0000 0.3948 51.90 0.0628
-157.5000 -71.1578 0.4380 0.2406 0.3214 0.00000 7.658 1500.0 12.0 0.0000 0.2466 31.12 0.0628
-154.6875 -71.1578 0.5399 0.1842 0.2759 0.00000 6.965 1500.0 12.0 0.0000 0.2112 24.69 0.0628
-151.8750 -71.1578 0.5382 0.1872 0.2746 0.00000 7.162 1500.0 12.0 0.0000 0.1714 20.04 0.0628
-149.0625 -71.1578 0.4341 0.2485 0.3174 0.00000 8.094 1500.0 12.0 0.0000 0.0870 10.98 0.0628
-146.2500 -71.1578 0.3951 0.2703 0.3346 0.00000 8.188 1500.0 12.0 0.0000 0.0675 10.00 0.0628
-143.4375 -71.1578 0.3484 0.2959 0.3557 0.00000 8.468 1500.0 12.0 0.0000 0.0588 10.00 0.0628
-140.6250 -71.1578 0.4147 0.2547 0.3306 0.00000 7.722 1500.0 12.0 0.0000 0.0647 10.00 0.0628
-137.8125 -71.1578 0.4651 0.2227 0.3122 0.00000 7.170 1500.0 12.0 0.0000 0.0771 10.00 0.0628
-135.0000 -71.1578 0.3822 0.2742 0.3435 0.00000 8.085 1500.0 12.0 0.0000 0.0919 12.05 0.0628
-132.1875 -71.1578 0.4072 0.2587 0.3341 0.00000 7.811 1500.0 12.0 0.0000 0.1287 16.59 0.0628
-129.3750 -71.1578 0.4173 0.2526 0.3301 0.00000 7.696 1500.0 12.0 0.0000 0.2534 32.45 0.0628
-126.5625 -71.1578 0.4097 0.2576 0.3327 0.00000 7.780 1500.0 12.0 0.0000 0.4358 56.08 0.0628
-123.7500 -71.1578 0.4785 0.2140 0.3075 0.00000 7.026 1500.0 12.0 0.0000 0.8572 105.28 0.0628
-120.9375 -71.1578 0.4497 0.2338 0.3164 0.00000 7.318 1500.0 12.0 0.0000 0.7054 88.29 0.0628
-118.1250 -71.1578 0.4465 0.2264 0.3271 0.00000 7.004 1500.0 12.0 0.0000 0.7150 90.16 0.0628
-115.3125 -71.1578 0.4317 0.2332 0.3351 0.00000 6.939 1500.0 12.0 0.0000 0.8662 110.48 0.0628
-112.5000 -71.1578 0.4416 0.2248 0.3336 0.00000 6.789 1500.0 12.0 0.0000 0.9132 115.84 0.0628
-109.6875 -71.1578 0.4281 0.2305 0.3414 0.00000 6.786 1500.0 12.0 0.0000 0.9236 118.42 0.0630
-106.8750 -71.1578 0.4246 0.2323 0.3431 0.00000 6.781 1500.0 12.0 0.0000 1.1612 149.26 0.0655
-104.0625 -71.1578 0.4555 0.2237 0.3208 0.00000 6.987 1500.0 12.0 0.0000 1.3316 166.62 0.0663
-101.2500 -71.1578 0.4105 0.2553 0.3342 0.00000 7.616 1500.0 12.0 0.0000 1.0596 136.44 0.0643
-98.4375 -71.1578 0.4566 0.2245 0.3189 0.00000 7.085 1500.0 12.0 0.0000 0.7306 91.26 0.0634
-95.6250 -71.1578 0.4048 0.2581 0.3371 0.00000 7.690 1500.0 12.0 0.0000 0.4504 58.24 0.0628
-92.8125 -71.1578 0.4401 0.2340 0.3259 0.00000 7.155 1500.0 12.0 0.0000 0.3204 40.50 0.0628
-90.0000 -71.1578 0.4311 0.2366 0.3323 0.00000 7.209 1500.0 12.0 0.0000 0.2525 32.16 0.0628
-87.1875 -71.1578 0.4107 0.2646 0.3248 0.00000 7.597 1500.0 12.0 0.0000 0.2191 28.06 0.0628
-84.3750 -71.1578 0.4864 0.2097 0.3039 0.00000 6.932 1500.0 12.0 0.0000 0.2268 27.69 0.0628
-81.5625 -71.1578 0.4839 0.2112 0.3049 0.00000 6.996 1500.0 12.0 0.0000 0.2417 29.57 0.0628
-78.7500 -71.1578 0.3863 0.2912 0.3225 0.00000 8.171 1500.0 12.0 0.0000 0.2779 35.96 0.0628
-75.9375 -71.1578 0.3994 0.2875 0.3131 0.00000 8.087 1500.0 12.0 0.0000 0.3841 49.14 0.0628
-73.1250 -71.1578 0.5329 0.1940 0.2731 0.00000 7.218 1500.0 12.0 0.0000 0.8570 100.39 0.0628
-70.3125 -71.1578 0.5790 0.1641 0.2569 0.00000 6.801 1500.0 12.0 0.0000 1.7193 194.71 0.0628
-67.5000 -71.1578 0.4285 0.2512 0.3202 0.00000 8.183 1500.0 12.0 0.0000 1.8599 235.65 0.0628
-64.6875 -71.1578 0.3881 0.2742 0.3378 0.00000 8.283 1500.0 12.0 0.0000 1.2343 160.91 0.0628
-61.8750 -71.1578 0.4008 0.2656 0.3335 0.00000 8.291 1500.0 12.0 0.0000 0.8580 110.94 0.0628
-59.0625 -71.1578 0.4972 0.2140 0.2888 0.00000 7.319 1500.0 12.0 0.0000 0.7264 87.45 0.0628
-56.2500 -71.1578 0.4782 0.2166 0.3052 0.00000 7.214 1500.0 12.0 0.0000 0.6922 84.91 0.0628
-53.4375 -71.1578 0.3446 0.2953 0.3601 0.00000 8.517 1500.0 12.0 0.0000 0.5932 79.81 0.0628
-50.6250 -71.1578 0.3065 0.3195 0.3740 0.00000 8.936 1500.0 12.0 0.0000 0.4918 67.77 0.0628
-47.8125 -71.1578 0.2896 0.3281 0.3823 0.00000 9.137 1500.0 12.0 0.0000 0.3131 43.65 0.0628
-45.0000 -71.1578 0.3742 0.2775 0.3483 0.00000 8.186 1500.0 12.0 0.0000 0.2346 30.95 0.0628
-42.1875 -71.1578 0.3790 0.2766 0.3444 0.00000 8.115 1500.0 12.0 0.0000 0.1829 24.03 0.0628
-39.3750 -71.1578 0.3929 0.2673 0.3399 0.00000 7.969 1500.0 12.0 0.0000 0.1572 20.47 0.0628
-36.5625 -71.1578 0.4048 0.2598 0.3355 0.00000 7.838 1500.0 12.0 0.0000 0.1446 18.68 0.0628
-33.7500 -71.1578 0.3527 0.2942 0.3531 0.00000 8.397 1500.0 12.0 0.0000 0.1076 14.38 0.0628
-30.9375 -71.1578 0.3604 0.2886 0.3510 0.00000 8.318 1500.0 12.0 0.0000 0.1113 14.80 0.0628
-28.1250 -71.1578 0.4453 0.2349 0.3198 0.00000 7.417 1500.0 12.0 0.0000 0.1572 19.75 0.0628
-25.3125 -71.1578 0.4750 0.2239 0.3011 0.00000 7.551 1500.0 12.0 0.0000 0.2282 27.97 0.0628
-22.5000 -71.1578 0.3896 0.2546 0.3558 0.00000 7.361 1500.0 12.0 0.0000 0.2910 38.27 0.0628
-19.6875 -71.1578 0.2761 0.3204 0.4035 0.00000 7.005 1500.0 12.0 0.0000 0.5848 82.85 0.1370
-16.8750 -71.1578 0.2899 0.3025 0.4076 0.00000 6.249 1500.0 12.0 0.0000 0.7625 107.62 0.1682
-14.0625 -71.1578 0.3330 0.2969 0.3701 0.00000 6.424 1500.0 12.0 0.0000 0.9503 129.17 0.2040
-11.2500 -71.1578 0.5317 0.2121 0.2562 0.00000 6.003 1500.0 12.0 0.0000 1.6800 194.94 0.2378
-8.4375 -71.1578 0.4402 0.2620 0.2977 0.00000 6.519 1500.0 12.0 0.0000 0.4218 52.48 0.2636
30.9375 -73.9475 0.4625 0.2559 0.2816 0.00000 5.912 1500.0 12.0 0.0000 1.0088 123.04 0.3458
33.7500 -73.9475 0.4138 0.2809 0.3052 0.00000 6.366 1500.0 12.0 0.0000 0.6772 85.68 0.3262
36.5625 -73.9475 0.3589 0.3033 0.3378 0.00000 6.622 1500.0 12.0 0.0000 0.9482 125.27 0.3007
39.3750 -73.9475 0.3283 0.3188 0.3530 0.00000 7.000 1500.0 12.0 0.0000 1.0555 142.51 0.2712
42.1875 -73.9475 0.2836 0.3212 0.3952 0.00000 6.509 1500.0 12.0 0.0000 0.9907 139.33 0.2368
45.0000 -73.9475 0.2546 0.3615 0.3839 0.00000 7.705 1500.0 12.0 0.0000 0.6870 97.27 0.2170
47.8125 -73.9475 0.2840 0.3097 0.4062 0.00000 6.563 1500.0 12.0 0.0000 0.8811 124.58 0.1706
50.6250 -73.9475 0.2878 0.3081 0.4040 0.00000 6.941 1500.0 12.0 0.0000 0.7663 108.06 0.1391
53.4375 -73.9475 0.2766 0.3304 0.3930 0.00000 7.945 1500.0 12.0 0.0000 0.5858 82.55 0.1217
56.2500 -73.9475 0.3831 0.2706 0.3463 0.00000 7.972 1500.0 12.0 0.0000 0.2166 28.42 0.0628
59.0625 -73.9475 0.4138 0.2545 0.3316 0.00000 7.735 1500.0 12.0 0.0000 0.1692 21.73 0.0628
61.8750 -73.9475 0.3903 0.2678 0.3418 0.00000 7.981 1500.0 12.0 0.0000 0.2145 28.00 0.0669
64.6875 -73.9475 0.4006 0.2633 0.3360 0.00000 7.866 1500.0 12.0 0.0000 0.1539 19.93 0.0628
67.5000 -73.9475 0.3832 0.2694 0.3474 0.00000 7.871 1500.0 12.0 0.0000 0.1691 22.21 0.0628
70.3125 -73.9475 0.3377 0.2834 0.3789 0.00000 7.602 1500.0 12.0 0.0000 0.2417 32.93 0.0628
73.1250 -73.9475 0.3226 0.2940 0.3834 0.00000 7.716 1500.0 12.0 0.0000 0.2989 41.10 0.0628
75.9375 -73.9475 0.3570 0.2821 0.3609 0.00000 7.888 1500.0 12.0 0.0000 0.3600 48.18 0.0628
78.7500 -73.9475 0.3181 0.2894 0.3924 0.00000 7.426 1500.0 12.0 0.0000 0.6763 93.59 0.0628
81.5625 -73.9475 0.3709 0.2753 0.3538 0.00000 8.010 1500.0 12.0 0.0000 1.2686 168.11 0.0628
84.3750 -73.9475 0.4551 0.2315 0.3134 0.00000 7.561 1500.0 12.0 0.0000 1.2536 156.23 0.0628
87.1875 -73.9475 0.3068 0.3023 0.3909 0.00000 8.032 1500.0 12.0 0.0000 0.8827 122.65 0.0628
90.0000 -73.9475 0.3565 0.2670 0.3765 0.00000 7.198 1500.0 12.0 0.0000 1.0352 139.72 0.0628
92.8125 -73.9475 0.3991 0.2410 0.3598 0.00000 6.755 1500.0 12.0 0.0000 1.2224 160.43 0.0628
95.6250 -73.9475 0.3176 0.2742 0.4082 0.00000 6.591 1500.0 12.0 0.0000 1.1824 164.96 0.0628
98.4375 -73.9475 0.2958 0.2898 0.4144 0.00000 6.852 1500.0 12.0 0.0000 1.1369 160.60 0.0628
101.2500 -73.9475 0.2918 0.2925 0.4157 0.00000 7.047 1500.0 12.0 0.0000 0.9206 130.35 0.0628
104.0625 -73.9475 0.2794 0.3105 0.4100 0.00000 7.768 1500.0 12.0 0.0000 0.6667 94.63 0.0628
106.8750 -73.9475 0.2925 0.3028 0.4047 0.00000 7.579 1500.0 12.0 0.0000 0.6693 94.23 0.0628
109.6875 -73.9475 0.3146 0.2870 0.3984 0.00000 7.287 1500.0 12.0 0.0000 0.6769 94.09 0.0628
112.5000 -73.9475 0.2946 0.2966 0.4088 0.00000 7.469 1500.0 12.0 0.0000 0.7558 106.52 0.0628
115.3125 -73.9475 0.4428 0.2193 0.3380 0.00000 6.621 1500.0 12.0 0.0000 1.2440 158.10 0.0628
146.2500 -73.9475 0.4870 0.2052 0.3078 0.00000 6.733 1500.0 12.0 0.0000 0.6368 77.90 0.0685
149.0625 -73.9475 0.5193 0.1932 0.2875 0.00000 6.702 1500.0 12.0 0.0000 0.5152 61.29 0.0643
151.8750 -73.9475 0.5055 0.2006 0.2939 0.00000 7.029 1500.0 12.0 0.0000 0.4704 56.57 0.0628
154.6875 -73.9475 0.4818 0.2213 0.2969 0.00000 7.526 1500.0 12.0 0.0000 0.4105 50.04 0.0628
157.5000 -73.9475 0.3657 0.2657 0.3686 0.00000 7.308 1500.0 12.0 0.0000 0.3454 46.24 0.0628
160.3125 -73.9475 0.3654 0.2574 0.3772 0.00000 6.833 1500.0 12.0 0.0000 0.2959 39.79 0.0628
163.1250 -73.9475 0.3921 0.2639 0.3439 0.00000 7.939 1500.0 12.0 0.0000 0.2874 37.51 0.0628
165.9375 -73.9475 0.4622 0.2337 0.3042 0.00000 8.065 1500.0 12.0 0.0000 0.4849 59.91 0.0628
168.7500 -73.9475 0.5693 0.1743 0.2563 0.00000 7.312 1500.0 12.0 0.0000 1.3124 149.33 0.0628
171.5625 -73.9475 0.5472 0.1878 0.2650 0.00000 7.464 1500.0 12.0 0.0000 1.5281 176.83 0.0628
174.3750 -73.9475 0.5316 0.1958 0.2726 0.00000 7.413 1500.0 12.0 0.0000 0.7616 89.26 0.0628
177.1875 -73.9475 0.5218 0.1960 0.2822 0.00000 7.189 1500.0 12.0 0.0000 0.4348 51.50 0.0628
180.0000 -73.9475 0.4122 0.2575 0.3304 0.00000 7.815 1500.0 12.0 0.0000 0.2613 33.55 0.0628
-177.1875 -73.9475 0.4718 0.2181 0.3101 0.00000 7.100 1500.0 12.0 0.0000 0.2600 32.09 0.0628
-174.3750 -73.9475 0.4564 0.2285 0.3151 0.00000 7.265 1500.0 12.0 0.0000 0.2672 33.32 0.0628
-171.5625 -73.9475 0.4664 0.2219 0.3117 0.00000 7.162 1500.0 12.0 0.0000 0.3044 37.70 0.0628
-168.7500 -73.9475 0.4679 0.2204 0.3117 0.00000 7.162 1500.0 12.0 0.0000 0.5333 66.00 0.0628
-165.9375 -73.9475 0.3904 0.2723 0.3373 0.00000 7.994 1500.0 12.0 0.0000 1.0696 139.24 0.0628
-163.1250 -73.9475 0.4804 0.2128 0.3067 0.00000 7.006 1500.0 12.0 0.0000 1.5469 189.72 0.0628
-160.3125 -73.9475 0.4480 0.2337 0.3184 0.00000 7.337 1500.0 12.0 0.0000 0.4676 58.65 0.0628
-157.5000 -73.9475 0.4576 0.2272 0.3152 0.00000 7.252 1500.0 12.0 0.0000 0.2693 33.55 0.0628
-154.6875 -73.9475 0.4305 0.2456 0.3240 0.00000 7.542 1500.0 12.0 0.0000 0.1787 22.67 0.0628
-151.8750 -73.9475 0.4958 0.2036 0.3007 0.00000 6.834 1500.0 12.0 0.0000 0.1428 17.32 0.0628
-149.0625 -73.9475 0.4709 0.2186 0.3106 0.00000 7.113 1500.0 12.0 0.0000 0.0961 11.86 0.0628
-146.2500 -73.9475 0.4252 0.2466 0.3283 0.00000 7.620 1500.0 12.0 0.0000 0.0871 11.11 0.0628
-143.4375 -73.9475 0.4858 0.2095 0.3047 0.00000 6.949 1500.0 12.0 0.0000 0.0890 10.87 0.0628
-140.6250 -73.9475 0.4886 0.2087 0.3027 0.00000 6.912 1500.0 12.0 0.0000 0.0961 11.72 0.0628
-137.8125 -73.9475 0.4778 0.2169 0.3053 0.00000 7.019 1500.0 12.0 0.0000 0.1140 13.99 0.0628
-135.0000 -73.9475 0.4623 0.2237 0.3140 0.00000 7.210 1500.0 12.0 0.0000 0.1556 19.33 0.0628
-132.1875 -73.9475 0.4011 0.2628 0.3361 0.00000 7.870 1500.0 12.0 0.0000 0.2361 30.56 0.0628
-129.3750 -73.9475 0.4623 0.2230 0.3148 0.00000 7.180 1500.0 12.0 0.0000 0.5099 63.39 0.0628
-126.5625 -73.9475 0.4802 0.2129 0.3068 0.00000 7.008 1500.0 12.0 0.0000 1.1565 141.87 0.0628
-123.7500 -73.9475 0.4628 0.2230 0.3141 0.00000 7.162 1500.0 12.0 0.0000 0.8119 100.85 0.0628
-120.9375 -73.9475 0.3541 0.2803 0.3656 0.00000 7.919 1500.0 12.0 0.0000 0.5546 74.51 0.0628
-118.1250 -73.9475 0.3180 0.3018 0.3801 0.00000 8.312 1500.0 12.0 0.0000 0.5498 75.61 0.0628
-115.3125 -73.9475 0.2918 0.3209 0.3873 0.00000 8.788 1500.0 12.0 0.0000 0.6776 94.59 0.0628
-112.5000 -73.9475 0.3013 0.3139 0.3848 0.00000 8.611 1500.0 12.0 0.0000 1.0396 144.35 0.0628
-109.6875 -73.9475 0.3043 0.3117 0.3840 0.00000 8.551 1500.0 12.0 0.0000 2.1321 295.55 0.0628
-106.8750 -73.9475 0.3362 0.2910 0.3727 0.00000 8.109 1500.0 12.0 0.0000 1.9385 263.48 0.0628
-104.0625 -73.9475 0.3869 0.2544 0.3587 0.00000 7.201 1500.0 12.0 0.0000 1.4605 192.64 0.0628
-101.2500 -73.9475 0.3423 0.2878 0.3699 0.00000 7.999 1500.0 12.0 0.0000 1.1088 150.07 0.0628
-98.4375 -73.9475 0.3653 0.2668 0.3679 0.00000 7.413 1500.0 12.0 0.0000 0.9093 121.71 0.0628
-95.6250 -73.9475 0.3034 0.3193 0.3773 0.00000 8.467 1500.0 12.0 0.0000 0.7197 99.46 0.0628
-92.8125 -73.9475 0.3092 0.3127 0.3780 0.00000 8.394 1500.0 12.0 0.0000 0.6174 85.15 0.0628
-90.0000 -73.9475 0.3635 0.2722 0.3643 0.00000 7.389 1500.0 12.0 0.0000 0.5513 73.71 0.0628
-87.1875 -73.9475 0.3693 0.2719 0.3588 0.00000 7.223 1500.0 12.0 0.0000 0.4999 66.46 0.0628
-84.3750 -73.9475 0.4073 0.2454 0.3473 0.00000 7.145 1500.0 12.0 0.0000 0.5140 66.75 0.0628
-81.5625 -73.9475 0.3882 0.2839 0.3279 0.00000 7.910 1500.0 12.0 0.0000 0.5093 66.04 0.0628
-78.7500 -73.9475 0.4392 0.2467 0.3140 0.00000 7.390 1500.0 12.0 0.0000 0.5927 74.46 0.0628
-75.9375 -73.9475 0.4867 0.2093 0.3040 0.00000 6.929 1500.0 12.0 0.0000 0.7383 90.13 0.0628
-73.1250 -73.9475 0.4796 0.2136 0.3068 0.00000 7.008 1500.0 12.0 0.0000 0.9128 112.01 0.0628
-70.3125 -73.9475 0.4435 0.2362 0.3203 0.00000 7.405 1500.0 12.0 0.0000 1.0861 136.65 0.0628
-67.5000 -73.9475 0.4297 0.2460 0.3243 0.00000 7.548 1500.0 12.0 0.0000 0.8661 109.93 0.0628
-64.6875 -73.9475 0.4878 0.2092 0.3030 0.00000 6.911 1500.0 12.0 0.0000 0.8383 102.22 0.0628
-61.8750 -73.9475 0.4697 0.2195 0.3108 0.00000 7.119 1500.0 12.0 0.0000 0.9124 112.75 0.0628
-59.0625 -73.9475 0.4324 0.2420 0.3256 0.00000 7.537 1500.0 12.0 0.0000 0.7144 90.62 0.0628
-56.2500 -73.9475 0.3590 0.2862 0.3548 0.00000 8.360 1500.0 12.0 0.0000 0.5899 78.63 0.0628
-53.4375 -73.9475 0.3403 0.2975 0.3622 0.00000 8.568 1500.0 12.0 0.0000 0.7197 97.11 0.0628
-50.6250 -73.9475 0.3386 0.2985 0.3629 0.00000 8.588 1500.0 12.0 0.0000 0.6531 88.23 0.0628
-47.8125 -73.9475 0.3894 0.2679 0.3427 0.00000 8.018 1500.0 12.0 0.0000 0.4481 58.53 0.0628
-45.0000 -73.9475 0.4036 0.2593 0.3371 0.00000 7.860 1500.0 12.0 0.0000 0.3480 45.02 0.0628
-42.1875 -73.9475 0.4111 0.2548 0.3341 0.00000 7.776 1500.0 12.0 0.0000 0.3005 38.68 0.0628
-39.3750 -73.9475 0.4044 0.2613 0.3343 0.00000 7.831 1500.0 12.0 0.0000 0.2250 29.05 0.0628
-36.5625 -73.9475 0.4395 0.2382 0.3223 0.00000 7.454 1500.0 12.0 0.0000 0.2405 30.35 0.0628
-33.7500 -73.9475 0.2921 0.3302 0.3777 0.00000 9.080 1500.0 12.0 0.0000 0.1944 27.00 0.0628
-30.9375 -73.9475 0.4492 0.2328 0.3180 0.00000 7.363 1500.0 12.0 0.0000 0.1854 23.24 0.0628
-28.1250 -73.9475 0.5798 0.1613 0.2589 0.00000 6.655 1500.0 12.0 0.0000 0.3367 38.16 0.0628
-25.3125 -73.9475 0.4313 0.2244 0.3443 0.00000 6.640 1500.0 12.0 0.0000 0.4955 63.54 0.0628
-22.5000 -73.9475 0.2863 0.3134 0.4004 0.00000 7.830 1500.0 12.0 0.0000 0.2714 38.23 0.0628
-19.6875 -73.9475 0.2928 0.2929 0.4143 0.00000 7.099 1500.0 12.0 0.0000 0.3593 50.82 0.0628
-16.8750 -73.9475 0.3023 0.2806 0.4171 0.00000 6.536 1500.0 12.0 0.0000 0.7224 101.90 0.0789
-14.0625 -73.9475 0.2987 0.3021 0.3992 0.00000 7.176 1500.0 12.0 0.0000 0.9125 127.78 0.1072
-11.2500 -73.9475 0.3424 0.2902 0.3674 0.00000 7.112 1500.0 12.0 0.0000 1.0817 146.21 0.1533
-8.4375 -73.9475 0.4283 0.2598 0.3119 0.00000 6.928 1500.0 12.0 0.0000 0.5602 70.66 0.1915
-5.6250 -73.9475 0.3515 0.3258 0.3226 0.00000 7.902 1500.0 12.0 0.0000 0.3385 44.51 0.2412
0.0000 -76.7369 0.4827 0.2182 0.2991 0.00000 6.964 1500.0 12.0 0.0000 0.3383 41.27 0.1092
2.8125 -76.7369 0.4656 0.2291 0.3053 0.00000 6.769 1500.0 12.0 0.0000 0.4150 51.23 0.1433
5.6250 -76.7369 0.4253 0.2566 0.3182 0.00000 6.936 1500.0 12.0 0.0000 0.3507 44.45 0.1746
8.4375 -76.7369 0.4836 0.2370 0.2794 0.00000 6.884 1500.0 12.0 0.0000 0.3169 38.20 0.1976
11.2500 -76.7369 0.4406 0.2493 0.3102 0.00000 6.302 1500.0 12.0 0.0000 0.4733 59.29 0.2141
14.0625 -76.7369 0.3782 0.2783 0.3435 0.00000 6.342 1500.0 12.0 0.0000 0.4255 55.88 0.2244
16.8750 -76.7369 0.2992 0.3259 0.3749 0.00000 6.953 1500.0 12.0 0.0000 0.2995 41.41 0.2284
19.6875 -76.7369 0.3315 0.2979 0.3706 0.00000 6.352 1500.0 12.0 0.0000 0.5006 68.11 0.2243
22.5000 -76.7369 0.3105 0.3132 0.3764 0.00000 6.775 1500.0 12.0 0.0000 0.4566 62.88 0.2158
25.3125 -76.7369 0.3059 0.3277 0.3664 0.00000 7.405 1500.0 12.0 0.0000 0.5242 71.98 0.2026
28.1250 -76.7369 0.3861 0.2805 0.3333 0.00000 7.223 1500.0 12.0 0.0000 0.5816 75.70 0.1780
30.9375 -76.7369 0.2814 0.3137 0.4050 0.00000 7.128 1500.0 12.0 0.0000 0.5226 73.93 0.1489
33.7500 -76.7369 0.2763 0.3188 0.4050 0.00000 7.547 1500.0 12.0 0.0000 0.4752 67.38 0.1209
36.5625 -76.7369 0.2892 0.3145 0.3963 0.00000 7.799 1500.0 12.0 0.0000 0.3955 55.52 0.0912
39.3750 -76.7369 0.3045 0.3005 0.3950 0.00000 7.817 1500.0 12.0 0.0000 0.2049 28.57 0.0628
42.1875 -76.7369 0.3176 0.3006 0.3818 0.00000 8.053 1500.0 12.0 0.0000 0.2002 27.57 0.0628
45.0000 -76.7369 0.3235 0.3068 0.3697 0.00000 8.455 1500.0 12.0 0.0000 0.1745 23.81 0.0628
47.8125 -76.7369 0.4440 0.2362 0.3198 0.00000 7.621 1500.0 12.0 0.0000 0.2429 30.54 0.0628
50.6250 -76.7369 0.4329 0.2455 0.3216 0.00000 7.589 1500.0 12.0 0.0000 0.1739 22.00 0.0628
53.4375 -76.7369 0.4352 0.2415 0.3233 0.00000 7.486 1500.0 12.0 0.0000 0.1212 15.34 0.0628
56.2500 -76.7369 0.4287 0.2464 0.3249 0.00000 7.547 1500.0 12.0 0.0000 0.1255 15.95 0.0635
59.0625 -76.7369 0.3866 0.2761 0.3373 0.00000 7.983 1500.0 12.0 0.0000 0.1235 16.11 0.0630
61.8750 -76.7369 0.3903 0.2718 0.3379 0.00000 7.959 1500.0 12.0 0.0000 0.1349 17.57 0.0628
64.6875 -76.7369 0.3509 0.3009 0.3482 0.00000 8.358 1500.0 12.0 0.0000 0.1476 19.68 0.0628
67.5000 -76.7369 0.4087 0.2601 0.3312 0.00000 7.764 1500.0 12.0 0.0000 0.1936 24.91 0.0628
70.3125 -76.7369 0.4152 0.2545 0.3304 0.00000 7.708 1500.0 12.0 0.0000 0.2538 32.55 0.0628
73.1250 -76.7369 0.4359 0.2407 0.3234 0.00000 7.489 1500.0 12.0 0.0000 0.3574 45.21 0.0628
75.9375 -76.7369 0.4392 0.2383 0.3225 0.00000 7.457 1500.0 12.0 0.0000 0.5396 68.11 0.0628
78.7500 -76.7369 0.4157 0.2520 0.3322 0.00000 7.510 1500.0 12.0 0.0000 0.9367 120.20 0.0628
81.5625 -76.7369 0.3966 0.2468 0.3566 0.00000 6.909 1500.0 12.0 0.0000 1.2476 163.64 0.0628
84.3750 -76.7369 0.3559 0.2638 0.3804 0.00000 6.901 1500.0 12.0 0.0000 1.1949 161.63 0.0628
87.1875 -76.7369 0.3354 0.2794 0.3853 0.00000 7.269 1500.0 12.0 0.0000 1.0398 142.29 0.0628
90.0000 -76.7369 0.4015 0.2465 0.3520 0.00000 6.950 1500.0 12.0 0.0000 0.9519 124.27 0.0628
92.8125 -76.7369 0.4616 0.2206 0.3177 0.00000 6.980 1500.0 12.0 0.0000 0.8334 103.79 0.0628
95.6250 -76.7369 0.4624 0.2138 0.3238 0.00000 6.669 1500.0 12.0 0.0000 1.1336 141.61 0.0628
98.4375 -76.7369 0.4860 0.1996 0.3144 0.00000 6.539 1500.0 12.0 0.0000 1.3206 162.23 0.0628
101.2500 -76.7369 0.5294 0.1790 0.2916 0.00000 6.483 1500.0 12.0 0.0000 1.4199 168.46 0.0628
104.0625 -76.7369 0.4415 0.2248 0.3337 0.00000 6.921 1500.0 12.0 0.0000 0.9043 114.73 0.0628
106.8750 -76.7369 0.4128 0.2448 0.3425 0.00000 7.368 1500.0 12.0 0.0000 0.5926 76.57 0.0628
109.6875 -76.7369 0.4336 0.2392 0.3272 0.00000 7.412 1500.0 12.0 0.0000 0.4364 55.37 0.0628
112.5000 -76.7369 0.4456 0.2297 0.3247 0.00000 7.207 1500.0 12.0 0.0000 0.4175 52.61 0.0628
115.3125 -76.7369 0.4515 0.2204 0.3280 0.00000 6.818 1500.0 12.0 0.0000 0.3891 48.97 0.0628
118.1250 -76.7369 0.4168 0.2425 0.3408 0.00000 7.171 1500.0 12.0 0.0000 0.3532 45.50 0.0628
120.9375 -76.7369 0.4257 0.2312 0.3430 0.00000 6.798 1500.0 12.0 0.0000 0.3586 46.06 0.0628
123.7500 -76.7369 0.3360 0.2720 0.3920 0.00000 6.935 1500.0 12.0 0.0000 0.4184 57.45 0.0628
126.5625 -76.7369 0.3817 0.2440 0.3743 0.00000 6.622 1500.0 12.0 0.0000 0.5132 68.41 0.0628
151.8750 -76.7369 0.4399 0.2277 0.3324 0.00000 6.933 1500.0 12.0 0.0000 0.2193 27.83 0.0628
154.6875 -76.7369 0.4443 0.2266 0.3291 0.00000 6.982 1500.0 12.0 0.0000 0.2312 29.21 0.0628
157.5000 -76.7369 0.4397 0.2335 0.3268 0.00000 7.287 1500.0 12.0 0.0000 0.2464 31.17 0.0628
160.3125 -76.7369 0.4362 0.2370 0.3268 0.00000 7.440 1500.0 12.0 0.0000 0.2622 33.22 0.0628
163.1250 -76.7369 0.4996 0.2042 0.2961 0.00000 7.155 1500.0 12.0 0.0000 0.3481 42.04 0.0632
165.9375 -76.7369 0.6447 0.1322 0.2231 0.00000 6.713 1500.0 12.0 0.0000 0.8566 91.61 0.0643
168.7500 -76.7369 0.6966 0.1039 0.1995 0.00000 6.381 1500.0 12.0 0.0000 1.3959 142.62 0.0645
171.5625 -76.7369 0.6969 0.1036 0.1995 0.00000 6.386 1500.0 12.0 0.0000 1.4239 145.45 0.0628
174.3750 -76.7369 0.6862 0.1095 0.2044 0.00000 6.472 1500.0 12.0 0.0000 1.4326 147.74 0.0628
177.1875 -76.7369 0.5750 0.1684 0.2565 0.00000 7.048 1500.0 12.0 0.0000 0.7035 79.82 0.0628
180.0000 -76.7369 0.4564 0.2303 0.3132 0.00000 7.333 1500.0 12.0 0.0000 0.4326 53.87 0.0628
-177.1875 -76.7369 0.4196 0.2569 0.3235 0.00000 7.876 1500.0 12.0 0.0000 0.4311 54.96 0.0628
-174.3750 -76.7369 0.4706 0.2241 0.3053 0.00000 7.463 1500.0 12.0 0.0000 0.4863 59.88 0.0628
-171.5625 -76.7369 0.4939 0.2119 0.2942 0.00000 7.310 1500.0 12.0 0.0000 0.5968 72.19 0.0628
-168.7500 -76.7369 0.5194 0.2010 0.2795 0.00000 7.251 1500.0 12.0 0.0000 0.8289 98.14 0.0628
-165.9375 -76.7369 0.4824 0.2118 0.3058 0.00000 6.957 1500.0 12.0 0.0000 0.7537 92.30 0.0628
-163.1250 -76.7369 0.4521 0.2204 0.3274 0.00000 6.796 1500.0 12.0 0.0000 0.7535 94.79 0.0628
-160.3125 -76.7369 0.4066 0.2391 0.3542 0.00000 6.800 1500.0 12.0 0.0000 0.8078 105.34 0.0628
-157.5000 -76.7369 0.4137 0.2409 0.3454 0.00000 7.057 1500.0 12.0 0.0000 0.6182 79.98 0.0628
-154.6875 -76.7369 0.4045 0.2507 0.3448 0.00000 7.397 1500.0 12.0 0.0000 0.4130 53.64 0.0628
-151.8750 -76.7369 0.3435 0.2919 0.3646 0.00000 8.329 1500.0 12.0 0.0000 0.3119 42.08 0.0628
-149.0625 -76.7369 0.2851 0.3292 0.3857 0.00000 9.099 1500.0 12.0 0.0000 0.2619 36.64 0.0628
-146.2500 -76.7369 0.3307 0.3005 0.3688 0.00000 8.465 1500.0 12.0 0.0000 0.2501 34.01 0.0628
-143.4375 -76.7369 0.4066 0.2466 0.3468 0.00000 7.239 1500.0 12.0 0.0000 0.2659 34.54 0.0628
-140.6250 -76.7369 0.3869 0.2700 0.3431 0.00000 7.708 1500.0 12.0 0.0000 0.2945 38.52 0.0628
-137.8125 -76.7369 0.4048 0.2515 0.3437 0.00000 7.228 1500.0 12.0 0.0000 0.3821 49.59 0.0628
-135.0000 -76.7369 0.4163 0.2351 0.3485 0.00000 6.809 1500.0 12.0 0.0000 0.5943 76.91 0.0628
-132.1875 -76.7369 0.3452 0.2897 0.3651 0.00000 7.990 1500.0 12.0 0.0000 1.2034 162.27 0.0628
-129.3750 -76.7369 0.3674 0.2726 0.3600 0.00000 7.678 1500.0 12.0 0.0000 2.8089 374.02 0.0628
-126.5625 -76.7369 0.3002 0.3147 0.3851 0.00000 8.632 1500.0 12.0 0.0000 1.0916 151.67 0.0628
-123.7500 -76.7369 0.2737 0.3365 0.3897 0.00000 9.252 1500.0 12.0 0.0000 0.8239 116.06 0.0628
-120.9375 -76.7369 0.2531 0.3494 0.3974 0.00000 9.500 1500.0 12.0 0.0000 0.8013 114.29 0.0628
-118.1250 -76.7369 0.2512 0.3509 0.3979 0.00000 9.500 1500.0 12.0 0.0000 0.9428 134.61 0.0628
-115.3125 -76.7369 0.2483 0.3530 0.3987 0.00000 9.500 1500.0 12.0 0.0000 1.3250 189.48 0.0628
-112.5000 -76.7369 0.2483 0.3530 0.3987 0.00000 9.500 1500.0 12.0 0.0000 1.4121 201.94 0.0628
-109.6875 -76.7369 0.2483 0.3530 0.3987 0.00000 9.500 1500.0 12.0 0.0000 1.5905 227.46 0.0628
-106.8750 -76.7369 0.2483 0.3530 0.3987 0.00000 9.500 1500.0 12.0 0.0000 1.9194 274.49 0.0628
-104.0625 -76.7369 0.2625 0.3426 0.3950 0.00000 9.336 1500.0 12.0 0.0000 1.7342 246.08 0.0628
-101.2500 -76.7369 0.2876 0.3240 0.3884 0.00000 8.866 1500.0 12.0 0.0000 1.7251 241.38 0.0628
-98.4375 -76.7369 0.2910 0.3215 0.3875 0.00000 8.803 1500.0 12.0 0.0000 1.3282 185.50 0.0628
-95.6250 -76.7369 0.3244 0.2969 0.3787 0.00000 8.179 1500.0 12.0 0.0000 0.9961 136.50 0.0628
-92.8125 -76.7369 0.3418 0.2850 0.3733 0.00000 7.842 1500.0 12.0 0.0000 0.8396 113.87 0.0628
-90.0000 -76.7369 0.3587 0.2716 0.3697 0.00000 7.539 1500.0 12.0 0.0000 0.7880 105.87 0.0628
-87.1875 -76.7369 0.3798 0.2615 0.3588 0.00000 7.444 1500.0 12.0 0.0000 0.8174 108.16 0.0628
-84.3750 -76.7369 0.3867 0.2674 0.3460 0.00000 7.928 1500.0 12.0 0.0000 0.9470 124.07 0.0628
-81.5625 -76.7369 0.3369 0.3021 0.3610 0.00000 8.587 1500.0 12.0 0.0000 1.2413 167.65 0.0628
-78.7500 -76.7369 0.3898 0.2711 0.3390 0.00000 7.986 1500.0 12.0 0.0000 1.5869 206.85 0.0628
-75.9375 -76.7369 0.4982 0.2024 0.2994 0.00000 6.800 1500.0 12.0 0.0000 1.6759 202.90 0.0628
-73.1250 -76.7369 0.4807 0.2129 0.3064 0.00000 6.996 1500.0 12.0 0.0000 1.2290 150.68 0.0628
-70.3125 -76.7369 0.4944 0.2047 0.3010 0.00000 6.843 1500.0 12.0 0.0000 0.8468 102.80 0.0628
-67.5000 -76.7369 0.4982 0.2024 0.2994 0.00000 6.800 1500.0 12.0 0.0000 0.6830 82.69 0.0628
-64.6875 -76.7369 0.4922 0.2060 0.3018 0.00000 6.867 1500.0 12.0 0.0000 0.6138 74.63 0.0628
-61.8750 -76.7369 0.4620 0.2242 0.3138 0.00000 7.205 1500.0 12.0 0.0000 0.6018 74.78 0.0628
-59.0625 -76.7369 0.4012 0.2608 0.3380 0.00000 7.887 1500.0 12.0 0.0000 0.6469 83.84 0.0628
-56.2500 -76.7369 0.3558 0.2871 0.3570 0.00000 8.338 1500.0 12.0 0.0000 0.8025 107.25 0.0628
-53.4375 -76.7369 0.3855 0.2698 0.3447 0.00000 8.039 1500.0 12.0 0.0000 1.0438 136.74 0.0628
-50.6250 -76.7369 0.3503 0.2915 0.3582 0.00000 8.457 1500.0 12.0 0.0000 0.5259 70.50 0.0628
-47.8125 -76.7369 0.4038 0.2592 0.3370 0.00000 7.857 1500.0 12.0 0.0000 0.3611 46.72 0.0628
-45.0000 -76.7369 0.4056 0.2581 0.3363 0.00000 7.837 1500.0 12.0 0.0000 0.2792 36.07 0.0628
-42.1875 -76.7369 0.3448 0.2948 0.3604 0.00000 8.518 1500.0 12.0 0.0000 0.2319 31.21 0.0628
-39.3750 -76.7369 0.4027 0.2633 0.3340 0.00000 7.842 1500.0 12.0 0.0000 0.2236 28.89 0.0628
-36.5625 -76.7369 0.3205 0.3200 0.3596 0.00000 8.708 1500.0 12.0 0.0000 0.2168 29.48 0.0628
-33.7500 -76.7369 0.3445 0.3002 0.3554 0.00000 8.481 1500.0 12.0 0.0000 0.2527 33.91 0.0628
-30.9375 -76.7369 0.3835 0.2723 0.3442 0.00000 8.078 1500.0 12.0 0.0000 0.2878 37.72 0.0628
-28.1250 -76.7369 0.4006 0.2643 0.3351 0.00000 7.911 1500.0 12.0 0.0000 0.2702 34.97 0.0628
-25.3125 -76.7369 0.4654 0.2270 0.3076 0.00000 7.213 1500.0 12.0 0.0000 0.2006 24.79 0.0628
-22.5000 -76.7369 0.5340 0.1925 0.2735 0.00000 7.246 1500.0 12.0 0.0000 0.2843 33.29 0.0628
-19.6875 -76.7369 0.4719 0.2137 0.3144 0.00000 7.080 1500.0 12.0 0.0000 0.2544 31.47 0.0628
-16.8750 -76.7369 0.3188 0.2825 0.3987 0.00000 7.086 1500.0 12.0 0.0000 0.1721 23.89 0.0628
-14.0625 -76.7369 0.3075 0.2811 0.4114 0.00000 6.868 1500.0 12.0 0.0000 0.1492 20.94 0.0628
-11.2500 -76.7369 0.2965 0.2920 0.4116 0.00000 7.079 1500.0 12.0 0.0000 0.1525 21.50 0.0702
-8.4375 -76.7369 0.2937 0.2968 0.4095 0.00000 7.084 1500.0 12.0 0.0000 0.1993 28.11 0.0856
-5.6250 -76.7369 0.3095 0.2937 0.3968 0.00000 7.338 1500.0 12.0 0.0000 0.2183 30.39 0.0977
-2.8125 -76.7369 0.3855 0.2585 0.3560 0.00000 7.103 1500.0 12.0 0.0000 0.2313 30.48 0.0948
0.0000 -79.5256 0.2901 0.2974 0.4124 0.00000 7.192 1500.0 12.0 0.0000 0.1039 14.70 0.0640
2.8125 -79.5256 0.2830 0.3131 0.4038 0.00000 7.909 1500.0 12.0 0.0000 0.0964 13.63 0.0665
5.6250 -79.5256 0.3153 0.2779 0.4068 0.00000 6.848 1500.0 12.0 0.0000 0.1103 15.39 0.0638
8.4375 -79.5256 0.3140 0.2809 0.4051 0.00000 6.840 1500.0 12.0 0.0000 0.1169 16.32 0.0635
11.2500 -79.5256 0.3446 0.2617 0.3938 0.00000 6.691 1500.0 12.0 0.0000 0.1239 16.97 0.0628
14.0625 -79.5256 0.3180 0.2746 0.4074 0.00000 6.834 1500.0 12.0 0.0000 0.1336 18.63 0.0628
16.8750 -79.5256 0.3524 0.2654 0.3822 0.00000 7.042 1500.0 12.0 0.0000 0.1319 17.89 0.0628
19.6875 -79.5256 0.3700 0.2530 0.3770 0.00000 6.772 1500.0 12.0 0.0000 0.1359 18.23 0.0628
22.5000 -79.5256 0.3789 0.2502 0.3709 0.00000 6.796 1500.0 12.0 0.0000 0.1318 17.56 0.0628
25.3125 -79.5256 0.3264 0.2836 0.3900 0.00000 7.112 1500.0 12.0 0.0000 0.1591 21.91 0.0628
28.1250 -79.5256 0.3362 0.2805 0.3833 0.00000 7.386 1500.0 12.0 0.0000 0.1474 20.15 0.0628
30.9375 -79.5256 0.4041 0.2406 0.3553 0.00000 6.817 1500.0 12.0 0.0000 0.1828 23.88 0.0628
33.7500 -79.5256 0.4050 0.2470 0.3480 0.00000 7.136 1500.0 12.0 0.0000 0.1733 22.54 0.0628
36.5625 -79.5256 0.4087 0.2534 0.3379 0.00000 7.421 1500.0 12.0 0.0000 0.1642 21.21 0.0628
39.3750 -79.5256 0.3413 0.3146 0.3442 0.00000 8.544 1500.0 12.0 0.0000 0.1343 17.94 0.0628
42.1875 -79.5256 0.5491 0.1797 0.2713 0.00000 6.827 1500.0 12.0 0.0000 0.2169 25.17 0.0633
45.0000 -79.5256 0.4720 0.2247 0.3033 0.00000 7.249 1500.0 12.0 0.0000 0.1752 21.54 0.0650
47.8125 -79.5256 0.4275 0.2457 0.3268 0.00000 7.564 1500.0 12.0 0.0000 0.1720 21.89 0.0654
50.6250 -79.5256 0.3260 0.3080 0.3660 0.00000 8.693 1500.0 12.0 0.0000 0.1393 18.96 0.0655
53.4375 -79.5256 0.3083 0.3261 0.3656 0.00000 8.832 1500.0 12.0 0.0000 0.1513 20.74 0.0658
56.2500 -79.5256 0.3327 0.3067 0.3606 0.00000 8.598 1500.0 12.0 0.0000 0.1699 22.98 0.0647
59.0625 -79.5256 0.3533 0.2917 0.3551 0.00000 8.390 1500.0 12.0 0.0000 0.1932 25.83 0.0633
61.8750 -79.5256 0.3513 0.2914 0.3573 0.00000 8.427 1500.0 12.0 0.0000 0.2419 32.40 0.0628
64.6875 -79.5256 0.3362 0.3000 0.3638 0.00000 8.605 1500.0 12.0 0.0000 0.3337 45.15 0.0628
67.5000 -79.5256 0.3655 0.2823 0.3522 0.00000 8.279 1500.0 12.0 0.0000 0.5162 68.51 0.0628
70.3125 -79.5256 0.3937 0.2666 0.3397 0.00000 7.957 1500.0 12.0 0.0000 0.7715 100.42 0.0628
73.1250 -79.5256 0.3899 0.2710 0.3391 0.00000 7.986 1500.0 12.0 0.0000 0.6835 89.09 0.0628
75.9375 -79.5256 0.3653 0.2830 0.3517 0.00000 8.283 1500.0 12.0 0.0000 0.6599 87.57 0.0628
78.7500 -79.5256 0.3951 0.2666 0.3384 0.00000 7.938 1500.0 12.0 0.0000 0.7030 91.38 0.0628
81.5625 -79.5256 0.3995 0.2618 0.3387 0.00000 7.906 1500.0 12.0 0.0000 0.8136 105.56 0.0628
84.3750 -79.5256 0.4135 0.2534 0.3331 0.00000 7.748 1500.0 12.0 0.0000 1.0414 133.82 0.0628
87.1875 -79.5256 0.4252 0.2463 0.3285 0.00000 7.617 1500.0 12.0 0.0000 1.0687 136.24 0.0628
90.0000 -79.5256 0.3637 0.2834 0.3529 0.00000 8.306 1500.0 12.0 0.0000 1.0485 139.33 0.0628
92.8125 -79.5256 0.4008 0.2611 0.3382 0.00000 7.891 1500.0 12.0 0.0000 1.1264 146.01 0.0628
95.6250 -79.5256 0.3967 0.2611 0.3422 0.00000 7.896 1500.0 12.0 0.0000 1.0001 130.16 0.0628
98.4375 -79.5256 0.5533 0.1834 0.2633 0.00000 7.032 1500.0 12.0 0.0000 1.0219 117.76 0.0628
101.2500 -79.5256 0.4561 0.2378 0.3060 0.00000 8.009 1500.0 12.0 0.0000 0.6623 82.16 0.0628
104.0625 -79.5256 0.5690 0.1715 0.2595 0.00000 7.033 1500.0 12.0 0.0000 0.7362 83.94 0.0628
106.8750 -79.5256 0.6275 0.1400 0.2325 0.00000 6.706 1500.0 12.0 0.0000 0.8843 96.07 0.0628
109.6875 -79.5256 0.6309 0.1383 0.2308 0.00000 6.719 1500.0 12.0 0.0000 0.8466 91.69 0.0628
112.5000 -79.5256 0.6140 0.1502 0.2358 0.00000 6.903 1500.0 12.0 0.0000 0.7986 87.59 0.0628
115.3125 -79.5256 0.5834 0.1698 0.2468 0.00000 7.164 1500.0 12.0 0.0000 0.6586 73.95 0.0628
118.1250 -79.5256 0.6266 0.1399 0.2336 0.00000 6.721 1500.0 12.0 0.0000 0.8238 89.60 0.0628
120.9375 -79.5256 0.5057 0.2065 0.2878 0.00000 7.489 1500.0 12.0 0.0000 0.5730 68.65 0.0628
123.7500 -79.5256 0.4433 0.2574 0.2994 0.00000 7.780 1500.0 12.0 0.0000 0.4361 54.23 0.0628
126.5625 -79.5256 0.3937 0.2711 0.3353 0.00000 7.907 1500.0 12.0 0.0000 0.3505 45.51 0.0628
129.3750 -79.5256 0.3126 0.3366 0.3507 0.00000 8.159 1500.0 12.0 0.0000 0.2598 35.29 0.0628
132.1875 -79.5256 0.2444 0.4075 0.3481 0.00000 9.061 1500.0 12.0 0.0000 0.2062 28.80 0.0628
135.0000 -79.5256 0.2749 0.3726 0.3525 0.00000 8.833 1500.0 12.0 0.0000 0.2049 28.31 0.0628
137.8125 -79.5256 0.2804 0.3502 0.3694 0.00000 8.949 1500.0 12.0 0.0000 0.2026 28.17 0.0628
140.6250 -79.5256 0.3580 0.2900 0.3520 0.00000 8.114 1500.0 12.0 0.0000 0.2192 29.18 0.0628
143.4375 -79.5256 0.4589 0.2278 0.3133 0.00000 7.508 1500.0 12.0 0.0000 0.2797 34.79 0.0631
146.2500 -79.5256 0.5826 0.1602 0.2572 0.00000 6.691 1500.0 12.0 0.0000 0.4403 49.78 0.0641
149.0625 -79.5256 0.5272 0.1915 0.2813 0.00000 7.121 1500.0 12.0 0.0000 0.3600 42.51 0.0643
151.8750 -79.5256 0.5399 0.1841 0.2760 0.00000 7.007 1500.0 12.0 0.0000 0.3715 43.44 0.0642
154.6875 -79.5256 0.6209 0.1444 0.2347 0.00000 6.795 1500.0 12.0 0.0000 0.6204 67.73 0.0649
157.5000 -79.5256 0.6892 0.1083 0.2025 0.00000 6.428 1500.0 12.0 0.0000 1.1248 115.66 0.0654
160.3125 -79.5256 0.6962 0.1043 0.1995 0.00000 6.379 1500.0 12.0 0.0000 1.2306 125.76 0.0650
163.1250 -79.5256 0.6964 0.1041 0.1995 0.00000 6.380 1500.0 12.0 0.0000 1.2572 128.46 0.0644
165.9375 -79.5256 0.6857 0.1100 0.2044 0.00000 6.460 1500.0 12.0 0.0000 1.1632 120.01 0.0635
168.7500 -79.5256 0.6055 0.1544 0.2401 0.00000 7.035 1500.0 12.0 0.0000 0.6623 73.17 0.0628
171.5625 -79.5256 0.6734 0.1167 0.2099 0.00000 6.554 1500.0 12.0 0.0000 1.0460 109.09 0.0628
174.3750 -79.5256 0.6345 0.1375 0.2281 0.00000 6.771 1500.0 12.0 0.0000 0.7655 82.59 0.0628
177.1875 -79.5256 0.5749 0.1681 0.2570 0.00000 7.002 1500.0 12.0 0.0000 0.5163 58.59 0.0628
180.0000 -79.5256 0.4918 0.2104 0.2979 0.00000 7.244 1500.0 12.0 0.0000 0.3600 43.68 0.0628
-177.1875 -79.5256 0.4940 0.2166 0.2895 0.00000 7.376 1500.0 12.0 0.0000 0.4039 48.72 0.0628
-174.3750 -79.5256 0.5310 0.1880 0.2811 0.00000 6.901 1500.0 12.0 0.0000 0.4280 50.42 0.0628
-171.5625 -79.5256 0.4712 0.2214 0.3074 0.00000 7.361 1500.0 12.0 0.0000 0.3966 48.88 0.0628
-168.7500 -79.5256 0.4403 0.2375 0.3222 0.00000 7.485 1500.0 12.0 0.0000 0.3985 50.26 0.0628
-165.9375 -79.5256 0.4169 0.2496 0.3334 0.00000 7.615 1500.0 12.0 0.0000 0.4286 55.00 0.0628
-163.1250 -79.5256 0.3962 0.2614 0.3424 0.00000 7.807 1500.0 12.0 0.0000 0.4768 62.08 0.0628
-160.3125 -79.5256 0.2975 0.3223 0.3803 0.00000 8.988 1500.0 12.0 0.0000 0.5196 72.10 0.0628
-157.5000 -79.5256 0.2483 0.3530 0.3987 0.00000 9.500 1500.0 12.0 0.0000 0.5947 85.05 0.0628
-154.6875 -79.5256 0.2519 0.3508 0.3972 0.00000 9.500 1500.0 12.0 0.0000 0.7132 101.76 0.0628
-151.8750 -79.5256 0.2760 0.3363 0.3877 0.00000 9.290 1500.0 12.0 0.0000 0.8800 123.71 0.0628
-149.0625 -79.5256 0.2787 0.3347 0.3866 0.00000 9.259 1500.0 12.0 0.0000 1.0909 153.10 0.0628
-146.2500 -79.5256 0.2519 0.3508 0.3972 0.00000 9.500 1500.0 12.0 0.0000 1.2131 173.10 0.0628
-143.4375 -79.5256 0.2483 0.3530 0.3987 0.00000 9.500 1500.0 12.0 0.0000 1.4081 201.36 0.0628
-140.6250 -79.5256 0.2483 0.3530 0.3987 0.00000 9.500 1500.0 12.0 0.0000 1.7033 243.58 0.0628
-137.8125 -79.5256 0.2818 0.3320 0.3862 0.00000 9.180 1500.0 12.0 0.0000 2.1551 301.99 0.0628
-135.0000 -79.5256 0.2989 0.3188 0.3823 0.00000 8.832 1500.0 12.0 0.0000 2.6331 365.53 0.0628
-132.1875 -79.5256 0.2697 0.3372 0.3931 0.00000 9.203 1500.0 12.0 0.0000 2.6697 377.32 0.0628
-129.3750 -79.5256 0.2659 0.3401 0.3941 0.00000 9.273 1500.0 12.0 0.0000 2.6075 369.31 0.0628
-126.5625 -79.5256 0.2483 0.3530 0.3987 0.00000 9.500 1500.0 12.0 0.0000 2.4758 354.05 0.0628
-123.7500 -79.5256 0.2483 0.3530 0.3987 0.00000 9.500 1500.0 12.0 0.0000 2.3550 336.78 0.0628
-120.9375 -79.5256 0.2483 0.3530 0.3987 0.00000 9.500 1500.0 12.0 0.0000 1.8731 267.87 0.0628
-118.1250 -79.5256 0.2483 0.3530 0.3987 0.00000 9.500 1500.0 12.0 0.0000 1.5676 224.18 0.0628
-115.3125 -79.5256 0.2483 0.3530 0.3987 0.00000 9.500 1500.0 12.0 0.0000 1.4180 202.78 0.0628
-112.5000 -79.5256 0.2483 0.3530 0.3987 0.00000 9.500 1500.0 12.0 0.0000 1.4122 201.95 0.0628
-109.6875 -79.5256 0.2483 0.3530 0.3987 0.00000 9.500 1500.0 12.0 0.0000 1.5906 227.47 0.0628
-106.8750 -79.5256 0.2483 0.3530 0.3987 0.00000 9.500 1500.0 12.0 0.0000 2.1590 308.75 0.0628
-104.0625 -79.5256 0.2498 0.3519 0.3983 0.00000 9.500 1500.0 12.0 0.0000 2.4711 353.10 0.0628
-101.2500 -79.5256 0.2704 0.3367 0.3929 0.00000 9.188 1500.0 12.0 0.0000 1.9532 275.95 0.0628
-98.4375 -79.5256 0.2721 0.3354 0.3924 0.00000 9.155 1500.0 12.0 0.0000 1.3193 186.21 0.0628
-95.6250 -79.5256 0.2870 0.3244 0.3885 0.00000 8.877 1500.0 12.0 0.0000 0.9816 137.40 0.0628
-92.8125 -79.5256 0.3032 0.3147 0.3821 0.00000 8.697 1500.0 12.0 0.0000 0.8301 115.00 0.0628
-90.0000 -79.5256 0.3815 0.2716 0.3469 0.00000 8.046 1500.0 12.0 0.0000 0.8044 105.69 0.0628
-87.1875 -79.5256 0.3985 0.2648 0.3367 0.00000 7.879 1500.0 12.0 0.0000 0.8254 107.02 0.0628
-84.3750 -79.5256 0.4839 0.2114 0.3047 0.00000 6.957 1500.0 12.0 0.0000 0.9959 121.80 0.0628
-81.5625 -79.5256 0.4762 0.2167 0.3072 0.00000 7.038 1500.0 12.0 0.0000 1.3292 163.40 0.0628
-78.7500 -79.5256 0.4640 0.2240 0.3120 0.00000 7.174 1500.0 12.0 0.0000 2.0164 250.02 0.0628
-75.9375 -79.5256 0.4911 0.2066 0.3022 0.00000 6.879 1500.0 12.0 0.0000 1.4275 173.70 0.0628
-73.1250 -79.5256 0.4557 0.2322 0.3121 0.00000 7.242 1500.0 12.0 0.0000 1.0814 134.64 0.0628
-70.3125 -79.5256 0.4963 0.2031 0.3005 0.00000 6.800 1500.0 12.0 0.0000 0.8481 102.84 0.0628
-67.5000 -79.5256 0.4855 0.2075 0.3070 0.00000 6.800 1500.0 12.0 0.0000 0.6771 82.85 0.0628
-64.6875 -79.5256 0.4609 0.2197 0.3195 0.00000 6.929 1500.0 12.0 0.0000 0.6009 74.94 0.0628
-61.8750 -79.5256 0.4127 0.2479 0.3394 0.00000 7.427 1500.0 12.0 0.0000 0.5839 75.31 0.0628
-59.0625 -79.5256 0.3930 0.2570 0.3500 0.00000 7.491 1500.0 12.0 0.0000 0.6404 83.83 0.0628
-56.2500 -79.5256 0.4313 0.2350 0.3337 0.00000 7.124 1500.0 12.0 0.0000 0.8166 104.10 0.0628
-53.4375 -79.5256 0.4845 0.2102 0.3053 0.00000 6.931 1500.0 12.0 0.0000 0.8641 105.69 0.0628
-50.6250 -79.5256 0.4635 0.2233 0.3133 0.00000 7.189 1500.0 12.0 0.0000 0.8371 103.90 0.0628
-47.8125 -79.5256 0.4442 0.2348 0.3209 0.00000 7.404 1500.0 12.0 0.0000 0.7454 93.77 0.0628
-45.0000 -79.5256 0.4250 0.2464 0.3285 0.00000 7.619 1500.0 12.0 0.0000 0.6082 77.54 0.0628
-42.1875 -79.5256 0.3862 0.2698 0.3440 0.00000 8.054 1500.0 12.0 0.0000 0.4596 60.16 0.0628
-39.3750 -79.5256 0.3413 0.2992 0.3596 0.00000 8.540 1500.0 12.0 0.0000 0.3336 44.94 0.0628
-36.5625 -79.5256 0.4548 0.2285 0.3167 0.00000 7.286 1500.0 12.0 0.0000 0.3365 42.02 0.0628
-33.7500 -79.5256 0.4014 0.2611 0.3375 0.00000 7.881 1500.0 12.0 0.0000 0.2480 32.13 0.0628
-30.9375 -79.5256 0.3480 0.2988 0.3532 0.00000 8.433 1500.0 12.0 0.0000 0.1808 24.20 0.0628
-28.1250 -79.5256 0.3436 0.3092 0.3472 0.00000 8.418 1500.0 12.0 0.0000 0.1393 18.62 0.0628
-25.3125 -79.5256 0.4212 0.2542 0.3246 0.00000 7.613 1500.0 12.0 0.0000 0.1228 15.66 0.0628
-22.5000 -79.5256 0.4903 0.2136 0.2961 0.00000 7.038 1500.0 12.0 0.0000 0.1129 13.70 0.0628
-19.6875 -79.5256 0.5563 0.1704 0.2733 0.00000 6.642 1500.0 12.0 0.0000 0.1936 22.41 0.0628
-16.8750 -79.5256 0.3973 0.2441 0.3586 0.00000 6.842 1500.0 12.0 0.0000 0.1471 19.30 0.0628
-14.0625 -79.5256 0.3091 0.2861 0.4048 0.00000 7.120 1500.0 12.0 0.0000 0.1146 16.01 0.0628
-11.2500 -79.5256 0.3269 0.2833 0.3898 0.00000 7.401 1500.0 12.0 0.0000 0.1010 13.91 0.0628
-8.4375 -79.5256 0.3084 0.3040 0.3876 0.00000 7.983 1500.0 12.0 0.0000 0.0756 10.49 0.0628
-5.6250 -79.5256 0.3354 0.2772 0.3874 0.00000 7.415 1500.0 12.0 0.0000 0.0926 12.68 0.0628
-2.8125 -79.5256 0.3150 0.2804 0.4046 0.00000 6.934 1500.0 12.0 0.0000 0.1169 16.30 0.0628
0.0000 -82.3129 0.3816 0.2758 0.3426 0.00000 7.898 1500.0 12.0 0.0000 0.0618 10.00 0.0628
2.8125 -82.3129 0.4473 0.2384 0.3143 0.00000 7.310 1500.0 12.0 0.0000 0.0633 10.00 0.0628
5.6250 -82.3129 0.4712 0.2186 0.3102 0.00000 7.085 1500.0 12.0 0.0000 0.0674 10.00 0.0628
8.4375 -82.3129 0.4521 0.2313 0.3166 0.00000 7.289 1500.0 12.0 0.0000 0.0693 10.00 0.0628
11.2500 -82.3129 0.4836 0.2128 0.3037 0.00000 6.934 1500.0 12.0 0.0000 0.0742 10.00 0.0628
14.0625 -82.3129 0.4357 0.2546 0.3098 0.00000 7.368 1500.0 12.0 0.0000 0.0732 10.00 0.0628
16.8750 -82.3129 0.4086 0.2710 0.3204 0.00000 7.672 1500.0 12.0 0.0000 0.0769 10.00 0.0628
19.6875 -82.3129 0.3996 0.2740 0.3264 0.00000 7.795 1500.0 12.0 0.0000 0.0827 10.66 0.0628
22.5000 -82.3129 0.3812 0.2863 0.3325 0.00000 7.994 1500.0 12.0 0.0000 0.0864 11.26 0.0628
25.3125 -82.3129 0.4104 0.2573 0.3322 0.00000 7.757 1500.0 12.0 0.0000 0.0989 12.73 0.0628
28.1250 -82.3129 0.4436 0.2352 0.3212 0.00000 7.401 1500.0 12.0 0.0000 0.1110 13.97 0.0628
30.9375 -82.3129 0.4077 0.2584 0.3339 0.00000 7.790 1500.0 12.0 0.0000 0.1164 15.00 0.0628
33.7500 -82.3129 0.4136 0.2579 0.3285 0.00000 7.701 1500.0 12.0 0.0000 0.1267 16.24 0.0628
36.5625 -82.3129 0.4124 0.2540 0.3336 0.00000 7.751 1500.0 12.0 0.0000 0.1422 18.28 0.0628
39.3750 -82.3129 0.3620 0.2844 0.3536 0.00000 8.315 1500.0 12.0 0.0000 0.1535 20.42 0.0628
42.1875 -82.3129 0.3888 0.2686 0.3426 0.00000 8.013 1500.0 12.0 0.0000 0.1780 23.25 0.0628
45.0000 -82.3129 0.3624 0.2851 0.3526 0.00000 8.303 1500.0 12.0 0.0000 0.2020 26.85 0.0628
47.8125 -82.3129 0.3361 0.3046 0.3593 0.00000 8.569 1500.0 12.0 0.0000 0.1884 25.43 0.0628
50.6250 -82.3129 0.3185 0.3131 0.3685 0.00000 8.783 1500.0 12.0 0.0000 0.2348 32.09 0.0628
53.4375 -82.3129 0.2655 0.3437 0.3909 0.00000 9.387 1500.0 12.0 0.0000 0.3009 42.55 0.0628
56.2500 -82.3129 0.2736 0.3389 0.3875 0.00000 9.293 1500.0 12.0 0.0000 0.4305 60.58 0.0628
59.0625 -82.3129 0.3084 0.3185 0.3731 0.00000 8.899 1500.0 12.0 0.0000 0.6961 95.79 0.0628
61.8750 -82.3129 0.3524 0.2910 0.3566 0.00000 8.415 1500.0 12.0 0.0000 0.6182 82.72 0.0628
64.6875 -82.3129 0.3699 0.2796 0.3504 0.00000 8.230 1500.0 12.0 0.0000 0.5954 78.79 0.0628
67.5000 -82.3129 0.4754 0.2161 0.3085 0.00000 7.054 1500.0 12.0 0.0000 0.6364 78.32 0.0628
70.3125 -82.3129 0.4213 0.2487 0.3300 0.00000 7.660 1500.0 12.0 0.0000 0.6276 80.21 0.0628
73.1250 -82.3129 0.3144 0.3210 0.3646 0.00000 8.796 1500.0 12.0 0.0000 0.6103 83.41 0.0628
75.9375 -82.3129 0.2823 0.3332 0.3845 0.00000 9.213 1500.0 12.0 0.0000 0.6317 88.42 0.0628
78.7500 -82.3129 0.3125 0.3143 0.3732 0.00000 8.880 1500.0 12.0 0.0000 0.6783 93.18 0.0628
81.5625 -82.3129 0.3421 0.2972 0.3607 0.00000 8.541 1500.0 12.0 0.0000 0.7888 106.26 0.0628
84.3750 -82.3129 0.3297 0.3054 0.3649 0.00000 8.675 1500.0 12.0 0.0000 0.9958 135.18 0.0628
87.1875 -82.3129 0.3744 0.2769 0.3486 0.00000 8.186 1500.0 12.0 0.0000 1.5222 200.83 0.0628
90.0000 -82.3129 0.3789 0.2786 0.3425 0.00000 8.101 1500.0 12.0 0.0000 1.6586 217.67 0.0628
92.8125 -82.3129 0.4023 0.2611 0.3366 0.00000 7.867 1500.0 12.0 0.0000 1.8522 239.72 0.0628
95.6250 -82.3129 0.3745 0.2852 0.3403 0.00000 8.119 1500.0 12.0 0.0000 1.2411 163.02 0.0628
98.4375 -82.3129 0.4260 0.2477 0.3263 0.00000 7.593 1500.0 12.0 0.0000 0.9357 119.10 0.0628
101.2500 -82.3129 0.4170 0.2512 0.3317 0.00000 7.709 1500.0 12.0 0.0000 0.7600 97.42 0.0628
104.0625 -82.3129 0.4169 0.2514 0.3318 0.00000 7.710 1500.0 12.0 0.0000 0.6615 84.82 0.0628
106.8750 -82.3129 0.3565 0.2922 0.3513 0.00000 8.351 1500.0 12.0 0.0000 0.5745 76.52 0.0628
109.6875 -82.3129 0.3749 0.2811 0.3440 0.00000 8.144 1500.0 12.0 0.0000 0.5425 71.39 0.0628
112.5000 -82.3129 0.4079 0.2604 0.3317 0.00000 7.780 1500.0 12.0 0.0000 0.5291 68.12 0.0628
115.3125 -82.3129 0.5408 0.1830 0.2762 0.00000 6.871 1500.0 12.0 0.0000 0.6960 81.35 0.0628
118.1250 -82.3129 0.4924 0.2215 0.2861 0.00000 7.421 1500.0 12.0 0.0000 0.6549 78.90 0.0628
120.9375 -82.3129 0.4122 0.2812 0.3067 0.00000 7.983 1500.0 12.0 0.0000 0.5287 67.01 0.0628
123.7500 -82.3129 0.4367 0.2711 0.2922 0.00000 7.875 1500.0 12.0 0.0000 0.5532 68.74 0.0628
126.5625 -82.3129 0.5056 0.2149 0.2796 0.00000 7.542 1500.0 12.0 0.0000 0.6866 81.87 0.0628
129.3750 -82.3129 0.3867 0.2860 0.3273 0.00000 8.539 1500.0 12.0 0.0000 0.5150 66.80 0.0628
132.1875 -82.3129 0.5235 0.2017 0.2747 0.00000 7.529 1500.0 12.0 0.0000 0.7000 82.48 0.0628
135.0000 -82.3129 0.5043 0.2182 0.2776 0.00000 7.643 1500.0 12.0 0.0000 0.6116 72.89 0.0628
137.8125 -82.3129 0.3618 0.3163 0.3218 0.00000 8.521 1500.0 12.0 0.0000 0.3800 49.72 0.0628
140.6250 -82.3129 0.2370 0.4137 0.3493 0.00000 9.313 1500.0 12.0 0.0000 0.2753 38.60 0.0628
143.4375 -82.3129 0.3156 0.3603 0.3241 0.00000 8.810 1500.0 12.0 0.0000 0.3073 41.10 0.0628
146.2500 -82.3129 0.2705 0.3835 0.3459 0.00000 9.194 1500.0 12.0 0.0000 0.2754 37.99 0.0628
149.0625 -82.3129 0.3781 0.2984 0.3235 0.00000 8.581 1500.0 12.0 0.0000 0.3493 45.40 0.0628
151.8750 -82.3129 0.3978 0.2794 0.3229 0.00000 8.418 1500.0 12.0 0.0000 0.3491 44.94 0.0628
154.6875 -82.3129 0.3813 0.2782 0.3404 0.00000 8.413 1500.0 12.0 0.0000 0.3113 40.76 0.0628
157.5000 -82.3129 0.4387 0.2446 0.3167 0.00000 8.011 1500.0 12.0 0.0000 0.3434 43.21 0.0628
160.3125 -82.3129 0.4504 0.2393 0.3103 0.00000 8.034 1500.0 12.0 0.0000 0.3667 45.73 0.0628
163.1250 -82.3129 0.4370 0.2481 0.3149 0.00000 8.245 1500.0 12.0 0.0000 0.3740 47.06 0.0628
165.9375 -82.3129 0.4740 0.2273 0.2987 0.00000 7.969 1500.0 12.0 0.0000 0.4175 51.13 0.0628
168.7500 -82.3129 0.4315 0.2482 0.3203 0.00000 8.033 1500.0 12.0 0.0000 0.3396 42.97 0.0628
171.5625 -82.3129 0.3830 0.2760 0.3409 0.00000 8.461 1500.0 12.0 0.0000 0.3193 41.79 0.0628
174.3750 -82.3129 0.2750 0.3369 0.3881 0.00000 9.300 1500.0 12.0 0.0000 0.2662 37.44 0.0628
177.1875 -82.3129 0.2565 0.3480 0.3954 0.00000 9.500 1500.0 12.0 0.0000 0.2691 38.29 0.0628
180.0000 -82.3129 0.2538 0.3497 0.3965 0.00000 9.500 1500.0 12.0 0.0000 0.2769 39.47 0.0628
-177.1875 -82.3129 0.2527 0.3504 0.3970 0.00000 9.500 1500.0 12.0 0.0000 0.2883 41.13 0.0628
-174.3750 -82.3129 0.2483 0.3530 0.3987 0.00000 9.500 1500.0 12.0 0.0000 0.3035 43.41 0.0628
-171.5625 -82.3129 0.2483 0.3530 0.3987 0.00000 9.500 1500.0 12.0 0.0000 0.3249 46.46 0.0628
-168.7500 -82.3129 0.2483 0.3530 0.3987 0.00000 9.500 1500.0 12.0 0.0000 0.3533 50.53 0.0628
-165.9375 -82.3129 0.2483 0.3530 0.3987 0.00000 9.500 1500.0 12.0 0.0000 0.3910 55.91 0.0628
-163.1250 -82.3129 0.2483 0.3530 0.3987 0.00000 9.500 1500.0 12.0 0.0000 0.4408 63.03 0.0628
-160.3125 -82.3129 0.2483 0.3530 0.3987 0.00000 9.500 1500.0 12.0 0.0000 0.5069 72.49 0.0628
-157.5000 -82.3129 0.2429 0.3639 0.3932 0.00000 9.500 1500.0 12.0 0.0000 0.5800 82.92 0.0628
-154.6875 -82.3129 0.2393 0.3711 0.3896 0.00000 9.500 1500.0 12.0 0.0000 0.6844 97.82 0.0628
-151.8750 -82.3129 0.2440 0.3616 0.3943 0.00000 9.500 1500.0 12.0 0.0000 0.8526 121.88 0.0628
-149.0625 -82.3129 0.2536 0.3522 0.3942 0.00000 9.500 1500.0 12.0 0.0000 1.0717 152.58 0.0628
-146.2500 -82.3129 0.2580 0.3472 0.3948 0.00000 9.491 1500.0 12.0 0.0000 1.2849 182.67 0.0628
-143.4375 -82.3129 0.2483 0.3530 0.3987 0.00000 9.500 1500.0 12.0 0.0000 1.2041 172.20 0.0628
-140.6250 -82.3129 0.2483 0.3530 0.3987 0.00000 9.500 1500.0 12.0 0.0000 1.1544 165.09 0.0628
-137.8125 -82.3129 0.2483 0.3530 0.3987 0.00000 9.500 1500.0 12.0 0.0000 1.1260 161.02 0.0628
-135.0000 -82.3129 0.2483 0.3530 0.3987 0.00000 9.500 1500.0 12.0 0.0000 1.1155 159.52 0.0628
-132.1875 -82.3129 0.2483 0.3530 0.3987 0.00000 9.500 1500.0 12.0 0.0000 1.1210 160.31 0.0628
-129.3750 -82.3129 0.2483 0.3530 0.3987 0.00000 9.500 1500.0 12.0 0.0000 1.1411 163.18 0.0628
-126.5625 -82.3129 0.2483 0.3530 0.3987 0.00000 9.500 1500.0 12.0 0.0000 1.1748 168.00 0.0628
-123.7500 -82.3129 0.2483 0.3530 0.3987 0.00000 9.500 1500.0 12.0 0.0000 1.2217 174.71 0.0628
-120.9375 -82.3129 0.2483 0.3530 0.3987 0.00000 9.500 1500.0 12.0 0.0000 1.2818 183.31 0.0628
-118.1250 -82.3129 0.2483 0.3530 0.3987 0.00000 9.500 1500.0 12.0 0.0000 1.3561 193.93 0.0628
-115.3125 -82.3129 0.2483 0.3530 0.3987 0.00000 9.500 1500.0 12.0 0.0000 1.4460 206.79 0.0628
-112.5000 -82.3129 0.2483 0.3530 0.3987 0.00000 9.500 1500.0 12.0 0.0000 1.5549 222.37 0.0628
-109.6875 -82.3129 0.2483 0.3530 0.3987 0.00000 9.500 1500.0 12.0 0.0000 1.6884 241.45 0.0628
-106.8750 -82.3129 0.2483 0.3530 0.3987 0.00000 9.500 1500.0 12.0 0.0000 1.8558 265.39 0.0628
-104.0625 -82.3129 0.2483 0.3530 0.3987 0.00000 9.500 1500.0 12.0 0.0000 2.0723 296.35 0.0628
-101.2500 -82.3129 0.2483 0.3530 0.3987 0.00000 9.500 1500.0 12.0 0.0000 1.9409 277.57 0.0628
-98.4375 -82.3129 0.2483 0.3530 0.3987 0.00000 9.500 1500.0 12.0 0.0000 1.6569 236.95 0.0628
-95.6250 -82.3129 0.2601 0.3444 0.3956 0.00000 9.381 1500.0 12.0 0.0000 1.5332 217.86 0.0628
-92.8125 -82.3129 0.2851 0.3268 0.3881 0.00000 8.899 1500.0 12.0 0.0000 1.5378 215.37 0.0628
-90.0000 -82.3129 0.3256 0.2991 0.3753 0.00000 8.328 1500.0 12.0 0.0000 1.7083 233.59 0.0628
-87.1875 -82.3129 0.3250 0.2990 0.3760 0.00000 8.308 1500.0 12.0 0.0000 2.1036 287.82 0.0628
-84.3750 -82.3129 0.3085 0.3199 0.3716 0.00000 8.367 1500.0 12.0 0.0000 2.7073 372.26 0.0628
-81.5625 -82.3129 0.2966 0.3327 0.3707 0.00000 8.508 1500.0 12.0 0.0000 2.4202 334.34 0.0628
-78.7500 -82.3129 0.3319 0.2970 0.3711 0.00000 7.994 1500.0 12.0 0.0000 1.8899 257.14 0.0628
-75.9375 -82.3129 0.3984 0.2455 0.3561 0.00000 6.973 1500.0 12.0 0.0000 1.3530 177.27 0.0628
-73.1250 -82.3129 0.4025 0.2408 0.3567 0.00000 6.800 1500.0 12.0 0.0000 1.0531 137.77 0.0628
-70.3125 -82.3129 0.4006 0.2415 0.3578 0.00000 6.800 1500.0 12.0 0.0000 0.8873 116.24 0.0628
-67.5000 -82.3129 0.4236 0.2323 0.3441 0.00000 6.800 1500.0 12.0 0.0000 0.8098 104.20 0.0628
-64.6875 -82.3129 0.4129 0.2496 0.3375 0.00000 7.270 1500.0 12.0 0.0000 0.7577 97.63 0.0628
-61.8750 -82.3129 0.3940 0.2690 0.3370 0.00000 7.906 1500.0 12.0 0.0000 0.7459 96.93 0.0628
-59.0625 -82.3129 0.3934 0.2677 0.3389 0.00000 7.784 1500.0 12.0 0.0000 0.7615 99.09 0.0628
-56.2500 -82.3129 0.4743 0.2165 0.3091 0.00000 7.057 1500.0 12.0 0.0000 0.8378 103.20 0.0628
-53.4375 -82.3129 0.4962 0.2031 0.3007 0.00000 6.800 1500.0 12.0 0.0000 0.8689 105.38 0.0628
-50.6250 -82.3129 0.4982 0.2023 0.2994 0.00000 6.800 1500.0 12.0 0.0000 0.8505 102.97 0.0628
-47.8125 -82.3129 0.4982 0.2024 0.2994 0.00000 6.799 1500.0 12.0 0.0000 0.7614 92.18 0.0628
-45.0000 -82.3129 0.4982 0.2023 0.2994 0.00000 6.797 1500.0 12.0 0.0000 0.6227 75.39 0.0628
-42.1875 -82.3129 0.4982 0.2023 0.2994 0.00000 6.796 1500.0 12.0 0.0000 0.4779 57.86 0.0628
-39.3750 -82.3129 0.4866 0.2093 0.3041 0.00000 6.925 1500.0 12.0 0.0000 0.3528 43.08 0.0628
-36.5625 -82.3129 0.4681 0.2204 0.3114 0.00000 7.131 1500.0 12.0 0.0000 0.2603 32.20 0.0628
-33.7500 -82.3129 0.4464 0.2336 0.3201 0.00000 7.373 1500.0 12.0 0.0000 0.2424 30.45 0.0628
-30.9375 -82.3129 0.4098 0.2556 0.3346 0.00000 7.781 1500.0 12.0 0.0000 0.1836 23.65 0.0628
-28.1250 -82.3129 0.3741 0.2771 0.3488 0.00000 8.179 1500.0 12.0 0.0000 0.1431 18.88 0.0628
-25.3125 -82.3129 0.3438 0.2954 0.3608 0.00000 8.518 1500.0 12.0 0.0000 0.1155 15.55 0.0628
-22.5000 -82.3129 0.3860 0.2782 0.3358 0.00000 7.979 1500.0 12.0 0.0000 0.0974 12.70 0.0628
-19.6875 -82.3129 0.3659 0.2900 0.3441 0.00000 8.207 1500.0 12.0 0.0000 0.0844 11.16 0.0628
-16.8750 -82.3129 0.3791 0.2832 0.3378 0.00000 8.051 1500.0 12.0 0.0000 0.0758 10.00 0.0628
-14.0625 -82.3129 0.4084 0.2686 0.3230 0.00000 7.736 1500.0 12.0 0.0000 0.0710 10.00 0.0628
-11.2500 -82.3129 0.3865 0.2730 0.3405 0.00000 8.012 1500.0 12.0 0.0000 0.0666 10.00 0.0628
-8.4375 -82.3129 0.4660 0.2270 0.3070 0.00000 7.475 1500.0 12.0 0.0000 0.0763 10.00 0.0628
-5.6250 -82.3129 0.4861 0.2087 0.3052 0.00000 6.944 1500.0 12.0 0.0000 0.0781 10.00 0.0628
-2.8125 -82.3129 0.3872 0.2741 0.3387 0.00000 7.893 1500.0 12.0 0.0000 0.0613 10.00 0.0628
0.0000 -85.0965 0.3583 0.2996 0.3420 0.00000 8.257 1500.0 12.0 0.0000 0.1061 14.06 0.0628
2.8125 -85.0965 0.3264 0.3131 0.3605 0.00000 8.661 1500.0 12.0 0.0000 0.1069 14.49 0.0628
5.6250 -85.0965 0.4425 0.2383 0.3192 0.00000 7.398 1500.0 12.0 0.0000 0.1173 14.75 0.0628
8.4375 -85.0965 0.4931 0.2054 0.3015 0.00000 6.850 1500.0 12.0 0.0000 0.1261 15.32 0.0628
11.2500 -85.0965 0.4458 0.2355 0.3187 0.00000 7.368 1500.0 12.0 0.0000 0.1274 16.00 0.0628
14.0625 -85.0965 0.4267 0.2533 0.3200 0.00000 7.532 1500.0 12.0 0.0000 0.1296 16.43 0.0628
16.8750 -85.0965 0.3574 0.3062 0.3365 0.00000 8.222 1500.0 12.0 0.0000 0.1291 17.06 0.0628
19.6875 -85.0965 0.3313 0.3215 0.3472 0.00000 8.517 1500.0 12.0 0.0000 0.1381 18.56 0.0628
22.5000 -85.0965 0.3330 0.3136 0.3534 0.00000 8.553 1500.0 12.0 0.0000 0.1556 20.97 0.0628
25.3125 -85.0965 0.2942 0.3391 0.3667 0.00000 8.971 1500.0 12.0 0.0000 0.1681 23.19 0.0628
28.1250 -85.0965 0.2807 0.3430 0.3763 0.00000 9.156 1500.0 12.0 0.0000 0.1914 26.70 0.0628
30.9375 -85.0965 0.2811 0.3538 0.3650 0.00000 9.061 1500.0 12.0 0.0000 0.2131 29.56 0.0628
33.7500 -85.0965 0.2526 0.3546 0.3928 0.00000 9.500 1500.0 12.0 0.0000 0.2629 37.41 0.0628
36.5625 -85.0965 0.2673 0.3415 0.3912 0.00000 9.381 1500.0 12.0 0.0000 0.3276 46.31 0.0628
39.3750 -85.0965 0.3333 0.3018 0.3650 0.00000 8.640 1500.0 12.0 0.0000 0.4322 58.59 0.0628
42.1875 -85.0965 0.3666 0.2817 0.3518 0.00000 8.266 1500.0 12.0 0.0000 0.5697 75.55 0.0628
45.0000 -85.0965 0.3540 0.2893 0.3568 0.00000 8.408 1500.0 12.0 0.0000 0.5570 74.49 0.0628
47.8125 -85.0965 0.3698 0.2797 0.3505 0.00000 8.230 1500.0 12.0 0.0000 0.5577 73.81 0.0628
50.6250 -85.0965 0.3859 0.2700 0.3441 0.00000 8.049 1500.0 12.0 0.0000 0.4532 59.34 0.0628
53.4375 -85.0965 0.4358 0.2399 0.3242 0.00000 7.490 1500.0 12.0 0.0000 0.4761 60.25 0.0628
56.2500 -85.0965 0.4762 0.2156 0.3082 0.00000 7.038 1500.0 12.0 0.0000 0.5067 62.33 0.0628
59.0625 -85.0965 0.4982 0.2024 0.2994 0.00000 6.793 1500.0 12.0 0.0000 0.5427 65.70 0.0628
61.8750 -85.0965 0.4982 0.2024 0.2994 0.00000 6.793 1500.0 12.0 0.0000 0.5779 69.97 0.0628
64.6875 -85.0965 0.4982 0.2024 0.2994 0.00000 6.794 1500.0 12.0 0.0000 0.6294 76.20 0.0628
67.5000 -85.0965 0.4982 0.2024 0.2994 0.00000 6.795 1500.0 12.0 0.0000 0.6240 75.55 0.0628
70.3125 -85.0965 0.4982 0.2024 0.2994 0.00000 6.795 1500.0 12.0 0.0000 0.6335 76.70 0.0628
73.1250 -85.0965 0.4982 0.2024 0.2994 0.00000 6.796 1500.0 12.0 0.0000 0.6710 81.24 0.0628
75.9375 -85.0965 0.4982 0.2024 0.2994 0.00000 6.797 1500.0 12.0 0.0000 0.7397 89.55 0.0628
78.7500 -85.0965 0.4982 0.2024 0.2994 0.00000 6.798 1500.0 12.0 0.0000 0.8485 102.73 0.0628
81.5625 -85.0965 0.4982 0.2024 0.2994 0.00000 6.800 1500.0 12.0 0.0000 1.0190 123.37 0.0628
84.3750 -85.0965 0.4982 0.2024 0.2994 0.00000 6.800 1500.0 12.0 0.0000 1.2783 154.76 0.0628
87.1875 -85.0965 0.4982 0.2024 0.2994 0.00000 6.800 1500.0 12.0 0.0000 1.7061 206.56 0.0628
90.0000 -85.0965 0.4982 0.2024 0.2994 0.00000 6.800 1500.0 12.0 0.0000 2.4866 301.06 0.0628
92.8125 -85.0965 0.4982 0.2024 0.2994 0.00000 6.800 1500.0 12.0 0.0000 2.8051 339.61 0.0628
95.6250 -85.0965 0.4982 0.2024 0.2994 0.00000 6.800 1500.0 12.0 0.0000 3.0576 370.19 0.0628
98.4375 -85.0965 0.4982 0.2024 0.2994 0.00000 6.800 1500.0 12.0 0.0000 2.5915 313.76 0.0628
101.2500 -85.0965 0.4982 0.2024 0.2994 0.00000 6.800 1500.0 12.0 0.0000 2.2663 274.39 0.0628
104.0625 -85.0965 0.4982 0.2024 0.2994 0.00000 6.800 1500.0 12.0 0.0000 2.1891 265.04 0.0628
106.8750 -85.0965 0.4982 0.2024 0.2994 0.00000 6.800 1500.0 12.0 0.0000 2.3007 278.55 0.0628
109.6875 -85.0965 0.4982 0.2024 0.2994 0.00000 6.800 1500.0 12.0 0.0000 2.6435 320.06 0.0628
112.5000 -85.0965 0.4982 0.2024 0.2994 0.00000 6.800 1500.0 12.0 0.0000 3.4079 412.60 0.0628
115.3125 -85.0965 0.4982 0.2024 0.2994 0.00000 6.800 1500.0 12.0 0.0000 2.6325 318.71 0.0628
118.1250 -85.0965 0.4982 0.2023 0.2994 0.00000 6.800 1500.0 12.0 0.0000 2.0019 242.36 0.0628
120.9375 -85.0965 0.4909 0.2068 0.3024 0.00000 6.882 1500.0 12.0 0.0000 1.5826 192.63 0.0628
123.7500 -85.0965 0.4695 0.2197 0.3109 0.00000 7.121 1500.0 12.0 0.0000 1.2843 158.73 0.0628
126.5625 -85.0965 0.4483 0.2324 0.3193 0.00000 7.358 1500.0 12.0 0.0000 1.0673 133.90 0.0628
129.3750 -85.0965 0.4615 0.2245 0.3140 0.00000 7.209 1500.0 12.0 0.0000 0.9204 114.40 0.0628
132.1875 -85.0965 0.4171 0.2512 0.3317 0.00000 7.706 1500.0 12.0 0.0000 0.7898 101.25 0.0628
135.0000 -85.0965 0.4485 0.2323 0.3192 0.00000 7.354 1500.0 12.0 0.0000 0.7183 90.10 0.0628
137.8125 -85.0965 0.4489 0.2321 0.3190 0.00000 7.350 1500.0 12.0 0.0000 0.6546 82.09 0.0628
140.6250 -85.0965 0.3681 0.2859 0.3460 0.00000 8.213 1500.0 12.0 0.0000 0.5665 74.86 0.0628
143.4375 -85.0965 0.3856 0.2770 0.3375 0.00000 8.005 1500.0 12.0 0.0000 0.5311 69.30 0.0628
146.2500 -85.0965 0.3702 0.2818 0.3480 0.00000 8.213 1500.0 12.0 0.0000 0.5058 66.84 0.0628
149.0625 -85.0965 0.3279 0.3195 0.3526 0.00000 8.590 1500.0 12.0 0.0000 0.4570 61.70 0.0628
151.8750 -85.0965 0.3398 0.3169 0.3433 0.00000 8.421 1500.0 12.0 0.0000 0.5487 73.33 0.0628
154.6875 -85.0965 0.3044 0.3384 0.3572 0.00000 8.816 1500.0 12.0 0.0000 0.5258 71.90 0.0628
157.5000 -85.0965 0.2710 0.3393 0.3897 0.00000 9.345 1500.0 12.0 0.0000 0.5366 75.67 0.0628
160.3125 -85.0965 0.2575 0.3475 0.3950 0.00000 9.497 1500.0 12.0 0.0000 0.5260 74.79 0.0628
163.1250 -85.0965 0.2634 0.3439 0.3927 0.00000 9.431 1500.0 12.0 0.0000 0.5243 74.28 0.0628
165.9375 -85.0965 0.2643 0.3434 0.3923 0.00000 9.421 1500.0 12.0 0.0000 0.5244 74.26 0.0628
168.7500 -85.0965 0.2736 0.3377 0.3886 0.00000 9.316 1500.0 12.0 0.0000 0.5298 74.59 0.0628
171.5625 -85.0965 0.2830 0.3321 0.3849 0.00000 9.210 1500.0 12.0 0.0000 0.5380 75.29 0.0628
174.3750 -85.0965 0.2483 0.3530 0.3987 0.00000 9.500 1500.0 12.0 0.0000 0.5361 76.66 0.0628
177.1875 -85.0965 0.2483 0.3530 0.3987 0.00000 9.500 1500.0 12.0 0.0000 0.5463 78.13 0.0628
180.0000 -85.0965 0.2539 0.3519 0.3942 0.00000 9.500 1500.0 12.0 0.0000 0.5568 79.26 0.0628
-177.1875 -85.0965 0.2545 0.3512 0.3943 0.00000 9.500 1500.0 12.0 0.0000 0.4577 65.14 0.0628
-174.3750 -85.0965 0.2693 0.3471 0.3836 0.00000 9.311 1500.0 12.0 0.0000 0.4684 65.90 0.0628
-171.5625 -85.0965 0.2797 0.3340 0.3862 0.00000 9.248 1500.0 12.0 0.0000 0.4961 69.58 0.0628
-168.7500 -85.0965 0.2980 0.3231 0.3790 0.00000 9.043 1500.0 12.0 0.0000 0.5189 71.95 0.0628
-165.9375 -85.0965 0.2848 0.3310 0.3842 0.00000 9.190 1500.0 12.0 0.0000 0.5350 74.80 0.0628
-163.1250 -85.0965 0.2483 0.3530 0.3987 0.00000 9.500 1500.0 12.0 0.0000 0.5467 78.19 0.0628
-160.3125 -85.0965 0.2541 0.3495 0.3964 0.00000 9.500 1500.0 12.0 0.0000 0.5726 81.59 0.0628
-157.5000 -85.0965 0.2475 0.3547 0.3978 0.00000 9.500 1500.0 12.0 0.0000 0.5954 85.14 0.0628
-154.6875 -85.0965 0.2437 0.3624 0.3939 0.00000 9.500 1500.0 12.0 0.0000 0.6152 87.95 0.0628
-151.8750 -85.0965 0.2420 0.3657 0.3923 0.00000 9.500 1500.0 12.0 0.0000 0.6442 92.09 0.0628
-149.0625 -85.0965 0.2375 0.3747 0.3878 0.00000 9.500 1500.0 12.0 0.0000 0.6694 95.64 0.0628
-146.2500 -85.0965 0.2326 0.3846 0.3828 0.00000 9.500 1500.0 12.0 0.0000 0.6979 99.69 0.0628
-143.4375 -85.0965 0.2382 0.3733 0.3885 0.00000 9.500 1500.0 12.0 0.0000 0.7659 109.44 0.0628
-140.6250 -85.0965 0.2396 0.3705 0.3899 0.00000 9.500 1500.0 12.0 0.0000 0.8300 118.62 0.0628
-137.8125 -85.0965 0.2395 0.3708 0.3897 0.00000 9.500 1500.0 12.0 0.0000 0.8997 128.57 0.0628
-135.0000 -85.0965 0.2362 0.3774 0.3864 0.00000 9.500 1500.0 12.0 0.0000 0.9720 138.88 0.0628
-132.1875 -85.0965 0.2357 0.3783 0.3859 0.00000 9.500 1500.0 12.0 0.0000 1.0652 152.18 0.0628
-129.3750 -85.0965 0.2350 0.3797 0.3852 0.00000 9.500 1500.0 12.0 0.0000 1.0825 154.65 0.0628
-126.5625 -85.0965 0.2387 0.3724 0.3889 0.00000 9.500 1500.0 12.0 0.0000 1.1307 161.58 0.0628
-123.7500 -85.0965 0.2465 0.3566 0.3968 0.00000 9.500 1500.0 12.0 0.0000 1.2124 173.36 0.0628
-120.9375 -85.0965 0.2483 0.3530 0.3987 0.00000 9.500 1500.0 12.0 0.0000 1.2814 183.25 0.0628
-118.1250 -85.0965 0.2447 0.3602 0.3950 0.00000 9.500 1500.0 12.0 0.0000 1.3378 191.27 0.0628
-115.3125 -85.0965 0.2459 0.3578 0.3963 0.00000 9.500 1500.0 12.0 0.0000 1.4329 204.87 0.0628
-112.5000 -85.0965 0.2483 0.3530 0.3987 0.00000 9.500 1500.0 12.0 0.0000 1.5550 222.38 0.0628
-109.6875 -85.0965 0.2483 0.3530 0.3987 0.00000 9.500 1500.0 12.0 0.0000 1.6885 241.47 0.0628
-106.8750 -85.0965 0.2742 0.3374 0.3884 0.00000 9.310 1500.0 12.0 0.0000 1.8733 263.65 0.0628
-104.0625 -85.0965 0.2894 0.3282 0.3824 0.00000 9.139 1500.0 12.0 0.0000 2.1015 292.94 0.0628
-101.2500 -85.0965 0.3036 0.3197 0.3768 0.00000 8.980 1500.0 12.0 0.0000 2.4036 332.08 0.0628
-98.4375 -85.0965 0.3580 0.2868 0.3551 0.00000 8.369 1500.0 12.0 0.0000 2.8521 380.40 0.0628
-95.6250 -85.0965 0.3994 0.2619 0.3387 0.00000 7.905 1500.0 12.0 0.0000 3.3552 435.31 0.0628
-92.8125 -85.0965 0.4373 0.2323 0.3304 0.00000 7.107 1500.0 12.0 0.0000 3.1455 399.15 0.0628
-90.0000 -85.0965 0.4164 0.2352 0.3484 0.00000 6.800 1500.0 12.0 0.0000 2.9170 377.48 0.0628
-87.1875 -85.0965 0.4107 0.2375 0.3518 0.00000 6.800 1500.0 12.0 0.0000 2.7332 355.28 0.0628
-84.3750 -85.0965 0.4062 0.2393 0.3545 0.00000 6.800 1500.0 12.0 0.0000 2.5768 336.13 0.0628
-81.5625 -85.0965 0.3983 0.2425 0.3592 0.00000 6.800 1500.0 12.0 0.0000 2.3132 303.60 0.0628
-78.7500 -85.0965 0.3983 0.2425 0.3592 0.00000 6.800 1500.0 12.0 0.0000 1.8477 242.51 0.0628
-75.9375 -85.0965 0.3983 0.2424 0.3592 0.00000 6.800 1500.0 12.0 0.0000 1.5029 197.25 0.0628
-73.1250 -85.0965 0.3983 0.2425 0.3592 0.00000 6.800 1500.0 12.0 0.0000 1.2476 163.74 0.0628
-70.3125 -85.0965 0.3983 0.2425 0.3592 0.00000 6.800 1500.0 12.0 0.0000 1.0547 138.43 0.0628
-67.5000 -85.0965 0.4012 0.2413 0.3575 0.00000 6.800 1500.0 12.0 0.0000 0.9089 119.02 0.0628
-64.6875 -85.0965 0.4162 0.2352 0.3485 0.00000 6.800 1500.0 12.0 0.0000 0.8020 103.79 0.0628
-61.8750 -85.0965 0.4197 0.2338 0.3465 0.00000 6.800 1500.0 12.0 0.0000 0.7153 92.32 0.0628
-59.0625 -85.0965 0.4136 0.2363 0.3501 0.00000 6.800 1500.0 12.0 0.0000 0.6446 83.59 0.0628
-56.2500 -85.0965 0.4266 0.2311 0.3423 0.00000 6.800 1500.0 12.0 0.0000 0.5969 76.62 0.0628
-53.4375 -85.0965 0.4728 0.2126 0.3147 0.00000 6.800 1500.0 12.0 0.0000 0.5744 71.04 0.0628
-50.6250 -85.0965 0.4936 0.2042 0.3022 0.00000 6.800 1500.0 12.0 0.0000 0.5516 67.04 0.0628
-47.8125 -85.0965 0.4730 0.2166 0.3104 0.00000 7.027 1500.0 12.0 0.0000 0.5182 63.92 0.0628
-45.0000 -85.0965 0.4612 0.2264 0.3125 0.00000 7.199 1500.0 12.0 0.0000 0.4947 61.44 0.0628
-42.1875 -85.0965 0.4769 0.2167 0.3065 0.00000 7.024 1500.0 12.0 0.0000 0.4890 60.06 0.0628
-39.3750 -85.0965 0.4556 0.2281 0.3164 0.00000 7.273 1500.0 12.0 0.0000 0.4800 59.91 0.0628
-36.5625 -85.0965 0.4499 0.2315 0.3187 0.00000 7.335 1500.0 12.0 0.0000 0.4806 60.22 0.0628
-33.7500 -85.0965 0.3591 0.2862 0.3547 0.00000 8.353 1500.0 12.0 0.0000 0.3589 47.83 0.0628
-30.9375 -85.0965 0.3363 0.2999 0.3638 0.00000 8.608 1500.0 12.0 0.0000 0.2753 37.24 0.0628
-28.1250 -85.0965 0.3836 0.2714 0.3450 0.00000 8.078 1500.0 12.0 0.0000 0.2269 29.75 0.0628
-25.3125 -85.0965 0.4124 0.2540 0.3335 0.00000 7.755 1500.0 12.0 0.0000 0.1908 24.54 0.0628
-22.5000 -85.0965 0.3927 0.2659 0.3414 0.00000 7.976 1500.0 12.0 0.0000 0.1603 20.89 0.0628
-19.6875 -85.0965 0.3510 0.2910 0.3580 0.00000 8.444 1500.0 12.0 0.0000 0.1363 18.26 0.0628
-16.8750 -85.0965 0.3047 0.3251 0.3703 0.00000 8.915 1500.0 12.0 0.0000 0.1450 19.95 0.0628
-14.0625 -85.0965 0.3469 0.2935 0.3596 0.00000 8.489 1500.0 12.0 0.0000 0.1381 18.56 0.0628
-11.2500 -85.0965 0.3428 0.3108 0.3464 0.00000 8.418 1500.0 12.0 0.0000 0.1204 16.10 0.0628
-8.4375 -85.0965 0.3583 0.3133 0.3285 0.00000 8.149 1500.0 12.0 0.0000 0.1096 14.41 0.0628
-5.6250 -85.0965 0.3719 0.2959 0.3323 0.00000 8.070 1500.0 12.0 0.0000 0.1089 14.26 0.0628
-2.8125 -85.0965 0.3456 0.3015 0.3529 0.00000 8.446 1500.0 12.0 0.0000 0.1082 14.49 0.0628
0.0000 -87.8638 0.4982 0.2024 0.2994 0.00000 6.800 1500.0 12.0 0.0000 0.2836 34.34 0.0628
2.8125 -87.8638 0.4982 0.2024 0.2994 0.00000 6.800 1500.0 12.0 0.0000 0.2958 35.82 0.0628
5.6250 -87.8638 0.4913 0.2051 0.3035 0.00000 6.800 1500.0 12.0 0.0000 0.3075 37.44 0.0628
8.4375 -87.8638 0.4876 0.2066 0.3058 0.00000 6.800 1500.0 12.0 0.0000 0.3209 39.19 0.0628
11.2500 -87.8638 0.4880 0.2065 0.3056 0.00000 6.800 1500.0 12.0 0.0000 0.3366 41.10 0.0628
14.0625 -87.8638 0.4814 0.2091 0.3095 0.00000 6.800 1500.0 12.0 0.0000 0.3528 43.32 0.0628
16.8750 -87.8638 0.4858 0.2073 0.3068 0.00000 6.800 1500.0 12.0 0.0000 0.3739 45.74 0.0628
19.6875 -87.8638 0.4982 0.2024 0.2994 0.00000 6.800 1500.0 12.0 0.0000 0.4004 48.47 0.0628
22.5000 -87.8638 0.4982 0.2024 0.2994 0.00000 6.800 1500.0 12.0 0.0000 0.4262 51.60 0.0628
25.3125 -87.8638 0.4982 0.2024 0.2994 0.00000 6.800 1500.0 12.0 0.0000 0.4555 55.15 0.0628
28.1250 -87.8638 0.4982 0.2024 0.2994 0.00000 6.800 1500.0 12.0 0.0000 0.4903 59.37 0.0628
30.9375 -87.8638 0.4729 0.2176 0.3095 0.00000 7.083 1500.0 12.0 0.0000 0.5232 64.50 0.0628
33.7500 -87.8638 0.4604 0.2251 0.3145 0.00000 7.223 1500.0 12.0 0.0000 0.5667 70.49 0.0628
36.5625 -87.8638 0.4463 0.2336 0.3201 0.00000 7.381 1500.0 12.0 0.0000 0.5383 67.63 0.0628
39.3750 -87.8638 0.4789 0.2140 0.3071 0.00000 7.016 1500.0 12.0 0.0000 0.5270 64.70 0.0628
42.1875 -87.8638 0.4982 0.2024 0.2994 0.00000 6.800 1500.0 12.0 0.0000 0.5181 62.73 0.0628
45.0000 -87.8638 0.4982 0.2024 0.2994 0.00000 6.800 1500.0 12.0 0.0000 0.5098 61.72 0.0628
47.8125 -87.8638 0.4982 0.2024 0.2994 0.00000 6.800 1500.0 12.0 0.0000 0.5075 61.44 0.0628
50.6250 -87.8638 0.4982 0.2024 0.2994 0.00000 6.800 1500.0 12.0 0.0000 0.5118 61.96 0.0628
53.4375 -87.8638 0.4982 0.2024 0.2994 0.00000 6.800 1500.0 12.0 0.0000 0.5228 63.29 0.0628
56.2500 -87.8638 0.4982 0.2024 0.2994 0.00000 6.800 1500.0 12.0 0.0000 0.5412 65.52 0.0628
59.0625 -87.8638 0.4982 0.2024 0.2994 0.00000 6.800 1500.0 12.0 0.0000 0.5682 68.79 0.0628
61.8750 -87.8638 0.4982 0.2024 0.2994 0.00000 6.800 1500.0 12.0 0.0000 0.6054 73.29 0.0628
64.6875 -87.8638 0.4982 0.2024 0.2994 0.00000 6.800 1500.0 12.0 0.0000 0.6554 79.35 0.0628
67.5000 -87.8638 0.4982 0.2024 0.2994 0.00000 6.800 1500.0 12.0 0.0000 0.7217 87.38 0.0628
70.3125 -87.8638 0.4982 0.2024 0.2994 0.00000 6.800 1500.0 12.0 0.0000 0.8098 98.04 0.0628
73.1250 -87.8638 0.4982 0.2024 0.2994 0.00000 6.800 1500.0 12.0 0.0000 0.9279 112.34 0.0628
75.9375 -87.8638 0.4982 0.2024 0.2994 0.00000 6.800 1500.0 12.0 0.0000 1.0880 131.73 0.0628
78.7500 -87.8638 0.4982 0.2024 0.2994 0.00000 6.800 1500.0 12.0 0.0000 1.0424 126.20 0.0628
81.5625 -87.8638 0.4982 0.2024 0.2994 0.00000 6.800 1500.0 12.0 0.0000 0.9585 116.05 0.0628
84.3750 -87.8638 0.4982 0.2024 0.2994 0.00000 6.800 1500.0 12.0 0.0000 0.8962 108.50 0.0628
87.1875 -87.8638 0.4982 0.2024 0.2994 0.00000 6.800 1500.0 12.0 0.0000 0.8528 103.25 0.0628
90.0000 -87.8638 0.4982 0.2024 0.2994 0.00000 6.800 1500.0 12.0 0.0000 0.8245 99.83 0.0628
92.8125 -87.8638 0.4982 0.2024 0.2994 0.00000 6.800 1500.0 12.0 0.0000 0.8082 97.86 0.0628
95.6250 -87.8638 0.4982 0.2024 0.2994 0.00000 6.800 1500.0 12.0 0.0000 0.8034 97.27 0.0628
98.4375 -87.8638 0.4982 0.2024 0.2994 0.00000 6.800 1500.0 12.0 0.0000 0.8101 98.08 0.0628
101.2500 -87.8638 0.4982 0.2024 0.2994 0.00000 6.800 1500.0 12.0 0.0000 0.8297 100.46 0.0628
104.0625 -87.8638 0.4982 0.2024 0.2994 0.00000 6.800 1500.0 12.0 0.0000 0.8651 104.74 0.0628
106.8750 -87.8638 0.4982 0.2024 0.2994 0.00000 6.800 1500.0 12.0 0.0000 0.9199 111.38 0.0628
109.6875 -87.8638 0.4982 0.2024 0.2994 0.00000 6.800 1500.0 12.0 0.0000 1.0013 121.23 0.0628
112.5000 -87.8638 0.4982 0.2024 0.2994 0.00000 6.800 1500.0 12.0 0.0000 1.1241 136.09 0.0628
115.3125 -87.8638 0.4982 0.2024 0.2994 0.00000 6.800 1500.0 12.0 0.0000 1.3135 159.03 0.0628
118.1250 -87.8638 0.4982 0.2024 0.2994 0.00000 6.800 1500.0 12.0 0.0000 1.6337 197.80 0.0628
120.9375 -87.8638 0.4982 0.2024 0.2994 0.00000 6.800 1500.0 12.0 0.0000 1.5895 192.45 0.0628
123.7500 -87.8638 0.4982 0.2024 0.2994 0.00000 6.800 1500.0 12.0 0.0000 1.3017 157.59 0.0628
126.5625 -87.8638 0.4982 0.2024 0.2994 0.00000 6.800 1500.0 12.0 0.0000 1.0964 132.74 0.0628
129.3750 -87.8638 0.4982 0.2024 0.2994 0.00000 6.800 1500.0 12.0 0.0000 0.9465 114.60 0.0628
132.1875 -87.8638 0.4982 0.2024 0.2994 0.00000 6.800 1500.0 12.0 0.0000 0.8337 100.94 0.0628
135.0000 -87.8638 0.4982 0.2024 0.2994 0.00000 6.800 1500.0 12.0 0.0000 0.7471 90.45 0.0628
137.8125 -87.8638 0.4982 0.2024 0.2994 0.00000 6.800 1500.0 12.0 0.0000 0.6801 82.34 0.0628
140.6250 -87.8638 0.4982 0.2024 0.2994 0.00000 6.800 1500.0 12.0 0.0000 0.6216 75.25 0.0628
143.4375 -87.8638 0.4982 0.2024 0.2994 0.00000 6.800 1500.0 12.0 0.0000 0.5264 63.73 0.0628
146.2500 -87.8638 0.4982 0.2024 0.2994 0.00000 6.800 1500.0 12.0 0.0000 0.4544 55.02 0.0628
149.0625 -87.8638 0.4982 0.2024 0.2994 0.00000 6.800 1500.0 12.0 0.0000 0.3984 48.23 0.0628
151.8750 -87.8638 0.4869 0.2092 0.3039 0.00000 6.926 1500.0 12.0 0.0000 0.3514 42.89 0.0628
154.6875 -87.8638 0.3931 0.2657 0.3412 0.00000 7.977 1500.0 12.0 0.0000 0.2982 38.86 0.0628
157.5000 -87.8638 0.4071 0.2572 0.3357 0.00000 7.820 1500.0 12.0 0.0000 0.2724 35.15 0.0628
160.3125 -87.8638 0.3344 0.3011 0.3645 0.00000 8.635 1500.0 12.0 0.0000 0.2385 32.31 0.0628
163.1250 -87.8638 0.4158 0.2520 0.3322 0.00000 7.723 1500.0 12.0 0.0000 0.2303 29.55 0.0628
165.9375 -87.8638 0.4055 0.2582 0.3363 0.00000 7.838 1500.0 12.0 0.0000 0.2121 27.41 0.0628
168.7500 -87.8638 0.3147 0.3129 0.3723 0.00000 8.855 1500.0 12.0 0.0000 0.1875 25.72 0.0628
171.5625 -87.8638 0.3154 0.3125 0.3721 0.00000 8.847 1500.0 12.0 0.0000 0.1757 24.09 0.0628
174.3750 -87.8638 0.3488 0.2937 0.3575 0.00000 8.463 1500.0 12.0 0.0000 0.1677 22.49 0.0628
177.1875 -87.8638 0.3450 0.2980 0.3570 0.00000 8.490 1500.0 12.0 0.0000 0.1573 21.12 0.0628
180.0000 -87.8638 0.2729 0.3428 0.3843 0.00000 9.287 1500.0 12.0 0.0000 0.1427 20.06 0.0628
-177.1875 -87.8638 0.3058 0.3266 0.3677 0.00000 8.890 1500.0 12.0 0.0000 0.1371 18.83 0.0628
-174.3750 -87.8638 0.2990 0.3224 0.3786 0.00000 9.032 1500.0 12.0 0.0000 0.1342 18.60 0.0628
-171.5625 -87.8638 0.3526 0.2901 0.3573 0.00000 8.430 1500.0 12.0 0.0000 0.1329 17.79 0.0628
-168.7500 -87.8638 0.3605 0.2875 0.3520 0.00000 8.325 1500.0 12.0 0.0000 0.1277 16.99 0.0628
-165.9375 -87.8638 0.2932 0.3259 0.3809 0.00000 9.097 1500.0 12.0 0.0000 0.1196 16.63 0.0628
-163.1250 -87.8638 0.2709 0.3471 0.3820 0.00000 9.285 1500.0 12.0 0.0000 0.1115 15.67 0.0628
-160.3125 -87.8638 0.3185 0.3106 0.3708 0.00000 8.812 1500.0 12.0 0.0000 0.1142 15.63 0.0628
-157.5000 -87.8638 0.2864 0.3433 0.3704 0.00000 9.067 1500.0 12.0 0.0000 0.1047 14.53 0.0628
-154.6875 -87.8638 0.2594 0.3673 0.3733 0.00000 9.308 1500.0 12.0 0.0000 0.0984 13.84 0.0628
-151.8750 -87.8638 0.3432 0.2958 0.3610 0.00000 8.536 1500.0 12.0 0.0000 0.1079 14.53 0.0628
-149.0625 -87.8638 0.3287 0.3045 0.3668 0.00000 8.699 1500.0 12.0 0.0000 0.1049 14.27 0.0628
-146.2500 -87.8638 0.3106 0.3154 0.3740 0.00000 8.902 1500.0 12.0 0.0000 0.1021 14.05 0.0628
-143.4375 -87.8638 0.3452 0.3013 0.3535 0.00000 8.460 1500.0 12.0 0.0000 0.1005 13.47 0.0628
-140.6250 -87.8638 0.3288 0.3125 0.3587 0.00000 8.633 1500.0 12.0 0.0000 0.0978 13.25 0.0628
-137.8125 -87.8638 0.3795 0.2772 0.3433 0.00000 8.103 1500.0 12.0 0.0000 0.1014 13.30 0.0628
-135.0000 -87.8638 0.3529 0.2899 0.3572 0.00000 8.428 1500.0 12.0 0.0000 0.1001 13.39 0.0628
-132.1875 -87.8638 0.3509 0.2911 0.3580 0.00000 8.449 1500.0 12.0 0.0000 0.0993 13.31 0.0628
-129.3750 -87.8638 0.3464 0.2938 0.3598 0.00000 8.500 1500.0 12.0 0.0000 0.0986 13.25 0.0628
-126.5625 -87.8638 0.3193 0.3102 0.3705 0.00000 8.803 1500.0 12.0 0.0000 0.0968 13.23 0.0628
-123.7500 -87.8638 0.3871 0.2693 0.3436 0.00000 8.043 1500.0 12.0 0.0000 0.1006 13.16 0.0628
-120.9375 -87.8638 0.3799 0.2737 0.3465 0.00000 8.125 1500.0 12.0 0.0000 0.1002 13.18 0.0628
-118.1250 -87.8638 0.4430 0.2356 0.3214 0.00000 7.417 1500.0 12.0 0.0000 0.1046 13.17 0.0628
-115.3125 -87.8638 0.4723 0.2180 0.3097 0.00000 7.090 1500.0 12.0 0.0000 0.1070 13.20 0.0628
-112.5000 -87.8638 0.4811 0.2126 0.3062 0.00000 6.990 1500.0 12.0 0.0000 0.1082 13.26 0.0628
-109.6875 -87.8638 0.4982 0.2024 0.2994 0.00000 6.800 1500.0 12.0 0.0000 0.1102 13.34 0.0628
-106.8750 -87.8638 0.4982 0.2024 0.2994 0.00000 6.800 1500.0 12.0 0.0000 0.1111 13.46 0.0628
-104.0625 -87.8638 0.4982 0.2024 0.2994 0.00000 6.800 1500.0 12.0 0.0000 0.1123 13.59 0.0628
-101.2500 -87.8638 0.4982 0.2024 0.2994 0.00000 6.800 1500.0 12.0 0.0000 0.1135 13.75 0.0628
-98.4375 -87.8638 0.4982 0.2024 0.2994 0.00000 6.800 1500.0 12.0 0.0000 0.1150 13.92 0.0628
-95.6250 -87.8638 0.4982 0.2024 0.2994 0.00000 6.800 1500.0 12.0 0.0000 0.1166 14.12 0.0628
-92.8125 -87.8638 0.4982 0.2024 0.2994 0.00000 6.800 1500.0 12.0 0.0000 0.1184 14.34 0.0628
-90.0000 -87.8638 0.4982 0.2024 0.2994 0.00000 6.800 1500.0 12.0 0.0000 0.1203 14.57 0.0628
-87.1875 -87.8638 0.4982 0.2024 0.2994 0.00000 6.800 1500.0 12.0 0.0000 0.1224 14.82 0.0628
-84.3750 -87.8638 0.4982 0.2024 0.2994 0.00000 6.800 1500.0 12.0 0.0000 0.1247 15.09 0.0628
-81.5625 -87.8638 0.4928 0.2045 0.3026 0.00000 6.800 1500.0 12.0 0.0000 0.1265 15.38 0.0628
-78.7500 -87.8638 0.4618 0.2170 0.3212 0.00000 6.800 1500.0 12.0 0.0000 0.1258 15.70 0.0628
-75.9375 -87.8638 0.4660 0.2153 0.3187 0.00000 6.800 1500.0 12.0 0.0000 0.1288 16.02 0.0628
-73.1250 -87.8638 0.4379 0.2266 0.3356 0.00000 6.800 1500.0 12.0 0.0000 0.1287 16.37 0.0628
-70.3125 -87.8638 0.4565 0.2191 0.3244 0.00000 6.800 1500.0 12.0 0.0000 0.1334 16.72 0.0628
-67.5000 -87.8638 0.4343 0.2280 0.3377 0.00000 6.800 1500.0 12.0 0.0000 0.1340 17.10 0.0628
-64.6875 -87.8638 0.4339 0.2282 0.3379 0.00000 6.800 1500.0 12.0 0.0000 0.1371 17.49 0.0628
-61.8750 -87.8638 0.4326 0.2287 0.3387 0.00000 6.800 1500.0 12.0 0.0000 0.1401 17.90 0.0628
-59.0625 -87.8638 0.4228 0.2326 0.3446 0.00000 6.800 1500.0 12.0 0.0000 0.1424 18.34 0.0628
-56.2500 -87.8638 0.4269 0.2310 0.3421 0.00000 6.800 1500.0 12.0 0.0000 0.1464 18.78 0.0628
-53.4375 -87.8638 0.4229 0.2326 0.3445 0.00000 6.800 1500.0 12.0 0.0000 0.1496 19.25 0.0628
-50.6250 -87.8638 0.4192 0.2341 0.3467 0.00000 6.800 1500.0 12.0 0.0000 0.1529 19.74 0.0628
-47.8125 -87.8638 0.4166 0.2351 0.3483 0.00000 6.800 1500.0 12.0 0.0000 0.1562 20.21 0.0628
-45.0000 -87.8638 0.4360 0.2273 0.3367 0.00000 6.800 1500.0 12.0 0.0000 0.1626 20.72 0.0628
-42.1875 -87.8638 0.4234 0.2324 0.3443 0.00000 6.800 1500.0 12.0 0.0000 0.1651 21.25 0.0628
-39.3750 -87.8638 0.4369 0.2270 0.3362 0.00000 6.800 1500.0 12.0 0.0000 0.1716 21.85 0.0628
-36.5625 -87.8638 0.4702 0.2136 0.3162 0.00000 6.800 1500.0 12.0 0.0000 0.1808 22.40 0.0628
-33.7500 -87.8638 0.4894 0.2059 0.3047 0.00000 6.800 1500.0 12.0 0.0000 0.1889 23.04 0.0628
-30.9375 -87.8638 0.4857 0.2074 0.3069 0.00000 6.800 1500.0 12.0 0.0000 0.1940 23.73 0.0628
-28.1250 -87.8638 0.4860 0.2073 0.3068 0.00000 6.800 1500.0 12.0 0.0000 0.1995 24.40 0.0628
-25.3125 -87.8638 0.4875 0.2067 0.3059 0.00000 6.800 1500.0 12.0 0.0000 0.2057 25.12 0.0628
-22.5000 -87.8638 0.4982 0.2024 0.2994 0.00000 6.800 1500.0 12.0 0.0000 0.2137 25.87 0.0628
-19.6875 -87.8638 0.4982 0.2023 0.2994 0.00000 6.800 1500.0 12.0 0.0000 0.2203 26.68 0.0628
-16.8750 -87.8638 0.4982 0.2023 0.2994 0.00000 6.800 1500.0 12.0 0.0000 0.2275 27.55 0.0628
-14.0625 -87.8638 0.4982 0.2024 0.2994 0.00000 6.800 1500.0 12.0 0.0000 0.2353 28.49 0.0628
-11.2500 -87.8638 0.4982 0.2024 0.2994 0.00000 6.800 1500.0 12.0 0.0000 0.2435 29.48 0.0628
-8.4375 -87.8638 0.4982 0.2024 0.2994 0.00000 6.800 1500.0 12.0 0.0000 0.2523 30.55 0.0628
-5.6250 -87.8638 0.4982 0.2024 0.2994 0.00000 6.800 1500.0 12.0 0.0000 0.2621 31.73 0.0628
-2.8125 -87.8638 0.4982 0.2024 0.2994 0.00000 6.800 1500.0 12.0 0.0000 0.2725 33.00 0.0628
