Lon Lat b theta_s theta_fc theta_wp awc_mm u00 u01 u02 u03 u04 u05 u06 u07 u08 u09 u10 u11 u12 u13 u14
11.2500 85.7606 5.89599 0.417667 0.287195 0.127372 192.461 1.000000 1.000000 1.000000 1.000000 1.000000 1.000000 1.000000 1.000000 1.000000 1.000000 1.000000 0.458033 0.194700 0.194700 0.194700
16.8750 85.7606 5.54223 0.413777 0.273391 0.115118 217.158 1.000000 1.000000 1.000000 1.000000 1.000000 1.000000 1.000000 1.000000 1.000000 1.000000 1.000000 1.000000 1.000000 0.532346 0.188100
22.5000 85.7606 5.56749 0.414531 0.275321 0.116387 212.166 1.000000 1.000000 1.000000 1.000000 1.000000 1.000000 1.000000 1.000000 1.000000 1.000000 1.000000 1.000000 0.983656 0.182800 0.182800
39.3750 85.7606 5.64561 0.415660 0.278945 0.119332 239.420 1.000000 1.000000 1.000000 1.000000 1.000000 1.000000 1.000000 1.000000 1.000000 1.000000 1.000000 1.000000 1.000000 1.000000 1.000000
45.0000 85.7606 6.41432 0.424023 0.307480 0.145629 190.074 1.000000 1.000000 1.000000 1.000000 1.000000 1.000000 1.000000 1.000000 1.000000 1.000000 1.000000 0.278455 0.155100 0.155100 0.155100
50.6250 85.7606 6.30290 0.422816 0.303542 0.141878 188.140 1.000000 1.000000 1.000000 1.000000 1.000000 1.000000 1.000000 1.000000 1.000000 1.000000 1.000000 0.205632 0.144000 0.144000 0.144000
56.2500 85.7606 6.52001 0.426999 0.314764 0.150896 176.915 1.000000 1.000000 1.000000 1.000000 1.000000 1.000000 1.000000 1.000000 1.000000 1.000000 0.228568 0.141900 0.141900 0.141900 0.141900
61.8750 85.7606 7.01468 0.434853 0.336321 0.169810 150.110 1.000000 1.000000 1.000000 1.000000 1.000000 1.000000 1.000000 1.000000 0.177458 0.139600 0.139600 0.139600 0.139600 0.139600 0.139600
67.5000 85.7606 6.42472 0.427452 0.314393 0.149084 161.959 1.000000 1.000000 1.000000 1.000000 1.000000 1.000000 1.000000 1.000000 0.993937 0.133900 0.133900 0.133900 0.133900 0.133900 0.133900
73.1250 85.7606 6.36464 0.427394 0.313461 0.147598 147.709 1.000000 1.000000 1.000000 1.000000 1.000000 1.000000 1.000000 0.987835 0.131100 0.131100 0.131100 0.131100 0.131100 0.131100 0.131100
78.7500 85.7606 6.92022 0.434205 0.333986 0.167066 130.103 1.000000 1.000000 1.000000 1.000000 1.000000 1.000000 0.764749 0.128700 0.128700 0.128700 0.128700 0.128700 0.128700 0.128700 0.128700
84.3750 85.7606 6.98352 0.435040 0.336360 0.169313 116.535 1.000000 1.000000 1.000000 1.000000 1.000000 0.834965 0.126800 0.126800 0.126800 0.126800 0.126800 0.126800 0.126800 0.126800 0.126800
90.0000 85.7606 7.16403 0.437583 0.343370 0.175857 103.909 1.000000 1.000000 1.000000 1.000000 0.944058 0.125900 0.125900 0.125900 0.125900 0.125900 0.125900 0.125900 0.125900 0.125900 0.125900
95.6250 85.7606 8.00320 0.446437 0.368463 0.202424 90.365 1.000000 1.000000 1.000000 1.000000 0.164432 0.127800 0.127800 0.127800 0.127800 0.127800 0.127800 0.127800 0.127800 0.127800 0.127800
101.2500 85.7606 7.55883 0.440734 0.353432 0.187448 84.553 1.000000 1.000000 1.000000 0.686080 0.128000 0.128000 0.128000 0.128000 0.128000 0.128000 0.128000 0.128000 0.128000 0.128000 0.128000
106.8750 85.7606 6.93908 0.434917 0.335626 0.168203 82.747 1.000000 1.000000 1.000000 0.534352 0.128000 0.128000 0.128000 0.128000 0.128000 0.128000 0.128000 0.128000 0.128000 0.128000 0.128000
112.5000 85.7606 6.85386 0.434161 0.333153 0.165535 79.349 1.000000 1.000000 1.000000 0.279726 0.132200 0.132200 0.132200 0.132200 0.132200 0.132200 0.132200 0.132200 0.132200 0.132200 0.132200
118.1250 85.7606 7.74098 0.442560 0.358643 0.193072 72.537 1.000000 1.000000 0.689042 0.141000 0.141000 0.141000 0.141000 0.141000 0.141000 0.141000 0.141000 0.141000 0.141000 0.141000 0.141000
123.7500 85.7606 7.70376 0.442119 0.357452 0.191856 70.594 1.000000 1.000000 0.507415 0.146300 0.146300 0.146300 0.146300 0.146300 0.146300 0.146300 0.146300 0.146300 0.146300 0.146300 0.146300
129.3750 85.7606 7.49620 0.439469 0.350340 0.184826 69.605 1.000000 1.000000 0.382583 0.151900 0.151900 0.151900 0.151900 0.151900 0.151900 0.151900 0.151900 0.151900 0.151900 0.151900 0.151900
135.0000 85.7606 6.99391 0.434730 0.335851 0.169229 69.894 1.000000 1.000000 0.316765 0.156500 0.156500 0.156500 0.156500 0.156500 0.156500 0.156500 0.156500 0.156500 0.156500 0.156500 0.156500
140.6250 85.7606 7.78312 0.443088 0.360046 0.194478 66.347 1.000000 0.898626 0.162200 0.162200 0.162200 0.162200 0.162200 0.162200 0.162200 0.162200 0.162200 0.162200 0.162200 0.162200 0.162200
146.2500 85.7606 7.44248 0.440181 0.351276 0.184467 67.928 1.000000 0.902527 0.166900 0.166900 0.166900 0.166900 0.166900 0.166900 0.166900 0.166900 0.166900 0.166900 0.166900 0.166900 0.166900
151.8750 85.7606 7.76012 0.442657 0.358996 0.193557 68.828 1.000000 0.907410 0.173300 0.173300 0.173300 0.173300 0.173300 0.173300 0.173300 0.173300 0.173300 0.173300 0.173300 0.173300 0.173300
157.5000 85.7606 7.88065 0.442202 0.359069 0.195434 71.264 1.000000 1.000000 0.204645 0.179200 0.179200 0.179200 0.179200 0.179200 0.179200 0.179200 0.179200 0.179200 0.179200 0.179200 0.179200
163.1250 85.7606 7.45801 0.437076 0.345227 0.181534 75.188 1.000000 1.000000 0.383996 0.184100 0.184100 0.184100 0.184100 0.184100 0.184100 0.184100 0.184100 0.184100 0.184100 0.184100 0.184100
168.7500 85.7606 6.14971 0.420508 0.296767 0.136108 91.684 1.000000 1.000000 1.000000 0.633202 0.188500 0.188500 0.188500 0.188500 0.188500 0.188500 0.188500 0.188500 0.188500 0.188500 0.188500
174.3750 85.7606 7.05604 0.432772 0.332624 0.168618 80.316 1.000000 1.000000 0.581167 0.193000 0.193000 0.193000 0.193000 0.193000 0.193000 0.193000 0.193000 0.193000 0.193000 0.193000 0.193000
180.0000 85.7606 7.66073 0.442663 0.358181 0.191577 82.645 1.000000 1.000000 0.595338 0.197100 0.197100 0.197100 0.197100 0.197100 0.197100 0.197100 0.197100 0.197100 0.197100 0.197100 0.197100
-174.3750 85.7606 7.36578 0.441218 0.352667 0.183959 88.932 1.000000 1.000000 0.889393 0.198500 0.198500 0.198500 0.198500 0.198500 0.198500 0.198500 0.198500 0.198500 0.198500 0.198500 0.198500
-168.7500 85.7606 6.82514 0.434757 0.334032 0.165484 84.945 1.000000 1.000000 0.633829 0.200500 0.200500 0.200500 0.200500 0.200500 0.200500 0.200500 0.200500 0.200500 0.200500 0.200500 0.200500
-163.1250 85.7606 6.81668 0.432993 0.330377 0.163531 95.246 1.000000 1.000000 1.000000 0.442612 0.206000 0.206000 0.206000 0.206000 0.206000 0.206000 0.206000 0.206000 0.206000 0.206000 0.206000
-157.5000 85.7606 7.21375 0.437966 0.344638 0.177322 89.052 1.000000 1.000000 0.831219 0.207600 0.207600 0.207600 0.207600 0.207600 0.207600 0.207600 0.207600 0.207600 0.207600 0.207600 0.207600
-151.8750 85.7606 7.35061 0.440012 0.350085 0.182368 87.168 1.000000 1.000000 0.703717 0.207800 0.207800 0.207800 0.207800 0.207800 0.207800 0.207800 0.207800 0.207800 0.207800 0.207800 0.207800
-146.2500 85.7606 6.97025 0.436227 0.338612 0.170224 95.047 1.000000 1.000000 1.000000 0.362038 0.207500 0.207500 0.207500 0.207500 0.207500 0.207500 0.207500 0.207500 0.207500 0.207500 0.207500
-140.6250 85.7606 6.95121 0.437671 0.341342 0.171274 107.927 1.000000 1.000000 1.000000 1.000000 0.289102 0.205700 0.205700 0.205700 0.205700 0.205700 0.205700 0.205700 0.205700 0.205700 0.205700
-135.0000 85.7606 6.88747 0.435880 0.337006 0.168022 88.640 1.000000 1.000000 0.811861 0.202800 0.202800 0.202800 0.202800 0.202800 0.202800 0.202800 0.202800 0.202800 0.202800 0.202800 0.202800
-129.3750 85.7606 7.21823 0.439339 0.347458 0.178847 82.448 1.000000 1.000000 0.493410 0.199700 0.199700 0.199700 0.199700 0.199700 0.199700 0.199700 0.199700 0.199700 0.199700 0.199700 0.199700
-123.7500 85.7606 7.29118 0.441008 0.351547 0.182158 83.668 1.000000 1.000000 0.581376 0.196500 0.196500 0.196500 0.196500 0.196500 0.196500 0.196500 0.196500 0.196500 0.196500 0.196500 0.196500
-118.1250 85.7606 7.28093 0.442131 0.353745 0.183127 87.932 1.000000 1.000000 0.842557 0.192600 0.192600 0.192600 0.192600 0.192600 0.192600 0.192600 0.192600 0.192600 0.192600 0.192600 0.192600
-112.5000 85.7606 6.72841 0.436769 0.337040 0.165297 105.570 1.000000 1.000000 1.000000 1.000000 0.283944 0.186300 0.186300 0.186300 0.186300 0.186300 0.186300 0.186300 0.186300 0.186300 0.186300
-106.8750 85.7606 6.35270 0.428464 0.315443 0.148322 96.168 1.000000 1.000000 1.000000 0.768901 0.180500 0.180500 0.180500 0.180500 0.180500 0.180500 0.180500 0.180500 0.180500 0.180500 0.180500
-101.2500 85.7606 6.59339 0.428125 0.317946 0.153674 93.808 1.000000 1.000000 1.000000 0.738197 0.179300 0.179300 0.179300 0.179300 0.179300 0.179300 0.179300 0.179300 0.179300 0.179300 0.179300
-95.6250 85.7606 5.95822 0.419490 0.291767 0.130503 96.477 1.000000 1.000000 1.000000 1.000000 0.267606 0.171500 0.171500 0.171500 0.171500 0.171500 0.171500 0.171500 0.171500 0.171500 0.171500
-90.0000 85.7606 6.78405 0.430244 0.324508 0.160084 91.067 1.000000 1.000000 1.000000 0.652030 0.171500 0.171500 0.171500 0.171500 0.171500 0.171500 0.171500 0.171500 0.171500 0.171500 0.171500
-84.3750 85.7606 5.90630 0.418813 0.289595 0.128619 113.660 1.000000 1.000000 1.000000 1.000000 1.000000 0.557677 0.167000 0.167000 0.167000 0.167000 0.167000 0.167000 0.167000 0.167000 0.167000
-78.7500 85.7606 6.02369 0.420606 0.294998 0.133108 105.282 1.000000 1.000000 1.000000 1.000000 0.875257 0.162800 0.162800 0.162800 0.162800 0.162800 0.162800 0.162800 0.162800 0.162800 0.162800
-73.1250 85.7606 6.84779 0.432035 0.328820 0.163281 89.780 1.000000 1.000000 1.000000 0.696520 0.157000 0.157000 0.157000 0.157000 0.157000 0.157000 0.157000 0.157000 0.157000 0.157000 0.157000
-67.5000 85.7606 7.12837 0.435641 0.339104 0.173092 89.577 1.000000 1.000000 1.000000 0.800785 0.145000 0.145000 0.145000 0.145000 0.145000 0.145000 0.145000 0.145000 0.145000 0.145000 0.145000
-61.8750 85.7606 7.15881 0.435112 0.338365 0.173209 105.904 1.000000 1.000000 1.000000 1.000000 0.823369 0.158900 0.158900 0.158900 0.158900 0.158900 0.158900 0.158900 0.158900 0.158900 0.158900
-56.2500 85.7606 7.71635 0.442104 0.357527 0.192091 111.026 1.000000 1.000000 1.000000 1.000000 1.000000 0.206342 0.167200 0.167200 0.167200 0.167200 0.167200 0.167200 0.167200 0.167200 0.167200
-50.6250 85.7606 7.88183 0.444254 0.363166 0.197682 121.088 1.000000 1.000000 1.000000 1.000000 1.000000 0.711618 0.178400 0.178400 0.178400 0.178400 0.178400 0.178400 0.178400 0.178400 0.178400
-45.0000 85.7606 7.61308 0.441020 0.354480 0.188856 141.604 1.000000 1.000000 1.000000 1.000000 1.000000 1.000000 1.000000 0.202899 0.192400 0.192400 0.192400 0.192400 0.192400 0.192400 0.192400
-39.3750 85.7606 7.09505 0.434806 0.337086 0.171519 148.236 1.000000 1.000000 1.000000 1.000000 1.000000 1.000000 1.000000 0.518230 0.205000 0.205000 0.205000 0.205000 0.205000 0.205000 0.205000
50.6250 80.2688 6.82608 0.434455 0.333431 0.165202 171.812 1.000000 1.000000 1.000000 1.000000 1.000000 1.000000 1.000000 1.000000 1.000000 0.529501 0.136700 0.136700 0.136700 0.136700 0.136700
56.2500 80.2688 6.60103 0.434729 0.331356 0.160290 191.479 1.000000 1.000000 1.000000 1.000000 1.000000 1.000000 1.000000 1.000000 1.000000 1.000000 0.678490 0.128700 0.128700 0.128700 0.128700
61.8750 80.2688 6.24606 0.431013 0.319165 0.148150 181.611 1.000000 1.000000 1.000000 1.000000 1.000000 1.000000 1.000000 1.000000 1.000000 1.000000 0.247273 0.093100 0.093100 0.093100 0.093100
67.5000 80.2688 6.90187 0.440456 0.346556 0.173034 137.680 1.000000 1.000000 1.000000 1.000000 1.000000 1.000000 1.000000 0.494849 0.062800 0.062800 0.062800 0.062800 0.062800 0.062800 0.062800
73.1250 80.2688 7.67230 0.446646 0.366355 0.196133 95.593 1.000000 1.000000 1.000000 1.000000 0.987816 0.062800 0.062800 0.062800 0.062800 0.062800 0.062800 0.062800 0.062800 0.062800 0.062800
78.7500 80.2688 6.90079 0.437704 0.340870 0.170177 115.199 1.000000 1.000000 1.000000 1.000000 1.000000 1.000000 0.246491 0.062800 0.062800 0.062800 0.062800 0.062800 0.062800 0.062800 0.062800
84.3750 80.2688 7.07310 0.441594 0.350650 0.178047 109.144 1.000000 1.000000 1.000000 1.000000 1.000000 0.758202 0.062800 0.062800 0.062800 0.062800 0.062800 0.062800 0.062800 0.062800 0.062800
90.0000 80.2688 6.85855 0.437875 0.340763 0.169397 90.390 1.000000 1.000000 1.000000 1.000000 0.646676 0.062800 0.062800 0.062800 0.062800 0.062800 0.062800 0.062800 0.062800 0.062800 0.062800
95.6250 80.2688 6.92566 0.438273 0.342303 0.171319 89.099 1.000000 1.000000 1.000000 1.000000 0.582946 0.062800 0.062800 0.062800 0.062800 0.062800 0.062800 0.062800 0.062800 0.062800 0.062800
101.2500 80.2688 6.77568 0.435245 0.334459 0.164848 86.015 1.000000 1.000000 1.000000 1.000000 0.443303 0.062800 0.062800 0.062800 0.062800 0.062800 0.062800 0.062800 0.062800 0.062800 0.062800
106.8750 80.2688 7.28880 0.438388 0.346224 0.179362 113.882 1.000000 1.000000 1.000000 1.000000 1.000000 1.000000 0.124096 0.087600 0.087600 0.087600 0.087600 0.087600 0.087600 0.087600 0.087600
112.5000 80.2688 7.88033 0.445785 0.366228 0.199326 124.290 1.000000 1.000000 1.000000 1.000000 1.000000 1.000000 0.555700 0.111400 0.111400 0.111400 0.111400 0.111400 0.111400 0.111400 0.111400
118.1250 80.2688 7.38502 0.440616 0.351625 0.183727 138.668 1.000000 1.000000 1.000000 1.000000 1.000000 1.000000 1.000000 0.395954 0.123300 0.123300 0.123300 0.123300 0.123300 0.123300 0.123300
123.7500 80.2688 7.21284 0.438282 0.345266 0.177631 135.739 1.000000 1.000000 1.000000 1.000000 1.000000 1.000000 1.000000 0.160652 0.133800 0.133800 0.133800 0.133800 0.133800 0.133800 0.133800
129.3750 80.2688 7.09376 0.436436 0.340339 0.173153 167.675 1.000000 1.000000 1.000000 1.000000 1.000000 1.000000 1.000000 1.000000 1.000000 0.321785 0.141500 0.141500 0.141500 0.141500 0.141500
135.0000 80.2688 6.96577 0.434854 0.335792 0.168732 202.128 1.000000 1.000000 1.000000 1.000000 1.000000 1.000000 1.000000 1.000000 1.000000 1.000000 1.000000 0.658720 0.146800 0.146800 0.146800
140.6250 80.2688 6.87785 0.432820 0.330734 0.164734 209.757 1.000000 1.000000 1.000000 1.000000 1.000000 1.000000 1.000000 1.000000 1.000000 1.000000 1.000000 1.000000 0.328197 0.153900 0.153900
146.2500 80.2688 6.21984 0.423083 0.302856 0.140126 198.114 1.000000 1.000000 1.000000 1.000000 1.000000 1.000000 1.000000 1.000000 1.000000 1.000000 1.000000 0.698009 0.158800 0.158800 0.158800
151.8750 80.2688 5.95345 0.419473 0.291655 0.130370 182.160 1.000000 1.000000 1.000000 1.000000 1.000000 1.000000 1.000000 1.000000 1.000000 1.000000 0.641807 0.163100 0.163100 0.163100 0.163100
157.5000 80.2688 6.85733 0.434310 0.333493 0.165762 180.254 1.000000 1.000000 1.000000 1.000000 1.000000 1.000000 1.000000 1.000000 1.000000 0.894641 0.170400 0.170400 0.170400 0.170400 0.170400
163.1250 80.2688 6.59474 0.433245 0.328247 0.158676 172.043 1.000000 1.000000 1.000000 1.000000 1.000000 1.000000 1.000000 1.000000 1.000000 0.253257 0.178500 0.178500 0.178500 0.178500 0.178500
168.7500 80.2688 6.78493 0.434395 0.332839 0.164208 171.573 1.000000 1.000000 1.000000 1.000000 1.000000 1.000000 1.000000 1.000000 1.000000 0.204478 0.194000 0.194000 0.194000 0.194000 0.194000
174.3750 80.2688 7.34807 0.440303 0.350650 0.182621 183.113 1.000000 1.000000 1.000000 1.000000 1.000000 1.000000 1.000000 1.000000 1.000000 0.836158 0.212300 0.212300 0.212300 0.212300 0.212300
180.0000 80.2688 7.43906 0.440802 0.352496 0.185053 183.019 1.000000 1.000000 1.000000 1.000000 1.000000 1.000000 1.000000 1.000000 1.000000 0.768185 0.232400 0.232400 0.232400 0.232400 0.232400
-174.3750 80.2688 6.72059 0.430080 0.323416 0.158484 181.883 1.000000 1.000000 1.000000 1.000000 1.000000 1.000000 1.000000 1.000000 1.000000 0.782239 0.249100 0.249100 0.249100 0.249100 0.249100
-168.7500 80.2688 7.50650 0.439117 0.349730 0.184667 118.709 1.000000 1.000000 1.000000 1.000000 0.595742 0.259600 0.259600 0.259600 0.259600 0.259600 0.259600 0.259600 0.259600 0.259600 0.259600
-163.1250 80.2688 7.62482 0.441349 0.355240 0.189444 109.149 1.000000 1.000000 1.000000 0.629861 0.268500 0.268500 0.268500 0.268500 0.268500 0.268500 0.268500 0.268500 0.268500 0.268500 0.268500
-146.2500 80.2688 6.80950 0.430342 0.325004 0.160752 121.707 1.000000 1.000000 1.000000 1.000000 0.653737 0.275600 0.275600 0.275600 0.275600 0.275600 0.275600 0.275600 0.275600 0.275600 0.275600
-140.6250 80.2688 7.28712 0.437593 0.344613 0.178500 109.479 1.000000 1.000000 1.000000 0.654710 0.266900 0.266900 0.266900 0.266900 0.266900 0.266900 0.266900 0.266900 0.266900 0.266900 0.266900
-135.0000 80.2688 7.48591 0.439079 0.349468 0.184204 113.607 1.000000 1.000000 1.000000 0.940603 0.266700 0.266700 0.266700 0.266700 0.266700 0.266700 0.266700 0.266700 0.266700 0.266700 0.266700
-129.3750 80.2688 7.58935 0.440991 0.354214 0.188343 122.028 1.000000 1.000000 1.000000 1.000000 0.773781 0.258300 0.258300 0.258300 0.258300 0.258300 0.258300 0.258300 0.258300 0.258300 0.258300
-118.1250 80.2688 6.21057 0.425417 0.307341 0.142038 189.938 1.000000 1.000000 1.000000 1.000000 1.000000 1.000000 1.000000 1.000000 1.000000 1.000000 0.665059 0.206300 0.206300 0.206300 0.206300
-112.5000 80.2688 6.76484 0.433101 0.329991 0.162462 213.826 1.000000 1.000000 1.000000 1.000000 1.000000 1.000000 1.000000 1.000000 1.000000 1.000000 1.000000 1.000000 0.352482 0.205500 0.205500
-106.8750 80.2688 7.48497 0.443862 0.359112 0.189273 240.698 1.000000 1.000000 1.000000 1.000000 1.000000 1.000000 1.000000 1.000000 1.000000 1.000000 1.000000 1.000000 1.000000 0.976667 0.195400
-101.2500 80.2688 7.09398 0.433553 0.334582 0.170228 246.531 1.000000 1.000000 1.000000 1.000000 1.000000 1.000000 1.000000 1.000000 1.000000 1.000000 1.000000 1.000000 1.000000 1.000000 1.000000
-95.6250 80.2688 7.38875 0.437154 0.344722 0.180179 246.814 1.000000 1.000000 1.000000 1.000000 1.000000 1.000000 1.000000 1.000000 1.000000 1.000000 1.000000 1.000000 1.000000 1.000000 1.000000
-90.0000 80.2688 6.65051 0.428276 0.318970 0.155135 245.754 1.000000 1.000000 1.000000 1.000000 1.000000 1.000000 1.000000 1.000000 1.000000 1.000000 1.000000 1.000000 1.000000 1.000000 1.000000
-84.3750 80.2688 6.33414 0.425654 0.309573 0.145240 246.500 1.000000 1.000000 1.000000 1.000000 1.000000 1.000000 1.000000 1.000000 1.000000 1.000000 1.000000 1.000000 1.000000 1.000000 1.000000
-78.7500 80.2688 7.26986 0.436891 0.343040 0.177408 248.448 1.000000 1.000000 1.000000 1.000000 1.000000 1.000000 1.000000 1.000000 1.000000 1.000000 1.000000 1.000000 1.000000 1.000000 1.000000
-73.1250 80.2688 6.71618 0.432474 0.328152 0.160729 251.134 1.000000 1.000000 1.000000 1.000000 1.000000 1.000000 1.000000 1.000000 1.000000 1.000000 1.000000 1.000000 1.000000 1.000000 1.000000
-56.2500 80.2688 5.74928 0.418427 0.286182 0.124317 231.699 1.000000 1.000000 1.000000 1.000000 1.000000 1.000000 1.000000 1.000000 1.000000 1.000000 1.000000 1.000000 1.000000 1.000000 0.314315
-50.6250 80.2688 5.63421 0.414745 0.276967 0.118282 238.027 1.000000 1.000000 1.000000 1.000000 1.000000 1.000000 1.000000 1.000000 1.000000 1.000000 1.000000 1.000000 1.000000 1.000000 1.000000
-45.0000 80.2688 4.94376 0.406083 0.246126 0.093335 229.187 1.000000 1.000000 1.000000 1.000000 1.000000 1.000000 1.000000 1.000000 1.000000 1.000000 1.000000 1.000000 1.000000 1.000000 1.000000
61.8750 74.7445 6.57282 0.435566 0.332740 0.160459 179.467 1.000000 1.000000 1.000000 1.000000 1.000000 1.000000 1.000000 1.000000 1.000000 1.000000 0.165892 0.062800 0.062800 0.062800 0.062800
67.5000 74.7445 5.70275 0.427770 0.304283 0.131284 259.499 1.000000 1.000000 1.000000 1.000000 1.000000 1.000000 1.000000 1.000000 1.000000 1.000000 1.000000 1.000000 1.000000 1.000000 1.000000
73.1250 74.7445 6.05202 0.424306 0.302762 0.137121 248.462 1.000000 1.000000 1.000000 1.000000 1.000000 1.000000 1.000000 1.000000 1.000000 1.000000 1.000000 1.000000 1.000000 1.000000 1.000000
78.7500 74.7445 6.91516 0.433303 0.332122 0.166049 247.195 1.000000 1.000000 1.000000 1.000000 1.000000 1.000000 1.000000 1.000000 1.000000 1.000000 1.000000 1.000000 1.000000 1.000000 0.884724
84.3750 74.7445 7.28547 0.439052 0.347530 0.179984 149.426 1.000000 1.000000 1.000000 1.000000 1.000000 1.000000 1.000000 1.000000 0.541709 0.062800 0.062800 0.062800 0.062800 0.062800 0.062800
90.0000 74.7445 7.54788 0.442273 0.356430 0.188865 116.339 1.000000 1.000000 1.000000 1.000000 1.000000 1.000000 0.440492 0.062800 0.062800 0.062800 0.062800 0.062800 0.062800 0.062800 0.062800
95.6250 74.7445 7.94724 0.447582 0.370360 0.202610 146.267 1.000000 1.000000 1.000000 1.000000 1.000000 1.000000 1.000000 1.000000 0.237569 0.080300 0.080300 0.080300 0.080300 0.080300 0.080300
101.2500 74.7445 7.77358 0.445294 0.364407 0.196685 164.853 1.000000 1.000000 1.000000 1.000000 1.000000 1.000000 1.000000 1.000000 1.000000 0.255463 0.114700 0.114700 0.114700 0.114700 0.114700
106.8750 74.7445 7.80049 0.444589 0.363196 0.196449 160.678 1.000000 1.000000 1.000000 1.000000 1.000000 1.000000 1.000000 1.000000 0.693991 0.157000 0.157000 0.157000 0.157000 0.157000 0.157000
112.5000 74.7445 8.06367 0.446680 0.369392 0.203848 158.834 1.000000 1.000000 1.000000 1.000000 1.000000 1.000000 1.000000 1.000000 0.429494 0.194200 0.194200 0.194200 0.194200 0.194200 0.194200
118.1250 74.7445 8.11824 0.447864 0.372157 0.206196 167.358 1.000000 1.000000 1.000000 1.000000 1.000000 1.000000 1.000000 1.000000 0.790565 0.215600 0.215600 0.215600 0.215600 0.215600 0.215600
123.7500 74.7445 8.36341 0.451139 0.380375 0.214429 185.806 1.000000 1.000000 1.000000 1.000000 1.000000 1.000000 1.000000 1.000000 1.000000 1.000000 0.311629 0.221300 0.221300 0.221300 0.221300
129.3750 74.7445 8.17678 0.447940 0.372718 0.207382 200.158 1.000000 1.000000 1.000000 1.000000 1.000000 1.000000 1.000000 1.000000 1.000000 1.000000 1.000000 0.456320 0.216600 0.216600 0.216600
135.0000 74.7445 7.53753 0.439614 0.351004 0.185827 199.097 1.000000 1.000000 1.000000 1.000000 1.000000 1.000000 1.000000 1.000000 1.000000 1.000000 1.000000 0.441278 0.204100 0.204100 0.204100
140.6250 74.7445 7.11865 0.435521 0.338763 0.172759 210.380 1.000000 1.000000 1.000000 1.000000 1.000000 1.000000 1.000000 1.000000 1.000000 1.000000 1.000000 1.000000 0.283999 0.194600 0.194600
146.2500 74.7445 6.54066 0.427065 0.315165 0.151440 245.588 1.000000 1.000000 1.000000 1.000000 1.000000 1.000000 1.000000 1.000000 1.000000 1.000000 1.000000 1.000000 1.000000 1.000000 1.000000
151.8750 74.7445 5.97836 0.419314 0.291749 0.130850 241.349 1.000000 1.000000 1.000000 1.000000 1.000000 1.000000 1.000000 1.000000 1.000000 1.000000 1.000000 1.000000 1.000000 1.000000 1.000000
157.5000 74.7445 7.39998 0.441722 0.354003 0.185213 253.186 1.000000 1.000000 1.000000 1.000000 1.000000 1.000000 1.000000 1.000000 1.000000 1.000000 1.000000 1.000000 1.000000 1.000000 1.000000
163.1250 74.7445 7.00095 0.436569 0.339631 0.171252 252.569 1.000000 1.000000 1.000000 1.000000 1.000000 1.000000 1.000000 1.000000 1.000000 1.000000 1.000000 1.000000 1.000000 1.000000 1.000000
168.7500 74.7445 7.26382 0.437020 0.343237 0.177412 203.259 1.000000 1.000000 1.000000 1.000000 1.000000 1.000000 1.000000 1.000000 1.000000 1.000000 1.000000 0.556963 0.233500 0.233500 0.233500
-118.1250 74.7445 6.60433 0.431810 0.325455 0.157493 161.430 1.000000 1.000000 1.000000 1.000000 1.000000 1.000000 1.000000 1.000000 0.531723 0.179900 0.179900 0.179900 0.179900 0.179900 0.179900
-112.5000 74.7445 7.30900 0.440481 0.350644 0.181982 165.334 1.000000 1.000000 1.000000 1.000000 1.000000 1.000000 1.000000 1.000000 0.655451 0.191200 0.191200 0.191200 0.191200 0.191200 0.191200
-106.8750 74.7445 7.35140 0.441880 0.353880 0.184357 194.007 1.000000 1.000000 1.000000 1.000000 1.000000 1.000000 1.000000 1.000000 1.000000 1.000000 0.777509 0.166700 0.166700 0.166700 0.166700
-101.2500 74.7445 6.52544 0.431810 0.324470 0.155644 230.698 1.000000 1.000000 1.000000 1.000000 1.000000 1.000000 1.000000 1.000000 1.000000 1.000000 1.000000 1.000000 1.000000 0.486500 0.178400
-95.6250 74.7445 5.96582 0.422340 0.297502 0.133205 246.446 1.000000 1.000000 1.000000 1.000000 1.000000 1.000000 1.000000 1.000000 1.000000 1.000000 1.000000 1.000000 1.000000 1.000000 1.000000
-90.0000 74.7445 5.78150 0.415753 0.281542 0.122871 238.007 1.000000 1.000000 1.000000 1.000000 1.000000 1.000000 1.000000 1.000000 1.000000 1.000000 1.000000 1.000000 1.000000 1.000000 1.000000
-84.3750 74.7445 6.69122 0.427381 0.317719 0.155205 243.771 1.000000 1.000000 1.000000 1.000000 1.000000 1.000000 1.000000 1.000000 1.000000 1.000000 1.000000 1.000000 1.000000 1.000000 1.000000
-78.7500 74.7445 7.32545 0.436318 0.342447 0.177990 246.686 1.000000 1.000000 1.000000 1.000000 1.000000 1.000000 1.000000 1.000000 1.000000 1.000000 1.000000 1.000000 1.000000 1.000000 1.000000
-73.1250 74.7445 6.68139 0.428703 0.320201 0.156253 245.922 1.000000 1.000000 1.000000 1.000000 1.000000 1.000000 1.000000 1.000000 1.000000 1.000000 1.000000 1.000000 1.000000 1.000000 1.000000
56.2500 69.2130 6.09013 0.430396 0.315701 0.143691 258.014 1.000000 1.000000 1.000000 1.000000 1.000000 1.000000 1.000000 1.000000 1.000000 1.000000 1.000000 1.000000 1.000000 1.000000 1.000000
61.8750 69.2130 6.70015 0.436835 0.336854 0.164710 258.217 1.000000 1.000000 1.000000 1.000000 1.000000 1.000000 1.000000 1.000000 1.000000 1.000000 1.000000 1.000000 1.000000 1.000000 1.000000
67.5000 69.2130 5.61751 0.415055 0.277261 0.118109 238.728 1.000000 1.000000 1.000000 1.000000 1.000000 1.000000 1.000000 1.000000 1.000000 1.000000 1.000000 1.000000 1.000000 1.000000 1.000000
73.1250 69.2130 5.84119 0.417868 0.286664 0.126171 240.740 1.000000 1.000000 1.000000 1.000000 1.000000 1.000000 1.000000 1.000000 1.000000 1.000000 1.000000 1.000000 1.000000 1.000000 1.000000
78.7500 69.2130 6.51053 0.429234 0.319086 0.152804 249.422 1.000000 1.000000 1.000000 1.000000 1.000000 1.000000 1.000000 1.000000 1.000000 1.000000 1.000000 1.000000 1.000000 1.000000 1.000000
84.3750 69.2130 7.14505 0.436815 0.341630 0.174655 250.462 1.000000 1.000000 1.000000 1.000000 1.000000 1.000000 1.000000 1.000000 1.000000 1.000000 1.000000 1.000000 1.000000 1.000000 1.000000
90.0000 69.2130 7.14257 0.437134 0.342248 0.174930 250.976 1.000000 1.000000 1.000000 1.000000 1.000000 1.000000 1.000000 1.000000 1.000000 1.000000 1.000000 1.000000 1.000000 1.000000 1.000000
95.6250 69.2130 7.06825 0.436311 0.339820 0.172468 236.944 1.000000 1.000000 1.000000 1.000000 1.000000 1.000000 1.000000 1.000000 1.000000 1.000000 1.000000 1.000000 1.000000 1.000000 0.158434
101.2500 69.2130 7.24494 0.437792 0.344598 0.177810 243.065 1.000000 1.000000 1.000000 1.000000 1.000000 1.000000 1.000000 1.000000 1.000000 1.000000 1.000000 1.000000 1.000000 1.000000 0.573275
106.8750 69.2130 7.59171 0.440614 0.353481 0.187990 218.321 1.000000 1.000000 1.000000 1.000000 1.000000 1.000000 1.000000 1.000000 1.000000 1.000000 1.000000 1.000000 0.756736 0.217800 0.217800
112.5000 69.2130 7.97528 0.443677 0.362741 0.198863 186.181 1.000000 1.000000 1.000000 1.000000 1.000000 1.000000 1.000000 1.000000 1.000000 0.927947 0.286600 0.286600 0.286600 0.286600 0.286600
118.1250 69.2130 7.69967 0.438690 0.350611 0.188122 169.809 1.000000 1.000000 1.000000 1.000000 1.000000 1.000000 1.000000 1.000000 0.492704 0.326300 0.326300 0.326300 0.326300 0.326300 0.326300
123.7500 69.2130 7.60370 0.438074 0.348544 0.185549 171.489 1.000000 1.000000 1.000000 1.000000 1.000000 1.000000 1.000000 1.000000 0.520120 0.333500 0.333500 0.333500 0.333500 0.333500 0.333500
129.3750 69.2130 7.91360 0.441368 0.357685 0.195175 173.098 1.000000 1.000000 1.000000 1.000000 1.000000 1.000000 1.000000 1.000000 0.683488 0.328000 0.328000 0.328000 0.328000 0.328000 0.328000
135.0000 69.2130 8.27699 0.445335 0.368244 0.206352 168.303 1.000000 1.000000 1.000000 1.000000 1.000000 1.000000 1.000000 1.000000 0.501830 0.315700 0.315700 0.315700 0.315700 0.315700 0.315700
140.6250 69.2130 7.98954 0.442959 0.361427 0.198356 162.729 1.000000 1.000000 1.000000 1.000000 1.000000 1.000000 1.000000 0.967220 0.287400 0.287400 0.287400 0.287400 0.287400 0.287400 0.287400
146.2500 69.2130 6.57783 0.424494 0.310616 0.149873 201.788 1.000000 1.000000 1.000000 1.000000 1.000000 1.000000 1.000000 1.000000 1.000000 1.000000 1.000000 0.783671 0.256600 0.256600 0.256600
151.8750 69.2130 7.08576 0.436383 0.340150 0.172925 212.642 1.000000 1.000000 1.000000 1.000000 1.000000 1.000000 1.000000 1.000000 1.000000 1.000000 1.000000 1.000000 0.271295 0.222300 0.222300
157.5000 69.2130 7.02831 0.436076 0.338927 0.171353 178.313 1.000000 1.000000 1.000000 1.000000 1.000000 1.000000 1.000000 1.000000 1.000000 0.605879 0.207000 0.207000 0.207000 0.207000 0.207000
163.1250 69.2130 7.03321 0.435408 0.337635 0.170781 159.113 1.000000 1.000000 1.000000 1.000000 1.000000 1.000000 1.000000 0.934448 0.228800 0.228800 0.228800 0.228800 0.228800 0.228800 0.228800
-106.8750 69.2130 6.21784 0.430352 0.317418 0.146828 175.705 1.000000 1.000000 1.000000 1.000000 1.000000 1.000000 1.000000 1.000000 1.000000 0.781303 0.103700 0.103700 0.103700 0.103700 0.103700
-101.2500 69.2130 6.06642 0.426641 0.307676 0.139609 212.739 1.000000 1.000000 1.000000 1.000000 1.000000 1.000000 1.000000 1.000000 1.000000 1.000000 1.000000 1.000000 0.425530 0.116200 0.116200
-95.6250 69.2130 7.01299 0.432559 0.331730 0.167465 246.398 1.000000 1.000000 1.000000 1.000000 1.000000 1.000000 1.000000 1.000000 1.000000 1.000000 1.000000 1.000000 1.000000 1.000000 1.000000
-90.0000 69.2130 6.76825 0.426500 0.316960 0.156102 241.287 1.000000 1.000000 1.000000 1.000000 1.000000 1.000000 1.000000 1.000000 1.000000 1.000000 1.000000 1.000000 1.000000 1.000000 1.000000
-84.3750 69.2130 7.43932 0.434951 0.340862 0.178949 242.869 1.000000 1.000000 1.000000 1.000000 1.000000 1.000000 1.000000 1.000000 1.000000 1.000000 1.000000 1.000000 1.000000 1.000000 1.000000
-78.7500 69.2130 8.17358 0.443438 0.363767 0.202355 242.118 1.000000 1.000000 1.000000 1.000000 1.000000 1.000000 1.000000 1.000000 1.000000 1.000000 1.000000 1.000000 1.000000 1.000000 1.000000
-73.1250 69.2130 8.25963 0.438612 0.355061 0.198723 234.507 1.000000 1.000000 1.000000 1.000000 1.000000 1.000000 1.000000 1.000000 1.000000 1.000000 1.000000 1.000000 1.000000 1.000000 1.000000
-67.5000 69.2130 6.45034 0.414934 0.290662 0.138239 228.633 1.000000 1.000000 1.000000 1.000000 1.000000 1.000000 1.000000 1.000000 1.000000 1.000000 1.000000 1.000000 1.000000 1.000000 1.000000
-61.8750 69.2130 6.80474 0.420620 0.306163 0.151358 232.207 1.000000 1.000000 1.000000 1.000000 1.000000 1.000000 1.000000 1.000000 1.000000 1.000000 1.000000 1.000000 1.000000 1.000000 1.000000
-56.2500 69.2130 7.12520 0.428913 0.325834 0.166268 239.348 1.000000 1.000000 1.000000 1.000000 1.000000 1.000000 1.000000 1.000000 1.000000 1.000000 1.000000 1.000000 1.000000 1.000000 1.000000
0.0000 63.6786 7.30219 0.437258 0.344090 0.178471 157.715 1.000000 1.000000 1.000000 1.000000 1.000000 1.000000 1.000000 0.670541 0.264600 0.264600 0.264600 0.264600 0.264600 0.264600 0.264600
5.6250 63.6786 7.28311 0.434948 0.339311 0.175690 194.616 1.000000 1.000000 1.000000 1.000000 1.000000 1.000000 1.000000 1.000000 1.000000 1.000000 0.724744 0.292400 0.292400 0.292400 0.292400
11.2500 63.6786 6.94280 0.429956 0.325803 0.163340 241.237 1.000000 1.000000 1.000000 1.000000 1.000000 1.000000 1.000000 1.000000 1.000000 1.000000 1.000000 1.000000 1.000000 1.000000 0.848752
16.8750 63.6786 6.77259 0.427061 0.318106 0.156738 242.053 1.000000 1.000000 1.000000 1.000000 1.000000 1.000000 1.000000 1.000000 1.000000 1.000000 1.000000 1.000000 1.000000 1.000000 1.000000
22.5000 63.6786 7.59461 0.436012 0.344411 0.183211 241.801 1.000000 1.000000 1.000000 1.000000 1.000000 1.000000 1.000000 1.000000 1.000000 1.000000 1.000000 1.000000 1.000000 1.000000 1.000000
28.1250 63.6786 7.05404 0.428838 0.324891 0.164666 240.337 1.000000 1.000000 1.000000 1.000000 1.000000 1.000000 1.000000 1.000000 1.000000 1.000000 1.000000 1.000000 1.000000 1.000000 1.000000
33.7500 63.6786 6.76690 0.430342 0.324496 0.159791 247.058 1.000000 1.000000 1.000000 1.000000 1.000000 1.000000 1.000000 1.000000 1.000000 1.000000 1.000000 1.000000 1.000000 1.000000 1.000000
39.3750 63.6786 6.77899 0.436065 0.336170 0.165749 255.631 1.000000 1.000000 1.000000 1.000000 1.000000 1.000000 1.000000 1.000000 1.000000 1.000000 1.000000 1.000000 1.000000 1.000000 1.000000
45.0000 63.6786 6.59742 0.433767 0.329344 0.159254 255.135 1.000000 1.000000 1.000000 1.000000 1.000000 1.000000 1.000000 1.000000 1.000000 1.000000 1.000000 1.000000 1.000000 1.000000 1.000000
67.5000 63.6786 7.34230 0.431597 0.333355 0.173524 239.746 1.000000 1.000000 1.000000 1.000000 1.000000 1.000000 1.000000 1.000000 1.000000 1.000000 1.000000 1.000000 1.000000 1.000000 1.000000
73.1250 63.6786 7.08799 0.427730 0.323134 0.164309 238.237 1.000000 1.000000 1.000000 1.000000 1.000000 1.000000 1.000000 1.000000 1.000000 1.000000 1.000000 1.000000 1.000000 1.000000 1.000000
78.7500 63.6786 7.04526 0.430656 0.328339 0.166273 243.099 1.000000 1.000000 1.000000 1.000000 1.000000 1.000000 1.000000 1.000000 1.000000 1.000000 1.000000 1.000000 1.000000 1.000000 1.000000
84.3750 63.6786 7.39106 0.436006 0.342471 0.179039 245.148 1.000000 1.000000 1.000000 1.000000 1.000000 1.000000 1.000000 1.000000 1.000000 1.000000 1.000000 1.000000 1.000000 1.000000 1.000000
90.0000 63.6786 7.41749 0.437314 0.345315 0.180944 246.557 1.000000 1.000000 1.000000 1.000000 1.000000 1.000000 1.000000 1.000000 1.000000 1.000000 1.000000 1.000000 1.000000 1.000000 1.000000
95.6250 63.6786 7.42982 0.438669 0.348130 0.182614 248.274 1.000000 1.000000 1.000000 1.000000 1.000000 1.000000 1.000000 1.000000 1.000000 1.000000 1.000000 1.000000 1.000000 1.000000 1.000000
101.2500 63.6786 7.99386 0.445003 0.365523 0.200669 223.280 1.000000 1.000000 1.000000 1.000000 1.000000 1.000000 1.000000 1.000000 1.000000 1.000000 1.000000 1.000000 0.992036 0.276000 0.276000
106.8750 63.6786 8.66340 0.450490 0.380921 0.219042 213.032 1.000000 1.000000 1.000000 1.000000 1.000000 1.000000 1.000000 1.000000 1.000000 1.000000 1.000000 1.000000 0.471920 0.344000 0.344000
112.5000 63.6786 8.01819 0.443077 0.361882 0.199031 244.276 1.000000 1.000000 1.000000 1.000000 1.000000 1.000000 1.000000 1.000000 1.000000 1.000000 1.000000 1.000000 1.000000 1.000000 1.000000
118.1250 63.6786 8.74615 0.448582 0.377675 0.218315 239.040 1.000000 1.000000 1.000000 1.000000 1.000000 1.000000 1.000000 1.000000 1.000000 1.000000 1.000000 1.000000 1.000000 1.000000 1.000000
123.7500 63.6786 8.08667 0.440389 0.357145 0.197423 239.583 1.000000 1.000000 1.000000 1.000000 1.000000 1.000000 1.000000 1.000000 1.000000 1.000000 1.000000 1.000000 1.000000 1.000000 1.000000
129.3750 63.6786 7.93229 0.439012 0.353221 0.193014 216.887 1.000000 1.000000 1.000000 1.000000 1.000000 1.000000 1.000000 1.000000 1.000000 1.000000 1.000000 1.000000 0.587140 0.475400 0.475400
135.0000 63.6786 8.78872 0.448567 0.377902 0.219027 181.075 1.000000 1.000000 1.000000 1.000000 1.000000 1.000000 1.000000 1.000000 0.649326 0.458000 0.458000 0.458000 0.458000 0.458000 0.458000
140.6250 63.6786 9.12074 0.452623 0.387664 0.229191 159.422 1.000000 1.000000 1.000000 1.000000 1.000000 1.000000 0.712690 0.418400 0.418400 0.418400 0.418400 0.418400 0.418400 0.418400 0.418400
146.2500 63.6786 7.45466 0.432503 0.336243 0.176759 177.346 1.000000 1.000000 1.000000 1.000000 1.000000 1.000000 1.000000 1.000000 0.904749 0.369200 0.369200 0.369200 0.369200 0.369200 0.369200
151.8750 63.6786 7.36481 0.437024 0.344234 0.179545 174.553 1.000000 1.000000 1.000000 1.000000 1.000000 1.000000 1.000000 1.000000 0.735922 0.310500 0.310500 0.310500 0.310500 0.310500 0.310500
157.5000 63.6786 6.84018 0.432167 0.328995 0.163241 183.446 1.000000 1.000000 1.000000 1.000000 1.000000 1.000000 1.000000 1.000000 1.000000 0.671315 0.279200 0.279200 0.279200 0.279200 0.279200
-151.8750 63.6786 13.06199 0.469735 0.431831 0.299177 173.181 1.000000 1.000000 1.000000 1.000000 1.000000 1.000000 1.000000 1.000000 1.000000 1.000000 1.000000 0.684459 0.456900 0.456900 0.456900
-118.1250 63.6786 6.94920 0.436720 0.339383 0.170257 253.690 1.000000 1.000000 1.000000 1.000000 1.000000 1.000000 1.000000 1.000000 1.000000 1.000000 1.000000 1.000000 1.000000 1.000000 1.000000
-112.5000 63.6786 6.27654 0.427516 0.312484 0.145591 250.340 1.000000 1.000000 1.000000 1.000000 1.000000 1.000000 1.000000 1.000000 1.000000 1.000000 1.000000 1.000000 1.000000 1.000000 1.000000
-106.8750 63.6786 6.06896 0.424109 0.302628 0.137363 247.897 1.000000 1.000000 1.000000 1.000000 1.000000 1.000000 1.000000 1.000000 1.000000 1.000000 1.000000 1.000000 1.000000 1.000000 1.000000
-101.2500 63.6786 5.97169 0.421385 0.295704 0.132505 244.799 1.000000 1.000000 1.000000 1.000000 1.000000 1.000000 1.000000 1.000000 1.000000 1.000000 1.000000 1.000000 1.000000 1.000000 1.000000
-95.6250 63.6786 6.76753 0.430640 0.325097 0.160097 247.499 1.000000 1.000000 1.000000 1.000000 1.000000 1.000000 1.000000 1.000000 1.000000 1.000000 1.000000 1.000000 1.000000 1.000000 1.000000
-90.0000 63.6786 7.13679 0.433652 0.335234 0.171252 245.972 1.000000 1.000000 1.000000 1.000000 1.000000 1.000000 1.000000 1.000000 1.000000 1.000000 1.000000 1.000000 1.000000 1.000000 1.000000
-78.7500 63.6786 7.20119 0.424552 0.318359 0.163612 232.121 1.000000 1.000000 1.000000 1.000000 1.000000 1.000000 1.000000 1.000000 1.000000 1.000000 1.000000 1.000000 1.000000 1.000000 1.000000
-73.1250 63.6786 7.66318 0.428886 0.331391 0.177283 231.162 1.000000 1.000000 1.000000 1.000000 1.000000 1.000000 1.000000 1.000000 1.000000 1.000000 1.000000 1.000000 1.000000 1.000000 1.000000
-67.5000 63.6786 8.10286 0.437597 0.351878 0.194742 235.704 1.000000 1.000000 1.000000 1.000000 1.000000 1.000000 1.000000 1.000000 1.000000 1.000000 1.000000 1.000000 1.000000 1.000000 1.000000
-61.8750 63.6786 8.04659 0.434861 0.346186 0.190801 233.078 1.000000 1.000000 1.000000 1.000000 1.000000 1.000000 1.000000 1.000000 1.000000 1.000000 1.000000 1.000000 1.000000 1.000000 1.000000
-56.2500 63.6786 8.40565 0.437526 0.354110 0.200199 230.867 1.000000 1.000000 1.000000 1.000000 1.000000 1.000000 1.000000 1.000000 1.000000 1.000000 1.000000 1.000000 1.000000 1.000000 1.000000
-50.6250 63.6786 7.85479 0.436683 0.348043 0.189054 238.483 1.000000 1.000000 1.000000 1.000000 1.000000 1.000000 1.000000 1.000000 1.000000 1.000000 1.000000 1.000000 1.000000 1.000000 1.000000
-5.6250 63.6786 6.40416 0.429670 0.318566 0.150701 160.744 1.000000 1.000000 1.000000 1.000000 1.000000 1.000000 1.000000 0.882494 0.241900 0.241900 0.241900 0.241900 0.241900 0.241900 0.241900
0.0000 58.1430 6.51166 0.428275 0.317186 0.151914 157.074 1.000000 1.000000 1.000000 1.000000 1.000000 1.000000 1.000000 1.000000 0.507940 0.166000 0.166000 0.166000 0.166000 0.166000 0.166000
5.6250 58.1430 7.30621 0.436920 0.343456 0.178206 161.941 1.000000 1.000000 1.000000 1.000000 1.000000 1.000000 1.000000 1.000000 0.538025 0.210300 0.210300 0.210300 0.210300 0.210300 0.210300
11.2500 58.1430 7.58899 0.438580 0.349411 0.185783 171.626 1.000000 1.000000 1.000000 1.000000 1.000000 1.000000 1.000000 1.000000 0.824408 0.277400 0.277400 0.277400 0.277400 0.277400 0.277400
16.8750 58.1430 8.59337 0.447215 0.374055 0.214126 186.255 1.000000 1.000000 1.000000 1.000000 1.000000 1.000000 1.000000 1.000000 1.000000 0.744105 0.380400 0.380400 0.380400 0.380400 0.380400
22.5000 58.1430 7.91776 0.437362 0.349896 0.190985 232.953 1.000000 1.000000 1.000000 1.000000 1.000000 1.000000 1.000000 1.000000 1.000000 1.000000 1.000000 1.000000 1.000000 1.000000 0.659415
28.1250 58.1430 9.15942 0.450020 0.382830 0.226836 233.991 1.000000 1.000000 1.000000 1.000000 1.000000 1.000000 1.000000 1.000000 1.000000 1.000000 1.000000 1.000000 1.000000 1.000000 1.000000
33.7500 58.1430 7.50591 0.435850 0.343264 0.181243 243.031 1.000000 1.000000 1.000000 1.000000 1.000000 1.000000 1.000000 1.000000 1.000000 1.000000 1.000000 1.000000 1.000000 1.000000 1.000000
90.0000 58.1430 7.47243 0.435686 0.342624 0.180389 243.353 1.000000 1.000000 1.000000 1.000000 1.000000 1.000000 1.000000 1.000000 1.000000 1.000000 1.000000 1.000000 1.000000 1.000000 1.000000
95.6250 58.1430 8.34101 0.444271 0.366607 0.206350 240.385 1.000000 1.000000 1.000000 1.000000 1.000000 1.000000 1.000000 1.000000 1.000000 1.000000 1.000000 1.000000 1.000000 1.000000 1.000000
101.2500 58.1430 8.40683 0.446299 0.371035 0.209784 241.876 1.000000 1.000000 1.000000 1.000000 1.000000 1.000000 1.000000 1.000000 1.000000 1.000000 1.000000 1.000000 1.000000 1.000000 1.000000
106.8750 58.1430 9.03988 0.450944 0.383965 0.225939 221.570 1.000000 1.000000 1.000000 1.000000 1.000000 1.000000 1.000000 1.000000 1.000000 1.000000 1.000000 1.000000 0.794329 0.613400 0.613400
112.5000 58.1430 9.09457 0.449944 0.382330 0.225696 230.652 1.000000 1.000000 1.000000 1.000000 1.000000 1.000000 1.000000 1.000000 1.000000 1.000000 1.000000 1.000000 1.000000 1.000000 0.725534
118.1250 58.1430 9.19708 0.449175 0.381413 0.226481 232.398 1.000000 1.000000 1.000000 1.000000 1.000000 1.000000 1.000000 1.000000 1.000000 1.000000 1.000000 1.000000 1.000000 1.000000 1.000000
123.7500 58.1430 9.39129 0.452228 0.388281 0.233058 232.835 1.000000 1.000000 1.000000 1.000000 1.000000 1.000000 1.000000 1.000000 1.000000 1.000000 1.000000 1.000000 1.000000 1.000000 1.000000
129.3750 58.1430 8.15461 0.439687 0.356315 0.197939 237.563 1.000000 1.000000 1.000000 1.000000 1.000000 1.000000 1.000000 1.000000 1.000000 1.000000 1.000000 1.000000 1.000000 1.000000 1.000000
135.0000 58.1430 7.89497 0.437031 0.349061 0.190197 221.944 1.000000 1.000000 1.000000 1.000000 1.000000 1.000000 1.000000 1.000000 1.000000 1.000000 1.000000 1.000000 0.816126 0.577300 0.577300
140.6250 58.1430 8.53441 0.444700 0.368772 0.210289 200.811 1.000000 1.000000 1.000000 1.000000 1.000000 1.000000 1.000000 1.000000 1.000000 0.988874 0.536400 0.536400 0.536400 0.536400 0.536400
146.2500 58.1430 8.38749 0.443120 0.364693 0.205928 192.915 1.000000 1.000000 1.000000 1.000000 1.000000 1.000000 1.000000 1.000000 1.000000 0.662454 0.497700 0.497700 0.497700 0.497700 0.497700
151.8750 58.1430 8.10343 0.437867 0.352401 0.195040 232.320 1.000000 1.000000 1.000000 1.000000 1.000000 1.000000 1.000000 1.000000 1.000000 1.000000 1.000000 1.000000 1.000000 1.000000 0.763483
157.5000 58.1430 7.98983 0.439362 0.354373 0.194488 239.827 1.000000 1.000000 1.000000 1.000000 1.000000 1.000000 1.000000 1.000000 1.000000 1.000000 1.000000 1.000000 1.000000 1.000000 1.000000
-151.8750 58.1430 8.15874 0.440148 0.357239 0.198512 238.091 1.000000 1.000000 1.000000 1.000000 1.000000 1.000000 1.000000 1.000000 1.000000 1.000000 1.000000 1.000000 1.000000 1.000000 1.000000
-146.2500 58.1430 8.10933 0.439166 0.354951 0.196536 237.623 1.000000 1.000000 1.000000 1.000000 1.000000 1.000000 1.000000 1.000000 1.000000 1.000000 1.000000 1.000000 1.000000 1.000000 1.000000
-140.6250 58.1430 7.59767 0.435220 0.342894 0.182450 199.189 1.000000 1.000000 1.000000 1.000000 1.000000 1.000000 1.000000 1.000000 1.000000 1.000000 0.526474 0.472100 0.472100 0.472100 0.472100
-135.0000 58.1430 7.82626 0.441103 0.356449 0.193190 162.186 1.000000 1.000000 1.000000 1.000000 1.000000 1.000000 0.851857 0.385300 0.385300 0.385300 0.385300 0.385300 0.385300 0.385300 0.385300
-118.1250 58.1430 7.33042 0.437177 0.344204 0.178982 247.833 1.000000 1.000000 1.000000 1.000000 1.000000 1.000000 1.000000 1.000000 1.000000 1.000000 1.000000 1.000000 1.000000 1.000000 1.000000
-112.5000 58.1430 7.68000 0.437594 0.348285 0.186576 242.563 1.000000 1.000000 1.000000 1.000000 1.000000 1.000000 1.000000 1.000000 1.000000 1.000000 1.000000 1.000000 1.000000 1.000000 1.000000
-106.8750 58.1430 7.67609 0.434250 0.341742 0.183013 238.094 1.000000 1.000000 1.000000 1.000000 1.000000 1.000000 1.000000 1.000000 1.000000 1.000000 1.000000 1.000000 1.000000 1.000000 1.000000
-101.2500 58.1430 7.44320 0.433800 0.338650 0.177848 241.204 1.000000 1.000000 1.000000 1.000000 1.000000 1.000000 1.000000 1.000000 1.000000 1.000000 1.000000 1.000000 1.000000 1.000000 1.000000
-33.7500 58.1430 6.92314 0.432600 0.330807 0.165524 247.925 1.000000 1.000000 1.000000 1.000000 1.000000 1.000000 1.000000 1.000000 1.000000 1.000000 1.000000 1.000000 1.000000 1.000000 1.000000
-28.1250 58.1430 7.05184 0.430784 0.328661 0.166542 243.180 1.000000 1.000000 1.000000 1.000000 1.000000 1.000000 1.000000 1.000000 1.000000 1.000000 1.000000 1.000000 1.000000 1.000000 1.000000
-22.5000 58.1430 6.21758 0.420520 0.297817 0.137756 240.091 1.000000 1.000000 1.000000 1.000000 1.000000 1.000000 1.000000 1.000000 1.000000 1.000000 1.000000 1.000000 1.000000 1.000000 1.000000
-16.8750 58.1430 6.92618 0.428811 0.323368 0.161851 242.275 1.000000 1.000000 1.000000 1.000000 1.000000 1.000000 1.000000 1.000000 1.000000 1.000000 1.000000 1.000000 1.000000 1.000000 1.000000
-11.2500 58.1430 7.13680 0.432910 0.333768 0.170503 223.379 1.000000 1.000000 1.000000 1.000000 1.000000 1.000000 1.000000 1.000000 1.000000 1.000000 1.000000 1.000000 1.000000 0.440375 0.241700
-5.6250 58.1430 6.62023 0.428133 0.318305 0.154301 193.863 1.000000 1.000000 1.000000 1.000000 1.000000 1.000000 1.000000 1.000000 1.000000 1.000000 1.000000 0.248877 0.190600 0.190600 0.190600
0.0000 52.6065 8.84343 0.452805 0.386531 0.224786 207.791 1.000000 1.000000 1.000000 1.000000 1.000000 1.000000 1.000000 1.000000 1.000000 1.000000 1.000000 0.919176 0.309200 0.309200 0.309200
5.6250 52.6065 8.69799 0.451179 0.382488 0.220427 201.565 1.000000 1.000000 1.000000 1.000000 1.000000 1.000000 1.000000 1.000000 1.000000 1.000000 1.000000 0.417308 0.340100 0.340100 0.340100
11.2500 52.6065 8.68712 0.449021 0.378174 0.217791 207.569 1.000000 1.000000 1.000000 1.000000 1.000000 1.000000 1.000000 1.000000 1.000000 1.000000 1.000000 0.630738 0.437100 0.437100 0.437100
16.8750 52.6065 9.21930 0.451477 0.385958 0.229468 222.076 1.000000 1.000000 1.000000 1.000000 1.000000 1.000000 1.000000 1.000000 1.000000 1.000000 1.000000 1.000000 1.000000 0.612167 0.578900
22.5000 52.6065 8.83139 0.445613 0.372452 0.216438 234.021 1.000000 1.000000 1.000000 1.000000 1.000000 1.000000 1.000000 1.000000 1.000000 1.000000 1.000000 1.000000 1.000000 1.000000 1.000000
28.1250 52.6065 8.85470 0.438722 0.359575 0.209254 225.482 1.000000 1.000000 1.000000 1.000000 1.000000 1.000000 1.000000 1.000000 1.000000 1.000000 1.000000 1.000000 1.000000 1.000000 1.000000
33.7500 52.6065 8.68776 0.441855 0.364342 0.209834 231.763 1.000000 1.000000 1.000000 1.000000 1.000000 1.000000 1.000000 1.000000 1.000000 1.000000 1.000000 1.000000 1.000000 1.000000 1.000000
39.3750 52.6065 8.28976 0.443164 0.364081 0.204201 239.819 1.000000 1.000000 1.000000 1.000000 1.000000 1.000000 1.000000 1.000000 1.000000 1.000000 1.000000 1.000000 1.000000 1.000000 1.000000
95.6250 52.6065 8.10709 0.437359 0.351455 0.194568 235.330 1.000000 1.000000 1.000000 1.000000 1.000000 1.000000 1.000000 1.000000 1.000000 1.000000 1.000000 1.000000 1.000000 1.000000 1.000000
101.2500 52.6065 9.03013 0.444088 0.370773 0.218052 229.082 1.000000 1.000000 1.000000 1.000000 1.000000 1.000000 1.000000 1.000000 1.000000 1.000000 1.000000 1.000000 1.000000 1.000000 1.000000
106.8750 52.6065 9.47368 0.447909 0.380495 0.229401 226.642 1.000000 1.000000 1.000000 1.000000 1.000000 1.000000 1.000000 1.000000 1.000000 1.000000 1.000000 1.000000 1.000000 1.000000 1.000000
112.5000 52.6065 9.33101 0.446847 0.377726 0.225976 227.625 1.000000 1.000000 1.000000 1.000000 1.000000 1.000000 1.000000 1.000000 1.000000 1.000000 1.000000 1.000000 1.000000 1.000000 1.000000
123.7500 52.6065 7.99983 0.438867 0.353493 0.194151 239.013 1.000000 1.000000 1.000000 1.000000 1.000000 1.000000 1.000000 1.000000 1.000000 1.000000 1.000000 1.000000 1.000000 1.000000 1.000000
-157.5000 52.6065 6.40505 0.433079 0.325525 0.154009 60.924 1.000000 1.000000 0.798502 0.062800 0.062800 0.062800 0.062800 0.062800 0.062800 0.062800 0.062800 0.062800 0.062800 0.062800 0.062800
-151.8750 52.6065 7.65291 0.438215 0.349263 0.186687 239.073 1.000000 1.000000 1.000000 1.000000 1.000000 1.000000 1.000000 1.000000 1.000000 1.000000 1.000000 1.000000 1.000000 1.000000 0.705341
-146.2500 52.6065 9.03681 0.447997 0.378257 0.222540 215.540 1.000000 1.000000 1.000000 1.000000 1.000000 1.000000 1.000000 1.000000 1.000000 1.000000 1.000000 1.000000 0.829605 0.506100 0.506100
-140.6250 52.6065 8.91389 0.446574 0.374802 0.218901 189.855 1.000000 1.000000 1.000000 1.000000 1.000000 1.000000 1.000000 1.000000 0.972058 0.534300 0.534300 0.534300 0.534300 0.534300 0.534300
-135.0000 52.6065 7.59893 0.431335 0.335412 0.178487 206.638 1.000000 1.000000 1.000000 1.000000 1.000000 1.000000 1.000000 1.000000 1.000000 1.000000 1.000000 0.649402 0.506200 0.506200 0.506200
-129.3750 52.6065 7.76109 0.440129 0.353979 0.190867 186.825 1.000000 1.000000 1.000000 1.000000 1.000000 1.000000 1.000000 1.000000 1.000000 0.428301 0.405100 0.405100 0.405100 0.405100 0.405100
-112.5000 52.6065 8.43668 0.444745 0.368196 0.208599 209.968 1.000000 1.000000 1.000000 1.000000 1.000000 1.000000 1.000000 1.000000 1.000000 1.000000 1.000000 0.732097 0.474700 0.474700 0.474700
-106.8750 52.6065 8.28587 0.440576 0.359034 0.201316 236.577 1.000000 1.000000 1.000000 1.000000 1.000000 1.000000 1.000000 1.000000 1.000000 1.000000 1.000000 1.000000 1.000000 1.000000 1.000000
-101.2500 52.6065 8.39207 0.439313 0.357403 0.201874 233.294 1.000000 1.000000 1.000000 1.000000 1.000000 1.000000 1.000000 1.000000 1.000000 1.000000 1.000000 1.000000 1.000000 1.000000 1.000000
-95.6250 52.6065 7.93194 0.435859 0.347118 0.189675 236.166 1.000000 1.000000 1.000000 1.000000 1.000000 1.000000 1.000000 1.000000 1.000000 1.000000 1.000000 1.000000 1.000000 1.000000 1.000000
-28.1250 52.6065 6.82298 0.431494 0.327453 0.162189 247.896 1.000000 1.000000 1.000000 1.000000 1.000000 1.000000 1.000000 1.000000 1.000000 1.000000 1.000000 1.000000 1.000000 1.000000 1.000000
-22.5000 52.6065 6.77491 0.420690 0.305910 0.150765 232.718 1.000000 1.000000 1.000000 1.000000 1.000000 1.000000 1.000000 1.000000 1.000000 1.000000 1.000000 1.000000 1.000000 1.000000 1.000000
-16.8750 52.6065 8.04783 0.439182 0.354493 0.195397 238.643 1.000000 1.000000 1.000000 1.000000 1.000000 1.000000 1.000000 1.000000 1.000000 1.000000 1.000000 1.000000 1.000000 1.000000 1.000000
-11.2500 52.6065 9.02393 0.451609 0.385173 0.226437 230.679 1.000000 1.000000 1.000000 1.000000 1.000000 1.000000 1.000000 1.000000 1.000000 1.000000 1.000000 1.000000 1.000000 1.000000 0.532340
-5.6250 52.6065 9.03263 0.453487 0.388892 0.228741 219.043 1.000000 1.000000 1.000000 1.000000 1.000000 1.000000 1.000000 1.000000 1.000000 1.000000 1.000000 1.000000 0.947295 0.365000 0.365000
0.0000 47.0696 8.28179 0.440886 0.359601 0.201576 232.625 1.000000 1.000000 1.000000 1.000000 1.000000 1.000000 1.000000 1.000000 1.000000 1.000000 1.000000 1.000000 1.000000 1.000000 0.720826
5.6250 47.0696 8.62721 0.443068 0.366250 0.210117 225.626 1.000000 1.000000 1.000000 1.000000 1.000000 1.000000 1.000000 1.000000 1.000000 1.000000 1.000000 1.000000 1.000000 0.818675 0.632200
11.2500 47.0696 9.71832 0.452427 0.390238 0.238291 227.921 1.000000 1.000000 1.000000 1.000000 1.000000 1.000000 1.000000 1.000000 1.000000 1.000000 1.000000 1.000000 1.000000 1.000000 1.000000
16.8750 47.0696 10.12226 0.456170 0.399065 0.248525 225.811 1.000000 1.000000 1.000000 1.000000 1.000000 1.000000 1.000000 1.000000 1.000000 1.000000 1.000000 1.000000 1.000000 1.000000 1.000000
22.5000 47.0696 8.52206 0.444829 0.368939 0.210214 238.088 1.000000 1.000000 1.000000 1.000000 1.000000 1.000000 1.000000 1.000000 1.000000 1.000000 1.000000 1.000000 1.000000 1.000000 1.000000
28.1250 47.0696 6.74154 0.421326 0.306679 0.150616 234.095 1.000000 1.000000 1.000000 1.000000 1.000000 1.000000 1.000000 1.000000 1.000000 1.000000 1.000000 1.000000 1.000000 1.000000 1.000000
33.7500 47.0696 5.33834 0.423320 0.288591 0.117570 256.532 1.000000 1.000000 1.000000 1.000000 1.000000 1.000000 1.000000 1.000000 1.000000 1.000000 1.000000 1.000000 1.000000 1.000000 1.000000
-151.8750 47.0696 6.04399 0.428721 0.311579 0.140965 70.437 1.000000 1.000000 1.000000 0.437680 0.062800 0.062800 0.062800 0.062800 0.062800 0.062800 0.062800 0.062800 0.062800 0.062800 0.062800
-146.2500 47.0696 6.51854 0.433025 0.326856 0.156667 72.878 1.000000 1.000000 1.000000 0.591381 0.062800 0.062800 0.062800 0.062800 0.062800 0.062800 0.062800 0.062800 0.062800 0.062800 0.062800
-140.6250 47.0696 8.80251 0.453601 0.387883 0.225004 207.933 1.000000 1.000000 1.000000 1.000000 1.000000 1.000000 1.000000 1.000000 1.000000 1.000000 1.000000 1.000000 0.295131 0.235500 0.235500
-135.0000 47.0696 8.72240 0.450037 0.380380 0.219551 241.244 1.000000 1.000000 1.000000 1.000000 1.000000 1.000000 1.000000 1.000000 1.000000 1.000000 1.000000 1.000000 1.000000 1.000000 1.000000
-129.3750 47.0696 7.32082 0.437114 0.343985 0.178715 203.352 1.000000 1.000000 1.000000 1.000000 1.000000 1.000000 1.000000 1.000000 1.000000 1.000000 0.994619 0.327400 0.327400 0.327400 0.327400
-28.1250 47.0696 6.91790 0.431613 0.328787 0.164427 246.540 1.000000 1.000000 1.000000 1.000000 1.000000 1.000000 1.000000 1.000000 1.000000 1.000000 1.000000 1.000000 1.000000 1.000000 1.000000
-22.5000 47.0696 8.04810 0.434829 0.346138 0.190796 233.013 1.000000 1.000000 1.000000 1.000000 1.000000 1.000000 1.000000 1.000000 1.000000 1.000000 1.000000 1.000000 1.000000 1.000000 1.000000
-16.8750 47.0696 8.48862 0.439456 0.358386 0.203749 231.956 1.000000 1.000000 1.000000 1.000000 1.000000 1.000000 1.000000 1.000000 1.000000 1.000000 1.000000 1.000000 1.000000 1.000000 1.000000
-11.2500 47.0696 9.11010 0.449080 0.380752 0.224966 230.675 1.000000 1.000000 1.000000 1.000000 1.000000 1.000000 1.000000 1.000000 1.000000 1.000000 1.000000 1.000000 1.000000 1.000000 0.807220
-5.6250 47.0696 8.95418 0.447721 0.377246 0.220862 220.634 1.000000 1.000000 1.000000 1.000000 1.000000 1.000000 1.000000 1.000000 1.000000 1.000000 1.000000 1.000000 0.864640 0.621900 0.621900
0.0000 41.5325 8.06089 0.435655 0.347818 0.191903 233.872 1.000000 1.000000 1.000000 1.000000 1.000000 1.000000 1.000000 1.000000 1.000000 1.000000 1.000000 1.000000 1.000000 1.000000 1.000000
5.6250 41.5325 7.55887 0.433285 0.338773 0.179674 238.648 1.000000 1.000000 1.000000 1.000000 1.000000 1.000000 1.000000 1.000000 1.000000 1.000000 1.000000 1.000000 1.000000 1.000000 1.000000
11.2500 41.5325 5.92847 0.422585 0.297394 0.132484 186.764 1.000000 1.000000 1.000000 1.000000 1.000000 1.000000 1.000000 1.000000 1.000000 1.000000 1.000000 0.136839 0.062800 0.062800 0.062800
16.8750 41.5325 6.84852 0.436115 0.337052 0.167381 211.938 1.000000 1.000000 1.000000 1.000000 1.000000 1.000000 1.000000 1.000000 1.000000 1.000000 1.000000 1.000000 0.365516 0.062800 0.062800
33.7500 41.5325 5.30896 0.414641 0.270524 0.109663 241.291 1.000000 1.000000 1.000000 1.000000 1.000000 1.000000 1.000000 1.000000 1.000000 1.000000 1.000000 1.000000 1.000000 1.000000 1.000000
-163.1250 41.5325 5.61352 0.419888 0.286686 0.122050 81.965 1.000000 1.000000 1.000000 1.000000 0.350520 0.062800 0.062800 0.062800 0.062800 0.062800 0.062800 0.062800 0.062800 0.062800 0.062800
-157.5000 41.5325 6.05246 0.425261 0.304683 0.137999 66.519 1.000000 1.000000 1.000000 0.299912 0.062800 0.062800 0.062800 0.062800 0.062800 0.062800 0.062800 0.062800 0.062800 0.062800 0.062800
-151.8750 41.5325 7.52261 0.444501 0.360740 0.190741 68.128 1.000000 1.000000 1.000000 0.316781 0.062800 0.062800 0.062800 0.062800 0.062800 0.062800 0.062800 0.062800 0.062800 0.062800 0.062800
-146.2500 41.5325 6.81494 0.438891 0.342385 0.169444 67.184 1.000000 1.000000 1.000000 0.194008 0.062800 0.062800 0.062800 0.062800 0.062800 0.062800 0.062800 0.062800 0.062800 0.062800 0.062800
-140.6250 41.5325 7.76516 0.447283 0.368384 0.198699 81.867 1.000000 1.000000 1.000000 1.000000 0.092663 0.073200 0.073200 0.073200 0.073200 0.073200 0.073200 0.073200 0.073200 0.073200 0.073200
-135.0000 41.5325 7.71525 0.436356 0.346180 0.185978 240.303 1.000000 1.000000 1.000000 1.000000 1.000000 1.000000 1.000000 1.000000 1.000000 1.000000 1.000000 1.000000 1.000000 1.000000 1.000000
-129.3750 41.5325 7.63079 0.437454 0.347567 0.185444 235.753 1.000000 1.000000 1.000000 1.000000 1.000000 1.000000 1.000000 1.000000 1.000000 1.000000 1.000000 1.000000 1.000000 1.000000 0.541588
-45.0000 41.5325 7.57552 0.441166 0.354444 0.188248 136.025 1.000000 1.000000 1.000000 1.000000 1.000000 0.389192 0.310600 0.310600 0.310600 0.310600 0.310600 0.310600 0.310600 0.310600 0.310600
-39.3750 41.5325 9.17190 0.446965 0.377059 0.223575 175.559 1.000000 1.000000 1.000000 1.000000 1.000000 0.696282 0.638000 0.638000 0.638000 0.638000 0.638000 0.638000 0.638000 0.638000 0.638000
-22.5000 41.5325 7.50973 0.434671 0.340993 0.180103 241.335 1.000000 1.000000 1.000000 1.000000 1.000000 1.000000 1.000000 1.000000 1.000000 1.000000 1.000000 1.000000 1.000000 1.000000 1.000000
-16.8750 41.5325 7.57398 0.429981 0.332586 0.176616 233.955 1.000000 1.000000 1.000000 1.000000 1.000000 1.000000 1.000000 1.000000 1.000000 1.000000 1.000000 1.000000 1.000000 1.000000 1.000000
-11.2500 41.5325 7.93196 0.434375 0.344278 0.188123 234.233 1.000000 1.000000 1.000000 1.000000 1.000000 1.000000 1.000000 1.000000 1.000000 1.000000 1.000000 1.000000 1.000000 1.000000 1.000000
-5.6250 41.5325 8.52584 0.442137 0.363770 0.207320 234.674 1.000000 1.000000 1.000000 1.000000 1.000000 1.000000 1.000000 1.000000 1.000000 1.000000 1.000000 1.000000 1.000000 1.000000 1.000000
11.2500 35.9951 5.71751 0.423553 0.295866 0.127930 112.426 1.000000 1.000000 1.000000 1.000000 1.000000 1.000000 0.192134 0.062800 0.062800 0.062800 0.062800 0.062800 0.062800 0.062800 0.062800
16.8750 35.9951 6.24910 0.427224 0.311511 0.144652 149.455 1.000000 1.000000 1.000000 1.000000 1.000000 1.000000 1.000000 1.000000 0.580134 0.062800 0.062800 0.062800 0.062800 0.062800 0.062800
22.5000 35.9951 6.58668 0.433164 0.327984 0.158408 147.565 1.000000 1.000000 1.000000 1.000000 1.000000 1.000000 1.000000 1.000000 0.325216 0.062800 0.062800 0.062800 0.062800 0.062800 0.062800
28.1250 35.9951 6.65041 0.433456 0.329352 0.160182 164.192 1.000000 1.000000 1.000000 1.000000 1.000000 1.000000 1.000000 1.000000 1.000000 0.391757 0.062800 0.062800 0.062800 0.062800 0.062800
33.7500 35.9951 6.32249 0.427608 0.313308 0.146787 111.696 1.000000 1.000000 1.000000 1.000000 1.000000 1.000000 0.205254 0.062800 0.062800 0.062800 0.062800 0.062800 0.062800 0.062800 0.062800
39.3750 35.9951 5.90986 0.421245 0.294432 0.130831 201.278 1.000000 1.000000 1.000000 1.000000 1.000000 1.000000 1.000000 1.000000 1.000000 1.000000 1.000000 1.000000 0.122236 0.090400 0.090400
45.0000 35.9951 5.84257 0.423002 0.296835 0.130673 249.243 1.000000 1.000000 1.000000 1.000000 1.000000 1.000000 1.000000 1.000000 1.000000 1.000000 1.000000 1.000000 1.000000 1.000000 1.000000
84.3750 35.9951 8.04909 0.444260 0.364459 0.200909 90.050 1.000000 1.000000 1.000000 1.000000 0.867996 0.063800 0.063800 0.063800 0.063800 0.063800 0.063800 0.063800 0.063800 0.063800 0.063800
90.0000 35.9951 6.91307 0.436048 0.337628 0.168767 253.292 1.000000 1.000000 1.000000 1.000000 1.000000 1.000000 1.000000 1.000000 1.000000 1.000000 1.000000 1.000000 1.000000 1.000000 1.000000
95.6250 35.9951 6.30782 0.429626 0.317178 0.148339 248.059 1.000000 1.000000 1.000000 1.000000 1.000000 1.000000 1.000000 1.000000 1.000000 1.000000 1.000000 1.000000 1.000000 1.000000 0.691998
101.2500 35.9951 5.75072 0.423589 0.296498 0.128825 198.025 1.000000 1.000000 1.000000 1.000000 1.000000 1.000000 1.000000 1.000000 1.000000 1.000000 1.000000 0.553724 0.085500 0.085500 0.085500
129.3750 35.9951 7.83025 0.442992 0.360234 0.195302 33.112 1.000000 0.191196 0.062800 0.062800 0.062800 0.062800 0.062800 0.062800 0.062800 0.062800 0.062800 0.062800 0.062800 0.062800 0.062800
-174.3750 35.9951 5.82414 0.426228 0.303075 0.133074 108.901 1.000000 1.000000 1.000000 1.000000 1.000000 0.840676 0.062800 0.062800 0.062800 0.062800 0.062800 0.062800 0.062800 0.062800 0.062800
-163.1250 35.9951 6.09984 0.424536 0.303947 0.138515 103.451 1.000000 1.000000 1.000000 1.000000 1.000000 0.539650 0.079300 0.079300 0.079300 0.079300 0.079300 0.079300 0.079300 0.079300 0.079300
-157.5000 35.9951 6.54878 0.431655 0.324450 0.156043 47.667 1.000000 1.000000 0.076858 0.062800 0.062800 0.062800 0.062800 0.062800 0.062800 0.062800 0.062800 0.062800 0.062800 0.062800 0.062800
-151.8750 35.9951 6.73283 0.438114 0.339869 0.166762 60.597 1.000000 1.000000 0.746956 0.062800 0.062800 0.062800 0.062800 0.062800 0.062800 0.062800 0.062800 0.062800 0.062800 0.062800 0.062800
-146.2500 35.9951 6.35074 0.432764 0.324171 0.152390 56.639 1.000000 1.000000 0.543584 0.062800 0.062800 0.062800 0.062800 0.062800 0.062800 0.062800 0.062800 0.062800 0.062800 0.062800 0.062800
-140.6250 35.9951 7.27336 0.443776 0.357058 0.184716 175.579 1.000000 1.000000 1.000000 1.000000 1.000000 1.000000 1.000000 1.000000 1.000000 0.681825 0.101200 0.101200 0.101200 0.101200 0.101200
-135.0000 35.9951 9.06120 0.446099 0.374771 0.220804 218.976 1.000000 1.000000 1.000000 1.000000 1.000000 1.000000 1.000000 1.000000 1.000000 1.000000 1.000000 1.000000 1.000000 0.620308 0.602000
-129.3750 35.9951 9.17953 0.445349 0.374043 0.221883 214.568 1.000000 1.000000 1.000000 1.000000 1.000000 1.000000 1.000000 1.000000 1.000000 1.000000 0.851500 0.812500 0.812500 0.812500 0.812500
-95.6250 35.9951 6.20574 0.429852 0.316227 0.146057 143.186 1.000000 1.000000 1.000000 1.000000 1.000000 1.000000 1.000000 0.974696 0.062800 0.062800 0.062800 0.062800 0.062800 0.062800 0.062800
-90.0000 35.9951 6.03479 0.428100 0.310171 0.140159 166.651 1.000000 1.000000 1.000000 1.000000 1.000000 1.000000 1.000000 1.000000 1.000000 0.488289 0.062800 0.062800 0.062800 0.062800 0.062800
-61.8750 35.9951 6.17799 0.430160 0.316468 0.145662 53.412 1.000000 1.000000 0.266643 0.071700 0.071700 0.071700 0.071700 0.071700 0.071700 0.071700 0.071700 0.071700 0.071700 0.071700 0.071700
-56.2500 35.9951 6.22842 0.431625 0.320183 0.148300 45.250 1.000000 0.769401 0.066400 0.066400 0.066400 0.066400 0.066400 0.066400 0.066400 0.066400 0.066400 0.066400 0.066400 0.066400 0.066400
-50.6250 35.9951 6.01933 0.426010 0.305689 0.137852 124.520 1.000000 1.000000 1.000000 1.000000 1.000000 1.000000 0.499918 0.114900 0.114900 0.114900 0.114900 0.114900 0.114900 0.114900 0.114900
-45.0000 35.9951 7.15067 0.429766 0.327768 0.167657 212.325 1.000000 1.000000 1.000000 1.000000 1.000000 1.000000 1.000000 1.000000 1.000000 1.000000 1.000000 1.000000 0.517068 0.372000 0.372000
-39.3750 35.9951 9.66015 0.447298 0.380322 0.231547 218.089 1.000000 1.000000 1.000000 1.000000 1.000000 1.000000 0.994960 0.958000 0.958000 0.958000 0.958000 0.958000 0.958000 0.958000 0.958000
-22.5000 35.9951 6.45195 0.429885 0.319632 0.152046 251.379 1.000000 1.000000 1.000000 1.000000 1.000000 1.000000 1.000000 1.000000 1.000000 1.000000 1.000000 1.000000 1.000000 1.000000 1.000000
-16.8750 35.9951 6.51004 0.434230 0.329220 0.157649 66.347 1.000000 1.000000 1.000000 0.176201 0.062800 0.062800 0.062800 0.062800 0.062800 0.062800 0.062800 0.062800 0.062800 0.062800 0.062800
-11.2500 35.9951 6.10157 0.430583 0.316252 0.144154 78.340 1.000000 1.000000 1.000000 0.861294 0.062800 0.062800 0.062800 0.062800 0.062800 0.062800 0.062800 0.062800 0.062800 0.062800 0.062800
-5.6250 35.9951 6.57705 0.435328 0.332299 0.160321 57.027 1.000000 1.000000 0.562328 0.062800 0.062800 0.062800 0.062800 0.062800 0.062800 0.062800 0.062800 0.062800 0.062800 0.062800 0.062800
11.2500 30.4576 6.21223 0.429937 0.316491 0.146297 167.547 1.000000 1.000000 1.000000 1.000000 1.000000 1.000000 1.000000 1.000000 1.000000 0.530463 0.062800 0.062800 0.062800 0.062800 0.062800
16.8750 30.4576 6.04350 0.424755 0.303529 0.137315 153.737 1.000000 1.000000 1.000000 1.000000 1.000000 1.000000 1.000000 1.000000 0.872541 0.062800 0.062800 0.062800 0.062800 0.062800 0.062800
22.5000 30.4576 6.80746 0.433857 0.332010 0.164182 136.496 1.000000 1.000000 1.000000 1.000000 1.000000 1.000000 1.000000 0.693536 0.062800 0.062800 0.062800 0.062800 0.062800 0.062800 0.062800
28.1250 30.4576 6.71546 0.434373 0.331989 0.162596 108.638 1.000000 1.000000 1.000000 1.000000 1.000000 0.848174 0.062800 0.062800 0.062800 0.062800 0.062800 0.062800 0.062800 0.062800 0.062800
33.7500 30.4576 6.59756 0.432339 0.326442 0.157853 62.397 1.000000 1.000000 0.947517 0.062800 0.062800 0.062800 0.062800 0.062800 0.062800 0.062800 0.062800 0.062800 0.062800 0.062800 0.062800
39.3750 30.4576 6.85820 0.434722 0.334334 0.166195 113.297 1.000000 1.000000 1.000000 1.000000 1.000000 0.957988 0.086700 0.086700 0.086700 0.086700 0.086700 0.086700 0.086700 0.086700 0.086700
45.0000 30.4576 5.79382 0.420091 0.290225 0.126884 213.991 1.000000 1.000000 1.000000 1.000000 1.000000 1.000000 1.000000 1.000000 1.000000 1.000000 1.000000 1.000000 0.887444 0.106700 0.106700
50.6250 30.4576 6.33282 0.429510 0.317284 0.148834 252.674 1.000000 1.000000 1.000000 1.000000 1.000000 1.000000 1.000000 1.000000 1.000000 1.000000 1.000000 1.000000 1.000000 1.000000 1.000000
90.0000 30.4576 7.44676 0.436232 0.343453 0.180426 244.541 1.000000 1.000000 1.000000 1.000000 1.000000 1.000000 1.000000 1.000000 1.000000 1.000000 1.000000 1.000000 1.000000 1.000000 1.000000
95.6250 30.4576 7.93266 0.442921 0.360909 0.197221 245.532 1.000000 1.000000 1.000000 1.000000 1.000000 1.000000 1.000000 1.000000 1.000000 1.000000 1.000000 1.000000 1.000000 1.000000 1.000000
101.2500 30.4576 6.42243 0.427115 0.313691 0.148711 190.972 1.000000 1.000000 1.000000 1.000000 1.000000 1.000000 1.000000 1.000000 1.000000 1.000000 1.000000 0.275500 0.100000 0.100000 0.100000
123.7500 30.4576 6.72750 0.434845 0.333088 0.163343 120.040 1.000000 1.000000 1.000000 1.000000 1.000000 0.689371 0.153600 0.153600 0.153600 0.153600 0.153600 0.153600 0.153600 0.153600 0.153600
129.3750 30.4576 8.25843 0.444765 0.366991 0.205382 192.532 1.000000 1.000000 1.000000 1.000000 1.000000 1.000000 1.000000 1.000000 1.000000 0.501973 0.482300 0.482300 0.482300 0.482300 0.482300
135.0000 30.4576 7.71927 0.440499 0.354355 0.190432 245.885 1.000000 1.000000 1.000000 1.000000 1.000000 1.000000 1.000000 1.000000 1.000000 1.000000 1.000000 1.000000 1.000000 1.000000 1.000000
140.6250 30.4576 7.46112 0.439295 0.349670 0.183919 248.626 1.000000 1.000000 1.000000 1.000000 1.000000 1.000000 1.000000 1.000000 1.000000 1.000000 1.000000 1.000000 1.000000 1.000000 1.000000
146.2500 30.4576 7.61298 0.441720 0.355880 0.189600 165.515 1.000000 1.000000 1.000000 1.000000 1.000000 1.000000 1.000000 1.000000 1.000000 0.349466 0.120900 0.120900 0.120900 0.120900 0.120900
174.3750 30.4576 6.34635 0.429192 0.316825 0.148859 105.661 1.000000 1.000000 1.000000 1.000000 1.000000 0.725400 0.062800 0.062800 0.062800 0.062800 0.062800 0.062800 0.062800 0.062800 0.062800
-174.3750 30.4576 6.01830 0.424029 0.301689 0.136030 85.517 1.000000 1.000000 1.000000 1.000000 0.534212 0.062800 0.062800 0.062800 0.062800 0.062800 0.062800 0.062800 0.062800 0.062800 0.062800
-168.7500 30.4576 6.33775 0.428856 0.316029 0.148333 88.517 1.000000 1.000000 1.000000 1.000000 0.650424 0.062800 0.062800 0.062800 0.062800 0.062800 0.062800 0.062800 0.062800 0.062800 0.062800
-163.1250 30.4576 6.34431 0.428227 0.314852 0.147896 168.994 1.000000 1.000000 1.000000 1.000000 1.000000 1.000000 1.000000 1.000000 1.000000 0.674077 0.089600 0.089600 0.089600 0.089600 0.089600
-157.5000 30.4576 6.89491 0.437161 0.339697 0.169491 148.127 1.000000 1.000000 1.000000 1.000000 1.000000 1.000000 1.000000 1.000000 0.162800 0.090000 0.090000 0.090000 0.090000 0.090000 0.090000
-151.8750 30.4576 6.46625 0.432920 0.325982 0.155322 37.653 1.000000 0.389883 0.062800 0.062800 0.062800 0.062800 0.062800 0.062800 0.062800 0.062800 0.062800 0.062800 0.062800 0.062800 0.062800
-140.6250 30.4576 7.08715 0.438535 0.344518 0.175169 146.050 1.000000 1.000000 1.000000 1.000000 1.000000 1.000000 1.000000 0.645598 0.139800 0.139800 0.139800 0.139800 0.139800 0.139800 0.139800
-135.0000 30.4576 9.59332 0.446286 0.378090 0.229394 218.025 1.000000 1.000000 1.000000 1.000000 1.000000 1.000000 1.000000 1.000000 1.000000 1.000000 0.978801 0.920900 0.920900 0.920900 0.920900
-129.3750 30.4576 10.88297 0.455519 0.400727 0.257960 214.152 1.000000 1.000000 1.000000 1.000000 1.000000 1.000000 1.000000 1.000000 1.000000 1.000000 1.000000 1.000000 1.000000 1.000000 1.000000
-101.2500 30.4576 7.37123 0.437823 0.345886 0.180509 248.066 1.000000 1.000000 1.000000 1.000000 1.000000 1.000000 1.000000 1.000000 1.000000 1.000000 1.000000 1.000000 1.000000 1.000000 1.000000
-95.6250 30.4576 5.59751 0.418285 0.283214 0.120278 133.511 1.000000 1.000000 1.000000 1.000000 1.000000 1.000000 1.000000 0.754454 0.062800 0.062800 0.062800 0.062800 0.062800 0.062800 0.062800
-90.0000 30.4576 6.22160 0.426904 0.310475 0.143683 86.868 1.000000 1.000000 1.000000 1.000000 0.580134 0.062800 0.062800 0.062800 0.062800 0.062800 0.062800 0.062800 0.062800 0.062800 0.062800
-84.3750 30.4576 6.95570 0.436062 0.338120 0.169732 63.585 1.000000 1.000000 1.000000 0.085293 0.062800 0.062800 0.062800 0.062800 0.062800 0.062800 0.062800 0.062800 0.062800 0.062800 0.062800
-78.7500 30.4576 6.58063 0.431794 0.325129 0.156924 174.202 1.000000 1.000000 1.000000 1.000000 1.000000 1.000000 1.000000 1.000000 1.000000 0.808564 0.109600 0.109600 0.109600 0.109600 0.109600
-73.1250 30.4576 7.10023 0.438005 0.343574 0.174907 116.032 1.000000 1.000000 1.000000 1.000000 1.000000 0.972125 0.100800 0.100800 0.100800 0.100800 0.100800 0.100800 0.100800 0.100800 0.100800
-67.5000 30.4576 6.40905 0.434225 0.327942 0.155225 81.038 1.000000 1.000000 1.000000 0.882347 0.073600 0.073600 0.073600 0.073600 0.073600 0.073600 0.073600 0.073600 0.073600 0.073600 0.073600
-61.8750 30.4576 6.53469 0.433201 0.327417 0.157221 38.316 1.000000 0.434868 0.062800 0.062800 0.062800 0.062800 0.062800 0.062800 0.062800 0.062800 0.062800 0.062800 0.062800 0.062800 0.062800
-56.2500 30.4576 6.31628 0.429149 0.316328 0.148092 27.610 0.761951 0.062800 0.062800 0.062800 0.062800 0.062800 0.062800 0.062800 0.062800 0.062800 0.062800 0.062800 0.062800 0.062800 0.062800
-50.6250 30.4576 7.01126 0.435474 0.337533 0.170365 92.824 1.000000 1.000000 1.000000 1.000000 0.197744 0.135500 0.135500 0.135500 0.135500 0.135500 0.135500 0.135500 0.135500 0.135500 0.135500
-45.0000 30.4576 7.50530 0.438549 0.348588 0.184045 146.032 1.000000 1.000000 1.000000 1.000000 1.000000 1.000000 1.000000 0.309780 0.223600 0.223600 0.223600 0.223600 0.223600 0.223600 0.223600
-39.3750 30.4576 9.43686 0.442430 0.370088 0.222686 220.881 1.000000 1.000000 1.000000 1.000000 1.000000 1.000000 1.000000 1.000000 1.000000 1.000000 1.000000 0.999662 0.995100 0.995100 0.995100
-33.7500 30.4576 9.47378 0.447210 0.379182 0.228610 216.956 1.000000 1.000000 1.000000 1.000000 1.000000 1.000000 1.000000 1.000000 1.000000 1.000000 0.919997 0.872200 0.872200 0.872200 0.872200
16.8750 24.9199 5.29189 0.415523 0.271916 0.109907 243.014 1.000000 1.000000 1.000000 1.000000 1.000000 1.000000 1.000000 1.000000 1.000000 1.000000 1.000000 1.000000 1.000000 1.000000 1.000000
22.5000 24.9199 6.33054 0.428431 0.315073 0.147757 148.625 1.000000 1.000000 1.000000 1.000000 1.000000 1.000000 1.000000 1.000000 0.506096 0.062800 0.062800 0.062800 0.062800 0.062800 0.062800
28.1250 24.9199 7.94024 0.447256 0.369649 0.202113 174.073 1.000000 1.000000 1.000000 1.000000 1.000000 1.000000 1.000000 1.000000 1.000000 0.893717 0.099300 0.099300 0.099300 0.099300 0.099300
33.7500 24.9199 7.49006 0.442537 0.356461 0.187957 149.852 1.000000 1.000000 1.000000 1.000000 1.000000 1.000000 1.000000 1.000000 0.325477 0.094600 0.094600 0.094600 0.094600 0.094600 0.094600
39.3750 24.9199 7.09648 0.436230 0.339953 0.173001 202.352 1.000000 1.000000 1.000000 1.000000 1.000000 1.000000 1.000000 1.000000 1.000000 1.000000 1.000000 0.711524 0.136300 0.136300 0.136300
45.0000 24.9199 6.72245 0.428720 0.320744 0.157205 245.308 1.000000 1.000000 1.000000 1.000000 1.000000 1.000000 1.000000 1.000000 1.000000 1.000000 1.000000 1.000000 1.000000 1.000000 1.000000
50.6250 24.9199 6.77974 0.434179 0.332342 0.163874 252.701 1.000000 1.000000 1.000000 1.000000 1.000000 1.000000 1.000000 1.000000 1.000000 1.000000 1.000000 1.000000 1.000000 1.000000 1.000000
84.3750 24.9199 7.69392 0.441943 0.357016 0.191470 236.587 1.000000 1.000000 1.000000 1.000000 1.000000 1.000000 1.000000 1.000000 1.000000 1.000000 1.000000 1.000000 1.000000 1.000000 0.291258
90.0000 24.9199 7.00756 0.429989 0.326608 0.164792 242.724 1.000000 1.000000 1.000000 1.000000 1.000000 1.000000 1.000000 1.000000 1.000000 1.000000 1.000000 1.000000 1.000000 1.000000 1.000000
95.6250 24.9199 8.49184 0.446955 0.372889 0.212039 241.274 1.000000 1.000000 1.000000 1.000000 1.000000 1.000000 1.000000 1.000000 1.000000 1.000000 1.000000 1.000000 1.000000 1.000000 1.000000
101.2500 24.9199 7.84092 0.442067 0.358481 0.194514 245.950 1.000000 1.000000 1.000000 1.000000 1.000000 1.000000 1.000000 1.000000 1.000000 1.000000 1.000000 1.000000 1.000000 1.000000 1.000000
106.8750 24.9199 5.69520 0.416728 0.281911 0.121496 180.042 1.000000 1.000000 1.000000 1.000000 1.000000 1.000000 1.000000 1.000000 1.000000 1.000000 0.643465 0.145000 0.145000 0.145000 0.145000
112.5000 24.9199 6.83012 0.432633 0.329811 0.163477 90.932 1.000000 1.000000 1.000000 1.000000 0.534812 0.093200 0.093200 0.093200 0.093200 0.093200 0.093200 0.093200 0.093200 0.093200 0.093200
118.1250 24.9199 6.53952 0.424285 0.309698 0.148794 241.357 1.000000 1.000000 1.000000 1.000000 1.000000 1.000000 1.000000 1.000000 1.000000 1.000000 1.000000 1.000000 1.000000 1.000000 1.000000
123.7500 24.9199 6.38261 0.431419 0.321832 0.151862 96.243 1.000000 1.000000 1.000000 1.000000 0.697327 0.096500 0.096500 0.096500 0.096500 0.096500 0.096500 0.096500 0.096500 0.096500 0.096500
168.7500 24.9199 6.68761 0.433140 0.329157 0.160731 87.514 1.000000 1.000000 1.000000 1.000000 0.567951 0.062800 0.062800 0.062800 0.062800 0.062800 0.062800 0.062800 0.062800 0.062800 0.062800
174.3750 24.9199 6.47623 0.431669 0.323558 0.154343 53.621 1.000000 1.000000 0.415187 0.062800 0.062800 0.062800 0.062800 0.062800 0.062800 0.062800 0.062800 0.062800 0.062800 0.062800 0.062800
180.0000 24.9199 6.62769 0.432411 0.326957 0.158625 59.178 1.000000 1.000000 0.761951 0.062800 0.062800 0.062800 0.062800 0.062800 0.062800 0.062800 0.062800 0.062800 0.062800 0.062800 0.062800
-174.3750 24.9199 6.56324 0.431778 0.324880 0.156502 71.061 1.000000 1.000000 1.000000 0.529526 0.062800 0.062800 0.062800 0.062800 0.062800 0.062800 0.062800 0.062800 0.062800 0.062800 0.062800
-168.7500 24.9199 6.71028 0.433415 0.329983 0.161525 96.056 1.000000 1.000000 1.000000 1.000000 1.000000 0.136839 0.062800 0.062800 0.062800 0.062800 0.062800 0.062800 0.062800 0.062800 0.062800
-163.1250 24.9199 5.71669 0.419431 0.287596 0.124339 244.886 1.000000 1.000000 1.000000 1.000000 1.000000 1.000000 1.000000 1.000000 1.000000 1.000000 1.000000 1.000000 1.000000 1.000000 1.000000
-157.5000 24.9199 7.37948 0.439487 0.349298 0.182423 237.000 1.000000 1.000000 1.000000 1.000000 1.000000 1.000000 1.000000 1.000000 1.000000 1.000000 1.000000 1.000000 1.000000 1.000000 0.202203
-140.6250 24.9199 6.70876 0.434189 0.331536 0.162258 142.923 1.000000 1.000000 1.000000 1.000000 1.000000 1.000000 1.000000 0.603120 0.120000 0.120000 0.120000 0.120000 0.120000 0.120000 0.120000
-135.0000 24.9199 10.54414 0.450481 0.390251 0.247685 213.850 1.000000 1.000000 1.000000 1.000000 1.000000 1.000000 1.000000 1.000000 1.000000 1.000000 1.000000 1.000000 1.000000 1.000000 1.000000
-95.6250 24.9199 6.44128 0.430810 0.321361 0.152680 224.199 1.000000 1.000000 1.000000 1.000000 1.000000 1.000000 1.000000 1.000000 1.000000 1.000000 1.000000 1.000000 1.000000 0.213449 0.077900
-90.0000 24.9199 5.78406 0.418459 0.286845 0.125231 242.421 1.000000 1.000000 1.000000 1.000000 1.000000 1.000000 1.000000 1.000000 1.000000 1.000000 1.000000 1.000000 1.000000 1.000000 1.000000
-84.3750 24.9199 6.87621 0.431297 0.327682 0.163187 246.742 1.000000 1.000000 1.000000 1.000000 1.000000 1.000000 1.000000 1.000000 1.000000 1.000000 1.000000 1.000000 1.000000 1.000000 1.000000
-78.7500 24.9199 7.12003 0.431693 0.331194 0.168921 243.409 1.000000 1.000000 1.000000 1.000000 1.000000 1.000000 1.000000 1.000000 1.000000 1.000000 1.000000 1.000000 1.000000 1.000000 1.000000
-73.1250 24.9199 6.83076 0.429949 0.324480 0.160845 233.276 1.000000 1.000000 1.000000 1.000000 1.000000 1.000000 1.000000 1.000000 1.000000 1.000000 1.000000 1.000000 1.000000 0.968637 0.287200
-67.5000 24.9199 6.44141 0.430124 0.319976 0.152025 134.788 1.000000 1.000000 1.000000 1.000000 1.000000 1.000000 1.000000 0.375846 0.092800 0.092800 0.092800 0.092800 0.092800 0.092800 0.092800
-61.8750 24.9199 6.83582 0.435331 0.335317 0.166303 33.155 1.000000 0.145274 0.062800 0.062800 0.062800 0.062800 0.062800 0.062800 0.062800 0.062800 0.062800 0.062800 0.062800 0.062800 0.062800
-56.2500 24.9199 8.04349 0.449824 0.375597 0.206963 27.739 0.765700 0.062800 0.062800 0.062800 0.062800 0.062800 0.062800 0.062800 0.062800 0.062800 0.062800 0.062800 0.062800 0.062800 0.062800
-50.6250 24.9199 8.13754 0.447291 0.371143 0.205923 134.022 1.000000 1.000000 1.000000 1.000000 1.000000 1.000000 0.577311 0.191800 0.191800 0.191800 0.191800 0.191800 0.191800 0.191800 0.191800
-45.0000 24.9199 7.43078 0.434643 0.340175 0.178456 202.490 1.000000 1.000000 1.000000 1.000000 1.000000 1.000000 1.000000 1.000000 1.000000 1.000000 1.000000 0.579421 0.313900 0.313900 0.313900
-39.3750 24.9199 7.69370 0.435864 0.345030 0.185038 229.306 1.000000 1.000000 1.000000 1.000000 1.000000 1.000000 1.000000 1.000000 1.000000 1.000000 1.000000 1.000000 1.000000 0.869045 0.463300
16.8750 19.3822 5.54769 0.416362 0.278516 0.117376 241.710 1.000000 1.000000 1.000000 1.000000 1.000000 1.000000 1.000000 1.000000 1.000000 1.000000 1.000000 1.000000 1.000000 1.000000 1.000000
22.5000 19.3822 7.14364 0.438388 0.344790 0.176248 92.550 1.000000 1.000000 1.000000 1.000000 0.863169 0.062800 0.062800 0.062800 0.062800 0.062800 0.062800 0.062800 0.062800 0.062800 0.062800
28.1250 19.3822 7.59914 0.440397 0.353112 0.187910 60.354 1.000000 1.000000 0.899720 0.062800 0.062800 0.062800 0.062800 0.062800 0.062800 0.062800 0.062800 0.062800 0.062800 0.062800 0.062800
33.7500 19.3822 5.56384 0.418778 0.283579 0.119810 144.879 1.000000 1.000000 1.000000 1.000000 1.000000 1.000000 1.000000 1.000000 0.358747 0.081300 0.081300 0.081300 0.081300 0.081300 0.081300
39.3750 19.3822 5.98746 0.425115 0.303392 0.136237 95.002 1.000000 1.000000 1.000000 1.000000 1.000000 0.075059 0.067600 0.067600 0.067600 0.067600 0.067600 0.067600 0.067600 0.067600 0.067600
45.0000 19.3822 6.22698 0.428703 0.314185 0.145497 167.661 1.000000 1.000000 1.000000 1.000000 1.000000 1.000000 1.000000 1.000000 1.000000 0.491086 0.089600 0.089600 0.089600 0.089600 0.089600
90.0000 19.3822 6.73194 0.434706 0.332857 0.163306 123.565 1.000000 1.000000 1.000000 1.000000 1.000000 1.000000 0.785381 0.062800 0.062800 0.062800 0.062800 0.062800 0.062800 0.062800 0.062800
95.6250 19.3822 6.23606 0.427026 0.310929 0.144150 79.921 1.000000 1.000000 1.000000 1.000000 0.164018 0.062800 0.062800 0.062800 0.062800 0.062800 0.062800 0.062800 0.062800 0.062800 0.062800
101.2500 19.3822 7.13293 0.431078 0.330129 0.168583 242.319 1.000000 1.000000 1.000000 1.000000 1.000000 1.000000 1.000000 1.000000 1.000000 1.000000 1.000000 1.000000 1.000000 1.000000 1.000000
106.8750 19.3822 7.33764 0.436860 0.343644 0.178806 180.141 1.000000 1.000000 1.000000 1.000000 1.000000 1.000000 1.000000 1.000000 1.000000 0.701893 0.245300 0.245300 0.245300 0.245300 0.245300
112.5000 19.3822 6.48593 0.431033 0.322391 0.153956 78.570 1.000000 1.000000 1.000000 0.559245 0.100500 0.100500 0.100500 0.100500 0.100500 0.100500 0.100500 0.100500 0.100500 0.100500 0.100500
118.1250 19.3822 7.36894 0.439726 0.349680 0.182452 183.788 1.000000 1.000000 1.000000 1.000000 1.000000 1.000000 1.000000 1.000000 1.000000 0.830272 0.232000 0.232000 0.232000 0.232000 0.232000
123.7500 19.3822 7.93281 0.440752 0.356628 0.194884 191.089 1.000000 1.000000 1.000000 1.000000 1.000000 1.000000 1.000000 1.000000 1.000000 0.916246 0.379600 0.379600 0.379600 0.379600 0.379600
163.1250 19.3822 6.10580 0.425864 0.306695 0.139875 117.714 1.000000 1.000000 1.000000 1.000000 1.000000 1.000000 0.553893 0.062800 0.062800 0.062800 0.062800 0.062800 0.062800 0.062800 0.062800
168.7500 19.3822 6.01398 0.424225 0.302014 0.136098 55.467 1.000000 1.000000 0.589506 0.062800 0.062800 0.062800 0.062800 0.062800 0.062800 0.062800 0.062800 0.062800 0.062800 0.062800 0.062800
174.3750 19.3822 5.81224 0.422089 0.294505 0.129093 52.059 1.000000 1.000000 0.393632 0.062800 0.062800 0.062800 0.062800 0.062800 0.062800 0.062800 0.062800 0.062800 0.062800 0.062800 0.062800
180.0000 19.3822 6.53220 0.432023 0.324986 0.156010 73.625 1.000000 1.000000 1.000000 0.666357 0.062800 0.062800 0.062800 0.062800 0.062800 0.062800 0.062800 0.062800 0.062800 0.062800 0.062800
-174.3750 19.3822 6.14117 0.429162 0.313901 0.143809 102.678 1.000000 1.000000 1.000000 1.000000 1.000000 0.471419 0.062800 0.062800 0.062800 0.062800 0.062800 0.062800 0.062800 0.062800 0.062800
-168.7500 19.3822 6.17810 0.428718 0.313524 0.144309 90.144 1.000000 1.000000 1.000000 1.000000 0.699159 0.062800 0.062800 0.062800 0.062800 0.062800 0.062800 0.062800 0.062800 0.062800 0.062800
-163.1250 19.3822 6.32495 0.431013 0.320235 0.150077 101.777 1.000000 1.000000 1.000000 1.000000 1.000000 0.416124 0.062800 0.062800 0.062800 0.062800 0.062800 0.062800 0.062800 0.062800 0.062800
-84.3750 19.3822 8.32926 0.433481 0.345918 0.194547 227.056 1.000000 1.000000 1.000000 1.000000 1.000000 1.000000 1.000000 1.000000 1.000000 1.000000 1.000000 1.000000 1.000000 1.000000 1.000000
-78.7500 19.3822 8.82484 0.443259 0.367915 0.213715 231.300 1.000000 1.000000 1.000000 1.000000 1.000000 1.000000 1.000000 1.000000 1.000000 1.000000 1.000000 1.000000 1.000000 1.000000 1.000000
-73.1250 19.3822 8.38973 0.444927 0.368228 0.207955 240.409 1.000000 1.000000 1.000000 1.000000 1.000000 1.000000 1.000000 1.000000 1.000000 1.000000 1.000000 1.000000 1.000000 1.000000 1.000000
-67.5000 19.3822 8.36582 0.449293 0.376691 0.212388 201.194 1.000000 1.000000 1.000000 1.000000 1.000000 1.000000 1.000000 1.000000 1.000000 1.000000 1.000000 0.516906 0.242800 0.242800 0.242800
-61.8750 19.3822 8.58256 0.456288 0.392077 0.224285 32.302 1.000000 0.108723 0.062800 0.062800 0.062800 0.062800 0.062800 0.062800 0.062800 0.062800 0.062800 0.062800 0.062800 0.062800 0.062800
-56.2500 19.3822 8.64381 0.452419 0.384635 0.220900 128.297 1.000000 1.000000 1.000000 1.000000 1.000000 1.000000 0.661280 0.146800 0.146800 0.146800 0.146800 0.146800 0.146800 0.146800 0.146800
-50.6250 19.3822 6.91514 0.430307 0.326173 0.163075 216.753 1.000000 1.000000 1.000000 1.000000 1.000000 1.000000 1.000000 1.000000 1.000000 1.000000 1.000000 1.000000 0.764096 0.262800 0.262800
-45.0000 19.3822 7.67759 0.434960 0.343129 0.183778 239.027 1.000000 1.000000 1.000000 1.000000 1.000000 1.000000 1.000000 1.000000 1.000000 1.000000 1.000000 1.000000 1.000000 1.000000 1.000000
16.8750 13.8445 6.71622 0.425024 0.313441 0.153524 239.875 1.000000 1.000000 1.000000 1.000000 1.000000 1.000000 1.000000 1.000000 1.000000 1.000000 1.000000 1.000000 1.000000 1.000000 1.000000
22.5000 13.8445 7.36134 0.436876 0.343905 0.179319 246.880 1.000000 1.000000 1.000000 1.000000 1.000000 1.000000 1.000000 1.000000 1.000000 1.000000 1.000000 1.000000 1.000000 1.000000 1.000000
28.1250 13.8445 6.65615 0.430945 0.324355 0.157850 180.378 1.000000 1.000000 1.000000 1.000000 1.000000 1.000000 1.000000 1.000000 1.000000 1.000000 0.582009 0.062800 0.062800 0.062800 0.062800
33.7500 13.8445 6.37849 0.427975 0.314812 0.148477 103.325 1.000000 1.000000 1.000000 1.000000 1.000000 0.646676 0.062800 0.062800 0.062800 0.062800 0.062800 0.062800 0.062800 0.062800 0.062800
95.6250 13.8445 7.41775 0.440424 0.351540 0.184210 95.616 1.000000 1.000000 1.000000 1.000000 1.000000 0.149022 0.062800 0.062800 0.062800 0.062800 0.062800 0.062800 0.062800 0.062800 0.062800
101.2500 13.8445 6.51302 0.432653 0.326027 0.156172 122.943 1.000000 1.000000 1.000000 1.000000 1.000000 1.000000 0.735710 0.062800 0.062800 0.062800 0.062800 0.062800 0.062800 0.062800 0.062800
106.8750 13.8445 9.21430 0.448364 0.379958 0.225837 231.181 1.000000 1.000000 1.000000 1.000000 1.000000 1.000000 1.000000 1.000000 1.000000 1.000000 1.000000 1.000000 1.000000 1.000000 1.000000
112.5000 13.8445 8.99828 0.443949 0.370315 0.217374 226.453 1.000000 1.000000 1.000000 1.000000 1.000000 1.000000 1.000000 1.000000 1.000000 1.000000 1.000000 1.000000 1.000000 1.000000 0.806477
118.1250 13.8445 7.62634 0.438335 0.349262 0.186279 181.053 1.000000 1.000000 1.000000 1.000000 1.000000 1.000000 1.000000 1.000000 1.000000 0.470228 0.327700 0.327700 0.327700 0.327700 0.327700
163.1250 13.8445 6.40882 0.431129 0.321585 0.152212 73.671 1.000000 1.000000 1.000000 0.658859 0.062800 0.062800 0.062800 0.062800 0.062800 0.062800 0.062800 0.062800 0.062800 0.062800 0.062800
168.7500 13.8445 6.12039 0.425301 0.305784 0.139720 60.170 1.000000 1.000000 0.869729 0.062800 0.062800 0.062800 0.062800 0.062800 0.062800 0.062800 0.062800 0.062800 0.062800 0.062800 0.062800
174.3750 13.8445 5.84415 0.422256 0.295368 0.130056 58.674 1.000000 1.000000 0.795690 0.062800 0.062800 0.062800 0.062800 0.062800 0.062800 0.062800 0.062800 0.062800 0.062800 0.062800 0.062800
180.0000 13.8445 7.11379 0.439942 0.347657 0.177213 75.287 1.000000 1.000000 1.000000 0.726338 0.062800 0.062800 0.062800 0.062800 0.062800 0.062800 0.062800 0.062800 0.062800 0.062800 0.062800
-140.6250 13.8445 8.63956 0.447420 0.374749 0.215164 239.378 1.000000 1.000000 1.000000 1.000000 1.000000 1.000000 1.000000 1.000000 1.000000 1.000000 1.000000 1.000000 1.000000 1.000000 1.000000
-135.0000 13.8445 9.77917 0.449116 0.384304 0.235389 223.373 1.000000 1.000000 1.000000 1.000000 1.000000 1.000000 1.000000 1.000000 1.000000 1.000000 1.000000 1.000000 1.000000 1.000000 1.000000
-78.7500 13.8445 9.68699 0.447307 0.380475 0.231959 222.775 1.000000 1.000000 1.000000 1.000000 1.000000 1.000000 1.000000 1.000000 1.000000 1.000000 1.000000 1.000000 1.000000 1.000000 1.000000
-73.1250 13.8445 9.00647 0.443345 0.369224 0.216838 228.579 1.000000 1.000000 1.000000 1.000000 1.000000 1.000000 1.000000 1.000000 1.000000 1.000000 1.000000 1.000000 1.000000 1.000000 1.000000
-67.5000 13.8445 7.05857 0.433222 0.333544 0.169126 169.704 1.000000 1.000000 1.000000 1.000000 1.000000 1.000000 1.000000 1.000000 0.635467 0.281000 0.281000 0.281000 0.281000 0.281000 0.281000
-61.8750 13.8445 8.37491 0.451355 0.380880 0.214883 137.722 1.000000 1.000000 1.000000 1.000000 1.000000 1.000000 0.881474 0.176900 0.176900 0.176900 0.176900 0.176900 0.176900 0.176900 0.176900
-56.2500 13.8445 7.80528 0.440881 0.355837 0.192541 230.020 1.000000 1.000000 1.000000 1.000000 1.000000 1.000000 1.000000 1.000000 1.000000 1.000000 1.000000 1.000000 1.000000 0.815462 0.270600
-50.6250 13.8445 7.15459 0.434609 0.337319 0.172606 247.070 1.000000 1.000000 1.000000 1.000000 1.000000 1.000000 1.000000 1.000000 1.000000 1.000000 1.000000 1.000000 1.000000 1.000000 1.000000
16.8750 8.3067 6.45465 0.428923 0.317732 0.151189 249.814 1.000000 1.000000 1.000000 1.000000 1.000000 1.000000 1.000000 1.000000 1.000000 1.000000 1.000000 1.000000 1.000000 1.000000 1.000000
22.5000 8.3067 5.89066 0.421119 0.293869 0.130237 119.666 1.000000 1.000000 1.000000 1.000000 1.000000 1.000000 0.810686 0.062800 0.062800 0.062800 0.062800 0.062800 0.062800 0.062800 0.062800
28.1250 8.3067 5.53317 0.416210 0.277949 0.116872 125.330 1.000000 1.000000 1.000000 1.000000 1.000000 1.000000 1.000000 0.341148 0.062800 0.062800 0.062800 0.062800 0.062800 0.062800 0.062800
101.2500 8.3067 10.26892 0.445678 0.380340 0.238471 212.803 1.000000 1.000000 1.000000 1.000000 1.000000 1.000000 1.000000 1.000000 1.000000 1.000000 1.000000 1.000000 1.000000 1.000000 1.000000
106.8750 8.3067 10.77481 0.452121 0.394147 0.252604 212.314 1.000000 1.000000 1.000000 1.000000 1.000000 1.000000 1.000000 1.000000 1.000000 1.000000 1.000000 1.000000 1.000000 1.000000 1.000000
168.7500 8.3067 10.81732 0.452078 0.394232 0.253101 211.697 1.000000 1.000000 1.000000 1.000000 1.000000 1.000000 1.000000 1.000000 1.000000 1.000000 1.000000 1.000000 1.000000 1.000000 1.000000
174.3750 8.3067 9.11337 0.439425 0.362581 0.214271 222.466 1.000000 1.000000 1.000000 1.000000 1.000000 1.000000 1.000000 1.000000 1.000000 1.000000 1.000000 1.000000 1.000000 1.000000 1.000000
180.0000 8.3067 9.87488 0.448862 0.384294 0.236504 221.686 1.000000 1.000000 1.000000 1.000000 1.000000 1.000000 1.000000 1.000000 1.000000 1.000000 1.000000 1.000000 1.000000 1.000000 1.000000
-157.5000 8.3067 9.69676 0.445956 0.378022 0.230578 221.166 1.000000 1.000000 1.000000 1.000000 1.000000 1.000000 1.000000 1.000000 1.000000 1.000000 1.000000 1.000000 1.000000 1.000000 1.000000
-151.8750 8.3067 7.76053 0.443598 0.360885 0.194582 186.597 1.000000 1.000000 1.000000 1.000000 1.000000 1.000000 1.000000 1.000000 1.000000 1.000000 0.459120 0.190300 0.190300 0.190300 0.190300
-146.2500 8.3067 7.61012 0.441113 0.354639 0.188894 240.105 1.000000 1.000000 1.000000 1.000000 1.000000 1.000000 1.000000 1.000000 1.000000 1.000000 1.000000 1.000000 1.000000 1.000000 0.486410
-140.6250 8.3067 7.61455 0.441716 0.355886 0.189628 238.377 1.000000 1.000000 1.000000 1.000000 1.000000 1.000000 1.000000 1.000000 1.000000 1.000000 1.000000 1.000000 1.000000 1.000000 0.337766
-135.0000 8.3067 8.95305 0.439717 0.362085 0.211971 225.171 1.000000 1.000000 1.000000 1.000000 1.000000 1.000000 1.000000 1.000000 1.000000 1.000000 1.000000 1.000000 1.000000 1.000000 1.000000
-129.3750 8.3067 9.41961 0.445468 0.375627 0.225809 224.728 1.000000 1.000000 1.000000 1.000000 1.000000 1.000000 1.000000 1.000000 1.000000 1.000000 1.000000 1.000000 1.000000 1.000000 1.000000
-123.7500 8.3067 9.25211 0.445349 0.374462 0.223044 227.127 1.000000 1.000000 1.000000 1.000000 1.000000 1.000000 1.000000 1.000000 1.000000 1.000000 1.000000 1.000000 1.000000 1.000000 1.000000
-73.1250 8.3067 11.23627 0.455457 0.401831 0.262277 209.330 1.000000 1.000000 1.000000 1.000000 1.000000 1.000000 1.000000 1.000000 1.000000 1.000000 1.000000 1.000000 1.000000 1.000000 1.000000
-67.5000 8.3067 7.92546 0.435032 0.345478 0.188685 213.233 1.000000 1.000000 1.000000 1.000000 1.000000 1.000000 1.000000 1.000000 1.000000 1.000000 1.000000 0.767588 0.610700 0.610700 0.610700
-61.8750 8.3067 7.56745 0.444068 0.360235 0.191194 56.161 1.000000 1.000000 0.319115 0.083600 0.083600 0.083600 0.083600 0.083600 0.083600 0.083600 0.083600 0.083600 0.083600 0.083600 0.083600
-56.2500 8.3067 7.55849 0.441320 0.354604 0.188065 122.906 1.000000 1.000000 1.000000 1.000000 1.000000 1.000000 0.413574 0.120800 0.120800 0.120800 0.120800 0.120800 0.120800 0.120800 0.120800
-50.6250 8.3067 7.36933 0.435430 0.341120 0.177992 244.692 1.000000 1.000000 1.000000 1.000000 1.000000 1.000000 1.000000 1.000000 1.000000 1.000000 1.000000 1.000000 1.000000 1.000000 1.000000
-22.5000 8.3067 11.22689 0.452511 0.396518 0.258718 206.701 1.000000 1.000000 1.000000 1.000000 1.000000 1.000000 1.000000 1.000000 1.000000 1.000000 1.000000 1.000000 1.000000 1.000000 1.000000
22.5000 2.7689 10.30828 0.448625 0.385863 0.242366 215.246 1.000000 1.000000 1.000000 1.000000 1.000000 1.000000 1.000000 1.000000 1.000000 1.000000 1.000000 1.000000 1.000000 1.000000 1.000000
28.1250 2.7689 7.16386 0.432275 0.332808 0.170445 243.544 1.000000 1.000000 1.000000 1.000000 1.000000 1.000000 1.000000 1.000000 1.000000 1.000000 1.000000 1.000000 1.000000 1.000000 1.000000
101.2500 2.7689 10.52180 0.445881 0.381863 0.242127 209.604 1.000000 1.000000 1.000000 1.000000 1.000000 1.000000 1.000000 1.000000 1.000000 1.000000 1.000000 1.000000 1.000000 1.000000 1.000000
106.8750 2.7689 10.57210 0.448032 0.385941 0.245244 211.045 1.000000 1.000000 1.000000 1.000000 1.000000 1.000000 1.000000 1.000000 1.000000 1.000000 1.000000 1.000000 1.000000 1.000000 1.000000
151.8750 2.7689 12.49437 0.460213 0.413890 0.282007 197.826 1.000000 1.000000 1.000000 1.000000 1.000000 1.000000 1.000000 1.000000 1.000000 1.000000 1.000000 1.000000 1.000000 1.000000 1.000000
157.5000 2.7689 12.10705 0.457615 0.408321 0.274818 200.254 1.000000 1.000000 1.000000 1.000000 1.000000 1.000000 1.000000 1.000000 1.000000 1.000000 1.000000 1.000000 1.000000 1.000000 1.000000
174.3750 2.7689 10.23177 0.451246 0.390332 0.244321 219.016 1.000000 1.000000 1.000000 1.000000 1.000000 1.000000 1.000000 1.000000 1.000000 1.000000 1.000000 1.000000 1.000000 1.000000 1.000000
180.0000 2.7689 11.58106 0.457342 0.406312 0.268592 206.580 1.000000 1.000000 1.000000 1.000000 1.000000 1.000000 1.000000 1.000000 1.000000 1.000000 1.000000 1.000000 1.000000 1.000000 1.000000
-157.5000 2.7689 11.24703 0.452335 0.396276 0.258757 206.278 1.000000 1.000000 1.000000 1.000000 1.000000 1.000000 1.000000 1.000000 1.000000 1.000000 1.000000 1.000000 1.000000 1.000000 1.000000
-151.8750 2.7689 11.45782 0.457261 0.405790 0.267055 208.102 1.000000 1.000000 1.000000 1.000000 1.000000 1.000000 1.000000 1.000000 1.000000 1.000000 1.000000 1.000000 1.000000 1.000000 1.000000
-146.2500 2.7689 10.76014 0.454139 0.397762 0.254766 214.493 1.000000 1.000000 1.000000 1.000000 1.000000 1.000000 1.000000 1.000000 1.000000 1.000000 1.000000 1.000000 1.000000 1.000000 1.000000
-140.6250 2.7689 7.35431 0.445497 0.361342 0.188293 47.602 1.000000 0.934396 0.062800 0.062800 0.062800 0.062800 0.062800 0.062800 0.062800 0.062800 0.062800 0.062800 0.062800 0.062800 0.062800
-135.0000 2.7689 7.21103 0.438172 0.345027 0.177478 176.674 1.000000 1.000000 1.000000 1.000000 1.000000 1.000000 1.000000 1.000000 1.000000 1.000000 0.114640 0.107500 0.107500 0.107500 0.107500
-129.3750 2.7689 7.45818 0.435663 0.342442 0.180072 243.555 1.000000 1.000000 1.000000 1.000000 1.000000 1.000000 1.000000 1.000000 1.000000 1.000000 1.000000 1.000000 1.000000 1.000000 1.000000
-73.1250 2.7689 11.22235 0.453350 0.398000 0.259640 207.541 1.000000 1.000000 1.000000 1.000000 1.000000 1.000000 1.000000 1.000000 1.000000 1.000000 1.000000 1.000000 1.000000 1.000000 1.000000
-67.5000 2.7689 9.78236 0.445398 0.377435 0.231218 219.325 1.000000 1.000000 1.000000 1.000000 1.000000 1.000000 1.000000 1.000000 1.000000 1.000000 1.000000 1.000000 1.000000 1.000000 1.000000
-61.8750 2.7689 10.15270 0.453401 0.393994 0.245716 222.337 1.000000 1.000000 1.000000 1.000000 1.000000 1.000000 1.000000 1.000000 1.000000 1.000000 1.000000 1.000000 1.000000 1.000000 0.994552
-56.2500 2.7689 8.20767 0.443144 0.363441 0.202667 241.161 1.000000 1.000000 1.000000 1.000000 1.000000 1.000000 1.000000 1.000000 1.000000 1.000000 1.000000 1.000000 1.000000 1.000000 1.000000
-33.7500 2.7689 11.71352 0.456559 0.405317 0.269191 204.188 1.000000 1.000000 1.000000 1.000000 1.000000 1.000000 1.000000 1.000000 1.000000 1.000000 1.000000 1.000000 1.000000 1.000000 1.000000
-28.1250 2.7689 10.92582 0.448169 0.387652 0.249974 206.517 1.000000 1.000000 1.000000 1.000000 1.000000 1.000000 1.000000 1.000000 1.000000 1.000000 1.000000 1.000000 1.000000 1.000000 1.000000
-22.5000 2.7689 10.49473 0.445018 0.380197 0.240788 209.114 1.000000 1.000000 1.000000 1.000000 1.000000 1.000000 1.000000 1.000000 1.000000 1.000000 1.000000 1.000000 1.000000 1.000000 1.000000
-16.8750 2.7689 11.08730 0.451413 0.394054 0.255731 207.484 1.000000 1.000000 1.000000 1.000000 1.000000 1.000000 1.000000 1.000000 1.000000 1.000000 1.000000 1.000000 1.000000 1.000000 1.000000
-11.2500 2.7689 11.12548 0.452308 0.395792 0.257241 207.827 1.000000 1.000000 1.000000 1.000000 1.000000 1.000000 1.000000 1.000000 1.000000 1.000000 1.000000 1.000000 1.000000 1.000000 1.000000
-5.6250 2.7689 10.39078 0.449587 0.387976 0.244594 215.073 1.000000 1.000000 1.000000 1.000000 1.000000 1.000000 1.000000 1.000000 1.000000 1.000000 1.000000 1.000000 1.000000 1.000000 1.000000
22.5000 -2.7689 10.86952 0.452140 0.394544 0.253841 211.055 1.000000 1.000000 1.000000 1.000000 1.000000 1.000000 1.000000 1.000000 1.000000 1.000000 1.000000 1.000000 1.000000 1.000000 1.000000
28.1250 -2.7689 10.57065 0.450333 0.390092 0.247866 213.338 1.000000 1.000000 1.000000 1.000000 1.000000 1.000000 1.000000 1.000000 1.000000 1.000000 1.000000 1.000000 1.000000 1.000000 1.000000
56.2500 -2.7689 10.48570 0.449706 0.388598 0.246011 213.880 1.000000 1.000000 1.000000 1.000000 1.000000 1.000000 1.000000 1.000000 1.000000 1.000000 1.000000 1.000000 1.000000 1.000000 1.000000
61.8750 -2.7689 10.57428 0.445330 0.381112 0.242198 208.371 1.000000 1.000000 1.000000 1.000000 1.000000 1.000000 1.000000 1.000000 1.000000 1.000000 1.000000 1.000000 1.000000 1.000000 1.000000
67.5000 -2.7689 11.19568 0.451928 0.395368 0.257660 206.562 1.000000 1.000000 1.000000 1.000000 1.000000 1.000000 1.000000 1.000000 1.000000 1.000000 1.000000 1.000000 1.000000 1.000000 1.000000
101.2500 -2.7689 10.13935 0.444842 0.378210 0.235725 213.727 1.000000 1.000000 1.000000 1.000000 1.000000 1.000000 1.000000 1.000000 1.000000 1.000000 1.000000 1.000000 1.000000 1.000000 1.000000
106.8750 -2.7689 9.52674 0.440164 0.366455 0.221559 217.344 1.000000 1.000000 1.000000 1.000000 1.000000 1.000000 1.000000 1.000000 1.000000 1.000000 1.000000 1.000000 1.000000 1.000000 1.000000
112.5000 -2.7689 10.92671 0.451577 0.393747 0.253913 209.750 1.000000 1.000000 1.000000 1.000000 1.000000 1.000000 1.000000 1.000000 1.000000 1.000000 1.000000 1.000000 1.000000 1.000000 1.000000
146.2500 -2.7689 10.73167 0.447385 0.385459 0.246594 208.296 1.000000 1.000000 1.000000 1.000000 1.000000 1.000000 1.000000 1.000000 1.000000 1.000000 1.000000 1.000000 1.000000 1.000000 1.000000
151.8750 -2.7689 10.24144 0.441633 0.372956 0.233549 209.111 1.000000 1.000000 1.000000 1.000000 1.000000 1.000000 1.000000 1.000000 1.000000 1.000000 1.000000 1.000000 1.000000 1.000000 1.000000
157.5000 -2.7689 11.46025 0.453930 0.399845 0.263166 205.018 1.000000 1.000000 1.000000 1.000000 1.000000 1.000000 1.000000 1.000000 1.000000 1.000000 1.000000 1.000000 1.000000 1.000000 1.000000
163.1250 -2.7689 13.16129 0.467446 0.427980 0.297331 195.972 1.000000 1.000000 1.000000 1.000000 1.000000 1.000000 1.000000 1.000000 1.000000 1.000000 1.000000 1.000000 1.000000 1.000000 1.000000
-151.8750 -2.7689 11.14214 0.452725 0.396599 0.257931 208.002 1.000000 1.000000 1.000000 1.000000 1.000000 1.000000 1.000000 1.000000 1.000000 1.000000 1.000000 1.000000 1.000000 1.000000 1.000000
-146.2500 -2.7689 10.53700 0.451583 0.392228 0.248863 215.048 1.000000 1.000000 1.000000 1.000000 1.000000 1.000000 1.000000 1.000000 1.000000 1.000000 1.000000 1.000000 1.000000 1.000000 1.000000
-140.6250 -2.7689 6.98391 0.441946 0.350495 0.176435 61.893 1.000000 1.000000 0.802251 0.062800 0.062800 0.062800 0.062800 0.062800 0.062800 0.062800 0.062800 0.062800 0.062800 0.062800 0.062800
-135.0000 -2.7689 6.41901 0.432218 0.323940 0.153509 35.637 1.000000 0.274607 0.062800 0.062800 0.062800 0.062800 0.062800 0.062800 0.062800 0.062800 0.062800 0.062800 0.062800 0.062800 0.062800
-129.3750 -2.7689 6.68337 0.434121 0.331097 0.161604 46.417 1.000000 0.922212 0.062800 0.062800 0.062800 0.062800 0.062800 0.062800 0.062800 0.062800 0.062800 0.062800 0.062800 0.062800 0.062800
-67.5000 -2.7689 10.59885 0.450238 0.390036 0.248130 212.859 1.000000 1.000000 1.000000 1.000000 1.000000 1.000000 1.000000 1.000000 1.000000 1.000000 1.000000 1.000000 1.000000 1.000000 1.000000
-61.8750 -2.7689 10.96668 0.456307 0.402457 0.259945 213.767 1.000000 1.000000 1.000000 1.000000 1.000000 1.000000 1.000000 1.000000 1.000000 1.000000 1.000000 1.000000 1.000000 1.000000 1.000000
-56.2500 -2.7689 7.25656 0.440305 0.349789 0.180679 234.532 1.000000 1.000000 1.000000 1.000000 1.000000 1.000000 1.000000 1.000000 1.000000 1.000000 1.000000 1.000000 1.000000 0.721857 0.146800
-33.7500 -2.7689 11.03864 0.450786 0.392752 0.254401 207.526 1.000000 1.000000 1.000000 1.000000 1.000000 1.000000 1.000000 1.000000 1.000000 1.000000 1.000000 1.000000 1.000000 1.000000 1.000000
-28.1250 -2.7689 10.34280 0.447788 0.384495 0.241881 213.920 1.000000 1.000000 1.000000 1.000000 1.000000 1.000000 1.000000 1.000000 1.000000 1.000000 1.000000 1.000000 1.000000 1.000000 1.000000
-22.5000 -2.7689 10.80528 0.453847 0.397397 0.255007 213.586 1.000000 1.000000 1.000000 1.000000 1.000000 1.000000 1.000000 1.000000 1.000000 1.000000 1.000000 1.000000 1.000000 1.000000 1.000000
-16.8750 -2.7689 10.09981 0.446291 0.380648 0.236806 215.763 1.000000 1.000000 1.000000 1.000000 1.000000 1.000000 1.000000 1.000000 1.000000 1.000000 1.000000 1.000000 1.000000 1.000000 1.000000
-11.2500 -2.7689 9.77694 0.442086 0.371355 0.227432 215.885 1.000000 1.000000 1.000000 1.000000 1.000000 1.000000 1.000000 1.000000 1.000000 1.000000 1.000000 1.000000 1.000000 1.000000 1.000000
-5.6250 -2.7689 10.21009 0.449199 0.386473 0.241665 217.211 1.000000 1.000000 1.000000 1.000000 1.000000 1.000000 1.000000 1.000000 1.000000 1.000000 1.000000 1.000000 1.000000 1.000000 1.000000
45.0000 -8.3067 9.26193 0.444769 0.373430 0.222551 212.725 1.000000 1.000000 1.000000 1.000000 1.000000 1.000000 1.000000 1.000000 0.969115 0.855000 0.855000 0.855000 0.855000 0.855000 0.855000
50.6250 -8.3067 9.68192 0.442666 0.371895 0.226669 217.839 1.000000 1.000000 1.000000 1.000000 1.000000 1.000000 1.000000 1.000000 1.000000 1.000000 1.000000 1.000000 1.000000 1.000000 1.000000
56.2500 -8.3067 9.53604 0.440085 0.366366 0.221614 217.127 1.000000 1.000000 1.000000 1.000000 1.000000 1.000000 1.000000 1.000000 1.000000 1.000000 1.000000 1.000000 1.000000 1.000000 1.000000
61.8750 -8.3067 11.11487 0.457741 0.405569 0.263487 213.124 1.000000 1.000000 1.000000 1.000000 1.000000 1.000000 1.000000 1.000000 1.000000 1.000000 1.000000 1.000000 1.000000 1.000000 1.000000
67.5000 -8.3067 9.29098 0.439849 0.364471 0.217564 220.361 1.000000 1.000000 1.000000 1.000000 1.000000 1.000000 1.000000 1.000000 1.000000 1.000000 1.000000 1.000000 1.000000 1.000000 1.000000
73.1250 -8.3067 9.61673 0.449898 0.384972 0.233853 226.678 1.000000 1.000000 1.000000 1.000000 1.000000 1.000000 1.000000 1.000000 1.000000 1.000000 1.000000 1.000000 1.000000 1.000000 1.000000
106.8750 -8.3067 6.83735 0.433815 0.332268 0.164817 251.177 1.000000 1.000000 1.000000 1.000000 1.000000 1.000000 1.000000 1.000000 1.000000 1.000000 1.000000 1.000000 1.000000 1.000000 1.000000
112.5000 -8.3067 8.29338 0.443384 0.364536 0.204508 240.042 1.000000 1.000000 1.000000 1.000000 1.000000 1.000000 1.000000 1.000000 1.000000 1.000000 1.000000 1.000000 1.000000 1.000000 1.000000
140.6250 -8.3067 10.43646 0.449550 0.388107 0.245171 214.403 1.000000 1.000000 1.000000 1.000000 1.000000 1.000000 1.000000 1.000000 1.000000 1.000000 1.000000 1.000000 1.000000 1.000000 1.000000
146.2500 -8.3067 10.66105 0.452047 0.393569 0.251039 213.795 1.000000 1.000000 1.000000 1.000000 1.000000 1.000000 1.000000 1.000000 1.000000 1.000000 1.000000 1.000000 1.000000 1.000000 1.000000
151.8750 -8.3067 11.10322 0.455214 0.400942 0.260363 210.869 1.000000 1.000000 1.000000 1.000000 1.000000 1.000000 1.000000 1.000000 1.000000 1.000000 1.000000 1.000000 1.000000 1.000000 1.000000
157.5000 -8.3067 11.13486 0.455254 0.401122 0.260799 210.484 1.000000 1.000000 1.000000 1.000000 1.000000 1.000000 1.000000 1.000000 1.000000 1.000000 1.000000 1.000000 1.000000 1.000000 1.000000
163.1250 -8.3067 10.89607 0.455745 0.401186 0.258392 214.192 1.000000 1.000000 1.000000 1.000000 1.000000 1.000000 1.000000 1.000000 1.000000 1.000000 1.000000 1.000000 1.000000 1.000000 1.000000
168.7500 -8.3067 8.03847 0.441473 0.358884 0.197681 134.206 1.000000 1.000000 1.000000 1.000000 1.000000 1.000000 1.000000 0.885662 0.062800 0.062800 0.062800 0.062800 0.062800 0.062800 0.062800
174.3750 -8.3067 7.38549 0.439345 0.349068 0.182399 80.290 1.000000 1.000000 1.000000 1.000000 0.189322 0.062800 0.062800 0.062800 0.062800 0.062800 0.062800 0.062800 0.062800 0.062800 0.062800
-140.6250 -8.3067 7.62143 0.441985 0.356486 0.190055 46.624 1.000000 0.985005 0.062800 0.062800 0.062800 0.062800 0.062800 0.062800 0.062800 0.062800 0.062800 0.062800 0.062800 0.062800 0.062800
-135.0000 -8.3067 6.86720 0.438982 0.343137 0.170728 44.702 1.000000 0.671099 0.070900 0.070900 0.070900 0.070900 0.070900 0.070900 0.070900 0.070900 0.070900 0.070900 0.070900 0.070900 0.070900
-129.3750 -8.3067 8.70260 0.445146 0.370739 0.213719 222.962 1.000000 1.000000 1.000000 1.000000 1.000000 1.000000 1.000000 1.000000 1.000000 1.000000 1.000000 1.000000 1.000000 0.618001 0.581600
-123.7500 -8.3067 10.26424 0.450185 0.388520 0.243548 217.458 1.000000 1.000000 1.000000 1.000000 1.000000 1.000000 1.000000 1.000000 1.000000 1.000000 1.000000 1.000000 1.000000 1.000000 1.000000
-33.7500 -8.3067 9.89484 0.444120 0.375676 0.231426 216.375 1.000000 1.000000 1.000000 1.000000 1.000000 1.000000 1.000000 1.000000 1.000000 1.000000 1.000000 1.000000 1.000000 1.000000 1.000000
-28.1250 -8.3067 7.36684 0.434251 0.338778 0.176731 243.070 1.000000 1.000000 1.000000 1.000000 1.000000 1.000000 1.000000 1.000000 1.000000 1.000000 1.000000 1.000000 1.000000 1.000000 1.000000
-22.5000 -8.3067 6.99277 0.434191 0.334757 0.168659 196.673 1.000000 1.000000 1.000000 1.000000 1.000000 1.000000 1.000000 1.000000 1.000000 1.000000 1.000000 0.241410 0.199800 0.199800 0.199800
-16.8750 -8.3067 9.12097 0.451238 0.384974 0.227604 226.057 1.000000 1.000000 1.000000 1.000000 1.000000 1.000000 1.000000 1.000000 1.000000 1.000000 1.000000 1.000000 1.000000 0.838434 0.526200
-11.2500 -8.3067 8.59418 0.440877 0.361839 0.207144 232.043 1.000000 1.000000 1.000000 1.000000 1.000000 1.000000 1.000000 1.000000 1.000000 1.000000 1.000000 1.000000 1.000000 1.000000 1.000000
-5.6250 -8.3067 8.13951 0.437767 0.352500 0.195607 235.340 1.000000 1.000000 1.000000 1.000000 1.000000 1.000000 1.000000 1.000000 1.000000 1.000000 1.000000 1.000000 1.000000 1.000000 1.000000
39.3750 -13.8445 10.11356 0.452052 0.391314 0.243598 195.052 1.000000 1.000000 1.000000 1.000000 1.000000 1.000000 1.000000 1.000000 0.919948 0.714100 0.714100 0.714100 0.714100 0.714100 0.714100
45.0000 -13.8445 8.44339 0.437465 0.354281 0.200806 210.158 1.000000 1.000000 1.000000 1.000000 1.000000 1.000000 1.000000 1.000000 1.000000 0.973878 0.743900 0.743900 0.743900 0.743900 0.743900
50.6250 -13.8445 7.65162 0.435364 0.343674 0.183680 170.329 1.000000 1.000000 1.000000 1.000000 1.000000 1.000000 1.000000 0.631094 0.430700 0.430700 0.430700 0.430700 0.430700 0.430700 0.430700
56.2500 -13.8445 7.52675 0.444221 0.360202 0.190523 26.082 0.657922 0.062800 0.062800 0.062800 0.062800 0.062800 0.062800 0.062800 0.062800 0.062800 0.062800 0.062800 0.062800 0.062800 0.062800
61.8750 -13.8445 9.16599 0.457611 0.397695 0.235732 175.678 1.000000 1.000000 1.000000 1.000000 1.000000 1.000000 1.000000 1.000000 1.000000 0.566306 0.256100 0.256100 0.256100 0.256100 0.256100
67.5000 -13.8445 6.98959 0.432686 0.331722 0.167078 236.638 1.000000 1.000000 1.000000 1.000000 1.000000 1.000000 1.000000 1.000000 1.000000 1.000000 1.000000 1.000000 1.000000 1.000000 0.372682
73.1250 -13.8445 7.02715 0.437021 0.340824 0.172293 117.037 1.000000 1.000000 1.000000 1.000000 1.000000 1.000000 0.218911 0.090700 0.090700 0.090700 0.090700 0.090700 0.090700 0.090700 0.090700
78.7500 -13.8445 10.25433 0.455203 0.397776 0.249238 222.808 1.000000 1.000000 1.000000 1.000000 1.000000 1.000000 1.000000 1.000000 1.000000 1.000000 1.000000 1.000000 1.000000 1.000000 1.000000
84.3750 -13.8445 9.86667 0.453191 0.392358 0.241369 226.484 1.000000 1.000000 1.000000 1.000000 1.000000 1.000000 1.000000 1.000000 1.000000 1.000000 1.000000 1.000000 1.000000 1.000000 1.000000
135.0000 -13.8445 8.82152 0.443181 0.367746 0.213573 231.259 1.000000 1.000000 1.000000 1.000000 1.000000 1.000000 1.000000 1.000000 1.000000 1.000000 1.000000 1.000000 1.000000 1.000000 1.000000
140.6250 -13.8445 9.43380 0.445463 0.375697 0.226024 224.510 1.000000 1.000000 1.000000 1.000000 1.000000 1.000000 1.000000 1.000000 1.000000 1.000000 1.000000 1.000000 1.000000 1.000000 1.000000
146.2500 -13.8445 10.52931 0.453170 0.395103 0.250604 216.749 1.000000 1.000000 1.000000 1.000000 1.000000 1.000000 1.000000 1.000000 1.000000 1.000000 1.000000 1.000000 1.000000 1.000000 1.000000
151.8750 -13.8445 9.51135 0.441841 0.369431 0.223177 219.382 1.000000 1.000000 1.000000 1.000000 1.000000 1.000000 1.000000 1.000000 1.000000 1.000000 1.000000 1.000000 1.000000 1.000000 1.000000
157.5000 -13.8445 9.03837 0.446495 0.375392 0.220875 231.775 1.000000 1.000000 1.000000 1.000000 1.000000 1.000000 1.000000 1.000000 1.000000 1.000000 1.000000 1.000000 1.000000 1.000000 1.000000
163.1250 -13.8445 8.41917 0.446912 0.372324 0.210689 242.452 1.000000 1.000000 1.000000 1.000000 1.000000 1.000000 1.000000 1.000000 1.000000 1.000000 1.000000 1.000000 1.000000 1.000000 1.000000
168.7500 -13.8445 8.89612 0.450112 0.381542 0.222598 238.416 1.000000 1.000000 1.000000 1.000000 1.000000 1.000000 1.000000 1.000000 1.000000 1.000000 1.000000 1.000000 1.000000 1.000000 1.000000
174.3750 -13.8445 8.04557 0.441100 0.358209 0.197412 241.194 1.000000 1.000000 1.000000 1.000000 1.000000 1.000000 1.000000 1.000000 1.000000 1.000000 1.000000 1.000000 1.000000 1.000000 1.000000
180.0000 -13.8445 7.24714 0.440327 0.349744 0.180501 219.045 1.000000 1.000000 1.000000 1.000000 1.000000 1.000000 1.000000 1.000000 1.000000 1.000000 1.000000 1.000000 0.707859 0.117400 0.117400
-174.3750 -13.8445 7.91730 0.444613 0.364159 0.198764 148.959 1.000000 1.000000 1.000000 1.000000 1.000000 1.000000 1.000000 1.000000 0.516056 0.081700 0.081700 0.081700 0.081700 0.081700 0.081700
-135.0000 -13.8445 8.78811 0.442304 0.365862 0.212041 218.700 1.000000 1.000000 1.000000 1.000000 1.000000 1.000000 1.000000 1.000000 1.000000 0.986773 0.846200 0.846200 0.846200 0.846200 0.846200
-129.3750 -13.8445 8.68655 0.439789 0.360421 0.207559 224.521 1.000000 1.000000 1.000000 1.000000 1.000000 1.000000 1.000000 1.000000 1.000000 1.000000 1.000000 1.000000 0.942670 0.872600 0.872600
-123.7500 -13.8445 7.70849 0.431662 0.337083 0.180992 234.136 1.000000 1.000000 1.000000 1.000000 1.000000 1.000000 1.000000 1.000000 1.000000 1.000000 1.000000 1.000000 1.000000 1.000000 1.000000
-33.7500 -13.8445 9.31019 0.443714 0.371735 0.222137 224.398 1.000000 1.000000 1.000000 1.000000 1.000000 1.000000 1.000000 1.000000 1.000000 1.000000 1.000000 1.000000 1.000000 1.000000 1.000000
-28.1250 -13.8445 6.07590 0.426648 0.307831 0.139851 173.610 1.000000 1.000000 1.000000 1.000000 1.000000 1.000000 1.000000 1.000000 1.000000 0.898690 0.087300 0.087300 0.087300 0.087300 0.087300
-22.5000 -13.8445 6.29520 0.425146 0.308018 0.143836 246.274 1.000000 1.000000 1.000000 1.000000 1.000000 1.000000 1.000000 1.000000 1.000000 1.000000 1.000000 1.000000 1.000000 1.000000 1.000000
-16.8750 -13.8445 7.52832 0.437495 0.346713 0.183413 234.252 1.000000 1.000000 1.000000 1.000000 1.000000 1.000000 1.000000 1.000000 1.000000 1.000000 1.000000 1.000000 1.000000 1.000000 0.344858
-11.2500 -13.8445 6.91701 0.428204 0.322077 0.161057 241.530 1.000000 1.000000 1.000000 1.000000 1.000000 1.000000 1.000000 1.000000 1.000000 1.000000 1.000000 1.000000 1.000000 1.000000 1.000000
-5.6250 -13.8445 9.41077 0.451739 0.387442 0.232800 231.963 1.000000 1.000000 1.000000 1.000000 1.000000 1.000000 1.000000 1.000000 1.000000 1.000000 1.000000 1.000000 1.000000 1.000000 1.000000
16.8750 -19.3822 7.00019 0.436956 0.340408 0.171631 45.842 1.000000 0.899720 0.062800 0.062800 0.062800 0.062800 0.062800 0.062800 0.062800 0.062800 0.062800 0.062800 0.062800 0.062800 0.062800
22.5000 -19.3822 6.10484 0.427650 0.310290 0.141497 55.211 1.000000 1.000000 0.517342 0.062800 0.062800 0.062800 0.062800 0.062800 0.062800 0.062800 0.062800 0.062800 0.062800 0.062800 0.062800
45.0000 -19.3822 8.29374 0.443555 0.364871 0.204701 170.521 1.000000 1.000000 1.000000 1.000000 1.000000 1.000000 1.000000 0.992549 0.379100 0.379100 0.379100 0.379100 0.379100 0.379100 0.379100
50.6250 -19.3822 6.07731 0.427315 0.309204 0.140501 27.529 0.752579 0.062800 0.062800 0.062800 0.062800 0.062800 0.062800 0.062800 0.062800 0.062800 0.062800 0.062800 0.062800 0.062800 0.062800
56.2500 -19.3822 6.19062 0.427176 0.310580 0.143178 25.387 0.637304 0.062800 0.062800 0.062800 0.062800 0.062800 0.062800 0.062800 0.062800 0.062800 0.062800 0.062800 0.062800 0.062800 0.062800
61.8750 -19.3822 8.32159 0.453750 0.385402 0.216638 42.302 1.000000 0.476986 0.079200 0.079200 0.079200 0.079200 0.079200 0.079200 0.079200 0.079200 0.079200 0.079200 0.079200 0.079200 0.079200
67.5000 -19.3822 7.41025 0.441356 0.353353 0.185038 112.135 1.000000 1.000000 1.000000 1.000000 1.000000 0.806351 0.095100 0.095100 0.095100 0.095100 0.095100 0.095100 0.095100 0.095100 0.095100
73.1250 -19.3822 6.69886 0.429503 0.322004 0.157427 205.875 1.000000 1.000000 1.000000 1.000000 1.000000 1.000000 1.000000 1.000000 1.000000 1.000000 1.000000 1.000000 0.212363 0.148500 0.148500
78.7500 -19.3822 9.42234 0.442279 0.369725 0.222294 221.147 1.000000 1.000000 1.000000 1.000000 1.000000 1.000000 1.000000 1.000000 1.000000 1.000000 1.000000 1.000000 1.000000 1.000000 1.000000
84.3750 -19.3822 9.88977 0.446201 0.379456 0.233696 218.639 1.000000 1.000000 1.000000 1.000000 1.000000 1.000000 1.000000 1.000000 1.000000 1.000000 1.000000 1.000000 1.000000 1.000000 1.000000
135.0000 -19.3822 8.24182 0.447359 0.372006 0.207946 84.214 1.000000 1.000000 1.000000 1.000000 0.376098 0.075700 0.075700 0.075700 0.075700 0.075700 0.075700 0.075700 0.075700 0.075700 0.075700
140.6250 -19.3822 8.53785 0.444835 0.369056 0.210499 237.835 1.000000 1.000000 1.000000 1.000000 1.000000 1.000000 1.000000 1.000000 1.000000 1.000000 1.000000 1.000000 1.000000 1.000000 1.000000
146.2500 -19.3822 9.35056 0.447885 0.379793 0.227457 228.505 1.000000 1.000000 1.000000 1.000000 1.000000 1.000000 1.000000 1.000000 1.000000 1.000000 1.000000 1.000000 1.000000 1.000000 1.000000
168.7500 -19.3822 6.83047 0.429065 0.322734 0.159975 244.139 1.000000 1.000000 1.000000 1.000000 1.000000 1.000000 1.000000 1.000000 1.000000 1.000000 1.000000 1.000000 1.000000 1.000000 1.000000
174.3750 -19.3822 7.97435 0.432035 0.340214 0.186500 230.570 1.000000 1.000000 1.000000 1.000000 1.000000 1.000000 1.000000 1.000000 1.000000 1.000000 1.000000 1.000000 1.000000 1.000000 1.000000
180.0000 -19.3822 8.72341 0.442299 0.365426 0.210933 231.739 1.000000 1.000000 1.000000 1.000000 1.000000 1.000000 1.000000 1.000000 1.000000 1.000000 1.000000 1.000000 1.000000 1.000000 1.000000
-140.6250 -19.3822 6.89381 0.438134 0.341677 0.170460 132.977 1.000000 1.000000 1.000000 1.000000 1.000000 1.000000 0.493778 0.159100 0.159100 0.159100 0.159100 0.159100 0.159100 0.159100 0.159100
-135.0000 -19.3822 6.88346 0.435476 0.336142 0.167523 110.777 1.000000 1.000000 1.000000 1.000000 1.000000 0.432969 0.126300 0.126300 0.126300 0.126300 0.126300 0.126300 0.126300 0.126300 0.126300
-129.3750 -19.3822 5.55341 0.428778 0.303892 0.128184 40.759 1.000000 0.503284 0.062800 0.062800 0.062800 0.062800 0.062800 0.062800 0.062800 0.062800 0.062800 0.062800 0.062800 0.062800 0.062800
-123.7500 -19.3822 6.53629 0.430971 0.322909 0.155085 47.990 1.000000 1.000000 0.105911 0.062800 0.062800 0.062800 0.062800 0.062800 0.062800 0.062800 0.062800 0.062800 0.062800 0.062800 0.062800
-56.2500 -19.3822 6.93019 0.435937 0.337589 0.169036 78.796 1.000000 1.000000 1.000000 0.984068 0.062800 0.062800 0.062800 0.062800 0.062800 0.062800 0.062800 0.062800 0.062800 0.062800 0.062800
-50.6250 -19.3822 6.76022 0.435395 0.334589 0.164646 100.805 1.000000 1.000000 1.000000 1.000000 1.000000 0.236004 0.077300 0.077300 0.077300 0.077300 0.077300 0.077300 0.077300 0.077300 0.077300
-39.3750 -19.3822 9.44158 0.446158 0.377038 0.226926 225.169 1.000000 1.000000 1.000000 1.000000 1.000000 1.000000 1.000000 1.000000 1.000000 1.000000 1.000000 1.000000 1.000000 1.000000 1.000000
-22.5000 -19.3822 8.40881 0.447236 0.372894 0.210863 230.038 1.000000 1.000000 1.000000 1.000000 1.000000 1.000000 1.000000 1.000000 1.000000 1.000000 1.000000 1.000000 1.000000 1.000000 0.197193
-16.8750 -19.3822 6.91343 0.433978 0.333455 0.166687 110.925 1.000000 1.000000 1.000000 1.000000 1.000000 1.000000 0.149022 0.062800 0.062800 0.062800 0.062800 0.062800 0.062800 0.062800 0.062800
-11.2500 -19.3822 6.06170 0.425154 0.304608 0.138131 105.909 1.000000 1.000000 1.000000 1.000000 1.000000 0.796628 0.062800 0.062800 0.062800 0.062800 0.062800 0.062800 0.062800 0.062800 0.062800
-5.6250 -19.3822 6.25341 0.430011 0.317215 0.147378 130.904 1.000000 1.000000 1.000000 1.000000 1.000000 1.000000 1.000000 0.268047 0.062800 0.062800 0.062800 0.062800 0.062800 0.062800 0.062800
11.2500 -24.9199 9.99932 0.447270 0.381955 0.236488 218.200 1.000000 1.000000 1.000000 1.000000 1.000000 1.000000 1.000000 1.000000 1.000000 1.000000 1.000000 1.000000 1.000000 1.000000 1.000000
16.8750 -24.9199 8.21456 0.435949 0.349636 0.195064 224.251 1.000000 1.000000 1.000000 1.000000 1.000000 1.000000 1.000000 1.000000 1.000000 1.000000 1.000000 1.000000 1.000000 0.868417 0.639500
22.5000 -24.9199 6.11628 0.423356 0.301848 0.137849 71.861 1.000000 1.000000 1.000000 0.508400 0.079400 0.079400 0.079400 0.079400 0.079400 0.079400 0.079400 0.079400 0.079400 0.079400 0.079400
28.1250 -24.9199 6.66259 0.432500 0.327562 0.159521 54.698 1.000000 1.000000 0.490653 0.063700 0.063700 0.063700 0.063700 0.063700 0.063700 0.063700 0.063700 0.063700 0.063700 0.063700 0.063700
50.6250 -24.9199 6.45561 0.433858 0.327775 0.155985 32.605 1.000000 0.081544 0.062800 0.062800 0.062800 0.062800 0.062800 0.062800 0.062800 0.062800 0.062800 0.062800 0.062800 0.062800 0.062800
56.2500 -24.9199 6.57435 0.431809 0.325081 0.156792 29.164 0.853797 0.062800 0.062800 0.062800 0.062800 0.062800 0.062800 0.062800 0.062800 0.062800 0.062800 0.062800 0.062800 0.062800 0.062800
61.8750 -24.9199 7.92515 0.449076 0.373235 0.203840 45.397 1.000000 0.658161 0.078600 0.078600 0.078600 0.078600 0.078600 0.078600 0.078600 0.078600 0.078600 0.078600 0.078600 0.078600 0.078600
67.5000 -24.9199 7.20844 0.439933 0.348569 0.179257 53.220 1.000000 1.000000 0.380103 0.063600 0.063600 0.063600 0.063600 0.063600 0.063600 0.063600 0.063600 0.063600 0.063600 0.063600 0.063600
73.1250 -24.9199 7.71331 0.445893 0.365144 0.196135 38.809 1.000000 0.479854 0.062800 0.062800 0.062800 0.062800 0.062800 0.062800 0.062800 0.062800 0.062800 0.062800 0.062800 0.062800 0.062800
78.7500 -24.9199 9.34046 0.451320 0.386282 0.231215 231.210 1.000000 1.000000 1.000000 1.000000 1.000000 1.000000 1.000000 1.000000 1.000000 1.000000 1.000000 1.000000 1.000000 1.000000 0.910294
84.3750 -24.9199 9.55456 0.443623 0.372951 0.225817 220.700 1.000000 1.000000 1.000000 1.000000 1.000000 1.000000 1.000000 1.000000 1.000000 1.000000 1.000000 1.000000 1.000000 1.000000 1.000000
90.0000 -24.9199 10.42466 0.451433 0.391494 0.247182 216.467 1.000000 1.000000 1.000000 1.000000 1.000000 1.000000 1.000000 1.000000 1.000000 1.000000 1.000000 1.000000 1.000000 1.000000 1.000000
95.6250 -24.9199 10.38291 0.451089 0.390689 0.246218 216.706 1.000000 1.000000 1.000000 1.000000 1.000000 1.000000 1.000000 1.000000 1.000000 1.000000 1.000000 1.000000 1.000000 1.000000 1.000000
140.6250 -24.9199 7.82224 0.443681 0.361548 0.195892 98.109 1.000000 1.000000 1.000000 1.000000 1.000000 0.188965 0.081500 0.081500 0.081500 0.081500 0.081500 0.081500 0.081500 0.081500 0.081500
168.7500 -24.9199 7.12028 0.437786 0.343336 0.175118 163.530 1.000000 1.000000 1.000000 1.000000 1.000000 1.000000 1.000000 1.000000 1.000000 0.362327 0.071800 0.071800 0.071800 0.071800 0.071800
174.3750 -24.9199 6.58090 0.434163 0.329952 0.159257 80.230 1.000000 1.000000 1.000000 1.000000 0.072172 0.062800 0.062800 0.062800 0.062800 0.062800 0.062800 0.062800 0.062800 0.062800 0.062800
-146.2500 -24.9199 6.64869 0.435630 0.333773 0.162302 135.019 1.000000 1.000000 1.000000 1.000000 1.000000 1.000000 0.928574 0.118200 0.118200 0.118200 0.118200 0.118200 0.118200 0.118200 0.118200
-140.6250 -24.9199 6.85116 0.428402 0.321682 0.159792 242.836 1.000000 1.000000 1.000000 1.000000 1.000000 1.000000 1.000000 1.000000 1.000000 1.000000 1.000000 1.000000 1.000000 1.000000 1.000000
-135.0000 -24.9199 5.95025 0.430654 0.314182 0.140378 41.930 1.000000 0.596067 0.062800 0.062800 0.062800 0.062800 0.062800 0.062800 0.062800 0.062800 0.062800 0.062800 0.062800 0.062800 0.062800
-129.3750 -24.9199 5.54174 0.432216 0.311045 0.130963 47.596 1.000000 0.826618 0.062800 0.062800 0.062800 0.062800 0.062800 0.062800 0.062800 0.062800 0.062800 0.062800 0.062800 0.062800 0.062800
-123.7500 -24.9199 7.34498 0.441081 0.352198 0.183376 73.795 1.000000 1.000000 1.000000 0.680415 0.062800 0.062800 0.062800 0.062800 0.062800 0.062800 0.062800 0.062800 0.062800 0.062800 0.062800
-56.2500 -24.9199 6.63193 0.433671 0.329567 0.159965 85.463 1.000000 1.000000 1.000000 1.000000 0.378023 0.066100 0.066100 0.066100 0.066100 0.066100 0.066100 0.066100 0.066100 0.066100 0.066100
-50.6250 -24.9199 5.65913 0.418325 0.284400 0.121913 112.621 1.000000 1.000000 1.000000 1.000000 1.000000 1.000000 0.280658 0.081300 0.081300 0.081300 0.081300 0.081300 0.081300 0.081300 0.081300
-45.0000 -24.9199 5.81210 0.421276 0.292881 0.128379 107.459 1.000000 1.000000 1.000000 1.000000 1.000000 0.803334 0.081000 0.081000 0.081000 0.081000 0.081000 0.081000 0.081000 0.081000 0.081000
-39.3750 -24.9199 7.19935 0.435631 0.339815 0.174609 247.810 1.000000 1.000000 1.000000 1.000000 1.000000 1.000000 1.000000 1.000000 1.000000 1.000000 1.000000 1.000000 1.000000 1.000000 1.000000
-22.5000 -24.9199 7.64669 0.440499 0.353731 0.188979 229.092 1.000000 1.000000 1.000000 1.000000 1.000000 1.000000 1.000000 1.000000 1.000000 1.000000 1.000000 1.000000 1.000000 0.812251 0.093000
-16.8750 -24.9199 6.08590 0.423913 0.302493 0.137604 129.640 1.000000 1.000000 1.000000 1.000000 1.000000 1.000000 1.000000 0.422685 0.062800 0.062800 0.062800 0.062800 0.062800 0.062800 0.062800
-11.2500 -24.9199 6.67542 0.432598 0.327915 0.159914 96.613 1.000000 1.000000 1.000000 1.000000 1.000000 0.185573 0.062800 0.062800 0.062800 0.062800 0.062800 0.062800 0.062800 0.062800 0.062800
-5.6250 -24.9199 6.14941 0.422607 0.300869 0.137984 111.579 1.000000 1.000000 1.000000 1.000000 1.000000 1.000000 0.347709 0.062800 0.062800 0.062800 0.062800 0.062800 0.062800 0.062800 0.062800
5.6250 -30.4576 6.66973 0.438120 0.339168 0.165301 44.308 1.000000 0.731961 0.062800 0.062800 0.062800 0.062800 0.062800 0.062800 0.062800 0.062800 0.062800 0.062800 0.062800 0.062800 0.062800
11.2500 -30.4576 9.81111 0.447057 0.380639 0.233516 220.685 1.000000 1.000000 1.000000 1.000000 1.000000 1.000000 1.000000 1.000000 1.000000 1.000000 1.000000 1.000000 1.000000 1.000000 1.000000
16.8750 -30.4576 9.55640 0.445988 0.377339 0.228497 223.264 1.000000 1.000000 1.000000 1.000000 1.000000 1.000000 1.000000 1.000000 1.000000 1.000000 1.000000 1.000000 1.000000 1.000000 1.000000
22.5000 -30.4576 8.81807 0.443789 0.368880 0.214186 211.810 1.000000 1.000000 1.000000 1.000000 1.000000 1.000000 1.000000 1.000000 1.000000 1.000000 1.000000 0.799264 0.631000 0.631000 0.631000
28.1250 -30.4576 6.41863 0.429051 0.317511 0.150456 40.771 1.000000 0.624183 0.062800 0.062800 0.062800 0.062800 0.062800 0.062800 0.062800 0.062800 0.062800 0.062800 0.062800 0.062800 0.062800
33.7500 -30.4576 6.96916 0.436458 0.339068 0.170435 73.644 1.000000 1.000000 1.000000 0.565190 0.072900 0.072900 0.072900 0.072900 0.072900 0.072900 0.072900 0.072900 0.072900 0.072900 0.072900
50.6250 -30.4576 6.01750 0.427385 0.308451 0.139064 37.451 1.000000 0.394569 0.062800 0.062800 0.062800 0.062800 0.062800 0.062800 0.062800 0.062800 0.062800 0.062800 0.062800 0.062800 0.062800
56.2500 -30.4576 6.44603 0.430071 0.319928 0.152083 37.173 1.000000 0.398318 0.062800 0.062800 0.062800 0.062800 0.062800 0.062800 0.062800 0.062800 0.062800 0.062800 0.062800 0.062800 0.062800
61.8750 -30.4576 7.39074 0.441830 0.354137 0.185133 38.396 1.000000 0.455487 0.062800 0.062800 0.062800 0.062800 0.062800 0.062800 0.062800 0.062800 0.062800 0.062800 0.062800 0.062800 0.062800
67.5000 -30.4576 6.92738 0.436100 0.337890 0.169140 50.421 1.000000 1.000000 0.234308 0.062800 0.062800 0.062800 0.062800 0.062800 0.062800 0.062800 0.062800 0.062800 0.062800 0.062800 0.062800
73.1250 -30.4576 7.86216 0.447640 0.369847 0.201013 40.098 1.000000 0.558579 0.062800 0.062800 0.062800 0.062800 0.062800 0.062800 0.062800 0.062800 0.062800 0.062800 0.062800 0.062800 0.062800
78.7500 -30.4576 7.17044 0.439124 0.346551 0.177592 39.906 1.000000 0.545458 0.062800 0.062800 0.062800 0.062800 0.062800 0.062800 0.062800 0.062800 0.062800 0.062800 0.062800 0.062800 0.062800
84.3750 -30.4576 8.40938 0.440785 0.360346 0.203776 234.855 1.000000 1.000000 1.000000 1.000000 1.000000 1.000000 1.000000 1.000000 1.000000 1.000000 1.000000 1.000000 1.000000 1.000000 1.000000
90.0000 -30.4576 9.44467 0.447621 0.379799 0.228625 215.823 1.000000 1.000000 1.000000 1.000000 1.000000 1.000000 1.000000 1.000000 1.000000 1.000000 1.000000 0.831186 0.815100 0.815100 0.815100
-151.8750 -30.4576 6.95549 0.438203 0.342475 0.171915 52.273 1.000000 1.000000 0.311158 0.062800 0.062800 0.062800 0.062800 0.062800 0.062800 0.062800 0.062800 0.062800 0.062800 0.062800 0.062800
-146.2500 -30.4576 7.17536 0.443693 0.355982 0.182509 63.261 1.000000 1.000000 0.893159 0.062800 0.062800 0.062800 0.062800 0.062800 0.062800 0.062800 0.062800 0.062800 0.062800 0.062800 0.062800
-140.6250 -30.4576 6.51570 0.430934 0.322572 0.154564 217.815 1.000000 1.000000 1.000000 1.000000 1.000000 1.000000 1.000000 1.000000 1.000000 1.000000 1.000000 1.000000 0.738364 0.113100 0.113100
-56.2500 -30.4576 7.94603 0.445516 0.366187 0.200309 44.199 1.000000 0.848174 0.062800 0.062800 0.062800 0.062800 0.062800 0.062800 0.062800 0.062800 0.062800 0.062800 0.062800 0.062800 0.062800
-50.6250 -30.4576 6.61485 0.435296 0.332686 0.161178 46.535 1.000000 0.896908 0.062800 0.062800 0.062800 0.062800 0.062800 0.062800 0.062800 0.062800 0.062800 0.062800 0.062800 0.062800 0.062800
-45.0000 -30.4576 5.87604 0.421667 0.294717 0.130348 139.130 1.000000 1.000000 1.000000 1.000000 1.000000 1.000000 1.000000 0.807886 0.093800 0.093800 0.093800 0.093800 0.093800 0.093800 0.093800
-39.3750 -30.4576 7.13740 0.435434 0.338784 0.173076 248.563 1.000000 1.000000 1.000000 1.000000 1.000000 1.000000 1.000000 1.000000 1.000000 1.000000 1.000000 1.000000 1.000000 1.000000 1.000000
-33.7500 -30.4576 8.01988 0.440889 0.357594 0.196698 229.946 1.000000 1.000000 1.000000 1.000000 1.000000 1.000000 1.000000 1.000000 1.000000 1.000000 1.000000 1.000000 1.000000 0.860595 0.431000
-16.8750 -30.4576 5.80209 0.420272 0.290721 0.127251 128.969 1.000000 1.000000 1.000000 1.000000 1.000000 1.000000 1.000000 0.449864 0.062800 0.062800 0.062800 0.062800 0.062800 0.062800 0.062800
-11.2500 -30.4576 6.41063 0.428998 0.317299 0.150215 90.480 1.000000 1.000000 1.000000 1.000000 0.787256 0.062800 0.062800 0.062800 0.062800 0.062800 0.062800 0.062800 0.062800 0.062800 0.062800
-5.6250 -30.4576 6.00721 0.424754 0.302972 0.136407 92.681 1.000000 1.000000 1.000000 1.000000 0.936270 0.062800 0.062800 0.062800 0.062800 0.062800 0.062800 0.062800 0.062800 0.062800 0.062800
0.0000 -35.9951 6.39532 0.431460 0.322083 0.152207 71.024 1.000000 1.000000 1.000000 0.490163 0.062800 0.062800 0.062800 0.062800 0.062800 0.062800 0.062800 0.062800 0.062800 0.062800 0.062800
5.6250 -35.9951 6.50127 0.430825 0.322168 0.154119 50.023 1.000000 1.000000 0.223061 0.062800 0.062800 0.062800 0.062800 0.062800 0.062800 0.062800 0.062800 0.062800 0.062800 0.062800 0.062800
11.2500 -35.9951 9.07565 0.446964 0.376504 0.222012 212.606 1.000000 1.000000 1.000000 1.000000 1.000000 1.000000 1.000000 1.000000 1.000000 1.000000 0.869303 0.723100 0.723100 0.723100 0.723100
16.8750 -35.9951 9.56248 0.445131 0.375782 0.227626 222.234 1.000000 1.000000 1.000000 1.000000 1.000000 1.000000 1.000000 1.000000 1.000000 1.000000 1.000000 1.000000 1.000000 1.000000 1.000000
22.5000 -35.9951 8.49243 0.430057 0.340917 0.193866 220.576 1.000000 1.000000 1.000000 1.000000 1.000000 1.000000 1.000000 1.000000 1.000000 1.000000 1.000000 1.000000 1.000000 1.000000 1.000000
28.1250 -35.9951 7.25921 0.431850 0.332984 0.172041 241.415 1.000000 1.000000 1.000000 1.000000 1.000000 1.000000 1.000000 1.000000 1.000000 1.000000 1.000000 1.000000 1.000000 1.000000 1.000000
50.6250 -35.9951 7.18947 0.438422 0.345319 0.177274 181.493 1.000000 1.000000 1.000000 1.000000 1.000000 1.000000 1.000000 1.000000 1.000000 1.000000 0.178301 0.155500 0.155500 0.155500 0.155500
56.2500 -35.9951 6.67787 0.432264 0.327270 0.159642 140.916 1.000000 1.000000 1.000000 1.000000 1.000000 1.000000 1.000000 0.877966 0.075500 0.075500 0.075500 0.075500 0.075500 0.075500 0.075500
61.8750 -35.9951 7.18975 0.440049 0.348622 0.178975 68.814 1.000000 1.000000 1.000000 0.365516 0.062800 0.062800 0.062800 0.062800 0.062800 0.062800 0.062800 0.062800 0.062800 0.062800 0.062800
67.5000 -35.9951 6.41287 0.433046 0.325558 0.154165 61.523 1.000000 1.000000 0.835990 0.062800 0.062800 0.062800 0.062800 0.062800 0.062800 0.062800 0.062800 0.062800 0.062800 0.062800 0.062800
73.1250 -35.9951 6.55351 0.434641 0.330600 0.159085 76.147 1.000000 1.000000 1.000000 0.748830 0.062800 0.062800 0.062800 0.062800 0.062800 0.062800 0.062800 0.062800 0.062800 0.062800 0.062800
78.7500 -35.9951 6.46974 0.433825 0.327885 0.156291 50.997 1.000000 1.000000 0.218375 0.062800 0.062800 0.062800 0.062800 0.062800 0.062800 0.062800 0.062800 0.062800 0.062800 0.062800 0.062800
84.3750 -35.9951 6.79137 0.438190 0.340677 0.168188 34.742 1.000000 0.197757 0.062800 0.062800 0.062800 0.062800 0.062800 0.062800 0.062800 0.062800 0.062800 0.062800 0.062800 0.062800 0.062800
-151.8750 -35.9951 6.31803 0.433712 0.325701 0.152512 64.132 1.000000 1.000000 0.949391 0.062800 0.062800 0.062800 0.062800 0.062800 0.062800 0.062800 0.062800 0.062800 0.062800 0.062800 0.062800
-146.2500 -35.9951 6.48803 0.438748 0.338369 0.161625 67.883 1.000000 1.000000 1.000000 0.149960 0.062800 0.062800 0.062800 0.062800 0.062800 0.062800 0.062800 0.062800 0.062800 0.062800 0.062800
-140.6250 -35.9951 6.60144 0.437910 0.337944 0.163484 139.350 1.000000 1.000000 1.000000 1.000000 1.000000 1.000000 1.000000 0.309955 0.096800 0.096800 0.096800 0.096800 0.096800 0.096800 0.096800
-45.0000 -35.9951 6.25371 0.430153 0.317509 0.147520 50.463 1.000000 1.000000 0.150198 0.068200 0.068200 0.068200 0.068200 0.068200 0.068200 0.068200 0.068200 0.068200 0.068200 0.068200 0.068200
-39.3750 -35.9951 6.33513 0.428363 0.314999 0.147803 43.297 1.000000 0.773198 0.062800 0.062800 0.062800 0.062800 0.062800 0.062800 0.062800 0.062800 0.062800 0.062800 0.062800 0.062800 0.062800
-33.7500 -35.9951 7.77323 0.439901 0.353631 0.190863 232.548 1.000000 1.000000 1.000000 1.000000 1.000000 1.000000 1.000000 1.000000 1.000000 1.000000 1.000000 1.000000 1.000000 0.920229 0.366900
-22.5000 -35.9951 5.11547 0.418650 0.274559 0.107562 97.320 1.000000 1.000000 1.000000 1.000000 1.000000 0.262424 0.062800 0.062800 0.062800 0.062800 0.062800 0.062800 0.062800 0.062800 0.062800
-16.8750 -35.9951 5.55739 0.420206 0.286312 0.120844 144.068 1.000000 1.000000 1.000000 1.000000 1.000000 1.000000 1.000000 1.000000 0.329902 0.062800 0.062800 0.062800 0.062800 0.062800 0.062800
-11.2500 -35.9951 6.40128 0.428307 0.315785 0.149335 143.035 1.000000 1.000000 1.000000 1.000000 1.000000 1.000000 1.000000 1.000000 0.216501 0.062800 0.062800 0.062800 0.062800 0.062800 0.062800
-5.6250 -35.9951 5.93573 0.423781 0.299900 0.133733 116.598 1.000000 1.000000 1.000000 1.000000 1.000000 1.000000 0.514530 0.062800 0.062800 0.062800 0.062800 0.062800 0.062800 0.062800 0.062800
0.0000 -41.5325 7.28927 0.439357 0.348182 0.180383 86.055 1.000000 1.000000 1.000000 1.000000 0.500472 0.062800 0.062800 0.062800 0.062800 0.062800 0.062800 0.062800 0.062800 0.062800 0.062800
5.6250 -41.5325 7.86783 0.448083 0.370792 0.201615 61.108 1.000000 1.000000 0.858483 0.062800 0.062800 0.062800 0.062800 0.062800 0.062800 0.062800 0.062800 0.062800 0.062800 0.062800 0.062800
11.2500 -41.5325 7.60403 0.444952 0.362341 0.192899 53.867 1.000000 1.000000 0.425496 0.062800 0.062800 0.062800 0.062800 0.062800 0.062800 0.062800 0.062800 0.062800 0.062800 0.062800 0.062800
16.8750 -41.5325 8.35977 0.434480 0.348026 0.196144 227.823 1.000000 1.000000 1.000000 1.000000 1.000000 1.000000 1.000000 1.000000 1.000000 1.000000 1.000000 1.000000 1.000000 1.000000 1.000000
22.5000 -41.5325 8.59256 0.440110 0.360371 0.206282 231.134 1.000000 1.000000 1.000000 1.000000 1.000000 1.000000 1.000000 1.000000 1.000000 1.000000 1.000000 1.000000 1.000000 1.000000 1.000000
50.6250 -41.5325 6.77858 0.435124 0.334246 0.164793 238.073 1.000000 1.000000 1.000000 1.000000 1.000000 1.000000 1.000000 1.000000 1.000000 1.000000 1.000000 1.000000 1.000000 0.884742 0.164800
56.2500 -41.5325 7.36425 0.440493 0.351186 0.183162 252.036 1.000000 1.000000 1.000000 1.000000 1.000000 1.000000 1.000000 1.000000 1.000000 1.000000 1.000000 1.000000 1.000000 1.000000 1.000000
61.8750 -41.5325 6.79139 0.434466 0.333056 0.164426 238.712 1.000000 1.000000 1.000000 1.000000 1.000000 1.000000 1.000000 1.000000 1.000000 1.000000 1.000000 1.000000 1.000000 0.973827 0.182100
-151.8750 -41.5325 5.69470 0.429187 0.307115 0.132348 62.259 1.000000 1.000000 0.808811 0.062800 0.062800 0.062800 0.062800 0.062800 0.062800 0.062800 0.062800 0.062800 0.062800 0.062800 0.062800
-146.2500 -41.5325 5.51072 0.433217 0.312700 0.131020 70.102 1.000000 1.000000 1.000000 0.167766 0.062800 0.062800 0.062800 0.062800 0.062800 0.062800 0.062800 0.062800 0.062800 0.062800 0.062800
-140.6250 -41.5325 6.14000 0.433089 0.322003 0.147500 255.945 1.000000 1.000000 1.000000 1.000000 1.000000 1.000000 1.000000 1.000000 1.000000 1.000000 1.000000 1.000000 1.000000 1.000000 0.667001
-39.3750 -41.5325 6.28155 0.429888 0.317351 0.147949 76.407 1.000000 1.000000 1.000000 0.652406 0.078000 0.078000 0.078000 0.078000 0.078000 0.078000 0.078000 0.078000 0.078000 0.078000 0.078000
-33.7500 -41.5325 7.00250 0.435809 0.338113 0.170512 213.570 1.000000 1.000000 1.000000 1.000000 1.000000 1.000000 1.000000 1.000000 1.000000 1.000000 1.000000 1.000000 0.298424 0.222200 0.222200
-16.8750 -41.5325 6.07314 0.429822 0.314271 0.142726 257.318 1.000000 1.000000 1.000000 1.000000 1.000000 1.000000 1.000000 1.000000 1.000000 1.000000 1.000000 1.000000 1.000000 1.000000 1.000000
-11.2500 -41.5325 5.63825 0.419644 0.286641 0.122488 246.229 1.000000 1.000000 1.000000 1.000000 1.000000 1.000000 1.000000 1.000000 1.000000 1.000000 1.000000 1.000000 1.000000 1.000000 1.000000
0.0000 -47.0696 6.65859 0.431354 0.325203 0.158305 250.348 1.000000 1.000000 1.000000 1.000000 1.000000 1.000000 1.000000 1.000000 1.000000 1.000000 1.000000 1.000000 1.000000 1.000000 1.000000
5.6250 -47.0696 6.77150 0.434013 0.331910 0.163521 124.249 1.000000 1.000000 1.000000 1.000000 1.000000 1.000000 0.876290 0.062800 0.062800 0.062800 0.062800 0.062800 0.062800 0.062800 0.062800
11.2500 -47.0696 7.05887 0.437845 0.342826 0.173837 74.106 1.000000 1.000000 1.000000 0.694473 0.062800 0.062800 0.062800 0.062800 0.062800 0.062800 0.062800 0.062800 0.062800 0.062800 0.062800
16.8750 -47.0696 6.52420 0.425249 0.311375 0.149342 243.049 1.000000 1.000000 1.000000 1.000000 1.000000 1.000000 1.000000 1.000000 1.000000 1.000000 1.000000 1.000000 1.000000 1.000000 1.000000
56.2500 -47.0696 7.00015 0.433203 0.332867 0.167828 247.103 1.000000 1.000000 1.000000 1.000000 1.000000 1.000000 1.000000 1.000000 1.000000 1.000000 1.000000 1.000000 1.000000 1.000000 0.972409
180.0000 -47.0696 7.85218 0.442169 0.358774 0.194844 45.985 1.000000 0.988754 0.062800 0.062800 0.062800 0.062800 0.062800 0.062800 0.062800 0.062800 0.062800 0.062800 0.062800 0.062800 0.062800
-157.5000 -47.0696 7.20659 0.436070 0.340766 0.175214 248.327 1.000000 1.000000 1.000000 1.000000 1.000000 1.000000 1.000000 1.000000 1.000000 1.000000 1.000000 1.000000 1.000000 1.000000 1.000000
-151.8750 -47.0696 5.27943 0.428296 0.297970 0.120180 79.215 1.000000 1.000000 1.000000 0.764763 0.062800 0.062800 0.062800 0.062800 0.062800 0.062800 0.062800 0.062800 0.062800 0.062800 0.062800
-90.0000 -47.0696 7.88647 0.433754 0.342695 0.186606 197.072 1.000000 1.000000 1.000000 1.000000 1.000000 1.000000 1.000000 1.000000 0.670446 0.659200 0.659200 0.659200 0.659200 0.659200 0.659200
-5.6250 -47.0696 5.42670 0.419586 0.282647 0.116844 248.705 1.000000 1.000000 1.000000 1.000000 1.000000 1.000000 1.000000 1.000000 1.000000 1.000000 1.000000 1.000000 1.000000 1.000000 1.000000
0.0000 -52.6065 6.20256 0.428347 0.313117 0.144563 115.042 1.000000 1.000000 1.000000 1.000000 1.000000 1.000000 0.278010 0.068400 0.068400 0.068400 0.068400 0.068400 0.068400 0.068400 0.068400
5.6250 -52.6065 5.42922 0.418539 0.280595 0.116043 246.827 1.000000 1.000000 1.000000 1.000000 1.000000 1.000000 1.000000 1.000000 1.000000 1.000000 1.000000 1.000000 1.000000 1.000000 1.000000
11.2500 -52.6065 6.62223 0.429827 0.321696 0.155979 248.575 1.000000 1.000000 1.000000 1.000000 1.000000 1.000000 1.000000 1.000000 1.000000 1.000000 1.000000 1.000000 1.000000 1.000000 1.000000
16.8750 -52.6065 7.32512 0.433921 0.337712 0.175524 243.283 1.000000 1.000000 1.000000 1.000000 1.000000 1.000000 1.000000 1.000000 1.000000 1.000000 1.000000 1.000000 1.000000 1.000000 1.000000
163.1250 -52.6065 8.56988 0.440578 0.361099 0.206393 207.710 1.000000 1.000000 1.000000 1.000000 1.000000 1.000000 1.000000 1.000000 1.000000 0.908678 0.703500 0.703500 0.703500 0.703500 0.703500
168.7500 -52.6065 7.95103 0.437427 0.350300 0.191691 189.582 1.000000 1.000000 1.000000 1.000000 1.000000 1.000000 1.000000 0.995653 0.565300 0.565300 0.565300 0.565300 0.565300 0.565300 0.565300
174.3750 -52.6065 7.67259 0.438568 0.350133 0.187453 178.247 1.000000 1.000000 1.000000 1.000000 1.000000 1.000000 1.000000 0.922389 0.433500 0.433500 0.433500 0.433500 0.433500 0.433500 0.433500
180.0000 -52.6065 7.07171 0.437201 0.341654 0.173457 216.914 1.000000 1.000000 1.000000 1.000000 1.000000 1.000000 1.000000 1.000000 1.000000 1.000000 1.000000 1.000000 0.303942 0.296200 0.296200
-140.6250 -52.6065 7.62298 0.436744 0.346105 0.184544 242.340 1.000000 1.000000 1.000000 1.000000 1.000000 1.000000 1.000000 1.000000 1.000000 1.000000 1.000000 1.000000 1.000000 1.000000 1.000000
-95.6250 -52.6065 8.74212 0.440700 0.362520 0.209502 223.065 1.000000 1.000000 1.000000 1.000000 1.000000 1.000000 1.000000 1.000000 1.000000 1.000000 1.000000 1.000000 0.990910 0.793400 0.793400
-90.0000 -52.6065 8.45454 0.436768 0.353051 0.200260 210.527 1.000000 1.000000 1.000000 1.000000 1.000000 1.000000 1.000000 1.000000 1.000000 0.924168 0.770900 0.770900 0.770900 0.770900 0.770900
-84.3750 -52.6065 8.16906 0.440552 0.358101 0.199139 186.290 1.000000 1.000000 1.000000 1.000000 1.000000 1.000000 1.000000 0.771100 0.564000 0.564000 0.564000 0.564000 0.564000 0.564000 0.564000
-45.0000 -52.6065 8.74663 0.446569 0.373766 0.216062 213.516 1.000000 1.000000 1.000000 1.000000 1.000000 1.000000 1.000000 1.000000 1.000000 1.000000 1.000000 1.000000 0.751458 0.393800 0.393800
-5.6250 -52.6065 6.88295 0.428513 0.322277 0.160605 242.508 1.000000 1.000000 1.000000 1.000000 1.000000 1.000000 1.000000 1.000000 1.000000 1.000000 1.000000 1.000000 1.000000 1.000000 1.000000
5.6250 -58.1430 7.56203 0.436274 0.344623 0.182825 183.412 1.000000 1.000000 1.000000 1.000000 1.000000 1.000000 1.000000 1.000000 0.616693 0.453200 0.453200 0.453200 0.453200 0.453200 0.453200
95.6250 -58.1430 7.27063 0.433522 0.336373 0.173972 243.602 1.000000 1.000000 1.000000 1.000000 1.000000 1.000000 1.000000 1.000000 1.000000 1.000000 1.000000 1.000000 1.000000 1.000000 1.000000
101.2500 -58.1430 7.42327 0.434075 0.338992 0.177720 241.908 1.000000 1.000000 1.000000 1.000000 1.000000 1.000000 1.000000 1.000000 1.000000 1.000000 1.000000 1.000000 1.000000 1.000000 1.000000
106.8750 -58.1430 7.86975 0.437790 0.350317 0.190510 204.774 1.000000 1.000000 1.000000 1.000000 1.000000 1.000000 1.000000 1.000000 1.000000 1.000000 0.756229 0.514400 0.514400 0.514400 0.514400
151.8750 -58.1430 8.01333 0.438536 0.352961 0.194054 203.397 1.000000 1.000000 1.000000 1.000000 1.000000 1.000000 1.000000 1.000000 1.000000 1.000000 0.567036 0.558200 0.558200 0.558200 0.558200
157.5000 -58.1430 8.05030 0.430643 0.338275 0.186492 208.737 1.000000 1.000000 1.000000 1.000000 1.000000 1.000000 1.000000 1.000000 1.000000 1.000000 1.000000 0.695878 0.685500 0.685500 0.685500
163.1250 -58.1430 8.23710 0.434669 0.347399 0.194126 190.226 1.000000 1.000000 1.000000 1.000000 1.000000 1.000000 0.855757 0.694400 0.694400 0.694400 0.694400 0.694400 0.694400 0.694400 0.694400
168.7500 -58.1430 7.65352 0.428795 0.331124 0.177000 178.414 1.000000 1.000000 1.000000 1.000000 1.000000 0.950138 0.625100 0.625100 0.625100 0.625100 0.625100 0.625100 0.625100 0.625100 0.625100
174.3750 -58.1430 7.30635 0.428771 0.327532 0.169946 177.128 1.000000 1.000000 1.000000 1.000000 1.000000 1.000000 1.000000 0.555290 0.526400 0.526400 0.526400 0.526400 0.526400 0.526400 0.526400
180.0000 -58.1430 7.93147 0.439371 0.353913 0.193381 179.056 1.000000 1.000000 1.000000 1.000000 1.000000 1.000000 1.000000 1.000000 0.483850 0.445000 0.445000 0.445000 0.445000 0.445000 0.445000
-174.3750 -58.1430 7.25438 0.436286 0.341678 0.176455 234.993 1.000000 1.000000 1.000000 1.000000 1.000000 1.000000 1.000000 1.000000 1.000000 1.000000 1.000000 1.000000 1.000000 0.816986 0.405800
-168.7500 -58.1430 7.33100 0.436705 0.343270 0.178505 247.146 1.000000 1.000000 1.000000 1.000000 1.000000 1.000000 1.000000 1.000000 1.000000 1.000000 1.000000 1.000000 1.000000 1.000000 1.000000
-157.5000 -58.1430 7.89573 0.441125 0.357061 0.194568 243.741 1.000000 1.000000 1.000000 1.000000 1.000000 1.000000 1.000000 1.000000 1.000000 1.000000 1.000000 1.000000 1.000000 1.000000 1.000000
-151.8750 -58.1430 7.40635 0.437269 0.345120 0.180665 246.681 1.000000 1.000000 1.000000 1.000000 1.000000 1.000000 1.000000 1.000000 1.000000 1.000000 1.000000 1.000000 1.000000 1.000000 1.000000
-140.6250 -58.1430 6.59137 0.432397 0.326482 0.157765 253.077 1.000000 1.000000 1.000000 1.000000 1.000000 1.000000 1.000000 1.000000 1.000000 1.000000 1.000000 1.000000 1.000000 1.000000 1.000000
-123.7500 -58.1430 6.69181 0.430647 0.324195 0.158379 248.725 1.000000 1.000000 1.000000 1.000000 1.000000 1.000000 1.000000 1.000000 1.000000 1.000000 1.000000 1.000000 1.000000 1.000000 1.000000
-118.1250 -58.1430 7.22831 0.432908 0.334730 0.172455 235.749 1.000000 1.000000 1.000000 1.000000 1.000000 1.000000 1.000000 1.000000 1.000000 1.000000 1.000000 1.000000 1.000000 1.000000 0.527750
-112.5000 -58.1430 7.26221 0.428789 0.327095 0.169044 237.076 1.000000 1.000000 1.000000 1.000000 1.000000 1.000000 1.000000 1.000000 1.000000 1.000000 1.000000 1.000000 1.000000 1.000000 1.000000
-106.8750 -58.1430 7.39980 0.428194 0.327417 0.171300 234.175 1.000000 1.000000 1.000000 1.000000 1.000000 1.000000 1.000000 1.000000 1.000000 1.000000 1.000000 1.000000 1.000000 1.000000 1.000000
-101.2500 -58.1430 7.96555 0.433097 0.342142 0.187433 225.590 1.000000 1.000000 1.000000 1.000000 1.000000 1.000000 1.000000 1.000000 1.000000 1.000000 1.000000 1.000000 1.000000 0.939806 0.641700
-95.6250 -58.1430 8.25208 0.434291 0.346810 0.194002 198.358 1.000000 1.000000 1.000000 1.000000 1.000000 1.000000 1.000000 1.000000 0.902629 0.679700 0.679700 0.679700 0.679700 0.679700 0.679700
-90.0000 -58.1430 8.24332 0.434626 0.347368 0.194194 196.900 1.000000 1.000000 1.000000 1.000000 1.000000 1.000000 1.000000 1.000000 0.876658 0.663000 0.663000 0.663000 0.663000 0.663000 0.663000
-84.3750 -58.1430 7.93254 0.438384 0.352000 0.192351 182.434 1.000000 1.000000 1.000000 1.000000 1.000000 1.000000 0.867959 0.569900 0.569900 0.569900 0.569900 0.569900 0.569900 0.569900 0.569900
-61.8750 -58.1430 11.80194 0.461816 0.414973 0.276451 207.783 1.000000 1.000000 1.000000 1.000000 1.000000 1.000000 1.000000 1.000000 1.000000 1.000000 1.000000 1.000000 1.000000 1.000000 1.000000
-56.2500 -58.1430 8.14665 0.438907 0.354746 0.196955 219.677 1.000000 1.000000 1.000000 1.000000 1.000000 1.000000 1.000000 1.000000 1.000000 1.000000 1.000000 0.934525 0.662500 0.662500 0.662500
-50.6250 -58.1430 8.77129 0.444798 0.370511 0.214510 211.224 1.000000 1.000000 1.000000 1.000000 1.000000 1.000000 1.000000 1.000000 1.000000 1.000000 0.954386 0.646400 0.646400 0.646400 0.646400
-45.0000 -58.1430 9.02803 0.449816 0.381712 0.224457 191.708 1.000000 1.000000 1.000000 1.000000 1.000000 1.000000 1.000000 1.000000 0.784715 0.567700 0.567700 0.567700 0.567700 0.567700 0.567700
-39.3750 -58.1430 7.58897 0.437823 0.347916 0.184988 186.392 1.000000 1.000000 1.000000 1.000000 1.000000 1.000000 1.000000 1.000000 1.000000 0.436658 0.400700 0.400700 0.400700 0.400700 0.400700
5.6250 -63.6786 9.98032 0.452466 0.391501 0.242178 185.792 1.000000 1.000000 1.000000 1.000000 1.000000 1.000000 1.000000 1.000000 1.000000 0.957740 0.496900 0.496900 0.496900 0.496900 0.496900
61.8750 -63.6786 7.51152 0.440746 0.353035 0.186492 186.596 1.000000 1.000000 1.000000 1.000000 1.000000 1.000000 1.000000 1.000000 1.000000 1.000000 0.254842 0.237300 0.237300 0.237300 0.237300
67.5000 -63.6786 7.47891 0.440994 0.353242 0.186082 192.990 1.000000 1.000000 1.000000 1.000000 1.000000 1.000000 1.000000 1.000000 1.000000 1.000000 0.660443 0.221200 0.221200 0.221200 0.221200
73.1250 -63.6786 6.68540 0.426867 0.316638 0.154581 205.879 1.000000 1.000000 1.000000 1.000000 1.000000 1.000000 1.000000 1.000000 1.000000 1.000000 1.000000 0.964585 0.246500 0.246500 0.246500
78.7500 -63.6786 6.61078 0.423660 0.309435 0.149846 207.875 1.000000 1.000000 1.000000 1.000000 1.000000 1.000000 1.000000 1.000000 1.000000 1.000000 1.000000 1.000000 0.429895 0.297900 0.297900
95.6250 -63.6786 6.15724 0.415111 0.286545 0.131545 232.501 1.000000 1.000000 1.000000 1.000000 1.000000 1.000000 1.000000 1.000000 1.000000 1.000000 1.000000 1.000000 1.000000 1.000000 1.000000
101.2500 -63.6786 6.77749 0.426393 0.316865 0.156206 240.989 1.000000 1.000000 1.000000 1.000000 1.000000 1.000000 1.000000 1.000000 1.000000 1.000000 1.000000 1.000000 1.000000 1.000000 1.000000
106.8750 -63.6786 7.39040 0.435694 0.341848 0.178703 244.717 1.000000 1.000000 1.000000 1.000000 1.000000 1.000000 1.000000 1.000000 1.000000 1.000000 1.000000 1.000000 1.000000 1.000000 1.000000
151.8750 -63.6786 7.61299 0.436497 0.345529 0.184085 209.667 1.000000 1.000000 1.000000 1.000000 1.000000 1.000000 1.000000 1.000000 1.000000 1.000000 1.000000 0.552732 0.478100 0.478100 0.478100
157.5000 -63.6786 8.39860 0.443151 0.364832 0.206162 177.696 1.000000 1.000000 1.000000 1.000000 1.000000 1.000000 0.644672 0.569300 0.569300 0.569300 0.569300 0.569300 0.569300 0.569300 0.569300
163.1250 -63.6786 7.25076 0.424863 0.319503 0.164948 175.219 1.000000 1.000000 1.000000 1.000000 1.000000 1.000000 0.699485 0.579700 0.579700 0.579700 0.579700 0.579700 0.579700 0.579700 0.579700
168.7500 -63.6786 7.86001 0.434673 0.344217 0.187052 163.078 1.000000 1.000000 1.000000 1.000000 1.000000 0.552240 0.536000 0.536000 0.536000 0.536000 0.536000 0.536000 0.536000 0.536000 0.536000
174.3750 -63.6786 7.51521 0.433530 0.338828 0.179042 160.555 1.000000 1.000000 1.000000 1.000000 1.000000 0.892878 0.461700 0.461700 0.461700 0.461700 0.461700 0.461700 0.461700 0.461700 0.461700
180.0000 -63.6786 7.74368 0.437116 0.347914 0.187337 163.851 1.000000 1.000000 1.000000 1.000000 1.000000 1.000000 1.000000 0.465474 0.391200 0.391200 0.391200 0.391200 0.391200 0.391200 0.391200
-174.3750 -63.6786 6.97523 0.427382 0.321164 0.161532 185.744 1.000000 1.000000 1.000000 1.000000 1.000000 1.000000 1.000000 1.000000 1.000000 0.886232 0.349900 0.349900 0.349900 0.349900 0.349900
-168.7500 -63.6786 7.07689 0.431438 0.330223 0.167736 201.533 1.000000 1.000000 1.000000 1.000000 1.000000 1.000000 1.000000 1.000000 1.000000 1.000000 1.000000 0.402239 0.333600 0.333600 0.333600
-163.1250 -63.6786 7.24130 0.436816 0.342605 0.176723 236.080 1.000000 1.000000 1.000000 1.000000 1.000000 1.000000 1.000000 1.000000 1.000000 1.000000 1.000000 1.000000 1.000000 0.914030 0.317700
-157.5000 -63.6786 7.84074 0.444223 0.362780 0.196844 239.615 1.000000 1.000000 1.000000 1.000000 1.000000 1.000000 1.000000 1.000000 1.000000 1.000000 1.000000 1.000000 1.000000 1.000000 0.440220
-151.8750 -63.6786 7.64760 0.442423 0.357588 0.191054 239.378 1.000000 1.000000 1.000000 1.000000 1.000000 1.000000 1.000000 1.000000 1.000000 1.000000 1.000000 1.000000 1.000000 1.000000 0.374128
-146.2500 -63.6786 6.73753 0.434364 0.332228 0.163094 252.876 1.000000 1.000000 1.000000 1.000000 1.000000 1.000000 1.000000 1.000000 1.000000 1.000000 1.000000 1.000000 1.000000 1.000000 0.951224
-140.6250 -63.6786 6.65823 0.433424 0.329380 0.160331 253.573 1.000000 1.000000 1.000000 1.000000 1.000000 1.000000 1.000000 1.000000 1.000000 1.000000 1.000000 1.000000 1.000000 1.000000 1.000000
-135.0000 -63.6786 8.52989 0.448535 0.376242 0.214485 212.895 1.000000 1.000000 1.000000 1.000000 1.000000 1.000000 1.000000 1.000000 1.000000 1.000000 1.000000 1.000000 0.454832 0.353300 0.353300
-129.3750 -63.6786 6.21113 0.419707 0.296148 0.136874 238.910 1.000000 1.000000 1.000000 1.000000 1.000000 1.000000 1.000000 1.000000 1.000000 1.000000 1.000000 1.000000 1.000000 1.000000 1.000000
-123.7500 -63.6786 6.94060 0.427421 0.320833 0.160813 202.348 1.000000 1.000000 1.000000 1.000000 1.000000 1.000000 1.000000 1.000000 1.000000 1.000000 1.000000 0.645876 0.333100 0.333100 0.333100
-118.1250 -63.6786 6.83753 0.427179 0.319130 0.158303 183.852 1.000000 1.000000 1.000000 1.000000 1.000000 1.000000 1.000000 1.000000 1.000000 0.810128 0.324300 0.324300 0.324300 0.324300 0.324300
-112.5000 -63.6786 7.09985 0.430356 0.328358 0.167155 241.805 1.000000 1.000000 1.000000 1.000000 1.000000 1.000000 1.000000 1.000000 1.000000 1.000000 1.000000 1.000000 1.000000 1.000000 1.000000
-106.8750 -63.6786 6.97343 0.428771 0.323839 0.162848 241.486 1.000000 1.000000 1.000000 1.000000 1.000000 1.000000 1.000000 1.000000 1.000000 1.000000 1.000000 1.000000 1.000000 1.000000 1.000000
-101.2500 -63.6786 7.48417 0.436015 0.343383 0.180970 166.545 1.000000 1.000000 1.000000 1.000000 1.000000 1.000000 1.000000 0.892659 0.337400 0.337400 0.337400 0.337400 0.337400 0.337400 0.337400
-95.6250 -63.6786 7.74356 0.439300 0.352193 0.189639 143.948 1.000000 1.000000 1.000000 1.000000 1.000000 0.674760 0.353400 0.353400 0.353400 0.353400 0.353400 0.353400 0.353400 0.353400 0.353400
-90.0000 -63.6786 7.09465 0.428642 0.324969 0.165348 145.234 1.000000 1.000000 1.000000 1.000000 1.000000 0.948650 0.350000 0.350000 0.350000 0.350000 0.350000 0.350000 0.350000 0.350000 0.350000
-84.3750 -63.6786 7.25654 0.435068 0.339279 0.175250 123.049 1.000000 1.000000 1.000000 1.000000 0.484655 0.301700 0.301700 0.301700 0.301700 0.301700 0.301700 0.301700 0.301700 0.301700 0.301700
-78.7500 -63.6786 7.37561 0.437655 0.345595 0.180427 147.418 1.000000 1.000000 1.000000 1.000000 1.000000 1.000000 0.535739 0.298700 0.298700 0.298700 0.298700 0.298700 0.298700 0.298700 0.298700
-61.8750 -63.6786 7.94079 0.440048 0.355313 0.194283 196.018 1.000000 1.000000 1.000000 1.000000 1.000000 1.000000 1.000000 1.000000 1.000000 0.919253 0.450700 0.450700 0.450700 0.450700 0.450700
-56.2500 -63.6786 7.72525 0.435861 0.345308 0.185659 192.451 1.000000 1.000000 1.000000 1.000000 1.000000 1.000000 1.000000 1.000000 1.000000 0.540587 0.502800 0.502800 0.502800 0.502800 0.502800
-50.6250 -63.6786 7.78026 0.433519 0.341293 0.184307 178.964 1.000000 1.000000 1.000000 1.000000 1.000000 1.000000 1.000000 0.835582 0.509200 0.509200 0.509200 0.509200 0.509200 0.509200 0.509200
-45.0000 -63.6786 9.63491 0.451782 0.388621 0.236292 152.509 1.000000 1.000000 1.000000 1.000000 1.000000 0.640504 0.485700 0.485700 0.485700 0.485700 0.485700 0.485700 0.485700 0.485700 0.485700
-39.3750 -63.6786 7.49005 0.434318 0.340115 0.179338 145.228 1.000000 1.000000 1.000000 1.000000 0.626880 0.440600 0.440600 0.440600 0.440600 0.440600 0.440600 0.440600 0.440600 0.440600 0.440600
-33.7500 -63.6786 7.49239 0.435425 0.342303 0.180528 131.503 1.000000 1.000000 0.937586 0.432600 0.432600 0.432600 0.432600 0.432600 0.432600 0.432600 0.432600 0.432600 0.432600 0.432600 0.432600
-28.1250 -63.6786 7.73350 0.437526 0.348624 0.187566 133.209 1.000000 1.000000 0.947698 0.443600 0.443600 0.443600 0.443600 0.443600 0.443600 0.443600 0.443600 0.443600 0.443600 0.443600 0.443600
-22.5000 -63.6786 8.09406 0.443140 0.362587 0.200540 135.476 1.000000 1.000000 0.980691 0.448300 0.448300 0.448300 0.448300 0.448300 0.448300 0.448300 0.448300 0.448300 0.448300 0.448300 0.448300
-16.8750 -63.6786 7.62755 0.438160 0.348929 0.186121 140.395 1.000000 1.000000 1.000000 0.620541 0.454800 0.454800 0.454800 0.454800 0.454800 0.454800 0.454800 0.454800 0.454800 0.454800 0.454800
-11.2500 -63.6786 7.46116 0.434086 0.339383 0.178509 154.099 1.000000 1.000000 1.000000 1.000000 0.937836 0.464100 0.464100 0.464100 0.464100 0.464100 0.464100 0.464100 0.464100 0.464100 0.464100
45.0000 -69.2130 6.44079 0.429084 0.317872 0.151014 170.461 1.000000 1.000000 1.000000 1.000000 1.000000 1.000000 1.000000 1.000000 0.940937 0.212500 0.212500 0.212500 0.212500 0.212500 0.212500
50.6250 -69.2130 7.47308 0.441222 0.353649 0.186204 175.033 1.000000 1.000000 1.000000 1.000000 1.000000 1.000000 1.000000 1.000000 0.869710 0.263900 0.263900 0.263900 0.263900 0.263900 0.263900
56.2500 -69.2130 6.81635 0.430597 0.325591 0.161156 169.637 1.000000 1.000000 1.000000 1.000000 1.000000 1.000000 1.000000 1.000000 0.629767 0.281100 0.281100 0.281100 0.281100 0.281100 0.281100
61.8750 -69.2130 7.37360 0.436704 0.343683 0.179397 192.029 1.000000 1.000000 1.000000 1.000000 1.000000 1.000000 1.000000 1.000000 1.000000 1.000000 0.543882 0.286200 0.286200 0.286200 0.286200
67.5000 -69.2130 7.48904 0.437574 0.346504 0.182691 206.981 1.000000 1.000000 1.000000 1.000000 1.000000 1.000000 1.000000 1.000000 1.000000 1.000000 1.000000 0.830931 0.268100 0.268100 0.268100
73.1250 -69.2130 6.43164 0.422513 0.304779 0.144641 240.208 1.000000 1.000000 1.000000 1.000000 1.000000 1.000000 1.000000 1.000000 1.000000 1.000000 1.000000 1.000000 1.000000 1.000000 1.000000
78.7500 -69.2130 7.29700 0.434801 0.339161 0.175832 244.993 1.000000 1.000000 1.000000 1.000000 1.000000 1.000000 1.000000 1.000000 1.000000 1.000000 1.000000 1.000000 1.000000 1.000000 1.000000
84.3750 -69.2130 8.65416 0.450597 0.381078 0.219003 210.671 1.000000 1.000000 1.000000 1.000000 1.000000 1.000000 1.000000 1.000000 1.000000 1.000000 1.000000 1.000000 0.412941 0.292700 0.292700
90.0000 -69.2130 8.37725 0.445741 0.369738 0.208630 191.567 1.000000 1.000000 1.000000 1.000000 1.000000 1.000000 1.000000 1.000000 1.000000 1.000000 0.687458 0.300800 0.300800 0.300800 0.300800
95.6250 -69.2130 6.71905 0.425617 0.314626 0.154151 207.421 1.000000 1.000000 1.000000 1.000000 1.000000 1.000000 1.000000 1.000000 1.000000 1.000000 1.000000 1.000000 0.333827 0.295800 0.295800
101.2500 -69.2130 7.26656 0.437570 0.344365 0.178040 194.433 1.000000 1.000000 1.000000 1.000000 1.000000 1.000000 1.000000 1.000000 1.000000 1.000000 0.545896 0.286000 0.286000 0.286000 0.286000
106.8750 -69.2130 7.35733 0.438712 0.347532 0.181146 169.939 1.000000 1.000000 1.000000 1.000000 1.000000 1.000000 1.000000 1.000000 0.622313 0.265200 0.265200 0.265200 0.265200 0.265200 0.265200
112.5000 -69.2130 7.03559 0.435788 0.338424 0.171220 188.680 1.000000 1.000000 1.000000 1.000000 1.000000 1.000000 1.000000 1.000000 1.000000 1.000000 0.305216 0.244800 0.244800 0.244800 0.244800
146.2500 -69.2130 6.01676 0.426287 0.306211 0.138040 175.780 1.000000 1.000000 1.000000 1.000000 1.000000 1.000000 1.000000 1.000000 1.000000 0.780978 0.134300 0.134300 0.134300 0.134300 0.134300
151.8750 -69.2130 6.56147 0.433181 0.327708 0.157833 156.275 1.000000 1.000000 1.000000 1.000000 1.000000 1.000000 1.000000 0.836524 0.194700 0.194700 0.194700 0.194700 0.194700 0.194700 0.194700
157.5000 -69.2130 6.99061 0.435409 0.337179 0.169843 138.230 1.000000 1.000000 1.000000 1.000000 1.000000 0.847765 0.268100 0.268100 0.268100 0.268100 0.268100 0.268100 0.268100 0.268100 0.268100
163.1250 -69.2130 7.14961 0.432251 0.332609 0.170116 116.119 1.000000 1.000000 1.000000 0.943997 0.291100 0.291100 0.291100 0.291100 0.291100 0.291100 0.291100 0.291100 0.291100 0.291100 0.291100
168.7500 -69.2130 7.05339 0.430024 0.327192 0.165822 131.999 1.000000 1.000000 1.000000 1.000000 1.000000 0.658095 0.280200 0.280200 0.280200 0.280200 0.280200 0.280200 0.280200 0.280200 0.280200
174.3750 -69.2130 7.21759 0.435302 0.339348 0.174662 113.980 1.000000 1.000000 1.000000 1.000000 0.367090 0.255400 0.255400 0.255400 0.255400 0.255400 0.255400 0.255400 0.255400 0.255400 0.255400
180.0000 -69.2130 7.36459 0.437667 0.345512 0.180208 118.965 1.000000 1.000000 1.000000 1.000000 0.955774 0.224100 0.224100 0.224100 0.224100 0.224100 0.224100 0.224100 0.224100 0.224100 0.224100
-174.3750 -69.2130 7.71795 0.442115 0.357561 0.192134 138.821 1.000000 1.000000 1.000000 1.000000 1.000000 1.000000 0.836463 0.194400 0.194400 0.194400 0.194400 0.194400 0.194400 0.194400 0.194400
-168.7500 -69.2130 7.92838 0.444630 0.364278 0.198997 183.132 1.000000 1.000000 1.000000 1.000000 1.000000 1.000000 1.000000 1.000000 1.000000 1.000000 0.382451 0.174400 0.174400 0.174400 0.174400
-163.1250 -69.2130 6.82652 0.430929 0.326371 0.161712 246.989 1.000000 1.000000 1.000000 1.000000 1.000000 1.000000 1.000000 1.000000 1.000000 1.000000 1.000000 1.000000 1.000000 1.000000 1.000000
-157.5000 -69.2130 5.61116 0.415784 0.278559 0.118547 240.017 1.000000 1.000000 1.000000 1.000000 1.000000 1.000000 1.000000 1.000000 1.000000 1.000000 1.000000 1.000000 1.000000 1.000000 1.000000
-151.8750 -69.2130 6.23194 0.423583 0.304017 0.140874 226.526 1.000000 1.000000 1.000000 1.000000 1.000000 1.000000 1.000000 1.000000 1.000000 1.000000 1.000000 1.000000 1.000000 0.676946 0.208200
-146.2500 -69.2130 6.58811 0.425626 0.312958 0.151175 185.213 1.000000 1.000000 1.000000 1.000000 1.000000 1.000000 1.000000 1.000000 1.000000 1.000000 0.398200 0.262500 0.262500 0.262500 0.262500
-140.6250 -69.2130 7.81818 0.440266 0.354729 0.192136 165.342 1.000000 1.000000 1.000000 1.000000 1.000000 1.000000 1.000000 1.000000 0.351093 0.303000 0.303000 0.303000 0.303000 0.303000 0.303000
-135.0000 -69.2130 7.58099 0.438527 0.349235 0.185566 151.095 1.000000 1.000000 1.000000 1.000000 1.000000 1.000000 0.725320 0.313300 0.313300 0.313300 0.313300 0.313300 0.313300 0.313300 0.313300
-129.3750 -69.2130 7.31091 0.435410 0.340504 0.176750 158.383 1.000000 1.000000 1.000000 1.000000 1.000000 1.000000 1.000000 0.532042 0.305700 0.305700 0.305700 0.305700 0.305700 0.305700 0.305700
-123.7500 -69.2130 7.01749 0.432449 0.331561 0.167453 163.203 1.000000 1.000000 1.000000 1.000000 1.000000 1.000000 1.000000 0.940058 0.286400 0.286400 0.286400 0.286400 0.286400 0.286400 0.286400
-118.1250 -69.2130 7.26453 0.435862 0.340936 0.176235 169.167 1.000000 1.000000 1.000000 1.000000 1.000000 1.000000 1.000000 1.000000 0.700291 0.261800 0.261800 0.261800 0.261800 0.261800 0.261800
-112.5000 -69.2130 6.91321 0.432380 0.330258 0.165085 176.866 1.000000 1.000000 1.000000 1.000000 1.000000 1.000000 1.000000 1.000000 1.000000 0.537396 0.234100 0.234100 0.234100 0.234100 0.234100
-106.8750 -69.2130 6.77698 0.432873 0.329673 0.162512 178.370 1.000000 1.000000 1.000000 1.000000 1.000000 1.000000 1.000000 1.000000 1.000000 0.664504 0.201200 0.201200 0.201200 0.201200 0.201200
-101.2500 -69.2130 7.22566 0.441362 0.351651 0.181129 151.138 1.000000 1.000000 1.000000 1.000000 1.000000 1.000000 1.000000 0.675353 0.169700 0.169700 0.169700 0.169700 0.169700 0.169700 0.169700
-95.6250 -69.2130 7.14282 0.438746 0.345510 0.176602 112.525 1.000000 1.000000 1.000000 1.000000 1.000000 0.549530 0.123600 0.123600 0.123600 0.123600 0.123600 0.123600 0.123600 0.123600 0.123600
-90.0000 -69.2130 6.38838 0.428922 0.316848 0.149611 93.846 1.000000 1.000000 1.000000 1.000000 0.602598 0.100900 0.100900 0.100900 0.100900 0.100900 0.100900 0.100900 0.100900 0.100900 0.100900
-84.3750 -69.2130 6.18886 0.425596 0.307384 0.141673 86.191 1.000000 1.000000 1.000000 1.000000 0.387294 0.081400 0.081400 0.081400 0.081400 0.081400 0.081400 0.081400 0.081400 0.081400 0.081400
-78.7500 -69.2130 7.09666 0.434074 0.335646 0.170813 50.039 1.000000 1.000000 0.282105 0.062800 0.062800 0.062800 0.062800 0.062800 0.062800 0.062800 0.062800 0.062800 0.062800 0.062800 0.062800
-73.1250 -69.2130 5.68700 0.420314 0.288832 0.124328 74.637 1.000000 1.000000 1.000000 0.846299 0.062800 0.062800 0.062800 0.062800 0.062800 0.062800 0.062800 0.062800 0.062800 0.062800 0.062800
-67.5000 -69.2130 5.54561 0.420605 0.286899 0.120870 106.061 1.000000 1.000000 1.000000 1.000000 1.000000 0.822869 0.062800 0.062800 0.062800 0.062800 0.062800 0.062800 0.062800 0.062800 0.062800
-61.8750 -69.2130 6.64597 0.426874 0.316151 0.153688 243.695 1.000000 1.000000 1.000000 1.000000 1.000000 1.000000 1.000000 1.000000 1.000000 1.000000 1.000000 1.000000 1.000000 1.000000 1.000000
-56.2500 -69.2130 6.33880 0.422631 0.303698 0.142563 206.762 1.000000 1.000000 1.000000 1.000000 1.000000 1.000000 1.000000 1.000000 1.000000 1.000000 1.000000 1.000000 0.426597 0.202500 0.202500
-50.6250 -69.2130 7.55645 0.438114 0.348195 0.184634 144.359 1.000000 1.000000 1.000000 1.000000 1.000000 1.000000 0.861190 0.245600 0.245600 0.245600 0.245600 0.245600 0.245600 0.245600 0.245600
-45.0000 -69.2130 8.20633 0.444003 0.365117 0.203582 125.883 1.000000 1.000000 1.000000 1.000000 1.000000 0.329625 0.273700 0.273700 0.273700 0.273700 0.273700 0.273700 0.273700 0.273700 0.273700
-39.3750 -69.2130 7.45422 0.436029 0.343124 0.180369 125.367 1.000000 1.000000 1.000000 1.000000 0.815773 0.288700 0.288700 0.288700 0.288700 0.288700 0.288700 0.288700 0.288700 0.288700 0.288700
-33.7500 -69.2130 7.49414 0.435507 0.342479 0.180648 121.776 1.000000 1.000000 1.000000 1.000000 0.457839 0.306700 0.306700 0.306700 0.306700 0.306700 0.306700 0.306700 0.306700 0.306700 0.306700
-28.1250 -69.2130 7.26823 0.432386 0.334123 0.172771 131.159 1.000000 1.000000 1.000000 1.000000 0.803755 0.332500 0.332500 0.332500 0.332500 0.332500 0.332500 0.332500 0.332500 0.332500 0.332500
-22.5000 -69.2130 7.28803 0.430555 0.330772 0.171345 157.694 1.000000 1.000000 1.000000 1.000000 1.000000 1.000000 1.000000 0.386699 0.357800 0.357800 0.357800 0.357800 0.357800 0.357800 0.357800
-16.8750 -69.2130 7.79859 0.442196 0.358390 0.193821 161.861 1.000000 1.000000 1.000000 1.000000 1.000000 1.000000 0.851401 0.373000 0.373000 0.373000 0.373000 0.373000 0.373000 0.373000 0.373000
-11.2500 -69.2130 7.47115 0.436574 0.344360 0.181282 132.633 1.000000 1.000000 1.000000 0.975120 0.378000 0.378000 0.378000 0.378000 0.378000 0.378000 0.378000 0.378000 0.378000 0.378000 0.378000
0.0000 -74.7445 6.83976 0.434209 0.333089 0.165265 93.799 1.000000 1.000000 1.000000 0.282408 0.209700 0.209700 0.209700 0.209700 0.209700 0.209700 0.209700 0.209700 0.209700 0.209700 0.209700
5.6250 -74.7445 7.08249 0.437076 0.341513 0.173564 106.389 1.000000 1.000000 1.000000 1.000000 0.322618 0.201200 0.201200 0.201200 0.201200 0.201200 0.201200 0.201200 0.201200 0.201200 0.201200
16.8750 -74.7445 6.73311 0.435259 0.334000 0.163887 158.212 1.000000 1.000000 1.000000 1.000000 1.000000 1.000000 1.000000 1.000000 0.294210 0.167700 0.167700 0.167700 0.167700 0.167700 0.167700
22.5000 -74.7445 7.29256 0.441661 0.352892 0.182878 112.944 1.000000 1.000000 1.000000 1.000000 1.000000 0.246438 0.155200 0.155200 0.155200 0.155200 0.155200 0.155200 0.155200 0.155200 0.155200
28.1250 -74.7445 6.63902 0.434040 0.330403 0.160495 122.009 1.000000 1.000000 1.000000 1.000000 1.000000 0.736397 0.160500 0.160500 0.160500 0.160500 0.160500 0.160500 0.160500 0.160500 0.160500
33.7500 -74.7445 6.55343 0.433856 0.328989 0.158308 140.582 1.000000 1.000000 1.000000 1.000000 1.000000 1.000000 0.885308 0.168900 0.168900 0.168900 0.168900 0.168900 0.168900 0.168900 0.168900
39.3750 -74.7445 6.75022 0.433649 0.330927 0.162673 149.027 1.000000 1.000000 1.000000 1.000000 1.000000 1.000000 1.000000 0.604278 0.179000 0.179000 0.179000 0.179000 0.179000 0.179000 0.179000
45.0000 -74.7445 7.18918 0.437538 0.343532 0.176353 199.041 1.000000 1.000000 1.000000 1.000000 1.000000 1.000000 1.000000 1.000000 1.000000 1.000000 1.000000 0.330728 0.191700 0.191700 0.191700
50.6250 -74.7445 7.16150 0.434892 0.337955 0.173043 216.418 1.000000 1.000000 1.000000 1.000000 1.000000 1.000000 1.000000 1.000000 1.000000 1.000000 1.000000 1.000000 0.730058 0.196600 0.196600
56.2500 -74.7445 7.20862 0.435537 0.339724 0.174712 190.939 1.000000 1.000000 1.000000 1.000000 1.000000 1.000000 1.000000 1.000000 1.000000 1.000000 0.796787 0.193600 0.193600 0.193600 0.193600
61.8750 -74.7445 8.10201 0.446903 0.370116 0.204823 173.758 1.000000 1.000000 1.000000 1.000000 1.000000 1.000000 1.000000 1.000000 1.000000 0.570611 0.188300 0.188300 0.188300 0.188300 0.188300
67.5000 -74.7445 7.75416 0.443570 0.360777 0.194425 182.016 1.000000 1.000000 1.000000 1.000000 1.000000 1.000000 1.000000 1.000000 1.000000 1.000000 0.194833 0.186700 0.186700 0.186700 0.186700
73.1250 -74.7445 7.86778 0.445072 0.364697 0.198300 178.405 1.000000 1.000000 1.000000 1.000000 1.000000 1.000000 1.000000 1.000000 1.000000 0.774653 0.189400 0.189400 0.189400 0.189400 0.189400
78.7500 -74.7445 8.05338 0.448531 0.373043 0.205707 179.111 1.000000 1.000000 1.000000 1.000000 1.000000 1.000000 1.000000 1.000000 1.000000 0.794632 0.181800 0.181800 0.181800 0.181800 0.181800
84.3750 -74.7445 8.05128 0.449777 0.375556 0.207060 199.559 1.000000 1.000000 1.000000 1.000000 1.000000 1.000000 1.000000 1.000000 1.000000 1.000000 1.000000 0.378852 0.154900 0.154900 0.154900
90.0000 -74.7445 6.77759 0.434655 0.333282 0.164301 210.373 1.000000 1.000000 1.000000 1.000000 1.000000 1.000000 1.000000 1.000000 1.000000 1.000000 1.000000 1.000000 0.260288 0.094600 0.094600
95.6250 -74.7445 6.97985 0.440771 0.348015 0.175116 139.195 1.000000 1.000000 1.000000 1.000000 1.000000 1.000000 1.000000 0.611062 0.062800 0.062800 0.062800 0.062800 0.062800 0.062800 0.062800
101.2500 -74.7445 7.20316 0.444155 0.357201 0.183607 128.155 1.000000 1.000000 1.000000 1.000000 1.000000 1.000000 0.880038 0.062800 0.062800 0.062800 0.062800 0.062800 0.062800 0.062800 0.062800
106.8750 -74.7445 6.78861 0.436884 0.337956 0.166797 98.254 1.000000 1.000000 1.000000 1.000000 1.000000 0.175264 0.062800 0.062800 0.062800 0.062800 0.062800 0.062800 0.062800 0.062800 0.062800
112.5000 -74.7445 5.54652 0.424770 0.295400 0.124469 103.505 1.000000 1.000000 1.000000 1.000000 1.000000 0.490163 0.062800 0.062800 0.062800 0.062800 0.062800 0.062800 0.062800 0.062800 0.062800
146.2500 -74.7445 6.18562 0.430784 0.317857 0.146441 55.769 1.000000 1.000000 0.456645 0.066400 0.066400 0.066400 0.066400 0.066400 0.066400 0.066400 0.066400 0.066400 0.066400 0.066400 0.066400
151.8750 -74.7445 6.13243 0.430253 0.316013 0.144616 62.289 1.000000 1.000000 0.728197 0.075500 0.075500 0.075500 0.075500 0.075500 0.075500 0.075500 0.075500 0.075500 0.075500 0.075500 0.075500
157.5000 -74.7445 6.43854 0.434741 0.329383 0.156442 64.400 1.000000 1.000000 0.814236 0.075800 0.075800 0.075800 0.075800 0.075800 0.075800 0.075800 0.075800 0.075800 0.075800 0.075800 0.075800
163.1250 -74.7445 6.06012 0.425900 0.306084 0.138772 68.397 1.000000 1.000000 1.000000 0.254171 0.075800 0.075800 0.075800 0.075800 0.075800 0.075800 0.075800 0.075800 0.075800 0.075800 0.075800
168.7500 -74.7445 6.06365 0.423836 0.302003 0.136985 64.316 1.000000 1.000000 1.000000 0.108832 0.071700 0.071700 0.071700 0.071700 0.071700 0.071700 0.071700 0.071700 0.071700 0.071700 0.071700
174.3750 -74.7445 5.64484 0.419030 0.285538 0.122138 54.920 1.000000 1.000000 0.573914 0.065600 0.065600 0.065600 0.065600 0.065600 0.065600 0.065600 0.065600 0.065600 0.065600 0.065600 0.065600
180.0000 -74.7445 6.53883 0.430680 0.322354 0.154862 46.843 1.000000 0.980319 0.062800 0.062800 0.062800 0.062800 0.062800 0.062800 0.062800 0.062800 0.062800 0.062800 0.062800 0.062800 0.062800
-174.3750 -74.7445 7.13866 0.438271 0.344504 0.176019 52.173 1.000000 1.000000 0.343023 0.062800 0.062800 0.062800 0.062800 0.062800 0.062800 0.062800 0.062800 0.062800 0.062800 0.062800 0.062800
-168.7500 -74.7445 6.59587 0.432286 0.326314 0.157762 56.728 1.000000 1.000000 0.611999 0.062800 0.062800 0.062800 0.062800 0.062800 0.062800 0.062800 0.062800 0.062800 0.062800 0.062800 0.062800
-163.1250 -74.7445 6.29026 0.428782 0.315228 0.147115 62.694 1.000000 1.000000 0.975633 0.062800 0.062800 0.062800 0.062800 0.062800 0.062800 0.062800 0.062800 0.062800 0.062800 0.062800 0.062800
-157.5000 -74.7445 6.61270 0.433531 0.329049 0.159378 61.461 1.000000 1.000000 0.868792 0.062800 0.062800 0.062800 0.062800 0.062800 0.062800 0.062800 0.062800 0.062800 0.062800 0.062800 0.062800
-151.8750 -74.7445 7.29569 0.442396 0.354424 0.183724 55.275 1.000000 1.000000 0.484540 0.062800 0.062800 0.062800 0.062800 0.062800 0.062800 0.062800 0.062800 0.062800 0.062800 0.062800 0.062800
-146.2500 -74.7445 7.40501 0.442609 0.355853 0.186263 110.611 1.000000 1.000000 1.000000 1.000000 1.000000 0.261346 0.140100 0.140100 0.140100 0.140100 0.140100 0.140100 0.140100 0.140100 0.140100
-140.6250 -74.7445 7.86890 0.447096 0.368792 0.200544 110.411 1.000000 1.000000 1.000000 1.000000 0.679378 0.188300 0.188300 0.188300 0.188300 0.188300 0.188300 0.188300 0.188300 0.188300 0.188300
-135.0000 -74.7445 8.48887 0.452271 0.383422 0.217986 109.070 1.000000 1.000000 1.000000 1.000000 0.469878 0.212300 0.212300 0.212300 0.212300 0.212300 0.212300 0.212300 0.212300 0.212300 0.212300
-129.3750 -74.7445 8.79057 0.454671 0.389949 0.226035 109.363 1.000000 1.000000 1.000000 1.000000 0.541966 0.213000 0.213000 0.213000 0.213000 0.213000 0.213000 0.213000 0.213000 0.213000 0.213000
-123.7500 -74.7445 8.78320 0.454917 0.390400 0.226193 112.845 1.000000 1.000000 1.000000 1.000000 0.917137 0.195500 0.195500 0.195500 0.195500 0.195500 0.195500 0.195500 0.195500 0.195500 0.195500
-118.1250 -74.7445 8.54797 0.453359 0.385958 0.220286 121.229 1.000000 1.000000 1.000000 1.000000 1.000000 0.908902 0.156500 0.156500 0.156500 0.156500 0.156500 0.156500 0.156500 0.156500 0.156500
-112.5000 -74.7445 8.05944 0.449159 0.374357 0.206523 128.945 1.000000 1.000000 1.000000 1.000000 1.000000 1.000000 0.847748 0.104400 0.104400 0.104400 0.104400 0.104400 0.104400 0.104400 0.104400
-106.8750 -74.7445 7.67887 0.445275 0.363611 0.194768 124.022 1.000000 1.000000 1.000000 1.000000 1.000000 1.000000 0.571836 0.096700 0.096700 0.096700 0.096700 0.096700 0.096700 0.096700 0.096700
-101.2500 -74.7445 7.77933 0.446522 0.366942 0.198144 109.092 1.000000 1.000000 1.000000 1.000000 1.000000 0.667266 0.088400 0.088400 0.088400 0.088400 0.088400 0.088400 0.088400 0.088400 0.088400
-95.6250 -74.7445 7.79273 0.446890 0.367795 0.198814 79.977 1.000000 1.000000 1.000000 0.933234 0.072700 0.072700 0.072700 0.072700 0.072700 0.072700 0.072700 0.072700 0.072700 0.072700 0.072700
-90.0000 -74.7445 7.09959 0.438449 0.344469 0.175352 59.438 1.000000 1.000000 0.761014 0.062800 0.062800 0.062800 0.062800 0.062800 0.062800 0.062800 0.062800 0.062800 0.062800 0.062800 0.062800
-84.3750 -74.7445 7.61575 0.444524 0.361568 0.192675 59.106 1.000000 1.000000 0.746019 0.062800 0.062800 0.062800 0.062800 0.062800 0.062800 0.062800 0.062800 0.062800 0.062800 0.062800 0.062800
-78.7500 -74.7445 7.25590 0.439992 0.349148 0.180338 64.013 1.000000 1.000000 1.000000 0.101225 0.062800 0.062800 0.062800 0.062800 0.062800 0.062800 0.062800 0.062800 0.062800 0.062800 0.062800
-73.1250 -74.7445 6.66056 0.433033 0.328615 0.159999 74.069 1.000000 1.000000 1.000000 0.701970 0.062800 0.062800 0.062800 0.062800 0.062800 0.062800 0.062800 0.062800 0.062800 0.062800 0.062800
-67.5000 -74.7445 6.68308 0.433237 0.329298 0.160721 82.994 1.000000 1.000000 1.000000 1.000000 0.295226 0.062800 0.062800 0.062800 0.062800 0.062800 0.062800 0.062800 0.062800 0.062800 0.062800
-61.8750 -74.7445 6.50341 0.431091 0.322734 0.154427 99.298 1.000000 1.000000 1.000000 1.000000 1.000000 0.334588 0.062800 0.062800 0.062800 0.062800 0.062800 0.062800 0.062800 0.062800 0.062800
-56.2500 -74.7445 7.37604 0.441593 0.353523 0.184573 82.370 1.000000 1.000000 1.000000 1.000000 0.247428 0.062800 0.062800 0.062800 0.062800 0.062800 0.062800 0.062800 0.062800 0.062800 0.062800
-50.6250 -74.7445 8.34478 0.453524 0.385082 0.216805 85.826 1.000000 1.000000 1.000000 1.000000 0.399285 0.070100 0.070100 0.070100 0.070100 0.070100 0.070100 0.070100 0.070100 0.070100 0.070100
-45.0000 -74.7445 8.04143 0.448102 0.372093 0.205001 103.864 1.000000 1.000000 1.000000 1.000000 1.000000 0.141415 0.119400 0.119400 0.119400 0.119400 0.119400 0.119400 0.119400 0.119400 0.119400
-39.3750 -74.7445 7.64227 0.441394 0.355479 0.189844 89.126 1.000000 1.000000 1.000000 0.742968 0.148900 0.148900 0.148900 0.148900 0.148900 0.148900 0.148900 0.148900 0.148900 0.148900 0.148900
-33.7500 -74.7445 7.35719 0.437899 0.345903 0.180294 74.371 1.000000 1.000000 0.498766 0.166000 0.166000 0.166000 0.166000 0.166000 0.166000 0.166000 0.166000 0.166000 0.166000 0.166000 0.166000
-28.1250 -74.7445 6.72733 0.429536 0.322418 0.158108 77.535 1.000000 1.000000 0.586383 0.177700 0.177700 0.177700 0.177700 0.177700 0.177700 0.177700 0.177700 0.177700 0.177700 0.177700 0.177700
-22.5000 -74.7445 6.52873 0.425152 0.311247 0.149356 87.809 1.000000 1.000000 1.000000 0.269073 0.195900 0.195900 0.195900 0.195900 0.195900 0.195900 0.195900 0.195900 0.195900 0.195900 0.195900
-16.8750 -74.7445 6.73950 0.433803 0.331112 0.162580 89.461 1.000000 1.000000 0.827854 0.206700 0.206700 0.206700 0.206700 0.206700 0.206700 0.206700 0.206700 0.206700 0.206700 0.206700 0.206700
-11.2500 -74.7445 6.81433 0.434868 0.334134 0.165350 86.061 1.000000 1.000000 0.540509 0.213200 0.213200 0.213200 0.213200 0.213200 0.213200 0.213200 0.213200 0.213200 0.213200 0.213200 0.213200
-5.6250 -74.7445 6.94592 0.435914 0.337714 0.169364 93.130 1.000000 1.000000 0.959149 0.214400 0.214400 0.214400 0.214400 0.214400 0.214400 0.214400 0.214400 0.214400 0.214400 0.214400 0.214400
0.0000 -80.2688 7.27900 0.441965 0.353385 0.182909 38.586 1.000000 0.447052 0.062800 0.062800 0.062800 0.062800 0.062800 0.062800 0.062800 0.062800 0.062800 0.062800 0.062800 0.062800 0.062800
5.6250 -80.2688 6.77457 0.436960 0.337955 0.166552 38.780 1.000000 0.446115 0.062800 0.062800 0.062800 0.062800 0.062800 0.062800 0.062800 0.062800 0.062800 0.062800 0.062800 0.062800 0.062800
11.2500 -80.2688 6.11407 0.428284 0.311717 0.142316 36.565 1.000000 0.342086 0.062800 0.062800 0.062800 0.062800 0.062800 0.062800 0.062800 0.062800 0.062800 0.062800 0.062800 0.062800 0.062800
16.8750 -80.2688 6.49340 0.430088 0.320579 0.153221 35.873 1.000000 0.327090 0.062800 0.062800 0.062800 0.062800 0.062800 0.062800 0.062800 0.062800 0.062800 0.062800 0.062800 0.062800 0.062800
22.5000 -80.2688 5.93999 0.423557 0.299518 0.133640 40.655 1.000000 0.634492 0.062800 0.062800 0.062800 0.062800 0.062800 0.062800 0.062800 0.062800 0.062800 0.062800 0.062800 0.062800 0.062800
28.1250 -80.2688 6.36141 0.429599 0.317852 0.149609 44.956 1.000000 0.855671 0.062800 0.062800 0.062800 0.062800 0.062800 0.062800 0.062800 0.062800 0.062800 0.062800 0.062800 0.062800 0.062800
33.7500 -80.2688 6.30740 0.427187 0.312254 0.146029 47.003 1.000000 1.000000 0.074046 0.062800 0.062800 0.062800 0.062800 0.062800 0.062800 0.062800 0.062800 0.062800 0.062800 0.062800 0.062800
39.3750 -80.2688 6.88253 0.432795 0.330737 0.164814 53.573 1.000000 1.000000 0.475168 0.062800 0.062800 0.062800 0.062800 0.062800 0.062800 0.062800 0.062800 0.062800 0.062800 0.062800 0.062800
45.0000 -80.2688 7.08494 0.436742 0.340864 0.173275 52.006 1.000000 1.000000 0.349583 0.062800 0.062800 0.062800 0.062800 0.062800 0.062800 0.062800 0.062800 0.062800 0.062800 0.062800 0.062800
50.6250 -80.2688 7.55609 0.442425 0.356808 0.189195 51.322 1.000000 1.000000 0.308346 0.062800 0.062800 0.062800 0.062800 0.062800 0.062800 0.062800 0.062800 0.062800 0.062800 0.062800 0.062800
56.2500 -80.2688 7.76652 0.444940 0.363635 0.196158 50.749 1.000000 1.000000 0.246632 0.065300 0.065300 0.065300 0.065300 0.065300 0.065300 0.065300 0.065300 0.065300 0.065300 0.065300 0.065300
61.8750 -80.2688 7.66375 0.442599 0.358078 0.191568 62.622 1.000000 1.000000 0.929267 0.069300 0.069300 0.069300 0.069300 0.069300 0.069300 0.069300 0.069300 0.069300 0.069300 0.069300 0.069300
67.5000 -80.2688 6.71019 0.433373 0.329896 0.161480 81.391 1.000000 1.000000 1.000000 1.000000 0.107745 0.072500 0.072500 0.072500 0.072500 0.072500 0.072500 0.072500 0.072500 0.072500 0.072500
73.1250 -80.2688 6.67312 0.433003 0.328706 0.160261 93.179 1.000000 1.000000 1.000000 1.000000 0.800717 0.073100 0.073100 0.073100 0.073100 0.073100 0.073100 0.073100 0.073100 0.073100 0.073100
78.7500 -80.2688 6.54510 0.431407 0.323901 0.155715 97.574 1.000000 1.000000 1.000000 1.000000 1.000000 0.168848 0.070300 0.070300 0.070300 0.070300 0.070300 0.070300 0.070300 0.070300 0.070300
84.3750 -80.2688 6.64006 0.433038 0.328379 0.159529 80.420 1.000000 1.000000 1.000000 1.000000 0.111845 0.065100 0.065100 0.065100 0.065100 0.065100 0.065100 0.065100 0.065100 0.065100 0.065100
90.0000 -80.2688 7.13074 0.439003 0.345910 0.176606 72.737 1.000000 1.000000 1.000000 0.605439 0.062800 0.062800 0.062800 0.062800 0.062800 0.062800 0.062800 0.062800 0.062800 0.062800 0.062800
95.6250 -80.2688 7.03621 0.436828 0.340529 0.172295 94.335 1.000000 1.000000 1.000000 1.000000 0.979382 0.062800 0.062800 0.062800 0.062800 0.062800 0.062800 0.062800 0.062800 0.062800 0.062800
101.2500 -80.2688 6.31340 0.427786 0.313540 0.146736 112.637 1.000000 1.000000 1.000000 1.000000 1.000000 1.000000 0.250240 0.062800 0.062800 0.062800 0.062800 0.062800 0.062800 0.062800 0.062800
106.8750 -80.2688 5.80528 0.421035 0.292288 0.127995 118.917 1.000000 1.000000 1.000000 1.000000 1.000000 1.000000 0.735710 0.062800 0.062800 0.062800 0.062800 0.062800 0.062800 0.062800 0.062800
112.5000 -80.2688 4.80319 0.408255 0.246922 0.091017 144.991 1.000000 1.000000 1.000000 1.000000 1.000000 1.000000 1.000000 1.000000 0.923150 0.062800 0.062800 0.062800 0.062800 0.062800 0.062800
118.1250 -80.2688 5.70378 0.420789 0.290069 0.125170 97.735 1.000000 1.000000 1.000000 1.000000 1.000000 0.361767 0.062800 0.062800 0.062800 0.062800 0.062800 0.062800 0.062800 0.062800 0.062800
123.7500 -80.2688 5.84319 0.426283 0.303493 0.133615 81.676 1.000000 1.000000 1.000000 1.000000 0.179950 0.062800 0.062800 0.062800 0.062800 0.062800 0.062800 0.062800 0.062800 0.062800 0.062800
129.3750 -80.2688 5.98175 0.427640 0.308431 0.138395 96.234 1.000000 1.000000 1.000000 1.000000 1.000000 0.084494 0.063900 0.063900 0.063900 0.063900 0.063900 0.063900 0.063900 0.063900 0.063900
135.0000 -80.2688 6.52815 0.434586 0.330178 0.158431 79.855 1.000000 1.000000 1.000000 0.946642 0.063900 0.063900 0.063900 0.063900 0.063900 0.063900 0.063900 0.063900 0.063900 0.063900 0.063900
140.6250 -80.2688 6.29451 0.431541 0.320908 0.149842 79.039 1.000000 1.000000 1.000000 0.906490 0.064900 0.064900 0.064900 0.064900 0.064900 0.064900 0.064900 0.064900 0.064900 0.064900 0.064900
146.2500 -80.2688 6.15016 0.427443 0.310533 0.142429 68.467 1.000000 1.000000 1.000000 0.370005 0.063900 0.063900 0.063900 0.063900 0.063900 0.063900 0.063900 0.063900 0.063900 0.063900 0.063900
151.8750 -80.2688 6.27531 0.426934 0.311299 0.145017 61.543 1.000000 1.000000 0.947517 0.062800 0.062800 0.062800 0.062800 0.062800 0.062800 0.062800 0.062800 0.062800 0.062800 0.062800 0.062800
157.5000 -80.2688 5.59123 0.418300 0.283130 0.120126 71.130 1.000000 1.000000 1.000000 0.672917 0.062800 0.062800 0.062800 0.062800 0.062800 0.062800 0.062800 0.062800 0.062800 0.062800 0.062800
163.1250 -80.2688 5.58136 0.418109 0.282573 0.119708 73.664 1.000000 1.000000 1.000000 0.832241 0.062800 0.062800 0.062800 0.062800 0.062800 0.062800 0.062800 0.062800 0.062800 0.062800 0.062800
168.7500 -80.2688 6.07777 0.424545 0.303632 0.137977 58.439 1.000000 1.000000 0.774135 0.062800 0.062800 0.062800 0.062800 0.062800 0.062800 0.062800 0.062800 0.062800 0.062800 0.062800 0.062800
174.3750 -80.2688 6.48036 0.429890 0.320012 0.152723 55.770 1.000000 1.000000 0.580134 0.062800 0.062800 0.062800 0.062800 0.062800 0.062800 0.062800 0.062800 0.062800 0.062800 0.062800 0.062800
180.0000 -80.2688 6.79975 0.434688 0.333604 0.164839 52.355 1.000000 1.000000 0.348646 0.062800 0.062800 0.062800 0.062800 0.062800 0.062800 0.062800 0.062800 0.062800 0.062800 0.062800 0.062800
-174.3750 -80.2688 7.28155 0.440931 0.351300 0.181872 53.021 1.000000 1.000000 0.375825 0.062800 0.062800 0.062800 0.062800 0.062800 0.062800 0.062800 0.062800 0.062800 0.062800 0.062800 0.062800
-168.7500 -80.2688 7.36737 0.441970 0.354211 0.184791 57.385 1.000000 1.000000 0.633555 0.062800 0.062800 0.062800 0.062800 0.062800 0.062800 0.062800 0.062800 0.062800 0.062800 0.062800 0.062800
-163.1250 -80.2688 7.71566 0.446258 0.365907 0.196582 59.352 1.000000 1.000000 0.751642 0.062800 0.062800 0.062800 0.062800 0.062800 0.062800 0.062800 0.062800 0.062800 0.062800 0.062800 0.062800
-157.5000 -80.2688 8.40077 0.454633 0.387677 0.219103 57.525 1.000000 1.000000 0.658859 0.062800 0.062800 0.062800 0.062800 0.062800 0.062800 0.062800 0.062800 0.062800 0.062800 0.062800 0.062800
-151.8750 -80.2688 8.27441 0.453076 0.383738 0.214995 56.080 1.000000 1.000000 0.569825 0.062800 0.062800 0.062800 0.062800 0.062800 0.062800 0.062800 0.062800 0.062800 0.062800 0.062800 0.062800
-146.2500 -80.2688 8.46558 0.455437 0.389690 0.221205 53.168 1.000000 1.000000 0.402066 0.062800 0.062800 0.062800 0.062800 0.062800 0.062800 0.062800 0.062800 0.062800 0.062800 0.062800 0.062800
-140.6250 -80.2688 8.56115 0.456610 0.392615 0.224279 51.070 1.000000 1.000000 0.280230 0.062800 0.062800 0.062800 0.062800 0.062800 0.062800 0.062800 0.062800 0.062800 0.062800 0.062800 0.062800
-135.0000 -80.2688 8.46452 0.455682 0.390184 0.221470 50.663 1.000000 1.000000 0.249303 0.062800 0.062800 0.062800 0.062800 0.062800 0.062800 0.062800 0.062800 0.062800 0.062800 0.062800 0.062800
-129.3750 -80.2688 8.55309 0.456529 0.392406 0.224041 51.331 1.000000 1.000000 0.295226 0.062800 0.062800 0.062800 0.062800 0.062800 0.062800 0.062800 0.062800 0.062800 0.062800 0.062800 0.062800
-123.7500 -80.2688 8.56761 0.456680 0.392794 0.224476 54.062 1.000000 1.000000 0.458298 0.062800 0.062800 0.062800 0.062800 0.062800 0.062800 0.062800 0.062800 0.062800 0.062800 0.062800 0.062800
-118.1250 -80.2688 8.56761 0.456680 0.392794 0.224476 59.315 1.000000 1.000000 0.770386 0.062800 0.062800 0.062800 0.062800 0.062800 0.062800 0.062800 0.062800 0.062800 0.062800 0.062800 0.062800
-112.5000 -80.2688 8.56761 0.456680 0.392794 0.224476 68.275 1.000000 1.000000 1.000000 0.365516 0.062800 0.062800 0.062800 0.062800 0.062800 0.062800 0.062800 0.062800 0.062800 0.062800 0.062800
-106.8750 -80.2688 8.56761 0.456680 0.392794 0.224476 83.671 1.000000 1.000000 1.000000 1.000000 0.343023 0.062800 0.062800 0.062800 0.062800 0.062800 0.062800 0.062800 0.062800 0.062800 0.062800
-101.2500 -80.2688 8.52713 0.456191 0.391573 0.223185 112.665 1.000000 1.000000 1.000000 1.000000 1.000000 1.000000 0.188385 0.062800 0.062800 0.062800 0.062800 0.062800 0.062800 0.062800 0.062800
-95.6250 -80.2688 8.47370 0.455546 0.389959 0.221478 135.291 1.000000 1.000000 1.000000 1.000000 1.000000 1.000000 1.000000 0.590444 0.062800 0.062800 0.062800 0.062800 0.062800 0.062800 0.062800
-90.0000 -80.2688 7.88410 0.448316 0.371387 0.202192 115.535 1.000000 1.000000 1.000000 1.000000 1.000000 1.000000 0.326153 0.062800 0.062800 0.062800 0.062800 0.062800 0.062800 0.062800 0.062800
-84.3750 -80.2688 7.70754 0.446149 0.365620 0.196300 107.417 1.000000 1.000000 1.000000 1.000000 1.000000 0.778821 0.062800 0.062800 0.062800 0.062800 0.062800 0.062800 0.062800 0.062800 0.062800
-78.7500 -80.2688 7.99757 0.449747 0.375119 0.205994 107.547 1.000000 1.000000 1.000000 1.000000 1.000000 0.793816 0.062800 0.062800 0.062800 0.062800 0.062800 0.062800 0.062800 0.062800 0.062800
-73.1250 -80.2688 8.17597 0.452038 0.380995 0.211975 122.244 1.000000 1.000000 1.000000 1.000000 1.000000 1.000000 0.730086 0.062800 0.062800 0.062800 0.062800 0.062800 0.062800 0.062800 0.062800
-67.5000 -80.2688 7.91413 0.449087 0.373179 0.203638 136.000 1.000000 1.000000 1.000000 1.000000 1.000000 1.000000 1.000000 0.582009 0.062800 0.062800 0.062800 0.062800 0.062800 0.062800 0.062800
-61.8750 -80.2688 7.87854 0.448672 0.372071 0.202478 117.158 1.000000 1.000000 1.000000 1.000000 1.000000 1.000000 0.405815 0.062800 0.062800 0.062800 0.062800 0.062800 0.062800 0.062800 0.062800
-56.2500 -80.2688 7.85127 0.449207 0.372967 0.202537 128.582 1.000000 1.000000 1.000000 1.000000 1.000000 1.000000 1.000000 0.104974 0.062800 0.062800 0.062800 0.062800 0.062800 0.062800 0.062800
-50.6250 -80.2688 8.07619 0.451859 0.379975 0.209881 84.857 1.000000 1.000000 1.000000 1.000000 0.360830 0.062800 0.062800 0.062800 0.062800 0.062800 0.062800 0.062800 0.062800 0.062800 0.062800
-45.0000 -80.2688 7.27692 0.441727 0.352880 0.182613 63.512 1.000000 1.000000 0.976570 0.062800 0.062800 0.062800 0.062800 0.062800 0.062800 0.062800 0.062800 0.062800 0.062800 0.062800 0.062800
-39.3750 -80.2688 6.81849 0.435344 0.335146 0.165922 45.059 1.000000 0.846299 0.062800 0.062800 0.062800 0.062800 0.062800 0.062800 0.062800 0.062800 0.062800 0.062800 0.062800 0.062800 0.062800
-33.7500 -80.2688 7.05781 0.438090 0.343313 0.174066 39.149 1.000000 0.496724 0.062800 0.062800 0.062800 0.062800 0.062800 0.062800 0.062800 0.062800 0.062800 0.062800 0.062800 0.062800 0.062800
-28.1250 -80.2688 7.58884 0.442990 0.358231 0.190470 33.428 1.000000 0.176201 0.062800 0.062800 0.062800 0.062800 0.062800 0.062800 0.062800 0.062800 0.062800 0.062800 0.062800 0.062800 0.062800
-22.5000 -80.2688 7.18422 0.438178 0.344772 0.176908 32.080 1.000000 0.094665 0.062800 0.062800 0.062800 0.062800 0.062800 0.062800 0.062800 0.062800 0.062800 0.062800 0.062800 0.062800 0.062800
-16.8750 -80.2688 6.19486 0.426196 0.308671 0.142373 37.064 1.000000 0.412376 0.062800 0.062800 0.062800 0.062800 0.062800 0.062800 0.062800 0.062800 0.062800 0.062800 0.062800 0.062800 0.062800
-11.2500 -80.2688 6.57297 0.431156 0.323745 0.156123 35.788 1.000000 0.318656 0.062800 0.062800 0.062800 0.062800 0.062800 0.062800 0.062800 0.062800 0.062800 0.062800 0.062800 0.062800 0.062800
-5.6250 -80.2688 6.35555 0.429813 0.318205 0.149671 42.333 1.000000 0.695410 0.062800 0.062800 0.062800 0.062800 0.062800 0.062800 0.062800 0.062800 0.062800 0.062800 0.062800 0.062800 0.062800
0.0000 -85.7606 7.78993 0.446312 0.366597 0.198123 29.733 0.885662 0.062800 0.062800 0.062800 0.062800 0.062800 0.062800 0.062800 0.062800 0.062800 0.062800 0.062800 0.062800 0.062800 0.062800
5.6250 -85.7606 7.13334 0.438740 0.345402 0.176389 30.795 0.942831 0.062800 0.062800 0.062800 0.062800 0.062800 0.062800 0.062800 0.062800 0.062800 0.062800 0.062800 0.062800 0.062800 0.062800
11.2500 -85.7606 7.42604 0.441361 0.353507 0.185374 30.713 0.947517 0.062800 0.062800 0.062800 0.062800 0.062800 0.062800 0.062800 0.062800 0.062800 0.062800 0.062800 0.062800 0.062800 0.062800
16.8750 -85.7606 7.51092 0.442702 0.356978 0.188564 31.617 0.998126 0.062800 0.062800 0.062800 0.062800 0.062800 0.062800 0.062800 0.062800 0.062800 0.062800 0.062800 0.062800 0.062800 0.062800
22.5000 -85.7606 7.63155 0.443788 0.360206 0.192199 32.469 1.000000 0.116220 0.062800 0.062800 0.062800 0.062800 0.062800 0.062800 0.062800 0.062800 0.062800 0.062800 0.062800 0.062800 0.062800
28.1250 -85.7606 7.74013 0.445145 0.363839 0.195856 33.598 1.000000 0.183699 0.062800 0.062800 0.062800 0.062800 0.062800 0.062800 0.062800 0.062800 0.062800 0.062800 0.062800 0.062800 0.062800
33.7500 -85.7606 8.00708 0.449767 0.375228 0.206200 35.597 1.000000 0.289602 0.062800 0.062800 0.062800 0.062800 0.062800 0.062800 0.062800 0.062800 0.062800 0.062800 0.062800 0.062800 0.062800
39.3750 -85.7606 8.02459 0.449840 0.375498 0.206619 37.497 1.000000 0.403941 0.062800 0.062800 0.062800 0.062800 0.062800 0.062800 0.062800 0.062800 0.062800 0.062800 0.062800 0.062800 0.062800
45.0000 -85.7606 8.11754 0.450520 0.377519 0.209156 39.370 1.000000 0.522028 0.062800 0.062800 0.062800 0.062800 0.062800 0.062800 0.062800 0.062800 0.062800 0.062800 0.062800 0.062800 0.062800
50.6250 -85.7606 7.96663 0.449292 0.373973 0.204887 42.725 1.000000 0.710405 0.062800 0.062800 0.062800 0.062800 0.062800 0.062800 0.062800 0.062800 0.062800 0.062800 0.062800 0.062800 0.062800
56.2500 -85.7606 7.79271 0.446134 0.366258 0.197983 46.052 1.000000 0.920338 0.062800 0.062800 0.062800 0.062800 0.062800 0.062800 0.062800 0.062800 0.062800 0.062800 0.062800 0.062800 0.062800
61.8750 -85.7606 7.11957 0.438944 0.345678 0.176301 53.953 1.000000 1.000000 0.425803 0.063300 0.063300 0.063300 0.063300 0.063300 0.063300 0.063300 0.063300 0.063300 0.063300 0.063300 0.063300
67.5000 -85.7606 6.96405 0.437027 0.340167 0.170901 61.520 1.000000 1.000000 0.868932 0.063800 0.063800 0.063800 0.063800 0.063800 0.063800 0.063800 0.063800 0.063800 0.063800 0.063800 0.063800
73.1250 -85.7606 7.06119 0.438197 0.343564 0.174250 69.748 1.000000 1.000000 1.000000 0.413253 0.064200 0.064200 0.064200 0.064200 0.064200 0.064200 0.064200 0.064200 0.064200 0.064200 0.064200
78.7500 -85.7606 7.20859 0.440004 0.348715 0.179335 61.747 1.000000 1.000000 0.869058 0.064700 0.064700 0.064700 0.064700 0.064700 0.064700 0.064700 0.064700 0.064700 0.064700 0.064700 0.064700
84.3750 -85.7606 7.36565 0.441903 0.354058 0.184683 54.099 1.000000 1.000000 0.416435 0.064800 0.064800 0.064800 0.064800 0.064800 0.064800 0.064800 0.064800 0.064800 0.064800 0.064800 0.064800
90.0000 -85.7606 7.95362 0.449108 0.373506 0.204430 47.934 1.000000 0.988781 0.065100 0.065100 0.065100 0.065100 0.065100 0.065100 0.065100 0.065100 0.065100 0.065100 0.065100 0.065100 0.065100
95.6250 -85.7606 8.01662 0.449802 0.375365 0.206423 44.299 1.000000 0.771958 0.065400 0.065400 0.065400 0.065400 0.065400 0.065400 0.065400 0.065400 0.065400 0.065400 0.065400 0.065400 0.065400
101.2500 -85.7606 8.07989 0.450623 0.377474 0.208557 41.284 1.000000 0.592558 0.065500 0.065500 0.065500 0.065500 0.065500 0.065500 0.065500 0.065500 0.065500 0.065500 0.065500 0.065500 0.065500
106.8750 -85.7606 8.21751 0.452282 0.381762 0.213032 39.969 1.000000 0.504312 0.066500 0.066500 0.066500 0.066500 0.066500 0.066500 0.066500 0.066500 0.066500 0.066500 0.066500 0.066500 0.066500
112.5000 -85.7606 7.95987 0.449079 0.373492 0.204519 39.209 1.000000 0.446850 0.067200 0.067200 0.067200 0.067200 0.067200 0.067200 0.067200 0.067200 0.067200 0.067200 0.067200 0.067200 0.067200
118.1250 -85.7606 7.47623 0.442713 0.356695 0.187858 39.786 1.000000 0.486795 0.066900 0.066900 0.066900 0.066900 0.066900 0.066900 0.066900 0.066900 0.066900 0.066900 0.066900 0.066900 0.066900
123.7500 -85.7606 7.91233 0.448235 0.371429 0.202655 36.113 1.000000 0.279106 0.066200 0.066200 0.066200 0.066200 0.066200 0.066200 0.066200 0.066200 0.066200 0.066200 0.066200 0.066200 0.066200
129.3750 -85.7606 8.56743 0.456595 0.392619 0.224373 32.095 0.993457 0.065300 0.065300 0.065300 0.065300 0.065300 0.065300 0.065300 0.065300 0.065300 0.065300 0.065300 0.065300 0.065300 0.065300
135.0000 -85.7606 8.54005 0.456332 0.391932 0.223579 29.010 0.839790 0.063100 0.063100 0.063100 0.063100 0.063100 0.063100 0.063100 0.063100 0.063100 0.063100 0.063100 0.063100 0.063100 0.063100
140.6250 -85.7606 8.58023 0.456679 0.392860 0.224699 27.945 0.782570 0.062800 0.062800 0.062800 0.062800 0.062800 0.062800 0.062800 0.062800 0.062800 0.062800 0.062800 0.062800 0.062800 0.062800
146.2500 -85.7606 8.57229 0.456655 0.392768 0.224530 27.547 0.758202 0.062800 0.062800 0.062800 0.062800 0.062800 0.062800 0.062800 0.062800 0.062800 0.062800 0.062800 0.062800 0.062800 0.062800
151.8750 -85.7606 8.56281 0.456649 0.392703 0.224354 30.169 0.912840 0.062800 0.062800 0.062800 0.062800 0.062800 0.062800 0.062800 0.062800 0.062800 0.062800 0.062800 0.062800 0.062800 0.062800
157.5000 -85.7606 8.52873 0.456201 0.391603 0.223225 29.843 0.893159 0.062800 0.062800 0.062800 0.062800 0.062800 0.062800 0.062800 0.062800 0.062800 0.062800 0.062800 0.062800 0.062800 0.062800
163.1250 -85.7606 8.51092 0.455986 0.391066 0.222657 29.548 0.875352 0.062800 0.062800 0.062800 0.062800 0.062800 0.062800 0.062800 0.062800 0.062800 0.062800 0.062800 0.062800 0.062800 0.062800
168.7500 -85.7606 8.49960 0.455856 0.390737 0.222303 29.616 0.879101 0.062800 0.062800 0.062800 0.062800 0.062800 0.062800 0.062800 0.062800 0.062800 0.062800 0.062800 0.062800 0.062800 0.062800
174.3750 -85.7606 8.56441 0.456659 0.392733 0.224394 29.489 0.872541 0.062800 0.062800 0.062800 0.062800 0.062800 0.062800 0.062800 0.062800 0.062800 0.062800 0.062800 0.062800 0.062800 0.062800
180.0000 -85.7606 8.56441 0.456659 0.392733 0.224394 29.662 0.882850 0.062800 0.062800 0.062800 0.062800 0.062800 0.062800 0.062800 0.062800 0.062800 0.062800 0.062800 0.062800 0.062800 0.062800
-174.3750 -85.7606 8.53039 0.456240 0.391692 0.223300 26.910 0.718840 0.062800 0.062800 0.062800 0.062800 0.062800 0.062800 0.062800 0.062800 0.062800 0.062800 0.062800 0.062800 0.062800 0.062800
-168.7500 -85.7606 8.52390 0.456155 0.391483 0.223086 26.989 0.723526 0.062800 0.062800 0.062800 0.062800 0.062800 0.062800 0.062800 0.062800 0.062800 0.062800 0.062800 0.062800 0.062800 0.062800
-163.1250 -85.7606 8.55949 0.456571 0.392527 0.224204 27.072 0.729149 0.062800 0.062800 0.062800 0.062800 0.062800 0.062800 0.062800 0.062800 0.062800 0.062800 0.062800 0.062800 0.062800 0.062800
-157.5000 -85.7606 8.56598 0.456656 0.392734 0.224418 27.087 0.730086 0.062800 0.062800 0.062800 0.062800 0.062800 0.062800 0.062800 0.062800 0.062800 0.062800 0.062800 0.062800 0.062800 0.062800
-151.8750 -85.7606 8.56598 0.456656 0.392734 0.224418 27.118 0.731961 0.062800 0.062800 0.062800 0.062800 0.062800 0.062800 0.062800 0.062800 0.062800 0.062800 0.062800 0.062800 0.062800 0.062800
-146.2500 -85.7606 8.56441 0.456659 0.392733 0.224394 27.169 0.734772 0.062800 0.062800 0.062800 0.062800 0.062800 0.062800 0.062800 0.062800 0.062800 0.062800 0.062800 0.062800 0.062800 0.062800
-140.6250 -85.7606 8.56598 0.456656 0.392734 0.224418 27.276 0.741333 0.062800 0.062800 0.062800 0.062800 0.062800 0.062800 0.062800 0.062800 0.062800 0.062800 0.062800 0.062800 0.062800 0.062800
-135.0000 -85.7606 8.56441 0.456659 0.392733 0.224394 27.390 0.747893 0.062800 0.062800 0.062800 0.062800 0.062800 0.062800 0.062800 0.062800 0.062800 0.062800 0.062800 0.062800 0.062800 0.062800
-129.3750 -85.7606 8.56598 0.456656 0.392734 0.224418 27.544 0.757265 0.062800 0.062800 0.062800 0.062800 0.062800 0.062800 0.062800 0.062800 0.062800 0.062800 0.062800 0.062800 0.062800 0.062800
-123.7500 -85.7606 8.56601 0.456670 0.392764 0.224435 27.751 0.769449 0.062800 0.062800 0.062800 0.062800 0.062800 0.062800 0.062800 0.062800 0.062800 0.062800 0.062800 0.062800 0.062800 0.062800
-118.1250 -85.7606 8.56758 0.456666 0.392765 0.224459 28.000 0.784444 0.062800 0.062800 0.062800 0.062800 0.062800 0.062800 0.062800 0.062800 0.062800 0.062800 0.062800 0.062800 0.062800 0.062800
-112.5000 -85.7606 8.55949 0.456571 0.392527 0.224204 28.303 0.802251 0.062800 0.062800 0.062800 0.062800 0.062800 0.062800 0.062800 0.062800 0.062800 0.062800 0.062800 0.062800 0.062800 0.062800
-106.8750 -85.7606 8.56758 0.456666 0.392765 0.224459 28.663 0.823806 0.062800 0.062800 0.062800 0.062800 0.062800 0.062800 0.062800 0.062800 0.062800 0.062800 0.062800 0.062800 0.062800 0.062800
-101.2500 -85.7606 8.56758 0.456666 0.392765 0.224459 29.104 0.850048 0.062800 0.062800 0.062800 0.062800 0.062800 0.062800 0.062800 0.062800 0.062800 0.062800 0.062800 0.062800 0.062800 0.062800
-95.6250 -85.7606 8.56758 0.456666 0.392765 0.224459 29.688 0.884724 0.062800 0.062800 0.062800 0.062800 0.062800 0.062800 0.062800 0.062800 0.062800 0.062800 0.062800 0.062800 0.062800 0.062800
-90.0000 -85.7606 8.55952 0.456585 0.392556 0.224221 30.403 0.926898 0.062800 0.062800 0.062800 0.062800 0.062800 0.062800 0.062800 0.062800 0.062800 0.062800 0.062800 0.062800 0.062800 0.062800
-84.3750 -85.7606 8.56601 0.456670 0.392764 0.224435 31.317 0.981256 0.062800 0.062800 0.062800 0.062800 0.062800 0.062800 0.062800 0.062800 0.062800 0.062800 0.062800 0.062800 0.062800 0.062800
-78.7500 -85.7606 8.52897 0.456315 0.391836 0.223362 32.512 1.000000 0.113409 0.062800 0.062800 0.062800 0.062800 0.062800 0.062800 0.062800 0.062800 0.062800 0.062800 0.062800 0.062800 0.062800
-73.1250 -85.7606 8.56601 0.456670 0.392764 0.224435 33.967 1.000000 0.201506 0.062800 0.062800 0.062800 0.062800 0.062800 0.062800 0.062800 0.062800 0.062800 0.062800 0.062800 0.062800 0.062800
-67.5000 -85.7606 8.56278 0.456635 0.392674 0.224337 35.894 1.000000 0.315844 0.062800 0.062800 0.062800 0.062800 0.062800 0.062800 0.062800 0.062800 0.062800 0.062800 0.062800 0.062800 0.062800
-61.8750 -85.7606 8.47095 0.455738 0.390335 0.221651 38.197 1.000000 0.447989 0.062800 0.062800 0.062800 0.062800 0.062800 0.062800 0.062800 0.062800 0.062800 0.062800 0.062800 0.062800 0.062800
-56.2500 -85.7606 8.40333 0.455098 0.388640 0.219686 40.902 1.000000 0.604502 0.062800 0.062800 0.062800 0.062800 0.062800 0.062800 0.062800 0.062800 0.062800 0.062800 0.062800 0.062800 0.062800
-50.6250 -85.7606 8.23585 0.453495 0.384353 0.214757 52.343 1.000000 1.000000 0.332714 0.062800 0.062800 0.062800 0.062800 0.062800 0.062800 0.062800 0.062800 0.062800 0.062800 0.062800 0.062800
-45.0000 -85.7606 7.85247 0.449775 0.374142 0.203194 60.706 1.000000 1.000000 0.797565 0.062800 0.062800 0.062800 0.062800 0.062800 0.062800 0.062800 0.062800 0.062800 0.062800 0.062800 0.062800
-39.3750 -85.7606 7.99402 0.451054 0.377768 0.207393 53.110 1.000000 1.000000 0.363641 0.062800 0.062800 0.062800 0.062800 0.062800 0.062800 0.062800 0.062800 0.062800 0.062800 0.062800 0.062800
-33.7500 -85.7606 7.60446 0.446649 0.365818 0.194757 45.949 1.000000 0.869729 0.062800 0.062800 0.062800 0.062800 0.062800 0.062800 0.062800 0.062800 0.062800 0.062800 0.062800 0.062800 0.062800
-28.1250 -85.7606 7.26197 0.442119 0.353543 0.182708 41.485 1.000000 0.611999 0.062800 0.062800 0.062800 0.062800 0.062800 0.062800 0.062800 0.062800 0.062800 0.062800 0.062800 0.062800 0.062800
-22.5000 -85.7606 7.19233 0.441270 0.351143 0.180312 34.104 1.000000 0.179950 0.062800 0.062800 0.062800 0.062800 0.062800 0.062800 0.062800 0.062800 0.062800 0.062800 0.062800 0.062800 0.062800
-16.8750 -85.7606 7.62797 0.445081 0.362801 0.193527 31.667 0.991565 0.062800 0.062800 0.062800 0.062800 0.062800 0.062800 0.062800 0.062800 0.062800 0.062800 0.062800 0.062800 0.062800 0.062800
-11.2500 -85.7606 7.48748 0.443557 0.358511 0.188996 30.886 0.942831 0.062800 0.062800 0.062800 0.062800 0.062800 0.062800 0.062800 0.062800 0.062800 0.062800 0.062800 0.062800 0.062800 0.062800
-5.6250 -85.7606 7.79717 0.446751 0.367546 0.198750 29.885 0.891285 0.062800 0.062800 0.062800 0.062800 0.062800 0.062800 0.062800 0.062800 0.062800 0.062800 0.062800 0.062800 0.062800 0.062800
