Lon Lat sand clay silt orgc ph bulkdensity cn soilc depth awc bedrockfrac andic pfixation
0.0000 87.8638 0.5188 0.1912 0.2900 0.00000 6.761 1500.0 12.0 0.0000 0.2928 34.90 0.0628 0.0000 0.0000
2.8125 87.8638 0.5092 0.1964 0.2944 0.00000 6.779 1500.0 12.0 0.0000 0.2945 35.36 0.0628 0.0000 0.0000
5.6250 87.8638 0.4982 0.2024 0.2994 0.00000 6.799 1500.0 12.0 0.0000 0.2960 35.84 0.0628 0.0000 0.0000
8.4375 87.8638 0.5175 0.1919 0.2906 0.00000 6.764 1500.0 12.0 0.0000 0.3321 39.62 0.0628 0.0000 0.0000
11.2500 87.8638 0.5079 0.1971 0.2950 0.00000 6.782 1500.0 12.0 0.0000 0.3379 40.61 0.0628 0.0000 0.0000
14.0625 87.8638 0.5152 0.1931 0.2917 0.00000 6.769 1500.0 12.0 0.0000 0.3655 43.68 0.0628 0.0000 0.0000
16.8750 87.8638 0.4808 0.2128 0.3064 0.00000 6.995 1500.0 12.0 0.0000 0.3585 43.96 0.0628 0.0000 0.0000
19.6875 87.8638 0.4709 0.2188 0.3103 0.00000 7.105 1500.0 12.0 0.0000 0.3767 46.50 0.0628 0.0000 0.0000
22.5000 87.8638 0.5346 0.1826 0.2828 0.00000 6.733 1500.0 12.0 0.0000 0.4658 54.83 0.0628 0.0000 0.0000
25.3125 87.8638 0.4545 0.2286 0.3168 0.00000 7.289 1500.0 12.0 0.0000 0.4220 52.70 0.0628 0.0000 0.0000
28.1250 87.8638 0.4203 0.2493 0.3304 0.00000 7.672 1500.0 12.0 0.0000 0.4432 56.68 0.0628 0.0000 0.0000
36.5625 87.8638 0.4503 0.2312 0.3185 0.00000 7.336 1500.0 12.0 0.0000 0.5746 71.98 0.0628 0.0000 0.0000
39.3750 87.8638 0.4044 0.2589 0.3368 0.00000 7.851 1500.0 12.0 0.0000 0.6172 79.82 0.0628 0.0000 0.0000
42.1875 87.8638 0.3501 0.3016 0.3483 0.00000 8.378 1500.0 12.0 0.0000 0.6482 86.46 0.0628 0.0000 0.0000
47.8125 87.8638 0.4539 0.2291 0.3171 0.00000 7.296 1500.0 12.0 0.0000 0.7655 95.66 0.0628 0.0000 0.0000
50.6250 87.8638 0.4104 0.2647 0.3249 0.00000 7.708 1500.0 12.0 0.0000 0.7338 94.02 0.0628 0.0000 0.0000
53.4375 87.8638 0.4407 0.2370 0.3223 0.00000 7.444 1500.0 12.0 0.0000 0.7702 97.13 0.0628 0.0000 0.0000
56.2500 87.8638 0.4381 0.2427 0.3191 0.00000 7.439 1500.0 12.0 0.0000 0.7553 95.20 0.0628 0.0000 0.0000
59.0625 87.8638 0.3845 0.2708 0.3446 0.00000 8.073 1500.0 12.0 0.0000 0.7331 96.07 0.0628 0.0000 0.0000
61.8750 87.8638 0.4303 0.2448 0.3249 0.00000 7.801 1500.0 12.0 0.0000 0.7870 99.89 0.0628 0.0000 0.0000
64.6875 87.8638 0.3560 0.2893 0.3548 0.00000 8.580 1500.0 12.0 0.0000 0.7207 96.20 0.0628 0.0000 0.0000
67.5000 87.8638 0.3492 0.2942 0.3567 0.00000 8.782 1500.0 12.0 0.0000 0.7155 95.89 0.0628 0.0000 0.0000
70.3125 87.8638 0.3893 0.2691 0.3416 0.00000 8.200 1500.0 12.0 0.0000 0.6729 87.86 0.0628 0.0000 0.0000
73.1250 87.8638 0.3916 0.2677 0.3407 0.00000 8.166 1500.0 12.0 0.0000 0.6382 83.19 0.0628 0.0000 0.0000
75.9375 87.8638 0.3404 0.2974 0.3621 0.00000 8.567 1500.0 12.0 0.0000 0.5583 75.33 0.0628 0.0000 0.0000
78.7500 87.8638 0.3302 0.3094 0.3604 0.00000 8.635 1500.0 12.0 0.0000 0.5135 69.54 0.0628 0.0000 0.0000
81.5625 87.8638 0.3635 0.2925 0.3440 0.00000 8.237 1500.0 12.0 0.0000 0.4867 64.37 0.0628 0.0000 0.0000
84.3750 87.8638 0.3616 0.2997 0.3387 0.00000 8.333 1500.0 12.0 0.0000 0.4636 61.21 0.0628 0.0000 0.0000
87.1875 87.8638 0.3744 0.2835 0.3421 0.00000 8.231 1500.0 12.0 0.0000 0.4483 58.94 0.0628 0.0000 0.0000
90.0000 87.8638 0.3833 0.2716 0.3451 0.00000 8.087 1500.0 12.0 0.0000 0.4221 55.37 0.0628 0.0000 0.0000
92.8125 87.8638 0.3169 0.3202 0.3629 0.00000 8.446 1500.0 12.0 0.0000 0.4045 55.18 0.0628 0.0000 0.0000
95.6250 87.8638 0.2965 0.3373 0.3662 0.00000 8.684 1500.0 12.0 0.0000 0.3702 51.03 0.0628 0.0000 0.0000
98.4375 87.8638 0.2786 0.3463 0.3751 0.00000 9.169 1500.0 12.0 0.0000 0.3309 46.17 0.0628 0.0000 0.0000
101.2500 87.8638 0.2403 0.3694 0.3904 0.00000 9.500 1500.0 12.0 0.0000 0.3123 44.62 0.0628 0.0000 0.0000
104.0625 87.8638 0.2619 0.3526 0.3856 0.00000 9.387 1500.0 12.0 0.0000 0.3105 43.87 0.0628 0.0000 0.0000
106.8750 87.8638 0.2803 0.3379 0.3818 0.00000 9.208 1500.0 12.0 0.0000 0.3119 43.64 0.0628 0.0000 0.0000
109.6875 87.8638 0.2871 0.3392 0.3737 0.00000 9.088 1500.0 12.0 0.0000 0.3047 42.33 0.0628 0.0000 0.0000
112.5000 87.8638 0.3224 0.3170 0.3606 0.00000 8.700 1500.0 12.0 0.0000 0.3110 42.27 0.0628 0.0000 0.0000
115.3125 87.8638 0.3097 0.3160 0.3743 0.00000 8.912 1500.0 12.0 0.0000 0.3215 44.24 0.0628 0.0000 0.0000
118.1250 87.8638 0.3138 0.3134 0.3727 0.00000 8.866 1500.0 12.0 0.0000 0.3293 45.20 0.0628 0.0000 0.0000
120.9375 87.8638 0.3096 0.3254 0.3650 0.00000 8.839 1500.0 12.0 0.0000 0.3317 45.43 0.0628 0.0000 0.0000
123.7500 87.8638 0.4474 0.2313 0.3213 0.00000 7.278 1500.0 12.0 0.0000 0.3914 49.17 0.0628 0.0000 0.0000
126.5625 87.8638 0.4490 0.2277 0.3233 0.00000 7.091 1500.0 12.0 0.0000 0.4625 58.13 0.0628 0.0000 0.0000
129.3750 87.8638 0.4243 0.2469 0.3288 0.00000 7.627 1500.0 12.0 0.0000 0.4623 58.97 0.0628 0.0000 0.0000
132.1875 87.8638 0.4724 0.2178 0.3097 0.00000 7.089 1500.0 12.0 0.0000 0.5365 66.17 0.0628 0.0000 0.0000
135.0000 87.8638 0.4493 0.2318 0.3189 0.00000 7.347 1500.0 12.0 0.0000 0.6274 78.65 0.0628 0.0000 0.0000
137.8125 87.8638 0.4546 0.2286 0.3168 0.00000 7.288 1500.0 12.0 0.0000 0.6407 80.03 0.0628 0.0000 0.0000
140.6250 87.8638 0.4550 0.2284 0.3167 0.00000 7.282 1500.0 12.0 0.0000 0.5424 67.72 0.0628 0.0000 0.0000
143.4375 87.8638 0.4781 0.2144 0.3075 0.00000 7.024 1500.0 12.0 0.0000 0.4718 57.96 0.0628 0.0000 0.0000
146.2500 87.8638 0.4751 0.2163 0.3087 0.00000 7.057 1500.0 12.0 0.0000 0.4099 50.46 0.0628 0.0000 0.0000
149.0625 87.8638 0.4790 0.2139 0.3071 0.00000 7.012 1500.0 12.0 0.0000 0.3630 44.57 0.0628 0.0000 0.0000
151.8750 87.8638 0.4982 0.2023 0.2994 0.00000 6.796 1500.0 12.0 0.0000 0.3276 39.66 0.0628 0.0000 0.0000
154.6875 87.8638 0.4504 0.2312 0.3185 0.00000 7.331 1500.0 12.0 0.0000 0.2865 35.90 0.0628 0.0000 0.0000
157.5000 87.8638 0.4574 0.2269 0.3157 0.00000 7.252 1500.0 12.0 0.0000 0.2613 32.57 0.0628 0.0000 0.0000
160.3125 87.8638 0.4055 0.2582 0.3363 0.00000 7.832 1500.0 12.0 0.0000 0.2307 29.81 0.0628 0.0000 0.0000
163.1250 87.8638 0.3853 0.2703 0.3444 0.00000 8.059 1500.0 12.0 0.0000 0.2095 27.45 0.0628 0.0000 0.0000
165.9375 87.8638 0.4176 0.2509 0.3315 0.00000 7.696 1500.0 12.0 0.0000 0.2002 25.66 0.0628 0.0000 0.0000
168.7500 87.8638 0.4468 0.2332 0.3200 0.00000 7.373 1500.0 12.0 0.0000 0.1910 23.99 0.0628 0.0000 0.0000
171.5625 87.8638 0.4313 0.2426 0.3261 0.00000 7.546 1500.0 12.0 0.0000 0.1793 22.77 0.0628 0.0000 0.0000
174.3750 87.8638 0.3776 0.2749 0.3476 0.00000 8.152 1500.0 12.0 0.0000 0.1628 21.44 0.0628 0.0000 0.0000
177.1875 87.8638 0.3572 0.2872 0.3556 0.00000 8.378 1500.0 12.0 0.0000 0.1544 20.60 0.0628 0.0000 0.0000
180.0000 87.8638 0.3721 0.2811 0.3468 0.00000 8.190 1500.0 12.0 0.0000 0.1475 19.46 0.0628 0.0000 0.0000
-177.1875 87.8638 0.3999 0.2693 0.3308 0.00000 7.840 1500.0 12.0 0.0000 0.1432 18.50 0.0628 0.0000 0.0000
-174.3750 87.8638 0.4085 0.2563 0.3352 0.00000 7.808 1500.0 12.0 0.0000 0.1406 18.13 0.0628 0.0000 0.0000
-171.5625 87.8638 0.3736 0.2773 0.3490 0.00000 8.197 1500.0 12.0 0.0000 0.1331 17.57 0.0628 0.0000 0.0000
-168.7500 87.8638 0.4072 0.2510 0.3418 0.00000 7.450 1500.0 12.0 0.0000 0.1504 19.48 0.0628 0.0000 0.0000
-165.9375 87.8638 0.3629 0.2697 0.3674 0.00000 7.453 1500.0 12.0 0.0000 0.1758 23.54 0.0628 0.0000 0.0000
-163.1250 87.8638 0.3883 0.2550 0.3566 0.00000 7.210 1500.0 12.0 0.0000 0.1702 22.42 0.0628 0.0000 0.0000
-160.3125 87.8638 0.3134 0.2834 0.4032 0.00000 7.021 1500.0 12.0 0.0000 0.2993 41.73 0.0628 0.0000 0.0000
-157.5000 87.8638 0.3464 0.2778 0.3758 0.00000 7.529 1500.0 12.0 0.0000 0.1677 22.72 0.0628 0.0000 0.0000
-154.6875 87.8638 0.3614 0.2596 0.3790 0.00000 6.804 1500.0 12.0 0.0000 0.2333 31.46 0.0628 0.0000 0.0000
-151.8750 87.8638 0.3345 0.2926 0.3729 0.00000 7.599 1500.0 12.0 0.0000 0.1550 21.09 0.0628 0.0000 0.0000
-149.0625 87.8638 0.3701 0.2561 0.3738 0.00000 6.831 1500.0 12.0 0.0000 0.2037 27.29 0.0628 0.0000 0.0000
-146.2500 87.8638 0.3255 0.2883 0.3862 0.00000 7.031 1500.0 12.0 0.0000 0.2088 28.71 0.0628 0.0000 0.0000
-143.4375 87.8638 0.3291 0.2770 0.3939 0.00000 6.807 1500.0 12.0 0.0000 0.2526 34.82 0.0628 0.0000 0.0000
-140.6250 87.8638 0.2999 0.2947 0.4054 0.00000 7.051 1500.0 12.0 0.0000 0.2585 36.29 0.0628 0.0000 0.0000
-137.8125 87.8638 0.3624 0.2603 0.3773 0.00000 6.894 1500.0 12.0 0.0000 0.1934 26.04 0.0628 0.0000 0.0000
-135.0000 87.8638 0.3463 0.2629 0.3908 0.00000 6.647 1500.0 12.0 0.0000 0.2635 35.99 0.0628 0.0000 0.0000
-132.1875 87.8638 0.3635 0.2562 0.3803 0.00000 6.665 1500.0 12.0 0.0000 0.2259 30.45 0.0628 0.0000 0.0000
-129.3750 87.8638 0.3238 0.2766 0.3996 0.00000 6.735 1500.0 12.0 0.0000 0.2830 39.21 0.0628 0.0000 0.0000
-126.5625 87.8638 0.3271 0.2829 0.3899 0.00000 7.110 1500.0 12.0 0.0000 0.1957 26.94 0.0628 0.0000 0.0000
-123.7500 87.8638 0.3158 0.2912 0.3929 0.00000 7.608 1500.0 12.0 0.0000 0.1622 22.47 0.0628 0.0000 0.0000
-120.9375 87.8638 0.3135 0.3036 0.3829 0.00000 7.948 1500.0 12.0 0.0000 0.1275 17.59 0.0628 0.0000 0.0000
-118.1250 87.8638 0.3250 0.2950 0.3799 0.00000 7.718 1500.0 12.0 0.0000 0.1300 17.82 0.0628 0.0000 0.0000
-115.3125 87.8638 0.2924 0.3174 0.3902 0.00000 8.177 1500.0 12.0 0.0000 0.1237 17.29 0.0628 0.0000 0.0000
-112.5000 87.8638 0.3063 0.3022 0.3916 0.00000 7.519 1500.0 12.0 0.0000 0.1646 22.88 0.0628 0.0000 0.0000
-109.6875 87.8638 0.3313 0.2888 0.3798 0.00000 7.885 1500.0 12.0 0.0000 0.1241 16.96 0.0628 0.0000 0.0000
-106.8750 87.8638 0.3716 0.2564 0.3720 0.00000 6.944 1500.0 12.0 0.0000 0.1960 26.21 0.0628 0.0000 0.0000
-104.0625 87.8638 0.3798 0.2486 0.3716 0.00000 6.782 1500.0 12.0 0.0000 0.2437 32.47 0.0628 0.0000 0.0000
-101.2500 87.8638 0.4386 0.2184 0.3431 0.00000 6.656 1500.0 12.0 0.0000 0.3050 38.95 0.0628 0.0000 0.0000
-98.4375 87.8638 0.4360 0.2169 0.3471 0.00000 6.574 1500.0 12.0 0.0000 0.3007 38.53 0.0628 0.0000 0.0000
-95.6250 87.8638 0.3699 0.2505 0.3796 0.00000 6.650 1500.0 12.0 0.0000 0.2217 29.79 0.0628 0.0000 0.0000
-92.8125 87.8638 0.3393 0.2716 0.3892 0.00000 6.842 1500.0 12.0 0.0000 0.2637 36.10 0.0628 0.0000 0.0000
-90.0000 87.8638 0.4152 0.2431 0.3416 0.00000 7.153 1500.0 12.0 0.0000 0.2289 29.53 0.0628 0.0000 0.0000
-87.1875 87.8638 0.3985 0.2654 0.3361 0.00000 8.034 1500.0 12.0 0.0000 0.1534 19.88 0.0628 0.0000 0.0000
-84.3750 87.8638 0.5017 0.1992 0.2991 0.00000 6.915 1500.0 12.0 0.0000 0.1953 23.60 0.0628 0.0000 0.0000
-81.5625 87.8638 0.5159 0.1942 0.2900 0.00000 7.360 1500.0 12.0 0.0000 0.1568 18.71 0.0628 0.0000 0.0000
-78.7500 87.8638 0.5314 0.1841 0.2844 0.00000 6.831 1500.0 12.0 0.0000 0.1336 15.77 0.0628 0.0000 0.0000
-75.9375 87.8638 0.4766 0.2154 0.3080 0.00000 7.111 1500.0 12.0 0.0000 0.1234 15.18 0.0628 0.0000 0.0000
-73.1250 87.8638 0.4805 0.2127 0.3067 0.00000 7.005 1500.0 12.0 0.0000 0.1247 15.30 0.0628 0.0000 0.0000
-70.3125 87.8638 0.4294 0.2433 0.3273 0.00000 7.584 1500.0 12.0 0.0000 0.1208 15.36 0.0628 0.0000 0.0000
-67.5000 87.8638 0.3789 0.2758 0.3454 0.00000 8.137 1500.0 12.0 0.0000 0.1182 15.53 0.0628 0.0000 0.0000
-64.6875 87.8638 0.3377 0.2985 0.3639 0.00000 8.616 1500.0 12.0 0.0000 0.1189 16.08 0.0628 0.0000 0.0000
-61.8750 87.8638 0.3097 0.3209 0.3693 0.00000 8.877 1500.0 12.0 0.0000 0.1219 16.74 0.0628 0.0000 0.0000
-59.0625 87.8638 0.3154 0.3328 0.3518 0.00000 8.690 1500.0 12.0 0.0000 0.1198 16.25 0.0628 0.0000 0.0000
-56.2500 87.8638 0.2693 0.3608 0.3699 0.00000 9.204 1500.0 12.0 0.0000 0.1207 16.87 0.0628 0.0000 0.0000
-53.4375 87.8638 0.2720 0.3592 0.3688 0.00000 9.172 1500.0 12.0 0.0000 0.1245 17.37 0.0628 0.0000 0.0000
-50.6250 87.8638 0.2755 0.3484 0.3761 0.00000 9.202 1500.0 12.0 0.0000 0.1314 18.37 0.0628 0.0000 0.0000
-47.8125 87.8638 0.2912 0.3462 0.3626 0.00000 8.968 1500.0 12.0 0.0000 0.1329 18.33 0.0628 0.0000 0.0000
-45.0000 87.8638 0.2570 0.3749 0.3681 0.00000 9.287 1500.0 12.0 0.0000 0.1310 18.38 0.0628 0.0000 0.0000
-42.1875 87.8638 0.3029 0.3200 0.3771 0.00000 8.989 1500.0 12.0 0.0000 0.1502 20.76 0.0628 0.0000 0.0000
-39.3750 87.8638 0.3834 0.2715 0.3451 0.00000 8.086 1500.0 12.0 0.0000 0.1620 21.24 0.0628 0.0000 0.0000
-36.5625 87.8638 0.3253 0.3065 0.3681 0.00000 8.737 1500.0 12.0 0.0000 0.1610 21.94 0.0628 0.0000 0.0000
-33.7500 87.8638 0.4356 0.2401 0.3243 0.00000 7.501 1500.0 12.0 0.0000 0.1768 22.37 0.0628 0.0000 0.0000
-30.9375 87.8638 0.4126 0.2539 0.3335 0.00000 7.759 1500.0 12.0 0.0000 0.1787 22.98 0.0628 0.0000 0.0000
-28.1250 87.8638 0.3955 0.2642 0.3403 0.00000 7.951 1500.0 12.0 0.0000 0.1824 23.73 0.0628 0.0000 0.0000
-25.3125 87.8638 0.3494 0.2920 0.3586 0.00000 8.466 1500.0 12.0 0.0000 0.1834 24.60 0.0628 0.0000 0.0000
-22.5000 87.8638 0.3935 0.2654 0.3411 0.00000 7.972 1500.0 12.0 0.0000 0.1940 25.28 0.0628 0.0000 0.0000
-19.6875 87.8638 0.4429 0.2357 0.3215 0.00000 7.420 1500.0 12.0 0.0000 0.2061 25.96 0.0628 0.0000 0.0000
-16.8750 87.8638 0.4161 0.2518 0.3321 0.00000 7.719 1500.0 12.0 0.0000 0.2095 26.88 0.0628 0.0000 0.0000
-11.2500 87.8638 0.4696 0.2196 0.3108 0.00000 7.121 1500.0 12.0 0.0000 0.2313 28.59 0.0628 0.0000 0.0000
-8.4375 87.8638 0.4982 0.2024 0.2994 0.00000 6.800 1500.0 12.0 0.0000 0.2447 29.62 0.0628 0.0000 0.0000
-5.6250 87.8638 0.4982 0.2023 0.2994 0.00000 6.800 1500.0 12.0 0.0000 0.2531 30.65 0.0628 0.0000 0.0000
-2.8125 87.8638 0.4982 0.2024 0.2994 0.00000 6.799 1500.0 12.0 0.0000 0.2625 31.78 0.0628 0.0000 0.0000
39.3750 85.0965 0.6262 0.1329 0.2409 0.00000 6.566 1500.0 12.0 0.0000 1.2602 137.72 0.0628 0.0000 0.0000
42.1875 85.0965 0.6727 0.1077 0.2196 0.00000 6.480 1500.0 12.0 0.0000 1.7363 182.32 0.0628 0.0000 0.0000
45.0000 85.0965 0.6053 0.1532 0.2415 0.00000 6.833 1500.0 12.0 0.0000 1.2956 143.28 0.0628 0.0000 0.0000
47.8125 85.0965 0.5301 0.2107 0.2592 0.00000 7.400 1500.0 12.0 0.0000 1.0056 117.00 0.0628 0.0000 0.0000
50.6250 85.0965 0.5006 0.2310 0.2684 0.00000 7.609 1500.0 12.0 0.0000 0.8587 101.98 0.0628 0.0000 0.0000
53.4375 85.0965 0.5383 0.1971 0.2646 0.00000 7.397 1500.0 12.0 0.0000 0.9040 105.06 0.0628 0.0000 0.0000
56.2500 85.0965 0.6638 0.1125 0.2237 0.00000 6.497 1500.0 12.0 0.0000 1.2913 136.65 0.0628 0.0000 0.0000
59.0625 85.0965 0.6580 0.1157 0.2264 0.00000 6.507 1500.0 12.0 0.0000 1.1662 124.05 0.0628 0.0000 0.0000
61.8750 85.0965 0.6261 0.1341 0.2398 0.00000 6.747 1500.0 12.0 0.0000 0.9889 108.01 0.0628 0.0000 0.0000
64.6875 85.0965 0.5645 0.1691 0.2664 0.00000 7.105 1500.0 12.0 0.0000 0.7438 85.37 0.0628 0.0000 0.0000
67.5000 85.0965 0.5059 0.2038 0.2903 0.00000 7.670 1500.0 12.0 0.0000 0.6525 78.27 0.0628 0.0000 0.0000
70.3125 85.0965 0.4400 0.2409 0.3192 0.00000 7.991 1500.0 12.0 0.0000 0.5140 64.74 0.0628 0.0000 0.0000
73.1250 85.0965 0.3959 0.2652 0.3389 0.00000 8.133 1500.0 12.0 0.0000 0.4397 57.15 0.0628 0.0000 0.0000
75.9375 85.0965 0.3190 0.3120 0.3690 0.00000 9.063 1500.0 12.0 0.0000 0.4282 58.53 0.0628 0.0000 0.0000
78.7500 85.0965 0.3122 0.3148 0.3730 0.00000 8.943 1500.0 12.0 0.0000 0.4081 56.06 0.0628 0.0000 0.0000
81.5625 85.0965 0.3959 0.2649 0.3393 0.00000 8.080 1500.0 12.0 0.0000 0.4490 58.37 0.0628 0.0000 0.0000
84.3750 85.0965 0.4433 0.2358 0.3209 0.00000 7.483 1500.0 12.0 0.0000 0.4707 59.24 0.0628 0.0000 0.0000
87.1875 85.0965 0.3952 0.2644 0.3404 0.00000 7.954 1500.0 12.0 0.0000 0.4489 58.41 0.0628 0.0000 0.0000
90.0000 85.0965 0.4121 0.2542 0.3337 0.00000 7.765 1500.0 12.0 0.0000 0.4276 55.01 0.0628 0.0000 0.0000
92.8125 85.0965 0.3901 0.2675 0.3425 0.00000 8.012 1500.0 12.0 0.0000 0.3996 52.18 0.0628 0.0000 0.0000
95.6250 85.0965 0.4119 0.2570 0.3311 0.00000 7.745 1500.0 12.0 0.0000 0.3831 49.21 0.0628 0.0000 0.0000
98.4375 85.0965 0.4042 0.2623 0.3335 0.00000 7.826 1500.0 12.0 0.0000 0.3648 47.09 0.0628 0.0000 0.0000
101.2500 85.0965 0.4332 0.2522 0.3146 0.00000 7.443 1500.0 12.0 0.0000 0.3487 43.95 0.0628 0.0000 0.0000
104.0625 85.0965 0.4521 0.2374 0.3105 0.00000 7.258 1500.0 12.0 0.0000 0.3464 43.17 0.0628 0.0000 0.0000
106.8750 85.0965 0.4982 0.2024 0.2994 0.00000 6.800 1500.0 12.0 0.0000 0.3584 43.39 0.0628 0.0000 0.0000
109.6875 85.0965 0.4911 0.2066 0.3022 0.00000 6.879 1500.0 12.0 0.0000 0.3530 42.96 0.0628 0.0000 0.0000
112.5000 85.0965 0.4394 0.2378 0.3228 0.00000 7.458 1500.0 12.0 0.0000 0.3421 43.19 0.0628 0.0000 0.0000
115.3125 85.0965 0.4273 0.2450 0.3276 0.00000 7.593 1500.0 12.0 0.0000 0.3438 43.77 0.0628 0.0000 0.0000
118.1250 85.0965 0.3878 0.2689 0.3433 0.00000 8.036 1500.0 12.0 0.0000 0.3445 45.05 0.0628 0.0000 0.0000
120.9375 85.0965 0.3503 0.3042 0.3455 0.00000 8.354 1500.0 12.0 0.0000 0.3358 44.71 0.0628 0.0000 0.0000
123.7500 85.0965 0.3643 0.2947 0.3410 0.00000 8.207 1500.0 12.0 0.0000 0.3594 47.45 0.0628 0.0000 0.0000
126.5625 85.0965 0.4708 0.2200 0.3092 0.00000 7.097 1500.0 12.0 0.0000 0.4254 52.50 0.0628 0.0000 0.0000
129.3750 85.0965 0.4736 0.2180 0.3084 0.00000 7.067 1500.0 12.0 0.0000 0.4697 57.85 0.0628 0.0000 0.0000
132.1875 85.0965 0.4636 0.2286 0.3078 0.00000 7.142 1500.0 12.0 0.0000 0.5224 64.63 0.0628 0.0000 0.0000
135.0000 85.0965 0.4982 0.2024 0.2994 0.00000 6.798 1500.0 12.0 0.0000 0.4543 55.00 0.0628 0.0000 0.0000
137.8125 85.0965 0.4890 0.2079 0.3031 0.00000 6.900 1500.0 12.0 0.0000 0.3662 44.63 0.0628 0.0000 0.0000
140.6250 85.0965 0.4101 0.2554 0.3345 0.00000 7.783 1500.0 12.0 0.0000 0.2889 37.22 0.0628 0.0000 0.0000
143.4375 85.0965 0.3721 0.2783 0.3496 0.00000 8.204 1500.0 12.0 0.0000 0.2376 31.40 0.0628 0.0000 0.0000
146.2500 85.0965 0.3920 0.2708 0.3372 0.00000 7.943 1500.0 12.0 0.0000 0.2040 26.54 0.0628 0.0000 0.0000
149.0625 85.0965 0.4846 0.2105 0.3049 0.00000 6.940 1500.0 12.0 0.0000 0.1935 23.66 0.0628 0.0000 0.0000
151.8750 85.0965 0.4531 0.2288 0.3181 0.00000 7.253 1500.0 12.0 0.0000 0.1749 21.88 0.0628 0.0000 0.0000
154.6875 85.0965 0.3980 0.2605 0.3414 0.00000 7.779 1500.0 12.0 0.0000 0.1636 21.28 0.0628 0.0000 0.0000
157.5000 85.0965 0.3394 0.2937 0.3668 0.00000 8.300 1500.0 12.0 0.0000 0.1594 21.57 0.0628 0.0000 0.0000
160.3125 85.0965 0.3190 0.3160 0.3650 0.00000 8.680 1500.0 12.0 0.0000 0.1412 19.26 0.0628 0.0000 0.0000
163.1250 85.0965 0.3724 0.2784 0.3492 0.00000 8.024 1500.0 12.0 0.0000 0.1558 20.58 0.0628 0.0000 0.0000
165.9375 85.0965 0.4061 0.2575 0.3364 0.00000 7.615 1500.0 12.0 0.0000 0.1725 22.28 0.0628 0.0000 0.0000
168.7500 85.0965 0.3998 0.2415 0.3587 0.00000 6.747 1500.0 12.0 0.0000 0.3309 43.39 0.0628 0.0000 0.0000
171.5625 85.0965 0.3638 0.2610 0.3752 0.00000 6.949 1500.0 12.0 0.0000 0.3387 45.54 0.0628 0.0000 0.0000
174.3750 85.0965 0.3334 0.2868 0.3797 0.00000 7.745 1500.0 12.0 0.0000 0.2933 40.05 0.0628 0.0000 0.0000
177.1875 85.0965 0.2848 0.3138 0.4014 0.00000 8.163 1500.0 12.0 0.0000 0.3422 48.25 0.0628 0.0000 0.0000
180.0000 85.0965 0.2670 0.3348 0.3983 0.00000 8.532 1500.0 12.0 0.0000 0.2971 42.14 0.0628 0.0000 0.0000
-177.1875 85.0965 0.2802 0.3102 0.4096 0.00000 7.592 1500.0 12.0 0.0000 0.4432 62.87 0.0628 0.0000 0.0000
-174.3750 85.0965 0.2760 0.3244 0.3995 0.00000 8.011 1500.0 12.0 0.0000 0.3319 46.93 0.0628 0.0000 0.0000
-171.5625 85.0965 0.2578 0.3425 0.3997 0.00000 8.784 1500.0 12.0 0.0000 0.2488 35.46 0.0628 0.0000 0.0000
-168.7500 85.0965 0.2804 0.3219 0.3977 0.00000 8.457 1500.0 12.0 0.0000 0.2737 38.59 0.0628 0.0000 0.0000
-165.9375 85.0965 0.3543 0.2795 0.3663 0.00000 7.957 1500.0 12.0 0.0000 0.3118 41.90 0.0628 0.0000 0.0000
-163.1250 85.0965 0.3497 0.2912 0.3592 0.00000 8.332 1500.0 12.0 0.0000 0.2597 34.84 0.0628 0.0000 0.0002
-160.3125 85.0965 0.2964 0.3186 0.3850 0.00000 8.953 1500.0 12.0 0.0000 0.2160 30.06 0.0628 0.0000 0.0000
-157.5000 85.0965 0.2963 0.3196 0.3841 0.00000 8.928 1500.0 12.0 0.0000 0.2110 29.36 0.0628 0.0000 0.0000
-154.6875 85.0965 0.2865 0.3163 0.3973 0.00000 8.513 1500.0 12.0 0.0000 0.2404 33.81 0.0628 0.0000 0.0004
-151.8750 85.0965 0.3170 0.2935 0.3895 0.00000 7.904 1500.0 12.0 0.0000 0.2931 40.51 0.0628 0.0000 0.0000
-149.0625 85.0965 0.3341 0.2800 0.3859 0.00000 7.398 1500.0 12.0 0.0000 0.4877 66.80 0.0785 0.0000 0.0000
-146.2500 85.0965 0.3554 0.2636 0.3810 0.00000 6.852 1500.0 12.0 0.0000 0.7260 98.26 0.0902 0.0000 0.0000
-143.4375 85.0965 0.3158 0.2785 0.4057 0.00000 6.428 1500.0 12.0 0.0000 1.0870 151.58 0.0950 0.0000 0.0000
-140.6250 85.0965 0.2996 0.2921 0.4083 0.00000 6.629 1500.0 12.0 0.0000 0.8171 114.88 0.1039 0.0000 0.0000
-137.8125 85.0965 0.3103 0.3048 0.3849 0.00000 7.522 1500.0 12.0 0.0000 0.3801 52.57 0.1079 0.0000 0.0000
-135.0000 85.0965 0.3911 0.2551 0.3538 0.00000 7.040 1500.0 12.0 0.0000 0.4686 61.52 0.1122 0.0000 0.0000
-132.1875 85.0965 0.3960 0.2527 0.3513 0.00000 6.925 1500.0 12.0 0.0000 0.4829 63.18 0.1157 0.0000 0.0000
-129.3750 85.0965 0.3998 0.2440 0.3562 0.00000 6.729 1500.0 12.0 0.0000 0.5381 70.46 0.1170 0.0000 0.0000
-126.5625 85.0965 0.4236 0.2295 0.3470 0.00000 6.515 1500.0 12.0 0.0000 0.6209 80.01 0.1199 0.0000 0.0000
-123.7500 85.0965 0.3369 0.2874 0.3757 0.00000 7.248 1500.0 12.0 0.0000 0.3520 47.90 0.1222 0.0000 0.0000
-120.9375 85.0965 0.3592 0.2703 0.3705 0.00000 7.105 1500.0 12.0 0.0000 0.3737 50.22 0.1227 0.0000 0.0000
-118.1250 85.0965 0.3916 0.2582 0.3503 0.00000 6.940 1500.0 12.0 0.0000 0.4191 54.91 0.1248 0.0000 0.0000
-115.3125 85.0965 0.3785 0.2568 0.3647 0.00000 6.460 1498.8 12.0 0.0000 0.5923 78.82 0.1242 0.0008 0.0024
-112.5000 85.0965 0.3331 0.2795 0.3874 0.00000 6.985 1497.8 12.0 0.0000 0.4013 55.21 0.1223 0.0015 0.0045
-109.6875 85.0965 0.2957 0.3035 0.4008 0.00000 7.070 1499.4 12.0 0.0000 0.3938 55.31 0.1215 0.0004 0.0013
-106.8750 85.0965 0.2984 0.2960 0.4057 0.00000 6.718 1499.5 12.0 0.0000 0.5890 82.82 0.1222 0.0004 0.0011
-104.0625 85.0965 0.2975 0.3125 0.3900 0.00000 7.639 1500.0 12.0 0.0000 0.3255 45.39 0.1195 0.0000 0.0000
-101.2500 85.0965 0.3060 0.3106 0.3834 0.00000 7.606 1500.0 12.0 0.0000 0.3455 47.85 0.1172 0.0000 0.0000
-98.4375 85.0965 0.3060 0.2942 0.3998 0.00000 6.842 1500.0 12.0 0.0000 0.6364 88.86 0.1167 0.0000 0.0000
-95.6250 85.0965 0.3761 0.2565 0.3674 0.00000 6.461 1500.0 12.0 0.0000 0.9824 130.81 0.1164 0.0000 0.0000
-92.8125 85.0965 0.4689 0.2181 0.3131 0.00000 6.691 1500.0 12.0 0.0000 0.8333 103.14 0.1121 0.0000 0.0000
-90.0000 85.0965 0.4714 0.2295 0.2991 0.00000 7.532 1500.0 12.0 0.0000 0.5517 67.66 0.1094 0.0000 0.0000
-87.1875 85.0965 0.5331 0.2003 0.2666 0.00000 7.278 1500.0 12.0 0.0000 0.7391 86.23 0.1082 0.0000 0.0000
-84.3750 85.0965 0.6621 0.1218 0.2161 0.00000 6.351 1500.0 12.0 0.0000 1.4940 157.46 0.1117 0.0000 0.0000
-81.5625 85.0965 0.6880 0.1057 0.2063 0.00000 6.176 1500.0 12.0 0.0000 1.4715 151.80 0.1058 0.0000 0.0000
-78.7500 85.0965 0.6400 0.1307 0.2293 0.00000 6.296 1500.0 12.0 0.0000 0.8841 95.17 0.1013 0.0000 0.0000
-75.9375 85.0965 0.5648 0.1724 0.2628 0.00000 6.729 1500.0 12.0 0.0000 0.5934 67.95 0.0962 0.0000 0.0000
-73.1250 85.0965 0.5244 0.1944 0.2811 0.00000 7.040 1500.0 12.0 0.0000 0.4839 57.20 0.0884 0.0000 0.0000
-70.3125 85.0965 0.4548 0.2312 0.3141 0.00000 7.399 1500.0 12.0 0.0000 0.3153 39.32 0.0747 0.0000 0.0000
-67.5000 85.0965 0.4769 0.2163 0.3068 0.00000 7.035 1500.0 12.0 0.0000 0.2359 28.99 0.0628 0.0000 0.0000
-64.6875 85.0965 0.4782 0.2176 0.3042 0.00000 7.003 1500.0 12.0 0.0000 0.2310 28.32 0.0628 0.0000 0.0000
-61.8750 85.0965 0.4689 0.2200 0.3112 0.00000 7.130 1500.0 12.0 0.0000 0.2342 28.96 0.0628 0.0000 0.0000
-59.0625 85.0965 0.4797 0.2135 0.3068 0.00000 7.007 1500.0 12.0 0.0000 0.2373 29.12 0.0628 0.0000 0.0000
-56.2500 85.0965 0.4638 0.2231 0.3131 0.00000 7.186 1500.0 12.0 0.0000 0.2383 29.57 0.0628 0.0000 0.0000
-53.4375 85.0965 0.4576 0.2268 0.3156 0.00000 7.255 1500.0 12.0 0.0000 0.2428 30.27 0.0628 0.0000 0.0000
-50.6250 85.0965 0.4189 0.2572 0.3239 0.00000 7.632 1500.0 12.0 0.0000 0.2385 30.41 0.0628 0.0000 0.0000
-47.8125 85.0965 0.4183 0.2591 0.3225 0.00000 7.625 1500.0 12.0 0.0000 0.2470 31.49 0.0628 0.0000 0.0000
-45.0000 85.0965 0.4183 0.2505 0.3312 0.00000 7.695 1500.0 12.0 0.0000 0.2680 34.32 0.0628 0.0000 0.0000
-42.1875 85.0965 0.4548 0.2285 0.3167 0.00000 7.286 1500.0 12.0 0.0000 0.2905 36.27 0.0628 0.0000 0.0000
-39.3750 85.0965 0.4982 0.2024 0.2994 0.00000 6.800 1500.0 12.0 0.0000 0.3184 38.55 0.0628 0.0000 0.0000
-36.5625 85.0965 0.4982 0.2024 0.2994 0.00000 6.800 1500.0 12.0 0.0000 0.3419 41.39 0.0628 0.0000 0.0000
-33.7500 85.0965 0.4982 0.2024 0.2994 0.00000 6.800 1500.0 12.0 0.0000 0.3675 44.50 0.0628 0.0000 0.0000
42.1875 82.3129 0.5258 0.1830 0.2912 0.00000 6.694 1500.0 12.0 0.0000 1.1386 135.31 0.0628 0.0000 0.0000
45.0000 82.3129 0.5211 0.1847 0.2942 0.00000 6.692 1500.0 12.0 0.0000 1.0551 125.91 0.0628 0.0000 0.0000
47.8125 82.3129 0.4819 0.2050 0.3132 0.00000 6.750 1500.0 12.0 0.0000 0.8590 105.66 0.0628 0.0000 0.0000
50.6250 82.3129 0.4969 0.1972 0.3059 0.00000 6.728 1500.0 12.0 0.0000 0.8232 100.09 0.0628 0.0000 0.0000
53.4375 82.3129 0.5238 0.1834 0.2929 0.00000 6.688 1500.0 12.0 0.0000 0.8264 98.41 0.0628 0.0000 0.0000
56.2500 82.3129 0.5426 0.1736 0.2837 0.00000 6.659 1500.0 12.0 0.0000 0.8202 96.21 0.0628 0.0000 0.0000
59.0625 82.3129 0.6310 0.1280 0.2410 0.00000 6.528 1500.0 12.0 0.0000 1.1312 123.30 0.0628 0.0000 0.0000
61.8750 82.3129 0.6544 0.1170 0.2286 0.00000 6.592 1500.0 12.0 0.0000 1.2652 135.05 0.0628 0.0000 0.0000
64.6875 82.3129 0.6014 0.1421 0.2565 0.00000 6.656 1500.0 12.0 0.0000 1.4166 158.47 0.0628 0.0000 0.0000
67.5000 82.3129 0.5580 0.1656 0.2765 0.00000 6.877 1500.0 12.0 0.0000 1.2405 143.75 0.0628 0.0000 0.0000
70.3125 82.3129 0.4722 0.2217 0.3061 0.00000 7.906 1500.0 12.0 0.0000 0.6699 82.46 0.0628 0.0000 0.0000
73.1250 82.3129 0.4021 0.2644 0.3335 0.00000 8.538 1500.0 12.0 0.0000 0.5187 67.03 0.0628 0.0000 0.0000
75.9375 82.3129 0.3107 0.3142 0.3752 0.00000 8.979 1500.0 12.0 0.0000 0.4458 61.36 0.0628 0.0000 0.0000
78.7500 82.3129 0.2710 0.3331 0.3959 0.00000 8.967 1500.0 12.0 0.0000 0.4324 61.17 0.0628 0.0000 0.0000
81.5625 82.3129 0.2908 0.3117 0.3975 0.00000 8.185 1500.0 12.0 0.0000 0.5501 77.23 0.0628 0.0000 0.0000
84.3750 82.3129 0.4055 0.2424 0.3522 0.00000 6.881 1500.0 12.0 0.0000 0.6140 80.02 0.0628 0.0000 0.0000
87.1875 82.3129 0.4312 0.2293 0.3395 0.00000 6.733 1500.0 12.0 0.0000 0.6110 78.15 0.0628 0.0000 0.0000
90.0000 82.3129 0.4172 0.2400 0.3429 0.00000 7.023 1500.0 12.0 0.0000 0.5942 76.63 0.0628 0.0000 0.0000
92.8125 82.3129 0.3729 0.2692 0.3579 0.00000 7.648 1500.0 12.0 0.0000 0.5713 75.80 0.0628 0.0000 0.0000
95.6250 82.3129 0.3168 0.3155 0.3677 0.00000 8.444 1500.0 12.0 0.0000 0.5231 71.52 0.0628 0.0000 0.0000
98.4375 82.3129 0.2890 0.3284 0.3826 0.00000 8.927 1500.0 12.0 0.0000 0.5424 75.63 0.0628 0.0000 0.0000
101.2500 82.3129 0.3966 0.2639 0.3395 0.00000 7.769 1500.0 12.0 0.0000 0.6194 80.50 0.0628 0.0000 0.0000
104.0625 82.3129 0.3581 0.2868 0.3552 0.00000 8.370 1500.0 12.0 0.0000 0.6475 86.36 0.0628 0.0000 0.0000
106.8750 82.3129 0.3739 0.2828 0.3433 0.00000 8.147 1500.0 12.0 0.0000 0.7225 95.07 0.0628 0.0000 0.0000
109.6875 82.3129 0.4200 0.2532 0.3269 0.00000 7.647 1500.0 12.0 0.0000 0.8478 108.26 0.0628 0.0000 0.0000
112.5000 82.3129 0.4555 0.2281 0.3164 0.00000 7.278 1500.0 12.0 0.0000 0.9940 124.07 0.0628 0.0000 0.0000
115.3125 82.3129 0.4103 0.2561 0.3336 0.00000 7.778 1500.0 12.0 0.0000 1.0806 139.11 0.0628 0.0000 0.0000
118.1250 82.3129 0.4096 0.2565 0.3339 0.00000 7.786 1500.0 12.0 0.0000 1.1367 146.40 0.0628 0.0000 0.0000
120.9375 82.3129 0.3684 0.2836 0.3480 0.00000 8.229 1500.0 12.0 0.0000 1.0649 140.84 0.0628 0.0000 0.0000
123.7500 82.3129 0.3235 0.3132 0.3633 0.00000 8.713 1500.0 12.0 0.0000 0.8960 121.88 0.0628 0.0000 0.0000
126.5625 82.3129 0.3414 0.2973 0.3613 0.00000 8.552 1500.0 12.0 0.0000 0.7327 98.77 0.0628 0.0000 0.0000
129.3750 82.3129 0.3915 0.2666 0.3419 0.00000 7.997 1500.0 12.0 0.0000 0.5751 75.02 0.0628 0.0000 0.0000
132.1875 82.3129 0.4434 0.2411 0.3155 0.00000 7.373 1500.0 12.0 0.0000 0.4326 54.28 0.0628 0.0000 0.0000
135.0000 82.3129 0.4906 0.2067 0.3026 0.00000 6.890 1500.0 12.0 0.0000 0.3505 42.67 0.0628 0.0000 0.0000
137.8125 82.3129 0.4655 0.2217 0.3128 0.00000 7.175 1500.0 12.0 0.0000 0.2698 33.44 0.0628 0.0000 0.0000
140.6250 82.3129 0.4440 0.2364 0.3196 0.00000 7.403 1500.0 12.0 0.0000 0.2128 26.75 0.0628 0.0000 0.0000
143.4375 82.3129 0.4694 0.2191 0.3115 0.00000 7.314 1500.0 12.0 0.0000 0.2163 26.74 0.0628 0.0000 0.0000
146.2500 82.3129 0.4862 0.2110 0.3027 0.00000 7.246 1500.0 12.0 0.0000 0.2144 26.16 0.0628 0.0000 0.0000
149.0625 82.3129 0.4182 0.2428 0.3390 0.00000 7.498 1500.0 12.0 0.0000 0.2032 26.14 0.0628 0.0000 0.0000
151.8750 82.3129 0.3429 0.2907 0.3663 0.00000 8.234 1500.0 12.0 0.0000 0.1665 22.49 0.0628 0.0000 0.0000
154.6875 82.3129 0.2649 0.3332 0.4019 0.00000 8.278 1500.0 12.0 0.0000 0.1600 22.76 0.0628 0.0000 0.0000
157.5000 82.3129 0.2730 0.3204 0.4066 0.00000 8.160 1500.0 12.0 0.0000 0.1711 24.31 0.0628 0.0000 0.0000
160.3125 82.3129 0.2859 0.3015 0.4125 0.00000 7.294 1500.0 12.0 0.0000 0.2762 39.14 0.0628 0.0000 0.0000
163.1250 82.3129 0.2935 0.2914 0.4151 0.00000 7.099 1500.0 12.0 0.0000 0.3172 44.87 0.0628 0.0000 0.0000
165.9375 82.3129 0.2826 0.3107 0.4067 0.00000 7.544 1500.0 12.0 0.0000 0.2316 32.77 0.0628 0.0000 0.0000
168.7500 82.3129 0.2861 0.3028 0.4111 0.00000 7.620 1500.0 12.0 0.0000 0.2661 37.68 0.0628 0.0000 0.0000
171.5625 82.3129 0.3200 0.2820 0.3980 0.00000 7.287 1500.0 12.0 0.0000 0.3786 52.50 0.0628 0.0000 0.0000
174.3750 82.3129 0.3469 0.2716 0.3815 0.00000 7.468 1500.0 12.0 0.0000 0.3727 50.65 0.0628 0.0000 0.0000
177.1875 82.3129 0.3304 0.2957 0.3739 0.00000 8.136 1500.0 12.0 0.0000 0.2922 39.84 0.0628 0.0000 0.0000
180.0000 82.3129 0.3385 0.2728 0.3886 0.00000 7.382 1500.0 12.0 0.0000 0.5501 75.30 0.0628 0.0000 0.0000
-177.1875 82.3129 0.3697 0.2508 0.3794 0.00000 6.990 1500.0 12.0 0.0000 0.8754 117.63 0.0628 0.0000 0.0000
-174.3750 82.3129 0.4876 0.1816 0.3308 0.00000 6.506 1500.0 12.0 0.0000 1.3423 166.31 0.0628 0.0000 0.0000
-171.5625 82.3129 0.5693 0.1427 0.2879 0.00000 6.607 1500.0 12.0 0.0000 0.7128 82.69 0.0628 0.0000 0.0000
-168.7500 82.3129 0.5619 0.1611 0.2771 0.00000 6.904 1500.0 12.0 0.0000 0.5942 68.74 0.0951 0.0000 0.0000
-165.9375 82.3129 0.5065 0.1944 0.2991 0.00000 6.377 1500.0 12.0 0.0000 0.5022 60.54 0.1141 0.0000 0.0000
-163.1250 82.3129 0.5173 0.1896 0.2930 0.00000 6.212 1500.0 12.0 0.0000 0.4642 55.46 0.1277 0.0000 0.0000
-160.3125 82.3129 0.4369 0.2397 0.3235 0.00000 6.341 1500.0 12.0 0.0000 0.3043 38.48 0.1419 0.0000 0.0000
-157.5000 82.3129 0.4600 0.2268 0.3132 0.00000 6.148 1500.0 12.0 0.0000 0.3173 39.44 0.1490 0.0000 0.0000
-154.6875 82.3129 0.3921 0.2694 0.3385 0.00000 6.156 1500.0 12.0 0.0000 0.2645 34.44 0.1593 0.0000 0.0000
-151.8750 82.3129 0.4519 0.2342 0.3139 0.00000 6.133 1500.0 12.0 0.0000 0.3015 37.65 0.1647 0.0000 0.0000
-149.0625 82.3129 0.5390 0.1831 0.2779 0.00000 5.999 1500.0 12.0 0.0000 0.4362 51.09 0.1652 0.0000 0.0000
-146.2500 82.3129 0.5608 0.1710 0.2682 0.00000 6.105 1500.0 12.0 0.0000 0.4794 55.19 0.1670 0.0000 0.0000
-143.4375 82.3129 0.5103 0.2036 0.2861 0.00000 6.528 1500.0 12.0 0.0000 0.3647 43.55 0.1688 0.0000 0.0000
-140.6250 82.3129 0.4242 0.2539 0.3219 0.00000 6.632 1500.0 12.0 0.0000 0.2713 34.48 0.1686 0.0000 0.0000
-137.8125 82.3129 0.3956 0.2710 0.3333 0.00000 6.574 1500.0 12.0 0.0000 0.2643 34.25 0.1698 0.0000 0.0000
-135.0000 82.3129 0.3678 0.2902 0.3417 0.00000 7.163 1500.0 12.0 0.0000 0.2276 30.00 0.1699 0.0000 0.0000
-132.1875 82.3129 0.4309 0.2438 0.3254 0.00000 6.186 1500.0 12.0 0.0000 0.2322 29.48 0.1692 0.0000 0.0000
-129.3750 82.3129 0.4285 0.2443 0.3272 0.00000 6.193 1500.0 12.0 0.0000 0.2231 28.38 0.1700 0.0000 0.0000
-126.5625 82.3129 0.4317 0.2439 0.3244 0.00000 6.207 1500.0 12.0 0.0000 0.2448 31.04 0.1711 0.0000 0.0000
-123.7500 82.3129 0.3979 0.2679 0.3342 0.00000 6.560 1500.0 12.0 0.0000 0.2615 33.86 0.1717 0.0000 0.0000
-120.9375 82.3129 0.3962 0.2685 0.3353 0.00000 6.621 1500.0 12.0 0.0000 0.3140 40.72 0.1719 0.0000 0.0000
-118.1250 82.3129 0.4016 0.2670 0.3314 0.00000 6.561 1500.0 12.0 0.0000 0.3881 50.10 0.1708 0.0000 0.0000
-115.3125 82.3129 0.4376 0.2438 0.3186 0.00000 6.484 1497.1 12.0 0.0000 0.4950 62.68 0.1687 0.0019 0.0042
-112.5000 82.3129 0.5424 0.1823 0.2754 0.00000 6.325 1498.5 12.0 0.0000 0.7824 91.57 0.1650 0.0010 0.0022
-109.6875 82.3129 0.4903 0.2113 0.2984 0.00000 6.731 1499.6 12.0 0.0000 0.7922 96.30 0.1596 0.0003 0.0006
-106.8750 82.3129 0.5253 0.1770 0.2977 0.00000 6.182 1496.1 12.0 0.0000 1.2952 155.55 0.1529 0.0026 0.0061
-104.0625 82.3129 0.3364 0.2807 0.3829 0.00000 6.549 1497.7 12.0 0.0000 1.2516 171.56 0.1463 0.0015 0.0037
-101.2500 82.3129 0.2859 0.3050 0.4091 0.00000 6.394 1500.0 12.0 0.0000 1.7135 242.43 0.1412 0.0000 0.0000
-98.4375 82.3129 0.2865 0.3037 0.4098 0.00000 6.412 1500.0 12.0 0.0000 1.8349 259.63 0.1349 0.0000 0.0000
-95.6250 82.3129 0.2925 0.3117 0.3958 0.00000 6.825 1500.0 12.0 0.0000 1.4487 203.04 0.1316 0.0000 0.0000
-92.8125 82.3129 0.3486 0.2842 0.3673 0.00000 6.912 1500.0 12.0 0.0000 1.3930 187.77 0.1298 0.0000 0.0000
-90.0000 82.3129 0.5790 0.1613 0.2597 0.00000 6.199 1500.0 12.0 0.0000 2.1236 240.88 0.1227 0.0000 0.0000
-87.1875 82.3129 0.6223 0.1497 0.2280 0.00000 6.586 1500.0 12.0 0.0000 1.3963 151.66 0.1148 0.0000 0.0000
-84.3750 82.3129 0.6683 0.1177 0.2140 0.00000 6.396 1500.0 12.0 0.0000 1.5687 164.53 0.1049 0.0000 0.0000
-81.5625 82.3129 0.6946 0.1006 0.2048 0.00000 6.311 1500.0 12.0 0.0000 1.6414 168.50 0.0918 0.0000 0.0000
-78.7500 82.3129 0.5897 0.1591 0.2512 0.00000 6.943 1500.0 12.0 0.0000 0.6564 73.65 0.0743 0.0000 0.0000
-75.9375 82.3129 0.4234 0.2552 0.3213 0.00000 7.993 1500.0 12.0 0.0000 0.3079 39.13 0.0628 0.0000 0.0000
-73.1250 82.3129 0.3602 0.2910 0.3488 0.00000 8.345 1500.0 12.0 0.0000 0.2504 33.26 0.0628 0.0000 0.0000
-70.3125 82.3129 0.4639 0.2230 0.3131 0.00000 7.184 1500.0 12.0 0.0000 0.2538 31.50 0.0628 0.0000 0.0000
-67.5000 82.3129 0.4982 0.2024 0.2994 0.00000 6.800 1500.0 12.0 0.0000 0.2494 30.20 0.0628 0.0000 0.0000
-64.6875 82.3129 0.4982 0.2024 0.2994 0.00000 6.800 1500.0 12.0 0.0000 0.2436 29.49 0.0628 0.0000 0.0000
-61.8750 82.3129 0.4982 0.2024 0.2994 0.00000 6.800 1500.0 12.0 0.0000 0.2408 29.15 0.0628 0.0000 0.0000
-59.0625 82.3129 0.4982 0.2024 0.2994 0.00000 6.800 1500.0 12.0 0.0000 0.2408 29.15 0.0628 0.0000 0.0000
-56.2500 82.3129 0.4982 0.2024 0.2994 0.00000 6.800 1500.0 12.0 0.0000 0.2437 29.50 0.0628 0.0000 0.0000
-53.4375 82.3129 0.4982 0.2024 0.2994 0.00000 6.800 1500.0 12.0 0.0000 0.2492 30.17 0.0628 0.0000 0.0000
-50.6250 82.3129 0.4659 0.2218 0.3123 0.00000 7.162 1500.0 12.0 0.0000 0.2520 31.22 0.0628 0.0000 0.0000
-47.8125 82.3129 0.4203 0.2582 0.3214 0.00000 7.600 1500.0 12.0 0.0000 0.2477 31.53 0.0628 0.0000 0.0000
-45.0000 82.3129 0.4547 0.2309 0.3143 0.00000 7.383 1500.0 12.0 0.0000 0.2820 35.18 0.0628 0.0000 0.0000
56.2500 79.5256 0.5089 0.1678 0.3233 0.00000 6.803 1499.8 12.0 0.0000 1.0406 127.10 0.0628 0.0001 0.0018
59.0625 79.5256 0.4731 0.1893 0.3376 0.00000 7.373 1499.8 12.0 0.0000 0.8764 109.81 0.0628 0.0001 0.0019
61.8750 79.5256 0.5317 0.1500 0.3183 0.00000 6.790 1499.7 12.0 0.0000 0.9403 113.24 0.0628 0.0002 0.0023
64.6875 79.5256 0.4357 0.2236 0.3407 0.00000 7.169 1499.9 12.0 0.0000 0.6848 87.46 0.0628 0.0001 0.0007
67.5000 79.5256 0.2980 0.2961 0.4060 0.00000 7.365 1500.0 12.0 0.0000 0.8396 118.00 0.0628 0.0000 0.0000
70.3125 79.5256 0.2882 0.2978 0.4140 0.00000 7.193 1500.0 12.0 0.0000 0.9609 136.15 0.0628 0.0000 0.0000
73.1250 79.5256 0.2847 0.3029 0.4124 0.00000 7.378 1500.0 12.0 0.0000 0.8267 117.22 0.0628 0.0000 0.0000
75.9375 79.5256 0.2814 0.3097 0.4089 0.00000 7.620 1500.0 12.0 0.0000 0.7060 100.07 0.0628 0.0000 0.0000
78.7500 79.5256 0.2910 0.2936 0.4154 0.00000 7.045 1500.0 12.0 0.0000 1.0346 146.52 0.0628 0.0000 0.0000
81.5625 79.5256 0.3054 0.2877 0.4069 0.00000 7.095 1500.0 12.0 0.0000 0.9486 132.95 0.0628 0.0000 0.0000
84.3750 79.5256 0.3057 0.2956 0.3988 0.00000 7.501 1500.0 12.0 0.0000 0.7133 99.55 0.0628 0.0000 0.0000
87.1875 79.5256 0.3671 0.2675 0.3654 0.00000 7.307 1500.0 12.0 0.0000 0.6060 80.94 0.0628 0.0000 0.0000
90.0000 79.5256 0.4467 0.2272 0.3261 0.00000 6.977 1500.0 12.0 0.0000 0.5354 67.47 0.0628 0.0000 0.0000
92.8125 79.5256 0.4290 0.2307 0.3403 0.00000 6.764 1500.0 12.0 0.0000 0.6602 84.56 0.0628 0.0000 0.0000
95.6250 79.5256 0.4072 0.2478 0.3450 0.00000 7.248 1500.0 12.0 0.0000 0.6259 81.19 0.0628 0.0000 0.0000
98.4375 79.5256 0.4532 0.2242 0.3225 0.00000 6.987 1500.0 12.0 0.0000 0.6286 78.81 0.0628 0.0000 0.0000
101.2500 79.5256 0.4393 0.2375 0.3232 0.00000 7.403 1500.0 12.0 0.0000 0.6196 78.24 0.0628 0.0000 0.0000
104.0625 79.5256 0.4836 0.2112 0.3053 0.00000 6.964 1500.0 12.0 0.0000 0.6931 84.80 0.0628 0.0000 0.0000
106.8750 79.5256 0.4054 0.2598 0.3348 0.00000 7.827 1500.0 12.0 0.0000 0.7432 95.96 0.0628 0.0000 0.0000
109.6875 79.5256 0.3518 0.2930 0.3552 0.00000 8.421 1500.0 12.0 0.0000 0.8214 109.88 0.0628 0.0000 0.0000
112.5000 79.5256 0.4250 0.2473 0.3277 0.00000 7.613 1500.0 12.0 0.0000 0.9750 124.25 0.0628 0.0000 0.0000
115.3125 79.5256 0.4664 0.2215 0.3121 0.00000 7.157 1500.0 12.0 0.0000 1.1122 137.76 0.0628 0.0000 0.0000
118.1250 79.5256 0.4636 0.2231 0.3132 0.00000 7.188 1500.0 12.0 0.0000 1.1636 144.41 0.0628 0.0000 0.0000
120.9375 79.5256 0.4308 0.2429 0.3263 0.00000 7.555 1500.0 12.0 0.0000 0.9430 119.75 0.0628 0.0000 0.0000
123.7500 79.5256 0.4099 0.2561 0.3340 0.00000 7.785 1500.0 12.0 0.0000 0.7625 98.20 0.0628 0.0000 0.0000
126.5625 79.5256 0.4664 0.2246 0.3090 0.00000 7.132 1500.0 12.0 0.0000 0.7019 86.79 0.0628 0.0000 0.0000
129.3750 79.5256 0.4077 0.2582 0.3341 0.00000 7.803 1500.0 12.0 0.0000 0.5781 74.54 0.0628 0.0000 0.0000
132.1875 79.5256 0.4332 0.2460 0.3207 0.00000 7.492 1500.0 12.0 0.0000 0.4410 55.77 0.0628 0.0000 0.0000
135.0000 79.5256 0.4673 0.2221 0.3106 0.00000 7.141 1500.0 12.0 0.0000 0.3454 42.73 0.0628 0.0000 0.0000
137.8125 79.5256 0.4575 0.2271 0.3154 0.00000 7.261 1500.0 12.0 0.0000 0.2676 33.35 0.0628 0.0000 0.0000
140.6250 79.5256 0.4951 0.2040 0.3009 0.00000 6.842 1500.0 12.0 0.0000 0.2251 27.32 0.0628 0.0000 0.0000
143.4375 79.5256 0.5760 0.1600 0.2640 0.00000 6.706 1500.0 12.0 0.0000 0.2841 32.37 0.0628 0.0000 0.0000
146.2500 79.5256 0.5654 0.1647 0.2699 0.00000 6.861 1500.0 12.0 0.0000 0.4306 49.50 0.0628 0.0000 0.0000
149.0625 79.5256 0.3834 0.2572 0.3593 0.00000 7.237 1500.0 12.0 0.0000 0.3060 40.43 0.0628 0.0000 0.0000
151.8750 79.5256 0.2832 0.3087 0.4081 0.00000 7.613 1500.0 12.0 0.0000 0.2351 33.29 0.0628 0.0000 0.0000
154.6875 79.5256 0.2927 0.2921 0.4152 0.00000 7.115 1500.0 12.0 0.0000 0.3013 42.64 0.0628 0.0000 0.0000
157.5000 79.5256 0.2954 0.2917 0.4129 0.00000 7.052 1500.0 12.0 0.0000 0.3038 42.90 0.0628 0.0000 0.0000
160.3125 79.5256 0.2847 0.3043 0.4110 0.00000 7.399 1500.0 12.0 0.0000 0.2557 36.22 0.0628 0.0000 0.0000
163.1250 79.5256 0.3367 0.2701 0.3932 0.00000 7.181 1500.0 12.0 0.0000 0.2368 32.52 0.0628 0.0000 0.0000
165.9375 79.5256 0.4989 0.1896 0.3115 0.00000 6.786 1500.0 12.0 0.0000 0.5277 64.31 0.1014 0.0000 0.0000
168.7500 79.5256 0.4372 0.2426 0.3202 0.00000 7.518 1500.0 12.0 0.0000 0.2964 37.40 0.1262 0.0000 0.0000
171.5625 79.5256 0.4032 0.2665 0.3304 0.00000 7.189 1500.0 12.0 0.0000 0.3790 48.86 0.1480 0.0000 0.0000
174.3750 79.5256 0.4206 0.2613 0.3181 0.00000 7.256 1500.0 12.0 0.0000 0.4349 55.24 0.1622 0.0000 0.0000
177.1875 79.5256 0.3947 0.2722 0.3331 0.00000 7.027 1500.0 12.0 0.0000 0.5965 77.33 0.1749 0.0000 0.0000
180.0000 79.5256 0.4096 0.2603 0.3299 0.00000 6.576 1500.0 12.0 0.0000 0.4611 59.25 0.1790 0.0000 0.0000
-177.1875 79.5256 0.3964 0.2717 0.3319 0.00000 6.537 1500.0 12.0 0.0000 0.4263 55.18 0.1859 0.0000 0.0000
-143.4375 79.5256 0.3582 0.3005 0.3412 0.00000 7.147 1500.0 12.0 0.0000 0.2370 31.37 0.1416 0.0000 0.0000
-140.6250 79.5256 0.4128 0.2618 0.3253 0.00000 6.416 1500.0 12.0 0.0000 0.2661 34.06 0.1594 0.0000 0.0000
-137.8125 79.5256 0.3813 0.2766 0.3421 0.00000 7.238 1500.0 12.0 0.0000 0.2433 31.88 0.1503 0.0000 0.0000
-135.0000 79.5256 0.3269 0.3242 0.3490 0.00000 7.665 1500.0 12.0 0.0000 0.2433 32.80 0.1648 0.0000 0.0000
-132.1875 79.5256 0.3362 0.3463 0.3174 0.00000 6.436 1500.0 12.0 0.0000 0.2588 34.17 0.1628 0.0000 0.0000
-115.3125 79.5256 0.4198 0.2554 0.3248 0.00000 6.043 1500.0 12.0 0.0000 0.5773 73.64 0.1772 0.0000 0.0000
-112.5000 79.5256 0.4423 0.2429 0.3148 0.00000 6.181 1499.7 12.0 0.0000 0.7298 91.63 0.1744 0.0002 0.0004
-109.6875 79.5256 0.5491 0.1704 0.2805 0.00000 6.374 1494.4 12.0 0.0000 1.1887 140.04 0.1700 0.0037 0.0080
-106.8750 79.5256 0.4364 0.2358 0.3278 0.00000 7.114 1493.8 12.0 0.0000 0.8973 114.87 0.1638 0.0042 0.0092
-104.0625 79.5256 0.2955 0.3274 0.3771 0.00000 7.751 1498.7 12.0 0.0000 0.7786 108.16 0.1574 0.0009 0.0020
-101.2500 79.5256 0.2448 0.3647 0.3905 0.00000 8.376 1500.0 12.0 0.0000 0.7748 110.52 0.1503 0.0000 0.0000
-98.4375 79.5256 0.2393 0.3738 0.3869 0.00000 8.672 1500.0 12.0 0.0000 0.7536 107.56 0.1404 0.0000 0.0000
-95.6250 79.5256 0.2538 0.3570 0.3892 0.00000 8.437 1500.0 12.0 0.0000 0.8230 116.88 0.1279 0.0000 0.0000
-92.8125 79.5256 0.4131 0.2626 0.3242 0.00000 7.691 1500.0 12.0 0.0000 0.8547 109.32 0.1178 0.0000 0.0000
-90.0000 79.5256 0.5174 0.2008 0.2818 0.00000 7.062 1500.0 12.0 0.0000 0.9326 110.68 0.1019 0.0000 0.0000
-87.1875 79.5256 0.6084 0.1446 0.2470 0.00000 6.550 1500.0 12.0 0.0000 0.9167 101.56 0.0771 0.0000 0.0000
-84.3750 79.5256 0.5961 0.1525 0.2514 0.00000 6.828 1500.0 12.0 0.0000 0.6959 77.83 0.0628 0.0000 0.0000
-81.5625 79.5256 0.4857 0.2195 0.2948 0.00000 7.608 1500.0 12.0 0.0000 0.4835 58.74 0.0628 0.0000 0.0000
-78.7500 79.5256 0.3647 0.2900 0.3453 0.00000 8.279 1500.0 12.0 0.0000 0.3278 43.36 0.0628 0.0000 0.0000
-75.9375 79.5256 0.4054 0.2631 0.3315 0.00000 7.800 1500.0 12.0 0.0000 0.3119 40.19 0.0628 0.0000 0.0000
-73.1250 79.5256 0.4046 0.2587 0.3367 0.00000 7.848 1500.0 12.0 0.0000 0.3034 39.23 0.0628 0.0000 0.0000
-70.3125 79.5256 0.4649 0.2224 0.3127 0.00000 7.172 1500.0 12.0 0.0000 0.3078 38.16 0.0628 0.0000 0.0000
-67.5000 79.5256 0.4982 0.2024 0.2994 0.00000 6.800 1500.0 12.0 0.0000 0.3143 38.06 0.0628 0.0000 0.0000
-53.4375 79.5256 0.4911 0.2066 0.3023 0.00000 6.879 1500.0 12.0 0.0000 0.4382 53.33 0.0628 0.0000 0.0000
-50.6250 79.5256 0.4472 0.2331 0.3197 0.00000 7.371 1500.0 12.0 0.0000 0.4906 61.60 0.0628 0.0000 0.0000
-47.8125 79.5256 0.4115 0.2649 0.3237 0.00000 7.689 1500.0 12.0 0.0000 0.5503 70.42 0.0628 0.0000 0.0000
-45.0000 79.5256 0.4297 0.2529 0.3174 0.00000 7.492 1500.0 12.0 0.0000 0.6847 86.56 0.0628 0.0000 0.0000
64.6875 76.7369 0.4939 0.1727 0.3335 0.00000 6.557 1499.9 12.0 0.0000 1.7944 222.04 0.0628 0.0001 0.0012
67.5000 76.7369 0.4286 0.2149 0.3565 0.00000 7.219 1499.8 12.0 0.0000 1.0720 138.59 0.0628 0.0002 0.0020
70.3125 76.7369 0.4238 0.2231 0.3531 0.00000 7.315 1499.8 12.0 0.0000 0.9504 122.92 0.0628 0.0001 0.0020
73.1250 76.7369 0.3444 0.2788 0.3768 0.00000 7.581 1500.0 12.0 0.0000 0.9160 124.32 0.0628 0.0000 0.0004
75.9375 76.7369 0.3891 0.2589 0.3520 0.00000 7.756 1500.0 12.0 0.0000 1.1775 154.59 0.0628 0.0000 0.0000
78.7500 76.7369 0.4139 0.2621 0.3240 0.00000 8.075 1500.0 12.0 0.0000 1.2154 155.39 0.0628 0.0000 0.0000
81.5625 76.7369 0.4026 0.2719 0.3255 0.00000 7.718 1500.0 12.0 0.0000 1.5688 201.79 0.0628 0.0000 0.0000
84.3750 76.7369 0.3954 0.2781 0.3266 0.00000 7.764 1500.0 12.0 0.0000 1.0972 141.69 0.0628 0.0000 0.0000
87.1875 76.7369 0.4187 0.2579 0.3234 0.00000 7.631 1500.0 12.0 0.0000 0.8905 113.56 0.0628 0.0000 0.0000
90.0000 76.7369 0.4357 0.2406 0.3236 0.00000 7.495 1500.0 12.0 0.0000 0.8668 109.66 0.0628 0.0000 0.0000
92.8125 76.7369 0.4070 0.2573 0.3357 0.00000 7.821 1500.0 12.0 0.0000 0.9114 117.64 0.0628 0.0000 0.0000
95.6250 76.7369 0.3545 0.2981 0.3474 0.00000 8.336 1500.0 12.0 0.0000 1.0543 140.27 0.0628 0.0000 0.0000
98.4375 76.7369 0.3763 0.2951 0.3286 0.00000 8.011 1500.0 12.0 0.0000 1.5424 201.16 0.0628 0.0000 0.0000
101.2500 76.7369 0.4441 0.2463 0.3097 0.00000 7.316 1500.0 12.0 0.0000 1.9186 239.89 0.0628 0.0000 0.0000
104.0625 76.7369 0.4953 0.2041 0.3006 0.00000 6.832 1500.0 12.0 0.0000 2.0534 249.13 0.0628 0.0000 0.0000
106.8750 76.7369 0.4871 0.2090 0.3038 0.00000 6.924 1500.0 12.0 0.0000 1.3741 167.70 0.0628 0.0000 0.0000
109.6875 76.7369 0.3784 0.2745 0.3471 0.00000 8.142 1500.0 12.0 0.0000 1.0760 141.60 0.0628 0.0000 0.0000
112.5000 76.7369 0.3669 0.2815 0.3516 0.00000 8.270 1500.0 12.0 0.0000 1.0809 143.33 0.0628 0.0000 0.0000
115.3125 76.7369 0.3392 0.2982 0.3626 0.00000 8.581 1500.0 12.0 0.0000 1.3918 187.94 0.0628 0.0000 0.0000
118.1250 76.7369 0.4143 0.2529 0.3328 0.00000 7.739 1500.0 12.0 0.0000 1.2569 161.43 0.0628 0.0000 0.0000
120.9375 76.7369 0.3949 0.2656 0.3395 0.00000 7.948 1500.0 12.0 0.0000 0.9236 120.13 0.0628 0.0000 0.0000
123.7500 76.7369 0.4200 0.2504 0.3296 0.00000 7.668 1500.0 12.0 0.0000 0.6883 88.02 0.0628 0.0000 0.0000
126.5625 76.7369 0.4025 0.2634 0.3341 0.00000 7.845 1500.0 12.0 0.0000 0.4403 56.91 0.0628 0.0000 0.0000
129.3750 76.7369 0.4023 0.2618 0.3359 0.00000 7.861 1500.0 12.0 0.0000 0.3340 43.21 0.0628 0.0000 0.0000
132.1875 76.7369 0.4395 0.2377 0.3228 0.00000 7.458 1500.0 12.0 0.0000 0.2875 36.29 0.0628 0.0000 0.0000
135.0000 76.7369 0.3828 0.2755 0.3417 0.00000 8.064 1500.0 12.0 0.0000 0.2512 32.90 0.0628 0.0000 0.0000
137.8125 76.7369 0.3838 0.2712 0.3450 0.00000 8.082 1500.0 12.0 0.0000 0.3147 41.27 0.0628 0.0000 0.0000
140.6250 76.7369 0.4138 0.2544 0.3318 0.00000 7.738 1500.0 12.0 0.0000 0.2692 34.56 0.0628 0.0000 0.0000
143.4375 76.7369 0.4616 0.2288 0.3096 0.00000 7.348 1500.0 12.0 0.0000 0.3361 41.66 0.0628 0.0000 0.0000
146.2500 76.7369 0.4118 0.2457 0.3425 0.00000 7.324 1500.0 12.0 0.0000 0.4607 59.56 0.0628 0.0000 0.0000
149.0625 76.7369 0.4019 0.2410 0.3571 0.00000 6.954 1500.0 12.0 0.0000 0.4067 53.23 0.0628 0.0000 0.0000
151.8750 76.7369 0.3319 0.2750 0.3931 0.00000 6.338 1500.0 12.0 0.0000 1.0669 146.80 0.1162 0.0000 0.0000
154.6875 76.7369 0.2846 0.3089 0.4065 0.00000 6.641 1500.0 12.0 0.0000 0.6906 97.64 0.1451 0.0000 0.0000
157.5000 76.7369 0.2725 0.3267 0.4008 0.00000 7.132 1500.0 12.0 0.0000 0.4386 62.15 0.1694 0.0000 0.0000
160.3125 76.7369 0.2761 0.3230 0.4009 0.00000 6.749 1500.0 12.0 0.0000 0.5073 71.79 0.1892 0.0000 0.0000
163.1250 76.7369 0.2926 0.3357 0.3718 0.00000 7.330 1500.0 12.0 0.0000 0.3589 49.70 0.2090 0.0000 0.0000
165.9375 76.7369 0.3723 0.3002 0.3274 0.00000 7.484 1500.0 12.0 0.0000 0.4370 57.07 0.2267 0.0000 0.0000
168.7500 76.7369 0.4907 0.2280 0.2813 0.00000 6.335 1500.0 12.0 0.0000 0.5247 63.10 0.2395 0.0000 0.0000
171.5625 76.7369 0.3863 0.2937 0.3200 0.00000 6.550 1500.0 12.0 0.0000 0.3251 42.01 0.2469 0.0000 0.0000
174.3750 76.7369 0.3841 0.2885 0.3273 0.00000 6.203 1500.0 12.0 0.0000 0.3026 39.29 0.2495 0.0000 0.0000
-123.7500 76.7369 0.4750 0.2164 0.3086 0.00000 6.308 1500.0 12.0 0.0000 0.7359 90.59 0.1317 0.0000 0.0000
-120.9375 76.7369 0.5034 0.1952 0.3014 0.00000 6.342 1500.0 12.0 0.0000 0.6737 81.45 0.1151 0.0000 0.0000
-118.1250 76.7369 0.5125 0.1967 0.2908 0.00000 6.783 1500.0 12.0 0.0000 0.7419 88.74 0.1436 0.0000 0.0000
-115.3125 76.7369 0.5331 0.1845 0.2824 0.00000 6.421 1500.0 12.0 0.0000 1.0579 124.59 0.1607 0.0000 0.0000
-112.5000 76.7369 0.4909 0.2071 0.3021 0.00000 6.541 1500.0 12.0 0.0000 1.2228 148.80 0.1707 0.0000 0.0000
-109.6875 76.7369 0.4503 0.2315 0.3183 0.00000 6.718 1500.0 12.0 0.0000 1.3811 173.00 0.1729 0.0000 0.0000
-106.8750 76.7369 0.3488 0.2958 0.3555 0.00000 7.477 1500.0 12.0 0.0000 1.8114 242.66 0.1678 0.0000 0.0000
-104.0625 76.7369 0.2513 0.3593 0.3894 0.00000 8.456 1500.0 12.0 0.0000 1.8687 265.70 0.1612 0.0000 0.0000
-101.2500 76.7369 0.2698 0.3302 0.4001 0.00000 7.479 1500.0 12.0 0.0000 1.3914 197.33 0.1519 0.0000 0.0000
-98.4375 76.7369 0.2832 0.3123 0.4045 0.00000 6.813 1499.8 12.0 0.0000 1.5365 217.22 0.1419 0.0002 0.0004
-95.6250 76.7369 0.3182 0.2857 0.3960 0.00000 6.424 1500.0 12.0 0.0000 1.5579 215.97 0.1285 0.0000 0.0000
-92.8125 76.7369 0.4061 0.2441 0.3498 0.00000 6.561 1500.0 12.0 0.0000 1.5446 200.98 0.1163 0.0000 0.0000
-90.0000 76.7369 0.5653 0.1736 0.2611 0.00000 6.846 1500.0 12.0 0.0000 1.2858 147.05 0.1003 0.0000 0.0000
-87.1875 76.7369 0.4412 0.2506 0.3081 0.00000 7.760 1500.0 12.0 0.0000 0.6689 83.68 0.0723 0.0000 0.0000
-84.3750 76.7369 0.4676 0.2327 0.2998 0.00000 7.382 1500.0 12.0 0.0000 0.5231 64.31 0.0628 0.0000 0.0000
-81.5625 76.7369 0.4071 0.2678 0.3251 0.00000 7.761 1500.0 12.0 0.0000 0.4620 59.28 0.0628 0.0000 0.0000
-78.7500 76.7369 0.3548 0.3018 0.3433 0.00000 8.303 1500.0 12.0 0.0000 0.5207 69.12 0.0628 0.0000 0.0000
-75.9375 76.7369 0.4755 0.2171 0.3074 0.00000 7.046 1500.0 12.0 0.0000 0.6268 77.09 0.0628 0.0000 0.0000
-73.1250 76.7369 0.4982 0.2024 0.2994 0.00000 6.800 1500.0 12.0 0.0000 0.7195 87.11 0.0628 0.0000 0.0000
-70.3125 76.7369 0.4821 0.2120 0.3058 0.00000 6.979 1500.0 12.0 0.0000 0.8397 102.85 0.0628 0.0000 0.0000
59.0625 73.9475 0.4508 0.2198 0.3294 0.00000 6.624 1500.0 12.0 0.0000 0.8345 105.15 0.0628 0.0000 0.0000
61.8750 73.9475 0.4352 0.2278 0.3368 0.00000 6.735 1500.0 12.0 0.0000 0.6113 77.91 0.0628 0.0000 0.0000
64.6875 73.9475 0.3839 0.2676 0.3484 0.00000 7.443 1500.0 12.0 0.0000 0.5563 73.07 0.0628 0.0000 0.0000
67.5000 73.9475 0.4551 0.2062 0.3387 0.00000 7.444 1499.6 12.0 0.0000 0.7566 95.70 0.0628 0.0003 0.0034
70.3125 73.9475 0.5344 0.1464 0.3191 0.00000 6.757 1499.5 12.0 0.0000 1.0980 132.17 0.0628 0.0003 0.0045
73.1250 73.9475 0.6326 0.1130 0.2544 0.00000 6.559 1499.8 12.0 0.0000 1.9162 210.60 0.0628 0.0001 0.0020
75.9375 73.9475 0.4706 0.2360 0.2934 0.00000 8.018 1500.0 12.0 0.0000 1.2590 153.98 0.0628 0.0000 0.0000
78.7500 73.9475 0.4475 0.2556 0.2969 0.00000 8.132 1500.0 12.0 0.0000 1.1778 145.96 0.0628 0.0000 0.0000
81.5625 73.9475 0.3308 0.3210 0.3482 0.00000 8.931 1500.0 12.0 0.0000 0.9830 132.23 0.0628 0.0000 0.0000
84.3750 73.9475 0.3507 0.2983 0.3510 0.00000 8.557 1500.0 12.0 0.0000 1.0191 136.07 0.0628 0.0000 0.0000
87.1875 73.9475 0.4350 0.2435 0.3215 0.00000 7.483 1500.0 12.0 0.0000 0.9160 115.79 0.0628 0.0000 0.0000
90.0000 73.9475 0.3731 0.2787 0.3481 0.00000 8.192 1500.0 12.0 0.0000 0.8391 110.75 0.0628 0.0000 0.0000
92.8125 73.9475 0.4045 0.2644 0.3311 0.00000 7.805 1500.0 12.0 0.0000 0.8932 115.14 0.0628 0.0000 0.0000
95.6250 73.9475 0.3799 0.2736 0.3465 0.00000 8.125 1500.0 12.0 0.0000 1.0942 143.85 0.0628 0.0000 0.0000
98.4375 73.9475 0.3589 0.2991 0.3420 0.00000 8.258 1500.0 12.0 0.0000 1.7264 228.60 0.0628 0.0000 0.0000
101.2500 73.9475 0.3132 0.3389 0.3478 0.00000 8.668 1500.0 12.0 0.0000 1.0381 140.71 0.0628 0.0000 0.0000
104.0625 73.9475 0.3046 0.3470 0.3484 0.00000 8.741 1500.0 12.0 0.0000 0.7341 99.92 0.0628 0.0000 0.0000
106.8750 73.9475 0.3132 0.3425 0.3443 0.00000 8.640 1500.0 12.0 0.0000 0.5764 77.99 0.0628 0.0000 0.0000
109.6875 73.9475 0.4491 0.2346 0.3163 0.00000 7.327 1500.0 12.0 0.0000 0.5693 71.27 0.0628 0.0000 0.0000
112.5000 73.9475 0.3875 0.2732 0.3393 0.00000 8.006 1500.0 12.0 0.0000 0.4990 65.13 0.0628 0.0000 0.0000
115.3125 73.9475 0.4061 0.2578 0.3360 0.00000 7.831 1500.0 12.0 0.0000 0.4992 64.48 0.0628 0.0000 0.0000
118.1250 73.9475 0.3637 0.2834 0.3529 0.00000 8.306 1500.0 12.0 0.0000 0.5245 69.69 0.0628 0.0000 0.0000
120.9375 73.9475 0.4217 0.2485 0.3299 0.00000 7.656 1500.0 12.0 0.0000 0.6708 85.72 0.0628 0.0000 0.0000
123.7500 73.9475 0.4099 0.2555 0.3345 0.00000 7.788 1500.0 12.0 0.0000 0.8587 110.62 0.0628 0.0000 0.0000
126.5625 73.9475 0.4041 0.2606 0.3353 0.00000 7.841 1500.0 12.0 0.0000 0.6657 86.02 0.0628 0.0000 0.0000
129.3750 73.9475 0.3650 0.2863 0.3487 0.00000 8.263 1500.0 12.0 0.0000 0.4879 64.65 0.0628 0.0000 0.0000
132.1875 73.9475 0.3750 0.2769 0.3481 0.00000 8.177 1500.0 12.0 0.0000 0.3466 45.71 0.0628 0.0000 0.0000
135.0000 73.9475 0.4134 0.2544 0.3322 0.00000 7.743 1500.0 12.0 0.0000 0.3227 41.45 0.0628 0.0000 0.0000
137.8125 73.9475 0.4382 0.2403 0.3215 0.00000 7.459 1500.0 12.0 0.0000 0.3214 40.56 0.0628 0.0000 0.0000
140.6250 73.9475 0.4988 0.2018 0.2994 0.00000 6.800 1500.0 12.0 0.0000 0.3374 40.84 0.0628 0.0000 0.0000
143.4375 73.9475 0.4762 0.2155 0.3083 0.00000 7.054 1500.0 12.0 0.0000 0.2609 32.10 0.0628 0.0000 0.0000
146.2500 73.9475 0.3856 0.2837 0.3307 0.00000 7.988 1500.0 12.0 0.0000 0.3736 48.57 0.0827 0.0000 0.0000
149.0625 73.9475 0.4165 0.2484 0.3350 0.00000 6.663 1500.0 12.0 0.0000 0.6630 85.16 0.1313 0.0000 0.0000
151.8750 73.9475 0.3048 0.3089 0.3863 0.00000 6.768 1500.0 12.0 0.0000 0.7239 100.44 0.1639 0.0000 0.0000
154.6875 73.9475 0.2704 0.3297 0.3999 0.00000 6.655 1500.0 12.0 0.0000 0.8818 125.01 0.1912 0.0000 0.0000
157.5000 73.9475 0.2756 0.3238 0.4005 0.00000 6.292 1500.0 12.0 0.0000 0.8625 122.05 0.2108 0.0000 0.0000
160.3125 73.9475 0.3156 0.3044 0.3801 0.00000 6.166 1500.0 12.0 0.0000 0.6971 95.98 0.2298 0.0000 0.0000
163.1250 73.9475 0.3753 0.2918 0.3329 0.00000 6.658 1500.0 12.0 0.0000 0.3950 51.65 0.2451 0.0000 0.0000
165.9375 73.9475 0.4355 0.2590 0.3055 0.00000 6.317 1500.0 12.0 0.0000 0.3443 43.12 0.2573 0.0000 0.0000
168.7500 73.9475 0.4353 0.2612 0.3035 0.00000 5.827 1500.0 12.0 0.0000 0.3325 41.61 0.2631 0.0000 0.0000
-112.5000 73.9475 0.3783 0.2761 0.3454 0.00000 7.147 1500.0 12.0 0.0000 0.6470 85.06 0.1505 0.0000 0.0000
-109.6875 73.9475 0.4477 0.2323 0.3200 0.00000 6.290 1500.0 12.0 0.0000 0.7922 99.45 0.1493 0.0000 0.0000
-106.8750 73.9475 0.4117 0.2561 0.3322 0.00000 6.598 1500.0 12.0 0.0000 0.7834 100.71 0.1541 0.0000 0.0000
-104.0625 73.9475 0.4893 0.2105 0.3003 0.00000 6.271 1500.0 12.0 0.0000 1.0696 130.13 0.1593 0.0000 0.0000
-101.2500 73.9475 0.4635 0.2275 0.3090 0.00000 6.685 1499.2 12.0 0.0000 1.2064 149.56 0.1565 0.0005 0.0012
-98.4375 73.9475 0.4186 0.2514 0.3300 0.00000 7.395 1498.7 12.0 0.0000 1.0632 136.33 0.1476 0.0008 0.0021
-95.6250 73.9475 0.3348 0.2802 0.3850 0.00000 6.430 1499.1 12.0 0.0000 1.5531 212.85 0.1403 0.0006 0.0016
-92.8125 73.9475 0.2923 0.3060 0.4017 0.00000 6.844 1500.0 12.0 0.0000 1.3066 183.68 0.1296 0.0000 0.0000
-90.0000 73.9475 0.3342 0.2980 0.3678 0.00000 7.474 1500.0 12.0 0.0000 0.9611 130.42 0.1186 0.0000 0.0000
-87.1875 73.9475 0.5136 0.2110 0.2754 0.00000 7.493 1500.0 12.0 0.0000 1.0139 120.12 0.1039 0.0000 0.0000
-84.3750 73.9475 0.5433 0.1838 0.2729 0.00000 7.109 1500.0 12.0 0.0000 0.5135 59.83 0.0628 0.0000 0.0000
-81.5625 73.9475 0.5377 0.1801 0.2822 0.00000 6.731 1500.0 12.0 0.0000 0.5066 59.52 0.0628 0.0000 0.0000
-78.7500 73.9475 0.4973 0.2028 0.2998 0.00000 6.811 1500.0 12.0 0.0000 0.5165 62.57 0.0628 0.0000 0.0000
-75.9375 73.9475 0.4982 0.2024 0.2994 0.00000 6.800 1500.0 12.0 0.0000 0.5872 71.09 0.0628 0.0000 0.0000
-73.1250 73.9475 0.4930 0.2055 0.3015 0.00000 6.858 1500.0 12.0 0.0000 0.7038 85.52 0.0628 0.0000 0.0000
-70.3125 73.9475 0.4576 0.2272 0.3152 0.00000 7.251 1500.0 12.0 0.0000 0.8798 109.63 0.0628 0.0000 0.0000
-67.5000 73.9475 0.5454 0.1800 0.2746 0.00000 6.797 1500.0 12.0 0.0000 1.4372 167.43 0.0628 0.0000 0.0000
56.2500 71.1578 0.4458 0.2219 0.3319 0.00000 6.763 1500.0 12.0 0.0000 0.6901 87.26 0.0628 0.0000 0.0000
59.0625 71.1578 0.5104 0.1689 0.3207 0.00000 6.554 1499.8 12.0 0.0000 0.9579 116.73 0.0628 0.0002 0.0021
61.8750 71.1578 0.5144 0.1644 0.3212 0.00000 7.171 1499.6 12.0 0.0000 0.9262 112.72 0.0628 0.0002 0.0033
64.6875 71.1578 0.4300 0.2198 0.3502 0.00000 7.584 1499.7 12.0 0.0000 0.7924 102.05 0.0628 0.0002 0.0029
67.5000 71.1578 0.4596 0.2207 0.3197 0.00000 7.735 1499.8 12.0 0.0000 0.7802 97.40 0.0628 0.0001 0.0015
70.3125 71.1578 0.6068 0.1506 0.2426 0.00000 7.122 1500.0 12.0 0.0000 1.3919 153.91 0.0628 0.0000 0.0001
73.1250 71.1578 0.5854 0.1667 0.2479 0.00000 7.257 1500.0 12.0 0.0000 1.4302 160.51 0.0628 0.0000 0.0000
75.9375 71.1578 0.6431 0.1283 0.2286 0.00000 6.836 1500.0 12.0 0.0000 2.1035 225.95 0.0628 0.0000 0.0000
78.7500 71.1578 0.4962 0.2056 0.2982 0.00000 7.153 1500.0 12.0 0.0000 1.2388 150.01 0.0628 0.0000 0.0000
81.5625 71.1578 0.3284 0.3176 0.3539 0.00000 8.599 1500.0 12.0 0.0000 1.0156 137.18 0.0628 0.0000 0.0000
84.3750 71.1578 0.4299 0.2435 0.3266 0.00000 7.564 1500.0 12.0 0.0000 1.2432 157.96 0.0628 0.0000 0.0000
87.1875 71.1578 0.4982 0.2024 0.2994 0.00000 6.800 1500.0 12.0 0.0000 1.5852 191.92 0.0628 0.0000 0.0000
90.0000 71.1578 0.4691 0.2200 0.3109 0.00000 7.124 1500.0 12.0 0.0000 1.6001 197.79 0.0628 0.0000 0.0000
92.8125 71.1578 0.4456 0.2340 0.3204 0.00000 7.385 1500.0 12.0 0.0000 1.4441 181.51 0.0628 0.0000 0.0000
95.6250 71.1578 0.4101 0.2554 0.3345 0.00000 7.781 1500.0 12.0 0.0000 1.5236 196.25 0.0628 0.0000 0.0000
98.4375 71.1578 0.3748 0.2767 0.3485 0.00000 8.174 1500.0 12.0 0.0000 1.7291 228.08 0.0628 0.0000 0.0000
101.2500 71.1578 0.4335 0.2413 0.3252 0.00000 7.513 1500.0 12.0 0.0000 1.1257 142.68 0.0628 0.0000 0.0000
104.0625 71.1578 0.3502 0.2990 0.3508 0.00000 8.386 1500.0 12.0 0.0000 0.7558 100.93 0.0628 0.0000 0.0000
106.8750 71.1578 0.3066 0.3341 0.3593 0.00000 8.804 1500.0 12.0 0.0000 0.5621 76.87 0.0628 0.0000 0.0000
109.6875 71.1578 0.4062 0.2599 0.3339 0.00000 7.805 1500.0 12.0 0.0000 0.4259 54.94 0.0628 0.0000 0.0000
112.5000 71.1578 0.2849 0.3459 0.3691 0.00000 9.065 1500.0 12.0 0.0000 0.3555 49.32 0.0628 0.0000 0.0000
115.3125 71.1578 0.3043 0.3370 0.3587 0.00000 8.829 1500.0 12.0 0.0000 0.3557 48.68 0.0628 0.0000 0.0000
118.1250 71.1578 0.4138 0.2514 0.3348 0.00000 7.643 1500.0 12.0 0.0000 0.5387 69.28 0.0628 0.0000 0.0000
120.9375 71.1578 0.3697 0.2853 0.3450 0.00000 8.195 1500.0 12.0 0.0000 0.5826 76.89 0.0628 0.0000 0.0000
123.7500 71.1578 0.3721 0.2788 0.3491 0.00000 8.208 1500.0 12.0 0.0000 0.5784 76.42 0.0628 0.0000 0.0000
126.5625 71.1578 0.3787 0.2776 0.3438 0.00000 8.113 1500.0 12.0 0.0000 0.7721 101.41 0.0628 0.0000 0.0000
129.3750 71.1578 0.4842 0.2108 0.3050 0.00000 6.957 1500.0 12.0 0.0000 1.1116 135.94 0.0628 0.0000 0.0000
132.1875 71.1578 0.3939 0.2652 0.3409 0.00000 7.968 1500.0 12.0 0.0000 0.6764 88.09 0.0628 0.0000 0.0000
135.0000 71.1578 0.3937 0.2659 0.3404 0.00000 7.966 1500.0 12.0 0.0000 0.4890 63.67 0.0628 0.0000 0.0000
137.8125 71.1578 0.4489 0.2341 0.3170 0.00000 7.338 1500.0 12.0 0.0000 0.3505 43.91 0.0628 0.0000 0.0000
140.6250 71.1578 0.4329 0.2439 0.3231 0.00000 7.517 1500.0 12.0 0.0000 0.3239 41.02 0.0628 0.0000 0.0000
143.4375 71.1578 0.4107 0.2565 0.3328 0.00000 7.773 1500.0 12.0 0.0000 0.2936 37.77 0.0628 0.0000 0.0000
146.2500 71.1578 0.4866 0.2114 0.3020 0.00000 6.874 1500.0 12.0 0.0000 0.5661 69.04 0.1001 0.0000 0.0000
149.0625 71.1578 0.2890 0.3196 0.3915 0.00000 6.942 1500.0 12.0 0.0000 0.6915 96.85 0.1506 0.0000 0.0000
151.8750 71.1578 0.2654 0.3366 0.3980 0.00000 6.884 1500.0 12.0 0.0000 0.7473 106.07 0.1820 0.0000 0.0000
154.6875 71.1578 0.2764 0.3216 0.4021 0.00000 6.203 1500.0 12.0 0.0000 1.1838 167.58 0.2028 0.0000 0.0000
157.5000 71.1578 0.3479 0.3010 0.3511 0.00000 6.790 1500.0 12.0 0.0000 0.6683 89.35 0.2226 0.0000 0.0000
160.3125 71.1578 0.4034 0.2843 0.3123 0.00000 7.122 1500.0 12.0 0.0000 0.4348 55.50 0.2371 0.0000 0.0000
163.1250 71.1578 0.3869 0.2895 0.3235 0.00000 6.720 1500.0 12.0 0.0000 0.3756 48.61 0.2465 0.0000 0.0000
165.9375 71.1578 0.3704 0.2977 0.3319 0.00000 6.437 1500.0 12.0 0.0000 0.2903 38.03 0.2552 0.0000 0.0000
-104.0625 71.1578 0.4085 0.2574 0.3341 0.00000 6.586 1500.0 12.0 0.0000 0.5745 74.04 0.1558 0.0000 0.0000
-101.2500 71.1578 0.4366 0.2424 0.3210 0.00000 6.377 1499.5 12.0 0.0000 0.6664 84.21 0.1542 0.0003 0.0007
-98.4375 71.1578 0.4778 0.2109 0.3114 0.00000 6.623 1497.4 12.0 0.0000 0.8824 109.11 0.1468 0.0017 0.0043
-95.6250 71.1578 0.4171 0.2424 0.3405 0.00000 7.012 1496.1 12.0 0.0000 0.5243 67.94 0.1415 0.0026 0.0066
-92.8125 71.1578 0.3942 0.2602 0.3456 0.00000 6.775 1500.0 12.0 0.0000 0.7257 94.73 0.1354 0.0000 0.0000
-90.0000 71.1578 0.5860 0.1664 0.2477 0.00000 6.689 1500.0 12.0 0.0000 1.0374 116.38 0.1290 0.0000 0.0000
-87.1875 71.1578 0.6955 0.1039 0.2007 0.00000 6.162 1500.0 12.0 0.0000 1.8052 184.70 0.1184 0.0000 0.0000
-84.3750 71.1578 0.5547 0.1882 0.2571 0.00000 7.091 1500.0 12.0 0.0000 0.8971 102.91 0.1071 0.0000 0.0000
-81.5625 71.1578 0.4283 0.2551 0.3166 0.00000 7.495 1500.0 12.0 0.0000 0.4487 56.75 0.0895 0.0000 0.0000
-78.7500 71.1578 0.4983 0.2023 0.2994 0.00000 6.800 1500.0 12.0 0.0000 0.4043 48.95 0.0628 0.0000 0.0000
-75.9375 71.1578 0.4982 0.2024 0.2994 0.00000 6.800 1500.0 12.0 0.0000 0.6590 79.79 0.0628 0.0000 0.0000
-73.1250 71.1578 0.4982 0.2024 0.2994 0.00000 6.800 1500.0 12.0 0.0000 1.3262 160.56 0.0628 0.0000 0.0000
-70.3125 71.1578 0.5345 0.1827 0.2828 0.00000 6.734 1500.0 12.0 0.0000 1.2446 146.53 0.0628 0.0000 0.0000
-67.5000 71.1578 0.7111 0.0868 0.2021 0.00000 6.410 1500.0 12.0 0.0000 2.1860 221.83 0.0628 0.0000 0.0000
-64.6875 71.1578 0.7166 0.0838 0.1995 0.00000 6.400 1500.0 12.0 0.0000 1.8897 190.80 0.0628 0.0000 0.0000
-61.8750 71.1578 0.6969 0.0940 0.2091 0.00000 6.430 1500.0 12.0 0.0000 1.3604 139.89 0.0628 0.0000 0.0000
-59.0625 71.1578 0.4660 0.2123 0.3217 0.00000 6.964 1500.0 12.0 0.0000 0.4334 53.98 0.0628 0.0000 0.0002
-56.2500 71.1578 0.4990 0.1746 0.3264 0.00000 7.206 1499.7 12.0 0.0000 0.5596 68.81 0.0628 0.0002 0.0027
59.0625 68.3678 0.4399 0.2271 0.3330 0.00000 6.925 1500.0 12.0 0.0000 0.5201 66.01 0.0628 0.0000 0.0002
61.8750 68.3678 0.4219 0.2323 0.3459 0.00000 7.487 1499.8 12.0 0.0000 0.5174 66.71 0.0628 0.0001 0.0017
64.6875 68.3678 0.4469 0.2133 0.3398 0.00000 7.790 1499.7 12.0 0.0000 0.6586 83.67 0.0628 0.0002 0.0030
67.5000 68.3678 0.6959 0.0950 0.2091 0.00000 6.508 1500.0 12.0 0.0000 1.6049 165.11 0.0628 0.0000 0.0000
70.3125 68.3678 0.7169 0.0835 0.1995 0.00000 6.400 1500.0 12.0 0.0000 2.0696 208.93 0.0628 0.0000 0.0000
73.1250 68.3678 0.6435 0.1263 0.2301 0.00000 6.819 1500.0 12.0 0.0000 1.3514 145.27 0.0628 0.0000 0.0000
75.9375 68.3678 0.5134 0.1963 0.2903 0.00000 7.181 1500.0 12.0 0.0000 0.8575 102.49 0.0628 0.0000 0.0000
78.7500 68.3678 0.4533 0.2299 0.3167 0.00000 7.293 1500.0 12.0 0.0000 1.1283 141.01 0.0628 0.0000 0.0000
81.5625 68.3678 0.3808 0.2763 0.3430 0.00000 8.084 1500.0 12.0 0.0000 1.6559 217.19 0.0628 0.0000 0.0000
84.3750 68.3678 0.3699 0.2820 0.3481 0.00000 8.210 1500.0 12.0 0.0000 1.9124 252.77 0.0628 0.0000 0.0000
87.1875 68.3678 0.4258 0.2495 0.3247 0.00000 7.577 1500.0 12.0 0.0000 2.0187 256.74 0.0628 0.0000 0.0000
90.0000 68.3678 0.4982 0.2023 0.2994 0.00000 6.796 1500.0 12.0 0.0000 1.5882 192.28 0.0628 0.0000 0.0000
92.8125 68.3678 0.4982 0.2024 0.2994 0.00000 6.796 1500.0 12.0 0.0000 1.4776 178.89 0.0628 0.0000 0.0000
95.6250 68.3678 0.4736 0.2172 0.3092 0.00000 7.070 1500.0 12.0 0.0000 1.2574 154.95 0.0628 0.0000 0.0000
98.4375 68.3678 0.3683 0.2815 0.3503 0.00000 8.242 1500.0 12.0 0.0000 0.8056 106.69 0.0628 0.0000 0.0000
101.2500 68.3678 0.4106 0.2578 0.3316 0.00000 7.752 1500.0 12.0 0.0000 0.5786 74.40 0.0628 0.0000 0.0000
104.0625 68.3678 0.4339 0.2422 0.3240 0.00000 7.503 1500.0 12.0 0.0000 0.4804 60.85 0.0628 0.0000 0.0000
106.8750 68.3678 0.4697 0.2204 0.3098 0.00000 7.103 1500.0 12.0 0.0000 0.4386 54.17 0.0628 0.0000 0.0000
109.6875 68.3678 0.4860 0.2097 0.3043 0.00000 6.933 1500.0 12.0 0.0000 0.4378 53.48 0.0628 0.0000 0.0000
112.5000 68.3678 0.4622 0.2237 0.3141 0.00000 7.186 1500.0 12.0 0.0000 0.4516 56.11 0.0628 0.0000 0.0000
115.3125 68.3678 0.3887 0.2682 0.3431 0.00000 8.023 1500.0 12.0 0.0000 0.4921 64.31 0.0628 0.0000 0.0000
118.1250 68.3678 0.3698 0.2831 0.3471 0.00000 8.197 1500.0 12.0 0.0000 0.5222 68.98 0.0628 0.0000 0.0000
120.9375 68.3678 0.3669 0.2921 0.3410 0.00000 8.186 1500.0 12.0 0.0000 0.4566 60.21 0.0628 0.0000 0.0000
123.7500 68.3678 0.3758 0.2774 0.3469 0.00000 8.161 1500.0 12.0 0.0000 0.4627 60.95 0.0628 0.0000 0.0000
126.5625 68.3678 0.4268 0.2467 0.3265 0.00000 7.588 1500.0 12.0 0.0000 0.6653 84.65 0.0628 0.0000 0.0000
129.3750 68.3678 0.4982 0.2024 0.2994 0.00000 6.800 1500.0 12.0 0.0000 1.1207 135.69 0.0628 0.0000 0.0000
132.1875 68.3678 0.4605 0.2250 0.3144 0.00000 7.221 1500.0 12.0 0.0000 1.1944 148.56 0.0628 0.0000 0.0000
135.0000 68.3678 0.4203 0.2541 0.3256 0.00000 7.634 1500.0 12.0 0.0000 0.9714 123.93 0.0628 0.0000 0.0000
137.8125 68.3678 0.3790 0.2744 0.3466 0.00000 8.128 1500.0 12.0 0.0000 0.5153 67.78 0.0628 0.0000 0.0000
140.6250 68.3678 0.3369 0.3018 0.3612 0.00000 8.557 1500.0 12.0 0.0000 0.4181 56.48 0.0671 0.0000 0.0000
143.4375 68.3678 0.4282 0.2510 0.3207 0.00000 7.362 1500.0 12.0 0.0000 0.5225 66.23 0.1158 0.0000 0.0000
146.2500 68.3678 0.3869 0.2848 0.3283 0.00000 7.219 1500.0 12.0 0.0000 0.6469 83.94 0.1762 0.0000 0.0000
149.0625 68.3678 0.2647 0.3423 0.3930 0.00000 6.803 1500.0 12.0 0.0000 0.6366 90.16 0.2076 0.0000 0.0000
151.8750 68.3678 0.2623 0.3448 0.3929 0.00000 6.712 1500.0 12.0 0.0000 0.6613 93.74 0.2254 0.0000 0.0000
154.6875 68.3678 0.3820 0.2782 0.3398 0.00000 6.473 1500.0 12.0 0.0000 0.9304 121.76 0.2411 0.0000 0.0000
157.5000 68.3678 0.3989 0.2800 0.3211 0.00000 6.729 1500.0 12.0 0.0000 0.8982 115.45 0.2545 0.0000 0.0000
160.3125 68.3678 0.4602 0.2443 0.2954 0.00000 6.058 1500.0 12.0 0.0000 0.6511 80.12 0.2613 0.0000 0.0000
163.1250 68.3678 0.3503 0.3212 0.3284 0.00000 7.060 1500.0 12.0 0.0000 0.4726 62.37 0.2745 0.0000 0.0000
165.9375 68.3678 0.3858 0.2850 0.3287 0.00000 6.111 1500.0 12.0 0.0000 0.4702 61.02 0.2731 0.0000 0.0000
168.7500 68.3678 0.4274 0.2557 0.3167 0.00000 6.041 1500.0 12.0 0.0000 0.6462 81.74 0.2796 0.0000 0.0000
-106.8750 68.3678 0.3809 0.2763 0.3428 0.00000 7.047 1500.0 12.0 0.0000 0.9778 128.23 0.1185 0.0000 0.0000
-104.0625 68.3678 0.5104 0.1952 0.2944 0.00000 6.892 1497.9 12.0 0.0000 1.1255 135.51 0.1349 0.0014 0.0037
-101.2500 68.3678 0.4492 0.2125 0.3383 0.00000 6.420 1496.6 12.0 0.0000 1.4597 185.98 0.1355 0.0023 0.0061
-98.4375 68.3678 0.3791 0.2628 0.3581 0.00000 6.648 1499.2 12.0 0.0000 0.9297 123.17 0.1331 0.0005 0.0015
-95.6250 68.3678 0.4417 0.2350 0.3233 0.00000 6.762 1500.0 12.0 0.0000 1.0134 127.82 0.1327 0.0000 0.0000
-92.8125 68.3678 0.3484 0.3047 0.3469 0.00000 8.477 1500.0 12.0 0.0000 0.5039 67.21 0.1291 0.0000 0.0000
-90.0000 68.3678 0.2986 0.3347 0.3667 0.00000 8.836 1500.0 12.0 0.0000 0.4538 62.51 0.1204 0.0000 0.0000
-87.1875 68.3678 0.4307 0.2555 0.3139 0.00000 7.623 1500.0 12.0 0.0000 0.5397 68.07 0.1147 0.0000 0.0000
-84.3750 68.3678 0.3912 0.2778 0.3311 0.00000 7.655 1500.0 12.0 0.0000 0.5900 76.53 0.1123 0.0000 0.0000
-81.5625 68.3678 0.4312 0.2505 0.3183 0.00000 7.216 1500.0 12.0 0.0000 0.6993 88.40 0.1111 0.0000 0.0000
-78.7500 68.3678 0.4759 0.2208 0.3033 0.00000 6.737 1500.0 12.0 0.0000 0.9386 115.14 0.1116 0.0000 0.0000
-75.9375 68.3678 0.5167 0.1984 0.2850 0.00000 6.504 1500.0 12.0 0.0000 1.6468 195.88 0.1155 0.0000 0.0000
-73.1250 68.3678 0.5594 0.1790 0.2617 0.00000 6.596 1500.0 12.0 0.0000 2.2023 252.72 0.1241 0.0000 0.0000
-70.3125 68.3678 0.5607 0.1807 0.2586 0.00000 6.599 1500.0 12.0 0.0000 1.2079 138.26 0.1344 0.0000 0.0000
-67.5000 68.3678 0.6071 0.1538 0.2392 0.00000 6.220 1500.0 12.0 0.0000 1.0671 117.72 0.1403 0.0000 0.0000
-64.6875 68.3678 0.6941 0.1074 0.1984 0.00000 6.073 1500.0 12.0 0.0000 2.0982 214.52 0.1369 0.0000 0.0000
-61.8750 68.3678 0.6943 0.1066 0.1991 0.00000 6.157 1500.0 12.0 0.0000 1.9416 198.59 0.1256 0.0000 0.0000
-59.0625 68.3678 0.6902 0.1052 0.2046 0.00000 6.215 1500.0 12.0 0.0000 1.8551 190.90 0.1108 0.0000 0.0000
-56.2500 68.3678 0.5913 0.1594 0.2493 0.00000 6.825 1500.0 12.0 0.0000 0.8897 99.63 0.0995 0.0000 0.0001
-53.4375 68.3678 0.5741 0.1571 0.2687 0.00000 6.692 1499.2 12.0 0.0000 0.9786 112.07 0.0980 0.0005 0.0023
-50.6250 68.3678 0.5360 0.1520 0.3120 0.00000 6.293 1496.6 12.0 0.0000 1.2805 154.11 0.1122 0.0023 0.0076
2.8125 65.5776 0.4131 0.2500 0.3367 0.00000 6.327 1500.0 12.0 0.0000 0.1543 19.86 0.1199 0.0000 0.0000
5.6250 65.5776 0.4579 0.2238 0.3183 0.00000 6.505 1499.9 12.0 0.0000 0.1922 23.99 0.1165 0.0001 0.0003
8.4375 65.5776 0.4008 0.2647 0.3344 0.00000 7.243 1500.0 12.0 0.0000 0.1653 21.39 0.1093 0.0000 0.0000
11.2500 65.5776 0.3728 0.2786 0.3487 0.00000 7.451 1499.7 12.0 0.0000 0.2324 30.69 0.1023 0.0002 0.0007
14.0625 65.5776 0.4797 0.2050 0.3153 0.00000 6.957 1499.8 12.0 0.0000 0.4359 53.76 0.0906 0.0001 0.0005
16.8750 65.5776 0.4527 0.2052 0.3421 0.00000 6.827 1499.4 12.0 0.0000 0.5893 74.78 0.0735 0.0004 0.0028
19.6875 65.5776 0.4604 0.1975 0.3421 0.00000 7.027 1499.8 12.0 0.0000 0.5709 72.15 0.0628 0.0002 0.0022
22.5000 65.5776 0.4170 0.2339 0.3491 0.00000 7.399 1499.8 12.0 0.0000 0.5009 64.85 0.0628 0.0001 0.0015
25.3125 65.5776 0.4333 0.2243 0.3424 0.00000 7.411 1499.8 12.0 0.0000 0.5298 67.81 0.0642 0.0001 0.0014
30.9375 65.5776 0.4789 0.1869 0.3342 0.00000 7.067 1498.8 12.0 0.0000 1.2319 153.86 0.0815 0.0008 0.0047
33.7500 65.5776 0.4523 0.2121 0.3355 0.00000 7.042 1499.3 12.0 0.0000 1.2825 162.22 0.0772 0.0005 0.0032
39.3750 65.5776 0.5745 0.1178 0.3077 0.00000 6.472 1499.7 12.0 0.0000 2.1338 249.95 0.0628 0.0002 0.0031
59.0625 65.5776 0.3858 0.2731 0.3402 0.00000 7.355 1500.0 12.0 0.0000 0.6216 81.15 0.0980 0.0000 0.0000
61.8750 65.5776 0.4786 0.1962 0.3253 0.00000 6.842 1499.0 12.0 0.0000 0.9160 113.82 0.0866 0.0006 0.0033
64.6875 65.5776 0.5140 0.1631 0.3229 0.00000 6.787 1498.6 12.0 0.0000 1.0285 125.52 0.0812 0.0009 0.0055
67.5000 65.5776 0.6052 0.1404 0.2544 0.00000 6.625 1499.7 12.0 0.0000 1.2016 134.03 0.0784 0.0002 0.0011
70.3125 65.5776 0.5319 0.1905 0.2776 0.00000 7.192 1500.0 12.0 0.0000 0.7655 89.95 0.0696 0.0000 0.0000
73.1250 65.5776 0.4928 0.2110 0.2963 0.00000 7.252 1500.0 12.0 0.0000 0.5954 72.14 0.0628 0.0000 0.0000
75.9375 65.5776 0.4990 0.2019 0.2991 0.00000 6.798 1500.0 12.0 0.0000 0.7707 93.25 0.0628 0.0000 0.0000
78.7500 65.5776 0.4982 0.2023 0.2994 0.00000 6.800 1500.0 12.0 0.0000 1.2035 145.71 0.0628 0.0000 0.0000
81.5625 65.5776 0.4931 0.2054 0.3015 0.00000 6.857 1500.0 12.0 0.0000 2.6528 322.37 0.0628 0.0000 0.0000
84.3750 65.5776 0.4972 0.2037 0.2991 0.00000 6.752 1500.0 12.0 0.0000 3.5088 424.95 0.0700 0.0000 0.0000
87.1875 65.5776 0.4969 0.2040 0.2991 0.00000 6.750 1500.0 12.0 0.0000 2.3777 287.99 0.0719 0.0000 0.0000
90.0000 65.5776 0.4606 0.2258 0.3136 0.00000 7.169 1500.0 12.0 0.0000 1.1930 148.32 0.0702 0.0000 0.0000
92.8125 65.5776 0.3649 0.2831 0.3519 0.00000 8.259 1500.0 12.0 0.0000 0.8289 110.02 0.0667 0.0000 0.0000
95.6250 65.5776 0.4961 0.2037 0.3003 0.00000 6.806 1500.0 12.0 0.0000 1.0230 124.04 0.0631 0.0000 0.0000
98.4375 65.5776 0.4414 0.2377 0.3209 0.00000 7.413 1500.0 12.0 0.0000 1.0026 126.31 0.0628 0.0000 0.0000
101.2500 65.5776 0.4468 0.2322 0.3210 0.00000 7.277 1500.0 12.0 0.0000 0.7615 95.69 0.0628 0.0000 0.0000
104.0625 65.5776 0.4750 0.2161 0.3089 0.00000 7.048 1500.0 12.0 0.0000 0.6229 76.69 0.0628 0.0000 0.0000
106.8750 65.5776 0.4692 0.2194 0.3114 0.00000 7.087 1500.0 12.0 0.0000 0.5680 70.23 0.0628 0.0000 0.0000
109.6875 65.5776 0.4499 0.2233 0.3268 0.00000 7.002 1500.0 12.0 0.0000 0.6901 86.87 0.0628 0.0000 0.0000
112.5000 65.5776 0.4479 0.2224 0.3297 0.00000 7.229 1500.0 12.0 0.0000 0.9259 116.85 0.0628 0.0000 0.0000
115.3125 65.5776 0.4678 0.2040 0.3282 0.00000 7.011 1500.0 12.0 0.0000 1.3937 174.07 0.0628 0.0000 0.0000
118.1250 65.5776 0.3652 0.2734 0.3614 0.00000 7.656 1500.0 12.0 0.0000 0.9936 132.53 0.0628 0.0000 0.0000
120.9375 65.5776 0.4569 0.2240 0.3191 0.00000 7.072 1500.0 12.0 0.0000 0.8805 109.99 0.0628 0.0000 0.0000
123.7500 65.5776 0.4392 0.2390 0.3218 0.00000 7.455 1500.0 12.0 0.0000 0.7648 96.50 0.0628 0.0000 0.0000
126.5625 65.5776 0.4982 0.2023 0.2994 0.00000 6.800 1500.0 12.0 0.0000 1.0768 130.37 0.0628 0.0000 0.0000
129.3750 65.5776 0.4982 0.2023 0.2994 0.00000 6.800 1500.0 12.0 0.0000 1.0652 128.96 0.0628 0.0000 0.0000
132.1875 65.5776 0.4965 0.2034 0.3001 0.00000 6.820 1500.0 12.0 0.0000 1.0124 122.73 0.0628 0.0000 0.0000
135.0000 65.5776 0.3846 0.2712 0.3442 0.00000 8.044 1500.0 12.0 0.0000 1.3649 178.83 0.0658 0.0000 0.0000
137.8125 65.5776 0.3347 0.3023 0.3630 0.00000 8.568 1500.0 12.0 0.0000 0.8488 114.86 0.0740 0.0000 0.0000
140.6250 65.5776 0.2824 0.3517 0.3660 0.00000 8.568 1500.0 12.0 0.0000 0.7004 97.13 0.1699 0.0000 0.0000
143.4375 65.5776 0.3366 0.3234 0.3400 0.00000 7.634 1500.0 12.0 0.0000 0.5390 72.01 0.2261 0.0000 0.0000
146.2500 65.5776 0.4610 0.2519 0.2871 0.00000 6.425 1500.0 12.0 0.0000 0.7867 96.32 0.2567 0.0000 0.0000
149.0625 65.5776 0.2812 0.3415 0.3772 0.00000 6.492 1500.0 12.0 0.0000 0.9411 131.32 0.2777 0.0000 0.0000
151.8750 65.5776 0.2689 0.3373 0.3938 0.00000 6.036 1500.0 12.0 0.0000 0.6683 94.52 0.2895 0.0000 0.0000
154.6875 65.5776 0.3601 0.3063 0.3336 0.00000 6.764 1499.8 12.0 0.0000 0.3694 48.67 0.2980 0.0001 0.0002
157.5000 65.5776 0.3758 0.3017 0.3225 0.00000 6.401 1500.0 12.0 0.0000 0.3129 40.69 0.2997 0.0000 0.0000
-149.0625 65.5776 0.0482 0.6649 0.2869 0.00000 6.522 1500.0 12.0 0.0000 1.7713 260.71 0.2145 0.0000 0.0000
-120.9375 65.5776 0.1846 0.5061 0.3092 0.00000 6.800 1500.0 12.0 0.0000 0.5736 80.63 0.0628 0.0000 0.0000
-118.1250 65.5776 0.4380 0.2304 0.3316 0.00000 6.774 1500.0 12.0 0.0000 0.7266 92.23 0.0628 0.0000 0.0000
-115.3125 65.5776 0.4799 0.1987 0.3214 0.00000 6.826 1499.8 12.0 0.0000 0.8219 101.71 0.0628 0.0001 0.0017
-112.5000 65.5776 0.5350 0.1479 0.3171 0.00000 6.560 1499.4 12.0 0.0000 1.3923 167.38 0.0628 0.0004 0.0053
-109.6875 65.5776 0.5160 0.1605 0.3235 0.00000 6.637 1498.4 12.0 0.0000 2.3604 287.97 0.0708 0.0011 0.0090
-106.8750 65.5776 0.4601 0.2060 0.3339 0.00000 7.004 1498.0 12.0 0.0000 2.5645 323.56 0.0856 0.0014 0.0072
-104.0625 65.5776 0.5088 0.1822 0.3090 0.00000 6.815 1496.0 12.0 0.0000 1.8838 229.66 0.1090 0.0027 0.0095
-101.2500 65.5776 0.5898 0.1547 0.2556 0.00000 6.526 1499.2 12.0 0.0000 2.0006 225.39 0.1154 0.0005 0.0017
-98.4375 65.5776 0.6922 0.1042 0.2036 0.00000 6.182 1500.0 12.0 0.0000 2.3579 242.20 0.1170 0.0000 0.0000
-95.6250 65.5776 0.6265 0.1434 0.2300 0.00000 6.727 1500.0 12.0 0.0000 1.4576 158.16 0.1119 0.0000 0.0000
-92.8125 65.5776 0.4181 0.2560 0.3259 0.00000 7.836 1500.0 12.0 0.0000 0.6069 77.52 0.0905 0.0000 0.0000
-90.0000 65.5776 0.3709 0.2823 0.3469 0.00000 8.118 1500.0 12.0 0.0000 0.5161 68.15 0.0793 0.0000 0.0000
-87.1875 65.5776 0.4580 0.2289 0.3131 0.00000 7.119 1500.0 12.0 0.0000 0.6571 81.76 0.0847 0.0000 0.0000
-84.3750 65.5776 0.4391 0.2412 0.3197 0.00000 7.280 1500.0 12.0 0.0000 0.8347 105.20 0.0927 0.0000 0.0000
-81.5625 65.5776 0.4320 0.2477 0.3203 0.00000 7.240 1500.0 12.0 0.0000 0.9804 124.02 0.1106 0.0000 0.0000
-78.7500 65.5776 0.4314 0.2586 0.3099 0.00000 7.569 1500.0 12.0 0.0000 1.9401 244.09 0.1331 0.0000 0.0000
-75.9375 65.5776 0.6670 0.1256 0.2075 0.00000 6.140 1500.0 12.0 0.0000 3.0618 319.97 0.1535 0.0000 0.0000
-73.1250 65.5776 0.4432 0.2606 0.2962 0.00000 7.545 1500.0 12.0 0.0000 1.1727 145.57 0.1786 0.0000 0.0000
-70.3125 65.5776 0.5117 0.2191 0.2691 0.00000 6.677 1500.0 12.0 0.0000 1.1527 136.18 0.2024 0.0000 0.0000
-67.5000 65.5776 0.5289 0.2095 0.2617 0.00000 6.486 1496.0 12.0 0.0000 0.7308 85.79 0.2168 0.0027 0.0047
-64.6875 65.5776 0.5388 0.2047 0.2565 0.00000 6.323 1498.5 12.0 0.0000 0.7745 89.78 0.2246 0.0010 0.0017
-61.8750 65.5776 0.5209 0.2191 0.2600 0.00000 6.606 1499.5 12.0 0.0000 0.6673 78.10 0.2197 0.0003 0.0006
-59.0625 65.5776 0.6448 0.1481 0.2071 0.00000 5.969 1500.0 12.0 0.0000 1.4004 148.19 0.2082 0.0000 0.0000
-56.2500 65.5776 0.5952 0.1740 0.2308 0.00000 6.419 1500.0 12.0 0.0000 1.2371 136.63 0.1901 0.0000 0.0000
-53.4375 65.5776 0.5659 0.1848 0.2493 0.00000 6.603 1500.0 12.0 0.0000 1.2586 142.84 0.1708 0.0000 0.0000
-50.6250 65.5776 0.5246 0.1928 0.2827 0.00000 6.265 1498.0 12.0 0.0000 1.0927 129.71 0.1659 0.0013 0.0029
-47.8125 65.5776 0.5290 0.1623 0.3087 0.00000 6.125 1490.6 12.0 0.0000 1.5700 191.14 0.1663 0.0063 0.0137
0.0000 62.7874 0.4085 0.2517 0.3398 0.00000 6.741 1498.8 12.0 0.0000 0.1491 19.32 0.1459 0.0008 0.0021
2.8125 62.7874 0.3858 0.2651 0.3492 0.00000 6.761 1499.9 12.0 0.0000 0.2030 26.65 0.1487 0.0001 0.0002
5.6250 62.7874 0.3463 0.2818 0.3719 0.00000 6.679 1498.6 12.0 0.0000 0.2732 37.03 0.1472 0.0009 0.0023
8.4375 62.7874 0.3276 0.2930 0.3794 0.00000 6.830 1499.8 12.0 0.0000 0.3808 52.15 0.1409 0.0001 0.0003
11.2500 62.7874 0.2721 0.3356 0.3923 0.00000 7.735 1500.0 12.0 0.0000 0.3620 51.09 0.1315 0.0000 0.0000
14.0625 62.7874 0.3235 0.2937 0.3829 0.00000 6.981 1500.0 12.0 0.0000 0.5314 73.02 0.1188 0.0000 0.0000
16.8750 62.7874 0.4522 0.2254 0.3224 0.00000 6.772 1500.0 12.0 0.0000 0.7109 89.17 0.1054 0.0000 0.0000
19.6875 62.7874 0.4300 0.2373 0.3327 0.00000 7.041 1500.0 12.0 0.0000 0.6695 85.36 0.0893 0.0000 0.0000
22.5000 62.7874 0.4617 0.2244 0.3139 0.00000 7.295 1500.0 12.0 0.0000 0.6945 86.31 0.0782 0.0000 0.0000
25.3125 62.7874 0.4674 0.2152 0.3173 0.00000 7.010 1500.0 12.0 0.0000 1.0510 130.50 0.0798 0.0000 0.0000
28.1250 62.7874 0.5143 0.1961 0.2896 0.00000 7.103 1500.0 12.0 0.0000 1.1568 138.14 0.0755 0.0000 0.0000
30.9375 62.7874 0.4863 0.2010 0.3127 0.00000 6.726 1500.0 12.0 0.0000 1.9928 244.55 0.0817 0.0000 0.0001
70.3125 62.7874 0.5113 0.1754 0.3133 0.00000 6.206 1495.5 12.0 0.0000 1.6368 199.93 0.1317 0.0030 0.0083
73.1250 62.7874 0.5217 0.1705 0.3078 0.00000 6.299 1495.0 12.0 0.0000 1.8503 224.33 0.1318 0.0033 0.0092
75.9375 62.7874 0.4338 0.2485 0.3177 0.00000 7.039 1499.2 12.0 0.0000 1.6808 212.41 0.1333 0.0006 0.0015
78.7500 62.7874 0.4875 0.2163 0.2962 0.00000 6.406 1500.0 12.0 0.0000 2.5391 308.47 0.1381 0.0000 0.0000
81.5625 62.7874 0.4868 0.2171 0.2960 0.00000 6.401 1500.0 12.0 0.0000 3.0594 371.76 0.1429 0.0000 0.0000
84.3750 62.7874 0.4870 0.2170 0.2961 0.00000 6.431 1500.0 12.0 0.0000 2.3304 283.16 0.1421 0.0000 0.0000
87.1875 62.7874 0.4343 0.2528 0.3129 0.00000 7.108 1500.0 12.0 0.0000 1.2356 155.48 0.1259 0.0000 0.0000
90.0000 62.7874 0.4231 0.2506 0.3263 0.00000 7.528 1500.0 12.0 0.0000 1.2138 154.70 0.0833 0.0000 0.0000
92.8125 62.7874 0.4006 0.2624 0.3370 0.00000 7.837 1500.0 12.0 0.0000 1.3006 168.49 0.0732 0.0000 0.0000
95.6250 62.7874 0.4628 0.2219 0.3153 0.00000 7.022 1500.0 12.0 0.0000 1.3203 164.11 0.0683 0.0000 0.0000
98.4375 62.7874 0.3523 0.2851 0.3626 0.00000 7.966 1500.0 12.0 0.0000 0.4776 64.12 0.0726 0.0000 0.0000
101.2500 62.7874 0.3836 0.2585 0.3579 0.00000 7.096 1500.0 12.0 0.0000 0.2999 39.60 0.0759 0.0000 0.0000
104.0625 62.7874 0.3495 0.2936 0.3569 0.00000 8.149 1500.0 12.0 0.0000 0.1755 23.52 0.0850 0.0000 0.0000
106.8750 62.7874 0.3394 0.2958 0.3648 0.00000 8.044 1500.0 12.0 0.0000 0.1527 20.64 0.0883 0.0000 0.0000
109.6875 62.7874 0.3234 0.3066 0.3700 0.00000 8.211 1500.0 12.0 0.0000 0.1643 22.43 0.0862 0.0000 0.0000
112.5000 62.7874 0.3989 0.2550 0.3461 0.00000 7.594 1500.0 12.0 0.0000 0.1702 22.18 0.0779 0.0000 0.0000
115.3125 62.7874 0.4401 0.2313 0.3286 0.00000 7.441 1500.0 12.0 0.0000 0.1942 24.59 0.0669 0.0000 0.0000
118.1250 62.7874 0.3739 0.2606 0.3655 0.00000 7.383 1500.0 12.0 0.0000 0.3071 40.89 0.0628 0.0000 0.0000
120.9375 62.7874 0.3228 0.3012 0.3760 0.00000 8.098 1500.0 12.0 0.0000 0.6054 82.91 0.0628 0.0000 0.0000
123.7500 62.7874 0.4582 0.2216 0.3202 0.00000 7.340 1500.0 12.0 0.0000 0.9427 117.76 0.0628 0.0000 0.0000
126.5625 62.7874 0.4796 0.2145 0.3059 0.00000 6.969 1500.0 12.0 0.0000 1.0651 130.61 0.0628 0.0000 0.0000
129.3750 62.7874 0.4119 0.2563 0.3318 0.00000 7.751 1500.0 12.0 0.0000 1.3407 172.30 0.0628 0.0000 0.0000
132.1875 62.7874 0.4475 0.2339 0.3186 0.00000 7.359 1500.0 12.0 0.0000 2.6956 338.16 0.0628 0.0000 0.0000
135.0000 62.7874 0.4252 0.2519 0.3229 0.00000 7.353 1500.0 12.0 0.0000 2.6849 341.23 0.1125 0.0000 0.0000
137.8125 62.7874 0.3653 0.2967 0.3380 0.00000 7.602 1500.0 12.0 0.0000 1.5678 206.54 0.1820 0.0000 0.0000
140.6250 62.7874 0.2714 0.3642 0.3644 0.00000 8.342 1500.0 12.0 0.0000 0.8650 120.43 0.2336 0.0000 0.0000
143.4375 62.7874 0.2676 0.3704 0.3619 0.00000 8.159 1500.0 12.0 0.0000 0.6328 88.14 0.2753 0.0000 0.0000
146.2500 62.7874 0.3099 0.3476 0.3425 0.00000 7.511 1500.0 12.0 0.0000 0.4648 62.92 0.2994 0.0000 0.0000
149.0625 62.7874 0.3034 0.3475 0.3491 0.00000 6.989 1500.0 12.0 0.0000 0.5251 71.54 0.3138 0.0000 0.0000
151.8750 62.7874 0.2653 0.3551 0.3797 0.00000 6.479 1500.0 12.0 0.0000 0.5884 82.76 0.3196 0.0000 0.0000
154.6875 62.7874 0.3261 0.3172 0.3567 0.00000 6.136 1497.3 12.0 0.0000 0.6061 82.39 0.3223 0.0018 0.0025
157.5000 62.7874 0.4800 0.2385 0.2816 0.00000 5.680 1498.5 12.0 0.0000 0.7225 87.58 0.3186 0.0010 0.0015
160.3125 62.7874 0.4154 0.2795 0.3051 0.00000 5.631 1499.9 12.0 0.0000 0.7501 94.84 0.3278 0.0001 0.0001
-151.8750 62.7874 0.0473 0.6677 0.2849 0.00000 6.450 1500.0 12.0 0.0000 1.8894 277.93 0.2442 0.0000 0.0000
-149.0625 62.7874 0.1200 0.5639 0.3161 0.00000 7.434 1500.0 12.0 0.0000 0.8194 118.75 0.2357 0.0000 0.0000
-118.1250 62.7874 0.4065 0.2491 0.3444 0.00000 7.101 1500.0 12.0 0.0000 0.6557 85.05 0.0628 0.0000 0.0000
-115.3125 62.7874 0.4808 0.1957 0.3235 0.00000 6.869 1494.5 12.0 0.0000 1.9773 246.95 0.1236 0.0036 0.0109
-112.5000 62.7874 0.3473 0.2743 0.3784 0.00000 6.994 1497.8 12.0 0.0000 2.7003 367.51 0.1306 0.0015 0.0042
-109.6875 62.7874 0.3334 0.2961 0.3705 0.00000 7.386 1499.2 12.0 0.0000 3.0270 411.99 0.1417 0.0006 0.0014
-106.8750 62.7874 0.4285 0.2596 0.3120 0.00000 7.591 1500.0 12.0 0.0000 2.2128 279.10 0.1388 0.0000 0.0000
-104.0625 62.7874 0.5455 0.1907 0.2638 0.00000 7.021 1500.0 12.0 0.0000 2.3520 272.21 0.1337 0.0000 0.0000
-101.2500 62.7874 0.6173 0.1504 0.2323 0.00000 6.495 1500.0 12.0 0.0000 1.9395 211.84 0.1290 0.0000 0.0000
-98.4375 62.7874 0.5323 0.1933 0.2744 0.00000 6.836 1500.0 12.0 0.0000 1.1584 135.84 0.1177 0.0000 0.0000
-95.6250 62.7874 0.4043 0.2705 0.3252 0.00000 7.714 1500.0 12.0 0.0000 0.6816 87.59 0.1081 0.0000 0.0000
-92.8125 62.7874 0.4559 0.2383 0.3058 0.00000 7.060 1500.0 12.0 0.0000 0.6979 86.58 0.0940 0.0000 0.0000
-90.0000 62.7874 0.4962 0.2050 0.2988 0.00000 6.747 1500.0 12.0 0.0000 0.7512 91.00 0.0770 0.0000 0.0000
-87.1875 62.7874 0.4555 0.2281 0.3164 0.00000 7.278 1500.0 12.0 0.0000 0.7447 92.95 0.0628 0.0000 0.0000
-84.3750 62.7874 0.3480 0.3080 0.3440 0.00000 8.516 1500.0 12.0 0.0000 1.9586 260.88 0.0866 0.0000 0.0000
-81.5625 62.7874 0.4511 0.2436 0.3053 0.00000 7.614 1500.0 12.0 0.0000 2.6829 333.50 0.1121 0.0000 0.0000
-78.7500 62.7874 0.3447 0.3092 0.3461 0.00000 8.346 1500.0 12.0 0.0000 1.4632 195.41 0.1457 0.0000 0.0000
-75.9375 62.7874 0.5281 0.2104 0.2614 0.00000 6.962 1500.0 12.0 0.0000 1.6747 195.29 0.1798 0.0000 0.0000
-73.1250 62.7874 0.5021 0.2319 0.2661 0.00000 6.895 1500.0 12.0 0.0000 1.3482 159.76 0.2108 0.0000 0.0000
-70.3125 62.7874 0.4874 0.2299 0.2827 0.00000 6.427 1498.5 12.0 0.0000 1.2288 148.50 0.2366 0.0010 0.0017
-67.5000 62.7874 0.4097 0.2653 0.3250 0.00000 6.922 1474.0 12.0 0.0000 0.6667 88.92 0.2539 0.0174 0.0277
-64.6875 62.7874 0.3839 0.2846 0.3315 0.00000 6.790 1485.5 12.0 0.0000 0.5880 78.24 0.2628 0.0097 0.0151
-61.8750 62.7874 0.4756 0.2205 0.3039 0.00000 6.121 1477.7 12.0 0.0000 0.6510 82.81 0.2580 0.0149 0.0235
-59.0625 62.7874 0.4949 0.2110 0.2941 0.00000 6.281 1482.7 12.0 0.0000 0.7252 90.19 0.2455 0.0116 0.0189
-56.2500 62.7874 0.5729 0.1683 0.2588 0.00000 5.806 1491.0 12.0 0.0000 1.0064 116.28 0.2311 0.0060 0.0102
-53.4375 62.7874 0.4803 0.2187 0.3010 0.00000 6.399 1491.0 12.0 0.0000 0.9557 118.55 0.2261 0.0060 0.0103
-50.6250 62.7874 0.5049 0.1900 0.3051 0.00000 6.084 1481.8 12.0 0.0000 1.6821 209.77 0.2222 0.0121 0.0212
-8.4375 62.7874 0.4703 0.2109 0.3188 0.00000 6.395 1496.3 12.0 0.0000 0.2430 30.33 0.1488 0.0024 0.0060
-5.6250 62.7874 0.4433 0.2286 0.3281 0.00000 6.735 1497.2 12.0 0.0000 0.1692 21.47 0.1372 0.0018 0.0049
-2.8125 62.7874 0.4675 0.2020 0.3305 0.00000 6.091 1496.1 12.0 0.0000 0.2560 32.22 0.1403 0.0026 0.0067
0.0000 59.9970 0.5495 0.1826 0.2679 0.00000 5.954 1500.0 12.0 0.0000 0.4169 48.27 0.1747 0.0000 0.0000
2.8125 59.9970 0.5452 0.1872 0.2677 0.00000 6.007 1500.0 12.0 0.0000 0.3660 42.47 0.1771 0.0000 0.0000
5.6250 59.9970 0.5278 0.2004 0.2719 0.00000 6.205 1500.0 12.0 0.0000 0.3045 35.74 0.1737 0.0000 0.0000
8.4375 59.9970 0.4204 0.2636 0.3160 0.00000 6.983 1500.0 12.0 0.0000 0.2136 27.11 0.1657 0.0000 0.0000
11.2500 59.9970 0.4026 0.2774 0.3199 0.00000 7.459 1500.0 12.0 0.0000 0.2288 29.34 0.1522 0.0000 0.0000
14.0625 59.9970 0.3845 0.2812 0.3343 0.00000 7.687 1500.0 12.0 0.0000 0.3286 42.83 0.1381 0.0000 0.0000
16.8750 59.9970 0.4271 0.2539 0.3190 0.00000 7.283 1500.0 12.0 0.0000 0.4067 51.53 0.1230 0.0000 0.0000
19.6875 59.9970 0.3706 0.2856 0.3438 0.00000 8.077 1500.0 12.0 0.0000 0.4714 62.15 0.1041 0.0000 0.0000
22.5000 59.9970 0.5234 0.1978 0.2788 0.00000 7.078 1500.0 12.0 0.0000 0.7600 89.76 0.0927 0.0000 0.0000
25.3125 59.9970 0.5100 0.2014 0.2886 0.00000 6.804 1500.0 12.0 0.0000 0.8198 98.05 0.0968 0.0000 0.0000
73.1250 59.9970 0.5215 0.1685 0.3100 0.00000 6.167 1486.5 12.0 0.0000 3.9105 481.41 0.1727 0.0090 0.0190
75.9375 59.9970 0.5194 0.1783 0.3023 0.00000 6.047 1488.9 12.0 0.0000 3.3761 412.61 0.1804 0.0074 0.0151
87.1875 59.9970 0.4687 0.2325 0.2988 0.00000 6.431 1500.0 12.0 0.0000 1.6664 204.63 0.1890 0.0000 0.0000
90.0000 59.9970 0.4729 0.2291 0.2981 0.00000 6.580 1500.0 12.0 0.0000 1.5431 189.02 0.1593 0.0000 0.0000
92.8125 59.9970 0.4402 0.2487 0.3111 0.00000 7.044 1500.0 12.0 0.0000 1.5435 193.49 0.1429 0.0000 0.0000
95.6250 59.9970 0.3833 0.2856 0.3311 0.00000 7.565 1500.0 12.0 0.0000 0.7570 98.54 0.1669 0.0000 0.0000
98.4375 59.9970 0.3770 0.2935 0.3295 0.00000 7.389 1500.0 12.0 0.0000 0.3196 41.69 0.2126 0.0000 0.0000
101.2500 59.9970 0.4574 0.2448 0.2978 0.00000 6.300 1500.0 12.0 0.0000 0.1678 20.71 0.2458 0.0000 0.0000
104.0625 59.9970 0.4422 0.2557 0.3021 0.00000 6.365 1500.0 12.0 0.0000 0.1081 13.48 0.2564 0.0000 0.0000
106.8750 59.9970 0.4171 0.2716 0.3113 0.00000 6.686 1500.0 12.0 0.0000 0.0863 10.94 0.2475 0.0000 0.0000
109.6875 59.9970 0.4299 0.2648 0.3053 0.00000 6.720 1500.0 12.0 0.0000 0.0898 11.28 0.2276 0.0000 0.0000
112.5000 59.9970 0.4037 0.2755 0.3207 0.00000 6.894 1500.0 12.0 0.0000 0.0865 11.09 0.2077 0.0000 0.0000
115.3125 59.9970 0.3666 0.2887 0.3446 0.00000 7.001 1500.0 12.0 0.0000 0.1722 22.76 0.1877 0.0000 0.0000
118.1250 59.9970 0.2735 0.3466 0.3799 0.00000 7.867 1500.0 12.0 0.0000 0.2689 37.69 0.1629 0.0000 0.0000
120.9375 59.9970 0.3272 0.3010 0.3717 0.00000 7.571 1500.0 12.0 0.0000 0.7742 105.59 0.1350 0.0000 0.0000
123.7500 59.9970 0.4089 0.2511 0.3400 0.00000 7.482 1500.0 12.0 0.0000 1.5040 194.41 0.1057 0.0000 0.0000
126.5625 59.9970 0.2836 0.3344 0.3820 0.00000 8.254 1500.0 12.0 0.0000 1.9974 279.07 0.0944 0.0000 0.0000
129.3750 59.9970 0.3759 0.2875 0.3366 0.00000 7.855 1500.0 12.0 0.0000 2.2244 291.41 0.1146 0.0000 0.0000
132.1875 59.9970 0.3952 0.2746 0.3302 0.00000 7.481 1500.0 12.0 0.0000 3.1012 401.30 0.1512 0.0000 0.0000
135.0000 59.9970 0.4425 0.2492 0.3083 0.00000 6.728 1500.0 12.0 0.0000 1.9984 249.87 0.1885 0.0000 0.0000
137.8125 59.9970 0.4537 0.2449 0.3013 0.00000 6.428 1500.0 12.0 0.0000 2.1278 263.57 0.2183 0.0000 0.0000
140.6250 59.9970 0.3658 0.3025 0.3317 0.00000 7.312 1500.0 12.0 0.0000 1.1973 157.17 0.2359 0.0000 0.0000
143.4375 59.9970 0.3718 0.3015 0.3267 0.00000 7.169 1500.0 12.0 0.0000 0.6611 86.32 0.2474 0.0000 0.0000
146.2500 59.9970 0.3309 0.3275 0.3415 0.00000 7.601 1500.0 12.0 0.0000 0.4384 58.77 0.2558 0.0000 0.0000
149.0625 59.9970 0.4200 0.2779 0.3021 0.00000 6.970 1500.0 12.0 0.0000 0.4238 53.37 0.2652 0.0000 0.0000
151.8750 59.9970 0.3660 0.3154 0.3186 0.00000 7.425 1500.0 12.0 0.0000 0.4271 55.67 0.2784 0.0000 0.0000
154.6875 59.9970 0.2354 0.3835 0.3811 0.00000 7.859 1500.0 12.0 0.0000 0.3395 48.40 0.2911 0.0000 0.0000
157.5000 59.9970 0.3636 0.3021 0.3343 0.00000 6.571 1498.6 12.0 0.0000 0.6534 86.15 0.2942 0.0009 0.0013
160.3125 59.9970 0.4444 0.2578 0.2978 0.00000 6.167 1499.5 12.0 0.0000 0.7803 96.99 0.2906 0.0004 0.0005
-149.0625 59.9970 0.3544 0.3099 0.3357 0.00000 7.090 1500.0 12.0 0.0000 1.0450 138.19 0.2536 0.0000 0.0000
-146.2500 59.9970 0.4481 0.2401 0.3118 0.00000 6.221 1490.6 12.0 0.0000 0.7861 99.70 0.2623 0.0063 0.0098
-143.4375 59.9970 0.4333 0.2447 0.3220 0.00000 6.228 1487.8 12.0 0.0000 0.7029 90.66 0.2442 0.0081 0.0133
-140.6250 59.9970 0.4056 0.2719 0.3225 0.00000 7.070 1499.0 12.0 0.0000 0.6722 86.33 0.2100 0.0007 0.0012
-137.8125 59.9970 0.4855 0.2115 0.3031 0.00000 6.351 1500.0 12.0 0.0000 0.6079 74.21 0.1611 0.0000 0.0000
-120.9375 59.9970 0.4231 0.2490 0.3279 0.00000 6.914 1500.0 12.0 0.0000 1.6289 207.80 0.1492 0.0000 0.0000
-118.1250 59.9970 0.5196 0.1891 0.2913 0.00000 6.685 1500.0 12.0 0.0000 1.4324 170.77 0.1336 0.0000 0.0000
-115.3125 59.9970 0.4786 0.2217 0.2997 0.00000 6.504 1499.6 12.0 0.0000 1.8495 226.29 0.1905 0.0003 0.0006
-112.5000 59.9970 0.3702 0.2796 0.3501 0.00000 6.830 1498.4 12.0 0.0000 2.1755 288.49 0.2001 0.0010 0.0020
-109.6875 59.9970 0.2844 0.3363 0.3792 0.00000 7.541 1500.0 12.0 0.0000 2.1138 294.84 0.1962 0.0000 0.0000
-106.8750 59.9970 0.5238 0.2093 0.2670 0.00000 6.760 1500.0 12.0 0.0000 1.5145 177.59 0.1888 0.0000 0.0000
-104.0625 59.9970 0.5257 0.2050 0.2693 0.00000 6.487 1500.0 12.0 0.0000 1.1341 133.03 0.1812 0.0000 0.0000
-101.2500 59.9970 0.4272 0.2585 0.3143 0.00000 6.967 1500.0 12.0 0.0000 0.8761 110.71 0.1731 0.0000 0.0000
-98.4375 59.9970 0.3548 0.3024 0.3428 0.00000 7.811 1500.0 12.0 0.0000 1.0538 139.85 0.1744 0.0000 0.0000
-95.6250 59.9970 0.4143 0.2679 0.3178 0.00000 7.167 1500.0 12.0 0.0000 1.4355 182.86 0.1689 0.0000 0.0000
-84.3750 59.9970 0.6208 0.1527 0.2265 0.00000 6.626 1500.0 12.0 0.0000 3.8379 416.82 0.1294 0.0000 0.0000
-81.5625 59.9970 0.5568 0.1865 0.2567 0.00000 6.898 1498.0 12.0 0.0000 3.6635 421.17 0.1396 0.0013 0.0035
-78.7500 59.9970 0.4498 0.2445 0.3056 0.00000 7.421 1495.8 12.0 0.0000 2.8099 351.93 0.1533 0.0028 0.0066
-75.9375 59.9970 0.4462 0.2423 0.3115 0.00000 7.081 1494.1 12.0 0.0000 2.3368 294.93 0.1744 0.0039 0.0082
-73.1250 59.9970 0.4133 0.2581 0.3286 0.00000 7.161 1490.9 12.0 0.0000 1.4939 194.24 0.1955 0.0061 0.0116
-70.3125 59.9970 0.4861 0.2013 0.3126 0.00000 6.543 1483.1 12.0 0.0000 1.3238 166.93 0.2070 0.0113 0.0207
-33.7500 59.9970 0.4390 0.2421 0.3190 0.00000 6.442 1497.3 12.0 0.0000 1.0504 132.90 0.1928 0.0018 0.0034
-30.9375 59.9970 0.4560 0.2256 0.3184 0.00000 6.590 1490.1 12.0 0.0000 1.1218 142.37 0.1986 0.0066 0.0125
-28.1250 59.9970 0.4442 0.2376 0.3182 0.00000 6.698 1494.6 12.0 0.0000 0.7515 95.22 0.1932 0.0036 0.0070
-25.3125 59.9970 0.5031 0.1982 0.2987 0.00000 6.333 1494.0 12.0 0.0000 0.6091 74.26 0.1782 0.0040 0.0083
-22.5000 59.9970 0.4302 0.2343 0.3355 0.00000 6.506 1493.1 12.0 0.0000 0.3675 47.43 0.1657 0.0046 0.0102
-19.6875 59.9970 0.4587 0.2080 0.3334 0.00000 6.244 1493.2 12.0 0.0000 0.4682 59.54 0.1582 0.0045 0.0103
-16.8750 59.9970 0.4119 0.2557 0.3323 0.00000 7.037 1496.5 12.0 0.0000 0.3092 39.97 0.1617 0.0024 0.0053
-14.0625 59.9970 0.3354 0.3133 0.3514 0.00000 7.823 1498.5 12.0 0.0000 0.2587 34.86 0.1692 0.0010 0.0021
-11.2500 59.9970 0.4358 0.2392 0.3250 0.00000 6.855 1495.7 12.0 0.0000 0.4193 53.44 0.1624 0.0029 0.0064
-8.4375 59.9970 0.4338 0.2411 0.3251 0.00000 6.562 1496.4 12.0 0.0000 0.5439 69.32 0.1612 0.0024 0.0054
-5.6250 59.9970 0.5175 0.1890 0.2935 0.00000 5.964 1497.1 12.0 0.0000 0.7802 93.68 0.1646 0.0019 0.0042
-2.8125 59.9970 0.4530 0.2375 0.3095 0.00000 6.524 1499.7 12.0 0.0000 0.2776 34.57 0.1683 0.0002 0.0005
0.0000 57.2066 0.4573 0.2468 0.2958 0.00000 6.395 1500.0 12.0 0.0000 0.1489 18.35 0.2149 0.0000 0.0000
2.8125 57.2066 0.4272 0.2626 0.3102 0.00000 6.589 1500.0 12.0 0.0000 0.1606 20.25 0.2114 0.0000 0.0000
5.6250 57.2066 0.3643 0.3031 0.3325 0.00000 7.289 1500.0 12.0 0.0000 0.1667 21.91 0.2045 0.0000 0.0000
8.4375 57.2066 0.3797 0.2889 0.3315 0.00000 7.214 1500.0 12.0 0.0000 0.1937 25.26 0.1932 0.0000 0.0000
11.2500 57.2066 0.2698 0.3565 0.3737 0.00000 8.554 1500.0 12.0 0.0000 0.2246 31.43 0.1789 0.0000 0.0000
14.0625 57.2066 0.2588 0.3633 0.3779 0.00000 8.774 1500.0 12.0 0.0000 0.2905 40.94 0.1638 0.0000 0.0000
16.8750 57.2066 0.3310 0.3144 0.3546 0.00000 8.092 1500.0 12.0 0.0000 0.5073 68.47 0.1477 0.0000 0.0000
19.6875 57.2066 0.4074 0.2649 0.3276 0.00000 7.355 1500.0 12.0 0.0000 0.7445 95.66 0.1323 0.0000 0.0000
22.5000 57.2066 0.3941 0.2717 0.3342 0.00000 7.601 1500.0 12.0 0.0000 1.0045 130.33 0.1196 0.0000 0.0000
25.3125 57.2066 0.4860 0.2143 0.2997 0.00000 6.650 1500.0 12.0 0.0000 1.4250 173.59 0.1087 0.0000 0.0000
28.1250 57.2066 0.5711 0.1684 0.2605 0.00000 6.446 1500.0 12.0 0.0000 2.0796 237.01 0.1073 0.0000 0.0000
33.7500 57.2066 0.6266 0.1359 0.2375 0.00000 6.145 1499.4 12.0 0.0000 2.4406 266.38 0.1275 0.0004 0.0011
36.5625 57.2066 0.5432 0.1466 0.3101 0.00000 6.095 1491.6 12.0 0.0000 1.8078 218.37 0.1406 0.0056 0.0145
87.1875 57.2066 0.4211 0.2495 0.3294 0.00000 6.961 1485.2 12.0 0.0000 2.1099 275.89 0.2237 0.0099 0.0171
90.0000 57.2066 0.5110 0.1871 0.3019 0.00000 6.183 1481.9 12.0 0.0000 2.9919 371.29 0.2111 0.0121 0.0218
92.8125 57.2066 0.4502 0.2391 0.3107 0.00000 6.492 1486.0 12.0 0.0000 0.8938 113.99 0.2483 0.0093 0.0151
98.4375 57.2066 0.4856 0.2236 0.2908 0.00000 5.556 1441.1 12.0 0.0000 0.3588 47.72 0.3399 0.0393 0.0535
101.2500 57.2066 0.3699 0.2944 0.3357 0.00000 5.720 1488.3 12.0 0.0000 0.2349 31.40 0.3452 0.0078 0.0105
104.0625 57.2066 0.3308 0.3222 0.3470 0.00000 6.367 1500.0 12.0 0.0000 0.1044 14.03 0.3159 0.0000 0.0000
106.8750 57.2066 0.2745 0.3601 0.3654 0.00000 7.545 1500.0 12.0 0.0000 0.0697 10.00 0.2743 0.0000 0.0000
109.6875 57.2066 0.3030 0.3185 0.3785 0.00000 6.458 1500.0 12.0 0.0000 0.1165 16.11 0.2355 0.0000 0.0000
112.5000 57.2066 0.2854 0.3183 0.3963 0.00000 6.231 1500.0 12.0 0.0000 0.1940 27.28 0.2261 0.0000 0.0000
115.3125 57.2066 0.3659 0.2816 0.3524 0.00000 6.004 1500.0 12.0 0.0000 0.3524 46.77 0.2455 0.0000 0.0000
118.1250 57.2066 0.4655 0.2293 0.3052 0.00000 5.808 1493.2 12.0 0.0000 0.7704 96.14 0.2665 0.0045 0.0070
120.9375 57.2066 0.3500 0.3060 0.3441 0.00000 6.707 1499.3 12.0 0.0000 0.4674 62.27 0.2632 0.0005 0.0007
123.7500 57.2066 0.2730 0.3516 0.3754 0.00000 7.176 1500.0 12.0 0.0000 0.6539 91.47 0.2378 0.0000 0.0000
126.5625 57.2066 0.2733 0.3506 0.3761 0.00000 7.610 1500.0 12.0 0.0000 1.2224 171.05 0.2165 0.0000 0.0000
129.3750 57.2066 0.3653 0.3002 0.3345 0.00000 7.375 1500.0 12.0 0.0000 2.0636 271.36 0.2184 0.0000 0.0000
132.1875 57.2066 0.3692 0.3066 0.3241 0.00000 7.323 1500.0 12.0 0.0000 1.9319 252.18 0.2400 0.0000 0.0000
135.0000 57.2066 0.4225 0.2732 0.3043 0.00000 6.634 1500.0 12.0 0.0000 1.9675 247.81 0.2597 0.0000 0.0000
137.8125 57.2066 0.4230 0.2751 0.3020 0.00000 6.537 1500.0 12.0 0.0000 1.8099 227.62 0.2763 0.0000 0.0000
140.6250 57.2066 0.4597 0.2464 0.2939 0.00000 6.177 1500.0 12.0 0.0000 2.1463 263.99 0.2747 0.0000 0.0000
143.4375 57.2066 0.4045 0.2810 0.3145 0.00000 6.851 1500.0 12.0 0.0000 1.6124 205.97 0.2629 0.0000 0.0000
146.2500 57.2066 0.4221 0.2706 0.3072 0.00000 6.716 1500.0 12.0 0.0000 0.8905 112.36 0.2483 0.0000 0.0000
149.0625 57.2066 0.3612 0.3069 0.3319 0.00000 7.455 1500.0 12.0 0.0000 0.6208 81.67 0.2432 0.0000 0.0000
151.8750 57.2066 0.4141 0.2777 0.3083 0.00000 6.996 1500.0 12.0 0.0000 0.6378 80.83 0.2504 0.0000 0.0000
154.6875 57.2066 0.2936 0.3366 0.3698 0.00000 6.832 1500.0 12.0 0.0000 0.9405 130.05 0.2671 0.0000 0.0000
157.5000 57.2066 0.2553 0.3541 0.3907 0.00000 6.760 1500.0 12.0 0.0000 0.9249 131.36 0.2805 0.0000 0.0000
160.3125 57.2066 0.2919 0.3347 0.3734 0.00000 6.695 1499.8 12.0 0.0000 1.2846 178.12 0.2869 0.0001 0.0002
-149.0625 57.2066 0.3960 0.2880 0.3159 0.00000 6.909 1479.0 12.0 0.0000 1.2041 159.60 0.3070 0.0140 0.0200
-146.2500 57.2066 0.4017 0.2909 0.3074 0.00000 6.832 1477.0 12.0 0.0000 0.9577 126.43 0.3249 0.0153 0.0213
-143.4375 57.2066 0.4116 0.2845 0.3039 0.00000 6.687 1500.0 12.0 0.0000 0.8713 110.28 0.3169 0.0000 0.0000
-140.6250 57.2066 0.3713 0.2956 0.3331 0.00000 6.438 1499.8 12.0 0.0000 1.1025 144.52 0.2878 0.0001 0.0002
-137.8125 57.2066 0.3741 0.2764 0.3495 0.00000 6.365 1490.8 12.0 0.0000 1.1192 149.82 0.2526 0.0061 0.0098
-135.0000 57.2066 0.4240 0.2465 0.3295 0.00000 6.241 1498.4 12.0 0.0000 1.0258 131.25 0.2092 0.0011 0.0020
-132.1875 57.2066 0.4389 0.2390 0.3222 0.00000 6.782 1490.6 12.0 0.0000 1.1373 145.68 0.1967 0.0063 0.0119
-115.3125 57.2066 0.3881 0.2800 0.3319 0.00000 6.875 1500.0 12.0 0.0000 0.9584 124.54 0.2141 0.0000 0.0000
-112.5000 57.2066 0.4919 0.2180 0.2901 0.00000 6.226 1495.0 12.0 0.0000 1.7847 217.36 0.2292 0.0033 0.0056
-109.6875 57.2066 0.3727 0.2757 0.3516 0.00000 6.616 1490.8 12.0 0.0000 2.8022 375.76 0.2270 0.0061 0.0105
-106.8750 57.2066 0.3362 0.3131 0.3507 0.00000 7.179 1500.0 12.0 0.0000 1.5002 201.58 0.2245 0.0000 0.0000
-104.0625 57.2066 0.4531 0.2485 0.2984 0.00000 6.679 1500.0 12.0 0.0000 1.4584 180.41 0.2185 0.0000 0.0000
-101.2500 57.2066 0.4095 0.2780 0.3125 0.00000 7.320 1500.0 12.0 0.0000 0.9487 120.78 0.2151 0.0000 0.0000
-98.4375 57.2066 0.4578 0.2465 0.2957 0.00000 6.834 1500.0 12.0 0.0000 1.1209 138.12 0.2091 0.0000 0.0000
-95.6250 57.2066 0.5567 0.1900 0.2534 0.00000 6.269 1500.0 12.0 0.0000 1.8281 209.02 0.2052 0.0000 0.0000
-78.7500 57.2066 0.4483 0.2310 0.3207 0.00000 6.319 1496.4 12.0 0.0000 4.6632 588.80 0.1770 0.0024 0.0050
-75.9375 57.2066 0.4134 0.2593 0.3273 0.00000 6.901 1495.6 12.0 0.0000 3.2975 425.31 0.1740 0.0029 0.0062
-30.9375 57.2066 0.4520 0.2312 0.3168 0.00000 6.208 1484.2 12.0 0.0000 1.0605 135.97 0.2319 0.0105 0.0178
-28.1250 57.2066 0.5022 0.2035 0.2943 0.00000 6.215 1486.6 12.0 0.0000 0.8346 102.78 0.2282 0.0090 0.0153
-25.3125 57.2066 0.5585 0.1932 0.2483 0.00000 6.278 1498.8 12.0 0.0000 0.8288 94.58 0.2257 0.0008 0.0014
-22.5000 57.2066 0.5326 0.2126 0.2548 0.00000 6.598 1500.0 12.0 0.0000 0.7053 81.73 0.2213 0.0000 0.0000
-19.6875 57.2066 0.5875 0.1782 0.2343 0.00000 6.247 1500.0 12.0 0.0000 0.8511 94.60 0.2158 0.0000 0.0000
-16.8750 57.2066 0.6512 0.1422 0.2067 0.00000 5.887 1500.0 12.0 0.0000 1.2924 136.21 0.2125 0.0000 0.0000
-14.0625 57.2066 0.4989 0.2310 0.2701 0.00000 6.846 1500.0 12.0 0.0000 0.3728 44.35 0.2116 0.0000 0.0000
-11.2500 57.2066 0.4703 0.2466 0.2832 0.00000 6.755 1500.0 12.0 0.0000 0.2684 32.64 0.2122 0.0000 0.0000
-8.4375 57.2066 0.4859 0.2406 0.2734 0.00000 6.763 1500.0 12.0 0.0000 0.2203 26.43 0.2118 0.0000 0.0000
-5.6250 57.2066 0.4229 0.2721 0.3050 0.00000 6.994 1500.0 12.0 0.0000 0.1509 19.01 0.2128 0.0000 0.0000
-2.8125 57.2066 0.4567 0.2504 0.2929 0.00000 6.584 1500.0 12.0 0.0000 0.1515 18.65 0.2146 0.0000 0.0000
0.0000 54.4162 0.4251 0.2667 0.3083 0.00000 6.501 1500.0 12.0 0.0000 0.1736 21.89 0.2571 0.0000 0.0000
2.8125 54.4162 0.4659 0.2399 0.2941 0.00000 6.085 1500.0 12.0 0.0000 0.2058 25.23 0.2477 0.0000 0.0000
5.6250 54.4162 0.3567 0.3076 0.3357 0.00000 7.399 1500.0 12.0 0.0000 0.2478 32.74 0.2309 0.0000 0.0000
8.4375 54.4162 0.3978 0.2794 0.3227 0.00000 7.049 1500.0 12.0 0.0000 0.3710 47.75 0.2113 0.0000 0.0000
11.2500 54.4162 0.3037 0.3366 0.3597 0.00000 8.235 1500.0 12.0 0.0000 0.6003 82.22 0.1908 0.0000 0.0000
14.0625 54.4162 0.2921 0.3416 0.3663 0.00000 8.479 1500.0 12.0 0.0000 1.1037 152.43 0.1726 0.0000 0.0000
16.8750 54.4162 0.2532 0.3638 0.3830 0.00000 9.027 1500.0 12.0 0.0000 1.0758 152.36 0.1558 0.0000 0.0000
19.6875 54.4162 0.3799 0.2843 0.3358 0.00000 7.619 1500.0 12.0 0.0000 1.3671 178.69 0.1512 0.0000 0.0000
22.5000 54.4162 0.3764 0.2999 0.3238 0.00000 7.553 1500.0 12.0 0.0000 1.6469 214.23 0.1501 0.0000 0.0000
25.3125 54.4162 0.3693 0.2926 0.3381 0.00000 7.731 1500.0 12.0 0.0000 1.7304 227.56 0.1484 0.0000 0.0000
28.1250 54.4162 0.5087 0.2152 0.2761 0.00000 7.122 1500.0 12.0 0.0000 1.9378 230.22 0.1482 0.0000 0.0000
30.9375 54.4162 0.6263 0.1502 0.2235 0.00000 6.482 1500.0 12.0 0.0000 2.3371 252.56 0.1492 0.0000 0.0000
33.7500 54.4162 0.5215 0.1891 0.2894 0.00000 6.185 1498.2 12.0 0.0000 2.0843 248.71 0.1516 0.0012 0.0028
36.5625 54.4162 0.4990 0.1842 0.3168 0.00000 6.288 1490.9 12.0 0.0000 1.8541 230.00 0.1567 0.0061 0.0140
39.3750 54.4162 0.4198 0.2550 0.3247 0.00000 6.704 1498.2 12.0 0.0000 0.9579 122.45 0.1796 0.0012 0.0024
98.4375 54.4162 0.4819 0.2552 0.2628 0.00000 5.366 1459.9 12.0 0.0000 0.3497 44.59 0.4547 0.0267 0.0322
101.2500 54.4162 0.3921 0.3027 0.3052 0.00000 5.823 1478.9 12.0 0.0000 0.2065 27.26 0.4161 0.0141 0.0175
104.0625 54.4162 0.3647 0.3003 0.3350 0.00000 5.899 1500.0 12.0 0.0000 0.2369 31.16 0.3276 0.0000 0.0000
106.8750 54.4162 0.3509 0.2899 0.3592 0.00000 6.303 1500.0 12.0 0.0000 0.2225 29.83 0.2325 0.0000 0.0000
109.6875 54.4162 0.3804 0.2611 0.3585 0.00000 6.383 1500.0 12.0 0.0000 0.3392 44.87 0.1670 0.0000 0.0000
112.5000 54.4162 0.4830 0.2103 0.3066 0.00000 6.429 1500.0 12.0 0.0000 0.3368 41.25 0.1539 0.0000 0.0000
115.3125 54.4162 0.4164 0.2661 0.3174 0.00000 6.502 1500.0 12.0 0.0000 0.1499 19.07 0.2124 0.0000 0.0000
118.1250 54.4162 0.3892 0.2931 0.3176 0.00000 6.542 1498.3 12.0 0.0000 0.2043 26.39 0.2854 0.0011 0.0017
120.9375 54.4162 0.3864 0.2964 0.3172 0.00000 6.612 1490.5 12.0 0.0000 0.3537 46.30 0.3125 0.0064 0.0090
123.7500 54.4162 0.4036 0.2891 0.3073 0.00000 6.951 1500.0 12.0 0.0000 0.8524 108.51 0.2916 0.0000 0.0000
126.5625 54.4162 0.3612 0.3004 0.3384 0.00000 6.900 1500.0 12.0 0.0000 1.9479 257.15 0.2747 0.0000 0.0000
129.3750 54.4162 0.3450 0.3105 0.3445 0.00000 6.644 1500.0 12.0 0.0000 2.0960 279.63 0.2941 0.0000 0.0000
157.5000 54.4162 0.3623 0.2973 0.3404 0.00000 6.244 1500.0 12.0 0.0000 2.9926 395.29 0.3167 0.0000 0.0000
168.7500 54.4162 0.5237 0.2036 0.2728 0.00000 6.150 1500.0 12.0 0.0000 3.7764 444.38 0.2588 0.0000 0.0000
-154.6875 54.4162 0.4422 0.2537 0.3041 0.00000 6.371 1494.8 12.0 0.0000 1.7098 215.06 0.2810 0.0034 0.0052
-151.8750 54.4162 0.4456 0.2498 0.3047 0.00000 6.522 1462.3 12.0 0.0000 3.5014 462.65 0.3201 0.0251 0.0353
-149.0625 54.4162 0.3011 0.3550 0.3439 0.00000 7.112 1498.3 12.0 0.0000 1.9309 263.27 0.3333 0.0011 0.0015
-146.2500 54.4162 0.4395 0.2880 0.2726 0.00000 6.990 1500.0 12.0 0.0000 0.8591 105.42 0.3405 0.0000 0.0000
-143.4375 54.4162 0.4276 0.2838 0.2886 0.00000 6.729 1500.0 12.0 0.0000 0.4095 51.00 0.3382 0.0000 0.0000
-140.6250 54.4162 0.4781 0.2576 0.2642 0.00000 6.696 1500.0 12.0 0.0000 0.4258 51.01 0.3222 0.0000 0.0000
-137.8125 54.4162 0.4731 0.2456 0.2813 0.00000 6.191 1500.0 12.0 0.0000 0.6177 74.93 0.3009 0.0000 0.0000
-135.0000 54.4162 0.4567 0.2499 0.2935 0.00000 6.286 1500.0 12.0 0.0000 1.2744 156.94 0.2820 0.0000 0.0000
-132.1875 54.4162 0.3024 0.3166 0.3810 0.00000 6.283 1495.9 12.0 0.0000 1.6296 227.07 0.2618 0.0027 0.0043
-129.3750 54.4162 0.3825 0.2748 0.3427 0.00000 6.627 1492.1 12.0 0.0000 0.8990 119.24 0.2375 0.0053 0.0088
-126.5625 54.4162 0.4938 0.2175 0.2887 0.00000 6.448 1499.8 12.0 0.0000 0.9018 108.78 0.2087 0.0001 0.0002
-123.7500 54.4162 0.4142 0.2584 0.3274 0.00000 6.715 1500.0 12.0 0.0000 0.7446 95.36 0.1880 0.0000 0.0000
-115.3125 54.4162 0.4152 0.2612 0.3234 0.00000 6.572 1500.0 12.0 0.0000 1.1960 152.73 0.2416 0.0000 0.0000
-112.5000 54.4162 0.4509 0.2497 0.2994 0.00000 6.699 1500.0 12.0 0.0000 0.9331 115.61 0.2421 0.0000 0.0000
-109.6875 54.4162 0.4090 0.2653 0.3257 0.00000 6.554 1499.9 12.0 0.0000 1.0633 136.38 0.2304 0.0000 0.0001
-106.8750 54.4162 0.3991 0.2711 0.3298 0.00000 6.584 1499.9 12.0 0.0000 1.2147 156.88 0.2163 0.0001 0.0001
-104.0625 54.4162 0.3725 0.2725 0.3550 0.00000 6.508 1491.0 12.0 0.0000 1.6340 219.43 0.2139 0.0060 0.0107
-101.2500 54.4162 0.4055 0.2635 0.3311 0.00000 6.633 1494.0 12.0 0.0000 1.4640 190.38 0.2175 0.0040 0.0070
-98.4375 54.4162 0.4779 0.2284 0.2938 0.00000 6.463 1492.9 12.0 0.0000 1.6364 201.81 0.2216 0.0048 0.0083
-95.6250 54.4162 0.3649 0.3008 0.3342 0.00000 7.331 1496.8 12.0 0.0000 1.4408 190.39 0.2231 0.0021 0.0037
-92.8125 54.4162 0.4657 0.2258 0.3085 0.00000 6.228 1488.6 12.0 0.0000 2.4646 310.40 0.2274 0.0076 0.0131
-87.1875 54.4162 0.4577 0.2272 0.3151 0.00000 6.225 1484.3 12.0 0.0000 3.3393 426.58 0.2384 0.0105 0.0174
-84.3750 54.4162 0.4472 0.2413 0.3115 0.00000 6.339 1484.6 12.0 0.0000 3.8260 489.97 0.2425 0.0103 0.0169
-25.3125 54.4162 0.4647 0.2241 0.3112 0.00000 6.174 1465.7 12.0 0.0000 0.7331 95.86 0.2598 0.0229 0.0360
-22.5000 54.4162 0.5667 0.1923 0.2410 0.00000 6.245 1494.6 12.0 0.0000 1.3903 158.44 0.2565 0.0036 0.0057
-19.6875 54.4162 0.5077 0.2304 0.2620 0.00000 6.818 1500.0 12.0 0.0000 1.0152 119.67 0.2447 0.0000 0.0000
-16.8750 54.4162 0.3885 0.2913 0.3202 0.00000 7.329 1500.0 12.0 0.0000 0.4659 60.15 0.2366 0.0000 0.0000
-14.0625 54.4162 0.4196 0.2682 0.3122 0.00000 6.775 1500.0 12.0 0.0000 0.4121 52.20 0.2343 0.0000 0.0000
-11.2500 54.4162 0.3980 0.2853 0.3167 0.00000 6.936 1500.0 12.0 0.0000 0.3051 39.14 0.2391 0.0000 0.0000
-8.4375 54.4162 0.4225 0.2665 0.3111 0.00000 6.682 1500.0 12.0 0.0000 0.2332 29.48 0.2404 0.0000 0.0000
-5.6250 54.4162 0.3934 0.2881 0.3185 0.00000 6.928 1500.0 12.0 0.0000 0.1722 22.16 0.2475 0.0000 0.0000
-2.8125 54.4162 0.3770 0.2983 0.3248 0.00000 7.060 1500.0 12.0 0.0000 0.1649 21.46 0.2550 0.0000 0.0000
0.0000 51.6257 0.3179 0.3367 0.3454 0.00000 7.849 1500.0 12.0 0.0000 0.4589 61.99 0.2679 0.0000 0.0000
2.8125 51.6257 0.3752 0.3000 0.3248 0.00000 7.170 1500.0 12.0 0.0000 0.6096 79.38 0.2705 0.0000 0.0000
5.6250 51.6257 0.2857 0.3561 0.3582 0.00000 8.250 1500.0 12.0 0.0000 0.9661 133.26 0.2552 0.0000 0.0000
8.4375 51.6257 0.2791 0.3580 0.3629 0.00000 8.415 1500.0 12.0 0.0000 1.8711 259.45 0.2358 0.0000 0.0000
11.2500 51.6257 0.2353 0.3841 0.3806 0.00000 8.967 1500.0 12.0 0.0000 1.5954 227.38 0.2211 0.0000 0.0000
14.0625 51.6257 0.2352 0.3831 0.3818 0.00000 9.034 1500.0 12.0 0.0000 1.2637 180.22 0.2107 0.0000 0.0000
16.8750 51.6257 0.3105 0.3344 0.3551 0.00000 8.177 1500.0 12.0 0.0000 1.2405 168.99 0.2084 0.0000 0.0000
19.6875 51.6257 0.3623 0.3026 0.3350 0.00000 7.525 1500.0 12.0 0.0000 1.4655 193.03 0.2182 0.0000 0.0000
22.5000 51.6257 0.4058 0.2787 0.3155 0.00000 6.921 1500.0 12.0 0.0000 1.7754 226.79 0.2331 0.0000 0.0000
25.3125 51.6257 0.2669 0.3707 0.3624 0.00000 8.397 1500.0 12.0 0.0000 1.3905 193.77 0.2439 0.0000 0.0000
28.1250 51.6257 0.2623 0.3729 0.3648 0.00000 8.491 1500.0 12.0 0.0000 1.1905 166.42 0.2490 0.0000 0.0000
30.9375 51.6257 0.3643 0.3231 0.3126 0.00000 7.799 1500.0 12.0 0.0000 1.0874 141.38 0.2411 0.0000 0.0000
33.7500 51.6257 0.4095 0.2596 0.3309 0.00000 6.834 1481.7 12.0 0.0000 1.1920 157.65 0.2238 0.0122 0.0212
36.5625 51.6257 0.3733 0.2938 0.3328 0.00000 7.109 1495.0 12.0 0.0000 0.8382 110.56 0.2182 0.0033 0.0059
39.3750 51.6257 0.4069 0.2618 0.3290 0.00000 6.723 1500.0 12.0 0.0000 1.0430 133.84 0.2235 0.0000 0.0000
95.6250 51.6257 0.4175 0.2938 0.2887 0.00000 5.464 1500.0 12.0 0.0000 0.5260 65.83 0.5046 0.0000 0.0000
98.4375 51.6257 0.3504 0.3404 0.3085 0.00000 5.559 1500.0 12.0 0.0000 0.2140 27.93 0.5584 0.0000 0.0000
104.0625 51.6257 0.4300 0.2782 0.2917 0.00000 5.495 1500.0 12.0 0.0000 0.1051 13.09 0.4059 0.0000 0.0000
106.8750 51.6257 0.4240 0.2615 0.3144 0.00000 5.695 1500.0 12.0 0.0000 0.0845 10.69 0.2873 0.0000 0.0000
109.6875 51.6257 0.4725 0.2257 0.3017 0.00000 6.250 1500.0 12.0 0.0000 0.1198 14.71 0.1973 0.0000 0.0000
112.5000 51.6257 0.4139 0.2577 0.3284 0.00000 6.662 1500.0 12.0 0.0000 0.1267 16.23 0.1677 0.0000 0.0000
123.7500 51.6257 0.4533 0.2445 0.3022 0.00000 6.697 1495.1 12.0 0.0000 1.6546 206.71 0.2219 0.0033 0.0057
126.5625 51.6257 0.4132 0.2455 0.3412 0.00000 6.438 1482.0 12.0 0.0000 4.3943 583.11 0.2198 0.0120 0.0211
168.7500 51.6257 0.4839 0.2327 0.2834 0.00000 6.309 1500.0 12.0 0.0000 4.0017 483.40 0.2815 0.0000 0.0000
-154.6875 51.6257 0.3813 0.2880 0.3307 0.00000 7.330 1498.3 12.0 0.0000 1.4893 194.52 0.2433 0.0011 0.0019
-151.8750 51.6257 0.4706 0.2060 0.3234 0.00000 6.912 1483.7 12.0 0.0000 3.2686 417.26 0.1682 0.0109 0.0236
-149.0625 51.6257 0.4134 0.2259 0.3607 0.00000 7.013 1499.2 12.0 0.0000 1.8599 242.90 0.0628 0.0005 0.0070
-146.2500 51.6257 0.6083 0.1437 0.2480 0.00000 6.969 1500.0 12.0 0.0000 0.8113 89.94 0.0628 0.0000 0.0002
-143.4375 51.6257 0.5196 0.2047 0.2757 0.00000 7.450 1500.0 12.0 0.0000 0.7299 86.22 0.1109 0.0000 0.0000
-140.6250 51.6257 0.3747 0.2974 0.3279 0.00000 7.702 1500.0 12.0 0.0000 0.4279 55.83 0.2111 0.0000 0.0000
-137.8125 51.6257 0.3388 0.3259 0.3353 0.00000 7.654 1500.0 12.0 0.0000 0.4103 54.63 0.2716 0.0000 0.0000
-135.0000 51.6257 0.4686 0.2541 0.2773 0.00000 6.844 1500.0 12.0 0.0000 0.5293 64.20 0.2877 0.0000 0.0000
-132.1875 51.6257 0.3541 0.3019 0.3440 0.00000 6.453 1500.0 12.0 0.0000 1.0214 135.68 0.2861 0.0000 0.0000
-129.3750 51.6257 0.3999 0.2660 0.3340 0.00000 6.275 1500.0 12.0 0.0000 1.0518 136.09 0.2646 0.0000 0.0000
-126.5625 51.6257 0.4299 0.2595 0.3106 0.00000 6.594 1499.9 12.0 0.0000 0.5308 66.86 0.2243 0.0001 0.0001
-123.7500 51.6257 0.4342 0.2501 0.3158 0.00000 6.846 1500.0 12.0 0.0000 0.6645 83.76 0.1670 0.0000 0.0000
-112.5000 51.6257 0.3853 0.2778 0.3360 0.00000 7.122 1500.0 12.0 0.0000 1.1408 148.62 0.2371 0.0000 0.0000
-109.6875 51.6257 0.4247 0.2483 0.3255 0.00000 6.498 1500.0 12.0 0.0000 0.9324 118.51 0.2406 0.0000 0.0000
-104.0625 51.6257 0.4177 0.2610 0.3213 0.00000 6.406 1498.3 12.0 0.0000 0.7190 91.85 0.2242 0.0011 0.0019
-101.2500 51.6257 0.4083 0.2640 0.3277 0.00000 6.504 1495.7 12.0 0.0000 0.7589 98.12 0.2199 0.0028 0.0050
-98.4375 51.6257 0.3881 0.2791 0.3329 0.00000 6.719 1494.4 12.0 0.0000 0.9298 121.92 0.2326 0.0037 0.0063
-95.6250 51.6257 0.4294 0.2542 0.3164 0.00000 6.519 1489.9 12.0 0.0000 1.5000 192.61 0.2409 0.0068 0.0112
-92.8125 51.6257 0.3750 0.2911 0.3339 0.00000 6.806 1495.8 12.0 0.0000 2.2430 295.42 0.2364 0.0028 0.0046
-90.0000 51.6257 0.4503 0.2357 0.3140 0.00000 6.136 1492.2 12.0 0.0000 3.9571 500.64 0.2288 0.0052 0.0089
-87.1875 51.6257 0.3719 0.2958 0.3323 0.00000 6.783 1500.0 12.0 0.0000 3.6155 473.44 0.2504 0.0000 0.0000
-25.3125 51.6257 0.4667 0.2278 0.3055 0.00000 6.228 1452.1 12.0 0.0000 1.0420 138.55 0.2798 0.0320 0.0482
-22.5000 51.6257 0.4678 0.2429 0.2893 0.00000 6.528 1493.3 12.0 0.0000 1.9337 238.88 0.2626 0.0045 0.0070
-19.6875 51.6257 0.5662 0.1932 0.2406 0.00000 6.591 1500.0 12.0 0.0000 1.5666 176.81 0.2214 0.0000 0.0000
-16.8750 51.6257 0.4258 0.2651 0.3091 0.00000 7.363 1500.0 12.0 0.0000 0.7423 93.60 0.1684 0.0000 0.0000
-14.0625 51.6257 0.4231 0.2573 0.3196 0.00000 7.316 1500.0 12.0 0.0000 0.6548 83.15 0.1413 0.0000 0.0000
-11.2500 51.6257 0.4690 0.2279 0.3031 0.00000 6.828 1500.0 12.0 0.0000 0.5064 62.33 0.1378 0.0000 0.0000
-8.4375 51.6257 0.4231 0.2581 0.3188 0.00000 7.248 1500.0 12.0 0.0000 0.4696 59.61 0.1588 0.0000 0.0000
-5.6250 51.6257 0.3426 0.3133 0.3441 0.00000 7.935 1500.0 12.0 0.0000 0.4298 57.39 0.2021 0.0000 0.0000
-2.8125 51.6257 0.2924 0.3505 0.3571 0.00000 8.276 1500.0 12.0 0.0000 0.4124 56.69 0.2447 0.0000 0.0000
0.0000 48.8352 0.2600 0.3741 0.3659 0.00000 8.674 1500.0 12.0 0.0000 0.8342 116.81 0.2640 0.0000 0.0000
2.8125 48.8352 0.3204 0.3360 0.3436 0.00000 7.910 1500.0 12.0 0.0000 1.1179 150.73 0.2755 0.0000 0.0000
5.6250 48.8352 0.3441 0.3206 0.3353 0.00000 7.623 1500.0 12.0 0.0000 1.4342 190.49 0.2757 0.0000 0.0000
8.4375 48.8352 0.3383 0.3251 0.3367 0.00000 7.660 1500.0 12.0 0.0000 1.5931 212.31 0.2778 0.0000 0.0000
11.2500 48.8352 0.2492 0.3839 0.3669 0.00000 8.631 1500.0 12.0 0.0000 1.4218 200.09 0.2858 0.0000 0.0000
14.0625 48.8352 0.2786 0.3652 0.3562 0.00000 8.249 1500.0 12.0 0.0000 1.9180 265.09 0.2918 0.0000 0.0000
16.8750 48.8352 0.2845 0.3625 0.3529 0.00000 8.101 1500.0 12.0 0.0000 2.6413 363.54 0.3039 0.0000 0.0000
19.6875 48.8352 0.3907 0.2954 0.3138 0.00000 6.824 1500.0 12.0 0.0000 3.3150 426.05 0.3163 0.0000 0.0000
22.5000 48.8352 0.3799 0.3032 0.3169 0.00000 6.857 1500.0 12.0 0.0000 2.3620 305.61 0.3312 0.0000 0.0000
25.3125 48.8352 0.3631 0.3161 0.3208 0.00000 7.012 1500.0 12.0 0.0000 1.3536 176.88 0.3395 0.0000 0.0000
28.1250 48.8352 0.4435 0.2783 0.2782 0.00000 6.802 1500.0 12.0 0.0000 1.5751 193.52 0.3431 0.0000 0.0000
30.9375 48.8352 0.5764 0.2017 0.2218 0.00000 6.013 1500.0 12.0 0.0000 2.4919 276.46 0.3255 0.0000 0.0000
33.7500 48.8352 0.4338 0.2504 0.3157 0.00000 5.903 1477.0 12.0 0.0000 2.0203 264.01 0.2943 0.0154 0.0225
36.5625 48.8352 0.4550 0.2354 0.3095 0.00000 6.178 1480.4 12.0 0.0000 1.6274 208.73 0.2638 0.0131 0.0204
39.3750 48.8352 0.4135 0.2600 0.3253 0.00000 6.517 1500.0 12.0 0.0000 1.1933 152.51 0.2467 0.0000 0.0000
95.6250 48.8352 0.4316 0.2826 0.2855 0.00000 5.943 1500.0 12.0 0.0000 2.4120 299.21 0.4476 0.0000 0.0000
98.4375 48.8352 0.3709 0.3214 0.3076 0.00000 5.872 1500.0 12.0 0.0000 0.6180 79.88 0.5402 0.0000 0.0000
106.8750 48.8352 0.1122 0.6013 0.2865 0.00000 6.078 1500.0 12.0 0.0000 0.0971 13.91 0.3824 0.0000 0.0000
129.3750 48.8352 0.5001 0.1965 0.3034 0.00000 6.410 1456.7 12.0 0.0000 4.5071 585.49 0.2410 0.0289 0.0477
-151.8750 48.8352 0.4061 0.2593 0.3346 0.00000 7.105 1500.0 12.0 0.0000 1.0337 133.41 0.0867 0.0000 0.0000
-149.0625 48.8352 0.4884 0.1898 0.3219 0.00000 7.186 1499.8 12.0 0.0000 0.4890 60.28 0.0628 0.0002 0.0022
-146.2500 48.8352 0.5277 0.1738 0.2985 0.00000 7.157 1499.8 12.0 0.0000 0.5297 63.18 0.0628 0.0001 0.0016
-143.4375 48.8352 0.4081 0.2611 0.3309 0.00000 8.507 1500.0 12.0 0.0000 0.2966 38.17 0.0628 0.0000 0.0000
-140.6250 48.8352 0.3562 0.2892 0.3546 0.00000 8.603 1500.0 12.0 0.0000 0.1914 25.54 0.0628 0.0000 0.0000
-137.8125 48.8352 0.3106 0.3203 0.3691 0.00000 8.798 1500.0 12.0 0.0000 0.4055 55.63 0.0983 0.0000 0.0000
-135.0000 48.8352 0.3185 0.3146 0.3669 0.00000 8.953 1500.0 12.0 0.0000 0.2682 36.62 0.0821 0.0000 0.0000
-132.1875 48.8352 0.2859 0.3218 0.3923 0.00000 7.201 1500.0 12.0 0.0000 0.7768 108.99 0.1847 0.0000 0.0000
-129.3750 48.8352 0.4446 0.2365 0.3189 0.00000 6.777 1499.4 12.0 0.0000 1.4975 188.34 0.1872 0.0004 0.0008
-126.5625 48.8352 0.3932 0.2734 0.3333 0.00000 7.158 1500.0 12.0 0.0000 0.5435 70.50 0.1559 0.0000 0.0000
-25.3125 48.8352 0.4187 0.2483 0.3331 0.00000 6.950 1473.9 12.0 0.0000 1.8531 247.26 0.2146 0.0174 0.0311
-22.5000 48.8352 0.4415 0.2604 0.2980 0.00000 7.700 1500.0 12.0 0.0000 2.4511 304.86 0.1889 0.0000 0.0000
-19.6875 48.8352 0.5041 0.2086 0.2873 0.00000 7.698 1500.0 12.0 0.0000 1.1535 138.26 0.0785 0.0000 0.0000
-16.8750 48.8352 0.4209 0.2511 0.3280 0.00000 7.868 1500.0 12.0 0.0000 0.3175 40.55 0.0628 0.0000 0.0000
-14.0625 48.8352 0.4295 0.2463 0.3242 0.00000 7.540 1500.0 12.0 0.0000 0.3109 39.46 0.0675 0.0000 0.0000
-11.2500 48.8352 0.4911 0.2077 0.3012 0.00000 6.851 1500.0 12.0 0.0000 0.5024 61.10 0.0721 0.0000 0.0000
-8.4375 48.8352 0.4190 0.2506 0.3304 0.00000 7.668 1500.0 12.0 0.0000 0.4825 61.75 0.0677 0.0000 0.0000
-5.6250 48.8352 0.3818 0.2725 0.3457 0.00000 8.103 1500.0 12.0 0.0000 0.3136 41.18 0.0628 0.0000 0.0000
-2.8125 48.8352 0.3384 0.3165 0.3451 0.00000 8.049 1500.0 12.0 0.0000 0.9636 128.98 0.2067 0.0000 0.0000
0.0000 46.0447 0.4073 0.2796 0.3131 0.00000 7.087 1500.0 12.0 0.0000 0.8486 108.18 0.2672 0.0000 0.0000
2.8125 46.0447 0.4641 0.2440 0.2919 0.00000 6.351 1500.0 12.0 0.0000 1.0169 124.66 0.2797 0.0000 0.0000
5.6250 46.0447 0.3758 0.3024 0.3217 0.00000 7.247 1500.0 12.0 0.0000 1.0506 136.55 0.2982 0.0000 0.0000
8.4375 46.0447 0.3699 0.3099 0.3203 0.00000 7.158 1500.0 12.0 0.0000 1.0179 132.56 0.3326 0.0000 0.0000
11.2500 46.0447 0.2947 0.3659 0.3393 0.00000 7.875 1500.0 12.0 0.0000 0.9882 134.46 0.3550 0.0000 0.0000
14.0625 46.0447 0.3140 0.3531 0.3329 0.00000 7.604 1500.0 12.0 0.0000 1.2091 162.59 0.3686 0.0000 0.0000
16.8750 46.0447 0.3801 0.3090 0.3109 0.00000 6.816 1500.0 12.0 0.0000 1.4308 184.51 0.3797 0.0000 0.0000
19.6875 46.0447 0.4212 0.2805 0.2983 0.00000 6.316 1500.0 12.0 0.0000 2.2890 287.51 0.3815 0.0000 0.0000
22.5000 46.0447 0.4113 0.2866 0.3022 0.00000 6.486 1500.0 12.0 0.0000 2.3528 297.58 0.3746 0.0000 0.0000
25.3125 46.0447 0.4295 0.2771 0.2933 0.00000 6.424 1500.0 12.0 0.0000 1.5271 190.53 0.3559 0.0000 0.0000
28.1250 46.0447 0.4642 0.2707 0.2651 0.00000 6.975 1500.0 12.0 0.0000 1.9201 231.78 0.3237 0.0000 0.0000
30.9375 46.0447 0.6139 0.1676 0.2185 0.00000 6.059 1500.0 12.0 0.0000 2.7732 300.78 0.2606 0.0000 0.0000
33.7500 46.0447 0.4968 0.1979 0.3053 0.00000 6.293 1480.7 12.0 0.0000 2.2713 284.88 0.1996 0.0129 0.0243
-160.3125 46.0447 0.4613 0.2140 0.3246 0.00000 7.302 1497.4 12.0 0.0000 2.5704 322.76 0.1207 0.0018 0.0054
-157.5000 46.0447 0.5042 0.1902 0.3056 0.00000 6.812 1499.8 12.0 0.0000 2.1659 262.44 0.0930 0.0001 0.0005
-151.8750 46.0447 0.6165 0.1163 0.2672 0.00000 6.445 1500.0 12.0 0.0000 1.1992 133.96 0.0628 0.0000 0.0000
-149.0625 46.0447 0.5564 0.1565 0.2871 0.00000 6.798 1500.0 12.0 0.0000 0.8456 98.70 0.0628 0.0000 0.0001
-146.2500 46.0447 0.4345 0.2207 0.3448 0.00000 7.796 1499.8 12.0 0.0000 0.3030 38.82 0.0628 0.0001 0.0014
-143.4375 46.0447 0.5030 0.2053 0.2917 0.00000 7.763 1500.0 12.0 0.0000 0.2327 27.97 0.0628 0.0000 0.0000
-140.6250 46.0447 0.2897 0.3287 0.3815 0.00000 9.290 1500.0 12.0 0.0000 0.1538 21.43 0.0628 0.0000 0.0000
-137.8125 46.0447 0.2717 0.3378 0.3906 0.00000 9.274 1500.0 12.0 0.0000 0.1784 25.16 0.0628 0.0000 0.0000
-135.0000 46.0447 0.3146 0.3047 0.3807 0.00000 8.360 1500.0 12.0 0.0000 0.1708 23.53 0.0628 0.0000 0.0000
-132.1875 46.0447 0.2778 0.3185 0.4037 0.00000 7.551 1500.0 12.0 0.0000 0.9944 140.80 0.1285 0.0000 0.0000
-129.3750 46.0447 0.4626 0.2080 0.3294 0.00000 6.670 1499.3 12.0 0.0000 1.5396 193.14 0.1214 0.0005 0.0015
-126.5625 46.0447 0.5239 0.1770 0.2991 0.00000 6.971 1500.0 12.0 0.0000 0.3426 40.94 0.0628 0.0000 0.0003
-25.3125 46.0447 0.5321 0.1475 0.3202 0.00000 6.638 1498.6 12.0 0.0000 0.5871 70.89 0.0628 0.0009 0.0126
-22.5000 46.0447 0.4449 0.2186 0.3365 0.00000 7.786 1499.0 12.0 0.0000 0.6799 86.39 0.0628 0.0006 0.0086
-19.6875 46.0447 0.4890 0.2145 0.2966 0.00000 7.878 1499.9 12.0 0.0000 0.7062 85.76 0.0628 0.0001 0.0011
-16.8750 46.0447 0.5638 0.1733 0.2630 0.00000 7.292 1500.0 12.0 0.0000 1.0698 122.58 0.0759 0.0000 0.0000
-14.0625 46.0447 0.4573 0.2324 0.3103 0.00000 7.312 1500.0 12.0 0.0000 0.9664 120.10 0.0877 0.0000 0.0000
-11.2500 46.0447 0.4792 0.2159 0.3049 0.00000 6.957 1500.0 12.0 0.0000 0.9610 117.80 0.0857 0.0000 0.0000
-8.4375 46.0447 0.3900 0.2719 0.3381 0.00000 7.942 1500.0 12.0 0.0000 0.5950 77.51 0.0832 0.0000 0.0000
-5.6250 46.0447 0.3946 0.2675 0.3379 0.00000 7.896 1500.0 12.0 0.0000 0.4662 60.60 0.0859 0.0000 0.0000
-2.8125 46.0447 0.3766 0.2961 0.3273 0.00000 7.546 1500.0 12.0 0.0000 0.7493 97.65 0.2351 0.0000 0.0000
0.0000 43.2542 0.4498 0.2651 0.2852 0.00000 6.892 1500.0 12.0 0.0000 1.4811 182.15 0.3026 0.0000 0.0000
2.8125 43.2542 0.4018 0.2976 0.3006 0.00000 7.388 1500.0 12.0 0.0000 1.2337 156.60 0.3151 0.0000 0.0000
5.6250 43.2542 0.3930 0.3044 0.3026 0.00000 7.300 1500.0 12.0 0.0000 1.1111 141.77 0.3514 0.0000 0.0000
8.4375 43.2542 0.3637 0.3301 0.3063 0.00000 7.398 1500.0 12.0 0.0000 0.9492 123.03 0.3811 0.0000 0.0000
11.2500 43.2542 0.2845 0.3857 0.3298 0.00000 8.009 1500.0 12.0 0.0000 0.8921 121.34 0.3883 0.0000 0.0000
14.0625 43.2542 0.3308 0.3438 0.3253 0.00000 7.597 1500.0 12.0 0.0000 1.1737 156.01 0.3642 0.0000 0.0000
16.8750 43.2542 0.4415 0.2599 0.2986 0.00000 6.621 1500.0 12.0 0.0000 2.3682 294.63 0.2965 0.0000 0.0000
19.6875 43.2542 0.4091 0.2684 0.3225 0.00000 7.498 1500.0 12.0 0.0000 2.8549 365.51 0.1561 0.0000 0.0000
22.5000 43.2542 0.4112 0.2560 0.3328 0.00000 7.766 1500.0 12.0 0.0000 1.8104 232.86 0.0628 0.0000 0.0000
25.3125 43.2542 0.4694 0.2204 0.3101 0.00000 7.119 1500.0 12.0 0.0000 1.5838 195.68 0.0628 0.0000 0.0000
28.1250 43.2542 0.5047 0.2040 0.2913 0.00000 7.201 1500.0 12.0 0.0000 1.7249 207.18 0.0628 0.0000 0.0000
30.9375 43.2542 0.6636 0.1126 0.2238 0.00000 6.497 1500.0 12.0 0.0000 2.2973 243.18 0.0628 0.0000 0.0000
39.3750 43.2542 0.5694 0.1267 0.3039 0.00000 6.522 1499.0 12.0 0.0000 2.2025 258.39 0.0628 0.0007 0.0093
-163.1250 43.2542 0.5270 0.1630 0.3100 0.00000 6.971 1499.5 12.0 0.0000 1.2466 149.82 0.0628 0.0003 0.0045
-160.3125 43.2542 0.4630 0.2147 0.3224 0.00000 7.111 1500.0 12.0 0.0000 1.3894 173.38 0.0628 0.0000 0.0001
-157.5000 43.2542 0.4688 0.2109 0.3203 0.00000 7.255 1499.9 12.0 0.0000 0.8370 104.05 0.0628 0.0000 0.0007
-154.6875 43.2542 0.5168 0.1821 0.3012 0.00000 7.219 1499.9 12.0 0.0000 0.7466 89.67 0.0633 0.0001 0.0013
-151.8750 43.2542 0.4782 0.2153 0.3065 0.00000 7.735 1500.0 12.0 0.0000 0.2889 35.47 0.0628 0.0000 0.0002
-149.0625 43.2542 0.2638 0.3353 0.4008 0.00000 8.820 1500.0 12.0 0.0000 0.0985 14.00 0.0628 0.0000 0.0000
-146.2500 43.2542 0.4956 0.1901 0.3143 0.00000 7.136 1500.0 12.0 0.0000 0.2242 27.41 0.0628 0.0000 0.0000
-143.4375 43.2542 0.3248 0.2848 0.3905 0.00000 7.535 1500.0 12.0 0.0000 0.1434 19.76 0.0628 0.0000 0.0000
-140.6250 43.2542 0.3619 0.2794 0.3587 0.00000 8.050 1500.0 12.0 0.0000 0.0914 12.19 0.0628 0.0000 0.0000
-137.8125 43.2542 0.3859 0.2698 0.3442 0.00000 8.061 1500.0 12.0 0.0000 0.1398 18.31 0.0628 0.0000 0.0000
-135.0000 43.2542 0.5520 0.1694 0.2786 0.00000 6.688 1500.0 12.0 0.0000 0.5574 64.87 0.0628 0.0000 0.0000
-132.1875 43.2542 0.4246 0.2293 0.3461 0.00000 6.853 1500.0 12.0 0.0000 1.2606 162.30 0.0716 0.0000 0.0000
-129.3750 43.2542 0.4839 0.2021 0.3140 0.00000 6.921 1494.4 12.0 0.0000 1.3975 173.38 0.1382 0.0037 0.0098
-45.0000 43.2542 0.3996 0.2547 0.3456 0.00000 7.216 1500.0 12.0 0.0000 0.1164 15.16 0.0840 0.0000 0.0000
-42.1875 43.2542 0.4216 0.2423 0.3360 0.00000 7.167 1500.0 12.0 0.0000 0.1384 17.75 0.0792 0.0000 0.0000
-39.3750 43.2542 0.2944 0.3799 0.3256 0.00000 7.076 1500.0 12.0 0.0000 0.1115 15.06 0.0672 0.0000 0.0000
-22.5000 43.2542 0.4750 0.1971 0.3277 0.00000 6.979 1499.0 12.0 0.0000 0.4671 58.21 0.0628 0.0007 0.0087
-19.6875 43.2542 0.5934 0.1346 0.2719 0.00000 6.660 1499.0 12.0 0.0000 1.6502 187.50 0.0628 0.0007 0.0087
-16.8750 43.2542 0.5662 0.1739 0.2599 0.00000 7.399 1500.0 12.0 0.0000 1.3062 149.20 0.0697 0.0000 0.0000
-14.0625 43.2542 0.4252 0.2495 0.3253 0.00000 7.707 1500.0 12.0 0.0000 1.1335 144.25 0.0846 0.0000 0.0000
-11.2500 43.2542 0.4143 0.2571 0.3287 0.00000 7.667 1500.0 12.0 0.0000 0.9620 123.28 0.0879 0.0000 0.0000
-8.4375 43.2542 0.3269 0.3321 0.3410 0.00000 8.107 1500.0 12.0 0.0000 1.2107 162.54 0.2426 0.0000 0.0000
-5.6250 43.2542 0.3951 0.2968 0.3081 0.00000 7.278 1500.0 12.0 0.0000 1.2335 157.71 0.3108 0.0000 0.0000
-2.8125 43.2542 0.3772 0.3082 0.3146 0.00000 7.159 1500.0 12.0 0.0000 1.0190 131.84 0.3265 0.0000 0.0000
0.0000 40.4636 0.3697 0.3071 0.3232 0.00000 6.612 1486.7 12.0 0.0000 1.6482 219.39 0.3614 0.0089 0.0118
2.8125 40.4636 0.3397 0.3306 0.3297 0.00000 7.205 1480.2 12.0 0.0000 1.9602 267.87 0.3869 0.0132 0.0169
5.6250 40.4636 0.3572 0.3339 0.3089 0.00000 7.346 1482.2 12.0 0.0000 1.7019 227.63 0.4276 0.0119 0.0146
8.4375 40.4636 0.4611 0.2734 0.2655 0.00000 6.809 1499.4 12.0 0.0000 1.8140 219.57 0.3980 0.0004 0.0005
11.2500 40.4636 0.5182 0.2271 0.2548 0.00000 7.161 1500.0 12.0 0.0000 2.1724 253.62 0.2518 0.0000 0.0000
14.0625 40.4636 0.6107 0.1446 0.2448 0.00000 6.923 1500.0 12.0 0.0000 0.8818 97.43 0.0628 0.0000 0.0000
16.8750 40.4636 0.3784 0.2769 0.3447 0.00000 8.216 1500.0 12.0 0.0000 0.5616 73.81 0.0628 0.0000 0.0000
19.6875 40.4636 0.4467 0.2339 0.3194 0.00000 7.372 1500.0 12.0 0.0000 0.6162 77.36 0.0628 0.0000 0.0000
22.5000 40.4636 0.4720 0.2193 0.3087 0.00000 7.079 1500.0 12.0 0.0000 1.0870 134.02 0.0628 0.0000 0.0000
25.3125 40.4636 0.4365 0.2409 0.3226 0.00000 7.454 1500.0 12.0 0.0000 1.7298 218.62 0.0628 0.0000 0.0000
28.1250 40.4636 0.4977 0.2026 0.2998 0.00000 6.809 1500.0 12.0 0.0000 1.9708 238.71 0.0628 0.0000 0.0000
30.9375 40.4636 0.4825 0.2124 0.3051 0.00000 6.971 1500.0 12.0 0.0000 1.4333 175.44 0.0628 0.0000 0.0000
33.7500 40.4636 0.5419 0.1792 0.2789 0.00000 6.816 1500.0 12.0 0.0000 1.3087 153.13 0.0628 0.0000 0.0000
36.5625 40.4636 0.6412 0.1283 0.2305 0.00000 6.908 1500.0 12.0 0.0000 2.7425 295.27 0.0628 0.0000 0.0000
39.3750 40.4636 0.5684 0.1465 0.2851 0.00000 6.957 1499.7 12.0 0.0000 2.4759 287.01 0.0628 0.0002 0.0030
-165.9375 40.4636 0.3766 0.2649 0.3585 0.00000 7.971 1499.7 12.0 0.0000 1.6168 214.31 0.0716 0.0002 0.0017
-163.1250 40.4636 0.4704 0.2411 0.2885 0.00000 7.879 1500.0 12.0 0.0000 1.3330 162.60 0.0689 0.0000 0.0000
-160.3125 40.4636 0.4604 0.2329 0.3067 0.00000 7.920 1500.0 12.0 0.0000 1.0768 133.36 0.0628 0.0000 0.0000
-157.5000 40.4636 0.6200 0.1379 0.2422 0.00000 6.756 1500.0 12.0 0.0000 0.4723 51.84 0.0628 0.0000 0.0000
-154.6875 40.4636 0.5142 0.1976 0.2881 0.00000 7.365 1500.0 12.0 0.0000 0.1761 21.01 0.0628 0.0000 0.0000
-151.8750 40.4636 0.3174 0.3204 0.3622 0.00000 8.968 1500.0 12.0 0.0000 0.2551 34.78 0.0975 0.0000 0.0000
-149.0625 40.4636 0.2921 0.3119 0.3960 0.00000 8.278 1500.0 12.0 0.0000 0.1003 14.06 0.0628 0.0000 0.0000
-146.2500 40.4636 0.5660 0.1568 0.2771 0.00000 7.254 1500.0 12.0 0.0000 0.1748 20.18 0.0628 0.0000 0.0000
-143.4375 40.4636 0.3556 0.2595 0.3849 0.00000 7.041 1500.0 12.0 0.0000 0.1613 21.87 0.0628 0.0000 0.0000
-140.6250 40.4636 0.4305 0.2346 0.3349 0.00000 7.160 1500.0 12.0 0.0000 0.0828 10.56 0.0628 0.0000 0.0000
-137.8125 40.4636 0.3518 0.2901 0.3581 0.00000 8.452 1500.0 12.0 0.0000 0.1334 17.88 0.0628 0.0000 0.0000
-135.0000 40.4636 0.4323 0.2439 0.3239 0.00000 7.822 1500.0 12.0 0.0000 0.2979 37.75 0.0628 0.0000 0.0000
-132.1875 40.4636 0.4552 0.2290 0.3159 0.00000 7.602 1500.0 12.0 0.0000 1.2775 159.43 0.0867 0.0000 0.0000
-129.3750 40.4636 0.4437 0.2266 0.3296 0.00000 7.270 1492.1 12.0 0.0000 1.3786 176.51 0.1419 0.0053 0.0136
-126.5625 40.4636 0.4730 0.2137 0.3133 0.00000 7.047 1498.4 12.0 0.0000 1.6581 205.41 0.1093 0.0011 0.0039
-104.0625 40.4636 0.5360 0.1142 0.3407 0.00000 7.758 1498.6 12.0 0.0000 1.4474 174.81 0.0628 0.0009 0.0121
-47.8125 40.4636 0.4656 0.2081 0.3261 0.00000 6.756 1500.0 12.0 0.0000 0.0693 10.00 0.0628 0.0000 0.0000
-45.0000 40.4636 0.4746 0.1988 0.3266 0.00000 7.065 1500.0 12.0 0.0000 0.1417 17.62 0.0628 0.0000 0.0001
-42.1875 40.4636 0.4743 0.2011 0.3246 0.00000 7.145 1500.0 12.0 0.0000 0.1309 16.26 0.0628 0.0000 0.0004
-39.3750 40.4636 0.3866 0.3156 0.2978 0.00000 6.238 1496.3 12.0 0.0000 0.2405 30.88 0.4835 0.0025 0.0029
-36.5625 40.4636 0.3097 0.3933 0.2968 0.00000 5.942 1500.0 12.0 0.0000 0.2416 31.93 0.8093 0.0000 0.0000
-33.7500 40.4636 0.2593 0.4484 0.2875 0.00000 6.690 1500.0 12.0 0.0000 0.2911 39.00 0.7468 0.0000 0.0000
-22.5000 40.4636 0.4772 0.2038 0.3190 0.00000 6.992 1491.8 12.0 0.0000 0.7496 93.96 0.1106 0.0055 0.0190
-19.6875 40.4636 0.3206 0.3226 0.3568 0.00000 7.113 1478.1 12.0 0.0000 3.4948 489.71 0.3161 0.0146 0.0206
-16.8750 40.4636 0.3764 0.3227 0.3009 0.00000 7.282 1500.0 12.0 0.0000 3.1382 403.21 0.3757 0.0000 0.0000
-14.0625 40.4636 0.3988 0.3108 0.2904 0.00000 7.106 1500.0 12.0 0.0000 2.2888 289.31 0.4216 0.0000 0.0000
-11.2500 40.4636 0.4805 0.2629 0.2566 0.00000 6.163 1500.0 12.0 0.0000 2.4164 287.86 0.4564 0.0000 0.0000
-8.4375 40.4636 0.3742 0.3278 0.2981 0.00000 6.858 1500.0 12.0 0.0000 1.6591 213.06 0.4794 0.0000 0.0000
-5.6250 40.4636 0.2443 0.3906 0.3651 0.00000 7.039 1499.6 12.0 0.0000 1.4437 203.53 0.4500 0.0003 0.0003
-2.8125 40.4636 0.3527 0.3190 0.3284 0.00000 6.638 1493.6 12.0 0.0000 1.7107 227.69 0.3916 0.0042 0.0054
0.0000 37.6731 0.3484 0.3159 0.3356 0.00000 7.358 1500.0 12.0 0.0000 1.3123 173.99 0.3136 0.0000 0.0000
2.8125 37.6731 0.3802 0.3021 0.3176 0.00000 6.686 1498.0 12.0 0.0000 1.6411 213.02 0.3906 0.0013 0.0017
5.6250 37.6731 0.4328 0.2752 0.2919 0.00000 6.635 1491.2 12.0 0.0000 2.8367 358.01 0.3690 0.0058 0.0077
8.4375 37.6731 0.5731 0.1316 0.2954 0.00000 6.576 1497.5 12.0 0.0000 1.1582 135.26 0.0628 0.0016 0.0219
11.2500 37.6731 0.5367 0.1581 0.3052 0.00000 6.974 1499.1 12.0 0.0000 0.8622 102.91 0.0628 0.0006 0.0084
14.0625 37.6731 0.5609 0.1816 0.2575 0.00000 7.373 1500.0 12.0 0.0000 0.8584 98.18 0.0628 0.0000 0.0000
16.8750 37.6731 0.4504 0.2365 0.3131 0.00000 7.501 1500.0 12.0 0.0000 0.4995 62.38 0.0628 0.0000 0.0000
19.6875 37.6731 0.4393 0.2384 0.3224 0.00000 7.455 1500.0 12.0 0.0000 0.5256 66.34 0.0628 0.0000 0.0000
22.5000 37.6731 0.4891 0.2089 0.3020 0.00000 6.892 1500.0 12.0 0.0000 1.0007 121.88 0.0628 0.0000 0.0000
25.3125 37.6731 0.3116 0.3478 0.3406 0.00000 8.619 1500.0 12.0 0.0000 1.6814 227.24 0.0647 0.0000 0.0000
28.1250 37.6731 0.2966 0.3494 0.3540 0.00000 8.847 1500.0 12.0 0.0000 2.2312 305.64 0.0712 0.0000 0.0000
30.9375 37.6731 0.3840 0.2726 0.3434 0.00000 8.057 1500.0 12.0 0.0000 2.1760 285.07 0.0744 0.0000 0.0000
33.7500 37.6731 0.4635 0.2238 0.3127 0.00000 7.219 1500.0 12.0 0.0000 1.4140 175.46 0.0628 0.0000 0.0000
36.5625 37.6731 0.5682 0.1677 0.2641 0.00000 7.026 1500.0 12.0 0.0000 3.0789 352.20 0.0628 0.0000 0.0000
39.3750 37.6731 0.7120 0.0845 0.2034 0.00000 6.402 1500.0 12.0 0.0000 5.0000 507.61 0.0628 0.0000 0.0002
87.1875 37.6731 0.1567 0.5099 0.3334 0.00000 7.746 1500.0 12.0 0.0000 0.9608 138.30 0.0851 0.0000 0.0000
90.0000 37.6731 0.3621 0.3033 0.3345 0.00000 7.266 1500.0 12.0 0.0000 1.0033 132.12 0.0820 0.0000 0.0001
92.8125 37.6731 0.4768 0.2055 0.3172 0.00000 6.825 1500.0 12.0 0.0000 1.2822 158.40 0.0778 0.0000 0.0002
98.4375 37.6731 0.5620 0.1358 0.3022 0.00000 6.659 1499.3 12.0 0.0000 2.7463 322.90 0.0831 0.0005 0.0027
101.2500 37.6731 0.5072 0.1841 0.3088 0.00000 7.043 1499.6 12.0 0.0000 2.4929 302.30 0.0825 0.0003 0.0017
132.1875 37.6731 0.1025 0.5930 0.3045 0.00000 6.899 1500.0 12.0 0.0000 0.1997 28.98 0.0816 0.0000 0.0000
-168.7500 37.6731 0.5151 0.1727 0.3122 0.00000 6.857 1499.2 12.0 0.0000 2.6646 322.70 0.0876 0.0005 0.0027
-165.9375 37.6731 0.4189 0.2529 0.3282 0.00000 7.305 1500.0 12.0 0.0000 2.5549 326.63 0.0827 0.0000 0.0000
-163.1250 37.6731 0.4365 0.2522 0.3113 0.00000 7.856 1500.0 12.0 0.0000 0.5727 71.93 0.0659 0.0000 0.0000
-160.3125 37.6731 0.3918 0.2732 0.3350 0.00000 7.940 1500.0 12.0 0.0000 0.2278 29.60 0.0628 0.0000 0.0000
-157.5000 37.6731 0.4646 0.2228 0.3126 0.00000 7.200 1500.0 12.0 0.0000 0.2074 25.72 0.0628 0.0000 0.0000
-154.6875 37.6731 0.4095 0.2536 0.3370 0.00000 7.596 1500.0 12.0 0.0000 0.1341 17.30 0.0628 0.0000 0.0000
-151.8750 37.6731 0.3236 0.2927 0.3837 0.00000 7.785 1500.0 12.0 0.0000 0.1246 17.13 0.0628 0.0000 0.0000
-149.0625 37.6731 0.2892 0.3027 0.4081 0.00000 7.307 1500.0 12.0 0.0000 0.3636 51.34 0.0857 0.0000 0.0000
-146.2500 37.6731 0.3899 0.2561 0.3540 0.00000 7.799 1500.0 12.0 0.0000 0.1036 13.61 0.0628 0.0000 0.0000
-143.4375 37.6731 0.5798 0.1451 0.2751 0.00000 7.078 1500.0 12.0 0.0000 0.1874 21.45 0.0628 0.0000 0.0000
-140.6250 37.6731 0.3537 0.2548 0.3916 0.00000 6.696 1500.0 12.0 0.0000 0.2638 35.93 0.0628 0.0000 0.0000
-137.8125 37.6731 0.3946 0.2631 0.3423 0.00000 7.882 1500.0 12.0 0.0000 0.1078 14.04 0.0628 0.0000 0.0000
-135.0000 37.6731 0.3242 0.3073 0.3685 0.00000 8.775 1500.0 12.0 0.0000 0.1126 15.35 0.0628 0.0000 0.0000
-132.1875 37.6731 0.4452 0.2504 0.3045 0.00000 7.996 1500.0 12.0 0.0000 1.2687 158.08 0.1455 0.0000 0.0000
-129.3750 37.6731 0.5393 0.1829 0.2778 0.00000 6.968 1481.5 12.0 0.0000 2.5693 310.36 0.1826 0.0123 0.0250
-126.5625 37.6731 0.4588 0.2050 0.3361 0.00000 7.244 1497.9 12.0 0.0000 0.7376 93.25 0.0628 0.0014 0.0187
-118.1250 37.6731 0.0675 0.6361 0.2965 0.00000 6.996 1500.0 12.0 0.0000 1.2049 176.77 0.1873 0.0000 0.0000
-98.4375 37.6731 0.5094 0.1823 0.3083 0.00000 6.921 1499.9 12.0 0.0000 1.7767 215.04 0.0628 0.0001 0.0009
-95.6250 37.6731 0.4665 0.2140 0.3195 0.00000 6.918 1500.0 12.0 0.0000 1.6731 208.09 0.0628 0.0000 0.0000
-92.8125 37.6731 0.4620 0.2148 0.3230 0.00000 7.281 1500.0 12.0 0.0000 1.4311 178.70 0.0628 0.0000 0.0002
-87.1875 37.6731 0.5257 0.1725 0.3018 0.00000 6.506 1500.0 12.0 0.0000 1.2127 145.03 0.0628 0.0000 0.0001
-56.2500 37.6731 0.4831 0.2002 0.3167 0.00000 6.828 1500.0 12.0 0.0000 0.0684 10.00 0.0628 0.0000 0.0000
-53.4375 37.6731 0.4038 0.2388 0.3574 0.00000 7.337 1500.0 12.0 0.0000 0.2070 27.08 0.0628 0.0000 0.0000
-50.6250 37.6731 0.3980 0.2351 0.3669 0.00000 7.120 1499.7 12.0 0.0000 0.2013 26.55 0.0628 0.0002 0.0023
-47.8125 37.6731 0.3837 0.2480 0.3683 0.00000 7.360 1500.0 12.0 0.0000 0.1160 15.40 0.0646 0.0000 0.0000
-45.0000 37.6731 0.2993 0.2924 0.4083 0.00000 7.429 1500.0 12.0 0.0000 0.1088 15.31 0.0628 0.0000 0.0000
-42.1875 37.6731 0.4024 0.2407 0.3569 0.00000 7.152 1500.0 12.0 0.0000 0.1124 14.70 0.0628 0.0000 0.0000
-39.3750 37.6731 0.3001 0.3755 0.3244 0.00000 6.012 1398.0 12.0 0.0000 0.4045 62.75 0.6706 0.0680 0.0724
-36.5625 37.6731 0.3681 0.3800 0.2519 0.00000 4.973 1243.3 12.0 0.0000 0.3618 64.01 1.0662 0.1712 0.1647
-22.5000 37.6731 0.3827 0.2991 0.3182 0.00000 7.280 1488.7 12.0 0.0000 1.3437 176.80 0.3021 0.0076 0.0109
-19.6875 37.6731 0.3313 0.3317 0.3370 0.00000 6.324 1472.0 12.0 0.0000 3.4223 476.83 0.4600 0.0187 0.0224
-16.8750 37.6731 0.2477 0.4021 0.3502 0.00000 7.057 1496.6 12.0 0.0000 2.4586 345.03 0.5605 0.0023 0.0025
-14.0625 37.6731 0.2766 0.3828 0.3406 0.00000 6.415 1491.0 12.0 0.0000 3.4103 474.17 0.5809 0.0060 0.0066
-11.2500 37.6731 0.3125 0.3561 0.3314 0.00000 5.986 1444.8 12.0 0.0000 3.8004 552.89 0.5654 0.0368 0.0412
-8.4375 37.6731 0.3469 0.3393 0.3139 0.00000 6.466 1442.8 12.0 0.0000 1.9400 276.64 0.5203 0.0381 0.0438
-5.6250 37.6731 0.3750 0.3203 0.3047 0.00000 6.795 1497.0 12.0 0.0000 2.0781 268.99 0.4352 0.0020 0.0025
-2.8125 37.6731 0.3627 0.3144 0.3229 0.00000 7.188 1500.0 12.0 0.0000 1.6585 217.00 0.3193 0.0000 0.0000
11.2500 34.8825 0.5009 0.1789 0.3202 0.00000 6.768 1499.0 12.0 0.0000 1.6221 198.82 0.0852 0.0007 0.0037
14.0625 34.8825 0.5109 0.2015 0.2876 0.00000 7.510 1499.9 12.0 0.0000 2.3926 285.93 0.0929 0.0001 0.0003
16.8750 34.8825 0.4391 0.2469 0.3140 0.00000 7.888 1500.0 12.0 0.0000 1.9636 246.69 0.0987 0.0000 0.0000
19.6875 34.8825 0.4468 0.2377 0.3155 0.00000 7.299 1500.0 12.0 0.0000 2.0918 262.05 0.1037 0.0000 0.0000
22.5000 34.8825 0.4735 0.2222 0.3043 0.00000 6.989 1500.0 12.0 0.0000 4.6103 566.57 0.1093 0.0000 0.0000
25.3125 34.8825 0.2988 0.3426 0.3586 0.00000 8.850 1500.0 12.0 0.0000 4.3473 596.36 0.0981 0.0000 0.0000
28.1250 34.8825 0.2131 0.4232 0.3637 0.00000 9.500 1500.0 12.0 0.0000 3.1453 448.74 0.0836 0.0000 0.0000
30.9375 34.8825 0.2848 0.3507 0.3645 0.00000 8.951 1500.0 12.0 0.0000 2.7582 381.82 0.0817 0.0000 0.0000
33.7500 34.8825 0.3503 0.3104 0.3392 0.00000 8.250 1500.0 12.0 0.0000 1.1560 153.42 0.0628 0.0000 0.0000
36.5625 34.8825 0.3412 0.3088 0.3500 0.00000 8.689 1500.0 12.0 0.0000 0.8644 115.85 0.0628 0.0000 0.0000
39.3750 34.8825 0.5226 0.1924 0.2850 0.00000 7.283 1500.0 12.0 0.0000 1.3084 155.16 0.0628 0.0000 0.0000
42.1875 34.8825 0.5835 0.1561 0.2605 0.00000 6.644 1500.0 12.0 0.0000 1.5164 171.69 0.0628 0.0000 0.0000
45.0000 34.8825 0.6501 0.1195 0.2303 0.00000 6.517 1500.0 12.0 0.0000 3.4992 374.83 0.0628 0.0000 0.0000
47.8125 34.8825 0.5510 0.1630 0.2860 0.00000 7.139 1499.9 12.0 0.0000 1.2595 147.34 0.0628 0.0001 0.0011
50.6250 34.8825 0.5415 0.1416 0.3169 0.00000 6.626 1499.6 12.0 0.0000 0.8388 100.47 0.0628 0.0003 0.0040
87.1875 34.8825 0.3938 0.2593 0.3467 0.00000 7.547 1500.0 12.0 0.0000 0.7632 99.70 0.0725 0.0000 0.0000
90.0000 34.8825 0.4973 0.1908 0.3120 0.00000 7.169 1499.9 12.0 0.0000 1.6178 197.39 0.0771 0.0000 0.0002
92.8125 34.8825 0.4184 0.2284 0.3532 0.00000 7.287 1499.8 12.0 0.0000 1.4382 186.46 0.0705 0.0001 0.0010
95.6250 34.8825 0.4893 0.1909 0.3196 0.00000 7.286 1499.7 12.0 0.0000 1.4656 180.36 0.0738 0.0002 0.0014
98.4375 34.8825 0.5291 0.1884 0.2825 0.00000 7.339 1499.9 12.0 0.0000 1.8576 219.28 0.0827 0.0001 0.0003
101.2500 34.8825 0.6140 0.1467 0.2394 0.00000 6.950 1500.0 12.0 0.0000 3.0485 335.08 0.0957 0.0000 0.0000
104.0625 34.8825 0.5690 0.1445 0.2865 0.00000 6.554 1499.6 12.0 0.0000 2.3269 269.90 0.0779 0.0003 0.0016
123.7500 34.8825 0.5249 0.1639 0.3111 0.00000 6.558 1499.9 12.0 0.0000 0.2140 25.74 0.0628 0.0001 0.0008
126.5625 34.8825 0.5235 0.1561 0.3204 0.00000 6.632 1499.8 12.0 0.0000 0.1048 12.69 0.0628 0.0001 0.0014
129.3750 34.8825 0.4699 0.2028 0.3273 0.00000 6.825 1499.9 12.0 0.0000 0.0711 10.00 0.0628 0.0000 0.0005
132.1875 34.8825 0.3681 0.2917 0.3401 0.00000 7.588 1500.0 12.0 0.0000 0.0494 10.00 0.0628 0.0000 0.0001
135.0000 34.8825 0.3876 0.2723 0.3401 0.00000 7.426 1500.0 12.0 0.0000 0.0455 10.00 0.0628 0.0000 0.0000
143.4375 34.8825 0.4136 0.2541 0.3322 0.00000 7.454 1500.0 12.0 0.0000 0.0900 11.56 0.0714 0.0000 0.0000
146.2500 34.8825 0.2436 0.4044 0.3500 0.00000 8.162 1500.0 12.0 0.0000 0.0730 10.19 0.0628 0.0000 0.0000
-177.1875 34.8825 0.5576 0.1387 0.3037 0.00000 6.594 1499.7 12.0 0.0000 1.7805 209.84 0.0628 0.0002 0.0024
-174.3750 34.8825 0.5555 0.1519 0.2926 0.00000 6.881 1499.8 12.0 0.0000 1.2190 142.87 0.0628 0.0001 0.0019
-165.9375 34.8825 0.5544 0.1812 0.2644 0.00000 7.205 1500.0 12.0 0.0000 0.8820 101.65 0.0628 0.0000 0.0000
-163.1250 34.8825 0.3991 0.2670 0.3339 0.00000 8.130 1500.0 12.0 0.0000 0.1901 24.60 0.0628 0.0000 0.0000
-160.3125 34.8825 0.4080 0.2575 0.3345 0.00000 7.810 1500.0 12.0 0.0000 0.1143 14.74 0.0628 0.0000 0.0000
-157.5000 34.8825 0.4572 0.2227 0.3202 0.00000 7.227 1500.0 12.0 0.0000 0.1812 22.64 0.0628 0.0000 0.0000
-154.6875 34.8825 0.3089 0.2810 0.4101 0.00000 6.887 1500.0 12.0 0.0000 0.3473 48.68 0.0628 0.0000 0.0000
-151.8750 34.8825 0.3326 0.2952 0.3722 0.00000 6.948 1500.0 12.0 0.0000 1.4814 201.62 0.2143 0.0000 0.0000
-149.0625 34.8825 0.4172 0.2754 0.3075 0.00000 6.624 1500.0 12.0 0.0000 1.2792 161.81 0.3442 0.0000 0.0000
-146.2500 34.8825 0.4177 0.2708 0.3114 0.00000 6.955 1500.0 12.0 0.0000 0.5359 67.92 0.2630 0.0000 0.0000
-143.4375 34.8825 0.5506 0.1685 0.2809 0.00000 7.097 1500.0 12.0 0.0000 0.4659 54.34 0.0847 0.0000 0.0000
-140.6250 34.8825 0.3195 0.2882 0.3923 0.00000 7.474 1500.0 12.0 0.0000 0.2367 32.73 0.0628 0.0000 0.0000
-137.8125 34.8825 0.2894 0.3026 0.4080 0.00000 7.143 1500.0 12.0 0.0000 0.9063 127.97 0.1054 0.0000 0.0000
-135.0000 34.8825 0.2825 0.3425 0.3750 0.00000 8.493 1500.0 12.0 0.0000 0.6023 83.90 0.1854 0.0000 0.0000
-132.1875 34.8825 0.2801 0.3658 0.3541 0.00000 8.949 1500.0 12.0 0.0000 0.9139 126.09 0.2367 0.0000 0.0000
-129.3750 34.8825 0.2925 0.3481 0.3595 0.00000 8.155 1490.7 12.0 0.0000 2.7502 383.56 0.2257 0.0062 0.0106
-126.5625 34.8825 0.4542 0.2125 0.3332 0.00000 7.118 1499.0 12.0 0.0000 0.8025 101.33 0.0628 0.0007 0.0090
-98.4375 34.8825 0.5444 0.1435 0.3120 0.00000 6.472 1499.0 12.0 0.0000 3.5632 425.39 0.0938 0.0007 0.0031
-95.6250 34.8825 0.4232 0.2336 0.3432 0.00000 7.097 1499.8 12.0 0.0000 3.6723 472.51 0.0930 0.0001 0.0006
-92.8125 34.8825 0.4376 0.2305 0.3319 0.00000 7.349 1499.8 12.0 0.0000 3.7850 480.73 0.0895 0.0001 0.0005
-90.0000 34.8825 0.3055 0.3163 0.3781 0.00000 8.744 1499.9 12.0 0.0000 2.4823 342.94 0.0863 0.0001 0.0003
-87.1875 34.8825 0.3876 0.2488 0.3635 0.00000 7.389 1500.0 12.0 0.0000 1.8266 241.46 0.0628 0.0000 0.0002
-84.3750 34.8825 0.3953 0.2423 0.3625 0.00000 6.908 1500.0 12.0 0.0000 1.7028 224.20 0.0647 0.0000 0.0001
-81.5625 34.8825 0.4817 0.1887 0.3296 0.00000 6.933 1499.9 12.0 0.0000 0.9143 113.54 0.0635 0.0001 0.0007
-64.6875 34.8825 0.4946 0.1962 0.3092 0.00000 6.729 1500.0 12.0 0.0000 0.2576 31.41 0.0761 0.0000 0.0000
-61.8750 34.8825 0.4622 0.2184 0.3195 0.00000 7.481 1499.9 12.0 0.0000 0.4189 52.22 0.0900 0.0001 0.0003
-59.0625 34.8825 0.4370 0.2369 0.3261 0.00000 7.313 1500.0 12.0 0.0000 0.3341 42.29 0.0887 0.0000 0.0000
-56.2500 34.8825 0.5054 0.1846 0.3100 0.00000 6.734 1500.0 12.0 0.0000 0.4947 60.05 0.0858 0.0000 0.0000
-53.4375 34.8825 0.2898 0.3040 0.4062 0.00000 7.532 1500.0 12.0 0.0000 0.4075 57.48 0.0856 0.0000 0.0000
-50.6250 34.8825 0.4375 0.2266 0.3359 0.00000 7.072 1500.0 12.0 0.0000 0.1574 20.03 0.0672 0.0000 0.0000
-47.8125 34.8825 0.4719 0.2102 0.3179 0.00000 7.093 1500.0 12.0 0.0000 0.0619 10.00 0.0628 0.0000 0.0000
-45.0000 34.8825 0.4405 0.2299 0.3296 0.00000 7.151 1500.0 12.0 0.0000 0.0514 10.00 0.0628 0.0000 0.0000
-42.1875 34.8825 0.5990 0.1522 0.2488 0.00000 7.123 1500.0 12.0 0.0000 0.1302 14.52 0.0628 0.0000 0.0000
-39.3750 34.8825 0.3941 0.2735 0.3323 0.00000 8.393 1499.9 12.0 0.0000 0.1119 14.50 0.0628 0.0001 0.0010
-36.5625 34.8825 0.3649 0.3360 0.2991 0.00000 6.649 1462.2 12.0 0.0000 1.0531 143.87 0.5621 0.0252 0.0283
-19.6875 34.8825 0.5047 0.2198 0.2753 0.00000 6.369 1500.0 12.0 0.0000 1.7716 210.76 0.3134 0.0000 0.0000
-16.8750 34.8825 0.3848 0.3242 0.2910 0.00000 6.999 1490.4 12.0 0.0000 1.6311 210.75 0.4898 0.0064 0.0075
11.2500 32.0919 0.5196 0.1637 0.3167 0.00000 6.680 1499.5 12.0 0.0000 0.8712 105.50 0.0772 0.0003 0.0021
14.0625 32.0919 0.5274 0.1859 0.2867 0.00000 7.377 1499.8 12.0 0.0000 1.7086 202.41 0.0859 0.0001 0.0006
16.8750 32.0919 0.5148 0.1992 0.2860 0.00000 7.314 1500.0 12.0 0.0000 2.5161 299.75 0.0787 0.0000 0.0000
19.6875 32.0919 0.4320 0.2435 0.3245 0.00000 7.523 1500.0 12.0 0.0000 2.4004 304.37 0.0722 0.0000 0.0000
22.5000 32.0919 0.4917 0.2063 0.3020 0.00000 6.872 1500.0 12.0 0.0000 1.0388 126.36 0.0628 0.0000 0.0000
25.3125 32.0919 0.3567 0.2964 0.3469 0.00000 8.315 1500.0 12.0 0.0000 1.1208 148.93 0.0628 0.0000 0.0000
28.1250 32.0919 0.2192 0.4115 0.3693 0.00000 9.500 1500.0 12.0 0.0000 1.9919 284.24 0.0628 0.0000 0.0000
30.9375 32.0919 0.2121 0.4256 0.3623 0.00000 9.500 1500.0 12.0 0.0000 1.3351 190.43 0.0628 0.0000 0.0000
33.7500 32.0919 0.2206 0.4086 0.3708 0.00000 9.500 1500.0 12.0 0.0000 0.8386 119.69 0.0628 0.0000 0.0000
36.5625 32.0919 0.3089 0.3451 0.3460 0.00000 8.680 1500.0 12.0 0.0000 0.7467 101.32 0.0628 0.0000 0.0000
39.3750 32.0919 0.4943 0.2052 0.3005 0.00000 6.840 1500.0 12.0 0.0000 0.6851 83.16 0.0628 0.0000 0.0000
42.1875 32.0919 0.4982 0.2024 0.2994 0.00000 6.800 1500.0 12.0 0.0000 0.7547 91.38 0.0628 0.0000 0.0000
45.0000 32.0919 0.6298 0.1309 0.2393 0.00000 6.559 1500.0 12.0 0.0000 1.3328 145.23 0.0628 0.0000 0.0000
47.8125 32.0919 0.6814 0.1024 0.2162 0.00000 6.504 1500.0 12.0 0.0000 1.9530 203.59 0.0628 0.0000 0.0000
50.6250 32.0919 0.5424 0.1528 0.3049 0.00000 6.871 1499.4 12.0 0.0000 0.7899 93.94 0.0628 0.0004 0.0052
53.4375 32.0919 0.4783 0.2015 0.3199 0.00000 6.870 1496.4 12.0 0.0000 2.0121 250.28 0.1241 0.0024 0.0072
90.0000 32.0919 0.4457 0.2242 0.3302 0.00000 7.431 1499.8 12.0 0.0000 2.3583 298.10 0.0914 0.0001 0.0005
92.8125 32.0919 0.3615 0.2634 0.3751 0.00000 7.092 1499.9 12.0 0.0000 2.7663 372.30 0.1000 0.0001 0.0002
95.6250 32.0919 0.4838 0.2139 0.3023 0.00000 7.684 1500.0 12.0 0.0000 0.9170 112.00 0.0628 0.0000 0.0000
98.4375 32.0919 0.4863 0.2196 0.2942 0.00000 7.860 1500.0 12.0 0.0000 0.8251 100.19 0.0628 0.0000 0.0000
101.2500 32.0919 0.5325 0.1961 0.2713 0.00000 7.503 1500.0 12.0 0.0000 2.0488 239.80 0.0774 0.0000 0.0000
123.7500 32.0919 0.4921 0.1943 0.3136 0.00000 6.883 1500.0 12.0 0.0000 0.1407 17.23 0.0628 0.0000 0.0001
126.5625 32.0919 0.3917 0.2377 0.3705 0.00000 7.253 1499.9 12.0 0.0000 0.1100 14.57 0.0628 0.0001 0.0009
129.3750 32.0919 0.3665 0.2530 0.3805 0.00000 7.230 1499.9 12.0 0.0000 0.0941 12.67 0.0628 0.0001 0.0012
132.1875 32.0919 0.4103 0.2356 0.3541 0.00000 7.242 1499.9 12.0 0.0000 0.0904 11.77 0.0628 0.0000 0.0005
135.0000 32.0919 0.4338 0.2301 0.3360 0.00000 7.461 1500.0 12.0 0.0000 0.0618 10.00 0.0628 0.0000 0.0000
137.8125 32.0919 0.5199 0.1660 0.3142 0.00000 6.671 1498.9 12.0 0.0000 0.0857 10.37 0.0628 0.0007 0.0099
140.6250 32.0919 0.4831 0.1851 0.3317 0.00000 6.888 1498.4 12.0 0.0000 0.0802 10.00 0.0628 0.0011 0.0140
143.4375 32.0919 0.4380 0.2329 0.3292 0.00000 7.613 1500.0 12.0 0.0000 0.0627 10.00 0.0628 0.0000 0.0000
146.2500 32.0919 0.3916 0.2619 0.3463 0.00000 8.124 1500.0 12.0 0.0000 0.0780 10.20 0.0628 0.0000 0.0000
149.0625 32.0919 0.4110 0.2569 0.3294 0.00000 7.126 1500.0 12.0 0.0000 0.1957 25.06 0.0721 0.0000 0.0000
-177.1875 32.0919 0.5718 0.1763 0.2519 0.00000 7.064 1500.0 12.0 0.0000 0.7510 85.11 0.0628 0.0000 0.0000
-174.3750 32.0919 0.6156 0.1408 0.2436 0.00000 6.886 1500.0 12.0 0.0000 0.7770 85.55 0.0628 0.0000 0.0000
-168.7500 32.0919 0.4653 0.2312 0.3035 0.00000 7.167 1500.0 12.0 0.0000 0.4153 51.22 0.0628 0.0000 0.0000
-165.9375 32.0919 0.4460 0.2349 0.3191 0.00000 7.238 1500.0 12.0 0.0000 0.5403 67.85 0.0628 0.0000 0.0000
-163.1250 32.0919 0.4067 0.2636 0.3297 0.00000 7.974 1500.0 12.0 0.0000 0.1774 22.83 0.0628 0.0000 0.0000
-160.3125 32.0919 0.3673 0.2847 0.3480 0.00000 8.240 1500.0 12.0 0.0000 0.1089 14.41 0.0628 0.0000 0.0000
-157.5000 32.0919 0.3300 0.2951 0.3749 0.00000 7.839 1500.0 12.0 0.0000 0.1857 25.33 0.0628 0.0000 0.0000
-154.6875 32.0919 0.3214 0.2810 0.3976 0.00000 7.437 1500.0 12.0 0.0000 0.3191 44.21 0.0628 0.0000 0.0000
-151.8750 32.0919 0.4478 0.2495 0.3025 0.00000 6.913 1499.8 12.0 0.0000 0.8351 103.84 0.2414 0.0002 0.0003
-149.0625 32.0919 0.4053 0.2634 0.3311 0.00000 6.922 1500.0 12.0 0.0000 0.4576 58.95 0.1885 0.0000 0.0000
-143.4375 32.0919 0.4857 0.2258 0.2882 0.00000 6.435 1500.0 12.0 0.0000 0.7536 91.18 0.2615 0.0000 0.0000
-140.6250 32.0919 0.3988 0.3051 0.2960 0.00000 6.664 1500.0 12.0 0.0000 0.9813 124.41 0.4608 0.0000 0.0000
-137.8125 32.0919 0.3270 0.3494 0.3236 0.00000 6.606 1499.8 12.0 0.0000 1.5848 210.89 0.5199 0.0001 0.0002
-135.0000 32.0919 0.2677 0.3851 0.3473 0.00000 7.278 1500.0 12.0 0.0000 1.4471 200.06 0.4947 0.0000 0.0000
-132.1875 32.0919 0.3096 0.3499 0.3405 0.00000 7.837 1495.7 12.0 0.0000 1.2863 175.10 0.3632 0.0028 0.0038
-129.3750 32.0919 0.4035 0.2460 0.3505 0.00000 7.769 1499.3 12.0 0.0000 0.5450 71.10 0.0666 0.0005 0.0049
-126.5625 32.0919 0.4012 0.2573 0.3414 0.00000 7.504 1500.0 12.0 0.0000 1.0896 141.45 0.0750 0.0000 0.0001
-98.4375 32.0919 0.5269 0.1600 0.3131 0.00000 6.513 1499.4 12.0 0.0000 3.2820 395.24 0.0915 0.0004 0.0019
-95.6250 32.0919 0.5453 0.1788 0.2759 0.00000 7.046 1500.0 12.0 0.0000 3.0464 355.22 0.0855 0.0000 0.0002
-92.8125 32.0919 0.5391 0.1879 0.2731 0.00000 7.397 1500.0 12.0 0.0000 2.2803 266.27 0.0786 0.0000 0.0000
-90.0000 32.0919 0.3660 0.2857 0.3483 0.00000 8.394 1500.0 12.0 0.0000 1.7010 225.24 0.0830 0.0000 0.0000
-87.1875 32.0919 0.4984 0.2094 0.2922 0.00000 7.439 1500.0 12.0 0.0000 1.5937 192.12 0.0692 0.0000 0.0000
-84.3750 32.0919 0.4547 0.2343 0.3110 0.00000 8.078 1500.0 12.0 0.0000 0.7820 97.36 0.0656 0.0000 0.0000
-81.5625 32.0919 0.3807 0.2711 0.3483 0.00000 8.270 1500.0 12.0 0.0000 0.6428 84.56 0.0628 0.0000 0.0000
-78.7500 32.0919 0.4262 0.2353 0.3384 0.00000 7.657 1500.0 12.0 0.0000 0.5311 68.05 0.0628 0.0000 0.0002
-75.9375 32.0919 0.4706 0.2062 0.3231 0.00000 7.138 1500.0 12.0 0.0000 0.1615 20.09 0.0628 0.0000 0.0002
-64.6875 32.0919 0.4259 0.2406 0.3335 0.00000 7.551 1500.0 12.0 0.0000 0.1535 19.61 0.0699 0.0000 0.0000
-61.8750 32.0919 0.2988 0.2931 0.4081 0.00000 7.322 1500.0 12.0 0.0000 0.5239 73.68 0.0735 0.0000 0.0001
-59.0625 32.0919 0.3484 0.2678 0.3837 0.00000 7.314 1500.0 12.0 0.0000 0.3362 45.71 0.0686 0.0000 0.0001
-56.2500 32.0919 0.3323 0.2801 0.3876 0.00000 7.305 1500.0 12.0 0.0000 0.2558 35.10 0.0752 0.0000 0.0000
-53.4375 32.0919 0.3797 0.2600 0.3603 0.00000 7.500 1500.0 12.0 0.0000 0.0791 10.47 0.0628 0.0000 0.0000
-50.6250 32.0919 0.4065 0.2585 0.3350 0.00000 7.852 1500.0 12.0 0.0000 0.0327 10.00 0.0628 0.0000 0.0000
-47.8125 32.0919 0.4000 0.2629 0.3370 0.00000 7.892 1500.0 12.0 0.0000 0.0269 10.00 0.0628 0.0000 0.0000
-45.0000 32.0919 0.4224 0.2478 0.3297 0.00000 7.670 1500.0 12.0 0.0000 0.0252 10.00 0.0628 0.0000 0.0000
-42.1875 32.0919 0.5036 0.2031 0.2934 0.00000 7.439 1500.0 12.0 0.0000 0.0481 10.00 0.0628 0.0000 0.0000
-39.3750 32.0919 0.5489 0.1791 0.2720 0.00000 7.294 1500.0 12.0 0.0000 0.1433 16.64 0.0628 0.0000 0.0000
-36.5625 32.0919 0.3564 0.2633 0.3803 0.00000 7.216 1500.0 12.0 0.0000 0.2295 31.03 0.0628 0.0000 0.0000
-33.7500 32.0919 0.3687 0.2599 0.3714 0.00000 7.513 1500.0 12.0 0.0000 0.1825 24.43 0.0628 0.0000 0.0004
-30.9375 32.0919 0.4834 0.1998 0.3167 0.00000 6.917 1500.0 12.0 0.0000 0.1649 20.31 0.0628 0.0000 0.0000
-16.8750 32.0919 0.3983 0.2558 0.3459 0.00000 7.395 1500.0 12.0 0.0000 0.3408 44.41 0.0628 0.0000 0.0000
14.0625 29.3014 0.4101 0.2497 0.3402 0.00000 7.991 1499.9 12.0 0.0000 0.9280 119.92 0.0628 0.0001 0.0007
16.8750 29.3014 0.4516 0.2355 0.3129 0.00000 8.051 1500.0 12.0 0.0000 2.2343 278.85 0.0628 0.0000 0.0000
19.6875 29.3014 0.5102 0.1959 0.2939 0.00000 6.778 1500.0 12.0 0.0000 1.6990 203.81 0.0628 0.0000 0.0000
22.5000 29.3014 0.4982 0.2024 0.2994 0.00000 6.800 1500.0 12.0 0.0000 0.8338 100.95 0.0628 0.0000 0.0000
25.3125 29.3014 0.4351 0.2420 0.3229 0.00000 7.494 1500.0 12.0 0.0000 0.9519 120.42 0.0628 0.0000 0.0000
28.1250 29.3014 0.2497 0.3569 0.3934 0.00000 9.500 1500.0 12.0 0.0000 0.9766 139.22 0.0628 0.0000 0.0000
30.9375 29.3014 0.2708 0.3456 0.3837 0.00000 9.299 1500.0 12.0 0.0000 0.9825 138.15 0.0628 0.0000 0.0000
33.7500 29.3014 0.3721 0.2823 0.3456 0.00000 8.174 1500.0 12.0 0.0000 0.5994 79.04 0.0628 0.0000 0.0000
36.5625 29.3014 0.4321 0.2422 0.3257 0.00000 7.541 1500.0 12.0 0.0000 0.3273 41.53 0.0628 0.0000 0.0000
39.3750 29.3014 0.4976 0.2027 0.2997 0.00000 6.807 1500.0 12.0 0.0000 0.3084 37.35 0.0628 0.0000 0.0000
42.1875 29.3014 0.4966 0.2032 0.3002 0.00000 6.820 1500.0 12.0 0.0000 0.4110 49.82 0.0628 0.0000 0.0000
45.0000 29.3014 0.4714 0.2215 0.3071 0.00000 7.310 1500.0 12.0 0.0000 0.3760 46.33 0.0628 0.0000 0.0000
47.8125 29.3014 0.6546 0.1192 0.2261 0.00000 6.801 1500.0 12.0 0.0000 0.9954 106.06 0.0628 0.0000 0.0000
50.6250 29.3014 0.5802 0.1614 0.2584 0.00000 6.808 1499.9 12.0 0.0000 1.1196 126.84 0.0628 0.0001 0.0008
53.4375 29.3014 0.4131 0.2538 0.3330 0.00000 7.346 1498.4 12.0 0.0000 0.8590 110.68 0.0628 0.0011 0.0146
87.1875 29.3014 0.4909 0.2115 0.2976 0.00000 7.001 1499.9 12.0 0.0000 2.3538 285.75 0.0949 0.0001 0.0003
90.0000 29.3014 0.3026 0.3140 0.3834 0.00000 7.888 1500.0 12.0 0.0000 1.8920 262.39 0.0835 0.0000 0.0001
92.8125 29.3014 0.4648 0.2260 0.3092 0.00000 7.803 1500.0 12.0 0.0000 0.9870 122.15 0.0678 0.0000 0.0000
95.6250 29.3014 0.4709 0.2235 0.3057 0.00000 7.571 1500.0 12.0 0.0000 0.4821 59.37 0.0628 0.0000 0.0000
98.4375 29.3014 0.4262 0.2566 0.3172 0.00000 7.555 1500.0 12.0 0.0000 0.4921 62.32 0.0628 0.0000 0.0000
101.2500 29.3014 0.4302 0.2672 0.3026 0.00000 7.718 1500.0 12.0 0.0000 1.3682 171.53 0.0723 0.0000 0.0000
123.7500 29.3014 0.4384 0.2302 0.3314 0.00000 7.306 1499.9 12.0 0.0000 0.0993 12.60 0.0628 0.0001 0.0012
126.5625 29.3014 0.3232 0.2818 0.3951 0.00000 7.405 1499.9 12.0 0.0000 0.1134 15.68 0.0628 0.0000 0.0006
129.3750 29.3014 0.4463 0.2119 0.3418 0.00000 6.899 1500.0 12.0 0.0000 0.1245 15.83 0.0628 0.0000 0.0000
132.1875 29.3014 0.4951 0.1968 0.3081 0.00000 6.967 1500.0 12.0 0.0000 0.1564 19.06 0.0628 0.0000 0.0000
135.0000 29.3014 0.4607 0.2065 0.3328 0.00000 7.094 1500.0 12.0 0.0000 0.1727 21.70 0.0628 0.0000 0.0000
137.8125 29.3014 0.3016 0.3578 0.3406 0.00000 6.152 1500.0 12.0 0.0000 1.2644 171.63 0.5665 0.0000 0.0000
140.6250 29.3014 0.2560 0.4133 0.3307 0.00000 6.411 1500.0 12.0 0.0000 0.7574 104.36 0.7319 0.0000 0.0000
143.4375 29.3014 0.3762 0.3535 0.2702 0.00000 6.365 1500.0 12.0 0.0000 0.8225 103.91 0.6820 0.0000 0.0000
146.2500 29.3014 0.3719 0.3341 0.2939 0.00000 6.944 1500.0 12.0 0.0000 0.5305 68.04 0.5102 0.0000 0.0000
149.0625 29.3014 0.2616 0.3887 0.3484 0.00000 7.970 1499.4 12.0 0.0000 0.1301 18.03 0.0628 0.0004 0.0056
171.5625 29.3014 0.4641 0.2193 0.3167 0.00000 6.892 1499.9 12.0 0.0000 3.7657 468.27 0.0628 0.0001 0.0013
174.3750 29.3014 0.4686 0.2210 0.3104 0.00000 7.124 1500.0 12.0 0.0000 1.2714 157.15 0.0628 0.0000 0.0000
-177.1875 29.3014 0.4442 0.2366 0.3192 0.00000 7.392 1500.0 12.0 0.0000 0.4603 57.86 0.0628 0.0000 0.0000
-174.3750 29.3014 0.4264 0.2456 0.3280 0.00000 7.604 1500.0 12.0 0.0000 0.3672 46.78 0.0628 0.0000 0.0000
-171.5625 29.3014 0.3088 0.3501 0.3411 0.00000 8.653 1500.0 12.0 0.0000 0.2925 39.58 0.0628 0.0000 0.0000
-168.7500 29.3014 0.2838 0.3764 0.3398 0.00000 8.843 1500.0 12.0 0.0000 0.3331 45.56 0.0628 0.0000 0.0000
-165.9375 29.3014 0.4268 0.2548 0.3184 0.00000 7.521 1500.0 12.0 0.0000 0.7068 89.53 0.0661 0.0000 0.0000
-163.1250 29.3014 0.4702 0.2172 0.3126 0.00000 6.973 1500.0 12.0 0.0000 0.2103 26.00 0.0628 0.0000 0.0000
-160.3125 29.3014 0.3895 0.2671 0.3433 0.00000 7.648 1500.0 12.0 0.0000 0.1306 17.07 0.0628 0.0000 0.0000
-157.5000 29.3014 0.3333 0.2802 0.3864 0.00000 7.285 1500.0 12.0 0.0000 0.1859 25.48 0.0628 0.0000 0.0000
-154.6875 29.3014 0.2951 0.3023 0.4026 0.00000 7.815 1500.0 12.0 0.0000 0.1788 25.11 0.0628 0.0000 0.0000
-151.8750 29.3014 0.4883 0.1986 0.3131 0.00000 7.062 1500.0 12.0 0.0000 0.1241 15.22 0.0628 0.0000 0.0000
-140.6250 29.3014 0.3556 0.3064 0.3380 0.00000 7.679 1499.9 12.0 0.0000 0.1413 18.70 0.0628 0.0001 0.0008
-137.8125 29.3014 0.2679 0.4129 0.3192 0.00000 7.128 1490.9 12.0 0.0000 1.5453 213.39 0.6318 0.0061 0.0066
-135.0000 29.3014 0.2018 0.4479 0.3503 0.00000 7.447 1500.0 12.0 0.0000 1.3956 198.74 0.6697 0.0000 0.0000
-132.1875 29.3014 0.3322 0.3567 0.3111 0.00000 6.951 1461.3 12.0 0.0000 1.5236 212.69 0.5473 0.0258 0.0292
-129.3750 29.3014 0.2782 0.3535 0.3683 0.00000 8.293 1500.0 12.0 0.0000 0.2247 31.26 0.0628 0.0000 0.0000
-101.2500 29.3014 0.3496 0.3221 0.3281 0.00000 7.303 1500.0 12.0 0.0000 1.4386 189.84 0.0634 0.0000 0.0000
-98.4375 29.3014 0.4497 0.2191 0.3312 0.00000 7.200 1499.9 12.0 0.0000 1.9436 245.32 0.0628 0.0001 0.0011
-95.6250 29.3014 0.5491 0.1838 0.2670 0.00000 7.157 1500.0 12.0 0.0000 1.6514 191.14 0.0628 0.0000 0.0000
-92.8125 29.3014 0.5181 0.1974 0.2845 0.00000 7.536 1500.0 12.0 0.0000 1.1572 137.52 0.0689 0.0000 0.0000
-90.0000 29.3014 0.3317 0.3093 0.3590 0.00000 8.606 1500.0 12.0 0.0000 0.7571 102.38 0.0754 0.0000 0.0000
-87.1875 29.3014 0.4391 0.2390 0.3219 0.00000 7.449 1500.0 12.0 0.0000 0.5943 75.00 0.0692 0.0000 0.0000
-84.3750 29.3014 0.4344 0.2430 0.3226 0.00000 7.506 1500.0 12.0 0.0000 0.4869 61.60 0.0630 0.0000 0.0000
-81.5625 29.3014 0.4273 0.2495 0.3232 0.00000 8.096 1500.0 12.0 0.0000 0.5632 71.52 0.0628 0.0000 0.0000
-78.7500 29.3014 0.5143 0.2041 0.2816 0.00000 7.684 1500.0 12.0 0.0000 0.2300 27.33 0.0628 0.0000 0.0000
-75.9375 29.3014 0.4738 0.2171 0.3091 0.00000 7.391 1499.9 12.0 0.0000 0.1725 21.25 0.0628 0.0000 0.0005
-73.1250 29.3014 0.4217 0.2392 0.3392 0.00000 7.307 1500.0 12.0 0.0000 0.1124 14.43 0.0628 0.0000 0.0000
-70.3125 29.3014 0.4772 0.2079 0.3149 0.00000 7.259 1500.0 12.0 0.0000 0.0841 10.38 0.0628 0.0000 0.0002
-67.5000 29.3014 0.5069 0.1805 0.3127 0.00000 6.716 1500.0 12.0 0.0000 0.1302 15.81 0.0680 0.0000 0.0001
-64.6875 29.3014 0.4107 0.2447 0.3447 0.00000 7.085 1500.0 12.0 0.0000 0.6886 89.16 0.1157 0.0000 0.0000
-61.8750 29.3014 0.2913 0.3164 0.3924 0.00000 8.154 1500.0 12.0 0.0000 0.1865 26.11 0.0628 0.0000 0.0000
-59.0625 29.3014 0.4113 0.2533 0.3353 0.00000 7.729 1500.0 12.0 0.0000 0.1302 16.77 0.0628 0.0000 0.0000
-56.2500 29.3014 0.4998 0.2052 0.2950 0.00000 7.343 1500.0 12.0 0.0000 0.0938 11.31 0.0628 0.0000 0.0000
-53.4375 29.3014 0.3739 0.2785 0.3476 0.00000 8.210 1500.0 12.0 0.0000 0.0542 10.00 0.0628 0.0000 0.0000
-50.6250 29.3014 0.3074 0.3172 0.3754 0.00000 8.943 1500.0 12.0 0.0000 0.0447 10.00 0.0628 0.0000 0.0000
-47.8125 29.3014 0.2859 0.3303 0.3838 0.00000 9.179 1500.0 12.0 0.0000 0.0453 10.00 0.0628 0.0000 0.0000
-45.0000 29.3014 0.2756 0.3364 0.3879 0.00000 9.296 1500.0 12.0 0.0000 0.0606 10.00 0.0628 0.0000 0.0000
-42.1875 29.3014 0.3396 0.2980 0.3624 0.00000 8.608 1500.0 12.0 0.0000 0.0818 11.05 0.0628 0.0000 0.0000
-39.3750 29.3014 0.3433 0.3030 0.3537 0.00000 8.668 1500.0 12.0 0.0000 0.3962 53.15 0.1126 0.0000 0.0000
-36.5625 29.3014 0.3596 0.2697 0.3707 0.00000 7.772 1499.9 12.0 0.0000 0.1684 22.64 0.0628 0.0001 0.0010
-33.7500 29.3014 0.4357 0.2218 0.3425 0.00000 7.260 1499.9 12.0 0.0000 0.1740 22.25 0.0628 0.0000 0.0006
-30.9375 29.3014 0.4210 0.2504 0.3285 0.00000 7.090 1500.0 12.0 0.0000 0.5473 69.90 0.1099 0.0000 0.0000
14.0625 26.5108 0.4842 0.2034 0.3124 0.00000 7.091 1499.8 12.0 0.0000 3.6659 450.34 0.0628 0.0001 0.0014
16.8750 26.5108 0.5474 0.1929 0.2597 0.00000 7.262 1500.0 12.0 0.0000 2.9929 345.20 0.0628 0.0000 0.0000
19.6875 26.5108 0.6444 0.1232 0.2324 0.00000 6.560 1500.0 12.0 0.0000 2.2724 244.53 0.0628 0.0000 0.0000
22.5000 26.5108 0.5011 0.2008 0.2981 0.00000 6.795 1500.0 12.0 0.0000 1.3035 157.46 0.0628 0.0000 0.0000
25.3125 26.5108 0.4143 0.2589 0.3268 0.00000 7.691 1500.0 12.0 0.0000 0.9517 121.83 0.0628 0.0000 0.0000
28.1250 26.5108 0.3851 0.2738 0.3411 0.00000 8.041 1500.0 12.0 0.0000 0.9392 122.82 0.0628 0.0000 0.0000
30.9375 26.5108 0.4750 0.2164 0.3086 0.00000 7.065 1500.0 12.0 0.0000 0.4660 57.37 0.0628 0.0000 0.0000
33.7500 26.5108 0.4729 0.2180 0.3090 0.00000 7.081 1500.0 12.0 0.0000 0.1710 21.08 0.0628 0.0000 0.0000
36.5625 26.5108 0.4098 0.2590 0.3312 0.00000 7.767 1500.0 12.0 0.0000 0.1006 12.94 0.0628 0.0000 0.0000
39.3750 26.5108 0.4580 0.2274 0.3146 0.00000 7.245 1500.0 12.0 0.0000 0.0962 11.98 0.0628 0.0000 0.0000
42.1875 26.5108 0.4270 0.2457 0.3273 0.00000 7.598 1500.0 12.0 0.0000 0.1187 15.11 0.0628 0.0000 0.0000
45.0000 26.5108 0.4535 0.2308 0.3157 0.00000 7.475 1500.0 12.0 0.0000 0.2252 28.12 0.0628 0.0000 0.0000
47.8125 26.5108 0.5567 0.1758 0.2674 0.00000 7.489 1500.0 12.0 0.0000 0.6727 77.57 0.0628 0.0000 0.0000
50.6250 26.5108 0.4371 0.2312 0.3317 0.00000 7.638 1499.3 12.0 0.0000 0.6221 79.09 0.0628 0.0005 0.0064
53.4375 26.5108 0.5018 0.1840 0.3142 0.00000 6.796 1499.3 12.0 0.0000 0.6596 80.49 0.0628 0.0005 0.0067
84.3750 26.5108 0.3281 0.3460 0.3259 0.00000 7.618 1500.0 12.0 0.0000 1.1980 159.48 0.0685 0.0000 0.0000
87.1875 26.5108 0.3590 0.2832 0.3577 0.00000 7.782 1500.0 12.0 0.0000 2.0041 267.56 0.0944 0.0000 0.0001
90.0000 26.5108 0.2722 0.3362 0.3916 0.00000 8.228 1500.0 12.0 0.0000 1.2998 183.38 0.0940 0.0000 0.0000
92.8125 26.5108 0.4323 0.2547 0.3130 0.00000 7.761 1500.0 12.0 0.0000 1.0815 136.23 0.0915 0.0000 0.0000
95.6250 26.5108 0.3804 0.2831 0.3365 0.00000 8.034 1500.0 12.0 0.0000 0.6575 85.96 0.0735 0.0000 0.0000
98.4375 26.5108 0.3671 0.2847 0.3482 0.00000 8.241 1500.0 12.0 0.0000 0.4831 63.93 0.0628 0.0000 0.0000
101.2500 26.5108 0.4269 0.2500 0.3231 0.00000 7.678 1500.0 12.0 0.0000 0.7717 98.02 0.0628 0.0000 0.0000
104.0625 26.5108 0.4825 0.2237 0.2938 0.00000 7.688 1500.0 12.0 0.0000 0.6235 75.82 0.0628 0.0000 0.0000
106.8750 26.5108 0.6357 0.1345 0.2298 0.00000 6.780 1500.0 12.0 0.0000 1.8158 196.01 0.0628 0.0000 0.0001
109.6875 26.5108 0.5254 0.2171 0.2575 0.00000 7.077 1500.0 12.0 0.0000 0.9352 108.95 0.0628 0.0000 0.0000
112.5000 26.5108 0.3824 0.3054 0.3122 0.00000 7.809 1500.0 12.0 0.0000 0.2721 35.08 0.0628 0.0000 0.0002
115.3125 26.5108 0.3421 0.3283 0.3296 0.00000 7.435 1499.9 12.0 0.0000 0.2803 37.16 0.0628 0.0000 0.0007
118.1250 26.5108 0.4753 0.2364 0.2884 0.00000 7.168 1500.0 12.0 0.0000 0.1860 22.63 0.0628 0.0000 0.0004
120.9375 26.5108 0.4788 0.2264 0.2948 0.00000 7.557 1500.0 12.0 0.0000 0.1036 12.63 0.0628 0.0000 0.0004
123.7500 26.5108 0.3567 0.2822 0.3611 0.00000 8.021 1500.0 12.0 0.0000 0.0695 10.00 0.0628 0.0000 0.0000
126.5625 26.5108 0.3495 0.2642 0.3862 0.00000 7.335 1500.0 12.0 0.0000 0.1098 14.94 0.0628 0.0000 0.0000
129.3750 26.5108 0.4991 0.2025 0.2984 0.00000 6.708 1500.0 12.0 0.0000 0.1653 19.99 0.0628 0.0000 0.0000
135.0000 26.5108 0.3317 0.3896 0.2787 0.00000 6.001 1500.0 12.0 0.0000 0.3256 42.21 0.7921 0.0000 0.0000
137.8125 26.5108 0.3417 0.4139 0.2444 0.00000 5.334 1500.0 12.0 0.0000 0.2976 37.68 1.1055 0.0000 0.0000
140.6250 26.5108 0.3599 0.4014 0.2386 0.00000 5.483 1500.0 12.0 0.0000 0.3240 40.54 1.0619 0.0000 0.0000
143.4375 26.5108 0.2263 0.4943 0.2794 0.00000 6.542 1500.0 12.0 0.0000 0.3892 52.92 0.8912 0.0000 0.0000
165.9375 26.5108 0.4622 0.2205 0.3174 0.00000 6.881 1499.7 12.0 0.0000 3.2232 401.46 0.0760 0.0002 0.0016
168.7500 26.5108 0.4117 0.2557 0.3327 0.00000 7.326 1499.8 12.0 0.0000 2.4448 314.45 0.0628 0.0001 0.0014
171.5625 26.5108 0.3710 0.2974 0.3316 0.00000 7.537 1499.9 12.0 0.0000 1.6805 220.08 0.0628 0.0000 0.0006
174.3750 26.5108 0.4982 0.2024 0.2994 0.00000 6.800 1500.0 12.0 0.0000 1.1572 140.10 0.0628 0.0000 0.0000
177.1875 26.5108 0.4982 0.2023 0.2994 0.00000 6.800 1500.0 12.0 0.0000 0.4670 56.54 0.0628 0.0000 0.0000
180.0000 26.5108 0.4828 0.2116 0.3056 0.00000 6.972 1500.0 12.0 0.0000 0.2012 24.63 0.0628 0.0000 0.0000
-177.1875 26.5108 0.3929 0.2712 0.3359 0.00000 7.935 1500.0 12.0 0.0000 0.1340 17.41 0.0643 0.0000 0.0000
-174.3750 26.5108 0.4314 0.2464 0.3221 0.00000 7.488 1500.0 12.0 0.0000 0.3764 47.68 0.0980 0.0000 0.0000
-171.5625 26.5108 0.3878 0.2743 0.3379 0.00000 7.993 1500.0 12.0 0.0000 0.1096 14.29 0.0628 0.0000 0.0000
-168.7500 26.5108 0.3934 0.2661 0.3405 0.00000 7.969 1500.0 12.0 0.0000 0.1398 18.20 0.0628 0.0000 0.0000
-165.9375 26.5108 0.4188 0.2538 0.3275 0.00000 7.651 1500.0 12.0 0.0000 0.3958 50.58 0.0767 0.0000 0.0000
-163.1250 26.5108 0.4714 0.2231 0.3056 0.00000 7.301 1500.0 12.0 0.0000 0.3068 37.76 0.0628 0.0000 0.0000
-160.3125 26.5108 0.4093 0.2397 0.3511 0.00000 6.929 1500.0 12.0 0.0000 0.5013 65.17 0.0628 0.0000 0.0000
-157.5000 26.5108 0.3417 0.2719 0.3864 0.00000 7.211 1500.0 12.0 0.0000 0.3671 50.13 0.0628 0.0000 0.0001
-154.6875 26.5108 0.4643 0.2181 0.3175 0.00000 7.378 1500.0 12.0 0.0000 0.1698 21.11 0.0628 0.0000 0.0000
-140.6250 26.5108 0.4647 0.2160 0.3193 0.00000 7.288 1499.7 12.0 0.0000 0.5043 62.80 0.0938 0.0002 0.0010
-137.8125 26.5108 0.2128 0.4407 0.3465 0.00000 7.474 1495.6 12.0 0.0000 1.0350 147.36 0.6421 0.0030 0.0032
-135.0000 26.5108 0.2337 0.4421 0.3242 0.00000 6.206 1489.5 12.0 0.0000 1.5803 222.48 0.8885 0.0070 0.0070
-132.1875 26.5108 0.3087 0.4175 0.2738 0.00000 6.363 1457.7 12.0 0.0000 0.8722 121.32 0.8987 0.0282 0.0280
-98.4375 26.5108 0.4365 0.2284 0.3350 0.00000 7.243 1500.0 12.0 0.0000 1.4630 186.19 0.0628 0.0000 0.0004
-95.6250 26.5108 0.3570 0.2731 0.3698 0.00000 7.549 1500.0 12.0 0.0000 1.3511 181.69 0.0628 0.0000 0.0002
-92.8125 26.5108 0.4391 0.2352 0.3257 0.00000 7.499 1500.0 12.0 0.0000 1.7185 217.31 0.0778 0.0000 0.0000
-90.0000 26.5108 0.4482 0.2323 0.3195 0.00000 7.446 1500.0 12.0 0.0000 1.0940 137.27 0.0762 0.0000 0.0000
-87.1875 26.5108 0.5296 0.1890 0.2815 0.00000 7.187 1500.0 12.0 0.0000 0.5232 61.70 0.0628 0.0000 0.0000
-84.3750 26.5108 0.4927 0.2102 0.2971 0.00000 7.274 1500.0 12.0 0.0000 0.4176 50.63 0.0628 0.0000 0.0000
-81.5625 26.5108 0.4219 0.2504 0.3277 0.00000 7.639 1500.0 12.0 0.0000 0.3586 45.77 0.0628 0.0000 0.0000
-78.7500 26.5108 0.4887 0.2141 0.2972 0.00000 7.645 1500.0 12.0 0.0000 0.1444 17.55 0.0628 0.0000 0.0000
-75.9375 26.5108 0.6233 0.1348 0.2419 0.00000 6.810 1500.0 12.0 0.0000 0.2217 24.28 0.0628 0.0000 0.0000
-73.1250 26.5108 0.3748 0.2581 0.3671 0.00000 7.273 1500.0 12.0 0.0000 0.1303 17.35 0.0628 0.0000 0.0000
-70.3125 26.5108 0.3961 0.2442 0.3598 0.00000 7.272 1500.0 12.0 0.0000 0.1250 16.43 0.0628 0.0000 0.0001
-67.5000 26.5108 0.3469 0.2627 0.3904 0.00000 7.087 1500.0 12.0 0.0000 0.1360 18.56 0.0628 0.0000 0.0000
-64.6875 26.5108 0.4010 0.2477 0.3513 0.00000 7.401 1500.0 12.0 0.0000 0.1304 17.02 0.0628 0.0000 0.0000
-61.8750 26.5108 0.4134 0.2525 0.3341 0.00000 7.782 1500.0 12.0 0.0000 0.0925 11.89 0.0628 0.0000 0.0000
-59.0625 26.5108 0.4460 0.2353 0.3187 0.00000 7.385 1500.0 12.0 0.0000 0.1037 13.02 0.0628 0.0000 0.0000
-56.2500 26.5108 0.4108 0.2574 0.3319 0.00000 7.764 1500.0 12.0 0.0000 0.1081 13.89 0.0628 0.0000 0.0000
-53.4375 26.5108 0.4346 0.2465 0.3189 0.00000 7.431 1500.0 12.0 0.0000 0.5996 75.70 0.1116 0.0000 0.0000
-50.6250 26.5108 0.3722 0.2819 0.3459 0.00000 8.167 1500.0 12.0 0.0000 0.5483 72.30 0.0864 0.0000 0.0000
-47.8125 26.5108 0.3030 0.3200 0.3771 0.00000 8.989 1500.0 12.0 0.0000 0.1170 16.17 0.0628 0.0000 0.0000
-45.0000 26.5108 0.2646 0.3437 0.3917 0.00000 9.415 1500.0 12.0 0.0000 0.0755 10.68 0.0628 0.0000 0.0000
-42.1875 26.5108 0.3066 0.3239 0.3695 0.00000 9.096 1500.0 12.0 0.0000 0.2829 38.89 0.0971 0.0000 0.0000
-39.3750 26.5108 0.3458 0.2882 0.3660 0.00000 7.341 1499.8 12.0 0.0000 0.8800 118.71 0.1584 0.0001 0.0002
-36.5625 26.5108 0.4824 0.1901 0.3275 0.00000 6.777 1499.8 12.0 0.0000 0.2532 31.41 0.0628 0.0001 0.0018
-33.7500 26.5108 0.3841 0.2812 0.3347 0.00000 6.762 1500.0 12.0 0.0000 0.6370 83.05 0.1139 0.0000 0.0000
16.8750 23.7202 0.3519 0.3103 0.3378 0.00000 7.685 1499.9 12.0 0.0000 2.0603 273.11 0.0628 0.0001 0.0011
19.6875 23.7202 0.6582 0.1191 0.2226 0.00000 6.599 1500.0 12.0 0.0000 3.1636 335.63 0.0628 0.0000 0.0000
22.5000 23.7202 0.4991 0.2019 0.2990 0.00000 6.798 1500.0 12.0 0.0000 1.4102 170.61 0.0628 0.0000 0.0000
25.3125 23.7202 0.4708 0.2250 0.3042 0.00000 7.037 1500.0 12.0 0.0000 2.6542 326.60 0.0883 0.0000 0.0000
28.1250 23.7202 0.4964 0.2033 0.3003 0.00000 6.823 1500.0 12.0 0.0000 0.5533 67.08 0.0628 0.0000 0.0000
30.9375 23.7202 0.4041 0.2591 0.3368 0.00000 7.857 1500.0 12.0 0.0000 0.1994 25.79 0.0628 0.0000 0.0000
33.7500 23.7202 0.3035 0.3219 0.3746 0.00000 8.966 1500.0 12.0 0.0000 0.1421 19.61 0.0628 0.0000 0.0000
36.5625 23.7202 0.3274 0.3169 0.3557 0.00000 8.624 1500.0 12.0 0.0000 0.0891 12.05 0.0628 0.0000 0.0000
39.3750 23.7202 0.4620 0.2255 0.3125 0.00000 7.458 1500.0 12.0 0.0000 0.0998 12.39 0.0628 0.0000 0.0000
42.1875 23.7202 0.3825 0.2747 0.3427 0.00000 8.279 1500.0 12.0 0.0000 0.1232 16.14 0.0628 0.0000 0.0000
45.0000 23.7202 0.4058 0.2652 0.3289 0.00000 8.348 1500.0 12.0 0.0000 0.2412 31.04 0.0628 0.0000 0.0000
47.8125 23.7202 0.5197 0.1977 0.2826 0.00000 7.658 1500.0 12.0 0.0000 0.8640 102.47 0.0628 0.0000 0.0000
50.6250 23.7202 0.4721 0.2224 0.3055 0.00000 7.181 1499.0 12.0 0.0000 3.0095 370.95 0.0951 0.0006 0.0028
84.3750 23.7202 0.2350 0.4108 0.3530 0.00000 8.155 1500.0 12.0 0.0000 0.9032 126.87 0.0628 0.0000 0.0000
87.1875 23.7202 0.4950 0.2046 0.3004 0.00000 6.908 1500.0 12.0 0.0000 1.6351 198.38 0.0749 0.0000 0.0001
90.0000 23.7202 0.3518 0.2778 0.3704 0.00000 7.226 1500.0 12.0 0.0000 2.2349 301.32 0.0992 0.0000 0.0001
92.8125 23.7202 0.4678 0.2341 0.2981 0.00000 7.749 1500.0 12.0 0.0000 1.3517 165.98 0.1105 0.0000 0.0000
95.6250 23.7202 0.3671 0.2903 0.3425 0.00000 8.211 1500.0 12.0 0.0000 0.4629 61.08 0.0960 0.0000 0.0000
98.4375 23.7202 0.3184 0.3123 0.3693 0.00000 8.802 1500.0 12.0 0.0000 0.1419 19.41 0.0628 0.0000 0.0000
101.2500 23.7202 0.3609 0.2855 0.3536 0.00000 8.334 1500.0 12.0 0.0000 0.3182 42.35 0.0628 0.0000 0.0000
104.0625 23.7202 0.3552 0.2894 0.3554 0.00000 8.399 1500.0 12.0 0.0000 0.4607 61.53 0.0628 0.0000 0.0000
106.8750 23.7202 0.5187 0.1947 0.2866 0.00000 7.074 1500.0 12.0 0.0000 0.4422 52.59 0.0628 0.0000 0.0000
109.6875 23.7202 0.4853 0.2126 0.3021 0.00000 7.332 1500.0 12.0 0.0000 0.2137 26.07 0.0628 0.0000 0.0000
112.5000 23.7202 0.5322 0.1887 0.2792 0.00000 7.468 1500.0 12.0 0.0000 0.1023 12.03 0.0628 0.0000 0.0000
115.3125 23.7202 0.5325 0.1947 0.2728 0.00000 7.443 1500.0 12.0 0.0000 0.0689 10.00 0.0628 0.0000 0.0000
118.1250 23.7202 0.5957 0.1530 0.2513 0.00000 7.015 1500.0 12.0 0.0000 0.0733 10.00 0.0628 0.0000 0.0000
120.9375 23.7202 0.5218 0.1864 0.2918 0.00000 7.101 1500.0 12.0 0.0000 0.0996 11.87 0.0628 0.0000 0.0000
123.7500 23.7202 0.3349 0.2702 0.3949 0.00000 7.086 1500.0 12.0 0.0000 0.1529 21.03 0.0628 0.0000 0.0000
126.5625 23.7202 0.4307 0.2248 0.3445 0.00000 7.221 1500.0 12.0 0.0000 0.1680 21.54 0.0628 0.0000 0.0000
129.3750 23.7202 0.3227 0.3532 0.3242 0.00000 7.294 1500.0 12.0 0.0000 0.3380 45.06 0.0824 0.0000 0.0000
165.9375 23.7202 0.5909 0.1512 0.2579 0.00000 6.651 1499.9 12.0 0.0000 2.7870 313.87 0.0628 0.0001 0.0008
168.7500 23.7202 0.4532 0.2511 0.2956 0.00000 7.274 1500.0 12.0 0.0000 1.2201 150.69 0.0628 0.0000 0.0000
177.1875 23.7202 0.4113 0.2622 0.3265 0.00000 7.697 1500.0 12.0 0.0000 0.7132 91.42 0.0842 0.0000 0.0000
180.0000 23.7202 0.4261 0.2577 0.3162 0.00000 7.573 1500.0 12.0 0.0000 0.5227 66.16 0.1004 0.0000 0.0000
-177.1875 23.7202 0.4605 0.2355 0.3040 0.00000 7.244 1500.0 12.0 0.0000 0.6283 77.69 0.1421 0.0000 0.0000
-174.3750 23.7202 0.5140 0.2030 0.2830 0.00000 6.767 1500.0 12.0 0.0000 0.5499 65.43 0.1415 0.0000 0.0000
-171.5625 23.7202 0.4542 0.2304 0.3154 0.00000 7.282 1500.0 12.0 0.0000 0.0793 10.00 0.0628 0.0000 0.0000
-168.7500 23.7202 0.4400 0.2404 0.3196 0.00000 7.409 1500.0 12.0 0.0000 0.2423 30.53 0.0855 0.0000 0.0000
-165.9375 23.7202 0.4262 0.2519 0.3219 0.00000 7.547 1500.0 12.0 0.0000 0.2404 30.53 0.0769 0.0000 0.0000
-163.1250 23.7202 0.5839 0.1578 0.2583 0.00000 6.831 1500.0 12.0 0.0000 0.3434 38.83 0.0628 0.0000 0.0000
-140.6250 23.7202 0.4313 0.2401 0.3286 0.00000 7.159 1500.0 12.0 0.0000 0.6699 85.16 0.1067 0.0000 0.0000
-137.8125 23.7202 0.3677 0.3109 0.3214 0.00000 7.295 1488.8 12.0 0.0000 1.4536 192.85 0.2984 0.0075 0.0109
-135.0000 23.7202 0.3378 0.3934 0.2688 0.00000 6.185 1344.5 12.0 0.0000 1.2775 203.97 0.8681 0.1037 0.1039
-132.1875 23.7202 0.2987 0.4379 0.2634 0.00000 6.016 1495.1 12.0 0.0000 1.2017 158.02 0.9818 0.0033 0.0032
-98.4375 23.7202 0.2313 0.4233 0.3454 0.00000 8.048 1500.0 12.0 0.0000 1.2469 174.94 0.0628 0.0000 0.0000
-95.6250 23.7202 0.4265 0.2327 0.3408 0.00000 7.473 1500.0 12.0 0.0000 0.9502 121.88 0.0628 0.0000 0.0004
-92.8125 23.7202 0.4215 0.2409 0.3376 0.00000 7.337 1500.0 12.0 0.0000 1.0552 135.43 0.0658 0.0000 0.0001
-90.0000 23.7202 0.4313 0.2230 0.3457 0.00000 7.094 1499.9 12.0 0.0000 0.9660 123.97 0.0628 0.0000 0.0005
-87.1875 23.7202 0.3855 0.2462 0.3683 0.00000 7.070 1500.0 12.0 0.0000 1.2515 166.01 0.0628 0.0000 0.0002
-84.3750 23.7202 0.5785 0.1562 0.2653 0.00000 6.845 1500.0 12.0 0.0000 0.7434 84.65 0.0628 0.0000 0.0000
-81.5625 23.7202 0.4902 0.2116 0.2982 0.00000 7.559 1500.0 12.0 0.0000 0.3409 41.41 0.0628 0.0000 0.0000
-78.7500 23.7202 0.4027 0.2599 0.3375 0.00000 7.870 1500.0 12.0 0.0000 0.1904 24.65 0.0628 0.0000 0.0000
-75.9375 23.7202 0.2932 0.3265 0.3803 0.00000 9.196 1500.0 12.0 0.0000 0.0891 12.39 0.0628 0.0000 0.0000
-73.1250 23.7202 0.4800 0.2181 0.3019 0.00000 7.478 1500.0 12.0 0.0000 0.0917 11.22 0.0628 0.0000 0.0000
-70.3125 23.7202 0.5698 0.1643 0.2659 0.00000 6.935 1500.0 12.0 0.0000 0.0748 10.00 0.0628 0.0000 0.0000
-67.5000 23.7202 0.5482 0.1748 0.2771 0.00000 6.877 1500.0 12.0 0.0000 0.0750 10.00 0.0628 0.0000 0.0000
-64.6875 23.7202 0.4353 0.2435 0.3212 0.00000 7.704 1500.0 12.0 0.0000 0.0675 10.00 0.0628 0.0000 0.0000
-61.8750 23.7202 0.4103 0.2566 0.3331 0.00000 7.786 1500.0 12.0 0.0000 0.0811 10.43 0.0628 0.0000 0.0000
-59.0625 23.7202 0.3331 0.3111 0.3558 0.00000 8.578 1500.0 12.0 0.0000 0.1184 15.97 0.0628 0.0000 0.0000
-56.2500 23.7202 0.4682 0.2202 0.3115 0.00000 7.141 1500.0 12.0 0.0000 0.2749 34.01 0.0628 0.0000 0.0000
-53.4375 23.7202 0.3938 0.2656 0.3406 0.00000 7.969 1500.0 12.0 0.0000 0.3670 47.79 0.0628 0.0000 0.0000
-50.6250 23.7202 0.3207 0.3186 0.3606 0.00000 8.680 1500.0 12.0 0.0000 1.0020 136.28 0.1234 0.0000 0.0000
-47.8125 23.7202 0.3035 0.3268 0.3697 0.00000 8.901 1500.0 12.0 0.0000 0.4639 63.86 0.1122 0.0000 0.0000
-45.0000 23.7202 0.3608 0.2961 0.3431 0.00000 8.326 1500.0 12.0 0.0000 0.5364 71.00 0.1452 0.0000 0.0000
-42.1875 23.7202 0.3885 0.2995 0.3119 0.00000 7.646 1500.0 12.0 0.0000 1.4638 188.13 0.3168 0.0000 0.0000
-39.3750 23.7202 0.4003 0.2586 0.3411 0.00000 7.028 1498.3 12.0 0.0000 1.7188 223.79 0.1895 0.0011 0.0022
-36.5625 23.7202 0.3989 0.2683 0.3328 0.00000 7.046 1500.0 12.0 0.0000 0.4161 53.83 0.1039 0.0000 0.0000
16.8750 20.9296 0.3566 0.3121 0.3313 0.00000 7.490 1499.9 12.0 0.0000 2.0385 268.71 0.0628 0.0001 0.0012
19.6875 20.9296 0.6397 0.1383 0.2220 0.00000 6.614 1500.0 12.0 0.0000 2.9842 319.79 0.0628 0.0000 0.0000
22.5000 20.9296 0.4480 0.2333 0.3187 0.00000 7.435 1500.0 12.0 0.0000 0.9046 113.46 0.0628 0.0000 0.0000
25.3125 20.9296 0.4254 0.2590 0.3157 0.00000 7.423 1500.0 12.0 0.0000 3.3514 424.21 0.1763 0.0000 0.0000
28.1250 20.9296 0.4042 0.2803 0.3155 0.00000 7.525 1500.0 12.0 0.0000 2.1378 273.29 0.2600 0.0000 0.0000
30.9375 20.9296 0.3815 0.3110 0.3075 0.00000 7.606 1500.0 12.0 0.0000 1.6690 214.70 0.4071 0.0000 0.0000
33.7500 20.9296 0.4506 0.2798 0.2696 0.00000 7.121 1500.0 12.0 0.0000 1.8740 228.33 0.4515 0.0000 0.0000
36.5625 20.9296 0.4226 0.2781 0.2993 0.00000 7.322 1500.0 12.0 0.0000 1.2008 150.82 0.3210 0.0000 0.0000
39.3750 20.9296 0.4234 0.2603 0.3164 0.00000 7.144 1500.0 12.0 0.0000 1.2676 160.65 0.2252 0.0000 0.0000
42.1875 20.9296 0.3371 0.2773 0.3856 0.00000 7.357 1500.0 12.0 0.0000 0.2430 33.24 0.0628 0.0000 0.0000
45.0000 20.9296 0.3341 0.2932 0.3727 0.00000 7.664 1500.0 12.0 0.0000 0.8969 122.02 0.1126 0.0000 0.0000
47.8125 20.9296 0.3684 0.2804 0.3512 0.00000 7.811 1499.7 12.0 0.0000 1.1992 158.95 0.1020 0.0002 0.0008
50.6250 20.9296 0.4060 0.2662 0.3278 0.00000 7.270 1499.6 12.0 0.0000 1.1984 154.19 0.0866 0.0003 0.0015
53.4375 20.9296 0.2607 0.3950 0.3427 0.00000 7.735 1500.0 12.0 0.0000 1.3758 190.04 0.0676 0.0000 0.0001
90.0000 20.9296 0.4877 0.2038 0.3085 0.00000 6.908 1499.9 12.0 0.0000 2.3290 284.94 0.0890 0.0000 0.0002
92.8125 20.9296 0.4000 0.2587 0.3413 0.00000 7.100 1500.0 12.0 0.0000 1.6883 219.31 0.1245 0.0000 0.0001
95.6250 20.9296 0.4776 0.2254 0.2970 0.00000 7.513 1500.0 12.0 0.0000 0.5089 62.16 0.1106 0.0000 0.0000
98.4375 20.9296 0.3589 0.2872 0.3539 0.00000 8.448 1500.0 12.0 0.0000 0.0950 12.66 0.0631 0.0000 0.0000
101.2500 20.9296 0.4568 0.2292 0.3140 0.00000 7.292 1500.0 12.0 0.0000 0.1669 20.79 0.0628 0.0000 0.0000
104.0625 20.9296 0.4593 0.2267 0.3141 0.00000 7.229 1500.0 12.0 0.0000 0.2510 31.23 0.0628 0.0000 0.0000
106.8750 20.9296 0.4674 0.2215 0.3111 0.00000 7.142 1500.0 12.0 0.0000 0.1116 13.81 0.0628 0.0000 0.0000
109.6875 20.9296 0.4760 0.2152 0.3088 0.00000 7.067 1500.0 12.0 0.0000 0.0708 10.00 0.0628 0.0000 0.0000
112.5000 20.9296 0.4719 0.2185 0.3096 0.00000 7.114 1500.0 12.0 0.0000 0.0554 10.00 0.0628 0.0000 0.0000
115.3125 20.9296 0.4632 0.2155 0.3213 0.00000 6.891 1500.0 12.0 0.0000 0.0366 10.00 0.0628 0.0000 0.0000
118.1250 20.9296 0.3671 0.2720 0.3609 0.00000 7.598 1500.0 12.0 0.0000 0.0380 10.00 0.0628 0.0000 0.0000
120.9375 20.9296 0.3032 0.2974 0.3993 0.00000 7.653 1500.0 12.0 0.0000 0.0635 10.00 0.0628 0.0000 0.0000
123.7500 20.9296 0.4299 0.2258 0.3443 0.00000 7.194 1500.0 12.0 0.0000 0.3344 42.91 0.0794 0.0000 0.0000
126.5625 20.9296 0.4067 0.2612 0.3321 0.00000 7.221 1500.0 12.0 0.0000 0.0656 10.00 0.0628 0.0000 0.0000
165.9375 20.9296 0.6275 0.1422 0.2303 0.00000 6.762 1500.0 12.0 0.0000 2.3177 251.40 0.0628 0.0000 0.0001
168.7500 20.9296 0.5627 0.1687 0.2685 0.00000 6.881 1500.0 12.0 0.0000 0.9186 105.67 0.0628 0.0000 0.0000
171.5625 20.9296 0.4937 0.2051 0.3013 0.00000 6.851 1500.0 12.0 0.0000 0.6820 82.84 0.0628 0.0000 0.0000
174.3750 20.9296 0.4532 0.2326 0.3142 0.00000 7.291 1500.0 12.0 0.0000 0.2539 31.68 0.0628 0.0000 0.0000
177.1875 20.9296 0.4482 0.2412 0.3106 0.00000 7.793 1500.0 12.0 0.0000 0.4621 57.70 0.0877 0.0000 0.0000
180.0000 20.9296 0.4236 0.2430 0.3334 0.00000 7.452 1500.0 12.0 0.0000 0.6050 77.39 0.0827 0.0000 0.0000
-177.1875 20.9296 0.3592 0.2738 0.3670 0.00000 6.892 1500.0 12.0 0.0000 1.3890 186.31 0.1515 0.0000 0.0000
-174.3750 20.9296 0.3798 0.2849 0.3353 0.00000 7.759 1500.0 12.0 0.0000 0.8636 112.86 0.1860 0.0000 0.0000
-171.5625 20.9296 0.3393 0.3253 0.3354 0.00000 7.784 1500.0 12.0 0.0000 1.0369 138.03 0.2990 0.0000 0.0000
-168.7500 20.9296 0.4241 0.2607 0.3152 0.00000 7.234 1500.0 12.0 0.0000 1.0528 133.31 0.2114 0.0000 0.0000
-165.9375 20.9296 0.4092 0.2631 0.3277 0.00000 7.451 1500.0 12.0 0.0000 1.1191 143.68 0.1589 0.0000 0.0000
-163.1250 20.9296 0.4380 0.2305 0.3315 0.00000 7.082 1500.0 12.0 0.0000 0.2851 36.19 0.0628 0.0000 0.0000
-90.0000 20.9296 0.3554 0.3204 0.3242 0.00000 7.184 1500.0 12.0 0.0000 0.8734 114.74 0.0628 0.0000 0.0001
-87.1875 20.9296 0.4654 0.2168 0.3178 0.00000 7.343 1500.0 12.0 0.0000 0.6033 75.01 0.0628 0.0000 0.0003
-84.3750 20.9296 0.4748 0.1993 0.3259 0.00000 6.746 1499.9 12.0 0.0000 1.0841 134.79 0.0628 0.0000 0.0005
-81.5625 20.9296 0.5407 0.1842 0.2751 0.00000 7.459 1500.0 12.0 0.0000 0.5463 63.82 0.0628 0.0000 0.0000
-78.7500 20.9296 0.4076 0.2580 0.3344 0.00000 7.962 1500.0 12.0 0.0000 0.1613 20.80 0.0628 0.0000 0.0000
-75.9375 20.9296 0.2584 0.3477 0.3940 0.00000 9.483 1500.0 12.0 0.0000 0.1166 16.56 0.0628 0.0000 0.0000
-73.1250 20.9296 0.3207 0.3117 0.3676 0.00000 8.771 1500.0 12.0 0.0000 0.0781 10.66 0.0628 0.0000 0.0000
-70.3125 20.9296 0.4258 0.2460 0.3282 0.00000 7.613 1500.0 12.0 0.0000 0.0575 10.00 0.0628 0.0000 0.0000
-67.5000 20.9296 0.4016 0.2636 0.3348 0.00000 7.858 1500.0 12.0 0.0000 0.0524 10.00 0.0628 0.0000 0.0000
-64.6875 20.9296 0.2917 0.3293 0.3790 0.00000 9.094 1500.0 12.0 0.0000 0.0596 10.00 0.0628 0.0000 0.0000
-61.8750 20.9296 0.2900 0.3305 0.3795 0.00000 9.112 1500.0 12.0 0.0000 0.0951 13.23 0.0628 0.0000 0.0000
-59.0625 20.9296 0.3293 0.3040 0.3666 0.00000 8.694 1500.0 12.0 0.0000 0.2227 30.27 0.0628 0.0000 0.0000
-56.2500 20.9296 0.3340 0.3029 0.3631 0.00000 8.628 1500.0 12.0 0.0000 0.3813 51.61 0.0628 0.0000 0.0000
-53.4375 20.9296 0.4141 0.2669 0.3191 0.00000 7.540 1500.0 12.0 0.0000 1.6857 214.91 0.1817 0.0000 0.0000
-50.6250 20.9296 0.3127 0.3160 0.3713 0.00000 8.865 1500.0 12.0 0.0000 0.1965 26.97 0.0628 0.0000 0.0000
-47.8125 20.9296 0.3991 0.2643 0.3366 0.00000 8.058 1500.0 12.0 0.0000 0.1355 17.56 0.0628 0.0000 0.0000
-45.0000 20.9296 0.4831 0.2596 0.2572 0.00000 7.132 1500.0 12.0 0.0000 1.8860 224.47 0.4000 0.0000 0.0000
-42.1875 20.9296 0.3095 0.3526 0.3380 0.00000 7.131 1491.7 12.0 0.0000 1.8550 253.68 0.4679 0.0055 0.0066
-39.3750 20.9296 0.3872 0.3078 0.3050 0.00000 7.174 1488.3 12.0 0.0000 1.0683 139.35 0.3679 0.0078 0.0102
14.0625 18.1390 0.5627 0.1295 0.3078 0.00000 6.578 1499.7 12.0 0.0000 2.3038 271.50 0.0628 0.0002 0.0029
16.8750 18.1390 0.4743 0.2435 0.2822 0.00000 7.421 1499.9 12.0 0.0000 1.8757 227.53 0.0628 0.0000 0.0005
19.6875 18.1390 0.6569 0.1176 0.2255 0.00000 6.701 1500.0 12.0 0.0000 2.1455 228.22 0.0628 0.0000 0.0000
22.5000 18.1390 0.4487 0.2324 0.3189 0.00000 7.387 1500.0 12.0 0.0000 0.6512 81.66 0.0628 0.0000 0.0000
25.3125 18.1390 0.4208 0.2635 0.3157 0.00000 7.449 1500.0 12.0 0.0000 3.0193 383.00 0.1905 0.0000 0.0000
28.1250 18.1390 0.3773 0.3170 0.3057 0.00000 7.485 1500.0 12.0 0.0000 2.6448 340.55 0.4637 0.0000 0.0000
30.9375 18.1390 0.3703 0.3619 0.2678 0.00000 7.738 1500.0 12.0 0.0000 2.0259 256.33 0.6188 0.0000 0.0000
33.7500 18.1390 0.4371 0.2996 0.2634 0.00000 7.153 1499.0 12.0 0.0000 2.4121 295.27 0.4313 0.0007 0.0008
36.5625 18.1390 0.3703 0.2913 0.3384 0.00000 6.911 1496.0 12.0 0.0000 1.8289 241.93 0.3113 0.0027 0.0038
39.3750 18.1390 0.4339 0.2391 0.3270 0.00000 6.998 1497.8 12.0 0.0000 1.1860 150.99 0.1912 0.0015 0.0029
42.1875 18.1390 0.4517 0.2420 0.3063 0.00000 7.283 1499.8 12.0 0.0000 1.2559 156.22 0.1993 0.0002 0.0003
45.0000 18.1390 0.4425 0.2413 0.3162 0.00000 7.266 1500.0 12.0 0.0000 1.1178 140.38 0.1605 0.0000 0.0000
92.8125 18.1390 0.3436 0.2822 0.3742 0.00000 7.002 1500.0 12.0 0.0000 1.4781 200.40 0.1056 0.0000 0.0000
95.6250 18.1390 0.4051 0.2570 0.3379 0.00000 7.432 1500.0 12.0 0.0000 0.7191 93.01 0.1136 0.0000 0.0000
98.4375 18.1390 0.5671 0.1769 0.2560 0.00000 7.169 1500.0 12.0 0.0000 1.0126 115.33 0.1211 0.0000 0.0000
101.2500 18.1390 0.5367 0.1868 0.2765 0.00000 7.547 1500.0 12.0 0.0000 0.1922 22.52 0.0628 0.0000 0.0000
104.0625 18.1390 0.5043 0.2042 0.2916 0.00000 7.609 1500.0 12.0 0.0000 0.1593 19.14 0.0628 0.0000 0.0000
106.8750 18.1390 0.3864 0.2703 0.3434 0.00000 8.084 1500.0 12.0 0.0000 0.0715 10.00 0.0628 0.0000 0.0000
109.6875 18.1390 0.4393 0.2389 0.3218 0.00000 7.466 1500.0 12.0 0.0000 0.0438 10.00 0.0628 0.0000 0.0000
112.5000 18.1390 0.4432 0.2292 0.3277 0.00000 7.311 1500.0 12.0 0.0000 0.0660 10.00 0.0628 0.0000 0.0000
115.3125 18.1390 0.3203 0.2740 0.4057 0.00000 6.889 1500.0 12.0 0.0000 0.1555 21.64 0.0628 0.0000 0.0000
118.1250 18.1390 0.3450 0.2733 0.3818 0.00000 7.569 1500.0 12.0 0.0000 0.0988 13.44 0.0628 0.0000 0.0000
120.9375 18.1390 0.4301 0.2304 0.3394 0.00000 7.385 1499.1 12.0 0.0000 0.0783 10.03 0.0628 0.0006 0.0082
123.7500 18.1390 0.3104 0.4094 0.2798 0.00000 6.226 1500.0 12.0 0.0000 0.4427 57.96 0.7834 0.0000 0.0000
165.9375 18.1390 0.5197 0.2068 0.2736 0.00000 7.412 1500.0 12.0 0.0000 0.9772 115.28 0.0628 0.0000 0.0003
168.7500 18.1390 0.4298 0.2498 0.3204 0.00000 8.122 1500.0 12.0 0.0000 0.4216 53.39 0.0628 0.0000 0.0000
171.5625 18.1390 0.3543 0.2894 0.3563 0.00000 8.409 1500.0 12.0 0.0000 0.3397 45.41 0.0628 0.0000 0.0000
174.3750 18.1390 0.3074 0.3248 0.3678 0.00000 9.007 1500.0 12.0 0.0000 0.1968 27.02 0.0628 0.0000 0.0000
177.1875 18.1390 0.4815 0.2037 0.3148 0.00000 6.993 1500.0 12.0 0.0000 0.3153 38.83 0.0628 0.0000 0.0001
180.0000 18.1390 0.4143 0.2381 0.3475 0.00000 7.440 1499.9 12.0 0.0000 0.1916 24.81 0.0628 0.0001 0.0012
-177.1875 18.1390 0.3513 0.3531 0.2956 0.00000 6.883 1498.4 12.0 0.0000 2.2037 286.36 0.5352 0.0011 0.0013
-174.3750 18.1390 0.2894 0.4578 0.2529 0.00000 6.259 1490.2 12.0 0.0000 1.1981 158.52 1.1649 0.0065 0.0062
-171.5625 18.1390 0.2269 0.4909 0.2823 0.00000 6.019 1500.0 12.0 0.0000 1.1941 162.57 1.3012 0.0000 0.0000
-168.7500 18.1390 0.2616 0.4254 0.3130 0.00000 6.574 1499.3 12.0 0.0000 1.7759 242.16 0.8723 0.0005 0.0005
-165.9375 18.1390 0.3140 0.3518 0.3342 0.00000 7.477 1498.1 12.0 0.0000 2.1188 285.89 0.4426 0.0012 0.0015
-163.1250 18.1390 0.2990 0.3415 0.3595 0.00000 7.266 1500.0 12.0 0.0000 2.4899 341.67 0.3520 0.0000 0.0000
-160.3125 18.1390 0.4336 0.2555 0.3109 0.00000 6.573 1500.0 12.0 0.0000 3.1795 399.82 0.3014 0.0000 0.0000
-157.5000 18.1390 0.4208 0.2532 0.3258 0.00000 6.911 1499.3 12.0 0.0000 0.5611 71.64 0.0628 0.0005 0.0066
-84.3750 18.1390 0.4438 0.2349 0.3213 0.00000 7.227 1499.9 12.0 0.0000 1.4408 181.37 0.0726 0.0001 0.0005
-81.5625 18.1390 0.4171 0.2407 0.3422 0.00000 7.106 1500.0 12.0 0.0000 0.7921 102.13 0.0628 0.0000 0.0002
-78.7500 18.1390 0.4644 0.2252 0.3104 0.00000 7.754 1500.0 12.0 0.0000 0.2065 25.57 0.0628 0.0000 0.0000
-75.9375 18.1390 0.3487 0.2942 0.3571 0.00000 8.586 1500.0 12.0 0.0000 0.0672 10.00 0.0628 0.0000 0.0000
-73.1250 18.1390 0.3424 0.3047 0.3529 0.00000 8.482 1500.0 12.0 0.0000 0.0440 10.00 0.0628 0.0000 0.0000
-70.3125 18.1390 0.3921 0.2662 0.3417 0.00000 7.991 1500.0 12.0 0.0000 0.0447 10.00 0.0628 0.0000 0.0000
-67.5000 18.1390 0.3999 0.2615 0.3386 0.00000 7.904 1500.0 12.0 0.0000 0.0566 10.00 0.0628 0.0000 0.0000
-64.6875 18.1390 0.4813 0.2209 0.2978 0.00000 6.857 1500.0 12.0 0.0000 0.6965 84.95 0.1489 0.0000 0.0000
-61.8750 18.1390 0.4047 0.2586 0.3367 0.00000 7.850 1500.0 12.0 0.0000 0.2615 33.81 0.0628 0.0000 0.0000
-59.0625 18.1390 0.2984 0.3227 0.3788 0.00000 9.039 1500.0 12.0 0.0000 0.2142 29.69 0.0628 0.0000 0.0000
-56.2500 18.1390 0.3962 0.2775 0.3263 0.00000 7.744 1500.0 12.0 0.0000 1.6314 210.56 0.1844 0.0000 0.0000
-53.4375 18.1390 0.4062 0.2834 0.3104 0.00000 7.431 1500.0 12.0 0.0000 1.9320 246.06 0.2981 0.0000 0.0000
-50.6250 18.1390 0.3736 0.2779 0.3485 0.00000 8.291 1500.0 12.0 0.0000 0.1623 21.42 0.0628 0.0000 0.0000
-47.8125 18.1390 0.5244 0.1880 0.2876 0.00000 7.197 1500.0 12.0 0.0000 0.6979 82.83 0.0628 0.0000 0.0000
-45.0000 18.1390 0.3418 0.2905 0.3677 0.00000 7.678 1498.8 12.0 0.0000 0.8821 119.52 0.0824 0.0008 0.0048
-42.1875 18.1390 0.3025 0.4076 0.2900 0.00000 6.345 1463.7 12.0 0.0000 1.8467 257.45 0.8757 0.0242 0.0242
14.0625 15.3484 0.3381 0.3266 0.3353 0.00000 7.603 1499.9 12.0 0.0000 1.4595 194.43 0.0628 0.0001 0.0011
16.8750 15.3484 0.3713 0.2849 0.3439 0.00000 8.069 1499.7 12.0 0.0000 1.3490 177.89 0.0628 0.0002 0.0030
19.6875 15.3484 0.5815 0.1587 0.2598 0.00000 6.908 1500.0 12.0 0.0000 1.3556 153.59 0.0628 0.0000 0.0000
22.5000 15.3484 0.4955 0.2039 0.3005 0.00000 6.830 1500.0 12.0 0.0000 0.6058 73.49 0.0628 0.0000 0.0000
25.3125 15.3484 0.4141 0.2787 0.3072 0.00000 7.331 1500.0 12.0 0.0000 3.5142 445.12 0.3087 0.0000 0.0000
28.1250 15.3484 0.3767 0.3248 0.2986 0.00000 7.345 1500.0 12.0 0.0000 3.4329 440.45 0.5503 0.0000 0.0000
30.9375 15.3484 0.3149 0.3950 0.2901 0.00000 8.348 1500.0 12.0 0.0000 2.3449 308.16 0.5483 0.0000 0.0000
33.7500 15.3484 0.3889 0.3426 0.2685 0.00000 7.607 1499.7 12.0 0.0000 2.7996 351.39 0.3953 0.0002 0.0002
36.5625 15.3484 0.3772 0.3049 0.3179 0.00000 6.931 1493.6 12.0 0.0000 1.3391 175.28 0.2262 0.0042 0.0073
92.8125 15.3484 0.4267 0.2558 0.3175 0.00000 6.936 1499.9 12.0 0.0000 1.1554 146.33 0.1427 0.0001 0.0001
95.6250 15.3484 0.3892 0.2683 0.3425 0.00000 7.263 1498.4 12.0 0.0000 1.2000 157.14 0.1379 0.0011 0.0028
98.4375 15.3484 0.3929 0.2600 0.3472 0.00000 7.256 1499.1 12.0 0.0000 0.6755 88.43 0.1131 0.0006 0.0019
101.2500 15.3484 0.4303 0.2551 0.3145 0.00000 7.528 1499.6 12.0 0.0000 0.4797 60.58 0.0855 0.0003 0.0015
104.0625 15.3484 0.4031 0.2550 0.3419 0.00000 7.758 1500.0 12.0 0.0000 0.1482 19.23 0.0628 0.0000 0.0000
106.8750 15.3484 0.2783 0.3318 0.3898 0.00000 9.112 1500.0 12.0 0.0000 0.0730 10.27 0.0628 0.0000 0.0000
109.6875 15.3484 0.2777 0.3360 0.3863 0.00000 9.253 1500.0 12.0 0.0000 0.0683 10.00 0.0694 0.0000 0.0000
112.5000 15.3484 0.3114 0.2887 0.4000 0.00000 7.066 1500.0 12.0 0.0000 0.3199 44.57 0.0899 0.0000 0.0000
115.3125 15.3484 0.4479 0.2219 0.3302 0.00000 7.262 1500.0 12.0 0.0000 0.3145 39.70 0.1003 0.0000 0.0000
118.1250 15.3484 0.4158 0.2562 0.3278 0.00000 7.522 1500.0 12.0 0.0000 0.0497 10.00 0.0628 0.0000 0.0000
120.9375 15.3484 0.3534 0.3899 0.2567 0.00000 5.860 1500.0 12.0 0.0000 0.5494 69.64 0.9725 0.0000 0.0000
163.1250 15.3484 0.4604 0.2161 0.3234 0.00000 6.897 1499.6 12.0 0.0000 1.4128 176.74 0.0628 0.0003 0.0038
165.9375 15.3484 0.4728 0.2266 0.3006 0.00000 7.462 1500.0 12.0 0.0000 0.7770 95.32 0.0628 0.0000 0.0000
168.7500 15.3484 0.4446 0.2402 0.3153 0.00000 8.141 1500.0 12.0 0.0000 0.2896 36.31 0.0628 0.0000 0.0000
171.5625 15.3484 0.3309 0.3077 0.3615 0.00000 8.755 1500.0 12.0 0.0000 0.1598 21.65 0.0628 0.0000 0.0000
174.3750 15.3484 0.3950 0.2660 0.3390 0.00000 8.134 1500.0 12.0 0.0000 0.1859 24.17 0.0628 0.0000 0.0000
177.1875 15.3484 0.4762 0.2009 0.3229 0.00000 6.743 1500.0 12.0 0.0000 0.5455 67.67 0.0628 0.0000 0.0003
180.0000 15.3484 0.4104 0.2638 0.3257 0.00000 7.254 1499.4 12.0 0.0000 1.0325 132.47 0.0909 0.0004 0.0018
-177.1875 15.3484 0.3345 0.3443 0.3211 0.00000 7.795 1500.0 12.0 0.0000 1.4501 192.01 0.2031 0.0000 0.0000
-163.1250 15.3484 0.4177 0.2973 0.2850 0.00000 6.834 1500.0 12.0 0.0000 2.5256 315.40 0.4298 0.0000 0.0000
-160.3125 15.3484 0.2658 0.3785 0.3555 0.00000 7.957 1500.0 12.0 0.0000 0.6775 94.11 0.0628 0.0000 0.0000
-135.0000 15.3484 0.3614 0.3765 0.2622 0.00000 6.527 1500.0 12.0 0.0000 2.5504 323.06 0.8010 0.0000 0.0000
-132.1875 15.3484 0.2634 0.4414 0.2952 0.00000 7.427 1500.0 12.0 0.0000 3.2071 432.51 0.5325 0.0000 0.0000
-84.3750 15.3484 0.2270 0.4367 0.3361 0.00000 7.717 1500.0 12.0 0.0000 1.9101 267.18 0.0848 0.0000 0.0000
-81.5625 15.3484 0.3958 0.2705 0.3336 0.00000 7.415 1499.9 12.0 0.0000 0.5917 76.69 0.0773 0.0000 0.0003
-78.7500 15.3484 0.3041 0.2962 0.3997 0.00000 7.300 1500.0 12.0 0.0000 0.6996 97.76 0.0995 0.0000 0.0001
-75.9375 15.3484 0.3072 0.2943 0.3985 0.00000 7.408 1500.0 12.0 0.0000 0.2495 34.80 0.0808 0.0000 0.0000
-73.1250 15.3484 0.3522 0.2665 0.3814 0.00000 7.065 1500.0 12.0 0.0000 0.0720 10.00 0.0628 0.0000 0.0000
-70.3125 15.3484 0.3722 0.2703 0.3575 0.00000 7.498 1500.0 12.0 0.0000 0.2193 29.10 0.1016 0.0000 0.0000
-67.5000 15.3484 0.4232 0.2721 0.3047 0.00000 7.295 1500.0 12.0 0.0000 0.7485 94.27 0.2957 0.0000 0.0000
-64.6875 15.3484 0.3943 0.3004 0.3054 0.00000 7.427 1500.0 12.0 0.0000 1.2499 159.64 0.3954 0.0000 0.0000
-61.8750 15.3484 0.4109 0.2680 0.3211 0.00000 7.594 1500.0 12.0 0.0000 0.8952 114.43 0.1703 0.0000 0.0000
-59.0625 15.3484 0.3743 0.2771 0.3486 0.00000 8.183 1500.0 12.0 0.0000 0.1742 22.99 0.0628 0.0000 0.0000
-56.2500 15.3484 0.4003 0.2708 0.3289 0.00000 7.769 1500.0 12.0 0.0000 0.8514 109.83 0.1357 0.0000 0.0000
-53.4375 15.3484 0.4039 0.2680 0.3281 0.00000 7.747 1500.0 12.0 0.0000 0.7577 97.54 0.1275 0.0000 0.0000
-50.6250 15.3484 0.5666 0.1625 0.2709 0.00000 6.973 1500.0 12.0 0.0000 0.3359 38.62 0.0628 0.0000 0.0000
-47.8125 15.3484 0.2508 0.3950 0.3543 0.00000 7.083 1500.0 12.0 0.0000 2.4920 348.26 0.5497 0.0000 0.0000
16.8750 12.5578 0.3093 0.3453 0.3454 0.00000 8.241 1499.8 12.0 0.0000 1.2576 170.60 0.0628 0.0001 0.0020
19.6875 12.5578 0.6019 0.1480 0.2501 0.00000 6.911 1500.0 12.0 0.0000 1.3205 147.10 0.0628 0.0000 0.0000
22.5000 12.5578 0.4736 0.2212 0.3053 0.00000 7.166 1500.0 12.0 0.0000 0.8063 99.14 0.0628 0.0000 0.0000
25.3125 12.5578 0.4839 0.2115 0.3046 0.00000 6.955 1500.0 12.0 0.0000 0.7947 97.18 0.0628 0.0000 0.0000
28.1250 12.5578 0.3809 0.3056 0.3135 0.00000 7.696 1500.0 12.0 0.0000 4.1132 530.97 0.3472 0.0000 0.0000
30.9375 12.5578 0.4972 0.2593 0.2435 0.00000 7.269 1500.0 12.0 0.0000 4.0649 476.45 0.4070 0.0000 0.0000
33.7500 12.5578 0.4192 0.3014 0.2794 0.00000 7.290 1493.7 12.0 0.0000 2.9729 373.56 0.3574 0.0042 0.0056
95.6250 12.5578 0.1804 0.5003 0.3193 0.00000 7.900 1498.6 12.0 0.0000 1.5666 222.16 0.3013 0.0009 0.0014
98.4375 12.5578 0.3276 0.3501 0.3223 0.00000 7.217 1498.2 12.0 0.0000 1.4002 186.61 0.1622 0.0012 0.0027
101.2500 12.5578 0.4004 0.2706 0.3290 0.00000 7.307 1497.6 12.0 0.0000 1.7994 232.99 0.1630 0.0016 0.0036
104.0625 12.5578 0.2926 0.3286 0.3788 0.00000 7.532 1499.9 12.0 0.0000 1.2245 170.17 0.1320 0.0000 0.0001
106.8750 12.5578 0.2677 0.3507 0.3816 0.00000 9.167 1500.0 12.0 0.0000 0.5763 81.06 0.1392 0.0000 0.0000
109.6875 12.5578 0.3106 0.3155 0.3739 0.00000 8.461 1500.0 12.0 0.0000 0.4058 55.81 0.1142 0.0000 0.0000
112.5000 12.5578 0.3388 0.2719 0.3892 0.00000 6.994 1500.0 12.0 0.0000 0.6052 82.86 0.0961 0.0000 0.0000
115.3125 12.5578 0.4527 0.2218 0.3255 0.00000 7.470 1500.0 12.0 0.0000 0.0648 10.00 0.0628 0.0000 0.0000
165.9375 12.5578 0.4093 0.2376 0.3530 0.00000 7.041 1499.9 12.0 0.0000 0.6175 80.39 0.0628 0.0001 0.0010
168.7500 12.5578 0.3848 0.2528 0.3624 0.00000 7.096 1499.9 12.0 0.0000 0.4615 61.05 0.0628 0.0000 0.0006
171.5625 12.5578 0.3448 0.2811 0.3741 0.00000 7.654 1500.0 12.0 0.0000 0.1424 19.30 0.0628 0.0000 0.0000
174.3750 12.5578 0.4219 0.2529 0.3252 0.00000 7.927 1500.0 12.0 0.0000 0.0788 10.04 0.0628 0.0000 0.0000
177.1875 12.5578 0.3587 0.2921 0.3491 0.00000 8.373 1500.0 12.0 0.0000 0.0660 10.00 0.0628 0.0000 0.0000
180.0000 12.5578 0.2921 0.3111 0.3968 0.00000 8.075 1500.0 12.0 0.0000 0.1928 27.04 0.0628 0.0000 0.0000
-177.1875 12.5578 0.4417 0.2357 0.3226 0.00000 7.211 1500.0 12.0 0.0000 0.1886 23.78 0.0628 0.0000 0.0000
-154.6875 12.5578 0.3027 0.4295 0.2678 0.00000 6.436 1500.0 12.0 0.0000 1.7480 228.27 0.8764 0.0000 0.0000
-143.4375 12.5578 0.4272 0.2868 0.2861 0.00000 6.951 1500.0 12.0 0.0000 3.2108 399.41 0.3686 0.0000 0.0000
-140.6250 12.5578 0.2896 0.4214 0.2890 0.00000 7.475 1469.1 12.0 0.0000 2.9834 414.77 0.5903 0.0206 0.0227
-137.8125 12.5578 0.2954 0.4474 0.2571 0.00000 6.354 1451.1 12.0 0.0000 2.5891 362.63 1.0312 0.0326 0.0316
-135.0000 12.5578 0.1978 0.4896 0.3126 0.00000 6.669 1500.0 12.0 0.0000 2.8706 401.92 1.0849 0.0000 0.0000
-132.1875 12.5578 0.2819 0.4219 0.2963 0.00000 6.809 1419.3 12.0 0.0000 2.8290 424.28 0.8552 0.0538 0.0541
-81.5625 12.5578 0.4229 0.2860 0.2908 0.00000 6.785 1499.5 12.0 0.0000 2.5129 314.23 0.2825 0.0003 0.0005
-78.7500 12.5578 0.5228 0.1756 0.3016 0.00000 6.745 1500.0 12.0 0.0000 0.1469 17.59 0.0628 0.0000 0.0004
-75.9375 12.5578 0.4009 0.2682 0.3309 0.00000 7.436 1500.0 12.0 0.0000 0.7033 90.80 0.2028 0.0000 0.0000
-73.1250 12.5578 0.4224 0.2442 0.3334 0.00000 7.376 1500.0 12.0 0.0000 0.4580 58.62 0.1374 0.0000 0.0000
-70.3125 12.5578 0.3153 0.3108 0.3738 0.00000 7.513 1500.0 12.0 0.0000 0.7270 99.77 0.2047 0.0000 0.0000
-67.5000 12.5578 0.3853 0.2904 0.3243 0.00000 7.112 1500.0 12.0 0.0000 0.6726 87.16 0.3202 0.0000 0.0000
-64.6875 12.5578 0.3399 0.3392 0.3209 0.00000 8.015 1500.0 12.0 0.0000 0.7610 100.51 0.3771 0.0000 0.0000
-61.8750 12.5578 0.3332 0.3348 0.3320 0.00000 8.203 1500.0 12.0 0.0000 1.0145 135.18 0.3401 0.0000 0.0000
-59.0625 12.5578 0.3815 0.2925 0.3260 0.00000 7.819 1500.0 12.0 0.0000 1.3693 177.92 0.2382 0.0000 0.0000
-56.2500 12.5578 0.4348 0.2408 0.3243 0.00000 7.509 1500.0 12.0 0.0000 0.1011 12.80 0.0628 0.0000 0.0000
-53.4375 12.5578 0.4092 0.2562 0.3345 0.00000 7.881 1500.0 12.0 0.0000 0.1016 13.09 0.0628 0.0000 0.0000
-50.6250 12.5578 0.2790 0.3480 0.3730 0.00000 6.977 1500.0 12.0 0.0000 2.3230 323.76 0.3669 0.0000 0.0000
-47.8125 12.5578 0.2346 0.4938 0.2716 0.00000 6.381 1494.0 12.0 0.0000 1.2312 167.60 1.2753 0.0040 0.0037
16.8750 9.7671 0.4386 0.2437 0.3176 0.00000 7.110 1498.4 12.0 0.0000 1.7704 223.50 0.0628 0.0011 0.0146
19.6875 9.7671 0.4114 0.2642 0.3244 0.00000 8.034 1499.4 12.0 0.0000 1.1210 143.66 0.0628 0.0004 0.0056
22.5000 9.7671 0.5167 0.2033 0.2800 0.00000 7.679 1500.0 12.0 0.0000 1.2276 145.59 0.0628 0.0000 0.0000
25.3125 9.7671 0.5075 0.2110 0.2815 0.00000 7.279 1500.0 12.0 0.0000 1.7199 205.11 0.0628 0.0000 0.0000
28.1250 9.7671 0.5320 0.1876 0.2804 0.00000 7.072 1500.0 12.0 0.0000 1.0382 122.21 0.0628 0.0000 0.0000
30.9375 9.7671 0.5961 0.1612 0.2426 0.00000 7.065 1500.0 12.0 0.0000 1.5393 171.19 0.0628 0.0000 0.0000
33.7500 9.7671 0.4268 0.2682 0.3050 0.00000 7.106 1483.4 12.0 0.0000 4.1268 532.67 0.2296 0.0111 0.0189
98.4375 9.7671 0.2264 0.4611 0.3125 0.00000 7.389 1469.3 12.0 0.0000 2.1698 313.38 0.2554 0.0205 0.0325
101.2500 9.7671 0.3270 0.3480 0.3250 0.00000 7.623 1487.3 12.0 0.0000 2.5994 352.67 0.2481 0.0085 0.0138
104.0625 9.7671 0.2733 0.3924 0.3343 0.00000 8.571 1499.7 12.0 0.0000 3.0600 419.45 0.3374 0.0002 0.0003
106.8750 9.7671 0.2854 0.3477 0.3669 0.00000 9.085 1500.0 12.0 0.0000 1.1525 159.69 0.1793 0.0000 0.0000
109.6875 9.7671 0.3512 0.2749 0.3739 0.00000 7.735 1500.0 12.0 0.0000 0.2418 32.66 0.0628 0.0000 0.0000
112.5000 9.7671 0.4217 0.2258 0.3524 0.00000 7.009 1500.0 12.0 0.0000 0.2722 35.21 0.0628 0.0000 0.0003
165.9375 9.7671 0.4202 0.2780 0.3017 0.00000 7.134 1479.1 12.0 0.0000 1.9707 256.35 0.2757 0.0139 0.0212
168.7500 9.7671 0.3074 0.4085 0.2841 0.00000 7.200 1426.7 12.0 0.0000 2.3321 340.72 0.6809 0.0489 0.0519
171.5625 9.7671 0.2929 0.3621 0.3450 0.00000 7.438 1488.6 12.0 0.0000 1.4831 205.95 0.4340 0.0076 0.0094
174.3750 9.7671 0.4624 0.2209 0.3166 0.00000 7.254 1500.0 12.0 0.0000 0.0721 10.00 0.0628 0.0000 0.0000
177.1875 9.7671 0.4002 0.2501 0.3497 0.00000 7.389 1500.0 12.0 0.0000 0.0662 10.00 0.0628 0.0000 0.0000
180.0000 9.7671 0.3767 0.2503 0.3730 0.00000 7.127 1500.0 12.0 0.0000 0.1472 19.65 0.0628 0.0000 0.0001
-177.1875 9.7671 0.3506 0.3279 0.3215 0.00000 7.138 1500.0 12.0 0.0000 1.4851 195.24 0.1504 0.0000 0.0000
-157.5000 9.7671 0.3398 0.4003 0.2598 0.00000 6.286 1500.0 12.0 0.0000 1.6130 206.14 0.9256 0.0000 0.0000
-154.6875 9.7671 0.3212 0.3965 0.2823 0.00000 6.287 1500.0 12.0 0.0000 2.2022 287.35 0.8963 0.0000 0.0000
-151.8750 9.7671 0.3334 0.3356 0.3310 0.00000 6.928 1499.7 12.0 0.0000 2.2078 294.13 0.4513 0.0002 0.0002
-149.0625 9.7671 0.4008 0.3127 0.2865 0.00000 6.925 1498.6 12.0 0.0000 2.4511 309.55 0.4353 0.0009 0.0011
-146.2500 9.7671 0.4126 0.2991 0.2883 0.00000 6.535 1500.0 12.0 0.0000 3.0590 383.68 0.4745 0.0000 0.0000
-143.4375 9.7671 0.3140 0.3440 0.3420 0.00000 7.476 1500.0 12.0 0.0000 3.1687 428.11 0.3744 0.0000 0.0000
-140.6250 9.7671 0.2760 0.3168 0.4072 0.00000 7.751 1500.0 12.0 0.0000 0.2927 41.55 0.0628 0.0000 0.0000
-137.8125 9.7671 0.3523 0.2767 0.3710 0.00000 7.539 1499.9 12.0 0.0000 0.2745 37.01 0.0628 0.0000 0.0005
-135.0000 9.7671 0.3872 0.2657 0.3471 0.00000 7.895 1500.0 12.0 0.0000 0.2309 30.26 0.0628 0.0000 0.0000
-132.1875 9.7671 0.4341 0.2421 0.3238 0.00000 7.404 1500.0 12.0 0.0000 0.2479 31.39 0.0628 0.0000 0.0000
-129.3750 9.7671 0.4250 0.2553 0.3197 0.00000 7.392 1475.3 12.0 0.0000 2.1553 284.12 0.1703 0.0165 0.0353
-126.5625 9.7671 0.2599 0.4419 0.2981 0.00000 7.585 1358.6 12.0 0.0000 3.8336 627.01 0.6219 0.0943 0.1026
-123.7500 9.7671 0.3005 0.4142 0.2854 0.00000 6.889 1290.4 12.0 0.0000 4.8025 800.00 0.5812 0.1398 0.1551
-73.1250 9.7671 0.1877 0.5536 0.2576 0.00000 6.119 1500.0 12.0 0.0000 0.4348 59.41 1.4029 0.0000 0.0000
-70.3125 9.7671 0.2652 0.4329 0.3019 0.00000 7.093 1498.4 12.0 0.0000 0.7233 98.03 0.8547 0.0011 0.0011
-67.5000 9.7671 0.3195 0.2841 0.3963 0.00000 7.373 1500.0 12.0 0.0000 0.0705 10.00 0.0628 0.0000 0.0000
-64.6875 9.7671 0.4295 0.2661 0.3044 0.00000 7.093 1500.0 12.0 0.0000 0.6238 78.31 0.2924 0.0000 0.0000
-61.8750 9.7671 0.2937 0.3552 0.3512 0.00000 8.733 1500.0 12.0 0.0000 0.7255 99.37 0.2909 0.0000 0.0000
-59.0625 9.7671 0.3480 0.3191 0.3328 0.00000 8.125 1500.0 12.0 0.0000 1.2762 169.00 0.2856 0.0000 0.0000
-56.2500 9.7671 0.3337 0.3014 0.3649 0.00000 8.645 1500.0 12.0 0.0000 0.0745 10.10 0.0628 0.0000 0.0000
-53.4375 9.7671 0.3988 0.2587 0.3426 0.00000 7.907 1500.0 12.0 0.0000 0.0961 12.50 0.0628 0.0000 0.0000
-50.6250 9.7671 0.2562 0.3709 0.3729 0.00000 6.766 1497.5 12.0 0.0000 2.0666 291.86 0.4894 0.0017 0.0019
-47.8125 9.7671 0.2885 0.4579 0.2536 0.00000 6.382 1500.0 12.0 0.0000 1.3876 181.01 1.1699 0.0000 0.0000
-22.5000 9.7671 0.2516 0.5034 0.2450 0.00000 5.733 1468.9 12.0 0.0000 1.3703 189.48 1.3655 0.0207 0.0191
19.6875 6.9765 0.4535 0.2318 0.3147 0.00000 6.985 1497.2 12.0 0.0000 2.1043 263.84 0.0628 0.0019 0.0251
22.5000 6.9765 0.4854 0.2098 0.3048 0.00000 6.983 1498.1 12.0 0.0000 1.2392 151.91 0.0628 0.0013 0.0169
28.1250 6.9765 0.4926 0.2226 0.2848 0.00000 7.502 1500.0 12.0 0.0000 0.4694 56.51 0.0628 0.0000 0.0000
30.9375 6.9765 0.5332 0.2086 0.2582 0.00000 7.003 1499.6 12.0 0.0000 1.9035 221.14 0.0628 0.0003 0.0039
98.4375 6.9765 0.4563 0.2244 0.3193 0.00000 7.173 1492.9 12.0 0.0000 0.4526 57.21 0.0628 0.0048 0.0636
101.2500 6.9765 0.5399 0.1889 0.2713 0.00000 7.387 1500.0 12.0 0.0000 0.7318 85.33 0.0628 0.0000 0.0000
104.0625 6.9765 0.4072 0.2619 0.3309 0.00000 8.260 1500.0 12.0 0.0000 0.3540 45.57 0.0628 0.0000 0.0000
106.8750 6.9765 0.4458 0.2346 0.3196 0.00000 7.697 1500.0 12.0 0.0000 0.3396 42.66 0.0628 0.0000 0.0000
109.6875 6.9765 0.2758 0.3339 0.3902 0.00000 7.691 1500.0 12.0 0.0000 2.2978 323.45 0.1805 0.0000 0.0000
112.5000 6.9765 0.4425 0.2489 0.3086 0.00000 7.120 1500.0 12.0 0.0000 2.0655 258.29 0.2354 0.0000 0.0000
168.7500 6.9765 0.2052 0.5554 0.2394 0.00000 5.628 1500.0 12.0 0.0000 0.6765 90.95 1.7308 0.0000 0.0000
171.5625 6.9765 0.1793 0.5488 0.2719 0.00000 5.775 1491.4 12.0 0.0000 0.6587 92.21 1.7082 0.0057 0.0051
174.3750 6.9765 0.1741 0.5243 0.3016 0.00000 5.838 1500.0 12.0 0.0000 0.4961 69.79 1.4613 0.0000 0.0000
177.1875 6.9765 0.2395 0.4315 0.3290 0.00000 6.563 1500.0 12.0 0.0000 0.7224 100.17 0.8419 0.0000 0.0000
180.0000 6.9765 0.3933 0.2466 0.3600 0.00000 7.315 1499.4 12.0 0.0000 0.1050 13.83 0.0628 0.0004 0.0051
-177.1875 6.9765 0.2921 0.3735 0.3343 0.00000 7.705 1500.0 12.0 0.0000 0.4242 57.64 0.1070 0.0000 0.0000
-154.6875 6.9765 0.3207 0.3876 0.2917 0.00000 7.061 1500.0 12.0 0.0000 1.5823 207.57 0.6973 0.0000 0.0000
-151.8750 6.9765 0.2801 0.3106 0.4093 0.00000 7.647 1500.0 12.0 0.0000 0.2029 28.77 0.0628 0.0000 0.0000
-149.0625 6.9765 0.2459 0.3900 0.3641 0.00000 7.644 1498.7 12.0 0.0000 2.1063 296.98 0.3695 0.0009 0.0011
-146.2500 6.9765 0.2674 0.3643 0.3683 0.00000 7.209 1500.0 12.0 0.0000 2.7781 388.21 0.3919 0.0000 0.0000
-143.4375 6.9765 0.2886 0.3140 0.3975 0.00000 7.386 1500.0 12.0 0.0000 1.8660 262.19 0.1209 0.0000 0.0000
-140.6250 6.9765 0.3140 0.3158 0.3702 0.00000 7.674 1500.0 12.0 0.0000 1.7098 234.37 0.1938 0.0000 0.0000
-137.8125 6.9765 0.3501 0.3031 0.3468 0.00000 8.373 1500.0 12.0 0.0000 0.8218 109.52 0.1248 0.0000 0.0000
-135.0000 6.9765 0.4208 0.2538 0.3253 0.00000 7.637 1500.0 12.0 0.0000 0.1554 19.82 0.0628 0.0000 0.0000
-132.1875 6.9765 0.4283 0.2485 0.3232 0.00000 7.551 1500.0 12.0 0.0000 0.2361 29.97 0.0628 0.0000 0.0000
-129.3750 6.9765 0.4064 0.2837 0.3098 0.00000 7.464 1500.0 12.0 0.0000 3.0185 384.26 0.2399 0.0000 0.0000
-126.5625 6.9765 0.2567 0.4573 0.2859 0.00000 7.437 1368.2 12.0 0.0000 4.3673 703.05 0.8252 0.0879 0.0890
-70.3125 6.9765 0.2259 0.5200 0.2541 0.00000 6.149 1483.6 12.0 0.0000 0.3699 50.87 1.3758 0.0110 0.0101
-67.5000 6.9765 0.3744 0.2515 0.3741 0.00000 7.017 1499.0 12.0 0.0000 0.1085 14.54 0.0628 0.0007 0.0093
-64.6875 6.9765 0.4126 0.2559 0.3314 0.00000 8.083 1500.0 12.0 0.0000 0.0481 10.00 0.0628 0.0000 0.0000
-61.8750 6.9765 0.2906 0.3275 0.3820 0.00000 9.127 1500.0 12.0 0.0000 0.0450 10.00 0.0628 0.0000 0.0000
-59.0625 6.9765 0.2539 0.3495 0.3965 0.00000 9.500 1500.0 12.0 0.0000 0.0778 11.08 0.0628 0.0000 0.0000
-56.2500 6.9765 0.2544 0.3491 0.3965 0.00000 9.500 1500.0 12.0 0.0000 0.0657 10.00 0.0628 0.0000 0.0000
-53.4375 6.9765 0.2718 0.3338 0.3944 0.00000 9.059 1500.0 12.0 0.0000 0.0727 10.27 0.0628 0.0000 0.0000
-50.6250 6.9765 0.4102 0.2429 0.3469 0.00000 7.889 1499.9 12.0 0.0000 0.1535 19.90 0.0628 0.0001 0.0009
-22.5000 6.9765 0.2272 0.5259 0.2469 0.00000 5.751 1464.7 12.0 0.0000 0.9480 133.39 1.4662 0.0235 0.0215
-19.6875 6.9765 0.2399 0.4993 0.2609 0.00000 5.647 1402.7 12.0 0.0000 0.4505 69.07 1.4131 0.0649 0.0596
-16.8750 6.9765 0.2511 0.5030 0.2458 0.00000 5.511 1491.6 12.0 0.0000 0.3432 45.92 1.3948 0.0056 0.0051
-5.6250 6.9765 0.3977 0.3213 0.2809 0.00000 6.601 1500.0 12.0 0.0000 0.9040 113.71 0.5172 0.0000 0.0000
19.6875 4.1859 0.3551 0.3092 0.3301 0.00000 7.464 1500.0 12.0 0.0000 0.9148 119.91 0.0628 0.0000 0.0000
22.5000 4.1859 0.3378 0.3249 0.3371 0.00000 7.537 1498.0 12.0 0.0000 0.5800 77.55 0.0628 0.0013 0.0178
25.3125 4.1859 0.5114 0.2159 0.2727 0.00000 7.122 1499.7 12.0 0.0000 0.4515 53.49 0.0628 0.0002 0.0029
28.1250 4.1859 0.6234 0.1376 0.2389 0.00000 6.935 1500.0 12.0 0.0000 0.5065 55.37 0.0628 0.0000 0.0000
30.9375 4.1859 0.2831 0.4326 0.2844 0.00000 6.654 1468.3 12.0 0.0000 4.0972 570.60 0.8726 0.0211 0.0212
33.7500 4.1859 0.2148 0.5566 0.2286 0.00000 5.814 840.3 12.0 0.0000 3.9762 800.00 1.6195 0.4400 0.3962
98.4375 4.1859 0.3398 0.3253 0.3349 0.00000 7.499 1496.9 12.0 0.0000 1.1326 151.40 0.0628 0.0021 0.0277
101.2500 4.1859 0.5316 0.2012 0.2673 0.00000 6.908 1479.5 12.0 0.0000 4.0695 492.08 0.1707 0.0137 0.0293
104.0625 4.1859 0.5647 0.1708 0.2646 0.00000 7.201 1500.0 12.0 0.0000 1.1786 135.11 0.0628 0.0000 0.0000
106.8750 4.1859 0.5552 0.1731 0.2716 0.00000 6.940 1500.0 12.0 0.0000 0.4332 50.13 0.0628 0.0000 0.0000
109.6875 4.1859 0.3074 0.3274 0.3651 0.00000 7.684 1494.3 12.0 0.0000 2.3660 327.09 0.2186 0.0038 0.0067
112.5000 4.1859 0.3386 0.3722 0.2891 0.00000 7.034 1475.7 12.0 0.0000 3.1406 423.27 0.5787 0.0162 0.0180
157.5000 4.1859 0.3380 0.4199 0.2421 0.00000 6.170 1317.1 12.0 0.0000 2.5123 410.15 1.0182 0.1220 0.1183
160.3125 4.1859 0.1534 0.5732 0.2733 0.00000 7.083 1492.4 12.0 0.0000 3.1843 450.43 0.9543 0.0051 0.0050
171.5625 4.1859 0.2045 0.5559 0.2394 0.00000 5.416 1500.0 12.0 0.0000 0.4512 60.67 1.7270 0.0000 0.0000
174.3750 4.1859 0.2153 0.5118 0.2728 0.00000 6.268 1499.5 12.0 0.0000 0.4493 61.23 1.3610 0.0004 0.0003
177.1875 4.1859 0.2208 0.4409 0.3383 0.00000 6.766 1500.0 12.0 0.0000 0.6955 97.66 0.7915 0.0000 0.0000
180.0000 4.1859 0.3543 0.3519 0.2937 0.00000 6.756 1498.6 12.0 0.0000 0.7765 100.63 0.6020 0.0009 0.0010
-177.1875 4.1859 0.1278 0.5700 0.3021 0.00000 7.816 1500.0 12.0 0.0000 0.8511 122.10 0.5823 0.0000 0.0000
-174.3750 4.1859 0.0376 0.7007 0.2617 0.00000 6.647 1500.0 12.0 0.0000 1.0706 156.38 0.5241 0.0000 0.0000
-154.6875 4.1859 0.3388 0.3758 0.2854 0.00000 6.681 1498.4 12.0 0.0000 1.5552 202.14 0.6821 0.0011 0.0012
-151.8750 4.1859 0.3368 0.2994 0.3638 0.00000 7.518 1500.0 12.0 0.0000 1.6065 217.28 0.3419 0.0000 0.0000
-149.0625 4.1859 0.4550 0.1874 0.3576 0.00000 7.846 1500.0 12.0 0.0000 0.1503 19.20 0.0628 0.0000 0.0000
-146.2500 4.1859 0.4447 0.2239 0.3314 0.00000 7.813 1500.0 12.0 0.0000 1.2425 157.19 0.1890 0.0000 0.0000
-143.4375 4.1859 0.3787 0.2397 0.3816 0.00000 8.522 1500.0 12.0 0.0000 0.6306 84.49 0.0991 0.0000 0.0000
-140.6250 4.1859 0.3335 0.2997 0.3667 0.00000 7.958 1500.0 12.0 0.0000 1.8783 254.80 0.2268 0.0000 0.0000
-137.8125 4.1859 0.2749 0.3751 0.3500 0.00000 8.969 1500.0 12.0 0.0000 1.5517 214.15 0.2459 0.0000 0.0000
-135.0000 4.1859 0.3817 0.2895 0.3288 0.00000 7.901 1500.0 12.0 0.0000 1.3920 181.13 0.1923 0.0000 0.0000
-132.1875 4.1859 0.3980 0.2648 0.3372 0.00000 7.905 1500.0 12.0 0.0000 0.2345 30.42 0.0628 0.0000 0.0000
-129.3750 4.1859 0.3536 0.2920 0.3544 0.00000 8.012 1500.0 12.0 0.0000 0.4047 54.06 0.0628 0.0000 0.0000
-126.5625 4.1859 0.2591 0.4592 0.2817 0.00000 6.894 1306.6 12.0 0.0000 3.8772 670.26 0.9570 0.1290 0.1266
-70.3125 4.1859 0.2709 0.4780 0.2511 0.00000 5.295 1497.2 12.0 0.0000 0.6821 89.96 1.4362 0.0019 0.0017
-67.5000 4.1859 0.3285 0.2813 0.3903 0.00000 7.457 1499.7 12.0 0.0000 0.1099 15.14 0.0628 0.0002 0.0028
-64.6875 4.1859 0.4245 0.2451 0.3304 0.00000 7.693 1500.0 12.0 0.0000 0.0574 10.00 0.0628 0.0000 0.0000
-61.8750 4.1859 0.2816 0.3328 0.3856 0.00000 9.230 1500.0 12.0 0.0000 0.0481 10.00 0.0628 0.0000 0.0000
-59.0625 4.1859 0.2537 0.3496 0.3967 0.00000 9.500 1500.0 12.0 0.0000 0.0906 12.92 0.0628 0.0000 0.0000
-56.2500 4.1859 0.3070 0.3166 0.3764 0.00000 8.992 1500.0 12.0 0.0000 0.0838 11.56 0.0628 0.0000 0.0000
-53.4375 4.1859 0.3008 0.2978 0.4014 0.00000 7.652 1500.0 12.0 0.0000 0.1285 17.99 0.0628 0.0000 0.0000
-50.6250 4.1859 0.4441 0.2200 0.3359 0.00000 7.121 1500.0 12.0 0.0000 0.1872 23.74 0.0628 0.0000 0.0000
-28.1250 4.1859 0.2934 0.4523 0.2543 0.00000 6.075 1445.6 12.0 0.0000 2.6398 372.40 1.1405 0.0363 0.0345
-25.3125 4.1859 0.2580 0.4842 0.2578 0.00000 6.601 1454.2 12.0 0.0000 1.0305 146.05 1.2575 0.0305 0.0286
-22.5000 4.1859 0.2777 0.4906 0.2317 0.00000 5.975 1486.1 12.0 0.0000 0.6789 89.85 1.4450 0.0093 0.0085
-19.6875 4.1859 0.2302 0.4882 0.2815 0.00000 5.602 1500.0 12.0 0.0000 0.4479 60.87 1.3957 0.0000 0.0000
-16.8750 4.1859 0.2158 0.4917 0.2926 0.00000 5.580 1471.3 12.0 0.0000 0.5732 82.13 1.2913 0.0191 0.0178
-14.0625 4.1859 0.2661 0.4803 0.2536 0.00000 5.727 1388.3 12.0 0.0000 0.2897 44.66 1.3145 0.0745 0.0692
-11.2500 4.1859 0.1094 0.6249 0.2655 0.00000 7.154 1500.0 12.0 0.0000 0.3541 50.27 1.3036 0.0000 0.0000
-8.4375 4.1859 0.2391 0.4994 0.2615 0.00000 5.934 1437.2 12.0 0.0000 0.4348 63.70 1.1865 0.0419 0.0396
-5.6250 4.1859 0.3073 0.4370 0.2557 0.00000 6.238 1490.9 12.0 0.0000 0.4538 59.58 1.0680 0.0061 0.0059
22.5000 1.3953 0.3003 0.3570 0.3426 0.00000 7.784 1496.5 12.0 0.0000 0.4970 67.91 0.0628 0.0023 0.0313
25.3125 1.3953 0.3066 0.3128 0.3806 0.00000 7.227 1499.7 12.0 0.0000 0.4642 64.20 0.0628 0.0002 0.0025
28.1250 1.3953 0.3727 0.2980 0.3293 0.00000 7.919 1495.5 12.0 0.0000 1.9468 256.17 0.1701 0.0030 0.0064
30.9375 1.3953 0.2058 0.5497 0.2444 0.00000 6.326 1144.2 12.0 0.0000 2.9475 607.05 1.4621 0.2373 0.2169
59.0625 1.3953 0.2381 0.5287 0.2332 0.00000 5.464 1363.9 12.0 0.0000 1.8439 293.67 1.6815 0.0908 0.0813
61.8750 1.3953 0.1932 0.5577 0.2492 0.00000 5.442 964.9 12.0 0.0000 1.8679 453.75 1.7263 0.3569 0.3183
64.6875 1.3953 0.2017 0.5653 0.2329 0.00000 5.512 1368.0 12.0 0.0000 1.9139 307.41 1.7308 0.0881 0.0785
98.4375 1.3953 0.4159 0.2571 0.3270 0.00000 7.245 1493.6 12.0 0.0000 1.1708 151.29 0.0628 0.0043 0.0571
101.2500 1.3953 0.5114 0.2186 0.2700 0.00000 7.167 1499.3 12.0 0.0000 1.6993 201.10 0.0628 0.0004 0.0059
104.0625 1.3953 0.4023 0.2722 0.3255 0.00000 8.345 1500.0 12.0 0.0000 0.7071 90.97 0.0628 0.0000 0.0000
106.8750 1.3953 0.4146 0.2575 0.3279 0.00000 7.913 1500.0 12.0 0.0000 0.3118 39.93 0.0628 0.0000 0.0000
109.6875 1.3953 0.4585 0.2259 0.3156 0.00000 7.407 1500.0 12.0 0.0000 0.4446 55.39 0.0628 0.0000 0.0000
112.5000 1.3953 0.4210 0.2480 0.3309 0.00000 7.417 1498.3 12.0 0.0000 0.5194 66.61 0.0628 0.0011 0.0148
149.0625 1.3953 0.1759 0.5809 0.2432 0.00000 6.618 1181.5 12.0 0.0000 3.1954 639.70 1.4148 0.2125 0.1951
151.8750 1.3953 0.1657 0.5788 0.2555 0.00000 7.038 1247.3 12.0 0.0000 2.5552 481.66 1.2580 0.1685 0.1576
154.6875 1.3953 0.2636 0.4809 0.2555 0.00000 6.735 1274.4 12.0 0.0000 2.6439 468.54 1.0227 0.1505 0.1459
157.5000 1.3953 0.3142 0.3322 0.3537 0.00000 7.447 1488.8 12.0 0.0000 1.7643 243.76 0.1915 0.0075 0.0146
160.3125 1.3953 0.4069 0.2889 0.3040 0.00000 7.053 1498.5 12.0 0.0000 1.7764 225.87 0.1477 0.0010 0.0024
174.3750 1.3953 0.1554 0.5817 0.2628 0.00000 6.478 1500.0 12.0 0.0000 0.7678 106.77 1.1667 0.0000 0.0000
177.1875 1.3953 0.3592 0.3448 0.2960 0.00000 6.784 1499.7 12.0 0.0000 0.6449 83.34 0.5575 0.0002 0.0002
180.0000 1.3953 0.3553 0.3550 0.2896 0.00000 7.077 1500.0 12.0 0.0000 0.8526 109.93 0.5792 0.0000 0.0000
-157.5000 1.3953 0.2958 0.4764 0.2277 0.00000 5.735 1500.0 12.0 0.0000 1.1308 144.95 1.4547 0.0000 0.0000
-154.6875 1.3953 0.3112 0.4201 0.2687 0.00000 6.331 1499.8 12.0 0.0000 1.1970 155.84 0.9671 0.0002 0.0002
-151.8750 1.3953 0.2902 0.3730 0.3368 0.00000 7.920 1500.0 12.0 0.0000 1.1701 159.32 0.5914 0.0000 0.0000
-149.0625 1.3953 0.4306 0.1856 0.3839 0.00000 8.342 1500.0 12.0 0.0000 0.1226 16.06 0.0628 0.0000 0.0000
-146.2500 1.3953 0.5064 0.1134 0.3802 0.00000 7.809 1500.0 12.0 0.0000 0.1980 24.99 0.0628 0.0000 0.0000
-143.4375 1.3953 0.4658 0.1636 0.3706 0.00000 7.764 1500.0 12.0 0.0000 0.1229 15.72 0.0628 0.0000 0.0000
-140.6250 1.3953 0.3612 0.2535 0.3853 0.00000 7.286 1500.0 12.0 0.0000 0.1019 13.79 0.0628 0.0000 0.0000
-137.8125 1.3953 0.3197 0.3067 0.3735 0.00000 7.835 1500.0 12.0 0.0000 0.4335 59.37 0.1415 0.0000 0.0000
-135.0000 1.3953 0.4750 0.2205 0.3044 0.00000 7.284 1500.0 12.0 0.0000 0.2627 32.27 0.0974 0.0000 0.0000
-132.1875 1.3953 0.4317 0.2481 0.3202 0.00000 7.500 1500.0 12.0 0.0000 0.1274 16.11 0.0628 0.0000 0.0000
-129.3750 1.3953 0.3812 0.2661 0.3527 0.00000 7.501 1500.0 12.0 0.0000 0.3369 44.41 0.0628 0.0000 0.0001
-126.5625 1.3953 0.2283 0.4912 0.2805 0.00000 7.159 1266.5 12.0 0.0000 3.2472 593.12 1.1331 0.1557 0.1482
-70.3125 1.3953 0.2811 0.4762 0.2427 0.00000 5.556 1500.0 12.0 0.0000 0.6309 82.10 1.4318 0.0000 0.0000
-67.5000 1.3953 0.2667 0.3540 0.3792 0.00000 7.352 1500.0 12.0 0.0000 1.4617 205.44 0.3349 0.0000 0.0000
-64.6875 1.3953 0.3404 0.2828 0.3768 0.00000 7.771 1500.0 12.0 0.0000 0.0760 10.33 0.0628 0.0000 0.0000
-61.8750 1.3953 0.2627 0.3460 0.3913 0.00000 9.424 1500.0 12.0 0.0000 0.0598 10.00 0.0628 0.0000 0.0000
-59.0625 1.3953 0.2948 0.3208 0.3844 0.00000 8.844 1500.0 12.0 0.0000 0.1043 14.52 0.0628 0.0000 0.0000
-56.2500 1.3953 0.3014 0.3125 0.3861 0.00000 8.253 1500.0 12.0 0.0000 0.1622 22.53 0.0628 0.0000 0.0000
-53.4375 1.3953 0.3652 0.2666 0.3681 0.00000 7.636 1500.0 12.0 0.0000 0.2166 29.00 0.0628 0.0000 0.0000
-50.6250 1.3953 0.2957 0.4373 0.2670 0.00000 6.149 1500.0 12.0 0.0000 1.4734 192.94 1.0276 0.0000 0.0000
-33.7500 1.3953 0.2412 0.5112 0.2477 0.00000 6.604 1400.3 12.0 0.0000 3.2810 501.39 1.3021 0.0665 0.0619
-30.9375 1.3953 0.2524 0.4669 0.2807 0.00000 6.845 1444.1 12.0 0.0000 3.2880 479.05 1.0257 0.0373 0.0361
-28.1250 1.3953 0.3660 0.2621 0.3720 0.00000 7.251 1499.7 12.0 0.0000 1.0692 143.43 0.0628 0.0002 0.0031
-25.3125 1.3953 0.3763 0.3443 0.2794 0.00000 7.085 1500.0 12.0 0.0000 1.9355 245.77 0.6343 0.0000 0.0000
-22.5000 1.3953 0.3496 0.4051 0.2453 0.00000 6.226 1500.0 12.0 0.0000 0.5943 74.99 1.2482 0.0000 0.0000
-19.6875 1.3953 0.3374 0.4201 0.2425 0.00000 5.661 1500.0 12.0 0.0000 0.3206 40.63 1.4339 0.0000 0.0000
-16.8750 1.3953 0.2666 0.4759 0.2576 0.00000 5.623 1500.0 12.0 0.0000 0.3837 50.66 1.4078 0.0000 0.0000
-14.0625 1.3953 0.2268 0.4929 0.2803 0.00000 5.805 1463.0 12.0 0.0000 0.3799 54.49 1.3234 0.0247 0.0229
-11.2500 1.3953 0.2724 0.4624 0.2651 0.00000 5.904 1365.2 12.0 0.0000 0.5515 87.78 1.1488 0.0899 0.0854
-8.4375 1.3953 0.3064 0.4012 0.2924 0.00000 6.137 1270.0 12.0 0.0000 0.6874 122.42 0.8757 0.1534 0.1534
-5.6250 1.3953 0.3175 0.3788 0.3037 0.00000 6.783 1482.7 12.0 0.0000 0.5007 67.94 0.6709 0.0115 0.0123
-2.8125 1.3953 0.3058 0.4183 0.2759 0.00000 6.238 1500.0 12.0 0.0000 0.4097 53.66 0.8522 0.0000 0.0000
0.0000 -1.3953 0.2327 0.4954 0.2719 0.00000 6.464 1500.0 12.0 0.0000 0.6992 94.44 0.9472 0.0000 0.0000
22.5000 -1.3953 0.3550 0.3566 0.2884 0.00000 6.793 1414.2 12.0 0.0000 2.1123 308.52 0.6063 0.0572 0.0627
25.3125 -1.3953 0.3338 0.3488 0.3174 0.00000 7.053 1500.0 12.0 0.0000 2.3802 314.64 0.5029 0.0000 0.0000
28.1250 -1.3953 0.1720 0.5061 0.3220 0.00000 7.000 1497.3 12.0 0.0000 1.9909 284.22 1.0231 0.0018 0.0017
30.9375 -1.3953 0.2216 0.5419 0.2364 0.00000 5.823 922.9 12.0 0.0000 2.6347 655.26 1.4637 0.3849 0.3518
59.0625 -1.3953 0.2430 0.4973 0.2598 0.00000 5.961 1454.8 12.0 0.0000 1.3018 185.71 1.4003 0.0301 0.0277
61.8750 -1.3953 0.1758 0.5424 0.2818 0.00000 6.410 1500.0 12.0 0.0000 1.1301 157.29 1.5341 0.0000 0.0000
64.6875 -1.3953 0.1996 0.5501 0.2503 0.00000 5.820 1151.4 12.0 0.0000 1.7708 363.54 1.6304 0.2325 0.2092
67.5000 -1.3953 0.1874 0.5719 0.2407 0.00000 5.824 1216.7 12.0 0.0000 1.8782 361.17 1.6447 0.1890 0.1698
98.4375 -1.3953 0.2602 0.4796 0.2602 0.00000 6.757 1115.7 12.0 0.0000 3.7423 783.97 1.0460 0.2563 0.2475
101.2500 -1.3953 0.3540 0.4000 0.2460 0.00000 6.848 1338.1 12.0 0.0000 3.7538 594.52 0.7978 0.1080 0.1102
104.0625 -1.3953 0.2842 0.3556 0.3602 0.00000 9.146 1500.0 12.0 0.0000 2.4510 338.64 0.1758 0.0000 0.0000
106.8750 -1.3953 0.4281 0.2453 0.3266 0.00000 7.615 1500.0 12.0 0.0000 0.3667 46.64 0.0628 0.0000 0.0000
109.6875 -1.3953 0.5297 0.1909 0.2794 0.00000 7.015 1500.0 12.0 0.0000 0.5210 61.36 0.0628 0.0000 0.0000
112.5000 -1.3953 0.2797 0.3182 0.4021 0.00000 7.330 1500.0 12.0 0.0000 1.0523 148.76 0.0628 0.0000 0.0000
115.3125 -1.3953 0.3827 0.3529 0.2643 0.00000 6.698 1499.1 12.0 0.0000 4.6008 578.40 0.6479 0.0006 0.0007
146.2500 -1.3953 0.2492 0.5003 0.2504 0.00000 5.973 1128.8 12.0 0.0000 3.5209 728.30 1.2809 0.2476 0.2309
149.0625 -1.3953 0.4081 0.3246 0.2673 0.00000 7.707 1489.4 12.0 0.0000 3.0866 390.02 0.4678 0.0071 0.0085
151.8750 -1.3953 0.6185 0.1429 0.2386 0.00000 7.003 1500.0 12.0 0.0000 0.5243 57.46 0.0628 0.0000 0.0000
154.6875 -1.3953 0.4418 0.2488 0.3094 0.00000 8.112 1500.0 12.0 0.0000 0.2002 25.06 0.0628 0.0000 0.0000
157.5000 -1.3953 0.4366 0.2338 0.3295 0.00000 7.250 1499.1 12.0 0.0000 0.2491 31.66 0.0628 0.0006 0.0084
160.3125 -1.3953 0.3586 0.3064 0.3349 0.00000 7.700 1500.0 12.0 0.0000 0.1400 18.46 0.0628 0.0000 0.0000
163.1250 -1.3953 0.1550 0.5060 0.3383 0.00000 7.832 1500.0 12.0 0.0000 0.1252 18.06 0.0628 0.0000 0.0000
177.1875 -1.3953 0.4801 0.2171 0.3027 0.00000 6.865 1500.0 12.0 0.0000 0.1028 12.58 0.0628 0.0000 0.0000
-157.5000 -1.3953 0.2699 0.5041 0.2253 0.00000 5.447 1500.0 12.0 0.0000 1.0312 133.54 1.6875 0.0000 0.0000
-154.6875 -1.3953 0.2564 0.4901 0.2522 0.00000 5.999 1500.0 12.0 0.0000 0.7383 97.53 1.3965 0.0000 0.0000
-151.8750 -1.3953 0.2494 0.4631 0.2875 0.00000 6.604 1500.0 12.0 0.0000 0.8847 119.58 1.0888 0.0000 0.0000
-149.0625 -1.3953 0.2755 0.4118 0.3127 0.00000 7.461 1500.0 12.0 0.0000 1.1333 153.41 0.8403 0.0000 0.0000
-146.2500 -1.3953 0.3861 0.2659 0.3480 0.00000 7.920 1500.0 12.0 0.0000 1.3366 175.35 0.3911 0.0000 0.0000
-143.4375 -1.3953 0.4030 0.1996 0.3974 0.00000 7.444 1500.0 12.0 0.0000 0.1724 23.04 0.0628 0.0000 0.0000
-140.6250 -1.3953 0.2891 0.3025 0.4084 0.00000 7.364 1500.0 12.0 0.0000 0.1078 15.22 0.0628 0.0000 0.0000
-137.8125 -1.3953 0.2599 0.3546 0.3854 0.00000 7.303 1500.0 12.0 0.0000 0.7584 107.22 0.2892 0.0000 0.0000
-135.0000 -1.3953 0.3769 0.2951 0.3281 0.00000 7.021 1500.0 12.0 0.0000 0.4949 64.51 0.3275 0.0000 0.0000
-132.1875 -1.3953 0.3997 0.2690 0.3313 0.00000 7.849 1500.0 12.0 0.0000 0.0592 10.00 0.0628 0.0000 0.0000
-129.3750 -1.3953 0.4188 0.2398 0.3414 0.00000 7.768 1497.5 12.0 0.0000 0.1680 21.72 0.0628 0.0017 0.0224
-67.5000 -1.3953 0.2878 0.4304 0.2818 0.00000 6.949 1500.0 12.0 0.0000 0.8286 109.75 0.9301 0.0000 0.0000
-64.6875 -1.3953 0.3459 0.2606 0.3935 0.00000 6.977 1500.0 12.0 0.0000 0.2732 37.38 0.0628 0.0000 0.0000
-61.8750 -1.3953 0.2729 0.3304 0.3966 0.00000 8.883 1500.0 12.0 0.0000 0.1245 17.60 0.0628 0.0000 0.0000
-59.0625 -1.3953 0.2940 0.3016 0.4044 0.00000 7.647 1500.0 12.0 0.0000 0.1775 24.97 0.0628 0.0000 0.0000
-56.2500 -1.3953 0.3520 0.2659 0.3821 0.00000 7.300 1500.0 12.0 0.0000 0.5050 68.49 0.0628 0.0000 0.0000
-53.4375 -1.3953 0.3204 0.4225 0.2571 0.00000 6.304 1500.0 12.0 0.0000 2.2092 284.49 1.0441 0.0000 0.0000
-50.6250 -1.3953 0.2673 0.4754 0.2572 0.00000 6.065 1500.0 12.0 0.0000 1.5848 209.12 1.2698 0.0000 0.0000
-30.9375 -1.3953 0.4335 0.2195 0.3469 0.00000 6.974 1494.5 12.0 0.0000 0.9127 118.08 0.0628 0.0037 0.0489
-28.1250 -1.3953 0.4661 0.2238 0.3100 0.00000 7.707 1500.0 12.0 0.0000 0.3015 37.30 0.0628 0.0000 0.0000
-25.3125 -1.3953 0.3902 0.2689 0.3409 0.00000 8.139 1500.0 12.0 0.0000 0.1592 20.77 0.0628 0.0000 0.0000
-22.5000 -1.3953 0.2940 0.3487 0.3573 0.00000 8.801 1500.0 12.0 0.0000 0.7029 96.56 0.2241 0.0000 0.0000
-19.6875 -1.3953 0.3227 0.4094 0.2679 0.00000 6.361 1500.0 12.0 0.0000 0.4985 64.49 1.2654 0.0000 0.0000
-16.8750 -1.3953 0.3515 0.4239 0.2246 0.00000 5.645 1500.0 12.0 0.0000 0.3736 46.56 1.5126 0.0000 0.0000
-14.0625 -1.3953 0.2723 0.4795 0.2481 0.00000 6.230 1500.0 12.0 0.0000 0.3592 47.07 1.4362 0.0000 0.0000
-11.2500 -1.3953 0.2864 0.4518 0.2618 0.00000 6.290 1500.0 12.0 0.0000 0.4928 64.62 1.1733 0.0000 0.0000
-8.4375 -1.3953 0.3262 0.3847 0.2891 0.00000 7.146 1500.0 12.0 0.0000 0.5313 69.42 0.7143 0.0000 0.0000
-5.6250 -1.3953 0.2692 0.3490 0.3818 0.00000 6.804 1500.0 12.0 0.0000 1.1499 161.65 0.3627 0.0000 0.0000
-2.8125 -1.3953 0.3387 0.3759 0.2854 0.00000 6.771 1500.0 12.0 0.0000 0.4213 54.62 0.6377 0.0000 0.0000
25.3125 -4.1859 0.3008 0.4017 0.2974 0.00000 7.141 1500.0 12.0 0.0000 1.9707 261.63 0.5695 0.0000 0.0000
28.1250 -4.1859 0.3375 0.4177 0.2448 0.00000 6.161 1494.2 12.0 0.0000 2.5498 326.51 1.0676 0.0039 0.0037
30.9375 -4.1859 0.3035 0.4638 0.2325 0.00000 5.555 1500.0 12.0 0.0000 2.2582 289.18 1.3650 0.0000 0.0000
56.2500 -4.1859 0.3283 0.4107 0.2609 0.00000 6.431 1403.2 12.0 0.0000 1.6730 247.48 0.9383 0.0646 0.0636
59.0625 -4.1859 0.3034 0.3675 0.3291 0.00000 6.751 1476.7 12.0 0.0000 2.1627 301.72 0.5957 0.0156 0.0172
61.8750 -4.1859 0.3896 0.3404 0.2700 0.00000 7.298 1500.0 12.0 0.0000 2.3875 299.70 0.6075 0.0000 0.0000
64.6875 -4.1859 0.3332 0.4192 0.2476 0.00000 7.326 1500.0 12.0 0.0000 1.9369 246.65 0.9837 0.0000 0.0000
67.5000 -4.1859 0.2225 0.4962 0.2813 0.00000 6.188 1471.1 12.0 0.0000 2.6497 376.58 1.3260 0.0193 0.0179
70.3125 -4.1859 0.2490 0.4955 0.2555 0.00000 6.023 1164.5 12.0 0.0000 1.7753 355.18 1.3548 0.2237 0.2069
101.2500 -4.1859 0.3667 0.3406 0.2927 0.00000 6.911 1313.7 12.0 0.0000 4.6500 770.77 0.4340 0.1242 0.1523
104.0625 -4.1859 0.3901 0.2828 0.3272 0.00000 8.317 1499.8 12.0 0.0000 1.9430 251.70 0.0820 0.0001 0.0009
106.8750 -4.1859 0.5793 0.1596 0.2611 0.00000 6.833 1500.0 12.0 0.0000 0.5727 65.02 0.0628 0.0000 0.0000
109.6875 -4.1859 0.5240 0.1861 0.2900 0.00000 6.954 1500.0 12.0 0.0000 0.7418 88.17 0.0628 0.0000 0.0000
112.5000 -4.1859 0.3880 0.2494 0.3627 0.00000 7.136 1500.0 12.0 0.0000 1.0499 138.70 0.0628 0.0000 0.0000
115.3125 -4.1859 0.2907 0.4338 0.2751 0.00000 6.815 1500.0 12.0 0.0000 4.1269 543.76 0.7694 0.0000 0.0000
143.4375 -4.1859 0.3176 0.4268 0.2556 0.00000 6.314 1410.8 12.0 0.0000 2.3673 347.24 1.0138 0.0595 0.0578
146.2500 -4.1859 0.3950 0.2521 0.3529 0.00000 7.170 1492.3 12.0 0.0000 1.5068 199.72 0.1264 0.0051 0.0149
149.0625 -4.1859 0.6877 0.0995 0.2128 0.00000 6.457 1500.0 12.0 0.0000 0.6716 69.60 0.0628 0.0000 0.0000
151.8750 -4.1859 0.5818 0.1572 0.2610 0.00000 6.688 1500.0 12.0 0.0000 0.4139 46.91 0.0628 0.0000 0.0000
154.6875 -4.1859 0.5643 0.1738 0.2619 0.00000 7.420 1500.0 12.0 0.0000 0.3321 38.01 0.0628 0.0000 0.0000
157.5000 -4.1859 0.4167 0.2563 0.3271 0.00000 7.522 1499.2 12.0 0.0000 0.2423 31.03 0.0628 0.0005 0.0072
160.3125 -4.1859 0.3136 0.3365 0.3500 0.00000 8.039 1500.0 12.0 0.0000 0.2300 31.20 0.0628 0.0000 0.0000
163.1250 -4.1859 0.2188 0.4258 0.3554 0.00000 8.382 1500.0 12.0 0.0000 0.7570 107.30 0.1116 0.0000 0.0000
165.9375 -4.1859 0.0841 0.6060 0.3098 0.00000 7.296 1500.0 12.0 0.0000 0.5092 74.67 0.1175 0.0000 0.0000
-151.8750 -4.1859 0.2295 0.5228 0.2442 0.00000 5.638 1500.0 12.0 0.0000 0.5688 75.57 1.6252 0.0000 0.0000
-149.0625 -4.1859 0.2396 0.5124 0.2480 0.00000 5.907 1500.0 12.0 0.0000 0.5476 72.82 1.5209 0.0000 0.0000
-146.2500 -4.1859 0.2776 0.4678 0.2547 0.00000 5.716 1500.0 12.0 0.0000 0.9951 130.53 1.3644 0.0000 0.0000
-143.4375 -4.1859 0.2170 0.5103 0.2726 0.00000 6.363 1500.0 12.0 0.0000 0.9758 132.77 1.3295 0.0000 0.0000
-140.6250 -4.1859 0.2753 0.4790 0.2457 0.00000 5.651 1500.0 12.0 0.0000 0.4171 54.51 1.3519 0.0000 0.0000
-137.8125 -4.1859 0.2687 0.4674 0.2640 0.00000 5.980 1500.0 12.0 0.0000 0.2522 33.37 1.2822 0.0000 0.0000
-135.0000 -4.1859 0.2333 0.4711 0.2956 0.00000 5.934 1500.0 12.0 0.0000 0.1999 27.32 1.3148 0.0000 0.0000
-132.1875 -4.1859 0.2741 0.4479 0.2780 0.00000 6.349 1500.0 12.0 0.0000 0.3244 43.15 1.3252 0.0000 0.0000
-129.3750 -4.1859 0.3382 0.3689 0.2929 0.00000 7.418 1465.4 12.0 0.0000 0.8685 119.10 0.6271 0.0231 0.0251
-64.6875 -4.1859 0.3836 0.3470 0.2693 0.00000 6.577 1500.0 12.0 0.0000 1.3142 165.37 0.7031 0.0000 0.0000
-61.8750 -4.1859 0.3964 0.2536 0.3500 0.00000 7.832 1500.0 12.0 0.0000 0.2027 26.50 0.0628 0.0000 0.0000
-59.0625 -4.1859 0.4782 0.2043 0.3175 0.00000 7.297 1500.0 12.0 0.0000 0.3063 37.84 0.0628 0.0000 0.0000
-56.2500 -4.1859 0.3391 0.4035 0.2573 0.00000 6.345 1500.0 12.0 0.0000 2.0337 259.61 0.9393 0.0000 0.0000
-33.7500 -4.1859 0.3940 0.2672 0.3388 0.00000 6.947 1499.6 12.0 0.0000 0.9501 123.66 0.0628 0.0003 0.0038
-30.9375 -4.1859 0.4335 0.2240 0.3425 0.00000 7.309 1498.1 12.0 0.0000 0.8259 105.99 0.0628 0.0013 0.0169
-28.1250 -4.1859 0.5688 0.1674 0.2638 0.00000 7.147 1500.0 12.0 0.0000 0.3827 43.76 0.0628 0.0000 0.0000
-25.3125 -4.1859 0.4166 0.2515 0.3319 0.00000 7.715 1500.0 12.0 0.0000 0.2145 27.50 0.0628 0.0000 0.0000
-22.5000 -4.1859 0.3685 0.2826 0.3489 0.00000 8.237 1500.0 12.0 0.0000 0.1613 21.34 0.0628 0.0000 0.0000
-19.6875 -4.1859 0.4065 0.2593 0.3342 0.00000 7.814 1500.0 12.0 0.0000 0.0750 10.00 0.0628 0.0000 0.0000
-16.8750 -4.1859 0.3769 0.3271 0.2960 0.00000 7.243 1500.0 12.0 0.0000 0.7693 98.55 0.5614 0.0000 0.0000
-14.0625 -4.1859 0.3195 0.3930 0.2875 0.00000 7.226 1500.0 12.0 0.0000 0.5574 73.00 0.8758 0.0000 0.0000
-11.2500 -4.1859 0.3724 0.3568 0.2708 0.00000 6.535 1500.0 12.0 0.0000 0.4689 59.37 0.9393 0.0000 0.0000
-8.4375 -4.1859 0.3672 0.3638 0.2690 0.00000 6.354 1500.0 12.0 0.0000 0.5547 70.34 0.9113 0.0000 0.0000
-5.6250 -4.1859 0.2256 0.4314 0.3430 0.00000 6.417 1500.0 12.0 0.0000 0.8888 124.84 0.7917 0.0000 0.0000
-2.8125 -4.1859 0.2846 0.4391 0.2763 0.00000 6.773 1499.2 12.0 0.0000 0.5380 71.25 0.8097 0.0006 0.0006
28.1250 -6.9765 0.2015 0.5080 0.2906 0.00000 7.223 1500.0 12.0 0.0000 2.3368 323.07 0.8054 0.0000 0.0000
47.8125 -6.9765 0.5392 0.1617 0.2990 0.00000 6.776 1495.1 12.0 0.0000 0.2029 24.26 0.0628 0.0032 0.0433
50.6250 -6.9765 0.3049 0.4259 0.2692 0.00000 6.655 1254.1 12.0 0.0000 2.8780 517.34 0.8313 0.1640 0.1659
53.4375 -6.9765 0.3235 0.3946 0.2819 0.00000 7.043 1300.6 12.0 0.0000 2.5150 428.10 0.7181 0.1330 0.1392
56.2500 -6.9765 0.5554 0.1810 0.2637 0.00000 6.840 1498.2 12.0 0.0000 0.3925 45.33 0.0628 0.0012 0.0160
59.0625 -6.9765 0.5456 0.1747 0.2796 0.00000 7.153 1499.9 12.0 0.0000 0.2098 24.51 0.0628 0.0001 0.0008
61.8750 -6.9765 0.4279 0.2487 0.3234 0.00000 8.131 1500.0 12.0 0.0000 0.1296 16.46 0.0628 0.0000 0.0000
64.6875 -6.9765 0.3273 0.3384 0.3344 0.00000 8.279 1500.0 12.0 0.0000 1.5519 207.59 0.3323 0.0000 0.0000
67.5000 -6.9765 0.5352 0.2449 0.2199 0.00000 6.595 1500.0 12.0 0.0000 2.3196 262.77 0.5136 0.0000 0.0000
70.3125 -6.9765 0.3396 0.4170 0.2434 0.00000 6.691 1470.7 12.0 0.0000 1.5719 208.33 1.0438 0.0196 0.0189
73.1250 -6.9765 0.3024 0.4060 0.2916 0.00000 6.424 1451.6 12.0 0.0000 1.9114 271.30 0.8740 0.0322 0.0323
75.9375 -6.9765 0.3694 0.2870 0.3437 0.00000 7.629 1500.0 12.0 0.0000 0.1053 13.88 0.0628 0.0000 0.0000
104.0625 -6.9765 0.5309 0.1909 0.2782 0.00000 7.024 1497.8 12.0 0.0000 1.1710 138.24 0.0628 0.0014 0.0192
106.8750 -6.9765 0.4609 0.2192 0.3200 0.00000 7.135 1498.7 12.0 0.0000 0.8346 104.34 0.0628 0.0009 0.0118
109.6875 -6.9765 0.4369 0.2360 0.3271 0.00000 7.388 1495.5 12.0 0.0000 0.6862 87.56 0.0628 0.0030 0.0405
112.5000 -6.9765 0.3522 0.3268 0.3210 0.00000 7.192 1463.7 12.0 0.0000 3.8511 533.75 0.3969 0.0242 0.0308
140.6250 -6.9765 0.2999 0.4382 0.2619 0.00000 6.651 1211.1 12.0 0.0000 2.4922 468.90 0.9160 0.1927 0.1909
143.4375 -6.9765 0.3952 0.2617 0.3432 0.00000 7.954 1495.9 12.0 0.0000 0.2950 38.68 0.0628 0.0027 0.0365
146.2500 -6.9765 0.4431 0.2471 0.3098 0.00000 8.146 1499.8 12.0 0.0000 0.2271 28.42 0.0628 0.0001 0.0014
149.0625 -6.9765 0.3980 0.2651 0.3369 0.00000 8.228 1500.0 12.0 0.0000 0.2339 30.34 0.0628 0.0000 0.0000
151.8750 -6.9765 0.4064 0.2579 0.3357 0.00000 7.827 1500.0 12.0 0.0000 0.1178 15.20 0.0628 0.0000 0.0000
154.6875 -6.9765 0.5663 0.1706 0.2632 0.00000 7.300 1500.0 12.0 0.0000 0.1902 21.77 0.0628 0.0000 0.0000
157.5000 -6.9765 0.4140 0.2728 0.3132 0.00000 7.617 1498.7 12.0 0.0000 0.9290 118.30 0.0872 0.0008 0.0044
160.3125 -6.9765 0.3778 0.2953 0.3269 0.00000 7.479 1498.0 12.0 0.0000 1.2670 165.48 0.1116 0.0013 0.0046
163.1250 -6.9765 0.3636 0.2963 0.3401 0.00000 7.599 1500.0 12.0 0.0000 1.6819 222.00 0.0781 0.0000 0.0000
165.9375 -6.9765 0.1353 0.5299 0.3348 0.00000 7.829 1499.9 12.0 0.0000 1.0358 150.54 0.1062 0.0001 0.0002
-149.0625 -6.9765 0.1827 0.5673 0.2441 0.00000 6.545 1500.0 12.0 0.0000 0.7132 96.54 1.7142 0.0000 0.0000
-146.2500 -6.9765 0.2402 0.5179 0.2368 0.00000 5.858 1500.0 12.0 0.0000 0.7250 95.34 1.6150 0.0000 0.0000
-140.6250 -6.9765 0.1632 0.5904 0.2464 0.00000 5.544 1500.0 12.0 0.0000 0.2193 30.14 1.6163 0.0000 0.0000
-137.8125 -6.9765 0.3198 0.4428 0.2374 0.00000 5.592 1500.0 12.0 0.0000 0.2052 26.14 1.2454 0.0000 0.0000
-135.0000 -6.9765 0.2022 0.4816 0.3161 0.00000 6.385 1500.0 12.0 0.0000 0.1668 23.36 1.0304 0.0000 0.0000
-132.1875 -6.9765 0.2490 0.4546 0.2964 0.00000 5.837 1500.0 12.0 0.0000 0.1889 25.65 1.2657 0.0000 0.0000
-129.3750 -6.9765 0.3635 0.3498 0.2866 0.00000 6.609 1500.0 12.0 0.0000 0.4272 54.79 0.7855 0.0000 0.0000
-126.5625 -6.9765 0.3763 0.2724 0.3513 0.00000 7.969 1500.0 12.0 0.0000 0.1049 13.85 0.0628 0.0000 0.0000
-61.8750 -6.9765 0.3028 0.3902 0.3071 0.00000 7.094 1500.0 12.0 0.0000 1.7424 232.30 0.4844 0.0000 0.0000
-36.5625 -6.9765 0.4475 0.2291 0.3234 0.00000 6.874 1498.3 12.0 0.0000 1.0203 128.69 0.0628 0.0011 0.0152
-33.7500 -6.9765 0.4152 0.2354 0.3493 0.00000 7.383 1498.2 12.0 0.0000 0.3321 43.13 0.0628 0.0012 0.0157
-30.9375 -6.9765 0.3369 0.2907 0.3724 0.00000 8.382 1499.5 12.0 0.0000 0.1872 25.44 0.0628 0.0003 0.0041
-28.1250 -6.9765 0.4841 0.2191 0.2968 0.00000 7.614 1500.0 12.0 0.0000 0.2145 26.11 0.0628 0.0000 0.0000
-25.3125 -6.9765 0.4973 0.2028 0.2999 0.00000 6.812 1500.0 12.0 0.0000 0.2176 26.36 0.0628 0.0000 0.0000
-22.5000 -6.9765 0.4552 0.2296 0.3152 0.00000 7.273 1500.0 12.0 0.0000 0.2467 30.77 0.0628 0.0000 0.0000
-19.6875 -6.9765 0.4632 0.2239 0.3129 0.00000 7.190 1500.0 12.0 0.0000 0.3056 37.92 0.0628 0.0000 0.0000
-16.8750 -6.9765 0.3846 0.2707 0.3446 0.00000 8.073 1500.0 12.0 0.0000 0.1356 17.77 0.0628 0.0000 0.0000
-14.0625 -6.9765 0.3199 0.3140 0.3662 0.00000 8.752 1500.0 12.0 0.0000 0.2232 30.45 0.0873 0.0000 0.0000
-11.2500 -6.9765 0.3897 0.2805 0.3298 0.00000 7.824 1500.0 12.0 0.0000 0.5679 73.66 0.1736 0.0000 0.0000
-8.4375 -6.9765 0.3696 0.3301 0.3003 0.00000 7.285 1500.0 12.0 0.0000 0.9403 121.15 0.5245 0.0000 0.0000
-5.6250 -6.9765 0.2322 0.4443 0.3235 0.00000 5.895 1500.0 12.0 0.0000 1.3054 181.08 1.0121 0.0000 0.0000
-2.8125 -6.9765 0.2975 0.4311 0.2715 0.00000 6.367 1500.0 12.0 0.0000 0.8032 105.34 0.9988 0.0000 0.0000
42.1875 -9.7671 0.3391 0.3334 0.3274 0.00000 7.463 1499.9 12.0 0.0000 0.1265 16.77 0.0628 0.0000 0.0007
45.0000 -9.7671 0.4092 0.2671 0.3237 0.00000 7.009 1486.8 12.0 0.0000 0.5653 73.91 0.1326 0.0088 0.0242
47.8125 -9.7671 0.3424 0.3544 0.3031 0.00000 6.439 1409.1 12.0 0.0000 0.8001 119.11 0.6502 0.0607 0.0652
50.6250 -9.7671 0.3913 0.3681 0.2406 0.00000 6.362 1497.1 12.0 0.0000 1.3502 167.36 0.9158 0.0020 0.0019
53.4375 -9.7671 0.3860 0.2734 0.3406 0.00000 8.641 1500.0 12.0 0.0000 0.1621 21.19 0.0628 0.0000 0.0000
56.2500 -9.7671 0.3636 0.2864 0.3499 0.00000 8.809 1500.0 12.0 0.0000 0.1070 14.20 0.0628 0.0000 0.0000
59.0625 -9.7671 0.3903 0.2743 0.3354 0.00000 8.467 1500.0 12.0 0.0000 0.0947 12.31 0.0628 0.0000 0.0000
61.8750 -9.7671 0.2696 0.3458 0.3846 0.00000 9.318 1500.0 12.0 0.0000 0.1032 14.52 0.0628 0.0000 0.0000
64.6875 -9.7671 0.3446 0.2949 0.3606 0.00000 8.523 1500.0 12.0 0.0000 0.1361 18.31 0.0628 0.0000 0.0000
67.5000 -9.7671 0.3605 0.3355 0.3040 0.00000 7.575 1500.0 12.0 0.0000 1.1347 147.11 0.5085 0.0000 0.0000
70.3125 -9.7671 0.3317 0.4100 0.2583 0.00000 7.265 1500.0 12.0 0.0000 1.0594 135.79 0.9517 0.0000 0.0000
73.1250 -9.7671 0.2771 0.4107 0.3121 0.00000 6.899 1419.0 12.0 0.0000 1.5412 233.37 0.7672 0.0540 0.0556
75.9375 -9.7671 0.3058 0.3452 0.3491 0.00000 7.753 1500.0 12.0 0.0000 0.1115 15.17 0.0628 0.0000 0.0002
106.8750 -9.7671 0.4346 0.2412 0.3241 0.00000 7.025 1473.2 12.0 0.0000 2.2301 294.32 0.1497 0.0179 0.0433
112.5000 -9.7671 0.3633 0.3072 0.3295 0.00000 7.523 1468.6 12.0 0.0000 3.6034 495.63 0.2819 0.0209 0.0314
115.3125 -9.7671 0.2559 0.4670 0.2768 0.00000 7.536 1490.4 12.0 0.0000 3.5835 487.04 0.8445 0.0064 0.0064
137.8125 -9.7671 0.2398 0.5045 0.2555 0.00000 6.595 1476.0 12.0 0.0000 1.4366 198.65 1.1106 0.0160 0.0153
140.6250 -9.7671 0.2800 0.4049 0.3151 0.00000 6.927 1424.1 12.0 0.0000 1.7596 264.72 0.6913 0.0506 0.0535
143.4375 -9.7671 0.3358 0.3191 0.3450 0.00000 8.802 1500.0 12.0 0.0000 0.7687 103.00 0.1619 0.0000 0.0000
146.2500 -9.7671 0.4076 0.2615 0.3309 0.00000 8.231 1500.0 12.0 0.0000 0.1526 19.65 0.0628 0.0000 0.0000
149.0625 -9.7671 0.3863 0.2719 0.3418 0.00000 8.052 1500.0 12.0 0.0000 0.0871 11.39 0.0628 0.0000 0.0000
151.8750 -9.7671 0.3685 0.2834 0.3481 0.00000 8.335 1500.0 12.0 0.0000 0.0568 10.00 0.0628 0.0000 0.0000
154.6875 -9.7671 0.5041 0.2057 0.2902 0.00000 7.544 1500.0 12.0 0.0000 0.0830 10.00 0.0628 0.0000 0.0000
157.5000 -9.7671 0.3362 0.2998 0.3640 0.00000 8.837 1500.0 12.0 0.0000 0.0890 12.04 0.0628 0.0000 0.0000
160.3125 -9.7671 0.2960 0.2987 0.4053 0.00000 7.555 1499.8 12.0 0.0000 0.5586 78.56 0.0792 0.0001 0.0007
163.1250 -9.7671 0.2549 0.3480 0.3971 0.00000 7.674 1500.0 12.0 0.0000 0.8479 120.83 0.0628 0.0000 0.0001
165.9375 -9.7671 0.3937 0.2715 0.3348 0.00000 7.435 1495.7 12.0 0.0000 1.7355 226.80 0.1154 0.0029 0.0094
168.7500 -9.7671 0.3731 0.2972 0.3297 0.00000 7.593 1500.0 12.0 0.0000 1.0114 132.18 0.1127 0.0000 0.0000
171.5625 -9.7671 0.4109 0.2701 0.3190 0.00000 7.330 1500.0 12.0 0.0000 0.8062 102.94 0.0907 0.0000 0.0000
174.3750 -9.7671 0.5410 0.1650 0.2940 0.00000 6.747 1500.0 12.0 0.0000 1.0260 121.19 0.0854 0.0000 0.0000
177.1875 -9.7671 0.3483 0.3203 0.3314 0.00000 7.507 1500.0 12.0 0.0000 0.4942 65.38 0.0628 0.0000 0.0002
-177.1875 -9.7671 0.5231 0.1787 0.2982 0.00000 6.977 1500.0 12.0 0.0000 0.2462 29.41 0.0638 0.0000 0.0000
-174.3750 -9.7671 0.4949 0.1999 0.3052 0.00000 6.894 1500.0 12.0 0.0000 0.4020 48.91 0.0674 0.0000 0.0000
-140.6250 -9.7671 0.0974 0.6675 0.2351 0.00000 5.765 1500.0 12.0 0.0000 0.2264 31.84 1.6654 0.0000 0.0000
-137.8125 -9.7671 0.1904 0.5454 0.2642 0.00000 5.824 1500.0 12.0 0.0000 0.1240 17.00 1.1761 0.0000 0.0000
-135.0000 -9.7671 0.3197 0.3739 0.3064 0.00000 6.329 1500.0 12.0 0.0000 0.2600 34.39 0.6739 0.0000 0.0000
-132.1875 -9.7671 0.2394 0.4491 0.3115 0.00000 6.144 1500.0 12.0 0.0000 0.1407 19.34 1.0583 0.0000 0.0000
-129.3750 -9.7671 0.3043 0.4054 0.2904 0.00000 7.191 1500.0 12.0 0.0000 0.2634 34.78 0.8961 0.0000 0.0000
-126.5625 -9.7671 0.4002 0.2613 0.3384 0.00000 7.835 1500.0 12.0 0.0000 0.0554 10.00 0.0628 0.0000 0.0000
-123.7500 -9.7671 0.3955 0.2564 0.3481 0.00000 7.592 1499.8 12.0 0.0000 0.3034 39.65 0.0628 0.0001 0.0017
-120.9375 -9.7671 0.3799 0.3130 0.3071 0.00000 7.371 1499.2 12.0 0.0000 2.6554 342.20 0.2419 0.0006 0.0009
-36.5625 -9.7671 0.3123 0.3947 0.2930 0.00000 6.930 1333.0 12.0 0.0000 3.1921 527.31 0.5291 0.1114 0.1273
-33.7500 -9.7671 0.1876 0.5293 0.2831 0.00000 7.653 1309.4 12.0 0.0000 1.4059 248.41 1.1624 0.1271 0.1204
-30.9375 -9.7671 0.3749 0.3898 0.2354 0.00000 6.771 1500.0 12.0 0.0000 1.4870 184.37 1.0162 0.0000 0.0000
-28.1250 -9.7671 0.5378 0.1887 0.2735 0.00000 7.384 1500.0 12.0 0.0000 0.5426 63.42 0.0869 0.0000 0.0000
-25.3125 -9.7671 0.5929 0.1519 0.2551 0.00000 6.785 1500.0 12.0 0.0000 0.3626 40.71 0.0628 0.0000 0.0000
-22.5000 -9.7671 0.5120 0.1960 0.2920 0.00000 6.950 1500.0 12.0 0.0000 0.2840 34.00 0.0628 0.0000 0.0000
-19.6875 -9.7671 0.5066 0.1978 0.2956 0.00000 6.793 1500.0 12.0 0.0000 0.3234 38.91 0.0628 0.0000 0.0000
-16.8750 -9.7671 0.4244 0.2468 0.3288 0.00000 7.627 1500.0 12.0 0.0000 0.2680 34.18 0.0628 0.0000 0.0000
-14.0625 -9.7671 0.2531 0.3511 0.3958 0.00000 9.500 1500.0 12.0 0.0000 0.2429 34.62 0.0628 0.0000 0.0000
-11.2500 -9.7671 0.4108 0.2603 0.3290 0.00000 7.909 1500.0 12.0 0.0000 0.4064 52.18 0.0928 0.0000 0.0000
-8.4375 -9.7671 0.2544 0.4216 0.3239 0.00000 8.832 1500.0 12.0 0.0000 1.1324 155.60 0.3343 0.0000 0.0000
-5.6250 -9.7671 0.3423 0.4053 0.2524 0.00000 6.271 1351.3 12.0 0.0000 1.7413 273.19 0.9729 0.0992 0.0971
-2.8125 -9.7671 0.2417 0.4875 0.2707 0.00000 6.780 1414.9 12.0 0.0000 1.0256 155.33 1.1424 0.0568 0.0539
42.1875 -12.5578 0.5086 0.1865 0.3048 0.00000 6.954 1499.9 12.0 0.0000 0.0707 10.00 0.0628 0.0001 0.0008
45.0000 -12.5578 0.3533 0.2763 0.3703 0.00000 7.042 1490.0 12.0 0.0000 0.4142 56.63 0.1240 0.0066 0.0198
47.8125 -12.5578 0.3343 0.3747 0.2910 0.00000 6.859 1405.1 12.0 0.0000 0.4383 65.43 0.6894 0.0633 0.0669
50.6250 -12.5578 0.3366 0.4167 0.2467 0.00000 6.899 1500.0 12.0 0.0000 0.4101 52.11 1.0168 0.0000 0.0000
53.4375 -12.5578 0.4324 0.2425 0.3251 0.00000 7.691 1500.0 12.0 0.0000 0.0488 10.00 0.0628 0.0000 0.0000
56.2500 -12.5578 0.2495 0.3523 0.3983 0.00000 9.500 1500.0 12.0 0.0000 0.1093 15.63 0.0628 0.0000 0.0000
59.0625 -12.5578 0.2451 0.3605 0.3944 0.00000 9.500 1500.0 12.0 0.0000 0.0971 13.88 0.0628 0.0000 0.0000
61.8750 -12.5578 0.3054 0.3192 0.3755 0.00000 8.956 1500.0 12.0 0.0000 0.1756 24.23 0.0628 0.0000 0.0000
64.6875 -12.5578 0.4068 0.2573 0.3359 0.00000 7.826 1500.0 12.0 0.0000 0.2134 27.55 0.0628 0.0000 0.0000
67.5000 -12.5578 0.3110 0.3566 0.3324 0.00000 8.272 1500.0 12.0 0.0000 1.0849 146.04 0.4074 0.0000 0.0000
70.3125 -12.5578 0.3051 0.4473 0.2476 0.00000 7.044 1500.0 12.0 0.0000 0.9431 121.69 1.1808 0.0000 0.0000
73.1250 -12.5578 0.2814 0.4281 0.2905 0.00000 6.749 1399.7 12.0 0.0000 1.3634 209.31 0.9116 0.0669 0.0663
75.9375 -12.5578 0.3635 0.2915 0.3450 0.00000 7.838 1499.7 12.0 0.0000 0.1167 15.46 0.0628 0.0002 0.0024
137.8125 -12.5578 0.3291 0.3971 0.2737 0.00000 6.577 1398.3 12.0 0.0000 1.5494 232.03 0.7956 0.0678 0.0693
140.6250 -12.5578 0.3472 0.3437 0.3091 0.00000 6.806 1492.3 12.0 0.0000 1.7260 228.43 0.5665 0.0052 0.0058
143.4375 -12.5578 0.4024 0.2752 0.3225 0.00000 8.088 1500.0 12.0 0.0000 0.7416 95.24 0.1627 0.0000 0.0000
146.2500 -12.5578 0.3597 0.2970 0.3433 0.00000 8.226 1500.0 12.0 0.0000 0.7090 93.91 0.1452 0.0000 0.0000
149.0625 -12.5578 0.4780 0.2291 0.2929 0.00000 7.650 1500.0 12.0 0.0000 0.3052 37.18 0.0936 0.0000 0.0000
151.8750 -12.5578 0.5280 0.1836 0.2884 0.00000 7.171 1500.0 12.0 0.0000 0.1219 14.45 0.0628 0.0000 0.0000
154.6875 -12.5578 0.4201 0.2304 0.3495 0.00000 7.349 1499.2 12.0 0.0000 0.1050 13.59 0.0628 0.0005 0.0073
157.5000 -12.5578 0.3300 0.2801 0.3899 0.00000 7.521 1499.9 12.0 0.0000 0.1345 18.50 0.0628 0.0001 0.0009
160.3125 -12.5578 0.4117 0.2387 0.3496 0.00000 7.449 1497.1 12.0 0.0000 0.4510 58.79 0.0816 0.0019 0.0114
163.1250 -12.5578 0.4082 0.2549 0.3369 0.00000 7.095 1499.6 12.0 0.0000 0.3625 46.83 0.0628 0.0002 0.0033
165.9375 -12.5578 0.4328 0.2379 0.3293 0.00000 7.289 1499.7 12.0 0.0000 0.6623 84.20 0.0714 0.0002 0.0015
168.7500 -12.5578 0.3510 0.2727 0.3763 0.00000 7.393 1499.3 12.0 0.0000 1.0388 140.69 0.0958 0.0005 0.0022
171.5625 -12.5578 0.2720 0.3310 0.3971 0.00000 8.436 1500.0 12.0 0.0000 0.8385 118.63 0.1060 0.0000 0.0000
174.3750 -12.5578 0.2647 0.3341 0.4013 0.00000 8.302 1500.0 12.0 0.0000 1.3843 196.86 0.1127 0.0000 0.0000
177.1875 -12.5578 0.3599 0.2657 0.3744 0.00000 7.230 1499.5 12.0 0.0000 1.5407 207.56 0.0840 0.0003 0.0019
180.0000 -12.5578 0.4117 0.2433 0.3450 0.00000 7.570 1500.0 12.0 0.0000 0.4011 51.93 0.0628 0.0000 0.0000
-177.1875 -12.5578 0.3369 0.2793 0.3838 0.00000 7.815 1500.0 12.0 0.0000 0.4947 67.61 0.0713 0.0000 0.0000
-174.3750 -12.5578 0.3860 0.2620 0.3520 0.00000 7.396 1500.0 12.0 0.0000 0.3278 43.10 0.0628 0.0000 0.0001
-137.8125 -12.5578 0.3260 0.4242 0.2498 0.00000 5.156 1500.0 12.0 0.0000 0.1254 16.05 1.1101 0.0000 0.0000
-135.0000 -12.5578 0.3802 0.3534 0.2664 0.00000 5.744 1500.0 12.0 0.0000 0.3750 47.19 0.7929 0.0000 0.0000
-132.1875 -12.5578 0.2544 0.4337 0.3119 0.00000 5.441 1500.0 12.0 0.0000 0.1872 25.57 1.0809 0.0000 0.0000
-129.3750 -12.5578 0.3040 0.4136 0.2824 0.00000 6.749 1500.0 12.0 0.0000 0.2334 30.70 1.0828 0.0000 0.0000
-126.5625 -12.5578 0.4421 0.2370 0.3210 0.00000 7.423 1500.0 12.0 0.0000 0.0504 10.00 0.0628 0.0000 0.0000
-123.7500 -12.5578 0.4134 0.2415 0.3450 0.00000 7.026 1500.0 12.0 0.0000 0.3149 40.74 0.0628 0.0000 0.0000
-120.9375 -12.5578 0.3608 0.3172 0.3219 0.00000 7.023 1466.5 12.0 0.0000 3.4146 469.78 0.2597 0.0223 0.0352
-118.1250 -12.5578 0.4959 0.2515 0.2525 0.00000 6.483 1479.4 12.0 0.0000 4.4605 544.34 0.4542 0.0137 0.0165
-115.3125 -12.5578 0.5212 0.2196 0.2592 0.00000 6.552 1500.0 12.0 0.0000 4.2852 500.81 0.3261 0.0000 0.0000
-112.5000 -12.5578 0.4675 0.2275 0.3048 0.00000 6.801 1500.0 12.0 0.0000 2.0430 251.82 0.0628 0.0000 0.0000
-33.7500 -12.5578 0.2060 0.5429 0.2511 0.00000 6.551 1066.5 12.0 0.0000 1.4046 311.76 1.2914 0.2891 0.2693
-30.9375 -12.5578 0.3488 0.4210 0.2301 0.00000 5.970 1468.2 12.0 0.0000 1.5746 207.14 1.2112 0.0212 0.0200
-28.1250 -12.5578 0.4339 0.2738 0.2924 0.00000 7.440 1438.9 12.0 0.0000 1.7937 245.12 0.3125 0.0407 0.0579
-25.3125 -12.5578 0.5017 0.2013 0.2970 0.00000 7.687 1499.4 12.0 0.0000 0.2185 26.39 0.0628 0.0004 0.0050
-22.5000 -12.5578 0.5285 0.1931 0.2785 0.00000 7.678 1500.0 12.0 0.0000 0.3118 36.73 0.0628 0.0000 0.0000
-19.6875 -12.5578 0.5856 0.1611 0.2533 0.00000 7.194 1500.0 12.0 0.0000 1.3467 151.63 0.0628 0.0000 0.0000
-16.8750 -12.5578 0.4269 0.2474 0.3257 0.00000 7.739 1500.0 12.0 0.0000 0.4255 54.12 0.0628 0.0000 0.0000
-14.0625 -12.5578 0.3054 0.3203 0.3743 0.00000 8.953 1500.0 12.0 0.0000 0.2496 34.41 0.0628 0.0000 0.0000
-11.2500 -12.5578 0.5435 0.1913 0.2652 0.00000 7.097 1500.0 12.0 0.0000 2.4462 283.65 0.1364 0.0000 0.0000
-8.4375 -12.5578 0.4706 0.2634 0.2660 0.00000 7.441 1496.1 12.0 0.0000 2.8979 351.13 0.2326 0.0026 0.0044
-5.6250 -12.5578 0.2228 0.4912 0.2859 0.00000 7.603 1341.4 12.0 0.0000 2.1431 360.87 0.7940 0.1058 0.1081
-2.8125 -12.5578 0.1014 0.6438 0.2532 0.00000 7.260 1500.0 12.0 0.0000 2.1795 308.23 1.2226 0.0000 0.0000
42.1875 -15.3484 0.2845 0.3781 0.3374 0.00000 7.677 1500.0 12.0 0.0000 0.2770 37.83 0.1297 0.0000 0.0000
45.0000 -15.3484 0.3745 0.2623 0.3632 0.00000 7.772 1500.0 12.0 0.0000 0.1570 20.87 0.0822 0.0000 0.0000
47.8125 -15.3484 0.3411 0.2836 0.3754 0.00000 7.193 1500.0 12.0 0.0000 0.3215 43.67 0.1433 0.0000 0.0000
50.6250 -15.3484 0.3291 0.3938 0.2770 0.00000 6.697 1500.0 12.0 0.0000 0.1855 24.05 0.9202 0.0000 0.0000
53.4375 -15.3484 0.3701 0.3624 0.2676 0.00000 6.482 1500.0 12.0 0.0000 0.3201 40.51 0.9296 0.0000 0.0000
56.2500 -15.3484 0.4030 0.2605 0.3365 0.00000 7.863 1500.0 12.0 0.0000 0.0501 10.00 0.0628 0.0000 0.0000
59.0625 -15.3484 0.4465 0.2345 0.3190 0.00000 7.372 1500.0 12.0 0.0000 0.1889 23.72 0.0628 0.0000 0.0000
61.8750 -15.3484 0.4760 0.2157 0.3083 0.00000 7.050 1500.0 12.0 0.0000 0.4043 49.74 0.0628 0.0000 0.0000
64.6875 -15.3484 0.4277 0.2453 0.3270 0.00000 7.588 1500.0 12.0 0.0000 0.2346 29.85 0.0628 0.0000 0.0000
67.5000 -15.3484 0.3271 0.3982 0.2747 0.00000 6.622 1500.0 12.0 0.0000 1.2489 161.86 1.1190 0.0000 0.0000
70.3125 -15.3484 0.3318 0.4420 0.2262 0.00000 6.134 1500.0 12.0 0.0000 1.2417 156.36 1.4135 0.0000 0.0000
73.1250 -15.3484 0.2456 0.4759 0.2784 0.00000 6.097 1333.2 12.0 0.0000 1.5396 258.84 1.2152 0.1112 0.1046
75.9375 -15.3484 0.2369 0.4667 0.2964 0.00000 7.196 1473.9 12.0 0.0000 1.0925 154.85 0.7915 0.0174 0.0178
78.7500 -15.3484 0.2967 0.3540 0.3492 0.00000 7.927 1494.1 12.0 0.0000 0.8580 118.25 0.1143 0.0040 0.0131
81.5625 -15.3484 0.3277 0.3285 0.3437 0.00000 7.695 1498.2 12.0 0.0000 0.2733 36.81 0.0628 0.0012 0.0156
84.3750 -15.3484 0.3496 0.3183 0.3319 0.00000 7.669 1490.6 12.0 0.0000 1.6191 217.16 0.1023 0.0063 0.0244
87.1875 -15.3484 0.3204 0.3488 0.3307 0.00000 7.733 1498.6 12.0 0.0000 2.6655 357.71 0.2148 0.0009 0.0017
137.8125 -15.3484 0.4262 0.2715 0.3023 0.00000 7.043 1489.8 12.0 0.0000 2.1010 268.17 0.2964 0.0068 0.0100
140.6250 -15.3484 0.2759 0.3535 0.3706 0.00000 7.181 1498.3 12.0 0.0000 2.6745 373.72 0.3625 0.0011 0.0015
143.4375 -15.3484 0.3856 0.2830 0.3313 0.00000 8.037 1500.0 12.0 0.0000 1.2948 168.40 0.1541 0.0000 0.0000
146.2500 -15.3484 0.4944 0.2275 0.2781 0.00000 7.654 1500.0 12.0 0.0000 0.9501 113.82 0.1697 0.0000 0.0000
149.0625 -15.3484 0.2878 0.4157 0.2965 0.00000 6.409 1488.5 12.0 0.0000 1.4582 198.02 0.8976 0.0077 0.0077
151.8750 -15.3484 0.2349 0.4734 0.2917 0.00000 5.806 1454.2 12.0 0.0000 1.1281 164.12 1.2065 0.0305 0.0287
154.6875 -15.3484 0.2283 0.5129 0.2586 0.00000 6.054 1434.0 12.0 0.0000 0.8076 119.20 1.2542 0.0440 0.0412
157.5000 -15.3484 0.2789 0.4729 0.2483 0.00000 5.973 1493.9 12.0 0.0000 0.7863 103.68 1.2237 0.0041 0.0038
160.3125 -15.3484 0.2281 0.4841 0.2878 0.00000 7.258 1500.0 12.0 0.0000 1.2636 172.43 0.7971 0.0000 0.0000
163.1250 -15.3484 0.1680 0.4828 0.3492 0.00000 8.108 1500.0 12.0 0.0000 0.2834 40.91 0.0628 0.0000 0.0000
168.7500 -15.3484 0.3313 0.2994 0.3694 0.00000 8.599 1499.9 12.0 0.0000 0.1888 25.67 0.0628 0.0000 0.0005
171.5625 -15.3484 0.3190 0.3168 0.3642 0.00000 9.039 1500.0 12.0 0.0000 0.5386 73.44 0.0915 0.0000 0.0000
174.3750 -15.3484 0.3173 0.3195 0.3633 0.00000 8.715 1500.0 12.0 0.0000 1.1913 162.48 0.1248 0.0000 0.0000
177.1875 -15.3484 0.4209 0.2506 0.3285 0.00000 7.583 1500.0 12.0 0.0000 0.9212 117.67 0.0859 0.0000 0.0000
180.0000 -15.3484 0.3409 0.2849 0.3742 0.00000 7.961 1500.0 12.0 0.0000 0.5173 70.22 0.0669 0.0000 0.0000
-177.1875 -15.3484 0.2614 0.3368 0.4018 0.00000 8.972 1500.0 12.0 0.0000 0.3049 43.43 0.0628 0.0000 0.0000
-174.3750 -15.3484 0.3259 0.2835 0.3906 0.00000 7.481 1500.0 12.0 0.0000 0.3585 49.40 0.0628 0.0000 0.0000
-171.5625 -15.3484 0.3462 0.3346 0.3192 0.00000 7.778 1500.0 12.0 0.0000 0.4467 58.77 0.0628 0.0000 0.0000
-137.8125 -15.3484 0.4448 0.2352 0.3200 0.00000 7.002 1500.0 12.0 0.0000 0.1695 21.30 0.1167 0.0000 0.0000
-135.0000 -15.3484 0.3824 0.2850 0.3326 0.00000 6.719 1500.0 12.0 0.0000 0.6244 81.38 0.3208 0.0000 0.0000
-132.1875 -15.3484 0.3180 0.3623 0.3198 0.00000 6.774 1500.0 12.0 0.0000 0.2444 32.58 0.6256 0.0000 0.0000
-129.3750 -15.3484 0.4247 0.2909 0.2844 0.00000 6.677 1500.0 12.0 0.0000 0.3768 46.88 0.5349 0.0000 0.0000
-126.5625 -15.3484 0.5429 0.1855 0.2716 0.00000 6.841 1500.0 12.0 0.0000 0.3519 40.97 0.1082 0.0000 0.0000
-123.7500 -15.3484 0.5243 0.2157 0.2600 0.00000 7.287 1499.7 12.0 0.0000 1.7424 203.52 0.1082 0.0002 0.0007
-36.5625 -15.3484 0.3283 0.3769 0.2948 0.00000 7.528 1498.7 12.0 0.0000 1.9630 257.54 0.3950 0.0009 0.0011
-33.7500 -15.3484 0.2621 0.4526 0.2852 0.00000 7.119 1302.2 12.0 0.0000 1.5952 277.26 0.8219 0.1319 0.1337
-30.9375 -15.3484 0.3154 0.4006 0.2840 0.00000 6.497 1419.1 12.0 0.0000 1.7626 259.34 0.8475 0.0539 0.0543
-28.1250 -15.3484 0.4010 0.2575 0.3410 0.00000 7.198 1499.7 12.0 0.0000 0.1304 16.93 0.0628 0.0002 0.0027
-22.5000 -15.3484 0.4312 0.2399 0.3289 0.00000 7.157 1499.6 12.0 0.0000 0.4021 51.16 0.0628 0.0003 0.0035
-19.6875 -15.3484 0.4083 0.2745 0.3171 0.00000 7.530 1499.7 12.0 0.0000 1.6159 206.44 0.0628 0.0002 0.0024
-16.8750 -15.3484 0.3572 0.3084 0.3344 0.00000 8.614 1500.0 12.0 0.0000 0.9482 125.15 0.0628 0.0000 0.0001
-14.0625 -15.3484 0.3732 0.2804 0.3464 0.00000 8.380 1500.0 12.0 0.0000 0.4567 60.22 0.0628 0.0000 0.0000
-11.2500 -15.3484 0.4873 0.1980 0.3147 0.00000 6.649 1500.0 12.0 0.0000 0.9671 118.76 0.0628 0.0000 0.0000
-8.4375 -15.3484 0.4215 0.2723 0.3061 0.00000 6.814 1485.9 12.0 0.0000 4.2286 545.30 0.2167 0.0094 0.0167
19.6875 -18.1390 0.4839 0.2102 0.3058 0.00000 6.691 1500.0 12.0 0.0000 0.1873 22.92 0.0628 0.0000 0.0004
22.5000 -18.1390 0.5134 0.1839 0.3026 0.00000 6.901 1499.8 12.0 0.0000 0.2092 25.19 0.0628 0.0002 0.0021
45.0000 -18.1390 0.3839 0.3145 0.3016 0.00000 6.737 1499.7 12.0 0.0000 0.4351 55.75 0.3751 0.0002 0.0002
47.8125 -18.1390 0.2763 0.3405 0.3833 0.00000 7.379 1499.5 12.0 0.0000 0.8999 126.30 0.2631 0.0003 0.0005
50.6250 -18.1390 0.2947 0.3902 0.3151 0.00000 5.962 1498.6 12.0 0.0000 0.3449 46.44 0.7442 0.0009 0.0009
53.4375 -18.1390 0.2384 0.4614 0.3002 0.00000 5.789 1500.0 12.0 0.0000 0.3352 45.82 1.1503 0.0000 0.0000
56.2500 -18.1390 0.2990 0.4198 0.2812 0.00000 6.912 1500.0 12.0 0.0000 0.3469 45.71 1.0431 0.0000 0.0000
59.0625 -18.1390 0.4262 0.2483 0.3256 0.00000 7.589 1500.0 12.0 0.0000 0.0676 10.00 0.0628 0.0000 0.0000
61.8750 -18.1390 0.4532 0.2302 0.3166 0.00000 7.300 1500.0 12.0 0.0000 0.3641 45.50 0.0628 0.0000 0.0000
64.6875 -18.1390 0.4216 0.2489 0.3295 0.00000 7.657 1500.0 12.0 0.0000 0.2717 34.71 0.0628 0.0000 0.0000
67.5000 -18.1390 0.2163 0.4909 0.2928 0.00000 7.605 1500.0 12.0 0.0000 1.7185 236.32 1.2259 0.0000 0.0000
70.3125 -18.1390 0.2182 0.5098 0.2720 0.00000 7.062 1500.0 12.0 0.0000 1.4485 196.93 1.4513 0.0000 0.0000
73.1250 -18.1390 0.3315 0.4384 0.2301 0.00000 5.815 1479.0 12.0 0.0000 1.6111 210.14 1.3315 0.0140 0.0130
75.9375 -18.1390 0.2607 0.4651 0.2742 0.00000 6.604 1288.5 12.0 0.0000 1.4179 249.36 1.0563 0.1410 0.1359
78.7500 -18.1390 0.2214 0.4640 0.3147 0.00000 8.427 1456.0 12.0 0.0000 1.7983 265.34 0.7569 0.0293 0.0303
81.5625 -18.1390 0.3380 0.3977 0.2642 0.00000 7.061 1423.0 12.0 0.0000 3.0590 439.34 0.8114 0.0514 0.0522
84.3750 -18.1390 0.2230 0.4836 0.2934 0.00000 7.453 1476.4 12.0 0.0000 2.7085 384.28 0.9844 0.0157 0.0154
87.1875 -18.1390 0.2601 0.4412 0.2988 0.00000 7.119 1425.1 12.0 0.0000 2.9903 449.43 0.7790 0.0499 0.0513
137.8125 -18.1390 0.2630 0.4118 0.3251 0.00000 7.568 1499.9 12.0 0.0000 2.0114 275.51 0.3275 0.0000 0.0001
140.6250 -18.1390 0.3024 0.3497 0.3479 0.00000 7.733 1499.2 12.0 0.0000 2.8701 391.41 0.3582 0.0006 0.0007
143.4375 -18.1390 0.3086 0.3599 0.3316 0.00000 7.634 1500.0 12.0 0.0000 2.0902 281.54 0.4385 0.0000 0.0000
146.2500 -18.1390 0.2914 0.4275 0.2812 0.00000 6.609 1500.0 12.0 0.0000 1.6037 212.01 0.9629 0.0000 0.0000
149.0625 -18.1390 0.2711 0.4811 0.2478 0.00000 5.387 1191.8 12.0 0.0000 1.2748 245.73 1.3293 0.2056 0.1906
154.6875 -18.1390 0.0960 0.6580 0.2459 0.00000 6.495 1500.0 12.0 0.0000 1.0533 148.96 1.3154 0.0000 0.0000
168.7500 -18.1390 0.3703 0.2953 0.3344 0.00000 7.284 1499.9 12.0 0.0000 0.8777 115.17 0.0628 0.0001 0.0013
171.5625 -18.1390 0.6216 0.1344 0.2440 0.00000 6.703 1499.9 12.0 0.0000 1.1435 125.56 0.0714 0.0001 0.0005
174.3750 -18.1390 0.5271 0.1989 0.2741 0.00000 7.107 1500.0 12.0 0.0000 1.3909 163.52 0.1247 0.0000 0.0000
177.1875 -18.1390 0.4205 0.2494 0.3301 0.00000 7.504 1500.0 12.0 0.0000 0.8347 106.74 0.0932 0.0000 0.0000
180.0000 -18.1390 0.4750 0.2053 0.3197 0.00000 6.853 1500.0 12.0 0.0000 1.7983 222.77 0.0747 0.0000 0.0000
-177.1875 -18.1390 0.3625 0.2658 0.3717 0.00000 7.528 1500.0 12.0 0.0000 0.4207 56.48 0.0628 0.0000 0.0000
-174.3750 -18.1390 0.4635 0.2266 0.3096 0.00000 7.364 1500.0 12.0 0.0000 0.8608 106.59 0.0772 0.0000 0.0000
-140.6250 -18.1390 0.5108 0.1866 0.3024 0.00000 6.890 1500.0 12.0 0.0000 0.0842 10.14 0.0628 0.0000 0.0000
-137.8125 -18.1390 0.4505 0.2105 0.3390 0.00000 6.996 1500.0 12.0 0.0000 0.1566 19.84 0.0695 0.0000 0.0000
-135.0000 -18.1390 0.3279 0.2759 0.3962 0.00000 7.042 1500.0 12.0 0.0000 0.1037 14.31 0.0683 0.0000 0.0000
-132.1875 -18.1390 0.4352 0.2420 0.3228 0.00000 7.433 1500.0 12.0 0.0000 0.1075 13.59 0.0801 0.0000 0.0000
-129.3750 -18.1390 0.4568 0.2275 0.3156 0.00000 7.246 1500.0 12.0 0.0000 0.2098 26.16 0.1037 0.0000 0.0000
-126.5625 -18.1390 0.5284 0.1723 0.2992 0.00000 7.139 1500.0 12.0 0.0000 0.5264 62.77 0.0926 0.0000 0.0000
-123.7500 -18.1390 0.3773 0.3032 0.3195 0.00000 8.160 1499.9 12.0 0.0000 0.2471 32.06 0.0628 0.0001 0.0012
-53.4375 -18.1390 0.4019 0.2690 0.3290 0.00000 7.020 1498.1 12.0 0.0000 2.2379 289.34 0.1263 0.0013 0.0038
-36.5625 -18.1390 0.3186 0.3552 0.3262 0.00000 7.446 1498.0 12.0 0.0000 2.5403 340.69 0.1749 0.0013 0.0028
-33.7500 -18.1390 0.3592 0.3236 0.3173 0.00000 7.374 1499.1 12.0 0.0000 1.4055 183.89 0.2663 0.0006 0.0009
-19.6875 -18.1390 0.3439 0.3222 0.3339 0.00000 7.538 1499.9 12.0 0.0000 1.9077 253.27 0.0628 0.0001 0.0012
-16.8750 -18.1390 0.6030 0.1520 0.2449 0.00000 6.868 1499.9 12.0 0.0000 2.2359 248.15 0.0628 0.0001 0.0008
-14.0625 -18.1390 0.5250 0.1920 0.2830 0.00000 7.409 1500.0 12.0 0.0000 0.8121 96.07 0.0628 0.0000 0.0000
-11.2500 -18.1390 0.5860 0.1560 0.2580 0.00000 6.857 1500.0 12.0 0.0000 0.9240 104.32 0.0628 0.0000 0.0000
-8.4375 -18.1390 0.5031 0.2065 0.2904 0.00000 7.387 1499.7 12.0 0.0000 1.0974 131.90 0.0628 0.0002 0.0023
11.2500 -20.9296 0.3890 0.2935 0.3174 0.00000 7.180 1500.0 12.0 0.0000 0.6499 83.75 0.1526 0.0000 0.0001
14.0625 -20.9296 0.4856 0.2129 0.3015 0.00000 6.918 1497.5 12.0 0.0000 0.9068 111.05 0.1501 0.0016 0.0040
16.8750 -20.9296 0.4211 0.2451 0.3338 0.00000 7.497 1499.3 12.0 0.0000 0.1674 21.47 0.0628 0.0005 0.0063
19.6875 -20.9296 0.4247 0.2247 0.3506 0.00000 7.098 1499.9 12.0 0.0000 0.3091 39.90 0.0628 0.0001 0.0013
22.5000 -20.9296 0.3558 0.2629 0.3813 0.00000 7.093 1500.0 12.0 0.0000 0.2573 34.82 0.0628 0.0000 0.0003
25.3125 -20.9296 0.4055 0.2839 0.3106 0.00000 7.113 1499.5 12.0 0.0000 1.2712 162.09 0.0952 0.0003 0.0015
45.0000 -20.9296 0.1892 0.5129 0.2979 0.00000 7.022 1500.0 12.0 0.0000 0.3290 45.89 0.6828 0.0000 0.0000
47.8125 -20.9296 0.3900 0.3464 0.2636 0.00000 6.116 1496.5 12.0 0.0000 0.3637 45.74 0.6756 0.0024 0.0025
50.6250 -20.9296 0.3403 0.3831 0.2766 0.00000 6.293 1494.3 12.0 0.0000 0.4084 53.12 0.7221 0.0038 0.0039
53.4375 -20.9296 0.2138 0.4672 0.3190 0.00000 5.787 1489.0 12.0 0.0000 0.3013 42.70 1.0343 0.0073 0.0071
56.2500 -20.9296 0.3415 0.3904 0.2680 0.00000 5.962 1500.0 12.0 0.0000 0.2809 36.04 1.0793 0.0000 0.0000
59.0625 -20.9296 0.3698 0.3051 0.3252 0.00000 7.824 1500.0 12.0 0.0000 0.4831 63.08 0.2825 0.0000 0.0000
61.8750 -20.9296 0.3203 0.3214 0.3584 0.00000 8.655 1500.0 12.0 0.0000 0.6153 83.61 0.1324 0.0000 0.0000
64.6875 -20.9296 0.3285 0.3189 0.3526 0.00000 8.521 1500.0 12.0 0.0000 1.5010 202.60 0.1576 0.0000 0.0000
67.5000 -20.9296 0.3694 0.3290 0.3016 0.00000 7.304 1500.0 12.0 0.0000 2.3422 302.01 0.5436 0.0000 0.0000
70.3125 -20.9296 0.3266 0.3961 0.2773 0.00000 6.721 1500.0 12.0 0.0000 1.7103 222.03 1.0192 0.0000 0.0000
73.1250 -20.9296 0.3372 0.3992 0.2637 0.00000 6.932 1500.0 12.0 0.0000 1.4429 185.02 0.9740 0.0000 0.0000
75.9375 -20.9296 0.3459 0.3616 0.2925 0.00000 8.100 1500.0 12.0 0.0000 1.7249 223.76 0.5211 0.0000 0.0000
78.7500 -20.9296 0.3598 0.2892 0.3511 0.00000 8.834 1500.0 12.0 0.0000 0.2211 29.40 0.0628 0.0000 0.0000
81.5625 -20.9296 0.4425 0.2464 0.3111 0.00000 8.042 1500.0 12.0 0.0000 1.1801 147.78 0.1012 0.0000 0.0000
84.3750 -20.9296 0.3863 0.3363 0.2774 0.00000 7.147 1500.0 12.0 0.0000 3.1247 394.46 0.5843 0.0000 0.0000
87.1875 -20.9296 0.2919 0.4185 0.2896 0.00000 6.869 1327.7 12.0 0.0000 3.0808 515.22 0.7912 0.1149 0.1175
90.0000 -20.9296 0.3595 0.3563 0.2841 0.00000 6.630 1474.2 12.0 0.0000 2.7115 361.92 0.5267 0.0172 0.0197
135.0000 -20.9296 0.2233 0.4238 0.3514 0.00000 8.211 1500.0 12.0 0.0000 0.4632 65.31 0.0628 0.0000 0.0000
137.8125 -20.9296 0.3669 0.3167 0.3163 0.00000 7.392 1500.0 12.0 0.0000 1.9592 254.93 0.2121 0.0000 0.0000
140.6250 -20.9296 0.3738 0.3141 0.3121 0.00000 7.487 1499.9 12.0 0.0000 2.7636 357.74 0.3040 0.0001 0.0001
143.4375 -20.9296 0.2580 0.3570 0.3850 0.00000 7.147 1500.0 12.0 0.0000 2.7637 390.97 0.3284 0.0000 0.0000
146.2500 -20.9296 0.2085 0.4743 0.3172 0.00000 6.388 1487.0 12.0 0.0000 1.6862 239.95 1.0452 0.0087 0.0084
149.0625 -20.9296 0.2653 0.4846 0.2500 0.00000 5.874 1489.3 12.0 0.0000 0.8829 118.06 1.3108 0.0071 0.0066
171.5625 -20.9296 0.5201 0.1869 0.2930 0.00000 7.067 1499.9 12.0 0.0000 0.6342 75.67 0.0688 0.0000 0.0004
174.3750 -20.9296 0.4501 0.2317 0.3182 0.00000 7.501 1500.0 12.0 0.0000 0.7291 91.33 0.0828 0.0000 0.0000
177.1875 -20.9296 0.3298 0.2821 0.3881 0.00000 6.973 1500.0 12.0 0.0000 2.0528 282.02 0.1307 0.0000 0.0000
180.0000 -20.9296 0.3414 0.3012 0.3575 0.00000 8.138 1500.0 12.0 0.0000 1.2693 170.78 0.1293 0.0000 0.0000
-177.1875 -20.9296 0.5146 0.1999 0.2853 0.00000 6.673 1499.4 12.0 0.0000 2.3749 283.06 0.1328 0.0004 0.0011
-143.4375 -20.9296 0.4939 0.1956 0.3105 0.00000 6.996 1500.0 12.0 0.0000 0.1589 19.40 0.0628 0.0000 0.0000
-140.6250 -20.9296 0.4197 0.2283 0.3520 0.00000 7.160 1500.0 12.0 0.0000 0.3353 43.41 0.0628 0.0000 0.0000
-137.8125 -20.9296 0.2980 0.2956 0.4064 0.00000 7.317 1500.0 12.0 0.0000 0.1018 14.31 0.0628 0.0000 0.0000
-135.0000 -20.9296 0.3723 0.2675 0.3602 0.00000 7.585 1500.0 12.0 0.0000 0.1674 22.25 0.0857 0.0000 0.0000
-132.1875 -20.9296 0.4097 0.2432 0.3471 0.00000 7.474 1500.0 12.0 0.0000 0.3306 42.88 0.0897 0.0000 0.0000
-129.3750 -20.9296 0.4595 0.1670 0.3736 0.00000 8.005 1500.0 12.0 0.0000 0.7075 90.97 0.0783 0.0000 0.0000
-126.5625 -20.9296 0.5084 0.1166 0.3751 0.00000 7.716 1500.0 12.0 0.0000 1.0072 126.65 0.0986 0.0000 0.0000
-123.7500 -20.9296 0.5062 0.2061 0.2877 0.00000 7.372 1498.9 12.0 0.0000 0.3746 44.95 0.0628 0.0007 0.0096
-56.2500 -20.9296 0.4242 0.2594 0.3164 0.00000 7.373 1498.7 12.0 0.0000 2.0591 261.44 0.1095 0.0009 0.0031
-53.4375 -20.9296 0.3575 0.2864 0.3560 0.00000 7.711 1496.9 12.0 0.0000 1.9796 265.46 0.1585 0.0021 0.0048
-50.6250 -20.9296 0.3700 0.2789 0.3511 0.00000 7.667 1497.5 12.0 0.0000 1.4216 188.90 0.1422 0.0017 0.0042
-47.8125 -20.9296 0.3675 0.2867 0.3458 0.00000 8.073 1498.9 12.0 0.0000 0.7584 100.39 0.0988 0.0007 0.0029
-45.0000 -20.9296 0.3808 0.2644 0.3549 0.00000 7.075 1498.3 12.0 0.0000 1.5617 206.67 0.1116 0.0011 0.0038
-42.1875 -20.9296 0.3676 0.2703 0.3621 0.00000 7.952 1499.6 12.0 0.0000 0.2882 38.43 0.0628 0.0003 0.0035
-39.3750 -20.9296 0.4066 0.2640 0.3294 0.00000 7.476 1499.5 12.0 0.0000 1.4360 184.91 0.1051 0.0004 0.0013
-36.5625 -20.9296 0.4770 0.2159 0.3072 0.00000 7.033 1499.9 12.0 0.0000 1.4571 179.07 0.1092 0.0000 0.0001
-19.6875 -20.9296 0.3601 0.3050 0.3348 0.00000 7.454 1499.9 12.0 0.0000 1.5137 199.57 0.0628 0.0001 0.0012
-16.8750 -20.9296 0.5172 0.2171 0.2657 0.00000 7.282 1500.0 12.0 0.0000 1.5391 180.95 0.0628 0.0000 0.0000
-14.0625 -20.9296 0.3785 0.2805 0.3410 0.00000 8.552 1500.0 12.0 0.0000 0.7152 93.80 0.0628 0.0000 0.0000
-11.2500 -20.9296 0.3814 0.2840 0.3345 0.00000 8.418 1500.0 12.0 0.0000 0.6486 84.65 0.0628 0.0000 0.0000
-8.4375 -20.9296 0.5460 0.1861 0.2679 0.00000 7.523 1500.0 12.0 0.0000 0.8382 97.23 0.0628 0.0000 0.0000
-5.6250 -20.9296 0.5270 0.1664 0.3066 0.00000 6.858 1499.5 12.0 0.0000 0.9700 116.35 0.0628 0.0004 0.0048
-2.8125 -20.9296 0.4940 0.2058 0.3000 0.00000 6.740 1499.9 12.0 0.0000 0.6681 81.07 0.0628 0.0000 0.0005
11.2500 -23.7202 0.4296 0.2630 0.3074 0.00000 6.819 1498.3 12.0 0.0000 0.8716 109.89 0.3121 0.0011 0.0016
14.0625 -23.7202 0.3092 0.3049 0.3858 0.00000 7.488 1498.4 12.0 0.0000 0.7463 103.57 0.1368 0.0011 0.0029
16.8750 -23.7202 0.4644 0.2185 0.3171 0.00000 7.345 1499.7 12.0 0.0000 0.3441 42.80 0.0628 0.0002 0.0026
19.6875 -23.7202 0.4282 0.2430 0.3288 0.00000 7.709 1500.0 12.0 0.0000 0.1341 17.08 0.0628 0.0000 0.0000
22.5000 -23.7202 0.4851 0.2005 0.3144 0.00000 6.693 1500.0 12.0 0.0000 0.1566 19.24 0.0628 0.0000 0.0000
25.3125 -23.7202 0.6618 0.1205 0.2178 0.00000 6.524 1500.0 12.0 0.0000 0.8109 85.58 0.0715 0.0000 0.0000
28.1250 -23.7202 0.4496 0.2310 0.3193 0.00000 7.187 1499.6 12.0 0.0000 1.1918 149.53 0.0781 0.0003 0.0019
50.6250 -23.7202 0.2985 0.3778 0.3237 0.00000 7.070 1497.7 12.0 0.0000 0.3568 48.24 0.4925 0.0015 0.0018
53.4375 -23.7202 0.2822 0.3577 0.3601 0.00000 6.597 1493.0 12.0 0.0000 0.5676 79.29 0.4691 0.0047 0.0056
56.2500 -23.7202 0.4157 0.2465 0.3378 0.00000 7.252 1500.0 12.0 0.0000 0.1912 24.60 0.0962 0.0000 0.0000
59.0625 -23.7202 0.4620 0.2286 0.3094 0.00000 7.143 1500.0 12.0 0.0000 0.1404 17.40 0.0941 0.0000 0.0000
61.8750 -23.7202 0.4196 0.2547 0.3257 0.00000 7.612 1500.0 12.0 0.0000 0.3155 40.26 0.0979 0.0000 0.0000
64.6875 -23.7202 0.4187 0.2562 0.3251 0.00000 7.599 1500.0 12.0 0.0000 1.1050 141.04 0.1162 0.0000 0.0000
67.5000 -23.7202 0.4722 0.2253 0.3025 0.00000 6.970 1500.0 12.0 0.0000 1.3279 163.12 0.1345 0.0000 0.0000
70.3125 -23.7202 0.4172 0.2599 0.3229 0.00000 7.567 1500.0 12.0 0.0000 1.5889 202.69 0.1418 0.0000 0.0000
73.1250 -23.7202 0.4381 0.2449 0.3170 0.00000 7.375 1500.0 12.0 0.0000 0.9086 114.39 0.1164 0.0000 0.0000
75.9375 -23.7202 0.3681 0.2838 0.3481 0.00000 8.337 1500.0 12.0 0.0000 0.4131 54.65 0.0816 0.0000 0.0000
78.7500 -23.7202 0.3131 0.3140 0.3729 0.00000 8.903 1500.0 12.0 0.0000 0.1866 25.62 0.0628 0.0000 0.0000
81.5625 -23.7202 0.3550 0.2890 0.3560 0.00000 8.468 1500.0 12.0 0.0000 0.2049 27.38 0.0628 0.0000 0.0000
84.3750 -23.7202 0.4895 0.2148 0.2957 0.00000 7.765 1500.0 12.0 0.0000 0.7530 91.36 0.0812 0.0000 0.0000
87.1875 -23.7202 0.2825 0.3821 0.3354 0.00000 6.744 1452.3 12.0 0.0000 2.3987 350.41 0.5242 0.0318 0.0365
90.0000 -23.7202 0.2900 0.4336 0.2764 0.00000 6.647 1463.5 12.0 0.0000 1.6137 224.72 0.7764 0.0243 0.0250
95.6250 -23.7202 0.4387 0.2305 0.3307 0.00000 7.209 1500.0 12.0 0.0000 0.2891 36.66 0.0628 0.0000 0.0001
140.6250 -23.7202 0.3700 0.2895 0.3405 0.00000 7.607 1500.0 12.0 0.0000 0.2730 35.93 0.0628 0.0000 0.0000
143.4375 -23.7202 0.4430 0.2422 0.3148 0.00000 7.171 1500.0 12.0 0.0000 1.0158 127.44 0.1153 0.0000 0.0000
146.2500 -23.7202 0.4066 0.3161 0.2774 0.00000 6.639 1498.3 12.0 0.0000 1.8084 226.70 0.5499 0.0011 0.0013
168.7500 -23.7202 0.3842 0.2910 0.3249 0.00000 7.089 1499.9 12.0 0.0000 0.5999 77.80 0.0628 0.0000 0.0006
171.5625 -23.7202 0.3596 0.2739 0.3665 0.00000 7.346 1499.5 12.0 0.0000 0.8825 118.42 0.0786 0.0003 0.0022
174.3750 -23.7202 0.2821 0.3210 0.3970 0.00000 7.939 1500.0 12.0 0.0000 0.9102 128.22 0.0948 0.0000 0.0000
177.1875 -23.7202 0.5106 0.1929 0.2958 0.00000 6.925 1499.8 12.0 0.0000 1.2659 151.96 0.1177 0.0002 0.0005
180.0000 -23.7202 0.5316 0.1770 0.2913 0.00000 7.183 1500.0 12.0 0.0000 0.3221 38.16 0.0628 0.0000 0.0000
-146.2500 -23.7202 0.5235 0.1802 0.2962 0.00000 6.904 1500.0 12.0 0.0000 0.1328 15.85 0.0628 0.0000 0.0000
-143.4375 -23.7202 0.4361 0.2277 0.3363 0.00000 7.390 1500.0 12.0 0.0000 0.4886 62.23 0.0782 0.0000 0.0000
-140.6250 -23.7202 0.3221 0.2812 0.3967 0.00000 6.999 1500.0 12.0 0.0000 0.4279 59.23 0.0785 0.0000 0.0000
-137.8125 -23.7202 0.4116 0.2493 0.3391 0.00000 6.886 1500.0 12.0 0.0000 0.6235 80.46 0.0923 0.0000 0.0000
-135.0000 -23.7202 0.4615 0.2209 0.3176 0.00000 7.097 1499.9 12.0 0.0000 0.1648 20.53 0.0628 0.0001 0.0011
-132.1875 -23.7202 0.4021 0.2271 0.3708 0.00000 7.637 1500.0 12.0 0.0000 0.6410 84.50 0.0808 0.0000 0.0000
-129.3750 -23.7202 0.3615 0.2523 0.3862 0.00000 8.770 1500.0 12.0 0.0000 0.2165 29.30 0.0628 0.0000 0.0000
-126.5625 -23.7202 0.4846 0.1399 0.3754 0.00000 7.874 1500.0 12.0 0.0000 0.9546 121.43 0.1062 0.0000 0.0000
-123.7500 -23.7202 0.5268 0.1351 0.3381 0.00000 7.144 1495.4 12.0 0.0000 0.4557 56.05 0.0628 0.0031 0.0412
-120.9375 -23.7202 0.1300 0.5634 0.3066 0.00000 7.758 1489.6 12.0 0.0000 2.6514 386.41 0.4593 0.0069 0.0083
-56.2500 -23.7202 0.4316 0.2409 0.3275 0.00000 7.295 1499.9 12.0 0.0000 0.3682 46.77 0.0628 0.0000 0.0006
-53.4375 -23.7202 0.3910 0.2584 0.3506 0.00000 7.636 1499.8 12.0 0.0000 0.3776 49.51 0.0628 0.0001 0.0020
-50.6250 -23.7202 0.5326 0.1894 0.2781 0.00000 7.172 1500.0 12.0 0.0000 0.8036 94.43 0.0920 0.0000 0.0000
-47.8125 -23.7202 0.5606 0.1785 0.2609 0.00000 7.236 1500.0 12.0 0.0000 0.4983 57.12 0.0846 0.0000 0.0000
-45.0000 -23.7202 0.6154 0.1395 0.2452 0.00000 6.824 1500.0 12.0 0.0000 0.3349 36.92 0.0628 0.0000 0.0000
-42.1875 -23.7202 0.3079 0.3041 0.3880 0.00000 8.156 1500.0 12.0 0.0000 0.2167 30.05 0.0628 0.0000 0.0000
-39.3750 -23.7202 0.4287 0.2447 0.3266 0.00000 7.230 1499.8 12.0 0.0000 1.4437 183.59 0.1516 0.0001 0.0003
-19.6875 -23.7202 0.4268 0.2455 0.3276 0.00000 7.249 1499.9 12.0 0.0000 0.9711 123.65 0.0628 0.0001 0.0010
-16.8750 -23.7202 0.5306 0.1906 0.2788 0.00000 7.582 1500.0 12.0 0.0000 0.8963 105.48 0.0628 0.0000 0.0002
-14.0625 -23.7202 0.4527 0.2348 0.3125 0.00000 7.836 1500.0 12.0 0.0000 0.5998 74.80 0.0628 0.0000 0.0000
-11.2500 -23.7202 0.2618 0.3571 0.3811 0.00000 9.352 1500.0 12.0 0.0000 0.4619 65.12 0.0628 0.0000 0.0000
-8.4375 -23.7202 0.5511 0.1790 0.2699 0.00000 7.333 1500.0 12.0 0.0000 0.8598 99.59 0.0628 0.0000 0.0000
-5.6250 -23.7202 0.5297 0.1904 0.2799 0.00000 6.660 1500.0 12.0 0.0000 1.2863 151.54 0.0628 0.0000 0.0000
8.4375 -26.5108 0.2147 0.4888 0.2961 0.00000 7.120 1500.0 12.0 0.0000 0.7185 98.99 0.6458 0.0000 0.0000
11.2500 -26.5108 0.3306 0.3901 0.2791 0.00000 6.290 1500.0 12.0 0.0000 0.5627 72.97 0.8135 0.0000 0.0000
14.0625 -26.5108 0.2309 0.4057 0.3634 0.00000 6.860 1500.0 12.0 0.0000 0.8679 122.88 0.5740 0.0000 0.0000
16.8750 -26.5108 0.5414 0.1806 0.2780 0.00000 7.055 1500.0 12.0 0.0000 0.1156 13.53 0.0628 0.0000 0.0000
19.6875 -26.5108 0.4445 0.2362 0.3192 0.00000 7.539 1500.0 12.0 0.0000 0.0901 11.32 0.0628 0.0000 0.0000
22.5000 -26.5108 0.5150 0.1933 0.2918 0.00000 6.769 1500.0 12.0 0.0000 0.1134 13.56 0.0628 0.0000 0.0000
25.3125 -26.5108 0.6522 0.1226 0.2252 0.00000 6.789 1500.0 12.0 0.0000 0.5614 59.86 0.0628 0.0000 0.0000
28.1250 -26.5108 0.4382 0.2590 0.3028 0.00000 7.622 1499.9 12.0 0.0000 0.7500 93.69 0.0628 0.0000 0.0005
30.9375 -26.5108 0.4357 0.2456 0.3187 0.00000 7.321 1498.9 12.0 0.0000 2.5619 323.80 0.1213 0.0007 0.0023
50.6250 -26.5108 0.4388 0.2373 0.3239 0.00000 7.388 1500.0 12.0 0.0000 0.0711 10.00 0.0628 0.0000 0.0000
53.4375 -26.5108 0.3090 0.2868 0.4042 0.00000 7.111 1500.0 12.0 0.0000 0.2879 40.24 0.0810 0.0000 0.0000
56.2500 -26.5108 0.4235 0.2426 0.3338 0.00000 7.347 1500.0 12.0 0.0000 0.1031 13.19 0.0739 0.0000 0.0000
59.0625 -26.5108 0.3766 0.2851 0.3383 0.00000 8.061 1500.0 12.0 0.0000 0.1653 21.66 0.0966 0.0000 0.0000
61.8750 -26.5108 0.3982 0.2702 0.3316 0.00000 7.811 1500.0 12.0 0.0000 0.5283 68.32 0.1261 0.0000 0.0000
64.6875 -26.5108 0.3384 0.3078 0.3539 0.00000 8.482 1500.0 12.0 0.0000 1.4631 196.74 0.1428 0.0000 0.0000
67.5000 -26.5108 0.3340 0.3095 0.3566 0.00000 8.392 1500.0 12.0 0.0000 1.4034 189.34 0.1419 0.0000 0.0000
70.3125 -26.5108 0.3522 0.3008 0.3470 0.00000 8.294 1500.0 12.0 0.0000 1.7230 229.43 0.1382 0.0000 0.0000
73.1250 -26.5108 0.3145 0.3233 0.3622 0.00000 8.726 1500.0 12.0 0.0000 1.3942 190.30 0.1399 0.0000 0.0000
75.9375 -26.5108 0.2773 0.3440 0.3786 0.00000 9.176 1500.0 12.0 0.0000 1.1984 167.61 0.1229 0.0000 0.0000
78.7500 -26.5108 0.3196 0.3149 0.3656 0.00000 8.742 1500.0 12.0 0.0000 0.7657 104.45 0.0976 0.0000 0.0000
81.5625 -26.5108 0.3718 0.2797 0.3484 0.00000 8.200 1500.0 12.0 0.0000 0.2083 27.52 0.0722 0.0000 0.0000
84.3750 -26.5108 0.3234 0.3102 0.3664 0.00000 8.875 1500.0 12.0 0.0000 0.1607 21.89 0.0689 0.0000 0.0000
87.1875 -26.5108 0.3869 0.2783 0.3348 0.00000 7.328 1500.0 12.0 0.0000 1.9501 253.95 0.2146 0.0000 0.0000
90.0000 -26.5108 0.2695 0.4199 0.3106 0.00000 6.206 1394.0 12.0 0.0000 1.6936 265.53 0.8398 0.0707 0.0713
92.8125 -26.5108 0.2808 0.4452 0.2740 0.00000 6.396 1350.2 12.0 0.0000 1.3708 222.48 0.9580 0.0999 0.0981
95.6250 -26.5108 0.3186 0.4123 0.2691 0.00000 6.181 1499.5 12.0 0.0000 1.6737 217.28 0.8788 0.0003 0.0003
98.4375 -26.5108 0.1860 0.5081 0.3058 0.00000 7.519 1500.0 12.0 0.0000 2.3903 335.17 0.5711 0.0000 0.0000
168.7500 -26.5108 0.3740 0.3017 0.3243 0.00000 7.115 1499.9 12.0 0.0000 0.9828 128.03 0.0628 0.0000 0.0005
171.5625 -26.5108 0.4707 0.2064 0.3229 0.00000 7.191 1499.4 12.0 0.0000 1.0888 135.52 0.0807 0.0004 0.0022
174.3750 -26.5108 0.3929 0.2787 0.3283 0.00000 7.481 1500.0 12.0 0.0000 0.5282 68.35 0.0729 0.0000 0.0000
-146.2500 -26.5108 0.4396 0.2283 0.3321 0.00000 7.474 1500.0 12.0 0.0000 0.2083 26.43 0.0753 0.0000 0.0000
-143.4375 -26.5108 0.3018 0.2866 0.4116 0.00000 6.980 1500.0 12.0 0.0000 0.4277 60.18 0.0767 0.0000 0.0000
-140.6250 -26.5108 0.3429 0.2965 0.3605 0.00000 7.673 1500.0 12.0 0.0000 0.1039 13.99 0.0628 0.0000 0.0000
-132.1875 -26.5108 0.5257 0.1655 0.3088 0.00000 6.935 1500.0 12.0 0.0000 0.3282 39.40 0.0628 0.0000 0.0000
-129.3750 -26.5108 0.5089 0.1664 0.3234 0.00000 7.508 1500.0 12.0 0.0000 0.8732 106.47 0.0908 0.0000 0.0000
-126.5625 -26.5108 0.5057 0.1646 0.3260 0.00000 7.589 1500.0 12.0 0.0000 0.7706 94.01 0.0956 0.0000 0.0000
-123.7500 -26.5108 0.3707 0.3006 0.3276 0.00000 7.470 1500.0 12.0 0.0000 0.3565 46.54 0.0628 0.0000 0.0001
-56.2500 -26.5108 0.5386 0.1672 0.2942 0.00000 6.694 1500.0 12.0 0.0000 0.4264 50.44 0.0628 0.0000 0.0003
-53.4375 -26.5108 0.4002 0.2495 0.3504 0.00000 7.305 1500.0 12.0 0.0000 0.2934 38.30 0.0628 0.0000 0.0001
-50.6250 -26.5108 0.3620 0.2595 0.3784 0.00000 7.028 1500.0 12.0 0.0000 0.3172 42.75 0.0628 0.0000 0.0000
-47.8125 -26.5108 0.5024 0.2063 0.2913 0.00000 7.490 1500.0 12.0 0.0000 0.1443 17.35 0.0628 0.0000 0.0000
-45.0000 -26.5108 0.3957 0.2668 0.3375 0.00000 8.089 1500.0 12.0 0.0000 0.1168 15.17 0.0628 0.0000 0.0000
-42.1875 -26.5108 0.3632 0.2625 0.3742 0.00000 7.268 1500.0 12.0 0.0000 0.3062 41.16 0.0628 0.0000 0.0000
-39.3750 -26.5108 0.4202 0.2630 0.3168 0.00000 7.024 1496.3 12.0 0.0000 1.7913 228.77 0.2514 0.0025 0.0040
-19.6875 -26.5108 0.5580 0.1547 0.2873 0.00000 6.663 1499.8 12.0 0.0000 1.3376 156.05 0.0628 0.0001 0.0014
-16.8750 -26.5108 0.6180 0.1559 0.2262 0.00000 6.678 1500.0 12.0 0.0000 2.1207 230.64 0.0628 0.0000 0.0000
-14.0625 -26.5108 0.5493 0.1808 0.2698 0.00000 7.262 1500.0 12.0 0.0000 0.8239 95.51 0.0628 0.0000 0.0000
-11.2500 -26.5108 0.4514 0.2312 0.3173 0.00000 7.320 1500.0 12.0 0.0000 1.0842 135.66 0.0628 0.0000 0.0000
-8.4375 -26.5108 0.4824 0.2133 0.3043 0.00000 7.136 1500.0 12.0 0.0000 1.2859 157.34 0.0628 0.0000 0.0000
-5.6250 -26.5108 0.4685 0.2346 0.2969 0.00000 7.084 1500.0 12.0 0.0000 0.3775 46.31 0.0628 0.0000 0.0000
5.6250 -29.3014 0.4531 0.2183 0.3285 0.00000 6.964 1500.0 12.0 0.0000 0.0620 10.00 0.0628 0.0000 0.0000
8.4375 -29.3014 0.3418 0.3596 0.2986 0.00000 6.249 1499.3 12.0 0.0000 0.6901 90.09 0.6754 0.0005 0.0005
11.2500 -29.3014 0.2236 0.4438 0.3326 0.00000 6.529 1500.0 12.0 0.0000 0.7360 102.95 0.8232 0.0000 0.0000
14.0625 -29.3014 0.3897 0.2777 0.3326 0.00000 7.300 1500.0 12.0 0.0000 0.5314 69.03 0.2133 0.0000 0.0000
16.8750 -29.3014 0.4171 0.2513 0.3316 0.00000 7.706 1500.0 12.0 0.0000 0.0489 10.00 0.0628 0.0000 0.0000
19.6875 -29.3014 0.4607 0.2248 0.3145 0.00000 7.223 1500.0 12.0 0.0000 0.0839 10.43 0.0628 0.0000 0.0000
22.5000 -29.3014 0.4983 0.2023 0.2994 0.00000 6.800 1500.0 12.0 0.0000 0.1827 22.12 0.0628 0.0000 0.0000
25.3125 -29.3014 0.4220 0.2531 0.3249 0.00000 8.024 1500.0 12.0 0.0000 0.3333 42.47 0.0628 0.0000 0.0000
28.1250 -29.3014 0.5300 0.1919 0.2782 0.00000 7.633 1500.0 12.0 0.0000 0.5358 63.04 0.0628 0.0000 0.0000
30.9375 -29.3014 0.4916 0.2002 0.3082 0.00000 7.143 1499.7 12.0 0.0000 0.7507 91.70 0.0628 0.0002 0.0028
33.7500 -29.3014 0.3713 0.3052 0.3235 0.00000 7.497 1499.7 12.0 0.0000 2.4149 314.99 0.1845 0.0002 0.0004
47.8125 -29.3014 0.3238 0.3391 0.3370 0.00000 7.519 1500.0 12.0 0.0000 0.1025 13.76 0.0628 0.0000 0.0000
50.6250 -29.3014 0.4492 0.2261 0.3246 0.00000 7.328 1499.9 12.0 0.0000 0.1005 12.64 0.0628 0.0001 0.0007
53.4375 -29.3014 0.3203 0.2875 0.3922 0.00000 7.385 1500.0 12.0 0.0000 0.2368 32.74 0.0754 0.0000 0.0000
56.2500 -29.3014 0.4112 0.2424 0.3464 0.00000 7.129 1500.0 12.0 0.0000 0.0841 10.90 0.0628 0.0000 0.0000
59.0625 -29.3014 0.4645 0.2237 0.3118 0.00000 7.176 1500.0 12.0 0.0000 0.0653 10.00 0.0628 0.0000 0.0000
61.8750 -29.3014 0.3565 0.2925 0.3510 0.00000 8.336 1500.0 12.0 0.0000 0.5602 74.61 0.1003 0.0000 0.0000
64.6875 -29.3014 0.3457 0.3035 0.3508 0.00000 8.344 1500.0 12.0 0.0000 1.1638 155.73 0.1187 0.0000 0.0000
67.5000 -29.3014 0.3581 0.2934 0.3485 0.00000 8.265 1500.0 12.0 0.0000 1.1527 153.20 0.1192 0.0000 0.0000
70.3125 -29.3014 0.2822 0.3417 0.3761 0.00000 9.110 1500.0 12.0 0.0000 1.3596 189.52 0.1273 0.0000 0.0000
73.1250 -29.3014 0.2689 0.3512 0.3799 0.00000 9.245 1500.0 12.0 0.0000 1.4332 201.31 0.1362 0.0000 0.0000
75.9375 -29.3014 0.2527 0.3591 0.3881 0.00000 9.454 1500.0 12.0 0.0000 0.9807 139.27 0.1218 0.0000 0.0000
78.7500 -29.3014 0.2454 0.3628 0.3918 0.00000 9.500 1500.0 12.0 0.0000 0.5208 74.31 0.1104 0.0000 0.0000
81.5625 -29.3014 0.3072 0.3246 0.3682 0.00000 8.903 1500.0 12.0 0.0000 0.4710 64.68 0.1094 0.0000 0.0000
84.3750 -29.3014 0.3939 0.2749 0.3312 0.00000 8.207 1500.0 12.0 0.0000 0.6351 82.27 0.1068 0.0000 0.0000
87.1875 -29.3014 0.2861 0.3472 0.3667 0.00000 7.012 1500.0 12.0 0.0000 2.0189 279.63 0.3656 0.0000 0.0000
90.0000 -29.3014 0.2866 0.4128 0.3005 0.00000 6.630 1448.8 12.0 0.0000 1.2791 184.28 0.7758 0.0341 0.0351
92.8125 -29.3014 0.2363 0.4707 0.2929 0.00000 6.545 1500.0 12.0 0.0000 0.9342 127.35 0.8721 0.0000 0.0000
-149.0625 -29.3014 0.4065 0.2645 0.3290 0.00000 7.368 1500.0 12.0 0.0000 0.1280 16.46 0.0628 0.0000 0.0000
-146.2500 -29.3014 0.3966 0.2512 0.3522 0.00000 7.448 1500.0 12.0 0.0000 0.4203 55.00 0.0849 0.0000 0.0000
-143.4375 -29.3014 0.2895 0.3173 0.3932 0.00000 8.004 1500.0 12.0 0.0000 0.5505 77.16 0.1030 0.0000 0.0000
-140.6250 -29.3014 0.3219 0.3102 0.3680 0.00000 7.422 1498.7 12.0 0.0000 0.9851 134.67 0.1217 0.0009 0.0026
-137.8125 -29.3014 0.3743 0.3003 0.3253 0.00000 7.366 1499.3 12.0 0.0000 1.0847 141.50 0.1459 0.0004 0.0011
-129.3750 -29.3014 0.5381 0.1138 0.3387 0.00000 7.704 1500.0 12.0 0.0000 1.2786 153.68 0.0966 0.0000 0.0000
-126.5625 -29.3014 0.5588 0.0945 0.3367 0.00000 7.596 1500.0 12.0 0.0000 0.9407 111.70 0.0846 0.0000 0.0000
-56.2500 -29.3014 0.2694 0.3770 0.3536 0.00000 7.944 1500.0 12.0 0.0000 0.1825 25.29 0.0628 0.0000 0.0000
-53.4375 -29.3014 0.3736 0.2891 0.3373 0.00000 7.399 1500.0 12.0 0.0000 0.1612 21.15 0.0628 0.0000 0.0000
-50.6250 -29.3014 0.4290 0.2227 0.3483 0.00000 7.200 1499.9 12.0 0.0000 0.2878 37.02 0.0628 0.0000 0.0005
-47.8125 -29.3014 0.3553 0.2658 0.3789 0.00000 7.245 1500.0 12.0 0.0000 0.2924 39.53 0.0628 0.0000 0.0000
-45.0000 -29.3014 0.3550 0.2894 0.3556 0.00000 8.339 1500.0 12.0 0.0000 0.1466 19.59 0.0628 0.0000 0.0000
-42.1875 -29.3014 0.4199 0.2417 0.3384 0.00000 7.486 1500.0 12.0 0.0000 0.6101 78.40 0.0759 0.0000 0.0000
-39.3750 -29.3014 0.3147 0.2941 0.3912 0.00000 7.373 1499.9 12.0 0.0000 0.7287 100.95 0.0895 0.0001 0.0004
-36.5625 -29.3014 0.3974 0.2592 0.3433 0.00000 7.314 1500.0 12.0 0.0000 1.0321 134.37 0.1514 0.0000 0.0000
-33.7500 -29.3014 0.4236 0.2510 0.3254 0.00000 7.248 1500.0 12.0 0.0000 0.7222 91.98 0.1375 0.0000 0.0000
-16.8750 -29.3014 0.4916 0.2125 0.2958 0.00000 7.652 1499.9 12.0 0.0000 1.3319 161.46 0.0628 0.0000 0.0005
-14.0625 -29.3014 0.5848 0.1611 0.2540 0.00000 7.225 1500.0 12.0 0.0000 1.3365 150.62 0.0628 0.0000 0.0000
-11.2500 -29.3014 0.4435 0.2389 0.3176 0.00000 7.422 1500.0 12.0 0.0000 0.7620 95.73 0.0628 0.0000 0.0000
-8.4375 -29.3014 0.5181 0.1964 0.2855 0.00000 7.004 1500.0 12.0 0.0000 0.7042 83.74 0.0628 0.0000 0.0000
5.6250 -32.0919 0.4843 0.1958 0.3198 0.00000 6.929 1500.0 12.0 0.0000 0.1320 16.27 0.0628 0.0000 0.0000
8.4375 -32.0919 0.3086 0.2822 0.4092 0.00000 7.099 1500.0 12.0 0.0000 0.1505 21.09 0.0628 0.0000 0.0000
11.2500 -32.0919 0.3471 0.2823 0.3706 0.00000 7.060 1500.0 12.0 0.0000 0.5241 70.81 0.1487 0.0000 0.0000
14.0625 -32.0919 0.3668 0.2952 0.3380 0.00000 8.108 1500.0 12.0 0.0000 0.3397 44.72 0.1317 0.0000 0.0000
16.8750 -32.0919 0.3095 0.3182 0.3723 0.00000 8.897 1500.0 12.0 0.0000 0.0654 10.00 0.0628 0.0000 0.0000
19.6875 -32.0919 0.3600 0.2855 0.3544 0.00000 8.349 1500.0 12.0 0.0000 0.1366 18.20 0.0628 0.0000 0.0000
22.5000 -32.0919 0.4719 0.2180 0.3101 0.00000 7.100 1500.0 12.0 0.0000 0.1635 20.18 0.0628 0.0000 0.0000
25.3125 -32.0919 0.4875 0.2135 0.2989 0.00000 7.467 1500.0 12.0 0.0000 0.3649 44.40 0.0628 0.0000 0.0000
28.1250 -32.0919 0.5841 0.1611 0.2549 0.00000 7.263 1500.0 12.0 0.0000 1.0517 118.63 0.0628 0.0000 0.0000
30.9375 -32.0919 0.5609 0.1651 0.2740 0.00000 7.054 1499.9 12.0 0.0000 1.3879 160.38 0.0628 0.0001 0.0009
33.7500 -32.0919 0.5211 0.1561 0.3228 0.00000 6.981 1498.9 12.0 0.0000 0.5205 63.26 0.0628 0.0007 0.0096
47.8125 -32.0919 0.4873 0.1993 0.3134 0.00000 7.117 1500.0 12.0 0.0000 0.1147 14.07 0.0628 0.0000 0.0001
50.6250 -32.0919 0.3824 0.2396 0.3780 0.00000 7.042 1499.8 12.0 0.0000 0.3908 52.19 0.0665 0.0001 0.0014
53.4375 -32.0919 0.4625 0.2266 0.3109 0.00000 7.397 1500.0 12.0 0.0000 0.5529 68.56 0.1006 0.0000 0.0000
56.2500 -32.0919 0.4971 0.2076 0.2953 0.00000 7.163 1500.0 12.0 0.0000 0.1685 20.36 0.0746 0.0000 0.0000
59.0625 -32.0919 0.4265 0.2507 0.3228 0.00000 7.541 1500.0 12.0 0.0000 0.2893 36.74 0.0890 0.0000 0.0000
61.8750 -32.0919 0.3796 0.2802 0.3402 0.00000 8.047 1500.0 12.0 0.0000 0.6715 88.00 0.1039 0.0000 0.0000
64.6875 -32.0919 0.3842 0.2795 0.3363 0.00000 7.953 1500.0 12.0 0.0000 0.8079 105.42 0.1304 0.0000 0.0000
67.5000 -32.0919 0.5221 0.2012 0.2767 0.00000 7.149 1500.0 12.0 0.0000 1.3167 155.43 0.1310 0.0000 0.0000
70.3125 -32.0919 0.4058 0.2678 0.3264 0.00000 8.315 1500.0 12.0 0.0000 1.6419 210.99 0.1142 0.0000 0.0000
73.1250 -32.0919 0.2637 0.3453 0.3911 0.00000 9.298 1500.0 12.0 0.0000 0.8292 117.38 0.0800 0.0000 0.0000
75.9375 -32.0919 0.2653 0.3431 0.3916 0.00000 9.182 1500.0 12.0 0.0000 0.7497 106.07 0.0803 0.0000 0.0000
78.7500 -32.0919 0.2856 0.3290 0.3854 0.00000 9.104 1500.0 12.0 0.0000 0.1633 22.83 0.0628 0.0000 0.0000
81.5625 -32.0919 0.3834 0.2715 0.3451 0.00000 8.234 1500.0 12.0 0.0000 0.2308 30.27 0.0628 0.0000 0.0000
84.3750 -32.0919 0.3285 0.3017 0.3698 0.00000 7.332 1500.0 12.0 0.0000 1.5230 207.40 0.1802 0.0000 0.0000
87.1875 -32.0919 0.3111 0.3637 0.3252 0.00000 6.848 1499.0 12.0 0.0000 1.9853 266.62 0.5341 0.0007 0.0008
90.0000 -32.0919 0.3001 0.3886 0.3112 0.00000 6.958 1499.7 12.0 0.0000 0.8417 112.64 0.6241 0.0002 0.0002
92.8125 -32.0919 0.3087 0.3822 0.3092 0.00000 6.569 1500.0 12.0 0.0000 0.7737 102.99 0.5623 0.0000 0.0000
-149.0625 -32.0919 0.4575 0.2234 0.3191 0.00000 7.736 1500.0 12.0 0.0000 0.1665 20.79 0.0628 0.0000 0.0000
-146.2500 -32.0919 0.3411 0.2618 0.3971 0.00000 7.583 1500.0 12.0 0.0000 0.2261 31.05 0.0628 0.0000 0.0000
-143.4375 -32.0919 0.4307 0.2339 0.3354 0.00000 7.030 1500.0 12.0 0.0000 0.4198 53.58 0.0802 0.0000 0.0000
-140.6250 -32.0919 0.3540 0.2542 0.3918 0.00000 6.768 1499.8 12.0 0.0000 1.1804 160.80 0.0820 0.0002 0.0009
-137.8125 -32.0919 0.4346 0.2269 0.3384 0.00000 7.056 1499.3 12.0 0.0000 1.2400 158.41 0.1209 0.0005 0.0014
-135.0000 -32.0919 0.5442 0.1580 0.2954 0.00000 6.966 1500.0 12.0 0.0000 2.2110 260.25 0.1376 0.0000 0.0000
-50.6250 -32.0919 0.4728 0.2085 0.3187 0.00000 7.184 1500.0 12.0 0.0000 0.1447 17.93 0.0628 0.0000 0.0000
-47.8125 -32.0919 0.3538 0.2636 0.3826 0.00000 7.316 1500.0 12.0 0.0000 0.1862 25.24 0.0628 0.0000 0.0000
-45.0000 -32.0919 0.3450 0.2746 0.3804 0.00000 7.560 1500.0 12.0 0.0000 0.2449 33.29 0.0686 0.0000 0.0000
-42.1875 -32.0919 0.4944 0.2111 0.2945 0.00000 7.672 1500.0 12.0 0.0000 0.1640 19.84 0.0628 0.0000 0.0000
-39.3750 -32.0919 0.4531 0.2332 0.3137 0.00000 7.654 1500.0 12.0 0.0000 0.2676 33.38 0.0628 0.0000 0.0000
-36.5625 -32.0919 0.2984 0.2980 0.4036 0.00000 7.507 1500.0 12.0 0.0000 0.4122 57.85 0.0628 0.0000 0.0000
-33.7500 -32.0919 0.4483 0.2261 0.3256 0.00000 7.386 1500.0 12.0 0.0000 0.1427 17.96 0.0628 0.0000 0.0000
-19.6875 -32.0919 0.5138 0.1898 0.2964 0.00000 6.919 1499.1 12.0 0.0000 2.8029 336.63 0.1396 0.0006 0.0016
-16.8750 -32.0919 0.6271 0.1390 0.2339 0.00000 6.969 1500.0 12.0 0.0000 1.4702 159.88 0.0698 0.0000 0.0000
-14.0625 -32.0919 0.4949 0.2133 0.2918 0.00000 7.350 1500.0 12.0 0.0000 1.3732 165.79 0.0729 0.0000 0.0000
-11.2500 -32.0919 0.4677 0.2231 0.3092 0.00000 7.115 1500.0 12.0 0.0000 1.1227 138.75 0.0735 0.0000 0.0000
-8.4375 -32.0919 0.5114 0.2063 0.2823 0.00000 7.197 1500.0 12.0 0.0000 1.6334 194.49 0.0863 0.0000 0.0000
-5.6250 -32.0919 0.5639 0.1784 0.2577 0.00000 7.018 1500.0 12.0 0.0000 2.6273 300.05 0.1062 0.0000 0.0000
-2.8125 -32.0919 0.4975 0.1803 0.3221 0.00000 6.839 1499.5 12.0 0.0000 1.7564 215.68 0.0908 0.0003 0.0015
0.0000 -34.8825 0.4922 0.1822 0.3256 0.00000 6.752 1499.8 12.0 0.0000 0.4497 55.44 0.0628 0.0001 0.0018
2.8125 -34.8825 0.4693 0.1988 0.3319 0.00000 6.731 1500.0 12.0 0.0000 0.4132 51.69 0.0628 0.0000 0.0002
5.6250 -34.8825 0.3106 0.2934 0.3960 0.00000 7.261 1500.0 12.0 0.0000 0.2701 37.57 0.0628 0.0000 0.0000
8.4375 -34.8825 0.3765 0.2762 0.3473 0.00000 7.879 1500.0 12.0 0.0000 0.1195 15.74 0.0628 0.0000 0.0000
11.2500 -34.8825 0.3451 0.2971 0.3578 0.00000 7.952 1500.0 12.0 0.0000 0.0851 11.43 0.0628 0.0000 0.0000
14.0625 -34.8825 0.4600 0.2260 0.3140 0.00000 7.222 1500.0 12.0 0.0000 0.0782 10.00 0.0628 0.0000 0.0000
16.8750 -34.8825 0.3885 0.2699 0.3416 0.00000 8.019 1500.0 12.0 0.0000 0.1811 23.65 0.0628 0.0000 0.0000
19.6875 -34.8825 0.3896 0.2677 0.3427 0.00000 8.018 1500.0 12.0 0.0000 0.2434 31.79 0.0628 0.0000 0.0000
22.5000 -34.8825 0.5156 0.1961 0.2882 0.00000 7.077 1500.0 12.0 0.0000 0.2892 34.49 0.0628 0.0000 0.0000
25.3125 -34.8825 0.6191 0.1424 0.2385 0.00000 6.987 1500.0 12.0 0.0000 0.7077 77.53 0.0628 0.0000 0.0000
28.1250 -34.8825 0.5613 0.1552 0.2836 0.00000 6.973 1499.6 12.0 0.0000 1.0171 118.24 0.0628 0.0003 0.0036
30.9375 -34.8825 0.4708 0.1970 0.3322 0.00000 6.975 1499.2 12.0 0.0000 0.5597 70.05 0.0628 0.0005 0.0070
47.8125 -34.8825 0.4194 0.2428 0.3378 0.00000 7.362 1500.0 12.0 0.0000 0.1364 17.52 0.0628 0.0000 0.0000
50.6250 -34.8825 0.3771 0.2452 0.3778 0.00000 6.876 1500.0 12.0 0.0000 0.4886 65.38 0.0628 0.0000 0.0000
53.4375 -34.8825 0.3212 0.3072 0.3715 0.00000 8.295 1500.0 12.0 0.0000 0.7409 101.31 0.1071 0.0000 0.0000
56.2500 -34.8825 0.3214 0.3262 0.3524 0.00000 8.597 1500.0 12.0 0.0000 0.6011 81.38 0.1262 0.0000 0.0000
59.0625 -34.8825 0.3972 0.2732 0.3295 0.00000 7.802 1500.0 12.0 0.0000 0.6688 86.43 0.1246 0.0000 0.0000
61.8750 -34.8825 0.4430 0.2388 0.3182 0.00000 7.161 1500.0 12.0 0.0000 0.6223 78.22 0.1193 0.0000 0.0000
64.6875 -34.8825 0.3626 0.2760 0.3615 0.00000 7.614 1500.0 12.0 0.0000 0.5485 73.25 0.0683 0.0000 0.0000
67.5000 -34.8825 0.3534 0.2670 0.3796 0.00000 7.446 1499.9 12.0 0.0000 0.5159 69.85 0.0628 0.0001 0.0009
70.3125 -34.8825 0.3902 0.2511 0.3587 0.00000 7.441 1499.6 12.0 0.0000 0.6072 80.02 0.0628 0.0003 0.0039
73.1250 -34.8825 0.3374 0.3023 0.3603 0.00000 7.324 1499.5 12.0 0.0000 3.0843 416.59 0.2258 0.0003 0.0005
75.9375 -34.8825 0.2886 0.3333 0.3781 0.00000 7.424 1500.0 12.0 0.0000 2.8383 394.95 0.2572 0.0000 0.0000
78.7500 -34.8825 0.2316 0.3934 0.3751 0.00000 8.103 1500.0 12.0 0.0000 1.4219 202.42 0.3719 0.0000 0.0000
81.5625 -34.8825 0.3153 0.3455 0.3393 0.00000 6.774 1495.2 12.0 0.0000 1.6445 223.31 0.4525 0.0032 0.0039
84.3750 -34.8825 0.3319 0.3551 0.3129 0.00000 6.866 1495.8 12.0 0.0000 0.8627 114.59 0.5188 0.0028 0.0032
87.1875 -34.8825 0.3545 0.3367 0.3087 0.00000 6.749 1499.9 12.0 0.0000 0.7512 97.92 0.4884 0.0001 0.0001
90.0000 -34.8825 0.2679 0.4191 0.3129 0.00000 6.877 1500.0 12.0 0.0000 0.6717 91.23 0.3657 0.0000 0.0000
-151.8750 -34.8825 0.5205 0.1563 0.3209 0.00000 7.400 1500.0 12.0 0.0000 0.1949 23.57 0.0628 0.0000 0.0000
-149.0625 -34.8825 0.4834 0.2019 0.3144 0.00000 7.438 1500.0 12.0 0.0000 0.1986 24.42 0.0628 0.0000 0.0000
-146.2500 -34.8825 0.3340 0.2766 0.3895 0.00000 7.719 1500.0 12.0 0.0000 0.3236 44.41 0.0628 0.0000 0.0000
-143.4375 -34.8825 0.3671 0.2736 0.3593 0.00000 7.739 1500.0 12.0 0.0000 0.3332 44.36 0.0720 0.0000 0.0000
-140.6250 -34.8825 0.3806 0.2661 0.3533 0.00000 8.283 1500.0 12.0 0.0000 0.7288 96.12 0.0816 0.0000 0.0000
-137.8125 -34.8825 0.4078 0.2192 0.3730 0.00000 8.164 1500.0 12.0 0.0000 0.5690 74.91 0.0628 0.0000 0.0001
-135.0000 -34.8825 0.5568 0.1097 0.3298 0.00000 7.348 1500.0 12.0 0.0000 0.8783 104.70 0.0628 0.0000 0.0000
-129.3750 -34.8825 0.4941 0.1307 0.3752 0.00000 7.831 1500.0 12.0 0.0000 1.3201 167.14 0.0768 0.0000 0.0000
-47.8125 -34.8825 0.4566 0.2236 0.3197 0.00000 6.989 1500.0 12.0 0.0000 0.4712 58.89 0.0987 0.0000 0.0001
-45.0000 -34.8825 0.4362 0.2251 0.3388 0.00000 7.220 1499.7 12.0 0.0000 0.6487 82.78 0.1040 0.0002 0.0008
-42.1875 -34.8825 0.3907 0.2776 0.3316 0.00000 7.869 1500.0 12.0 0.0000 1.0094 130.99 0.1580 0.0000 0.0000
-39.3750 -34.8825 0.4636 0.2327 0.3038 0.00000 7.734 1500.0 12.0 0.0000 0.6799 83.94 0.1000 0.0000 0.0000
-36.5625 -34.8825 0.3381 0.2756 0.3864 0.00000 7.294 1500.0 12.0 0.0000 0.3764 51.48 0.0628 0.0000 0.0000
-33.7500 -34.8825 0.4431 0.2238 0.3331 0.00000 7.317 1500.0 12.0 0.0000 0.2578 32.67 0.0628 0.0000 0.0000
-30.9375 -34.8825 0.4040 0.2511 0.3449 0.00000 7.243 1500.0 12.0 0.0000 0.1155 15.00 0.0628 0.0000 0.0000
-19.6875 -34.8825 0.5981 0.1676 0.2342 0.00000 6.521 1499.9 12.0 0.0000 3.7436 413.78 0.2174 0.0001 0.0001
-16.8750 -34.8825 0.6207 0.1451 0.2343 0.00000 6.894 1500.0 12.0 0.0000 2.8777 314.12 0.1119 0.0000 0.0000
-14.0625 -34.8825 0.4764 0.2251 0.2985 0.00000 7.673 1500.0 12.0 0.0000 2.3086 282.38 0.1015 0.0000 0.0000
-11.2500 -34.8825 0.3878 0.2756 0.3366 0.00000 7.967 1500.0 12.0 0.0000 2.0326 264.83 0.1062 0.0000 0.0000
-8.4375 -34.8825 0.4343 0.2500 0.3157 0.00000 7.780 1500.0 12.0 0.0000 2.2155 279.24 0.1034 0.0000 0.0000
-5.6250 -34.8825 0.3457 0.3257 0.3286 0.00000 8.759 1500.0 12.0 0.0000 2.3748 314.09 0.1054 0.0000 0.0000
-2.8125 -34.8825 0.5022 0.1904 0.3074 0.00000 6.837 1499.6 12.0 0.0000 3.5272 428.42 0.1008 0.0003 0.0010
0.0000 -37.6731 0.6123 0.1446 0.2430 0.00000 6.851 1500.0 12.0 0.0000 3.0090 331.81 0.0737 0.0000 0.0000
2.8125 -37.6731 0.4236 0.2382 0.3382 0.00000 7.143 1500.0 12.0 0.0000 0.6936 88.96 0.0628 0.0000 0.0000
5.6250 -37.6731 0.4202 0.2494 0.3304 0.00000 7.640 1500.0 12.0 0.0000 0.2160 27.63 0.0628 0.0000 0.0000
8.4375 -37.6731 0.4730 0.2257 0.3013 0.00000 7.341 1500.0 12.0 0.0000 0.1269 15.58 0.0628 0.0000 0.0000
11.2500 -37.6731 0.3617 0.2829 0.3554 0.00000 8.092 1500.0 12.0 0.0000 0.1346 17.92 0.0635 0.0000 0.0000
14.0625 -37.6731 0.4523 0.2298 0.3179 0.00000 7.237 1500.0 12.0 0.0000 0.2589 32.39 0.0628 0.0000 0.0000
16.8750 -37.6731 0.4465 0.2363 0.3172 0.00000 7.439 1500.0 12.0 0.0000 0.3502 43.92 0.0628 0.0000 0.0000
19.6875 -37.6731 0.5742 0.1631 0.2627 0.00000 6.981 1500.0 12.0 0.0000 0.4184 47.67 0.0628 0.0000 0.0000
22.5000 -37.6731 0.6559 0.1171 0.2270 0.00000 6.532 1500.0 12.0 0.0000 0.6700 71.38 0.0628 0.0000 0.0000
25.3125 -37.6731 0.5535 0.1753 0.2713 0.00000 7.106 1499.9 12.0 0.0000 0.8434 97.66 0.0628 0.0000 0.0005
28.1250 -37.6731 0.5821 0.1095 0.3084 0.00000 6.461 1497.0 12.0 0.0000 1.0606 124.37 0.0661 0.0020 0.0215
47.8125 -37.6731 0.4413 0.2250 0.3337 0.00000 6.773 1500.0 12.0 0.0000 0.1526 19.37 0.0628 0.0000 0.0000
50.6250 -37.6731 0.4003 0.2463 0.3534 0.00000 7.673 1500.0 12.0 0.0000 0.5218 68.22 0.0628 0.0000 0.0003
53.4375 -37.6731 0.2834 0.3137 0.4030 0.00000 7.906 1500.0 12.0 0.0000 0.5424 76.60 0.0628 0.0000 0.0000
56.2500 -37.6731 0.2891 0.3150 0.3959 0.00000 8.259 1500.0 12.0 0.0000 0.4520 63.44 0.0628 0.0000 0.0000
59.0625 -37.6731 0.3532 0.2817 0.3651 0.00000 8.033 1500.0 12.0 0.0000 0.3879 52.12 0.0628 0.0000 0.0000
61.8750 -37.6731 0.3358 0.2761 0.3881 0.00000 7.447 1500.0 12.0 0.0000 0.4454 61.03 0.0628 0.0000 0.0002
64.6875 -37.6731 0.3185 0.2821 0.3994 0.00000 7.251 1500.0 12.0 0.0000 0.5947 82.58 0.0628 0.0000 0.0000
67.5000 -37.6731 0.4845 0.1997 0.3158 0.00000 7.163 1500.0 12.0 0.0000 0.7806 96.04 0.0628 0.0000 0.0000
70.3125 -37.6731 0.3761 0.3096 0.3143 0.00000 6.469 1500.0 12.0 0.0000 1.9041 246.45 0.4007 0.0000 0.0000
75.9375 -37.6731 0.3541 0.3469 0.2990 0.00000 6.547 1500.0 12.0 0.0000 1.5090 195.70 0.5140 0.0000 0.0000
78.7500 -37.6731 0.4080 0.2990 0.2930 0.00000 6.551 1500.0 12.0 0.0000 1.9922 251.07 0.4311 0.0000 0.0000
81.5625 -37.6731 0.4119 0.2935 0.2946 0.00000 6.210 1499.7 12.0 0.0000 1.1819 148.88 0.4343 0.0002 0.0002
84.3750 -37.6731 0.3316 0.3361 0.3319 0.00000 7.313 1500.0 12.0 0.0000 0.6581 87.71 0.3930 0.0000 0.0000
87.1875 -37.6731 0.3798 0.2850 0.3346 0.00000 7.357 1500.0 12.0 0.0000 0.7023 91.69 0.2363 0.0000 0.0000
-154.6875 -37.6731 0.5169 0.1443 0.3331 0.00000 7.389 1500.0 12.0 0.0000 0.1831 22.26 0.0628 0.0000 0.0000
-151.8750 -37.6731 0.4831 0.1948 0.3209 0.00000 7.170 1500.0 12.0 0.0000 0.1556 19.19 0.0628 0.0000 0.0000
-149.0625 -37.6731 0.4368 0.2338 0.3293 0.00000 8.055 1500.0 12.0 0.0000 0.1627 20.64 0.0628 0.0000 0.0000
-146.2500 -37.6731 0.3509 0.2540 0.3951 0.00000 8.086 1500.0 12.0 0.0000 0.6140 83.88 0.0757 0.0000 0.0000
-143.4375 -37.6731 0.4112 0.2121 0.3767 0.00000 8.237 1500.0 12.0 0.0000 1.1430 150.53 0.0779 0.0000 0.0000
-140.6250 -37.6731 0.3993 0.2201 0.3806 0.00000 8.511 1500.0 12.0 0.0000 1.8707 248.22 0.0837 0.0000 0.0000
-137.8125 -37.6731 0.4322 0.2178 0.3500 0.00000 7.859 1500.0 12.0 0.0000 1.1639 149.65 0.0675 0.0000 0.0000
-45.0000 -37.6731 0.4944 0.2079 0.2977 0.00000 6.825 1498.9 12.0 0.0000 1.2225 148.41 0.1638 0.0007 0.0016
-42.1875 -37.6731 0.3285 0.3044 0.3671 0.00000 7.798 1499.8 12.0 0.0000 0.9221 125.42 0.1502 0.0001 0.0003
-39.3750 -37.6731 0.5469 0.1872 0.2660 0.00000 7.359 1500.0 12.0 0.0000 0.7756 89.82 0.0996 0.0000 0.0000
-36.5625 -37.6731 0.4680 0.2211 0.3109 0.00000 7.651 1500.0 12.0 0.0000 0.3082 38.11 0.0628 0.0000 0.0000
-33.7500 -37.6731 0.2960 0.3002 0.4038 0.00000 7.571 1500.0 12.0 0.0000 0.4052 56.93 0.0628 0.0000 0.0000
-30.9375 -37.6731 0.4802 0.2018 0.3180 0.00000 7.128 1500.0 12.0 0.0000 0.2229 27.52 0.0628 0.0000 0.0000
-22.5000 -37.6731 0.5580 0.1430 0.2991 0.00000 6.430 1491.4 12.0 0.0000 3.8765 461.97 0.1675 0.0057 0.0125
-19.6875 -37.6731 0.5275 0.1671 0.3054 0.00000 6.537 1493.9 12.0 0.0000 3.8241 462.49 0.1693 0.0040 0.0087
-16.8750 -37.6731 0.4082 0.2616 0.3302 0.00000 7.698 1498.4 12.0 0.0000 2.8323 365.18 0.1462 0.0011 0.0026
-14.0625 -37.6731 0.5193 0.1939 0.2868 0.00000 7.296 1499.6 12.0 0.0000 2.4906 296.35 0.0994 0.0002 0.0010
-11.2500 -37.6731 0.5449 0.1821 0.2730 0.00000 7.454 1500.0 12.0 0.0000 1.1764 136.95 0.0628 0.0000 0.0000
-8.4375 -37.6731 0.4511 0.2337 0.3152 0.00000 7.540 1500.0 12.0 0.0000 1.0488 131.10 0.0628 0.0000 0.0000
-5.6250 -37.6731 0.3166 0.3232 0.3602 0.00000 8.801 1500.0 12.0 0.0000 2.0898 284.68 0.0651 0.0000 0.0000
-2.8125 -37.6731 0.4688 0.2256 0.3056 0.00000 7.604 1500.0 12.0 0.0000 2.7037 333.28 0.0820 0.0000 0.0000
0.0000 -40.4636 0.3957 0.2684 0.3359 0.00000 8.021 1500.0 12.0 0.0000 0.6460 83.84 0.0628 0.0000 0.0000
2.8125 -40.4636 0.3396 0.3053 0.3552 0.00000 8.579 1500.0 12.0 0.0000 1.0989 147.79 0.0628 0.0000 0.0000
5.6250 -40.4636 0.3770 0.2791 0.3438 0.00000 8.144 1500.0 12.0 0.0000 0.4889 64.27 0.0628 0.0000 0.0000
8.4375 -40.4636 0.2683 0.3631 0.3685 0.00000 9.229 1500.0 12.0 0.0000 0.4717 65.89 0.0696 0.0000 0.0000
11.2500 -40.4636 0.2694 0.3487 0.3819 0.00000 9.237 1500.0 12.0 0.0000 0.9397 132.09 0.0799 0.0000 0.0000
14.0625 -40.4636 0.4596 0.2266 0.3138 0.00000 7.178 1500.0 12.0 0.0000 0.5744 71.45 0.0747 0.0000 0.0000
16.8750 -40.4636 0.5383 0.1836 0.2781 0.00000 7.140 1500.0 12.0 0.0000 0.5241 61.41 0.0628 0.0000 0.0000
19.6875 -40.4636 0.4257 0.2507 0.3236 0.00000 8.380 1500.0 12.0 0.0000 0.3761 47.81 0.0628 0.0000 0.0000
22.5000 -40.4636 0.5759 0.1404 0.2837 0.00000 6.781 1499.4 12.0 0.0000 1.0095 116.51 0.0628 0.0004 0.0050
25.3125 -40.4636 0.4346 0.2210 0.3444 0.00000 7.195 1499.5 12.0 0.0000 0.4812 61.66 0.0628 0.0003 0.0042
28.1250 -40.4636 0.5194 0.1797 0.3009 0.00000 6.378 1459.3 12.0 0.0000 3.3470 428.59 0.2514 0.0272 0.0436
50.6250 -40.4636 0.5397 0.1648 0.2954 0.00000 6.703 1500.0 12.0 0.0000 0.6316 74.72 0.0628 0.0000 0.0000
53.4375 -40.4636 0.3665 0.2680 0.3655 0.00000 7.740 1500.0 12.0 0.0000 1.3529 180.75 0.0628 0.0000 0.0000
56.2500 -40.4636 0.2809 0.3091 0.4100 0.00000 7.658 1500.0 12.0 0.0000 0.4736 67.18 0.0628 0.0000 0.0000
59.0625 -40.4636 0.2659 0.3334 0.4007 0.00000 8.406 1500.0 12.0 0.0000 0.2764 39.28 0.0628 0.0000 0.0000
61.8750 -40.4636 0.4473 0.2240 0.3286 0.00000 7.459 1499.9 12.0 0.0000 0.4771 60.20 0.0628 0.0001 0.0008
64.6875 -40.4636 0.4493 0.2331 0.3175 0.00000 6.975 1500.0 12.0 0.0000 1.3572 169.98 0.1420 0.0000 0.0000
67.5000 -40.4636 0.4134 0.2814 0.3052 0.00000 7.091 1500.0 12.0 0.0000 1.5121 191.36 0.2962 0.0000 0.0000
-168.7500 -40.4636 0.4372 0.2264 0.3288 0.00000 7.401 1500.0 12.0 0.0000 0.9921 124.82 0.0628 0.0000 0.0000
-154.6875 -40.4636 0.4966 0.1626 0.3324 0.00000 7.518 1500.0 12.0 0.0000 0.8763 107.24 0.1778 0.0000 0.0000
-151.8750 -40.4636 0.4975 0.1961 0.3064 0.00000 7.386 1500.0 12.0 0.0000 0.2030 24.69 0.0628 0.0000 0.0000
-149.0625 -40.4636 0.4153 0.2340 0.3507 0.00000 7.330 1500.0 12.0 0.0000 0.2930 37.99 0.0628 0.0000 0.0000
-146.2500 -40.4636 0.4010 0.2044 0.3946 0.00000 7.589 1500.0 12.0 0.0000 0.4009 53.55 0.0636 0.0000 0.0000
-143.4375 -40.4636 0.4284 0.1896 0.3819 0.00000 8.324 1500.0 12.0 0.0000 0.5977 78.32 0.0742 0.0000 0.0000
-140.6250 -40.4636 0.4117 0.2068 0.3815 0.00000 7.749 1500.0 12.0 0.0000 0.8903 117.52 0.0726 0.0000 0.0000
-137.8125 -40.4636 0.4941 0.1727 0.3332 0.00000 6.728 1500.0 12.0 0.0000 1.7267 213.54 0.0709 0.0000 0.0000
-135.0000 -40.4636 0.5236 0.1036 0.3729 0.00000 7.583 1500.0 12.0 0.0000 3.0461 379.81 0.1039 0.0000 0.0000
-42.1875 -40.4636 0.4256 0.2401 0.3343 0.00000 7.301 1494.7 12.0 0.0000 1.4166 182.62 0.1550 0.0035 0.0082
-39.3750 -40.4636 0.3858 0.2647 0.3495 0.00000 7.372 1498.4 12.0 0.0000 1.4583 191.95 0.1350 0.0010 0.0028
-36.5625 -40.4636 0.4592 0.2212 0.3196 0.00000 7.683 1499.8 12.0 0.0000 0.7326 91.47 0.0718 0.0001 0.0010
-33.7500 -40.4636 0.3831 0.2580 0.3588 0.00000 7.586 1499.9 12.0 0.0000 0.4615 60.99 0.0628 0.0001 0.0008
-30.9375 -40.4636 0.3940 0.2358 0.3702 0.00000 7.038 1499.9 12.0 0.0000 0.5378 71.15 0.0628 0.0001 0.0013
-16.8750 -40.4636 0.4555 0.2198 0.3247 0.00000 6.965 1498.9 12.0 0.0000 2.2040 276.85 0.1104 0.0007 0.0025
-14.0625 -40.4636 0.5070 0.1807 0.3123 0.00000 7.232 1498.9 12.0 0.0000 1.7113 208.19 0.0745 0.0007 0.0053
-11.2500 -40.4636 0.6561 0.1189 0.2250 0.00000 6.707 1500.0 12.0 0.0000 2.7281 290.24 0.0693 0.0000 0.0000
-8.4375 -40.4636 0.6196 0.1375 0.2429 0.00000 6.739 1500.0 12.0 0.0000 1.3722 150.70 0.0628 0.0000 0.0000
-2.8125 -40.4636 0.4959 0.2043 0.2998 0.00000 6.855 1500.0 12.0 0.0000 0.6239 75.64 0.0628 0.0000 0.0000
0.0000 -43.2542 0.4746 0.2308 0.2945 0.00000 7.359 1500.0 12.0 0.0000 1.0203 124.62 0.0699 0.0000 0.0000
2.8125 -43.2542 0.3784 0.2838 0.3379 0.00000 8.051 1500.0 12.0 0.0000 1.7125 224.25 0.0792 0.0000 0.0000
5.6250 -43.2542 0.3605 0.2896 0.3500 0.00000 8.294 1500.0 12.0 0.0000 2.7555 366.12 0.0957 0.0000 0.0000
8.4375 -43.2542 0.2864 0.3367 0.3768 0.00000 9.098 1500.0 12.0 0.0000 3.2794 456.47 0.0929 0.0000 0.0000
11.2500 -43.2542 0.2711 0.3442 0.3848 0.00000 9.283 1500.0 12.0 0.0000 1.7471 245.77 0.0895 0.0000 0.0000
14.0625 -43.2542 0.3567 0.2902 0.3531 0.00000 8.349 1500.0 12.0 0.0000 0.9004 120.04 0.0869 0.0000 0.0000
16.8750 -43.2542 0.5727 0.1681 0.2591 0.00000 7.182 1500.0 12.0 0.0000 1.7652 200.84 0.0844 0.0000 0.0000
19.6875 -43.2542 0.6100 0.1348 0.2551 0.00000 6.572 1499.6 12.0 0.0000 0.9820 109.33 0.0731 0.0003 0.0021
22.5000 -43.2542 0.5184 0.1573 0.3242 0.00000 6.554 1498.3 12.0 0.0000 0.6419 78.27 0.0697 0.0012 0.0103
25.3125 -43.2542 0.4855 0.2001 0.3143 0.00000 7.295 1499.9 12.0 0.0000 0.3995 49.10 0.0628 0.0001 0.0009
53.4375 -43.2542 0.4128 0.2799 0.3072 0.00000 6.962 1499.7 12.0 0.0000 1.6558 209.96 0.3038 0.0002 0.0003
56.2500 -43.2542 0.3163 0.3183 0.3654 0.00000 6.938 1500.0 12.0 0.0000 1.8015 246.08 0.2712 0.0000 0.0000
59.0625 -43.2542 0.3699 0.2963 0.3337 0.00000 7.477 1500.0 12.0 0.0000 1.0383 136.19 0.2318 0.0000 0.0000
61.8750 -43.2542 0.3859 0.2783 0.3357 0.00000 6.895 1500.0 12.0 0.0000 0.9990 130.19 0.2055 0.0000 0.0000
-154.6875 -43.2542 0.3834 0.3084 0.3050 0.00000 6.124 1500.0 12.0 0.0000 0.9370 119.88 0.5250 0.0000 0.0000
-151.8750 -43.2542 0.5141 0.2110 0.2749 0.00000 6.981 1500.0 12.0 0.0000 1.3824 163.67 0.2304 0.0000 0.0000
-149.0625 -43.2542 0.4806 0.1892 0.3298 0.00000 7.420 1500.0 12.0 0.0000 0.2870 35.64 0.0628 0.0000 0.0000
-146.2500 -43.2542 0.5222 0.1430 0.3325 0.00000 7.638 1500.0 12.0 0.0000 0.4057 49.36 0.0628 0.0000 0.0000
-143.4375 -43.2542 0.4662 0.1865 0.3444 0.00000 7.805 1500.0 12.0 0.0000 0.2991 37.61 0.0642 0.0000 0.0000
-140.6250 -43.2542 0.5680 0.1289 0.3028 0.00000 7.113 1500.0 12.0 0.0000 1.2856 150.53 0.0830 0.0000 0.0000
-137.8125 -43.2542 0.4746 0.1678 0.3577 0.00000 7.854 1500.0 12.0 0.0000 1.3629 172.49 0.0978 0.0000 0.0000
-42.1875 -43.2542 0.4721 0.2446 0.2832 0.00000 6.452 1486.1 12.0 0.0000 1.4409 179.07 0.3331 0.0093 0.0128
-39.3750 -43.2542 0.4081 0.2534 0.3385 0.00000 7.249 1494.1 12.0 0.0000 1.3052 170.19 0.1365 0.0040 0.0105
-36.5625 -43.2542 0.4617 0.2087 0.3296 0.00000 7.151 1495.3 12.0 0.0000 2.4219 305.90 0.1265 0.0031 0.0090
-33.7500 -43.2542 0.4506 0.2151 0.3343 0.00000 6.973 1499.7 12.0 0.0000 0.5996 75.79 0.0689 0.0002 0.0016
-30.9375 -43.2542 0.4645 0.2092 0.3263 0.00000 6.996 1499.9 12.0 0.0000 0.3920 49.00 0.0628 0.0001 0.0011
-28.1250 -43.2542 0.4454 0.2238 0.3292 0.00000 6.929 1500.0 12.0 0.0000 0.2749 34.66 0.0628 0.0000 0.0000
-14.0625 -43.2542 0.4614 0.2127 0.3259 0.00000 7.242 1497.4 12.0 0.0000 1.9585 246.10 0.0967 0.0018 0.0075
-11.2500 -43.2542 0.5109 0.1795 0.3097 0.00000 7.250 1495.5 12.0 0.0000 1.8395 224.29 0.0966 0.0030 0.0129
-8.4375 -43.2542 0.6248 0.1209 0.2543 0.00000 6.506 1499.5 12.0 0.0000 0.8899 98.26 0.0628 0.0003 0.0043
0.0000 -46.0447 0.5215 0.1973 0.2812 0.00000 7.521 1500.0 12.0 0.0000 1.8104 214.33 0.0805 0.0000 0.0000
2.8125 -46.0447 0.3373 0.3051 0.3575 0.00000 8.540 1500.0 12.0 0.0000 2.1888 295.02 0.1044 0.0000 0.0000
5.6250 -46.0447 0.3462 0.2990 0.3548 0.00000 8.416 1500.0 12.0 0.0000 3.2069 429.92 0.1024 0.0000 0.0000
8.4375 -46.0447 0.4376 0.2453 0.3171 0.00000 7.372 1500.0 12.0 0.0000 3.4167 430.31 0.1051 0.0000 0.0000
11.2500 -46.0447 0.3934 0.2684 0.3382 0.00000 7.920 1500.0 12.0 0.0000 2.0817 270.77 0.0874 0.0000 0.0000
14.0625 -46.0447 0.3973 0.2711 0.3316 0.00000 8.161 1500.0 12.0 0.0000 0.9568 123.78 0.0742 0.0000 0.0000
16.8750 -46.0447 0.5377 0.1882 0.2740 0.00000 7.507 1500.0 12.0 0.0000 0.7575 88.56 0.0628 0.0000 0.0000
19.6875 -46.0447 0.5628 0.1700 0.2672 0.00000 7.213 1500.0 12.0 0.0000 0.5171 59.43 0.0628 0.0000 0.0001
22.5000 -46.0447 0.5866 0.1019 0.3115 0.00000 6.449 1498.6 12.0 0.0000 0.8731 102.06 0.0628 0.0010 0.0127
53.4375 -46.0447 0.4151 0.2678 0.3170 0.00000 6.620 1500.0 12.0 0.0000 1.4952 190.29 0.2383 0.0000 0.0000
56.2500 -46.0447 0.5046 0.2141 0.2813 0.00000 6.478 1500.0 12.0 0.0000 1.9014 227.05 0.2352 0.0000 0.0000
59.0625 -46.0447 0.4547 0.2464 0.2989 0.00000 6.703 1500.0 12.0 0.0000 1.9731 243.93 0.2401 0.0000 0.0000
-157.5000 -46.0447 0.3902 0.2958 0.3099 0.00000 6.550 1500.0 12.0 0.0000 1.6071 205.31 0.6199 0.0000 0.0000
-154.6875 -46.0447 0.4293 0.2881 0.2779 0.00000 6.084 1500.0 12.0 0.0000 1.1660 143.52 0.5765 0.0000 0.0000
-151.8750 -46.0447 0.4511 0.2585 0.2852 0.00000 6.689 1500.0 12.0 0.0000 1.2880 157.41 0.4587 0.0000 0.0000
-149.0625 -46.0447 0.4531 0.2177 0.3204 0.00000 7.401 1500.0 12.0 0.0000 1.4294 177.38 0.3120 0.0000 0.0000
-146.2500 -46.0447 0.4863 0.1592 0.3469 0.00000 8.065 1500.0 12.0 0.0000 0.4217 52.33 0.0628 0.0000 0.0000
-132.1875 -46.0447 0.0497 0.6724 0.2779 0.00000 6.482 1500.0 12.0 0.0000 4.1139 602.57 0.3307 0.0000 0.0000
-39.3750 -46.0447 0.4257 0.2827 0.2916 0.00000 6.427 1494.9 12.0 0.0000 1.1735 147.71 0.4161 0.0034 0.0042
-36.5625 -46.0447 0.5185 0.1726 0.3089 0.00000 6.878 1499.0 12.0 0.0000 0.4129 49.84 0.0628 0.0007 0.0091
-2.8125 -46.0447 0.6238 0.1203 0.2559 0.00000 6.576 1498.8 12.0 0.0000 1.2475 138.13 0.0628 0.0008 0.0109
0.0000 -48.8352 0.2870 0.3824 0.3306 0.00000 8.389 1500.0 12.0 0.0000 3.5197 478.42 0.4208 0.0000 0.0000
2.8125 -48.8352 0.3521 0.3361 0.3118 0.00000 7.925 1500.0 12.0 0.0000 3.4299 448.29 0.3781 0.0000 0.0000
5.6250 -48.8352 0.5411 0.2111 0.2478 0.00000 6.264 1500.0 12.0 0.0000 3.4195 392.83 0.3200 0.0000 0.0000
8.4375 -48.8352 0.4837 0.2335 0.2828 0.00000 6.463 1500.0 12.0 0.0000 2.3020 278.03 0.2769 0.0000 0.0000
11.2500 -48.8352 0.4715 0.2360 0.2925 0.00000 6.566 1500.0 12.0 0.0000 1.7522 214.09 0.2434 0.0000 0.0000
14.0625 -48.8352 0.3737 0.2973 0.3290 0.00000 7.748 1500.0 12.0 0.0000 1.9887 259.73 0.2187 0.0000 0.0000
16.8750 -48.8352 0.4456 0.2488 0.3056 0.00000 7.519 1500.0 12.0 0.0000 2.6732 333.22 0.1520 0.0000 0.0000
19.6875 -48.8352 0.4466 0.2279 0.3255 0.00000 7.485 1499.8 12.0 0.0000 0.4782 60.27 0.0628 0.0001 0.0019
22.5000 -48.8352 0.5677 0.1162 0.3161 0.00000 6.626 1497.4 12.0 0.0000 1.0274 121.84 0.0628 0.0018 0.0234
180.0000 -48.8352 0.4608 0.2192 0.3105 0.00000 6.985 1500.0 12.0 0.0000 3.0365 373.03 0.3509 0.0000 0.0000
-177.1875 -48.8352 0.3524 0.3417 0.2985 0.00000 6.743 1500.0 12.0 0.0000 4.1461 533.98 0.4000 0.0000 0.0000
-154.6875 -48.8352 0.4352 0.2550 0.2998 0.00000 6.768 1500.0 12.0 0.0000 1.9790 244.55 0.4993 0.0000 0.0000
-151.8750 -48.8352 0.4446 0.2428 0.3026 0.00000 6.826 1500.0 12.0 0.0000 1.6534 203.71 0.4652 0.0000 0.0000
-149.0625 -48.8352 0.4588 0.2244 0.3068 0.00000 6.940 1500.0 12.0 0.0000 1.7399 213.40 0.4145 0.0000 0.0000
-90.0000 -48.8352 0.4342 0.2848 0.2810 0.00000 5.582 1462.5 12.0 0.0000 0.4299 56.37 0.4641 0.0250 0.0299
-87.1875 -48.8352 0.4623 0.2592 0.2785 0.00000 6.094 1445.1 12.0 0.0000 0.4292 56.98 0.4121 0.0366 0.0458
-84.3750 -48.8352 0.4040 0.2892 0.3068 0.00000 6.500 1484.8 12.0 0.0000 0.3308 43.10 0.3671 0.0102 0.0134
-81.5625 -48.8352 0.4031 0.2826 0.3143 0.00000 6.079 1500.0 12.0 0.0000 0.4153 53.08 0.3548 0.0000 0.0000
-36.5625 -48.8352 0.3908 0.2717 0.3335 0.00000 7.614 1471.2 12.0 0.0000 1.8732 253.12 0.2754 0.0192 0.0292
-8.4375 -48.8352 0.4050 0.2979 0.2970 0.00000 6.144 1475.2 12.0 0.0000 1.6980 223.20 0.4299 0.0165 0.0203
-5.6250 -48.8352 0.4428 0.2667 0.2905 0.00000 5.872 1354.2 12.0 0.0000 2.1532 329.32 0.4733 0.0972 0.1154
-2.8125 -48.8352 0.5056 0.2531 0.2413 0.00000 6.414 1475.0 12.0 0.0000 3.7256 452.85 0.4543 0.0167 0.0201
0.0000 -51.6257 0.3795 0.3310 0.2895 0.00000 7.312 1494.2 12.0 0.0000 4.0480 520.76 0.4729 0.0038 0.0046
2.8125 -51.6257 0.4441 0.2922 0.2637 0.00000 6.702 1489.4 12.0 0.0000 4.6062 570.91 0.4799 0.0071 0.0084
5.6250 -51.6257 0.4553 0.2877 0.2570 0.00000 6.614 1500.0 12.0 0.0000 2.3910 288.53 0.4833 0.0000 0.0000
8.4375 -51.6257 0.5690 0.2214 0.2095 0.00000 5.762 1500.0 12.0 0.0000 2.7030 298.74 0.4762 0.0000 0.0000
11.2500 -51.6257 0.3808 0.3297 0.2895 0.00000 7.212 1500.0 12.0 0.0000 1.5241 194.19 0.4660 0.0000 0.0000
14.0625 -51.6257 0.4243 0.3033 0.2725 0.00000 7.137 1500.0 12.0 0.0000 2.0700 255.88 0.4340 0.0000 0.0000
16.8750 -51.6257 0.4143 0.3017 0.2840 0.00000 7.336 1499.1 12.0 0.0000 2.8575 357.80 0.3920 0.0006 0.0008
19.6875 -51.6257 0.4850 0.2285 0.2865 0.00000 6.442 1468.3 12.0 0.0000 3.5595 453.14 0.3241 0.0212 0.0295
143.4375 -51.6257 0.0659 0.6453 0.2888 0.00000 6.675 1500.0 12.0 0.0000 3.2069 469.03 0.3249 0.0000 0.0000
146.2500 -51.6257 0.0610 0.6537 0.2853 0.00000 6.581 1500.0 12.0 0.0000 2.7260 398.85 0.3394 0.0000 0.0000
165.9375 -51.6257 0.4786 0.2400 0.2814 0.00000 5.865 1443.1 12.0 0.0000 1.6316 215.98 0.3868 0.0380 0.0488
168.7500 -51.6257 0.3864 0.2896 0.3241 0.00000 6.049 1482.7 12.0 0.0000 1.7532 233.10 0.3759 0.0115 0.0150
171.5625 -51.6257 0.4008 0.2859 0.3132 0.00000 6.317 1500.0 12.0 0.0000 1.0194 130.35 0.3708 0.0000 0.0000
174.3750 -51.6257 0.4921 0.2279 0.2799 0.00000 5.746 1447.0 12.0 0.0000 1.2153 158.79 0.3799 0.0353 0.0458
177.1875 -51.6257 0.3834 0.2985 0.3171 0.00000 6.278 1495.0 12.0 0.0000 0.7606 98.92 0.3931 0.0033 0.0043
180.0000 -51.6257 0.3789 0.3121 0.3017 0.00000 6.550 1500.0 12.0 0.0000 1.6118 205.39 0.3977 0.0000 0.0000
-177.1875 -51.6257 0.4594 0.2228 0.3083 0.00000 6.756 1500.0 12.0 0.0000 2.2850 280.54 0.3908 0.0000 0.0000
-174.3750 -51.6257 0.4740 0.2063 0.3097 0.00000 6.836 1500.0 12.0 0.0000 2.8668 349.58 0.3809 0.0000 0.0000
-154.6875 -51.6257 0.5127 0.1544 0.3229 0.00000 7.340 1500.0 12.0 0.0000 3.8676 466.21 0.2316 0.0000 0.0000
-151.8750 -51.6257 0.5093 0.1588 0.3219 0.00000 7.318 1500.0 12.0 0.0000 3.3915 409.27 0.2428 0.0000 0.0000
-149.0625 -51.6257 0.5049 0.1645 0.3206 0.00000 7.288 1500.0 12.0 0.0000 3.5710 431.54 0.2573 0.0000 0.0000
-120.9375 -51.6257 0.0395 0.6923 0.2683 0.00000 6.066 1500.0 12.0 0.0000 2.4553 359.48 0.4361 0.0000 0.0000
-98.4375 -51.6257 0.3932 0.3140 0.2928 0.00000 5.660 1496.8 12.0 0.0000 0.6483 82.68 0.4858 0.0022 0.0025
-95.6250 -51.6257 0.3932 0.3082 0.2986 0.00000 5.800 1372.8 12.0 0.0000 0.3119 47.65 0.5240 0.0848 0.0972
-92.8125 -51.6257 0.3900 0.3046 0.3054 0.00000 5.833 1339.4 12.0 0.0000 0.2131 34.12 0.4851 0.1071 0.1260
-90.0000 -51.6257 0.4122 0.2872 0.3006 0.00000 6.216 1398.0 12.0 0.0000 0.1615 23.69 0.4068 0.0680 0.0856
-87.1875 -51.6257 0.2904 0.3528 0.3568 0.00000 6.674 1493.8 12.0 0.0000 0.2098 29.11 0.3555 0.0041 0.0055
-84.3750 -51.6257 0.3821 0.2854 0.3325 0.00000 6.017 1466.1 12.0 0.0000 0.2896 39.71 0.3311 0.0226 0.0312
-81.5625 -51.6257 0.4038 0.2921 0.3041 0.00000 6.453 1495.0 12.0 0.0000 0.2339 29.96 0.3550 0.0033 0.0045
-78.7500 -51.6257 0.3958 0.2907 0.3135 0.00000 5.890 1500.0 12.0 0.0000 0.3319 42.55 0.3816 0.0000 0.0000
-47.8125 -51.6257 0.2744 0.4113 0.3097 0.00000 7.007 1500.0 12.0 0.0000 1.9737 265.70 0.1454 0.0000 0.0000
-39.3750 -51.6257 0.4759 0.1884 0.3271 0.00000 7.465 1480.0 12.0 0.0000 1.5519 197.42 0.2069 0.0133 0.0244
-8.4375 -51.6257 0.4796 0.2330 0.2872 0.00000 5.980 1416.7 12.0 0.0000 1.9041 262.71 0.3952 0.0556 0.0708
-5.6250 -51.6257 0.4417 0.2718 0.2865 0.00000 6.364 1397.5 12.0 0.0000 1.8239 262.75 0.4364 0.0684 0.0836
-2.8125 -51.6257 0.4733 0.2718 0.2549 0.00000 6.231 1497.8 12.0 0.0000 3.6978 443.34 0.4717 0.0015 0.0018
0.0000 -54.4162 0.3754 0.3089 0.3156 0.00000 6.763 1476.6 12.0 0.0000 4.1466 556.65 0.4099 0.0156 0.0196
2.8125 -54.4162 0.3370 0.3334 0.3297 0.00000 7.221 1477.7 12.0 0.0000 3.5567 488.41 0.4049 0.0149 0.0188
5.6250 -54.4162 0.4410 0.2686 0.2905 0.00000 6.364 1448.8 12.0 0.0000 2.3851 319.89 0.4098 0.0341 0.0428
8.4375 -54.4162 0.5725 0.2005 0.2270 0.00000 5.630 1453.7 12.0 0.0000 2.4904 300.86 0.4164 0.0309 0.0385
11.2500 -54.4162 0.4477 0.2745 0.2778 0.00000 6.538 1463.5 12.0 0.0000 1.8316 237.89 0.4067 0.0243 0.0306
14.0625 -54.4162 0.3992 0.2922 0.3085 0.00000 6.811 1463.5 12.0 0.0000 2.5306 341.47 0.3906 0.0243 0.0311
16.8750 -54.4162 0.4138 0.2780 0.3080 0.00000 6.661 1475.8 12.0 0.0000 2.1218 279.12 0.3673 0.0161 0.0212
140.6250 -54.4162 0.0439 0.6746 0.2815 0.00000 6.303 1500.0 12.0 0.0000 2.6692 392.56 0.2681 0.0000 0.0000
143.4375 -54.4162 0.0529 0.6595 0.2876 0.00000 6.498 1500.0 12.0 0.0000 2.4250 356.37 0.2517 0.0000 0.0000
154.6875 -54.4162 0.4922 0.2194 0.2884 0.00000 5.775 1433.2 12.0 0.0000 1.0134 135.83 0.3530 0.0446 0.0597
157.5000 -54.4162 0.4949 0.2266 0.2785 0.00000 5.661 1462.2 12.0 0.0000 0.8122 103.44 0.3684 0.0252 0.0331
160.3125 -54.4162 0.5484 0.2020 0.2496 0.00000 5.638 1466.0 12.0 0.0000 0.6550 79.50 0.3561 0.0227 0.0302
163.1250 -54.4162 0.5554 0.1976 0.2470 0.00000 5.698 1474.7 12.0 0.0000 0.6916 82.32 0.3331 0.0169 0.0232
165.9375 -54.4162 0.4574 0.2585 0.2841 0.00000 6.428 1494.5 12.0 0.0000 0.7467 92.26 0.3170 0.0037 0.0052
168.7500 -54.4162 0.3878 0.2934 0.3187 0.00000 6.510 1500.0 12.0 0.0000 1.5922 205.46 0.3113 0.0000 0.0000
171.5625 -54.4162 0.3743 0.2984 0.3273 0.00000 6.421 1499.2 12.0 0.0000 1.5918 207.91 0.3217 0.0006 0.0008
174.3750 -54.4162 0.3815 0.2941 0.3244 0.00000 6.676 1456.3 12.0 0.0000 1.8413 255.13 0.3398 0.0291 0.0397
177.1875 -54.4162 0.3761 0.3022 0.3217 0.00000 6.462 1492.1 12.0 0.0000 1.2832 168.78 0.3545 0.0053 0.0071
180.0000 -54.4162 0.4105 0.2788 0.3107 0.00000 5.859 1500.0 12.0 0.0000 1.2011 152.68 0.3606 0.0000 0.0000
-165.9375 -54.4162 0.4807 0.1960 0.3133 0.00000 6.873 1500.0 12.0 0.0000 3.7671 458.78 0.3392 0.0000 0.0000
-163.1250 -54.4162 0.4557 0.2083 0.3275 0.00000 7.406 1500.0 12.0 0.0000 3.4552 430.14 0.2772 0.0000 0.0000
-151.8750 -54.4162 0.5658 0.0854 0.3388 0.00000 7.595 1500.0 12.0 0.0000 2.1210 251.25 0.0628 0.0000 0.0000
-137.8125 -54.4162 0.5041 0.1655 0.3203 0.00000 7.221 1500.0 12.0 0.0000 3.4497 416.99 0.2598 0.0000 0.0000
-135.0000 -54.4162 0.5116 0.1479 0.3326 0.00000 7.326 1500.0 12.0 0.0000 4.3675 530.95 0.2153 0.0000 0.0000
-132.1875 -54.4162 0.5233 0.1004 0.3763 0.00000 7.573 1500.0 12.0 0.0000 2.7486 343.42 0.0665 0.0000 0.0000
-98.4375 -54.4162 0.4583 0.2614 0.2803 0.00000 5.600 1470.4 12.0 0.0000 0.3368 43.12 0.4069 0.0198 0.0249
-95.6250 -54.4162 0.3624 0.3005 0.3371 0.00000 5.226 1464.3 12.0 0.0000 0.4012 55.75 0.4220 0.0238 0.0295
-92.8125 -54.4162 0.2760 0.3491 0.3749 0.00000 5.652 1500.0 12.0 0.0000 0.3281 45.84 0.3862 0.0000 0.0000
-90.0000 -54.4162 0.3073 0.3363 0.3564 0.00000 6.224 1500.0 12.0 0.0000 0.2912 39.76 0.3309 0.0000 0.0000
-87.1875 -54.4162 0.2829 0.3215 0.3956 0.00000 5.734 1500.0 12.0 0.0000 0.4925 69.31 0.2755 0.0000 0.0000
-84.3750 -54.4162 0.4752 0.2314 0.2934 0.00000 6.096 1500.0 12.0 0.0000 0.3798 46.35 0.2604 0.0000 0.0000
-81.5625 -54.4162 0.4093 0.2767 0.3137 0.00000 5.897 1500.0 12.0 0.0000 0.1863 23.73 0.2978 0.0000 0.0000
-61.8750 -54.4162 0.0450 0.6705 0.2846 0.00000 6.350 1500.0 12.0 0.0000 0.9802 144.30 0.2308 0.0000 0.0000
-50.6250 -54.4162 0.3408 0.3471 0.3096 0.00000 6.275 1500.0 12.0 0.0000 0.5457 71.43 0.2812 0.0000 0.0000
-47.8125 -54.4162 0.2792 0.4047 0.3149 0.00000 6.555 1500.0 12.0 0.0000 0.3824 51.67 0.2508 0.0000 0.0000
-45.0000 -54.4162 0.3242 0.3551 0.3166 0.00000 6.861 1500.0 12.0 0.0000 0.3937 52.04 0.2276 0.0000 0.0000
-42.1875 -54.4162 0.3827 0.2799 0.3311 0.00000 7.396 1479.5 12.0 0.0000 0.4533 60.51 0.2337 0.0137 0.0230
-39.3750 -54.4162 0.4376 0.2311 0.3242 0.00000 7.077 1493.6 12.0 0.0000 0.5076 64.36 0.2457 0.0043 0.0069
-36.5625 -54.4162 0.4690 0.2046 0.3201 0.00000 6.780 1500.0 12.0 0.0000 0.5458 67.38 0.2483 0.0000 0.0000
5.6250 -57.2066 0.4521 0.2482 0.2997 0.00000 6.418 1496.3 12.0 0.0000 3.6637 456.47 0.2724 0.0025 0.0038
8.4375 -57.2066 0.4508 0.2448 0.3043 0.00000 6.178 1499.3 12.0 0.0000 2.7088 336.93 0.2681 0.0004 0.0007
11.2500 -57.2066 0.4158 0.2620 0.3221 0.00000 6.691 1487.4 12.0 0.0000 2.6760 348.15 0.2770 0.0084 0.0127
14.0625 -57.2066 0.3961 0.2771 0.3257 0.00000 6.812 1497.4 12.0 0.0000 2.5901 335.22 0.2917 0.0018 0.0026
115.3125 -57.2066 0.3797 0.3020 0.3110 0.00000 6.699 1500.0 12.0 0.0000 0.8639 110.62 0.2473 0.0000 0.0000
151.8750 -57.2066 0.4102 0.2758 0.3135 0.00000 6.613 1499.5 12.0 0.0000 0.2327 29.63 0.2906 0.0003 0.0004
154.6875 -57.2066 0.4257 0.2613 0.3130 0.00000 6.518 1469.1 12.0 0.0000 0.1599 21.20 0.2952 0.0206 0.0302
157.5000 -57.2066 0.5666 0.1998 0.2336 0.00000 5.808 1500.0 12.0 0.0000 0.3089 34.71 0.2944 0.0000 0.0000
160.3125 -57.2066 0.4666 0.2667 0.2667 0.00000 6.910 1500.0 12.0 0.0000 0.1304 15.74 0.2714 0.0000 0.0000
163.1250 -57.2066 0.4583 0.2648 0.2769 0.00000 6.863 1500.0 12.0 0.0000 0.1600 19.50 0.2510 0.0000 0.0000
165.9375 -57.2066 0.3296 0.3329 0.3375 0.00000 7.845 1500.0 12.0 0.0000 0.1481 19.83 0.2406 0.0000 0.0000
168.7500 -57.2066 0.5855 0.1808 0.2337 0.00000 5.961 1500.0 12.0 0.0000 0.4276 47.56 0.2426 0.0000 0.0000
171.5625 -57.2066 0.5575 0.2026 0.2399 0.00000 6.450 1500.0 12.0 0.0000 0.8031 91.02 0.2480 0.0000 0.0000
174.3750 -57.2066 0.5339 0.2085 0.2575 0.00000 6.242 1493.5 12.0 0.0000 1.2757 149.62 0.2623 0.0043 0.0068
177.1875 -57.2066 0.4812 0.2357 0.2831 0.00000 6.460 1478.2 12.0 0.0000 2.0819 260.88 0.2783 0.0145 0.0220
180.0000 -57.2066 0.4133 0.2729 0.3138 0.00000 6.758 1476.5 12.0 0.0000 1.7365 229.00 0.2899 0.0157 0.0232
-177.1875 -57.2066 0.4184 0.2626 0.3189 0.00000 6.497 1488.7 12.0 0.0000 1.0065 130.31 0.2945 0.0075 0.0110
-165.9375 -57.2066 0.4956 0.1686 0.3263 0.00000 7.167 1500.0 12.0 0.0000 1.7900 218.17 0.2320 0.0000 0.0000
-163.1250 -57.2066 0.5124 0.1462 0.3321 0.00000 7.427 1500.0 12.0 0.0000 2.0501 248.65 0.1695 0.0000 0.0000
-154.6875 -57.2066 0.5215 0.1360 0.3331 0.00000 7.552 1500.0 12.0 0.0000 2.1201 256.12 0.1411 0.0000 0.0000
-151.8750 -57.2066 0.4933 0.1705 0.3269 0.00000 7.363 1500.0 12.0 0.0000 1.5678 191.40 0.2221 0.0000 0.0000
-140.6250 -57.2066 0.4985 0.1728 0.3187 0.00000 7.026 1500.0 12.0 0.0000 0.8010 97.00 0.2785 0.0000 0.0000
-123.7500 -57.2066 0.4602 0.1976 0.3416 0.00000 6.731 1500.0 12.0 0.0000 1.8198 229.70 0.2671 0.0000 0.0000
-120.9375 -57.2066 0.5226 0.2135 0.2637 0.00000 5.765 1497.2 12.0 0.0000 1.4253 167.66 0.3162 0.0018 0.0026
-118.1250 -57.2066 0.4590 0.2385 0.3025 0.00000 6.054 1469.8 12.0 0.0000 0.7577 98.26 0.3151 0.0202 0.0285
-115.3125 -57.2066 0.4270 0.2596 0.3134 0.00000 6.498 1489.3 12.0 0.0000 0.6570 84.41 0.2696 0.0072 0.0110
-106.8750 -57.2066 0.5073 0.1891 0.3036 0.00000 5.953 1473.7 12.0 0.0000 2.2978 289.68 0.2453 0.0175 0.0286
-104.0625 -57.2066 0.5070 0.1916 0.3014 0.00000 6.049 1474.3 12.0 0.0000 1.5359 193.26 0.2435 0.0172 0.0281
-101.2500 -57.2066 0.4439 0.2446 0.3115 0.00000 6.528 1468.4 12.0 0.0000 0.5791 76.14 0.2865 0.0210 0.0313
-98.4375 -57.2066 0.3871 0.3012 0.3117 0.00000 6.805 1473.2 12.0 0.0000 0.2298 30.78 0.3277 0.0178 0.0248
-95.6250 -57.2066 0.5522 0.2054 0.2423 0.00000 5.390 1498.7 12.0 0.0000 0.5348 61.01 0.3393 0.0009 0.0012
-92.8125 -57.2066 0.5015 0.2445 0.2540 0.00000 6.194 1500.0 12.0 0.0000 0.2945 34.66 0.3292 0.0000 0.0000
-90.0000 -57.2066 0.5023 0.2333 0.2645 0.00000 5.982 1500.0 12.0 0.0000 0.3045 36.05 0.2977 0.0000 0.0000
-87.1875 -57.2066 0.3552 0.2844 0.3605 0.00000 5.964 1484.4 12.0 0.0000 0.3060 41.93 0.2630 0.0104 0.0162
-84.3750 -57.2066 0.4473 0.2430 0.3097 0.00000 6.117 1481.0 12.0 0.0000 0.2097 26.97 0.2497 0.0127 0.0205
-81.5625 -57.2066 0.4254 0.2546 0.3183 0.00000 6.253 1500.0 12.0 0.0000 0.1857 23.50 0.2775 0.0000 0.0000
-64.6875 -57.2066 0.0574 0.6472 0.2954 0.00000 6.602 1500.0 12.0 0.0000 0.5904 86.93 0.1670 0.0000 0.0000
-61.8750 -57.2066 0.0661 0.6350 0.2989 0.00000 6.865 1500.0 12.0 0.0000 0.5827 85.63 0.1454 0.0000 0.0000
-53.4375 -57.2066 0.4670 0.2239 0.3090 0.00000 6.182 1498.6 12.0 0.0000 0.5912 73.24 0.1995 0.0009 0.0017
-50.6250 -57.2066 0.4447 0.2473 0.3080 0.00000 6.303 1499.1 12.0 0.0000 0.3846 48.10 0.2187 0.0006 0.0011
-47.8125 -57.2066 0.3277 0.3284 0.3439 0.00000 7.321 1500.0 12.0 0.0000 0.2938 39.48 0.2374 0.0000 0.0000
-45.0000 -57.2066 0.2926 0.3508 0.3565 0.00000 7.792 1500.0 12.0 0.0000 0.2037 27.99 0.2632 0.0000 0.0000
-42.1875 -57.2066 0.3834 0.2826 0.3319 0.00000 6.970 1480.2 12.0 0.0000 0.2197 29.42 0.2883 0.0132 0.0195
-39.3750 -57.2066 0.4288 0.2587 0.3115 0.00000 5.821 1493.4 12.0 0.0000 0.2244 28.56 0.3117 0.0044 0.0063
-36.5625 -57.2066 0.4541 0.2539 0.2917 0.00000 5.971 1500.0 12.0 0.0000 0.2656 32.71 0.3180 0.0000 0.0000
0.0000 -59.9970 0.3391 0.3127 0.3483 0.00000 7.772 1500.0 12.0 0.0000 2.1362 286.33 0.2006 0.0000 0.0000
2.8125 -59.9970 0.4293 0.2435 0.3272 0.00000 6.908 1500.0 12.0 0.0000 3.7337 474.74 0.1342 0.0000 0.0000
8.4375 -59.9970 0.4733 0.2004 0.3235 0.00000 6.877 1500.0 12.0 0.0000 2.1166 262.22 0.1450 0.0000 0.0000
70.3125 -59.9970 0.5051 0.1910 0.3038 0.00000 6.254 1491.8 12.0 0.0000 2.1310 261.27 0.1816 0.0055 0.0112
73.1250 -59.9970 0.4786 0.1982 0.3232 0.00000 6.546 1490.2 12.0 0.0000 2.3190 291.89 0.1663 0.0065 0.0143
75.9375 -59.9970 0.3900 0.2612 0.3488 0.00000 7.735 1495.3 12.0 0.0000 2.5953 342.49 0.1456 0.0032 0.0079
78.7500 -59.9970 0.4740 0.2124 0.3136 0.00000 7.045 1497.8 12.0 0.0000 2.2550 279.52 0.1218 0.0015 0.0045
81.5625 -59.9970 0.4985 0.1837 0.3178 0.00000 6.564 1497.3 12.0 0.0000 2.4258 298.09 0.1033 0.0018 0.0070
90.0000 -59.9970 0.6099 0.1271 0.2630 0.00000 6.126 1498.8 12.0 0.0000 1.8002 201.74 0.1224 0.0008 0.0025
92.8125 -59.9970 0.5159 0.1710 0.3131 0.00000 6.105 1494.0 12.0 0.0000 0.8091 98.83 0.1418 0.0040 0.0102
95.6250 -59.9970 0.5428 0.1795 0.2777 0.00000 6.366 1496.1 12.0 0.0000 0.5640 66.36 0.1616 0.0026 0.0059
98.4375 -59.9970 0.4952 0.2106 0.2942 0.00000 6.640 1492.9 12.0 0.0000 0.3648 44.61 0.1811 0.0047 0.0096
101.2500 -59.9970 0.3712 0.2728 0.3559 0.00000 6.779 1493.5 12.0 0.0000 0.2812 37.66 0.1855 0.0043 0.0087
104.0625 -59.9970 0.5023 0.1941 0.3036 0.00000 6.110 1494.2 12.0 0.0000 0.3167 38.72 0.1882 0.0039 0.0076
106.8750 -59.9970 0.4978 0.2109 0.2913 0.00000 6.061 1499.9 12.0 0.0000 0.2069 24.93 0.1893 0.0001 0.0001
109.6875 -59.9970 0.3816 0.2829 0.3355 0.00000 7.419 1500.0 12.0 0.0000 0.1786 23.32 0.1911 0.0000 0.0000
112.5000 -59.9970 0.3709 0.2875 0.3414 0.00000 7.159 1500.0 12.0 0.0000 0.2750 36.20 0.1955 0.0000 0.0000
151.8750 -59.9970 0.5152 0.2021 0.2827 0.00000 5.919 1486.2 12.0 0.0000 0.3288 40.00 0.2510 0.0092 0.0148
154.6875 -59.9970 0.3981 0.2576 0.3443 0.00000 6.115 1480.9 12.0 0.0000 0.2165 29.02 0.2381 0.0127 0.0212
157.5000 -59.9970 0.3887 0.2714 0.3399 0.00000 6.021 1500.0 12.0 0.0000 0.2187 28.54 0.2232 0.0000 0.0000
160.3125 -59.9970 0.5035 0.2197 0.2768 0.00000 6.284 1500.0 12.0 0.0000 0.1712 20.40 0.2117 0.0000 0.0000
163.1250 -59.9970 0.5112 0.2175 0.2713 0.00000 6.658 1500.0 12.0 0.0000 0.1256 14.86 0.2030 0.0000 0.0000
165.9375 -59.9970 0.4718 0.2337 0.2945 0.00000 6.439 1500.0 12.0 0.0000 0.1096 13.40 0.2011 0.0000 0.0000
168.7500 -59.9970 0.4400 0.2552 0.3048 0.00000 6.605 1500.0 12.0 0.0000 0.1812 22.64 0.2025 0.0000 0.0000
171.5625 -59.9970 0.3974 0.2857 0.3169 0.00000 7.683 1500.0 12.0 0.0000 0.4913 63.06 0.1989 0.0000 0.0000
174.3750 -59.9970 0.5368 0.2051 0.2581 0.00000 6.747 1500.0 12.0 0.0000 1.0904 126.34 0.1978 0.0000 0.0000
177.1875 -59.9970 0.5641 0.1905 0.2454 0.00000 6.669 1500.0 12.0 0.0000 1.9103 216.50 0.2003 0.0000 0.0000
180.0000 -59.9970 0.4817 0.2418 0.2766 0.00000 7.073 1499.2 12.0 0.0000 1.4681 177.09 0.1910 0.0005 0.0011
-177.1875 -59.9970 0.4338 0.2360 0.3302 0.00000 6.699 1494.6 12.0 0.0000 1.2708 162.87 0.1699 0.0036 0.0077
-174.3750 -59.9970 0.4029 0.2380 0.3591 0.00000 6.246 1500.0 12.0 0.0000 1.9385 253.88 0.1417 0.0000 0.0000
-171.5625 -59.9970 0.4154 0.2322 0.3524 0.00000 6.915 1500.0 12.0 0.0000 1.5407 199.90 0.1227 0.0000 0.0000
-168.7500 -59.9970 0.4305 0.2364 0.3328 0.00000 7.713 1500.0 12.0 0.0000 1.0194 129.90 0.1181 0.0000 0.0000
-165.9375 -59.9970 0.3783 0.2567 0.3620 0.00000 8.542 1500.0 12.0 0.0000 0.8701 115.08 0.1001 0.0000 0.0000
-163.1250 -59.9970 0.3938 0.2352 0.3661 0.00000 8.517 1500.0 12.0 0.0000 1.0100 132.69 0.0985 0.0000 0.0000
-160.3125 -59.9970 0.4516 0.1940 0.3473 0.00000 7.956 1500.0 12.0 0.0000 1.1156 140.91 0.1318 0.0000 0.0000
-151.8750 -59.9970 0.4951 0.1763 0.3186 0.00000 6.829 1500.0 12.0 0.0000 0.6414 77.80 0.2834 0.0000 0.0000
-149.0625 -59.9970 0.4642 0.2074 0.3193 0.00000 6.906 1500.0 12.0 0.0000 0.4436 54.71 0.3075 0.0000 0.0000
-146.2500 -59.9970 0.4904 0.1834 0.3162 0.00000 6.727 1500.0 12.0 0.0000 0.5066 61.51 0.3058 0.0000 0.0000
-140.6250 -59.9970 0.5177 0.1788 0.2980 0.00000 6.398 1500.0 12.0 0.0000 0.3976 47.35 0.2484 0.0000 0.0000
-137.8125 -59.9970 0.4790 0.2174 0.3028 0.00000 6.763 1500.0 12.0 0.0000 0.2793 34.18 0.2097 0.0000 0.0000
-135.0000 -59.9970 0.4630 0.1971 0.3394 0.00000 7.231 1496.5 12.0 0.0000 0.5658 71.63 0.1964 0.0023 0.0044
-132.1875 -59.9970 0.3991 0.2648 0.3357 0.00000 7.204 1495.8 12.0 0.0000 0.4186 54.56 0.1859 0.0028 0.0056
-129.3750 -59.9970 0.4892 0.2066 0.3038 0.00000 6.362 1499.1 12.0 0.0000 0.7447 90.89 0.1737 0.0006 0.0013
-123.7500 -59.9970 0.5111 0.1940 0.2946 0.00000 6.530 1499.9 12.0 0.0000 1.2963 155.47 0.1802 0.0000 0.0001
-120.9375 -59.9970 0.4311 0.2358 0.3330 0.00000 6.352 1499.9 12.0 0.0000 1.6428 209.40 0.1828 0.0001 0.0002
-118.1250 -59.9970 0.3096 0.3106 0.3798 0.00000 7.048 1498.8 12.0 0.0000 1.0992 151.98 0.1778 0.0008 0.0017
-115.3125 -59.9970 0.5161 0.1867 0.2972 0.00000 6.296 1492.4 12.0 0.0000 1.5887 192.81 0.1650 0.0051 0.0112
-112.5000 -59.9970 0.6676 0.1201 0.2122 0.00000 6.119 1498.7 12.0 0.0000 1.7714 186.09 0.1541 0.0009 0.0020
-109.6875 -59.9970 0.6681 0.1221 0.2098 0.00000 6.126 1499.7 12.0 0.0000 2.5921 271.30 0.1535 0.0002 0.0005
-106.8750 -59.9970 0.6551 0.1289 0.2160 0.00000 6.140 1499.8 12.0 0.0000 1.8255 193.23 0.1540 0.0001 0.0003
-104.0625 -59.9970 0.5723 0.1824 0.2452 0.00000 6.658 1500.0 12.0 0.0000 1.8415 207.77 0.1716 0.0000 0.0000
-101.2500 -59.9970 0.4906 0.2365 0.2729 0.00000 7.170 1500.0 12.0 0.0000 0.7131 85.33 0.2039 0.0000 0.0000
-98.4375 -59.9970 0.4492 0.2637 0.2871 0.00000 7.269 1500.0 12.0 0.0000 0.3701 45.57 0.2396 0.0000 0.0000
-95.6250 -59.9970 0.4959 0.2393 0.2647 0.00000 6.696 1500.0 12.0 0.0000 0.3491 41.47 0.2645 0.0000 0.0000
-92.8125 -59.9970 0.5469 0.2057 0.2474 0.00000 5.901 1500.0 12.0 0.0000 0.2978 34.10 0.2734 0.0000 0.0000
-90.0000 -59.9970 0.4775 0.2500 0.2725 0.00000 6.748 1500.0 12.0 0.0000 0.2185 26.31 0.2633 0.0000 0.0000
-87.1875 -59.9970 0.3942 0.2780 0.3278 0.00000 6.393 1497.7 12.0 0.0000 0.3534 45.85 0.2415 0.0015 0.0025
-84.3750 -59.9970 0.3864 0.2605 0.3531 0.00000 6.217 1486.1 12.0 0.0000 0.4398 59.08 0.2256 0.0093 0.0160
-81.5625 -59.9970 0.5192 0.1976 0.2833 0.00000 5.978 1500.0 12.0 0.0000 0.6470 76.79 0.2287 0.0000 0.0000
-78.7500 -59.9970 0.4527 0.2395 0.3079 0.00000 5.897 1500.0 12.0 0.0000 0.3415 42.48 0.2135 0.0000 0.0000
-56.2500 -59.9970 0.4472 0.2248 0.3279 0.00000 6.926 1500.0 12.0 0.0000 0.6327 79.79 0.0628 0.0000 0.0000
-53.4375 -59.9970 0.5596 0.1426 0.2978 0.00000 6.650 1498.1 12.0 0.0000 1.4121 166.14 0.0809 0.0013 0.0077
-50.6250 -59.9970 0.4283 0.2279 0.3438 0.00000 6.554 1495.9 12.0 0.0000 0.7963 102.87 0.1360 0.0028 0.0074
-47.8125 -59.9970 0.4297 0.2347 0.3355 0.00000 6.581 1488.3 12.0 0.0000 0.4695 61.06 0.1826 0.0078 0.0158
-45.0000 -59.9970 0.3917 0.2652 0.3430 0.00000 6.290 1485.1 12.0 0.0000 0.3282 43.82 0.2267 0.0099 0.0171
-42.1875 -59.9970 0.3833 0.2736 0.3431 0.00000 5.983 1487.0 12.0 0.0000 0.3099 41.42 0.2622 0.0087 0.0136
-39.3750 -59.9970 0.4334 0.2555 0.3111 0.00000 5.794 1497.1 12.0 0.0000 0.2927 36.98 0.3007 0.0019 0.0028
-36.5625 -59.9970 0.5080 0.2252 0.2668 0.00000 5.518 1500.0 12.0 0.0000 0.2414 28.53 0.3351 0.0000 0.0000
-33.7500 -59.9970 0.3794 0.3027 0.3179 0.00000 5.905 1500.0 12.0 0.0000 0.1419 18.37 0.3654 0.0000 0.0000
-2.8125 -59.9970 0.4750 0.2374 0.2876 0.00000 6.169 1500.0 12.0 0.0000 1.7736 215.73 0.2793 0.0000 0.0000
64.6875 -62.7874 0.3854 0.2839 0.3306 0.00000 6.598 1500.0 12.0 0.0000 0.6558 85.26 0.2257 0.0000 0.0000
67.5000 -62.7874 0.3569 0.3057 0.3373 0.00000 7.679 1499.3 12.0 0.0000 0.7415 98.14 0.2141 0.0005 0.0009
70.3125 -62.7874 0.3117 0.3178 0.3705 0.00000 7.706 1499.0 12.0 0.0000 1.0291 141.43 0.1776 0.0007 0.0014
73.1250 -62.7874 0.2844 0.3106 0.4050 0.00000 6.806 1500.0 12.0 0.0000 2.0940 295.87 0.1321 0.0000 0.0000
75.9375 -62.7874 0.4510 0.2284 0.3206 0.00000 7.444 1500.0 12.0 0.0000 1.5484 194.14 0.0753 0.0000 0.0000
78.7500 -62.7874 0.4380 0.2448 0.3172 0.00000 8.075 1500.0 12.0 0.0000 1.2381 155.90 0.0755 0.0000 0.0000
81.5625 -62.7874 0.3995 0.2563 0.3443 0.00000 8.284 1499.9 12.0 0.0000 0.8341 108.56 0.0628 0.0001 0.0009
84.3750 -62.7874 0.5507 0.1603 0.2891 0.00000 7.237 1499.8 12.0 0.0000 2.2573 264.64 0.0628 0.0001 0.0018
95.6250 -62.7874 0.6311 0.1498 0.2191 0.00000 6.277 1500.0 12.0 0.0000 0.8691 93.40 0.1570 0.0000 0.0000
98.4375 -62.7874 0.6796 0.1207 0.1997 0.00000 5.731 1500.0 12.0 0.0000 1.2227 126.20 0.1791 0.0000 0.0000
101.2500 -62.7874 0.4804 0.2096 0.3100 0.00000 5.799 1496.1 12.0 0.0000 0.8024 99.22 0.1885 0.0026 0.0051
104.0625 -62.7874 0.4500 0.2323 0.3177 0.00000 6.543 1490.0 12.0 0.0000 0.3125 39.76 0.1936 0.0067 0.0129
106.8750 -62.7874 0.4461 0.2405 0.3133 0.00000 6.378 1499.3 12.0 0.0000 0.3146 39.41 0.1941 0.0004 0.0008
109.6875 -62.7874 0.3697 0.2890 0.3411 0.00000 6.851 1500.0 12.0 0.0000 0.2393 31.51 0.1919 0.0000 0.0000
112.5000 -62.7874 0.3886 0.2709 0.3396 0.00000 7.016 1500.0 12.0 0.0000 0.2535 33.04 0.1816 0.0000 0.0000
151.8750 -62.7874 0.5300 0.1929 0.2771 0.00000 5.704 1500.0 12.0 0.0000 0.2963 34.85 0.2102 0.0000 0.0000
154.6875 -62.7874 0.4331 0.2401 0.3268 0.00000 6.174 1500.0 12.0 0.0000 0.2212 28.07 0.1969 0.0000 0.0000
157.5000 -62.7874 0.3452 0.2892 0.3655 0.00000 6.581 1500.0 12.0 0.0000 0.1336 18.02 0.1897 0.0000 0.0000
160.3125 -62.7874 0.2891 0.3296 0.3814 0.00000 7.269 1499.6 12.0 0.0000 0.0865 12.05 0.1861 0.0003 0.0005
163.1250 -62.7874 0.5339 0.1984 0.2678 0.00000 6.261 1500.0 12.0 0.0000 0.1830 21.36 0.1808 0.0000 0.0000
165.9375 -62.7874 0.5686 0.1832 0.2482 0.00000 6.450 1500.0 12.0 0.0000 0.1748 19.80 0.1754 0.0000 0.0000
168.7500 -62.7874 0.4097 0.2718 0.3186 0.00000 7.190 1500.0 12.0 0.0000 0.1914 24.45 0.1727 0.0000 0.0000
171.5625 -62.7874 0.3869 0.2807 0.3324 0.00000 7.417 1500.0 12.0 0.0000 0.2360 30.69 0.1610 0.0000 0.0000
174.3750 -62.7874 0.5786 0.1674 0.2539 0.00000 6.285 1500.0 12.0 0.0000 0.4690 53.03 0.1382 0.0000 0.0000
177.1875 -62.7874 0.4881 0.2118 0.3001 0.00000 7.460 1500.0 12.0 0.0000 0.2917 35.50 0.0628 0.0000 0.0000
180.0000 -62.7874 0.5085 0.2056 0.2859 0.00000 7.617 1500.0 12.0 0.0000 0.3055 36.51 0.0628 0.0000 0.0000
-177.1875 -62.7874 0.6163 0.1382 0.2456 0.00000 6.747 1500.0 12.0 0.0000 0.4088 45.05 0.0628 0.0000 0.0000
-174.3750 -62.7874 0.4460 0.2273 0.3268 0.00000 7.273 1500.0 12.0 0.0000 0.3207 40.45 0.0628 0.0000 0.0000
-171.5625 -62.7874 0.3337 0.2987 0.3676 0.00000 8.117 1500.0 12.0 0.0000 0.3099 42.06 0.0628 0.0000 0.0000
-168.7500 -62.7874 0.3991 0.2439 0.3570 0.00000 8.056 1500.0 12.0 0.0000 0.5411 70.91 0.0628 0.0000 0.0000
-165.9375 -62.7874 0.4535 0.1983 0.3482 0.00000 7.902 1500.0 12.0 0.0000 0.7693 97.83 0.0628 0.0000 0.0000
-163.1250 -62.7874 0.5437 0.1293 0.3257 0.00000 7.213 1500.0 12.0 0.0000 1.2556 150.68 0.0628 0.0000 0.0000
-160.3125 -62.7874 0.5001 0.1662 0.3308 0.00000 7.100 1500.0 12.0 0.0000 0.9970 122.39 0.1381 0.0000 0.0000
-157.5000 -62.7874 0.4842 0.1631 0.3510 0.00000 6.873 1499.0 12.0 0.0000 0.7462 93.66 0.2071 0.0007 0.0013
-149.0625 -62.7874 0.4813 0.2099 0.3037 0.00000 6.041 1500.0 12.0 0.0000 0.2825 34.39 0.2986 0.0000 0.0000
-146.2500 -62.7874 0.5208 0.1885 0.2862 0.00000 5.922 1500.0 12.0 0.0000 0.2142 25.32 0.2899 0.0000 0.0000
-143.4375 -62.7874 0.5199 0.1979 0.2819 0.00000 5.598 1500.0 12.0 0.0000 0.2370 28.08 0.2707 0.0000 0.0000
-140.6250 -62.7874 0.4129 0.2505 0.3365 0.00000 7.029 1500.0 12.0 0.0000 0.1357 17.47 0.2454 0.0000 0.0000
-137.8125 -62.7874 0.4826 0.1632 0.3542 0.00000 6.869 1500.0 12.0 0.0000 0.2615 32.91 0.2147 0.0000 0.0000
-135.0000 -62.7874 0.2796 0.3392 0.3812 0.00000 8.687 1500.0 12.0 0.0000 0.1817 25.42 0.1858 0.0000 0.0000
-132.1875 -62.7874 0.3884 0.2799 0.3317 0.00000 8.047 1499.2 12.0 0.0000 0.3427 44.58 0.1462 0.0005 0.0013
-129.3750 -62.7874 0.5302 0.1842 0.2856 0.00000 7.007 1498.3 12.0 0.0000 0.7769 92.08 0.1044 0.0012 0.0043
-126.5625 -62.7874 0.5180 0.1792 0.3028 0.00000 7.259 1499.4 12.0 0.0000 0.5426 65.24 0.0628 0.0004 0.0052
-123.7500 -62.7874 0.4184 0.2513 0.3303 0.00000 8.015 1499.9 12.0 0.0000 0.3957 50.66 0.0638 0.0000 0.0005
-120.9375 -62.7874 0.4181 0.2469 0.3349 0.00000 7.623 1500.0 12.0 0.0000 0.2963 38.03 0.0628 0.0000 0.0000
-118.1250 -62.7874 0.4448 0.2342 0.3210 0.00000 7.656 1500.0 12.0 0.0000 0.2780 34.97 0.0640 0.0000 0.0000
-115.3125 -62.7874 0.6205 0.1382 0.2414 0.00000 6.790 1500.0 12.0 0.0000 0.4781 52.43 0.0681 0.0000 0.0000
-112.5000 -62.7874 0.6200 0.1396 0.2404 0.00000 6.753 1500.0 12.0 0.0000 0.5630 61.72 0.0693 0.0000 0.0000
-109.6875 -62.7874 0.5356 0.1854 0.2790 0.00000 7.137 1500.0 12.0 0.0000 0.6039 70.89 0.0677 0.0000 0.0000
-106.8750 -62.7874 0.5737 0.1623 0.2639 0.00000 6.711 1500.0 12.0 0.0000 0.4972 56.70 0.0628 0.0000 0.0000
-104.0625 -62.7874 0.5320 0.1863 0.2817 0.00000 7.123 1500.0 12.0 0.0000 0.6165 72.63 0.0628 0.0000 0.0000
-101.2500 -62.7874 0.5486 0.1764 0.2750 0.00000 6.939 1500.0 12.0 0.0000 0.7380 85.86 0.0628 0.0000 0.0000
-98.4375 -62.7874 0.3867 0.2753 0.3380 0.00000 7.969 1500.0 12.0 0.0000 0.4757 62.06 0.0983 0.0000 0.0000
-95.6250 -62.7874 0.4570 0.2323 0.3106 0.00000 7.061 1500.0 12.0 0.0000 0.2992 37.19 0.1113 0.0000 0.0000
-92.8125 -62.7874 0.4798 0.2232 0.2970 0.00000 7.083 1500.0 12.0 0.0000 0.2364 28.85 0.1201 0.0000 0.0000
-90.0000 -62.7874 0.5527 0.1851 0.2621 0.00000 7.142 1500.0 12.0 0.0000 0.3226 37.16 0.1122 0.0000 0.0000
-87.1875 -62.7874 0.4475 0.2157 0.3367 0.00000 6.685 1500.0 12.0 0.0000 0.4297 54.45 0.0749 0.0000 0.0000
-84.3750 -62.7874 0.3877 0.2392 0.3731 0.00000 7.081 1499.8 12.0 0.0000 0.2222 29.53 0.0628 0.0001 0.0018
-81.5625 -62.7874 0.4950 0.1918 0.3132 0.00000 7.405 1499.8 12.0 0.0000 0.2476 30.28 0.0628 0.0002 0.0022
-78.7500 -62.7874 0.4517 0.2216 0.3266 0.00000 6.701 1500.0 12.0 0.0000 0.4173 52.48 0.0628 0.0000 0.0000
-59.0625 -62.7874 0.5425 0.1556 0.3013 0.00000 6.649 1499.9 12.0 0.0000 0.9653 114.37 0.0628 0.0000 0.0006
-56.2500 -62.7874 0.4748 0.1989 0.3262 0.00000 7.061 1499.9 12.0 0.0000 0.4879 60.68 0.0628 0.0001 0.0013
-53.4375 -62.7874 0.5503 0.1425 0.3072 0.00000 6.768 1499.7 12.0 0.0000 0.4874 57.78 0.0628 0.0002 0.0030
-50.6250 -62.7874 0.4792 0.2004 0.3204 0.00000 7.190 1499.8 12.0 0.0000 0.2856 35.33 0.0628 0.0002 0.0022
-47.8125 -62.7874 0.5413 0.1792 0.2795 0.00000 7.177 1500.0 12.0 0.0000 0.3565 41.73 0.0638 0.0000 0.0000
-45.0000 -62.7874 0.3671 0.2863 0.3466 0.00000 7.539 1500.0 12.0 0.0000 0.3278 43.35 0.1335 0.0000 0.0000
-42.1875 -62.7874 0.2722 0.3394 0.3884 0.00000 7.498 1500.0 12.0 0.0000 0.2421 34.10 0.1821 0.0000 0.0000
-39.3750 -62.7874 0.2851 0.3169 0.3981 0.00000 6.241 1500.0 12.0 0.0000 0.4015 56.52 0.2093 0.0000 0.0000
-36.5625 -62.7874 0.4076 0.2680 0.3244 0.00000 6.229 1500.0 12.0 0.0000 0.3123 40.06 0.2546 0.0000 0.0000
-33.7500 -62.7874 0.4525 0.2496 0.2979 0.00000 5.754 1500.0 12.0 0.0000 0.3239 40.07 0.3017 0.0000 0.0000
-30.9375 -62.7874 0.4291 0.2760 0.2948 0.00000 5.811 1499.8 12.0 0.0000 0.1898 23.71 0.3466 0.0002 0.0002
-28.1250 -62.7874 0.3905 0.3063 0.3032 0.00000 6.195 1497.0 12.0 0.0000 0.1347 17.30 0.3793 0.0020 0.0026
-25.3125 -62.7874 0.4074 0.2990 0.2936 0.00000 6.084 1495.7 12.0 0.0000 0.1567 19.90 0.4011 0.0029 0.0036
-22.5000 -62.7874 0.3748 0.3220 0.3032 0.00000 6.428 1500.0 12.0 0.0000 0.1310 16.86 0.4097 0.0000 0.0000
-19.6875 -62.7874 0.3825 0.3166 0.3009 0.00000 5.857 1500.0 12.0 0.0000 0.1652 21.17 0.4081 0.0000 0.0000
-14.0625 -62.7874 0.4069 0.2890 0.3035 0.00000 5.555 1500.0 12.0 0.0000 0.1840 23.32 0.3951 0.0000 0.0000
-11.2500 -62.7874 0.4303 0.2731 0.2965 0.00000 5.602 1500.0 12.0 0.0000 0.2451 30.62 0.3871 0.0000 0.0000
-8.4375 -62.7874 0.3885 0.2981 0.3134 0.00000 5.715 1500.0 12.0 0.0000 0.3495 44.95 0.3639 0.0000 0.0000
-5.6250 -62.7874 0.4277 0.2698 0.3025 0.00000 5.887 1500.0 12.0 0.0000 0.5329 66.89 0.3243 0.0000 0.0000
-2.8125 -62.7874 0.4044 0.2802 0.3154 0.00000 6.507 1500.0 12.0 0.0000 1.3965 178.50 0.2730 0.0000 0.0000
61.8750 -65.5776 0.4025 0.2738 0.3231 0.00000 6.640 1500.0 12.0 0.0000 0.5676 72.88 0.2455 0.0000 0.0000
64.6875 -65.5776 0.4071 0.2648 0.3280 0.00000 6.268 1500.0 12.0 0.0000 0.3552 45.65 0.2128 0.0000 0.0000
67.5000 -65.5776 0.3973 0.2750 0.3278 0.00000 6.895 1500.0 12.0 0.0000 0.4764 61.51 0.1747 0.0000 0.0000
70.3125 -65.5776 0.3838 0.2687 0.3475 0.00000 7.470 1499.7 12.0 0.0000 0.7608 99.93 0.1266 0.0002 0.0005
73.1250 -65.5776 0.2801 0.3169 0.4030 0.00000 7.884 1500.0 12.0 0.0000 0.7065 99.90 0.0628 0.0000 0.0000
75.9375 -65.5776 0.3793 0.2630 0.3577 0.00000 7.566 1500.0 12.0 0.0000 0.9120 120.65 0.0628 0.0000 0.0000
78.7500 -65.5776 0.3521 0.2972 0.3507 0.00000 8.734 1500.0 12.0 0.0000 0.5323 71.03 0.0628 0.0000 0.0000
81.5625 -65.5776 0.3447 0.2972 0.3581 0.00000 8.888 1500.0 12.0 0.0000 0.6609 88.81 0.0628 0.0000 0.0000
84.3750 -65.5776 0.5604 0.1729 0.2667 0.00000 7.367 1500.0 12.0 0.0000 1.9386 223.03 0.0628 0.0000 0.0000
87.1875 -65.5776 0.6094 0.1432 0.2475 0.00000 6.773 1500.0 12.0 0.0000 0.9925 109.93 0.0628 0.0000 0.0000
95.6250 -65.5776 0.5090 0.2040 0.2870 0.00000 7.060 1500.0 12.0 0.0000 0.4510 53.92 0.0856 0.0000 0.0000
98.4375 -65.5776 0.5595 0.1906 0.2499 0.00000 6.915 1500.0 12.0 0.0000 0.5066 57.72 0.1240 0.0000 0.0000
101.2500 -65.5776 0.5419 0.1921 0.2660 0.00000 6.650 1500.0 12.0 0.0000 0.4757 55.24 0.1440 0.0000 0.0000
104.0625 -65.5776 0.3193 0.2983 0.3824 0.00000 6.759 1499.2 12.0 0.0000 0.3218 44.32 0.1585 0.0005 0.0011
106.8750 -65.5776 0.4213 0.2413 0.3375 0.00000 6.816 1493.4 12.0 0.0000 0.3145 40.77 0.1628 0.0044 0.0098
109.6875 -65.5776 0.5362 0.1814 0.2824 0.00000 6.230 1498.7 12.0 0.0000 0.4375 51.57 0.1556 0.0009 0.0020
112.5000 -65.5776 0.4252 0.2486 0.3256 0.00000 6.834 1500.0 12.0 0.0000 0.3899 49.59 0.1342 0.0000 0.0000
115.3125 -65.5776 0.2531 0.4308 0.3150 0.00000 6.778 1500.0 12.0 0.0000 0.3708 50.69 0.1120 0.0000 0.0000
120.9375 -65.5776 0.0741 0.6175 0.3084 0.00000 7.036 1500.0 12.0 0.0000 0.4028 59.27 0.0990 0.0000 0.0000
123.7500 -65.5776 0.0796 0.6084 0.3120 0.00000 7.178 1500.0 12.0 0.0000 0.6097 89.66 0.0824 0.0000 0.0000
151.8750 -65.5776 0.4101 0.2631 0.3268 0.00000 6.735 1500.0 12.0 0.0000 0.1663 21.33 0.1681 0.0000 0.0000
154.6875 -65.5776 0.3532 0.2989 0.3479 0.00000 7.487 1500.0 12.0 0.0000 0.0798 10.63 0.1595 0.0000 0.0000
157.5000 -65.5776 0.4062 0.2628 0.3310 0.00000 7.252 1500.0 12.0 0.0000 0.0747 10.00 0.1597 0.0000 0.0000
160.3125 -65.5776 0.4586 0.2236 0.3178 0.00000 6.701 1495.4 12.0 0.0000 0.1119 14.06 0.1545 0.0031 0.0072
163.1250 -65.5776 0.4250 0.2550 0.3201 0.00000 7.302 1500.0 12.0 0.0000 0.1016 12.89 0.1418 0.0000 0.0000
165.9375 -65.5776 0.6456 0.1331 0.2213 0.00000 6.443 1500.0 12.0 0.0000 0.2842 30.34 0.1223 0.0000 0.0000
168.7500 -65.5776 0.5684 0.1739 0.2577 0.00000 7.090 1500.0 12.0 0.0000 0.2694 30.69 0.0859 0.0000 0.0000
171.5625 -65.5776 0.5307 0.1890 0.2803 0.00000 7.158 1500.0 12.0 0.0000 0.1811 21.33 0.0628 0.0000 0.0000
174.3750 -65.5776 0.4224 0.2487 0.3289 0.00000 7.641 1500.0 12.0 0.0000 0.1609 20.55 0.0628 0.0000 0.0000
177.1875 -65.5776 0.3255 0.3067 0.3678 0.00000 8.724 1500.0 12.0 0.0000 0.1457 19.84 0.0628 0.0000 0.0000
180.0000 -65.5776 0.4326 0.2418 0.3257 0.00000 7.530 1500.0 12.0 0.0000 0.2080 26.38 0.0628 0.0000 0.0000
-177.1875 -65.5776 0.3379 0.2989 0.3632 0.00000 8.595 1500.0 12.0 0.0000 0.1826 24.68 0.0628 0.0000 0.0000
-174.3750 -65.5776 0.4748 0.2195 0.3058 0.00000 7.501 1500.0 12.0 0.0000 0.2299 28.26 0.0628 0.0000 0.0000
-171.5625 -65.5776 0.6087 0.1468 0.2445 0.00000 7.047 1500.0 12.0 0.0000 0.5062 55.99 0.0628 0.0000 0.0000
-168.7500 -65.5776 0.6387 0.1285 0.2328 0.00000 6.942 1500.0 12.0 0.0000 0.7118 76.85 0.0628 0.0000 0.0000
-165.9375 -65.5776 0.6280 0.1356 0.2364 0.00000 6.992 1500.0 12.0 0.0000 1.3066 142.25 0.0628 0.0000 0.0000
-163.1250 -65.5776 0.5102 0.1980 0.2919 0.00000 7.468 1500.0 12.0 0.0000 0.6088 72.95 0.0628 0.0000 0.0000
-160.3125 -65.5776 0.4414 0.2343 0.3242 0.00000 7.337 1499.7 12.0 0.0000 0.4379 55.30 0.0966 0.0002 0.0010
-157.5000 -65.5776 0.4588 0.2183 0.3229 0.00000 6.614 1482.2 12.0 0.0000 0.3824 49.18 0.1965 0.0119 0.0226
-154.6875 -65.5776 0.4892 0.2052 0.3056 0.00000 5.654 1463.2 12.0 0.0000 0.2470 31.97 0.2545 0.0245 0.0391
-151.8750 -65.5776 0.4483 0.2529 0.2988 0.00000 5.855 1488.4 12.0 0.0000 0.1741 21.99 0.2837 0.0077 0.0115
-149.0625 -65.5776 0.4336 0.2541 0.3123 0.00000 5.753 1499.0 12.0 0.0000 0.2166 27.30 0.2934 0.0006 0.0009
-146.2500 -65.5776 0.4081 0.2480 0.3439 0.00000 5.770 1500.0 12.0 0.0000 0.3311 42.91 0.2833 0.0000 0.0000
-143.4375 -65.5776 0.3937 0.2418 0.3645 0.00000 6.558 1500.0 12.0 0.0000 0.2844 37.50 0.2570 0.0000 0.0000
-140.6250 -65.5776 0.3975 0.2679 0.3346 0.00000 7.141 1500.0 12.0 0.0000 0.1979 25.64 0.2242 0.0000 0.0000
-137.8125 -65.5776 0.5344 0.1867 0.2789 0.00000 6.281 1500.0 12.0 0.0000 0.3012 35.37 0.1886 0.0000 0.0000
-135.0000 -65.5776 0.2866 0.3421 0.3712 0.00000 8.655 1500.0 12.0 0.0000 0.2394 33.23 0.1499 0.0000 0.0000
-132.1875 -65.5776 0.3237 0.3122 0.3641 0.00000 8.762 1500.0 12.0 0.0000 0.2637 35.88 0.0888 0.0000 0.0000
-129.3750 -65.5776 0.4164 0.2565 0.3271 0.00000 8.134 1500.0 12.0 0.0000 0.1716 21.95 0.0650 0.0000 0.0000
-126.5625 -65.5776 0.3658 0.2850 0.3492 0.00000 8.750 1500.0 12.0 0.0000 0.2355 31.20 0.0628 0.0000 0.0000
-123.7500 -65.5776 0.2510 0.3513 0.3977 0.00000 9.500 1500.0 12.0 0.0000 0.2243 32.03 0.0628 0.0000 0.0000
-120.9375 -65.5776 0.3141 0.3134 0.3725 0.00000 8.911 1500.0 12.0 0.0000 0.1876 25.75 0.0628 0.0000 0.0000
-118.1250 -65.5776 0.3238 0.3081 0.3680 0.00000 8.873 1500.0 12.0 0.0000 0.1721 23.46 0.0628 0.0000 0.0000
-115.3125 -65.5776 0.3353 0.3003 0.3645 0.00000 8.630 1500.0 12.0 0.0000 0.1771 23.98 0.0628 0.0000 0.0000
-112.5000 -65.5776 0.3895 0.2677 0.3427 0.00000 8.029 1500.0 12.0 0.0000 0.2287 29.87 0.0628 0.0000 0.0000
-109.6875 -65.5776 0.4059 0.2585 0.3356 0.00000 7.830 1500.0 12.0 0.0000 0.3859 49.83 0.0628 0.0000 0.0000
-106.8750 -65.5776 0.3763 0.2781 0.3456 0.00000 8.149 1500.0 12.0 0.0000 0.6897 90.78 0.0628 0.0000 0.0000
-104.0625 -65.5776 0.4112 0.2590 0.3298 0.00000 7.743 1500.0 12.0 0.0000 0.7965 102.28 0.0628 0.0000 0.0000
-101.2500 -65.5776 0.3997 0.2629 0.3374 0.00000 7.895 1500.0 12.0 0.0000 1.3410 173.84 0.0628 0.0000 0.0000
-98.4375 -65.5776 0.4718 0.2182 0.3100 0.00000 7.098 1500.0 12.0 0.0000 0.5756 71.03 0.0628 0.0000 0.0000
-95.6250 -65.5776 0.3578 0.2869 0.3553 0.00000 8.373 1500.0 12.0 0.0000 0.3183 42.46 0.0628 0.0000 0.0000
-92.8125 -65.5776 0.3840 0.2748 0.3412 0.00000 8.183 1500.0 12.0 0.0000 0.1854 24.26 0.0628 0.0000 0.0000
-90.0000 -65.5776 0.5448 0.1800 0.2752 0.00000 6.951 1500.0 12.0 0.0000 0.1779 20.74 0.0628 0.0000 0.0000
-87.1875 -65.5776 0.5225 0.1960 0.2815 0.00000 7.538 1500.0 12.0 0.0000 0.1865 22.07 0.0628 0.0000 0.0000
-84.3750 -65.5776 0.5625 0.1637 0.2738 0.00000 6.936 1500.0 12.0 0.0000 0.3705 42.76 0.0628 0.0000 0.0000
-81.5625 -65.5776 0.4205 0.2372 0.3424 0.00000 7.563 1499.9 12.0 0.0000 0.2742 35.31 0.0628 0.0001 0.0008
-78.7500 -65.5776 0.3662 0.2804 0.3533 0.00000 8.503 1500.0 12.0 0.0000 0.2581 34.26 0.0628 0.0000 0.0004
-75.9375 -65.5776 0.5033 0.1780 0.3187 0.00000 7.109 1499.8 12.0 0.0000 0.7461 91.15 0.0638 0.0001 0.0018
-73.1250 -65.5776 0.4134 0.2434 0.3430 0.00000 7.348 1499.9 12.0 0.0000 0.5011 64.75 0.0628 0.0001 0.0009
-70.3125 -65.5776 0.4687 0.2014 0.3298 0.00000 7.172 1499.8 12.0 0.0000 0.6381 79.74 0.0628 0.0001 0.0014
-67.5000 -65.5776 0.4769 0.1966 0.3265 0.00000 6.667 1499.9 12.0 0.0000 0.6664 82.81 0.0628 0.0001 0.0009
-64.6875 -65.5776 0.5609 0.1259 0.3131 0.00000 6.502 1499.7 12.0 0.0000 2.0074 237.52 0.0628 0.0002 0.0027
-59.0625 -65.5776 0.5489 0.1412 0.3099 0.00000 6.555 1499.8 12.0 0.0000 1.0831 128.67 0.0628 0.0001 0.0019
-56.2500 -65.5776 0.6066 0.1301 0.2633 0.00000 6.588 1499.9 12.0 0.0000 0.9617 107.75 0.0628 0.0001 0.0007
-53.4375 -65.5776 0.5761 0.1635 0.2604 0.00000 7.162 1500.0 12.0 0.0000 0.5576 63.38 0.0628 0.0000 0.0003
-50.6250 -65.5776 0.4011 0.2879 0.3110 0.00000 8.361 1500.0 12.0 0.0000 0.1812 23.14 0.0628 0.0000 0.0000
-47.8125 -65.5776 0.5264 0.1999 0.2737 0.00000 7.580 1500.0 12.0 0.0000 0.2401 28.23 0.0628 0.0000 0.0000
-45.0000 -65.5776 0.4759 0.2361 0.2880 0.00000 7.825 1500.0 12.0 0.0000 0.1515 18.42 0.0628 0.0000 0.0000
-42.1875 -65.5776 0.4346 0.2464 0.3189 0.00000 7.428 1500.0 12.0 0.0000 0.0998 12.61 0.0628 0.0000 0.0000
-39.3750 -65.5776 0.3452 0.2939 0.3609 0.00000 7.643 1500.0 12.0 0.0000 0.1081 14.55 0.0628 0.0000 0.0000
-36.5625 -65.5776 0.3590 0.2656 0.3754 0.00000 7.307 1500.0 12.0 0.0000 0.1608 21.67 0.0628 0.0000 0.0000
-33.7500 -65.5776 0.2896 0.3058 0.4046 0.00000 6.844 1500.0 12.0 0.0000 0.2605 36.72 0.1284 0.0000 0.0000
-30.9375 -65.5776 0.3098 0.3083 0.3819 0.00000 7.071 1499.5 12.0 0.0000 0.1720 23.78 0.1869 0.0003 0.0006
-28.1250 -65.5776 0.3024 0.3357 0.3619 0.00000 7.132 1498.2 12.0 0.0000 0.1740 23.94 0.2363 0.0012 0.0021
-25.3125 -65.5776 0.2973 0.3287 0.3740 0.00000 6.407 1498.8 12.0 0.0000 0.3686 51.09 0.2683 0.0008 0.0012
-22.5000 -65.5776 0.2661 0.3461 0.3878 0.00000 6.476 1500.0 12.0 0.0000 0.2115 29.86 0.2837 0.0000 0.0000
-19.6875 -65.5776 0.3583 0.2904 0.3513 0.00000 5.804 1500.0 12.0 0.0000 0.2727 36.30 0.2875 0.0000 0.0000
-16.8750 -65.5776 0.3949 0.2712 0.3339 0.00000 5.894 1500.0 12.0 0.0000 0.2416 31.32 0.2874 0.0000 0.0000
-14.0625 -65.5776 0.4484 0.2436 0.3080 0.00000 5.763 1498.8 12.0 0.0000 0.3241 40.48 0.2911 0.0008 0.0012
-11.2500 -65.5776 0.4857 0.2333 0.2811 0.00000 6.099 1500.0 12.0 0.0000 0.2618 31.56 0.2967 0.0000 0.0000
-8.4375 -65.5776 0.3961 0.2859 0.3180 0.00000 5.996 1500.0 12.0 0.0000 0.2973 38.20 0.3001 0.0000 0.0000
50.6250 -68.3678 0.3485 0.3189 0.3326 0.00000 7.612 1500.0 12.0 0.0000 0.5098 67.48 0.2569 0.0000 0.0000
53.4375 -68.3678 0.3410 0.3069 0.3521 0.00000 7.118 1499.3 12.0 0.0000 0.4617 62.01 0.2370 0.0005 0.0008
56.2500 -68.3678 0.4088 0.2552 0.3360 0.00000 6.666 1494.3 12.0 0.0000 0.4848 63.09 0.2258 0.0038 0.0066
59.0625 -68.3678 0.3617 0.2846 0.3537 0.00000 6.694 1500.0 12.0 0.0000 0.5854 77.89 0.2093 0.0000 0.0000
61.8750 -68.3678 0.4360 0.2382 0.3258 0.00000 6.597 1498.0 12.0 0.0000 0.7302 92.76 0.1789 0.0013 0.0027
64.6875 -68.3678 0.3723 0.2793 0.3484 0.00000 7.619 1499.6 12.0 0.0000 0.6926 91.51 0.1375 0.0002 0.0007
67.5000 -68.3678 0.3444 0.2805 0.3750 0.00000 7.972 1500.0 12.0 0.0000 0.4920 66.70 0.0628 0.0000 0.0001
70.3125 -68.3678 0.3100 0.2967 0.3933 0.00000 7.597 1499.9 12.0 0.0000 0.6264 87.04 0.0628 0.0001 0.0007
73.1250 -68.3678 0.3523 0.2630 0.3847 0.00000 6.895 1500.0 12.0 0.0000 1.1823 160.55 0.0628 0.0000 0.0000
75.9375 -68.3678 0.4274 0.2469 0.3257 0.00000 7.826 1500.0 12.0 0.0000 0.4923 62.60 0.0628 0.0000 0.0000
78.7500 -68.3678 0.4394 0.2398 0.3208 0.00000 7.538 1500.0 12.0 0.0000 0.4549 57.35 0.0628 0.0000 0.0000
81.5625 -68.3678 0.4222 0.2491 0.3287 0.00000 7.632 1500.0 12.0 0.0000 0.6055 77.31 0.0628 0.0000 0.0000
84.3750 -68.3678 0.3716 0.2786 0.3498 0.00000 8.211 1500.0 12.0 0.0000 1.2351 163.27 0.0628 0.0000 0.0000
87.1875 -68.3678 0.3203 0.3095 0.3701 0.00000 8.793 1500.0 12.0 0.0000 0.6696 91.53 0.0628 0.0000 0.0000
90.0000 -68.3678 0.2988 0.3276 0.3736 0.00000 8.994 1500.0 12.0 0.0000 0.4190 57.91 0.0628 0.0000 0.0000
92.8125 -68.3678 0.3764 0.2762 0.3475 0.00000 8.230 1500.0 12.0 0.0000 0.3795 49.99 0.0628 0.0000 0.0000
95.6250 -68.3678 0.5485 0.1787 0.2728 0.00000 7.239 1500.0 12.0 0.0000 0.5773 67.08 0.0628 0.0000 0.0000
98.4375 -68.3678 0.4658 0.2108 0.3234 0.00000 6.916 1500.0 12.0 0.0000 0.5750 71.70 0.0628 0.0000 0.0000
101.2500 -68.3678 0.3603 0.2559 0.3838 0.00000 6.768 1500.0 12.0 0.0000 0.5220 70.60 0.0628 0.0000 0.0000
104.0625 -68.3678 0.3034 0.2878 0.4087 0.00000 7.080 1500.0 12.0 0.0000 0.3073 43.15 0.0628 0.0000 0.0000
106.8750 -68.3678 0.3865 0.2429 0.3705 0.00000 7.140 1500.0 12.0 0.0000 0.2627 34.87 0.0628 0.0000 0.0002
109.6875 -68.3678 0.4956 0.1944 0.3100 0.00000 7.419 1500.0 12.0 0.0000 0.2499 30.49 0.0628 0.0000 0.0003
112.5000 -68.3678 0.5294 0.1666 0.3030 0.00000 6.777 1500.0 12.0 0.0000 0.3596 42.90 0.0628 0.0000 0.0000
149.0625 -68.3678 0.5211 0.1740 0.3049 0.00000 6.712 1499.9 12.0 0.0000 0.3437 41.27 0.0628 0.0001 0.0008
151.8750 -68.3678 0.4667 0.1999 0.3334 0.00000 7.718 1499.5 12.0 0.0000 0.2004 25.13 0.0628 0.0003 0.0043
154.6875 -68.3678 0.3651 0.2648 0.3701 0.00000 8.314 1499.6 12.0 0.0000 0.0884 11.86 0.0628 0.0003 0.0038
157.5000 -68.3678 0.3547 0.2754 0.3699 0.00000 8.358 1499.6 12.0 0.0000 0.0698 10.00 0.0628 0.0002 0.0032
160.3125 -68.3678 0.4608 0.2049 0.3343 0.00000 7.415 1499.3 12.0 0.0000 0.0763 10.00 0.0628 0.0004 0.0060
163.1250 -68.3678 0.6106 0.1437 0.2457 0.00000 7.068 1500.0 12.0 0.0000 0.1666 18.42 0.0628 0.0000 0.0000
165.9375 -68.3678 0.6676 0.1114 0.2210 0.00000 6.745 1500.0 12.0 0.0000 0.2932 30.90 0.0628 0.0000 0.0000
168.7500 -68.3678 0.5608 0.1741 0.2650 0.00000 7.464 1500.0 12.0 0.0000 0.2130 24.48 0.0628 0.0000 0.0000
171.5625 -68.3678 0.4064 0.2608 0.3329 0.00000 8.335 1500.0 12.0 0.0000 0.1268 16.34 0.0628 0.0000 0.0000
174.3750 -68.3678 0.3599 0.2856 0.3545 0.00000 8.351 1500.0 12.0 0.0000 0.1318 17.56 0.0628 0.0000 0.0000
177.1875 -68.3678 0.4054 0.2582 0.3364 0.00000 7.840 1500.0 12.0 0.0000 0.1625 21.00 0.0628 0.0000 0.0000
180.0000 -68.3678 0.4042 0.2589 0.3369 0.00000 7.850 1500.0 12.0 0.0000 0.1754 22.68 0.0628 0.0000 0.0000
-177.1875 -68.3678 0.4905 0.2069 0.3025 0.00000 6.882 1500.0 12.0 0.0000 0.1979 24.10 0.0628 0.0000 0.0000
-174.3750 -68.3678 0.4879 0.2085 0.3036 0.00000 6.913 1500.0 12.0 0.0000 0.2750 33.55 0.0628 0.0000 0.0000
-171.5625 -68.3678 0.4242 0.2472 0.3286 0.00000 7.680 1500.0 12.0 0.0000 0.3248 41.43 0.0628 0.0000 0.0000
-168.7500 -68.3678 0.3034 0.3227 0.3740 0.00000 9.159 1500.0 12.0 0.0000 0.3832 52.87 0.0628 0.0000 0.0000
-165.9375 -68.3678 0.2703 0.3401 0.3897 0.00000 9.403 1500.0 12.0 0.0000 0.3894 54.92 0.0628 0.0000 0.0000
-163.1250 -68.3678 0.2732 0.3386 0.3882 0.00000 9.421 1500.0 12.0 0.0000 0.2951 41.55 0.0628 0.0000 0.0000
-160.3125 -68.3678 0.3543 0.2941 0.3516 0.00000 8.866 1500.0 12.0 0.0000 0.2791 37.22 0.0628 0.0000 0.0000
-157.5000 -68.3678 0.4209 0.2551 0.3240 0.00000 8.356 1500.0 12.0 0.0000 0.3581 45.64 0.0720 0.0000 0.0000
-154.6875 -68.3678 0.5278 0.1987 0.2735 0.00000 7.102 1499.7 12.0 0.0000 0.3419 40.19 0.1292 0.0002 0.0006
-151.8750 -68.3678 0.6056 0.1496 0.2448 0.00000 5.955 1497.6 12.0 0.0000 0.5008 55.72 0.1603 0.0016 0.0036
-149.0625 -68.3678 0.4777 0.2150 0.3073 0.00000 5.986 1500.0 12.0 0.0000 0.3766 46.27 0.1742 0.0000 0.0000
-146.2500 -68.3678 0.4959 0.2194 0.2848 0.00000 6.574 1500.0 12.0 0.0000 0.1770 21.28 0.1728 0.0000 0.0000
-143.4375 -68.3678 0.5147 0.2093 0.2760 0.00000 6.853 1500.0 12.0 0.0000 0.1255 14.86 0.1603 0.0000 0.0000
-140.6250 -68.3678 0.5404 0.1895 0.2701 0.00000 6.505 1500.0 12.0 0.0000 0.1209 14.08 0.1391 0.0000 0.0000
-137.8125 -68.3678 0.4260 0.2500 0.3240 0.00000 7.357 1500.0 12.0 0.0000 0.1187 15.08 0.1051 0.0000 0.0000
-135.0000 -68.3678 0.3232 0.3074 0.3694 0.00000 8.771 1500.0 12.0 0.0000 0.1113 15.19 0.0628 0.0000 0.0000
-132.1875 -68.3678 0.2973 0.3244 0.3783 0.00000 9.001 1500.0 12.0 0.0000 0.1871 25.94 0.0699 0.0000 0.0000
-129.3750 -68.3678 0.2920 0.3266 0.3814 0.00000 9.112 1500.0 12.0 0.0000 0.1652 23.00 0.0628 0.0000 0.0000
-126.5625 -68.3678 0.3062 0.3180 0.3758 0.00000 8.953 1500.0 12.0 0.0000 0.2184 30.12 0.0628 0.0000 0.0000
-123.7500 -68.3678 0.3928 0.2657 0.3416 0.00000 7.986 1500.0 12.0 0.0000 0.2396 31.23 0.0628 0.0000 0.0000
-120.9375 -68.3678 0.3417 0.2994 0.3589 0.00000 8.533 1500.0 12.0 0.0000 0.2198 29.59 0.0628 0.0000 0.0000
-118.1250 -68.3678 0.3469 0.2940 0.3591 0.00000 8.493 1500.0 12.0 0.0000 0.2128 28.59 0.0628 0.0000 0.0000
-115.3125 -68.3678 0.3502 0.2912 0.3586 0.00000 8.468 1500.0 12.0 0.0000 0.2179 29.22 0.0628 0.0000 0.0000
-112.5000 -68.3678 0.3613 0.2864 0.3522 0.00000 8.327 1500.0 12.0 0.0000 0.2575 34.24 0.0628 0.0000 0.0000
-109.6875 -68.3678 0.3990 0.2642 0.3368 0.00000 7.896 1500.0 12.0 0.0000 0.3802 49.29 0.0628 0.0000 0.0000
-106.8750 -68.3678 0.4893 0.2081 0.3026 0.00000 6.898 1500.0 12.0 0.0000 0.7381 89.92 0.0628 0.0000 0.0000
-104.0625 -68.3678 0.4589 0.2261 0.3151 0.00000 7.205 1500.0 12.0 0.0000 1.2419 154.64 0.0628 0.0000 0.0000
-101.2500 -68.3678 0.4962 0.2031 0.3007 0.00000 6.800 1500.0 12.0 0.0000 1.1129 134.98 0.0628 0.0000 0.0000
-98.4375 -68.3678 0.4665 0.2219 0.3116 0.00000 7.140 1500.0 12.0 0.0000 0.7608 94.20 0.0628 0.0000 0.0000
-95.6250 -68.3678 0.4788 0.2145 0.3067 0.00000 7.014 1500.0 12.0 0.0000 0.5012 61.52 0.0628 0.0000 0.0000
-92.8125 -68.3678 0.4849 0.2107 0.3044 0.00000 6.946 1500.0 12.0 0.0000 0.3090 37.77 0.0628 0.0000 0.0000
-90.0000 -68.3678 0.4719 0.2197 0.3083 0.00000 7.082 1500.0 12.0 0.0000 0.2112 26.04 0.0628 0.0000 0.0000
-87.1875 -68.3678 0.4355 0.2433 0.3212 0.00000 7.548 1500.0 12.0 0.0000 0.1744 22.04 0.0628 0.0000 0.0000
-84.3750 -68.3678 0.6009 0.1472 0.2519 0.00000 6.701 1500.0 12.0 0.0000 0.2929 32.68 0.0628 0.0000 0.0000
-81.5625 -68.3678 0.6532 0.1202 0.2266 0.00000 6.780 1500.0 12.0 0.0000 0.5480 58.45 0.0628 0.0000 0.0000
-78.7500 -68.3678 0.6012 0.1502 0.2486 0.00000 7.174 1500.0 12.0 0.0000 0.5673 63.15 0.0628 0.0000 0.0000
-75.9375 -68.3678 0.5357 0.1877 0.2766 0.00000 7.464 1500.0 12.0 0.0000 0.6640 77.83 0.0628 0.0000 0.0000
-73.1250 -68.3678 0.5616 0.1676 0.2709 0.00000 7.198 1500.0 12.0 0.0000 0.9857 113.62 0.0628 0.0000 0.0004
-70.3125 -68.3678 0.5171 0.1987 0.2842 0.00000 7.558 1500.0 12.0 0.0000 1.5982 189.98 0.0628 0.0000 0.0001
-67.5000 -68.3678 0.4618 0.2102 0.3280 0.00000 7.873 1499.8 12.0 0.0000 1.3225 165.68 0.0628 0.0001 0.0015
-64.6875 -68.3678 0.4402 0.2323 0.3275 0.00000 7.885 1499.9 12.0 0.0000 1.3363 169.08 0.0628 0.0000 0.0006
-61.8750 -68.3678 0.5258 0.1919 0.2823 0.00000 7.558 1500.0 12.0 0.0000 1.3770 162.78 0.0628 0.0000 0.0000
-59.0625 -68.3678 0.6773 0.1070 0.2157 0.00000 6.666 1500.0 12.0 0.0000 2.1802 227.74 0.0628 0.0000 0.0000
-56.2500 -68.3678 0.6717 0.1082 0.2201 0.00000 6.482 1500.0 12.0 0.0000 1.0677 112.22 0.0628 0.0000 0.0000
-53.4375 -68.3678 0.5631 0.1675 0.2694 0.00000 6.739 1500.0 12.0 0.0000 0.3366 38.74 0.0628 0.0000 0.0000
-50.6250 -68.3678 0.4263 0.2462 0.3275 0.00000 7.631 1500.0 12.0 0.0000 0.1616 20.57 0.0628 0.0000 0.0000
-47.8125 -68.3678 0.2756 0.3530 0.3714 0.00000 9.164 1500.0 12.0 0.0000 0.1004 14.01 0.0628 0.0000 0.0000
-45.0000 -68.3678 0.3345 0.3136 0.3519 0.00000 8.534 1500.0 12.0 0.0000 0.0814 10.96 0.0628 0.0000 0.0000
-42.1875 -68.3678 0.4507 0.2389 0.3104 0.00000 7.268 1500.0 12.0 0.0000 0.0742 10.00 0.0628 0.0000 0.0000
-39.3750 -68.3678 0.4510 0.2368 0.3123 0.00000 7.342 1500.0 12.0 0.0000 0.0861 10.74 0.0628 0.0000 0.0000
-36.5625 -68.3678 0.4354 0.2438 0.3208 0.00000 7.653 1500.0 12.0 0.0000 0.0939 11.86 0.0628 0.0000 0.0000
-33.7500 -68.3678 0.4491 0.2443 0.3066 0.00000 7.655 1500.0 12.0 0.0000 0.1058 13.17 0.0628 0.0000 0.0000
-30.9375 -68.3678 0.5018 0.2077 0.2905 0.00000 7.299 1500.0 12.0 0.0000 0.1110 13.34 0.0628 0.0000 0.0000
-28.1250 -68.3678 0.5258 0.1909 0.2832 0.00000 7.342 1500.0 12.0 0.0000 0.1593 18.84 0.0628 0.0000 0.0000
-25.3125 -68.3678 0.5137 0.2057 0.2806 0.00000 6.921 1500.0 12.0 0.0000 0.2846 33.82 0.1275 0.0000 0.0000
-22.5000 -68.3678 0.3459 0.3065 0.3476 0.00000 7.524 1500.0 12.0 0.0000 0.2620 35.00 0.1676 0.0000 0.0000
-19.6875 -68.3678 0.2846 0.3443 0.3711 0.00000 7.725 1500.0 12.0 0.0000 0.3160 43.89 0.1949 0.0000 0.0000
-16.8750 -68.3678 0.2555 0.3514 0.3932 0.00000 7.482 1500.0 12.0 0.0000 0.4503 64.04 0.2095 0.0000 0.0000
-14.0625 -68.3678 0.3361 0.3028 0.3611 0.00000 6.618 1497.6 12.0 0.0000 0.7675 104.08 0.2226 0.0016 0.0028
-11.2500 -68.3678 0.4429 0.2545 0.3026 0.00000 6.517 1500.0 12.0 0.0000 0.3621 45.12 0.2416 0.0000 0.0000
-8.4375 -68.3678 0.4427 0.2480 0.3090 0.00000 5.956 1500.0 12.0 0.0000 0.2651 33.14 0.2633 0.0000 0.0000
42.1875 -71.1578 0.4132 0.2683 0.3184 0.00000 6.650 1500.0 12.0 0.0000 0.4046 51.58 0.2314 0.0000 0.0000
45.0000 -71.1578 0.4713 0.2324 0.2963 0.00000 6.346 1500.0 12.0 0.0000 0.4350 53.27 0.2219 0.0000 0.0000
47.8125 -71.1578 0.4808 0.2161 0.3032 0.00000 6.342 1500.0 12.0 0.0000 0.7395 90.49 0.2031 0.0000 0.0000
50.6250 -71.1578 0.3247 0.3006 0.3748 0.00000 7.001 1500.0 12.0 0.0000 0.7039 96.26 0.1782 0.0000 0.0000
53.4375 -71.1578 0.2818 0.3121 0.4061 0.00000 6.678 1500.0 12.0 0.0000 1.2332 174.52 0.1596 0.0000 0.0000
56.2500 -71.1578 0.3450 0.2916 0.3634 0.00000 7.330 1500.0 12.0 0.0000 0.7220 97.28 0.1366 0.0000 0.0000
59.0625 -71.1578 0.3029 0.3278 0.3693 0.00000 8.318 1500.0 12.0 0.0000 0.4020 55.34 0.1077 0.0000 0.0000
61.8750 -71.1578 0.4606 0.2166 0.3227 0.00000 7.131 1500.0 12.0 0.0000 0.3863 48.27 0.0628 0.0000 0.0000
64.6875 -71.1578 0.4375 0.2249 0.3376 0.00000 6.934 1500.0 12.0 0.0000 0.4096 52.18 0.0628 0.0000 0.0000
67.5000 -71.1578 0.3284 0.2880 0.3836 0.00000 7.654 1500.0 12.0 0.0000 0.2826 38.76 0.0628 0.0000 0.0000
70.3125 -71.1578 0.2890 0.3013 0.4096 0.00000 7.488 1500.0 12.0 0.0000 0.5016 70.89 0.0628 0.0000 0.0000
73.1250 -71.1578 0.3385 0.2809 0.3806 0.00000 7.590 1500.0 12.0 0.0000 0.5256 71.66 0.0628 0.0000 0.0000
75.9375 -71.1578 0.4738 0.2220 0.3041 0.00000 7.356 1500.0 12.0 0.0000 0.5100 62.66 0.0628 0.0000 0.0000
78.7500 -71.1578 0.4808 0.2139 0.3053 0.00000 7.146 1500.0 12.0 0.0000 0.7920 97.03 0.0628 0.0000 0.0000
81.5625 -71.1578 0.3468 0.2962 0.3570 0.00000 8.567 1500.0 12.0 0.0000 1.0518 141.13 0.0628 0.0000 0.0000
84.3750 -71.1578 0.2535 0.3542 0.3924 0.00000 9.500 1500.0 12.0 0.0000 1.5441 219.66 0.0628 0.0000 0.0000
87.1875 -71.1578 0.2589 0.3468 0.3943 0.00000 9.500 1500.0 12.0 0.0000 0.8097 115.03 0.0628 0.0000 0.0000
90.0000 -71.1578 0.3522 0.3074 0.3404 0.00000 8.809 1500.0 12.0 0.0000 0.6822 90.53 0.0628 0.0000 0.0000
92.8125 -71.1578 0.4859 0.2154 0.2988 0.00000 7.706 1500.0 12.0 0.0000 0.7755 94.43 0.0628 0.0000 0.0000
95.6250 -71.1578 0.6475 0.1182 0.2343 0.00000 6.522 1500.0 12.0 0.0000 2.0370 219.08 0.0628 0.0000 0.0000
98.4375 -71.1578 0.3921 0.2398 0.3681 0.00000 6.661 1500.0 12.0 0.0000 1.4808 195.81 0.0628 0.0000 0.0000
101.2500 -71.1578 0.2866 0.3009 0.4124 0.00000 7.290 1500.0 12.0 0.0000 0.5279 74.80 0.0628 0.0000 0.0000
104.0625 -71.1578 0.3225 0.2778 0.3997 0.00000 7.214 1500.0 12.0 0.0000 0.4604 63.83 0.0628 0.0000 0.0002
106.8750 -71.1578 0.4337 0.2348 0.3315 0.00000 7.974 1500.0 12.0 0.0000 0.3026 38.48 0.0628 0.0000 0.0000
109.6875 -71.1578 0.4593 0.2210 0.3198 0.00000 7.271 1500.0 12.0 0.0000 0.3576 44.64 0.0628 0.0000 0.0000
112.5000 -71.1578 0.3815 0.2732 0.3452 0.00000 8.018 1500.0 12.0 0.0000 0.4664 61.22 0.0628 0.0000 0.0000
115.3125 -71.1578 0.4047 0.2643 0.3311 0.00000 7.147 1500.0 12.0 0.0000 0.6537 84.25 0.0628 0.0000 0.0000
118.1250 -71.1578 0.3708 0.3058 0.3234 0.00000 6.800 1500.0 12.0 0.0000 0.5828 75.99 0.0628 0.0000 0.0000
146.2500 -71.1578 0.4892 0.1966 0.3142 0.00000 6.694 1500.0 12.0 0.0000 0.6615 81.13 0.0628 0.0000 0.0000
149.0625 -71.1578 0.5941 0.1339 0.2720 0.00000 6.683 1500.0 12.0 0.0000 0.6872 77.93 0.0628 0.0000 0.0001
151.8750 -71.1578 0.4204 0.2365 0.3431 0.00000 7.633 1499.9 12.0 0.0000 0.2460 31.68 0.0628 0.0001 0.0007
154.6875 -71.1578 0.3527 0.2696 0.3777 0.00000 7.620 1500.0 12.0 0.0000 0.2003 27.10 0.0628 0.0000 0.0000
157.5000 -71.1578 0.3053 0.2829 0.4118 0.00000 6.860 1500.0 12.0 0.0000 0.3095 43.49 0.0628 0.0000 0.0000
160.3125 -71.1578 0.3137 0.2932 0.3931 0.00000 7.614 1500.0 12.0 0.0000 0.1387 19.23 0.0628 0.0000 0.0000
163.1250 -71.1578 0.5339 0.1813 0.2847 0.00000 7.167 1500.0 12.0 0.0000 0.1997 23.55 0.0628 0.0000 0.0000
165.9375 -71.1578 0.6117 0.1452 0.2431 0.00000 7.112 1500.0 12.0 0.0000 0.2345 25.87 0.0628 0.0000 0.0000
168.7500 -71.1578 0.4754 0.2213 0.3033 0.00000 7.889 1500.0 12.0 0.0000 0.1638 20.10 0.0628 0.0000 0.0000
171.5625 -71.1578 0.3674 0.2843 0.3484 0.00000 8.754 1500.0 12.0 0.0000 0.1890 25.01 0.0628 0.0000 0.0000
174.3750 -71.1578 0.2692 0.3436 0.3872 0.00000 9.341 1500.0 12.0 0.0000 0.2499 35.23 0.0628 0.0000 0.0000
177.1875 -71.1578 0.3599 0.2869 0.3532 0.00000 8.337 1500.0 12.0 0.0000 0.3246 43.22 0.0628 0.0000 0.0000
180.0000 -71.1578 0.4726 0.2177 0.3097 0.00000 7.080 1500.0 12.0 0.0000 0.2639 32.55 0.0628 0.0000 0.0000
-177.1875 -71.1578 0.4468 0.2331 0.3200 0.00000 7.367 1500.0 12.0 0.0000 0.2358 29.61 0.0628 0.0000 0.0000
-174.3750 -71.1578 0.4702 0.2195 0.3103 0.00000 7.103 1500.0 12.0 0.0000 0.2559 31.61 0.0628 0.0000 0.0000
-171.5625 -71.1578 0.4688 0.2199 0.3113 0.00000 7.126 1500.0 12.0 0.0000 0.3024 37.40 0.0628 0.0000 0.0000
-168.7500 -71.1578 0.3957 0.2651 0.3392 0.00000 7.939 1500.0 12.0 0.0000 0.3981 51.75 0.0628 0.0000 0.0000
-165.9375 -71.1578 0.4301 0.2452 0.3247 0.00000 7.551 1500.0 12.0 0.0000 0.6119 77.67 0.0628 0.0000 0.0000
-163.1250 -71.1578 0.3813 0.2764 0.3422 0.00000 8.082 1500.0 12.0 0.0000 0.4906 64.31 0.0628 0.0000 0.0000
-160.3125 -71.1578 0.3787 0.2773 0.3441 0.00000 8.276 1500.0 12.0 0.0000 0.4232 55.60 0.0628 0.0000 0.0000
-157.5000 -71.1578 0.4400 0.2387 0.3214 0.00000 7.658 1500.0 12.0 0.0000 0.2574 32.46 0.0628 0.0000 0.0000
-154.6875 -71.1578 0.5467 0.1774 0.2759 0.00000 6.965 1500.0 12.0 0.0000 0.2175 25.34 0.0628 0.0000 0.0000
-151.8750 -71.1578 0.5469 0.1785 0.2746 0.00000 7.162 1500.0 12.0 0.0000 0.1756 20.45 0.0628 0.0000 0.0000
-149.0625 -71.1578 0.4401 0.2424 0.3174 0.00000 8.094 1500.0 12.0 0.0000 0.1114 14.01 0.0628 0.0000 0.0000
-146.2500 -71.1578 0.3978 0.2676 0.3346 0.00000 8.188 1500.0 12.0 0.0000 0.0859 11.13 0.0628 0.0000 0.0000
-143.4375 -71.1578 0.3485 0.2958 0.3557 0.00000 8.450 1500.0 12.0 0.0000 0.0660 10.00 0.0628 0.0000 0.0000
-140.6250 -71.1578 0.4147 0.2547 0.3306 0.00000 7.704 1500.0 12.0 0.0000 0.0721 10.00 0.0628 0.0000 0.0000
-137.8125 -71.1578 0.4651 0.2227 0.3122 0.00000 7.160 1500.0 12.0 0.0000 0.0908 11.25 0.0628 0.0000 0.0000
-135.0000 -71.1578 0.3822 0.2742 0.3435 0.00000 8.075 1500.0 12.0 0.0000 0.1088 14.26 0.0628 0.0000 0.0000
-132.1875 -71.1578 0.4072 0.2586 0.3341 0.00000 7.801 1500.0 12.0 0.0000 0.1227 15.83 0.0628 0.0000 0.0000
-129.3750 -71.1578 0.4173 0.2526 0.3301 0.00000 7.690 1500.0 12.0 0.0000 0.1997 25.57 0.0628 0.0000 0.0000
-126.5625 -71.1578 0.4097 0.2576 0.3327 0.00000 7.780 1500.0 12.0 0.0000 0.3620 46.59 0.0628 0.0000 0.0000
-123.7500 -71.1578 0.4785 0.2140 0.3075 0.00000 7.026 1500.0 12.0 0.0000 0.7211 88.56 0.0628 0.0000 0.0000
-120.9375 -71.1578 0.4497 0.2338 0.3164 0.00000 7.318 1500.0 12.0 0.0000 0.5667 70.93 0.0628 0.0000 0.0000
-118.1250 -71.1578 0.4212 0.2450 0.3338 0.00000 7.476 1500.0 12.0 0.0000 0.5711 73.16 0.0628 0.0000 0.0000
-115.3125 -71.1578 0.4219 0.2404 0.3377 0.00000 7.126 1500.0 12.0 0.0000 0.7211 92.54 0.0628 0.0000 0.0000
-112.5000 -71.1578 0.4416 0.2248 0.3336 0.00000 6.800 1500.0 12.0 0.0000 0.9873 125.24 0.0628 0.0000 0.0000
-109.6875 -71.1578 0.4281 0.2304 0.3414 0.00000 6.800 1500.0 12.0 0.0000 1.0051 128.86 0.0628 0.0000 0.0000
-106.8750 -71.1578 0.4250 0.2317 0.3433 0.00000 6.800 1500.0 12.0 0.0000 1.1270 144.85 0.0628 0.0000 0.0000
-104.0625 -71.1578 0.4532 0.2250 0.3217 0.00000 7.058 1500.0 12.0 0.0000 1.2500 156.66 0.0628 0.0000 0.0000
-101.2500 -71.1578 0.4088 0.2561 0.3350 0.00000 7.654 1500.0 12.0 0.0000 1.0645 137.23 0.0628 0.0000 0.0000
-98.4375 -71.1578 0.4567 0.2244 0.3189 0.00000 7.101 1500.0 12.0 0.0000 0.7581 94.71 0.0628 0.0000 0.0000
-95.6250 -71.1578 0.4150 0.2515 0.3334 0.00000 7.591 1500.0 12.0 0.0000 0.4818 61.89 0.0628 0.0000 0.0000
-92.8125 -71.1578 0.4459 0.2305 0.3236 0.00000 7.101 1500.0 12.0 0.0000 0.3381 42.57 0.0628 0.0000 0.0000
-90.0000 -71.1578 0.4280 0.2389 0.3331 0.00000 7.274 1500.0 12.0 0.0000 0.2583 32.97 0.0628 0.0000 0.0000
-87.1875 -71.1578 0.4099 0.2652 0.3250 0.00000 7.612 1500.0 12.0 0.0000 0.2139 27.41 0.0628 0.0000 0.0000
-84.3750 -71.1578 0.4864 0.2097 0.3039 0.00000 6.932 1500.0 12.0 0.0000 0.2218 27.08 0.0628 0.0000 0.0000
-81.5625 -71.1578 0.4843 0.2109 0.3049 0.00000 6.996 1500.0 12.0 0.0000 0.2367 28.94 0.0628 0.0000 0.0000
-78.7500 -71.1578 0.3892 0.2884 0.3225 0.00000 8.171 1500.0 12.0 0.0000 0.2726 35.23 0.0628 0.0000 0.0000
-75.9375 -71.1578 0.4032 0.2837 0.3131 0.00000 8.087 1500.0 12.0 0.0000 0.3777 48.24 0.0628 0.0000 0.0000
-73.1250 -71.1578 0.5418 0.1850 0.2732 0.00000 7.216 1500.0 12.0 0.0000 0.8476 98.84 0.0628 0.0000 0.0000
-70.3125 -71.1578 0.5892 0.1541 0.2568 0.00000 6.801 1500.0 12.0 0.0000 1.6792 189.11 0.0628 0.0000 0.0000
-67.5000 -71.1578 0.4351 0.2447 0.3202 0.00000 8.183 1500.0 12.0 0.0000 1.7877 225.80 0.0628 0.0000 0.0000
-64.6875 -71.1578 0.3910 0.2712 0.3378 0.00000 8.283 1500.0 12.0 0.0000 1.2080 157.27 0.0628 0.0000 0.0000
-61.8750 -71.1578 0.4052 0.2613 0.3335 0.00000 8.291 1500.0 12.0 0.0000 0.8334 107.54 0.0628 0.0000 0.0000
-59.0625 -71.1578 0.5032 0.2080 0.2888 0.00000 7.319 1500.0 12.0 0.0000 0.7048 84.59 0.0628 0.0000 0.0000
-56.2500 -71.1578 0.4803 0.2145 0.3052 0.00000 7.214 1500.0 12.0 0.0000 0.5375 65.87 0.0628 0.0000 0.0000
-53.4375 -71.1578 0.3446 0.2953 0.3601 0.00000 8.517 1500.0 12.0 0.0000 0.4621 62.17 0.0628 0.0000 0.0000
-50.6250 -71.1578 0.3065 0.3195 0.3740 0.00000 8.936 1500.0 12.0 0.0000 0.3842 52.94 0.0628 0.0000 0.0000
-47.8125 -71.1578 0.2896 0.3281 0.3823 0.00000 9.137 1500.0 12.0 0.0000 0.2462 34.31 0.0628 0.0000 0.0000
-45.0000 -71.1578 0.3742 0.2775 0.3483 0.00000 8.186 1500.0 12.0 0.0000 0.1853 24.45 0.0628 0.0000 0.0000
-42.1875 -71.1578 0.3790 0.2766 0.3444 0.00000 8.115 1500.0 12.0 0.0000 0.1450 19.04 0.0628 0.0000 0.0000
-39.3750 -71.1578 0.3929 0.2673 0.3399 0.00000 7.969 1500.0 12.0 0.0000 0.1247 16.23 0.0628 0.0000 0.0000
-36.5625 -71.1578 0.4048 0.2598 0.3355 0.00000 7.838 1500.0 12.0 0.0000 0.1431 18.49 0.0628 0.0000 0.0000
-33.7500 -71.1578 0.3527 0.2942 0.3531 0.00000 8.397 1500.0 12.0 0.0000 0.1329 17.75 0.0628 0.0000 0.0000
-30.9375 -71.1578 0.3604 0.2886 0.3510 0.00000 8.318 1500.0 12.0 0.0000 0.1097 14.59 0.0628 0.0000 0.0000
-28.1250 -71.1578 0.4455 0.2347 0.3198 0.00000 7.417 1500.0 12.0 0.0000 0.1240 15.58 0.0628 0.0000 0.0000
-25.3125 -71.1578 0.4816 0.2173 0.3011 0.00000 7.551 1500.0 12.0 0.0000 0.1843 22.51 0.0628 0.0000 0.0000
-22.5000 -71.1578 0.3947 0.2496 0.3558 0.00000 7.361 1500.0 12.0 0.0000 0.2959 38.83 0.0628 0.0000 0.0000
-19.6875 -71.1578 0.2863 0.3028 0.4109 0.00000 7.317 1500.0 12.0 0.0000 0.3944 55.84 0.0628 0.0000 0.0000
-16.8750 -71.1578 0.3106 0.2825 0.4069 0.00000 6.446 1500.0 12.0 0.0000 1.1128 155.62 0.1115 0.0000 0.0000
-14.0625 -71.1578 0.5518 0.1730 0.2752 0.00000 6.401 1500.0 12.0 0.0000 1.1548 134.14 0.1571 0.0000 0.0000
-11.2500 -71.1578 0.4679 0.2291 0.3030 0.00000 5.967 1500.0 12.0 0.0000 0.6182 76.12 0.1981 0.0000 0.0000
-8.4375 -71.1578 0.3912 0.2779 0.3305 0.00000 6.478 1500.0 12.0 0.0000 0.2387 30.93 0.2341 0.0000 0.0000
30.9375 -73.9475 0.4113 0.2665 0.3223 0.00000 6.040 1500.0 12.0 0.0000 0.3165 40.48 0.2344 0.0000 0.0000
33.7500 -73.9475 0.4913 0.2189 0.2897 0.00000 6.454 1499.8 12.0 0.0000 0.4139 50.02 0.2113 0.0001 0.0003
36.5625 -73.9475 0.4647 0.2263 0.3090 0.00000 6.760 1500.0 12.0 0.0000 0.6156 76.19 0.1827 0.0000 0.0000
39.3750 -73.9475 0.4096 0.2530 0.3375 0.00000 7.235 1500.0 12.0 0.0000 0.7273 93.86 0.1446 0.0000 0.0000
42.1875 -73.9475 0.3988 0.2402 0.3611 0.00000 6.800 1499.9 12.0 0.0000 0.9018 118.46 0.1064 0.0000 0.0002
45.0000 -73.9475 0.2950 0.3155 0.3895 0.00000 8.105 1500.0 12.0 0.0000 0.2506 34.97 0.0668 0.0000 0.0000
47.8125 -73.9475 0.2988 0.2844 0.4168 0.00000 6.861 1500.0 12.0 0.0000 0.4460 62.99 0.0628 0.0000 0.0000
50.6250 -73.9475 0.2987 0.2898 0.4115 0.00000 7.145 1500.0 12.0 0.0000 0.3279 46.20 0.0628 0.0000 0.0000
53.4375 -73.9475 0.2854 0.3159 0.3987 0.00000 8.101 1500.0 12.0 0.0000 0.1936 27.26 0.0628 0.0000 0.0000
56.2500 -73.9475 0.3854 0.2682 0.3463 0.00000 7.978 1500.0 12.0 0.0000 0.1572 20.61 0.0628 0.0000 0.0000
59.0625 -73.9475 0.4138 0.2545 0.3316 0.00000 7.737 1500.0 12.0 0.0000 0.1371 17.60 0.0628 0.0000 0.0000
61.8750 -73.9475 0.3909 0.2670 0.3421 0.00000 8.002 1500.0 12.0 0.0000 0.1500 19.57 0.0628 0.0000 0.0000
64.6875 -73.9475 0.4006 0.2633 0.3360 0.00000 7.875 1500.0 12.0 0.0000 0.1678 21.73 0.0628 0.0000 0.0000
67.5000 -73.9475 0.3839 0.2680 0.3481 0.00000 7.879 1500.0 12.0 0.0000 0.1890 24.82 0.0628 0.0000 0.0000
70.3125 -73.9475 0.3382 0.2826 0.3793 0.00000 7.607 1500.0 12.0 0.0000 0.3686 50.22 0.0628 0.0000 0.0000
73.1250 -73.9475 0.3257 0.2915 0.3828 0.00000 7.722 1500.0 12.0 0.0000 0.4529 62.16 0.0628 0.0000 0.0000
75.9375 -73.9475 0.3600 0.2807 0.3593 0.00000 7.894 1500.0 12.0 0.0000 0.4944 66.03 0.0628 0.0000 0.0000
78.7500 -73.9475 0.3191 0.2932 0.3877 0.00000 7.784 1500.0 12.0 0.0000 0.8867 122.36 0.0628 0.0000 0.0000
81.5625 -73.9475 0.3574 0.2848 0.3579 0.00000 8.250 1500.0 12.0 0.0000 1.4471 193.34 0.0628 0.0000 0.0000
84.3750 -73.9475 0.3612 0.2841 0.3548 0.00000 8.295 1500.0 12.0 0.0000 1.1570 154.07 0.0628 0.0000 0.0000
87.1875 -73.9475 0.3067 0.3098 0.3835 0.00000 8.489 1500.0 12.0 0.0000 1.0047 139.10 0.0628 0.0000 0.0000
90.0000 -73.9475 0.3396 0.2795 0.3809 0.00000 7.597 1500.0 12.0 0.0000 1.3493 183.89 0.0628 0.0000 0.0000
92.8125 -73.9475 0.4040 0.2362 0.3598 0.00000 6.755 1500.0 12.0 0.0000 2.1665 283.70 0.0628 0.0000 0.0000
95.6250 -73.9475 0.3184 0.2733 0.4082 0.00000 6.594 1500.0 12.0 0.0000 2.1000 292.88 0.0628 0.0000 0.0000
98.4375 -73.9475 0.2960 0.2896 0.4144 0.00000 6.854 1500.0 12.0 0.0000 1.7934 253.31 0.0628 0.0000 0.0000
101.2500 -73.9475 0.2919 0.2924 0.4157 0.00000 7.050 1500.0 12.0 0.0000 1.3778 195.08 0.0628 0.0000 0.0000
104.0625 -73.9475 0.2795 0.3105 0.4100 0.00000 7.768 1500.0 12.0 0.0000 0.8315 118.02 0.0628 0.0000 0.0000
106.8750 -73.9475 0.2926 0.3027 0.4047 0.00000 7.579 1500.0 12.0 0.0000 0.8738 123.01 0.0628 0.0000 0.0000
109.6875 -73.9475 0.3869 0.2466 0.3665 0.00000 7.241 1500.0 12.0 0.0000 0.9190 121.71 0.0628 0.0000 0.0003
112.5000 -73.9475 0.5411 0.1623 0.2967 0.00000 7.320 1499.9 12.0 0.0000 1.0942 129.46 0.0628 0.0000 0.0006
115.3125 -73.9475 0.5962 0.1310 0.2728 0.00000 6.482 1500.0 12.0 0.0000 1.4553 164.93 0.0628 0.0000 0.0001
146.2500 -73.9475 0.4578 0.2166 0.3256 0.00000 6.749 1500.0 12.0 0.0000 0.5575 69.87 0.0628 0.0000 0.0000
149.0625 -73.9475 0.4755 0.2080 0.3165 0.00000 6.685 1500.0 12.0 0.0000 0.4811 59.48 0.0628 0.0000 0.0000
151.8750 -73.9475 0.4200 0.2401 0.3399 0.00000 7.025 1500.0 12.0 0.0000 0.3693 47.49 0.0628 0.0000 0.0000
154.6875 -73.9475 0.4527 0.2245 0.3228 0.00000 7.457 1500.0 12.0 0.0000 0.3245 40.70 0.0628 0.0000 0.0000
157.5000 -73.9475 0.4899 0.1961 0.3140 0.00000 7.208 1500.0 12.0 0.0000 0.3730 45.72 0.0628 0.0000 0.0000
160.3125 -73.9475 0.4913 0.1687 0.3400 0.00000 6.658 1499.7 12.0 0.0000 0.5284 65.72 0.0628 0.0002 0.0027
163.1250 -73.9475 0.4077 0.2500 0.3423 0.00000 7.909 1500.0 12.0 0.0000 0.2904 37.61 0.0628 0.0000 0.0004
165.9375 -73.9475 0.4715 0.2243 0.3042 0.00000 8.065 1500.0 12.0 0.0000 0.4429 54.48 0.0628 0.0000 0.0000
168.7500 -73.9475 0.5835 0.1602 0.2563 0.00000 7.312 1500.0 12.0 0.0000 1.1419 128.96 0.0628 0.0000 0.0000
171.5625 -73.9475 0.5604 0.1746 0.2650 0.00000 7.464 1500.0 12.0 0.0000 1.5633 179.66 0.0628 0.0000 0.0000
174.3750 -73.9475 0.5422 0.1852 0.2726 0.00000 7.413 1500.0 12.0 0.0000 0.8328 97.06 0.0628 0.0000 0.0000
177.1875 -73.9475 0.5288 0.1890 0.2822 0.00000 7.189 1500.0 12.0 0.0000 0.4529 53.46 0.0628 0.0000 0.0000
180.0000 -73.9475 0.4128 0.2568 0.3304 0.00000 7.815 1500.0 12.0 0.0000 0.2663 34.19 0.0628 0.0000 0.0000
-177.1875 -73.9475 0.4718 0.2181 0.3101 0.00000 7.098 1500.0 12.0 0.0000 0.2591 31.97 0.0628 0.0000 0.0000
-174.3750 -73.9475 0.4564 0.2285 0.3151 0.00000 7.260 1500.0 12.0 0.0000 0.2577 32.13 0.0628 0.0000 0.0000
-171.5625 -73.9475 0.4665 0.2218 0.3117 0.00000 7.156 1500.0 12.0 0.0000 0.2886 35.73 0.0628 0.0000 0.0000
-168.7500 -73.9475 0.4667 0.2209 0.3124 0.00000 7.155 1500.0 12.0 0.0000 0.3881 48.07 0.0628 0.0000 0.0000
-165.9375 -73.9475 0.3941 0.2698 0.3361 0.00000 7.926 1500.0 12.0 0.0000 0.9504 123.44 0.0628 0.0000 0.0000
-163.1250 -73.9475 0.4804 0.2128 0.3067 0.00000 7.003 1500.0 12.0 0.0000 1.7484 214.44 0.0628 0.0000 0.0000
-160.3125 -73.9475 0.4480 0.2337 0.3184 0.00000 7.336 1500.0 12.0 0.0000 0.4868 61.05 0.0628 0.0000 0.0000
-157.5000 -73.9475 0.4576 0.2272 0.3152 0.00000 7.252 1500.0 12.0 0.0000 0.2766 34.47 0.0628 0.0000 0.0000
-154.6875 -73.9475 0.4305 0.2456 0.3240 0.00000 7.542 1500.0 12.0 0.0000 0.1821 23.10 0.0628 0.0000 0.0000
-151.8750 -73.9475 0.4958 0.2036 0.3007 0.00000 6.834 1500.0 12.0 0.0000 0.1449 17.57 0.0628 0.0000 0.0000
-149.0625 -73.9475 0.4709 0.2186 0.3106 0.00000 7.113 1500.0 12.0 0.0000 0.1215 15.00 0.0628 0.0000 0.0000
-146.2500 -73.9475 0.4252 0.2466 0.3283 0.00000 7.620 1500.0 12.0 0.0000 0.1101 14.03 0.0628 0.0000 0.0000
-143.4375 -73.9475 0.4858 0.2095 0.3047 0.00000 6.949 1500.0 12.0 0.0000 0.1123 13.72 0.0628 0.0000 0.0000
-140.6250 -73.9475 0.4886 0.2087 0.3027 0.00000 6.912 1500.0 12.0 0.0000 0.1213 14.78 0.0628 0.0000 0.0000
-137.8125 -73.9475 0.4778 0.2169 0.3053 0.00000 7.015 1500.0 12.0 0.0000 0.1401 17.19 0.0628 0.0000 0.0000
-135.0000 -73.9475 0.4623 0.2237 0.3140 0.00000 7.203 1500.0 12.0 0.0000 0.1878 23.34 0.0628 0.0000 0.0000
-132.1875 -73.9475 0.3991 0.2640 0.3369 0.00000 7.886 1500.0 12.0 0.0000 0.2858 37.05 0.0628 0.0000 0.0000
-129.3750 -73.9475 0.4623 0.2230 0.3148 0.00000 7.172 1500.0 12.0 0.0000 0.6188 76.91 0.0628 0.0000 0.0000
-126.5625 -73.9475 0.4802 0.2129 0.3068 0.00000 7.000 1500.0 12.0 0.0000 1.1463 140.61 0.0628 0.0000 0.0000
-123.7500 -73.9475 0.4620 0.2237 0.3144 0.00000 7.174 1500.0 12.0 0.0000 0.7846 97.52 0.0628 0.0000 0.0000
-120.9375 -73.9475 0.3057 0.3159 0.3783 0.00000 8.821 1500.0 12.0 0.0000 0.5453 75.32 0.0628 0.0000 0.0000
-118.1250 -73.9475 0.2763 0.3326 0.3911 0.00000 9.092 1500.0 12.0 0.0000 0.5458 76.85 0.0628 0.0000 0.0000
-115.3125 -73.9475 0.2778 0.3313 0.3909 0.00000 9.050 1500.0 12.0 0.0000 0.6862 96.54 0.0628 0.0000 0.0000
-112.5000 -73.9475 0.2986 0.3159 0.3855 0.00000 8.661 1500.0 12.0 0.0000 1.0707 148.90 0.0628 0.0000 0.0000
-109.6875 -73.9475 0.2961 0.3178 0.3861 0.00000 8.708 1500.0 12.0 0.0000 2.8580 398.02 0.0628 0.0000 0.0000
-106.8750 -73.9475 0.3077 0.3120 0.3802 0.00000 8.648 1500.0 12.0 0.0000 2.3415 323.48 0.0628 0.0000 0.0000
-104.0625 -73.9475 0.3349 0.2927 0.3724 0.00000 8.179 1500.0 12.0 0.0000 1.7830 242.45 0.0628 0.0000 0.0000
-101.2500 -73.9475 0.3335 0.2933 0.3732 0.00000 8.184 1500.0 12.0 0.0000 1.4265 194.16 0.0628 0.0000 0.0000
-98.4375 -73.9475 0.3462 0.2809 0.3730 0.00000 7.773 1500.0 12.0 0.0000 1.1538 156.16 0.0628 0.0000 0.0000
-95.6250 -73.9475 0.3029 0.3197 0.3774 0.00000 8.480 1500.0 12.0 0.0000 0.9147 126.45 0.0628 0.0000 0.0000
-92.8125 -73.9475 0.3122 0.3099 0.3780 0.00000 8.350 1500.0 12.0 0.0000 0.7796 107.38 0.0628 0.0000 0.0000
-90.0000 -73.9475 0.3623 0.2732 0.3646 0.00000 7.411 1500.0 12.0 0.0000 0.6929 92.70 0.0628 0.0000 0.0000
-87.1875 -73.9475 0.3693 0.2719 0.3588 0.00000 7.223 1500.0 12.0 0.0000 0.6278 83.47 0.0628 0.0000 0.0000
-84.3750 -73.9475 0.4060 0.2463 0.3477 0.00000 7.169 1500.0 12.0 0.0000 0.6436 83.66 0.0628 0.0000 0.0000
-81.5625 -73.9475 0.3882 0.2839 0.3279 0.00000 7.910 1500.0 12.0 0.0000 0.5090 66.00 0.0628 0.0000 0.0000
-78.7500 -73.9475 0.4392 0.2467 0.3140 0.00000 7.390 1500.0 12.0 0.0000 0.5898 74.10 0.0628 0.0000 0.0000
-75.9375 -73.9475 0.4867 0.2093 0.3040 0.00000 6.929 1500.0 12.0 0.0000 0.7304 89.16 0.0628 0.0000 0.0000
-73.1250 -73.9475 0.4796 0.2136 0.3068 0.00000 7.008 1500.0 12.0 0.0000 0.8958 109.92 0.0628 0.0000 0.0000
-70.3125 -73.9475 0.4435 0.2362 0.3203 0.00000 7.405 1500.0 12.0 0.0000 1.0479 131.84 0.0628 0.0000 0.0000
-67.5000 -73.9475 0.4297 0.2460 0.3243 0.00000 7.548 1500.0 12.0 0.0000 0.8352 106.01 0.0628 0.0000 0.0000
-64.6875 -73.9475 0.4878 0.2092 0.3030 0.00000 6.911 1500.0 12.0 0.0000 0.8117 98.98 0.0628 0.0000 0.0000
-61.8750 -73.9475 0.4697 0.2195 0.3108 0.00000 7.119 1500.0 12.0 0.0000 0.8907 110.07 0.0628 0.0000 0.0000
-59.0625 -73.9475 0.4324 0.2420 0.3256 0.00000 7.537 1500.0 12.0 0.0000 0.6935 87.96 0.0628 0.0000 0.0000
-56.2500 -73.9475 0.3590 0.2862 0.3548 0.00000 8.360 1500.0 12.0 0.0000 0.5731 76.40 0.0628 0.0000 0.0000
-53.4375 -73.9475 0.3520 0.2904 0.3576 0.00000 8.438 1500.0 12.0 0.0000 0.5644 75.58 0.0628 0.0000 0.0000
-50.6250 -73.9475 0.3667 0.2816 0.3517 0.00000 8.273 1500.0 12.0 0.0000 0.5048 66.94 0.0628 0.0000 0.0000
-47.8125 -73.9475 0.3894 0.2679 0.3427 0.00000 8.018 1500.0 12.0 0.0000 0.3432 44.83 0.0628 0.0000 0.0000
-45.0000 -73.9475 0.4036 0.2593 0.3371 0.00000 7.860 1500.0 12.0 0.0000 0.2690 34.80 0.0628 0.0000 0.0000
-42.1875 -73.9475 0.4111 0.2548 0.3341 0.00000 7.776 1500.0 12.0 0.0000 0.2339 30.11 0.0628 0.0000 0.0000
-39.3750 -73.9475 0.4044 0.2613 0.3343 0.00000 7.831 1500.0 12.0 0.0000 0.2757 35.60 0.0628 0.0000 0.0000
-36.5625 -73.9475 0.4395 0.2382 0.3223 0.00000 7.454 1500.0 12.0 0.0000 0.2973 37.52 0.0628 0.0000 0.0000
-33.7500 -73.9475 0.2921 0.3302 0.3777 0.00000 9.080 1500.0 12.0 0.0000 0.1926 26.76 0.0628 0.0000 0.0000
-30.9375 -73.9475 0.4494 0.2326 0.3180 0.00000 7.363 1500.0 12.0 0.0000 0.1848 23.16 0.0628 0.0000 0.0000
-28.1250 -73.9475 0.5887 0.1524 0.2589 0.00000 6.655 1500.0 12.0 0.0000 0.2738 30.88 0.0628 0.0000 0.0000
-25.3125 -73.9475 0.4376 0.2181 0.3443 0.00000 6.638 1500.0 12.0 0.0000 0.6336 81.01 0.0628 0.0000 0.0000
-22.5000 -73.9475 0.2864 0.3134 0.4002 0.00000 7.844 1500.0 12.0 0.0000 0.2552 35.94 0.0628 0.0000 0.0000
-19.6875 -73.9475 0.2929 0.2928 0.4143 0.00000 7.083 1500.0 12.0 0.0000 0.4134 58.46 0.0628 0.0000 0.0000
-16.8750 -73.9475 0.3066 0.2758 0.4176 0.00000 6.570 1500.0 12.0 0.0000 0.7867 110.80 0.0636 0.0000 0.0000
-14.0625 -73.9475 0.3973 0.2435 0.3592 0.00000 7.240 1500.0 12.0 0.0000 0.6712 88.13 0.0699 0.0000 0.0000
-11.2500 -73.9475 0.4865 0.2062 0.3073 0.00000 7.212 1500.0 12.0 0.0000 0.7689 94.06 0.1023 0.0000 0.0001
-8.4375 -73.9475 0.4331 0.2457 0.3212 0.00000 6.952 1499.9 12.0 0.0000 0.3011 38.09 0.1475 0.0001 0.0002
-5.6250 -73.9475 0.2772 0.3559 0.3669 0.00000 7.910 1500.0 12.0 0.0000 0.1816 25.26 0.2013 0.0000 0.0000
0.0000 -76.7369 0.4272 0.2345 0.3384 0.00000 6.997 1500.0 12.0 0.0000 0.2057 26.34 0.0841 0.0000 0.0000
2.8125 -76.7369 0.4549 0.2198 0.3253 0.00000 6.845 1500.0 12.0 0.0000 0.2264 28.40 0.0970 0.0000 0.0000
5.6250 -76.7369 0.4216 0.2449 0.3335 0.00000 7.025 1500.0 12.0 0.0000 0.1997 25.58 0.1207 0.0000 0.0000
8.4375 -76.7369 0.4163 0.2546 0.3291 0.00000 6.983 1500.0 12.0 0.0000 0.1618 20.72 0.1383 0.0000 0.0000
11.2500 -76.7369 0.5354 0.1791 0.2855 0.00000 6.322 1499.6 12.0 0.0000 0.3288 38.78 0.1484 0.0002 0.0006
14.0625 -76.7369 0.4935 0.2007 0.3058 0.00000 6.441 1500.0 12.0 0.0000 0.3632 44.23 0.1491 0.0000 0.0000
16.8750 -76.7369 0.4059 0.2554 0.3387 0.00000 7.102 1500.0 12.0 0.0000 0.2603 33.67 0.1429 0.0000 0.0000
19.6875 -76.7369 0.4250 0.2296 0.3454 0.00000 6.540 1500.0 12.0 0.0000 0.5464 70.31 0.1292 0.0000 0.0000
22.5000 -76.7369 0.3899 0.2518 0.3584 0.00000 7.044 1500.0 12.0 0.0000 0.4134 54.44 0.1073 0.0000 0.0000
25.3125 -76.7369 0.3456 0.2818 0.3725 0.00000 7.768 1500.0 12.0 0.0000 0.3040 41.15 0.0721 0.0000 0.0000
28.1250 -76.7369 0.4302 0.2307 0.3391 0.00000 7.515 1500.0 12.0 0.0000 0.2519 32.22 0.0658 0.0000 0.0000
30.9375 -76.7369 0.4666 0.2025 0.3309 0.00000 7.282 1499.9 12.0 0.0000 0.2686 33.62 0.0628 0.0000 0.0006
33.7500 -76.7369 0.3489 0.2706 0.3805 0.00000 7.666 1500.0 12.0 0.0000 0.2241 30.41 0.0628 0.0000 0.0003
36.5625 -76.7369 0.2979 0.3049 0.3973 0.00000 7.868 1500.0 12.0 0.0000 0.2039 28.54 0.0628 0.0000 0.0000
39.3750 -76.7369 0.3058 0.2991 0.3950 0.00000 7.817 1500.0 12.0 0.0000 0.2128 29.64 0.0628 0.0000 0.0000
42.1875 -76.7369 0.3199 0.2984 0.3818 0.00000 8.053 1500.0 12.0 0.0000 0.1935 26.61 0.0628 0.0000 0.0000
45.0000 -76.7369 0.3263 0.3040 0.3697 0.00000 8.459 1500.0 12.0 0.0000 0.1605 21.88 0.0628 0.0000 0.0000
47.8125 -76.7369 0.4516 0.2286 0.3198 0.00000 7.630 1500.0 12.0 0.0000 0.2325 29.13 0.0628 0.0000 0.0000
50.6250 -76.7369 0.4351 0.2433 0.3216 0.00000 7.599 1500.0 12.0 0.0000 0.1538 19.44 0.0628 0.0000 0.0000
53.4375 -76.7369 0.4352 0.2415 0.3233 0.00000 7.498 1500.0 12.0 0.0000 0.1333 16.86 0.0628 0.0000 0.0000
56.2500 -76.7369 0.4288 0.2463 0.3249 0.00000 7.562 1500.0 12.0 0.0000 0.1330 16.89 0.0628 0.0000 0.0000
59.0625 -76.7369 0.3866 0.2761 0.3373 0.00000 7.998 1500.0 12.0 0.0000 0.1344 17.53 0.0628 0.0000 0.0000
61.8750 -76.7369 0.3903 0.2718 0.3379 0.00000 7.972 1500.0 12.0 0.0000 0.1477 19.23 0.0628 0.0000 0.0000
64.6875 -76.7369 0.3509 0.3009 0.3482 0.00000 8.371 1500.0 12.0 0.0000 0.1605 21.40 0.0628 0.0000 0.0000
67.5000 -76.7369 0.4087 0.2601 0.3312 0.00000 7.772 1500.0 12.0 0.0000 0.2024 26.04 0.0628 0.0000 0.0000
70.3125 -76.7369 0.4152 0.2545 0.3304 0.00000 7.713 1500.0 12.0 0.0000 0.2577 33.04 0.0628 0.0000 0.0000
73.1250 -76.7369 0.4362 0.2405 0.3233 0.00000 7.487 1500.0 12.0 0.0000 0.3538 44.75 0.0628 0.0000 0.0000
75.9375 -76.7369 0.4392 0.2383 0.3225 0.00000 7.458 1500.0 12.0 0.0000 0.5248 66.24 0.0628 0.0000 0.0000
78.7500 -76.7369 0.4201 0.2477 0.3322 0.00000 7.514 1500.0 12.0 0.0000 0.9089 116.37 0.0628 0.0000 0.0000
81.5625 -76.7369 0.4104 0.2420 0.3477 0.00000 6.967 1500.0 12.0 0.0000 1.3292 172.42 0.0628 0.0000 0.0000
84.3750 -76.7369 0.4014 0.2420 0.3566 0.00000 6.738 1500.0 12.0 0.0000 1.2963 169.65 0.0628 0.0000 0.0000
87.1875 -76.7369 0.3519 0.2638 0.3843 0.00000 6.805 1500.0 12.0 0.0000 1.4747 200.24 0.0628 0.0000 0.0000
90.0000 -76.7369 0.4015 0.2465 0.3520 0.00000 6.950 1500.0 12.0 0.0000 1.0524 137.39 0.0628 0.0000 0.0000
92.8125 -76.7369 0.4616 0.2206 0.3177 0.00000 6.980 1500.0 12.0 0.0000 0.8457 105.32 0.0628 0.0000 0.0000
95.6250 -76.7369 0.4656 0.2107 0.3238 0.00000 6.669 1500.0 12.0 0.0000 1.2499 155.89 0.0628 0.0000 0.0000
98.4375 -76.7369 0.4942 0.1914 0.3144 0.00000 6.541 1500.0 12.0 0.0000 1.7498 214.09 0.0628 0.0000 0.0000
101.2500 -76.7369 0.5410 0.1675 0.2916 0.00000 6.484 1500.0 12.0 0.0000 2.0019 236.13 0.0628 0.0000 0.0000
104.0625 -76.7369 0.4490 0.2173 0.3337 0.00000 6.922 1500.0 12.0 0.0000 1.2215 154.42 0.0628 0.0000 0.0000
106.8750 -76.7369 0.4180 0.2395 0.3425 0.00000 7.371 1500.0 12.0 0.0000 0.6967 89.79 0.0628 0.0000 0.0000
109.6875 -76.7369 0.4394 0.2337 0.3269 0.00000 7.409 1500.0 12.0 0.0000 0.4670 59.08 0.0628 0.0000 0.0001
112.5000 -76.7369 0.5151 0.1689 0.3160 0.00000 7.039 1499.8 12.0 0.0000 0.6340 76.88 0.0628 0.0001 0.0016
115.3125 -76.7369 0.5363 0.1485 0.3152 0.00000 6.619 1499.8 12.0 0.0000 0.6268 75.17 0.0628 0.0001 0.0020
118.1250 -76.7369 0.4696 0.2015 0.3288 0.00000 7.080 1499.9 12.0 0.0000 0.4276 53.39 0.0628 0.0001 0.0011
120.9375 -76.7369 0.5024 0.1710 0.3266 0.00000 6.656 1499.8 12.0 0.0000 0.5038 61.85 0.0628 0.0001 0.0017
123.7500 -76.7369 0.5450 0.1384 0.3166 0.00000 6.744 1499.7 12.0 0.0000 0.6769 80.90 0.0628 0.0002 0.0027
126.5625 -76.7369 0.5691 0.1441 0.2868 0.00000 6.492 1500.0 12.0 0.0000 0.6095 70.66 0.0628 0.0000 0.0004
151.8750 -76.7369 0.4943 0.1803 0.3254 0.00000 6.805 1499.8 12.0 0.0000 0.3271 40.28 0.0628 0.0001 0.0014
154.6875 -76.7369 0.5140 0.1659 0.3202 0.00000 6.821 1499.8 12.0 0.0000 0.3950 48.04 0.0628 0.0001 0.0018
157.5000 -76.7369 0.4898 0.1888 0.3214 0.00000 7.172 1499.9 12.0 0.0000 0.3763 46.34 0.0628 0.0001 0.0013
160.3125 -76.7369 0.4834 0.1955 0.3211 0.00000 7.344 1499.9 12.0 0.0000 0.3858 47.65 0.0628 0.0001 0.0012
163.1250 -76.7369 0.5287 0.1779 0.2933 0.00000 7.116 1499.9 12.0 0.0000 0.4532 53.85 0.0628 0.0000 0.0006
165.9375 -76.7369 0.6623 0.1145 0.2232 0.00000 6.732 1500.0 12.0 0.0000 0.9018 95.48 0.0628 0.0000 0.0000
168.7500 -76.7369 0.7169 0.0836 0.1995 0.00000 6.400 1500.0 12.0 0.0000 1.4436 145.74 0.0628 0.0000 0.0000
171.5625 -76.7369 0.7167 0.0837 0.1995 0.00000 6.400 1500.0 12.0 0.0000 1.5625 157.76 0.0628 0.0000 0.0000
174.3750 -76.7369 0.7055 0.0901 0.2043 0.00000 6.477 1500.0 12.0 0.0000 1.4994 152.90 0.0628 0.0000 0.0000
177.1875 -76.7369 0.5870 0.1565 0.2565 0.00000 7.048 1500.0 12.0 0.0000 0.7185 81.00 0.0628 0.0000 0.0000
180.0000 -76.7369 0.4565 0.2299 0.3136 0.00000 7.335 1500.0 12.0 0.0000 0.4393 54.72 0.0628 0.0000 0.0000
-177.1875 -76.7369 0.4019 0.2649 0.3332 0.00000 7.916 1500.0 12.0 0.0000 0.4224 54.59 0.0628 0.0000 0.0000
-174.3750 -76.7369 0.4323 0.2431 0.3247 0.00000 7.540 1500.0 12.0 0.0000 0.5433 68.88 0.0628 0.0000 0.0000
-171.5625 -76.7369 0.4428 0.2373 0.3199 0.00000 7.411 1500.0 12.0 0.0000 0.6248 78.62 0.0628 0.0000 0.0000
-168.7500 -76.7369 0.4389 0.2406 0.3204 0.00000 7.409 1500.0 12.0 0.0000 0.7265 91.61 0.0628 0.0000 0.0000
-165.9375 -76.7369 0.4544 0.2255 0.3201 0.00000 7.005 1500.0 12.0 0.0000 0.8121 101.63 0.0628 0.0000 0.0000
-163.1250 -76.7369 0.4492 0.2218 0.3290 0.00000 6.797 1500.0 12.0 0.0000 0.9011 113.61 0.0628 0.0000 0.0000
-160.3125 -76.7369 0.4030 0.2418 0.3552 0.00000 6.868 1500.0 12.0 0.0000 0.9939 129.88 0.0628 0.0000 0.0000
-157.5000 -76.7369 0.4038 0.2481 0.3480 0.00000 7.240 1500.0 12.0 0.0000 0.7591 98.78 0.0628 0.0000 0.0000
-154.6875 -76.7369 0.3843 0.2653 0.3504 0.00000 7.760 1500.0 12.0 0.0000 0.5070 66.66 0.0628 0.0000 0.0000
-151.8750 -76.7369 0.3414 0.2935 0.3651 0.00000 8.368 1500.0 12.0 0.0000 0.3870 52.28 0.0628 0.0000 0.0000
-149.0625 -76.7369 0.2811 0.3322 0.3867 0.00000 9.174 1500.0 12.0 0.0000 0.3249 45.55 0.0628 0.0000 0.0000
-146.2500 -76.7369 0.3299 0.3011 0.3690 0.00000 8.479 1500.0 12.0 0.0000 0.3106 42.25 0.0628 0.0000 0.0000
-143.4375 -76.7369 0.4067 0.2466 0.3468 0.00000 7.239 1500.0 12.0 0.0000 0.3302 42.88 0.0628 0.0000 0.0000
-140.6250 -76.7369 0.3869 0.2700 0.3431 0.00000 7.708 1500.0 12.0 0.0000 0.3652 47.77 0.0628 0.0000 0.0000
-137.8125 -76.7369 0.4051 0.2508 0.3441 0.00000 7.228 1500.0 12.0 0.0000 0.4736 61.46 0.0628 0.0000 0.0000
-135.0000 -76.7369 0.4164 0.2351 0.3485 0.00000 6.809 1500.0 12.0 0.0000 0.7314 94.65 0.0628 0.0000 0.0000
-132.1875 -76.7369 0.3445 0.2911 0.3644 0.00000 7.990 1500.0 12.0 0.0000 1.4516 195.73 0.0628 0.0000 0.0000
-129.3750 -76.7369 0.3667 0.2740 0.3593 0.00000 7.678 1500.0 12.0 0.0000 3.4628 461.06 0.0628 0.0000 0.0000
-126.5625 -76.7369 0.3002 0.3147 0.3851 0.00000 8.632 1500.0 12.0 0.0000 1.4112 196.08 0.0628 0.0000 0.0000
-123.7500 -76.7369 0.2722 0.3377 0.3901 0.00000 9.281 1500.0 12.0 0.0000 1.0576 149.10 0.0628 0.0000 0.0000
-120.9375 -76.7369 0.2483 0.3530 0.3987 0.00000 9.500 1500.0 12.0 0.0000 1.0280 147.00 0.0628 0.0000 0.0000
-118.1250 -76.7369 0.2483 0.3530 0.3987 0.00000 9.500 1500.0 12.0 0.0000 1.2168 174.01 0.0628 0.0000 0.0000
-115.3125 -76.7369 0.2483 0.3530 0.3987 0.00000 9.500 1500.0 12.0 0.0000 1.7302 247.43 0.0628 0.0000 0.0000
-112.5000 -76.7369 0.2483 0.3530 0.3987 0.00000 9.500 1500.0 12.0 0.0000 1.7324 247.75 0.0628 0.0000 0.0000
-109.6875 -76.7369 0.2483 0.3530 0.3987 0.00000 9.500 1500.0 12.0 0.0000 1.9639 280.85 0.0628 0.0000 0.0000
-106.8750 -76.7369 0.2483 0.3530 0.3987 0.00000 9.500 1500.0 12.0 0.0000 2.3310 333.34 0.0628 0.0000 0.0000
-104.0625 -76.7369 0.2502 0.3516 0.3982 0.00000 9.500 1500.0 12.0 0.0000 2.0957 299.39 0.0628 0.0000 0.0000
-101.2500 -76.7369 0.2614 0.3434 0.3952 0.00000 9.355 1500.0 12.0 0.0000 2.0657 293.29 0.0628 0.0000 0.0000
-98.4375 -76.7369 0.2521 0.3502 0.3977 0.00000 9.500 1500.0 12.0 0.0000 1.5603 222.67 0.0628 0.0000 0.0000
-95.6250 -76.7369 0.2936 0.3196 0.3868 0.00000 8.753 1500.0 12.0 0.0000 1.1799 164.54 0.0628 0.0000 0.0000
-92.8125 -76.7369 0.3254 0.2970 0.3776 0.00000 8.146 1500.0 12.0 0.0000 1.0001 136.91 0.0628 0.0000 0.0000
-90.0000 -76.7369 0.3522 0.2764 0.3714 0.00000 7.657 1500.0 12.0 0.0000 0.9328 125.81 0.0628 0.0000 0.0000
-87.1875 -76.7369 0.3626 0.2748 0.3627 0.00000 7.739 1500.0 12.0 0.0000 0.9693 129.52 0.0628 0.0000 0.0000
-84.3750 -76.7369 0.3812 0.2707 0.3481 0.00000 7.989 1500.0 12.0 0.0000 1.1492 151.12 0.0628 0.0000 0.0000
-81.5625 -76.7369 0.3335 0.3041 0.3624 0.00000 8.624 1500.0 12.0 0.0000 1.5154 205.11 0.0628 0.0000 0.0000
-78.7500 -76.7369 0.4058 0.2604 0.3338 0.00000 7.816 1500.0 12.0 0.0000 1.5519 200.22 0.0628 0.0000 0.0000
-75.9375 -76.7369 0.4982 0.2024 0.2994 0.00000 6.800 1500.0 12.0 0.0000 1.6247 196.71 0.0628 0.0000 0.0000
-73.1250 -76.7369 0.4807 0.2129 0.3064 0.00000 6.996 1500.0 12.0 0.0000 1.1948 146.50 0.0628 0.0000 0.0000
-70.3125 -76.7369 0.4968 0.2032 0.3000 0.00000 6.815 1500.0 12.0 0.0000 0.8257 100.07 0.0628 0.0000 0.0000
-67.5000 -76.7369 0.4982 0.2024 0.2994 0.00000 6.800 1500.0 12.0 0.0000 0.6670 80.76 0.0628 0.0000 0.0000
-64.6875 -76.7369 0.4922 0.2060 0.3018 0.00000 6.867 1500.0 12.0 0.0000 0.6020 73.21 0.0628 0.0000 0.0000
-61.8750 -76.7369 0.4620 0.2242 0.3138 0.00000 7.205 1500.0 12.0 0.0000 0.5940 73.81 0.0628 0.0000 0.0000
-59.0625 -76.7369 0.4012 0.2608 0.3380 0.00000 7.887 1500.0 12.0 0.0000 0.6450 83.58 0.0628 0.0000 0.0000
-56.2500 -76.7369 0.3558 0.2871 0.3570 0.00000 8.337 1500.0 12.0 0.0000 0.8128 108.62 0.0628 0.0000 0.0000
-53.4375 -76.7369 0.3875 0.2686 0.3439 0.00000 8.015 1500.0 12.0 0.0000 0.9701 126.91 0.0628 0.0000 0.0000
-50.6250 -76.7369 0.3794 0.2739 0.3467 0.00000 8.129 1500.0 12.0 0.0000 0.5057 66.49 0.0628 0.0000 0.0000
-47.8125 -76.7369 0.4038 0.2592 0.3370 0.00000 7.855 1500.0 12.0 0.0000 0.3412 44.14 0.0628 0.0000 0.0000
-45.0000 -76.7369 0.4056 0.2581 0.3363 0.00000 7.834 1500.0 12.0 0.0000 0.3317 42.85 0.0628 0.0000 0.0000
-42.1875 -76.7369 0.3448 0.2948 0.3604 0.00000 8.517 1500.0 12.0 0.0000 0.2797 37.64 0.0628 0.0000 0.0000
-39.3750 -76.7369 0.4027 0.2633 0.3340 0.00000 7.842 1500.0 12.0 0.0000 0.2740 35.40 0.0628 0.0000 0.0000
-36.5625 -76.7369 0.3205 0.3200 0.3596 0.00000 8.708 1500.0 12.0 0.0000 0.2145 29.16 0.0628 0.0000 0.0000
-33.7500 -76.7369 0.3445 0.3002 0.3554 0.00000 8.481 1500.0 12.0 0.0000 0.2530 33.95 0.0628 0.0000 0.0000
-30.9375 -76.7369 0.3835 0.2723 0.3442 0.00000 8.078 1500.0 12.0 0.0000 0.2313 30.31 0.0628 0.0000 0.0000
-28.1250 -76.7369 0.4010 0.2638 0.3351 0.00000 7.911 1500.0 12.0 0.0000 0.2205 28.54 0.0628 0.0000 0.0000
-25.3125 -76.7369 0.4662 0.2262 0.3076 0.00000 7.212 1500.0 12.0 0.0000 0.1619 20.00 0.0628 0.0000 0.0000
-22.5000 -76.7369 0.5456 0.1809 0.2735 0.00000 7.236 1500.0 12.0 0.0000 0.2271 26.44 0.0628 0.0000 0.0000
-19.6875 -76.7369 0.4808 0.2048 0.3144 0.00000 7.061 1500.0 12.0 0.0000 0.2284 28.13 0.0628 0.0000 0.0000
-16.8750 -76.7369 0.3201 0.2812 0.3987 0.00000 7.060 1500.0 12.0 0.0000 0.1820 25.24 0.0628 0.0000 0.0000
-14.0625 -76.7369 0.3078 0.2809 0.4112 0.00000 6.850 1500.0 12.0 0.0000 0.2179 30.57 0.0644 0.0000 0.0000
-11.2500 -76.7369 0.3000 0.2893 0.4106 0.00000 7.079 1500.0 12.0 0.0000 0.1560 21.96 0.0658 0.0000 0.0000
-8.4375 -76.7369 0.3519 0.2638 0.3843 0.00000 7.100 1500.0 12.0 0.0000 0.1591 21.60 0.0673 0.0000 0.0000
-5.6250 -76.7369 0.4573 0.2107 0.3320 0.00000 7.333 1500.0 12.0 0.0000 0.1465 18.43 0.0687 0.0000 0.0000
-2.8125 -76.7369 0.4923 0.1958 0.3119 0.00000 7.066 1500.0 12.0 0.0000 0.1708 20.89 0.0721 0.0000 0.0000
0.0000 -79.5256 0.2904 0.2971 0.4125 0.00000 7.194 1500.0 12.0 0.0000 0.1206 17.06 0.0628 0.0000 0.0000
2.8125 -79.5256 0.2836 0.3122 0.4042 0.00000 7.917 1500.0 12.0 0.0000 0.0786 11.10 0.0628 0.0000 0.0000
5.6250 -79.5256 0.3159 0.2772 0.4069 0.00000 6.849 1500.0 12.0 0.0000 0.1439 20.08 0.0628 0.0000 0.0000
8.4375 -79.5256 0.3142 0.2806 0.4052 0.00000 6.840 1500.0 12.0 0.0000 0.1500 20.93 0.0628 0.0000 0.0000
11.2500 -79.5256 0.3457 0.2606 0.3938 0.00000 6.683 1500.0 12.0 0.0000 0.1630 22.30 0.0628 0.0000 0.0000
14.0625 -79.5256 0.3186 0.2740 0.4074 0.00000 6.825 1500.0 12.0 0.0000 0.1832 25.53 0.0628 0.0000 0.0000
16.8750 -79.5256 0.3541 0.2637 0.3822 0.00000 7.042 1500.0 12.0 0.0000 0.1519 20.58 0.0628 0.0000 0.0000
19.6875 -79.5256 0.3709 0.2521 0.3770 0.00000 6.773 1500.0 12.0 0.0000 0.1556 20.88 0.0628 0.0000 0.0000
22.5000 -79.5256 0.3805 0.2486 0.3709 0.00000 6.804 1500.0 12.0 0.0000 0.1571 20.92 0.0628 0.0000 0.0000
25.3125 -79.5256 0.3275 0.2825 0.3900 0.00000 7.119 1500.0 12.0 0.0000 0.1947 26.80 0.0628 0.0000 0.0000
28.1250 -79.5256 0.3367 0.2800 0.3833 0.00000 7.394 1500.0 12.0 0.0000 0.1583 21.62 0.0628 0.0000 0.0000
30.9375 -79.5256 0.4062 0.2385 0.3553 0.00000 6.824 1500.0 12.0 0.0000 0.1986 25.92 0.0628 0.0000 0.0000
33.7500 -79.5256 0.4066 0.2454 0.3480 0.00000 7.143 1500.0 12.0 0.0000 0.1705 22.16 0.0628 0.0000 0.0000
36.5625 -79.5256 0.4097 0.2524 0.3379 0.00000 7.429 1500.0 12.0 0.0000 0.1519 19.61 0.0628 0.0000 0.0000
39.3750 -79.5256 0.3429 0.3129 0.3442 0.00000 8.555 1500.0 12.0 0.0000 0.1240 16.56 0.0628 0.0000 0.0000
42.1875 -79.5256 0.5569 0.1719 0.2713 0.00000 6.842 1500.0 12.0 0.0000 0.1976 22.84 0.0628 0.0000 0.0000
45.0000 -79.5256 0.4746 0.2220 0.3034 0.00000 7.267 1500.0 12.0 0.0000 0.1423 17.47 0.0628 0.0000 0.0000
47.8125 -79.5256 0.4279 0.2452 0.3269 0.00000 7.583 1500.0 12.0 0.0000 0.1357 17.26 0.0628 0.0000 0.0000
50.6250 -79.5256 0.3263 0.3074 0.3663 0.00000 8.713 1500.0 12.0 0.0000 0.1363 18.55 0.0628 0.0000 0.0000
53.4375 -79.5256 0.3087 0.3254 0.3659 0.00000 8.853 1500.0 12.0 0.0000 0.1451 19.89 0.0628 0.0000 0.0000
56.2500 -79.5256 0.3329 0.3063 0.3608 0.00000 8.617 1500.0 12.0 0.0000 0.1710 23.13 0.0628 0.0000 0.0000
59.0625 -79.5256 0.3534 0.2916 0.3551 0.00000 8.407 1500.0 12.0 0.0000 0.2086 27.88 0.0628 0.0000 0.0000
61.8750 -79.5256 0.3513 0.2914 0.3573 0.00000 8.441 1500.0 12.0 0.0000 0.2622 35.12 0.0628 0.0000 0.0000
64.6875 -79.5256 0.3362 0.3000 0.3638 0.00000 8.615 1500.0 12.0 0.0000 0.3476 47.04 0.0628 0.0000 0.0000
67.5000 -79.5256 0.3655 0.2823 0.3522 0.00000 8.285 1500.0 12.0 0.0000 0.5122 67.98 0.0628 0.0000 0.0000
70.3125 -79.5256 0.3937 0.2666 0.3397 0.00000 7.958 1500.0 12.0 0.0000 0.8005 104.19 0.0628 0.0000 0.0000
73.1250 -79.5256 0.3899 0.2710 0.3391 0.00000 7.984 1500.0 12.0 0.0000 0.6897 89.90 0.0628 0.0000 0.0000
75.9375 -79.5256 0.3653 0.2830 0.3517 0.00000 8.283 1500.0 12.0 0.0000 0.6660 88.38 0.0628 0.0000 0.0000
78.7500 -79.5256 0.3951 0.2666 0.3384 0.00000 7.938 1500.0 12.0 0.0000 0.7090 92.15 0.0628 0.0000 0.0000
81.5625 -79.5256 0.3971 0.2628 0.3401 0.00000 7.903 1500.0 12.0 0.0000 0.8231 106.99 0.0628 0.0000 0.0000
84.3750 -79.5256 0.4135 0.2534 0.3331 0.00000 7.748 1500.0 12.0 0.0000 1.0433 134.07 0.0628 0.0000 0.0000
87.1875 -79.5256 0.4252 0.2463 0.3285 0.00000 7.617 1500.0 12.0 0.0000 1.0697 136.36 0.0628 0.0000 0.0000
90.0000 -79.5256 0.3637 0.2834 0.3529 0.00000 8.306 1500.0 12.0 0.0000 1.0388 138.05 0.0628 0.0000 0.0000
92.8125 -79.5256 0.4008 0.2611 0.3382 0.00000 7.891 1500.0 12.0 0.0000 1.1035 143.04 0.0628 0.0000 0.0000
95.6250 -79.5256 0.4007 0.2571 0.3422 0.00000 7.896 1500.0 12.0 0.0000 1.0584 137.50 0.0628 0.0000 0.0000
98.4375 -79.5256 0.5642 0.1725 0.2633 0.00000 7.032 1500.0 12.0 0.0000 1.0542 120.79 0.0628 0.0000 0.0000
101.2500 -79.5256 0.4643 0.2296 0.3060 0.00000 8.012 1500.0 12.0 0.0000 0.6813 84.19 0.0628 0.0000 0.0000
104.0625 -79.5256 0.5802 0.1603 0.2595 0.00000 7.037 1500.0 12.0 0.0000 0.7646 86.66 0.0628 0.0000 0.0000
106.8750 -79.5256 0.6422 0.1253 0.2325 0.00000 6.711 1500.0 12.0 0.0000 0.9285 100.04 0.0628 0.0000 0.0000
109.6875 -79.5256 0.6461 0.1231 0.2308 0.00000 6.724 1500.0 12.0 0.0000 0.8911 95.70 0.0628 0.0000 0.0000
112.5000 -79.5256 0.6293 0.1349 0.2358 0.00000 6.909 1500.0 12.0 0.0000 0.8479 92.21 0.0628 0.0000 0.0000
115.3125 -79.5256 0.5978 0.1554 0.2468 0.00000 7.170 1500.0 12.0 0.0000 0.7044 78.48 0.0628 0.0000 0.0000
118.1250 -79.5256 0.6420 0.1244 0.2336 0.00000 6.726 1500.0 12.0 0.0000 0.8752 94.37 0.0628 0.0000 0.0000
120.9375 -79.5256 0.5169 0.1954 0.2878 0.00000 7.494 1500.0 12.0 0.0000 0.6407 76.32 0.0628 0.0000 0.0000
123.7500 -79.5256 0.4630 0.2231 0.3139 0.00000 7.753 1499.8 12.0 0.0000 0.4964 61.67 0.0628 0.0001 0.0014
126.5625 -79.5256 0.4461 0.2256 0.3283 0.00000 7.819 1499.9 12.0 0.0000 0.4611 58.22 0.0628 0.0001 0.0011
129.3750 -79.5256 0.3672 0.2952 0.3376 0.00000 8.056 1499.9 12.0 0.0000 0.3395 44.68 0.0628 0.0001 0.0010
132.1875 -79.5256 0.2636 0.3918 0.3446 0.00000 9.026 1500.0 12.0 0.0000 0.2475 34.23 0.0628 0.0000 0.0004
135.0000 -79.5256 0.3053 0.3462 0.3485 0.00000 8.767 1499.9 12.0 0.0000 0.2633 35.83 0.0628 0.0000 0.0007
137.8125 -79.5256 0.3089 0.3254 0.3657 0.00000 8.890 1499.9 12.0 0.0000 0.3310 45.37 0.0628 0.0000 0.0006
140.6250 -79.5256 0.3907 0.2615 0.3478 0.00000 8.049 1499.9 12.0 0.0000 0.3742 48.98 0.0628 0.0001 0.0007
143.4375 -79.5256 0.4932 0.1972 0.3096 0.00000 7.451 1499.9 12.0 0.0000 0.4788 58.45 0.0628 0.0000 0.0006
146.2500 -79.5256 0.6280 0.1191 0.2529 0.00000 6.621 1499.9 12.0 0.0000 0.8175 89.96 0.0628 0.0001 0.0007
149.0625 -79.5256 0.5429 0.1765 0.2806 0.00000 7.118 1500.0 12.0 0.0000 0.4882 57.15 0.0628 0.0000 0.0001
151.8750 -79.5256 0.5499 0.1740 0.2761 0.00000 7.017 1500.0 12.0 0.0000 0.4780 55.61 0.0628 0.0000 0.0000
154.6875 -79.5256 0.6371 0.1281 0.2348 0.00000 6.808 1500.0 12.0 0.0000 0.7719 83.53 0.0628 0.0000 0.0000
157.5000 -79.5256 0.7094 0.0880 0.2026 0.00000 6.446 1500.0 12.0 0.0000 1.3965 141.91 0.0628 0.0000 0.0000
160.3125 -79.5256 0.7166 0.0838 0.1995 0.00000 6.400 1500.0 12.0 0.0000 1.5803 159.56 0.0628 0.0000 0.0000
163.1250 -79.5256 0.7167 0.0838 0.1995 0.00000 6.400 1500.0 12.0 0.0000 1.6507 166.67 0.0628 0.0000 0.0000
165.9375 -79.5256 0.7052 0.0904 0.2044 0.00000 6.478 1500.0 12.0 0.0000 1.5829 161.44 0.0628 0.0000 0.0000
168.7500 -79.5256 0.6128 0.1435 0.2437 0.00000 7.109 1500.0 12.0 0.0000 0.9235 101.85 0.0628 0.0000 0.0000
171.5625 -79.5256 0.6922 0.0978 0.2099 0.00000 6.567 1500.0 12.0 0.0000 1.4745 152.11 0.0628 0.0000 0.0000
174.3750 -79.5256 0.6308 0.1320 0.2372 0.00000 6.816 1500.0 12.0 0.0000 0.8851 96.26 0.0628 0.0000 0.0000
177.1875 -79.5256 0.5085 0.1992 0.2923 0.00000 7.199 1500.0 12.0 0.0000 0.4729 56.72 0.0628 0.0000 0.0000
180.0000 -79.5256 0.4566 0.2276 0.3158 0.00000 7.316 1500.0 12.0 0.0000 0.4066 50.71 0.0628 0.0000 0.0000
-177.1875 -79.5256 0.4302 0.2485 0.3214 0.00000 7.520 1500.0 12.0 0.0000 0.4021 50.94 0.0628 0.0000 0.0000
-174.3750 -79.5256 0.4537 0.2292 0.3172 0.00000 7.296 1500.0 12.0 0.0000 0.4300 53.74 0.0628 0.0000 0.0000
-171.5625 -79.5256 0.4015 0.2605 0.3380 0.00000 7.880 1500.0 12.0 0.0000 0.4343 56.27 0.0628 0.0000 0.0000
-168.7500 -79.5256 0.3999 0.2612 0.3389 0.00000 7.872 1500.0 12.0 0.0000 0.4702 61.00 0.0628 0.0000 0.0000
-165.9375 -79.5256 0.3893 0.2662 0.3444 0.00000 7.915 1500.0 12.0 0.0000 0.4130 54.00 0.0628 0.0000 0.0000
-163.1250 -79.5256 0.3855 0.2679 0.3467 0.00000 7.919 1500.0 12.0 0.0000 0.4670 61.23 0.0628 0.0000 0.0000
-160.3125 -79.5256 0.2842 0.3302 0.3855 0.00000 9.132 1500.0 12.0 0.0000 0.5194 72.69 0.0628 0.0000 0.0000
-157.5000 -79.5256 0.2483 0.3530 0.3987 0.00000 9.500 1500.0 12.0 0.0000 0.6130 87.67 0.0628 0.0000 0.0000
-154.6875 -79.5256 0.2483 0.3530 0.3987 0.00000 9.500 1500.0 12.0 0.0000 0.7409 105.95 0.0628 0.0000 0.0000
-151.8750 -79.5256 0.2760 0.3363 0.3877 0.00000 9.290 1500.0 12.0 0.0000 0.9190 129.20 0.0628 0.0000 0.0000
-149.0625 -79.5256 0.2703 0.3398 0.3900 0.00000 9.354 1500.0 12.0 0.0000 1.0506 148.23 0.0628 0.0000 0.0000
-146.2500 -79.5256 0.2519 0.3508 0.3972 0.00000 9.500 1500.0 12.0 0.0000 1.1664 166.43 0.0628 0.0000 0.0000
-143.4375 -79.5256 0.2483 0.3530 0.3987 0.00000 9.500 1500.0 12.0 0.0000 1.3461 192.50 0.0628 0.0000 0.0000
-140.6250 -79.5256 0.2483 0.3530 0.3987 0.00000 9.500 1500.0 12.0 0.0000 1.6165 231.17 0.0628 0.0000 0.0000
-137.8125 -79.5256 0.2818 0.3320 0.3862 0.00000 9.180 1500.0 12.0 0.0000 2.0271 284.04 0.0628 0.0000 0.0000
-135.0000 -79.5256 0.2989 0.3188 0.3823 0.00000 8.832 1500.0 12.0 0.0000 2.5423 352.93 0.0628 0.0000 0.0000
-132.1875 -79.5256 0.2697 0.3372 0.3931 0.00000 9.203 1500.0 12.0 0.0000 2.8011 395.88 0.0628 0.0000 0.0000
-129.3750 -79.5256 0.2659 0.3401 0.3941 0.00000 9.273 1500.0 12.0 0.0000 2.6968 381.96 0.0628 0.0000 0.0000
-126.5625 -79.5256 0.2483 0.3530 0.3987 0.00000 9.500 1500.0 12.0 0.0000 2.5239 360.93 0.0628 0.0000 0.0000
-123.7500 -79.5256 0.2483 0.3530 0.3987 0.00000 9.500 1500.0 12.0 0.0000 2.2391 320.21 0.0628 0.0000 0.0000
-120.9375 -79.5256 0.2483 0.3530 0.3987 0.00000 9.500 1500.0 12.0 0.0000 1.7787 254.37 0.0628 0.0000 0.0000
-118.1250 -79.5256 0.2483 0.3530 0.3987 0.00000 9.500 1500.0 12.0 0.0000 1.4813 211.84 0.0628 0.0000 0.0000
-115.3125 -79.5256 0.2483 0.3530 0.3987 0.00000 9.500 1500.0 12.0 0.0000 1.3346 190.85 0.0628 0.0000 0.0000
-112.5000 -79.5256 0.2483 0.3530 0.3987 0.00000 9.500 1500.0 12.0 0.0000 1.3181 188.49 0.0628 0.0000 0.0000
-109.6875 -79.5256 0.2483 0.3530 0.3987 0.00000 9.500 1500.0 12.0 0.0000 1.4919 213.36 0.0628 0.0000 0.0000
-106.8750 -79.5256 0.2483 0.3530 0.3987 0.00000 9.500 1500.0 12.0 0.0000 2.0589 294.44 0.0628 0.0000 0.0000
-104.0625 -79.5256 0.2483 0.3530 0.3987 0.00000 9.500 1500.0 12.0 0.0000 2.4354 348.28 0.0628 0.0000 0.0000
-101.2500 -79.5256 0.2483 0.3530 0.3987 0.00000 9.500 1500.0 12.0 0.0000 1.8634 266.48 0.0628 0.0000 0.0000
-98.4375 -79.5256 0.2506 0.3513 0.3981 0.00000 9.500 1500.0 12.0 0.0000 1.1550 164.96 0.0628 0.0000 0.0000
-95.6250 -79.5256 0.2501 0.3517 0.3982 0.00000 9.500 1500.0 12.0 0.0000 0.8463 120.90 0.0628 0.0000 0.0000
-92.8125 -79.5256 0.2488 0.3526 0.3985 0.00000 9.500 1500.0 12.0 0.0000 0.8836 126.32 0.0628 0.0000 0.0000
-90.0000 -79.5256 0.2924 0.3262 0.3815 0.00000 9.074 1500.0 12.0 0.0000 0.6768 94.18 0.0628 0.0000 0.0000
-87.1875 -79.5256 0.3522 0.2903 0.3574 0.00000 8.421 1500.0 12.0 0.0000 0.9090 121.70 0.0628 0.0000 0.0000
-84.3750 -79.5256 0.4794 0.2137 0.3069 0.00000 7.001 1500.0 12.0 0.0000 1.1434 140.32 0.0628 0.0000 0.0000
-81.5625 -79.5256 0.4776 0.2158 0.3066 0.00000 7.015 1500.0 12.0 0.0000 1.5671 192.45 0.0628 0.0000 0.0000
-78.7500 -79.5256 0.4640 0.2240 0.3120 0.00000 7.170 1500.0 12.0 0.0000 2.4050 298.21 0.0628 0.0000 0.0000
-75.9375 -79.5256 0.4911 0.2066 0.3022 0.00000 6.877 1500.0 12.0 0.0000 1.7274 210.21 0.0628 0.0000 0.0000
-73.1250 -79.5256 0.4631 0.2277 0.3092 0.00000 7.159 1500.0 12.0 0.0000 1.3233 163.90 0.0628 0.0000 0.0000
-70.3125 -79.5256 0.4963 0.2031 0.3005 0.00000 6.800 1500.0 12.0 0.0000 1.0324 125.19 0.0628 0.0000 0.0000
-67.5000 -79.5256 0.4855 0.2075 0.3070 0.00000 6.800 1500.0 12.0 0.0000 0.8266 101.15 0.0628 0.0000 0.0000
-64.6875 -79.5256 0.4609 0.2197 0.3195 0.00000 6.929 1500.0 12.0 0.0000 0.7367 91.88 0.0628 0.0000 0.0000
-61.8750 -79.5256 0.4127 0.2479 0.3394 0.00000 7.427 1500.0 12.0 0.0000 0.7203 92.92 0.0628 0.0000 0.0000
-59.0625 -79.5256 0.3930 0.2570 0.3500 0.00000 7.491 1500.0 12.0 0.0000 0.7980 104.47 0.0628 0.0000 0.0000
-56.2500 -79.5256 0.4313 0.2350 0.3337 0.00000 7.124 1500.0 12.0 0.0000 1.0015 127.67 0.0628 0.0000 0.0000
-53.4375 -79.5256 0.4845 0.2102 0.3053 0.00000 6.931 1500.0 12.0 0.0000 1.0618 129.86 0.0628 0.0000 0.0000
-50.6250 -79.5256 0.4635 0.2233 0.3133 0.00000 7.189 1500.0 12.0 0.0000 1.0323 128.14 0.0628 0.0000 0.0000
-47.8125 -79.5256 0.4442 0.2348 0.3209 0.00000 7.404 1500.0 12.0 0.0000 0.9249 116.36 0.0628 0.0000 0.0000
-45.0000 -79.5256 0.4250 0.2464 0.3285 0.00000 7.619 1500.0 12.0 0.0000 0.7578 96.62 0.0628 0.0000 0.0000
-42.1875 -79.5256 0.3862 0.2698 0.3440 0.00000 8.054 1500.0 12.0 0.0000 0.4596 60.16 0.0628 0.0000 0.0000
-39.3750 -79.5256 0.3413 0.2992 0.3596 0.00000 8.540 1500.0 12.0 0.0000 0.3336 44.93 0.0628 0.0000 0.0000
-36.5625 -79.5256 0.4548 0.2285 0.3167 0.00000 7.284 1500.0 12.0 0.0000 0.2673 33.38 0.0628 0.0000 0.0000
-33.7500 -79.5256 0.4014 0.2611 0.3375 0.00000 7.878 1500.0 12.0 0.0000 0.1960 25.39 0.0628 0.0000 0.0000
-30.9375 -79.5256 0.3480 0.2988 0.3532 0.00000 8.434 1500.0 12.0 0.0000 0.1464 19.60 0.0628 0.0000 0.0000
-28.1250 -79.5256 0.3436 0.3092 0.3472 0.00000 8.421 1500.0 12.0 0.0000 0.1149 15.37 0.0628 0.0000 0.0000
-25.3125 -79.5256 0.4212 0.2542 0.3246 0.00000 7.616 1500.0 12.0 0.0000 0.1018 12.97 0.0628 0.0000 0.0000
-22.5000 -79.5256 0.4924 0.2115 0.2961 0.00000 7.043 1500.0 12.0 0.0000 0.0944 11.44 0.0628 0.0000 0.0000
-19.6875 -79.5256 0.5672 0.1595 0.2733 0.00000 6.644 1500.0 12.0 0.0000 0.1837 21.14 0.0628 0.0000 0.0000
-16.8750 -79.5256 0.4021 0.2393 0.3586 0.00000 6.841 1500.0 12.0 0.0000 0.1794 23.50 0.0628 0.0000 0.0000
-14.0625 -79.5256 0.3100 0.2852 0.4048 0.00000 7.114 1500.0 12.0 0.0000 0.1384 19.33 0.0628 0.0000 0.0000
-11.2500 -79.5256 0.3289 0.2813 0.3898 0.00000 7.391 1500.0 12.0 0.0000 0.1037 14.26 0.0628 0.0000 0.0000
-8.4375 -79.5256 0.3101 0.3023 0.3876 0.00000 7.973 1500.0 12.0 0.0000 0.0680 10.00 0.0628 0.0000 0.0000
-5.6250 -79.5256 0.3378 0.2748 0.3874 0.00000 7.407 1500.0 12.0 0.0000 0.0961 13.15 0.0628 0.0000 0.0000
-2.8125 -79.5256 0.3161 0.2794 0.4046 0.00000 6.932 1500.0 12.0 0.0000 0.1614 22.49 0.0628 0.0000 0.0000
0.0000 -82.3129 0.3816 0.2758 0.3426 0.00000 7.911 1500.0 12.0 0.0000 0.0564 10.00 0.0628 0.0000 0.0000
2.8125 -82.3129 0.4473 0.2384 0.3143 0.00000 7.324 1500.0 12.0 0.0000 0.0578 10.00 0.0628 0.0000 0.0000
5.6250 -82.3129 0.4712 0.2186 0.3102 0.00000 7.102 1500.0 12.0 0.0000 0.0626 10.00 0.0628 0.0000 0.0000
8.4375 -82.3129 0.4521 0.2313 0.3166 0.00000 7.307 1500.0 12.0 0.0000 0.0648 10.00 0.0628 0.0000 0.0000
11.2500 -82.3129 0.4836 0.2128 0.3037 0.00000 6.951 1500.0 12.0 0.0000 0.0695 10.00 0.0628 0.0000 0.0000
14.0625 -82.3129 0.4357 0.2546 0.3098 0.00000 7.384 1500.0 12.0 0.0000 0.0680 10.00 0.0628 0.0000 0.0000
16.8750 -82.3129 0.4086 0.2710 0.3204 0.00000 7.686 1500.0 12.0 0.0000 0.0708 10.00 0.0628 0.0000 0.0000
19.6875 -82.3129 0.3996 0.2740 0.3264 0.00000 7.808 1500.0 12.0 0.0000 0.0752 10.00 0.0628 0.0000 0.0000
22.5000 -82.3129 0.3812 0.2863 0.3325 0.00000 8.005 1500.0 12.0 0.0000 0.0782 10.20 0.0628 0.0000 0.0000
25.3125 -82.3129 0.4104 0.2573 0.3322 0.00000 7.768 1500.0 12.0 0.0000 0.0888 11.42 0.0628 0.0000 0.0000
28.1250 -82.3129 0.4436 0.2352 0.3212 0.00000 7.412 1500.0 12.0 0.0000 0.0993 12.50 0.0628 0.0000 0.0000
30.9375 -82.3129 0.4077 0.2584 0.3339 0.00000 7.801 1500.0 12.0 0.0000 0.1045 13.47 0.0628 0.0000 0.0000
33.7500 -82.3129 0.4136 0.2579 0.3285 0.00000 7.711 1500.0 12.0 0.0000 0.1127 14.44 0.0628 0.0000 0.0000
36.5625 -82.3129 0.4124 0.2540 0.3336 0.00000 7.760 1500.0 12.0 0.0000 0.1258 16.18 0.0628 0.0000 0.0000
39.3750 -82.3129 0.3620 0.2844 0.3536 0.00000 8.326 1500.0 12.0 0.0000 0.1359 18.08 0.0628 0.0000 0.0000
42.1875 -82.3129 0.3888 0.2686 0.3426 0.00000 8.022 1500.0 12.0 0.0000 0.1562 20.41 0.0628 0.0000 0.0000
45.0000 -82.3129 0.3624 0.2851 0.3526 0.00000 8.315 1500.0 12.0 0.0000 0.1781 23.68 0.0628 0.0000 0.0000
47.8125 -82.3129 0.3361 0.3046 0.3593 0.00000 8.580 1500.0 12.0 0.0000 0.2067 27.91 0.0628 0.0000 0.0000
50.6250 -82.3129 0.3185 0.3131 0.3685 0.00000 8.794 1500.0 12.0 0.0000 0.2561 35.00 0.0628 0.0000 0.0000
53.4375 -82.3129 0.2655 0.3437 0.3909 0.00000 9.400 1500.0 12.0 0.0000 0.3277 46.34 0.0628 0.0000 0.0000
56.2500 -82.3129 0.2736 0.3389 0.3875 0.00000 9.308 1500.0 12.0 0.0000 0.4680 65.85 0.0628 0.0000 0.0000
59.0625 -82.3129 0.3084 0.3185 0.3731 0.00000 8.912 1500.0 12.0 0.0000 0.7793 107.24 0.0628 0.0000 0.0000
61.8750 -82.3129 0.3524 0.2910 0.3566 0.00000 8.425 1500.0 12.0 0.0000 0.7046 94.29 0.0628 0.0000 0.0000
64.6875 -82.3129 0.3699 0.2796 0.3504 0.00000 8.234 1500.0 12.0 0.0000 0.6415 84.89 0.0628 0.0000 0.0000
67.5000 -82.3129 0.4754 0.2161 0.3085 0.00000 7.051 1500.0 12.0 0.0000 0.6481 79.76 0.0628 0.0000 0.0000
70.3125 -82.3129 0.4213 0.2487 0.3300 0.00000 7.656 1500.0 12.0 0.0000 0.6293 80.44 0.0628 0.0000 0.0000
73.1250 -82.3129 0.3144 0.3210 0.3646 0.00000 8.792 1500.0 12.0 0.0000 0.6074 83.00 0.0628 0.0000 0.0000
75.9375 -82.3129 0.2823 0.3332 0.3845 0.00000 9.210 1500.0 12.0 0.0000 0.6284 87.96 0.0628 0.0000 0.0000
78.7500 -82.3129 0.3125 0.3143 0.3732 0.00000 8.878 1500.0 12.0 0.0000 0.6729 92.44 0.0628 0.0000 0.0000
81.5625 -82.3129 0.3421 0.2972 0.3607 0.00000 8.540 1500.0 12.0 0.0000 0.7878 106.13 0.0628 0.0000 0.0000
84.3750 -82.3129 0.3297 0.3054 0.3649 0.00000 8.675 1500.0 12.0 0.0000 0.9977 135.44 0.0628 0.0000 0.0000
87.1875 -82.3129 0.3744 0.2769 0.3486 0.00000 8.186 1500.0 12.0 0.0000 1.5278 201.58 0.0628 0.0000 0.0000
90.0000 -82.3129 0.3789 0.2786 0.3425 0.00000 8.101 1500.0 12.0 0.0000 1.6473 216.19 0.0628 0.0000 0.0000
92.8125 -82.3129 0.4023 0.2611 0.3366 0.00000 7.867 1500.0 12.0 0.0000 1.8187 235.39 0.0628 0.0000 0.0000
95.6250 -82.3129 0.3745 0.2852 0.3403 0.00000 8.119 1500.0 12.0 0.0000 1.1986 157.44 0.0628 0.0000 0.0000
98.4375 -82.3129 0.4260 0.2477 0.3263 0.00000 7.593 1500.0 12.0 0.0000 0.9014 114.73 0.0628 0.0000 0.0000
101.2500 -82.3129 0.4170 0.2512 0.3317 0.00000 7.709 1500.0 12.0 0.0000 0.7294 93.50 0.0628 0.0000 0.0000
104.0625 -82.3129 0.4169 0.2514 0.3318 0.00000 7.710 1500.0 12.0 0.0000 0.6327 81.12 0.0628 0.0000 0.0000
106.8750 -82.3129 0.3565 0.2922 0.3513 0.00000 8.350 1500.0 12.0 0.0000 0.5441 72.48 0.0628 0.0000 0.0000
109.6875 -82.3129 0.3749 0.2811 0.3440 0.00000 8.143 1500.0 12.0 0.0000 0.5106 67.20 0.0628 0.0000 0.0000
112.5000 -82.3129 0.4079 0.2604 0.3317 0.00000 7.779 1500.0 12.0 0.0000 0.5014 64.56 0.0628 0.0000 0.0000
115.3125 -82.3129 0.5468 0.1770 0.2761 0.00000 6.871 1500.0 12.0 0.0000 0.6658 77.58 0.0628 0.0000 0.0000
118.1250 -82.3129 0.4993 0.2146 0.2861 0.00000 7.422 1500.0 12.0 0.0000 0.6319 75.87 0.0628 0.0000 0.0000
120.9375 -82.3129 0.4165 0.2768 0.3067 0.00000 7.986 1500.0 12.0 0.0000 0.5183 65.56 0.0628 0.0000 0.0000
123.7500 -82.3129 0.4431 0.2647 0.2922 0.00000 7.879 1500.0 12.0 0.0000 0.5548 68.72 0.0628 0.0000 0.0000
126.5625 -82.3129 0.5152 0.2052 0.2796 0.00000 7.547 1500.0 12.0 0.0000 0.6999 83.05 0.0628 0.0000 0.0000
129.3750 -82.3129 0.3930 0.2797 0.3273 0.00000 8.546 1500.0 12.0 0.0000 0.5374 69.50 0.0628 0.0000 0.0000
132.1875 -82.3129 0.5349 0.1904 0.2747 0.00000 7.536 1500.0 12.0 0.0000 0.7403 86.71 0.0628 0.0000 0.0000
135.0000 -82.3129 0.5150 0.2074 0.2775 0.00000 7.650 1500.0 12.0 0.0000 0.6584 78.04 0.0628 0.0000 0.0000
137.8125 -82.3129 0.3664 0.3118 0.3218 0.00000 8.529 1500.0 12.0 0.0000 0.4153 54.22 0.0628 0.0000 0.0000
140.6250 -82.3129 0.2373 0.4134 0.3493 0.00000 9.321 1500.0 12.0 0.0000 0.3055 42.83 0.0628 0.0000 0.0000
143.4375 -82.3129 0.3191 0.3568 0.3241 0.00000 8.815 1500.0 12.0 0.0000 0.3388 45.24 0.0628 0.0000 0.0000
146.2500 -82.3129 0.2725 0.3815 0.3459 0.00000 9.199 1500.0 12.0 0.0000 0.3046 42.00 0.0628 0.0000 0.0000
149.0625 -82.3129 0.3844 0.2921 0.3235 0.00000 8.585 1500.0 12.0 0.0000 0.3831 49.64 0.0628 0.0000 0.0000
151.8750 -82.3129 0.4041 0.2731 0.3229 0.00000 8.422 1500.0 12.0 0.0000 0.3834 49.21 0.0628 0.0000 0.0000
154.6875 -82.3129 0.3849 0.2747 0.3404 0.00000 8.416 1500.0 12.0 0.0000 0.3410 44.59 0.0628 0.0000 0.0000
157.5000 -82.3129 0.4399 0.2414 0.3188 0.00000 8.049 1500.0 12.0 0.0000 0.3764 47.40 0.0628 0.0000 0.0000
160.3125 -82.3129 0.4249 0.2498 0.3253 0.00000 8.123 1500.0 12.0 0.0000 0.3535 45.00 0.0628 0.0000 0.0000
163.1250 -82.3129 0.3683 0.2827 0.3489 0.00000 8.578 1500.0 12.0 0.0000 0.3174 41.99 0.0628 0.0000 0.0000
165.9375 -82.3129 0.3867 0.2705 0.3428 0.00000 8.188 1500.0 12.0 0.0000 0.3004 39.30 0.0628 0.0000 0.0000
168.7500 -82.3129 0.3583 0.2866 0.3550 0.00000 8.361 1500.0 12.0 0.0000 0.2816 37.56 0.0628 0.0000 0.0000
171.5625 -82.3129 0.3095 0.3161 0.3744 0.00000 8.910 1500.0 12.0 0.0000 0.2773 38.17 0.0628 0.0000 0.0000
174.3750 -82.3129 0.2535 0.3499 0.3966 0.00000 9.500 1500.0 12.0 0.0000 0.2712 38.66 0.0628 0.0000 0.0000
177.1875 -82.3129 0.2483 0.3530 0.3987 0.00000 9.500 1500.0 12.0 0.0000 0.2751 39.35 0.0628 0.0000 0.0000
180.0000 -82.3129 0.2483 0.3530 0.3987 0.00000 9.500 1500.0 12.0 0.0000 0.2819 40.31 0.0628 0.0000 0.0000
-177.1875 -82.3129 0.2483 0.3530 0.3987 0.00000 9.500 1500.0 12.0 0.0000 0.2911 41.63 0.0628 0.0000 0.0000
-174.3750 -82.3129 0.2483 0.3530 0.3987 0.00000 9.500 1500.0 12.0 0.0000 0.3047 43.57 0.0628 0.0000 0.0000
-171.5625 -82.3129 0.2483 0.3530 0.3987 0.00000 9.500 1500.0 12.0 0.0000 0.3234 46.24 0.0628 0.0000 0.0000
-168.7500 -82.3129 0.2483 0.3530 0.3987 0.00000 9.500 1500.0 12.0 0.0000 0.3518 50.31 0.0628 0.0000 0.0000
-165.9375 -82.3129 0.2483 0.3530 0.3987 0.00000 9.500 1500.0 12.0 0.0000 0.3897 55.72 0.0628 0.0000 0.0000
-163.1250 -82.3129 0.2483 0.3530 0.3987 0.00000 9.500 1500.0 12.0 0.0000 0.4417 63.17 0.0628 0.0000 0.0000
-160.3125 -82.3129 0.2483 0.3530 0.3987 0.00000 9.500 1500.0 12.0 0.0000 0.5112 73.11 0.0628 0.0000 0.0000
-157.5000 -82.3129 0.2432 0.3633 0.3935 0.00000 9.500 1500.0 12.0 0.0000 0.5921 84.65 0.0628 0.0000 0.0000
-154.6875 -82.3129 0.2426 0.3646 0.3928 0.00000 9.500 1500.0 12.0 0.0000 0.7150 102.20 0.0628 0.0000 0.0000
-151.8750 -82.3129 0.2458 0.3582 0.3961 0.00000 9.500 1500.0 12.0 0.0000 0.8969 128.24 0.0628 0.0000 0.0000
-149.0625 -82.3129 0.2526 0.3528 0.3946 0.00000 9.500 1500.0 12.0 0.0000 1.1245 160.21 0.0628 0.0000 0.0000
-146.2500 -82.3129 0.2549 0.3490 0.3960 0.00000 9.500 1500.0 12.0 0.0000 1.2504 178.09 0.0628 0.0000 0.0000
-143.4375 -82.3129 0.2483 0.3530 0.3987 0.00000 9.500 1500.0 12.0 0.0000 1.1800 168.75 0.0628 0.0000 0.0000
-140.6250 -82.3129 0.2483 0.3530 0.3987 0.00000 9.500 1500.0 12.0 0.0000 1.1373 162.64 0.0628 0.0000 0.0000
-137.8125 -82.3129 0.2483 0.3530 0.3987 0.00000 9.500 1500.0 12.0 0.0000 1.1149 159.44 0.0628 0.0000 0.0000
-135.0000 -82.3129 0.2483 0.3530 0.3987 0.00000 9.500 1500.0 12.0 0.0000 1.1049 158.00 0.0628 0.0000 0.0000
-132.1875 -82.3129 0.2483 0.3530 0.3987 0.00000 9.500 1500.0 12.0 0.0000 1.1074 158.37 0.0628 0.0000 0.0000
-129.3750 -82.3129 0.2483 0.3530 0.3987 0.00000 9.500 1500.0 12.0 0.0000 1.1184 159.93 0.0628 0.0000 0.0000
-126.5625 -82.3129 0.2483 0.3530 0.3987 0.00000 9.500 1500.0 12.0 0.0000 1.1483 164.22 0.0628 0.0000 0.0000
-123.7500 -82.3129 0.2483 0.3530 0.3987 0.00000 9.500 1500.0 12.0 0.0000 1.1842 169.34 0.0628 0.0000 0.0000
-120.9375 -82.3129 0.2483 0.3530 0.3987 0.00000 9.500 1500.0 12.0 0.0000 1.2499 178.75 0.0628 0.0000 0.0000
-118.1250 -82.3129 0.2483 0.3530 0.3987 0.00000 9.500 1500.0 12.0 0.0000 1.3330 190.63 0.0628 0.0000 0.0000
-115.3125 -82.3129 0.2483 0.3530 0.3987 0.00000 9.500 1500.0 12.0 0.0000 1.4232 203.53 0.0628 0.0000 0.0000
-112.5000 -82.3129 0.2483 0.3530 0.3987 0.00000 9.500 1500.0 12.0 0.0000 1.5293 218.70 0.0628 0.0000 0.0000
-109.6875 -82.3129 0.2483 0.3530 0.3987 0.00000 9.500 1500.0 12.0 0.0000 1.6630 237.82 0.0628 0.0000 0.0000
-106.8750 -82.3129 0.2483 0.3530 0.3987 0.00000 9.500 1500.0 12.0 0.0000 1.8346 262.36 0.0628 0.0000 0.0000
-104.0625 -82.3129 0.2483 0.3530 0.3987 0.00000 9.500 1500.0 12.0 0.0000 2.0524 293.51 0.0628 0.0000 0.0000
-101.2500 -82.3129 0.2483 0.3530 0.3987 0.00000 9.500 1500.0 12.0 0.0000 1.8353 262.45 0.0628 0.0000 0.0000
-98.4375 -82.3129 0.2483 0.3530 0.3987 0.00000 9.500 1500.0 12.0 0.0000 1.5336 219.31 0.0628 0.0000 0.0000
-95.6250 -82.3129 0.2499 0.3518 0.3982 0.00000 9.500 1500.0 12.0 0.0000 1.4044 200.66 0.0628 0.0000 0.0000
-92.8125 -82.3129 0.2819 0.3292 0.3889 0.00000 8.940 1500.0 12.0 0.0000 1.4166 198.77 0.0628 0.0000 0.0000
-90.0000 -82.3129 0.3115 0.3082 0.3804 0.00000 8.499 1500.0 12.0 0.0000 1.5855 218.69 0.0628 0.0000 0.0000
-87.1875 -82.3129 0.3236 0.3000 0.3764 0.00000 8.319 1500.0 12.0 0.0000 2.0066 274.77 0.0628 0.0000 0.0000
-84.3750 -82.3129 0.3085 0.3199 0.3716 0.00000 8.354 1500.0 12.0 0.0000 2.5704 353.42 0.0628 0.0000 0.0000
-81.5625 -82.3129 0.2966 0.3327 0.3707 0.00000 8.498 1500.0 12.0 0.0000 2.3211 320.66 0.0628 0.0000 0.0000
-78.7500 -82.3129 0.3319 0.2970 0.3711 0.00000 7.986 1500.0 12.0 0.0000 1.7638 239.99 0.0628 0.0000 0.0000
-75.9375 -82.3129 0.3984 0.2455 0.3561 0.00000 6.967 1500.0 12.0 0.0000 1.2744 166.97 0.0628 0.0000 0.0000
-73.1250 -82.3129 0.4025 0.2408 0.3567 0.00000 6.795 1500.0 12.0 0.0000 0.9951 130.18 0.0628 0.0000 0.0000
-70.3125 -82.3129 0.4006 0.2415 0.3578 0.00000 6.796 1500.0 12.0 0.0000 0.8431 110.45 0.0628 0.0000 0.0000
-67.5000 -82.3129 0.4236 0.2323 0.3441 0.00000 6.795 1500.0 12.0 0.0000 0.9593 123.43 0.0628 0.0000 0.0000
-64.6875 -82.3129 0.4129 0.2496 0.3375 0.00000 7.267 1500.0 12.0 0.0000 0.9072 116.90 0.0628 0.0000 0.0000
-61.8750 -82.3129 0.3940 0.2690 0.3370 0.00000 7.903 1500.0 12.0 0.0000 0.8980 116.69 0.0628 0.0000 0.0000
-59.0625 -82.3129 0.3934 0.2677 0.3389 0.00000 7.782 1500.0 12.0 0.0000 0.9156 119.13 0.0628 0.0000 0.0000
-56.2500 -82.3129 0.4743 0.2165 0.3091 0.00000 7.054 1500.0 12.0 0.0000 1.0094 124.33 0.0628 0.0000 0.0000
-53.4375 -82.3129 0.4962 0.2031 0.3007 0.00000 6.797 1500.0 12.0 0.0000 0.8383 101.67 0.0628 0.0000 0.0000
-50.6250 -82.3129 0.4982 0.2023 0.2994 0.00000 6.797 1500.0 12.0 0.0000 0.8254 99.93 0.0628 0.0000 0.0000
-47.8125 -82.3129 0.4982 0.2024 0.2994 0.00000 6.797 1500.0 12.0 0.0000 0.7509 90.92 0.0628 0.0000 0.0000
-45.0000 -82.3129 0.4982 0.2023 0.2994 0.00000 6.798 1500.0 12.0 0.0000 0.6213 75.22 0.0628 0.0000 0.0000
-42.1875 -82.3129 0.4982 0.2023 0.2994 0.00000 6.798 1500.0 12.0 0.0000 0.4835 58.54 0.0628 0.0000 0.0000
-39.3750 -82.3129 0.4866 0.2093 0.3041 0.00000 6.929 1500.0 12.0 0.0000 0.3610 44.08 0.0628 0.0000 0.0000
-36.5625 -82.3129 0.4681 0.2204 0.3114 0.00000 7.136 1500.0 12.0 0.0000 0.2688 33.25 0.0628 0.0000 0.0000
-33.7500 -82.3129 0.4464 0.2336 0.3201 0.00000 7.379 1500.0 12.0 0.0000 0.2031 25.51 0.0628 0.0000 0.0000
-30.9375 -82.3129 0.4098 0.2556 0.3346 0.00000 7.788 1500.0 12.0 0.0000 0.1557 20.06 0.0628 0.0000 0.0000
-28.1250 -82.3129 0.3741 0.2771 0.3488 0.00000 8.188 1500.0 12.0 0.0000 0.1223 16.15 0.0628 0.0000 0.0000
-25.3125 -82.3129 0.3438 0.2954 0.3608 0.00000 8.527 1500.0 12.0 0.0000 0.0993 13.36 0.0628 0.0000 0.0000
-22.5000 -82.3129 0.3860 0.2782 0.3358 0.00000 7.987 1500.0 12.0 0.0000 0.0835 10.88 0.0628 0.0000 0.0000
-19.6875 -82.3129 0.3659 0.2900 0.3441 0.00000 8.214 1500.0 12.0 0.0000 0.0722 10.00 0.0628 0.0000 0.0000
-16.8750 -82.3129 0.3791 0.2832 0.3378 0.00000 8.058 1500.0 12.0 0.0000 0.0646 10.00 0.0628 0.0000 0.0000
-14.0625 -82.3129 0.4088 0.2682 0.3230 0.00000 7.743 1500.0 12.0 0.0000 0.0605 10.00 0.0628 0.0000 0.0000
-11.2500 -82.3129 0.3865 0.2730 0.3405 0.00000 8.020 1500.0 12.0 0.0000 0.0573 10.00 0.0628 0.0000 0.0000
-8.4375 -82.3129 0.4697 0.2233 0.3070 0.00000 7.484 1500.0 12.0 0.0000 0.0664 10.00 0.0628 0.0000 0.0000
-5.6250 -82.3129 0.4890 0.2058 0.3052 0.00000 6.955 1500.0 12.0 0.0000 0.0712 10.00 0.0628 0.0000 0.0000
-2.8125 -82.3129 0.3874 0.2739 0.3387 0.00000 7.904 1500.0 12.0 0.0000 0.0550 10.00 0.0628 0.0000 0.0000
0.0000 -85.0965 0.3583 0.2996 0.3420 0.00000 8.256 1500.0 12.0 0.0000 0.0847 11.21 0.0628 0.0000 0.0000
2.8125 -85.0965 0.3264 0.3131 0.3605 0.00000 8.660 1500.0 12.0 0.0000 0.0851 11.55 0.0628 0.0000 0.0000
5.6250 -85.0965 0.4425 0.2383 0.3192 0.00000 7.397 1500.0 12.0 0.0000 0.0941 11.84 0.0628 0.0000 0.0000
8.4375 -85.0965 0.4931 0.2054 0.3015 0.00000 6.850 1500.0 12.0 0.0000 0.1014 12.33 0.0628 0.0000 0.0000
11.2500 -85.0965 0.4458 0.2355 0.3187 0.00000 7.368 1500.0 12.0 0.0000 0.1022 12.83 0.0628 0.0000 0.0000
14.0625 -85.0965 0.4267 0.2533 0.3200 0.00000 7.533 1500.0 12.0 0.0000 0.1048 13.29 0.0628 0.0000 0.0000
16.8750 -85.0965 0.3574 0.3062 0.3365 0.00000 8.222 1500.0 12.0 0.0000 0.1043 13.78 0.0628 0.0000 0.0000
19.6875 -85.0965 0.3313 0.3215 0.3472 0.00000 8.518 1500.0 12.0 0.0000 0.1120 15.06 0.0628 0.0000 0.0000
22.5000 -85.0965 0.3330 0.3136 0.3534 0.00000 8.555 1500.0 12.0 0.0000 0.1268 17.09 0.0628 0.0000 0.0000
25.3125 -85.0965 0.2942 0.3391 0.3667 0.00000 8.975 1500.0 12.0 0.0000 0.1380 19.05 0.0628 0.0000 0.0000
28.1250 -85.0965 0.2807 0.3430 0.3763 0.00000 9.161 1500.0 12.0 0.0000 0.1579 22.03 0.0628 0.0000 0.0000
30.9375 -85.0965 0.2811 0.3538 0.3650 0.00000 9.068 1500.0 12.0 0.0000 0.1767 24.50 0.0628 0.0000 0.0000
33.7500 -85.0965 0.2526 0.3546 0.3928 0.00000 9.500 1500.0 12.0 0.0000 0.2163 30.78 0.0628 0.0000 0.0000
36.5625 -85.0965 0.2673 0.3415 0.3912 0.00000 9.388 1500.0 12.0 0.0000 0.2683 37.92 0.0628 0.0000 0.0000
39.3750 -85.0965 0.3333 0.3018 0.3650 0.00000 8.648 1500.0 12.0 0.0000 0.3504 47.50 0.0628 0.0000 0.0000
42.1875 -85.0965 0.3666 0.2817 0.3518 0.00000 8.274 1500.0 12.0 0.0000 0.4723 62.64 0.0628 0.0000 0.0000
45.0000 -85.0965 0.3540 0.2893 0.3568 0.00000 8.415 1500.0 12.0 0.0000 0.5075 67.87 0.0628 0.0000 0.0000
47.8125 -85.0965 0.3698 0.2797 0.3505 0.00000 8.238 1500.0 12.0 0.0000 0.5065 67.03 0.0628 0.0000 0.0000
50.6250 -85.0965 0.3859 0.2700 0.3441 0.00000 8.058 1500.0 12.0 0.0000 0.5122 67.07 0.0628 0.0000 0.0000
53.4375 -85.0965 0.4358 0.2399 0.3242 0.00000 7.498 1500.0 12.0 0.0000 0.5340 67.58 0.0628 0.0000 0.0000
56.2500 -85.0965 0.4762 0.2156 0.3082 0.00000 7.045 1500.0 12.0 0.0000 0.5598 68.85 0.0628 0.0000 0.0000
59.0625 -85.0965 0.4982 0.2024 0.2994 0.00000 6.798 1500.0 12.0 0.0000 0.5885 71.25 0.0628 0.0000 0.0000
61.8750 -85.0965 0.4982 0.2024 0.2994 0.00000 6.797 1500.0 12.0 0.0000 0.6195 75.01 0.0628 0.0000 0.0000
64.6875 -85.0965 0.4982 0.2024 0.2994 0.00000 6.796 1500.0 12.0 0.0000 0.6610 80.02 0.0628 0.0000 0.0000
67.5000 -85.0965 0.4982 0.2024 0.2994 0.00000 6.794 1500.0 12.0 0.0000 0.6461 78.23 0.0628 0.0000 0.0000
70.3125 -85.0965 0.4982 0.2024 0.2994 0.00000 6.793 1500.0 12.0 0.0000 0.6421 77.74 0.0628 0.0000 0.0000
73.1250 -85.0965 0.4982 0.2024 0.2994 0.00000 6.791 1500.0 12.0 0.0000 0.6665 80.69 0.0628 0.0000 0.0000
75.9375 -85.0965 0.4982 0.2024 0.2994 0.00000 6.792 1500.0 12.0 0.0000 0.7259 87.89 0.0628 0.0000 0.0000
78.7500 -85.0965 0.4982 0.2024 0.2994 0.00000 6.792 1500.0 12.0 0.0000 0.8231 99.66 0.0628 0.0000 0.0000
81.5625 -85.0965 0.4982 0.2024 0.2994 0.00000 6.792 1500.0 12.0 0.0000 0.9776 118.35 0.0628 0.0000 0.0000
84.3750 -85.0965 0.4982 0.2024 0.2994 0.00000 6.792 1500.0 12.0 0.0000 1.2244 148.24 0.0628 0.0000 0.0000
87.1875 -85.0965 0.4982 0.2024 0.2994 0.00000 6.792 1500.0 12.0 0.0000 1.6532 200.15 0.0628 0.0000 0.0000
90.0000 -85.0965 0.4982 0.2024 0.2994 0.00000 6.793 1500.0 12.0 0.0000 2.4785 300.08 0.0628 0.0000 0.0000
92.8125 -85.0965 0.4982 0.2024 0.2994 0.00000 6.794 1500.0 12.0 0.0000 2.7464 332.51 0.0628 0.0000 0.0000
95.6250 -85.0965 0.4982 0.2024 0.2994 0.00000 6.795 1500.0 12.0 0.0000 2.9901 362.02 0.0628 0.0000 0.0000
98.4375 -85.0965 0.4982 0.2024 0.2994 0.00000 6.796 1500.0 12.0 0.0000 2.3048 279.04 0.0628 0.0000 0.0000
101.2500 -85.0965 0.4982 0.2024 0.2994 0.00000 6.798 1500.0 12.0 0.0000 1.9875 240.63 0.0628 0.0000 0.0000
104.0625 -85.0965 0.4982 0.2024 0.2994 0.00000 6.799 1500.0 12.0 0.0000 1.8793 227.53 0.0628 0.0000 0.0000
106.8750 -85.0965 0.4982 0.2024 0.2994 0.00000 6.800 1500.0 12.0 0.0000 1.9149 231.84 0.0628 0.0000 0.0000
109.6875 -85.0965 0.4982 0.2024 0.2994 0.00000 6.800 1500.0 12.0 0.0000 2.0846 252.39 0.0628 0.0000 0.0000
112.5000 -85.0965 0.4982 0.2024 0.2994 0.00000 6.800 1500.0 12.0 0.0000 2.4567 297.44 0.0628 0.0000 0.0000
115.3125 -85.0965 0.4982 0.2024 0.2994 0.00000 6.800 1500.0 12.0 0.0000 2.9904 362.04 0.0628 0.0000 0.0000
118.1250 -85.0965 0.4982 0.2023 0.2994 0.00000 6.800 1500.0 12.0 0.0000 2.2460 271.92 0.0628 0.0000 0.0000
120.9375 -85.0965 0.4909 0.2068 0.3024 0.00000 6.882 1500.0 12.0 0.0000 1.7571 213.85 0.0628 0.0000 0.0000
123.7500 -85.0965 0.4695 0.2197 0.3109 0.00000 7.121 1500.0 12.0 0.0000 1.4139 174.74 0.0628 0.0000 0.0000
126.5625 -85.0965 0.4483 0.2324 0.3193 0.00000 7.358 1500.0 12.0 0.0000 1.1681 146.54 0.0628 0.0000 0.0000
129.3750 -85.0965 0.4615 0.2245 0.3140 0.00000 7.211 1500.0 12.0 0.0000 1.0078 125.26 0.0628 0.0000 0.0000
132.1875 -85.0965 0.4171 0.2512 0.3317 0.00000 7.708 1500.0 12.0 0.0000 0.8617 110.47 0.0628 0.0000 0.0000
135.0000 -85.0965 0.4485 0.2323 0.3192 0.00000 7.356 1500.0 12.0 0.0000 0.7810 97.96 0.0628 0.0000 0.0000
137.8125 -85.0965 0.4489 0.2321 0.3190 0.00000 7.352 1500.0 12.0 0.0000 0.7079 88.77 0.0628 0.0000 0.0000
140.6250 -85.0965 0.3681 0.2859 0.3460 0.00000 8.215 1500.0 12.0 0.0000 0.6129 80.99 0.0628 0.0000 0.0000
143.4375 -85.0965 0.3856 0.2770 0.3375 0.00000 8.007 1500.0 12.0 0.0000 0.5734 74.82 0.0628 0.0000 0.0000
146.2500 -85.0965 0.3702 0.2818 0.3480 0.00000 8.215 1500.0 12.0 0.0000 0.5435 71.83 0.0628 0.0000 0.0000
149.0625 -85.0965 0.3279 0.3195 0.3526 0.00000 8.591 1500.0 12.0 0.0000 0.4879 65.87 0.0628 0.0000 0.0000
151.8750 -85.0965 0.3398 0.3169 0.3433 0.00000 8.421 1500.0 12.0 0.0000 0.4657 62.24 0.0628 0.0000 0.0000
154.6875 -85.0965 0.3044 0.3384 0.3572 0.00000 8.817 1500.0 12.0 0.0000 0.4438 60.69 0.0628 0.0000 0.0000
157.5000 -85.0965 0.2710 0.3393 0.3897 0.00000 9.345 1500.0 12.0 0.0000 0.4518 63.71 0.0628 0.0000 0.0000
160.3125 -85.0965 0.2575 0.3475 0.3950 0.00000 9.497 1500.0 12.0 0.0000 0.4423 62.90 0.0628 0.0000 0.0000
163.1250 -85.0965 0.2634 0.3439 0.3927 0.00000 9.430 1500.0 12.0 0.0000 0.4386 62.15 0.0628 0.0000 0.0000
165.9375 -85.0965 0.2609 0.3454 0.3937 0.00000 9.457 1500.0 12.0 0.0000 0.4350 61.73 0.0628 0.0000 0.0000
168.7500 -85.0965 0.2736 0.3377 0.3886 0.00000 9.314 1500.0 12.0 0.0000 0.4375 61.60 0.0628 0.0000 0.0000
171.5625 -85.0965 0.2796 0.3341 0.3863 0.00000 9.246 1500.0 12.0 0.0000 0.4409 61.84 0.0628 0.0000 0.0000
174.3750 -85.0965 0.2483 0.3530 0.3987 0.00000 9.500 1500.0 12.0 0.0000 0.4397 62.88 0.0628 0.0000 0.0000
177.1875 -85.0965 0.2483 0.3530 0.3987 0.00000 9.500 1500.0 12.0 0.0000 0.4464 63.84 0.0628 0.0000 0.0000
180.0000 -85.0965 0.2467 0.3562 0.3970 0.00000 9.500 1500.0 12.0 0.0000 0.4522 64.65 0.0628 0.0000 0.0000
-177.1875 -85.0965 0.2545 0.3512 0.3943 0.00000 9.500 1500.0 12.0 0.0000 0.4656 66.27 0.0628 0.0000 0.0000
-174.3750 -85.0965 0.2693 0.3471 0.3836 0.00000 9.305 1500.0 12.0 0.0000 0.4736 66.63 0.0628 0.0000 0.0000
-171.5625 -85.0965 0.2797 0.3340 0.3862 0.00000 9.242 1500.0 12.0 0.0000 0.5005 70.20 0.0628 0.0000 0.0000
-168.7500 -85.0965 0.2833 0.3319 0.3848 0.00000 9.202 1500.0 12.0 0.0000 0.5191 72.64 0.0628 0.0000 0.0000
-165.9375 -85.0965 0.2848 0.3310 0.3842 0.00000 9.185 1500.0 12.0 0.0000 0.5410 75.64 0.0628 0.0000 0.0000
-163.1250 -85.0965 0.2483 0.3530 0.3987 0.00000 9.500 1500.0 12.0 0.0000 0.5549 79.35 0.0628 0.0000 0.0000
-160.3125 -85.0965 0.2541 0.3495 0.3964 0.00000 9.500 1500.0 12.0 0.0000 0.5821 82.95 0.0628 0.0000 0.0000
-157.5000 -85.0965 0.2483 0.3530 0.3987 0.00000 9.500 1500.0 12.0 0.0000 0.6097 87.19 0.0628 0.0000 0.0000
-154.6875 -85.0965 0.2437 0.3624 0.3939 0.00000 9.500 1500.0 12.0 0.0000 0.6307 90.17 0.0628 0.0000 0.0000
-151.8750 -85.0965 0.2420 0.3657 0.3923 0.00000 9.500 1500.0 12.0 0.0000 0.6646 95.00 0.0628 0.0000 0.0000
-149.0625 -85.0965 0.2375 0.3747 0.3878 0.00000 9.500 1500.0 12.0 0.0000 0.6935 99.09 0.0628 0.0000 0.0000
-146.2500 -85.0965 0.2326 0.3846 0.3828 0.00000 9.500 1500.0 12.0 0.0000 0.7252 103.59 0.0628 0.0000 0.0000
-143.4375 -85.0965 0.2382 0.3733 0.3885 0.00000 9.500 1500.0 12.0 0.0000 0.7978 114.00 0.0628 0.0000 0.0000
-140.6250 -85.0965 0.2396 0.3705 0.3899 0.00000 9.500 1500.0 12.0 0.0000 0.8644 123.54 0.0628 0.0000 0.0000
-137.8125 -85.0965 0.2395 0.3708 0.3897 0.00000 9.500 1500.0 12.0 0.0000 0.9412 134.51 0.0628 0.0000 0.0000
-135.0000 -85.0965 0.2362 0.3774 0.3864 0.00000 9.500 1500.0 12.0 0.0000 1.0129 144.72 0.0628 0.0000 0.0000
-132.1875 -85.0965 0.2357 0.3783 0.3859 0.00000 9.500 1500.0 12.0 0.0000 1.0257 146.54 0.0628 0.0000 0.0000
-129.3750 -85.0965 0.2350 0.3797 0.3852 0.00000 9.500 1500.0 12.0 0.0000 1.0475 149.65 0.0628 0.0000 0.0000
-126.5625 -85.0965 0.2387 0.3724 0.3889 0.00000 9.500 1500.0 12.0 0.0000 1.1020 157.48 0.0628 0.0000 0.0000
-123.7500 -85.0965 0.2447 0.3604 0.3950 0.00000 9.500 1500.0 12.0 0.0000 1.1827 169.09 0.0628 0.0000 0.0000
-120.9375 -85.0965 0.2483 0.3530 0.3987 0.00000 9.500 1500.0 12.0 0.0000 1.2595 180.11 0.0628 0.0000 0.0000
-118.1250 -85.0965 0.2447 0.3602 0.3950 0.00000 9.500 1500.0 12.0 0.0000 1.3205 188.79 0.0628 0.0000 0.0000
-115.3125 -85.0965 0.2460 0.3578 0.3963 0.00000 9.500 1500.0 12.0 0.0000 1.4209 203.16 0.0628 0.0000 0.0000
-112.5000 -85.0965 0.2483 0.3530 0.3987 0.00000 9.500 1500.0 12.0 0.0000 1.5488 221.49 0.0628 0.0000 0.0000
-109.6875 -85.0965 0.2483 0.3530 0.3987 0.00000 9.500 1500.0 12.0 0.0000 1.6952 242.42 0.0628 0.0000 0.0000
-106.8750 -85.0965 0.2736 0.3378 0.3887 0.00000 9.307 1500.0 12.0 0.0000 1.8993 267.41 0.0628 0.0000 0.0000
-104.0625 -85.0965 0.2894 0.3282 0.3824 0.00000 9.129 1500.0 12.0 0.0000 2.1496 299.65 0.0628 0.0000 0.0000
-101.2500 -85.0965 0.2934 0.3258 0.3808 0.00000 9.085 1500.0 12.0 0.0000 2.4774 344.50 0.0628 0.0000 0.0000
-98.4375 -85.0965 0.3296 0.3040 0.3664 0.00000 8.679 1500.0 12.0 0.0000 2.9658 402.98 0.0628 0.0000 0.0000
-95.6250 -85.0965 0.3929 0.2658 0.3413 0.00000 7.970 1500.0 12.0 0.0000 3.2350 421.56 0.0628 0.0000 0.0000
-92.8125 -85.0965 0.4373 0.2323 0.3304 0.00000 7.099 1500.0 12.0 0.0000 3.0434 386.18 0.0628 0.0000 0.0000
-90.0000 -85.0965 0.4164 0.2352 0.3484 0.00000 6.792 1500.0 12.0 0.0000 2.8248 365.55 0.0628 0.0000 0.0000
-87.1875 -85.0965 0.4107 0.2375 0.3518 0.00000 6.793 1500.0 12.0 0.0000 2.6541 344.99 0.0628 0.0000 0.0000
-84.3750 -85.0965 0.4062 0.2393 0.3545 0.00000 6.794 1500.0 12.0 0.0000 2.5156 328.14 0.0628 0.0000 0.0000
-81.5625 -85.0965 0.3983 0.2425 0.3592 0.00000 6.796 1500.0 12.0 0.0000 2.3444 307.69 0.0628 0.0000 0.0000
-78.7500 -85.0965 0.3983 0.2425 0.3592 0.00000 6.797 1500.0 12.0 0.0000 1.8636 244.59 0.0628 0.0000 0.0000
-75.9375 -85.0965 0.3983 0.2424 0.3592 0.00000 6.798 1500.0 12.0 0.0000 1.5146 198.79 0.0628 0.0000 0.0000
-73.1250 -85.0965 0.3983 0.2425 0.3592 0.00000 6.798 1500.0 12.0 0.0000 1.2593 165.29 0.0628 0.0000 0.0000
-70.3125 -85.0965 0.3983 0.2425 0.3592 0.00000 6.799 1500.0 12.0 0.0000 1.0672 140.07 0.0628 0.0000 0.0000
-67.5000 -85.0965 0.4012 0.2413 0.3575 0.00000 6.800 1500.0 12.0 0.0000 0.9228 120.85 0.0628 0.0000 0.0000
-64.6875 -85.0965 0.4162 0.2352 0.3485 0.00000 6.800 1500.0 12.0 0.0000 0.8174 105.80 0.0628 0.0000 0.0000
-61.8750 -85.0965 0.4197 0.2338 0.3465 0.00000 6.800 1500.0 12.0 0.0000 0.7302 94.25 0.0628 0.0000 0.0000
-59.0625 -85.0965 0.4136 0.2363 0.3501 0.00000 6.800 1500.0 12.0 0.0000 0.6591 85.48 0.0628 0.0000 0.0000
-56.2500 -85.0965 0.4266 0.2311 0.3423 0.00000 6.800 1500.0 12.0 0.0000 0.6117 78.52 0.0628 0.0000 0.0000
-53.4375 -85.0965 0.4728 0.2126 0.3147 0.00000 6.800 1500.0 12.0 0.0000 0.5900 72.96 0.0628 0.0000 0.0000
-50.6250 -85.0965 0.4936 0.2042 0.3022 0.00000 6.799 1500.0 12.0 0.0000 0.5646 68.62 0.0628 0.0000 0.0000
-47.8125 -85.0965 0.4730 0.2166 0.3104 0.00000 7.024 1500.0 12.0 0.0000 0.5255 64.82 0.0628 0.0000 0.0000
-45.0000 -85.0965 0.4612 0.2264 0.3125 0.00000 7.196 1500.0 12.0 0.0000 0.5020 62.35 0.0628 0.0000 0.0000
-42.1875 -85.0965 0.4769 0.2167 0.3065 0.00000 7.021 1500.0 12.0 0.0000 0.5002 61.45 0.0628 0.0000 0.0000
-39.3750 -85.0965 0.4556 0.2281 0.3164 0.00000 7.270 1500.0 12.0 0.0000 0.4942 61.69 0.0628 0.0000 0.0000
-36.5625 -85.0965 0.4499 0.2315 0.3187 0.00000 7.334 1500.0 12.0 0.0000 0.4819 60.39 0.0628 0.0000 0.0000
-33.7500 -85.0965 0.3591 0.2862 0.3547 0.00000 8.351 1500.0 12.0 0.0000 0.3426 45.66 0.0628 0.0000 0.0000
-30.9375 -85.0965 0.3363 0.2999 0.3638 0.00000 8.606 1500.0 12.0 0.0000 0.2637 35.67 0.0628 0.0000 0.0000
-28.1250 -85.0965 0.3836 0.2714 0.3450 0.00000 8.076 1500.0 12.0 0.0000 0.2199 28.84 0.0628 0.0000 0.0000
-25.3125 -85.0965 0.4124 0.2540 0.3335 0.00000 7.753 1500.0 12.0 0.0000 0.1860 23.92 0.0628 0.0000 0.0000
-22.5000 -85.0965 0.3927 0.2659 0.3414 0.00000 7.975 1500.0 12.0 0.0000 0.1574 20.52 0.0628 0.0000 0.0000
-19.6875 -85.0965 0.3510 0.2910 0.3580 0.00000 8.443 1500.0 12.0 0.0000 0.1340 17.96 0.0628 0.0000 0.0000
-16.8750 -85.0965 0.3047 0.3251 0.3703 0.00000 8.913 1500.0 12.0 0.0000 0.1139 15.67 0.0628 0.0000 0.0000
-14.0625 -85.0965 0.3469 0.2935 0.3596 0.00000 8.487 1500.0 12.0 0.0000 0.1088 14.62 0.0628 0.0000 0.0000
-11.2500 -85.0965 0.3428 0.3108 0.3464 0.00000 8.416 1500.0 12.0 0.0000 0.0952 12.73 0.0628 0.0000 0.0000
-8.4375 -85.0965 0.3583 0.3133 0.3285 0.00000 8.148 1500.0 12.0 0.0000 0.0872 11.46 0.0628 0.0000 0.0000
-5.6250 -85.0965 0.3719 0.2959 0.3323 0.00000 8.070 1500.0 12.0 0.0000 0.0873 11.44 0.0628 0.0000 0.0000
-2.8125 -85.0965 0.3456 0.3015 0.3529 0.00000 8.446 1500.0 12.0 0.0000 0.0871 11.67 0.0628 0.0000 0.0000
0.0000 -87.8638 0.4982 0.2024 0.2994 0.00000 6.790 1500.0 12.0 0.0000 0.2558 30.97 0.0628 0.0000 0.0000
2.8125 -87.8638 0.4982 0.2024 0.2994 0.00000 6.789 1500.0 12.0 0.0000 0.2661 32.22 0.0628 0.0000 0.0000
5.6250 -87.8638 0.4913 0.2051 0.3035 0.00000 6.789 1500.0 12.0 0.0000 0.2757 33.57 0.0628 0.0000 0.0000
8.4375 -87.8638 0.4876 0.2066 0.3058 0.00000 6.789 1500.0 12.0 0.0000 0.2876 35.13 0.0628 0.0000 0.0000
11.2500 -87.8638 0.4880 0.2065 0.3056 0.00000 6.789 1500.0 12.0 0.0000 0.3007 36.72 0.0628 0.0000 0.0000
14.0625 -87.8638 0.4814 0.2091 0.3095 0.00000 6.788 1500.0 12.0 0.0000 0.3142 38.58 0.0628 0.0000 0.0000
16.8750 -87.8638 0.4858 0.2073 0.3068 0.00000 6.788 1500.0 12.0 0.0000 0.3326 40.68 0.0628 0.0000 0.0000
19.6875 -87.8638 0.4982 0.2024 0.2994 0.00000 6.789 1500.0 12.0 0.0000 0.3561 43.11 0.0628 0.0000 0.0000
22.5000 -87.8638 0.4982 0.2024 0.2994 0.00000 6.789 1500.0 12.0 0.0000 0.3783 45.81 0.0628 0.0000 0.0000
25.3125 -87.8638 0.4982 0.2024 0.2994 0.00000 6.789 1500.0 12.0 0.0000 0.4026 48.74 0.0628 0.0000 0.0000
28.1250 -87.8638 0.4982 0.2024 0.2994 0.00000 6.789 1500.0 12.0 0.0000 0.4324 52.35 0.0628 0.0000 0.0000
30.9375 -87.8638 0.4729 0.2176 0.3095 0.00000 7.073 1500.0 12.0 0.0000 0.4591 56.60 0.0628 0.0000 0.0000
33.7500 -87.8638 0.4604 0.2251 0.3145 0.00000 7.213 1500.0 12.0 0.0000 0.4952 61.60 0.0628 0.0000 0.0000
36.5625 -87.8638 0.4463 0.2336 0.3201 0.00000 7.370 1500.0 12.0 0.0000 0.5357 67.30 0.0628 0.0000 0.0000
39.3750 -87.8638 0.4789 0.2140 0.3071 0.00000 7.006 1500.0 12.0 0.0000 0.5402 66.32 0.0628 0.0000 0.0000
42.1875 -87.8638 0.4982 0.2024 0.2994 0.00000 6.790 1500.0 12.0 0.0000 0.5277 63.90 0.0628 0.0000 0.0000
45.0000 -87.8638 0.4982 0.2024 0.2994 0.00000 6.790 1500.0 12.0 0.0000 0.5171 62.61 0.0628 0.0000 0.0000
47.8125 -87.8638 0.4982 0.2024 0.2994 0.00000 6.791 1500.0 12.0 0.0000 0.5133 62.15 0.0628 0.0000 0.0000
50.6250 -87.8638 0.4982 0.2024 0.2994 0.00000 6.792 1500.0 12.0 0.0000 0.5176 62.67 0.0628 0.0000 0.0000
53.4375 -87.8638 0.4982 0.2024 0.2994 0.00000 6.792 1500.0 12.0 0.0000 0.5266 63.76 0.0628 0.0000 0.0000
56.2500 -87.8638 0.4982 0.2024 0.2994 0.00000 6.792 1500.0 12.0 0.0000 0.5442 65.89 0.0628 0.0000 0.0000
59.0625 -87.8638 0.4982 0.2024 0.2994 0.00000 6.792 1500.0 12.0 0.0000 0.5679 68.75 0.0628 0.0000 0.0000
61.8750 -87.8638 0.4982 0.2024 0.2994 0.00000 6.792 1500.0 12.0 0.0000 0.6009 72.76 0.0628 0.0000 0.0000
64.6875 -87.8638 0.4982 0.2024 0.2994 0.00000 6.792 1500.0 12.0 0.0000 0.6472 78.36 0.0628 0.0000 0.0000
67.5000 -87.8638 0.4982 0.2024 0.2994 0.00000 6.792 1500.0 12.0 0.0000 0.7083 85.75 0.0628 0.0000 0.0000
70.3125 -87.8638 0.4982 0.2024 0.2994 0.00000 6.792 1500.0 12.0 0.0000 0.7902 95.67 0.0628 0.0000 0.0000
73.1250 -87.8638 0.4982 0.2024 0.2994 0.00000 6.792 1500.0 12.0 0.0000 0.9022 109.23 0.0628 0.0000 0.0000
75.9375 -87.8638 0.4982 0.2024 0.2994 0.00000 6.792 1500.0 12.0 0.0000 1.0542 127.64 0.0628 0.0000 0.0000
78.7500 -87.8638 0.4982 0.2024 0.2994 0.00000 6.793 1500.0 12.0 0.0000 1.2662 153.30 0.0628 0.0000 0.0000
81.5625 -87.8638 0.4982 0.2024 0.2994 0.00000 6.793 1500.0 12.0 0.0000 1.1489 139.10 0.0628 0.0000 0.0000
84.3750 -87.8638 0.4982 0.2024 0.2994 0.00000 6.793 1500.0 12.0 0.0000 1.0572 128.00 0.0628 0.0000 0.0000
87.1875 -87.8638 0.4982 0.2024 0.2994 0.00000 6.793 1500.0 12.0 0.0000 0.9990 120.94 0.0628 0.0000 0.0000
90.0000 -87.8638 0.4982 0.2024 0.2994 0.00000 6.793 1500.0 12.0 0.0000 0.9633 116.63 0.0628 0.0000 0.0000
92.8125 -87.8638 0.4982 0.2024 0.2994 0.00000 6.794 1500.0 12.0 0.0000 0.9452 114.44 0.0628 0.0000 0.0000
95.6250 -87.8638 0.4982 0.2024 0.2994 0.00000 6.795 1500.0 12.0 0.0000 0.9473 114.69 0.0628 0.0000 0.0000
98.4375 -87.8638 0.4982 0.2024 0.2994 0.00000 6.796 1500.0 12.0 0.0000 0.9618 116.45 0.0628 0.0000 0.0000
101.2500 -87.8638 0.4982 0.2024 0.2994 0.00000 6.796 1500.0 12.0 0.0000 0.9941 120.36 0.0628 0.0000 0.0000
104.0625 -87.8638 0.4982 0.2024 0.2994 0.00000 6.797 1500.0 12.0 0.0000 1.0490 127.01 0.0628 0.0000 0.0000
106.8750 -87.8638 0.4982 0.2024 0.2994 0.00000 6.797 1500.0 12.0 0.0000 1.1353 137.45 0.0628 0.0000 0.0000
109.6875 -87.8638 0.4982 0.2024 0.2994 0.00000 6.798 1500.0 12.0 0.0000 1.2669 153.39 0.0628 0.0000 0.0000
112.5000 -87.8638 0.4982 0.2024 0.2994 0.00000 6.799 1500.0 12.0 0.0000 1.4725 178.27 0.0628 0.0000 0.0000
115.3125 -87.8638 0.4982 0.2024 0.2994 0.00000 6.800 1500.0 12.0 0.0000 1.8219 220.58 0.0628 0.0000 0.0000
118.1250 -87.8638 0.4982 0.2024 0.2994 0.00000 6.800 1500.0 12.0 0.0000 2.2511 272.54 0.0628 0.0000 0.0000
120.9375 -87.8638 0.4982 0.2024 0.2994 0.00000 6.800 1500.0 12.0 0.0000 1.7643 213.60 0.0628 0.0000 0.0000
123.7500 -87.8638 0.4982 0.2024 0.2994 0.00000 6.800 1500.0 12.0 0.0000 1.4323 173.41 0.0628 0.0000 0.0000
126.5625 -87.8638 0.4982 0.2024 0.2994 0.00000 6.800 1500.0 12.0 0.0000 1.1975 144.98 0.0628 0.0000 0.0000
129.3750 -87.8638 0.4982 0.2024 0.2994 0.00000 6.800 1500.0 12.0 0.0000 1.0274 124.39 0.0628 0.0000 0.0000
132.1875 -87.8638 0.4982 0.2024 0.2994 0.00000 6.800 1500.0 12.0 0.0000 0.9001 108.97 0.0628 0.0000 0.0000
135.0000 -87.8638 0.4982 0.2024 0.2994 0.00000 6.800 1500.0 12.0 0.0000 0.8028 97.19 0.0628 0.0000 0.0000
137.8125 -87.8638 0.4982 0.2024 0.2994 0.00000 6.800 1500.0 12.0 0.0000 0.6684 80.93 0.0628 0.0000 0.0000
140.6250 -87.8638 0.4982 0.2024 0.2994 0.00000 6.800 1500.0 12.0 0.0000 0.5658 68.50 0.0628 0.0000 0.0000
143.4375 -87.8638 0.4982 0.2024 0.2994 0.00000 6.800 1500.0 12.0 0.0000 0.4879 59.07 0.0628 0.0000 0.0000
146.2500 -87.8638 0.4982 0.2024 0.2994 0.00000 6.800 1500.0 12.0 0.0000 0.4271 51.71 0.0628 0.0000 0.0000
149.0625 -87.8638 0.4982 0.2024 0.2994 0.00000 6.800 1500.0 12.0 0.0000 0.3785 45.83 0.0628 0.0000 0.0000
151.8750 -87.8638 0.4869 0.2092 0.3039 0.00000 6.926 1500.0 12.0 0.0000 0.3368 41.11 0.0628 0.0000 0.0000
154.6875 -87.8638 0.3931 0.2657 0.3412 0.00000 7.977 1500.0 12.0 0.0000 0.2879 37.52 0.0628 0.0000 0.0000
157.5000 -87.8638 0.4071 0.2572 0.3357 0.00000 7.820 1500.0 12.0 0.0000 0.2645 34.14 0.0628 0.0000 0.0000
160.3125 -87.8638 0.3344 0.3011 0.3645 0.00000 8.635 1500.0 12.0 0.0000 0.2328 31.53 0.0628 0.0000 0.0000
163.1250 -87.8638 0.4158 0.2520 0.3322 0.00000 7.723 1500.0 12.0 0.0000 0.2257 28.96 0.0628 0.0000 0.0000
165.9375 -87.8638 0.4055 0.2582 0.3363 0.00000 7.838 1500.0 12.0 0.0000 0.2086 26.96 0.0628 0.0000 0.0000
168.7500 -87.8638 0.3147 0.3129 0.3723 0.00000 8.855 1500.0 12.0 0.0000 0.1849 25.37 0.0628 0.0000 0.0000
171.5625 -87.8638 0.3154 0.3125 0.3721 0.00000 8.847 1500.0 12.0 0.0000 0.1738 23.83 0.0628 0.0000 0.0000
174.3750 -87.8638 0.3488 0.2937 0.3575 0.00000 8.463 1500.0 12.0 0.0000 0.1663 22.30 0.0628 0.0000 0.0000
177.1875 -87.8638 0.3205 0.3127 0.3667 0.00000 8.764 1500.0 12.0 0.0000 0.1540 21.01 0.0628 0.0000 0.0000
180.0000 -87.8638 0.2729 0.3428 0.3843 0.00000 9.287 1500.0 12.0 0.0000 0.1420 19.95 0.0628 0.0000 0.0000
-177.1875 -87.8638 0.2816 0.3411 0.3772 0.00000 9.160 1500.0 12.0 0.0000 0.1346 18.78 0.0628 0.0000 0.0000
-174.3750 -87.8638 0.2912 0.3271 0.3817 0.00000 9.119 1500.0 12.0 0.0000 0.1332 18.55 0.0628 0.0000 0.0000
-171.5625 -87.8638 0.3283 0.3083 0.3634 0.00000 8.675 1500.0 12.0 0.0000 0.1292 17.54 0.0628 0.0000 0.0000
-168.7500 -87.8638 0.3316 0.3049 0.3635 0.00000 8.649 1500.0 12.0 0.0000 0.1253 16.99 0.0628 0.0000 0.0000
-165.9375 -87.8638 0.2932 0.3259 0.3809 0.00000 9.097 1500.0 12.0 0.0000 0.1194 16.60 0.0628 0.0000 0.0000
-163.1250 -87.8638 0.2709 0.3471 0.3820 0.00000 9.285 1500.0 12.0 0.0000 0.1114 15.65 0.0628 0.0000 0.0000
-160.3125 -87.8638 0.3185 0.3106 0.3708 0.00000 8.812 1500.0 12.0 0.0000 0.1139 15.59 0.0628 0.0000 0.0000
-157.5000 -87.8638 0.2864 0.3433 0.3704 0.00000 9.067 1500.0 12.0 0.0000 0.1044 14.48 0.0628 0.0000 0.0000
-154.6875 -87.8638 0.2594 0.3673 0.3733 0.00000 9.308 1500.0 12.0 0.0000 0.0980 13.78 0.0628 0.0000 0.0000
-151.8750 -87.8638 0.3406 0.3011 0.3584 0.00000 8.535 1500.0 12.0 0.0000 0.1057 14.23 0.0628 0.0000 0.0000
-149.0625 -87.8638 0.3287 0.3045 0.3668 0.00000 8.698 1500.0 12.0 0.0000 0.1042 14.17 0.0628 0.0000 0.0000
-146.2500 -87.8638 0.3106 0.3154 0.3740 0.00000 8.902 1500.0 12.0 0.0000 0.1018 14.00 0.0628 0.0000 0.0000
-143.4375 -87.8638 0.3452 0.3013 0.3535 0.00000 8.460 1500.0 12.0 0.0000 0.1000 13.41 0.0628 0.0000 0.0000
-140.6250 -87.8638 0.3288 0.3125 0.3587 0.00000 8.633 1500.0 12.0 0.0000 0.0975 13.20 0.0628 0.0000 0.0000
-137.8125 -87.8638 0.3795 0.2772 0.3433 0.00000 8.103 1500.0 12.0 0.0000 0.1009 13.25 0.0628 0.0000 0.0000
-135.0000 -87.8638 0.3529 0.2899 0.3572 0.00000 8.428 1500.0 12.0 0.0000 0.0996 13.32 0.0628 0.0000 0.0000
-132.1875 -87.8638 0.3509 0.2911 0.3580 0.00000 8.449 1500.0 12.0 0.0000 0.0987 13.23 0.0628 0.0000 0.0000
-129.3750 -87.8638 0.3464 0.2938 0.3598 0.00000 8.500 1500.0 12.0 0.0000 0.0979 13.16 0.0628 0.0000 0.0000
-126.5625 -87.8638 0.3193 0.3102 0.3705 0.00000 8.803 1500.0 12.0 0.0000 0.0960 13.12 0.0628 0.0000 0.0000
-123.7500 -87.8638 0.3832 0.2771 0.3397 0.00000 8.043 1500.0 12.0 0.0000 0.0976 12.77 0.0628 0.0000 0.0000
-120.9375 -87.8638 0.3744 0.2845 0.3411 0.00000 8.125 1500.0 12.0 0.0000 0.0964 12.67 0.0628 0.0000 0.0000
-118.1250 -87.8638 0.4430 0.2356 0.3214 0.00000 7.417 1500.0 12.0 0.0000 0.1033 13.01 0.0628 0.0000 0.0000
-115.3125 -87.8638 0.4723 0.2180 0.3097 0.00000 7.090 1500.0 12.0 0.0000 0.1056 13.03 0.0628 0.0000 0.0000
-112.5000 -87.8638 0.4811 0.2126 0.3062 0.00000 6.990 1500.0 12.0 0.0000 0.1067 13.07 0.0628 0.0000 0.0000
-109.6875 -87.8638 0.4982 0.2024 0.2994 0.00000 6.800 1500.0 12.0 0.0000 0.1085 13.14 0.0628 0.0000 0.0000
-106.8750 -87.8638 0.4982 0.2024 0.2994 0.00000 6.800 1500.0 12.0 0.0000 0.1093 13.23 0.0628 0.0000 0.0000
-104.0625 -87.8638 0.4982 0.2024 0.2994 0.00000 6.800 1500.0 12.0 0.0000 0.1102 13.35 0.0628 0.0000 0.0000
-101.2500 -87.8638 0.4982 0.2024 0.2994 0.00000 6.800 1500.0 12.0 0.0000 0.1114 13.48 0.0628 0.0000 0.0000
-98.4375 -87.8638 0.4982 0.2024 0.2994 0.00000 6.800 1500.0 12.0 0.0000 0.1126 13.64 0.0628 0.0000 0.0000
-95.6250 -87.8638 0.4982 0.2024 0.2994 0.00000 6.800 1500.0 12.0 0.0000 0.1141 13.81 0.0628 0.0000 0.0000
-92.8125 -87.8638 0.4982 0.2024 0.2994 0.00000 6.800 1500.0 12.0 0.0000 0.1157 14.01 0.0628 0.0000 0.0000
-90.0000 -87.8638 0.4982 0.2024 0.2994 0.00000 6.800 1500.0 12.0 0.0000 0.1174 14.22 0.0628 0.0000 0.0000
-87.1875 -87.8638 0.4982 0.2024 0.2994 0.00000 6.800 1500.0 12.0 0.0000 0.1193 14.44 0.0628 0.0000 0.0000
-84.3750 -87.8638 0.4982 0.2024 0.2994 0.00000 6.800 1500.0 12.0 0.0000 0.1213 14.69 0.0628 0.0000 0.0000
-81.5625 -87.8638 0.4928 0.2045 0.3026 0.00000 6.800 1500.0 12.0 0.0000 0.1230 14.96 0.0628 0.0000 0.0000
-78.7500 -87.8638 0.4618 0.2170 0.3212 0.00000 6.800 1500.0 12.0 0.0000 0.1222 15.25 0.0628 0.0000 0.0000
-75.9375 -87.8638 0.4660 0.2153 0.3187 0.00000 6.800 1500.0 12.0 0.0000 0.1250 15.54 0.0628 0.0000 0.0000
-73.1250 -87.8638 0.4379 0.2266 0.3356 0.00000 6.800 1500.0 12.0 0.0000 0.1248 15.87 0.0628 0.0000 0.0000
-70.3125 -87.8638 0.4565 0.2191 0.3244 0.00000 6.800 1500.0 12.0 0.0000 0.1292 16.19 0.0628 0.0000 0.0000
-67.5000 -87.8638 0.4343 0.2280 0.3377 0.00000 6.800 1500.0 12.0 0.0000 0.1298 16.56 0.0628 0.0000 0.0000
-64.6875 -87.8638 0.4339 0.2282 0.3379 0.00000 6.800 1500.0 12.0 0.0000 0.1326 16.92 0.0628 0.0000 0.0000
-61.8750 -87.8638 0.4326 0.2287 0.3387 0.00000 6.800 1500.0 12.0 0.0000 0.1355 17.31 0.0628 0.0000 0.0000
-59.0625 -87.8638 0.4228 0.2326 0.3446 0.00000 6.800 1500.0 12.0 0.0000 0.1377 17.73 0.0628 0.0000 0.0000
-56.2500 -87.8638 0.4269 0.2310 0.3421 0.00000 6.800 1500.0 12.0 0.0000 0.1414 18.15 0.0628 0.0000 0.0000
-53.4375 -87.8638 0.4229 0.2326 0.3445 0.00000 6.800 1500.0 12.0 0.0000 0.1445 18.60 0.0628 0.0000 0.0000
-50.6250 -87.8638 0.4192 0.2341 0.3467 0.00000 6.800 1500.0 12.0 0.0000 0.1477 19.07 0.0628 0.0000 0.0000
-47.8125 -87.8638 0.4166 0.2351 0.3483 0.00000 6.800 1500.0 12.0 0.0000 0.1508 19.52 0.0628 0.0000 0.0000
-45.0000 -87.8638 0.4360 0.2273 0.3367 0.00000 6.800 1500.0 12.0 0.0000 0.1571 20.01 0.0628 0.0000 0.0000
-42.1875 -87.8638 0.4234 0.2324 0.3443 0.00000 6.800 1500.0 12.0 0.0000 0.1594 20.52 0.0628 0.0000 0.0000
-39.3750 -87.8638 0.4369 0.2270 0.3362 0.00000 6.800 1500.0 12.0 0.0000 0.1652 21.03 0.0628 0.0000 0.0000
-36.5625 -87.8638 0.4702 0.2136 0.3162 0.00000 6.799 1500.0 12.0 0.0000 0.1733 21.47 0.0628 0.0000 0.0000
-33.7500 -87.8638 0.4894 0.2059 0.3047 0.00000 6.798 1500.0 12.0 0.0000 0.1803 21.99 0.0628 0.0000 0.0000
-30.9375 -87.8638 0.4857 0.2074 0.3069 0.00000 6.797 1500.0 12.0 0.0000 0.1842 22.54 0.0628 0.0000 0.0000
-28.1250 -87.8638 0.4860 0.2073 0.3068 0.00000 6.797 1500.0 12.0 0.0000 0.1887 23.09 0.0628 0.0000 0.0000
-25.3125 -87.8638 0.4875 0.2067 0.3059 0.00000 6.796 1500.0 12.0 0.0000 0.1936 23.65 0.0628 0.0000 0.0000
-22.5000 -87.8638 0.4982 0.2024 0.2994 0.00000 6.795 1500.0 12.0 0.0000 0.2001 24.23 0.0628 0.0000 0.0000
-19.6875 -87.8638 0.4982 0.2023 0.2994 0.00000 6.795 1500.0 12.0 0.0000 0.2055 24.88 0.0628 0.0000 0.0000
-16.8750 -87.8638 0.4982 0.2023 0.2994 0.00000 6.794 1500.0 12.0 0.0000 0.2115 25.61 0.0628 0.0000 0.0000
-14.0625 -87.8638 0.4982 0.2024 0.2994 0.00000 6.793 1500.0 12.0 0.0000 0.2172 26.30 0.0628 0.0000 0.0000
-11.2500 -87.8638 0.4982 0.2024 0.2994 0.00000 6.792 1500.0 12.0 0.0000 0.2237 27.08 0.0628 0.0000 0.0000
-8.4375 -87.8638 0.4982 0.2024 0.2994 0.00000 6.792 1500.0 12.0 0.0000 0.2310 27.97 0.0628 0.0000 0.0000
-5.6250 -87.8638 0.4982 0.2024 0.2994 0.00000 6.791 1500.0 12.0 0.0000 0.2390 28.94 0.0628 0.0000 0.0000
-2.8125 -87.8638 0.4982 0.2024 0.2994 0.00000 6.791 1500.0 12.0 0.0000 0.2483 30.07 0.0628 0.0000 0.0000
