Lon Lat b theta_s theta_fc theta_wp awc_mm evaporable_mm u00 u01 u02 u03 u04 u05 u06 u07 u08 u09 u10 u11 u12 u13 u14
0.0000 85.7606 5.10254 0.412530 0.262078 0.102428 34.086 36.135 1.000000 0.318656 0.062800 0.062800 0.062800 0.062800 0.062800 0.062800 0.062800 0.062800 0.062800 0.062800 0.062800 0.062800 0.062800
5.6250 85.7606 5.07981 0.412227 0.260991 0.101576 36.053 38.084 1.000000 0.445178 0.062800 0.062800 0.062800 0.062800 0.062800 0.062800 0.062800 0.062800 0.062800 0.062800 0.062800 0.062800 0.062800
11.2500 85.7606 5.37755 0.414993 0.272580 0.111776 45.922 48.157 1.000000 1.000000 0.102162 0.062800 0.062800 0.062800 0.062800 0.062800 0.062800 0.062800 0.062800 0.062800 0.062800 0.062800 0.062800
16.8750 85.7606 5.03813 0.411169 0.258012 0.099635 51.804 53.797 1.000000 1.000000 0.517342 0.062800 0.062800 0.062800 0.062800 0.062800 0.062800 0.062800 0.062800 0.062800 0.062800 0.062800 0.062800
22.5000 85.7606 5.09533 0.412105 0.261091 0.101907 52.874 54.912 1.000000 1.000000 0.567951 0.062800 0.062800 0.062800 0.062800 0.062800 0.062800 0.062800 0.062800 0.062800 0.062800 0.062800 0.062800
28.1250 85.7606 5.69020 0.420336 0.288930 0.124429 37.172 39.661 1.000000 0.443303 0.062800 0.062800 0.062800 0.062800 0.062800 0.062800 0.062800 0.062800 0.062800 0.062800 0.062800 0.062800 0.062800
33.7500 85.7606 5.01247 0.410973 0.257057 0.098785 51.043 53.019 1.000000 1.000000 0.471419 0.062800 0.062800 0.062800 0.062800 0.062800 0.062800 0.062800 0.062800 0.062800 0.062800 0.062800 0.062800
39.3750 85.7606 4.86957 0.409055 0.250052 0.093433 69.489 71.358 1.000000 1.000000 1.000000 0.746019 0.062800 0.062800 0.062800 0.062800 0.062800 0.062800 0.062800 0.062800 0.062800 0.062800 0.062800
45.0000 85.7606 6.04610 0.422251 0.298587 0.135125 57.742 60.444 1.000000 1.000000 0.778821 0.062800 0.062800 0.062800 0.062800 0.062800 0.062800 0.062800 0.062800 0.062800 0.062800 0.062800 0.062800
50.6250 85.7606 5.97432 0.421136 0.295255 0.132350 57.713 60.360 1.000000 1.000000 0.789130 0.062800 0.062800 0.062800 0.062800 0.062800 0.062800 0.062800 0.062800 0.062800 0.062800 0.062800 0.062800
56.2500 85.7606 6.21069 0.425474 0.307456 0.142093 52.477 55.319 1.000000 1.000000 0.419873 0.062800 0.062800 0.062800 0.062800 0.062800 0.062800 0.062800 0.062800 0.062800 0.062800 0.062800 0.062800
61.8750 85.7606 6.71324 0.433323 0.329831 0.161501 37.438 40.668 1.000000 0.407690 0.062800 0.062800 0.062800 0.062800 0.062800 0.062800 0.062800 0.062800 0.062800 0.062800 0.062800 0.062800 0.062800
67.5000 85.7606 6.13089 0.425790 0.306920 0.140428 43.489 46.298 1.000000 0.795690 0.062800 0.062800 0.062800 0.062800 0.062800 0.062800 0.062800 0.062800 0.062800 0.062800 0.062800 0.062800 0.062800
73.1250 85.7606 6.12050 0.426100 0.307389 0.140456 35.500 38.310 1.000000 0.310221 0.062800 0.062800 0.062800 0.062800 0.062800 0.062800 0.062800 0.062800 0.062800 0.062800 0.062800 0.062800 0.062800
78.7500 85.7606 6.42831 0.429898 0.319347 0.151496 26.210 28.277 0.682289 0.062800 0.062800 0.062800 0.062800 0.062800 0.062800 0.062800 0.062800 0.062800 0.062800 0.062800 0.062800 0.062800 0.062800
84.3750 85.7606 6.36495 0.429035 0.316758 0.149156 24.380 26.097 0.575448 0.062800 0.062800 0.062800 0.062800 0.062800 0.062800 0.062800 0.062800 0.062800 0.062800 0.062800 0.062800 0.062800 0.062800
90.0000 85.7606 6.30602 0.428774 0.315428 0.147489 23.564 25.109 0.523902 0.062800 0.062800 0.062800 0.062800 0.062800 0.062800 0.062800 0.062800 0.062800 0.062800 0.062800 0.062800 0.062800 0.062800
95.6250 85.7606 6.56449 0.430876 0.323074 0.155654 22.361 23.782 0.456424 0.062800 0.062800 0.062800 0.062800 0.062800 0.062800 0.062800 0.062800 0.062800 0.062800 0.062800 0.062800 0.062800 0.062800
101.2500 85.7606 6.75343 0.432928 0.329509 0.162030 21.490 22.799 0.403941 0.062800 0.062800 0.062800 0.062800 0.062800 0.062800 0.062800 0.062800 0.062800 0.062800 0.062800 0.062800 0.062800 0.062800
106.8750 85.7606 6.62002 0.432515 0.327074 0.158549 21.229 22.436 0.380511 0.062800 0.062800 0.062800 0.062800 0.062800 0.062800 0.062800 0.062800 0.062800 0.062800 0.062800 0.062800 0.062800 0.062800
112.5000 85.7606 6.51889 0.431697 0.324158 0.155380 20.882 21.994 0.358018 0.062800 0.062800 0.062800 0.062800 0.062800 0.062800 0.062800 0.062800 0.062800 0.062800 0.062800 0.062800 0.062800 0.062800
118.1250 85.7606 7.48796 0.441543 0.354431 0.186853 19.901 21.053 0.308346 0.062800 0.062800 0.062800 0.062800 0.062800 0.062800 0.062800 0.062800 0.062800 0.062800 0.062800 0.062800 0.062800 0.062800
123.7500 85.7606 7.43963 0.441072 0.353046 0.185351 19.647 20.731 0.292414 0.062800 0.062800 0.062800 0.062800 0.062800 0.062800 0.062800 0.062800 0.062800 0.062800 0.062800 0.062800 0.062800 0.062800
129.3750 85.7606 7.30443 0.439065 0.347737 0.180399 19.308 20.298 0.274607 0.062800 0.062800 0.062800 0.062800 0.062800 0.062800 0.062800 0.062800 0.062800 0.062800 0.062800 0.062800 0.062800 0.062800
135.0000 85.7606 6.71846 0.433553 0.330359 0.161849 19.285 20.143 0.265235 0.062800 0.062800 0.062800 0.062800 0.062800 0.062800 0.062800 0.062800 0.062800 0.062800 0.062800 0.062800 0.062800 0.062800
140.6250 85.7606 7.48735 0.442001 0.355351 0.187329 18.977 19.915 0.250240 0.062800 0.062800 0.062800 0.062800 0.062800 0.062800 0.062800 0.062800 0.062800 0.062800 0.062800 0.062800 0.062800 0.062800
146.2500 85.7606 7.13388 0.438996 0.345927 0.176666 19.180 20.078 0.253989 0.062800 0.062800 0.062800 0.062800 0.062800 0.062800 0.062800 0.062800 0.062800 0.062800 0.062800 0.062800 0.062800 0.062800
151.8750 85.7606 7.40222 0.441289 0.353144 0.184800 20.086 21.247 0.313970 0.062800 0.062800 0.062800 0.062800 0.062800 0.062800 0.062800 0.062800 0.062800 0.062800 0.062800 0.062800 0.062800 0.062800
157.5000 85.7606 7.45902 0.440541 0.352152 0.185191 21.846 23.436 0.429245 0.062800 0.062800 0.062800 0.062800 0.062800 0.062800 0.062800 0.062800 0.062800 0.062800 0.062800 0.062800 0.062800 0.062800
163.1250 85.7606 6.99955 0.435160 0.336774 0.169788 23.226 24.964 0.511719 0.062800 0.062800 0.062800 0.062800 0.062800 0.062800 0.062800 0.062800 0.062800 0.062800 0.062800 0.062800 0.062800 0.062800
168.7500 85.7606 5.75141 0.419435 0.288204 0.125234 25.997 27.791 0.716028 0.062800 0.062800 0.062800 0.062800 0.062800 0.062800 0.062800 0.062800 0.062800 0.062800 0.062800 0.062800 0.062800 0.062800
174.3750 85.7606 6.55755 0.430579 0.322388 0.155203 24.069 25.809 0.560453 0.062800 0.062800 0.062800 0.062800 0.062800 0.062800 0.062800 0.062800 0.062800 0.062800 0.062800 0.062800 0.062800 0.062800
180.0000 85.7606 7.18364 0.440891 0.350283 0.179725 24.219 26.162 0.540772 0.062800 0.062800 0.062800 0.062800 0.062800 0.062800 0.062800 0.062800 0.062800 0.062800 0.062800 0.062800 0.062800 0.062800
-174.3750 85.7606 6.92552 0.439701 0.345239 0.172786 25.603 27.695 0.605439 0.062800 0.062800 0.062800 0.062800 0.062800 0.062800 0.062800 0.062800 0.062800 0.062800 0.062800 0.062800 0.062800 0.062800
-168.7500 85.7606 6.43674 0.433889 0.327599 0.155562 24.703 26.435 0.556704 0.062800 0.062800 0.062800 0.062800 0.062800 0.062800 0.062800 0.062800 0.062800 0.062800 0.062800 0.062800 0.062800 0.062800
-163.1250 85.7606 6.26125 0.430735 0.318802 0.148258 25.527 27.359 0.617622 0.062800 0.062800 0.062800 0.062800 0.062800 0.062800 0.062800 0.062800 0.062800 0.062800 0.062800 0.062800 0.062800 0.062800
-157.5000 85.7606 6.69038 0.435945 0.334909 0.163588 24.584 26.402 0.555767 0.062800 0.062800 0.062800 0.062800 0.062800 0.062800 0.062800 0.062800 0.062800 0.062800 0.062800 0.062800 0.062800 0.062800
-151.8750 85.7606 6.90313 0.438812 0.343169 0.171365 24.460 26.326 0.544521 0.062800 0.062800 0.062800 0.062800 0.062800 0.062800 0.062800 0.062800 0.062800 0.062800 0.062800 0.062800 0.062800 0.062800
-146.2500 85.7606 6.52105 0.434960 0.330861 0.158631 25.231 27.089 0.585758 0.062800 0.062800 0.062800 0.062800 0.062800 0.062800 0.062800 0.062800 0.062800 0.062800 0.062800 0.062800 0.062800 0.062800
-140.6250 85.7606 6.44094 0.435877 0.331773 0.157621 26.541 28.573 0.644801 0.062800 0.062800 0.062800 0.062800 0.062800 0.062800 0.062800 0.062800 0.062800 0.062800 0.062800 0.062800 0.062800 0.062800
-135.0000 85.7606 6.46873 0.434841 0.329968 0.157265 24.637 26.358 0.547332 0.062800 0.062800 0.062800 0.062800 0.062800 0.062800 0.062800 0.062800 0.062800 0.062800 0.062800 0.062800 0.062800 0.062800
-129.3750 85.7606 6.82627 0.438279 0.341244 0.169077 23.286 24.886 0.473294 0.062800 0.062800 0.062800 0.062800 0.062800 0.062800 0.062800 0.062800 0.062800 0.062800 0.062800 0.062800 0.062800 0.062800
-123.7500 85.7606 6.91217 0.440103 0.345932 0.172902 23.370 25.000 0.471419 0.062800 0.062800 0.062800 0.062800 0.062800 0.062800 0.062800 0.062800 0.062800 0.062800 0.062800 0.062800 0.062800 0.062800
-118.1250 85.7606 6.85063 0.440848 0.346834 0.172276 24.296 26.062 0.512656 0.062800 0.062800 0.062800 0.062800 0.062800 0.062800 0.062800 0.062800 0.062800 0.062800 0.062800 0.062800 0.062800 0.062800
-112.5000 85.7606 6.24477 0.434883 0.327181 0.151847 26.376 28.274 0.625120 0.062800 0.062800 0.062800 0.062800 0.062800 0.062800 0.062800 0.062800 0.062800 0.062800 0.062800 0.062800 0.062800 0.062800
-106.8750 85.7606 5.87870 0.425914 0.303305 0.134196 25.408 27.080 0.623246 0.062800 0.062800 0.062800 0.062800 0.062800 0.062800 0.062800 0.062800 0.062800 0.062800 0.062800 0.062800 0.062800 0.062800
-101.2500 85.7606 6.14350 0.426531 0.308595 0.141421 25.258 27.045 0.631680 0.062800 0.062800 0.062800 0.062800 0.062800 0.062800 0.062800 0.062800 0.062800 0.062800 0.062800 0.062800 0.062800 0.062800
-95.6250 85.7606 5.18290 0.413226 0.265154 0.105152 25.374 26.860 0.706656 0.062800 0.062800 0.062800 0.062800 0.062800 0.062800 0.062800 0.062800 0.062800 0.062800 0.062800 0.062800 0.062800 0.062800
-90.0000 85.7606 5.85493 0.422131 0.295295 0.130220 25.235 26.926 0.649487 0.062800 0.062800 0.062800 0.062800 0.062800 0.062800 0.062800 0.062800 0.062800 0.062800 0.062800 0.062800 0.062800 0.062800
-84.3750 85.7606 5.34446 0.415014 0.271966 0.110911 26.401 28.087 0.760077 0.062800 0.062800 0.062800 0.062800 0.062800 0.062800 0.062800 0.062800 0.062800 0.062800 0.062800 0.062800 0.062800 0.062800
-78.7500 85.7606 5.54879 0.417629 0.281028 0.118455 25.264 26.862 0.674792 0.062800 0.062800 0.062800 0.062800 0.062800 0.062800 0.062800 0.062800 0.062800 0.062800 0.062800 0.062800 0.062800 0.062800
-73.1250 85.7606 6.44673 0.429655 0.319099 0.151701 21.338 22.538 0.395506 0.062800 0.062800 0.062800 0.062800 0.062800 0.062800 0.062800 0.062800 0.062800 0.062800 0.062800 0.062800 0.062800 0.062800
-67.5000 85.7606 6.88172 0.434652 0.334457 0.166654 21.248 22.539 0.387071 0.062800 0.062800 0.062800 0.062800 0.062800 0.062800 0.062800 0.062800 0.062800 0.062800 0.062800 0.062800 0.062800 0.062800
-61.8750 85.7606 6.83074 0.433674 0.331907 0.164526 22.340 23.839 0.455487 0.062800 0.062800 0.062800 0.062800 0.062800 0.062800 0.062800 0.062800 0.062800 0.062800 0.062800 0.062800 0.062800 0.062800
-56.2500 85.7606 7.36310 0.440696 0.351585 0.183351 21.082 22.453 0.373950 0.062800 0.062800 0.062800 0.062800 0.062800 0.062800 0.062800 0.062800 0.062800 0.062800 0.062800 0.062800 0.062800 0.062800
-50.6250 85.7606 7.50165 0.442796 0.357086 0.188473 20.340 21.573 0.327090 0.062800 0.062800 0.062800 0.062800 0.062800 0.062800 0.062800 0.062800 0.062800 0.062800 0.062800 0.062800 0.062800 0.062800
-45.0000 85.7606 7.19133 0.439303 0.347120 0.178230 22.257 23.820 0.438617 0.062800 0.062800 0.062800 0.062800 0.062800 0.062800 0.062800 0.062800 0.062800 0.062800 0.062800 0.062800 0.062800 0.062800
-39.3750 85.7606 6.64118 0.432822 0.327953 0.159342 23.737 25.421 0.528588 0.062800 0.062800 0.062800 0.062800 0.062800 0.062800 0.062800 0.062800 0.062800 0.062800 0.062800 0.062800 0.062800 0.062800
-33.7500 85.7606 6.55062 0.431779 0.324724 0.156207 21.844 23.077 0.394667 0.064400 0.064400 0.064400 0.064400 0.064400 0.064400 0.064400 0.064400 0.064400 0.064400 0.064400 0.064400 0.064400 0.064400
-28.1250 85.7606 6.44853 0.430507 0.320843 0.152562 21.706 22.912 0.395279 0.063900 0.063900 0.063900 0.063900 0.063900 0.063900 0.063900 0.063900 0.063900 0.063900 0.063900 0.063900 0.063900 0.063900
-22.5000 85.7606 6.24834 0.427611 0.312279 0.144995 24.730 26.443 0.590706 0.063400 0.063400 0.063400 0.063400 0.063400 0.063400 0.063400 0.063400 0.063400 0.063400 0.063400 0.063400 0.063400 0.063400
-16.8750 85.7606 6.13173 0.426188 0.307731 0.140814 24.461 26.108 0.584865 0.062900 0.062900 0.062900 0.062900 0.062900 0.062900 0.062900 0.062900 0.062900 0.062900 0.062900 0.062900 0.062900 0.062900
-11.2500 85.7606 5.87083 0.422935 0.297162 0.131334 27.650 29.720 0.788193 0.062800 0.062800 0.062800 0.062800 0.062800 0.062800 0.062800 0.062800 0.062800 0.062800 0.062800 0.062800 0.062800 0.062800
-5.6250 85.7606 5.21308 0.414068 0.267437 0.106626 31.516 33.648 1.000000 0.143399 0.062800 0.062800 0.062800 0.062800 0.062800 0.062800 0.062800 0.062800 0.062800 0.062800 0.062800 0.062800 0.062800
0.0000 80.2688 5.19055 0.416847 0.272480 0.108204 53.687 55.852 1.000000 1.000000 0.514530 0.062800 0.062800 0.062800 0.062800 0.062800 0.062800 0.062800 0.062800 0.062800 0.062800 0.062800 0.062800
5.6250 80.2688 5.21659 0.422451 0.284427 0.113470 54.317 56.586 1.000000 1.000000 0.423622 0.062800 0.062800 0.062800 0.062800 0.062800 0.062800 0.062800 0.062800 0.062800 0.062800 0.062800 0.062800
11.2500 80.2688 5.48111 0.425923 0.296632 0.123705 56.352 58.827 1.000000 1.000000 0.505158 0.062800 0.062800 0.062800 0.062800 0.062800 0.062800 0.062800 0.062800 0.062800 0.062800 0.062800 0.062800
16.8750 80.2688 4.74181 0.419531 0.268086 0.097549 61.024 62.975 1.000000 1.000000 0.824744 0.062800 0.062800 0.062800 0.062800 0.062800 0.062800 0.062800 0.062800 0.062800 0.062800 0.062800 0.062800
22.5000 80.2688 5.66291 0.426836 0.301679 0.129393 48.055 50.642 1.000000 0.972821 0.062800 0.062800 0.062800 0.062800 0.062800 0.062800 0.062800 0.062800 0.062800 0.062800 0.062800 0.062800 0.062800
28.1250 80.2688 5.04532 0.422041 0.280079 0.108304 59.117 61.283 1.000000 1.000000 0.687912 0.062800 0.062800 0.062800 0.062800 0.062800 0.062800 0.062800 0.062800 0.062800 0.062800 0.062800 0.062800
33.7500 80.2688 5.44953 0.423671 0.291391 0.120905 53.080 55.499 1.000000 1.000000 0.359892 0.062800 0.062800 0.062800 0.062800 0.062800 0.062800 0.062800 0.062800 0.062800 0.062800 0.062800 0.062800
39.3750 80.2688 5.58542 0.426005 0.298636 0.126592 50.502 53.034 1.000000 1.000000 0.181824 0.062800 0.062800 0.062800 0.062800 0.062800 0.062800 0.062800 0.062800 0.062800 0.062800 0.062800 0.062800
45.0000 80.2688 5.46790 0.424898 0.294262 0.122458 45.521 47.970 1.000000 0.833178 0.062800 0.062800 0.062800 0.062800 0.062800 0.062800 0.062800 0.062800 0.062800 0.062800 0.062800 0.062800 0.062800
50.6250 80.2688 6.59353 0.433419 0.328587 0.158820 35.435 38.611 1.000000 0.270858 0.062800 0.062800 0.062800 0.062800 0.062800 0.062800 0.062800 0.062800 0.062800 0.062800 0.062800 0.062800 0.062800
56.2500 80.2688 6.24356 0.432817 0.322853 0.149817 47.875 50.871 1.000000 0.950328 0.062800 0.062800 0.062800 0.062800 0.062800 0.062800 0.062800 0.062800 0.062800 0.062800 0.062800 0.062800 0.062800
61.8750 80.2688 5.94478 0.428812 0.310277 0.138530 52.346 55.117 1.000000 1.000000 0.294288 0.062800 0.062800 0.062800 0.062800 0.062800 0.062800 0.062800 0.062800 0.062800 0.062800 0.062800 0.062800
67.5000 80.2688 6.62982 0.437900 0.338252 0.164143 65.190 68.473 1.000000 1.000000 0.990628 0.062800 0.062800 0.062800 0.062800 0.062800 0.062800 0.062800 0.062800 0.062800 0.062800 0.062800 0.062800
73.1250 80.2688 7.38500 0.444341 0.359221 0.187696 56.298 60.052 1.000000 1.000000 0.528588 0.062800 0.062800 0.062800 0.062800 0.062800 0.062800 0.062800 0.062800 0.062800 0.062800 0.062800 0.062800
78.7500 80.2688 6.54301 0.434152 0.329467 0.158353 58.664 61.832 1.000000 1.000000 0.674792 0.062800 0.062800 0.062800 0.062800 0.062800 0.062800 0.062800 0.062800 0.062800 0.062800 0.062800 0.062800
84.3750 80.2688 6.27120 0.431710 0.320940 0.149434 54.556 57.544 1.000000 1.000000 0.427371 0.062800 0.062800 0.062800 0.062800 0.062800 0.062800 0.062800 0.062800 0.062800 0.062800 0.062800 0.062800
90.0000 80.2688 6.37349 0.431583 0.322047 0.151800 33.844 36.880 1.000000 0.171515 0.062800 0.062800 0.062800 0.062800 0.062800 0.062800 0.062800 0.062800 0.062800 0.062800 0.062800 0.062800 0.062800
95.6250 80.2688 6.36601 0.431030 0.320819 0.151087 31.403 34.337 0.970947 0.062800 0.062800 0.062800 0.062800 0.062800 0.062800 0.062800 0.062800 0.062800 0.062800 0.062800 0.062800 0.062800 0.062800
101.2500 80.2688 6.19224 0.427943 0.312152 0.143932 27.434 29.598 0.751642 0.062800 0.062800 0.062800 0.062800 0.062800 0.062800 0.062800 0.062800 0.062800 0.062800 0.062800 0.062800 0.062800 0.062800
106.8750 80.2688 7.13297 0.437071 0.342023 0.174657 24.236 26.223 0.568888 0.062800 0.062800 0.062800 0.062800 0.062800 0.062800 0.062800 0.062800 0.062800 0.062800 0.062800 0.062800 0.062800 0.062800
112.5000 80.2688 7.68096 0.444770 0.362603 0.194262 23.573 25.597 0.521091 0.062800 0.062800 0.062800 0.062800 0.062800 0.062800 0.062800 0.062800 0.062800 0.062800 0.062800 0.062800 0.062800 0.062800
118.1250 80.2688 7.17943 0.439645 0.347699 0.178330 24.193 26.152 0.549207 0.062800 0.062800 0.062800 0.062800 0.062800 0.062800 0.062800 0.062800 0.062800 0.062800 0.062800 0.062800 0.062800 0.062800
123.7500 80.2688 6.66508 0.433679 0.329980 0.160742 25.792 27.865 0.644801 0.062800 0.062800 0.062800 0.062800 0.062800 0.062800 0.062800 0.062800 0.062800 0.062800 0.062800 0.062800 0.062800 0.062800
129.3750 80.2688 6.47612 0.430870 0.321936 0.153567 29.304 31.950 0.861294 0.062800 0.062800 0.062800 0.062800 0.062800 0.062800 0.062800 0.062800 0.062800 0.062800 0.062800 0.062800 0.062800 0.062800
135.0000 80.2688 6.64894 0.432761 0.327923 0.159462 35.273 38.462 1.000000 0.277419 0.062800 0.062800 0.062800 0.062800 0.062800 0.062800 0.062800 0.062800 0.062800 0.062800 0.062800 0.062800 0.062800
140.6250 80.2688 6.48751 0.430287 0.320904 0.153274 44.980 48.046 1.000000 0.866918 0.062800 0.062800 0.062800 0.062800 0.062800 0.062800 0.062800 0.062800 0.062800 0.062800 0.062800 0.062800 0.062800
146.2500 80.2688 5.89986 0.421739 0.295250 0.131014 55.290 57.911 1.000000 1.000000 0.612936 0.062800 0.062800 0.062800 0.062800 0.062800 0.062800 0.062800 0.062800 0.062800 0.062800 0.062800 0.062800
151.8750 80.2688 5.65460 0.418422 0.284509 0.121877 51.687 54.125 1.000000 1.000000 0.424559 0.062800 0.062800 0.062800 0.062800 0.062800 0.062800 0.062800 0.062800 0.062800 0.062800 0.062800 0.062800
157.5000 80.2688 6.53620 0.433169 0.327370 0.157226 49.036 52.180 1.000000 1.000000 0.128404 0.062800 0.062800 0.062800 0.062800 0.062800 0.062800 0.062800 0.062800 0.062800 0.062800 0.062800 0.062800
163.1250 80.2688 6.30376 0.432932 0.323898 0.151407 47.869 50.897 1.000000 0.958763 0.062800 0.062800 0.062800 0.062800 0.062800 0.062800 0.062800 0.062800 0.062800 0.062800 0.062800 0.062800 0.062800
168.7500 80.2688 6.42159 0.433439 0.326479 0.154759 44.340 47.435 1.000000 0.765700 0.062800 0.062800 0.062800 0.062800 0.062800 0.062800 0.062800 0.062800 0.062800 0.062800 0.062800 0.062800 0.062800
174.3750 80.2688 6.96740 0.439360 0.344973 0.173373 38.760 42.228 1.000000 0.442366 0.062800 0.062800 0.062800 0.062800 0.062800 0.062800 0.062800 0.062800 0.062800 0.062800 0.062800 0.062800 0.062800
180.0000 80.2688 6.92118 0.439140 0.344037 0.172110 40.446 43.888 1.000000 0.536086 0.062800 0.062800 0.062800 0.062800 0.062800 0.062800 0.062800 0.062800 0.062800 0.062800 0.062800 0.062800 0.062800
-174.3750 80.2688 6.03404 0.427745 0.309435 0.139813 35.468 38.264 1.000000 0.274607 0.062800 0.062800 0.062800 0.062800 0.062800 0.062800 0.062800 0.062800 0.062800 0.062800 0.062800 0.062800 0.062800
-168.7500 80.2688 6.84160 0.436574 0.337911 0.167689 24.953 26.920 0.586695 0.062800 0.062800 0.062800 0.062800 0.062800 0.062800 0.062800 0.062800 0.062800 0.062800 0.062800 0.062800 0.062800 0.062800
-163.1250 80.2688 7.07394 0.439751 0.346866 0.176140 21.363 22.673 0.372076 0.062800 0.062800 0.062800 0.062800 0.062800 0.062800 0.062800 0.062800 0.062800 0.062800 0.062800 0.062800 0.062800 0.062800
-157.5000 80.2688 6.27972 0.431262 0.320135 0.149213 23.850 25.220 0.458802 0.066900 0.066900 0.066900 0.066900 0.066900 0.066900 0.066900 0.066900 0.066900 0.066900 0.066900 0.066900 0.066900 0.066900
-151.8750 80.2688 5.49751 0.420989 0.286796 0.119916 26.260 27.832 0.655206 0.065600 0.065600 0.065600 0.065600 0.065600 0.065600 0.065600 0.065600 0.065600 0.065600 0.065600 0.065600 0.065600 0.065600
-146.2500 80.2688 6.03918 0.427191 0.308383 0.139431 25.020 26.698 0.601690 0.062800 0.062800 0.062800 0.062800 0.062800 0.062800 0.062800 0.062800 0.062800 0.062800 0.062800 0.062800 0.062800 0.062800
-140.6250 80.2688 6.66014 0.435075 0.332770 0.162015 21.174 22.343 0.360830 0.062800 0.062800 0.062800 0.062800 0.062800 0.062800 0.062800 0.062800 0.062800 0.062800 0.062800 0.062800 0.062800 0.062800
-135.0000 80.2688 6.97277 0.437420 0.341060 0.171497 20.502 21.633 0.329902 0.062800 0.062800 0.062800 0.062800 0.062800 0.062800 0.062800 0.062800 0.062800 0.062800 0.062800 0.062800 0.062800 0.062800
-129.3750 80.2688 6.82816 0.436933 0.338498 0.167749 21.125 22.327 0.358018 0.062800 0.062800 0.062800 0.062800 0.062800 0.062800 0.062800 0.062800 0.062800 0.062800 0.062800 0.062800 0.062800 0.062800
-123.7500 80.2688 6.70084 0.434922 0.332935 0.162805 24.094 25.843 0.537023 0.062800 0.062800 0.062800 0.062800 0.062800 0.062800 0.062800 0.062800 0.062800 0.062800 0.062800 0.062800 0.062800 0.062800
-118.1250 80.2688 5.46934 0.421099 0.286498 0.119255 36.146 38.531 1.000000 0.344897 0.062800 0.062800 0.062800 0.062800 0.062800 0.062800 0.062800 0.062800 0.062800 0.062800 0.062800 0.062800 0.062800
-112.5000 80.2688 6.11030 0.430234 0.315657 0.144045 41.192 44.073 1.000000 0.583883 0.062800 0.062800 0.062800 0.062800 0.062800 0.062800 0.062800 0.062800 0.062800 0.062800 0.062800 0.062800 0.062800
-106.8750 80.2688 6.90687 0.441329 0.348424 0.174055 50.400 53.882 1.000000 1.000000 0.136839 0.062800 0.062800 0.062800 0.062800 0.062800 0.062800 0.062800 0.062800 0.062800 0.062800 0.062800 0.062800
-101.2500 80.2688 6.64086 0.431923 0.326133 0.158452 56.152 59.321 1.000000 1.000000 0.595130 0.062800 0.062800 0.062800 0.062800 0.062800 0.062800 0.062800 0.062800 0.062800 0.062800 0.062800 0.062800
-95.6250 80.2688 6.98239 0.435999 0.338281 0.170261 55.667 59.072 1.000000 1.000000 0.559516 0.062800 0.062800 0.062800 0.062800 0.062800 0.062800 0.062800 0.062800 0.062800 0.062800 0.062800 0.062800
-90.0000 80.2688 6.26580 0.426914 0.311124 0.144768 69.070 71.965 1.000000 1.000000 1.000000 0.461110 0.062800 0.062800 0.062800 0.062800 0.062800 0.062800 0.062800 0.062800 0.062800 0.062800 0.062800
-84.3750 80.2688 5.89737 0.422801 0.297324 0.131890 55.694 58.332 1.000000 1.000000 0.612936 0.062800 0.062800 0.062800 0.062800 0.062800 0.062800 0.062800 0.062800 0.062800 0.062800 0.062800 0.062800
-78.7500 80.2688 6.79358 0.433262 0.330650 0.163275 35.406 38.672 1.000000 0.298974 0.062800 0.062800 0.062800 0.062800 0.062800 0.062800 0.062800 0.062800 0.062800 0.062800 0.062800 0.062800 0.062800
-73.1250 80.2688 6.14105 0.426865 0.309233 0.141669 31.881 34.715 1.000000 0.086230 0.062800 0.062800 0.062800 0.062800 0.062800 0.062800 0.062800 0.062800 0.062800 0.062800 0.062800 0.062800 0.062800
-67.5000 80.2688 6.28033 0.428563 0.314648 0.146667 27.895 30.134 0.763217 0.064100 0.064100 0.064100 0.064100 0.064100 0.064100 0.064100 0.064100 0.064100 0.064100 0.064100 0.064100 0.064100 0.064100
-61.8750 80.2688 6.24951 0.428165 0.313412 0.145542 26.621 28.617 0.685605 0.064300 0.064300 0.064300 0.064300 0.064300 0.064300 0.064300 0.064300 0.064300 0.064300 0.064300 0.064300 0.064300 0.064300
-56.2500 80.2688 5.37723 0.416335 0.275214 0.112850 47.098 49.355 1.000000 1.000000 0.147148 0.062800 0.062800 0.062800 0.062800 0.062800 0.062800 0.062800 0.062800 0.062800 0.062800 0.062800 0.062800
-50.6250 80.2688 4.62147 0.405886 0.237833 0.084293 54.640 56.326 1.000000 1.000000 0.805062 0.062800 0.062800 0.062800 0.062800 0.062800 0.062800 0.062800 0.062800 0.062800 0.062800 0.062800 0.062800
-45.0000 80.2688 4.30292 0.401485 0.220783 0.072466 52.670 54.119 1.000000 1.000000 0.797565 0.062800 0.062800 0.062800 0.062800 0.062800 0.062800 0.062800 0.062800 0.062800 0.062800 0.062800 0.062800
-39.3750 80.2688 4.23301 0.400508 0.216907 0.069896 41.266 42.664 1.000000 0.984076 0.063300 0.063300 0.063300 0.063300 0.063300 0.063300 0.063300 0.063300 0.063300 0.063300 0.063300 0.063300 0.063300
-33.7500 80.2688 4.43501 0.403514 0.228340 0.077475 44.342 45.891 1.000000 1.000000 0.185573 0.062800 0.062800 0.062800 0.062800 0.062800 0.062800 0.062800 0.062800 0.062800 0.062800 0.062800 0.062800
-28.1250 80.2688 4.43855 0.405190 0.231622 0.078656 43.941 45.515 1.000000 1.000000 0.119032 0.062800 0.062800 0.062800 0.062800 0.062800 0.062800 0.062800 0.062800 0.062800 0.062800 0.062800 0.062800
-22.5000 80.2688 4.78517 0.414662 0.259114 0.095152 48.222 50.125 1.000000 1.000000 0.187448 0.062800 0.062800 0.062800 0.062800 0.062800 0.062800 0.062800 0.062800 0.062800 0.062800 0.062800 0.062800
-16.8750 80.2688 4.32024 0.404456 0.226894 0.074805 56.090 57.586 1.000000 1.000000 0.934396 0.062800 0.062800 0.062800 0.062800 0.062800 0.062800 0.062800 0.062800 0.062800 0.062800 0.062800 0.062800
-11.2500 80.2688 4.59244 0.407082 0.239373 0.084284 55.918 57.603 1.000000 1.000000 0.851922 0.062800 0.062800 0.062800 0.062800 0.062800 0.062800 0.062800 0.062800 0.062800 0.062800 0.062800 0.062800
-5.6250 80.2688 4.70800 0.410249 0.248465 0.089756 57.253 59.048 1.000000 1.000000 0.853797 0.062800 0.062800 0.062800 0.062800 0.062800 0.062800 0.062800 0.062800 0.062800 0.062800 0.062800 0.062800
0.0000 74.7445 6.45073 0.433042 0.326036 0.155070 25.703 27.638 0.624183 0.062800 0.062800 0.062800 0.062800 0.062800 0.062800 0.062800 0.062800 0.062800 0.062800 0.062800 0.062800 0.062800 0.062800
5.6250 74.7445 6.45073 0.433042 0.326036 0.155070 26.792 28.926 0.687912 0.062800 0.062800 0.062800 0.062800 0.062800 0.062800 0.062800 0.062800 0.062800 0.062800 0.062800 0.062800 0.062800 0.062800
11.2500 74.7445 6.45233 0.433053 0.326078 0.155119 28.490 30.932 0.787256 0.062800 0.062800 0.062800 0.062800 0.062800 0.062800 0.062800 0.062800 0.062800 0.062800 0.062800 0.062800 0.062800 0.062800
50.6250 74.7445 6.65781 0.435465 0.333543 0.162351 49.876 53.123 1.000000 1.000000 0.145432 0.064000 0.064000 0.064000 0.064000 0.064000 0.064000 0.064000 0.064000 0.064000 0.064000 0.064000 0.064000
56.2500 74.7445 5.72810 0.426325 0.301710 0.130659 71.983 74.597 1.000000 1.000000 1.000000 0.497690 0.064600 0.064600 0.064600 0.064600 0.064600 0.064600 0.064600 0.064600 0.064600 0.064600 0.064600
61.8750 74.7445 6.60633 0.435744 0.333507 0.161425 65.996 69.224 1.000000 1.000000 1.000000 0.144336 0.062800 0.062800 0.062800 0.062800 0.062800 0.062800 0.062800 0.062800 0.062800 0.062800 0.062800
67.5000 74.7445 5.67024 0.427318 0.302804 0.130017 104.629 107.229 1.000000 1.000000 1.000000 1.000000 1.000000 0.490163 0.062800 0.062800 0.062800 0.062800 0.062800 0.062800 0.062800 0.062800 0.062800
73.1250 74.7445 5.97888 0.423294 0.299607 0.134383 100.359 103.046 1.000000 1.000000 1.000000 1.000000 1.000000 0.508907 0.062800 0.062800 0.062800 0.062800 0.062800 0.062800 0.062800 0.062800 0.062800
78.7500 74.7445 6.95051 0.433605 0.333121 0.167137 70.782 74.125 1.000000 1.000000 1.000000 0.573574 0.062800 0.062800 0.062800 0.062800 0.062800 0.062800 0.062800 0.062800 0.062800 0.062800 0.062800
84.3750 74.7445 7.27563 0.438876 0.347079 0.179590 39.919 43.511 1.000000 0.567014 0.062800 0.062800 0.062800 0.062800 0.062800 0.062800 0.062800 0.062800 0.062800 0.062800 0.062800 0.062800 0.062800
90.0000 74.7445 7.36000 0.439975 0.350100 0.182527 44.902 48.553 1.000000 0.863169 0.062800 0.062800 0.062800 0.062800 0.062800 0.062800 0.062800 0.062800 0.062800 0.062800 0.062800 0.062800 0.062800
95.6250 74.7445 7.82350 0.446518 0.367275 0.199014 34.758 38.738 1.000000 0.249303 0.062800 0.062800 0.062800 0.062800 0.062800 0.062800 0.062800 0.062800 0.062800 0.062800 0.062800 0.062800 0.062800
101.2500 74.7445 7.55806 0.444104 0.360230 0.191041 30.779 34.371 0.940019 0.062800 0.062800 0.062800 0.062800 0.062800 0.062800 0.062800 0.062800 0.062800 0.062800 0.062800 0.062800 0.062800 0.062800
106.8750 74.7445 7.38186 0.442107 0.354622 0.185242 28.719 31.743 0.816309 0.062800 0.062800 0.062800 0.062800 0.062800 0.062800 0.062800 0.062800 0.062800 0.062800 0.062800 0.062800 0.062800 0.062800
112.5000 74.7445 7.62477 0.445060 0.362732 0.193439 25.721 28.197 0.640115 0.062800 0.062800 0.062800 0.062800 0.062800 0.062800 0.062800 0.062800 0.062800 0.062800 0.062800 0.062800 0.062800 0.062800
118.1250 74.7445 7.55149 0.445475 0.362975 0.192391 26.173 28.694 0.655110 0.062800 0.062800 0.062800 0.062800 0.062800 0.062800 0.062800 0.062800 0.062800 0.062800 0.062800 0.062800 0.062800 0.062800
123.7500 74.7445 7.80384 0.449162 0.372525 0.201548 26.746 29.508 0.685101 0.062800 0.062800 0.062800 0.062800 0.062800 0.062800 0.062800 0.062800 0.062800 0.062800 0.062800 0.062800 0.062800 0.062800
129.3750 74.7445 7.62754 0.445624 0.363906 0.194109 26.482 29.123 0.680415 0.062800 0.062800 0.062800 0.062800 0.062800 0.062800 0.062800 0.062800 0.062800 0.062800 0.062800 0.062800 0.062800 0.062800
135.0000 74.7445 6.97692 0.436397 0.339027 0.170545 27.461 30.022 0.750705 0.062800 0.062800 0.062800 0.062800 0.062800 0.062800 0.062800 0.062800 0.062800 0.062800 0.062800 0.062800 0.062800 0.062800
140.6250 74.7445 6.59409 0.432191 0.326098 0.157626 26.844 29.095 0.714154 0.062800 0.062800 0.062800 0.062800 0.062800 0.062800 0.062800 0.062800 0.062800 0.062800 0.062800 0.062800 0.062800 0.062800
146.2500 74.7445 6.05679 0.424324 0.302870 0.137255 49.174 51.919 1.000000 1.000000 0.215564 0.062800 0.062800 0.062800 0.062800 0.062800 0.062800 0.062800 0.062800 0.062800 0.062800 0.062800 0.062800
151.8750 74.7445 5.52410 0.417145 0.279616 0.117405 77.230 79.578 1.000000 1.000000 1.000000 1.000000 0.133090 0.062800 0.062800 0.062800 0.062800 0.062800 0.062800 0.062800 0.062800 0.062800 0.062800
157.5000 74.7445 6.91350 0.439986 0.345703 0.172810 70.909 74.365 1.000000 1.000000 1.000000 0.410501 0.062800 0.062800 0.062800 0.062800 0.062800 0.062800 0.062800 0.062800 0.062800 0.062800 0.062800
163.1250 74.7445 6.55691 0.435503 0.332419 0.160021 52.464 55.665 1.000000 1.000000 0.289602 0.062800 0.062800 0.062800 0.062800 0.062800 0.062800 0.062800 0.062800 0.062800 0.062800 0.062800 0.062800
168.7500 74.7445 6.42354 0.432122 0.323801 0.153524 36.387 39.458 1.000000 0.320530 0.062800 0.062800 0.062800 0.062800 0.062800 0.062800 0.062800 0.062800 0.062800 0.062800 0.062800 0.062800 0.062800
174.3750 74.7445 6.89958 0.437878 0.341214 0.170328 31.206 34.074 0.841951 0.070300 0.070300 0.070300 0.070300 0.070300 0.070300 0.070300 0.070300 0.070300 0.070300 0.070300 0.070300 0.070300 0.070300
180.0000 74.7445 6.47455 0.433114 0.326486 0.155710 27.842 29.867 0.650320 0.070000 0.070000 0.070000 0.070000 0.070000 0.070000 0.070000 0.070000 0.070000 0.070000 0.070000 0.070000 0.070000 0.070000
-140.6250 74.7445 6.45550 0.433060 0.326132 0.155201 22.077 23.357 0.412376 0.062800 0.062800 0.062800 0.062800 0.062800 0.062800 0.062800 0.062800 0.062800 0.062800 0.062800 0.062800 0.062800 0.062800
-135.0000 74.7445 6.44590 0.432997 0.325880 0.154910 22.867 24.287 0.458298 0.062800 0.062800 0.062800 0.062800 0.062800 0.062800 0.062800 0.062800 0.062800 0.062800 0.062800 0.062800 0.062800 0.062800
-129.3750 74.7445 5.99314 0.427057 0.307414 0.138148 35.869 38.632 1.000000 0.302723 0.062800 0.062800 0.062800 0.062800 0.062800 0.062800 0.062800 0.062800 0.062800 0.062800 0.062800 0.062800 0.062800
-123.7500 74.7445 5.72921 0.424610 0.298212 0.129165 38.833 41.417 1.000000 0.480791 0.062800 0.062800 0.062800 0.062800 0.062800 0.062800 0.062800 0.062800 0.062800 0.062800 0.062800 0.062800 0.062800
-118.1250 74.7445 5.61808 0.424287 0.295659 0.125957 41.576 44.095 1.000000 0.633555 0.062800 0.062800 0.062800 0.062800 0.062800 0.062800 0.062800 0.062800 0.062800 0.062800 0.062800 0.062800 0.062800
-112.5000 74.7445 6.78672 0.438230 0.340707 0.168121 38.336 41.699 1.000000 0.404878 0.062800 0.062800 0.062800 0.062800 0.062800 0.062800 0.062800 0.062800 0.062800 0.062800 0.062800 0.062800 0.062800
-106.8750 74.7445 7.05931 0.441041 0.349372 0.177164 35.638 39.181 1.000000 0.253052 0.062800 0.062800 0.062800 0.062800 0.062800 0.062800 0.062800 0.062800 0.062800 0.062800 0.062800 0.062800 0.062800
-101.2500 74.7445 6.10396 0.430220 0.315538 0.143873 47.238 50.115 1.000000 0.935333 0.062800 0.062800 0.062800 0.062800 0.062800 0.062800 0.062800 0.062800 0.062800 0.062800 0.062800 0.062800 0.062800
-95.6250 74.7445 5.54114 0.420730 0.287069 0.120857 55.146 57.563 1.000000 1.000000 0.564202 0.062800 0.062800 0.062800 0.062800 0.062800 0.062800 0.062800 0.062800 0.062800 0.062800 0.062800 0.062800
-90.0000 74.7445 5.23296 0.413022 0.265804 0.106346 61.498 63.625 1.000000 1.000000 1.000000 0.165892 0.062800 0.062800 0.062800 0.062800 0.062800 0.062800 0.062800 0.062800 0.062800 0.062800 0.062800
-84.3750 74.7445 6.00318 0.423594 0.300585 0.135260 53.519 56.224 1.000000 1.000000 0.483603 0.062800 0.062800 0.062800 0.062800 0.062800 0.062800 0.062800 0.062800 0.062800 0.062800 0.062800 0.062800
-78.7500 74.7445 6.60846 0.432271 0.326438 0.158040 35.307 38.468 1.000000 0.280230 0.062800 0.062800 0.062800 0.062800 0.062800 0.062800 0.062800 0.062800 0.062800 0.062800 0.062800 0.062800 0.062800
-73.1250 74.7445 6.04687 0.425603 0.305285 0.138170 45.625 48.389 1.000000 0.913778 0.062800 0.062800 0.062800 0.062800 0.062800 0.062800 0.062800 0.062800 0.062800 0.062800 0.062800 0.062800 0.062800
-67.5000 74.7445 4.32731 0.401827 0.222128 0.073367 72.251 73.718 1.000000 1.000000 1.000000 1.000000 0.227830 0.062900 0.062900 0.062900 0.062900 0.062900 0.062900 0.062900 0.062900 0.062900 0.062900
-61.8750 74.7445 4.20533 0.400103 0.215325 0.068871 69.870 71.247 1.000000 1.000000 1.000000 1.000000 0.134766 0.063600 0.063600 0.063600 0.063600 0.063600 0.063600 0.063600 0.063600 0.063600 0.063600
-56.2500 74.7445 4.76705 0.408326 0.246179 0.090059 58.734 60.535 1.000000 1.000000 0.995320 0.063900 0.063900 0.063900 0.063900 0.063900 0.063900 0.063900 0.063900 0.063900 0.063900 0.063900 0.063900
-50.6250 74.7445 5.40577 0.417895 0.278862 0.114886 46.445 48.743 1.000000 1.000000 0.069218 0.063600 0.063600 0.063600 0.063600 0.063600 0.063600 0.063600 0.063600 0.063600 0.063600 0.063600 0.063600
-45.0000 74.7445 5.03081 0.421147 0.277911 0.107171 50.887 53.031 1.000000 1.000000 0.226810 0.062800 0.062800 0.062800 0.062800 0.062800 0.062800 0.062800 0.062800 0.062800 0.062800 0.062800 0.062800
-39.3750 74.7445 5.49641 0.426443 0.297991 0.124575 68.945 71.437 1.000000 1.000000 1.000000 0.284916 0.062800 0.062800 0.062800 0.062800 0.062800 0.062800 0.062800 0.062800 0.062800 0.062800 0.062800
-22.5000 74.7445 6.45393 0.433063 0.326119 0.155167 27.239 29.455 0.714154 0.062800 0.062800 0.062800 0.062800 0.062800 0.062800 0.062800 0.062800 0.062800 0.062800 0.062800 0.062800 0.062800 0.062800
-16.8750 74.7445 6.45390 0.433049 0.326090 0.155153 25.875 27.843 0.634492 0.062800 0.062800 0.062800 0.062800 0.062800 0.062800 0.062800 0.062800 0.062800 0.062800 0.062800 0.062800 0.062800 0.062800
-11.2500 74.7445 5.60476 0.426944 0.300921 0.127939 40.499 43.058 1.000000 0.524840 0.062800 0.062800 0.062800 0.062800 0.062800 0.062800 0.062800 0.062800 0.062800 0.062800 0.062800 0.062800 0.062800
-5.6250 74.7445 6.12147 0.430293 0.315939 0.144380 30.519 33.117 0.899720 0.062800 0.062800 0.062800 0.062800 0.062800 0.062800 0.062800 0.062800 0.062800 0.062800 0.062800 0.062800 0.062800 0.062800
0.0000 69.2130 6.19361 0.431579 0.319607 0.147395 35.731 38.679 1.000000 0.138816 0.072000 0.072000 0.072000 0.072000 0.072000 0.072000 0.072000 0.072000 0.072000 0.072000 0.072000 0.072000 0.072000
5.6250 69.2130 7.93657 0.441785 0.358692 0.196068 30.933 34.461 0.899733 0.071600 0.071600 0.071600 0.071600 0.071600 0.071600 0.071600 0.071600 0.071600 0.071600 0.071600 0.071600 0.071600 0.071600
11.2500 69.2130 6.01940 0.427537 0.308791 0.139252 46.999 49.784 1.000000 0.843995 0.071400 0.071400 0.071400 0.071400 0.071400 0.071400 0.071400 0.071400 0.071400 0.071400 0.071400 0.071400 0.071400
16.8750 69.2130 5.72987 0.424923 0.298861 0.129458 65.445 68.034 1.000000 1.000000 1.000000 0.085569 0.070700 0.070700 0.070700 0.070700 0.070700 0.070700 0.070700 0.070700 0.070700 0.070700 0.070700
22.5000 69.2130 5.67664 0.425120 0.298369 0.128235 80.509 83.074 1.000000 1.000000 1.000000 0.966506 0.069600 0.069600 0.069600 0.069600 0.069600 0.069600 0.069600 0.069600 0.069600 0.069600 0.069600
33.7500 69.2130 4.61484 0.418432 0.262728 0.092977 147.095 148.954 1.000000 1.000000 1.000000 1.000000 1.000000 1.000000 1.000000 1.000000 0.262155 0.067200 0.067200 0.067200 0.067200 0.067200 0.067200
39.3750 69.2130 5.11839 0.421526 0.280527 0.109958 156.549 158.748 1.000000 1.000000 1.000000 1.000000 1.000000 1.000000 1.000000 1.000000 0.772494 0.067600 0.067600 0.067600 0.067600 0.067600 0.067600
45.0000 69.2130 6.46498 0.433066 0.326265 0.155434 76.574 79.683 1.000000 1.000000 1.000000 0.728934 0.068500 0.068500 0.068500 0.068500 0.068500 0.068500 0.068500 0.068500 0.068500 0.068500 0.068500
50.6250 69.2130 6.47593 0.433768 0.327844 0.156382 130.320 133.448 1.000000 1.000000 1.000000 1.000000 1.000000 1.000000 1.000000 0.113329 0.069600 0.069600 0.069600 0.069600 0.069600 0.069600 0.069600
56.2500 69.2130 5.95319 0.429805 0.312460 0.139664 100.747 103.541 1.000000 1.000000 1.000000 1.000000 1.000000 0.265235 0.062800 0.062800 0.062800 0.062800 0.062800 0.062800 0.062800 0.062800 0.062800
61.8750 69.2130 6.48484 0.435745 0.332041 0.158545 100.294 103.465 1.000000 1.000000 1.000000 1.000000 1.000000 0.215564 0.062800 0.062800 0.062800 0.062800 0.062800 0.062800 0.062800 0.062800 0.062800
67.5000 69.2130 5.36273 0.414700 0.271713 0.111147 129.372 131.595 1.000000 1.000000 1.000000 1.000000 1.000000 1.000000 1.000000 0.617622 0.062800 0.062800 0.062800 0.062800 0.062800 0.062800 0.062800
73.1250 69.2130 5.41404 0.415835 0.274944 0.113425 83.576 85.845 1.000000 1.000000 1.000000 1.000000 0.546395 0.062800 0.062800 0.062800 0.062800 0.062800 0.062800 0.062800 0.062800 0.062800 0.062800
78.7500 69.2130 6.09076 0.426213 0.307175 0.139822 41.016 43.813 1.000000 0.634492 0.062800 0.062800 0.062800 0.062800 0.062800 0.062800 0.062800 0.062800 0.062800 0.062800 0.062800 0.062800 0.062800
84.3750 69.2130 6.76630 0.434539 0.332916 0.163927 39.675 42.954 1.000000 0.531400 0.062800 0.062800 0.062800 0.062800 0.062800 0.062800 0.062800 0.062800 0.062800 0.062800 0.062800 0.062800 0.062800
90.0000 69.2130 6.81324 0.435099 0.334590 0.165557 38.418 41.729 1.000000 0.456424 0.062800 0.062800 0.062800 0.062800 0.062800 0.062800 0.062800 0.062800 0.062800 0.062800 0.062800 0.062800 0.062800
95.6250 69.2130 6.73832 0.433991 0.331480 0.162740 33.212 36.467 1.000000 0.151834 0.062800 0.062800 0.062800 0.062800 0.062800 0.062800 0.062800 0.062800 0.062800 0.062800 0.062800 0.062800 0.062800
101.2500 69.2130 6.60067 0.432318 0.326437 0.157904 31.686 34.845 1.000000 0.063737 0.062800 0.062800 0.062800 0.062800 0.062800 0.062800 0.062800 0.062800 0.062800 0.062800 0.062800 0.062800 0.062800
106.8750 69.2130 6.64809 0.433105 0.328611 0.159782 33.340 36.536 1.000000 0.158394 0.062800 0.062800 0.062800 0.062800 0.062800 0.062800 0.062800 0.062800 0.062800 0.062800 0.062800 0.062800 0.062800
112.5000 69.2130 6.88049 0.436311 0.337804 0.168301 38.430 41.796 1.000000 0.450801 0.062800 0.062800 0.062800 0.062800 0.062800 0.062800 0.062800 0.062800 0.062800 0.062800 0.062800 0.062800 0.062800
118.1250 69.2130 6.37098 0.429648 0.318079 0.149885 29.306 31.893 0.863169 0.062800 0.062800 0.062800 0.062800 0.062800 0.062800 0.062800 0.062800 0.062800 0.062800 0.062800 0.062800 0.062800 0.062800
123.7500 69.2130 6.21730 0.427855 0.312332 0.144465 27.439 29.622 0.755391 0.062800 0.062800 0.062800 0.062800 0.062800 0.062800 0.062800 0.062800 0.062800 0.062800 0.062800 0.062800 0.062800 0.062800
129.3750 69.2130 6.96119 0.436420 0.338905 0.170219 26.561 28.929 0.695410 0.062800 0.062800 0.062800 0.062800 0.062800 0.062800 0.062800 0.062800 0.062800 0.062800 0.062800 0.062800 0.062800 0.062800
135.0000 69.2130 7.47699 0.442326 0.355916 0.187460 29.572 32.858 0.876290 0.062800 0.062800 0.062800 0.062800 0.062800 0.062800 0.062800 0.062800 0.062800 0.062800 0.062800 0.062800 0.062800 0.062800
140.6250 69.2130 7.18107 0.438927 0.346258 0.177618 29.146 32.163 0.849111 0.062800 0.062800 0.062800 0.062800 0.062800 0.062800 0.062800 0.062800 0.062800 0.062800 0.062800 0.062800 0.062800 0.062800
146.2500 69.2130 5.40254 0.415619 0.274297 0.112945 53.382 55.641 1.000000 1.000000 0.554830 0.062800 0.062800 0.062800 0.062800 0.062800 0.062800 0.062800 0.062800 0.062800 0.062800 0.062800 0.062800
151.8750 69.2130 6.19238 0.430997 0.318389 0.146810 53.775 56.711 1.000000 1.000000 0.380511 0.062800 0.062800 0.062800 0.062800 0.062800 0.062800 0.062800 0.062800 0.062800 0.062800 0.062800 0.062800
157.5000 69.2130 6.05841 0.429571 0.313540 0.142121 44.746 47.588 1.000000 0.765315 0.065000 0.065000 0.065000 0.065000 0.065000 0.065000 0.065000 0.065000 0.065000 0.065000 0.065000 0.065000 0.065000
163.1250 69.2130 6.10962 0.429165 0.313452 0.143026 31.479 34.067 0.904865 0.067300 0.067300 0.067300 0.067300 0.067300 0.067300 0.067300 0.067300 0.067300 0.067300 0.067300 0.067300 0.067300 0.067300
168.7500 69.2130 6.37518 0.431636 0.322178 0.151892 40.103 43.140 1.000000 0.300717 0.081100 0.081100 0.081100 0.081100 0.081100 0.081100 0.081100 0.081100 0.081100 0.081100 0.081100 0.081100 0.081100
174.3750 69.2130 6.48246 0.433124 0.326606 0.155908 31.509 34.012 0.802868 0.074500 0.074500 0.074500 0.074500 0.074500 0.074500 0.074500 0.074500 0.074500 0.074500 0.074500 0.074500 0.074500 0.074500
-151.8750 69.2130 13.33879 0.473792 0.439453 0.306786 23.123 27.203 0.664951 0.077000 0.077000 0.077000 0.077000 0.077000 0.077000 0.077000 0.077000 0.077000 0.077000 0.077000 0.077000 0.077000 0.077000
-146.2500 69.2130 13.33722 0.473796 0.439457 0.306776 21.112 24.372 0.531380 0.075700 0.075700 0.075700 0.075700 0.075700 0.075700 0.075700 0.075700 0.075700 0.075700 0.075700 0.075700 0.075700 0.075700
-129.3750 69.2130 13.31361 0.473823 0.439472 0.306590 18.234 21.256 0.492975 0.062800 0.062800 0.062800 0.062800 0.062800 0.062800 0.062800 0.062800 0.062800 0.062800 0.062800 0.062800 0.062800 0.062800
-123.7500 69.2130 13.31361 0.473823 0.439472 0.306590 21.110 25.461 0.709468 0.062800 0.062800 0.062800 0.062800 0.062800 0.062800 0.062800 0.062800 0.062800 0.062800 0.062800 0.062800 0.062800 0.062800
-118.1250 69.2130 7.35977 0.439120 0.348375 0.181624 28.101 31.029 0.806000 0.062800 0.062800 0.062800 0.062800 0.062800 0.062800 0.062800 0.062800 0.062800 0.062800 0.062800 0.062800 0.062800 0.062800
-112.5000 69.2130 6.34366 0.431653 0.321796 0.151146 33.012 36.035 1.000000 0.118095 0.062800 0.062800 0.062800 0.062800 0.062800 0.062800 0.062800 0.062800 0.062800 0.062800 0.062800 0.062800 0.062800
-106.8750 69.2130 6.08736 0.429831 0.314497 0.143092 40.500 43.361 1.000000 0.546395 0.062800 0.062800 0.062800 0.062800 0.062800 0.062800 0.062800 0.062800 0.062800 0.062800 0.062800 0.062800 0.062800
-101.2500 69.2130 5.78944 0.424740 0.299474 0.130846 47.161 49.778 1.000000 0.980319 0.062800 0.062800 0.062800 0.062800 0.062800 0.062800 0.062800 0.062800 0.062800 0.062800 0.062800 0.062800 0.062800
-95.6250 69.2130 6.45078 0.429332 0.318502 0.151488 47.288 50.318 1.000000 1.000000 0.077795 0.062800 0.062800 0.062800 0.062800 0.062800 0.062800 0.062800 0.062800 0.062800 0.062800 0.062800 0.062800
-90.0000 69.2130 5.91106 0.421813 0.295577 0.131362 55.345 57.972 1.000000 1.000000 0.616685 0.062800 0.062800 0.062800 0.062800 0.062800 0.062800 0.062800 0.062800 0.062800 0.062800 0.062800 0.062800
-84.3750 69.2130 6.48147 0.430415 0.321085 0.153255 39.545 42.610 1.000000 0.539835 0.062800 0.062800 0.062800 0.062800 0.062800 0.062800 0.062800 0.062800 0.062800 0.062800 0.062800 0.062800 0.062800
-78.7500 69.2130 7.07253 0.439083 0.345487 0.175416 36.120 39.628 1.000000 0.307409 0.062800 0.062800 0.062800 0.062800 0.062800 0.062800 0.062800 0.062800 0.062800 0.062800 0.062800 0.062800 0.062800
-73.1250 69.2130 6.85669 0.432514 0.329878 0.163955 72.591 75.870 1.000000 1.000000 1.000000 0.684164 0.062800 0.062800 0.062800 0.062800 0.062800 0.062800 0.062800 0.062800 0.062800 0.062800 0.062800
-67.5000 69.2130 4.22480 0.400357 0.216380 0.069573 201.471 202.863 1.000000 1.000000 1.000000 1.000000 1.000000 1.000000 1.000000 1.000000 1.000000 1.000000 1.000000 1.000000 1.000000 0.660734 0.062800
-61.8750 69.2130 5.06020 0.411160 0.258483 0.100233 176.627 178.632 1.000000 1.000000 1.000000 1.000000 1.000000 1.000000 1.000000 1.000000 1.000000 1.000000 0.910029 0.062800 0.062800 0.062800 0.062800
-56.2500 69.2130 5.29412 0.418072 0.277035 0.112018 159.248 161.489 1.000000 1.000000 1.000000 1.000000 1.000000 1.000000 1.000000 1.000000 1.000000 0.336462 0.062800 0.062800 0.062800 0.062800 0.062800
-50.6250 69.2130 5.29987 0.423781 0.288815 0.116897 147.399 149.737 1.000000 1.000000 1.000000 1.000000 1.000000 1.000000 1.000000 1.000000 0.172340 0.066900 0.066900 0.066900 0.066900 0.066900 0.066900
-45.0000 69.2130 5.99037 0.428733 0.310804 0.139620 75.964 78.757 1.000000 1.000000 1.000000 0.710491 0.066100 0.066100 0.066100 0.066100 0.066100 0.066100 0.066100 0.066100 0.066100 0.066100 0.066100
0.0000 63.6786 5.48968 0.421764 0.288223 0.120363 74.532 76.940 1.000000 1.000000 1.000000 0.512848 0.084300 0.084300 0.084300 0.084300 0.084300 0.084300 0.084300 0.084300 0.084300 0.084300 0.084300
5.6250 63.6786 5.18502 0.417216 0.273107 0.108346 94.118 96.285 1.000000 1.000000 1.000000 1.000000 0.914421 0.079800 0.079800 0.079800 0.079800 0.079800 0.079800 0.079800 0.079800 0.079800 0.079800
11.2500 63.6786 4.72728 0.411160 0.250732 0.090952 84.447 86.266 1.000000 1.000000 1.000000 1.000000 0.585220 0.070000 0.070000 0.070000 0.070000 0.070000 0.070000 0.070000 0.070000 0.070000 0.070000
16.8750 63.6786 5.46553 0.419295 0.282794 0.117641 72.145 74.498 1.000000 1.000000 1.000000 0.677603 0.062800 0.062800 0.062800 0.062800 0.062800 0.062800 0.062800 0.062800 0.062800 0.062800 0.062800
22.5000 63.6786 6.28593 0.429720 0.317071 0.147897 94.466 97.424 1.000000 1.000000 1.000000 1.000000 0.955952 0.062800 0.062800 0.062800 0.062800 0.062800 0.062800 0.062800 0.062800 0.062800 0.062800
28.1250 63.6786 5.98630 0.423819 0.300772 0.135040 174.089 176.790 1.000000 1.000000 1.000000 1.000000 1.000000 1.000000 1.000000 1.000000 1.000000 1.000000 0.253052 0.062800 0.062800 0.062800 0.062800
33.7500 63.6786 6.05820 0.427231 0.308750 0.139946 203.230 206.029 1.000000 1.000000 1.000000 1.000000 1.000000 1.000000 1.000000 1.000000 1.000000 1.000000 1.000000 0.850985 0.062800 0.062800 0.062800
39.3750 63.6786 6.46580 0.434947 0.330152 0.157300 199.987 203.133 1.000000 1.000000 1.000000 1.000000 1.000000 1.000000 1.000000 1.000000 1.000000 1.000000 1.000000 0.381448 0.062800 0.062800 0.062800
45.0000 63.6786 6.27774 0.432565 0.322792 0.150416 108.920 111.928 1.000000 1.000000 1.000000 1.000000 1.000000 0.753516 0.062800 0.062800 0.062800 0.062800 0.062800 0.062800 0.062800 0.062800 0.062800
50.6250 63.6786 6.39631 0.434169 0.327664 0.154863 124.127 127.224 1.000000 1.000000 1.000000 1.000000 1.000000 1.000000 0.547985 0.079400 0.079400 0.079400 0.079400 0.079400 0.079400 0.079400 0.079400
56.2500 63.6786 6.43215 0.433957 0.327681 0.155519 102.369 105.479 1.000000 1.000000 1.000000 1.000000 1.000000 0.216178 0.081100 0.081100 0.081100 0.081100 0.081100 0.081100 0.081100 0.081100 0.081100
61.8750 63.6786 5.62020 0.426038 0.299301 0.127549 132.934 135.485 1.000000 1.000000 1.000000 1.000000 1.000000 1.000000 1.000000 0.172900 0.081000 0.081000 0.081000 0.081000 0.081000 0.081000 0.081000
67.5000 63.6786 5.17513 0.418510 0.275512 0.109107 133.374 135.556 1.000000 1.000000 1.000000 1.000000 1.000000 1.000000 1.000000 0.575448 0.062800 0.062800 0.062800 0.062800 0.062800 0.062800 0.062800
73.1250 63.6786 5.01448 0.414165 0.263371 0.101249 117.831 119.856 1.000000 1.000000 1.000000 1.000000 1.000000 1.000000 0.765700 0.062800 0.062800 0.062800 0.062800 0.062800 0.062800 0.062800 0.062800
78.7500 63.6786 5.95909 0.424383 0.301476 0.134862 51.485 54.182 1.000000 1.000000 0.336462 0.062800 0.062800 0.062800 0.062800 0.062800 0.062800 0.062800 0.062800 0.062800 0.062800 0.062800 0.062800
84.3750 63.6786 6.65694 0.432813 0.328126 0.159699 42.921 46.115 1.000000 0.731961 0.062800 0.062800 0.062800 0.062800 0.062800 0.062800 0.062800 0.062800 0.062800 0.062800 0.062800 0.062800 0.062800
90.0000 63.6786 6.41946 0.430190 0.319821 0.151565 38.339 41.370 1.000000 0.453084 0.063500 0.063500 0.063500 0.063500 0.063500 0.063500 0.063500 0.063500 0.063500 0.063500 0.063500 0.063500 0.063500
95.6250 63.6786 6.52030 0.432364 0.325531 0.156063 39.724 42.846 1.000000 0.527651 0.062800 0.062800 0.062800 0.062800 0.062800 0.062800 0.062800 0.062800 0.062800 0.062800 0.062800 0.062800 0.062800
101.2500 63.6786 6.61559 0.434152 0.330351 0.160060 37.348 40.549 1.000000 0.376762 0.062800 0.062800 0.062800 0.062800 0.062800 0.062800 0.062800 0.062800 0.062800 0.062800 0.062800 0.062800 0.062800
106.8750 63.6786 7.14159 0.440405 0.348878 0.178303 44.268 47.834 1.000000 0.778821 0.062800 0.062800 0.062800 0.062800 0.062800 0.062800 0.062800 0.062800 0.062800 0.062800 0.062800 0.062800 0.062800
112.5000 63.6786 6.73788 0.437517 0.338690 0.166273 60.453 63.778 1.000000 1.000000 0.752579 0.062800 0.062800 0.062800 0.062800 0.062800 0.062800 0.062800 0.062800 0.062800 0.062800 0.062800 0.062800
118.1250 63.6786 7.39658 0.443100 0.356780 0.186610 44.211 47.943 1.000000 0.781632 0.062800 0.062800 0.062800 0.062800 0.062800 0.062800 0.062800 0.062800 0.062800 0.062800 0.062800 0.062800 0.062800
123.7500 63.6786 6.63073 0.433103 0.328397 0.159376 65.471 68.659 1.000000 1.000000 1.000000 0.182762 0.062800 0.062800 0.062800 0.062800 0.062800 0.062800 0.062800 0.062800 0.062800 0.062800 0.062800
129.3750 63.6786 6.70448 0.433657 0.330405 0.161631 34.294 37.527 1.000000 0.215564 0.062800 0.062800 0.062800 0.062800 0.062800 0.062800 0.062800 0.062800 0.062800 0.062800 0.062800 0.062800 0.062800
135.0000 63.6786 7.53889 0.443992 0.359839 0.190527 29.358 32.615 0.854734 0.062800 0.062800 0.062800 0.062800 0.062800 0.062800 0.062800 0.062800 0.062800 0.062800 0.062800 0.062800 0.062800 0.062800
140.6250 63.6786 7.97657 0.448769 0.372980 0.204496 31.312 34.957 0.891085 0.069100 0.069100 0.069100 0.069100 0.069100 0.069100 0.069100 0.069100 0.069100 0.069100 0.069100 0.069100 0.069100 0.069100
146.2500 63.6786 5.00222 0.409855 0.254663 0.097673 102.117 104.070 1.000000 1.000000 1.000000 1.000000 1.000000 0.715362 0.087700 0.087700 0.087700 0.087700 0.087700 0.087700 0.087700 0.087700 0.087700
151.8750 63.6786 5.64940 0.423428 0.294448 0.126036 120.616 123.137 1.000000 1.000000 1.000000 1.000000 1.000000 1.000000 0.336368 0.103200 0.103200 0.103200 0.103200 0.103200 0.103200 0.103200 0.103200
157.5000 63.6786 5.84037 0.424948 0.300727 0.132345 92.089 94.736 1.000000 1.000000 1.000000 1.000000 0.359031 0.111000 0.111000 0.111000 0.111000 0.111000 0.111000 0.111000 0.111000 0.111000 0.111000
163.1250 63.6786 7.14886 0.436377 0.340791 0.174289 62.268 65.754 1.000000 1.000000 0.224154 0.126300 0.126300 0.126300 0.126300 0.126300 0.126300 0.126300 0.126300 0.126300 0.126300 0.126300 0.126300
180.0000 63.6786 12.12453 0.466636 0.424455 0.285840 32.181 37.897 1.000000 0.237389 0.083400 0.083400 0.083400 0.083400 0.083400 0.083400 0.083400 0.083400 0.083400 0.083400 0.083400 0.083400 0.083400
-174.3750 63.6786 13.33396 0.473746 0.439365 0.306684 28.441 34.575 1.000000 0.137369 0.077400 0.077400 0.077400 0.077400 0.077400 0.077400 0.077400 0.077400 0.077400 0.077400 0.077400 0.077400 0.077400
-163.1250 63.6786 13.34353 0.473795 0.439465 0.306833 28.561 34.698 1.000000 0.127718 0.078900 0.078900 0.078900 0.078900 0.078900 0.078900 0.078900 0.078900 0.078900 0.078900 0.078900 0.078900 0.078900
-157.5000 63.6786 13.35138 0.473777 0.439444 0.306883 27.062 32.340 0.859913 0.084400 0.084400 0.084400 0.084400 0.084400 0.084400 0.084400 0.084400 0.084400 0.084400 0.084400 0.084400 0.084400 0.084400
-151.8750 63.6786 12.85625 0.470934 0.433607 0.298649 24.286 28.637 0.728491 0.076500 0.076500 0.076500 0.076500 0.076500 0.076500 0.076500 0.076500 0.076500 0.076500 0.076500 0.076500 0.076500 0.076500
-146.2500 63.6786 10.27232 0.455503 0.398409 0.249839 33.122 37.420 0.860159 0.097800 0.097800 0.097800 0.097800 0.097800 0.097800 0.097800 0.097800 0.097800 0.097800 0.097800 0.097800 0.097800 0.097800
-140.6250 63.6786 6.45825 0.432867 0.325773 0.155080 39.280 42.322 0.980980 0.094300 0.094300 0.094300 0.094300 0.094300 0.094300 0.094300 0.094300 0.094300 0.094300 0.094300 0.094300 0.094300 0.094300
-129.3750 63.6786 13.33251 0.473807 0.439470 0.306746 19.624 22.399 0.452320 0.073300 0.073300 0.073300 0.073300 0.073300 0.073300 0.073300 0.073300 0.073300 0.073300 0.073300 0.073300 0.073300 0.073300
-123.7500 63.6786 8.93371 0.447740 0.377163 0.220543 24.012 26.569 0.579713 0.068100 0.068100 0.068100 0.068100 0.068100 0.068100 0.068100 0.068100 0.068100 0.068100 0.068100 0.068100 0.068100 0.068100
-118.1250 63.6786 6.37159 0.433671 0.326315 0.153777 47.834 50.909 1.000000 0.955952 0.062800 0.062800 0.062800 0.062800 0.062800 0.062800 0.062800 0.062800 0.062800 0.062800 0.062800 0.062800 0.062800
-112.5000 63.6786 6.03885 0.427035 0.308060 0.139279 86.290 89.075 1.000000 1.000000 1.000000 1.000000 0.484540 0.062800 0.062800 0.062800 0.062800 0.062800 0.062800 0.062800 0.062800 0.062800 0.062800
-106.8750 63.6786 5.77996 0.422493 0.294777 0.128618 58.274 60.846 1.000000 1.000000 0.753516 0.062800 0.062800 0.062800 0.062800 0.062800 0.062800 0.062800 0.062800 0.062800 0.062800 0.062800 0.062800
-101.2500 63.6786 5.27611 0.414775 0.270123 0.108887 44.474 46.651 1.000000 0.941894 0.062800 0.062800 0.062800 0.062800 0.062800 0.062800 0.062800 0.062800 0.062800 0.062800 0.062800 0.062800 0.062800
-95.6250 63.6786 6.09255 0.425566 0.305901 0.139274 40.111 42.896 1.000000 0.440012 0.074400 0.074400 0.074400 0.074400 0.074400 0.074400 0.074400 0.074400 0.074400 0.074400 0.074400 0.074400 0.074400
-90.0000 63.6786 6.16735 0.426617 0.309118 0.142088 38.272 41.114 1.000000 0.207141 0.083400 0.083400 0.083400 0.083400 0.083400 0.083400 0.083400 0.083400 0.083400 0.083400 0.083400 0.083400 0.083400
-84.3750 63.6786 6.20977 0.426532 0.309559 0.143049 70.555 73.416 1.000000 1.000000 1.000000 0.149362 0.098900 0.098900 0.098900 0.098900 0.098900 0.098900 0.098900 0.098900 0.098900 0.098900 0.098900
-78.7500 63.6786 5.40711 0.414795 0.272772 0.112402 148.693 150.941 1.000000 1.000000 1.000000 1.000000 1.000000 1.000000 1.000000 1.000000 0.895034 0.062800 0.062800 0.062800 0.062800 0.062800 0.062800
-73.1250 63.6786 5.75075 0.419123 0.287576 0.124949 243.941 246.440 1.000000 1.000000 1.000000 1.000000 1.000000 1.000000 1.000000 1.000000 1.000000 1.000000 1.000000 1.000000 1.000000 1.000000 1.000000
-67.5000 63.6786 6.00426 0.428586 0.310710 0.139837 128.212 131.009 1.000000 1.000000 1.000000 1.000000 1.000000 1.000000 1.000000 0.063737 0.062800 0.062800 0.062800 0.062800 0.062800 0.062800 0.062800
-61.8750 63.6786 5.75427 0.424523 0.298452 0.129741 108.691 111.286 1.000000 1.000000 1.000000 1.000000 1.000000 0.877227 0.062800 0.062800 0.062800 0.062800 0.062800 0.062800 0.062800 0.062800 0.062800
-56.2500 63.6786 5.62787 0.421453 0.290075 0.123762 103.670 106.146 1.000000 1.000000 1.000000 1.000000 1.000000 0.668231 0.062800 0.062800 0.062800 0.062800 0.062800 0.062800 0.062800 0.062800 0.062800
-50.6250 63.6786 5.16565 0.422985 0.284521 0.112484 111.898 114.148 1.000000 1.000000 1.000000 1.000000 1.000000 0.939082 0.062800 0.062800 0.062800 0.062800 0.062800 0.062800 0.062800 0.062800 0.062800
-45.0000 63.6786 9.60370 0.451199 0.387365 0.235148 62.501 67.204 1.000000 1.000000 1.000000 0.182012 0.084000 0.084000 0.084000 0.084000 0.084000 0.084000 0.084000 0.084000 0.084000 0.084000 0.084000
-39.3750 63.6786 13.34510 0.473792 0.439461 0.306843 32.696 38.833 1.000000 0.421509 0.080300 0.080300 0.080300 0.080300 0.080300 0.080300 0.080300 0.080300 0.080300 0.080300 0.080300 0.080300 0.080300
-33.7500 63.6786 6.25427 0.431165 0.319589 0.148497 55.633 58.603 1.000000 1.000000 0.313259 0.078200 0.078200 0.078200 0.078200 0.078200 0.078200 0.078200 0.078200 0.078200 0.078200 0.078200 0.078200
-28.1250 63.6786 5.47026 0.424521 0.293524 0.122197 65.181 67.625 1.000000 1.000000 0.870892 0.077800 0.077800 0.077800 0.077800 0.077800 0.077800 0.077800 0.077800 0.077800 0.077800 0.077800 0.077800
-22.5000 63.6786 6.25726 0.431086 0.319469 0.148496 52.425 55.395 1.000000 1.000000 0.113462 0.079400 0.079400 0.079400 0.079400 0.079400 0.079400 0.079400 0.079400 0.079400 0.079400 0.079400 0.079400
-16.8750 63.6786 5.65347 0.426102 0.300000 0.128491 63.621 66.190 1.000000 1.000000 0.694256 0.084600 0.084600 0.084600 0.084600 0.084600 0.084600 0.084600 0.084600 0.084600 0.084600 0.084600 0.084600
-11.2500 63.6786 5.34380 0.423663 0.289407 0.118010 84.083 86.443 1.000000 1.000000 1.000000 0.903657 0.091100 0.091100 0.091100 0.091100 0.091100 0.091100 0.091100 0.091100 0.091100 0.091100 0.091100
-5.6250 63.6786 5.24987 0.421773 0.283684 0.113835 67.474 69.750 1.000000 1.000000 0.982567 0.082500 0.082500 0.082500 0.082500 0.082500 0.082500 0.082500 0.082500 0.082500 0.082500 0.082500 0.082500
0.0000 58.1430 5.59751 0.418285 0.283214 0.120278 69.610 72.016 1.000000 1.000000 1.000000 0.121613 0.104600 0.104600 0.104600 0.104600 0.104600 0.104600 0.104600 0.104600 0.104600 0.104600 0.104600
5.6250 58.1430 6.04310 0.425312 0.304643 0.137811 54.271 57.027 1.000000 1.000000 0.102229 0.095900 0.095900 0.095900 0.095900 0.095900 0.095900 0.095900 0.095900 0.095900 0.095900 0.095900 0.095900
11.2500 58.1430 6.16284 0.427470 0.310772 0.142768 60.649 63.505 1.000000 1.000000 0.525189 0.090400 0.090400 0.090400 0.090400 0.090400 0.090400 0.090400 0.090400 0.090400 0.090400 0.090400 0.090400
16.8750 58.1430 6.49294 0.432857 0.326192 0.155896 49.836 52.954 1.000000 0.860464 0.082000 0.082000 0.082000 0.082000 0.082000 0.082000 0.082000 0.082000 0.082000 0.082000 0.082000 0.082000 0.082000
22.5000 58.1430 6.39655 0.429802 0.318732 0.150645 53.090 56.103 1.000000 1.000000 0.404878 0.062800 0.062800 0.062800 0.062800 0.062800 0.062800 0.062800 0.062800 0.062800 0.062800 0.062800 0.062800
28.1250 58.1430 7.52846 0.442789 0.357307 0.189019 88.198 91.979 1.000000 1.000000 1.000000 1.000000 0.612936 0.062800 0.062800 0.062800 0.062800 0.062800 0.062800 0.062800 0.062800 0.062800 0.062800
33.7500 58.1430 5.88129 0.428633 0.308931 0.136734 196.421 199.156 1.000000 1.000000 1.000000 1.000000 1.000000 1.000000 1.000000 1.000000 1.000000 1.000000 1.000000 0.218375 0.062800 0.062800 0.062800
39.3750 58.1430 5.99592 0.429119 0.311683 0.140119 257.347 260.149 1.000000 1.000000 1.000000 1.000000 1.000000 1.000000 1.000000 1.000000 1.000000 1.000000 1.000000 1.000000 1.000000 1.000000 1.000000
45.0000 58.1430 5.69966 0.428547 0.305855 0.131902 260.930 263.568 1.000000 1.000000 1.000000 1.000000 1.000000 1.000000 1.000000 1.000000 1.000000 1.000000 1.000000 1.000000 1.000000 1.000000 1.000000
50.6250 58.1430 4.62031 0.422514 0.271521 0.096208 262.971 264.895 1.000000 1.000000 1.000000 1.000000 1.000000 1.000000 1.000000 1.000000 1.000000 1.000000 1.000000 1.000000 1.000000 1.000000 1.000000
56.2500 58.1430 4.87906 0.424002 0.280662 0.105072 263.386 265.487 1.000000 1.000000 1.000000 1.000000 1.000000 1.000000 1.000000 1.000000 1.000000 1.000000 1.000000 1.000000 1.000000 1.000000 1.000000
61.8750 58.1430 4.59969 0.422463 0.270912 0.095546 247.858 249.769 1.000000 1.000000 1.000000 1.000000 1.000000 1.000000 1.000000 1.000000 1.000000 1.000000 1.000000 1.000000 1.000000 1.000000 0.133800
67.5000 58.1430 5.02261 0.418013 0.271286 0.104454 248.705 250.794 1.000000 1.000000 1.000000 1.000000 1.000000 1.000000 1.000000 1.000000 1.000000 1.000000 1.000000 1.000000 1.000000 1.000000 0.907492
73.1250 58.1430 5.05888 0.419497 0.275098 0.106649 252.105 254.238 1.000000 1.000000 1.000000 1.000000 1.000000 1.000000 1.000000 1.000000 1.000000 1.000000 1.000000 1.000000 1.000000 1.000000 0.966283
78.7500 58.1430 5.43231 0.422242 0.288138 0.119223 229.215 231.600 1.000000 1.000000 1.000000 1.000000 1.000000 1.000000 1.000000 1.000000 1.000000 1.000000 1.000000 1.000000 1.000000 0.447238 0.122600
84.3750 58.1430 5.82591 0.424825 0.300243 0.131863 159.949 162.586 1.000000 1.000000 1.000000 1.000000 1.000000 1.000000 1.000000 1.000000 0.679679 0.136600 0.136600 0.136600 0.136600 0.136600 0.136600
90.0000 58.1430 6.26245 0.429062 0.315409 0.146702 128.806 131.740 1.000000 1.000000 1.000000 1.000000 1.000000 1.000000 0.738069 0.112100 0.112100 0.112100 0.112100 0.112100 0.112100 0.112100 0.112100
95.6250 58.1430 6.99565 0.437795 0.342064 0.172389 128.066 131.514 1.000000 1.000000 1.000000 1.000000 1.000000 1.000000 0.701337 0.105800 0.105800 0.105800 0.105800 0.105800 0.105800 0.105800 0.105800
101.2500 58.1430 6.88610 0.438966 0.343306 0.171139 97.378 100.801 1.000000 1.000000 1.000000 1.000000 0.677048 0.097900 0.097900 0.097900 0.097900 0.097900 0.097900 0.097900 0.097900 0.097900 0.097900
106.8750 58.1430 7.15104 0.442637 0.353564 0.180858 38.685 42.303 1.000000 0.331258 0.069900 0.069900 0.069900 0.069900 0.069900 0.069900 0.069900 0.069900 0.069900 0.069900 0.069900 0.069900 0.069900
112.5000 58.1430 7.04358 0.441064 0.349262 0.176840 62.770 66.307 1.000000 1.000000 0.646878 0.082800 0.082800 0.082800 0.082800 0.082800 0.082800 0.082800 0.082800 0.082800 0.082800 0.082800 0.082800
118.1250 58.1430 6.62383 0.436559 0.335397 0.162651 111.904 115.157 1.000000 1.000000 1.000000 1.000000 1.000000 0.779546 0.077600 0.077600 0.077600 0.077600 0.077600 0.077600 0.077600 0.077600 0.077600
123.7500 58.1430 7.45198 0.445424 0.362033 0.190272 110.786 114.591 1.000000 1.000000 1.000000 1.000000 1.000000 0.846988 0.067000 0.067000 0.067000 0.067000 0.067000 0.067000 0.067000 0.067000 0.067000
129.3750 58.1430 6.57127 0.431845 0.325115 0.156755 124.428 127.564 1.000000 1.000000 1.000000 1.000000 1.000000 1.000000 0.592209 0.099800 0.099800 0.099800 0.099800 0.099800 0.099800 0.099800 0.099800
135.0000 58.1430 6.45832 0.429913 0.319771 0.152224 85.201 88.245 1.000000 1.000000 1.000000 0.816867 0.115300 0.115300 0.115300 0.115300 0.115300 0.115300 0.115300 0.115300 0.115300 0.115300 0.115300
140.6250 58.1430 6.73368 0.433289 0.330004 0.161936 77.604 80.842 1.000000 1.000000 0.969805 0.137300 0.137300 0.137300 0.137300 0.137300 0.137300 0.137300 0.137300 0.137300 0.137300 0.137300 0.137300
146.2500 58.1430 6.29289 0.426293 0.310266 0.144845 81.941 84.838 1.000000 1.000000 1.000000 0.318880 0.148600 0.148600 0.148600 0.148600 0.148600 0.148600 0.148600 0.148600 0.148600 0.148600 0.148600
151.8750 58.1430 5.11058 0.409614 0.256609 0.100440 164.278 166.287 1.000000 1.000000 1.000000 1.000000 1.000000 1.000000 1.000000 1.000000 1.000000 0.790697 0.145700 0.145700 0.145700 0.145700 0.145700
157.5000 58.1430 5.88802 0.424350 0.300284 0.133031 195.570 198.231 1.000000 1.000000 1.000000 1.000000 1.000000 1.000000 1.000000 1.000000 1.000000 1.000000 1.000000 0.271229 0.140600 0.140600 0.140600
163.1250 58.1430 6.08992 0.428056 0.310898 0.141501 147.305 150.135 1.000000 1.000000 1.000000 1.000000 1.000000 1.000000 1.000000 0.569542 0.160900 0.160900 0.160900 0.160900 0.160900 0.160900 0.160900
168.7500 58.1430 6.62756 0.433096 0.328345 0.159296 90.356 93.542 1.000000 1.000000 1.000000 0.612450 0.157500 0.157500 0.157500 0.157500 0.157500 0.157500 0.157500 0.157500 0.157500 0.157500 0.157500
174.3750 58.1430 6.82484 0.434615 0.333741 0.165335 127.580 130.887 1.000000 1.000000 1.000000 1.000000 1.000000 1.000000 0.318937 0.157100 0.157100 0.157100 0.157100 0.157100 0.157100 0.157100 0.157100
180.0000 58.1430 5.84892 0.428995 0.309177 0.136227 221.596 224.321 1.000000 1.000000 1.000000 1.000000 1.000000 1.000000 1.000000 1.000000 1.000000 1.000000 1.000000 1.000000 0.501745 0.155500 0.155500
-174.3750 58.1430 6.31570 0.431862 0.321851 0.150667 245.998 249.012 1.000000 1.000000 1.000000 1.000000 1.000000 1.000000 1.000000 1.000000 1.000000 1.000000 1.000000 1.000000 1.000000 1.000000 0.370381
-168.7500 58.1430 9.95993 0.453271 0.392921 0.242817 137.366 142.223 1.000000 1.000000 1.000000 1.000000 1.000000 1.000000 1.000000 1.000000 0.354011 0.132900 0.132900 0.132900 0.132900 0.132900 0.132900
-163.1250 58.1430 13.41895 0.473646 0.439309 0.307344 50.552 56.699 1.000000 1.000000 0.333098 0.124800 0.124800 0.124800 0.124800 0.124800 0.124800 0.124800 0.124800 0.124800 0.124800 0.124800 0.124800
-157.5000 58.1430 10.35622 0.455633 0.398982 0.251146 51.035 56.058 1.000000 0.849208 0.123300 0.123300 0.123300 0.123300 0.123300 0.123300 0.123300 0.123300 0.123300 0.123300 0.123300 0.123300 0.123300
-151.8750 58.1430 6.09386 0.429174 0.313241 0.142640 58.363 61.216 1.000000 1.000000 0.425041 0.083000 0.083000 0.083000 0.083000 0.083000 0.083000 0.083000 0.083000 0.083000 0.083000 0.083000 0.083000
-146.2500 58.1430 5.27550 0.417474 0.275464 0.111028 98.481 100.702 1.000000 1.000000 1.000000 1.000000 0.948038 0.104100 0.104100 0.104100 0.104100 0.104100 0.104100 0.104100 0.104100 0.104100 0.104100
-140.6250 58.1430 5.59598 0.422042 0.290700 0.123428 91.113 93.582 1.000000 1.000000 1.000000 1.000000 0.317010 0.113000 0.113000 0.113000 0.113000 0.113000 0.113000 0.113000 0.113000 0.113000 0.113000
-135.0000 58.1430 5.75621 0.426188 0.301890 0.131272 70.774 73.400 1.000000 1.000000 0.946906 0.100100 0.100100 0.100100 0.100100 0.100100 0.100100 0.100100 0.100100 0.100100 0.100100 0.100100 0.100100
-129.3750 58.1430 6.39104 0.430928 0.320943 0.151592 66.365 69.396 1.000000 1.000000 0.521972 0.116400 0.116400 0.116400 0.116400 0.116400 0.116400 0.116400 0.116400 0.116400 0.116400 0.116400 0.116400
-123.7500 58.1430 6.52048 0.432450 0.325707 0.156150 51.395 54.518 1.000000 0.624552 0.108200 0.108200 0.108200 0.108200 0.108200 0.108200 0.108200 0.108200 0.108200 0.108200 0.108200 0.108200 0.108200
-118.1250 58.1430 6.16181 0.429970 0.315849 0.145081 61.532 64.434 1.000000 1.000000 0.652858 0.079200 0.079200 0.079200 0.079200 0.079200 0.079200 0.079200 0.079200 0.079200 0.079200 0.079200 0.079200
-112.5000 58.1430 6.25857 0.430213 0.317698 0.147696 67.273 70.227 1.000000 1.000000 1.000000 0.167405 0.071800 0.071800 0.071800 0.071800 0.071800 0.071800 0.071800 0.071800 0.071800 0.071800 0.071800
-106.8750 58.1430 6.28050 0.427150 0.311805 0.145345 66.638 69.545 1.000000 1.000000 1.000000 0.284954 0.065300 0.065300 0.065300 0.065300 0.065300 0.065300 0.065300 0.065300 0.065300 0.065300 0.065300
-101.2500 58.1430 6.10016 0.425434 0.305749 0.139342 89.240 92.027 1.000000 1.000000 1.000000 1.000000 0.734772 0.062800 0.062800 0.062800 0.062800 0.062800 0.062800 0.062800 0.062800 0.062800 0.062800
-95.6250 58.1430 5.64968 0.418333 0.284248 0.121675 156.756 159.189 1.000000 1.000000 1.000000 1.000000 1.000000 1.000000 1.000000 1.000000 0.965399 0.112800 0.112800 0.112800 0.112800 0.112800 0.112800
-90.0000 58.1430 4.76597 0.405574 0.240894 0.088106 229.183 230.945 1.000000 1.000000 1.000000 1.000000 1.000000 1.000000 1.000000 1.000000 1.000000 1.000000 1.000000 1.000000 1.000000 1.000000 1.000000
-84.3750 58.1430 4.82664 0.411140 0.253092 0.093745 239.021 240.896 1.000000 1.000000 1.000000 1.000000 1.000000 1.000000 1.000000 1.000000 1.000000 1.000000 1.000000 1.000000 1.000000 1.000000 1.000000
-78.7500 58.1430 5.84181 0.425629 0.302137 0.132993 150.022 152.681 1.000000 1.000000 1.000000 1.000000 1.000000 1.000000 1.000000 1.000000 0.133228 0.122700 0.122700 0.122700 0.122700 0.122700 0.122700
-73.1250 58.1430 5.80986 0.426190 0.302768 0.132670 101.808 104.462 1.000000 1.000000 1.000000 1.000000 0.738285 0.124700 0.124700 0.124700 0.124700 0.124700 0.124700 0.124700 0.124700 0.124700 0.124700
-67.5000 58.1430 4.71261 0.417659 0.263500 0.095282 130.598 132.504 1.000000 1.000000 1.000000 1.000000 1.000000 1.000000 0.746859 0.127100 0.127100 0.127100 0.127100 0.127100 0.127100 0.127100 0.127100
-61.8750 58.1430 6.56941 0.433205 0.327855 0.158043 82.156 85.316 1.000000 1.000000 1.000000 0.419043 0.129000 0.129000 0.129000 0.129000 0.129000 0.129000 0.129000 0.129000 0.129000 0.129000 0.129000
-56.2500 58.1430 5.27462 0.422285 0.285226 0.114945 171.092 173.391 1.000000 1.000000 1.000000 1.000000 1.000000 1.000000 1.000000 1.000000 1.000000 0.417109 0.126100 0.126100 0.126100 0.126100 0.126100
-39.3750 58.1430 6.57931 0.433410 0.328394 0.158477 72.915 76.084 1.000000 1.000000 1.000000 0.107600 0.107600 0.107600 0.107600 0.107600 0.107600 0.107600 0.107600 0.107600 0.107600 0.107600 0.107600
-33.7500 58.1430 5.16853 0.422107 0.282754 0.111843 108.828 111.065 1.000000 1.000000 1.000000 1.000000 1.000000 0.652934 0.079400 0.079400 0.079400 0.079400 0.079400 0.079400 0.079400 0.079400 0.079400
-28.1250 58.1430 4.88125 0.413836 0.259707 0.097270 107.395 109.340 1.000000 1.000000 1.000000 1.000000 1.000000 0.949048 0.073600 0.073600 0.073600 0.073600 0.073600 0.073600 0.073600 0.073600 0.073600
-22.5000 58.1430 4.49342 0.406516 0.235662 0.081091 132.741 134.362 1.000000 1.000000 1.000000 1.000000 1.000000 1.000000 1.000000 1.000000 0.132270 0.075900 0.075900 0.075900 0.075900 0.075900 0.075900
-16.8750 58.1430 4.62024 0.407545 0.240984 0.085386 160.468 162.175 1.000000 1.000000 1.000000 1.000000 1.000000 1.000000 1.000000 1.000000 1.000000 0.871450 0.088300 0.088300 0.088300 0.088300 0.088300
-11.2500 58.1430 4.96723 0.409724 0.253614 0.096616 121.972 123.904 1.000000 1.000000 1.000000 1.000000 1.000000 1.000000 0.942611 0.103300 0.103300 0.103300 0.103300 0.103300 0.103300 0.103300 0.103300
-5.6250 58.1430 5.28923 0.413517 0.267927 0.108245 94.011 96.176 1.000000 1.000000 1.000000 1.000000 0.793381 0.109400 0.109400 0.109400 0.109400 0.109400 0.109400 0.109400 0.109400 0.109400 0.109400
0.0000 52.6065 6.79172 0.436862 0.337947 0.166846 64.969 68.306 1.000000 1.000000 0.366705 0.119200 0.119200 0.119200 0.119200 0.119200 0.119200 0.119200 0.119200 0.119200 0.119200 0.119200 0.119200
5.6250 52.6065 6.70437 0.435099 0.333338 0.163064 64.334 67.596 1.000000 1.000000 0.327488 0.120900 0.120900 0.120900 0.120900 0.120900 0.120900 0.120900 0.120900 0.120900 0.120900 0.120900 0.120900
11.2500 52.6065 6.79106 0.436550 0.337299 0.166515 66.430 69.760 1.000000 1.000000 0.423285 0.122200 0.122200 0.122200 0.122200 0.122200 0.122200 0.122200 0.122200 0.122200 0.122200 0.122200 0.122200
16.8750 52.6065 6.79359 0.437001 0.338252 0.167029 78.047 81.387 1.000000 1.000000 1.000000 0.282192 0.116000 0.116000 0.116000 0.116000 0.116000 0.116000 0.116000 0.116000 0.116000 0.116000 0.116000
22.5000 52.6065 6.60757 0.433343 0.328604 0.159073 100.606 103.788 1.000000 1.000000 1.000000 1.000000 0.814408 0.112000 0.112000 0.112000 0.112000 0.112000 0.112000 0.112000 0.112000 0.112000 0.112000
28.1250 52.6065 4.98449 0.408185 0.251054 0.095961 232.639 234.559 1.000000 1.000000 1.000000 1.000000 1.000000 1.000000 1.000000 1.000000 1.000000 1.000000 1.000000 1.000000 1.000000 1.000000 1.000000
33.7500 52.6065 5.56658 0.421569 0.289220 0.122245 250.462 252.907 1.000000 1.000000 1.000000 1.000000 1.000000 1.000000 1.000000 1.000000 1.000000 1.000000 1.000000 1.000000 1.000000 1.000000 1.000000
39.3750 52.6065 6.25198 0.430828 0.318866 0.148119 256.120 259.082 1.000000 1.000000 1.000000 1.000000 1.000000 1.000000 1.000000 1.000000 1.000000 1.000000 1.000000 1.000000 1.000000 1.000000 1.000000
45.0000 52.6065 5.10803 0.424091 0.285679 0.111766 260.871 263.106 1.000000 1.000000 1.000000 1.000000 1.000000 1.000000 1.000000 1.000000 1.000000 1.000000 1.000000 1.000000 1.000000 1.000000 1.000000
50.6250 52.6065 5.14012 0.424343 0.286860 0.112887 260.960 263.218 1.000000 1.000000 1.000000 1.000000 1.000000 1.000000 1.000000 1.000000 1.000000 1.000000 1.000000 1.000000 1.000000 1.000000 1.000000
56.2500 52.6065 4.99367 0.423732 0.282552 0.108192 261.541 263.704 1.000000 1.000000 1.000000 1.000000 1.000000 1.000000 1.000000 1.000000 1.000000 1.000000 1.000000 1.000000 1.000000 1.000000 1.000000
84.3750 52.6065 7.57272 0.440587 0.353261 0.187576 150.472 154.224 1.000000 1.000000 1.000000 1.000000 1.000000 1.000000 1.000000 0.555824 0.218000 0.218000 0.218000 0.218000 0.218000 0.218000 0.218000
90.0000 52.6065 6.39065 0.426262 0.311565 0.147156 246.613 249.556 1.000000 1.000000 1.000000 1.000000 1.000000 1.000000 1.000000 1.000000 1.000000 1.000000 1.000000 1.000000 1.000000 1.000000 1.000000
95.6250 52.6065 5.90944 0.425527 0.303006 0.134634 250.131 252.823 1.000000 1.000000 1.000000 1.000000 1.000000 1.000000 1.000000 1.000000 1.000000 1.000000 1.000000 1.000000 1.000000 1.000000 0.855779
101.2500 52.6065 6.05641 0.427878 0.310040 0.140497 195.091 197.901 1.000000 1.000000 1.000000 1.000000 1.000000 1.000000 1.000000 1.000000 1.000000 1.000000 1.000000 0.182928 0.108000 0.108000 0.108000
106.8750 52.6065 6.22023 0.429989 0.316710 0.146543 233.380 236.311 1.000000 1.000000 1.000000 1.000000 1.000000 1.000000 1.000000 1.000000 1.000000 1.000000 1.000000 1.000000 1.000000 0.596273 0.118500
112.5000 52.6065 6.36980 0.429837 0.318444 0.150036 252.612 255.612 1.000000 1.000000 1.000000 1.000000 1.000000 1.000000 1.000000 1.000000 1.000000 1.000000 1.000000 1.000000 1.000000 1.000000 1.000000
118.1250 52.6065 6.49086 0.428138 0.316641 0.151296 229.390 232.416 1.000000 1.000000 1.000000 1.000000 1.000000 1.000000 1.000000 1.000000 1.000000 1.000000 1.000000 1.000000 1.000000 0.624952 0.248400
123.7500 52.6065 6.22389 0.427241 0.311186 0.144053 250.700 253.581 1.000000 1.000000 1.000000 1.000000 1.000000 1.000000 1.000000 1.000000 1.000000 1.000000 1.000000 1.000000 1.000000 1.000000 1.000000
129.3750 52.6065 6.80668 0.433488 0.331256 0.163797 190.943 194.219 1.000000 1.000000 1.000000 1.000000 1.000000 1.000000 1.000000 1.000000 1.000000 1.000000 0.386706 0.253900 0.253900 0.253900 0.253900
135.0000 52.6065 7.32998 0.440703 0.351290 0.182660 128.857 132.510 1.000000 1.000000 1.000000 1.000000 1.000000 0.416580 0.247200 0.247200 0.247200 0.247200 0.247200 0.247200 0.247200 0.247200 0.247200
140.6250 52.6065 6.81132 0.431950 0.328225 0.162376 108.775 112.023 1.000000 1.000000 1.000000 1.000000 0.248687 0.231000 0.231000 0.231000 0.231000 0.231000 0.231000 0.231000 0.231000 0.231000 0.231000
146.2500 52.6065 6.53962 0.428066 0.317135 0.152369 96.667 99.714 1.000000 1.000000 1.000000 0.617364 0.204500 0.204500 0.204500 0.204500 0.204500 0.204500 0.204500 0.204500 0.204500 0.204500 0.204500
151.8750 52.6065 6.42853 0.427015 0.313575 0.148761 98.193 101.168 1.000000 1.000000 1.000000 0.900814 0.187000 0.187000 0.187000 0.187000 0.187000 0.187000 0.187000 0.187000 0.187000 0.187000 0.187000
157.5000 52.6065 5.90004 0.421825 0.295422 0.131094 172.056 174.678 1.000000 1.000000 1.000000 1.000000 1.000000 1.000000 1.000000 1.000000 1.000000 0.532813 0.187500 0.187500 0.187500 0.187500 0.187500
163.1250 52.6065 5.78134 0.420906 0.291628 0.127270 246.538 249.083 1.000000 1.000000 1.000000 1.000000 1.000000 1.000000 1.000000 1.000000 1.000000 1.000000 1.000000 1.000000 1.000000 1.000000 1.000000
168.7500 52.6065 6.49461 0.427673 0.315764 0.150941 247.235 250.254 1.000000 1.000000 1.000000 1.000000 1.000000 1.000000 1.000000 1.000000 1.000000 1.000000 1.000000 1.000000 1.000000 1.000000 1.000000
174.3750 52.6065 6.59898 0.432265 0.326309 0.157813 216.572 219.728 1.000000 1.000000 1.000000 1.000000 1.000000 1.000000 1.000000 1.000000 1.000000 1.000000 1.000000 1.000000 0.366642 0.243300 0.243300
180.0000 52.6065 5.66989 0.426406 0.300905 0.129195 257.565 260.148 1.000000 1.000000 1.000000 1.000000 1.000000 1.000000 1.000000 1.000000 1.000000 1.000000 1.000000 1.000000 1.000000 1.000000 1.000000
-174.3750 52.6065 6.92913 0.433941 0.333556 0.166999 249.835 253.175 1.000000 1.000000 1.000000 1.000000 1.000000 1.000000 1.000000 1.000000 1.000000 1.000000 1.000000 1.000000 1.000000 1.000000 1.000000
-168.7500 52.6065 10.35669 0.454362 0.396618 0.249663 220.433 225.426 1.000000 1.000000 1.000000 1.000000 1.000000 1.000000 1.000000 1.000000 1.000000 1.000000 1.000000 1.000000 1.000000 1.000000 1.000000
-163.1250 52.6065 8.56124 0.438729 0.357534 0.204240 229.940 234.025 1.000000 1.000000 1.000000 1.000000 1.000000 1.000000 1.000000 1.000000 1.000000 1.000000 1.000000 1.000000 1.000000 1.000000 1.000000
-157.5000 52.6065 6.19348 0.430024 0.316406 0.145916 112.876 115.794 1.000000 1.000000 1.000000 1.000000 1.000000 0.815169 0.089500 0.089500 0.089500 0.089500 0.089500 0.089500 0.089500 0.089500 0.089500
-151.8750 52.6065 4.96029 0.416148 0.266137 0.101250 131.253 133.278 1.000000 1.000000 1.000000 1.000000 1.000000 1.000000 1.000000 0.379191 0.083000 0.083000 0.083000 0.083000 0.083000 0.083000 0.083000
-146.2500 52.6065 4.61790 0.404197 0.234536 0.083058 184.967 186.628 1.000000 1.000000 1.000000 1.000000 1.000000 1.000000 1.000000 1.000000 1.000000 1.000000 1.000000 0.885009 0.108600 0.108600 0.108600
-140.6250 52.6065 5.61721 0.417154 0.281345 0.119843 150.798 153.195 1.000000 1.000000 1.000000 1.000000 1.000000 1.000000 1.000000 1.000000 0.533226 0.134000 0.134000 0.134000 0.134000 0.134000 0.134000
-135.0000 52.6065 5.15563 0.411520 0.261256 0.103100 237.235 239.297 1.000000 1.000000 1.000000 1.000000 1.000000 1.000000 1.000000 1.000000 1.000000 1.000000 1.000000 1.000000 1.000000 1.000000 1.000000
-129.3750 52.6065 6.05214 0.428844 0.311953 0.141285 190.510 193.335 1.000000 1.000000 1.000000 1.000000 1.000000 1.000000 1.000000 1.000000 1.000000 1.000000 0.701822 0.115200 0.115200 0.115200 0.115200
-123.7500 52.6065 6.63017 0.432091 0.326341 0.158369 92.480 95.647 1.000000 1.000000 1.000000 0.710467 0.163200 0.163200 0.163200 0.163200 0.163200 0.163200 0.163200 0.163200 0.163200 0.163200 0.163200
-118.1250 52.6065 7.06944 0.435380 0.337964 0.171545 81.446 84.877 1.000000 1.000000 0.927259 0.163900 0.163900 0.163900 0.163900 0.163900 0.163900 0.163900 0.163900 0.163900 0.163900 0.163900 0.163900
-112.5000 52.6065 6.17704 0.428964 0.314008 0.144512 98.322 101.212 1.000000 1.000000 1.000000 1.000000 0.636840 0.116400 0.116400 0.116400 0.116400 0.116400 0.116400 0.116400 0.116400 0.116400 0.116400
-106.8750 52.6065 5.76347 0.425143 0.299869 0.130530 157.589 160.200 1.000000 1.000000 1.000000 1.000000 1.000000 1.000000 1.000000 1.000000 0.678551 0.104600 0.104600 0.104600 0.104600 0.104600 0.104600
-101.2500 52.6065 5.38951 0.419160 0.281082 0.115491 243.703 246.013 1.000000 1.000000 1.000000 1.000000 1.000000 1.000000 1.000000 1.000000 1.000000 1.000000 1.000000 1.000000 1.000000 1.000000 0.717162
-95.6250 52.6065 5.40785 0.420373 0.283878 0.116992 187.529 189.869 1.000000 1.000000 1.000000 1.000000 1.000000 1.000000 1.000000 1.000000 1.000000 1.000000 0.846592 0.097600 0.097600 0.097600 0.097600
-90.0000 52.6065 5.87417 0.426010 0.303430 0.134167 210.559 213.242 1.000000 1.000000 1.000000 1.000000 1.000000 1.000000 1.000000 1.000000 1.000000 1.000000 1.000000 1.000000 0.155728 0.142000 0.142000
-84.3750 52.6065 5.58152 0.424159 0.294760 0.124874 254.828 257.326 1.000000 1.000000 1.000000 1.000000 1.000000 1.000000 1.000000 1.000000 1.000000 1.000000 1.000000 1.000000 1.000000 1.000000 1.000000
-78.7500 52.6065 9.78357 0.451945 0.389631 0.238704 71.682 76.456 1.000000 1.000000 0.872616 0.156400 0.156400 0.156400 0.156400 0.156400 0.156400 0.156400 0.156400 0.156400 0.156400 0.156400 0.156400
-73.1250 52.6065 13.49150 0.473632 0.439386 0.307989 49.768 55.927 1.000000 0.688078 0.161500 0.161500 0.161500 0.161500 0.161500 0.161500 0.161500 0.161500 0.161500 0.161500 0.161500 0.161500 0.161500
-33.7500 52.6065 8.52753 0.442190 0.363883 0.207408 150.577 154.725 1.000000 1.000000 1.000000 1.000000 1.000000 1.000000 1.000000 1.000000 0.858639 0.127400 0.127400 0.127400 0.127400 0.127400 0.127400
-28.1250 52.6065 5.20679 0.421546 0.282361 0.112451 196.206 198.455 1.000000 1.000000 1.000000 1.000000 1.000000 1.000000 1.000000 1.000000 1.000000 1.000000 1.000000 0.253963 0.097900 0.097900 0.097900
-22.5000 52.6065 4.52146 0.402611 0.229005 0.079323 220.316 221.902 1.000000 1.000000 1.000000 1.000000 1.000000 1.000000 1.000000 1.000000 1.000000 1.000000 1.000000 1.000000 1.000000 1.000000 0.718916
-16.8750 52.6065 6.24059 0.426930 0.310800 0.144171 96.372 99.256 1.000000 1.000000 1.000000 1.000000 0.490640 0.129300 0.129300 0.129300 0.129300 0.129300 0.129300 0.129300 0.129300 0.129300 0.129300
-11.2500 52.6065 6.88494 0.437670 0.340629 0.169785 83.113 86.509 1.000000 1.000000 1.000000 0.361158 0.136700 0.136700 0.136700 0.136700 0.136700 0.136700 0.136700 0.136700 0.136700 0.136700 0.136700
-5.6250 52.6065 6.86604 0.437686 0.340457 0.169374 71.770 75.157 1.000000 1.000000 0.659048 0.128000 0.128000 0.128000 0.128000 0.128000 0.128000 0.128000 0.128000 0.128000 0.128000 0.128000 0.128000
0.0000 47.0696 6.43802 0.428520 0.316704 0.150411 118.195 121.203 1.000000 1.000000 1.000000 1.000000 1.000000 0.704565 0.155900 0.155900 0.155900 0.155900 0.155900 0.155900 0.155900 0.155900 0.155900
5.6250 47.0696 6.40600 0.427554 0.314342 0.148735 125.234 128.208 1.000000 1.000000 1.000000 1.000000 1.000000 1.000000 0.277277 0.160600 0.160600 0.160600 0.160600 0.160600 0.160600 0.160600 0.160600
11.2500 47.0696 6.73071 0.431883 0.327138 0.160480 136.748 139.957 1.000000 1.000000 1.000000 1.000000 1.000000 1.000000 0.598053 0.200900 0.200900 0.200900 0.200900 0.200900 0.200900 0.200900 0.200900
16.8750 47.0696 7.06077 0.435757 0.338629 0.171740 144.831 148.266 1.000000 1.000000 1.000000 1.000000 1.000000 1.000000 0.691092 0.248400 0.248400 0.248400 0.248400 0.248400 0.248400 0.248400 0.248400
22.5000 47.0696 7.13561 0.436080 0.340059 0.173698 214.906 218.380 1.000000 1.000000 1.000000 1.000000 1.000000 1.000000 1.000000 1.000000 1.000000 1.000000 1.000000 1.000000 0.373450 0.272300 0.272300
28.1250 47.0696 5.66295 0.412665 0.273506 0.117310 234.294 236.640 1.000000 1.000000 1.000000 1.000000 1.000000 1.000000 1.000000 1.000000 1.000000 1.000000 1.000000 1.000000 1.000000 1.000000 1.000000
33.7500 47.0696 5.82506 0.422929 0.296401 0.130160 249.361 251.964 1.000000 1.000000 1.000000 1.000000 1.000000 1.000000 1.000000 1.000000 1.000000 1.000000 1.000000 1.000000 1.000000 1.000000 1.000000
39.3750 47.0696 6.64938 0.431475 0.325335 0.158211 229.697 232.861 1.000000 1.000000 1.000000 1.000000 1.000000 1.000000 1.000000 1.000000 1.000000 1.000000 1.000000 1.000000 1.000000 0.504784 0.239300
45.0000 47.0696 7.40348 0.437404 0.345361 0.180746 246.922 250.537 1.000000 1.000000 1.000000 1.000000 1.000000 1.000000 1.000000 1.000000 1.000000 1.000000 1.000000 1.000000 1.000000 1.000000 1.000000
50.6250 47.0696 5.20183 0.424426 0.288261 0.114700 260.341 262.635 1.000000 1.000000 1.000000 1.000000 1.000000 1.000000 1.000000 1.000000 1.000000 1.000000 1.000000 1.000000 1.000000 1.000000 1.000000
90.0000 47.0696 6.92215 0.434372 0.334342 0.167276 157.612 160.958 1.000000 1.000000 1.000000 1.000000 1.000000 1.000000 1.000000 0.794027 0.234300 0.234300 0.234300 0.234300 0.234300 0.234300 0.234300
95.6250 47.0696 6.70944 0.430777 0.324669 0.158909 245.713 248.891 1.000000 1.000000 1.000000 1.000000 1.000000 1.000000 1.000000 1.000000 1.000000 1.000000 1.000000 1.000000 1.000000 1.000000 0.823447
101.2500 47.0696 13.44491 0.471744 0.435994 0.305235 132.821 138.926 1.000000 1.000000 1.000000 1.000000 1.000000 1.000000 1.000000 1.000000 0.376965 0.296800 0.296800 0.296800 0.296800 0.296800 0.296800
106.8750 47.0696 13.10535 0.469347 0.431221 0.299118 145.188 151.170 1.000000 1.000000 1.000000 1.000000 1.000000 1.000000 1.000000 1.000000 0.925883 0.344100 0.344100 0.344100 0.344100 0.344100 0.344100
123.7500 47.0696 6.13895 0.425871 0.307202 0.140701 249.751 252.565 1.000000 1.000000 1.000000 1.000000 1.000000 1.000000 1.000000 1.000000 1.000000 1.000000 1.000000 1.000000 1.000000 1.000000 1.000000
129.3750 47.0696 5.72389 0.425080 0.299082 0.129441 206.683 209.272 1.000000 1.000000 1.000000 1.000000 1.000000 1.000000 1.000000 1.000000 1.000000 1.000000 1.000000 0.712537 0.157000 0.157000 0.157000
135.0000 47.0696 6.16995 0.430836 0.317743 0.146101 133.673 136.595 1.000000 1.000000 1.000000 1.000000 1.000000 1.000000 0.612693 0.146900 0.146900 0.146900 0.146900 0.146900 0.146900 0.146900 0.146900
140.6250 47.0696 6.63360 0.435208 0.332730 0.161530 99.916 103.147 1.000000 1.000000 1.000000 1.000000 0.546209 0.129000 0.129000 0.129000 0.129000 0.129000 0.129000 0.129000 0.129000 0.129000 0.129000
146.2500 47.0696 6.13330 0.430665 0.316874 0.145026 119.024 121.924 1.000000 1.000000 1.000000 1.000000 1.000000 0.996413 0.103300 0.103300 0.103300 0.103300 0.103300 0.103300 0.103300 0.103300 0.103300
151.8750 47.0696 6.09324 0.428134 0.311105 0.141656 225.535 228.368 1.000000 1.000000 1.000000 1.000000 1.000000 1.000000 1.000000 1.000000 1.000000 1.000000 1.000000 1.000000 1.000000 0.160914 0.149000
157.5000 47.0696 7.37485 0.435802 0.341909 0.178491 225.447 229.016 1.000000 1.000000 1.000000 1.000000 1.000000 1.000000 1.000000 1.000000 1.000000 1.000000 1.000000 1.000000 1.000000 0.570650 0.225000
163.1250 47.0696 7.27750 0.436774 0.342880 0.177448 248.149 251.698 1.000000 1.000000 1.000000 1.000000 1.000000 1.000000 1.000000 1.000000 1.000000 1.000000 1.000000 1.000000 1.000000 1.000000 1.000000
168.7500 47.0696 6.79945 0.432306 0.328799 0.162460 249.509 252.758 1.000000 1.000000 1.000000 1.000000 1.000000 1.000000 1.000000 1.000000 1.000000 1.000000 1.000000 1.000000 1.000000 1.000000 1.000000
174.3750 47.0696 6.07914 0.428181 0.310994 0.141348 254.470 257.297 1.000000 1.000000 1.000000 1.000000 1.000000 1.000000 1.000000 1.000000 1.000000 1.000000 1.000000 1.000000 1.000000 1.000000 1.000000
180.0000 47.0696 5.46394 0.425264 0.294951 0.122667 258.426 260.879 1.000000 1.000000 1.000000 1.000000 1.000000 1.000000 1.000000 1.000000 1.000000 1.000000 1.000000 1.000000 1.000000 1.000000 1.000000
-174.3750 47.0696 5.46782 0.426354 0.297295 0.123719 260.364 262.839 1.000000 1.000000 1.000000 1.000000 1.000000 1.000000 1.000000 1.000000 1.000000 1.000000 1.000000 1.000000 1.000000 1.000000 1.000000
-168.7500 47.0696 8.13054 0.442484 0.361572 0.200511 241.592 245.603 1.000000 1.000000 1.000000 1.000000 1.000000 1.000000 1.000000 1.000000 1.000000 1.000000 1.000000 1.000000 1.000000 1.000000 1.000000
-163.1250 47.0696 6.09099 0.427069 0.308908 0.140615 252.439 255.251 1.000000 1.000000 1.000000 1.000000 1.000000 1.000000 1.000000 1.000000 1.000000 1.000000 1.000000 1.000000 1.000000 1.000000 1.000000
-157.5000 47.0696 6.65585 0.428563 0.319605 0.155533 220.976 224.087 1.000000 1.000000 1.000000 1.000000 1.000000 1.000000 1.000000 1.000000 1.000000 1.000000 1.000000 1.000000 0.946060 0.261100 0.261100
-151.8750 47.0696 6.11869 0.425990 0.307141 0.140310 145.359 148.165 1.000000 1.000000 1.000000 1.000000 1.000000 1.000000 1.000000 0.516635 0.170900 0.170900 0.170900 0.170900 0.170900 0.170900 0.170900
-146.2500 47.0696 5.16255 0.413302 0.264874 0.104658 161.907 164.000 1.000000 1.000000 1.000000 1.000000 1.000000 1.000000 1.000000 1.000000 1.000000 0.307510 0.159600 0.159600 0.159600 0.159600 0.159600
-140.6250 47.0696 5.67173 0.417568 0.283136 0.121599 137.112 139.544 1.000000 1.000000 1.000000 1.000000 1.000000 1.000000 1.000000 0.414930 0.153300 0.153300 0.153300 0.153300 0.153300 0.153300 0.153300
-135.0000 47.0696 6.31987 0.429355 0.316793 0.148374 240.560 243.528 1.000000 1.000000 1.000000 1.000000 1.000000 1.000000 1.000000 1.000000 1.000000 1.000000 1.000000 1.000000 1.000000 1.000000 0.283374
-129.3750 47.0696 6.10776 0.428285 0.311626 0.142159 182.913 185.756 1.000000 1.000000 1.000000 1.000000 1.000000 1.000000 1.000000 1.000000 1.000000 1.000000 0.195427 0.149500 0.149500 0.149500 0.149500
-123.7500 47.0696 7.31590 0.437026 0.343761 0.178520 100.408 103.979 1.000000 1.000000 1.000000 0.548663 0.229800 0.229800 0.229800 0.229800 0.229800 0.229800 0.229800 0.229800 0.229800 0.229800 0.229800
-118.1250 47.0696 6.89891 0.433827 0.332988 0.166211 159.657 162.981 1.000000 1.000000 1.000000 1.000000 1.000000 1.000000 1.000000 0.927335 0.235100 0.235100 0.235100 0.235100 0.235100 0.235100 0.235100
-112.5000 47.0696 5.46747 0.425441 0.295383 0.122916 202.604 205.062 1.000000 1.000000 1.000000 1.000000 1.000000 1.000000 1.000000 1.000000 1.000000 1.000000 0.785793 0.240400 0.240400 0.240400 0.240400
-106.8750 47.0696 5.70322 0.426498 0.301654 0.130158 257.243 259.846 1.000000 1.000000 1.000000 1.000000 1.000000 1.000000 1.000000 1.000000 1.000000 1.000000 1.000000 1.000000 1.000000 1.000000 1.000000
-101.2500 47.0696 6.31651 0.430005 0.318067 0.148910 207.074 210.052 1.000000 1.000000 1.000000 1.000000 1.000000 1.000000 1.000000 1.000000 1.000000 1.000000 1.000000 0.435436 0.268700 0.268700 0.268700
-95.6250 47.0696 6.96976 0.434502 0.335129 0.168465 127.928 131.298 1.000000 1.000000 1.000000 1.000000 1.000000 0.406915 0.252100 0.252100 0.252100 0.252100 0.252100 0.252100 0.252100 0.252100 0.252100
-90.0000 47.0696 6.93646 0.434423 0.334605 0.167647 138.991 142.344 1.000000 1.000000 1.000000 1.000000 1.000000 1.000000 0.415322 0.238700 0.238700 0.238700 0.238700 0.238700 0.238700 0.238700 0.238700
-28.1250 47.0696 5.24662 0.420981 0.281993 0.113092 253.351 255.613 1.000000 1.000000 1.000000 1.000000 1.000000 1.000000 1.000000 1.000000 1.000000 1.000000 1.000000 1.000000 1.000000 1.000000 1.000000
-22.5000 47.0696 5.10153 0.409065 0.255360 0.099784 233.363 235.359 1.000000 1.000000 1.000000 1.000000 1.000000 1.000000 1.000000 1.000000 1.000000 1.000000 1.000000 1.000000 1.000000 1.000000 1.000000
-16.8750 47.0696 6.19177 0.422493 0.301280 0.138911 223.521 226.299 1.000000 1.000000 1.000000 1.000000 1.000000 1.000000 1.000000 1.000000 1.000000 1.000000 1.000000 1.000000 1.000000 0.541200 0.225000
-11.2500 47.0696 7.02912 0.436460 0.339709 0.171762 114.747 118.182 1.000000 1.000000 1.000000 1.000000 0.636334 0.219600 0.219600 0.219600 0.219600 0.219600 0.219600 0.219600 0.219600 0.219600 0.219600
-5.6250 47.0696 6.69898 0.431801 0.326592 0.159672 98.542 101.735 1.000000 1.000000 1.000000 0.848745 0.186800 0.186800 0.186800 0.186800 0.186800 0.186800 0.186800 0.186800 0.186800 0.186800 0.186800
0.0000 41.5325 5.42851 0.415215 0.274010 0.113307 241.055 243.321 1.000000 1.000000 1.000000 1.000000 1.000000 1.000000 1.000000 1.000000 1.000000 1.000000 1.000000 1.000000 1.000000 1.000000 1.000000
5.6250 41.5325 6.24121 0.423489 0.303968 0.141013 244.434 247.254 1.000000 1.000000 1.000000 1.000000 1.000000 1.000000 1.000000 1.000000 1.000000 1.000000 1.000000 1.000000 1.000000 1.000000 1.000000
11.2500 41.5325 5.59145 0.415416 0.277482 0.117734 239.623 241.977 1.000000 1.000000 1.000000 1.000000 1.000000 1.000000 1.000000 1.000000 1.000000 1.000000 1.000000 1.000000 1.000000 1.000000 1.000000
16.8750 41.5325 6.76788 0.431553 0.326920 0.161001 161.505 164.725 1.000000 1.000000 1.000000 1.000000 1.000000 1.000000 1.000000 1.000000 0.398992 0.222500 0.222500 0.222500 0.222500 0.222500 0.222500
22.5000 41.5325 7.27282 0.436799 0.342885 0.177375 229.091 232.638 1.000000 1.000000 1.000000 1.000000 1.000000 1.000000 1.000000 1.000000 1.000000 1.000000 1.000000 1.000000 1.000000 0.527826 0.313700
28.1250 41.5325 6.78002 0.429084 0.322165 0.158861 234.986 238.164 1.000000 1.000000 1.000000 1.000000 1.000000 1.000000 1.000000 1.000000 1.000000 1.000000 1.000000 1.000000 1.000000 1.000000 0.389475
33.7500 41.5325 5.46455 0.413604 0.271573 0.112955 237.926 240.185 1.000000 1.000000 1.000000 1.000000 1.000000 1.000000 1.000000 1.000000 1.000000 1.000000 1.000000 1.000000 1.000000 1.000000 1.000000
39.3750 41.5325 5.25741 0.420114 0.280434 0.112678 94.240 96.494 1.000000 1.000000 1.000000 1.000000 0.989691 0.062800 0.062800 0.062800 0.062800 0.062800 0.062800 0.062800 0.062800 0.062800 0.062800
45.0000 41.5325 6.45550 0.433060 0.326132 0.155201 62.110 65.214 1.000000 1.000000 0.880038 0.062800 0.062800 0.062800 0.062800 0.062800 0.062800 0.062800 0.062800 0.062800 0.062800 0.062800 0.062800
50.6250 41.5325 13.30881 0.473791 0.439409 0.306507 43.596 49.726 1.000000 1.000000 0.526714 0.062800 0.062800 0.062800 0.062800 0.062800 0.062800 0.062800 0.062800 0.062800 0.062800 0.062800 0.062800
78.7500 41.5325 13.75912 0.473344 0.439252 0.310030 174.735 180.936 1.000000 1.000000 1.000000 1.000000 1.000000 1.000000 1.000000 1.000000 1.000000 1.000000 1.000000 1.000000 0.890528 0.315800 0.315800
84.3750 41.5325 13.65366 0.473464 0.439317 0.309243 120.772 126.957 1.000000 1.000000 1.000000 1.000000 1.000000 1.000000 1.000000 0.506894 0.254000 0.254000 0.254000 0.254000 0.254000 0.254000 0.254000
90.0000 41.5325 11.73789 0.462866 0.416703 0.276989 106.963 112.503 1.000000 1.000000 1.000000 1.000000 1.000000 0.757746 0.210900 0.210900 0.210900 0.210900 0.210900 0.210900 0.210900 0.210900 0.210900
95.6250 41.5325 6.47819 0.427369 0.314943 0.150267 247.014 250.019 1.000000 1.000000 1.000000 1.000000 1.000000 1.000000 1.000000 1.000000 1.000000 1.000000 1.000000 1.000000 1.000000 1.000000 1.000000
101.2500 41.5325 6.58135 0.429895 0.321316 0.155096 249.330 252.432 1.000000 1.000000 1.000000 1.000000 1.000000 1.000000 1.000000 1.000000 1.000000 1.000000 1.000000 1.000000 1.000000 1.000000 1.000000
118.1250 41.5325 13.31361 0.473823 0.439472 0.306590 21.571 26.134 0.744144 0.062800 0.062800 0.062800 0.062800 0.062800 0.062800 0.062800 0.062800 0.062800 0.062800 0.062800 0.062800 0.062800 0.062800
129.3750 41.5325 13.31361 0.473823 0.439472 0.306590 15.008 16.543 0.250240 0.062800 0.062800 0.062800 0.062800 0.062800 0.062800 0.062800 0.062800 0.062800 0.062800 0.062800 0.062800 0.062800 0.062800
151.8750 41.5325 11.35002 0.458514 0.407718 0.267260 171.528 176.873 1.000000 1.000000 1.000000 1.000000 1.000000 1.000000 1.000000 1.000000 1.000000 1.000000 0.878031 0.333500 0.333500 0.333500 0.333500
163.1250 41.5325 13.85673 0.473242 0.439207 0.310761 185.890 192.105 1.000000 1.000000 1.000000 1.000000 1.000000 1.000000 1.000000 1.000000 1.000000 1.000000 1.000000 1.000000 1.000000 1.000000 0.472129
168.7500 41.5325 6.12175 0.427439 0.310110 0.141722 252.583 255.417 1.000000 1.000000 1.000000 1.000000 1.000000 1.000000 1.000000 1.000000 1.000000 1.000000 1.000000 1.000000 1.000000 1.000000 1.000000
180.0000 41.5325 4.60760 0.422473 0.271125 0.095793 262.999 264.914 1.000000 1.000000 1.000000 1.000000 1.000000 1.000000 1.000000 1.000000 1.000000 1.000000 1.000000 1.000000 1.000000 1.000000 1.000000
-174.3750 41.5325 4.58196 0.423033 0.271711 0.095443 147.442 149.351 1.000000 1.000000 1.000000 1.000000 1.000000 1.000000 1.000000 0.925024 0.062800 0.062800 0.062800 0.062800 0.062800 0.062800 0.062800
-168.7500 41.5325 5.68821 0.426862 0.302156 0.130086 111.742 114.344 1.000000 1.000000 1.000000 1.000000 1.000000 0.928773 0.062800 0.062800 0.062800 0.062800 0.062800 0.062800 0.062800 0.062800 0.062800
-163.1250 41.5325 5.63527 0.418981 0.285271 0.121848 245.134 247.571 1.000000 1.000000 1.000000 1.000000 1.000000 1.000000 1.000000 1.000000 1.000000 1.000000 1.000000 1.000000 1.000000 1.000000 1.000000
-157.5000 41.5325 5.93727 0.419282 0.291020 0.129801 241.830 244.426 1.000000 1.000000 1.000000 1.000000 1.000000 1.000000 1.000000 1.000000 1.000000 1.000000 1.000000 1.000000 1.000000 1.000000 1.000000
-151.8750 41.5325 7.30511 0.440133 0.349902 0.181533 142.247 145.877 1.000000 1.000000 1.000000 1.000000 1.000000 1.000000 1.000000 0.556719 0.127400 0.127400 0.127400 0.127400 0.127400 0.127400 0.127400
-146.2500 41.5325 6.24939 0.432589 0.322460 0.149741 108.290 111.285 1.000000 1.000000 1.000000 1.000000 1.000000 0.454360 0.090600 0.090600 0.090600 0.090600 0.090600 0.090600 0.090600 0.090600 0.090600
-140.6250 41.5325 6.44082 0.429098 0.317901 0.151029 85.078 88.098 1.000000 1.000000 1.000000 0.540756 0.141600 0.141600 0.141600 0.141600 0.141600 0.141600 0.141600 0.141600 0.141600 0.141600 0.141600
-135.0000 41.5325 5.06232 0.412910 0.261947 0.101616 70.370 72.402 1.000000 1.000000 1.000000 0.698222 0.062800 0.062800 0.062800 0.062800 0.062800 0.062800 0.062800 0.062800 0.062800 0.062800 0.062800
-129.3750 41.5325 5.71646 0.425297 0.299403 0.129439 129.049 131.637 1.000000 1.000000 1.000000 1.000000 1.000000 1.000000 0.727109 0.108200 0.108200 0.108200 0.108200 0.108200 0.108200 0.108200 0.108200
-123.7500 41.5325 7.98506 0.441585 0.358683 0.196783 126.005 129.940 1.000000 1.000000 1.000000 1.000000 0.510874 0.327200 0.327200 0.327200 0.327200 0.327200 0.327200 0.327200 0.327200 0.327200 0.327200
-118.1250 41.5325 8.46779 0.441546 0.362227 0.205647 146.676 150.789 1.000000 1.000000 1.000000 1.000000 1.000000 1.000000 0.749083 0.327300 0.327300 0.327300 0.327300 0.327300 0.327300 0.327300 0.327300
-112.5000 41.5325 7.05448 0.434274 0.335592 0.170097 195.698 199.100 1.000000 1.000000 1.000000 1.000000 1.000000 1.000000 1.000000 1.000000 1.000000 1.000000 0.768223 0.264200 0.264200 0.264200 0.264200
-106.8750 41.5325 5.98295 0.428208 0.309613 0.138947 255.999 258.778 1.000000 1.000000 1.000000 1.000000 1.000000 1.000000 1.000000 1.000000 1.000000 1.000000 1.000000 1.000000 1.000000 1.000000 1.000000
-101.2500 41.5325 6.32183 0.429536 0.317187 0.148593 245.667 248.639 1.000000 1.000000 1.000000 1.000000 1.000000 1.000000 1.000000 1.000000 1.000000 1.000000 1.000000 1.000000 1.000000 1.000000 0.571551
-95.6250 41.5325 7.09040 0.434846 0.337116 0.171459 148.728 152.157 1.000000 1.000000 1.000000 1.000000 1.000000 1.000000 0.577260 0.300100 0.300100 0.300100 0.300100 0.300100 0.300100 0.300100 0.300100
-61.8750 41.5325 6.45550 0.433060 0.326132 0.155201 19.306 20.082 0.250240 0.062800 0.062800 0.062800 0.062800 0.062800 0.062800 0.062800 0.062800 0.062800 0.062800 0.062800 0.062800 0.062800 0.062800
-56.2500 41.5325 6.57085 0.433887 0.329264 0.158748 21.129 22.271 0.359892 0.062800 0.062800 0.062800 0.062800 0.062800 0.062800 0.062800 0.062800 0.062800 0.062800 0.062800 0.062800 0.062800 0.062800
-50.6250 41.5325 6.61559 0.434152 0.330351 0.160060 31.940 34.211 0.709406 0.083300 0.083300 0.083300 0.083300 0.083300 0.083300 0.083300 0.083300 0.083300 0.083300 0.083300 0.083300 0.083300 0.083300
-45.0000 41.5325 6.70909 0.432105 0.327326 0.160203 158.638 161.842 1.000000 1.000000 1.000000 1.000000 1.000000 1.000000 1.000000 0.827743 0.237800 0.237800 0.237800 0.237800 0.237800 0.237800 0.237800
-39.3750 41.5325 7.55885 0.437009 0.346037 0.183527 98.117 101.787 1.000000 1.000000 1.000000 1.000000 0.292547 0.174500 0.174500 0.174500 0.174500 0.174500 0.174500 0.174500 0.174500 0.174500 0.174500
-33.7500 41.5325 8.01322 0.439977 0.355760 0.195592 151.598 155.510 1.000000 1.000000 1.000000 1.000000 1.000000 1.000000 1.000000 0.602226 0.266100 0.266100 0.266100 0.266100 0.266100 0.266100 0.266100
-28.1250 41.5325 7.39784 0.436975 0.344455 0.180183 103.579 107.183 1.000000 1.000000 1.000000 0.465162 0.258200 0.258200 0.258200 0.258200 0.258200 0.258200 0.258200 0.258200 0.258200 0.258200 0.258200
-22.5000 41.5325 5.60299 0.417145 0.281068 0.119466 242.403 244.792 1.000000 1.000000 1.000000 1.000000 1.000000 1.000000 1.000000 1.000000 1.000000 1.000000 1.000000 1.000000 1.000000 1.000000 1.000000
-16.8750 41.5325 5.54324 0.410521 0.267197 0.112528 232.004 234.254 1.000000 1.000000 1.000000 1.000000 1.000000 1.000000 1.000000 1.000000 1.000000 1.000000 1.000000 1.000000 1.000000 1.000000 1.000000
-11.2500 41.5325 5.76946 0.415282 0.280424 0.122172 237.379 239.823 1.000000 1.000000 1.000000 1.000000 1.000000 1.000000 1.000000 1.000000 1.000000 1.000000 1.000000 1.000000 1.000000 1.000000 1.000000
-5.6250 41.5325 5.64266 0.417251 0.281994 0.120583 242.117 244.529 1.000000 1.000000 1.000000 1.000000 1.000000 1.000000 1.000000 1.000000 1.000000 1.000000 1.000000 1.000000 1.000000 1.000000 1.000000
0.0000 35.9951 6.86764 0.433216 0.331408 0.164900 143.300 146.598 1.000000 1.000000 1.000000 1.000000 1.000000 1.000000 0.657351 0.243600 0.243600 0.243600 0.243600 0.243600 0.243600 0.243600 0.243600
5.6250 35.9951 7.12846 0.431202 0.330324 0.168612 242.569 245.941 1.000000 1.000000 1.000000 1.000000 1.000000 1.000000 1.000000 1.000000 1.000000 1.000000 1.000000 1.000000 1.000000 1.000000 1.000000
11.2500 35.9951 5.74395 0.417398 0.284076 0.123306 241.154 243.620 1.000000 1.000000 1.000000 1.000000 1.000000 1.000000 1.000000 1.000000 1.000000 1.000000 1.000000 1.000000 1.000000 1.000000 1.000000
16.8750 35.9951 6.03159 0.421358 0.296599 0.133970 243.944 246.623 1.000000 1.000000 1.000000 1.000000 1.000000 1.000000 1.000000 1.000000 1.000000 1.000000 1.000000 1.000000 1.000000 1.000000 1.000000
22.5000 35.9951 6.84504 0.432227 0.329171 0.163409 221.857 225.126 1.000000 1.000000 1.000000 1.000000 1.000000 1.000000 1.000000 1.000000 1.000000 1.000000 1.000000 1.000000 0.907097 0.238500 0.238500
28.1250 35.9951 6.70766 0.430681 0.324456 0.158775 184.884 188.059 1.000000 1.000000 1.000000 1.000000 1.000000 1.000000 1.000000 1.000000 1.000000 1.000000 0.295788 0.215800 0.215800 0.215800 0.215800
33.7500 35.9951 5.77727 0.420473 0.290700 0.126791 202.040 204.576 1.000000 1.000000 1.000000 1.000000 1.000000 1.000000 1.000000 1.000000 1.000000 1.000000 1.000000 1.000000 0.120141 0.103100 0.103100
39.3750 35.9951 5.29881 0.415064 0.271151 0.109727 89.172 91.367 1.000000 1.000000 1.000000 1.000000 0.815109 0.070900 0.070900 0.070900 0.070900 0.070900 0.070900 0.070900 0.070900 0.070900 0.070900
45.0000 35.9951 5.15847 0.415852 0.269826 0.106536 86.972 89.102 1.000000 1.000000 1.000000 1.000000 0.698222 0.062800 0.062800 0.062800 0.062800 0.062800 0.062800 0.062800 0.062800 0.062800 0.062800
50.6250 35.9951 6.00803 0.428877 0.311365 0.140201 51.463 54.267 1.000000 1.000000 0.253052 0.062800 0.062800 0.062800 0.062800 0.062800 0.062800 0.062800 0.062800 0.062800 0.062800 0.062800 0.062800
56.2500 35.9951 8.89562 0.444648 0.371006 0.216444 231.843 236.172 1.000000 1.000000 1.000000 1.000000 1.000000 1.000000 1.000000 1.000000 1.000000 1.000000 1.000000 1.000000 1.000000 1.000000 1.000000
78.7500 35.9951 13.31361 0.473823 0.439472 0.306590 26.578 32.709 1.000000 0.183699 0.062800 0.062800 0.062800 0.062800 0.062800 0.062800 0.062800 0.062800 0.062800 0.062800 0.062800 0.062800 0.062800
84.3750 35.9951 8.70440 0.445997 0.372395 0.214698 236.546 240.840 1.000000 1.000000 1.000000 1.000000 1.000000 1.000000 1.000000 1.000000 1.000000 1.000000 1.000000 1.000000 1.000000 1.000000 1.000000
90.0000 35.9951 6.77158 0.434798 0.333503 0.164306 253.794 257.080 1.000000 1.000000 1.000000 1.000000 1.000000 1.000000 1.000000 1.000000 1.000000 1.000000 1.000000 1.000000 1.000000 1.000000 1.000000
95.6250 35.9951 6.25155 0.429131 0.315397 0.146500 220.774 223.704 1.000000 1.000000 1.000000 1.000000 1.000000 1.000000 1.000000 1.000000 1.000000 1.000000 1.000000 1.000000 0.867965 0.101800 0.101800
101.2500 35.9951 5.75661 0.423390 0.296193 0.128802 180.207 182.783 1.000000 1.000000 1.000000 1.000000 1.000000 1.000000 1.000000 1.000000 1.000000 1.000000 0.412018 0.088400 0.088400 0.088400 0.088400
106.8750 35.9951 5.67725 0.426902 0.302057 0.129832 47.747 50.343 1.000000 0.955952 0.062800 0.062800 0.062800 0.062800 0.062800 0.062800 0.062800 0.062800 0.062800 0.062800 0.062800 0.062800 0.062800
118.1250 35.9951 7.15123 0.437499 0.343071 0.175494 19.586 20.603 0.289602 0.062800 0.062800 0.062800 0.062800 0.062800 0.062800 0.062800 0.062800 0.062800 0.062800 0.062800 0.062800 0.062800 0.062800
123.7500 35.9951 5.99375 0.428839 0.311073 0.139804 23.341 24.693 0.483603 0.062800 0.062800 0.062800 0.062800 0.062800 0.062800 0.062800 0.062800 0.062800 0.062800 0.062800 0.062800 0.062800 0.062800
129.3750 35.9951 8.39862 0.443907 0.366301 0.206992 144.370 148.510 1.000000 1.000000 1.000000 1.000000 1.000000 1.000000 1.000000 0.405389 0.236700 0.236700 0.236700 0.236700 0.236700 0.236700 0.236700
135.0000 35.9951 7.10264 0.433918 0.335398 0.170784 113.174 116.590 1.000000 1.000000 1.000000 0.666391 0.291700 0.291700 0.291700 0.291700 0.291700 0.291700 0.291700 0.291700 0.291700 0.291700 0.291700
140.6250 35.9951 7.57219 0.432868 0.338096 0.179516 172.810 176.400 1.000000 1.000000 1.000000 1.000000 1.000000 1.000000 1.000000 0.785060 0.444600 0.444600 0.444600 0.444600 0.444600 0.444600 0.444600
146.2500 35.9951 11.51663 0.457465 0.406337 0.267987 159.285 164.645 1.000000 1.000000 1.000000 1.000000 1.000000 1.000000 1.000000 0.897036 0.516600 0.516600 0.516600 0.516600 0.516600 0.516600 0.516600
151.8750 35.9951 11.39868 0.456901 0.404957 0.265930 185.761 191.080 1.000000 1.000000 1.000000 1.000000 1.000000 1.000000 1.000000 1.000000 1.000000 1.000000 1.000000 0.951761 0.469900 0.469900 0.469900
157.5000 35.9951 9.57205 0.447420 0.380095 0.230354 224.611 229.218 1.000000 1.000000 1.000000 1.000000 1.000000 1.000000 1.000000 1.000000 1.000000 1.000000 1.000000 1.000000 1.000000 1.000000 1.000000
168.7500 35.9951 5.84480 0.425551 0.302025 0.132999 113.028 115.688 1.000000 1.000000 1.000000 1.000000 1.000000 1.000000 0.184636 0.062800 0.062800 0.062800 0.062800 0.062800 0.062800 0.062800 0.062800
174.3750 35.9951 5.32536 0.423150 0.287993 0.117070 154.889 157.231 1.000000 1.000000 1.000000 1.000000 1.000000 1.000000 1.000000 1.000000 0.685101 0.062800 0.062800 0.062800 0.062800 0.062800 0.062800
180.0000 35.9951 5.34504 0.421263 0.284490 0.116029 123.512 125.833 1.000000 1.000000 1.000000 1.000000 1.000000 1.000000 0.829430 0.062800 0.062800 0.062800 0.062800 0.062800 0.062800 0.062800 0.062800
-174.3750 35.9951 6.46000 0.428468 0.316892 0.150882 249.014 252.032 1.000000 1.000000 1.000000 1.000000 1.000000 1.000000 1.000000 1.000000 1.000000 1.000000 1.000000 1.000000 1.000000 1.000000 1.000000
-168.7500 35.9951 5.35780 0.417594 0.277332 0.113352 62.720 64.987 1.000000 1.000000 1.000000 0.134027 0.062800 0.062800 0.062800 0.062800 0.062800 0.062800 0.062800 0.062800 0.062800 0.062800 0.062800
-163.1250 35.9951 5.98447 0.422953 0.299015 0.134218 88.201 90.885 1.000000 1.000000 1.000000 1.000000 0.423084 0.092900 0.092900 0.092900 0.092900 0.092900 0.092900 0.092900 0.092900 0.092900 0.092900
-157.5000 35.9951 6.88914 0.432937 0.331094 0.165103 133.269 136.571 1.000000 1.000000 1.000000 1.000000 1.000000 1.000000 0.919038 0.138700 0.138700 0.138700 0.138700 0.138700 0.138700 0.138700 0.138700
-151.8750 35.9951 7.17934 0.439602 0.347611 0.178283 177.413 180.979 1.000000 1.000000 1.000000 1.000000 1.000000 1.000000 1.000000 1.000000 1.000000 0.774004 0.140700 0.140700 0.140700 0.140700 0.140700
-146.2500 35.9951 6.68757 0.433868 0.330633 0.161451 117.005 120.234 1.000000 1.000000 1.000000 1.000000 1.000000 0.870081 0.116200 0.116200 0.116200 0.116200 0.116200 0.116200 0.116200 0.116200 0.116200
-140.6250 35.9951 6.97823 0.440005 0.346414 0.174283 60.910 64.395 1.000000 1.000000 0.658974 0.073300 0.073300 0.073300 0.073300 0.073300 0.073300 0.073300 0.073300 0.073300 0.073300 0.073300 0.073300
-135.0000 35.9951 5.06878 0.408500 0.253557 0.098480 172.817 174.787 1.000000 1.000000 1.000000 1.000000 1.000000 1.000000 1.000000 1.000000 1.000000 1.000000 0.544346 0.149900 0.149900 0.149900 0.149900
-129.3750 35.9951 6.02603 0.423954 0.301658 0.136155 203.918 206.642 1.000000 1.000000 1.000000 1.000000 1.000000 1.000000 1.000000 1.000000 1.000000 1.000000 1.000000 0.617300 0.234600 0.234600 0.234600
-123.7500 35.9951 8.62192 0.441311 0.362857 0.208100 162.775 166.937 1.000000 1.000000 1.000000 1.000000 1.000000 0.698540 0.535500 0.535500 0.535500 0.535500 0.535500 0.535500 0.535500 0.535500 0.535500
-118.1250 35.9951 14.00090 0.472774 0.438589 0.311431 119.916 126.144 1.000000 1.000000 1.000000 1.000000 0.515399 0.491500 0.491500 0.491500 0.491500 0.491500 0.491500 0.491500 0.491500 0.491500 0.491500
-112.5000 35.9951 11.15153 0.459410 0.408736 0.265921 146.113 151.432 1.000000 1.000000 1.000000 1.000000 1.000000 1.000000 1.000000 1.000000 1.000000 0.281441 0.189900 0.189900 0.189900 0.189900 0.189900
-106.8750 35.9951 6.46562 0.434862 0.329973 0.157212 46.697 49.842 1.000000 0.886599 0.062800 0.062800 0.062800 0.062800 0.062800 0.062800 0.062800 0.062800 0.062800 0.062800 0.062800 0.062800 0.062800
-101.2500 35.9951 5.72916 0.423840 0.296644 0.128485 230.620 233.190 1.000000 1.000000 1.000000 1.000000 1.000000 1.000000 1.000000 1.000000 1.000000 1.000000 1.000000 1.000000 1.000000 0.567478 0.146900
-95.6250 35.9951 6.98598 0.431724 0.329776 0.166039 245.606 248.927 1.000000 1.000000 1.000000 1.000000 1.000000 1.000000 1.000000 1.000000 1.000000 1.000000 1.000000 1.000000 1.000000 1.000000 1.000000
-90.0000 35.9951 6.13251 0.428797 0.313031 0.143253 110.540 113.405 1.000000 1.000000 1.000000 1.000000 1.000000 0.945642 0.062800 0.062800 0.062800 0.062800 0.062800 0.062800 0.062800 0.062800 0.062800
-84.3750 35.9951 5.79202 0.425961 0.302009 0.132002 63.575 66.215 1.000000 1.000000 0.985942 0.062800 0.062800 0.062800 0.062800 0.062800 0.062800 0.062800 0.062800 0.062800 0.062800 0.062800 0.062800
-78.7500 35.9951 6.26040 0.431079 0.319497 0.148566 30.455 33.137 0.902531 0.062800 0.062800 0.062800 0.062800 0.062800 0.062800 0.062800 0.062800 0.062800 0.062800 0.062800 0.062800 0.062800 0.062800
-73.1250 35.9951 11.52561 0.463209 0.416769 0.274956 16.176 17.614 0.261486 0.062800 0.062800 0.062800 0.062800 0.062800 0.062800 0.062800 0.062800 0.062800 0.062800 0.062800 0.062800 0.062800 0.062800
-67.5000 35.9951 6.50199 0.433407 0.327430 0.156649 21.786 23.028 0.396443 0.062800 0.062800 0.062800 0.062800 0.062800 0.062800 0.062800 0.062800 0.062800 0.062800 0.062800 0.062800 0.062800 0.062800
-61.8750 35.9951 7.06345 0.431798 0.330783 0.167804 230.119 233.475 1.000000 1.000000 1.000000 1.000000 1.000000 1.000000 1.000000 1.000000 1.000000 1.000000 1.000000 1.000000 1.000000 0.824480 0.295100
-56.2500 35.9951 7.18476 0.433952 0.336333 0.172586 238.308 241.759 1.000000 1.000000 1.000000 1.000000 1.000000 1.000000 1.000000 1.000000 1.000000 1.000000 1.000000 1.000000 1.000000 1.000000 0.553377
-50.6250 35.9951 6.13531 0.424895 0.305194 0.139716 169.498 172.293 1.000000 1.000000 1.000000 1.000000 1.000000 1.000000 1.000000 1.000000 1.000000 0.451988 0.158200 0.158200 0.158200 0.158200 0.158200
-45.0000 35.9951 5.42728 0.412393 0.268512 0.111011 222.688 224.909 1.000000 1.000000 1.000000 1.000000 1.000000 1.000000 1.000000 1.000000 1.000000 1.000000 1.000000 1.000000 1.000000 0.948964 0.189900
-39.3750 35.9951 7.09573 0.426913 0.321650 0.163676 218.996 222.270 1.000000 1.000000 1.000000 1.000000 1.000000 1.000000 1.000000 1.000000 1.000000 1.000000 1.000000 1.000000 0.893333 0.484700 0.484700
-33.7500 35.9951 8.13503 0.436394 0.349837 0.194066 171.616 175.498 1.000000 1.000000 1.000000 1.000000 0.919229 0.609800 0.609800 0.609800 0.609800 0.609800 0.609800 0.609800 0.609800 0.609800 0.609800
-28.1250 35.9951 7.20883 0.433396 0.335487 0.172536 177.272 180.723 1.000000 1.000000 1.000000 1.000000 1.000000 1.000000 1.000000 0.622431 0.465200 0.465200 0.465200 0.465200 0.465200 0.465200 0.465200
-22.5000 35.9951 6.24636 0.424433 0.305907 0.142002 245.857 248.698 1.000000 1.000000 1.000000 1.000000 1.000000 1.000000 1.000000 1.000000 1.000000 1.000000 1.000000 1.000000 1.000000 1.000000 1.000000
-16.8750 35.9951 6.08090 0.423040 0.300683 0.136693 245.986 248.720 1.000000 1.000000 1.000000 1.000000 1.000000 1.000000 1.000000 1.000000 1.000000 1.000000 1.000000 1.000000 1.000000 1.000000 1.000000
-11.2500 35.9951 5.56445 0.422801 0.291682 0.123245 252.655 255.120 1.000000 1.000000 1.000000 1.000000 1.000000 1.000000 1.000000 1.000000 1.000000 1.000000 1.000000 1.000000 1.000000 1.000000 1.000000
-5.6250 35.9951 6.43242 0.429603 0.318806 0.151311 230.645 233.672 1.000000 1.000000 1.000000 1.000000 1.000000 1.000000 1.000000 1.000000 1.000000 1.000000 1.000000 1.000000 1.000000 0.573501 0.196800
5.6250 30.4576 6.37489 0.430752 0.320371 0.151035 42.709 45.729 1.000000 0.705719 0.062800 0.062800 0.062800 0.062800 0.062800 0.062800 0.062800 0.062800 0.062800 0.062800 0.062800 0.062800 0.062800
11.2500 30.4576 7.12355 0.428131 0.324308 0.165464 238.266 241.575 1.000000 1.000000 1.000000 1.000000 1.000000 1.000000 1.000000 1.000000 1.000000 1.000000 1.000000 1.000000 1.000000 1.000000 1.000000
16.8750 30.4576 5.25912 0.414202 0.268650 0.107975 217.943 220.103 1.000000 1.000000 1.000000 1.000000 1.000000 1.000000 1.000000 1.000000 1.000000 1.000000 1.000000 1.000000 1.000000 0.487569 0.076700
22.5000 30.4576 6.14718 0.426779 0.309149 0.141741 70.416 73.250 1.000000 1.000000 1.000000 0.446115 0.069100 0.069100 0.069100 0.069100 0.069100 0.069100 0.069100 0.069100 0.069100 0.069100 0.069100
28.1250 30.4576 6.68141 0.433940 0.330705 0.161379 51.339 54.567 1.000000 1.000000 0.278356 0.062800 0.062800 0.062800 0.062800 0.062800 0.062800 0.062800 0.062800 0.062800 0.062800 0.062800 0.062800
33.7500 30.4576 6.28896 0.428914 0.315476 0.147207 49.557 52.501 1.000000 0.927186 0.078300 0.078300 0.078300 0.078300 0.078300 0.078300 0.078300 0.078300 0.078300 0.078300 0.078300 0.078300 0.078300
39.3750 30.4576 6.66567 0.432464 0.327527 0.159557 61.701 64.892 1.000000 1.000000 0.532167 0.095100 0.095100 0.095100 0.095100 0.095100 0.095100 0.095100 0.095100 0.095100 0.095100 0.095100 0.095100
45.0000 30.4576 5.11507 0.412486 0.262263 0.102737 78.376 80.431 1.000000 1.000000 1.000000 1.000000 0.264076 0.064900 0.064900 0.064900 0.064900 0.064900 0.064900 0.064900 0.064900 0.064900 0.064900
50.6250 30.4576 6.02628 0.427806 0.309444 0.139673 103.741 106.534 1.000000 1.000000 1.000000 1.000000 1.000000 0.545458 0.062800 0.062800 0.062800 0.062800 0.062800 0.062800 0.062800 0.062800 0.062800
56.2500 30.4576 8.89299 0.451618 0.384469 0.224263 95.074 99.559 1.000000 1.000000 1.000000 1.000000 1.000000 0.369264 0.062800 0.062800 0.062800 0.062800 0.062800 0.062800 0.062800 0.062800 0.062800
61.8750 30.4576 6.08362 0.427314 0.309297 0.140658 252.958 255.771 1.000000 1.000000 1.000000 1.000000 1.000000 1.000000 1.000000 1.000000 1.000000 1.000000 1.000000 1.000000 1.000000 1.000000 1.000000
84.3750 30.4576 6.30688 0.429928 0.317779 0.148603 73.285 76.257 1.000000 1.000000 1.000000 0.641052 0.062800 0.062800 0.062800 0.062800 0.062800 0.062800 0.062800 0.062800 0.062800 0.062800 0.062800
90.0000 30.4576 6.78368 0.433057 0.330122 0.162846 250.913 254.170 1.000000 1.000000 1.000000 1.000000 1.000000 1.000000 1.000000 1.000000 1.000000 1.000000 1.000000 1.000000 1.000000 1.000000 1.000000
95.6250 30.4576 7.66410 0.441271 0.355421 0.190152 157.224 161.027 1.000000 1.000000 1.000000 1.000000 1.000000 1.000000 1.000000 1.000000 0.540048 0.162200 0.162200 0.162200 0.162200 0.162200 0.162200
101.2500 30.4576 6.29075 0.426027 0.309705 0.144545 72.724 75.615 1.000000 1.000000 1.000000 0.559586 0.076700 0.076700 0.076700 0.076700 0.076700 0.076700 0.076700 0.076700 0.076700 0.076700 0.076700
106.8750 30.4576 5.35944 0.419117 0.280416 0.114644 44.295 46.588 1.000000 0.855671 0.062800 0.062800 0.062800 0.062800 0.062800 0.062800 0.062800 0.062800 0.062800 0.062800 0.062800 0.062800 0.062800
112.5000 30.4576 7.03135 0.436768 0.340357 0.172127 26.805 29.264 0.714154 0.062800 0.062800 0.062800 0.062800 0.062800 0.062800 0.062800 0.062800 0.062800 0.062800 0.062800 0.062800 0.062800 0.062800
118.1250 30.4576 6.99406 0.437042 0.340517 0.171583 23.086 24.758 0.487352 0.062800 0.062800 0.062800 0.062800 0.062800 0.062800 0.062800 0.062800 0.062800 0.062800 0.062800 0.062800 0.062800 0.062800
123.7500 30.4576 6.89756 0.435428 0.336202 0.167792 124.232 127.588 1.000000 1.000000 1.000000 1.000000 1.000000 1.000000 0.183987 0.149100 0.149100 0.149100 0.149100 0.149100 0.149100 0.149100 0.149100
129.3750 30.4576 7.67375 0.442105 0.357170 0.191238 212.775 216.600 1.000000 1.000000 1.000000 1.000000 1.000000 1.000000 1.000000 1.000000 1.000000 1.000000 1.000000 1.000000 0.316678 0.253200 0.253200
135.0000 30.4576 6.54682 0.433715 0.328618 0.158013 255.908 259.068 1.000000 1.000000 1.000000 1.000000 1.000000 1.000000 1.000000 1.000000 1.000000 1.000000 1.000000 1.000000 1.000000 1.000000 1.000000
140.6250 30.4576 6.63887 0.431728 0.325716 0.158215 251.251 254.415 1.000000 1.000000 1.000000 1.000000 1.000000 1.000000 1.000000 1.000000 1.000000 1.000000 1.000000 1.000000 1.000000 1.000000 1.000000
146.2500 30.4576 6.90950 0.434358 0.334175 0.166981 45.685 49.025 1.000000 0.875765 0.065900 0.065900 0.065900 0.065900 0.065900 0.065900 0.065900 0.065900 0.065900 0.065900 0.065900 0.065900 0.065900
151.8750 30.4576 6.77546 0.435887 0.335767 0.165489 37.153 40.463 1.000000 0.365516 0.062800 0.062800 0.062800 0.062800 0.062800 0.062800 0.062800 0.062800 0.062800 0.062800 0.062800 0.062800 0.062800
163.1250 30.4576 6.22673 0.429332 0.315459 0.146082 158.869 161.791 1.000000 1.000000 1.000000 1.000000 1.000000 1.000000 1.000000 1.000000 1.000000 0.065612 0.062800 0.062800 0.062800 0.062800 0.062800
168.7500 30.4576 6.61431 0.432799 0.327581 0.158695 243.040 246.214 1.000000 1.000000 1.000000 1.000000 1.000000 1.000000 1.000000 1.000000 1.000000 1.000000 1.000000 1.000000 1.000000 1.000000 0.390820
174.3750 30.4576 6.24197 0.427583 0.312133 0.144814 100.421 103.317 1.000000 1.000000 1.000000 1.000000 1.000000 0.361846 0.071100 0.071100 0.071100 0.071100 0.071100 0.071100 0.071100 0.071100 0.071100
180.0000 30.4576 5.34122 0.415721 0.273292 0.111391 52.077 54.305 1.000000 1.000000 0.462984 0.062800 0.062800 0.062800 0.062800 0.062800 0.062800 0.062800 0.062800 0.062800 0.062800 0.062800 0.062800
-174.3750 30.4576 5.94714 0.421714 0.295962 0.132181 107.479 110.122 1.000000 1.000000 1.000000 1.000000 1.000000 0.565181 0.110800 0.110800 0.110800 0.110800 0.110800 0.110800 0.110800 0.110800 0.110800
-168.7500 30.4576 6.42718 0.428617 0.316753 0.150246 116.819 119.824 1.000000 1.000000 1.000000 1.000000 1.000000 0.965551 0.116700 0.116700 0.116700 0.116700 0.116700 0.116700 0.116700 0.116700 0.116700
-163.1250 30.4576 6.31905 0.427473 0.312990 0.146578 150.894 153.825 1.000000 1.000000 1.000000 1.000000 1.000000 1.000000 1.000000 1.000000 0.483656 0.097300 0.097300 0.097300 0.097300 0.097300 0.097300
-157.5000 30.4576 7.01066 0.437431 0.341482 0.172349 180.176 183.623 1.000000 1.000000 1.000000 1.000000 1.000000 1.000000 1.000000 1.000000 1.000000 1.000000 0.220479 0.108100 0.108100 0.108100 0.108100
-151.8750 30.4576 6.81023 0.434421 0.333182 0.164809 95.888 99.184 1.000000 1.000000 1.000000 1.000000 0.561970 0.113300 0.113300 0.113300 0.113300 0.113300 0.113300 0.113300 0.113300 0.113300 0.113300
-146.2500 30.4576 6.04327 0.428380 0.310870 0.140631 23.583 25.007 0.506096 0.062800 0.062800 0.062800 0.062800 0.062800 0.062800 0.062800 0.062800 0.062800 0.062800 0.062800 0.062800 0.062800 0.062800
-140.6250 30.4576 7.36804 0.439300 0.348815 0.181986 159.614 163.254 1.000000 1.000000 1.000000 1.000000 1.000000 1.000000 1.000000 1.000000 0.524166 0.173900 0.173900 0.173900 0.173900 0.173900 0.173900
-135.0000 30.4576 6.79443 0.426196 0.316693 0.156397 240.444 243.572 1.000000 1.000000 1.000000 1.000000 1.000000 1.000000 1.000000 1.000000 1.000000 1.000000 1.000000 1.000000 1.000000 1.000000 1.000000
-129.3750 30.4576 8.79456 0.440876 0.363205 0.210585 224.244 228.456 1.000000 1.000000 1.000000 1.000000 1.000000 1.000000 1.000000 1.000000 1.000000 1.000000 1.000000 1.000000 1.000000 1.000000 0.692956
-118.1250 30.4576 14.06140 0.473031 0.439115 0.312264 155.995 162.240 1.000000 1.000000 1.000000 1.000000 1.000000 1.000000 1.000000 1.000000 1.000000 0.780955 0.503300 0.503300 0.503300 0.503300 0.503300
-112.5000 30.4576 13.30241 0.473749 0.439325 0.306395 31.596 37.723 1.000000 0.560453 0.062800 0.062800 0.062800 0.062800 0.062800 0.062800 0.062800 0.062800 0.062800 0.062800 0.062800 0.062800 0.062800
-106.8750 30.4576 10.85130 0.459947 0.408770 0.262799 40.017 45.273 1.000000 0.925024 0.062800 0.062800 0.062800 0.062800 0.062800 0.062800 0.062800 0.062800 0.062800 0.062800 0.062800 0.062800 0.062800
-101.2500 30.4576 8.36628 0.439802 0.358146 0.201938 234.312 238.351 1.000000 1.000000 1.000000 1.000000 1.000000 1.000000 1.000000 1.000000 1.000000 1.000000 1.000000 1.000000 1.000000 1.000000 1.000000
-95.6250 30.4576 5.71590 0.417563 0.283909 0.122730 235.003 237.457 1.000000 1.000000 1.000000 1.000000 1.000000 1.000000 1.000000 1.000000 1.000000 1.000000 1.000000 1.000000 1.000000 1.000000 0.580288
-90.0000 30.4576 6.18025 0.426002 0.308070 0.141836 63.570 66.407 1.000000 1.000000 0.992554 0.069300 0.069300 0.069300 0.069300 0.069300 0.069300 0.069300 0.069300 0.069300 0.069300 0.069300 0.069300
-84.3750 30.4576 6.84223 0.434631 0.333970 0.165744 48.893 52.208 1.000000 1.000000 0.152771 0.062800 0.062800 0.062800 0.062800 0.062800 0.062800 0.062800 0.062800 0.062800 0.062800 0.062800 0.062800
-78.7500 30.4576 6.26728 0.429108 0.315569 0.146863 41.162 44.100 1.000000 0.542879 0.069000 0.069000 0.069000 0.069000 0.069000 0.069000 0.069000 0.069000 0.069000 0.069000 0.069000 0.069000 0.069000
-73.1250 30.4576 7.13918 0.437770 0.343496 0.175512 70.286 73.796 1.000000 1.000000 1.000000 0.143492 0.094600 0.094600 0.094600 0.094600 0.094600 0.094600 0.094600 0.094600 0.094600 0.094600 0.094600
-67.5000 30.4576 6.79397 0.435687 0.335568 0.165710 146.006 149.321 1.000000 1.000000 1.000000 1.000000 1.000000 1.000000 1.000000 0.707512 0.126900 0.126900 0.126900 0.126900 0.126900 0.126900 0.126900
-61.8750 30.4576 7.20533 0.435474 0.339564 0.174576 181.555 185.046 1.000000 1.000000 1.000000 1.000000 1.000000 1.000000 1.000000 1.000000 1.000000 0.993617 0.202100 0.202100 0.202100 0.202100 0.202100
-56.2500 30.4576 7.08365 0.431650 0.330714 0.168094 159.430 162.792 1.000000 1.000000 1.000000 1.000000 1.000000 1.000000 1.000000 1.000000 0.302029 0.250300 0.250300 0.250300 0.250300 0.250300 0.250300
-50.6250 30.4576 6.85048 0.431815 0.328412 0.163123 81.898 85.160 1.000000 1.000000 0.655622 0.191600 0.191600 0.191600 0.191600 0.191600 0.191600 0.191600 0.191600 0.191600 0.191600 0.191600 0.191600
-45.0000 30.4576 6.96533 0.431658 0.329415 0.165520 107.883 111.193 1.000000 1.000000 1.000000 1.000000 0.353453 0.222900 0.222900 0.222900 0.222900 0.222900 0.222900 0.222900 0.222900 0.222900 0.222900
-39.3750 30.4576 7.34529 0.422557 0.316244 0.164661 227.374 230.668 1.000000 1.000000 1.000000 1.000000 1.000000 1.000000 1.000000 1.000000 1.000000 1.000000 1.000000 1.000000 1.000000 1.000000 1.000000
-33.7500 30.4576 8.58110 0.436926 0.354291 0.202650 227.461 231.514 1.000000 1.000000 1.000000 1.000000 1.000000 1.000000 1.000000 1.000000 1.000000 1.000000 1.000000 1.000000 1.000000 1.000000 1.000000
-28.1250 30.4576 7.94017 0.436767 0.348936 0.190787 213.515 217.331 1.000000 1.000000 1.000000 1.000000 1.000000 1.000000 1.000000 1.000000 1.000000 1.000000 1.000000 0.917820 0.527700 0.527700 0.527700
-22.5000 30.4576 7.23222 0.434012 0.336943 0.173658 244.928 248.401 1.000000 1.000000 1.000000 1.000000 1.000000 1.000000 1.000000 1.000000 1.000000 1.000000 1.000000 1.000000 1.000000 1.000000 1.000000
-16.8750 30.4576 6.78414 0.432528 0.329064 0.162332 127.886 131.133 1.000000 1.000000 1.000000 1.000000 1.000000 1.000000 0.237384 0.179100 0.179100 0.179100 0.179100 0.179100 0.179100 0.179100 0.179100
5.6250 24.9199 13.31361 0.473823 0.439472 0.306590 48.372 54.503 1.000000 1.000000 0.886599 0.062800 0.062800 0.062800 0.062800 0.062800 0.062800 0.062800 0.062800 0.062800 0.062800 0.062800 0.062800
11.2500 24.9199 6.71913 0.433123 0.329497 0.161439 133.676 136.905 1.000000 1.000000 1.000000 1.000000 1.000000 1.000000 1.000000 0.514530 0.062800 0.062800 0.062800 0.062800 0.062800 0.062800 0.062800
16.8750 24.9199 5.45960 0.415742 0.275639 0.114555 241.626 243.917 1.000000 1.000000 1.000000 1.000000 1.000000 1.000000 1.000000 1.000000 1.000000 1.000000 1.000000 1.000000 1.000000 1.000000 1.000000
22.5000 24.9199 6.30585 0.427947 0.313758 0.146705 98.578 101.512 1.000000 1.000000 1.000000 1.000000 1.000000 0.306972 0.066000 0.066000 0.066000 0.066000 0.066000 0.066000 0.066000 0.066000 0.066000
28.1250 24.9199 7.66009 0.445348 0.363607 0.194468 31.857 35.496 0.935671 0.067700 0.067700 0.067700 0.067700 0.067700 0.067700 0.067700 0.067700 0.067700 0.067700 0.067700 0.067700 0.067700 0.067700
33.7500 24.9199 7.33594 0.439790 0.349498 0.181825 83.730 87.366 1.000000 1.000000 1.000000 0.569103 0.129500 0.129500 0.129500 0.129500 0.129500 0.129500 0.129500 0.129500 0.129500 0.129500 0.129500
39.3750 24.9199 7.37717 0.436153 0.342627 0.178902 174.364 177.942 1.000000 1.000000 1.000000 1.000000 1.000000 1.000000 1.000000 1.000000 1.000000 0.405801 0.248800 0.248800 0.248800 0.248800 0.248800
45.0000 24.9199 6.42754 0.426547 0.312631 0.148297 203.370 206.336 1.000000 1.000000 1.000000 1.000000 1.000000 1.000000 1.000000 1.000000 1.000000 1.000000 1.000000 1.000000 0.155390 0.110000 0.110000
50.6250 24.9199 6.92746 0.434644 0.334950 0.167669 228.268 231.621 1.000000 1.000000 1.000000 1.000000 1.000000 1.000000 1.000000 1.000000 1.000000 1.000000 1.000000 1.000000 1.000000 0.520610 0.125200
56.2500 24.9199 10.45633 0.462690 0.412644 0.260899 58.225 63.443 1.000000 1.000000 1.000000 0.146211 0.062800 0.062800 0.062800 0.062800 0.062800 0.062800 0.062800 0.062800 0.062800 0.062800 0.062800
61.8750 24.9199 4.27080 0.421383 0.260076 0.084651 94.011 95.704 1.000000 1.000000 1.000000 1.000000 0.731024 0.062800 0.062800 0.062800 0.062800 0.062800 0.062800 0.062800 0.062800 0.062800 0.062800
67.5000 24.9199 4.27080 0.421383 0.260076 0.084651 126.926 128.619 1.000000 1.000000 1.000000 1.000000 1.000000 1.000000 0.732898 0.062800 0.062800 0.062800 0.062800 0.062800 0.062800 0.062800 0.062800
73.1250 24.9199 4.27080 0.421383 0.260076 0.084651 142.857 144.550 1.000000 1.000000 1.000000 1.000000 1.000000 1.000000 1.000000 0.703845 0.062800 0.062800 0.062800 0.062800 0.062800 0.062800 0.062800
78.7500 24.9199 5.67370 0.430449 0.309437 0.132934 79.304 81.962 1.000000 1.000000 1.000000 0.802251 0.062800 0.062800 0.062800 0.062800 0.062800 0.062800 0.062800 0.062800 0.062800 0.062800 0.062800
84.3750 24.9199 8.24465 0.443470 0.364351 0.203708 240.966 245.040 1.000000 1.000000 1.000000 1.000000 1.000000 1.000000 1.000000 1.000000 1.000000 1.000000 1.000000 1.000000 1.000000 1.000000 1.000000
90.0000 24.9199 6.55972 0.426378 0.314061 0.151231 244.245 247.270 1.000000 1.000000 1.000000 1.000000 1.000000 1.000000 1.000000 1.000000 1.000000 1.000000 1.000000 1.000000 1.000000 1.000000 1.000000
95.6250 24.9199 8.26365 0.444996 0.367481 0.205732 189.083 193.198 1.000000 1.000000 1.000000 1.000000 1.000000 1.000000 1.000000 1.000000 1.000000 1.000000 0.565126 0.281200 0.281200 0.281200 0.281200
101.2500 24.9199 7.26060 0.438483 0.346141 0.178861 73.611 77.188 1.000000 1.000000 1.000000 0.147572 0.113900 0.113900 0.113900 0.113900 0.113900 0.113900 0.113900 0.113900 0.113900 0.113900 0.113900
106.8750 24.9199 5.19659 0.412237 0.263517 0.104757 46.846 48.941 1.000000 0.910760 0.080000 0.080000 0.080000 0.080000 0.080000 0.080000 0.080000 0.080000 0.080000 0.080000 0.080000 0.080000 0.080000
112.5000 24.9199 6.98680 0.433606 0.333522 0.167939 57.138 60.497 1.000000 1.000000 0.224301 0.102200 0.102200 0.102200 0.102200 0.102200 0.102200 0.102200 0.102200 0.102200 0.102200 0.102200 0.102200
118.1250 24.9199 6.02817 0.421979 0.297771 0.134438 86.808 89.496 1.000000 1.000000 1.000000 1.000000 0.138778 0.117600 0.117600 0.117600 0.117600 0.117600 0.117600 0.117600 0.117600 0.117600 0.117600
123.7500 24.9199 7.35790 0.434501 0.339178 0.176800 236.919 240.455 1.000000 1.000000 1.000000 1.000000 1.000000 1.000000 1.000000 1.000000 1.000000 1.000000 1.000000 1.000000 1.000000 1.000000 0.590562
129.3750 24.9199 8.12180 0.443574 0.363650 0.201535 83.377 87.408 1.000000 1.000000 1.000000 0.631670 0.137400 0.137400 0.137400 0.137400 0.137400 0.137400 0.137400 0.137400 0.137400 0.137400 0.137400
135.0000 24.9199 6.39294 0.431081 0.321278 0.151784 23.512 25.054 0.507970 0.062800 0.062800 0.062800 0.062800 0.062800 0.062800 0.062800 0.062800 0.062800 0.062800 0.062800 0.062800 0.062800 0.062800
140.6250 24.9199 7.37589 0.439282 0.348851 0.182132 25.236 27.547 0.634492 0.062800 0.062800 0.062800 0.062800 0.062800 0.062800 0.062800 0.062800 0.062800 0.062800 0.062800 0.062800 0.062800 0.062800
146.2500 24.9199 7.97212 0.445169 0.365690 0.200432 31.892 35.900 1.000000 0.113409 0.062800 0.062800 0.062800 0.062800 0.062800 0.062800 0.062800 0.062800 0.062800 0.062800 0.062800 0.062800 0.062800
157.5000 24.9199 5.36200 0.428544 0.300021 0.122712 78.653 81.107 1.000000 1.000000 1.000000 0.745082 0.062800 0.062800 0.062800 0.062800 0.062800 0.062800 0.062800 0.062800 0.062800 0.062800 0.062800
163.1250 24.9199 5.82104 0.423267 0.297014 0.130355 134.015 136.622 1.000000 1.000000 1.000000 1.000000 1.000000 1.000000 1.000000 0.601690 0.062800 0.062800 0.062800 0.062800 0.062800 0.062800 0.062800
168.7500 24.9199 6.59068 0.432070 0.325812 0.157429 74.614 77.763 1.000000 1.000000 1.000000 0.740396 0.062800 0.062800 0.062800 0.062800 0.062800 0.062800 0.062800 0.062800 0.062800 0.062800 0.062800
174.3750 24.9199 6.73180 0.431652 0.326688 0.160277 149.144 152.350 1.000000 1.000000 1.000000 1.000000 1.000000 1.000000 1.000000 0.674416 0.184000 0.184000 0.184000 0.184000 0.184000 0.184000 0.184000
180.0000 24.9199 7.53756 0.435147 0.342189 0.181161 237.365 240.988 1.000000 1.000000 1.000000 1.000000 1.000000 1.000000 1.000000 1.000000 1.000000 1.000000 1.000000 1.000000 1.000000 1.000000 0.740629
-174.3750 24.9199 7.34594 0.432574 0.335289 0.174587 211.082 214.573 1.000000 1.000000 1.000000 1.000000 1.000000 1.000000 1.000000 1.000000 1.000000 1.000000 1.000000 1.000000 0.380837 0.377100 0.377100
-168.7500 24.9199 7.08227 0.433238 0.333831 0.169656 190.854 194.247 1.000000 1.000000 1.000000 1.000000 1.000000 1.000000 1.000000 1.000000 1.000000 1.000000 0.678609 0.236600 0.236600 0.236600 0.236600
-163.1250 24.9199 5.58015 0.418283 0.282895 0.119822 104.340 106.737 1.000000 1.000000 1.000000 1.000000 1.000000 0.833178 0.062800 0.062800 0.062800 0.062800 0.062800 0.062800 0.062800 0.062800 0.062800
-157.5000 24.9199 7.48874 0.439672 0.350678 0.184887 142.540 146.238 1.000000 1.000000 1.000000 1.000000 1.000000 1.000000 1.000000 0.705095 0.127500 0.127500 0.127500 0.127500 0.127500 0.127500 0.127500
-151.8750 24.9199 8.27044 0.447463 0.372409 0.208590 24.306 26.828 0.604502 0.062800 0.062800 0.062800 0.062800 0.062800 0.062800 0.062800 0.062800 0.062800 0.062800 0.062800 0.062800 0.062800 0.062800
-146.2500 24.9199 10.00494 0.458145 0.402349 0.249182 25.410 29.296 0.779758 0.062800 0.062800 0.062800 0.062800 0.062800 0.062800 0.062800 0.062800 0.062800 0.062800 0.062800 0.062800 0.062800 0.062800
-140.6250 24.9199 7.59080 0.436449 0.345232 0.183589 195.826 199.498 1.000000 1.000000 1.000000 1.000000 1.000000 1.000000 1.000000 1.000000 1.000000 1.000000 0.886364 0.307100 0.307100 0.307100 0.307100
-135.0000 24.9199 8.98257 0.440247 0.363265 0.213037 225.343 229.604 1.000000 1.000000 1.000000 1.000000 1.000000 1.000000 1.000000 1.000000 1.000000 1.000000 1.000000 1.000000 1.000000 1.000000 1.000000
-101.2500 24.9199 8.02923 0.443821 0.363440 0.200053 188.945 192.946 1.000000 1.000000 1.000000 1.000000 1.000000 1.000000 1.000000 1.000000 1.000000 1.000000 1.000000 0.375825 0.062800 0.062800 0.062800
-95.6250 24.9199 6.32699 0.429738 0.317666 0.148910 67.603 70.581 1.000000 1.000000 1.000000 0.309652 0.063300 0.063300 0.063300 0.063300 0.063300 0.063300 0.063300 0.063300 0.063300 0.063300 0.063300
-90.0000 24.9199 4.97386 0.410621 0.255503 0.097461 61.826 63.775 1.000000 1.000000 1.000000 0.221187 0.062800 0.062800 0.062800 0.062800 0.062800 0.062800 0.062800 0.062800 0.062800 0.062800 0.062800
-84.3750 24.9199 6.14279 0.425448 0.306411 0.140407 49.035 51.843 1.000000 0.943740 0.077700 0.077700 0.077700 0.077700 0.077700 0.077700 0.077700 0.077700 0.077700 0.077700 0.077700 0.077700 0.077700
-78.7500 24.9199 6.31658 0.427051 0.312110 0.146123 59.170 62.093 1.000000 1.000000 0.451144 0.092800 0.092800 0.092800 0.092800 0.092800 0.092800 0.092800 0.092800 0.092800 0.092800 0.092800 0.092800
-73.1250 24.9199 6.25761 0.427518 0.312222 0.145133 50.095 52.998 1.000000 0.941203 0.081300 0.081300 0.081300 0.081300 0.081300 0.081300 0.081300 0.081300 0.081300 0.081300 0.081300 0.081300 0.081300
-67.5000 24.9199 6.68556 0.430676 0.324177 0.158264 157.294 160.459 1.000000 1.000000 1.000000 1.000000 1.000000 1.000000 1.000000 1.000000 0.626086 0.142400 0.142400 0.142400 0.142400 0.142400 0.142400
-61.8750 24.9199 7.64068 0.433920 0.340775 0.181968 189.374 193.014 1.000000 1.000000 1.000000 1.000000 1.000000 1.000000 1.000000 1.000000 1.000000 0.659766 0.453000 0.453000 0.453000 0.453000 0.453000
-56.2500 24.9199 6.87149 0.429810 0.324687 0.161618 115.735 118.968 1.000000 1.000000 1.000000 0.877637 0.292700 0.292700 0.292700 0.292700 0.292700 0.292700 0.292700 0.292700 0.292700 0.292700 0.292700
-50.6250 24.9199 6.95452 0.429529 0.325101 0.163178 134.705 137.969 1.000000 1.000000 1.000000 1.000000 0.811083 0.350800 0.350800 0.350800 0.350800 0.350800 0.350800 0.350800 0.350800 0.350800 0.350800
-45.0000 24.9199 8.02360 0.431448 0.339545 0.186821 229.085 232.821 1.000000 1.000000 1.000000 1.000000 1.000000 1.000000 1.000000 1.000000 1.000000 1.000000 1.000000 1.000000 1.000000 1.000000 1.000000
-39.3750 24.9199 7.19210 0.429212 0.327148 0.167987 238.741 242.101 1.000000 1.000000 1.000000 1.000000 1.000000 1.000000 1.000000 1.000000 1.000000 1.000000 1.000000 1.000000 1.000000 1.000000 1.000000
-33.7500 24.9199 9.52886 0.448635 0.382150 0.231074 226.613 231.235 1.000000 1.000000 1.000000 1.000000 1.000000 1.000000 1.000000 1.000000 1.000000 1.000000 1.000000 1.000000 1.000000 1.000000 1.000000
-22.5000 24.9199 7.05981 0.437543 0.342223 0.173547 42.384 45.855 1.000000 0.696347 0.062800 0.062800 0.062800 0.062800 0.062800 0.062800 0.062800 0.062800 0.062800 0.062800 0.062800 0.062800 0.062800
11.2500 19.3822 6.66282 0.433356 0.329297 0.160371 137.406 140.613 1.000000 1.000000 1.000000 1.000000 1.000000 1.000000 1.000000 0.694473 0.062800 0.062800 0.062800 0.062800 0.062800 0.062800 0.062800
16.8750 19.3822 5.24951 0.412640 0.265405 0.106493 172.373 174.503 1.000000 1.000000 1.000000 1.000000 1.000000 1.000000 1.000000 1.000000 1.000000 1.000000 0.592666 0.063600 0.063600 0.063600 0.063600
22.5000 19.3822 7.44924 0.438153 0.347281 0.182476 192.489 196.138 1.000000 1.000000 1.000000 1.000000 1.000000 1.000000 1.000000 1.000000 1.000000 1.000000 0.926144 0.188400 0.188400 0.188400 0.188400
28.1250 19.3822 8.36138 0.440470 0.359390 0.202571 203.308 207.359 1.000000 1.000000 1.000000 1.000000 1.000000 1.000000 1.000000 1.000000 1.000000 1.000000 1.000000 0.887202 0.359100 0.359100 0.359100
33.7500 19.3822 7.01622 0.423632 0.314472 0.158802 233.504 236.680 1.000000 1.000000 1.000000 1.000000 1.000000 1.000000 1.000000 1.000000 1.000000 1.000000 1.000000 1.000000 1.000000 1.000000 1.000000
39.3750 19.3822 7.60108 0.430859 0.334524 0.178047 234.716 238.277 1.000000 1.000000 1.000000 1.000000 1.000000 1.000000 1.000000 1.000000 1.000000 1.000000 1.000000 1.000000 1.000000 1.000000 1.000000
45.0000 19.3822 8.04113 0.434517 0.345487 0.190339 232.722 236.529 1.000000 1.000000 1.000000 1.000000 1.000000 1.000000 1.000000 1.000000 1.000000 1.000000 1.000000 1.000000 1.000000 1.000000 1.000000
50.6250 19.3822 8.25067 0.447067 0.371486 0.207785 38.342 42.498 1.000000 0.525777 0.062800 0.062800 0.062800 0.062800 0.062800 0.062800 0.062800 0.062800 0.062800 0.062800 0.062800 0.062800 0.062800
56.2500 19.3822 10.51403 0.462368 0.412221 0.261288 53.316 58.542 1.000000 1.000000 0.778821 0.062800 0.062800 0.062800 0.062800 0.062800 0.062800 0.062800 0.062800 0.062800 0.062800 0.062800 0.062800
78.7500 19.3822 7.17963 0.438246 0.344864 0.176879 50.082 53.620 1.000000 1.000000 0.227747 0.062800 0.062800 0.062800 0.062800 0.062800 0.062800 0.062800 0.062800 0.062800 0.062800 0.062800 0.062800
84.3750 19.3822 8.26175 0.447083 0.371596 0.208008 42.347 46.508 1.000000 0.772260 0.062800 0.062800 0.062800 0.062800 0.062800 0.062800 0.062800 0.062800 0.062800 0.062800 0.062800 0.062800 0.062800
90.0000 19.3822 8.76676 0.440413 0.362147 0.209609 228.807 232.999 1.000000 1.000000 1.000000 1.000000 1.000000 1.000000 1.000000 1.000000 1.000000 1.000000 1.000000 1.000000 1.000000 1.000000 1.000000
95.6250 19.3822 8.54457 0.434572 0.349631 0.199508 225.185 229.175 1.000000 1.000000 1.000000 1.000000 1.000000 1.000000 1.000000 1.000000 1.000000 1.000000 1.000000 1.000000 1.000000 1.000000 1.000000
101.2500 19.3822 7.54912 0.428670 0.329851 0.174799 232.578 236.074 1.000000 1.000000 1.000000 1.000000 1.000000 1.000000 1.000000 1.000000 1.000000 1.000000 1.000000 1.000000 1.000000 1.000000 1.000000
106.8750 19.3822 7.54765 0.432455 0.337063 0.178599 161.851 165.423 1.000000 1.000000 1.000000 1.000000 1.000000 0.663314 0.505600 0.505600 0.505600 0.505600 0.505600 0.505600 0.505600 0.505600 0.505600
112.5000 19.3822 7.88398 0.434816 0.344702 0.187663 194.653 198.406 1.000000 1.000000 1.000000 1.000000 1.000000 1.000000 1.000000 1.000000 1.000000 1.000000 0.482374 0.478200 0.478200 0.478200 0.478200
118.1250 19.3822 8.30340 0.441406 0.360766 0.202534 198.144 202.195 1.000000 1.000000 1.000000 1.000000 1.000000 1.000000 1.000000 1.000000 1.000000 1.000000 0.723249 0.449800 0.449800 0.449800 0.449800
123.7500 19.3822 8.92236 0.438634 0.359867 0.210285 203.952 208.158 1.000000 1.000000 1.000000 1.000000 1.000000 1.000000 1.000000 1.000000 1.000000 1.000000 0.762838 0.718000 0.718000 0.718000 0.718000
129.3750 19.3822 11.26997 0.466181 0.421586 0.275523 21.973 25.417 0.625120 0.062800 0.062800 0.062800 0.062800 0.062800 0.062800 0.062800 0.062800 0.062800 0.062800 0.062800 0.062800 0.062800 0.062800
157.5000 19.3822 5.77839 0.424737 0.299287 0.130557 128.027 130.638 1.000000 1.000000 1.000000 1.000000 1.000000 1.000000 1.000000 0.148085 0.062800 0.062800 0.062800 0.062800 0.062800 0.062800 0.062800
163.1250 19.3822 6.18768 0.425785 0.307743 0.141818 134.761 137.597 1.000000 1.000000 1.000000 1.000000 1.000000 1.000000 1.000000 0.568098 0.079100 0.079100 0.079100 0.079100 0.079100 0.079100 0.079100
168.7500 19.3822 5.94148 0.420528 0.293531 0.130995 167.907 170.527 1.000000 1.000000 1.000000 1.000000 1.000000 1.000000 1.000000 1.000000 1.000000 0.456953 0.174700 0.174700 0.174700 0.174700 0.174700
174.3750 19.3822 7.12499 0.426573 0.321332 0.163968 236.046 239.325 1.000000 1.000000 1.000000 1.000000 1.000000 1.000000 1.000000 1.000000 1.000000 1.000000 1.000000 1.000000 1.000000 1.000000 1.000000
180.0000 19.3822 8.65025 0.438291 0.357347 0.205313 228.051 232.157 1.000000 1.000000 1.000000 1.000000 1.000000 1.000000 1.000000 1.000000 1.000000 1.000000 1.000000 1.000000 1.000000 1.000000 1.000000
-174.3750 19.3822 7.38932 0.432942 0.336445 0.175862 240.874 244.392 1.000000 1.000000 1.000000 1.000000 1.000000 1.000000 1.000000 1.000000 1.000000 1.000000 1.000000 1.000000 1.000000 1.000000 1.000000
-168.7500 19.3822 6.69709 0.428666 0.320323 0.156576 245.621 248.753 1.000000 1.000000 1.000000 1.000000 1.000000 1.000000 1.000000 1.000000 1.000000 1.000000 1.000000 1.000000 1.000000 1.000000 1.000000
-163.1250 19.3822 6.64141 0.431437 0.325160 0.157989 178.331 181.491 1.000000 1.000000 1.000000 1.000000 1.000000 1.000000 1.000000 1.000000 1.000000 0.954558 0.142600 0.142600 0.142600 0.142600 0.142600
-157.5000 19.3822 6.76411 0.433502 0.330792 0.162844 43.759 47.016 1.000000 0.789130 0.062800 0.062800 0.062800 0.062800 0.062800 0.062800 0.062800 0.062800 0.062800 0.062800 0.062800 0.062800 0.062800
-151.8750 19.3822 13.31361 0.473823 0.439472 0.306590 15.668 17.507 0.299912 0.062800 0.062800 0.062800 0.062800 0.062800 0.062800 0.062800 0.062800 0.062800 0.062800 0.062800 0.062800 0.062800 0.062800
-140.6250 19.3822 7.49125 0.441607 0.354589 0.186989 24.160 26.263 0.562328 0.062800 0.062800 0.062800 0.062800 0.062800 0.062800 0.062800 0.062800 0.062800 0.062800 0.062800 0.062800 0.062800 0.062800
-135.0000 19.3822 7.92727 0.441864 0.358773 0.195973 38.497 42.416 1.000000 0.548270 0.062800 0.062800 0.062800 0.062800 0.062800 0.062800 0.062800 0.062800 0.062800 0.062800 0.062800 0.062800 0.062800
-101.2500 19.3822 10.94123 0.465172 0.418813 0.270235 114.839 120.244 1.000000 1.000000 1.000000 1.000000 1.000000 1.000000 1.000000 0.289602 0.062800 0.062800 0.062800 0.062800 0.062800 0.062800 0.062800
-95.6250 19.3822 9.31641 0.452632 0.388686 0.232346 77.673 82.320 1.000000 1.000000 1.000000 1.000000 0.340211 0.062800 0.062800 0.062800 0.062800 0.062800 0.062800 0.062800 0.062800 0.062800 0.062800
-90.0000 19.3822 7.87600 0.442242 0.359110 0.195387 70.754 74.661 1.000000 1.000000 1.000000 0.630743 0.062800 0.062800 0.062800 0.062800 0.062800 0.062800 0.062800 0.062800 0.062800 0.062800 0.062800
-84.3750 19.3822 6.78440 0.424435 0.313167 0.154494 238.009 241.099 1.000000 1.000000 1.000000 1.000000 1.000000 1.000000 1.000000 1.000000 1.000000 1.000000 1.000000 1.000000 1.000000 1.000000 1.000000
-78.7500 19.3822 7.11654 0.435269 0.338237 0.172457 82.485 85.934 1.000000 1.000000 1.000000 0.397024 0.143500 0.143500 0.143500 0.143500 0.143500 0.143500 0.143500 0.143500 0.143500 0.143500 0.143500
-73.1250 19.3822 7.66441 0.440671 0.354227 0.189518 97.275 101.065 1.000000 1.000000 1.000000 0.522187 0.216700 0.216700 0.216700 0.216700 0.216700 0.216700 0.216700 0.216700 0.216700 0.216700 0.216700
-67.5000 19.3822 7.93012 0.438732 0.352657 0.192674 169.227 173.081 1.000000 1.000000 1.000000 1.000000 1.000000 0.874444 0.522600 0.522600 0.522600 0.522600 0.522600 0.522600 0.522600 0.522600 0.522600
-61.8750 19.3822 7.54918 0.439901 0.351680 0.186368 133.052 136.780 1.000000 1.000000 1.000000 1.000000 0.475557 0.357300 0.357300 0.357300 0.357300 0.357300 0.357300 0.357300 0.357300 0.357300 0.357300
-56.2500 19.3822 6.70194 0.433949 0.330966 0.161862 49.149 52.386 1.000000 0.385432 0.117000 0.117000 0.117000 0.117000 0.117000 0.117000 0.117000 0.117000 0.117000 0.117000 0.117000 0.117000 0.117000
-50.6250 19.3822 7.72757 0.429491 0.333152 0.179157 230.994 234.577 1.000000 1.000000 1.000000 1.000000 1.000000 1.000000 1.000000 1.000000 1.000000 1.000000 1.000000 1.000000 1.000000 1.000000 1.000000
-45.0000 19.3822 9.10491 0.437661 0.359280 0.212216 220.596 224.840 1.000000 1.000000 1.000000 1.000000 1.000000 1.000000 1.000000 1.000000 1.000000 1.000000 1.000000 1.000000 1.000000 1.000000 1.000000
-39.3750 19.3822 6.77785 0.435525 0.335055 0.165179 40.329 43.633 1.000000 0.557642 0.062800 0.062800 0.062800 0.062800 0.062800 0.062800 0.062800 0.062800 0.062800 0.062800 0.062800 0.062800 0.062800
5.6250 13.8445 13.31361 0.473823 0.439472 0.306590 24.099 29.829 0.934396 0.062800 0.062800 0.062800 0.062800 0.062800 0.062800 0.062800 0.062800 0.062800 0.062800 0.062800 0.062800 0.062800 0.062800
11.2500 13.8445 9.16226 0.452111 0.386886 0.229276 73.163 77.749 1.000000 1.000000 1.000000 0.951266 0.062800 0.062800 0.062800 0.062800 0.062800 0.062800 0.062800 0.062800 0.062800 0.062800 0.062800
16.8750 13.8445 7.39140 0.426458 0.324042 0.169410 231.948 235.337 1.000000 1.000000 1.000000 1.000000 1.000000 1.000000 1.000000 1.000000 1.000000 1.000000 1.000000 1.000000 1.000000 1.000000 1.000000
22.5000 13.8445 8.18007 0.434561 0.346729 0.192967 230.643 234.503 1.000000 1.000000 1.000000 1.000000 1.000000 1.000000 1.000000 1.000000 1.000000 1.000000 1.000000 1.000000 1.000000 1.000000 1.000000
28.1250 13.8445 8.09186 0.431643 0.340506 0.188297 228.314 232.080 1.000000 1.000000 1.000000 1.000000 1.000000 1.000000 1.000000 1.000000 1.000000 1.000000 1.000000 1.000000 1.000000 1.000000 1.000000
33.7500 13.8445 9.87399 0.438732 0.365848 0.225141 211.060 215.563 1.000000 1.000000 1.000000 1.000000 1.000000 1.000000 1.000000 1.000000 1.000000 1.000000 1.000000 1.000000 1.000000 1.000000 1.000000
39.3750 13.8445 7.25107 0.437706 0.344486 0.177852 29.268 32.388 0.877227 0.062800 0.062800 0.062800 0.062800 0.062800 0.062800 0.062800 0.062800 0.062800 0.062800 0.062800 0.062800 0.062800 0.062800
45.0000 13.8445 4.27080 0.421383 0.260076 0.084651 35.761 37.454 1.000000 0.222124 0.062800 0.062800 0.062800 0.062800 0.062800 0.062800 0.062800 0.062800 0.062800 0.062800 0.062800 0.062800 0.062800
50.6250 13.8445 4.45927 0.422466 0.267422 0.091270 47.267 49.092 1.000000 0.866918 0.062800 0.062800 0.062800 0.062800 0.062800 0.062800 0.062800 0.062800 0.062800 0.062800 0.062800 0.062800 0.062800
84.3750 13.8445 13.30724 0.473795 0.439413 0.306497 16.843 19.222 0.388008 0.062800 0.062800 0.062800 0.062800 0.062800 0.062800 0.062800 0.062800 0.062800 0.062800 0.062800 0.062800 0.062800 0.062800
90.0000 13.8445 9.36470 0.447110 0.378406 0.226802 227.407 231.943 1.000000 1.000000 1.000000 1.000000 1.000000 1.000000 1.000000 1.000000 1.000000 1.000000 1.000000 1.000000 1.000000 1.000000 1.000000
95.6250 13.8445 9.89064 0.444372 0.376114 0.231648 216.699 221.332 1.000000 1.000000 1.000000 1.000000 1.000000 1.000000 1.000000 1.000000 1.000000 1.000000 1.000000 1.000000 1.000000 1.000000 1.000000
101.2500 13.8445 7.41352 0.433941 0.338634 0.177381 241.879 245.427 1.000000 1.000000 1.000000 1.000000 1.000000 1.000000 1.000000 1.000000 1.000000 1.000000 1.000000 1.000000 1.000000 1.000000 1.000000
106.8750 13.8445 7.65063 0.430414 0.334158 0.178580 232.929 236.500 1.000000 1.000000 1.000000 1.000000 1.000000 1.000000 1.000000 1.000000 1.000000 1.000000 1.000000 1.000000 1.000000 1.000000 0.971813
112.5000 13.8445 8.16202 0.436473 0.350207 0.194650 233.335 237.228 1.000000 1.000000 1.000000 1.000000 1.000000 1.000000 1.000000 1.000000 1.000000 1.000000 1.000000 1.000000 1.000000 1.000000 1.000000
118.1250 13.8445 8.91947 0.438013 0.358696 0.209564 203.246 207.437 1.000000 1.000000 1.000000 1.000000 1.000000 1.000000 1.000000 1.000000 1.000000 1.000000 0.851430 0.694300 0.694300 0.694300 0.694300
123.7500 13.8445 8.39324 0.430905 0.341665 0.193000 208.887 212.747 1.000000 1.000000 1.000000 1.000000 1.000000 1.000000 1.000000 1.000000 1.000000 1.000000 0.919636 0.782800 0.782800 0.782800 0.782800
163.1250 13.8445 7.99850 0.434503 0.345097 0.189521 233.365 237.155 1.000000 1.000000 1.000000 1.000000 1.000000 1.000000 1.000000 1.000000 1.000000 1.000000 1.000000 1.000000 1.000000 1.000000 1.000000
168.7500 13.8445 7.86192 0.427362 0.330455 0.179600 226.283 229.875 1.000000 1.000000 1.000000 1.000000 1.000000 1.000000 1.000000 1.000000 1.000000 1.000000 1.000000 1.000000 1.000000 1.000000 1.000000
174.3750 13.8445 7.97941 0.428455 0.333573 0.182929 225.965 229.624 1.000000 1.000000 1.000000 1.000000 1.000000 1.000000 1.000000 1.000000 1.000000 1.000000 1.000000 1.000000 1.000000 1.000000 1.000000
180.0000 13.8445 8.63720 0.443316 0.366792 0.210563 234.343 238.554 1.000000 1.000000 1.000000 1.000000 1.000000 1.000000 1.000000 1.000000 1.000000 1.000000 1.000000 1.000000 1.000000 1.000000 1.000000
-174.3750 13.8445 11.05464 0.462093 0.413386 0.267934 28.424 33.782 1.000000 0.137776 0.062800 0.062800 0.062800 0.062800 0.062800 0.062800 0.062800 0.062800 0.062800 0.062800 0.062800 0.062800 0.062800
-168.7500 13.8445 6.85861 0.435663 0.336245 0.167152 30.334 33.392 0.914715 0.062800 0.062800 0.062800 0.062800 0.062800 0.062800 0.062800 0.062800 0.062800 0.062800 0.062800 0.062800 0.062800 0.062800
-163.1250 13.8445 7.69815 0.441704 0.356576 0.191299 85.350 89.176 1.000000 1.000000 1.000000 1.000000 0.536086 0.062800 0.062800 0.062800 0.062800 0.062800 0.062800 0.062800 0.062800 0.062800 0.062800
-157.5000 13.8445 7.77747 0.438920 0.351738 0.189906 27.681 30.839 0.831304 0.062800 0.062800 0.062800 0.062800 0.062800 0.062800 0.062800 0.062800 0.062800 0.062800 0.062800 0.062800 0.062800 0.062800
-151.8750 13.8445 9.23003 0.450581 0.384288 0.228613 24.834 28.108 0.716028 0.062800 0.062800 0.062800 0.062800 0.062800 0.062800 0.062800 0.062800 0.062800 0.062800 0.062800 0.062800 0.062800 0.062800
-146.2500 13.8445 7.29961 0.438277 0.346106 0.179475 28.658 31.676 0.840676 0.062800 0.062800 0.062800 0.062800 0.062800 0.062800 0.062800 0.062800 0.062800 0.062800 0.062800 0.062800 0.062800 0.062800
-140.6250 13.8445 10.00315 0.449830 0.386693 0.239466 220.841 225.630 1.000000 1.000000 1.000000 1.000000 1.000000 1.000000 1.000000 1.000000 1.000000 1.000000 1.000000 1.000000 1.000000 1.000000 1.000000
-135.0000 13.8445 9.09235 0.439932 0.363384 0.214484 223.350 227.640 1.000000 1.000000 1.000000 1.000000 1.000000 1.000000 1.000000 1.000000 1.000000 1.000000 1.000000 1.000000 1.000000 1.000000 1.000000
-129.3750 13.8445 10.35258 0.441214 0.372764 0.234604 207.240 211.932 1.000000 1.000000 1.000000 1.000000 1.000000 1.000000 1.000000 1.000000 1.000000 1.000000 1.000000 1.000000 1.000000 1.000000 1.000000
-123.7500 13.8445 12.66045 0.467128 0.426461 0.292038 201.634 207.475 1.000000 1.000000 1.000000 1.000000 1.000000 1.000000 1.000000 1.000000 1.000000 1.000000 1.000000 1.000000 1.000000 1.000000 1.000000
-90.0000 13.8445 10.93323 0.465119 0.418692 0.270070 61.275 66.676 1.000000 1.000000 1.000000 0.432057 0.062800 0.062800 0.062800 0.062800 0.062800 0.062800 0.062800 0.062800 0.062800 0.062800 0.062800
-84.3750 13.8445 8.09655 0.444319 0.364932 0.201874 26.363 29.341 0.737584 0.062800 0.062800 0.062800 0.062800 0.062800 0.062800 0.062800 0.062800 0.062800 0.062800 0.062800 0.062800 0.062800 0.062800
-78.7500 13.8445 9.47714 0.442079 0.369672 0.222916 220.133 224.591 1.000000 1.000000 1.000000 1.000000 1.000000 1.000000 1.000000 1.000000 1.000000 1.000000 1.000000 1.000000 1.000000 1.000000 1.000000
-73.1250 13.8445 8.64230 0.436768 0.354442 0.203540 226.352 230.423 1.000000 1.000000 1.000000 1.000000 1.000000 1.000000 1.000000 1.000000 1.000000 1.000000 1.000000 1.000000 1.000000 1.000000 1.000000
-67.5000 13.8445 8.09423 0.432765 0.342629 0.189504 201.420 205.210 1.000000 1.000000 1.000000 1.000000 1.000000 1.000000 1.000000 0.813639 0.762900 0.762900 0.762900 0.762900 0.762900 0.762900 0.762900
-61.8750 13.8445 8.25861 0.442610 0.362773 0.203025 172.271 176.332 1.000000 1.000000 1.000000 1.000000 0.952890 0.583100 0.583100 0.583100 0.583100 0.583100 0.583100 0.583100 0.583100 0.583100 0.583100
-56.2500 13.8445 7.74512 0.433317 0.340584 0.183411 216.612 220.280 1.000000 1.000000 1.000000 1.000000 1.000000 1.000000 1.000000 1.000000 1.000000 1.000000 1.000000 1.000000 0.628926 0.576400 0.576400
-50.6250 13.8445 8.56591 0.437205 0.354701 0.202684 228.026 232.079 1.000000 1.000000 1.000000 1.000000 1.000000 1.000000 1.000000 1.000000 1.000000 1.000000 1.000000 1.000000 1.000000 1.000000 1.000000
-45.0000 13.8445 5.70241 0.426115 0.300849 0.129796 38.958 41.554 1.000000 0.461110 0.062800 0.062800 0.062800 0.062800 0.062800 0.062800 0.062800 0.062800 0.062800 0.062800 0.062800 0.062800 0.062800
-39.3750 13.8445 4.79489 0.412542 0.255103 0.093870 44.307 46.184 1.000000 0.931584 0.062800 0.062800 0.062800 0.062800 0.062800 0.062800 0.062800 0.062800 0.062800 0.062800 0.062800 0.062800 0.062800
-22.5000 13.8445 9.06556 0.440694 0.364629 0.214884 208.646 212.943 1.000000 1.000000 1.000000 1.000000 1.000000 1.000000 1.000000 1.000000 1.000000 1.000000 0.978573 0.738700 0.738700 0.738700 0.738700
11.2500 8.3067 8.06418 0.442440 0.360981 0.199214 222.509 226.493 1.000000 1.000000 1.000000 1.000000 1.000000 1.000000 1.000000 1.000000 1.000000 1.000000 1.000000 1.000000 1.000000 0.636698 0.118200
16.8750 8.3067 10.23582 0.439720 0.369534 0.231346 207.282 211.909 1.000000 1.000000 1.000000 1.000000 1.000000 1.000000 1.000000 1.000000 1.000000 1.000000 1.000000 1.000000 1.000000 1.000000 1.000000
22.5000 8.3067 8.20240 0.426459 0.331916 0.185018 220.347 224.048 1.000000 1.000000 1.000000 1.000000 1.000000 1.000000 1.000000 1.000000 1.000000 1.000000 1.000000 1.000000 1.000000 1.000000 1.000000
28.1250 8.3067 6.18476 0.416187 0.289012 0.133137 233.811 236.474 1.000000 1.000000 1.000000 1.000000 1.000000 1.000000 1.000000 1.000000 1.000000 1.000000 1.000000 1.000000 1.000000 1.000000 1.000000
33.7500 8.3067 5.91037 0.428208 0.308503 0.137094 50.396 53.138 1.000000 1.000000 0.186510 0.062800 0.062800 0.062800 0.062800 0.062800 0.062800 0.062800 0.062800 0.062800 0.062800 0.062800 0.062800
56.2500 8.3067 4.27080 0.421383 0.260076 0.084651 59.567 61.260 1.000000 1.000000 0.641990 0.062800 0.062800 0.062800 0.062800 0.062800 0.062800 0.062800 0.062800 0.062800 0.062800 0.062800 0.062800
61.8750 8.3067 8.42402 0.445474 0.369533 0.209178 32.989 37.173 1.000000 0.240868 0.062800 0.062800 0.062800 0.062800 0.062800 0.062800 0.062800 0.062800 0.062800 0.062800 0.062800 0.062800 0.062800
67.5000 8.3067 9.33609 0.450745 0.385158 0.230487 27.979 32.264 0.929710 0.062800 0.062800 0.062800 0.062800 0.062800 0.062800 0.062800 0.062800 0.062800 0.062800 0.062800 0.062800 0.062800 0.062800
84.3750 8.3067 14.83277 0.472198 0.438679 0.317534 181.718 188.069 1.000000 1.000000 1.000000 1.000000 1.000000 1.000000 1.000000 1.000000 1.000000 1.000000 1.000000 1.000000 1.000000 1.000000 1.000000
90.0000 8.3067 15.10199 0.471920 0.438541 0.319268 178.910 185.295 1.000000 1.000000 1.000000 1.000000 1.000000 1.000000 1.000000 1.000000 1.000000 1.000000 1.000000 1.000000 1.000000 1.000000 1.000000
95.6250 8.3067 12.25612 0.454238 0.402852 0.272446 195.609 201.058 1.000000 1.000000 1.000000 1.000000 1.000000 1.000000 1.000000 1.000000 1.000000 1.000000 1.000000 1.000000 1.000000 1.000000 1.000000
101.2500 8.3067 7.59037 0.423549 0.320713 0.170544 225.253 228.664 1.000000 1.000000 1.000000 1.000000 1.000000 1.000000 1.000000 1.000000 1.000000 1.000000 1.000000 1.000000 1.000000 1.000000 1.000000
106.8750 8.3067 7.04260 0.424170 0.315803 0.159883 233.879 237.077 1.000000 1.000000 1.000000 1.000000 1.000000 1.000000 1.000000 1.000000 1.000000 1.000000 1.000000 1.000000 1.000000 1.000000 1.000000
112.5000 8.3067 9.20853 0.439658 0.363610 0.216050 221.341 225.662 1.000000 1.000000 1.000000 1.000000 1.000000 1.000000 1.000000 1.000000 1.000000 1.000000 1.000000 1.000000 1.000000 1.000000 1.000000
140.6250 8.3067 13.31361 0.473823 0.439472 0.306590 17.088 19.582 0.406752 0.062800 0.062800 0.062800 0.062800 0.062800 0.062800 0.062800 0.062800 0.062800 0.062800 0.062800 0.062800 0.062800 0.062800
163.1250 8.3067 7.23637 0.437470 0.343866 0.177293 32.739 36.284 1.000000 0.149022 0.062800 0.062800 0.062800 0.062800 0.062800 0.062800 0.062800 0.062800 0.062800 0.062800 0.062800 0.062800 0.062800
168.7500 8.3067 10.79310 0.443601 0.379025 0.243096 203.894 208.756 1.000000 1.000000 1.000000 1.000000 1.000000 1.000000 1.000000 1.000000 1.000000 1.000000 1.000000 1.000000 1.000000 1.000000 1.000000
174.3750 8.3067 9.14855 0.427697 0.341683 0.202329 209.031 213.077 1.000000 1.000000 1.000000 1.000000 1.000000 1.000000 1.000000 1.000000 1.000000 1.000000 1.000000 1.000000 1.000000 1.000000 1.000000
180.0000 8.3067 10.55377 0.443837 0.378366 0.240241 207.187 211.992 1.000000 1.000000 1.000000 1.000000 1.000000 1.000000 1.000000 1.000000 1.000000 1.000000 1.000000 1.000000 1.000000 1.000000 1.000000
-174.3750 8.3067 13.01470 0.472744 0.437101 0.302425 16.662 18.828 0.358018 0.062800 0.062800 0.062800 0.062800 0.062800 0.062800 0.062800 0.062800 0.062800 0.062800 0.062800 0.062800 0.062800 0.062800
-163.1250 8.3067 10.02783 0.446575 0.380819 0.236107 215.942 220.664 1.000000 1.000000 1.000000 1.000000 1.000000 1.000000 1.000000 1.000000 1.000000 1.000000 1.000000 1.000000 0.994940 0.963600 0.963600
-157.5000 8.3067 10.22155 0.441180 0.372051 0.232770 208.922 213.577 1.000000 1.000000 1.000000 1.000000 1.000000 1.000000 1.000000 1.000000 1.000000 1.000000 1.000000 1.000000 1.000000 1.000000 1.000000
-151.8750 8.3067 8.44362 0.433840 0.347493 0.196962 225.796 229.735 1.000000 1.000000 1.000000 1.000000 1.000000 1.000000 1.000000 1.000000 1.000000 1.000000 1.000000 1.000000 1.000000 1.000000 1.000000
-146.2500 8.3067 8.77315 0.438957 0.359456 0.208135 226.983 231.145 1.000000 1.000000 1.000000 1.000000 1.000000 1.000000 1.000000 1.000000 1.000000 1.000000 1.000000 1.000000 1.000000 1.000000 1.000000
-140.6250 8.3067 8.88603 0.437121 0.356819 0.208046 223.159 227.319 1.000000 1.000000 1.000000 1.000000 1.000000 1.000000 1.000000 1.000000 1.000000 1.000000 1.000000 1.000000 1.000000 1.000000 1.000000
-135.0000 8.3067 8.78786 0.429489 0.342200 0.198324 215.814 219.780 1.000000 1.000000 1.000000 1.000000 1.000000 1.000000 1.000000 1.000000 1.000000 1.000000 1.000000 1.000000 1.000000 1.000000 1.000000
-129.3750 8.3067 10.44696 0.441077 0.372983 0.235726 205.886 210.600 1.000000 1.000000 1.000000 1.000000 1.000000 1.000000 1.000000 1.000000 1.000000 1.000000 1.000000 1.000000 1.000000 1.000000 1.000000
-123.7500 8.3067 11.41653 0.447426 0.388249 0.255125 199.686 204.788 1.000000 1.000000 1.000000 1.000000 1.000000 1.000000 1.000000 1.000000 1.000000 1.000000 1.000000 1.000000 1.000000 1.000000 1.000000
-90.0000 8.3067 7.65015 0.432428 0.337994 0.180623 236.057 239.669 1.000000 1.000000 1.000000 1.000000 1.000000 1.000000 1.000000 1.000000 1.000000 1.000000 1.000000 1.000000 1.000000 1.000000 1.000000
-84.3750 8.3067 10.89955 0.448431 0.388012 0.249942 207.106 212.104 1.000000 1.000000 1.000000 1.000000 1.000000 1.000000 1.000000 1.000000 1.000000 1.000000 1.000000 1.000000 1.000000 1.000000 1.000000
-78.7500 8.3067 11.20746 0.449289 0.390730 0.254752 203.967 209.062 1.000000 1.000000 1.000000 1.000000 1.000000 1.000000 1.000000 1.000000 1.000000 1.000000 1.000000 1.000000 1.000000 1.000000 1.000000
-73.1250 8.3067 10.63370 0.445076 0.380924 0.242693 207.347 212.201 1.000000 1.000000 1.000000 1.000000 1.000000 1.000000 1.000000 1.000000 1.000000 1.000000 1.000000 1.000000 1.000000 1.000000 1.000000
-67.5000 8.3067 7.57384 0.426928 0.326821 0.173553 209.119 212.590 1.000000 1.000000 1.000000 1.000000 1.000000 1.000000 1.000000 1.000000 1.000000 1.000000 1.000000 0.682280 0.653900 0.653900 0.653900
-61.8750 8.3067 8.12525 0.438486 0.353767 0.196107 181.283 185.205 1.000000 1.000000 1.000000 1.000000 0.898340 0.660000 0.660000 0.660000 0.660000 0.660000 0.660000 0.660000 0.660000 0.660000 0.660000
-56.2500 8.3067 7.41658 0.428668 0.328494 0.172116 234.567 238.010 1.000000 1.000000 1.000000 1.000000 1.000000 1.000000 1.000000 1.000000 1.000000 1.000000 1.000000 1.000000 1.000000 1.000000 1.000000
-50.6250 8.3067 7.74243 0.433537 0.340982 0.183585 236.094 239.766 1.000000 1.000000 1.000000 1.000000 1.000000 1.000000 1.000000 1.000000 1.000000 1.000000 1.000000 1.000000 1.000000 1.000000 1.000000
-28.1250 8.3067 10.52633 0.445785 0.381711 0.242078 209.449 214.291 1.000000 1.000000 1.000000 1.000000 1.000000 1.000000 1.000000 1.000000 1.000000 1.000000 1.000000 1.000000 1.000000 1.000000 1.000000
-22.5000 8.3067 11.31892 0.445287 0.384157 0.251524 198.950 203.980 1.000000 1.000000 1.000000 1.000000 1.000000 1.000000 1.000000 1.000000 1.000000 1.000000 1.000000 1.000000 1.000000 1.000000 1.000000
-16.8750 8.3067 11.10405 0.447392 0.386988 0.251310 203.518 208.544 1.000000 1.000000 1.000000 1.000000 1.000000 1.000000 1.000000 1.000000 1.000000 1.000000 1.000000 1.000000 1.000000 1.000000 1.000000
-11.2500 8.3067 7.55617 0.438728 0.349409 0.185274 24.307 26.536 0.601690 0.062800 0.062800 0.062800 0.062800 0.062800 0.062800 0.062800 0.062800 0.062800 0.062800 0.062800 0.062800 0.062800 0.062800
-5.6250 8.3067 6.99244 0.436275 0.338946 0.170764 24.070 25.956 0.552018 0.062800 0.062800 0.062800 0.062800 0.062800 0.062800 0.062800 0.062800 0.062800 0.062800 0.062800 0.062800 0.062800 0.062800
0.0000 2.7689 10.64474 0.448061 0.386301 0.246234 210.101 215.026 1.000000 1.000000 1.000000 1.000000 1.000000 1.000000 1.000000 1.000000 1.000000 1.000000 1.000000 1.000000 1.000000 1.000000 1.000000
16.8750 2.7689 12.76154 0.455231 0.405955 0.278830 190.686 196.263 1.000000 1.000000 1.000000 1.000000 1.000000 1.000000 1.000000 1.000000 1.000000 1.000000 1.000000 1.000000 1.000000 1.000000 1.000000
22.5000 2.7689 10.74407 0.443545 0.378710 0.242402 204.462 209.310 1.000000 1.000000 1.000000 1.000000 1.000000 1.000000 1.000000 1.000000 1.000000 1.000000 1.000000 1.000000 1.000000 1.000000 1.000000
28.1250 2.7689 6.80077 0.421728 0.308206 0.152306 233.850 236.896 1.000000 1.000000 1.000000 1.000000 1.000000 1.000000 1.000000 1.000000 1.000000 1.000000 1.000000 1.000000 1.000000 1.000000 1.000000
33.7500 2.7689 6.51948 0.432723 0.326252 0.156394 35.072 38.200 1.000000 0.248366 0.062800 0.062800 0.062800 0.062800 0.062800 0.062800 0.062800 0.062800 0.062800 0.062800 0.062800 0.062800 0.062800
56.2500 2.7689 6.78596 0.436376 0.336886 0.166223 55.023 58.348 1.000000 1.000000 0.470482 0.062800 0.062800 0.062800 0.062800 0.062800 0.062800 0.062800 0.062800 0.062800 0.062800 0.062800 0.062800
61.8750 2.7689 8.17265 0.434036 0.345679 0.192280 230.098 233.944 1.000000 1.000000 1.000000 1.000000 1.000000 1.000000 1.000000 1.000000 1.000000 1.000000 1.000000 1.000000 1.000000 1.000000 1.000000
67.5000 2.7689 12.52195 0.459078 0.411976 0.280940 196.555 202.173 1.000000 1.000000 1.000000 1.000000 1.000000 1.000000 1.000000 1.000000 1.000000 1.000000 1.000000 1.000000 1.000000 1.000000 1.000000
95.6250 2.7689 11.97742 0.450029 0.394721 0.264529 195.288 200.579 1.000000 1.000000 1.000000 1.000000 1.000000 1.000000 1.000000 1.000000 1.000000 1.000000 1.000000 1.000000 1.000000 1.000000 1.000000
101.2500 2.7689 9.78557 0.433474 0.356027 0.218139 206.833 211.196 1.000000 1.000000 1.000000 1.000000 1.000000 1.000000 1.000000 1.000000 1.000000 1.000000 1.000000 1.000000 1.000000 1.000000 1.000000
106.8750 2.7689 8.92414 0.429768 0.343720 0.200871 214.273 218.290 1.000000 1.000000 1.000000 1.000000 1.000000 1.000000 1.000000 1.000000 1.000000 1.000000 1.000000 1.000000 1.000000 1.000000 1.000000
112.5000 2.7689 10.26062 0.441003 0.371932 0.233111 208.231 212.894 1.000000 1.000000 1.000000 1.000000 1.000000 1.000000 1.000000 1.000000 1.000000 1.000000 1.000000 1.000000 1.000000 1.000000 1.000000
140.6250 2.7689 14.43222 0.472300 0.438345 0.314459 185.830 192.119 1.000000 1.000000 1.000000 1.000000 1.000000 1.000000 1.000000 1.000000 1.000000 1.000000 1.000000 1.000000 1.000000 1.000000 1.000000
146.2500 2.7689 12.64761 0.454329 0.404108 0.276625 191.226 196.758 1.000000 1.000000 1.000000 1.000000 1.000000 1.000000 1.000000 1.000000 1.000000 1.000000 1.000000 1.000000 1.000000 1.000000 1.000000
151.8750 2.7689 11.72813 0.450031 0.393893 0.261738 198.233 203.468 1.000000 1.000000 1.000000 1.000000 1.000000 1.000000 1.000000 1.000000 1.000000 1.000000 1.000000 1.000000 1.000000 1.000000 1.000000
157.5000 2.7689 8.88175 0.443311 0.368377 0.214730 230.471 234.765 1.000000 1.000000 1.000000 1.000000 1.000000 1.000000 1.000000 1.000000 1.000000 1.000000 1.000000 1.000000 1.000000 1.000000 1.000000
163.1250 2.7689 10.94841 0.461102 0.411223 0.265414 24.271 28.440 0.785381 0.062800 0.062800 0.062800 0.062800 0.062800 0.062800 0.062800 0.062800 0.062800 0.062800 0.062800 0.062800 0.062800 0.062800
168.7500 2.7689 10.48662 0.444166 0.378643 0.239719 208.386 213.180 1.000000 1.000000 1.000000 1.000000 1.000000 1.000000 1.000000 1.000000 1.000000 1.000000 1.000000 1.000000 1.000000 1.000000 1.000000
174.3750 2.7689 11.23496 0.447369 0.387459 0.252884 201.862 206.920 1.000000 1.000000 1.000000 1.000000 1.000000 1.000000 1.000000 1.000000 1.000000 1.000000 1.000000 1.000000 1.000000 1.000000 1.000000
180.0000 2.7689 12.22460 0.452015 0.398921 0.269516 194.108 199.498 1.000000 1.000000 1.000000 1.000000 1.000000 1.000000 1.000000 1.000000 1.000000 1.000000 1.000000 1.000000 1.000000 1.000000 1.000000
-174.3750 2.7689 13.31041 0.473802 0.439430 0.306534 15.010 16.544 0.250240 0.062800 0.062800 0.062800 0.062800 0.062800 0.062800 0.062800 0.062800 0.062800 0.062800 0.062800 0.062800 0.062800 0.062800
-163.1250 2.7689 13.40983 0.460367 0.416256 0.291145 187.666 193.489 1.000000 1.000000 1.000000 1.000000 1.000000 1.000000 1.000000 1.000000 1.000000 1.000000 1.000000 1.000000 1.000000 1.000000 1.000000
-157.5000 2.7689 11.14260 0.443234 0.379883 0.247064 199.228 204.170 1.000000 1.000000 1.000000 1.000000 1.000000 1.000000 1.000000 1.000000 1.000000 1.000000 1.000000 1.000000 1.000000 1.000000 1.000000
-151.8750 2.7689 10.77197 0.443308 0.378417 0.242495 203.884 208.734 1.000000 1.000000 1.000000 1.000000 1.000000 1.000000 1.000000 1.000000 1.000000 1.000000 1.000000 1.000000 1.000000 1.000000 1.000000
-146.2500 2.7689 8.70921 0.436325 0.354101 0.204213 224.832 228.916 1.000000 1.000000 1.000000 1.000000 1.000000 1.000000 1.000000 1.000000 1.000000 1.000000 1.000000 1.000000 1.000000 1.000000 1.000000
-140.6250 2.7689 6.87546 0.435423 0.335947 0.167290 198.289 201.635 1.000000 1.000000 1.000000 1.000000 1.000000 1.000000 1.000000 1.000000 1.000000 1.000000 0.785012 0.243000 0.243000 0.243000 0.243000
-135.0000 2.7689 7.23957 0.428529 0.326350 0.168311 237.058 240.424 1.000000 1.000000 1.000000 1.000000 1.000000 1.000000 1.000000 1.000000 1.000000 1.000000 1.000000 1.000000 1.000000 1.000000 1.000000
-129.3750 2.7689 8.74335 0.432320 0.346986 0.200540 219.669 223.680 1.000000 1.000000 1.000000 1.000000 1.000000 1.000000 1.000000 1.000000 1.000000 1.000000 1.000000 1.000000 1.000000 1.000000 1.000000
-123.7500 2.7689 12.60290 0.458559 0.411277 0.281154 195.185 200.808 1.000000 1.000000 1.000000 1.000000 1.000000 1.000000 1.000000 1.000000 1.000000 1.000000 1.000000 1.000000 1.000000 1.000000 1.000000
-78.7500 2.7689 14.63023 0.466696 0.429151 0.309250 179.851 186.036 1.000000 1.000000 1.000000 1.000000 1.000000 1.000000 1.000000 1.000000 1.000000 1.000000 1.000000 1.000000 1.000000 1.000000 1.000000
-73.1250 2.7689 10.97231 0.444035 0.380560 0.245857 202.054 206.971 1.000000 1.000000 1.000000 1.000000 1.000000 1.000000 1.000000 1.000000 1.000000 1.000000 1.000000 1.000000 1.000000 1.000000 1.000000
-67.5000 2.7689 8.34835 0.430568 0.340678 0.191852 223.238 227.075 1.000000 1.000000 1.000000 1.000000 1.000000 1.000000 1.000000 1.000000 1.000000 1.000000 1.000000 1.000000 1.000000 1.000000 1.000000
-61.8750 2.7689 7.99901 0.432504 0.341316 0.187451 203.866 207.615 1.000000 1.000000 1.000000 1.000000 1.000000 1.000000 0.901706 0.793500 0.793500 0.793500 0.793500 0.793500 0.793500 0.793500 0.793500
-56.2500 2.7689 7.35339 0.426391 0.323508 0.168565 232.415 235.787 1.000000 1.000000 1.000000 1.000000 1.000000 1.000000 1.000000 1.000000 1.000000 1.000000 1.000000 1.000000 1.000000 1.000000 1.000000
-50.6250 2.7689 6.39359 0.432135 0.323440 0.152817 43.849 46.905 1.000000 0.753516 0.062800 0.062800 0.062800 0.062800 0.062800 0.062800 0.062800 0.062800 0.062800 0.062800 0.062800 0.062800 0.062800
-39.3750 2.7689 9.79422 0.454746 0.394985 0.242113 42.596 47.439 1.000000 0.970010 0.062800 0.062800 0.062800 0.062800 0.062800 0.062800 0.062800 0.062800 0.062800 0.062800 0.062800 0.062800 0.062800
-33.7500 2.7689 8.91033 0.439661 0.361699 0.211202 225.745 229.969 1.000000 1.000000 1.000000 1.000000 1.000000 1.000000 1.000000 1.000000 1.000000 1.000000 1.000000 1.000000 1.000000 1.000000 1.000000
-28.1250 2.7689 9.75367 0.432565 0.354239 0.216696 206.315 210.649 1.000000 1.000000 1.000000 1.000000 1.000000 1.000000 1.000000 1.000000 1.000000 1.000000 1.000000 1.000000 1.000000 1.000000 1.000000
-22.5000 2.7689 9.55895 0.429270 0.347253 0.210306 205.421 209.627 1.000000 1.000000 1.000000 1.000000 1.000000 1.000000 1.000000 1.000000 1.000000 1.000000 1.000000 1.000000 1.000000 1.000000 1.000000
-16.8750 2.7689 9.98426 0.437901 0.364979 0.225814 208.747 213.263 1.000000 1.000000 1.000000 1.000000 1.000000 1.000000 1.000000 1.000000 1.000000 1.000000 1.000000 1.000000 1.000000 1.000000 1.000000
-11.2500 2.7689 9.37797 0.439201 0.363817 0.218215 218.402 222.766 1.000000 1.000000 1.000000 1.000000 1.000000 1.000000 1.000000 1.000000 1.000000 1.000000 1.000000 1.000000 1.000000 1.000000 1.000000
-5.6250 2.7689 9.52690 0.439493 0.365236 0.220824 215.388 219.805 1.000000 1.000000 1.000000 1.000000 1.000000 1.000000 1.000000 1.000000 1.000000 1.000000 1.000000 1.000000 1.000000 1.000000 0.914862
0.0000 -2.7689 11.54161 0.452112 0.396900 0.261999 202.351 207.591 1.000000 1.000000 1.000000 1.000000 1.000000 1.000000 1.000000 1.000000 1.000000 1.000000 1.000000 1.000000 1.000000 1.000000 1.000000
5.6250 -2.7689 4.27080 0.421383 0.260076 0.084651 27.047 28.169 0.662608 0.062800 0.062800 0.062800 0.062800 0.062800 0.062800 0.062800 0.062800 0.062800 0.062800 0.062800 0.062800 0.062800 0.062800
11.2500 -2.7689 4.27080 0.421383 0.260076 0.084651 29.892 31.288 0.824744 0.062800 0.062800 0.062800 0.062800 0.062800 0.062800 0.062800 0.062800 0.062800 0.062800 0.062800 0.062800 0.062800 0.062800
16.8750 -2.7689 12.76993 0.455468 0.406382 0.279193 190.784 196.368 1.000000 1.000000 1.000000 1.000000 1.000000 1.000000 1.000000 1.000000 1.000000 1.000000 1.000000 1.000000 1.000000 1.000000 1.000000
22.5000 -2.7689 10.99302 0.444129 0.380812 0.246223 201.884 206.808 1.000000 1.000000 1.000000 1.000000 1.000000 1.000000 1.000000 1.000000 1.000000 1.000000 1.000000 1.000000 1.000000 1.000000 1.000000
28.1250 -2.7689 9.73857 0.439607 0.366661 0.224123 213.806 218.289 1.000000 1.000000 1.000000 1.000000 1.000000 1.000000 1.000000 1.000000 1.000000 1.000000 1.000000 1.000000 1.000000 1.000000 1.000000
50.6250 -2.7689 11.37266 0.452053 0.396217 0.259940 204.416 209.615 1.000000 1.000000 1.000000 1.000000 1.000000 1.000000 1.000000 1.000000 1.000000 1.000000 1.000000 1.000000 1.000000 1.000000 1.000000
56.2500 -2.7689 8.83347 0.434648 0.351899 0.204520 221.068 225.158 1.000000 1.000000 1.000000 1.000000 1.000000 1.000000 1.000000 1.000000 1.000000 1.000000 1.000000 1.000000 1.000000 1.000000 1.000000
61.8750 -2.7689 7.41196 0.419760 0.311843 0.163325 222.776 226.042 1.000000 1.000000 1.000000 1.000000 1.000000 1.000000 1.000000 1.000000 1.000000 1.000000 1.000000 1.000000 1.000000 1.000000 1.000000
67.5000 -2.7689 8.50786 0.432133 0.344841 0.196299 222.813 226.739 1.000000 1.000000 1.000000 1.000000 1.000000 1.000000 1.000000 1.000000 1.000000 1.000000 1.000000 1.000000 1.000000 1.000000 1.000000
73.1250 -2.7689 10.01190 0.443515 0.375178 0.232432 214.118 218.767 1.000000 1.000000 1.000000 1.000000 1.000000 1.000000 1.000000 1.000000 1.000000 1.000000 1.000000 1.000000 1.000000 1.000000 1.000000
95.6250 -2.7689 9.73213 0.440293 0.367862 0.224784 214.616 219.112 1.000000 1.000000 1.000000 1.000000 1.000000 1.000000 1.000000 1.000000 1.000000 1.000000 1.000000 1.000000 1.000000 1.000000 1.000000
101.2500 -2.7689 9.82677 0.432064 0.353808 0.217225 204.875 209.220 1.000000 1.000000 1.000000 1.000000 1.000000 1.000000 1.000000 1.000000 1.000000 1.000000 1.000000 1.000000 1.000000 1.000000 1.000000
106.8750 -2.7689 9.29097 0.429388 0.345661 0.206335 208.988 213.115 1.000000 1.000000 1.000000 1.000000 1.000000 1.000000 1.000000 1.000000 1.000000 1.000000 1.000000 1.000000 1.000000 1.000000 1.000000
112.5000 -2.7689 9.97599 0.439961 0.368600 0.227964 210.955 215.514 1.000000 1.000000 1.000000 1.000000 1.000000 1.000000 1.000000 1.000000 1.000000 1.000000 1.000000 1.000000 1.000000 1.000000 1.000000
118.1250 -2.7689 11.73518 0.464571 0.419794 0.279017 211.165 216.746 1.000000 1.000000 1.000000 1.000000 1.000000 1.000000 1.000000 1.000000 1.000000 1.000000 1.000000 1.000000 1.000000 1.000000 1.000000
140.6250 -2.7689 10.57054 0.440572 0.372690 0.236808 203.823 208.560 1.000000 1.000000 1.000000 1.000000 1.000000 1.000000 1.000000 1.000000 1.000000 1.000000 1.000000 1.000000 1.000000 1.000000 1.000000
146.2500 -2.7689 10.06769 0.434822 0.360024 0.223637 204.581 209.054 1.000000 1.000000 1.000000 1.000000 1.000000 1.000000 1.000000 1.000000 1.000000 1.000000 1.000000 1.000000 1.000000 1.000000 1.000000
151.8750 -2.7689 9.00271 0.426628 0.338732 0.198887 209.768 213.746 1.000000 1.000000 1.000000 1.000000 1.000000 1.000000 1.000000 1.000000 1.000000 1.000000 1.000000 1.000000 1.000000 1.000000 1.000000
157.5000 -2.7689 10.04933 0.444055 0.376343 0.233570 214.159 218.830 1.000000 1.000000 1.000000 1.000000 1.000000 1.000000 1.000000 1.000000 1.000000 1.000000 1.000000 1.000000 1.000000 1.000000 1.000000
163.1250 -2.7689 12.11949 0.464250 0.420144 0.282890 205.880 211.538 1.000000 1.000000 1.000000 1.000000 1.000000 1.000000 1.000000 1.000000 1.000000 1.000000 1.000000 1.000000 1.000000 1.000000 1.000000
168.7500 -2.7689 13.31361 0.473823 0.439472 0.306590 16.864 19.254 0.389883 0.062800 0.062800 0.062800 0.062800 0.062800 0.062800 0.062800 0.062800 0.062800 0.062800 0.062800 0.062800 0.062800 0.062800
174.3750 -2.7689 7.36792 0.437003 0.344222 0.179588 31.277 34.869 1.000000 0.083418 0.062800 0.062800 0.062800 0.062800 0.062800 0.062800 0.062800 0.062800 0.062800 0.062800 0.062800 0.062800 0.062800
180.0000 -2.7689 11.38283 0.459108 0.408894 0.268357 172.126 177.493 1.000000 1.000000 1.000000 1.000000 1.000000 1.000000 1.000000 1.000000 1.000000 1.000000 0.996564 0.312800 0.312800 0.312800 0.312800
-174.3750 -2.7689 13.31361 0.473823 0.439472 0.306590 15.008 16.543 0.250240 0.062800 0.062800 0.062800 0.062800 0.062800 0.062800 0.062800 0.062800 0.062800 0.062800 0.062800 0.062800 0.062800 0.062800
-163.1250 -2.7689 11.32139 0.447950 0.388806 0.254591 201.322 206.414 1.000000 1.000000 1.000000 1.000000 1.000000 1.000000 1.000000 1.000000 1.000000 1.000000 1.000000 1.000000 1.000000 1.000000 1.000000
-157.5000 -2.7689 10.84054 0.440664 0.374109 0.240409 200.549 205.357 1.000000 1.000000 1.000000 1.000000 1.000000 1.000000 1.000000 1.000000 1.000000 1.000000 1.000000 1.000000 1.000000 1.000000 1.000000
-151.8750 -2.7689 10.39494 0.441100 0.372770 0.235051 206.578 211.279 1.000000 1.000000 1.000000 1.000000 1.000000 1.000000 1.000000 1.000000 1.000000 1.000000 1.000000 1.000000 1.000000 1.000000 1.000000
-146.2500 -2.7689 8.57742 0.436678 0.353800 0.202321 227.218 231.265 1.000000 1.000000 1.000000 1.000000 1.000000 1.000000 1.000000 1.000000 1.000000 1.000000 1.000000 1.000000 1.000000 1.000000 1.000000
-140.6250 -2.7689 8.20407 0.441440 0.360091 0.200747 239.015 243.030 1.000000 1.000000 1.000000 1.000000 1.000000 1.000000 1.000000 1.000000 1.000000 1.000000 1.000000 1.000000 1.000000 1.000000 1.000000
-135.0000 -2.7689 7.43283 0.428145 0.327668 0.171926 233.613 237.052 1.000000 1.000000 1.000000 1.000000 1.000000 1.000000 1.000000 1.000000 1.000000 1.000000 1.000000 1.000000 1.000000 1.000000 1.000000
-129.3750 -2.7689 7.40322 0.427572 0.326273 0.170753 233.280 236.695 1.000000 1.000000 1.000000 1.000000 1.000000 1.000000 1.000000 1.000000 1.000000 1.000000 1.000000 1.000000 1.000000 1.000000 1.000000
-123.7500 -2.7689 7.45509 0.440922 0.352882 0.185512 28.205 31.196 0.806000 0.062800 0.062800 0.062800 0.062800 0.062800 0.062800 0.062800 0.062800 0.062800 0.062800 0.062800 0.062800 0.062800 0.062800
-73.1250 -2.7689 9.99914 0.440463 0.369621 0.228850 211.157 215.734 1.000000 1.000000 1.000000 1.000000 1.000000 1.000000 1.000000 1.000000 1.000000 1.000000 1.000000 1.000000 1.000000 1.000000 1.000000
-67.5000 -2.7689 9.03250 0.436248 0.356210 0.209516 220.040 224.231 1.000000 1.000000 1.000000 1.000000 1.000000 1.000000 1.000000 1.000000 1.000000 1.000000 1.000000 1.000000 1.000000 1.000000 1.000000
-61.8750 -2.7689 8.81090 0.438155 0.358218 0.207904 225.472 229.630 1.000000 1.000000 1.000000 1.000000 1.000000 1.000000 1.000000 1.000000 1.000000 1.000000 1.000000 1.000000 1.000000 1.000000 1.000000
-56.2500 -2.7689 7.91857 0.435505 0.346324 0.189048 235.915 239.696 1.000000 1.000000 1.000000 1.000000 1.000000 1.000000 1.000000 1.000000 1.000000 1.000000 1.000000 1.000000 1.000000 1.000000 1.000000
-50.6250 -2.7689 6.79137 0.435950 0.336075 0.165916 35.373 38.691 1.000000 0.262424 0.062800 0.062800 0.062800 0.062800 0.062800 0.062800 0.062800 0.062800 0.062800 0.062800 0.062800 0.062800 0.062800
-45.0000 -2.7689 13.75127 0.473362 0.439273 0.309984 162.218 168.417 1.000000 1.000000 1.000000 1.000000 1.000000 1.000000 1.000000 1.000000 1.000000 1.000000 1.000000 0.612951 0.311300 0.311300 0.311300
-39.3750 -2.7689 11.72310 0.458106 0.408100 0.271131 205.454 210.877 1.000000 1.000000 1.000000 1.000000 1.000000 1.000000 1.000000 1.000000 1.000000 1.000000 1.000000 1.000000 1.000000 1.000000 1.000000
-33.7500 -2.7689 9.91195 0.440269 0.368807 0.227385 212.133 216.681 1.000000 1.000000 1.000000 1.000000 1.000000 1.000000 1.000000 1.000000 1.000000 1.000000 1.000000 1.000000 1.000000 1.000000 1.000000
-28.1250 -2.7689 9.04970 0.434680 0.353469 0.208114 218.033 222.195 1.000000 1.000000 1.000000 1.000000 1.000000 1.000000 1.000000 1.000000 1.000000 1.000000 1.000000 1.000000 1.000000 1.000000 1.000000
-22.5000 -2.7689 8.97110 0.437806 0.358660 0.210192 222.701 226.905 1.000000 1.000000 1.000000 1.000000 1.000000 1.000000 1.000000 1.000000 1.000000 1.000000 1.000000 1.000000 1.000000 1.000000 1.000000
-16.8750 -2.7689 8.39023 0.430227 0.340396 0.192244 222.228 226.073 1.000000 1.000000 1.000000 1.000000 1.000000 1.000000 1.000000 1.000000 1.000000 1.000000 1.000000 1.000000 1.000000 1.000000 1.000000
-11.2500 -2.7689 8.31298 0.425029 0.330303 0.185556 217.121 220.832 1.000000 1.000000 1.000000 1.000000 1.000000 1.000000 1.000000 1.000000 1.000000 1.000000 1.000000 1.000000 1.000000 1.000000 1.000000
-5.6250 -2.7689 10.08818 0.440039 0.369335 0.229642 209.539 214.132 1.000000 1.000000 1.000000 1.000000 1.000000 1.000000 1.000000 1.000000 1.000000 1.000000 1.000000 1.000000 1.000000 1.000000 1.000000
0.0000 -8.3067 8.38886 0.448996 0.376249 0.212473 26.203 29.265 0.720714 0.062800 0.062800 0.062800 0.062800 0.062800 0.062800 0.062800 0.062800 0.062800 0.062800 0.062800 0.062800 0.062800 0.062800
5.6250 -8.3067 4.27080 0.421383 0.260076 0.084651 28.938 30.242 0.770386 0.062800 0.062800 0.062800 0.062800 0.062800 0.062800 0.062800 0.062800 0.062800 0.062800 0.062800 0.062800 0.062800 0.062800
22.5000 -8.3067 10.18341 0.446279 0.381025 0.237966 214.589 219.348 1.000000 1.000000 1.000000 1.000000 1.000000 1.000000 1.000000 1.000000 1.000000 1.000000 1.000000 1.000000 1.000000 1.000000 1.000000
28.1250 -8.3067 8.35963 0.447110 0.372314 0.209831 41.011 45.207 1.000000 0.707594 0.062800 0.062800 0.062800 0.062800 0.062800 0.062800 0.062800 0.062800 0.062800 0.062800 0.062800 0.062800 0.062800
33.7500 -8.3067 12.78571 0.471899 0.435218 0.299142 17.881 20.483 0.434868 0.062800 0.062800 0.062800 0.062800 0.062800 0.062800 0.062800 0.062800 0.062800 0.062800 0.062800 0.062800 0.062800 0.062800
39.3750 -8.3067 8.86522 0.448929 0.379061 0.220735 24.114 26.956 0.643864 0.062800 0.062800 0.062800 0.062800 0.062800 0.062800 0.062800 0.062800 0.062800 0.062800 0.062800 0.062800 0.062800 0.062800
45.0000 -8.3067 9.83723 0.440003 0.367921 0.226007 212.872 217.392 1.000000 1.000000 1.000000 1.000000 1.000000 1.000000 1.000000 1.000000 1.000000 1.000000 1.000000 1.000000 1.000000 1.000000 1.000000
50.6250 -8.3067 9.55935 0.430954 0.350198 0.212094 207.156 211.398 1.000000 1.000000 1.000000 1.000000 1.000000 1.000000 1.000000 1.000000 1.000000 1.000000 1.000000 1.000000 1.000000 1.000000 1.000000
56.2500 -8.3067 8.12956 0.423349 0.325634 0.180568 217.598 221.210 1.000000 1.000000 1.000000 1.000000 1.000000 1.000000 1.000000 1.000000 1.000000 1.000000 1.000000 1.000000 1.000000 1.000000 1.000000
61.8750 -8.3067 7.42650 0.429629 0.330431 0.173280 201.925 205.391 1.000000 1.000000 1.000000 1.000000 1.000000 1.000000 1.000000 1.000000 1.000000 1.000000 0.571553 0.569400 0.569400 0.569400 0.569400
67.5000 -8.3067 7.45061 0.421624 0.315681 0.165891 224.685 228.002 1.000000 1.000000 1.000000 1.000000 1.000000 1.000000 1.000000 1.000000 1.000000 1.000000 1.000000 1.000000 1.000000 1.000000 1.000000
73.1250 -8.3067 9.05270 0.438341 0.360188 0.212107 222.121 226.364 1.000000 1.000000 1.000000 1.000000 1.000000 1.000000 1.000000 1.000000 1.000000 1.000000 1.000000 1.000000 1.000000 1.000000 1.000000
78.7500 -8.3067 10.94872 0.464983 0.418478 0.270100 29.121 34.523 1.000000 0.146211 0.062800 0.062800 0.062800 0.062800 0.062800 0.062800 0.062800 0.062800 0.062800 0.062800 0.062800 0.062800 0.062800
84.3750 -8.3067 13.31361 0.473823 0.439472 0.306590 15.643 17.471 0.298037 0.062800 0.062800 0.062800 0.062800 0.062800 0.062800 0.062800 0.062800 0.062800 0.062800 0.062800 0.062800 0.062800 0.062800
90.0000 -8.3067 13.31361 0.473823 0.439472 0.306590 24.037 29.738 0.929710 0.062800 0.062800 0.062800 0.062800 0.062800 0.062800 0.062800 0.062800 0.062800 0.062800 0.062800 0.062800 0.062800 0.062800
101.2500 -8.3067 6.22782 0.429101 0.315005 0.145891 59.453 62.371 1.000000 1.000000 0.761951 0.062800 0.062800 0.062800 0.062800 0.062800 0.062800 0.062800 0.062800 0.062800 0.062800 0.062800 0.062800
106.8750 -8.3067 8.23249 0.431740 0.341882 0.190981 226.352 230.171 1.000000 1.000000 1.000000 1.000000 1.000000 1.000000 1.000000 1.000000 1.000000 1.000000 1.000000 1.000000 1.000000 1.000000 1.000000
112.5000 -8.3067 8.61002 0.441653 0.363427 0.208266 232.741 236.906 1.000000 1.000000 1.000000 1.000000 1.000000 1.000000 1.000000 1.000000 1.000000 1.000000 1.000000 1.000000 1.000000 1.000000 1.000000
118.1250 -8.3067 9.22565 0.455230 0.393287 0.233909 54.850 59.528 1.000000 1.000000 0.687912 0.062800 0.062800 0.062800 0.062800 0.062800 0.062800 0.062800 0.062800 0.062800 0.062800 0.062800 0.062800
135.0000 -8.3067 11.04729 0.451893 0.394764 0.255791 208.459 213.575 1.000000 1.000000 1.000000 1.000000 1.000000 1.000000 1.000000 1.000000 1.000000 1.000000 1.000000 1.000000 1.000000 1.000000 1.000000
140.6250 -8.3067 10.69686 0.442857 0.377288 0.241017 204.407 209.227 1.000000 1.000000 1.000000 1.000000 1.000000 1.000000 1.000000 1.000000 1.000000 1.000000 1.000000 1.000000 1.000000 1.000000 1.000000
146.2500 -8.3067 10.55067 0.445357 0.381055 0.241916 208.708 213.546 1.000000 1.000000 1.000000 1.000000 1.000000 1.000000 1.000000 1.000000 1.000000 1.000000 1.000000 1.000000 1.000000 1.000000 1.000000
151.8750 -8.3067 10.63752 0.448377 0.386839 0.246501 210.507 215.437 1.000000 1.000000 1.000000 1.000000 1.000000 1.000000 1.000000 1.000000 1.000000 1.000000 1.000000 1.000000 1.000000 1.000000 1.000000
157.5000 -8.3067 10.62412 0.448009 0.386122 0.245904 210.326 215.244 1.000000 1.000000 1.000000 1.000000 1.000000 1.000000 1.000000 1.000000 1.000000 1.000000 1.000000 1.000000 1.000000 1.000000 1.000000
163.1250 -8.3067 10.92443 0.450498 0.391802 0.252636 208.749 213.802 1.000000 1.000000 1.000000 1.000000 1.000000 1.000000 1.000000 1.000000 1.000000 1.000000 1.000000 1.000000 1.000000 1.000000 1.000000
168.7500 -8.3067 11.18379 0.449288 0.390639 0.254462 204.265 209.354 1.000000 1.000000 1.000000 1.000000 1.000000 1.000000 1.000000 1.000000 1.000000 1.000000 1.000000 1.000000 1.000000 1.000000 1.000000
174.3750 -8.3067 9.72421 0.445506 0.377334 0.230480 220.281 224.891 1.000000 1.000000 1.000000 1.000000 1.000000 1.000000 1.000000 1.000000 1.000000 1.000000 1.000000 1.000000 1.000000 1.000000 1.000000
180.0000 -8.3067 6.93675 0.437548 0.340937 0.170824 33.881 37.297 1.000000 0.175264 0.062800 0.062800 0.062800 0.062800 0.062800 0.062800 0.062800 0.062800 0.062800 0.062800 0.062800 0.062800 0.062800
-174.3750 -8.3067 7.64947 0.438080 0.348967 0.186476 38.683 42.412 1.000000 0.564202 0.062800 0.062800 0.062800 0.062800 0.062800 0.062800 0.062800 0.062800 0.062800 0.062800 0.062800 0.062800 0.062800
-168.7500 -8.3067 13.31361 0.473823 0.439472 0.306590 18.184 21.184 0.489226 0.062800 0.062800 0.062800 0.062800 0.062800 0.062800 0.062800 0.062800 0.062800 0.062800 0.062800 0.062800 0.062800 0.062800
-151.8750 -8.3067 4.48406 0.422250 0.267585 0.091870 24.572 25.526 0.519216 0.062800 0.062800 0.062800 0.062800 0.062800 0.062800 0.062800 0.062800 0.062800 0.062800 0.062800 0.062800 0.062800 0.062800
-146.2500 -8.3067 6.76625 0.436009 0.335911 0.165401 29.821 32.698 0.869729 0.062800 0.062800 0.062800 0.062800 0.062800 0.062800 0.062800 0.062800 0.062800 0.062800 0.062800 0.062800 0.062800 0.062800
-140.6250 -8.3067 10.02685 0.445364 0.378606 0.234724 215.824 220.518 1.000000 1.000000 1.000000 1.000000 1.000000 1.000000 1.000000 1.000000 1.000000 1.000000 1.000000 1.000000 1.000000 1.000000 1.000000
-135.0000 -8.3067 9.78320 0.441314 0.369991 0.226667 214.985 219.519 1.000000 1.000000 1.000000 1.000000 1.000000 1.000000 1.000000 1.000000 1.000000 1.000000 1.000000 1.000000 1.000000 1.000000 1.000000
-129.3750 -8.3067 9.15770 0.436510 0.357519 0.211818 218.552 222.788 1.000000 1.000000 1.000000 1.000000 1.000000 1.000000 1.000000 1.000000 1.000000 1.000000 1.000000 1.000000 1.000000 1.000000 1.000000
-123.7500 -8.3067 8.19903 0.434573 0.346908 0.193329 230.369 234.236 1.000000 1.000000 1.000000 1.000000 1.000000 1.000000 1.000000 1.000000 1.000000 1.000000 1.000000 1.000000 1.000000 1.000000 1.000000
-118.1250 -8.3067 6.84601 0.434180 0.333102 0.165377 42.915 46.223 1.000000 0.742270 0.062800 0.062800 0.062800 0.062800 0.062800 0.062800 0.062800 0.062800 0.062800 0.062800 0.062800 0.062800 0.062800
-112.5000 -8.3067 8.62440 0.447713 0.375225 0.215227 48.631 52.935 1.000000 1.000000 0.285854 0.062800 0.062800 0.062800 0.062800 0.062800 0.062800 0.062800 0.062800 0.062800 0.062800 0.062800 0.062800
-67.5000 -8.3067 8.62542 0.450436 0.380588 0.218318 27.726 31.348 0.829430 0.062800 0.062800 0.062800 0.062800 0.062800 0.062800 0.062800 0.062800 0.062800 0.062800 0.062800 0.062800 0.062800 0.062800
-61.8750 -8.3067 7.13221 0.437458 0.342796 0.175040 47.829 51.329 1.000000 1.000000 0.097476 0.062800 0.062800 0.062800 0.062800 0.062800 0.062800 0.062800 0.062800 0.062800 0.062800 0.062800 0.062800
-56.2500 -8.3067 6.88372 0.438586 0.342498 0.170695 37.840 41.254 1.000000 0.386134 0.062800 0.062800 0.062800 0.062800 0.062800 0.062800 0.062800 0.062800 0.062800 0.062800 0.062800 0.062800 0.062800
-39.3750 -8.3067 10.27761 0.443817 0.377034 0.236491 210.814 215.544 1.000000 1.000000 1.000000 1.000000 1.000000 1.000000 1.000000 1.000000 1.000000 1.000000 1.000000 1.000000 1.000000 1.000000 1.000000
-33.7500 -8.3067 7.65652 0.423493 0.321293 0.171787 224.259 227.694 1.000000 1.000000 1.000000 1.000000 1.000000 1.000000 1.000000 1.000000 1.000000 1.000000 1.000000 1.000000 1.000000 1.000000 1.000000
-28.1250 -8.3067 7.79151 0.432123 0.338732 0.183087 233.468 237.130 1.000000 1.000000 1.000000 1.000000 1.000000 1.000000 1.000000 1.000000 1.000000 1.000000 1.000000 1.000000 1.000000 1.000000 1.000000
-22.5000 -8.3067 8.71703 0.436292 0.354096 0.204311 224.537 228.624 1.000000 1.000000 1.000000 1.000000 1.000000 1.000000 1.000000 1.000000 1.000000 1.000000 1.000000 0.999313 0.997100 0.997100 0.997100
-16.8750 -8.3067 8.35241 0.438464 0.355489 0.200249 200.189 204.194 1.000000 1.000000 1.000000 1.000000 1.000000 0.960084 0.770600 0.770600 0.770600 0.770600 0.770600 0.770600 0.770600 0.770600 0.770600
-11.2500 -8.3067 8.71323 0.429266 0.341225 0.196837 216.582 220.518 1.000000 1.000000 1.000000 1.000000 1.000000 1.000000 1.000000 1.000000 1.000000 1.000000 1.000000 1.000000 1.000000 1.000000 1.000000
-5.6250 -8.3067 9.91513 0.437293 0.363518 0.224158 209.039 213.522 1.000000 1.000000 1.000000 1.000000 1.000000 1.000000 1.000000 1.000000 1.000000 1.000000 1.000000 1.000000 1.000000 1.000000 1.000000
0.0000 -13.8445 9.54088 0.452831 0.390169 0.236073 29.174 33.896 1.000000 0.076858 0.062800 0.062800 0.062800 0.062800 0.062800 0.062800 0.062800 0.062800 0.062800 0.062800 0.062800 0.062800 0.062800
5.6250 -13.8445 6.07743 0.431853 0.318541 0.144746 28.376 30.557 0.753516 0.062800 0.062800 0.062800 0.062800 0.062800 0.062800 0.062800 0.062800 0.062800 0.062800 0.062800 0.062800 0.062800 0.062800
16.8750 -13.8445 9.71252 0.443707 0.373965 0.228287 218.518 223.084 1.000000 1.000000 1.000000 1.000000 1.000000 1.000000 1.000000 1.000000 1.000000 1.000000 1.000000 1.000000 1.000000 1.000000 1.000000
22.5000 -13.8445 7.30636 0.436991 0.343599 0.178283 43.213 46.779 1.000000 0.797565 0.062800 0.062800 0.062800 0.062800 0.062800 0.062800 0.062800 0.062800 0.062800 0.062800 0.062800 0.062800 0.062800
39.3750 -13.8445 9.86330 0.450102 0.386547 0.237754 163.396 168.151 1.000000 1.000000 1.000000 1.000000 1.000000 1.000000 1.000000 0.550778 0.490100 0.490100 0.490100 0.490100 0.490100 0.490100 0.490100
45.0000 -13.8445 7.67283 0.427479 0.328845 0.176059 207.404 210.925 1.000000 1.000000 1.000000 1.000000 1.000000 1.000000 1.000000 1.000000 1.000000 1.000000 1.000000 0.743320 0.610500 0.610500 0.610500
50.6250 -13.8445 8.29132 0.428219 0.335895 0.188413 221.223 224.991 1.000000 1.000000 1.000000 1.000000 1.000000 1.000000 1.000000 1.000000 1.000000 1.000000 1.000000 1.000000 1.000000 1.000000 1.000000
56.2500 -13.8445 8.73777 0.438641 0.358620 0.207191 227.143 231.286 1.000000 1.000000 1.000000 1.000000 1.000000 1.000000 1.000000 1.000000 1.000000 1.000000 1.000000 1.000000 1.000000 1.000000 1.000000
61.8750 -13.8445 7.22789 0.437190 0.343221 0.176823 116.090 119.627 1.000000 1.000000 1.000000 0.840577 0.285100 0.285100 0.285100 0.285100 0.285100 0.285100 0.285100 0.285100 0.285100 0.285100 0.285100
67.5000 -13.8445 6.83688 0.423884 0.312765 0.155135 225.846 228.949 1.000000 1.000000 1.000000 1.000000 1.000000 1.000000 1.000000 1.000000 1.000000 1.000000 1.000000 1.000000 1.000000 0.901812 0.425800
73.1250 -13.8445 9.48997 0.439936 0.365826 0.220748 217.617 222.032 1.000000 1.000000 1.000000 1.000000 1.000000 1.000000 1.000000 1.000000 1.000000 1.000000 1.000000 1.000000 1.000000 1.000000 1.000000
78.7500 -13.8445 11.99833 0.455445 0.404201 0.271071 199.695 205.117 1.000000 1.000000 1.000000 1.000000 1.000000 1.000000 1.000000 1.000000 1.000000 1.000000 1.000000 1.000000 1.000000 1.000000 1.000000
84.3750 -13.8445 10.59920 0.451151 0.391693 0.249188 213.758 218.742 1.000000 1.000000 1.000000 1.000000 1.000000 1.000000 1.000000 1.000000 1.000000 1.000000 1.000000 1.000000 1.000000 1.000000 1.000000
90.0000 -13.8445 9.77393 0.457091 0.399387 0.244563 46.884 51.775 1.000000 1.000000 0.274607 0.062800 0.062800 0.062800 0.062800 0.062800 0.062800 0.062800 0.062800 0.062800 0.062800 0.062800 0.062800
101.2500 -13.8445 9.34720 0.450776 0.385275 0.230697 45.795 50.409 1.000000 1.000000 0.209003 0.062800 0.062800 0.062800 0.062800 0.062800 0.062800 0.062800 0.062800 0.062800 0.062800 0.062800 0.062800
106.8750 -13.8445 6.50537 0.433513 0.327690 0.156833 49.193 52.330 1.000000 1.000000 0.125592 0.062800 0.062800 0.062800 0.062800 0.062800 0.062800 0.062800 0.062800 0.062800 0.062800 0.062800 0.062800
112.5000 -13.8445 7.67138 0.443223 0.359397 0.192394 41.212 45.060 1.000000 0.651362 0.062800 0.062800 0.062800 0.062800 0.062800 0.062800 0.062800 0.062800 0.062800 0.062800 0.062800 0.062800 0.062800
118.1250 -13.8445 9.13483 0.453317 0.389091 0.230221 75.580 80.184 1.000000 1.000000 1.000000 1.000000 0.129341 0.062800 0.062800 0.062800 0.062800 0.062800 0.062800 0.062800 0.062800 0.062800 0.062800
135.0000 -13.8445 8.75507 0.440855 0.362900 0.209892 229.513 233.711 1.000000 1.000000 1.000000 1.000000 1.000000 1.000000 1.000000 1.000000 1.000000 1.000000 1.000000 1.000000 1.000000 1.000000 1.000000
140.6250 -13.8445 9.87375 0.440859 0.369660 0.227484 213.263 217.813 1.000000 1.000000 1.000000 1.000000 1.000000 1.000000 1.000000 1.000000 1.000000 1.000000 1.000000 1.000000 1.000000 1.000000 1.000000
146.2500 -13.8445 10.38354 0.446907 0.383084 0.241432 212.478 217.306 1.000000 1.000000 1.000000 1.000000 1.000000 1.000000 1.000000 1.000000 1.000000 1.000000 1.000000 1.000000 1.000000 1.000000 1.000000
151.8750 -13.8445 9.11901 0.433133 0.351145 0.207580 215.348 219.500 1.000000 1.000000 1.000000 1.000000 1.000000 1.000000 1.000000 1.000000 1.000000 1.000000 1.000000 1.000000 1.000000 1.000000 1.000000
157.5000 -13.8445 8.70676 0.441140 0.363112 0.209377 230.603 234.790 1.000000 1.000000 1.000000 1.000000 1.000000 1.000000 1.000000 1.000000 1.000000 1.000000 1.000000 1.000000 1.000000 1.000000 1.000000
163.1250 -13.8445 9.39257 0.446859 0.378085 0.226954 226.697 231.236 1.000000 1.000000 1.000000 1.000000 1.000000 1.000000 1.000000 1.000000 1.000000 1.000000 1.000000 1.000000 1.000000 1.000000 1.000000
168.7500 -13.8445 10.43040 0.451163 0.391023 0.246947 216.113 221.052 1.000000 1.000000 1.000000 1.000000 1.000000 1.000000 1.000000 1.000000 1.000000 1.000000 1.000000 1.000000 1.000000 1.000000 1.000000
174.3750 -13.8445 8.89771 0.441903 0.365818 0.213445 228.560 232.829 1.000000 1.000000 1.000000 1.000000 1.000000 1.000000 1.000000 1.000000 1.000000 1.000000 1.000000 1.000000 1.000000 1.000000 1.000000
180.0000 -13.8445 8.46179 0.443187 0.365346 0.207334 237.018 241.164 1.000000 1.000000 1.000000 1.000000 1.000000 1.000000 1.000000 1.000000 1.000000 1.000000 1.000000 1.000000 1.000000 1.000000 1.000000
-174.3750 -13.8445 8.53937 0.446301 0.371919 0.212154 239.649 243.892 1.000000 1.000000 1.000000 1.000000 1.000000 1.000000 1.000000 1.000000 1.000000 1.000000 1.000000 1.000000 1.000000 1.000000 1.000000
-168.7500 -13.8445 13.31361 0.473823 0.439472 0.306590 18.184 21.184 0.489226 0.062800 0.062800 0.062800 0.062800 0.062800 0.062800 0.062800 0.062800 0.062800 0.062800 0.062800 0.062800 0.062800 0.062800
-146.2500 -13.8445 11.58832 0.467500 0.424818 0.280898 21.906 25.518 0.642927 0.062800 0.062800 0.062800 0.062800 0.062800 0.062800 0.062800 0.062800 0.062800 0.062800 0.062800 0.062800 0.062800 0.062800
-140.6250 -13.8445 7.11513 0.436842 0.341378 0.174035 21.253 22.613 0.390820 0.062800 0.062800 0.062800 0.062800 0.062800 0.062800 0.062800 0.062800 0.062800 0.062800 0.062800 0.062800 0.062800 0.062800
-135.0000 -13.8445 9.27775 0.438067 0.361129 0.215411 218.578 222.886 1.000000 1.000000 1.000000 1.000000 1.000000 1.000000 1.000000 1.000000 1.000000 1.000000 1.000000 1.000000 1.000000 1.000000 1.000000
-129.3750 -13.8445 9.15356 0.434550 0.353935 0.209645 216.436 220.629 1.000000 1.000000 1.000000 1.000000 1.000000 1.000000 1.000000 1.000000 1.000000 1.000000 1.000000 1.000000 1.000000 1.000000 1.000000
-123.7500 -13.8445 9.85319 0.434114 0.357553 0.219811 206.612 211.009 1.000000 1.000000 1.000000 1.000000 1.000000 1.000000 1.000000 1.000000 1.000000 1.000000 1.000000 1.000000 1.000000 1.000000 1.000000
-118.1250 -13.8445 5.47922 0.420547 0.285566 0.119055 49.237 51.618 1.000000 1.000000 0.203380 0.062800 0.062800 0.062800 0.062800 0.062800 0.062800 0.062800 0.062800 0.062800 0.062800 0.062800 0.062800
-112.5000 -13.8445 8.07022 0.444552 0.365198 0.201631 45.055 49.088 1.000000 0.938145 0.062800 0.062800 0.062800 0.062800 0.062800 0.062800 0.062800 0.062800 0.062800 0.062800 0.062800 0.062800 0.062800
-61.8750 -13.8445 4.26763 0.421376 0.259974 0.084547 124.132 125.823 1.000000 1.000000 1.000000 1.000000 1.000000 1.000000 0.573574 0.062800 0.062800 0.062800 0.062800 0.062800 0.062800 0.062800 0.062800
-56.2500 -13.8445 8.53230 0.448929 0.377035 0.214971 71.024 75.323 1.000000 1.000000 1.000000 0.691661 0.062800 0.062800 0.062800 0.062800 0.062800 0.062800 0.062800 0.062800 0.062800 0.062800 0.062800
-39.3750 -13.8445 9.67257 0.444215 0.374684 0.228259 219.636 224.201 1.000000 1.000000 1.000000 1.000000 1.000000 1.000000 1.000000 1.000000 1.000000 1.000000 1.000000 1.000000 1.000000 1.000000 1.000000
-33.7500 -13.8445 9.75845 0.438561 0.364894 0.223267 212.440 216.906 1.000000 1.000000 1.000000 1.000000 1.000000 1.000000 1.000000 1.000000 1.000000 1.000000 1.000000 1.000000 1.000000 1.000000 1.000000
-28.1250 -13.8445 7.85764 0.431311 0.337800 0.183531 231.404 235.074 1.000000 1.000000 1.000000 1.000000 1.000000 1.000000 1.000000 1.000000 1.000000 1.000000 1.000000 1.000000 1.000000 1.000000 1.000000
-22.5000 -13.8445 7.10741 0.427213 0.322360 0.164219 237.211 240.496 1.000000 1.000000 1.000000 1.000000 1.000000 1.000000 1.000000 1.000000 1.000000 1.000000 1.000000 1.000000 1.000000 1.000000 1.000000
-16.8750 -13.8445 7.14654 0.422583 0.314032 0.160569 230.196 233.407 1.000000 1.000000 1.000000 1.000000 1.000000 1.000000 1.000000 1.000000 1.000000 1.000000 1.000000 1.000000 1.000000 1.000000 1.000000
-11.2500 -13.8445 7.66733 0.425623 0.325333 0.174101 226.848 230.330 1.000000 1.000000 1.000000 1.000000 1.000000 1.000000 1.000000 1.000000 1.000000 1.000000 1.000000 1.000000 1.000000 1.000000 1.000000
-5.6250 -13.8445 11.30991 0.452972 0.397630 0.260258 206.059 211.264 1.000000 1.000000 1.000000 1.000000 1.000000 1.000000 1.000000 1.000000 1.000000 1.000000 1.000000 1.000000 1.000000 1.000000 1.000000
0.0000 -19.3822 8.61634 0.447632 0.375016 0.214995 39.414 43.714 1.000000 0.646676 0.062800 0.062800 0.062800 0.062800 0.062800 0.062800 0.062800 0.062800 0.062800 0.062800 0.062800 0.062800 0.062800
5.6250 -19.3822 9.06257 0.451975 0.386094 0.227494 22.595 25.077 0.545458 0.062800 0.062800 0.062800 0.062800 0.062800 0.062800 0.062800 0.062800 0.062800 0.062800 0.062800 0.062800 0.062800 0.062800
11.2500 -19.3822 6.77522 0.433533 0.330984 0.163128 25.172 27.196 0.620434 0.062800 0.062800 0.062800 0.062800 0.062800 0.062800 0.062800 0.062800 0.062800 0.062800 0.062800 0.062800 0.062800 0.062800
16.8750 -19.3822 10.23565 0.443374 0.376036 0.235415 210.932 215.640 1.000000 1.000000 1.000000 1.000000 1.000000 1.000000 1.000000 1.000000 1.000000 1.000000 1.000000 1.000000 1.000000 1.000000 1.000000
22.5000 -19.3822 7.50972 0.428691 0.329494 0.174029 233.197 236.678 1.000000 1.000000 1.000000 1.000000 1.000000 1.000000 1.000000 1.000000 1.000000 1.000000 1.000000 1.000000 1.000000 1.000000 1.000000
28.1250 -19.3822 9.07020 0.450359 0.382996 0.225769 31.535 36.051 1.000000 0.189322 0.062800 0.062800 0.062800 0.062800 0.062800 0.062800 0.062800 0.062800 0.062800 0.062800 0.062800 0.062800 0.062800
39.3750 -19.3822 10.76897 0.464293 0.416659 0.266968 19.544 21.821 0.426434 0.062800 0.062800 0.062800 0.062800 0.062800 0.062800 0.062800 0.062800 0.062800 0.062800 0.062800 0.062800 0.062800 0.062800
45.0000 -19.3822 7.68203 0.441543 0.356116 0.190803 68.568 72.384 1.000000 1.000000 0.429371 0.143200 0.143200 0.143200 0.143200 0.143200 0.143200 0.143200 0.143200 0.143200 0.143200 0.143200 0.143200
50.6250 -19.3822 6.99640 0.424706 0.316276 0.159405 166.884 170.072 1.000000 1.000000 1.000000 1.000000 1.000000 1.000000 1.000000 0.675838 0.423200 0.423200 0.423200 0.423200 0.423200 0.423200 0.423200
56.2500 -19.3822 7.69995 0.429113 0.332176 0.178235 185.372 188.936 1.000000 1.000000 1.000000 1.000000 0.873693 0.716800 0.716800 0.716800 0.716800 0.716800 0.716800 0.716800 0.716800 0.716800 0.716800
61.8750 -19.3822 7.14987 0.439843 0.347811 0.177896 70.399 73.957 1.000000 0.621180 0.194000 0.194000 0.194000 0.194000 0.194000 0.194000 0.194000 0.194000 0.194000 0.194000 0.194000 0.194000 0.194000
67.5000 -19.3822 6.50226 0.429053 0.318618 0.152437 89.749 92.798 1.000000 1.000000 1.000000 0.658310 0.158400 0.158400 0.158400 0.158400 0.158400 0.158400 0.158400 0.158400 0.158400 0.158400 0.158400
73.1250 -19.3822 6.56454 0.427166 0.315676 0.152090 149.938 152.979 1.000000 1.000000 1.000000 1.000000 1.000000 1.000000 1.000000 1.000000 0.319672 0.141000 0.141000 0.141000 0.141000 0.141000 0.141000
78.7500 -19.3822 7.43814 0.426177 0.324007 0.170083 230.886 234.288 1.000000 1.000000 1.000000 1.000000 1.000000 1.000000 1.000000 1.000000 1.000000 1.000000 1.000000 1.000000 1.000000 1.000000 1.000000
84.3750 -19.3822 9.17377 0.438141 0.360605 0.213842 220.145 224.421 1.000000 1.000000 1.000000 1.000000 1.000000 1.000000 1.000000 1.000000 1.000000 1.000000 1.000000 1.000000 1.000000 1.000000 1.000000
90.0000 -19.3822 7.62056 0.441573 0.355652 0.189597 31.314 35.106 1.000000 0.069360 0.062800 0.062800 0.062800 0.062800 0.062800 0.062800 0.062800 0.062800 0.062800 0.062800 0.062800 0.062800 0.062800
95.6250 -19.3822 13.31361 0.473823 0.439472 0.306590 17.337 19.946 0.425496 0.062800 0.062800 0.062800 0.062800 0.062800 0.062800 0.062800 0.062800 0.062800 0.062800 0.062800 0.062800 0.062800 0.062800
106.8750 -19.3822 5.19153 0.427019 0.293560 0.116596 46.341 48.673 1.000000 0.802251 0.062800 0.062800 0.062800 0.062800 0.062800 0.062800 0.062800 0.062800 0.062800 0.062800 0.062800 0.062800 0.062800
112.5000 -19.3822 6.80740 0.436069 0.336499 0.166401 39.856 43.184 1.000000 0.526714 0.062800 0.062800 0.062800 0.062800 0.062800 0.062800 0.062800 0.062800 0.062800 0.062800 0.062800 0.062800 0.062800
129.3750 -19.3822 4.74522 0.424132 0.277945 0.101210 35.398 37.423 1.000000 0.186510 0.062800 0.062800 0.062800 0.062800 0.062800 0.062800 0.062800 0.062800 0.062800 0.062800 0.062800 0.062800 0.062800
135.0000 -19.3822 8.63803 0.448937 0.377709 0.216842 101.285 105.622 1.000000 1.000000 1.000000 1.000000 1.000000 0.146891 0.127700 0.127700 0.127700 0.127700 0.127700 0.127700 0.127700 0.127700 0.127700
140.6250 -19.3822 8.08378 0.442009 0.360285 0.199117 238.561 242.543 1.000000 1.000000 1.000000 1.000000 1.000000 1.000000 1.000000 1.000000 1.000000 1.000000 1.000000 1.000000 1.000000 1.000000 0.801948
146.2500 -19.3822 9.31059 0.443156 0.370700 0.221523 223.766 228.196 1.000000 1.000000 1.000000 1.000000 1.000000 1.000000 1.000000 1.000000 1.000000 1.000000 1.000000 1.000000 1.000000 1.000000 1.000000
151.8750 -19.3822 9.33358 0.448810 0.381455 0.228239 191.927 196.492 1.000000 1.000000 1.000000 1.000000 1.000000 1.000000 1.000000 1.000000 1.000000 1.000000 1.000000 0.664365 0.287400 0.287400 0.287400
157.5000 -19.3822 10.55143 0.462894 0.413339 0.262421 30.765 36.013 1.000000 0.222124 0.062800 0.062800 0.062800 0.062800 0.062800 0.062800 0.062800 0.062800 0.062800 0.062800 0.062800 0.062800 0.062800
163.1250 -19.3822 11.15836 0.465630 0.420266 0.273494 37.774 43.244 1.000000 0.757265 0.062800 0.062800 0.062800 0.062800 0.062800 0.062800 0.062800 0.062800 0.062800 0.062800 0.062800 0.062800 0.062800
168.7500 -19.3822 6.71295 0.427957 0.319124 0.156254 244.306 247.431 1.000000 1.000000 1.000000 1.000000 1.000000 1.000000 1.000000 1.000000 1.000000 1.000000 1.000000 1.000000 1.000000 1.000000 1.000000
174.3750 -19.3822 7.00070 0.425995 0.318791 0.160740 237.077 240.291 1.000000 1.000000 1.000000 1.000000 1.000000 1.000000 1.000000 1.000000 1.000000 1.000000 1.000000 1.000000 1.000000 1.000000 1.000000
180.0000 -19.3822 8.33006 0.436847 0.352248 0.198118 231.195 235.157 1.000000 1.000000 1.000000 1.000000 1.000000 1.000000 1.000000 1.000000 1.000000 1.000000 1.000000 1.000000 1.000000 1.000000 1.000000
-174.3750 -19.3822 7.58335 0.440391 0.352962 0.187583 53.986 57.738 1.000000 1.000000 0.510782 0.062800 0.062800 0.062800 0.062800 0.062800 0.062800 0.062800 0.062800 0.062800 0.062800 0.062800 0.062800
-168.7500 -19.3822 12.93358 0.472435 0.436422 0.301258 25.945 31.970 1.000000 0.103100 0.062800 0.062800 0.062800 0.062800 0.062800 0.062800 0.062800 0.062800 0.062800 0.062800 0.062800 0.062800 0.062800
-146.2500 -19.3822 6.52745 0.432761 0.326430 0.156620 22.410 23.789 0.440492 0.062800 0.062800 0.062800 0.062800 0.062800 0.062800 0.062800 0.062800 0.062800 0.062800 0.062800 0.062800 0.062800 0.062800
-140.6250 -19.3822 7.77183 0.440732 0.355262 0.191722 158.446 162.280 1.000000 1.000000 1.000000 1.000000 1.000000 1.000000 1.000000 0.499646 0.312700 0.312700 0.312700 0.312700 0.312700 0.312700 0.312700
-135.0000 -19.3822 7.80418 0.435133 0.344606 0.186448 190.148 193.877 1.000000 1.000000 1.000000 1.000000 1.000000 1.000000 1.000000 1.000000 1.000000 0.714163 0.461700 0.461700 0.461700 0.461700 0.461700
-129.3750 -19.3822 8.80212 0.435492 0.353227 0.204896 220.952 225.050 1.000000 1.000000 1.000000 1.000000 1.000000 1.000000 1.000000 1.000000 1.000000 1.000000 1.000000 0.985279 0.970200 0.970200 0.970200
-123.7500 -19.3822 9.53006 0.433520 0.354537 0.214391 210.219 214.506 1.000000 1.000000 1.000000 1.000000 1.000000 1.000000 1.000000 1.000000 1.000000 1.000000 1.000000 1.000000 1.000000 1.000000 1.000000
-112.5000 -19.3822 4.96883 0.425418 0.285625 0.108845 65.097 67.274 1.000000 1.000000 0.928773 0.062800 0.062800 0.062800 0.062800 0.062800 0.062800 0.062800 0.062800 0.062800 0.062800 0.062800 0.062800
-61.8750 -19.3822 10.24044 0.459831 0.406455 0.254514 98.243 103.333 1.000000 1.000000 1.000000 1.000000 1.000000 0.900657 0.062800 0.062800 0.062800 0.062800 0.062800 0.062800 0.062800 0.062800 0.062800
-56.2500 -19.3822 6.97617 0.436042 0.338301 0.170167 54.019 57.422 1.000000 1.000000 0.459236 0.062800 0.062800 0.062800 0.062800 0.062800 0.062800 0.062800 0.062800 0.062800 0.062800 0.062800 0.062800
-50.6250 -19.3822 7.45991 0.437228 0.345547 0.181732 207.820 211.455 1.000000 1.000000 1.000000 1.000000 1.000000 1.000000 1.000000 1.000000 1.000000 1.000000 1.000000 1.000000 0.244858 0.220700 0.220700
-45.0000 -19.3822 6.11269 0.427631 0.310368 0.141675 33.250 36.084 1.000000 0.154646 0.062800 0.062800 0.062800 0.062800 0.062800 0.062800 0.062800 0.062800 0.062800 0.062800 0.062800 0.062800 0.062800
-39.3750 -19.3822 8.28731 0.439017 0.356050 0.199663 234.581 238.574 1.000000 1.000000 1.000000 1.000000 1.000000 1.000000 1.000000 1.000000 1.000000 1.000000 1.000000 1.000000 1.000000 1.000000 1.000000
-33.7500 -19.3822 7.26722 0.437882 0.344998 0.178378 94.149 97.716 1.000000 1.000000 1.000000 1.000000 1.000000 0.085293 0.062800 0.062800 0.062800 0.062800 0.062800 0.062800 0.062800 0.062800 0.062800
-28.1250 -19.3822 8.56130 0.447719 0.374837 0.214125 58.547 62.830 1.000000 1.000000 0.889410 0.062800 0.062800 0.062800 0.062800 0.062800 0.062800 0.062800 0.062800 0.062800 0.062800 0.062800 0.062800
-22.5000 -19.3822 8.36319 0.447301 0.372717 0.210109 63.201 67.403 1.000000 1.000000 1.000000 0.195882 0.062800 0.062800 0.062800 0.062800 0.062800 0.062800 0.062800 0.062800 0.062800 0.062800 0.062800
-16.8750 -19.3822 5.87841 0.416067 0.283811 0.125566 237.368 239.879 1.000000 1.000000 1.000000 1.000000 1.000000 1.000000 1.000000 1.000000 1.000000 1.000000 1.000000 1.000000 1.000000 1.000000 1.000000
-11.2500 -19.3822 5.84081 0.414700 0.280549 0.123473 235.615 238.084 1.000000 1.000000 1.000000 1.000000 1.000000 1.000000 1.000000 1.000000 1.000000 1.000000 1.000000 1.000000 1.000000 1.000000 1.000000
-5.6250 -19.3822 8.21103 0.435772 0.349271 0.194812 231.689 235.585 1.000000 1.000000 1.000000 1.000000 1.000000 1.000000 1.000000 1.000000 1.000000 1.000000 1.000000 1.000000 1.000000 1.000000 1.000000
0.0000 -24.9199 11.90166 0.468688 0.427710 0.285907 26.887 32.605 1.000000 0.079670 0.062800 0.062800 0.062800 0.062800 0.062800 0.062800 0.062800 0.062800 0.062800 0.062800 0.062800 0.062800 0.062800
5.6250 -24.9199 8.82524 0.451664 0.384178 0.223167 25.836 29.073 0.725400 0.062800 0.062800 0.062800 0.062800 0.062800 0.062800 0.062800 0.062800 0.062800 0.062800 0.062800 0.062800 0.062800 0.062800
11.2500 -24.9199 8.02069 0.436792 0.349658 0.192344 208.587 212.434 1.000000 1.000000 1.000000 1.000000 1.000000 1.000000 1.000000 1.000000 1.000000 1.000000 1.000000 0.867583 0.463900 0.463900 0.463900
16.8750 -24.9199 7.41746 0.421616 0.315304 0.165218 225.130 228.434 1.000000 1.000000 1.000000 1.000000 1.000000 1.000000 1.000000 1.000000 1.000000 1.000000 1.000000 1.000000 1.000000 1.000000 1.000000
22.5000 -24.9199 6.57794 0.416331 0.295086 0.142381 229.057 231.904 1.000000 1.000000 1.000000 1.000000 1.000000 1.000000 1.000000 1.000000 1.000000 1.000000 1.000000 1.000000 1.000000 1.000000 1.000000
28.1250 -24.9199 7.14084 0.428847 0.325881 0.166538 239.015 242.345 1.000000 1.000000 1.000000 1.000000 1.000000 1.000000 1.000000 1.000000 1.000000 1.000000 1.000000 1.000000 1.000000 1.000000 1.000000
33.7500 -24.9199 12.45695 0.470134 0.431455 0.293636 17.167 19.320 0.366453 0.062800 0.062800 0.062800 0.062800 0.062800 0.062800 0.062800 0.062800 0.062800 0.062800 0.062800 0.062800 0.062800 0.062800
39.3750 -24.9199 13.31361 0.473823 0.439472 0.306590 15.008 16.543 0.250240 0.062800 0.062800 0.062800 0.062800 0.062800 0.062800 0.062800 0.062800 0.062800 0.062800 0.062800 0.062800 0.062800 0.062800
45.0000 -24.9199 9.34247 0.454512 0.392454 0.234935 22.338 24.870 0.538898 0.062800 0.062800 0.062800 0.062800 0.062800 0.062800 0.062800 0.062800 0.062800 0.062800 0.062800 0.062800 0.062800 0.062800
50.6250 -24.9199 7.78650 0.434232 0.342716 0.185167 200.492 204.196 1.000000 1.000000 1.000000 1.000000 1.000000 1.000000 1.000000 1.000000 1.000000 1.000000 0.861694 0.466000 0.466000 0.466000 0.466000
56.2500 -24.9199 6.78476 0.426846 0.317838 0.156805 144.825 147.961 1.000000 1.000000 1.000000 1.000000 1.000000 1.000000 0.444659 0.318600 0.318600 0.318600 0.318600 0.318600 0.318600 0.318600 0.318600
61.8750 -24.9199 7.41179 0.436857 0.344353 0.180350 124.993 128.600 1.000000 1.000000 1.000000 0.526087 0.372300 0.372300 0.372300 0.372300 0.372300 0.372300 0.372300 0.372300 0.372300 0.372300 0.372300
67.5000 -24.9199 7.22553 0.437567 0.343953 0.177162 96.458 100.001 1.000000 1.000000 1.000000 1.000000 0.221173 0.156200 0.156200 0.156200 0.156200 0.156200 0.156200 0.156200 0.156200 0.156200 0.156200
73.1250 -24.9199 7.93084 0.445794 0.366631 0.200320 91.538 95.544 1.000000 1.000000 1.000000 0.967309 0.139700 0.139700 0.139700 0.139700 0.139700 0.139700 0.139700 0.139700 0.139700 0.139700 0.139700
78.7500 -24.9199 8.66347 0.447535 0.375123 0.215709 219.930 224.244 1.000000 1.000000 1.000000 1.000000 1.000000 1.000000 1.000000 1.000000 1.000000 1.000000 1.000000 1.000000 1.000000 0.461610 0.334500
84.3750 -24.9199 5.99108 0.418613 0.290592 0.130553 240.059 242.670 1.000000 1.000000 1.000000 1.000000 1.000000 1.000000 1.000000 1.000000 1.000000 1.000000 1.000000 1.000000 1.000000 1.000000 1.000000
90.0000 -24.9199 9.10842 0.439323 0.362360 0.214079 222.422 226.704 1.000000 1.000000 1.000000 1.000000 1.000000 1.000000 1.000000 1.000000 1.000000 1.000000 1.000000 1.000000 1.000000 1.000000 1.000000
95.6250 -24.9199 10.13371 0.444413 0.377407 0.235163 213.366 218.070 1.000000 1.000000 1.000000 1.000000 1.000000 1.000000 1.000000 1.000000 1.000000 1.000000 1.000000 1.000000 1.000000 1.000000 1.000000
101.2500 -24.9199 9.55357 0.445395 0.376223 0.227787 222.654 227.210 1.000000 1.000000 1.000000 1.000000 1.000000 1.000000 1.000000 1.000000 1.000000 1.000000 1.000000 1.000000 1.000000 1.000000 1.000000
106.8750 -24.9199 5.33638 0.427620 0.297581 0.121192 64.259 66.682 1.000000 1.000000 0.889410 0.062800 0.062800 0.062800 0.062800 0.062800 0.062800 0.062800 0.062800 0.062800 0.062800 0.062800 0.062800
112.5000 -24.9199 4.27080 0.421383 0.260076 0.084651 89.259 90.953 1.000000 1.000000 1.000000 1.000000 0.460173 0.062800 0.062800 0.062800 0.062800 0.062800 0.062800 0.062800 0.062800 0.062800 0.062800
129.3750 -24.9199 4.27080 0.421383 0.260076 0.084651 45.757 47.450 1.000000 0.791942 0.062800 0.062800 0.062800 0.062800 0.062800 0.062800 0.062800 0.062800 0.062800 0.062800 0.062800 0.062800 0.062800
135.0000 -24.9199 9.65302 0.456620 0.397961 0.242197 35.607 40.451 1.000000 0.469545 0.062800 0.062800 0.062800 0.062800 0.062800 0.062800 0.062800 0.062800 0.062800 0.062800 0.062800 0.062800 0.062800
140.6250 -24.9199 8.43848 0.445597 0.369872 0.209574 160.283 164.475 1.000000 1.000000 1.000000 1.000000 1.000000 1.000000 1.000000 1.000000 0.846499 0.192100 0.192100 0.192100 0.192100 0.192100 0.192100
146.2500 -24.9199 7.17460 0.439599 0.347558 0.178178 30.100 33.299 0.897845 0.062800 0.062800 0.062800 0.062800 0.062800 0.062800 0.062800 0.062800 0.062800 0.062800 0.062800 0.062800 0.062800 0.062800
163.1250 -24.9199 9.10275 0.452322 0.386984 0.228552 39.187 43.758 1.000000 0.656985 0.062800 0.062800 0.062800 0.062800 0.062800 0.062800 0.062800 0.062800 0.062800 0.062800 0.062800 0.062800 0.062800
168.7500 -24.9199 7.10748 0.437702 0.343036 0.174753 43.090 46.585 1.000000 0.744144 0.062800 0.062800 0.062800 0.062800 0.062800 0.062800 0.062800 0.062800 0.062800 0.062800 0.062800 0.062800 0.062800
174.3750 -24.9199 7.25188 0.435849 0.340783 0.175953 247.246 250.765 1.000000 1.000000 1.000000 1.000000 1.000000 1.000000 1.000000 1.000000 1.000000 1.000000 1.000000 1.000000 1.000000 1.000000 1.000000
180.0000 -24.9199 5.86530 0.425546 0.302343 0.133521 50.221 52.891 1.000000 1.000000 0.221187 0.062800 0.062800 0.062800 0.062800 0.062800 0.062800 0.062800 0.062800 0.062800 0.062800 0.062800 0.062800
-174.3750 -24.9199 4.27080 0.421383 0.260076 0.084651 43.570 45.263 1.000000 0.667294 0.062800 0.062800 0.062800 0.062800 0.062800 0.062800 0.062800 0.062800 0.062800 0.062800 0.062800 0.062800 0.062800
-151.8750 -24.9199 6.95341 0.437965 0.341967 0.171625 24.444 26.351 0.555767 0.062800 0.062800 0.062800 0.062800 0.062800 0.062800 0.062800 0.062800 0.062800 0.062800 0.062800 0.062800 0.062800 0.062800
-146.2500 -24.9199 6.94256 0.436564 0.338995 0.169950 130.270 133.669 1.000000 1.000000 1.000000 1.000000 1.000000 1.000000 0.502193 0.150500 0.150500 0.150500 0.150500 0.150500 0.150500 0.150500 0.150500
-140.6250 -24.9199 6.97818 0.428032 0.322457 0.162229 240.341 243.586 1.000000 1.000000 1.000000 1.000000 1.000000 1.000000 1.000000 1.000000 1.000000 1.000000 1.000000 1.000000 1.000000 1.000000 1.000000
-135.0000 -24.9199 7.17989 0.434635 0.337634 0.173175 173.730 177.193 1.000000 1.000000 1.000000 1.000000 1.000000 1.000000 1.000000 1.000000 0.832110 0.288600 0.288600 0.288600 0.288600 0.288600 0.288600
-129.3750 -24.9199 6.84841 0.433075 0.330908 0.164328 232.493 235.780 1.000000 1.000000 1.000000 1.000000 1.000000 1.000000 1.000000 1.000000 1.000000 1.000000 1.000000 1.000000 1.000000 0.553966 0.402900
-123.7500 -24.9199 8.61169 0.443191 0.366380 0.209981 234.598 238.797 1.000000 1.000000 1.000000 1.000000 1.000000 1.000000 1.000000 1.000000 1.000000 1.000000 1.000000 1.000000 1.000000 1.000000 1.000000
-61.8750 -24.9199 10.22972 0.459984 0.406709 0.254548 52.808 57.899 1.000000 1.000000 0.716966 0.062800 0.062800 0.062800 0.062800 0.062800 0.062800 0.062800 0.062800 0.062800 0.062800 0.062800 0.062800
-56.2500 -24.9199 6.68896 0.433779 0.330469 0.161394 68.856 72.084 1.000000 1.000000 1.000000 0.257428 0.074100 0.074100 0.074100 0.074100 0.074100 0.074100 0.074100 0.074100 0.074100 0.074100 0.074100
-50.6250 -24.9199 5.76430 0.417321 0.284281 0.123760 205.654 208.129 1.000000 1.000000 1.000000 1.000000 1.000000 1.000000 1.000000 1.000000 1.000000 1.000000 1.000000 1.000000 0.538838 0.136400 0.136400
-45.0000 -24.9199 6.40128 0.421585 0.302557 0.143080 239.216 242.078 1.000000 1.000000 1.000000 1.000000 1.000000 1.000000 1.000000 1.000000 1.000000 1.000000 1.000000 1.000000 1.000000 1.000000 1.000000
-39.3750 -24.9199 8.64455 0.437833 0.356449 0.204722 227.590 231.684 1.000000 1.000000 1.000000 1.000000 1.000000 1.000000 1.000000 1.000000 1.000000 1.000000 1.000000 1.000000 1.000000 1.000000 1.000000
-28.1250 -24.9199 13.30721 0.473781 0.439388 0.306479 18.561 21.732 0.517342 0.062800 0.062800 0.062800 0.062800 0.062800 0.062800 0.062800 0.062800 0.062800 0.062800 0.062800 0.062800 0.062800 0.062800
-22.5000 -24.9199 7.79820 0.439771 0.353586 0.191216 243.554 247.379 1.000000 1.000000 1.000000 1.000000 1.000000 1.000000 1.000000 1.000000 1.000000 1.000000 1.000000 1.000000 1.000000 1.000000 1.000000
-16.8750 -24.9199 4.84944 0.408489 0.248483 0.092468 71.110 72.959 1.000000 1.000000 1.000000 0.865995 0.062900 0.062900 0.062900 0.062900 0.062900 0.062900 0.062900 0.062900 0.062900 0.062900 0.062900
-11.2500 -24.9199 5.85508 0.419961 0.290996 0.128327 244.004 246.570 1.000000 1.000000 1.000000 1.000000 1.000000 1.000000 1.000000 1.000000 1.000000 1.000000 1.000000 1.000000 1.000000 1.000000 1.000000
-5.6250 -24.9199 6.20712 0.421543 0.299651 0.138424 241.840 244.608 1.000000 1.000000 1.000000 1.000000 1.000000 1.000000 1.000000 1.000000 1.000000 1.000000 1.000000 1.000000 1.000000 1.000000 1.000000
0.0000 -30.4576 7.00494 0.436217 0.338962 0.170981 27.930 30.610 0.783507 0.062800 0.062800 0.062800 0.062800 0.062800 0.062800 0.062800 0.062800 0.062800 0.062800 0.062800 0.062800 0.062800 0.062800
5.6250 -30.4576 7.53123 0.441113 0.353949 0.187287 220.440 224.186 1.000000 1.000000 1.000000 1.000000 1.000000 1.000000 1.000000 1.000000 1.000000 1.000000 1.000000 1.000000 0.784968 0.220900 0.220900
11.2500 -30.4576 7.15886 0.431402 0.331043 0.169462 220.490 223.879 1.000000 1.000000 1.000000 1.000000 1.000000 1.000000 1.000000 1.000000 1.000000 1.000000 1.000000 1.000000 0.924551 0.360600 0.360600
16.8750 -30.4576 7.02085 0.431798 0.330313 0.166877 118.485 121.823 1.000000 1.000000 1.000000 1.000000 0.381656 0.286800 0.286800 0.286800 0.286800 0.286800 0.286800 0.286800 0.286800 0.286800 0.286800
22.5000 -30.4576 6.56850 0.429040 0.319446 0.153974 104.869 107.948 1.000000 1.000000 1.000000 1.000000 0.435569 0.190200 0.190200 0.190200 0.190200 0.190200 0.190200 0.190200 0.190200 0.190200 0.190200
28.1250 -30.4576 6.59775 0.427201 0.316177 0.152892 170.090 173.148 1.000000 1.000000 1.000000 1.000000 1.000000 1.000000 1.000000 1.000000 1.000000 0.609259 0.161500 0.161500 0.161500 0.161500 0.161500
33.7500 -30.4576 6.82339 0.434676 0.333847 0.165362 48.954 52.261 1.000000 1.000000 0.123158 0.065200 0.065200 0.065200 0.065200 0.065200 0.065200 0.065200 0.065200 0.065200 0.065200 0.065200 0.065200
39.3750 -30.4576 12.18551 0.467120 0.425463 0.287086 15.655 17.102 0.252114 0.062800 0.062800 0.062800 0.062800 0.062800 0.062800 0.062800 0.062800 0.062800 0.062800 0.062800 0.062800 0.062800 0.062800
45.0000 -30.4576 7.07868 0.437513 0.342357 0.173930 21.107 22.407 0.373950 0.062800 0.062800 0.062800 0.062800 0.062800 0.062800 0.062800 0.062800 0.062800 0.062800 0.062800 0.062800 0.062800 0.062800
50.6250 -30.4576 6.62818 0.422934 0.308265 0.149564 238.051 241.042 1.000000 1.000000 1.000000 1.000000 1.000000 1.000000 1.000000 1.000000 1.000000 1.000000 1.000000 1.000000 1.000000 1.000000 1.000000
56.2500 -30.4576 6.76292 0.425471 0.314895 0.154999 228.952 232.052 1.000000 1.000000 1.000000 1.000000 1.000000 1.000000 1.000000 1.000000 1.000000 1.000000 1.000000 1.000000 1.000000 0.963264 0.355500
61.8750 -30.4576 6.73911 0.426897 0.317371 0.155827 241.726 244.843 1.000000 1.000000 1.000000 1.000000 1.000000 1.000000 1.000000 1.000000 1.000000 1.000000 1.000000 1.000000 1.000000 1.000000 0.963454
67.5000 -30.4576 6.86266 0.430858 0.326654 0.162451 246.304 249.553 1.000000 1.000000 1.000000 1.000000 1.000000 1.000000 1.000000 1.000000 1.000000 1.000000 1.000000 1.000000 1.000000 1.000000 1.000000
73.1250 -30.4576 8.09110 0.447714 0.371664 0.205516 122.223 126.334 1.000000 1.000000 1.000000 1.000000 1.000000 1.000000 0.307487 0.131100 0.131100 0.131100 0.131100 0.131100 0.131100 0.131100 0.131100
78.7500 -30.4576 6.76799 0.432352 0.328521 0.161791 97.567 100.803 1.000000 1.000000 1.000000 1.000000 0.833833 0.101800 0.101800 0.101800 0.101800 0.101800 0.101800 0.101800 0.101800 0.101800 0.101800
84.3750 -30.4576 6.15906 0.421200 0.298257 0.136953 241.956 244.696 1.000000 1.000000 1.000000 1.000000 1.000000 1.000000 1.000000 1.000000 1.000000 1.000000 1.000000 1.000000 1.000000 1.000000 1.000000
90.0000 -30.4576 8.51309 0.438343 0.356455 0.202980 230.212 234.272 1.000000 1.000000 1.000000 1.000000 1.000000 1.000000 1.000000 1.000000 1.000000 1.000000 1.000000 1.000000 1.000000 1.000000 1.000000
95.6250 -30.4576 11.61321 0.457623 0.406912 0.269297 199.821 205.207 1.000000 1.000000 1.000000 1.000000 1.000000 1.000000 1.000000 1.000000 1.000000 1.000000 1.000000 1.000000 0.938884 0.790700 0.790700
101.2500 -30.4576 8.65528 0.436937 0.354851 0.203945 226.360 230.438 1.000000 1.000000 1.000000 1.000000 1.000000 1.000000 1.000000 1.000000 1.000000 1.000000 1.000000 1.000000 1.000000 1.000000 1.000000
163.1250 -30.4576 4.62223 0.423423 0.273530 0.096961 50.159 52.098 1.000000 1.000000 0.087167 0.062800 0.062800 0.062800 0.062800 0.062800 0.062800 0.062800 0.062800 0.062800 0.062800 0.062800 0.062800
168.7500 -30.4576 8.98021 0.451826 0.385358 0.225962 50.196 54.715 1.000000 1.000000 0.395506 0.062800 0.062800 0.062800 0.062800 0.062800 0.062800 0.062800 0.062800 0.062800 0.062800 0.062800 0.062800
174.3750 -30.4576 9.69951 0.456967 0.398831 0.243305 69.981 74.847 1.000000 1.000000 1.000000 0.808811 0.062800 0.062800 0.062800 0.062800 0.062800 0.062800 0.062800 0.062800 0.062800 0.062800 0.062800
-174.3750 -30.4576 4.27080 0.421383 0.260076 0.084651 41.844 43.537 1.000000 0.568888 0.062800 0.062800 0.062800 0.062800 0.062800 0.062800 0.062800 0.062800 0.062800 0.062800 0.062800 0.062800 0.062800
-157.5000 -30.4576 6.95732 0.439069 0.344271 0.172848 26.157 28.393 0.646676 0.062800 0.062800 0.062800 0.062800 0.062800 0.062800 0.062800 0.062800 0.062800 0.062800 0.062800 0.062800 0.062800 0.062800
-151.8750 -30.4576 7.18557 0.438817 0.346078 0.177600 125.556 129.108 1.000000 1.000000 1.000000 1.000000 1.000000 1.000000 0.624367 0.103500 0.103500 0.103500 0.103500 0.103500 0.103500 0.103500 0.103500
-146.2500 -30.4576 7.24401 0.444073 0.357406 0.184403 84.898 88.586 1.000000 1.000000 1.000000 1.000000 0.279293 0.062800 0.062800 0.062800 0.062800 0.062800 0.062800 0.062800 0.062800 0.062800 0.062800
-140.6250 -30.4576 6.45047 0.429932 0.319706 0.152055 153.430 156.471 1.000000 1.000000 1.000000 1.000000 1.000000 1.000000 1.000000 1.000000 0.555955 0.099300 0.099300 0.099300 0.099300 0.099300 0.099300
-135.0000 -30.4576 5.13442 0.423886 0.285782 0.112346 27.163 28.707 0.686975 0.062800 0.062800 0.062800 0.062800 0.062800 0.062800 0.062800 0.062800 0.062800 0.062800 0.062800 0.062800 0.062800 0.062800
-129.3750 -30.4576 4.51463 0.423277 0.270583 0.093575 32.882 34.713 0.978444 0.062800 0.062800 0.062800 0.062800 0.062800 0.062800 0.062800 0.062800 0.062800 0.062800 0.062800 0.062800 0.062800 0.062800
-123.7500 -30.4576 9.89275 0.455827 0.397468 0.244825 43.577 48.473 1.000000 1.000000 0.101225 0.062800 0.062800 0.062800 0.062800 0.062800 0.062800 0.062800 0.062800 0.062800 0.062800 0.062800 0.062800
-61.8750 -30.4576 10.88765 0.464456 0.417313 0.268687 40.870 46.244 1.000000 0.933459 0.062800 0.062800 0.062800 0.062800 0.062800 0.062800 0.062800 0.062800 0.062800 0.062800 0.062800 0.062800 0.062800
-56.2500 -30.4576 8.79951 0.447700 0.376282 0.218234 165.304 169.668 1.000000 1.000000 1.000000 1.000000 1.000000 1.000000 1.000000 1.000000 0.816271 0.273800 0.273800 0.273800 0.273800 0.273800 0.273800
-50.6250 -30.4576 6.97215 0.436380 0.338941 0.170421 155.330 158.738 1.000000 1.000000 1.000000 1.000000 1.000000 1.000000 1.000000 1.000000 0.472708 0.124100 0.124100 0.124100 0.124100 0.124100 0.124100
-45.0000 -30.4576 6.08670 0.422797 0.300293 0.136618 177.637 180.369 1.000000 1.000000 1.000000 1.000000 1.000000 1.000000 1.000000 1.000000 1.000000 1.000000 0.405794 0.111800 0.111800 0.111800 0.111800
-39.3750 -30.4576 7.82179 0.436747 0.347880 0.188480 239.100 242.870 1.000000 1.000000 1.000000 1.000000 1.000000 1.000000 1.000000 1.000000 1.000000 1.000000 1.000000 1.000000 1.000000 1.000000 1.000000
-33.7500 -30.4576 7.75945 0.436366 0.346593 0.186860 191.830 195.568 1.000000 1.000000 1.000000 1.000000 1.000000 1.000000 1.000000 1.000000 1.000000 0.963955 0.409100 0.409100 0.409100 0.409100 0.409100
-28.1250 -30.4576 5.63259 0.422940 0.293164 0.125169 33.380 35.884 1.000000 0.170578 0.062800 0.062800 0.062800 0.062800 0.062800 0.062800 0.062800 0.062800 0.062800 0.062800 0.062800 0.062800 0.062800
-22.5000 -30.4576 5.92203 0.427752 0.307746 0.136976 47.520 50.259 1.000000 0.966261 0.062800 0.062800 0.062800 0.062800 0.062800 0.062800 0.062800 0.062800 0.062800 0.062800 0.062800 0.062800 0.062800
-16.8750 -30.4576 6.39258 0.421948 0.303136 0.143207 239.893 242.757 1.000000 1.000000 1.000000 1.000000 1.000000 1.000000 1.000000 1.000000 1.000000 1.000000 1.000000 1.000000 1.000000 1.000000 1.000000
-11.2500 -30.4576 6.04805 0.423174 0.300445 0.136001 246.667 249.387 1.000000 1.000000 1.000000 1.000000 1.000000 1.000000 1.000000 1.000000 1.000000 1.000000 1.000000 1.000000 1.000000 1.000000 1.000000
-5.6250 -30.4576 5.67862 0.421576 0.291209 0.125195 84.004 86.508 1.000000 1.000000 1.000000 1.000000 0.432057 0.062800 0.062800 0.062800 0.062800 0.062800 0.062800 0.062800 0.062800 0.062800 0.062800
0.0000 -35.9951 6.86055 0.432847 0.330589 0.164373 249.324 252.611 1.000000 1.000000 1.000000 1.000000 1.000000 1.000000 1.000000 1.000000 1.000000 1.000000 1.000000 1.000000 1.000000 1.000000 1.000000
5.6250 -35.9951 7.12696 0.432733 0.333314 0.170114 164.179 167.582 1.000000 1.000000 1.000000 1.000000 1.000000 1.000000 1.000000 1.000000 0.769995 0.215000 0.215000 0.215000 0.215000 0.215000 0.215000
11.2500 -35.9951 7.62191 0.439972 0.352466 0.187920 95.404 99.163 1.000000 1.000000 0.981633 0.234700 0.234700 0.234700 0.234700 0.234700 0.234700 0.234700 0.234700 0.234700 0.234700 0.234700 0.234700
16.8750 -35.9951 7.03768 0.433043 0.332962 0.168490 87.535 90.905 1.000000 1.000000 0.787813 0.211200 0.211200 0.211200 0.211200 0.211200 0.211200 0.211200 0.211200 0.211200 0.211200 0.211200 0.211200
22.5000 -35.9951 4.99078 0.409668 0.254043 0.097221 135.979 137.923 1.000000 1.000000 1.000000 1.000000 1.000000 1.000000 1.000000 1.000000 0.107491 0.093900 0.093900 0.093900 0.093900 0.093900 0.093900
28.1250 -35.9951 5.23372 0.419356 0.278420 0.111408 67.881 70.110 1.000000 1.000000 1.000000 0.348375 0.065100 0.065100 0.065100 0.065100 0.065100 0.065100 0.065100 0.065100 0.065100 0.065100 0.065100
33.7500 -35.9951 5.71766 0.425865 0.300589 0.129974 39.609 42.209 1.000000 0.505158 0.062800 0.062800 0.062800 0.062800 0.062800 0.062800 0.062800 0.062800 0.062800 0.062800 0.062800 0.062800 0.062800
39.3750 -35.9951 13.30081 0.473739 0.439304 0.306367 16.385 18.550 0.353332 0.062800 0.062800 0.062800 0.062800 0.062800 0.062800 0.062800 0.062800 0.062800 0.062800 0.062800 0.062800 0.062800 0.062800
45.0000 -35.9951 6.77353 0.435721 0.335405 0.165277 24.843 26.764 0.581072 0.062800 0.062800 0.062800 0.062800 0.062800 0.062800 0.062800 0.062800 0.062800 0.062800 0.062800 0.062800 0.062800 0.062800
50.6250 -35.9951 5.94212 0.424565 0.301577 0.134598 127.377 130.069 1.000000 1.000000 1.000000 1.000000 1.000000 1.000000 0.917090 0.088900 0.088900 0.088900 0.088900 0.088900 0.088900 0.088900 0.088900
56.2500 -35.9951 5.89357 0.420256 0.292213 0.129555 243.988 246.579 1.000000 1.000000 1.000000 1.000000 1.000000 1.000000 1.000000 1.000000 1.000000 1.000000 1.000000 1.000000 1.000000 1.000000 1.000000
61.8750 -35.9951 5.83176 0.420872 0.292409 0.128528 245.820 248.391 1.000000 1.000000 1.000000 1.000000 1.000000 1.000000 1.000000 1.000000 1.000000 1.000000 1.000000 1.000000 1.000000 1.000000 1.000000
67.5000 -35.9951 5.70628 0.423466 0.295498 0.127560 161.261 163.812 1.000000 1.000000 1.000000 1.000000 1.000000 1.000000 1.000000 1.000000 0.996404 0.101000 0.101000 0.101000 0.101000 0.101000 0.101000
73.1250 -35.9951 6.46377 0.428759 0.317523 0.151248 249.413 252.438 1.000000 1.000000 1.000000 1.000000 1.000000 1.000000 1.000000 1.000000 1.000000 1.000000 1.000000 1.000000 1.000000 1.000000 1.000000
78.7500 -35.9951 6.59776 0.426459 0.314717 0.152187 243.796 246.840 1.000000 1.000000 1.000000 1.000000 1.000000 1.000000 1.000000 1.000000 1.000000 1.000000 1.000000 1.000000 1.000000 1.000000 1.000000
84.3750 -35.9951 6.90279 0.432676 0.330729 0.165147 165.642 168.945 1.000000 1.000000 1.000000 1.000000 1.000000 1.000000 1.000000 1.000000 0.296663 0.284500 0.284500 0.284500 0.284500 0.284500 0.284500
90.0000 -35.9951 9.00680 0.445742 0.373768 0.219511 108.352 112.742 1.000000 1.000000 1.000000 0.530509 0.317600 0.317600 0.317600 0.317600 0.317600 0.317600 0.317600 0.317600 0.317600 0.317600 0.317600
106.8750 -35.9951 6.60473 0.429012 0.319851 0.154788 247.595 250.691 1.000000 1.000000 1.000000 1.000000 1.000000 1.000000 1.000000 1.000000 1.000000 1.000000 1.000000 1.000000 1.000000 1.000000 1.000000
118.1250 -35.9951 7.07977 0.430561 0.328535 0.166925 242.416 245.754 1.000000 1.000000 1.000000 1.000000 1.000000 1.000000 1.000000 1.000000 1.000000 1.000000 1.000000 1.000000 1.000000 1.000000 1.000000
168.7500 -35.9951 4.26920 0.421373 0.260009 0.084593 97.228 98.920 1.000000 1.000000 1.000000 1.000000 0.914715 0.062800 0.062800 0.062800 0.062800 0.062800 0.062800 0.062800 0.062800 0.062800 0.062800
174.3750 -35.9951 4.52343 0.422215 0.268497 0.093046 196.371 198.232 1.000000 1.000000 1.000000 1.000000 1.000000 1.000000 1.000000 1.000000 1.000000 1.000000 0.788712 0.100900 0.100900 0.100900 0.100900
180.0000 -35.9951 5.84687 0.426531 0.304060 0.133934 255.189 257.868 1.000000 1.000000 1.000000 1.000000 1.000000 1.000000 1.000000 1.000000 1.000000 1.000000 1.000000 1.000000 1.000000 1.000000 1.000000
-174.3750 -35.9951 5.93699 0.426618 0.305657 0.136323 254.000 256.726 1.000000 1.000000 1.000000 1.000000 1.000000 1.000000 1.000000 1.000000 1.000000 1.000000 1.000000 1.000000 1.000000 1.000000 1.000000
-168.7500 -35.9951 6.04368 0.427080 0.308226 0.139443 253.174 255.963 1.000000 1.000000 1.000000 1.000000 1.000000 1.000000 1.000000 1.000000 1.000000 1.000000 1.000000 1.000000 1.000000 1.000000 1.000000
-157.5000 -35.9951 4.87795 0.423477 0.279516 0.104619 31.031 32.903 0.895034 0.062800 0.062800 0.062800 0.062800 0.062800 0.062800 0.062800 0.062800 0.062800 0.062800 0.062800 0.062800 0.062800 0.062800
-151.8750 -35.9951 6.87426 0.432615 0.330282 0.164450 248.749 252.038 1.000000 1.000000 1.000000 1.000000 1.000000 1.000000 1.000000 1.000000 1.000000 1.000000 1.000000 1.000000 1.000000 1.000000 1.000000
-146.2500 -35.9951 7.04257 0.439839 0.346730 0.175540 225.535 229.046 1.000000 1.000000 1.000000 1.000000 1.000000 1.000000 1.000000 1.000000 1.000000 1.000000 1.000000 1.000000 0.810996 0.181800 0.181800
-140.6250 -35.9951 7.28163 0.439475 0.348347 0.180344 217.955 221.562 1.000000 1.000000 1.000000 1.000000 1.000000 1.000000 1.000000 1.000000 1.000000 1.000000 1.000000 1.000000 0.506948 0.233200 0.233200
-135.0000 -35.9951 4.53984 0.423261 0.271172 0.094333 36.314 38.201 1.000000 0.237119 0.062800 0.062800 0.062800 0.062800 0.062800 0.062800 0.062800 0.062800 0.062800 0.062800 0.062800 0.062800 0.062800
-129.3750 -35.9951 4.27974 0.425615 0.269699 0.087989 58.738 60.498 1.000000 1.000000 0.478917 0.062800 0.062800 0.062800 0.062800 0.062800 0.062800 0.062800 0.062800 0.062800 0.062800 0.062800 0.062800
-56.2500 -35.9951 6.44433 0.433000 0.325868 0.154876 22.277 23.589 0.423622 0.062800 0.062800 0.062800 0.062800 0.062800 0.062800 0.062800 0.062800 0.062800 0.062800 0.062800 0.062800 0.062800 0.062800
-50.6250 -35.9951 6.62808 0.434836 0.331901 0.161030 25.224 27.147 0.597004 0.062800 0.062800 0.062800 0.062800 0.062800 0.062800 0.062800 0.062800 0.062800 0.062800 0.062800 0.062800 0.062800 0.062800
-45.0000 -35.9951 6.49399 0.431114 0.322658 0.154225 106.284 109.369 1.000000 1.000000 1.000000 1.000000 1.000000 0.402099 0.100900 0.100900 0.100900 0.100900 0.100900 0.100900 0.100900 0.100900 0.100900
-39.3750 -35.9951 6.75791 0.429821 0.323354 0.159079 169.380 172.561 1.000000 1.000000 1.000000 1.000000 1.000000 1.000000 1.000000 1.000000 1.000000 0.545215 0.153100 0.153100 0.153100 0.153100 0.153100
-33.7500 -35.9951 6.89480 0.436363 0.338067 0.168676 138.889 142.262 1.000000 1.000000 1.000000 1.000000 1.000000 1.000000 1.000000 0.466401 0.104700 0.104700 0.104700 0.104700 0.104700 0.104700 0.104700
-28.1250 -35.9951 7.49194 0.439693 0.350749 0.184975 102.705 106.404 1.000000 1.000000 1.000000 1.000000 0.422465 0.177300 0.177300 0.177300 0.177300 0.177300 0.177300 0.177300 0.177300 0.177300 0.177300
-22.5000 -35.9951 6.26179 0.422028 0.301406 0.140177 241.843 244.647 1.000000 1.000000 1.000000 1.000000 1.000000 1.000000 1.000000 1.000000 1.000000 1.000000 1.000000 1.000000 1.000000 1.000000 1.000000
-16.8750 -35.9951 5.02011 0.413095 0.261381 0.100592 163.363 165.375 1.000000 1.000000 1.000000 1.000000 1.000000 1.000000 1.000000 1.000000 1.000000 0.829115 0.066200 0.066200 0.066200 0.066200 0.066200
-11.2500 -35.9951 5.26832 0.414822 0.270057 0.108714 169.222 171.396 1.000000 1.000000 1.000000 1.000000 1.000000 1.000000 1.000000 1.000000 1.000000 1.000000 0.237119 0.062800 0.062800 0.062800 0.062800
-5.6250 -35.9951 5.70477 0.421257 0.291023 0.125600 177.764 180.276 1.000000 1.000000 1.000000 1.000000 1.000000 1.000000 1.000000 1.000000 1.000000 1.000000 0.494849 0.062800 0.062800 0.062800 0.062800
0.0000 -41.5325 7.00609 0.433774 0.334070 0.168533 248.306 251.677 1.000000 1.000000 1.000000 1.000000 1.000000 1.000000 1.000000 1.000000 1.000000 1.000000 1.000000 1.000000 1.000000 1.000000 1.000000
5.6250 -41.5325 7.86759 0.447970 0.370559 0.201484 29.247 32.613 0.835246 0.063900 0.063900 0.063900 0.063900 0.063900 0.063900 0.063900 0.063900 0.063900 0.063900 0.063900 0.063900 0.063900 0.063900
11.2500 -41.5325 7.63277 0.445112 0.362905 0.193658 28.734 31.785 0.787755 0.065000 0.065000 0.065000 0.065000 0.065000 0.065000 0.065000 0.065000 0.065000 0.065000 0.065000 0.065000 0.065000 0.065000
16.8750 -41.5325 5.38071 0.415742 0.274112 0.112464 100.650 102.899 1.000000 1.000000 1.000000 1.000000 1.000000 0.548746 0.075300 0.075300 0.075300 0.075300 0.075300 0.075300 0.075300 0.075300 0.075300
22.5000 -41.5325 6.07607 0.422994 0.300519 0.136532 245.980 248.711 1.000000 1.000000 1.000000 1.000000 1.000000 1.000000 1.000000 1.000000 1.000000 1.000000 1.000000 1.000000 1.000000 1.000000 1.000000
28.1250 -41.5325 7.28837 0.429969 0.329644 0.170766 238.318 241.733 1.000000 1.000000 1.000000 1.000000 1.000000 1.000000 1.000000 1.000000 1.000000 1.000000 1.000000 1.000000 1.000000 1.000000 1.000000
45.0000 -41.5325 7.33833 0.434946 0.339861 0.176848 174.590 178.127 1.000000 1.000000 1.000000 1.000000 1.000000 1.000000 1.000000 1.000000 0.867656 0.307100 0.307100 0.307100 0.307100 0.307100 0.307100
50.6250 -41.5325 6.27095 0.427858 0.313093 0.145775 250.976 253.892 1.000000 1.000000 1.000000 1.000000 1.000000 1.000000 1.000000 1.000000 1.000000 1.000000 1.000000 1.000000 1.000000 1.000000 1.000000
56.2500 -41.5325 6.14121 0.428434 0.312416 0.143130 253.929 256.792 1.000000 1.000000 1.000000 1.000000 1.000000 1.000000 1.000000 1.000000 1.000000 1.000000 1.000000 1.000000 1.000000 1.000000 1.000000
61.8750 -41.5325 5.87819 0.425672 0.302806 0.133966 157.860 160.539 1.000000 1.000000 1.000000 1.000000 1.000000 1.000000 1.000000 1.000000 0.673474 0.112700 0.112700 0.112700 0.112700 0.112700 0.112700
67.5000 -41.5325 6.52949 0.427006 0.314901 0.151123 189.987 193.009 1.000000 1.000000 1.000000 1.000000 1.000000 1.000000 1.000000 1.000000 1.000000 1.000000 0.574661 0.256400 0.256400 0.256400 0.256400
73.1250 -41.5325 6.71467 0.432506 0.328199 0.160726 133.073 136.287 1.000000 1.000000 1.000000 1.000000 1.000000 0.354837 0.287900 0.287900 0.287900 0.287900 0.287900 0.287900 0.287900 0.287900 0.287900
78.7500 -41.5325 7.12738 0.435172 0.338157 0.172592 112.705 116.156 1.000000 1.000000 1.000000 0.596383 0.291900 0.291900 0.291900 0.291900 0.291900 0.291900 0.291900 0.291900 0.291900 0.291900 0.291900
84.3750 -41.5325 6.72290 0.433414 0.330130 0.161813 85.178 88.414 1.000000 1.000000 0.590987 0.205800 0.205800 0.205800 0.205800 0.205800 0.205800 0.205800 0.205800 0.205800 0.205800 0.205800 0.205800
174.3750 -41.5325 5.41633 0.425134 0.293814 0.121255 258.838 261.263 1.000000 1.000000 1.000000 1.000000 1.000000 1.000000 1.000000 1.000000 1.000000 1.000000 1.000000 1.000000 1.000000 1.000000 1.000000
-174.3750 -41.5325 4.49758 0.422675 0.268847 0.092601 65.901 67.753 1.000000 1.000000 0.966318 0.064400 0.064400 0.064400 0.064400 0.064400 0.064400 0.064400 0.064400 0.064400 0.064400 0.064400 0.064400
-168.7500 -41.5325 6.79977 0.433204 0.330606 0.163358 210.422 213.690 1.000000 1.000000 1.000000 1.000000 1.000000 1.000000 1.000000 1.000000 1.000000 1.000000 1.000000 0.865976 0.238500 0.238500 0.238500
-163.1250 -41.5325 6.25519 0.427866 0.312889 0.145400 217.346 220.254 1.000000 1.000000 1.000000 1.000000 1.000000 1.000000 1.000000 1.000000 1.000000 1.000000 1.000000 0.847243 0.376500 0.376500 0.376500
-157.5000 -41.5325 6.68191 0.430442 0.323665 0.157952 180.290 183.449 1.000000 1.000000 1.000000 1.000000 1.000000 1.000000 1.000000 1.000000 0.588897 0.381800 0.381800 0.381800 0.381800 0.381800 0.381800
-151.8750 -41.5325 5.91882 0.426233 0.304588 0.135511 232.894 235.604 1.000000 1.000000 1.000000 1.000000 1.000000 1.000000 1.000000 1.000000 1.000000 1.000000 1.000000 1.000000 1.000000 0.568695 0.205700
-146.2500 -41.5325 5.46266 0.428392 0.301500 0.125365 243.130 245.637 1.000000 1.000000 1.000000 1.000000 1.000000 1.000000 1.000000 1.000000 1.000000 1.000000 1.000000 1.000000 1.000000 0.581490 0.222100
-140.6250 -41.5325 4.94597 0.423559 0.281169 0.106670 195.225 197.358 1.000000 1.000000 1.000000 1.000000 1.000000 1.000000 1.000000 1.000000 1.000000 1.000000 0.624530 0.140800 0.140800 0.140800 0.140800
-135.0000 -41.5325 6.51338 0.432823 0.326379 0.156347 241.964 245.091 1.000000 1.000000 1.000000 1.000000 1.000000 1.000000 1.000000 1.000000 1.000000 1.000000 1.000000 1.000000 1.000000 0.862791 0.367700
-129.3750 -41.5325 9.38902 0.448166 0.380530 0.228377 228.229 232.797 1.000000 1.000000 1.000000 1.000000 1.000000 1.000000 1.000000 1.000000 1.000000 1.000000 1.000000 1.000000 1.000000 1.000000 1.000000
-95.6250 -41.5325 13.90398 0.473202 0.439202 0.311122 98.393 104.615 1.000000 1.000000 0.838972 0.403600 0.403600 0.403600 0.403600 0.403600 0.403600 0.403600 0.403600 0.403600 0.403600 0.403600 0.403600
-61.8750 -41.5325 14.01261 0.473089 0.439151 0.311919 141.983 148.222 1.000000 1.000000 1.000000 1.000000 1.000000 1.000000 1.000000 0.858890 0.471500 0.471500 0.471500 0.471500 0.471500 0.471500 0.471500
-56.2500 -41.5325 13.98897 0.473102 0.439141 0.311732 121.029 127.264 1.000000 1.000000 1.000000 1.000000 0.934236 0.456500 0.456500 0.456500 0.456500 0.456500 0.456500 0.456500 0.456500 0.456500 0.456500
-45.0000 -41.5325 6.06267 0.429347 0.313141 0.142019 27.747 29.855 0.742270 0.062800 0.062800 0.062800 0.062800 0.062800 0.062800 0.062800 0.062800 0.062800 0.062800 0.062800 0.062800 0.062800 0.062800
-39.3750 -41.5325 6.50671 0.430413 0.321406 0.153849 153.878 156.955 1.000000 1.000000 1.000000 1.000000 1.000000 1.000000 1.000000 1.000000 0.462442 0.120200 0.120200 0.120200 0.120200 0.120200 0.120200
-33.7500 -41.5325 6.75024 0.434406 0.332460 0.163426 186.040 189.308 1.000000 1.000000 1.000000 1.000000 1.000000 1.000000 1.000000 1.000000 1.000000 1.000000 0.457299 0.137200 0.137200 0.137200 0.137200
-28.1250 -41.5325 6.87445 0.436439 0.337999 0.168295 57.929 61.295 1.000000 1.000000 0.316733 0.091400 0.091400 0.091400 0.091400 0.091400 0.091400 0.091400 0.091400 0.091400 0.091400 0.091400 0.091400
-22.5000 -41.5325 6.60470 0.433479 0.328844 0.159139 78.599 81.782 1.000000 1.000000 1.000000 0.342314 0.117200 0.117200 0.117200 0.117200 0.117200 0.117200 0.117200 0.117200 0.117200 0.117200 0.117200
-16.8750 -41.5325 6.29400 0.429059 0.315840 0.147467 252.560 255.509 1.000000 1.000000 1.000000 1.000000 1.000000 1.000000 1.000000 1.000000 1.000000 1.000000 1.000000 1.000000 1.000000 1.000000 1.000000
-11.2500 -41.5325 4.94993 0.409750 0.253268 0.096159 235.663 237.586 1.000000 1.000000 1.000000 1.000000 1.000000 1.000000 1.000000 1.000000 1.000000 1.000000 1.000000 1.000000 1.000000 1.000000 1.000000
-5.6250 -41.5325 5.81269 0.415580 0.281750 0.123510 237.360 239.830 1.000000 1.000000 1.000000 1.000000 1.000000 1.000000 1.000000 1.000000 1.000000 1.000000 1.000000 1.000000 1.000000 1.000000 1.000000
0.0000 -47.0696 6.52700 0.428068 0.316974 0.152075 247.348 250.389 1.000000 1.000000 1.000000 1.000000 1.000000 1.000000 1.000000 1.000000 1.000000 1.000000 1.000000 1.000000 1.000000 1.000000 1.000000
5.6250 -47.0696 6.79783 0.433780 0.331743 0.163887 102.023 105.300 1.000000 1.000000 1.000000 1.000000 1.000000 0.372390 0.078400 0.078400 0.078400 0.078400 0.078400 0.078400 0.078400 0.078400 0.078400
11.2500 -47.0696 6.68635 0.432544 0.327937 0.160113 82.213 85.416 1.000000 1.000000 1.000000 1.000000 0.122798 0.077600 0.077600 0.077600 0.077600 0.077600 0.077600 0.077600 0.077600 0.077600 0.077600
16.8750 -47.0696 5.04503 0.409954 0.255815 0.098916 235.349 237.327 1.000000 1.000000 1.000000 1.000000 1.000000 1.000000 1.000000 1.000000 1.000000 1.000000 1.000000 1.000000 1.000000 1.000000 1.000000
22.5000 -47.0696 6.28020 0.424767 0.307055 0.143125 245.894 248.757 1.000000 1.000000 1.000000 1.000000 1.000000 1.000000 1.000000 1.000000 1.000000 1.000000 1.000000 1.000000 1.000000 1.000000 1.000000
50.6250 -47.0696 6.82480 0.430862 0.326217 0.161607 167.753 170.985 1.000000 1.000000 1.000000 1.000000 1.000000 1.000000 1.000000 1.000000 0.677698 0.252200 0.252200 0.252200 0.252200 0.252200 0.252200
56.2500 -47.0696 6.22202 0.424862 0.306403 0.141806 189.414 192.250 1.000000 1.000000 1.000000 1.000000 1.000000 1.000000 1.000000 1.000000 1.000000 1.000000 0.686133 0.205400 0.205400 0.205400 0.205400
61.8750 -47.0696 6.75532 0.431582 0.326830 0.160745 120.461 123.676 1.000000 1.000000 1.000000 1.000000 0.788992 0.246400 0.246400 0.246400 0.246400 0.246400 0.246400 0.246400 0.246400 0.246400 0.246400
140.6250 -47.0696 13.67096 0.473437 0.439294 0.309364 126.407 132.594 1.000000 1.000000 1.000000 1.000000 1.000000 1.000000 1.000000 0.882928 0.263700 0.263700 0.263700 0.263700 0.263700 0.263700 0.263700
146.2500 -47.0696 13.67096 0.473437 0.439294 0.309364 113.023 119.210 1.000000 1.000000 1.000000 1.000000 1.000000 1.000000 0.589145 0.263700 0.263700 0.263700 0.263700 0.263700 0.263700 0.263700 0.263700
151.8750 -47.0696 13.71504 0.473391 0.439273 0.309698 90.883 97.077 1.000000 1.000000 1.000000 0.829480 0.289500 0.289500 0.289500 0.289500 0.289500 0.289500 0.289500 0.289500 0.289500 0.289500 0.289500
163.1250 -47.0696 6.47953 0.424269 0.308857 0.147386 178.869 181.817 1.000000 1.000000 1.000000 1.000000 1.000000 1.000000 1.000000 1.000000 0.634242 0.407200 0.407200 0.407200 0.407200 0.407200 0.407200
168.7500 -47.0696 7.02862 0.428755 0.324441 0.164034 170.575 173.856 1.000000 1.000000 1.000000 1.000000 1.000000 1.000000 1.000000 0.677122 0.422400 0.422400 0.422400 0.422400 0.422400 0.422400 0.422400
174.3750 -47.0696 6.15188 0.427510 0.310694 0.142534 186.145 188.996 1.000000 1.000000 1.000000 1.000000 1.000000 1.000000 1.000000 1.000000 0.885520 0.364000 0.364000 0.364000 0.364000 0.364000 0.364000
180.0000 -47.0696 8.24753 0.442593 0.362659 0.202803 192.457 196.513 1.000000 1.000000 1.000000 1.000000 1.000000 1.000000 1.000000 1.000000 1.000000 1.000000 1.000000 0.511368 0.176000 0.176000 0.176000
-174.3750 -47.0696 8.96687 0.447006 0.375947 0.220268 211.656 216.062 1.000000 1.000000 1.000000 1.000000 1.000000 1.000000 1.000000 1.000000 1.000000 1.000000 1.000000 1.000000 1.000000 0.431588 0.164100
-163.1250 -47.0696 5.49384 0.428961 0.303253 0.126723 251.157 253.692 1.000000 1.000000 1.000000 1.000000 1.000000 1.000000 1.000000 1.000000 1.000000 1.000000 1.000000 1.000000 1.000000 0.976045 0.251400
-157.5000 -47.0696 5.48091 0.425081 0.294877 0.122970 226.207 228.666 1.000000 1.000000 1.000000 1.000000 1.000000 1.000000 1.000000 1.000000 1.000000 1.000000 1.000000 1.000000 0.718456 0.220100 0.220100
-151.8750 -47.0696 5.02134 0.422640 0.280830 0.108102 188.304 190.466 1.000000 1.000000 1.000000 1.000000 1.000000 1.000000 1.000000 1.000000 1.000000 1.000000 0.190231 0.177900 0.177900 0.177900 0.177900
-146.2500 -47.0696 5.64327 0.425755 0.299110 0.127913 183.699 186.257 1.000000 1.000000 1.000000 1.000000 1.000000 1.000000 1.000000 1.000000 1.000000 0.357296 0.274600 0.274600 0.274600 0.274600 0.274600
-140.6250 -47.0696 5.85721 0.429931 0.311258 0.137303 259.223 261.969 1.000000 1.000000 1.000000 1.000000 1.000000 1.000000 1.000000 1.000000 1.000000 1.000000 1.000000 1.000000 1.000000 1.000000 0.901776
-135.0000 -47.0696 12.94779 0.468706 0.429807 0.296813 114.944 120.880 1.000000 1.000000 1.000000 1.000000 1.000000 0.752880 0.321100 0.321100 0.321100 0.321100 0.321100 0.321100 0.321100 0.321100 0.321100
-129.3750 -47.0696 13.76857 0.473336 0.439251 0.310104 133.092 139.295 1.000000 1.000000 1.000000 1.000000 1.000000 1.000000 1.000000 1.000000 0.374700 0.321800 0.321800 0.321800 0.321800 0.321800 0.321800
-123.7500 -47.0696 13.72606 0.473379 0.439268 0.309781 194.229 200.425 1.000000 1.000000 1.000000 1.000000 1.000000 1.000000 1.000000 1.000000 1.000000 1.000000 1.000000 1.000000 1.000000 1.000000 1.000000
-118.1250 -47.0696 13.70245 0.473406 0.439283 0.309606 157.072 163.264 1.000000 1.000000 1.000000 1.000000 1.000000 1.000000 1.000000 1.000000 1.000000 1.000000 0.981353 0.282800 0.282800 0.282800 0.282800
-106.8750 -47.0696 13.73708 0.473367 0.439262 0.309864 93.459 99.656 1.000000 1.000000 1.000000 0.888496 0.303100 0.303100 0.303100 0.303100 0.303100 0.303100 0.303100 0.303100 0.303100 0.303100 0.303100
-101.2500 -47.0696 13.78433 0.473327 0.439257 0.310232 86.564 92.769 1.000000 1.000000 0.737083 0.331000 0.331000 0.331000 0.331000 0.331000 0.331000 0.331000 0.331000 0.331000 0.331000 0.331000 0.331000
-95.6250 -47.0696 11.53658 0.460187 0.411300 0.271456 92.398 97.827 1.000000 1.000000 0.408409 0.349900 0.349900 0.349900 0.349900 0.349900 0.349900 0.349900 0.349900 0.349900 0.349900 0.349900 0.349900
-90.0000 -47.0696 6.33021 0.423793 0.305848 0.143425 153.345 156.214 1.000000 1.000000 1.000000 1.000000 1.000000 1.000000 1.000000 0.387998 0.293300 0.293300 0.293300 0.293300 0.293300 0.293300 0.293300
-84.3750 -47.0696 6.94141 0.432285 0.330388 0.165616 129.861 133.173 1.000000 1.000000 1.000000 1.000000 0.930215 0.295100 0.295100 0.295100 0.295100 0.295100 0.295100 0.295100 0.295100 0.295100 0.295100
-78.7500 -47.0696 6.97616 0.434544 0.335283 0.168649 113.179 116.552 1.000000 1.000000 1.000000 0.994780 0.254300 0.254300 0.254300 0.254300 0.254300 0.254300 0.254300 0.254300 0.254300 0.254300 0.254300
-56.2500 -47.0696 12.06159 0.461490 0.415062 0.278938 175.309 180.887 1.000000 1.000000 1.000000 1.000000 1.000000 1.000000 1.000000 1.000000 1.000000 1.000000 1.000000 0.594953 0.427900 0.427900 0.427900
-50.6250 -47.0696 8.14330 0.438814 0.354542 0.196794 223.180 227.116 1.000000 1.000000 1.000000 1.000000 1.000000 1.000000 1.000000 1.000000 1.000000 1.000000 1.000000 1.000000 1.000000 0.756969 0.390900
-45.0000 -47.0696 6.77784 0.434027 0.332011 0.163679 96.652 99.925 1.000000 1.000000 1.000000 0.681422 0.187300 0.187300 0.187300 0.187300 0.187300 0.187300 0.187300 0.187300 0.187300 0.187300 0.187300
-39.3750 -47.0696 6.43506 0.433093 0.325941 0.154745 25.882 27.840 0.632618 0.062800 0.062800 0.062800 0.062800 0.062800 0.062800 0.062800 0.062800 0.062800 0.062800 0.062800 0.062800 0.062800 0.062800
-33.7500 -47.0696 6.89493 0.437918 0.341245 0.170263 21.266 22.508 0.364578 0.062800 0.062800 0.062800 0.062800 0.062800 0.062800 0.062800 0.062800 0.062800 0.062800 0.062800 0.062800 0.062800 0.062800
-28.1250 -47.0696 5.67634 0.429459 0.307386 0.132105 35.272 37.914 1.000000 0.195882 0.062800 0.062800 0.062800 0.062800 0.062800 0.062800 0.062800 0.062800 0.062800 0.062800 0.062800 0.062800 0.062800
-11.2500 -47.0696 6.90018 0.429200 0.323825 0.161658 243.252 246.485 1.000000 1.000000 1.000000 1.000000 1.000000 1.000000 1.000000 1.000000 1.000000 1.000000 1.000000 1.000000 1.000000 1.000000 1.000000
-5.6250 -47.0696 5.65767 0.416887 0.281553 0.120666 241.330 243.744 1.000000 1.000000 1.000000 1.000000 1.000000 1.000000 1.000000 1.000000 1.000000 1.000000 1.000000 1.000000 1.000000 1.000000 1.000000
0.0000 -52.6065 5.89662 0.420206 0.292165 0.129588 243.866 246.458 1.000000 1.000000 1.000000 1.000000 1.000000 1.000000 1.000000 1.000000 1.000000 1.000000 1.000000 1.000000 1.000000 1.000000 1.000000
5.6250 -52.6065 5.00364 0.409781 0.254551 0.097656 235.342 237.295 1.000000 1.000000 1.000000 1.000000 1.000000 1.000000 1.000000 1.000000 1.000000 1.000000 1.000000 1.000000 1.000000 1.000000 1.000000
11.2500 -52.6065 4.81354 0.408673 0.247978 0.091602 159.833 161.665 1.000000 1.000000 1.000000 1.000000 1.000000 1.000000 1.000000 1.000000 1.000000 0.588581 0.126500 0.126500 0.126500 0.126500 0.126500
16.8750 -52.6065 5.15688 0.415099 0.268296 0.105902 127.416 129.534 1.000000 1.000000 1.000000 1.000000 1.000000 1.000000 0.758080 0.136000 0.136000 0.136000 0.136000 0.136000 0.136000 0.136000 0.136000
22.5000 -52.6065 6.00854 0.426878 0.307283 0.138373 129.546 132.313 1.000000 1.000000 1.000000 1.000000 1.000000 0.882981 0.198500 0.198500 0.198500 0.198500 0.198500 0.198500 0.198500 0.198500 0.198500
28.1250 -52.6065 4.86660 0.423333 0.278957 0.104171 146.747 148.831 1.000000 1.000000 1.000000 1.000000 1.000000 1.000000 1.000000 0.323407 0.153200 0.153200 0.153200 0.153200 0.153200 0.153200 0.153200
56.2500 -52.6065 6.59402 0.432904 0.327545 0.158325 89.682 92.849 1.000000 1.000000 1.000000 0.336228 0.178500 0.178500 0.178500 0.178500 0.178500 0.178500 0.178500 0.178500 0.178500 0.178500 0.178500
61.8750 -52.6065 4.99687 0.423753 0.282664 0.108301 141.428 143.594 1.000000 1.000000 1.000000 1.000000 1.000000 1.000000 0.723123 0.173500 0.173500 0.173500 0.173500 0.173500 0.173500 0.173500 0.173500
67.5000 -52.6065 4.85229 0.423281 0.278530 0.103710 146.222 148.296 1.000000 1.000000 1.000000 1.000000 1.000000 1.000000 1.000000 0.306449 0.151100 0.151100 0.151100 0.151100 0.151100 0.151100 0.151100
78.7500 -52.6065 4.66004 0.422649 0.272762 0.097506 169.066 171.016 1.000000 1.000000 1.000000 1.000000 1.000000 1.000000 1.000000 1.000000 0.908792 0.123000 0.123000 0.123000 0.123000 0.123000 0.123000
84.3750 -52.6065 4.75381 0.422970 0.275643 0.100556 151.884 153.895 1.000000 1.000000 1.000000 1.000000 1.000000 1.000000 1.000000 0.718532 0.136600 0.136600 0.136600 0.136600 0.136600 0.136600 0.136600
95.6250 -52.6065 5.15416 0.424267 0.286982 0.113222 136.864 139.129 1.000000 1.000000 1.000000 1.000000 1.000000 1.000000 0.271038 0.200700 0.200700 0.200700 0.200700 0.200700 0.200700 0.200700 0.200700
101.2500 -52.6065 5.35118 0.424916 0.292154 0.119278 129.496 131.881 1.000000 1.000000 1.000000 1.000000 1.000000 0.428763 0.229100 0.229100 0.229100 0.229100 0.229100 0.229100 0.229100 0.229100 0.229100
106.8750 -52.6065 5.40679 0.425099 0.293567 0.120964 177.862 180.281 1.000000 1.000000 1.000000 1.000000 1.000000 1.000000 1.000000 1.000000 0.877302 0.237900 0.237900 0.237900 0.237900 0.237900 0.237900
112.5000 -52.6065 5.31622 0.424799 0.291251 0.118211 259.560 261.924 1.000000 1.000000 1.000000 1.000000 1.000000 1.000000 1.000000 1.000000 1.000000 1.000000 1.000000 1.000000 1.000000 1.000000 1.000000
118.1250 -52.6065 5.17004 0.424316 0.287400 0.113711 260.533 262.807 1.000000 1.000000 1.000000 1.000000 1.000000 1.000000 1.000000 1.000000 1.000000 1.000000 1.000000 1.000000 1.000000 1.000000 1.000000
123.7500 -52.6065 11.29855 0.460291 0.410794 0.268759 125.973 131.348 1.000000 1.000000 1.000000 1.000000 1.000000 1.000000 1.000000 0.549617 0.188500 0.188500 0.188500 0.188500 0.188500 0.188500 0.188500
135.0000 -52.6065 13.61429 0.473500 0.439325 0.308935 84.929 91.107 1.000000 1.000000 1.000000 0.974616 0.230800 0.230800 0.230800 0.230800 0.230800 0.230800 0.230800 0.230800 0.230800 0.230800 0.230800
140.6250 -52.6065 13.62688 0.473484 0.439315 0.309029 84.389 90.569 1.000000 1.000000 1.000000 0.847059 0.239100 0.239100 0.239100 0.239100 0.239100 0.239100 0.239100 0.239100 0.239100 0.239100 0.239100
146.2500 -52.6065 12.41461 0.466523 0.424877 0.288780 68.364 74.140 1.000000 1.000000 0.255990 0.230600 0.230600 0.230600 0.230600 0.230600 0.230600 0.230600 0.230600 0.230600 0.230600 0.230600 0.230600
151.8750 -52.6065 5.65929 0.419895 0.287511 0.123249 129.117 131.582 1.000000 1.000000 1.000000 1.000000 1.000000 0.736420 0.236000 0.236000 0.236000 0.236000 0.236000 0.236000 0.236000 0.236000 0.236000
157.5000 -52.6065 6.05518 0.422815 0.299843 0.135855 132.630 135.347 1.000000 1.000000 1.000000 1.000000 1.000000 0.654170 0.270400 0.270400 0.270400 0.270400 0.270400 0.270400 0.270400 0.270400 0.270400
163.1250 -52.6065 5.95543 0.420410 0.293523 0.131240 131.572 134.197 1.000000 1.000000 1.000000 1.000000 1.000000 0.601010 0.278500 0.278500 0.278500 0.278500 0.278500 0.278500 0.278500 0.278500 0.278500
168.7500 -52.6065 6.50244 0.424658 0.309927 0.148282 153.891 156.856 1.000000 1.000000 1.000000 1.000000 1.000000 1.000000 0.827516 0.336600 0.336600 0.336600 0.336600 0.336600 0.336600 0.336600 0.336600
174.3750 -52.6065 6.78713 0.430209 0.324474 0.160118 156.951 160.154 1.000000 1.000000 1.000000 1.000000 1.000000 1.000000 0.787845 0.345200 0.345200 0.345200 0.345200 0.345200 0.345200 0.345200 0.345200
180.0000 -52.6065 6.60506 0.431408 0.324654 0.157118 190.384 193.527 1.000000 1.000000 1.000000 1.000000 1.000000 1.000000 1.000000 1.000000 1.000000 0.914776 0.289800 0.289800 0.289800 0.289800 0.289800
-174.3750 -52.6065 6.01094 0.428014 0.309637 0.139477 219.675 222.465 1.000000 1.000000 1.000000 1.000000 1.000000 1.000000 1.000000 1.000000 1.000000 1.000000 1.000000 1.000000 0.344923 0.282500 0.282500
-168.7500 -52.6065 5.19226 0.424377 0.287970 0.114390 256.008 258.296 1.000000 1.000000 1.000000 1.000000 1.000000 1.000000 1.000000 1.000000 1.000000 1.000000 1.000000 1.000000 1.000000 1.000000 0.748717
-163.1250 -52.6065 4.99527 0.423743 0.282608 0.108246 173.600 175.765 1.000000 1.000000 1.000000 1.000000 1.000000 1.000000 1.000000 1.000000 0.916503 0.173300 0.173300 0.173300 0.173300 0.173300 0.173300
-157.5000 -52.6065 4.95874 0.423629 0.281591 0.107097 129.214 131.356 1.000000 1.000000 1.000000 1.000000 1.000000 0.897603 0.167500 0.167500 0.167500 0.167500 0.167500 0.167500 0.167500 0.167500 0.167500
-151.8750 -52.6065 4.93015 0.423540 0.280786 0.106194 144.514 146.638 1.000000 1.000000 1.000000 1.000000 1.000000 1.000000 0.973216 0.163000 0.163000 0.163000 0.163000 0.163000 0.163000 0.163000 0.163000
-146.2500 -52.6065 4.92378 0.423512 0.280589 0.105986 166.766 168.886 1.000000 1.000000 1.000000 1.000000 1.000000 1.000000 1.000000 1.000000 0.578536 0.162100 0.162100 0.162100 0.162100 0.162100 0.162100
-140.6250 -52.6065 4.60763 0.422487 0.271156 0.095804 150.200 152.116 1.000000 1.000000 1.000000 1.000000 1.000000 1.000000 1.000000 0.770422 0.113600 0.113600 0.113600 0.113600 0.113600 0.113600 0.113600
-135.0000 -52.6065 5.02229 0.423836 0.283374 0.109101 150.968 153.150 1.000000 1.000000 1.000000 1.000000 1.000000 1.000000 1.000000 0.421642 0.177300 0.177300 0.177300 0.177300 0.177300 0.177300 0.177300
-129.3750 -52.6065 5.06679 0.423988 0.284619 0.110503 172.336 174.546 1.000000 1.000000 1.000000 1.000000 1.000000 1.000000 1.000000 1.000000 0.791996 0.184300 0.184300 0.184300 0.184300 0.184300 0.184300
-123.7500 -52.6065 11.95214 0.464202 0.419657 0.281002 106.595 112.215 1.000000 1.000000 1.000000 1.000000 1.000000 0.989453 0.188700 0.188700 0.188700 0.188700 0.188700 0.188700 0.188700 0.188700 0.188700
-118.1250 -52.6065 5.72292 0.427608 0.304278 0.131671 258.910 261.544 1.000000 1.000000 1.000000 1.000000 1.000000 1.000000 1.000000 1.000000 1.000000 1.000000 1.000000 1.000000 1.000000 1.000000 1.000000
-112.5000 -52.6065 6.49615 0.432136 0.324761 0.155269 152.482 155.587 1.000000 1.000000 1.000000 1.000000 1.000000 1.000000 1.000000 0.612489 0.197700 0.197700 0.197700 0.197700 0.197700 0.197700 0.197700
-106.8750 -52.6065 9.57437 0.450012 0.384976 0.233341 82.279 86.946 1.000000 1.000000 1.000000 0.244799 0.198300 0.198300 0.198300 0.198300 0.198300 0.198300 0.198300 0.198300 0.198300 0.198300 0.198300
-101.2500 -52.6065 6.59969 0.428867 0.319498 0.154531 121.656 124.746 1.000000 1.000000 1.000000 1.000000 1.000000 0.340552 0.226000 0.226000 0.226000 0.226000 0.226000 0.226000 0.226000 0.226000 0.226000
-95.6250 -52.6065 6.03111 0.423371 0.300575 0.135757 133.169 135.884 1.000000 1.000000 1.000000 1.000000 1.000000 0.980066 0.233300 0.233300 0.233300 0.233300 0.233300 0.233300 0.233300 0.233300 0.233300
-90.0000 -52.6065 5.74147 0.415477 0.280306 0.121626 161.466 163.899 1.000000 1.000000 1.000000 1.000000 1.000000 1.000000 1.000000 1.000000 0.515389 0.276700 0.276700 0.276700 0.276700 0.276700 0.276700
-84.3750 -52.6065 6.64742 0.429054 0.320473 0.155813 157.938 161.055 1.000000 1.000000 1.000000 1.000000 1.000000 1.000000 1.000000 0.478519 0.301900 0.301900 0.301900 0.301900 0.301900 0.301900 0.301900
-78.7500 -52.6065 7.73630 0.438104 0.349780 0.188230 122.870 126.634 1.000000 1.000000 1.000000 0.579658 0.366000 0.366000 0.366000 0.366000 0.366000 0.366000 0.366000 0.366000 0.366000 0.366000 0.366000
-73.1250 -52.6065 13.77645 0.473332 0.439254 0.310168 94.302 100.505 1.000000 1.000000 1.000000 0.710524 0.326800 0.326800 0.326800 0.326800 0.326800 0.326800 0.326800 0.326800 0.326800 0.326800 0.326800
-67.5000 -52.6065 13.65994 0.473449 0.439300 0.309281 84.207 90.392 1.000000 1.000000 1.000000 0.642906 0.257600 0.257600 0.257600 0.257600 0.257600 0.257600 0.257600 0.257600 0.257600 0.257600 0.257600
-61.8750 -52.6065 13.70873 0.473391 0.439265 0.309643 123.640 129.833 1.000000 1.000000 1.000000 1.000000 1.000000 1.000000 1.000000 0.528773 0.287100 0.287100 0.287100 0.287100 0.287100 0.287100 0.287100
-56.2500 -52.6065 8.95049 0.443734 0.369611 0.216344 196.136 200.462 1.000000 1.000000 1.000000 1.000000 1.000000 1.000000 1.000000 1.000000 1.000000 1.000000 1.000000 0.680976 0.372000 0.372000 0.372000
-50.6250 -52.6065 8.19969 0.439367 0.356047 0.198431 168.615 172.583 1.000000 1.000000 1.000000 1.000000 1.000000 1.000000 1.000000 0.871221 0.403800 0.403800 0.403800 0.403800 0.403800 0.403800 0.403800
-45.0000 -52.6065 7.96683 0.438931 0.353347 0.193590 184.077 187.949 1.000000 1.000000 1.000000 1.000000 1.000000 1.000000 1.000000 1.000000 1.000000 0.935826 0.317300 0.317300 0.317300 0.317300 0.317300
-39.3750 -52.6065 6.52319 0.430745 0.322287 0.154558 161.396 164.487 1.000000 1.000000 1.000000 1.000000 1.000000 1.000000 1.000000 0.555334 0.295300 0.295300 0.295300 0.295300 0.295300 0.295300 0.295300
-33.7500 -52.6065 6.30515 0.430603 0.319130 0.149204 115.360 118.344 1.000000 1.000000 1.000000 1.000000 0.485840 0.230300 0.230300 0.230300 0.230300 0.230300 0.230300 0.230300 0.230300 0.230300 0.230300
-22.5000 -52.6065 9.02803 0.447575 0.377397 0.221920 88.925 93.363 1.000000 1.000000 1.000000 1.000000 0.213456 0.150600 0.150600 0.150600 0.150600 0.150600 0.150600 0.150600 0.150600 0.150600 0.150600
-16.8750 -52.6065 11.89146 0.463860 0.418891 0.279915 61.897 67.496 1.000000 0.817441 0.202800 0.202800 0.202800 0.202800 0.202800 0.202800 0.202800 0.202800 0.202800 0.202800 0.202800 0.202800 0.202800
-11.2500 -52.6065 6.12439 0.424207 0.303660 0.138821 247.259 250.036 1.000000 1.000000 1.000000 1.000000 1.000000 1.000000 1.000000 1.000000 1.000000 1.000000 1.000000 1.000000 1.000000 1.000000 1.000000
-5.6250 -52.6065 5.61047 0.415457 0.277911 0.118259 239.478 241.843 1.000000 1.000000 1.000000 1.000000 1.000000 1.000000 1.000000 1.000000 1.000000 1.000000 1.000000 1.000000 1.000000 1.000000 1.000000
0.0000 -58.1430 7.05084 0.435538 0.338083 0.171299 106.131 109.557 1.000000 1.000000 1.000000 1.000000 0.500388 0.186300 0.186300 0.186300 0.186300 0.186300 0.186300 0.186300 0.186300 0.186300 0.186300
5.6250 -58.1430 6.19120 0.428945 0.314170 0.144844 122.348 125.245 1.000000 1.000000 1.000000 1.000000 1.000000 1.000000 0.230348 0.124400 0.124400 0.124400 0.124400 0.124400 0.124400 0.124400 0.124400
11.2500 -58.1430 6.10938 0.429052 0.313216 0.142914 105.376 108.234 1.000000 1.000000 1.000000 1.000000 0.694599 0.149300 0.149300 0.149300 0.149300 0.149300 0.149300 0.149300 0.149300 0.149300 0.149300
16.8750 -58.1430 5.93396 0.429665 0.311879 0.139041 91.703 94.484 1.000000 1.000000 1.000000 0.910934 0.126800 0.126800 0.126800 0.126800 0.126800 0.126800 0.126800 0.126800 0.126800 0.126800 0.126800
22.5000 -58.1430 6.60694 0.435286 0.332571 0.160982 71.650 74.870 1.000000 1.000000 0.979293 0.099700 0.099700 0.099700 0.099700 0.099700 0.099700 0.099700 0.099700 0.099700 0.099700 0.099700 0.099700
28.1250 -58.1430 5.88214 0.430529 0.312891 0.138503 64.822 67.592 1.000000 1.000000 0.746328 0.080900 0.080900 0.080900 0.080900 0.080900 0.080900 0.080900 0.080900 0.080900 0.080900 0.080900 0.080900
39.3750 -58.1430 4.49958 0.422128 0.267712 0.092254 113.226 115.071 1.000000 1.000000 1.000000 1.000000 1.000000 0.579249 0.097100 0.097100 0.097100 0.097100 0.097100 0.097100 0.097100 0.097100 0.097100
61.8750 -58.1430 5.33120 0.426662 0.295452 0.120220 94.030 96.435 1.000000 1.000000 1.000000 1.000000 0.395057 0.097100 0.097100 0.097100 0.097100 0.097100 0.097100 0.097100 0.097100 0.097100 0.097100
67.5000 -58.1430 5.88498 0.428139 0.307968 0.136378 79.502 82.229 1.000000 1.000000 1.000000 0.609126 0.093100 0.093100 0.093100 0.093100 0.093100 0.093100 0.093100 0.093100 0.093100 0.093100 0.093100
73.1250 -58.1430 5.13524 0.421287 0.280377 0.110238 96.872 99.077 1.000000 1.000000 1.000000 1.000000 0.767706 0.092600 0.092600 0.092600 0.092600 0.092600 0.092600 0.092600 0.092600 0.092600 0.092600
78.7500 -58.1430 5.13467 0.418776 0.275216 0.108198 99.373 101.537 1.000000 1.000000 1.000000 1.000000 0.973830 0.097600 0.097600 0.097600 0.097600 0.097600 0.097600 0.097600 0.097600 0.097600 0.097600
84.3750 -58.1430 6.39421 0.430935 0.320998 0.151675 67.906 70.939 1.000000 1.000000 0.702406 0.109000 0.109000 0.109000 0.109000 0.109000 0.109000 0.109000 0.109000 0.109000 0.109000 0.109000 0.109000
90.0000 -58.1430 5.28195 0.420527 0.281761 0.113692 106.067 108.340 1.000000 1.000000 1.000000 1.000000 1.000000 0.188597 0.124700 0.124700 0.124700 0.124700 0.124700 0.124700 0.124700 0.124700 0.124700
95.6250 -58.1430 5.31793 0.421127 0.283689 0.115175 80.358 82.662 1.000000 1.000000 1.000000 0.632353 0.103300 0.103300 0.103300 0.103300 0.103300 0.103300 0.103300 0.103300 0.103300 0.103300 0.103300
101.2500 -58.1430 5.14736 0.420302 0.278596 0.109779 94.782 96.978 1.000000 1.000000 1.000000 1.000000 0.610473 0.100400 0.100400 0.100400 0.100400 0.100400 0.100400 0.100400 0.100400 0.100400 0.100400
106.8750 -58.1430 5.90159 0.425546 0.302920 0.134450 84.868 87.557 1.000000 1.000000 1.000000 0.892492 0.104100 0.104100 0.104100 0.104100 0.104100 0.104100 0.104100 0.104100 0.104100 0.104100 0.104100
112.5000 -58.1430 6.20720 0.431290 0.319199 0.147456 100.261 103.211 1.000000 1.000000 1.000000 1.000000 0.562878 0.127500 0.127500 0.127500 0.127500 0.127500 0.127500 0.127500 0.127500 0.127500 0.127500
118.1250 -58.1430 7.07093 0.436832 0.340900 0.173061 125.652 129.113 1.000000 1.000000 1.000000 1.000000 1.000000 1.000000 0.603238 0.110400 0.110400 0.110400 0.110400 0.110400 0.110400 0.110400 0.110400
123.7500 -58.1430 7.19247 0.437602 0.343693 0.176489 107.565 111.094 1.000000 1.000000 1.000000 1.000000 1.000000 0.474622 0.106500 0.106500 0.106500 0.106500 0.106500 0.106500 0.106500 0.106500 0.106500
140.6250 -58.1430 13.48993 0.473636 0.439391 0.307980 45.802 51.962 1.000000 0.398918 0.160500 0.160500 0.160500 0.160500 0.160500 0.160500 0.160500 0.160500 0.160500 0.160500 0.160500 0.160500 0.160500
146.2500 -58.1430 6.76380 0.434103 0.332002 0.163434 60.544 63.813 1.000000 0.589690 0.154000 0.154000 0.154000 0.154000 0.154000 0.154000 0.154000 0.154000 0.154000 0.154000 0.154000 0.154000 0.154000
151.8750 -58.1430 5.40688 0.422901 0.289017 0.119091 67.359 69.741 1.000000 1.000000 0.758035 0.100500 0.100500 0.100500 0.100500 0.100500 0.100500 0.100500 0.100500 0.100500 0.100500 0.100500 0.100500
157.5000 -58.1430 4.57291 0.404559 0.234043 0.082041 72.713 74.354 1.000000 1.000000 1.000000 0.733173 0.095500 0.095500 0.095500 0.095500 0.095500 0.095500 0.095500 0.095500 0.095500 0.095500 0.095500
163.1250 -58.1430 5.10160 0.410591 0.258292 0.100932 72.277 74.295 1.000000 1.000000 1.000000 0.339044 0.114000 0.114000 0.114000 0.114000 0.114000 0.114000 0.114000 0.114000 0.114000 0.114000 0.114000
168.7500 -58.1430 5.05770 0.408483 0.253278 0.098168 102.388 104.351 1.000000 1.000000 1.000000 1.000000 1.000000 0.230288 0.152300 0.152300 0.152300 0.152300 0.152300 0.152300 0.152300 0.152300 0.152300
174.3750 -58.1430 5.37074 0.414010 0.270525 0.110809 142.269 144.485 1.000000 1.000000 1.000000 1.000000 1.000000 1.000000 1.000000 0.600670 0.186700 0.186700 0.186700 0.186700 0.186700 0.186700 0.186700
180.0000 -58.1430 5.76258 0.421735 0.292965 0.127509 138.193 140.743 1.000000 1.000000 1.000000 1.000000 1.000000 1.000000 0.841024 0.188900 0.188900 0.188900 0.188900 0.188900 0.188900 0.188900 0.188900
-174.3750 -58.1430 5.77275 0.426549 0.302902 0.132027 167.381 170.022 1.000000 1.000000 1.000000 1.000000 1.000000 1.000000 1.000000 1.000000 0.696930 0.183100 0.183100 0.183100 0.183100 0.183100 0.183100
-168.7500 -58.1430 4.95201 0.423431 0.281026 0.106742 148.111 150.246 1.000000 1.000000 1.000000 1.000000 1.000000 1.000000 1.000000 0.581963 0.130900 0.130900 0.130900 0.130900 0.130900 0.130900 0.130900
-163.1250 -58.1430 4.81554 0.423810 0.278842 0.103046 145.297 147.358 1.000000 1.000000 1.000000 1.000000 1.000000 1.000000 1.000000 0.401282 0.123400 0.123400 0.123400 0.123400 0.123400 0.123400 0.123400
-157.5000 -58.1430 5.51483 0.430681 0.307287 0.128836 86.484 89.060 1.000000 1.000000 1.000000 0.947657 0.081700 0.081700 0.081700 0.081700 0.081700 0.081700 0.081700 0.081700 0.081700 0.081700 0.081700
-151.8750 -58.1430 4.89567 0.425890 0.285085 0.107084 81.432 83.574 1.000000 1.000000 1.000000 0.742120 0.075700 0.075700 0.075700 0.075700 0.075700 0.075700 0.075700 0.075700 0.075700 0.075700 0.075700
-146.2500 -58.1430 5.05508 0.425914 0.288478 0.111756 111.604 113.839 1.000000 1.000000 1.000000 1.000000 1.000000 0.355859 0.106600 0.106600 0.106600 0.106600 0.106600 0.106600 0.106600 0.106600 0.106600
-140.6250 -58.1430 4.96452 0.424871 0.284362 0.108273 75.716 77.882 1.000000 1.000000 1.000000 0.456176 0.076700 0.076700 0.076700 0.076700 0.076700 0.076700 0.076700 0.076700 0.076700 0.076700 0.076700
-135.0000 -58.1430 5.65729 0.427163 0.302265 0.129535 102.331 104.922 1.000000 1.000000 1.000000 1.000000 0.675338 0.124900 0.124900 0.124900 0.124900 0.124900 0.124900 0.124900 0.124900 0.124900 0.124900
-129.3750 -58.1430 6.01569 0.429515 0.312794 0.140988 114.059 116.878 1.000000 1.000000 1.000000 1.000000 1.000000 0.424709 0.134900 0.134900 0.134900 0.134900 0.134900 0.134900 0.134900 0.134900 0.134900
-123.7500 -58.1430 5.32193 0.422274 0.286118 0.116240 125.642 127.966 1.000000 1.000000 1.000000 1.000000 1.000000 1.000000 0.537581 0.107300 0.107300 0.107300 0.107300 0.107300 0.107300 0.107300 0.107300
-118.1250 -58.1430 5.52295 0.421829 0.288960 0.121307 145.942 148.368 1.000000 1.000000 1.000000 1.000000 1.000000 1.000000 1.000000 1.000000 0.168622 0.089400 0.089400 0.089400 0.089400 0.089400 0.089400
-112.5000 -58.1430 5.46522 0.419895 0.283992 0.118134 109.122 111.485 1.000000 1.000000 1.000000 1.000000 1.000000 0.926727 0.072500 0.072500 0.072500 0.072500 0.072500 0.072500 0.072500 0.072500 0.072500
-106.8750 -58.1430 5.27082 0.417499 0.275421 0.110921 68.665 70.883 1.000000 1.000000 1.000000 0.385465 0.071700 0.071700 0.071700 0.071700 0.071700 0.071700 0.071700 0.071700 0.071700 0.071700 0.071700
-101.2500 -58.1430 4.90249 0.412688 0.257917 0.097011 75.979 77.919 1.000000 1.000000 1.000000 0.893660 0.075300 0.075300 0.075300 0.075300 0.075300 0.075300 0.075300 0.075300 0.075300 0.075300 0.075300
-95.6250 -58.1430 4.93561 0.408200 0.249956 0.094636 125.989 127.881 1.000000 1.000000 1.000000 1.000000 1.000000 1.000000 1.000000 0.291112 0.117200 0.117200 0.117200 0.117200 0.117200 0.117200 0.117200
-90.0000 -58.1430 4.83101 0.407233 0.245635 0.091064 112.001 113.823 1.000000 1.000000 1.000000 1.000000 1.000000 1.000000 0.196360 0.131200 0.131200 0.131200 0.131200 0.131200 0.131200 0.131200 0.131200
-84.3750 -58.1430 5.87070 0.425861 0.303071 0.133944 104.132 106.811 1.000000 1.000000 1.000000 1.000000 0.599005 0.155800 0.155800 0.155800 0.155800 0.155800 0.155800 0.155800 0.155800 0.155800 0.155800
-78.7500 -58.1430 7.10806 0.432749 0.333143 0.169722 110.143 113.538 1.000000 1.000000 1.000000 1.000000 0.345884 0.239400 0.239400 0.239400 0.239400 0.239400 0.239400 0.239400 0.239400 0.239400 0.239400
-67.5000 -58.1430 13.52770 0.473589 0.439362 0.308265 66.738 72.903 1.000000 1.000000 0.904317 0.182200 0.182200 0.182200 0.182200 0.182200 0.182200 0.182200 0.182200 0.182200 0.182200 0.182200 0.182200
-61.8750 -58.1430 11.28306 0.460427 0.410998 0.268735 92.456 97.831 1.000000 1.000000 1.000000 1.000000 0.817004 0.168200 0.168200 0.168200 0.168200 0.168200 0.168200 0.168200 0.168200 0.168200 0.168200
-56.2500 -58.1430 6.07446 0.428206 0.310977 0.141254 138.192 141.017 1.000000 1.000000 1.000000 1.000000 1.000000 1.000000 1.000000 0.178995 0.137600 0.137600 0.137600 0.137600 0.137600 0.137600 0.137600
-50.6250 -58.1430 6.03537 0.427628 0.309216 0.139738 131.159 133.953 1.000000 1.000000 1.000000 1.000000 1.000000 1.000000 0.494989 0.155500 0.155500 0.155500 0.155500 0.155500 0.155500 0.155500 0.155500
-45.0000 -58.1430 6.33341 0.430536 0.319376 0.149826 108.344 111.340 1.000000 1.000000 1.000000 1.000000 0.531078 0.185900 0.185900 0.185900 0.185900 0.185900 0.185900 0.185900 0.185900 0.185900 0.185900
-39.3750 -58.1430 6.24928 0.427309 0.311684 0.144736 89.645 92.539 1.000000 1.000000 0.974387 0.199600 0.199600 0.199600 0.199600 0.199600 0.199600 0.199600 0.199600 0.199600 0.199600 0.199600 0.199600
-33.7500 -58.1430 6.96050 0.433853 0.333727 0.167607 76.496 79.848 1.000000 0.558957 0.234300 0.234300 0.234300 0.234300 0.234300 0.234300 0.234300 0.234300 0.234300 0.234300 0.234300 0.234300 0.234300
-28.1250 -58.1430 6.93323 0.434388 0.334498 0.167540 73.391 76.741 1.000000 0.267938 0.240600 0.240600 0.240600 0.240600 0.240600 0.240600 0.240600 0.240600 0.240600 0.240600 0.240600 0.240600 0.240600
-5.6250 -58.1430 6.95833 0.433573 0.333142 0.167277 97.965 101.311 1.000000 1.000000 1.000000 0.743715 0.196600 0.196600 0.196600 0.196600 0.196600 0.196600 0.196600 0.196600 0.196600 0.196600 0.196600
0.0000 -63.6786 6.69456 0.434936 0.332892 0.162675 47.651 50.904 1.000000 0.244617 0.119600 0.119600 0.119600 0.119600 0.119600 0.119600 0.119600 0.119600 0.119600 0.119600 0.119600 0.119600 0.119600
5.6250 -63.6786 9.50109 0.452668 0.389665 0.235272 41.094 45.799 1.000000 0.435749 0.094300 0.094300 0.094300 0.094300 0.094300 0.094300 0.094300 0.094300 0.094300 0.094300 0.094300 0.094300 0.094300
11.2500 -63.6786 5.10855 0.425831 0.289382 0.113225 47.299 49.563 1.000000 0.555320 0.086900 0.086900 0.086900 0.086900 0.086900 0.086900 0.086900 0.086900 0.086900 0.086900 0.086900 0.086900 0.086900
22.5000 -63.6786 4.39790 0.421797 0.264383 0.088890 42.457 44.235 1.000000 0.354576 0.081900 0.081900 0.081900 0.081900 0.081900 0.081900 0.081900 0.081900 0.081900 0.081900 0.081900 0.081900 0.081900
28.1250 -63.6786 4.41378 0.421845 0.264902 0.089414 45.331 47.119 1.000000 0.489844 0.084100 0.084100 0.084100 0.084100 0.084100 0.084100 0.084100 0.084100 0.084100 0.084100 0.084100 0.084100 0.084100
33.7500 -63.6786 4.44874 0.421963 0.266060 0.090575 61.816 63.628 1.000000 1.000000 0.447387 0.089600 0.089600 0.089600 0.089600 0.089600 0.089600 0.089600 0.089600 0.089600 0.089600 0.089600 0.089600
50.6250 -63.6786 6.26781 0.430105 0.317606 0.147820 67.046 70.002 1.000000 1.000000 0.826858 0.093500 0.093500 0.093500 0.093500 0.093500 0.093500 0.093500 0.093500 0.093500 0.093500 0.093500 0.093500
56.2500 -63.6786 7.01085 0.439015 0.344715 0.173983 49.678 53.158 1.000000 0.782635 0.086700 0.086700 0.086700 0.086700 0.086700 0.086700 0.086700 0.086700 0.086700 0.086700 0.086700 0.086700 0.086700
61.8750 -63.6786 6.94625 0.438311 0.342597 0.171819 26.635 28.973 0.680415 0.062800 0.062800 0.062800 0.062800 0.062800 0.062800 0.062800 0.062800 0.062800 0.062800 0.062800 0.062800 0.062800 0.062800
67.5000 -63.6786 6.86482 0.438602 0.342328 0.170284 39.635 43.040 1.000000 0.487352 0.062800 0.062800 0.062800 0.062800 0.062800 0.062800 0.062800 0.062800 0.062800 0.062800 0.062800 0.062800 0.062800
73.1250 -63.6786 5.68996 0.420222 0.288700 0.124325 45.956 48.442 1.000000 0.979382 0.062800 0.062800 0.062800 0.062800 0.062800 0.062800 0.062800 0.062800 0.062800 0.062800 0.062800 0.062800 0.062800
78.7500 -63.6786 5.05496 0.412414 0.260812 0.101036 41.604 43.624 1.000000 0.783576 0.063100 0.063100 0.063100 0.063100 0.063100 0.063100 0.063100 0.063100 0.063100 0.063100 0.063100 0.063100 0.063100
84.3750 -63.6786 5.23846 0.414878 0.269556 0.107951 80.373 82.532 1.000000 1.000000 1.000000 1.000000 0.103434 0.087000 0.087000 0.087000 0.087000 0.087000 0.087000 0.087000 0.087000 0.087000 0.087000
90.0000 -63.6786 5.54731 0.417675 0.281092 0.118455 91.855 94.224 1.000000 1.000000 1.000000 1.000000 0.725844 0.092200 0.092200 0.092200 0.092200 0.092200 0.092200 0.092200 0.092200 0.092200 0.092200
95.6250 -63.6786 4.59099 0.404902 0.235167 0.082776 79.567 81.223 1.000000 1.000000 1.000000 1.000000 0.593255 0.062800 0.062800 0.062800 0.062800 0.062800 0.062800 0.062800 0.062800 0.062800 0.062800
101.2500 -63.6786 5.56677 0.420912 0.287899 0.121690 60.706 63.140 1.000000 1.000000 0.898782 0.062800 0.062800 0.062800 0.062800 0.062800 0.062800 0.062800 0.062800 0.062800 0.062800 0.062800 0.062800
106.8750 -63.6786 6.06391 0.429187 0.312831 0.141901 50.399 53.237 1.000000 1.000000 0.194945 0.062800 0.062800 0.062800 0.062800 0.062800 0.062800 0.062800 0.062800 0.062800 0.062800 0.062800 0.062800
112.5000 -63.6786 7.37407 0.439914 0.350107 0.182758 35.009 38.664 1.000000 0.275544 0.062800 0.062800 0.062800 0.062800 0.062800 0.062800 0.062800 0.062800 0.062800 0.062800 0.062800 0.062800 0.062800
118.1250 -63.6786 11.97817 0.466067 0.423096 0.283552 28.734 34.405 1.000000 0.242742 0.062800 0.062800 0.062800 0.062800 0.062800 0.062800 0.062800 0.062800 0.062800 0.062800 0.062800 0.062800 0.062800
123.7500 -63.6786 13.31361 0.473823 0.439472 0.306590 19.840 23.604 0.613874 0.062800 0.062800 0.062800 0.062800 0.062800 0.062800 0.062800 0.062800 0.062800 0.062800 0.062800 0.062800 0.062800 0.062800
140.6250 -63.6786 13.37816 0.473756 0.439446 0.307105 31.175 37.234 0.986467 0.097800 0.097800 0.097800 0.097800 0.097800 0.097800 0.097800 0.097800 0.097800 0.097800 0.097800 0.097800 0.097800 0.097800
146.2500 -63.6786 4.99408 0.413471 0.261542 0.100155 102.814 104.817 1.000000 1.000000 1.000000 1.000000 1.000000 0.447202 0.102600 0.102600 0.102600 0.102600 0.102600 0.102600 0.102600 0.102600 0.102600
151.8750 -63.6786 5.77535 0.426286 0.302404 0.131859 50.572 53.209 1.000000 1.000000 0.096518 0.072400 0.072400 0.072400 0.072400 0.072400 0.072400 0.072400 0.072400 0.072400 0.072400 0.072400 0.072400
157.5000 -63.6786 6.61684 0.435491 0.333111 0.161419 60.295 63.524 1.000000 1.000000 0.559033 0.079400 0.079400 0.079400 0.079400 0.079400 0.079400 0.079400 0.079400 0.079400 0.079400 0.079400 0.079400
163.1250 -63.6786 5.23284 0.412965 0.265691 0.106298 67.047 69.173 1.000000 1.000000 1.000000 0.235084 0.088300 0.088300 0.088300 0.088300 0.088300 0.088300 0.088300 0.088300 0.088300 0.088300 0.088300
168.7500 -63.6786 5.90394 0.421430 0.294702 0.130845 61.404 64.021 1.000000 1.000000 0.437014 0.109200 0.109200 0.109200 0.109200 0.109200 0.109200 0.109200 0.109200 0.109200 0.109200 0.109200 0.109200
174.3750 -63.6786 6.00307 0.422795 0.298993 0.134542 65.162 67.853 1.000000 1.000000 0.431195 0.127600 0.127600 0.127600 0.127600 0.127600 0.127600 0.127600 0.127600 0.127600 0.127600 0.127600 0.127600
180.0000 -63.6786 5.87877 0.420719 0.292883 0.129586 92.967 95.559 1.000000 1.000000 1.000000 1.000000 0.445123 0.124800 0.124800 0.124800 0.124800 0.124800 0.124800 0.124800 0.124800 0.124800 0.124800
-174.3750 -63.6786 5.95807 0.421659 0.296029 0.132407 98.218 100.866 1.000000 1.000000 1.000000 1.000000 0.984731 0.101800 0.101800 0.101800 0.101800 0.101800 0.101800 0.101800 0.101800 0.101800 0.101800
-168.7500 -63.6786 5.56626 0.422911 0.291938 0.123388 73.582 76.050 1.000000 1.000000 1.000000 0.614276 0.068300 0.068300 0.068300 0.068300 0.068300 0.068300 0.068300 0.068300 0.068300 0.068300 0.068300
-163.1250 -63.6786 5.96547 0.430390 0.313859 0.140522 52.084 54.894 1.000000 1.000000 0.251177 0.062800 0.062800 0.062800 0.062800 0.062800 0.062800 0.062800 0.062800 0.062800 0.062800 0.062800 0.062800
-157.5000 -63.6786 6.51506 0.438099 0.337324 0.161621 40.906 44.138 1.000000 0.511719 0.062800 0.062800 0.062800 0.062800 0.062800 0.062800 0.062800 0.062800 0.062800 0.062800 0.062800 0.062800 0.062800
-151.8750 -63.6786 6.88527 0.440067 0.345574 0.172256 38.190 41.635 1.000000 0.387071 0.062800 0.062800 0.062800 0.062800 0.062800 0.062800 0.062800 0.062800 0.062800 0.062800 0.062800 0.062800 0.062800
-146.2500 -63.6786 5.72285 0.430562 0.310469 0.134349 48.530 51.217 1.000000 0.939082 0.062800 0.062800 0.062800 0.062800 0.062800 0.062800 0.062800 0.062800 0.062800 0.062800 0.062800 0.062800 0.062800
-140.6250 -63.6786 5.52959 0.428706 0.303330 0.127473 60.437 62.987 1.000000 1.000000 0.588320 0.070700 0.070700 0.070700 0.070700 0.070700 0.070700 0.070700 0.070700 0.070700 0.070700 0.070700 0.070700
-135.0000 -63.6786 7.52632 0.444764 0.361308 0.191101 61.830 65.652 1.000000 1.000000 0.522655 0.092500 0.092500 0.092500 0.092500 0.092500 0.092500 0.092500 0.092500 0.092500 0.092500 0.092500 0.092500
-129.3750 -63.6786 4.77472 0.410463 0.250519 0.091795 109.837 111.673 1.000000 1.000000 1.000000 1.000000 1.000000 1.000000 0.196002 0.090500 0.090500 0.090500 0.090500 0.090500 0.090500 0.090500 0.090500
-123.7500 -63.6786 4.78063 0.408779 0.247386 0.090759 101.086 102.901 1.000000 1.000000 1.000000 1.000000 1.000000 0.688019 0.085100 0.085100 0.085100 0.085100 0.085100 0.085100 0.085100 0.085100 0.085100
-118.1250 -63.6786 5.25417 0.414099 0.268348 0.107761 67.803 69.958 1.000000 1.000000 1.000000 0.434604 0.071600 0.071600 0.071600 0.071600 0.071600 0.071600 0.071600 0.071600 0.071600 0.071600 0.071600
-112.5000 -63.6786 5.54437 0.418524 0.282719 0.119086 73.629 76.010 1.000000 1.000000 1.000000 0.808811 0.062800 0.062800 0.062800 0.062800 0.062800 0.062800 0.062800 0.062800 0.062800 0.062800 0.062800
-106.8750 -63.6786 5.89592 0.422862 0.297422 0.131907 61.724 64.363 1.000000 1.000000 0.975633 0.062800 0.062800 0.062800 0.062800 0.062800 0.062800 0.062800 0.062800 0.062800 0.062800 0.062800 0.062800
-101.2500 -63.6786 6.48654 0.430575 0.321472 0.153528 31.025 33.998 0.968135 0.062800 0.062800 0.062800 0.062800 0.062800 0.062800 0.062800 0.062800 0.062800 0.062800 0.062800 0.062800 0.062800 0.062800
-95.6250 -63.6786 6.65250 0.432952 0.328354 0.159733 29.128 31.463 0.730648 0.071200 0.071200 0.071200 0.071200 0.071200 0.071200 0.071200 0.071200 0.071200 0.071200 0.071200 0.071200 0.071200 0.071200
-90.0000 -63.6786 6.01195 0.422517 0.298580 0.134515 63.217 65.907 1.000000 1.000000 0.819962 0.086100 0.086100 0.086100 0.086100 0.086100 0.086100 0.086100 0.086100 0.086100 0.086100 0.086100 0.086100
-84.3750 -63.6786 6.35558 0.429827 0.318234 0.149685 64.843 67.836 1.000000 1.000000 0.615913 0.102600 0.102600 0.102600 0.102600 0.102600 0.102600 0.102600 0.102600 0.102600 0.102600 0.102600 0.102600
-78.7500 -63.6786 6.46266 0.432714 0.325516 0.155036 67.633 70.734 1.000000 1.000000 0.648411 0.109900 0.109900 0.109900 0.109900 0.109900 0.109900 0.109900 0.109900 0.109900 0.109900 0.109900 0.109900
-73.1250 -63.6786 6.79437 0.435129 0.334437 0.165159 66.992 70.295 1.000000 1.000000 0.558300 0.116600 0.116600 0.116600 0.116600 0.116600 0.116600 0.116600 0.116600 0.116600 0.116600 0.116600 0.116600
-67.5000 -63.6786 7.22521 0.436668 0.342149 0.176227 70.708 74.232 1.000000 1.000000 0.943917 0.109800 0.109800 0.109800 0.109800 0.109800 0.109800 0.109800 0.109800 0.109800 0.109800 0.109800 0.109800
-61.8750 -63.6786 6.05283 0.429171 0.312634 0.141607 79.596 82.428 1.000000 1.000000 1.000000 0.728894 0.084100 0.084100 0.084100 0.084100 0.084100 0.084100 0.084100 0.084100 0.084100 0.084100 0.084100
-56.2500 -63.6786 5.76740 0.424763 0.299159 0.130295 68.689 71.295 1.000000 1.000000 1.000000 0.249338 0.074400 0.074400 0.074400 0.074400 0.074400 0.074400 0.074400 0.074400 0.074400 0.074400 0.074400
-50.6250 -63.6786 4.85117 0.410054 0.251554 0.093644 63.147 65.020 1.000000 1.000000 1.000000 0.221247 0.070700 0.070700 0.070700 0.070700 0.070700 0.070700 0.070700 0.070700 0.070700 0.070700 0.070700
-45.0000 -63.6786 4.94041 0.410472 0.254448 0.096427 70.992 72.920 1.000000 1.000000 1.000000 0.684063 0.073500 0.073500 0.073500 0.073500 0.073500 0.073500 0.073500 0.073500 0.073500 0.073500 0.073500
-39.3750 -63.6786 5.59342 0.421577 0.289715 0.122961 78.577 81.037 1.000000 1.000000 1.000000 0.595675 0.101500 0.101500 0.101500 0.101500 0.101500 0.101500 0.101500 0.101500 0.101500 0.101500 0.101500
-33.7500 -63.6786 5.79773 0.423436 0.296970 0.129905 63.401 65.999 1.000000 1.000000 0.268594 0.127200 0.127200 0.127200 0.127200 0.127200 0.127200 0.127200 0.127200 0.127200 0.127200 0.127200 0.127200
-28.1250 -63.6786 5.76866 0.423119 0.295848 0.128876 73.775 76.353 1.000000 1.000000 0.736041 0.140200 0.140200 0.140200 0.140200 0.140200 0.140200 0.140200 0.140200 0.140200 0.140200 0.140200 0.140200
-22.5000 -63.6786 6.35722 0.431350 0.321356 0.151183 73.376 76.399 1.000000 1.000000 0.629426 0.140200 0.140200 0.140200 0.140200 0.140200 0.140200 0.140200 0.140200 0.140200 0.140200 0.140200 0.140200
-16.8750 -63.6786 6.21328 0.430434 0.317523 0.146793 69.170 72.106 1.000000 1.000000 0.490239 0.130100 0.130100 0.130100 0.130100 0.130100 0.130100 0.130100 0.130100 0.130100 0.130100 0.130100 0.130100
-11.2500 -63.6786 5.86707 0.424143 0.299529 0.132311 65.162 67.809 1.000000 1.000000 0.443656 0.121100 0.121100 0.121100 0.121100 0.121100 0.121100 0.121100 0.121100 0.121100 0.121100 0.121100 0.121100
-5.6250 -63.6786 6.07027 0.425476 0.305384 0.138638 72.664 75.437 1.000000 1.000000 0.663350 0.141200 0.141200 0.141200 0.141200 0.141200 0.141200 0.141200 0.141200 0.141200 0.141200 0.141200 0.141200
5.6250 -69.2130 8.87028 0.447590 0.376497 0.219310 39.024 43.410 1.000000 0.298329 0.091100 0.091100 0.091100 0.091100 0.091100 0.091100 0.091100 0.091100 0.091100 0.091100 0.091100 0.091100 0.091100
11.2500 -69.2130 8.39453 0.444958 0.368323 0.208077 36.276 40.438 1.000000 0.184787 0.083000 0.083000 0.083000 0.083000 0.083000 0.083000 0.083000 0.083000 0.083000 0.083000 0.083000 0.083000 0.083000
33.7500 -69.2130 6.54558 0.433875 0.328930 0.158141 28.880 30.805 0.608775 0.077300 0.077300 0.077300 0.077300 0.077300 0.077300 0.077300 0.077300 0.077300 0.077300 0.077300 0.077300 0.077300 0.077300
39.3750 -69.2130 7.03168 0.439165 0.345238 0.174601 33.930 37.036 0.889420 0.078500 0.078500 0.078500 0.078500 0.078500 0.078500 0.078500 0.078500 0.078500 0.078500 0.078500 0.078500 0.078500 0.078500
45.0000 -69.2130 5.79543 0.426081 0.302311 0.132198 37.038 39.681 1.000000 0.360830 0.062800 0.062800 0.062800 0.062800 0.062800 0.062800 0.062800 0.062800 0.062800 0.062800 0.062800 0.062800 0.062800
50.6250 -69.2130 6.82644 0.439107 0.342956 0.169928 42.083 45.482 1.000000 0.615748 0.062800 0.062800 0.062800 0.062800 0.062800 0.062800 0.062800 0.062800 0.062800 0.062800 0.062800 0.062800 0.062800
56.2500 -69.2130 6.04413 0.427293 0.308665 0.139650 51.577 54.370 1.000000 1.000000 0.298037 0.062800 0.062800 0.062800 0.062800 0.062800 0.062800 0.062800 0.062800 0.062800 0.062800 0.062800 0.062800
61.8750 -69.2130 6.55099 0.433448 0.328124 0.157849 56.462 59.619 1.000000 1.000000 0.562328 0.062800 0.062800 0.062800 0.062800 0.062800 0.062800 0.062800 0.062800 0.062800 0.062800 0.062800 0.062800
67.5000 -69.2130 6.70266 0.434289 0.331668 0.162217 64.272 67.516 1.000000 1.000000 1.000000 0.102162 0.062800 0.062800 0.062800 0.062800 0.062800 0.062800 0.062800 0.062800 0.062800 0.062800 0.062800
73.1250 -69.2130 5.62009 0.418517 0.284081 0.121061 85.040 87.461 1.000000 1.000000 1.000000 1.000000 0.588569 0.062800 0.062800 0.062800 0.062800 0.062800 0.062800 0.062800 0.062800 0.062800 0.062800
78.7500 -69.2130 6.45436 0.430279 0.320458 0.152481 47.907 50.957 1.000000 1.000000 0.098414 0.062800 0.062800 0.062800 0.062800 0.062800 0.062800 0.062800 0.062800 0.062800 0.062800 0.062800 0.062800
84.3750 -69.2130 7.85902 0.447647 0.369838 0.200959 26.924 29.798 0.715091 0.062800 0.062800 0.062800 0.062800 0.062800 0.062800 0.062800 0.062800 0.062800 0.062800 0.062800 0.062800 0.062800 0.062800
90.0000 -69.2130 7.55189 0.442677 0.357282 0.189380 30.608 34.183 0.943768 0.062800 0.062800 0.062800 0.062800 0.062800 0.062800 0.062800 0.062800 0.062800 0.062800 0.062800 0.062800 0.062800 0.062800
95.6250 -69.2130 5.63237 0.419102 0.285459 0.121875 48.264 50.702 1.000000 1.000000 0.196820 0.062800 0.062800 0.062800 0.062800 0.062800 0.062800 0.062800 0.062800 0.062800 0.062800 0.062800 0.062800
101.2500 -69.2130 6.50792 0.434720 0.330203 0.158082 51.687 54.848 1.000000 1.000000 0.249303 0.062800 0.062800 0.062800 0.062800 0.062800 0.062800 0.062800 0.062800 0.062800 0.062800 0.062800 0.062800
106.8750 -69.2130 6.69303 0.436453 0.335984 0.164159 41.710 44.993 1.000000 0.611062 0.062800 0.062800 0.062800 0.062800 0.062800 0.062800 0.062800 0.062800 0.062800 0.062800 0.062800 0.062800 0.062800
112.5000 -69.2130 6.50757 0.433807 0.328321 0.157174 41.545 44.689 1.000000 0.611062 0.062800 0.062800 0.062800 0.062800 0.062800 0.062800 0.062800 0.062800 0.062800 0.062800 0.062800 0.062800 0.062800
118.1250 -69.2130 9.45738 0.452143 0.388447 0.233991 33.643 38.323 1.000000 0.361767 0.062800 0.062800 0.062800 0.062800 0.062800 0.062800 0.062800 0.062800 0.062800 0.062800 0.062800 0.062800 0.062800
123.7500 -69.2130 13.31361 0.473823 0.439472 0.306590 19.840 23.604 0.613874 0.062800 0.062800 0.062800 0.062800 0.062800 0.062800 0.062800 0.062800 0.062800 0.062800 0.062800 0.062800 0.062800 0.062800
140.6250 -69.2130 6.51114 0.433257 0.327237 0.156719 47.654 50.788 1.000000 0.792347 0.077100 0.077100 0.077100 0.077100 0.077100 0.077100 0.077100 0.077100 0.077100 0.077100 0.077100 0.077100 0.077100
146.2500 -69.2130 5.77123 0.425082 0.299873 0.130678 40.093 42.707 1.000000 0.502551 0.066700 0.066700 0.066700 0.066700 0.066700 0.066700 0.066700 0.066700 0.066700 0.066700 0.066700 0.066700 0.066700
151.8750 -69.2130 6.08873 0.431227 0.317401 0.144439 37.598 40.487 1.000000 0.287173 0.068200 0.068200 0.068200 0.068200 0.068200 0.068200 0.068200 0.068200 0.068200 0.068200 0.068200 0.068200 0.068200
157.5000 -69.2130 6.21060 0.432153 0.321028 0.148364 34.010 36.977 1.000000 0.085708 0.068000 0.068000 0.068000 0.068000 0.068000 0.068000 0.068000 0.068000 0.068000 0.068000 0.068000 0.068000 0.068000
163.1250 -69.2130 6.49509 0.430141 0.320707 0.153312 37.325 40.391 1.000000 0.291161 0.072200 0.072200 0.072200 0.072200 0.072200 0.072200 0.072200 0.072200 0.072200 0.072200 0.072200 0.072200 0.072200
168.7500 -69.2130 6.37686 0.427950 0.314741 0.148415 41.377 44.345 1.000000 0.534797 0.073300 0.073300 0.073300 0.073300 0.073300 0.073300 0.073300 0.073300 0.073300 0.073300 0.073300 0.073300 0.073300
174.3750 -69.2130 6.60629 0.431991 0.325844 0.157715 30.336 32.583 0.712336 0.078000 0.078000 0.078000 0.078000 0.078000 0.078000 0.078000 0.078000 0.078000 0.078000 0.078000 0.078000 0.078000 0.078000
180.0000 -69.2130 6.16146 0.426817 0.309434 0.142128 31.426 33.785 0.829782 0.074900 0.074900 0.074900 0.074900 0.074900 0.074900 0.074900 0.074900 0.074900 0.074900 0.074900 0.074900 0.074900 0.074900
-174.3750 -69.2130 7.22511 0.439608 0.348071 0.179276 28.524 31.431 0.810686 0.062800 0.062800 0.062800 0.062800 0.062800 0.062800 0.062800 0.062800 0.062800 0.062800 0.062800 0.062800 0.062800 0.062800
-168.7500 -69.2130 7.51134 0.442901 0.357384 0.188786 46.915 50.691 1.000000 0.966261 0.062800 0.062800 0.062800 0.062800 0.062800 0.062800 0.062800 0.062800 0.062800 0.062800 0.062800 0.062800 0.062800
-163.1250 -69.2130 5.69012 0.419551 0.287369 0.123755 93.999 96.474 1.000000 1.000000 1.000000 1.000000 1.000000 0.179950 0.062800 0.062800 0.062800 0.062800 0.062800 0.062800 0.062800 0.062800 0.062800
-157.5000 -69.2130 4.78114 0.409021 0.247866 0.090945 87.991 89.810 1.000000 1.000000 1.000000 1.000000 0.979382 0.062800 0.062800 0.062800 0.062800 0.062800 0.062800 0.062800 0.062800 0.062800 0.062800
-151.8750 -69.2130 5.76415 0.421731 0.292984 0.127546 59.231 61.781 1.000000 1.000000 0.826618 0.062800 0.062800 0.062800 0.062800 0.062800 0.062800 0.062800 0.062800 0.062800 0.062800 0.062800 0.062800
-146.2500 -69.2130 5.92717 0.422717 0.297635 0.132568 37.857 40.508 1.000000 0.477042 0.062800 0.062800 0.062800 0.062800 0.062800 0.062800 0.062800 0.062800 0.062800 0.062800 0.062800 0.062800 0.062800
-140.6250 -69.2130 6.99174 0.436691 0.339780 0.171172 33.243 36.666 1.000000 0.069400 0.069400 0.069400 0.069400 0.069400 0.069400 0.069400 0.069400 0.069400 0.069400 0.069400 0.069400 0.069400 0.069400
-135.0000 -69.2130 6.88204 0.435551 0.336277 0.167567 30.813 33.283 0.737173 0.077800 0.077800 0.077800 0.077800 0.077800 0.077800 0.077800 0.077800 0.077800 0.077800 0.077800 0.077800 0.077800 0.077800
-129.3750 -69.2130 6.14166 0.426407 0.308318 0.141261 39.725 42.551 1.000000 0.305452 0.082500 0.082500 0.082500 0.082500 0.082500 0.082500 0.082500 0.082500 0.082500 0.082500 0.082500 0.082500 0.082500
-123.7500 -69.2130 6.18546 0.426974 0.310099 0.142864 45.731 48.589 1.000000 0.694560 0.080000 0.080000 0.080000 0.080000 0.080000 0.080000 0.080000 0.080000 0.080000 0.080000 0.080000 0.080000 0.080000
-118.1250 -69.2130 6.20520 0.427356 0.311151 0.143703 41.442 44.316 1.000000 0.512924 0.074000 0.074000 0.074000 0.074000 0.074000 0.074000 0.074000 0.074000 0.074000 0.074000 0.074000 0.074000 0.074000
-112.5000 -69.2130 6.12813 0.426724 0.308759 0.141219 33.054 35.879 1.000000 0.156520 0.062800 0.062800 0.062800 0.062800 0.062800 0.062800 0.062800 0.062800 0.062800 0.062800 0.062800 0.062800 0.062800
-106.8750 -69.2130 6.34035 0.430833 0.320076 0.150279 58.165 61.171 1.000000 1.000000 0.671980 0.062800 0.062800 0.062800 0.062800 0.062800 0.062800 0.062800 0.062800 0.062800 0.062800 0.062800 0.062800
-101.2500 -69.2130 6.79326 0.439085 0.342550 0.169146 36.048 39.431 1.000000 0.262424 0.062800 0.062800 0.062800 0.062800 0.062800 0.062800 0.062800 0.062800 0.062800 0.062800 0.062800 0.062800 0.062800
-95.6250 -69.2130 6.61884 0.434944 0.332011 0.160921 24.823 26.663 0.571700 0.062800 0.062800 0.062800 0.062800 0.062800 0.062800 0.062800 0.062800 0.062800 0.062800 0.062800 0.062800 0.062800 0.062800
-90.0000 -69.2130 6.24136 0.428041 0.313048 0.145227 22.383 23.703 0.454550 0.062800 0.062800 0.062800 0.062800 0.062800 0.062800 0.062800 0.062800 0.062800 0.062800 0.062800 0.062800 0.062800 0.062800
-84.3750 -69.2130 6.11532 0.425142 0.305390 0.139449 27.078 29.177 0.752579 0.062800 0.062800 0.062800 0.062800 0.062800 0.062800 0.062800 0.062800 0.062800 0.062800 0.062800 0.062800 0.062800 0.062800
-78.7500 -69.2130 7.12042 0.434118 0.335986 0.171371 30.480 33.674 0.931796 0.065700 0.065700 0.065700 0.065700 0.065700 0.065700 0.065700 0.065700 0.065700 0.065700 0.065700 0.065700 0.065700 0.065700
-73.1250 -69.2130 5.74158 0.420757 0.290656 0.126119 38.741 41.263 1.000000 0.508243 0.065100 0.065100 0.065100 0.065100 0.065100 0.065100 0.065100 0.065100 0.065100 0.065100 0.065100 0.065100 0.065100
-67.5000 -69.2130 5.07935 0.414997 0.266440 0.103688 48.021 50.094 1.000000 1.000000 0.193329 0.063100 0.063100 0.063100 0.063100 0.063100 0.063100 0.063100 0.063100 0.063100 0.063100 0.063100 0.063100
-61.8750 -69.2130 4.78049 0.407966 0.245814 0.090180 61.073 62.877 1.000000 1.000000 1.000000 0.233370 0.062800 0.062800 0.062800 0.062800 0.062800 0.062800 0.062800 0.062800 0.062800 0.062800 0.062800
-56.2500 -69.2130 5.14481 0.412373 0.262682 0.103460 49.439 51.509 1.000000 1.000000 0.351458 0.062800 0.062800 0.062800 0.062800 0.062800 0.062800 0.062800 0.062800 0.062800 0.062800 0.062800 0.062800
-50.6250 -69.2130 6.34310 0.428401 0.315185 0.148031 30.566 33.376 0.949391 0.062800 0.062800 0.062800 0.062800 0.062800 0.062800 0.062800 0.062800 0.062800 0.062800 0.062800 0.062800 0.062800 0.062800
-45.0000 -69.2130 6.99287 0.435732 0.337854 0.170221 22.971 24.643 0.491100 0.062800 0.062800 0.062800 0.062800 0.062800 0.062800 0.062800 0.062800 0.062800 0.062800 0.062800 0.062800 0.062800 0.062800
-39.3750 -69.2130 6.34023 0.428536 0.315418 0.148090 28.312 30.496 0.737232 0.068200 0.068200 0.068200 0.068200 0.068200 0.068200 0.068200 0.068200 0.068200 0.068200 0.068200 0.068200 0.068200 0.068200
-33.7500 -69.2130 5.59711 0.418842 0.284311 0.120736 38.050 40.465 1.000000 0.306957 0.078400 0.078400 0.078400 0.078400 0.078400 0.078400 0.078400 0.078400 0.078400 0.078400 0.078400 0.078400 0.078400
-28.1250 -69.2130 5.34440 0.414986 0.271909 0.110886 52.688 54.906 1.000000 1.000000 0.259280 0.084400 0.084400 0.084400 0.084400 0.084400 0.084400 0.084400 0.084400 0.084400 0.084400 0.084400 0.084400
-22.5000 -69.2130 4.45120 0.402963 0.227748 0.077578 77.313 78.864 1.000000 1.000000 1.000000 1.000000 0.320355 0.082800 0.082800 0.082800 0.082800 0.082800 0.082800 0.082800 0.082800 0.082800 0.082800
-16.8750 -69.2130 5.95882 0.430976 0.314983 0.140899 77.771 80.589 1.000000 1.000000 1.000000 0.598444 0.079000 0.079000 0.079000 0.079000 0.079000 0.079000 0.079000 0.079000 0.079000 0.079000 0.079000
-11.2500 -69.2130 5.93910 0.426870 0.306203 0.136606 40.493 43.225 1.000000 0.318992 0.082200 0.082200 0.082200 0.082200 0.082200 0.082200 0.082200 0.082200 0.082200 0.082200 0.082200 0.082200 0.082200
-5.6250 -69.2130 6.55863 0.433330 0.327977 0.157913 38.826 41.416 0.820005 0.104500 0.104500 0.104500 0.104500 0.104500 0.104500 0.104500 0.104500 0.104500 0.104500 0.104500 0.104500 0.104500 0.104500
0.0000 -74.7445 6.48608 0.433344 0.327102 0.156209 23.369 24.895 0.488289 0.062800 0.062800 0.062800 0.062800 0.062800 0.062800 0.062800 0.062800 0.062800 0.062800 0.062800 0.062800 0.062800 0.062800
5.6250 -74.7445 6.79432 0.436599 0.337437 0.166639 23.340 24.965 0.487352 0.062800 0.062800 0.062800 0.062800 0.062800 0.062800 0.062800 0.062800 0.062800 0.062800 0.062800 0.062800 0.062800 0.062800
11.2500 -74.7445 6.53873 0.433620 0.328323 0.157728 30.186 32.848 0.844039 0.066100 0.066100 0.066100 0.066100 0.066100 0.066100 0.066100 0.066100 0.066100 0.066100 0.066100 0.066100 0.066100 0.066100
16.8750 -74.7445 6.51818 0.435095 0.331105 0.158697 29.086 31.651 0.807874 0.062800 0.062800 0.062800 0.062800 0.062800 0.062800 0.062800 0.062800 0.062800 0.062800 0.062800 0.062800 0.062800 0.062800
22.5000 -74.7445 7.14272 0.441686 0.351521 0.179673 27.043 29.539 0.694473 0.062800 0.062800 0.062800 0.062800 0.062800 0.062800 0.062800 0.062800 0.062800 0.062800 0.062800 0.062800 0.062800 0.062800
28.1250 -74.7445 6.42192 0.433595 0.326805 0.154919 32.091 35.152 0.987816 0.062800 0.062800 0.062800 0.062800 0.062800 0.062800 0.062800 0.062800 0.062800 0.062800 0.062800 0.062800 0.062800 0.062800
33.7500 -74.7445 6.15176 0.431934 0.319761 0.146691 43.196 46.130 1.000000 0.679478 0.062800 0.062800 0.062800 0.062800 0.062800 0.062800 0.062800 0.062800 0.062800 0.062800 0.062800 0.062800 0.062800
39.3750 -74.7445 6.34094 0.431860 0.322183 0.151279 54.861 57.886 1.000000 1.000000 0.456424 0.062800 0.062800 0.062800 0.062800 0.062800 0.062800 0.062800 0.062800 0.062800 0.062800 0.062800 0.062800
45.0000 -74.7445 6.70207 0.435504 0.334140 0.163416 58.019 61.287 1.000000 1.000000 0.644801 0.062800 0.062800 0.062800 0.062800 0.062800 0.062800 0.062800 0.062800 0.062800 0.062800 0.062800 0.062800
50.6250 -74.7445 6.63219 0.432301 0.326789 0.158621 43.958 47.131 1.000000 0.797565 0.062800 0.062800 0.062800 0.062800 0.062800 0.062800 0.062800 0.062800 0.062800 0.062800 0.062800 0.062800 0.062800
56.2500 -74.7445 6.69960 0.432841 0.328695 0.160711 34.968 38.182 1.000000 0.265235 0.062800 0.062800 0.062800 0.062800 0.062800 0.062800 0.062800 0.062800 0.062800 0.062800 0.062800 0.062800 0.062800
61.8750 -74.7445 7.63371 0.444810 0.362298 0.193350 27.474 30.362 0.746956 0.062800 0.062800 0.062800 0.062800 0.062800 0.062800 0.062800 0.062800 0.062800 0.062800 0.062800 0.062800 0.062800 0.062800
67.5000 -74.7445 7.25628 0.440919 0.351037 0.181319 38.558 42.184 1.000000 0.455487 0.062800 0.062800 0.062800 0.062800 0.062800 0.062800 0.062800 0.062800 0.062800 0.062800 0.062800 0.062800 0.062800
73.1250 -74.7445 7.43157 0.443232 0.357359 0.187484 36.349 40.099 1.000000 0.323342 0.062800 0.062800 0.062800 0.062800 0.062800 0.062800 0.062800 0.062800 0.062800 0.062800 0.062800 0.062800 0.062800
78.7500 -74.7445 7.52118 0.445318 0.362400 0.191596 37.652 41.484 1.000000 0.388008 0.062800 0.062800 0.062800 0.062800 0.062800 0.062800 0.062800 0.062800 0.062800 0.062800 0.062800 0.062800 0.062800
84.3750 -74.7445 7.66818 0.447683 0.368451 0.197189 40.417 44.361 1.000000 0.543584 0.062800 0.062800 0.062800 0.062800 0.062800 0.062800 0.062800 0.062800 0.062800 0.062800 0.062800 0.062800 0.062800
90.0000 -74.7445 6.09530 0.427615 0.310080 0.141227 51.591 54.416 1.000000 1.000000 0.301786 0.062800 0.062800 0.062800 0.062800 0.062800 0.062800 0.062800 0.062800 0.062800 0.062800 0.062800 0.062800
95.6250 -74.7445 6.54516 0.435916 0.333132 0.160153 61.541 64.744 1.000000 1.000000 0.804125 0.062800 0.062800 0.062800 0.062800 0.062800 0.062800 0.062800 0.062800 0.062800 0.062800 0.062800 0.062800
101.2500 -74.7445 6.93523 0.440563 0.347124 0.173898 57.067 60.545 1.000000 1.000000 0.540772 0.062800 0.062800 0.062800 0.062800 0.062800 0.062800 0.062800 0.062800 0.062800 0.062800 0.062800 0.062800
106.8750 -74.7445 6.83317 0.437064 0.338822 0.167996 47.775 51.135 1.000000 0.980319 0.062800 0.062800 0.062800 0.062800 0.062800 0.062800 0.062800 0.062800 0.062800 0.062800 0.062800 0.062800 0.062800
112.5000 -74.7445 5.62969 0.425302 0.297943 0.127154 50.774 53.317 1.000000 1.000000 0.219312 0.062800 0.062800 0.062800 0.062800 0.062800 0.062800 0.062800 0.062800 0.062800 0.062800 0.062800 0.062800
118.1250 -74.7445 5.80974 0.428374 0.307269 0.134640 40.465 43.158 1.000000 0.527651 0.062800 0.062800 0.062800 0.062800 0.062800 0.062800 0.062800 0.062800 0.062800 0.062800 0.062800 0.062800 0.062800
123.7500 -74.7445 5.20151 0.421287 0.281722 0.112092 46.264 48.506 1.000000 0.910966 0.062800 0.062800 0.062800 0.062800 0.062800 0.062800 0.062800 0.062800 0.062800 0.062800 0.062800 0.062800 0.062800
129.3750 -74.7445 6.09320 0.428862 0.312591 0.142332 31.820 34.637 0.989691 0.062800 0.062800 0.062800 0.062800 0.062800 0.062800 0.062800 0.062800 0.062800 0.062800 0.062800 0.062800 0.062800 0.062800
135.0000 -74.7445 6.29626 0.431622 0.321099 0.149963 27.781 30.013 0.744144 0.062800 0.062800 0.062800 0.062800 0.062800 0.062800 0.062800 0.062800 0.062800 0.062800 0.062800 0.062800 0.062800 0.062800
140.6250 -74.7445 6.53766 0.434607 0.330336 0.158676 27.026 29.192 0.682594 0.063700 0.063700 0.063700 0.063700 0.063700 0.063700 0.063700 0.063700 0.063700 0.063700 0.063700 0.063700 0.063700 0.063700
146.2500 -74.7445 6.36373 0.432191 0.323164 0.152151 28.050 30.366 0.761014 0.062800 0.062800 0.062800 0.062800 0.062800 0.062800 0.062800 0.062800 0.062800 0.062800 0.062800 0.062800 0.062800 0.062800
151.8750 -74.7445 6.20008 0.430907 0.318312 0.146916 27.840 30.029 0.745082 0.062800 0.062800 0.062800 0.062800 0.062800 0.062800 0.062800 0.062800 0.062800 0.062800 0.062800 0.062800 0.062800 0.062800
157.5000 -74.7445 6.45167 0.434981 0.330045 0.156994 27.573 29.815 0.714154 0.062800 0.062800 0.062800 0.062800 0.062800 0.062800 0.062800 0.062800 0.062800 0.062800 0.062800 0.062800 0.062800 0.062800
163.1250 -74.7445 6.07358 0.426296 0.307086 0.139471 28.734 31.063 0.835053 0.062800 0.062800 0.062800 0.062800 0.062800 0.062800 0.062800 0.062800 0.062800 0.062800 0.062800 0.062800 0.062800 0.062800
168.7500 -74.7445 6.07213 0.424116 0.302690 0.137448 30.433 33.079 0.962512 0.062800 0.062800 0.062800 0.062800 0.062800 0.062800 0.062800 0.062800 0.062800 0.062800 0.062800 0.062800 0.062800 0.062800
174.3750 -74.7445 5.77908 0.420583 0.290949 0.126932 31.775 34.314 1.000000 0.120906 0.062800 0.062800 0.062800 0.062800 0.062800 0.062800 0.062800 0.062800 0.062800 0.062800 0.062800 0.062800 0.062800
180.0000 -74.7445 6.61774 0.431436 0.324866 0.157439 29.580 32.375 0.887536 0.062800 0.062800 0.062800 0.062800 0.062800 0.062800 0.062800 0.062800 0.062800 0.062800 0.062800 0.062800 0.062800 0.062800
-174.3750 -74.7445 7.06066 0.437199 0.341534 0.173212 27.419 30.017 0.749768 0.062800 0.062800 0.062800 0.062800 0.062800 0.062800 0.062800 0.062800 0.062800 0.062800 0.062800 0.062800 0.062800 0.062800
-168.7500 -74.7445 6.62790 0.432511 0.327161 0.158728 31.747 34.921 1.000000 0.068423 0.062800 0.062800 0.062800 0.062800 0.062800 0.062800 0.062800 0.062800 0.062800 0.062800 0.062800 0.062800 0.062800
-163.1250 -74.7445 6.29174 0.428736 0.315155 0.147107 34.730 37.672 1.000000 0.250240 0.062800 0.062800 0.062800 0.062800 0.062800 0.062800 0.062800 0.062800 0.062800 0.062800 0.062800 0.062800 0.062800
-157.5000 -74.7445 6.30012 0.429715 0.317255 0.148237 30.305 33.014 0.913778 0.062800 0.062800 0.062800 0.062800 0.062800 0.062800 0.062800 0.062800 0.062800 0.062800 0.062800 0.062800 0.062800 0.062800
-151.8750 -74.7445 7.17594 0.440980 0.350391 0.179652 25.573 27.795 0.618560 0.062800 0.062800 0.062800 0.062800 0.062800 0.062800 0.062800 0.062800 0.062800 0.062800 0.062800 0.062800 0.062800 0.062800
-146.2500 -74.7445 7.10194 0.441055 0.349822 0.178117 23.416 25.142 0.484540 0.062800 0.062800 0.062800 0.062800 0.062800 0.062800 0.062800 0.062800 0.062800 0.062800 0.062800 0.062800 0.062800 0.062800
-140.6250 -74.7445 7.41989 0.445172 0.361237 0.189326 22.461 24.080 0.427371 0.062800 0.062800 0.062800 0.062800 0.062800 0.062800 0.062800 0.062800 0.062800 0.062800 0.062800 0.062800 0.062800 0.062800
-135.0000 -74.7445 7.97887 0.450604 0.376742 0.206594 22.231 23.997 0.427371 0.062800 0.062800 0.062800 0.062800 0.062800 0.062800 0.062800 0.062800 0.062800 0.062800 0.062800 0.062800 0.062800 0.062800
-129.3750 -74.7445 8.26170 0.453035 0.383574 0.214712 23.028 25.109 0.484540 0.062800 0.062800 0.062800 0.062800 0.062800 0.062800 0.062800 0.062800 0.062800 0.062800 0.062800 0.062800 0.062800 0.062800
-123.7500 -74.7445 8.31311 0.453470 0.384780 0.216161 24.111 26.474 0.546540 0.063100 0.063100 0.063100 0.063100 0.063100 0.063100 0.063100 0.063100 0.063100 0.063100 0.063100 0.063100 0.063100 0.063100
-118.1250 -74.7445 8.21594 0.452286 0.381759 0.213007 25.987 28.802 0.660734 0.062800 0.062800 0.062800 0.062800 0.062800 0.062800 0.062800 0.062800 0.062800 0.062800 0.062800 0.062800 0.062800 0.062800
-112.5000 -74.7445 7.91471 0.448615 0.372220 0.203123 29.827 33.422 0.884724 0.062800 0.062800 0.062800 0.062800 0.062800 0.062800 0.062800 0.062800 0.062800 0.062800 0.062800 0.062800 0.062800 0.062800
-106.8750 -74.7445 7.56427 0.444803 0.361706 0.191924 35.104 38.942 1.000000 0.251177 0.062800 0.062800 0.062800 0.062800 0.062800 0.062800 0.062800 0.062800 0.062800 0.062800 0.062800 0.062800 0.062800
-101.2500 -74.7445 7.69018 0.446147 0.365478 0.195948 39.532 43.451 1.000000 0.515468 0.062800 0.062800 0.062800 0.062800 0.062800 0.062800 0.062800 0.062800 0.062800 0.062800 0.062800 0.062800 0.062800
-95.6250 -74.7445 7.75919 0.446698 0.367144 0.197936 28.737 31.980 0.819120 0.062800 0.062800 0.062800 0.062800 0.062800 0.062800 0.062800 0.062800 0.062800 0.062800 0.062800 0.062800 0.062800 0.062800
-90.0000 -74.7445 7.00109 0.437382 0.341282 0.172087 25.690 27.890 0.639178 0.062800 0.062800 0.062800 0.062800 0.062800 0.062800 0.062800 0.062800 0.062800 0.062800 0.062800 0.062800 0.062800 0.062800
-84.3750 -74.7445 7.54807 0.443856 0.359641 0.190569 24.325 26.457 0.559516 0.062800 0.062800 0.062800 0.062800 0.062800 0.062800 0.062800 0.062800 0.062800 0.062800 0.062800 0.062800 0.062800 0.062800
-78.7500 -74.7445 7.15233 0.438767 0.345646 0.176829 25.079 27.224 0.606376 0.062800 0.062800 0.062800 0.062800 0.062800 0.062800 0.062800 0.062800 0.062800 0.062800 0.062800 0.062800 0.062800 0.062800
-73.1250 -74.7445 6.27553 0.428532 0.314517 0.146520 27.791 30.063 0.775072 0.062800 0.062800 0.062800 0.062800 0.062800 0.062800 0.062800 0.062800 0.062800 0.062800 0.062800 0.062800 0.062800 0.062800
-67.5000 -74.7445 6.40174 0.430018 0.319238 0.150976 31.651 34.671 1.000000 0.064674 0.062800 0.062800 0.062800 0.062800 0.062800 0.062800 0.062800 0.062800 0.062800 0.062800 0.062800 0.062800 0.062800
-61.8750 -74.7445 6.17187 0.427263 0.310485 0.142798 34.136 36.992 1.000000 0.219312 0.062800 0.062800 0.062800 0.062800 0.062800 0.062800 0.062800 0.062800 0.062800 0.062800 0.062800 0.062800 0.062800
-56.2500 -74.7445 7.16636 0.439433 0.347139 0.177826 28.184 30.977 0.785381 0.062800 0.062800 0.062800 0.062800 0.062800 0.062800 0.062800 0.062800 0.062800 0.062800 0.062800 0.062800 0.062800 0.062800
-50.6250 -74.7445 8.30955 0.453278 0.384368 0.215877 24.731 27.272 0.588569 0.062800 0.062800 0.062800 0.062800 0.062800 0.062800 0.062800 0.062800 0.062800 0.062800 0.062800 0.062800 0.062800 0.062800
-45.0000 -74.7445 7.81658 0.446977 0.368153 0.199382 23.490 25.535 0.512656 0.062800 0.062800 0.062800 0.062800 0.062800 0.062800 0.062800 0.062800 0.062800 0.062800 0.062800 0.062800 0.062800 0.062800
-39.3750 -74.7445 7.32483 0.439759 0.349331 0.181558 21.748 23.262 0.417062 0.062800 0.062800 0.062800 0.062800 0.062800 0.062800 0.062800 0.062800 0.062800 0.062800 0.062800 0.062800 0.062800 0.062800
-33.7500 -74.7445 7.03718 0.436541 0.339958 0.172022 20.069 21.156 0.315844 0.062800 0.062800 0.062800 0.062800 0.062800 0.062800 0.062800 0.062800 0.062800 0.062800 0.062800 0.062800 0.062800 0.062800
-28.1250 -74.7445 6.33858 0.427755 0.313826 0.147313 25.058 26.889 0.621492 0.063100 0.063100 0.063100 0.063100 0.063100 0.063100 0.063100 0.063100 0.063100 0.063100 0.063100 0.063100 0.063100 0.063100
-22.5000 -74.7445 5.97684 0.422329 0.297654 0.133471 30.192 32.753 0.959700 0.062800 0.062800 0.062800 0.062800 0.062800 0.062800 0.062800 0.062800 0.062800 0.062800 0.062800 0.062800 0.062800 0.062800
-16.8750 -74.7445 6.37042 0.433117 0.325156 0.153210 30.137 32.813 0.873478 0.062800 0.062800 0.062800 0.062800 0.062800 0.062800 0.062800 0.062800 0.062800 0.062800 0.062800 0.062800 0.062800 0.062800
-11.2500 -74.7445 6.46448 0.434323 0.328844 0.156653 25.435 27.308 0.597941 0.062800 0.062800 0.062800 0.062800 0.062800 0.062800 0.062800 0.062800 0.062800 0.062800 0.062800 0.062800 0.062800 0.062800
-5.6250 -74.7445 6.58342 0.435355 0.332433 0.160499 24.221 25.921 0.529526 0.062800 0.062800 0.062800 0.062800 0.062800 0.062800 0.062800 0.062800 0.062800 0.062800 0.062800 0.062800 0.062800 0.062800
0.0000 -80.2688 7.19104 0.440659 0.349881 0.179642 25.418 27.623 0.613874 0.062800 0.062800 0.062800 0.062800 0.062800 0.062800 0.062800 0.062800 0.062800 0.062800 0.062800 0.062800 0.062800 0.062800
5.6250 -80.2688 6.65923 0.435391 0.333407 0.162309 26.508 28.684 0.670106 0.062800 0.062800 0.062800 0.062800 0.062800 0.062800 0.062800 0.062800 0.062800 0.062800 0.062800 0.062800 0.062800 0.062800
11.2500 -80.2688 6.13192 0.427771 0.310934 0.142283 26.524 28.498 0.693536 0.062800 0.062800 0.062800 0.062800 0.062800 0.062800 0.062800 0.062800 0.062800 0.062800 0.062800 0.062800 0.062800 0.062800
16.8750 -80.2688 6.55393 0.430359 0.321900 0.154905 25.168 27.114 0.627932 0.062800 0.062800 0.062800 0.062800 0.062800 0.062800 0.062800 0.062800 0.062800 0.062800 0.062800 0.062800 0.062800 0.062800
22.5000 -80.2688 5.98464 0.423780 0.300668 0.134963 26.403 28.330 0.714154 0.062800 0.062800 0.062800 0.062800 0.062800 0.062800 0.062800 0.062800 0.062800 0.062800 0.062800 0.062800 0.062800 0.062800
28.1250 -80.2688 6.15038 0.426800 0.309238 0.141839 30.344 32.992 0.933459 0.062800 0.062800 0.062800 0.062800 0.062800 0.062800 0.062800 0.062800 0.062800 0.062800 0.062800 0.062800 0.062800 0.062800
33.7500 -80.2688 5.81343 0.421158 0.292670 0.128310 34.322 36.888 1.000000 0.271796 0.062800 0.062800 0.062800 0.062800 0.062800 0.062800 0.062800 0.062800 0.062800 0.062800 0.062800 0.062800 0.062800
39.3750 -80.2688 6.95676 0.433576 0.333132 0.167246 30.427 33.622 0.955014 0.062800 0.062800 0.062800 0.062800 0.062800 0.062800 0.062800 0.062800 0.062800 0.062800 0.062800 0.062800 0.062800 0.062800
45.0000 -80.2688 7.03936 0.436079 0.339049 0.171599 25.535 27.751 0.645738 0.062800 0.062800 0.062800 0.062800 0.062800 0.062800 0.062800 0.062800 0.062800 0.062800 0.062800 0.062800 0.062800 0.062800
50.6250 -80.2688 7.56077 0.442399 0.356797 0.189264 24.182 26.317 0.564202 0.062800 0.062800 0.062800 0.062800 0.062800 0.062800 0.062800 0.062800 0.062800 0.062800 0.062800 0.062800 0.062800 0.062800
56.2500 -80.2688 7.76163 0.444866 0.363446 0.195980 26.071 28.727 0.677603 0.062800 0.062800 0.062800 0.062800 0.062800 0.062800 0.062800 0.062800 0.062800 0.062800 0.062800 0.062800 0.062800 0.062800
61.8750 -80.2688 7.64612 0.442469 0.357668 0.191074 28.886 32.153 0.854734 0.062800 0.062800 0.062800 0.062800 0.062800 0.062800 0.062800 0.062800 0.062800 0.062800 0.062800 0.062800 0.062800 0.062800
67.5000 -80.2688 6.67985 0.433202 0.329188 0.160612 29.830 32.690 0.890348 0.062800 0.062800 0.062800 0.062800 0.062800 0.062800 0.062800 0.062800 0.062800 0.062800 0.062800 0.062800 0.062800 0.062800
73.1250 -80.2688 6.46335 0.430801 0.321629 0.153197 31.810 34.874 1.000000 0.072172 0.062800 0.062800 0.062800 0.062800 0.062800 0.062800 0.062800 0.062800 0.062800 0.062800 0.062800 0.062800 0.062800
78.7500 -80.2688 6.12813 0.426724 0.308759 0.141219 32.991 35.816 1.000000 0.152771 0.062800 0.062800 0.062800 0.062800 0.062800 0.062800 0.062800 0.062800 0.062800 0.062800 0.062800 0.062800 0.062800
84.3750 -80.2688 6.16695 0.427175 0.310235 0.142595 32.854 35.706 1.000000 0.143399 0.062800 0.062800 0.062800 0.062800 0.062800 0.062800 0.062800 0.062800 0.062800 0.062800 0.062800 0.062800 0.062800
90.0000 -80.2688 6.12982 0.426777 0.308891 0.141310 31.759 34.585 1.000000 0.078732 0.062800 0.062800 0.062800 0.062800 0.062800 0.062800 0.062800 0.062800 0.062800 0.062800 0.062800 0.062800 0.062800
95.6250 -80.2688 5.73967 0.421346 0.291799 0.126580 43.079 45.611 1.000000 0.791004 0.062800 0.062800 0.062800 0.062800 0.062800 0.062800 0.062800 0.062800 0.062800 0.062800 0.062800 0.062800 0.062800
101.2500 -80.2688 5.21595 0.413933 0.267231 0.106598 59.287 61.419 1.000000 1.000000 0.937208 0.062800 0.062800 0.062800 0.062800 0.062800 0.062800 0.062800 0.062800 0.062800 0.062800 0.062800 0.062800
106.8750 -80.2688 5.57617 0.417893 0.282051 0.119392 61.468 63.855 1.000000 1.000000 1.000000 0.088104 0.062800 0.062800 0.062800 0.062800 0.062800 0.062800 0.062800 0.062800 0.062800 0.062800 0.062800
112.5000 -80.2688 4.82366 0.408235 0.247378 0.091572 63.521 65.353 1.000000 1.000000 1.000000 0.386134 0.062800 0.062800 0.062800 0.062800 0.062800 0.062800 0.062800 0.062800 0.062800 0.062800 0.062800
118.1250 -80.2688 5.75157 0.421004 0.291320 0.126591 52.091 54.623 1.000000 1.000000 0.408627 0.062800 0.062800 0.062800 0.062800 0.062800 0.062800 0.062800 0.062800 0.062800 0.062800 0.062800 0.062800
123.7500 -80.2688 5.85222 0.426076 0.303215 0.133662 47.403 50.077 1.000000 0.979382 0.062800 0.062800 0.062800 0.062800 0.062800 0.062800 0.062800 0.062800 0.062800 0.062800 0.062800 0.062800 0.062800
129.3750 -80.2688 5.98803 0.427625 0.308497 0.138540 45.429 48.200 1.000000 0.856608 0.062800 0.062800 0.062800 0.062800 0.062800 0.062800 0.062800 0.062800 0.062800 0.062800 0.062800 0.062800 0.062800
135.0000 -80.2688 6.52637 0.434491 0.329959 0.158294 38.486 41.651 1.000000 0.425496 0.062800 0.062800 0.062800 0.062800 0.062800 0.062800 0.062800 0.062800 0.062800 0.062800 0.062800 0.062800 0.062800
140.6250 -80.2688 6.28799 0.431442 0.320617 0.149588 38.183 41.174 1.000000 0.416124 0.062800 0.062800 0.062800 0.062800 0.062800 0.062800 0.062800 0.062800 0.062800 0.062800 0.062800 0.062800 0.062800
146.2500 -80.2688 6.14684 0.427365 0.310328 0.142275 35.549 38.395 1.000000 0.298974 0.062800 0.062800 0.062800 0.062800 0.062800 0.062800 0.062800 0.062800 0.062800 0.062800 0.062800 0.062800 0.062800
151.8750 -80.2688 6.27679 0.426888 0.311227 0.145010 36.844 39.744 1.000000 0.400192 0.062800 0.062800 0.062800 0.062800 0.062800 0.062800 0.062800 0.062800 0.062800 0.062800 0.062800 0.062800 0.062800
157.5000 -80.2688 5.65580 0.418990 0.285653 0.122389 41.483 43.931 1.000000 0.724463 0.062800 0.062800 0.062800 0.062800 0.062800 0.062800 0.062800 0.062800 0.062800 0.062800 0.062800 0.062800 0.062800
163.1250 -80.2688 5.58767 0.418108 0.282687 0.119873 44.436 46.833 1.000000 0.912840 0.062800 0.062800 0.062800 0.062800 0.062800 0.062800 0.062800 0.062800 0.062800 0.062800 0.062800 0.062800 0.062800
168.7500 -80.2688 6.18134 0.425771 0.307623 0.141650 45.236 48.069 1.000000 0.909092 0.062800 0.062800 0.062800 0.062800 0.062800 0.062800 0.062800 0.062800 0.062800 0.062800 0.062800 0.062800 0.062800
174.3750 -80.2688 6.48344 0.429854 0.319980 0.152762 48.741 51.796 1.000000 1.000000 0.161206 0.062800 0.062800 0.062800 0.062800 0.062800 0.062800 0.062800 0.062800 0.062800 0.062800 0.062800 0.062800
180.0000 -80.2688 6.84168 0.435118 0.334949 0.166220 41.180 44.504 1.000000 0.624183 0.062800 0.062800 0.062800 0.062800 0.062800 0.062800 0.062800 0.062800 0.062800 0.062800 0.062800 0.062800 0.062800
-174.3750 -80.2688 7.29432 0.441001 0.351562 0.182217 41.108 44.752 1.000000 0.611062 0.062800 0.062800 0.062800 0.062800 0.062800 0.062800 0.062800 0.062800 0.062800 0.062800 0.062800 0.062800 0.062800
-168.7500 -80.2688 7.36728 0.441928 0.354124 0.184744 47.736 51.431 1.000000 1.000000 0.064674 0.062800 0.062800 0.062800 0.062800 0.062800 0.062800 0.062800 0.062800 0.062800 0.062800 0.062800 0.062800
-163.1250 -80.2688 7.71551 0.446187 0.365761 0.196502 43.451 47.381 1.000000 0.750705 0.062800 0.062800 0.062800 0.062800 0.062800 0.062800 0.062800 0.062800 0.062800 0.062800 0.062800 0.062800 0.062800
-157.5000 -80.2688 8.40065 0.454576 0.387560 0.219036 34.022 38.403 1.000000 0.202443 0.062800 0.062800 0.062800 0.062800 0.062800 0.062800 0.062800 0.062800 0.062800 0.062800 0.062800 0.062800 0.062800
-151.8750 -80.2688 8.27429 0.453019 0.383621 0.214928 28.634 32.151 0.818183 0.062800 0.062800 0.062800 0.062800 0.062800 0.062800 0.062800 0.062800 0.062800 0.062800 0.062800 0.062800 0.062800 0.062800
-146.2500 -80.2688 8.46543 0.455366 0.389544 0.221120 25.431 28.220 0.630743 0.062800 0.062800 0.062800 0.062800 0.062800 0.062800 0.062800 0.062800 0.062800 0.062800 0.062800 0.062800 0.062800 0.062800
-140.6250 -80.2688 8.56100 0.456539 0.392469 0.224194 23.910 26.339 0.541709 0.062800 0.062800 0.062800 0.062800 0.062800 0.062800 0.062800 0.062800 0.062800 0.062800 0.062800 0.062800 0.062800 0.062800
-135.0000 -80.2688 8.46437 0.455611 0.390038 0.221385 23.553 25.844 0.517342 0.062800 0.062800 0.062800 0.062800 0.062800 0.062800 0.062800 0.062800 0.062800 0.062800 0.062800 0.062800 0.062800 0.062800
-129.3750 -80.2688 8.55294 0.456458 0.392260 0.223956 23.757 26.141 0.532337 0.062800 0.062800 0.062800 0.062800 0.062800 0.062800 0.062800 0.062800 0.062800 0.062800 0.062800 0.062800 0.062800 0.062800
-123.7500 -80.2688 8.56746 0.456609 0.392648 0.224390 24.791 27.458 0.594192 0.062800 0.062800 0.062800 0.062800 0.062800 0.062800 0.062800 0.062800 0.062800 0.062800 0.062800 0.062800 0.062800 0.062800
-118.1250 -80.2688 8.56746 0.456609 0.392648 0.224390 26.794 29.994 0.713217 0.062800 0.062800 0.062800 0.062800 0.062800 0.062800 0.062800 0.062800 0.062800 0.062800 0.062800 0.062800 0.062800 0.062800
-112.5000 -80.2688 8.56746 0.456609 0.392648 0.224390 29.806 33.810 0.892222 0.062800 0.062800 0.062800 0.062800 0.062800 0.062800 0.062800 0.062800 0.062800 0.062800 0.062800 0.062800 0.062800 0.062800
-106.8750 -80.2688 8.56746 0.456609 0.392648 0.224390 33.953 38.441 1.000000 0.201506 0.062800 0.062800 0.062800 0.062800 0.062800 0.062800 0.062800 0.062800 0.062800 0.062800 0.062800 0.062800 0.062800
-101.2500 -80.2688 8.52698 0.456120 0.391428 0.223100 39.488 43.950 1.000000 0.529526 0.062800 0.062800 0.062800 0.062800 0.062800 0.062800 0.062800 0.062800 0.062800 0.062800 0.062800 0.062800 0.062800
-95.6250 -80.2688 8.47512 0.455471 0.389815 0.221417 48.264 52.692 1.000000 1.000000 0.112472 0.062800 0.062800 0.062800 0.062800 0.062800 0.062800 0.062800 0.062800 0.062800 0.062800 0.062800 0.062800
-90.0000 -80.2688 7.88555 0.448256 0.371274 0.202154 49.660 53.703 1.000000 1.000000 0.182762 0.062800 0.062800 0.062800 0.062800 0.062800 0.062800 0.062800 0.062800 0.062800 0.062800 0.062800 0.062800
-84.3750 -80.2688 7.70899 0.446089 0.365508 0.196263 39.846 43.772 1.000000 0.537960 0.062800 0.062800 0.062800 0.062800 0.062800 0.062800 0.062800 0.062800 0.062800 0.062800 0.062800 0.062800 0.062800
-78.7500 -80.2688 8.00059 0.449683 0.375010 0.205981 35.408 39.527 1.000000 0.278356 0.062800 0.062800 0.062800 0.062800 0.062800 0.062800 0.062800 0.062800 0.062800 0.062800 0.062800 0.062800 0.062800
-73.1250 -80.2688 8.17742 0.451977 0.380881 0.211934 34.219 38.457 1.000000 0.209003 0.062800 0.062800 0.062800 0.062800 0.062800 0.062800 0.062800 0.062800 0.062800 0.062800 0.062800 0.062800 0.062800
-67.5000 -80.2688 7.91715 0.449023 0.373070 0.203625 36.543 40.615 1.000000 0.340211 0.062800 0.062800 0.062800 0.062800 0.062800 0.062800 0.062800 0.062800 0.062800 0.062800 0.062800 0.062800 0.062800
-61.8750 -80.2688 7.87999 0.448611 0.371958 0.202440 44.884 48.932 1.000000 0.831304 0.062800 0.062800 0.062800 0.062800 0.062800 0.062800 0.062800 0.062800 0.062800 0.062800 0.062800 0.062800 0.062800
-56.2500 -80.2688 7.85272 0.449146 0.372853 0.202498 38.798 42.848 1.000000 0.461110 0.062800 0.062800 0.062800 0.062800 0.062800 0.062800 0.062800 0.062800 0.062800 0.062800 0.062800 0.062800 0.062800
-50.6250 -80.2688 8.06318 0.451676 0.379512 0.209425 34.673 38.861 1.000000 0.222124 0.062800 0.062800 0.062800 0.062800 0.062800 0.062800 0.062800 0.062800 0.062800 0.062800 0.062800 0.062800 0.062800
-45.0000 -80.2688 7.07865 0.439739 0.346890 0.176232 26.264 28.590 0.659796 0.062800 0.062800 0.062800 0.062800 0.062800 0.062800 0.062800 0.062800 0.062800 0.062800 0.062800 0.062800 0.062800 0.062800
-39.3750 -80.2688 6.46401 0.431113 0.322271 0.153514 22.318 23.679 0.443303 0.062800 0.062800 0.062800 0.062800 0.062800 0.062800 0.062800 0.062800 0.062800 0.062800 0.062800 0.062800 0.062800 0.062800
-33.7500 -80.2688 6.87787 0.435817 0.336772 0.167743 21.530 22.854 0.394569 0.062800 0.062800 0.062800 0.062800 0.062800 0.062800 0.062800 0.062800 0.062800 0.062800 0.062800 0.062800 0.062800 0.062800
-28.1250 -80.2688 7.43172 0.441062 0.352954 0.185176 20.145 21.335 0.321467 0.062800 0.062800 0.062800 0.062800 0.062800 0.062800 0.062800 0.062800 0.062800 0.062800 0.062800 0.062800 0.062800 0.062800
-22.5000 -80.2688 7.19361 0.438141 0.344792 0.177072 20.798 22.076 0.360830 0.062800 0.062800 0.062800 0.062800 0.062800 0.062800 0.062800 0.062800 0.062800 0.062800 0.062800 0.062800 0.062800 0.062800
-16.8750 -80.2688 6.22351 0.426314 0.309320 0.143182 26.939 29.064 0.742270 0.062800 0.062800 0.062800 0.062800 0.062800 0.062800 0.062800 0.062800 0.062800 0.062800 0.062800 0.062800 0.062800 0.062800
-11.2500 -80.2688 6.59845 0.431267 0.324287 0.156826 23.073 24.637 0.498598 0.062800 0.062800 0.062800 0.062800 0.062800 0.062800 0.062800 0.062800 0.062800 0.062800 0.062800 0.062800 0.062800 0.062800
-5.6250 -80.2688 6.33047 0.429144 0.316512 0.148430 26.986 29.142 0.726338 0.062800 0.062800 0.062800 0.062800 0.062800 0.062800 0.062800 0.062800 0.062800 0.062800 0.062800 0.062800 0.062800 0.062800
0.0000 -85.7606 7.69741 0.445088 0.363382 0.194938 19.798 20.953 0.296163 0.062800 0.062800 0.062800 0.062800 0.062800 0.062800 0.062800 0.062800 0.062800 0.062800 0.062800 0.062800 0.062800 0.062800
5.6250 -85.7606 6.98295 0.437011 0.340336 0.171305 19.867 20.882 0.296163 0.062800 0.062800 0.062800 0.062800 0.062800 0.062800 0.062800 0.062800 0.062800 0.062800 0.062800 0.062800 0.062800 0.062800
11.2500 -85.7606 7.42429 0.441280 0.353326 0.185251 19.818 20.929 0.299912 0.062800 0.062800 0.062800 0.062800 0.062800 0.062800 0.062800 0.062800 0.062800 0.062800 0.062800 0.062800 0.062800 0.062800
16.8750 -85.7606 7.51397 0.442652 0.356903 0.188574 19.990 21.153 0.308346 0.062800 0.062800 0.062800 0.062800 0.062800 0.062800 0.062800 0.062800 0.062800 0.062800 0.062800 0.062800 0.062800 0.062800
22.5000 -85.7606 7.63463 0.443752 0.360159 0.192223 20.085 21.303 0.316781 0.062800 0.062800 0.062800 0.062800 0.062800 0.062800 0.062800 0.062800 0.062800 0.062800 0.062800 0.062800 0.062800 0.062800
28.1250 -85.7606 7.74481 0.445119 0.363825 0.195921 20.474 21.807 0.340211 0.062800 0.062800 0.062800 0.062800 0.062800 0.062800 0.062800 0.062800 0.062800 0.062800 0.062800 0.062800 0.062800 0.062800
33.7500 -85.7606 8.01013 0.449717 0.375147 0.206203 21.140 22.674 0.372076 0.062800 0.062800 0.062800 0.062800 0.062800 0.062800 0.062800 0.062800 0.062800 0.062800 0.062800 0.062800 0.062800 0.062800
39.3750 -85.7606 8.02607 0.449794 0.375414 0.206595 21.440 23.055 0.390820 0.062800 0.062800 0.062800 0.062800 0.062800 0.062800 0.062800 0.062800 0.062800 0.062800 0.062800 0.062800 0.062800 0.062800
45.0000 -85.7606 8.12219 0.450481 0.377470 0.209200 22.033 23.833 0.430182 0.062800 0.062800 0.062800 0.062800 0.062800 0.062800 0.062800 0.062800 0.062800 0.062800 0.062800 0.062800 0.062800 0.062800
50.6250 -85.7606 7.96968 0.449242 0.373893 0.204890 23.602 25.722 0.517342 0.062800 0.062800 0.062800 0.062800 0.062800 0.062800 0.062800 0.062800 0.062800 0.062800 0.062800 0.062800 0.062800 0.062800
56.2500 -85.7606 7.79736 0.446094 0.366214 0.198032 25.568 28.107 0.641052 0.062800 0.062800 0.062800 0.062800 0.062800 0.062800 0.062800 0.062800 0.062800 0.062800 0.062800 0.062800 0.062800 0.062800
61.8750 -85.7606 7.11945 0.438887 0.345561 0.176239 29.518 32.564 0.864106 0.062800 0.062800 0.062800 0.062800 0.062800 0.062800 0.062800 0.062800 0.062800 0.062800 0.062800 0.062800 0.062800 0.062800
67.5000 -85.7606 6.96233 0.436960 0.340012 0.170794 33.734 37.150 1.000000 0.177138 0.062800 0.062800 0.062800 0.062800 0.062800 0.062800 0.062800 0.062800 0.062800 0.062800 0.062800 0.062800 0.062800
73.1250 -85.7606 7.05790 0.438133 0.343401 0.174112 29.972 33.076 0.891285 0.062800 0.062800 0.062800 0.062800 0.062800 0.062800 0.062800 0.062800 0.062800 0.062800 0.062800 0.062800 0.062800 0.062800
78.7500 -85.7606 7.20367 0.439916 0.348487 0.179136 27.444 30.100 0.741333 0.062800 0.062800 0.062800 0.062800 0.062800 0.062800 0.062800 0.062800 0.062800 0.062800 0.062800 0.062800 0.062800 0.062800
84.3750 -85.7606 7.35590 0.441769 0.353697 0.184335 25.636 27.975 0.634492 0.062800 0.062800 0.062800 0.062800 0.062800 0.062800 0.062800 0.062800 0.062800 0.062800 0.062800 0.062800 0.062800 0.062800
90.0000 -85.7606 7.59890 0.444764 0.361916 0.192591 24.234 26.360 0.552018 0.062800 0.062800 0.062800 0.062800 0.062800 0.062800 0.062800 0.062800 0.062800 0.062800 0.062800 0.062800 0.062800 0.062800
95.6250 -85.7606 7.84024 0.447720 0.369846 0.200670 23.135 25.094 0.488289 0.062800 0.062800 0.062800 0.062800 0.062800 0.062800 0.062800 0.062800 0.062800 0.062800 0.062800 0.062800 0.062800 0.062800
101.2500 -85.7606 8.07183 0.450542 0.377254 0.208312 22.248 24.071 0.437680 0.062800 0.062800 0.062800 0.062800 0.062800 0.062800 0.062800 0.062800 0.062800 0.062800 0.062800 0.062800 0.062800 0.062800
106.8750 -85.7606 8.20468 0.452184 0.381479 0.212680 21.612 23.318 0.401129 0.062800 0.062800 0.062800 0.062800 0.062800 0.062800 0.062800 0.062800 0.062800 0.062800 0.062800 0.062800 0.062800 0.062800
112.5000 -85.7606 7.94218 0.448921 0.373043 0.203999 21.627 23.260 0.400192 0.062800 0.062800 0.062800 0.062800 0.062800 0.062800 0.062800 0.062800 0.062800 0.062800 0.062800 0.062800 0.062800 0.062800
118.1250 -85.7606 7.46177 0.442590 0.356318 0.187427 25.153 27.441 0.610125 0.062800 0.062800 0.062800 0.062800 0.062800 0.062800 0.062800 0.062800 0.062800 0.062800 0.062800 0.062800 0.062800 0.062800
123.7500 -85.7606 7.89947 0.448123 0.371106 0.202279 22.945 24.886 0.479854 0.062800 0.062800 0.062800 0.062800 0.062800 0.062800 0.062800 0.062800 0.062800 0.062800 0.062800 0.062800 0.062800 0.062800
129.3750 -85.7606 8.55934 0.456500 0.392381 0.224119 19.020 20.146 0.251177 0.062800 0.062800 0.062800 0.062800 0.062800 0.062800 0.062800 0.062800 0.062800 0.062800 0.062800 0.062800 0.062800 0.062800
135.0000 -85.7606 8.54150 0.456271 0.391816 0.223535 19.101 20.245 0.255863 0.062800 0.062800 0.062800 0.062800 0.062800 0.062800 0.062800 0.062800 0.062800 0.062800 0.062800 0.062800 0.062800 0.062800
140.6250 -85.7606 8.58328 0.456629 0.392775 0.224694 18.984 20.108 0.250240 0.062800 0.062800 0.062800 0.062800 0.062800 0.062800 0.062800 0.062800 0.062800 0.062800 0.062800 0.062800 0.062800 0.062800
146.2500 -85.7606 8.57537 0.456619 0.392711 0.224543 18.994 20.117 0.250240 0.062800 0.062800 0.062800 0.062800 0.062800 0.062800 0.062800 0.062800 0.062800 0.062800 0.062800 0.062800 0.062800 0.062800
151.8750 -85.7606 8.56586 0.456599 0.392618 0.224350 19.778 21.106 0.296163 0.062800 0.062800 0.062800 0.062800 0.062800 0.062800 0.062800 0.062800 0.062800 0.062800 0.062800 0.062800 0.062800 0.062800
157.5000 -85.7606 8.53018 0.456141 0.391488 0.223181 19.798 21.124 0.297100 0.062800 0.062800 0.062800 0.062800 0.062800 0.062800 0.062800 0.062800 0.062800 0.062800 0.062800 0.062800 0.062800 0.062800
163.1250 -85.7606 8.51237 0.455926 0.390951 0.222613 19.802 21.124 0.297100 0.062800 0.062800 0.062800 0.062800 0.062800 0.062800 0.062800 0.062800 0.062800 0.062800 0.062800 0.062800 0.062800 0.062800
168.7500 -85.7606 8.50102 0.455781 0.390593 0.222242 19.803 21.124 0.297100 0.062800 0.062800 0.062800 0.062800 0.062800 0.062800 0.062800 0.062800 0.062800 0.062800 0.062800 0.062800 0.062800 0.062800
174.3750 -85.7606 8.56743 0.456595 0.392619 0.224373 19.791 21.124 0.297100 0.062800 0.062800 0.062800 0.062800 0.062800 0.062800 0.062800 0.062800 0.062800 0.062800 0.062800 0.062800 0.062800 0.062800
180.0000 -85.7606 8.56586 0.456599 0.392618 0.224350 19.778 21.106 0.296163 0.062800 0.062800 0.062800 0.062800 0.062800 0.062800 0.062800 0.062800 0.062800 0.062800 0.062800 0.062800 0.062800 0.062800
-174.3750 -85.7606 8.53184 0.456180 0.391577 0.223256 19.800 21.126 0.297100 0.062800 0.062800 0.062800 0.062800 0.062800 0.062800 0.062800 0.062800 0.062800 0.062800 0.062800 0.062800 0.062800 0.062800
-168.7500 -85.7606 8.52535 0.456095 0.391368 0.223042 19.800 21.126 0.297100 0.062800 0.062800 0.062800 0.062800 0.062800 0.062800 0.062800 0.062800 0.062800 0.062800 0.062800 0.062800 0.062800 0.062800
-163.1250 -85.7606 8.55937 0.456514 0.392410 0.224136 19.794 21.126 0.297100 0.062800 0.062800 0.062800 0.062800 0.062800 0.062800 0.062800 0.062800 0.062800 0.062800 0.062800 0.062800 0.062800 0.062800
-157.5000 -85.7606 8.56743 0.456595 0.392619 0.224373 19.791 21.124 0.297100 0.062800 0.062800 0.062800 0.062800 0.062800 0.062800 0.062800 0.062800 0.062800 0.062800 0.062800 0.062800 0.062800 0.062800
-151.8750 -85.7606 8.56743 0.456595 0.392619 0.224373 19.791 21.124 0.297100 0.062800 0.062800 0.062800 0.062800 0.062800 0.062800 0.062800 0.062800 0.062800 0.062800 0.062800 0.062800 0.062800 0.062800
-146.2500 -85.7606 8.56743 0.456595 0.392619 0.224373 19.791 21.124 0.297100 0.062800 0.062800 0.062800 0.062800 0.062800 0.062800 0.062800 0.062800 0.062800 0.062800 0.062800 0.062800 0.062800 0.062800
-140.6250 -85.7606 8.56743 0.456595 0.392619 0.224373 19.791 21.124 0.297100 0.062800 0.062800 0.062800 0.062800 0.062800 0.062800 0.062800 0.062800 0.062800 0.062800 0.062800 0.062800 0.062800 0.062800
-135.0000 -85.7606 8.56743 0.456595 0.392619 0.224373 19.791 21.124 0.297100 0.062800 0.062800 0.062800 0.062800 0.062800 0.062800 0.062800 0.062800 0.062800 0.062800 0.062800 0.062800 0.062800 0.062800
-129.3750 -85.7606 8.56743 0.456595 0.392619 0.224373 19.791 21.124 0.297100 0.062800 0.062800 0.062800 0.062800 0.062800 0.062800 0.062800 0.062800 0.062800 0.062800 0.062800 0.062800 0.062800 0.062800
-123.7500 -85.7606 8.56743 0.456595 0.392619 0.224373 19.791 21.124 0.297100 0.062800 0.062800 0.062800 0.062800 0.062800 0.062800 0.062800 0.062800 0.062800 0.062800 0.062800 0.062800 0.062800 0.062800
-118.1250 -85.7606 8.56743 0.456595 0.392619 0.224373 19.791 21.124 0.297100 0.062800 0.062800 0.062800 0.062800 0.062800 0.062800 0.062800 0.062800 0.062800 0.062800 0.062800 0.062800 0.062800 0.062800
-112.5000 -85.7606 8.55934 0.456500 0.392381 0.224119 19.004 20.126 0.250240 0.062800 0.062800 0.062800 0.062800 0.062800 0.062800 0.062800 0.062800 0.062800 0.062800 0.062800 0.062800 0.062800 0.062800
-106.8750 -85.7606 8.56743 0.456595 0.392619 0.224373 19.002 20.125 0.250240 0.062800 0.062800 0.062800 0.062800 0.062800 0.062800 0.062800 0.062800 0.062800 0.062800 0.062800 0.062800 0.062800 0.062800
-101.2500 -85.7606 8.56743 0.456595 0.392619 0.224373 19.002 20.125 0.250240 0.062800 0.062800 0.062800 0.062800 0.062800 0.062800 0.062800 0.062800 0.062800 0.062800 0.062800 0.062800 0.062800 0.062800
-95.6250 -85.7606 8.56743 0.456595 0.392619 0.224373 19.002 20.125 0.250240 0.062800 0.062800 0.062800 0.062800 0.062800 0.062800 0.062800 0.062800 0.062800 0.062800 0.062800 0.062800 0.062800 0.062800
-90.0000 -85.7606 8.55937 0.456514 0.392410 0.224136 19.006 20.127 0.250240 0.062800 0.062800 0.062800 0.062800 0.062800 0.062800 0.062800 0.062800 0.062800 0.062800 0.062800 0.062800 0.062800 0.062800
-84.3750 -85.7606 8.56743 0.456595 0.392619 0.224373 19.002 20.125 0.250240 0.062800 0.062800 0.062800 0.062800 0.062800 0.062800 0.062800 0.062800 0.062800 0.062800 0.062800 0.062800 0.062800 0.062800
-78.7500 -85.7606 8.53039 0.456240 0.391692 0.223300 19.019 20.136 0.250240 0.062800 0.062800 0.062800 0.062800 0.062800 0.062800 0.062800 0.062800 0.062800 0.062800 0.062800 0.062800 0.062800 0.062800
-73.1250 -85.7606 8.56743 0.456595 0.392619 0.224373 19.002 20.125 0.250240 0.062800 0.062800 0.062800 0.062800 0.062800 0.062800 0.062800 0.062800 0.062800 0.062800 0.062800 0.062800 0.062800 0.062800
-67.5000 -85.7606 8.56423 0.456574 0.392559 0.224292 19.068 20.207 0.253989 0.062800 0.062800 0.062800 0.062800 0.062800 0.062800 0.062800 0.062800 0.062800 0.062800 0.062800 0.062800 0.062800 0.062800
-61.8750 -85.7606 8.47240 0.455678 0.390220 0.221607 20.419 21.889 0.331776 0.062800 0.062800 0.062800 0.062800 0.062800 0.062800 0.062800 0.062800 0.062800 0.062800 0.062800 0.062800 0.062800 0.062800
-56.2500 -85.7606 8.40638 0.455048 0.388556 0.219684 21.146 22.785 0.373013 0.062800 0.062800 0.062800 0.062800 0.062800 0.062800 0.062800 0.062800 0.062800 0.062800 0.062800 0.062800 0.062800 0.062800
-50.6250 -85.7606 8.23887 0.453431 0.384241 0.214740 22.178 24.022 0.429245 0.062800 0.062800 0.062800 0.062800 0.062800 0.062800 0.062800 0.062800 0.062800 0.062800 0.062800 0.062800 0.062800 0.062800
-45.0000 -85.7606 7.85395 0.449729 0.374057 0.203172 23.833 25.927 0.515468 0.062800 0.062800 0.062800 0.062800 0.062800 0.062800 0.062800 0.062800 0.062800 0.062800 0.062800 0.062800 0.062800 0.062800
-39.3750 -85.7606 7.99547 0.450993 0.377654 0.207353 25.635 28.231 0.626057 0.062800 0.062800 0.062800 0.062800 0.062800 0.062800 0.062800 0.062800 0.062800 0.062800 0.062800 0.062800 0.062800 0.062800
-33.7500 -85.7606 7.57376 0.446307 0.364867 0.193755 23.848 25.842 0.514530 0.062800 0.062800 0.062800 0.062800 0.062800 0.062800 0.062800 0.062800 0.062800 0.062800 0.062800 0.062800 0.062800 0.062800
-28.1250 -85.7606 7.04571 0.439831 0.346746 0.175602 22.233 23.708 0.419873 0.062800 0.062800 0.062800 0.062800 0.062800 0.062800 0.062800 0.062800 0.062800 0.062800 0.062800 0.062800 0.062800 0.062800
-22.5000 -85.7606 7.15330 0.440720 0.349637 0.178887 21.046 22.310 0.353332 0.062800 0.062800 0.062800 0.062800 0.062800 0.062800 0.062800 0.062800 0.062800 0.062800 0.062800 0.062800 0.062800 0.062800
-16.8750 -85.7606 7.63102 0.445031 0.362724 0.193534 20.124 21.325 0.310221 0.062800 0.062800 0.062800 0.062800 0.062800 0.062800 0.062800 0.062800 0.062800 0.062800 0.062800 0.062800 0.062800 0.062800
-11.2500 -85.7606 7.49053 0.443507 0.358435 0.189006 19.962 21.092 0.298974 0.062800 0.062800 0.062800 0.062800 0.062800 0.062800 0.062800 0.062800 0.062800 0.062800 0.062800 0.062800 0.062800 0.062800
-5.6250 -85.7606 7.80185 0.446726 0.367531 0.198815 19.830 21.008 0.296163 0.062800 0.062800 0.062800 0.062800 0.062800 0.062800 0.062800 0.062800 0.062800 0.062800 0.062800 0.062800 0.062800 0.062800
