Lon Lat sand clay silt orgc ph bulkdensity cn soilc depth awc bedrockfrac andic pfixation cec
0.0000 85.7606 0.6149 0.1393 0.2458 0.00000 5.210 1500.0 12.0 0.0000 0.1273 14.04 0.0628 0.0000 0.0000 5.292
5.6250 85.7606 0.6174 0.1379 0.2447 0.00000 5.220 1500.0 12.0 0.0000 0.1408 15.50 0.0628 0.0000 0.0000 5.239
11.2500 85.7606 0.5931 0.1564 0.2506 0.00000 7.584 1500.0 12.0 0.0000 0.2042 22.86 0.0628 0.0000 0.0000 5.942
16.8750 85.7606 0.6255 0.1354 0.2390 0.00000 7.499 1500.0 12.0 0.0000 0.2485 27.14 0.0628 0.0000 0.0000 5.146
22.5000 85.7606 0.6180 0.1389 0.2431 0.00000 7.568 1500.0 12.0 0.0000 0.2539 27.91 0.0628 0.0000 0.0000 5.280
28.1250 85.7606 0.5505 0.1755 0.2739 0.00000 5.528 1500.0 12.0 0.0000 0.1406 16.33 0.0628 0.0000 0.0000 6.670
33.7500 85.7606 0.6273 0.1338 0.2388 0.00000 5.328 1500.0 12.0 0.0000 0.2436 26.57 0.0628 0.0000 0.0000 5.085
39.3750 85.7606 0.6431 0.1250 0.2319 0.00000 7.917 1500.0 12.0 0.0000 0.3729 40.14 0.0628 0.0000 0.0000 4.751
45.0000 85.7606 0.5312 0.1978 0.2710 0.00000 8.106 1500.0 12.0 0.0000 0.2764 32.37 0.0628 0.0000 0.0000 7.518
50.6250 85.7606 0.5402 0.1934 0.2665 0.00000 8.154 1500.0 12.0 0.0000 0.2775 32.26 0.0628 0.0000 0.0000 7.347
56.2500 85.7606 0.5059 0.2078 0.2863 0.00000 8.116 1500.0 12.0 0.0000 0.2381 28.50 0.0628 0.0000 0.0000 7.895
61.8750 85.7606 0.4426 0.2386 0.3188 0.00000 8.036 1500.0 12.0 0.0000 0.1368 17.20 0.0628 0.0000 0.0000 9.066
67.5000 85.7606 0.5050 0.2027 0.2923 0.00000 8.105 1500.0 12.0 0.0000 0.1782 21.42 0.0628 0.0000 0.0000 7.702
73.1250 85.7606 0.5030 0.2020 0.2950 0.00000 8.112 1500.0 12.0 0.0000 0.1264 15.23 0.0628 0.0000 0.0000 7.678
78.7500 85.7606 0.4713 0.2210 0.3077 0.00000 8.072 1500.0 12.0 0.0000 0.0661 10.00 0.0628 0.0000 0.0000 8.400
84.3750 85.7606 0.4784 0.2171 0.3045 0.00000 8.091 1500.0 12.0 0.0000 0.0547 10.00 0.0628 0.0000 0.0000 8.251
90.0000 85.7606 0.4812 0.2134 0.3054 0.00000 8.100 1500.0 12.0 0.0000 0.0492 10.00 0.0628 0.0000 0.0000 8.109
95.6250 85.7606 0.4622 0.2295 0.3083 0.00000 8.134 1500.0 12.0 0.0000 0.0420 10.00 0.0628 0.0000 0.0000 8.720
101.2500 85.7606 0.4447 0.2412 0.3141 0.00000 8.131 1500.0 12.0 0.0000 0.0364 10.00 0.0628 0.0000 0.0000 9.165
106.8750 85.7606 0.4498 0.2328 0.3174 0.00000 8.112 1500.0 12.0 0.0000 0.0339 10.00 0.0628 0.0000 0.0000 8.846
112.5000 85.7606 0.4572 0.2265 0.3164 0.00000 8.105 1500.0 12.0 0.0000 0.0315 10.00 0.0628 0.0000 0.0000 8.605
118.1250 85.7606 0.3722 0.2866 0.3411 0.00000 8.099 1500.0 12.0 0.0000 0.0262 10.00 0.0628 0.0000 0.0000 10.893
123.7500 85.7606 0.3763 0.2836 0.3401 0.00000 8.079 1500.0 12.0 0.0000 0.0245 10.00 0.0628 0.0000 0.0000 10.777
129.3750 85.7606 0.3926 0.2753 0.3321 0.00000 8.040 1500.0 12.0 0.0000 0.0226 10.00 0.0628 0.0000 0.0000 10.462
135.0000 85.7606 0.4409 0.2389 0.3202 0.00000 7.906 1500.0 12.0 0.0000 0.0216 10.00 0.0628 0.0000 0.0000 9.079
140.6250 85.7606 0.3690 0.2865 0.3445 0.00000 7.832 1500.0 12.0 0.0000 0.0200 10.00 0.0628 0.0000 0.0000 10.886
146.2500 85.7606 0.3959 0.2645 0.3396 0.00000 7.590 1500.0 12.0 0.0000 0.0204 10.00 0.0628 0.0000 0.0000 10.051
151.8750 85.7606 0.3754 0.2812 0.3435 0.00000 7.572 1500.0 12.0 0.0000 0.0268 10.00 0.0628 0.0000 0.0000 10.684
157.5000 85.7606 0.3797 0.2849 0.3355 0.00000 7.594 1500.0 12.0 0.0000 0.0391 10.00 0.0628 0.0000 0.0000 10.824
163.1250 85.7606 0.4250 0.2565 0.3184 0.00000 7.426 1500.0 12.0 0.0000 0.0479 10.00 0.0628 0.0000 0.0000 9.749
168.7500 85.7606 0.5558 0.1795 0.2647 0.00000 7.183 1500.0 12.0 0.0000 0.0697 10.00 0.0628 0.0000 0.0000 6.819
174.3750 85.7606 0.4644 0.2291 0.3066 0.00000 6.782 1500.0 12.0 0.0000 0.0531 10.00 0.0628 0.0000 0.0000 8.704
180.0000 85.7606 0.3818 0.2674 0.3509 0.00000 6.703 1500.0 12.0 0.0000 0.0510 10.00 0.0628 0.0000 0.0000 10.160
-174.3750 85.7606 0.3944 0.2512 0.3544 0.00000 6.275 1500.0 12.0 0.0000 0.0579 10.00 0.0628 0.0000 0.0000 9.546
-168.7500 85.7606 0.4432 0.2210 0.3358 0.00000 6.092 1499.9 12.0 0.0000 0.0527 10.00 0.0628 0.0000 0.0005 8.399
-163.1250 85.7606 0.4682 0.2103 0.3215 0.00000 6.239 1500.0 12.0 0.0000 0.0592 10.00 0.0628 0.0000 0.0001 7.991
-157.5000 85.7606 0.4246 0.2368 0.3386 0.00000 6.422 1500.0 12.0 0.0000 0.0526 10.00 0.0628 0.0000 0.0001 8.999
-151.8750 85.7606 0.4010 0.2499 0.3490 0.00000 7.398 1500.0 12.0 0.0000 0.0514 10.00 0.0628 0.0000 0.0002 9.497
-146.2500 85.7606 0.4343 0.2262 0.3395 0.00000 6.244 1500.0 12.0 0.0000 0.0558 10.00 0.0628 0.0000 0.0002 8.596
-140.6250 85.7606 0.4292 0.2210 0.3498 0.00000 5.974 1500.0 12.0 0.0000 0.0621 10.00 0.0628 0.0000 0.0004 8.399
-135.0000 85.7606 0.4360 0.2229 0.3411 0.00000 6.018 1500.0 12.0 0.0000 0.0517 10.00 0.0628 0.0000 0.0003 8.468
-129.3750 85.7606 0.4060 0.2451 0.3490 0.00000 6.114 1500.0 12.0 0.0000 0.0438 10.00 0.0628 0.0000 0.0002 9.313
-123.7500 85.7606 0.3918 0.2503 0.3579 0.00000 5.917 1500.0 12.0 0.0000 0.0436 10.00 0.0628 0.0000 0.0004 9.511
-118.1250 85.7606 0.3876 0.2463 0.3661 0.00000 5.847 1499.9 12.0 0.0000 0.0480 10.00 0.0628 0.0001 0.0009 9.358
-112.5000 85.7606 0.4394 0.2087 0.3519 0.00000 5.571 1499.9 12.0 0.0000 0.0600 10.00 0.0628 0.0001 0.0011 7.932
-106.8750 85.7606 0.5083 0.1867 0.3049 0.00000 5.515 1500.0 12.0 0.0000 0.0598 10.00 0.0628 0.0000 0.0004 7.096
-101.2500 85.7606 0.4996 0.2034 0.2970 0.00000 5.879 1500.0 12.0 0.0000 0.0607 10.00 0.0628 0.0000 0.0000 7.730
-95.6250 85.7606 0.6087 0.1443 0.2470 0.00000 5.415 1500.0 12.0 0.0000 0.0687 10.00 0.0628 0.0000 0.0000 5.482
-90.0000 85.7606 0.5352 0.1857 0.2790 0.00000 5.443 1500.0 12.0 0.0000 0.0626 10.00 0.0628 0.0000 0.0000 7.058
-84.3750 85.7606 0.5935 0.1543 0.2522 0.00000 5.502 1500.0 12.0 0.0000 0.0744 10.00 0.0628 0.0000 0.0000 5.862
-78.7500 85.7606 0.5718 0.1669 0.2612 0.00000 5.651 1500.0 12.0 0.0000 0.0653 10.00 0.0628 0.0000 0.0000 6.344
-73.1250 85.7606 0.4727 0.2222 0.3052 0.00000 5.858 1500.0 12.0 0.0000 0.0355 10.00 0.0628 0.0000 0.0000 8.443
-67.5000 85.7606 0.4305 0.2491 0.3204 0.00000 6.145 1500.0 12.0 0.0000 0.0346 10.00 0.0628 0.0000 0.0000 9.468
-61.8750 85.7606 0.4382 0.2460 0.3159 0.00000 6.372 1500.0 12.0 0.0000 0.0419 10.00 0.0628 0.0000 0.0000 9.347
-56.2500 85.7606 0.3802 0.2788 0.3410 0.00000 6.327 1500.0 12.0 0.0000 0.0332 10.00 0.0628 0.0000 0.0000 10.596
-50.6250 85.7606 0.3632 0.2873 0.3495 0.00000 6.140 1500.0 12.0 0.0000 0.0282 10.00 0.0628 0.0000 0.0000 10.917
-45.0000 85.7606 0.3928 0.2681 0.3392 0.00000 6.136 1500.0 12.0 0.0000 0.0401 10.00 0.0628 0.0000 0.0000 10.186
-39.3750 85.7606 0.4473 0.2341 0.3186 0.00000 6.171 1500.0 12.0 0.0000 0.0497 10.00 0.0628 0.0000 0.0000 8.894
-33.7500 85.7606 0.4561 0.2285 0.3154 0.00000 5.316 1500.0 12.0 0.0000 0.0353 10.00 0.0644 0.0000 0.0000 8.684
-28.1250 85.7606 0.4667 0.2222 0.3111 0.00000 5.332 1500.0 12.0 0.0000 0.0354 10.00 0.0639 0.0000 0.0000 8.444
-22.5000 85.7606 0.4903 0.2099 0.2997 0.00000 5.287 1500.0 12.0 0.0000 0.0563 10.00 0.0634 0.0000 0.0000 7.978
-16.8750 85.7606 0.5022 0.2027 0.2952 0.00000 5.309 1500.0 12.0 0.0000 0.0557 10.00 0.0629 0.0000 0.0000 7.702
-11.2500 85.7606 0.5293 0.1866 0.2841 0.00000 5.319 1500.0 12.0 0.0000 0.0774 10.00 0.0628 0.0000 0.0000 7.090
-5.6250 85.7606 0.6023 0.1461 0.2516 0.00000 5.220 1500.0 12.0 0.0000 0.1086 12.10 0.0628 0.0000 0.0000 5.552
0.0000 80.2688 0.5832 0.1443 0.2724 0.00000 6.424 1500.0 12.0 0.0000 0.2482 28.32 0.0628 0.0000 0.0004 5.485
5.6250 80.2688 0.5435 0.1452 0.3112 0.00000 6.670 1499.9 12.0 0.0000 0.2385 28.43 0.0628 0.0001 0.0012 5.519
11.2500 80.2688 0.5148 0.1615 0.3238 0.00000 6.781 1499.9 12.0 0.0000 0.2472 30.11 0.0628 0.0001 0.0013 6.136
16.8750 80.2688 0.5718 0.1155 0.3127 0.00000 6.061 1499.8 12.0 0.0000 0.2813 33.09 0.0628 0.0001 0.0019 4.391
22.5000 80.2688 0.5054 0.1729 0.3217 0.00000 6.277 1499.9 12.0 0.0000 0.1971 24.09 0.0628 0.0001 0.0010 6.572
28.1250 80.2688 0.5492 0.1344 0.3164 0.00000 5.694 1499.8 12.0 0.0000 0.2667 31.80 0.0628 0.0001 0.0016 5.107
33.7500 80.2688 0.5311 0.1598 0.3091 0.00000 5.712 1499.9 12.0 0.0000 0.2317 27.76 0.0628 0.0001 0.0009 6.073
39.3750 80.2688 0.5125 0.1681 0.3194 0.00000 5.661 1499.9 12.0 0.0000 0.2127 25.87 0.0628 0.0001 0.0009 6.387
45.0000 80.2688 0.5222 0.1608 0.3169 0.00000 5.550 1499.9 12.0 0.0000 0.1822 22.02 0.0628 0.0001 0.0011 6.112
50.6250 80.2688 0.4439 0.2310 0.3251 0.00000 7.808 1500.0 12.0 0.0000 0.1222 15.42 0.0628 0.0000 0.0001 8.777
56.2500 80.2688 0.4539 0.2089 0.3371 0.00000 7.726 1499.9 12.0 0.0000 0.1947 24.61 0.0628 0.0001 0.0010 7.940
61.8750 80.2688 0.4869 0.1905 0.3225 0.00000 7.855 1499.9 12.0 0.0000 0.2247 27.72 0.0628 0.0001 0.0010 7.240
67.5000 80.2688 0.4119 0.2327 0.3555 0.00000 7.999 1500.0 12.0 0.0000 0.2990 38.92 0.0628 0.0000 0.0001 8.841
73.1250 80.2688 0.3543 0.2797 0.3660 0.00000 8.161 1500.0 12.0 0.0000 0.2497 33.55 0.0628 0.0000 0.0000 10.629
78.7500 80.2688 0.4396 0.2277 0.3327 0.00000 8.173 1500.0 12.0 0.0000 0.2653 33.67 0.0628 0.0000 0.0000 8.651
84.3750 80.2688 0.4612 0.2108 0.3281 0.00000 8.163 1500.0 12.0 0.0000 0.2389 29.94 0.0628 0.0000 0.0000 8.009
90.0000 80.2688 0.4604 0.2173 0.3222 0.00000 8.053 1500.0 12.0 0.0000 0.1116 13.95 0.0628 0.0000 0.0000 8.259
95.6250 80.2688 0.4644 0.2169 0.3187 0.00000 8.071 1500.0 12.0 0.0000 0.0969 12.06 0.0628 0.0000 0.0000 8.242
101.2500 80.2688 0.4889 0.2063 0.3048 0.00000 8.045 1500.0 12.0 0.0000 0.0735 10.00 0.0628 0.0000 0.0000 7.838
106.8750 80.2688 0.4094 0.2647 0.3259 0.00000 8.100 1500.0 12.0 0.0000 0.0540 10.00 0.0628 0.0000 0.0000 10.057
112.5000 80.2688 0.3464 0.2984 0.3552 0.00000 8.017 1500.0 12.0 0.0000 0.0489 10.00 0.0628 0.0000 0.0000 11.341
118.1250 80.2688 0.3906 0.2673 0.3422 0.00000 7.971 1500.0 12.0 0.0000 0.0519 10.00 0.0628 0.0000 0.0000 10.156
123.7500 80.2688 0.4409 0.2355 0.3237 0.00000 7.943 1500.0 12.0 0.0000 0.0621 10.00 0.0628 0.0000 0.0000 8.948
129.3750 80.2688 0.4637 0.2239 0.3124 0.00000 7.955 1500.0 12.0 0.0000 0.0852 10.56 0.0628 0.0000 0.0000 8.508
135.0000 80.2688 0.4476 0.2346 0.3179 0.00000 8.005 1500.0 12.0 0.0000 0.1229 15.41 0.0628 0.0000 0.0000 8.914
140.6250 80.2688 0.4676 0.2247 0.3077 0.00000 8.044 1500.0 12.0 0.0000 0.1858 22.95 0.0628 0.0000 0.0000 8.539
146.2500 80.2688 0.5372 0.1886 0.2742 0.00000 8.098 1500.0 12.0 0.0000 0.2587 30.26 0.0628 0.0000 0.0000 7.168
151.8750 80.2688 0.5645 0.1735 0.2620 0.00000 8.064 1500.0 12.0 0.0000 0.2386 27.31 0.0628 0.0000 0.0000 6.594
157.5000 80.2688 0.4466 0.2274 0.3260 0.00000 7.980 1500.0 12.0 0.0000 0.2070 26.09 0.0628 0.0000 0.0000 8.642
163.1250 80.2688 0.4521 0.2127 0.3351 0.00000 7.968 1499.9 12.0 0.0000 0.1956 24.72 0.0628 0.0000 0.0005 8.084
168.7500 80.2688 0.4466 0.2201 0.3332 0.00000 8.004 1500.0 12.0 0.0000 0.1750 22.14 0.0628 0.0000 0.0002 8.365
174.3750 80.2688 0.3961 0.2539 0.3500 0.00000 8.051 1500.0 12.0 0.0000 0.1405 18.37 0.0628 0.0000 0.0003 9.649
180.0000 80.2688 0.3984 0.2510 0.3506 0.00000 7.890 1500.0 12.0 0.0000 0.1505 19.67 0.0628 0.0000 0.0001 9.538
-174.3750 80.2688 0.4929 0.1963 0.3108 0.00000 7.620 1500.0 12.0 0.0000 0.1226 14.98 0.0628 0.0000 0.0003 7.458
-168.7500 80.2688 0.4177 0.2463 0.3360 0.00000 7.851 1500.0 12.0 0.0000 0.0559 10.00 0.0628 0.0000 0.0002 9.359
-163.1250 80.2688 0.3916 0.2606 0.3478 0.00000 7.576 1500.0 12.0 0.0000 0.0330 10.00 0.0628 0.0000 0.0000 9.901
-157.5000 80.2688 0.4642 0.2114 0.3241 0.00000 5.451 1500.0 12.0 0.0000 0.0420 10.00 0.0669 0.0000 0.0000 8.034
-151.8750 80.2688 0.5491 0.1632 0.2876 0.00000 5.343 1500.0 12.0 0.0000 0.0631 10.00 0.0656 0.0000 0.0000 6.203
-146.2500 80.2688 0.4967 0.1967 0.3066 0.00000 7.525 1500.0 12.0 0.0000 0.0575 10.00 0.0628 0.0000 0.0000 7.475
-140.6250 80.2688 0.4312 0.2350 0.3338 0.00000 7.135 1500.0 12.0 0.0000 0.0318 10.00 0.0628 0.0000 0.0000 8.930
-135.0000 80.2688 0.4096 0.2545 0.3359 0.00000 7.110 1500.0 12.0 0.0000 0.0285 10.00 0.0628 0.0000 0.0000 9.672
-129.3750 80.2688 0.4154 0.2454 0.3392 0.00000 7.283 1500.0 12.0 0.0000 0.0315 10.00 0.0628 0.0000 0.0000 9.325
-123.7500 80.2688 0.4316 0.2376 0.3308 0.00000 6.157 1500.0 12.0 0.0000 0.0506 10.00 0.0628 0.0000 0.0000 9.029
-118.1250 80.2688 0.5488 0.1614 0.2897 0.00000 7.938 1500.0 12.0 0.0000 0.1301 15.27 0.0628 0.0000 0.0000 6.132
-112.5000 80.2688 0.4742 0.2008 0.3250 0.00000 8.074 1499.9 12.0 0.0000 0.1556 19.34 0.0628 0.0001 0.0007 7.632
-106.8750 80.2688 0.3833 0.2498 0.3668 0.00000 8.169 1499.9 12.0 0.0000 0.2079 27.59 0.0628 0.0001 0.0007 9.494
-101.2500 80.2688 0.4536 0.2342 0.3122 0.00000 8.173 1500.0 12.0 0.0000 0.2568 32.01 0.0628 0.0000 0.0000 8.899
-95.6250 80.2688 0.4194 0.2553 0.3254 0.00000 8.165 1500.0 12.0 0.0000 0.2530 32.29 0.0628 0.0000 0.0000 9.700
-90.0000 80.2688 0.4949 0.2111 0.2940 0.00000 8.165 1500.0 12.0 0.0000 0.3425 41.40 0.0628 0.0000 0.0000 8.021
-84.3750 80.2688 0.5298 0.1883 0.2819 0.00000 8.169 1500.0 12.0 0.0000 0.2587 30.51 0.0628 0.0000 0.0000 7.156
-78.7500 80.2688 0.4417 0.2437 0.3146 0.00000 7.897 1500.0 12.0 0.0000 0.1252 15.72 0.0628 0.0000 0.0000 9.260
-73.1250 80.2688 0.4973 0.2032 0.2996 0.00000 7.537 1500.0 12.0 0.0000 0.1025 12.42 0.0628 0.0000 0.0000 7.721
-67.5000 80.2688 0.4831 0.2118 0.3051 0.00000 5.569 1500.0 12.0 0.0000 0.0747 10.00 0.0641 0.0000 0.0000 8.050
-61.8750 80.2688 0.4864 0.2099 0.3038 0.00000 5.531 1500.0 12.0 0.0000 0.0664 10.00 0.0643 0.0000 0.0000 7.975
-56.2500 80.2688 0.5837 0.1562 0.2601 0.00000 7.711 1500.0 12.0 0.0000 0.2090 23.66 0.0628 0.0000 0.0000 5.935
-50.6250 80.2688 0.6694 0.1097 0.2209 0.00000 7.408 1500.0 12.0 0.0000 0.2792 29.40 0.0628 0.0000 0.0000 4.168
-45.0000 80.2688 0.7055 0.0901 0.2044 0.00000 6.793 1500.0 12.0 0.0000 0.2784 28.39 0.0628 0.0000 0.0000 3.424
-39.3750 80.2688 0.7135 0.0858 0.2008 0.00000 5.104 1500.0 12.0 0.0000 0.1983 20.08 0.0633 0.0000 0.0000 3.259
-33.7500 80.2688 0.6891 0.0982 0.2126 0.00000 5.117 1500.0 12.0 0.0000 0.2131 22.07 0.0628 0.0000 0.0000 3.732
-28.1250 80.2688 0.6773 0.0982 0.2245 0.00000 5.130 1500.0 12.0 0.0000 0.2060 21.65 0.0628 0.0000 0.0003 3.732
-22.5000 80.2688 0.6052 0.1189 0.2759 0.00000 5.260 1499.9 12.0 0.0000 0.2133 24.11 0.0628 0.0001 0.0011 4.517
-16.8750 80.2688 0.6844 0.0908 0.2248 0.00000 5.207 1499.9 12.0 0.0000 0.2930 30.68 0.0628 0.0000 0.0005 3.450
-11.2500 80.2688 0.6615 0.1077 0.2308 0.00000 5.472 1500.0 12.0 0.0000 0.2842 30.26 0.0628 0.0000 0.0002 4.092
-5.6250 80.2688 0.6374 0.1146 0.2480 0.00000 5.806 1499.9 12.0 0.0000 0.2844 31.04 0.0628 0.0000 0.0005 4.354
0.0000 74.7445 0.4489 0.2220 0.3290 0.00000 6.543 1500.0 12.0 0.0000 0.0599 10.00 0.0628 0.0000 0.0000 8.438
5.6250 74.7445 0.4489 0.2220 0.3290 0.00000 6.588 1500.0 12.0 0.0000 0.0667 10.00 0.0628 0.0000 0.0000 8.438
11.2500 74.7445 0.4488 0.2221 0.3290 0.00000 6.566 1500.0 12.0 0.0000 0.0773 10.00 0.0628 0.0000 0.0000 8.441
50.6250 74.7445 0.4285 0.2348 0.3366 0.00000 5.768 1500.0 12.0 0.0000 0.2087 26.68 0.0640 0.0000 0.0000 8.924
56.2500 74.7445 0.5079 0.1771 0.3150 0.00000 5.450 1499.9 12.0 0.0000 0.3463 42.10 0.0646 0.0001 0.0006 6.731
61.8750 74.7445 0.4274 0.2315 0.3411 0.00000 8.164 1499.9 12.0 0.0000 0.3087 39.59 0.0628 0.0000 0.0005 8.796
67.5000 74.7445 0.5019 0.1733 0.3249 0.00000 8.179 1499.8 12.0 0.0000 0.5456 66.93 0.0628 0.0001 0.0018 6.585
73.1250 74.7445 0.5250 0.1934 0.2816 0.00000 8.200 1500.0 12.0 0.0000 0.5476 64.74 0.0628 0.0000 0.0003 7.349
78.7500 74.7445 0.4367 0.2536 0.3097 0.00000 8.209 1500.0 12.0 0.0000 0.3545 44.48 0.0628 0.0000 0.0000 9.636
84.3750 74.7445 0.3944 0.2735 0.3320 0.00000 8.165 1500.0 12.0 0.0000 0.1538 19.92 0.0628 0.0000 0.0000 10.394
90.0000 74.7445 0.3853 0.2787 0.3360 0.00000 8.194 1500.0 12.0 0.0000 0.1854 24.18 0.0628 0.0000 0.0000 10.590
95.6250 74.7445 0.3318 0.3072 0.3610 0.00000 8.123 1500.0 12.0 0.0000 0.1199 16.23 0.0628 0.0000 0.0000 11.674
101.2500 74.7445 0.3531 0.2907 0.3562 0.00000 8.026 1500.0 12.0 0.0000 0.0936 12.53 0.0628 0.0000 0.0000 11.048
106.8750 74.7445 0.3700 0.2798 0.3501 0.00000 7.926 1500.0 12.0 0.0000 0.0804 10.63 0.0628 0.0000 0.0000 10.634
112.5000 74.7445 0.3453 0.2948 0.3599 0.00000 7.867 1500.0 12.0 0.0000 0.0616 10.00 0.0628 0.0000 0.0000 11.201
118.1250 74.7445 0.3436 0.2901 0.3662 0.00000 7.899 1500.0 12.0 0.0000 0.0632 10.00 0.0628 0.0000 0.0000 11.025
123.7500 74.7445 0.3136 0.3056 0.3808 0.00000 7.906 1500.0 12.0 0.0000 0.0664 10.00 0.0628 0.0000 0.0000 11.612
129.3750 74.7445 0.3413 0.2949 0.3638 0.00000 7.859 1500.0 12.0 0.0000 0.0659 10.00 0.0628 0.0000 0.0000 11.205
135.0000 74.7445 0.4167 0.2549 0.3284 0.00000 7.767 1500.0 12.0 0.0000 0.0734 10.00 0.0628 0.0000 0.0000 9.687
140.6250 74.7445 0.4525 0.2312 0.3163 0.00000 7.418 1500.0 12.0 0.0000 0.0695 10.00 0.0628 0.0000 0.0000 8.785
146.2500 74.7445 0.5165 0.1982 0.2853 0.00000 8.066 1500.0 12.0 0.0000 0.2163 25.74 0.0628 0.0000 0.0000 7.530
151.8750 74.7445 0.5756 0.1654 0.2590 0.00000 8.170 1500.0 12.0 0.0000 0.4075 46.29 0.0628 0.0000 0.0000 6.285
157.5000 74.7445 0.3926 0.2504 0.3570 0.00000 8.163 1500.0 12.0 0.0000 0.3371 44.31 0.0628 0.0000 0.0003 9.516
163.1250 74.7445 0.4299 0.2284 0.3417 0.00000 7.979 1500.0 12.0 0.0000 0.2242 28.73 0.0628 0.0000 0.0003 8.678
168.7500 74.7445 0.4558 0.2204 0.3238 0.00000 7.385 1500.0 12.0 0.0000 0.1275 15.98 0.0628 0.0000 0.0000 8.377
174.3750 74.7445 0.4076 0.2498 0.3425 0.00000 5.570 1500.0 12.0 0.0000 0.0830 10.75 0.0703 0.0000 0.0000 9.494
180.0000 74.7445 0.4480 0.2235 0.3285 0.00000 5.373 1500.0 12.0 0.0000 0.0624 10.00 0.0700 0.0000 0.0000 8.494
-140.6250 74.7445 0.4487 0.2223 0.3290 0.00000 7.190 1500.0 12.0 0.0000 0.0373 10.00 0.0628 0.0000 0.0000 8.447
-135.0000 74.7445 0.4493 0.2217 0.3290 0.00000 8.163 1500.0 12.0 0.0000 0.0422 10.00 0.0628 0.0000 0.0000 8.425
-129.3750 74.7445 0.4984 0.1938 0.3078 0.00000 8.163 1500.0 12.0 0.0000 0.1256 15.28 0.0628 0.0000 0.0000 7.364
-123.7500 74.7445 0.5199 0.1774 0.3023 0.00000 8.165 1500.0 12.0 0.0000 0.1446 17.35 0.0628 0.0000 0.0000 6.743
-118.1250 74.7445 0.5240 0.1704 0.3052 0.00000 8.152 1500.0 12.0 0.0000 0.1609 19.29 0.0628 0.0000 0.0001 6.475
-112.5000 74.7445 0.4070 0.2426 0.3505 0.00000 8.173 1500.0 12.0 0.0000 0.1365 17.76 0.0628 0.0000 0.0003 9.217
-106.8750 74.7445 0.3828 0.2595 0.3577 0.00000 8.169 1500.0 12.0 0.0000 0.1203 15.89 0.0628 0.0000 0.0000 9.862
-101.2500 74.7445 0.4744 0.2004 0.3252 0.00000 8.167 1500.0 12.0 0.0000 0.1931 24.00 0.0628 0.0000 0.0004 7.615
-95.6250 74.7445 0.5502 0.1660 0.2837 0.00000 8.161 1500.0 12.0 0.0000 0.2535 29.62 0.0628 0.0000 0.0003 6.309
-90.0000 74.7445 0.6093 0.1475 0.2431 0.00000 8.155 1500.0 12.0 0.0000 0.3110 34.35 0.0628 0.0000 0.0000 5.607
-84.3750 74.7445 0.5225 0.1949 0.2826 0.00000 8.160 1500.0 12.0 0.0000 0.2449 29.00 0.0628 0.0000 0.0000 7.407
-78.7500 74.7445 0.4517 0.2321 0.3162 0.00000 8.122 1500.0 12.0 0.0000 0.1232 15.41 0.0628 0.0000 0.0000 8.820
-73.1250 74.7445 0.5077 0.1974 0.2949 0.00000 8.156 1500.0 12.0 0.0000 0.1908 22.93 0.0628 0.0000 0.0000 7.501
-67.5000 74.7445 0.7027 0.0916 0.2057 0.00000 5.200 1500.0 12.0 0.0000 0.4176 42.70 0.0629 0.0000 0.0000 3.481
-61.8750 74.7445 0.7168 0.0841 0.1991 0.00000 5.138 1500.0 12.0 0.0000 0.4076 41.14 0.0636 0.0000 0.0000 3.195
-56.2500 74.7445 0.6499 0.1186 0.2315 0.00000 5.258 1500.0 12.0 0.0000 0.2995 32.11 0.0639 0.0000 0.0000 4.507
-50.6250 74.7445 0.5723 0.1578 0.2699 0.00000 5.471 1500.0 12.0 0.0000 0.2006 22.98 0.0636 0.0000 0.0000 5.995
-45.0000 74.7445 0.5557 0.1336 0.3108 0.00000 5.383 1499.8 12.0 0.0000 0.2175 25.76 0.0628 0.0001 0.0015 5.076
-39.3750 74.7445 0.5109 0.1624 0.3267 0.00000 5.695 1499.8 12.0 0.0000 0.3237 39.57 0.0628 0.0001 0.0014 6.170
-22.5000 74.7445 0.4487 0.2222 0.3290 0.00000 6.350 1500.0 12.0 0.0000 0.0695 10.00 0.0628 0.0000 0.0000 8.445
-16.8750 74.7445 0.4488 0.2222 0.3290 0.00000 6.470 1500.0 12.0 0.0000 0.0610 10.00 0.0628 0.0000 0.0000 8.444
-11.2500 74.7445 0.5056 0.1692 0.3252 0.00000 6.225 1499.9 12.0 0.0000 0.1493 18.28 0.0628 0.0001 0.0011 6.429
-5.6250 74.7445 0.4736 0.2015 0.3249 0.00000 6.388 1500.0 12.0 0.0000 0.0893 11.11 0.0628 0.0000 0.0003 7.657
0.0000 69.2130 0.4634 0.2059 0.3294 0.00000 5.304 1500.0 12.0 0.0000 0.1072 13.40 0.0720 0.0000 0.0000 7.823
5.6250 69.2130 0.3631 0.3150 0.3219 0.00000 5.319 1500.0 12.0 0.0000 0.0892 11.67 0.0716 0.0000 0.0000 11.969
11.2500 69.2130 0.4946 0.1954 0.3100 0.00000 5.265 1500.0 12.0 0.0000 0.1832 22.36 0.0714 0.0000 0.0000 7.424
16.8750 69.2130 0.5177 0.1774 0.3048 0.00000 5.280 1499.9 12.0 0.0000 0.3016 36.28 0.0707 0.0000 0.0003 6.743
22.5000 69.2130 0.5172 0.1740 0.3088 0.00000 5.318 1499.9 12.0 0.0000 0.3964 47.81 0.0696 0.0001 0.0006 6.614
33.7500 69.2130 0.5816 0.1076 0.3109 0.00000 5.140 1499.7 12.0 0.0000 0.8209 95.99 0.0672 0.0002 0.0023 4.087
39.3750 69.2130 0.5516 0.1391 0.3093 0.00000 5.284 1499.8 12.0 0.0000 0.8756 103.85 0.0676 0.0001 0.0014 5.288
45.0000 69.2130 0.4485 0.2229 0.3286 0.00000 5.601 1500.0 12.0 0.0000 0.3709 46.77 0.0685 0.0000 0.0000 8.469
50.6250 69.2130 0.4434 0.2235 0.3278 0.00000 5.547 1500.0 12.0 0.0000 0.7047 88.55 0.0696 0.0000 0.0000 8.494
56.2500 69.2130 0.4798 0.1909 0.3293 0.00000 8.166 1499.9 12.0 0.0000 0.5216 64.83 0.0628 0.0001 0.0012 7.253
61.8750 69.2130 0.4294 0.2238 0.3468 0.00000 8.166 1499.9 12.0 0.0000 0.5163 66.37 0.0628 0.0001 0.0013 8.504
67.5000 69.2130 0.5954 0.1555 0.2491 0.00000 8.175 1500.0 12.0 0.0000 0.7592 84.82 0.0628 0.0000 0.0000 5.910
73.1250 69.2130 0.5866 0.1586 0.2548 0.00000 8.171 1500.0 12.0 0.0000 0.4516 50.86 0.0628 0.0000 0.0000 6.027
78.7500 69.2130 0.5027 0.2001 0.2972 0.00000 8.043 1500.0 12.0 0.0000 0.1610 19.42 0.0628 0.0000 0.0000 7.603
84.3750 69.2130 0.4332 0.2418 0.3250 0.00000 8.018 1500.0 12.0 0.0000 0.1500 19.01 0.0628 0.0000 0.0000 9.189
90.0000 69.2130 0.4285 0.2447 0.3267 0.00000 7.775 1500.0 12.0 0.0000 0.1420 18.05 0.0628 0.0000 0.0000 9.300
95.6250 69.2130 0.4375 0.2401 0.3224 0.00000 7.546 1500.0 12.0 0.0000 0.1095 13.83 0.0628 0.0000 0.0000 9.124
101.2500 69.2130 0.4515 0.2316 0.3169 0.00000 7.474 1500.0 12.0 0.0000 0.1001 12.52 0.0628 0.0000 0.0000 8.802
106.8750 69.2130 0.4452 0.2345 0.3203 0.00000 7.657 1500.0 12.0 0.0000 0.1102 13.85 0.0628 0.0000 0.0000 8.911
112.5000 69.2130 0.4189 0.2488 0.3323 0.00000 7.936 1500.0 12.0 0.0000 0.1414 18.12 0.0628 0.0000 0.0000 9.454
118.1250 69.2130 0.4740 0.2174 0.3086 0.00000 7.799 1500.0 12.0 0.0000 0.0854 10.52 0.0628 0.0000 0.0000 8.260
123.7500 69.2130 0.4891 0.2079 0.3030 0.00000 7.780 1500.0 12.0 0.0000 0.0739 10.00 0.0628 0.0000 0.0000 7.899
129.3750 69.2130 0.4168 0.2539 0.3293 0.00000 7.700 1500.0 12.0 0.0000 0.0675 10.00 0.0628 0.0000 0.0000 9.649
135.0000 69.2130 0.3669 0.2858 0.3473 0.00000 7.989 1500.0 12.0 0.0000 0.0868 11.48 0.0628 0.0000 0.0000 10.860
140.6250 69.2130 0.3956 0.2675 0.3369 0.00000 7.582 1500.0 12.0 0.0000 0.0839 10.89 0.0628 0.0000 0.0000 10.166
146.2500 69.2130 0.5883 0.1579 0.2538 0.00000 6.681 1500.0 12.0 0.0000 0.2525 28.40 0.0628 0.0000 0.0000 6.002
151.8750 69.2130 0.4675 0.2059 0.3266 0.00000 6.130 1499.9 12.0 0.0000 0.2339 29.19 0.0628 0.0000 0.0004 7.825
157.5000 69.2130 0.4797 0.1976 0.3227 0.00000 5.894 1500.0 12.0 0.0000 0.1749 21.66 0.0650 0.0000 0.0003 7.507
163.1250 69.2130 0.4817 0.2009 0.3171 0.00000 5.966 1500.0 12.0 0.0000 0.0898 11.07 0.0673 0.0000 0.0000 7.633
168.7500 69.2130 0.4600 0.2174 0.3226 0.00000 5.255 1500.0 12.0 0.0000 0.1239 15.49 0.0811 0.0000 0.0000 8.260
174.3750 69.2130 0.4478 0.2240 0.3282 0.00000 5.403 1500.0 12.0 0.0000 0.0787 10.00 0.0745 0.0000 0.0000 8.513
-151.8750 69.2130 0.0496 0.6531 0.2973 0.00000 5.260 1500.0 12.0 0.0000 0.0637 10.00 0.0770 0.0000 0.0000 24.819
-146.2500 69.2130 0.0496 0.6530 0.2974 0.00000 5.293 1500.0 12.0 0.0000 0.0493 10.00 0.0757 0.0000 0.0000 24.812
-129.3750 69.2130 0.0498 0.6515 0.2987 0.00000 8.163 1500.0 12.0 0.0000 0.0459 10.00 0.0628 0.0000 0.0000 24.756
-123.7500 69.2130 0.0498 0.6515 0.2987 0.00000 8.163 1500.0 12.0 0.0000 0.0690 10.20 0.0628 0.0000 0.0000 24.756
-118.1250 69.2130 0.3913 0.2788 0.3299 0.00000 8.163 1500.0 12.0 0.0000 0.0793 10.27 0.0628 0.0000 0.0000 10.593
-112.5000 69.2130 0.4604 0.2154 0.3242 0.00000 8.163 1500.0 12.0 0.0000 0.1059 13.24 0.0628 0.0000 0.0000 8.186
-106.8750 69.2130 0.4774 0.1994 0.3232 0.00000 8.175 1499.9 12.0 0.0000 0.1516 18.80 0.0628 0.0000 0.0005 7.577
-101.2500 69.2130 0.5180 0.1812 0.3008 0.00000 8.171 1499.9 12.0 0.0000 0.1979 23.75 0.0628 0.0000 0.0005 6.887
-95.6250 69.2130 0.4749 0.2225 0.3026 0.00000 8.185 1500.0 12.0 0.0000 0.2016 24.73 0.0628 0.0000 0.0003 8.455
-90.0000 69.2130 0.5365 0.1893 0.2741 0.00000 8.086 1500.0 12.0 0.0000 0.2591 30.32 0.0628 0.0000 0.0000 7.195
-84.3750 69.2130 0.4668 0.2243 0.3089 0.00000 7.792 1500.0 12.0 0.0000 0.1509 18.65 0.0628 0.0000 0.0000 8.524
-78.7500 69.2130 0.3963 0.2606 0.3432 0.00000 7.823 1500.0 12.0 0.0000 0.1261 16.42 0.0628 0.0000 0.0000 9.901
-73.1250 69.2130 0.4459 0.2478 0.3063 0.00000 8.225 1500.0 12.0 0.0000 0.3663 45.67 0.0628 0.0000 0.0000 9.417
-67.5000 69.2130 0.7147 0.0853 0.2001 0.00000 8.145 1500.0 12.0 0.0000 1.3638 137.92 0.0628 0.0000 0.0000 3.240
-61.8750 69.2130 0.6252 0.1368 0.2380 0.00000 8.173 1500.0 12.0 0.0000 1.0904 119.01 0.0628 0.0000 0.0000 5.198
-56.2500 69.2130 0.5729 0.1507 0.2764 0.00000 8.170 1499.9 12.0 0.0000 0.9292 106.85 0.0628 0.0001 0.0007 5.727
-50.6250 69.2130 0.5328 0.1503 0.3169 0.00000 5.516 1499.8 12.0 0.0000 0.8113 97.56 0.0669 0.0002 0.0016 5.713
-45.0000 69.2130 0.4867 0.1934 0.3199 0.00000 5.718 1499.9 12.0 0.0000 0.3690 45.46 0.0661 0.0000 0.0004 7.348
0.0000 63.6786 0.5438 0.1626 0.2934 0.00000 5.107 1499.6 12.0 0.0000 0.3468 40.91 0.0843 0.0002 0.0014 6.180
5.6250 63.6786 0.5807 0.1439 0.2754 0.00000 5.111 1499.7 12.0 0.0000 0.4907 56.18 0.0798 0.0002 0.0014 5.467
11.2500 63.6786 0.6307 0.1157 0.2536 0.00000 5.148 1499.7 12.0 0.0000 0.4554 50.07 0.0700 0.0002 0.0015 4.396
16.8750 63.6786 0.5615 0.1614 0.2771 0.00000 6.603 1499.9 12.0 0.0000 0.3656 42.31 0.0628 0.0000 0.0006 6.133
22.5000 63.6786 0.4749 0.2120 0.3131 0.00000 8.063 1499.9 12.0 0.0000 0.4953 61.14 0.0628 0.0001 0.0007 8.058
28.1250 63.6786 0.5212 0.1938 0.2850 0.00000 8.183 1500.0 12.0 0.0000 1.0203 121.09 0.0628 0.0000 0.0003 7.363
33.7500 63.6786 0.4961 0.1979 0.3060 0.00000 8.178 1499.9 12.0 0.0000 1.1841 144.06 0.0628 0.0000 0.0006 7.521
39.3750 63.6786 0.4353 0.2227 0.3420 0.00000 8.180 1499.9 12.0 0.0000 1.1340 144.98 0.0628 0.0001 0.0011 8.462
45.0000 63.6786 0.4551 0.2111 0.3336 0.00000 8.172 1499.9 12.0 0.0000 0.5737 72.32 0.0628 0.0001 0.0008 8.022
50.6250 63.6786 0.4419 0.2184 0.3363 0.00000 5.600 1500.0 12.0 0.0000 0.6509 82.39 0.0794 0.0000 0.0000 8.299
56.2500 63.6786 0.4428 0.2207 0.3343 0.00000 5.400 1500.0 12.0 0.0000 0.5147 65.14 0.0811 0.0000 0.0000 8.388
61.8750 63.6786 0.5117 0.1703 0.3179 0.00000 5.228 1499.7 12.0 0.0000 0.7100 86.34 0.0810 0.0002 0.0014 6.473
67.5000 63.6786 0.5718 0.1431 0.2851 0.00000 8.041 1499.9 12.0 0.0000 0.7547 87.30 0.0628 0.0001 0.0013 5.438
73.1250 63.6786 0.6049 0.1335 0.2616 0.00000 8.098 1499.9 12.0 0.0000 0.6750 75.63 0.0628 0.0001 0.0007 5.073
78.7500 63.6786 0.5177 0.1920 0.2903 0.00000 7.978 1500.0 12.0 0.0000 0.2292 27.34 0.0628 0.0000 0.0000 7.294
84.3750 63.6786 0.4471 0.2351 0.3178 0.00000 7.511 1500.0 12.0 0.0000 0.1714 21.50 0.0628 0.0000 0.0000 8.933
90.0000 63.6786 0.4694 0.2204 0.3102 0.00000 6.850 1500.0 12.0 0.0000 0.1416 17.49 0.0635 0.0000 0.0000 8.377
95.6250 63.6786 0.4525 0.2265 0.3209 0.00000 6.837 1500.0 12.0 0.0000 0.1496 18.75 0.0628 0.0000 0.0000 8.609
101.2500 63.6786 0.4384 0.2323 0.3293 0.00000 7.088 1500.0 12.0 0.0000 0.1335 16.92 0.0628 0.0000 0.0000 8.829
106.8750 63.6786 0.3859 0.2648 0.3493 0.00000 7.802 1500.0 12.0 0.0000 0.1764 23.15 0.0628 0.0000 0.0000 10.063
112.5000 63.6786 0.4128 0.2396 0.3476 0.00000 8.165 1500.0 12.0 0.0000 0.2736 35.44 0.0628 0.0000 0.0000 9.104
118.1250 63.6786 0.3628 0.2806 0.3566 0.00000 7.927 1500.0 12.0 0.0000 0.1767 23.53 0.0628 0.0000 0.0000 10.662
123.7500 63.6786 0.4455 0.2334 0.3212 0.00000 8.095 1500.0 12.0 0.0000 0.3128 39.34 0.0628 0.0000 0.0000 8.869
129.3750 63.6786 0.4404 0.2380 0.3216 0.00000 7.493 1500.0 12.0 0.0000 0.1163 14.66 0.0628 0.0000 0.0000 9.045
135.0000 63.6786 0.3542 0.2895 0.3563 0.00000 7.450 1500.0 12.0 0.0000 0.0845 11.29 0.0628 0.0000 0.0000 11.002
140.6250 63.6786 0.3135 0.3166 0.3699 0.00000 6.415 1500.0 12.0 0.0000 0.0883 12.10 0.0691 0.0000 0.0000 12.030
146.2500 63.6786 0.6353 0.1333 0.2314 0.00000 5.126 1500.0 12.0 0.0000 0.5688 61.48 0.0877 0.0000 0.0000 5.065
151.8750 63.6786 0.5295 0.1725 0.2980 0.00000 5.100 1499.3 12.0 0.0000 0.6260 74.64 0.1032 0.0005 0.0018 6.556
157.5000 63.6786 0.5157 0.1844 0.2999 0.00000 5.112 1499.4 12.0 0.0000 0.4279 51.42 0.1110 0.0004 0.0013 7.009
163.1250 63.6786 0.4140 0.2658 0.3201 0.00000 5.117 1500.0 12.0 0.0000 0.2112 26.94 0.1263 0.0000 0.0000 10.101
180.0000 63.6786 0.1198 0.5771 0.3017 0.00000 5.496 1500.0 12.0 0.0000 0.1168 16.79 0.0834 0.0000 0.0000 21.930
-174.3750 63.6786 0.0500 0.6528 0.2973 0.00000 5.749 1500.0 12.0 0.0000 0.1065 15.74 0.0774 0.0000 0.0000 24.805
-163.1250 63.6786 0.0495 0.6534 0.2971 0.00000 5.671 1500.0 12.0 0.0000 0.1053 15.56 0.0789 0.0000 0.0000 24.828
-157.5000 63.6786 0.0495 0.6539 0.2966 0.00000 5.446 1500.0 12.0 0.0000 0.0847 12.52 0.0844 0.0000 0.0000 24.850
-151.8750 63.6786 0.0776 0.6229 0.2995 0.00000 5.735 1500.0 12.0 0.0000 0.0706 10.33 0.0765 0.0000 0.0000 23.671
-146.2500 63.6786 0.2284 0.4612 0.3103 0.00000 5.188 1500.0 12.0 0.0000 0.0845 11.66 0.0978 0.0000 0.0000 17.526
-140.6250 63.6786 0.4500 0.2225 0.3271 0.00000 5.207 1500.0 12.0 0.0000 0.0979 12.32 0.0943 0.0000 0.0000 8.454
-129.3750 63.6786 0.0496 0.6527 0.2977 0.00000 5.741 1500.0 12.0 0.0000 0.0409 10.00 0.0733 0.0000 0.0000 24.803
-123.7500 63.6786 0.3049 0.3774 0.3178 0.00000 6.111 1500.0 12.0 0.0000 0.0549 10.00 0.0681 0.0000 0.0000 14.340
-118.1250 63.6786 0.4458 0.2169 0.3372 0.00000 8.153 1499.9 12.0 0.0000 0.1953 24.77 0.0628 0.0001 0.0007 8.243
-112.5000 63.6786 0.4978 0.1967 0.3055 0.00000 8.170 1499.9 12.0 0.0000 0.4450 54.08 0.0628 0.0000 0.0005 7.476
-106.8750 63.6786 0.5339 0.1809 0.2852 0.00000 8.042 1500.0 12.0 0.0000 0.2737 32.29 0.0628 0.0000 0.0004 6.875
-101.2500 63.6786 0.5963 0.1500 0.2537 0.00000 6.874 1500.0 12.0 0.0000 0.1938 21.70 0.0628 0.0000 0.0000 5.699
-95.6250 63.6786 0.5072 0.2003 0.2925 0.00000 5.624 1500.0 12.0 0.0000 0.1395 16.75 0.0744 0.0000 0.0000 7.611
-90.0000 63.6786 0.4986 0.2049 0.2964 0.00000 5.365 1500.0 12.0 0.0000 0.1135 13.71 0.0834 0.0000 0.0000 7.788
-84.3750 63.6786 0.4985 0.2076 0.2939 0.00000 5.157 1500.0 12.0 0.0000 0.3056 36.88 0.0989 0.0000 0.0000 7.888
-78.7500 63.6786 0.5940 0.1583 0.2477 0.00000 7.736 1500.0 12.0 0.0000 0.8888 99.28 0.0628 0.0000 0.0000 6.016
-73.1250 63.6786 0.5580 0.1795 0.2625 0.00000 8.136 1500.0 12.0 0.0000 1.6713 172.36 0.0628 0.0000 0.0003 6.820
-67.5000 63.6786 0.4875 0.1943 0.3183 0.00000 7.547 1499.8 12.0 0.0000 0.7001 86.16 0.0628 0.0001 0.0016 7.382
-61.8750 63.6786 0.5201 0.1790 0.3009 0.00000 7.341 1499.8 12.0 0.0000 0.5869 70.36 0.0628 0.0001 0.0014 6.804
-56.2500 63.6786 0.5437 0.1714 0.2848 0.00000 7.085 1499.9 12.0 0.0000 0.5646 66.26 0.0628 0.0001 0.0013 6.514
-50.6250 63.6786 0.5406 0.1419 0.3175 0.00000 6.217 1499.6 12.0 0.0000 0.5935 71.14 0.0628 0.0003 0.0036 5.391
-45.0000 63.6786 0.2696 0.4194 0.3110 0.00000 5.241 1499.9 12.0 0.0000 0.3107 42.14 0.0840 0.0001 0.0003 15.937
-39.3750 63.6786 0.0495 0.6535 0.2970 0.00000 5.314 1500.0 12.0 0.0000 0.1371 20.27 0.0803 0.0000 0.0000 24.835
-33.7500 63.6786 0.4653 0.2098 0.3249 0.00000 5.344 1499.9 12.0 0.0000 0.2255 28.15 0.0782 0.0001 0.0004 7.974
-28.1250 63.6786 0.5248 0.1610 0.3142 0.00000 5.187 1499.6 12.0 0.0000 0.2860 34.48 0.0778 0.0002 0.0016 6.117
-22.5000 63.6786 0.4658 0.2100 0.3241 0.00000 5.294 1499.9 12.0 0.0000 0.2037 25.41 0.0794 0.0001 0.0004 7.982
-16.8750 63.6786 0.5107 0.1724 0.3169 0.00000 5.135 1499.5 12.0 0.0000 0.2666 32.43 0.0846 0.0003 0.0017 6.553
-11.2500 63.6786 0.5329 0.1531 0.3140 0.00000 5.104 1499.1 12.0 0.0000 0.3894 46.81 0.0911 0.0006 0.0030 5.817
-5.6250 63.6786 0.5477 0.1474 0.3049 0.00000 5.116 1499.0 12.0 0.0000 0.2981 35.38 0.0825 0.0007 0.0039 5.602
0.0000 58.1430 0.5664 0.1699 0.2638 0.00000 5.120 1500.0 12.0 0.0000 0.3019 34.57 0.1046 0.0000 0.0000 6.455
5.6250 58.1430 0.5098 0.1972 0.2929 0.00000 5.198 1500.0 12.0 0.0000 0.2007 24.07 0.0959 0.0000 0.0000 7.495
11.2500 58.1430 0.4927 0.2045 0.3029 0.00000 5.274 1500.0 12.0 0.0000 0.2478 30.15 0.0904 0.0000 0.0000 7.769
16.8750 58.1430 0.4495 0.2247 0.3259 0.00000 5.555 1500.0 12.0 0.0000 0.1848 23.26 0.0820 0.0000 0.0000 8.538
22.5000 58.1430 0.4725 0.2190 0.3085 0.00000 7.385 1500.0 12.0 0.0000 0.2365 29.15 0.0628 0.0000 0.0000 8.321
28.1250 58.1430 0.3628 0.2890 0.3482 0.00000 8.174 1500.0 12.0 0.0000 0.4587 60.83 0.0628 0.0000 0.0000 10.983
33.7500 58.1430 0.4892 0.1865 0.3243 0.00000 8.024 1499.8 12.0 0.0000 1.1166 137.79 0.0628 0.0001 0.0020 7.088
39.3750 58.1430 0.4839 0.1937 0.3217 0.00000 5.221 1499.5 12.0 0.0000 1.8213 185.23 0.1010 0.0003 0.0013 7.360
45.0000 58.1430 0.4928 0.1750 0.3276 0.00000 5.184 1499.3 12.0 0.0000 1.8470 184.36 0.1104 0.0005 0.0016 6.652
50.6250 58.1430 0.5529 0.1074 0.3297 0.00000 5.155 1498.1 12.0 0.0000 2.1605 178.48 0.1170 0.0013 0.0041 4.081
56.2500 58.1430 0.5382 0.1236 0.3286 0.00000 5.158 1498.3 12.0 0.0000 1.5677 179.68 0.1169 0.0011 0.0036 4.695
61.8750 58.1430 0.5536 0.1061 0.3302 0.00000 5.185 1500.0 12.0 0.0000 1.4024 166.32 0.1125 0.0000 0.0000 4.033
67.5000 58.1430 0.5778 0.1335 0.2856 0.00000 5.130 1500.0 12.0 0.0000 1.4896 171.17 0.1105 0.0000 0.0000 5.073
73.1250 58.1430 0.5668 0.1356 0.2977 0.00000 5.103 1498.5 12.0 0.0000 1.4962 175.26 0.1127 0.0010 0.0034 5.151
78.7500 58.1430 0.5414 0.1589 0.2998 0.00000 5.108 1498.5 12.0 0.0000 1.3370 158.84 0.1226 0.0010 0.0031 6.036
84.3750 58.1430 0.5168 0.1835 0.2997 0.00000 5.112 1498.6 12.0 0.0000 0.8629 103.77 0.1366 0.0009 0.0025 6.972
90.0000 58.1430 0.4799 0.2106 0.3095 0.00000 5.404 1499.2 12.0 0.0000 0.6705 82.49 0.1121 0.0005 0.0018 8.002
95.6250 58.1430 0.4066 0.2559 0.3375 0.00000 5.604 1499.5 12.0 0.0000 0.6666 86.21 0.1058 0.0004 0.0013 9.724
101.2500 58.1430 0.4002 0.2488 0.3509 0.00000 5.584 1499.9 12.0 0.0000 0.4642 60.62 0.0979 0.0001 0.0002 9.456
106.8750 58.1430 0.3701 0.2651 0.3648 0.00000 6.961 1500.0 12.0 0.0000 0.1281 17.09 0.0699 0.0000 0.0000 10.072
112.5000 58.1430 0.3829 0.2585 0.3586 0.00000 6.046 1499.9 12.0 0.0000 0.2615 34.55 0.0828 0.0001 0.0005 9.823
118.1250 58.1430 0.4214 0.2325 0.3461 0.00000 5.985 1499.8 12.0 0.0000 0.5761 74.31 0.0776 0.0001 0.0008 8.833
123.7500 58.1430 0.3456 0.2838 0.3707 0.00000 6.890 1500.0 12.0 0.0000 0.5836 78.90 0.0670 0.0000 0.0000 10.784
129.3750 58.1430 0.4553 0.2298 0.3149 0.00000 5.432 1500.0 12.0 0.0000 0.6547 81.65 0.0998 0.0000 0.0000 8.733
135.0000 58.1430 0.4707 0.2229 0.3064 0.00000 5.235 1500.0 12.0 0.0000 0.3793 46.73 0.1153 0.0000 0.0000 8.471
140.6250 58.1430 0.4425 0.2399 0.3176 0.00000 5.141 1500.0 12.0 0.0000 0.2965 37.26 0.1373 0.0000 0.0000 9.115
146.2500 58.1430 0.4988 0.2129 0.2883 0.00000 5.121 1500.0 12.0 0.0000 0.3200 38.48 0.1486 0.0000 0.0000 8.088
151.8750 58.1430 0.6352 0.1402 0.2246 0.00000 5.100 1500.0 12.0 0.0000 0.9755 104.97 0.1457 0.0000 0.0000 5.328
157.5000 58.1430 0.5191 0.1875 0.2935 0.00000 5.100 1499.3 12.0 0.0000 1.1152 133.31 0.1406 0.0005 0.0012 7.124
163.1250 58.1430 0.4898 0.1998 0.3103 0.00000 5.101 1498.4 12.0 0.0000 0.7487 91.83 0.1609 0.0011 0.0024 7.592
168.7500 58.1430 0.4456 0.2332 0.3200 0.00000 5.143 1500.0 12.0 0.0000 0.3540 44.43 0.1575 0.0000 0.0000 8.862
174.3750 58.1430 0.4317 0.2455 0.3158 0.00000 5.133 1500.0 12.0 0.0000 0.6192 77.58 0.1571 0.0000 0.0000 9.327
180.0000 58.1430 0.4872 0.1844 0.3195 0.00000 5.139 1500.0 12.0 0.0000 1.2410 151.38 0.1555 0.0000 0.0000 7.008
-174.3750 58.1430 0.4594 0.2136 0.3188 0.00000 5.170 1500.0 12.0 0.0000 1.4263 176.40 0.1457 0.0000 0.0000 8.115
-168.7500 58.1430 0.2492 0.4417 0.3051 0.00000 5.236 1500.0 12.0 0.0000 0.8255 112.17 0.1329 0.0000 0.0000 16.785
-163.1250 58.1430 0.0493 0.6582 0.2926 0.00000 5.289 1500.0 12.0 0.0000 0.2238 33.01 0.1248 0.0000 0.0000 25.011
-157.5000 58.1430 0.2261 0.4665 0.3074 0.00000 5.268 1500.0 12.0 0.0000 0.1828 25.22 0.1233 0.0000 0.0000 17.726
-151.8750 58.1430 0.4819 0.1999 0.3181 0.00000 5.897 1499.5 12.0 0.0000 0.2373 29.30 0.0830 0.0003 0.0019 7.597
-146.2500 58.1430 0.5774 0.1496 0.2730 0.00000 5.127 1499.1 12.0 0.0000 0.4942 56.65 0.1041 0.0006 0.0023 5.684
-140.6250 58.1430 0.5401 0.1693 0.2906 0.00000 5.105 1499.1 12.0 0.0000 0.4230 49.97 0.1130 0.0006 0.0021 6.433
-135.0000 58.1430 0.5084 0.1789 0.3127 0.00000 5.163 1498.9 12.0 0.0000 0.2941 35.76 0.1001 0.0007 0.0029 6.799
-129.3750 58.1430 0.4647 0.2185 0.3168 0.00000 5.169 1499.7 12.0 0.0000 0.2459 30.58 0.1164 0.0002 0.0006 8.303
-123.7500 58.1430 0.4519 0.2265 0.3215 0.00000 5.196 1500.0 12.0 0.0000 0.1579 19.80 0.1082 0.0000 0.0000 8.607
-118.1250 58.1430 0.4752 0.2041 0.3203 0.00000 5.789 1499.9 12.0 0.0000 0.2623 32.49 0.0792 0.0001 0.0006 7.756
-112.5000 58.1430 0.4719 0.2102 0.3179 0.00000 5.946 1499.9 12.0 0.0000 0.3103 38.47 0.0718 0.0001 0.0007 7.988
-106.8750 58.1430 0.4930 0.2120 0.2950 0.00000 6.554 1500.0 12.0 0.0000 0.3235 39.17 0.0653 0.0000 0.0000 8.057
-101.2500 58.1430 0.5080 0.2008 0.2912 0.00000 7.163 1500.0 12.0 0.0000 0.4717 56.57 0.0628 0.0000 0.0000 7.631
-95.6250 58.1430 0.5652 0.1732 0.2615 0.00000 5.119 1500.0 12.0 0.0000 0.8961 102.50 0.1128 0.0000 0.0000 6.583
-90.0000 58.1430 0.6692 0.1189 0.2118 0.00000 5.100 1500.0 12.0 0.0000 1.6202 157.01 0.1195 0.0000 0.0000 4.519
-84.3750 58.1430 0.6292 0.1220 0.2488 0.00000 5.100 1498.9 12.0 0.0000 1.6002 164.83 0.1215 0.0007 0.0023 4.635
-78.7500 58.1430 0.5109 0.1844 0.3047 0.00000 5.113 1499.0 12.0 0.0000 0.8012 96.85 0.1227 0.0006 0.0019 7.007
-73.1250 58.1430 0.5075 0.1823 0.3101 0.00000 5.108 1498.6 12.0 0.0000 0.4701 57.13 0.1247 0.0010 0.0028 6.927
-67.5000 58.1430 0.5854 0.1139 0.3007 0.00000 5.100 1496.4 12.0 0.0000 0.6710 78.27 0.1271 0.0024 0.0069 4.328
-61.8750 58.1430 0.4458 0.2295 0.3248 0.00000 5.137 1499.5 12.0 0.0000 0.3333 42.03 0.1290 0.0004 0.0010 8.720
-56.2500 58.1430 0.5437 0.1489 0.3075 0.00000 5.100 1497.4 12.0 0.0000 0.9333 111.46 0.1261 0.0018 0.0051 5.657
-39.3750 58.1430 0.4442 0.2301 0.3257 0.00000 5.148 1500.0 12.0 0.0000 0.3000 37.85 0.1076 0.0000 0.0000 8.744
-33.7500 58.1430 0.5467 0.1422 0.3111 0.00000 5.216 1498.8 12.0 0.0000 0.5623 67.03 0.0794 0.0008 0.0049 5.405
-28.1250 58.1430 0.6094 0.1251 0.2655 0.00000 5.258 1499.6 12.0 0.0000 0.5945 66.64 0.0736 0.0003 0.0022 4.753
-22.5000 58.1430 0.6671 0.1015 0.2315 0.00000 5.129 1499.7 12.0 0.0000 0.8061 85.64 0.0759 0.0002 0.0013 3.856
-16.8750 58.1430 0.6578 0.1094 0.2329 0.00000 5.104 1499.5 12.0 0.0000 0.9859 105.43 0.0883 0.0003 0.0017 4.156
-11.2500 58.1430 0.6368 0.1311 0.2321 0.00000 5.102 1499.8 12.0 0.0000 0.6936 74.97 0.1033 0.0001 0.0005 4.982
-5.6250 58.1430 0.6049 0.1510 0.2441 0.00000 5.104 1500.0 12.0 0.0000 0.4768 52.82 0.1094 0.0000 0.0000 5.739
0.0000 52.6065 0.4165 0.2431 0.3404 0.00000 5.246 1500.0 12.0 0.0000 0.2281 29.39 0.1192 0.0000 0.0000 9.240
5.6250 52.6065 0.4303 0.2378 0.3320 0.00000 5.235 1500.0 12.0 0.0000 0.2235 28.48 0.1209 0.0000 0.0000 9.035
11.2500 52.6065 0.4187 0.2431 0.3382 0.00000 5.222 1500.0 12.0 0.0000 0.2343 30.12 0.1222 0.0000 0.0000 9.239
16.8750 52.6065 0.4155 0.2432 0.3412 0.00000 5.256 1500.0 12.0 0.0000 0.3188 41.12 0.1160 0.0000 0.0000 9.243
22.5000 52.6065 0.4442 0.2319 0.3240 0.00000 5.302 1500.0 12.0 0.0000 0.4791 60.38 0.1120 0.0000 0.0000 8.811
28.1250 52.6065 0.6473 0.1324 0.2203 0.00000 5.103 1500.0 12.0 0.0000 3.2225 159.88 0.1205 0.0000 0.0000 5.030
33.7500 52.6065 0.5439 0.1675 0.2886 0.00000 5.107 1496.2 12.0 0.0000 4.0575 177.48 0.1349 0.0025 0.0068 6.364
39.3750 52.6065 0.4677 0.2097 0.3205 0.00000 5.134 1499.6 12.0 0.0000 2.8713 186.25 0.1519 0.0002 0.0006 7.968
45.0000 52.6065 0.5338 0.1381 0.3182 0.00000 5.106 1499.3 12.0 0.0000 3.5840 178.63 0.1919 0.0005 0.0009 5.246
50.6250 52.6065 0.5315 0.1401 0.3185 0.00000 5.108 1497.9 12.0 0.0000 3.6161 179.32 0.1883 0.0014 0.0028 5.322
56.2500 52.6065 0.5382 0.1309 0.3209 0.00000 5.116 1499.5 12.0 0.0000 3.8405 178.46 0.1738 0.0003 0.0007 4.975
84.3750 52.6065 0.3775 0.2921 0.3303 0.00000 5.153 1500.0 12.0 0.0000 0.7432 96.96 0.2180 0.0000 0.0000 11.102
90.0000 52.6065 0.4974 0.2191 0.2835 0.00000 5.105 1500.0 12.0 0.0000 1.7824 180.00 0.2239 0.0000 0.0000 8.324
95.6250 52.6065 0.5105 0.1887 0.3005 0.00000 5.290 1498.6 12.0 0.0000 1.4833 178.95 0.1364 0.0010 0.0025 7.169
101.2500 52.6065 0.4916 0.1977 0.3107 0.00000 5.745 1499.0 12.0 0.0000 1.1084 135.74 0.1080 0.0007 0.0025 7.513
106.8750 52.6065 0.4741 0.2078 0.3180 0.00000 5.541 1498.6 12.0 0.0000 1.3542 168.03 0.1185 0.0009 0.0029 7.897
112.5000 52.6065 0.4727 0.2173 0.3098 0.00000 5.246 1499.0 12.0 0.0000 1.5065 185.25 0.1517 0.0007 0.0016 8.257
118.1250 52.6065 0.4826 0.2252 0.2920 0.00000 5.102 1497.0 12.0 0.0000 1.3501 164.77 0.2484 0.0020 0.0033 8.556
123.7500 52.6065 0.4933 0.2084 0.2983 0.00000 5.100 1496.6 12.0 0.0000 2.2845 182.93 0.2035 0.0022 0.0042 7.921
129.3750 52.6065 0.4399 0.2445 0.3156 0.00000 5.102 1496.1 12.0 0.0000 1.0178 128.74 0.2539 0.0026 0.0042 9.292
135.0000 52.6065 0.3807 0.2767 0.3426 0.00000 5.106 1500.0 12.0 0.0000 0.5225 68.52 0.2472 0.0000 0.0000 10.515
140.6250 52.6065 0.4506 0.2450 0.3044 0.00000 5.111 1500.0 12.0 0.0000 0.4023 50.00 0.2310 0.0000 0.0000 9.311
146.2500 52.6065 0.4823 0.2283 0.2894 0.00000 5.129 1500.0 12.0 0.0000 0.3519 42.69 0.2045 0.0000 0.0000 8.674
151.8750 52.6065 0.4915 0.2214 0.2871 0.00000 5.156 1500.0 12.0 0.0000 0.3878 46.78 0.1870 0.0000 0.0000 8.414
157.5000 52.6065 0.5366 0.1886 0.2748 0.00000 5.117 1498.1 12.0 0.0000 0.9425 110.66 0.1875 0.0012 0.0024 7.167
163.1250 52.6065 0.5450 0.1812 0.2738 0.00000 5.103 1498.4 12.0 0.0000 2.0648 175.18 0.2006 0.0011 0.0020 6.886
168.7500 52.6065 0.4858 0.2255 0.2886 0.00000 5.117 1500.0 12.0 0.0000 2.6717 181.59 0.2207 0.0000 0.0000 8.570
174.3750 52.6065 0.4519 0.2315 0.3141 0.00000 5.121 1500.0 12.0 0.0000 1.2163 151.49 0.2433 0.0000 0.0000 8.798
180.0000 52.6065 0.5083 0.1734 0.3085 0.00000 5.117 1499.0 12.0 0.0000 2.1782 180.03 0.2521 0.0006 0.0010 6.589
-174.3750 52.6065 0.4347 0.2522 0.3049 0.00000 5.128 1500.0 12.0 0.0000 2.1109 186.30 0.2395 0.0000 0.0000 9.585
-168.7500 52.6065 0.2350 0.4667 0.2944 0.00000 5.159 1500.0 12.0 0.0000 1.8224 204.01 0.2150 0.0000 0.0000 17.736
-163.1250 52.6065 0.3742 0.3550 0.2707 0.00000 5.130 1500.0 12.0 0.0000 1.5878 189.73 0.1895 0.0000 0.0000 13.489
-157.5000 52.6065 0.4743 0.2061 0.3195 0.00000 6.558 1499.5 12.0 0.0000 0.5797 71.89 0.0895 0.0003 0.0017 7.832
-151.8750 52.6065 0.5919 0.1298 0.2783 0.00000 5.891 1498.8 12.0 0.0000 0.7323 83.62 0.0830 0.0008 0.0044 4.932
-146.2500 52.6065 0.6813 0.1097 0.2090 0.00000 5.124 1499.9 12.0 0.0000 1.1871 123.19 0.1086 0.0001 0.0003 4.168
-140.6250 52.6065 0.5740 0.1713 0.2547 0.00000 5.132 1500.0 12.0 0.0000 0.8461 95.94 0.1340 0.0000 0.0000 6.510
-135.0000 52.6065 0.6211 0.1428 0.2361 0.00000 5.101 1499.9 12.0 0.0000 1.8529 163.91 0.1318 0.0000 0.0001 5.426
-129.3750 52.6065 0.4849 0.1973 0.3178 0.00000 5.134 1499.5 12.0 0.0000 1.0663 131.43 0.1152 0.0003 0.0011 7.498
-123.7500 52.6065 0.4526 0.2335 0.3137 0.00000 5.126 1500.0 12.0 0.0000 0.3654 45.59 0.1632 0.0000 0.0000 8.875
-118.1250 52.6065 0.4223 0.2609 0.3145 0.00000 5.119 1500.0 12.0 0.0000 0.2913 36.81 0.1639 0.0000 0.0000 9.914
-112.5000 52.6065 0.4820 0.2052 0.3120 0.00000 5.217 1499.6 12.0 0.0000 0.4589 56.40 0.1164 0.0003 0.0010 7.799
-106.8750 52.6065 0.5156 0.1795 0.3048 0.00000 5.222 1499.0 12.0 0.0000 0.8641 104.20 0.1046 0.0007 0.0026 6.820
-101.2500 52.6065 0.5637 0.1566 0.2798 0.00000 5.212 1498.9 12.0 0.0000 1.4685 170.32 0.1021 0.0007 0.0029 5.949
-95.6250 52.6065 0.5549 0.1576 0.2875 0.00000 5.298 1498.8 12.0 0.0000 1.0830 126.79 0.0976 0.0008 0.0033 5.989
-90.0000 52.6065 0.5077 0.1864 0.3058 0.00000 5.118 1498.4 12.0 0.0000 1.2016 145.72 0.1420 0.0011 0.0028 7.084
-84.3750 52.6065 0.5255 0.1681 0.3064 0.00000 5.110 1497.4 12.0 0.0000 1.5257 180.64 0.1435 0.0017 0.0043 6.389
-78.7500 52.6065 0.2614 0.4307 0.3078 0.00000 5.172 1500.0 12.0 0.0000 0.2849 38.70 0.1564 0.0000 0.0000 16.367
-73.1250 52.6065 0.0482 0.6628 0.2890 0.00000 5.173 1500.0 12.0 0.0000 0.1628 23.99 0.1615 0.0000 0.0000 25.187
-33.7500 52.6065 0.3505 0.3524 0.2971 0.00000 5.109 1498.1 12.0 0.0000 0.8838 115.04 0.1274 0.0013 0.0038 13.392
-28.1250 52.6065 0.5500 0.1447 0.3052 0.00000 5.167 1497.7 12.0 0.0000 1.1173 132.75 0.0979 0.0015 0.0063 5.500
-22.5000 52.6065 0.6940 0.1038 0.2022 0.00000 5.100 1500.0 12.0 0.0000 1.4683 150.54 0.1133 0.0000 0.0001 3.943
-16.8750 52.6065 0.4952 0.2095 0.2953 0.00000 5.135 1500.0 12.0 0.0000 0.4415 53.40 0.1293 0.0000 0.0000 7.960
-11.2500 52.6065 0.4093 0.2489 0.3418 0.00000 5.140 1500.0 12.0 0.0000 0.3260 42.17 0.1367 0.0000 0.0000 9.457
-5.6250 52.6065 0.4095 0.2477 0.3428 0.00000 5.181 1500.0 12.0 0.0000 0.2609 33.76 0.1280 0.0000 0.0000 9.412
0.0000 47.0696 0.4808 0.2218 0.2975 0.00000 5.214 1500.0 12.0 0.0000 0.5650 68.91 0.1559 0.0000 0.0000 8.427
5.6250 47.0696 0.4881 0.2199 0.2919 0.00000 5.213 1500.0 12.0 0.0000 0.6139 74.38 0.1606 0.0000 0.0000 8.358
11.2500 47.0696 0.4524 0.2399 0.3076 0.00000 5.125 1500.0 12.0 0.0000 0.6497 80.82 0.2009 0.0000 0.0000 9.117
16.8750 47.0696 0.4198 0.2603 0.3199 0.00000 5.105 1500.0 12.0 0.0000 0.6589 83.82 0.2484 0.0000 0.0000 9.892
22.5000 47.0696 0.4163 0.2650 0.3187 0.00000 5.103 1500.0 12.0 0.0000 1.2139 154.57 0.2723 0.0000 0.0000 10.070
28.1250 47.0696 0.6047 0.1748 0.2205 0.00000 5.100 1500.0 12.0 0.0000 5.9656 163.73 0.2621 0.0000 0.0000 6.641
33.7500 47.0696 0.5301 0.1837 0.2862 0.00000 5.101 1485.9 12.0 0.0000 2.9378 181.58 0.2203 0.0094 0.0165 6.979
39.3750 47.0696 0.4566 0.2348 0.3080 0.00000 5.110 1498.2 12.0 0.0000 1.3349 166.12 0.2393 0.0012 0.0020 8.923
45.0000 47.0696 0.4026 0.2818 0.3156 0.00000 5.138 1500.0 12.0 0.0000 1.5220 191.91 0.2114 0.0000 0.0000 10.708
50.6250 47.0696 0.5299 0.1440 0.3161 0.00000 5.139 1500.0 12.0 0.0000 3.4743 178.55 0.2056 0.0000 0.0000 5.474
90.0000 47.0696 0.4318 0.2517 0.3165 0.00000 5.186 1500.0 12.0 0.0000 0.7731 97.60 0.2343 0.0000 0.0000 9.563
95.6250 47.0696 0.4605 0.2387 0.3004 0.00000 5.158 1500.0 12.0 0.0000 1.4766 182.16 0.2455 0.0000 0.0000 9.069
101.2500 47.0696 0.0622 0.6601 0.2776 0.00000 5.124 1500.0 12.0 0.0000 0.8114 118.21 0.2968 0.0000 0.0000 25.084
106.8750 47.0696 0.0846 0.6389 0.2766 0.00000 5.108 1500.0 12.0 0.0000 0.8887 128.23 0.3441 0.0000 0.0000 24.276
123.7500 47.0696 0.5043 0.2032 0.2926 0.00000 5.150 1495.3 12.0 0.0000 1.9042 181.74 0.2131 0.0031 0.0056 7.720
129.3750 47.0696 0.5167 0.1770 0.3063 0.00000 5.344 1495.6 12.0 0.0000 1.1659 141.44 0.1570 0.0029 0.0067 6.727
135.0000 47.0696 0.4690 0.2045 0.3266 0.00000 5.556 1497.3 12.0 0.0000 0.6546 81.99 0.1469 0.0018 0.0044 7.769
140.6250 47.0696 0.4307 0.2333 0.3360 0.00000 6.097 1499.3 12.0 0.0000 0.4479 57.25 0.1290 0.0005 0.0014 8.866
146.2500 47.0696 0.4708 0.2022 0.3270 0.00000 6.600 1499.0 12.0 0.0000 0.5996 74.86 0.1033 0.0007 0.0026 7.684
151.8750 47.0696 0.4892 0.2000 0.3109 0.00000 5.574 1497.0 12.0 0.0000 1.3014 160.09 0.1490 0.0020 0.0048 7.599
157.5000 47.0696 0.4143 0.2802 0.3056 0.00000 5.202 1496.0 12.0 0.0000 1.3446 171.22 0.2250 0.0027 0.0047 10.646
163.1250 47.0696 0.4091 0.2739 0.3169 0.00000 5.175 1500.0 12.0 0.0000 2.1331 191.46 0.2768 0.0000 0.0000 10.409
168.7500 47.0696 0.4483 0.2442 0.2988 0.00000 5.136 1500.0 12.0 0.0000 3.9184 184.33 0.2951 0.0000 0.0000 9.278
174.3750 47.0696 0.4891 0.1991 0.3022 0.00000 5.143 1500.0 12.0 0.0000 2.7267 180.84 0.2905 0.0000 0.0000 7.566
180.0000 47.0696 0.5197 0.1605 0.3098 0.00000 5.206 1490.1 12.0 0.0000 2.6977 181.78 0.2516 0.0066 0.0106 6.100
-174.3750 47.0696 0.5120 0.1606 0.3178 0.00000 5.566 1500.0 12.0 0.0000 3.3420 180.44 0.1823 0.0000 0.0000 6.105
-168.7500 47.0696 0.3550 0.3272 0.3117 0.00000 6.087 1500.0 12.0 0.0000 3.2459 194.58 0.1420 0.0000 0.0000 12.434
-163.1250 47.0696 0.4967 0.2000 0.3032 0.00000 5.186 1496.1 12.0 0.0000 2.0809 183.28 0.1913 0.0026 0.0051 7.600
-157.5000 47.0696 0.4769 0.2356 0.2874 0.00000 5.109 1497.0 12.0 0.0000 1.2927 157.85 0.2611 0.0020 0.0032 8.954
-151.8750 47.0696 0.5038 0.2019 0.2942 0.00000 5.177 1498.7 12.0 0.0000 0.7417 89.46 0.1709 0.0009 0.0019 7.671
-146.2500 47.0696 0.6085 0.1430 0.2484 0.00000 5.103 1495.8 12.0 0.0000 0.9176 102.52 0.1596 0.0028 0.0064 5.435
-140.6250 47.0696 0.5702 0.1747 0.2551 0.00000 5.119 1500.0 12.0 0.0000 0.7309 83.07 0.1533 0.0000 0.0000 6.637
-135.0000 47.0696 0.4769 0.2142 0.3089 0.00000 5.101 1499.9 12.0 0.0000 1.4158 174.18 0.1489 0.0000 0.0001 8.141
-129.3750 47.0696 0.4879 0.2009 0.3110 0.00000 5.124 1498.2 12.0 0.0000 1.0054 123.49 0.1495 0.0012 0.0029 7.633
-123.7500 47.0696 0.4067 0.2763 0.3170 0.00000 5.121 1500.0 12.0 0.0000 0.3414 43.63 0.2298 0.0000 0.0000 10.498
-118.1250 47.0696 0.4360 0.2503 0.3055 0.00000 5.108 1500.0 12.0 0.0000 0.7905 98.16 0.2351 0.0000 0.0000 9.512
-112.5000 47.0696 0.5184 0.1607 0.3110 0.00000 5.107 1490.3 12.0 0.0000 1.0718 130.03 0.2404 0.0065 0.0107 6.106
-106.8750 47.0696 0.5071 0.1755 0.3081 0.00000 5.103 1493.3 12.0 0.0000 2.0891 181.90 0.2609 0.0045 0.0070 6.669
-101.2500 47.0696 0.4724 0.2139 0.3064 0.00000 5.103 1500.0 12.0 0.0000 1.1228 137.15 0.2687 0.0000 0.0000 8.127
-95.6250 47.0696 0.4301 0.2547 0.3153 0.00000 5.107 1500.0 12.0 0.0000 0.5207 65.75 0.2521 0.0000 0.0000 9.678
-90.0000 47.0696 0.4312 0.2526 0.3162 0.00000 5.116 1500.0 12.0 0.0000 0.6232 78.68 0.2387 0.0000 0.0000 9.597
-28.1250 47.0696 0.5533 0.1473 0.2994 0.00000 5.432 1497.1 12.0 0.0000 1.5460 177.49 0.1040 0.0019 0.0073 5.597
-22.5000 47.0696 0.6392 0.1397 0.2210 0.00000 5.100 1497.4 12.0 0.0000 2.1385 161.45 0.1878 0.0017 0.0034 5.310
-16.8750 47.0696 0.5271 0.2070 0.2659 0.00000 5.101 1500.0 12.0 0.0000 1.3408 156.85 0.2250 0.0000 0.0000 7.867
-11.2500 47.0696 0.4154 0.2582 0.3264 0.00000 5.106 1500.0 12.0 0.0000 0.4534 58.00 0.2196 0.0000 0.0000 9.812
-5.6250 47.0696 0.4535 0.2379 0.3087 0.00000 5.129 1500.0 12.0 0.0000 0.3814 47.45 0.1868 0.0000 0.0000 9.038
0.0000 41.5325 0.5907 0.1596 0.2497 0.00000 5.128 1497.7 12.0 0.0000 1.7833 168.75 0.1648 0.0016 0.0034 6.064
5.6250 41.5325 0.5193 0.2100 0.2707 0.00000 5.189 1498.5 12.0 0.0000 1.7060 177.13 0.1837 0.0010 0.0020 7.978
11.2500 41.5325 0.5866 0.1699 0.2435 0.00000 5.207 1499.8 12.0 0.0000 1.7218 167.83 0.1755 0.0001 0.0003 6.457
16.8750 41.5325 0.4541 0.2423 0.3036 0.00000 5.249 1500.0 12.0 0.0000 0.8227 102.02 0.2225 0.0000 0.0000 9.207
22.5000 41.5325 0.4090 0.2736 0.3173 0.00000 5.134 1500.0 12.0 0.0000 1.3312 169.96 0.3137 0.0000 0.0000 10.397
28.1250 41.5325 0.4712 0.2434 0.2854 0.00000 5.183 1500.0 12.0 0.0000 1.4146 172.17 0.2851 0.0000 0.0000 9.248
33.7500 41.5325 0.6014 0.1621 0.2365 0.00000 5.567 1499.7 12.0 0.0000 3.6569 165.79 0.1538 0.0002 0.0004 6.160
39.3750 41.5325 0.5592 0.1481 0.2927 0.00000 8.174 1499.6 12.0 0.0000 0.4989 58.38 0.0628 0.0003 0.0034 5.628
45.0000 41.5325 0.4487 0.2223 0.3290 0.00000 8.163 1500.0 12.0 0.0000 0.2872 36.22 0.0628 0.0000 0.0000 8.447
50.6250 41.5325 0.0501 0.6512 0.2987 0.00000 8.163 1500.0 12.0 0.0000 0.2495 36.91 0.0628 0.0000 0.0000 24.746
78.7500 41.5325 0.0458 0.6798 0.2745 0.00000 5.149 1500.0 12.0 0.0000 1.2840 188.06 0.3158 0.0000 0.0000 25.832
84.3750 41.5325 0.0467 0.6731 0.2802 0.00000 5.283 1500.0 12.0 0.0000 0.7339 107.74 0.2540 0.0000 0.0000 25.577
90.0000 41.5325 0.1526 0.5531 0.2943 0.00000 5.542 1500.0 12.0 0.0000 0.5693 80.52 0.2109 0.0000 0.0000 21.016
95.6250 41.5325 0.4882 0.2245 0.2858 0.00000 5.282 1500.0 12.0 0.0000 2.0031 180.78 0.2529 0.0000 0.0000 8.530
101.2500 41.5325 0.4688 0.2307 0.3001 0.00000 5.186 1492.4 12.0 0.0000 2.0781 186.51 0.2754 0.0050 0.0077 8.767
118.1250 41.5325 0.0498 0.6515 0.2987 0.00000 8.163 1500.0 12.0 0.0000 0.0727 10.76 0.0628 0.0000 0.0000 24.757
129.3750 41.5325 0.0498 0.6515 0.2987 0.00000 8.163 1500.0 12.0 0.0000 0.0200 10.00 0.0628 0.0000 0.0000 24.757
151.8750 41.5325 0.1895 0.5291 0.2783 0.00000 5.157 1500.0 12.0 0.0000 1.0817 148.96 0.3335 0.0000 0.0000 20.104
163.1250 41.5325 0.0449 0.6860 0.2691 0.00000 5.129 1500.0 12.0 0.0000 1.4155 206.86 0.3753 0.0000 0.0000 26.070
168.7500 41.5325 0.4936 0.2019 0.2944 0.00000 5.140 1500.0 12.0 0.0000 3.5671 179.54 0.3543 0.0000 0.0000 7.673
180.0000 41.5325 0.5534 0.1066 0.3300 0.00000 7.022 1500.0 12.0 0.0000 2.5750 177.89 0.1141 0.0000 0.0000 4.051
-174.3750 41.5325 0.5499 0.1049 0.3367 0.00000 8.163 1500.0 12.0 0.0000 0.7920 94.61 0.0628 0.0000 0.0000 3.987
-168.7500 41.5325 0.5048 0.1745 0.3207 0.00000 8.169 1499.7 12.0 0.0000 0.5924 72.41 0.0628 0.0002 0.0030 6.632
-163.1250 41.5325 0.5609 0.1722 0.2669 0.00000 7.263 1499.7 12.0 0.0000 1.6541 172.62 0.0933 0.0002 0.0008 6.545
-157.5000 41.5325 0.5538 0.1913 0.2550 0.00000 5.379 1499.4 12.0 0.0000 2.1844 172.10 0.1914 0.0004 0.0007 7.268
-151.8750 41.5325 0.3851 0.2752 0.3397 0.00000 6.205 1500.0 12.0 0.0000 0.7492 97.90 0.1274 0.0000 0.0000 10.459
-146.2500 41.5325 0.4554 0.2093 0.3354 0.00000 6.008 1499.9 12.0 0.0000 0.5400 68.13 0.0906 0.0000 0.0002 7.952
-140.6250 41.5325 0.4767 0.2219 0.3014 0.00000 5.539 1500.0 12.0 0.0000 0.3465 42.45 0.1416 0.0000 0.0000 8.433
-135.0000 41.5325 0.6129 0.1367 0.2504 0.00000 8.163 1500.0 12.0 0.0000 0.3678 40.73 0.0628 0.0000 0.0001 5.195
-129.3750 41.5325 0.5153 0.1765 0.3082 0.00000 5.912 1497.5 12.0 0.0000 0.6694 81.11 0.1082 0.0017 0.0060 6.706
-123.7500 41.5325 0.3637 0.3181 0.3182 0.00000 5.126 1500.0 12.0 0.0000 0.4273 55.75 0.3272 0.0000 0.0000 12.089
-118.1250 41.5325 0.3560 0.3487 0.2886 0.00000 5.106 1500.0 12.0 0.0000 0.6627 84.81 0.3273 0.0000 0.0000 13.249
-112.5000 41.5325 0.4303 0.2601 0.3014 0.00000 5.133 1500.0 12.0 0.0000 1.0685 132.73 0.2642 0.0000 0.0000 9.885
-106.8750 41.5325 0.4905 0.1930 0.3072 0.00000 5.151 1492.6 12.0 0.0000 1.6563 183.51 0.2534 0.0049 0.0079 7.335
-101.2500 41.5325 0.4756 0.2143 0.3018 0.00000 5.121 1487.7 12.0 0.0000 1.4386 178.34 0.3022 0.0082 0.0118 8.145
-95.6250 41.5325 0.4257 0.2623 0.3119 0.00000 5.132 1500.0 12.0 0.0000 0.6396 80.78 0.3001 0.0000 0.0000 9.969
-61.8750 41.5325 0.4487 0.2223 0.3290 0.00000 8.163 1500.0 12.0 0.0000 0.0200 10.00 0.0628 0.0000 0.0000 8.447
-56.2500 41.5325 0.4410 0.2295 0.3295 0.00000 8.173 1500.0 12.0 0.0000 0.0317 10.00 0.0628 0.0000 0.0000 8.720
-50.6250 41.5325 0.4384 0.2323 0.3290 0.00000 7.482 1499.9 12.0 0.0000 0.0683 10.00 0.0833 0.0000 0.0002 8.829
-45.0000 41.5325 0.4512 0.2385 0.3102 0.00000 5.112 1498.3 12.0 0.0000 0.7774 97.16 0.2378 0.0011 0.0019 9.063
-39.3750 41.5325 0.4028 0.2917 0.3055 0.00000 5.404 1499.2 12.0 0.0000 0.4143 52.77 0.1745 0.0005 0.0011 11.084
-33.7500 41.5325 0.3745 0.3201 0.2997 0.00000 5.153 1500.0 12.0 0.0000 0.7458 95.29 0.2661 0.0000 0.0000 12.164
-28.1250 41.5325 0.4057 0.2815 0.3128 0.00000 5.160 1500.0 12.0 0.0000 0.3279 41.83 0.2582 0.0000 0.0000 10.696
-22.5000 41.5325 0.5743 0.1704 0.2552 0.00000 5.101 1489.4 12.0 0.0000 2.2448 173.28 0.2306 0.0070 0.0120 6.477
-16.8750 41.5325 0.6217 0.1675 0.2108 0.00000 5.100 1500.0 12.0 0.0000 2.3064 161.19 0.2710 0.0000 0.0000 6.366
-11.2500 41.5325 0.5846 0.1812 0.2342 0.00000 5.101 1500.0 12.0 0.0000 2.0039 166.97 0.2402 0.0000 0.0000 6.884
-5.6250 41.5325 0.5729 0.1729 0.2542 0.00000 5.102 1498.3 12.0 0.0000 2.0711 170.65 0.1872 0.0012 0.0023 6.569
0.0000 35.9951 0.4408 0.2484 0.3106 0.00000 5.346 1500.0 12.0 0.0000 0.6547 82.01 0.2436 0.0000 0.0000 9.438
5.6250 35.9951 0.4506 0.2652 0.2842 0.00000 5.137 1491.8 12.0 0.0000 1.5810 186.74 0.3363 0.0055 0.0075 10.076
11.2500 35.9951 0.5702 0.1793 0.2505 0.00000 5.171 1493.5 12.0 0.0000 4.5674 171.94 0.2500 0.0043 0.0070 6.813
16.8750 35.9951 0.5377 0.1970 0.2653 0.00000 6.053 1500.0 12.0 0.0000 2.9482 174.47 0.1854 0.0000 0.0000 7.485
22.5000 35.9951 0.4481 0.2471 0.3048 0.00000 5.942 1500.0 12.0 0.0000 1.2878 160.27 0.2385 0.0000 0.0000 9.389
28.1250 35.9951 0.4612 0.2386 0.3002 0.00000 6.267 1500.0 12.0 0.0000 1.0102 124.61 0.2158 0.0000 0.0000 9.067
33.7500 35.9951 0.5481 0.1810 0.2710 0.00000 7.608 1500.0 12.0 0.0000 1.2019 139.53 0.1031 0.0000 0.0000 6.878
39.3750 35.9951 0.5939 0.1514 0.2547 0.00000 7.987 1500.0 12.0 0.0000 0.4801 53.87 0.0709 0.0000 0.0000 5.753
45.0000 35.9951 0.5907 0.1424 0.2669 0.00000 8.170 1499.9 12.0 0.0000 0.4678 52.98 0.0628 0.0001 0.0009 5.410
50.6250 35.9951 0.4854 0.1945 0.3199 0.00000 8.166 1499.6 12.0 0.0000 0.2203 27.16 0.0628 0.0002 0.0032 7.390
56.2500 35.9951 0.3272 0.3754 0.2930 0.00000 5.330 1500.0 12.0 0.0000 2.3349 195.48 0.3104 0.0000 0.0000 14.267
78.7500 35.9951 0.0498 0.6515 0.2987 0.00000 8.163 1500.0 12.0 0.0000 0.1129 16.70 0.0628 0.0000 0.0000 24.756
84.3750 35.9951 0.3209 0.3631 0.3160 0.00000 5.883 1500.0 12.0 0.0000 2.7098 199.28 0.2345 0.0000 0.0000 13.797
90.0000 35.9951 0.4313 0.2421 0.3264 0.00000 7.107 1498.9 12.0 0.0000 2.1734 190.74 0.1245 0.0007 0.0021 9.201
95.6250 35.9951 0.4796 0.2099 0.3105 0.00000 7.458 1499.3 12.0 0.0000 1.2853 158.24 0.1018 0.0005 0.0019 7.975
101.2500 35.9951 0.5280 0.1793 0.2927 0.00000 7.736 1499.4 12.0 0.0000 1.0355 123.14 0.0884 0.0004 0.0019 6.813
106.8750 35.9951 0.5047 0.1738 0.3215 0.00000 8.170 1499.7 12.0 0.0000 0.1953 23.88 0.0628 0.0002 0.0027 6.604
118.1250 35.9951 0.4061 0.2658 0.3281 0.00000 8.165 1500.0 12.0 0.0000 0.0242 10.00 0.0628 0.0000 0.0000 10.101
123.7500 35.9951 0.4859 0.1936 0.3204 0.00000 8.167 1499.7 12.0 0.0000 0.0449 10.00 0.0628 0.0002 0.0028 7.358
129.3750 35.9951 0.3406 0.3440 0.3154 0.00000 5.692 1498.8 12.0 0.0000 0.7221 95.22 0.2367 0.0008 0.0013 13.072
135.0000 35.9951 0.4320 0.2632 0.3048 0.00000 5.314 1500.0 12.0 0.0000 0.3529 44.26 0.2917 0.0000 0.0000 10.001
140.6250 35.9951 0.4316 0.2931 0.2748 0.00000 5.113 1499.2 12.0 0.0000 0.7613 93.98 0.4446 0.0006 0.0007 11.139
146.2500 35.9951 0.1941 0.5398 0.2635 0.00000 5.111 1500.0 12.0 0.0000 0.7787 106.26 0.5166 0.0000 0.0000 20.512
151.8750 35.9951 0.2000 0.5324 0.2640 0.00000 5.123 1500.0 12.0 0.0000 1.1909 161.97 0.4699 0.0000 0.0000 20.231
157.5000 35.9951 0.2966 0.4179 0.2799 0.00000 5.194 1500.0 12.0 0.0000 2.1272 196.60 0.3715 0.0000 0.0000 15.880
168.7500 35.9951 0.5114 0.1846 0.3040 0.00000 8.163 1500.0 12.0 0.0000 0.6130 73.93 0.0628 0.0000 0.0000 7.015
174.3750 35.9951 0.5368 0.1520 0.3112 0.00000 8.163 1499.4 12.0 0.0000 0.8664 103.70 0.0628 0.0004 0.0049 5.775
180.0000 35.9951 0.5497 0.1535 0.2967 0.00000 8.169 1499.6 12.0 0.0000 0.6818 80.36 0.0628 0.0003 0.0037 5.834
-174.3750 35.9951 0.4808 0.2232 0.2960 0.00000 6.194 1498.0 12.0 0.0000 1.7850 183.40 0.1963 0.0013 0.0025 8.481
-168.7500 35.9951 0.5752 0.1548 0.2700 0.00000 8.174 1499.9 12.0 0.0000 0.3076 35.19 0.0628 0.0000 0.0005 5.883
-163.1250 35.9951 0.5273 0.1938 0.2789 0.00000 7.711 1500.0 12.0 0.0000 0.4364 51.45 0.0929 0.0000 0.0000 7.366
-157.5000 35.9951 0.4424 0.2498 0.3078 0.00000 7.081 1500.0 12.0 0.0000 0.6906 86.33 0.1387 0.0000 0.0000 9.493
-151.8750 35.9951 0.3909 0.2673 0.3419 0.00000 6.337 1500.0 12.0 0.0000 0.9737 127.05 0.1407 0.0000 0.0000 10.156
-146.2500 35.9951 0.4392 0.2369 0.3238 0.00000 6.725 1500.0 12.0 0.0000 0.5853 73.93 0.1162 0.0000 0.0000 9.004
-140.6250 35.9951 0.3914 0.2545 0.3541 0.00000 7.703 1500.0 12.0 0.0000 0.2632 34.56 0.0733 0.0000 0.0000 9.672
-135.0000 35.9951 0.6437 0.1377 0.2187 0.00000 5.348 1500.0 12.0 0.0000 1.0464 111.64 0.1499 0.0000 0.0000 5.231
-129.3750 35.9951 0.5196 0.1963 0.2840 0.00000 5.122 1481.7 12.0 0.0000 1.1500 140.70 0.2346 0.0122 0.0205 7.460
-123.7500 35.9951 0.3551 0.3585 0.2862 0.00000 5.103 1497.7 12.0 0.0000 0.5351 69.11 0.5355 0.0016 0.0018 13.624
-118.1250 35.9951 0.0458 0.6952 0.2590 0.00000 5.104 1500.0 12.0 0.0000 0.4047 58.84 0.4915 0.0000 0.0000 26.417
-112.5000 35.9951 0.1865 0.5164 0.2942 0.00000 5.790 1500.0 12.0 0.0000 0.9113 126.70 0.1899 0.0000 0.0000 19.624
-106.8750 35.9951 0.4359 0.2227 0.3343 0.00000 8.196 1500.0 12.0 0.0000 0.1879 23.74 0.0628 0.0000 0.0000 8.463
-101.2500 35.9951 0.5253 0.1775 0.2972 0.00000 6.226 1494.5 12.0 0.0000 1.3493 162.42 0.1469 0.0036 0.0090 6.744
-95.6250 35.9951 0.4493 0.2561 0.2945 0.00000 5.417 1498.8 12.0 0.0000 3.6596 185.84 0.2579 0.0008 0.0013 9.734
-90.0000 35.9951 0.4839 0.2024 0.3136 0.00000 8.172 1499.9 12.0 0.0000 0.5942 73.05 0.0628 0.0001 0.0009 7.693
-84.3750 35.9951 0.5094 0.1812 0.3093 0.00000 8.166 1499.9 12.0 0.0000 0.2985 36.15 0.0628 0.0001 0.0010 6.887
-78.7500 35.9951 0.4658 0.2102 0.3239 0.00000 8.166 1500.0 12.0 0.0000 0.0896 11.17 0.0628 0.0000 0.0004 7.988
-73.1250 35.9951 0.1537 0.5396 0.3066 0.00000 8.163 1500.0 12.0 0.0000 0.0212 10.00 0.0628 0.0000 0.0000 20.507
-67.5000 35.9951 0.4455 0.2252 0.3291 0.00000 8.171 1500.0 12.0 0.0000 0.0356 10.00 0.0628 0.0000 0.0000 8.557
-61.8750 35.9951 0.4475 0.2610 0.2914 0.00000 5.270 1498.8 12.0 0.0000 1.3751 170.21 0.2951 0.0008 0.0012 9.919
-56.2500 35.9951 0.4304 0.2684 0.3012 0.00000 5.176 1499.0 12.0 0.0000 1.4379 180.39 0.2808 0.0006 0.0010 10.198
-50.6250 35.9951 0.5112 0.2031 0.2857 0.00000 5.566 1499.3 12.0 0.0000 0.9349 111.69 0.1582 0.0004 0.0010 7.718
-45.0000 35.9951 0.6105 0.1599 0.2296 0.00000 5.164 1500.0 12.0 0.0000 1.3937 152.52 0.1899 0.0000 0.0000 6.078
-39.3750 35.9951 0.4812 0.2637 0.2551 0.00000 5.100 1447.7 12.0 0.0000 1.2793 165.61 0.4847 0.0349 0.0411 10.021
-33.7500 35.9951 0.3976 0.3283 0.2731 0.00000 5.101 1499.5 12.0 0.0000 0.4793 60.02 0.6098 0.0003 0.0004 12.475
-28.1250 35.9951 0.4339 0.2700 0.2925 0.00000 5.110 1483.1 12.0 0.0000 0.7294 92.88 0.4652 0.0113 0.0135 10.259
-22.5000 35.9951 0.5126 0.2102 0.2771 0.00000 5.114 1487.6 12.0 0.0000 3.0426 181.65 0.2778 0.0083 0.0125 7.987
-16.8750 35.9951 0.5251 0.1999 0.2749 0.00000 5.116 1492.1 12.0 0.0000 2.6441 178.99 0.2365 0.0053 0.0089 7.598
-11.2500 35.9951 0.5353 0.1672 0.2974 0.00000 5.878 1495.5 12.0 0.0000 1.6959 179.38 0.1214 0.0030 0.0091 6.354
-5.6250 35.9951 0.4733 0.2213 0.3052 0.00000 5.353 1498.5 12.0 0.0000 1.3469 165.99 0.1968 0.0010 0.0019 8.409
5.6250 30.4576 0.4662 0.2175 0.3161 0.00000 8.163 1500.0 12.0 0.0000 0.1686 20.93 0.0628 0.0000 0.0000 8.265
11.2500 30.4576 0.4722 0.2653 0.2625 0.00000 5.771 1493.4 12.0 0.0000 3.7970 182.05 0.3761 0.0044 0.0058 10.080
16.8750 30.4576 0.6006 0.1490 0.2503 0.00000 8.017 1500.0 12.0 0.0000 1.3445 149.89 0.0767 0.0000 0.0000 5.664
22.5000 30.4576 0.4978 0.2036 0.2987 0.00000 8.115 1500.0 12.0 0.0000 0.3405 41.21 0.0691 0.0000 0.0000 7.735
28.1250 30.4576 0.4388 0.2365 0.3247 0.00000 8.153 1500.0 12.0 0.0000 0.2230 28.19 0.0628 0.0000 0.0000 8.987
33.7500 30.4576 0.4805 0.2123 0.3072 0.00000 8.077 1500.0 12.0 0.0000 0.1921 23.56 0.0783 0.0000 0.0000 8.067
39.3750 30.4576 0.4494 0.2357 0.3149 0.00000 7.992 1500.0 12.0 0.0000 0.2483 31.06 0.0951 0.0000 0.0000 8.955
45.0000 30.4576 0.6150 0.1401 0.2449 0.00000 8.098 1500.0 12.0 0.0000 0.4213 46.44 0.0649 0.0000 0.0000 5.324
50.6250 30.4576 0.4926 0.1958 0.3115 0.00000 8.171 1499.7 12.0 0.0000 0.5515 67.44 0.0628 0.0002 0.0025 7.440
56.2500 30.4576 0.2784 0.3743 0.3446 0.00000 8.163 1500.0 12.0 0.0000 0.5327 73.02 0.0628 0.0000 0.0004 14.222
61.8750 30.4576 0.4951 0.1995 0.2954 0.00000 5.518 1500.0 12.0 0.0000 4.0892 179.50 0.3479 0.0000 0.0000 7.581
84.3750 30.4576 0.4731 0.2133 0.3135 0.00000 8.173 1499.8 12.0 0.0000 0.3617 44.71 0.0628 0.0001 0.0018 8.107
90.0000 30.4576 0.4433 0.2431 0.3136 0.00000 7.864 1499.8 12.0 0.0000 1.5568 188.08 0.1024 0.0001 0.0004 9.238
95.6250 30.4576 0.3712 0.2978 0.3309 0.00000 7.300 1500.0 12.0 0.0000 0.8451 110.61 0.1622 0.0000 0.0000 11.318
101.2500 30.4576 0.5007 0.2128 0.2865 0.00000 8.090 1500.0 12.0 0.0000 0.3523 42.27 0.0767 0.0000 0.0000 8.085
106.8750 30.4576 0.5645 0.1547 0.2808 0.00000 8.171 1499.9 12.0 0.0000 0.1846 21.38 0.0628 0.0001 0.0012 5.878
112.5000 30.4576 0.4132 0.2583 0.3285 0.00000 8.164 1499.9 12.0 0.0000 0.0695 10.00 0.0628 0.0001 0.0007 9.814
118.1250 30.4576 0.4119 0.2559 0.3318 0.00000 8.167 1499.9 12.0 0.0000 0.0453 10.00 0.0628 0.0001 0.0011 9.725
123.7500 30.4576 0.4248 0.2500 0.3252 0.00000 7.118 1498.4 12.0 0.0000 0.6041 77.08 0.1491 0.0010 0.0025 9.498
129.3750 30.4576 0.3652 0.2983 0.3365 0.00000 5.605 1498.5 12.0 0.0000 1.2085 159.45 0.2532 0.0010 0.0016 11.335
135.0000 30.4576 0.4426 0.2280 0.3294 0.00000 5.643 1490.7 12.0 0.0000 1.8673 192.55 0.1840 0.0062 0.0125 8.665
140.6250 30.4576 0.4550 0.2341 0.3109 0.00000 5.444 1487.8 12.0 0.0000 1.8878 190.35 0.2315 0.0081 0.0138 8.895
146.2500 30.4576 0.4321 0.2509 0.3161 0.00000 8.116 1500.0 12.0 0.0000 0.1867 23.54 0.0659 0.0000 0.0000 9.535
151.8750 30.4576 0.4236 0.2422 0.3270 0.00000 8.163 1500.0 12.0 0.0000 0.1323 16.74 0.0628 0.0000 0.0000 9.202
163.1250 30.4576 0.4786 0.2083 0.3131 0.00000 8.163 1499.7 12.0 0.0000 0.9003 110.97 0.0628 0.0002 0.0025 7.917
168.7500 30.4576 0.4479 0.2324 0.3197 0.00000 8.166 1499.8 12.0 0.0000 1.4350 180.16 0.0628 0.0001 0.0016 8.831
174.3750 30.4576 0.4906 0.2095 0.2999 0.00000 8.096 1500.0 12.0 0.0000 0.5313 64.58 0.0711 0.0000 0.0000 7.959
180.0000 30.4576 0.5886 0.1540 0.2575 0.00000 8.164 1500.0 12.0 0.0000 0.2427 27.36 0.0628 0.0000 0.0000 5.851
-174.3750 30.4576 0.5366 0.1916 0.2718 0.00000 7.711 1500.0 12.0 0.0000 0.5511 64.38 0.1108 0.0000 0.0000 7.281
-168.7500 30.4576 0.4803 0.2211 0.2986 0.00000 7.761 1500.0 12.0 0.0000 0.5961 72.77 0.1167 0.0000 0.0000 8.400
-163.1250 30.4576 0.4901 0.2144 0.2955 0.00000 7.892 1500.0 12.0 0.0000 0.8428 102.21 0.0973 0.0000 0.0000 8.146
-157.5000 30.4576 0.4089 0.2569 0.3342 0.00000 7.666 1500.0 12.0 0.0000 1.0126 130.49 0.1081 0.0000 0.0000 9.761
-151.8750 30.4576 0.4333 0.2446 0.3219 0.00000 7.721 1500.0 12.0 0.0000 0.4506 57.01 0.1133 0.0000 0.0000 9.296
-146.2500 30.4576 0.4883 0.1968 0.3145 0.00000 8.171 1500.0 12.0 0.0000 0.0473 10.00 0.0628 0.0000 0.0000 7.478
-140.6250 30.4576 0.3899 0.2793 0.3307 0.00000 6.762 1499.7 12.0 0.0000 0.8424 109.36 0.1739 0.0002 0.0005 10.614
-135.0000 30.4576 0.4912 0.2447 0.2641 0.00000 5.131 1495.4 12.0 0.0000 1.9403 179.92 0.3322 0.0031 0.0043 9.299
-129.3750 30.4576 0.3553 0.3695 0.2749 0.00000 5.371 1456.3 12.0 0.0000 1.4321 195.69 0.5478 0.0291 0.0329 14.042
-118.1250 30.4576 0.0430 0.6990 0.2580 0.00000 5.142 1500.0 12.0 0.0000 0.9559 139.06 0.5033 0.0000 0.0000 26.562
-112.5000 30.4576 0.0505 0.6508 0.2987 0.00000 8.163 1500.0 12.0 0.0000 0.1531 22.64 0.0628 0.0000 0.0000 24.729
-106.8750 30.4576 0.1877 0.4973 0.3128 0.00000 8.163 1500.0 12.0 0.0000 0.1920 26.95 0.0628 0.0000 0.0000 18.898
-101.2500 30.4576 0.3699 0.3425 0.2875 0.00000 6.797 1492.9 12.0 0.0000 3.7850 194.02 0.3290 0.0048 0.0066 13.017
-95.6250 30.4576 0.5695 0.1775 0.2530 0.00000 7.501 1500.0 12.0 0.0000 1.4523 164.90 0.1201 0.0000 0.0000 6.745
-90.0000 30.4576 0.5027 0.2058 0.2915 0.00000 8.100 1500.0 12.0 0.0000 0.2992 35.98 0.0693 0.0000 0.0000 7.821
-84.3750 30.4576 0.4313 0.2466 0.3221 0.00000 8.172 1500.0 12.0 0.0000 0.2096 26.56 0.0628 0.0000 0.0000 9.370
-78.7500 30.4576 0.4795 0.2109 0.3095 0.00000 8.103 1500.0 12.0 0.0000 0.1509 18.54 0.0690 0.0000 0.0003 8.015
-73.1250 30.4576 0.4044 0.2650 0.3306 0.00000 7.956 1499.9 12.0 0.0000 0.3054 39.37 0.0946 0.0001 0.0003 10.071
-67.5000 30.4576 0.4247 0.2434 0.3319 0.00000 7.508 1499.8 12.0 0.0000 0.7665 97.95 0.1269 0.0001 0.0004 9.251
-61.8750 30.4576 0.4194 0.2695 0.3111 0.00000 6.619 1499.9 12.0 0.0000 0.9992 126.53 0.2021 0.0001 0.0001 10.241
-56.2500 30.4576 0.4482 0.2623 0.2894 0.00000 6.093 1500.0 12.0 0.0000 0.8069 99.55 0.2503 0.0000 0.0000 9.969
-50.6250 30.4576 0.4509 0.2475 0.3016 0.00000 6.599 1500.0 12.0 0.0000 0.2574 31.93 0.1916 0.0000 0.0000 9.403
-45.0000 30.4576 0.4501 0.2548 0.2951 0.00000 6.063 1500.0 12.0 0.0000 0.4168 51.54 0.2229 0.0000 0.0000 9.681
-39.3750 30.4576 0.5076 0.2801 0.2123 0.00000 5.100 1480.8 12.0 0.0000 2.8006 177.36 0.6415 0.0128 0.0138 10.643
-33.7500 30.4576 0.3865 0.3565 0.2569 0.00000 5.101 1476.5 12.0 0.0000 2.8636 194.24 0.7072 0.0157 0.0165 13.548
-28.1250 30.4576 0.3982 0.3159 0.2841 0.00000 5.214 1500.0 12.0 0.0000 1.1826 148.73 0.5277 0.0000 0.0000 12.004
-22.5000 30.4576 0.4292 0.2714 0.2989 0.00000 5.609 1500.0 12.0 0.0000 1.5281 187.65 0.3083 0.0000 0.0000 10.313
-16.8750 30.4576 0.4470 0.2432 0.3098 0.00000 6.609 1500.0 12.0 0.0000 0.6071 75.81 0.1791 0.0000 0.0000 9.241
5.6250 24.9199 0.0498 0.6515 0.2987 0.00000 8.163 1500.0 12.0 0.0000 0.2879 42.59 0.0628 0.0000 0.0000 24.756
11.2500 24.9199 0.4439 0.2390 0.3171 0.00000 8.167 1499.8 12.0 0.0000 0.7482 93.97 0.0628 0.0001 0.0018 9.081
16.8750 24.9199 0.5865 0.1615 0.2520 0.00000 8.031 1499.8 12.0 0.0000 2.7341 168.73 0.1036 0.0001 0.0004 6.136
22.5000 24.9199 0.4870 0.2135 0.2995 0.00000 8.155 1500.0 12.0 0.0000 0.5258 64.02 0.0660 0.0000 0.0000 8.114
28.1250 24.9199 0.3427 0.2970 0.3603 0.00000 8.182 1500.0 12.0 0.0000 0.0931 12.53 0.0677 0.0000 0.0000 11.285
33.7500 24.9199 0.3870 0.2772 0.3357 0.00000 7.983 1500.0 12.0 0.0000 0.3505 45.67 0.1295 0.0000 0.0000 10.535
39.3750 24.9199 0.4118 0.2803 0.3079 0.00000 7.221 1500.0 12.0 0.0000 0.9209 116.81 0.2488 0.0000 0.0000 10.653
45.0000 24.9199 0.4948 0.2214 0.2837 0.00000 7.927 1500.0 12.0 0.0000 1.2051 144.82 0.1100 0.0000 0.0000 8.415
50.6250 24.9199 0.4298 0.2520 0.3182 0.00000 7.976 1497.7 12.0 0.0000 1.3452 170.76 0.1252 0.0015 0.0045 9.577
56.2500 24.9199 0.1750 0.4719 0.3528 0.00000 8.164 1500.0 12.0 0.0000 0.3089 44.53 0.0628 0.0000 0.0000 17.932
61.8750 24.9199 0.5666 0.0854 0.3380 0.00000 8.163 1500.0 12.0 0.0000 0.4713 55.78 0.0628 0.0000 0.0000 3.245
67.5000 24.9199 0.5666 0.0854 0.3380 0.00000 8.163 1500.0 12.0 0.0000 0.6715 79.48 0.0628 0.0000 0.0000 3.246
73.1250 24.9199 0.5666 0.0854 0.3380 0.00000 8.163 1500.0 12.0 0.0000 0.7684 90.95 0.0628 0.0000 0.0000 3.246
78.7500 24.9199 0.4799 0.1731 0.3391 0.00000 8.163 1499.8 12.0 0.0000 0.3789 46.97 0.0628 0.0001 0.0019 6.577
84.3750 24.9199 0.3462 0.3343 0.3193 0.00000 7.717 1499.7 12.0 0.0000 1.9069 197.41 0.2074 0.0002 0.0004 12.703
90.0000 24.9199 0.4938 0.2298 0.2764 0.00000 7.210 1499.8 12.0 0.0000 2.0955 179.65 0.1955 0.0002 0.0003 8.732
95.6250 24.9199 0.3352 0.3353 0.3296 0.00000 6.881 1500.0 12.0 0.0000 1.0395 138.21 0.2812 0.0000 0.0000 12.741
101.2500 24.9199 0.3974 0.2726 0.3300 0.00000 7.902 1500.0 12.0 0.0000 0.3038 39.27 0.1139 0.0000 0.0000 10.360
106.8750 24.9199 0.6154 0.1453 0.2393 0.00000 8.063 1500.0 12.0 0.0000 0.1903 20.90 0.0800 0.0000 0.0001 5.521
112.5000 24.9199 0.4361 0.2559 0.3080 0.00000 8.032 1499.7 12.0 0.0000 0.2136 26.80 0.1022 0.0002 0.0007 9.723
118.1250 24.9199 0.5334 0.1967 0.2699 0.00000 7.696 1499.6 12.0 0.0000 0.4024 47.06 0.1176 0.0003 0.0008 7.473
123.7500 24.9199 0.4237 0.2793 0.2970 0.00000 5.507 1499.2 12.0 0.0000 1.4414 180.95 0.3013 0.0005 0.0008 10.614
129.3750 24.9199 0.3475 0.3265 0.3259 0.00000 7.852 1500.0 12.0 0.0000 0.3573 47.14 0.1374 0.0000 0.0001 12.408
135.0000 24.9199 0.4636 0.2186 0.3179 0.00000 8.168 1500.0 12.0 0.0000 0.0475 10.00 0.0628 0.0000 0.0000 8.305
140.6250 24.9199 0.3899 0.2798 0.3303 0.00000 8.173 1500.0 12.0 0.0000 0.0610 10.00 0.0628 0.0000 0.0000 10.632
146.2500 24.9199 0.3388 0.3168 0.3441 0.00000 8.169 1500.0 12.0 0.0000 0.1054 14.10 0.0628 0.0000 0.0000 12.039
157.5000 24.9199 0.4984 0.1536 0.3396 0.00000 8.163 1500.0 12.0 0.0000 0.3728 45.78 0.0628 0.0000 0.0002 5.836
163.1250 24.9199 0.5278 0.1834 0.2888 0.00000 8.170 1499.9 12.0 0.0000 0.7575 89.81 0.0628 0.0001 0.0009 6.968
168.7500 24.9199 0.4534 0.2310 0.3156 0.00000 8.164 1500.0 12.0 0.0000 0.3723 46.50 0.0628 0.0000 0.0004 8.779
174.3750 24.9199 0.4540 0.2400 0.3059 0.00000 7.536 1500.0 12.0 0.0000 0.7601 94.39 0.1840 0.0000 0.0000 9.122
180.0000 24.9199 0.4162 0.2906 0.2932 0.00000 6.411 1500.0 12.0 0.0000 1.4597 183.27 0.3564 0.0000 0.0000 11.042
-174.3750 24.9199 0.4374 0.2788 0.2837 0.00000 6.219 1500.0 12.0 0.0000 1.2006 148.41 0.3771 0.0000 0.0000 10.596
-168.7500 24.9199 0.4371 0.2620 0.3009 0.00000 7.134 1500.0 12.0 0.0000 1.0579 132.06 0.2366 0.0000 0.0000 9.957
-163.1250 24.9199 0.5667 0.1688 0.2645 0.00000 8.171 1500.0 12.0 0.0000 0.5822 66.67 0.0628 0.0000 0.0000 6.413
-157.5000 24.9199 0.3853 0.2869 0.3278 0.00000 7.993 1499.9 12.0 0.0000 0.7662 99.50 0.1275 0.0001 0.0003 10.902
-151.8750 24.9199 0.3178 0.3354 0.3469 0.00000 8.169 1500.0 12.0 0.0000 0.0578 10.00 0.0628 0.0000 0.0000 12.745
-146.2500 24.9199 0.2143 0.4439 0.3418 0.00000 8.169 1500.0 12.0 0.0000 0.0765 10.79 0.0628 0.0000 0.0000 16.869
-140.6250 24.9199 0.4062 0.2938 0.3001 0.00000 6.399 1498.6 12.0 0.0000 1.0836 137.52 0.3071 0.0009 0.0013 11.163
-135.0000 24.9199 0.3566 0.3815 0.2619 0.00000 5.218 1489.8 12.0 0.0000 1.8072 193.46 0.6840 0.0068 0.0072 14.496
-101.2500 24.9199 0.3473 0.3206 0.3321 0.00000 8.167 1499.8 12.0 0.0000 1.1334 150.11 0.0628 0.0001 0.0016 12.185
-95.6250 24.9199 0.4741 0.2146 0.3113 0.00000 8.152 1499.9 12.0 0.0000 0.3263 40.25 0.0633 0.0000 0.0006 8.154
-90.0000 24.9199 0.6304 0.1314 0.2382 0.00000 8.165 1500.0 12.0 0.0000 0.3169 34.49 0.0628 0.0000 0.0002 4.992
-84.3750 24.9199 0.5072 0.2035 0.2892 0.00000 8.106 1500.0 12.0 0.0000 0.1939 23.23 0.0777 0.0000 0.0000 7.735
-78.7500 24.9199 0.4931 0.2143 0.2926 0.00000 8.045 1500.0 12.0 0.0000 0.2395 28.95 0.0928 0.0000 0.0000 8.145
-73.1250 24.9199 0.4908 0.2105 0.2987 0.00000 8.084 1500.0 12.0 0.0000 0.1936 23.51 0.0813 0.0000 0.0000 8.001
-67.5000 24.9199 0.4616 0.2372 0.3012 0.00000 7.768 1500.0 12.0 0.0000 0.8564 105.66 0.1424 0.0000 0.0000 9.012
-61.8750 24.9199 0.4231 0.2973 0.2797 0.00000 6.054 1500.0 12.0 0.0000 0.9378 116.47 0.4530 0.0000 0.0000 11.296
-56.2500 24.9199 0.4646 0.2491 0.2863 0.00000 6.859 1500.0 12.0 0.0000 0.3827 46.75 0.2927 0.0000 0.0000 9.467
-50.6250 24.9199 0.4652 0.2544 0.2803 0.00000 6.152 1500.0 12.0 0.0000 0.4709 57.31 0.3508 0.0000 0.0000 9.669
-45.0000 24.9199 0.4341 0.3219 0.2440 0.00000 5.120 1500.0 12.0 0.0000 1.7700 181.55 0.6690 0.0000 0.0000 12.232
-39.3750 24.9199 0.4635 0.2695 0.2670 0.00000 5.293 1473.4 12.0 0.0000 2.8645 189.30 0.3996 0.0177 0.0225 10.240
-33.7500 24.9199 0.2888 0.4150 0.2955 0.00000 6.705 1500.0 12.0 0.0000 2.0078 199.88 0.3925 0.0000 0.0000 15.769
-22.5000 24.9199 0.4073 0.2600 0.3258 0.00000 8.163 1500.0 12.0 0.0000 0.1676 21.36 0.0628 0.0000 0.0000 9.880
11.2500 19.3822 0.4432 0.2354 0.3214 0.00000 8.165 1499.9 12.0 0.0000 0.7674 96.63 0.0628 0.0001 0.0011 8.944
16.8750 19.3822 0.6117 0.1486 0.2397 0.00000 8.159 1500.0 12.0 0.0000 1.0565 116.30 0.0636 0.0000 0.0003 5.648
22.5000 19.3822 0.3966 0.2846 0.3188 0.00000 7.845 1500.0 12.0 0.0000 1.0909 140.20 0.1884 0.0000 0.0000 10.815
28.1250 19.3822 0.3653 0.3421 0.2926 0.00000 7.586 1500.0 12.0 0.0000 1.1824 152.02 0.3591 0.0000 0.0000 13.000
33.7500 19.3822 0.5055 0.2591 0.2354 0.00000 6.053 1499.2 12.0 0.0000 2.4937 174.45 0.4333 0.0005 0.0006 9.844
39.3750 19.3822 0.4452 0.2952 0.2596 0.00000 5.928 1497.8 12.0 0.0000 2.7540 182.85 0.4251 0.0015 0.0018 11.217
45.0000 19.3822 0.4123 0.3226 0.2651 0.00000 5.665 1491.5 12.0 0.0000 2.4137 188.29 0.4932 0.0057 0.0067 12.260
50.6250 19.3822 0.3209 0.3342 0.3437 0.00000 8.172 1499.9 12.0 0.0000 0.1494 20.13 0.0628 0.0001 0.0011 12.701
56.2500 19.3822 0.1763 0.4756 0.3475 0.00000 8.163 1499.9 12.0 0.0000 0.2764 39.71 0.0628 0.0000 0.0005 18.071
78.7500 19.3822 0.4004 0.2675 0.3253 0.00000 8.163 1500.0 12.0 0.0000 0.2176 27.82 0.0628 0.0000 0.0000 10.166
84.3750 19.3822 0.3206 0.3349 0.3422 0.00000 8.167 1500.0 12.0 0.0000 0.1757 23.62 0.0628 0.0000 0.0000 12.728
90.0000 19.3822 0.3590 0.3678 0.2731 0.00000 5.854 1498.7 12.0 0.0000 3.0784 191.75 0.5647 0.0009 0.0010 13.977
95.6250 19.3822 0.4036 0.3545 0.2419 0.00000 5.166 1500.0 12.0 0.0000 2.9942 184.07 0.6914 0.0000 0.0000 13.472
101.2500 19.3822 0.4614 0.2922 0.2463 0.00000 5.556 1500.0 12.0 0.0000 2.0180 179.34 0.5347 0.0000 0.0000 11.105
106.8750 19.3822 0.4349 0.2916 0.2735 0.00000 5.786 1500.0 12.0 0.0000 0.5319 65.45 0.5056 0.0000 0.0000 11.080
112.5000 19.3822 0.4128 0.3126 0.2746 0.00000 5.439 1500.0 12.0 0.0000 1.0008 124.54 0.4782 0.0000 0.0000 11.878
118.1250 19.3822 0.3597 0.3383 0.3020 0.00000 5.332 1499.0 12.0 0.0000 1.0497 136.20 0.4498 0.0007 0.0008 12.855
123.7500 19.3822 0.3689 0.3779 0.2531 0.00000 5.170 1496.5 12.0 0.0000 1.0159 128.27 0.7180 0.0023 0.0024 14.359
129.3750 19.3822 0.1371 0.5230 0.3399 0.00000 8.163 1500.0 12.0 0.0000 0.0600 10.00 0.0628 0.0000 0.0000 19.872
157.5000 19.3822 0.5182 0.1805 0.3012 0.00000 8.163 1500.0 12.0 0.0000 0.7091 85.08 0.0628 0.0000 0.0000 6.860
163.1250 19.3822 0.5041 0.2063 0.2896 0.00000 8.138 1499.9 12.0 0.0000 0.7531 90.41 0.0791 0.0001 0.0005 7.838
168.7500 19.3822 0.5450 0.1914 0.2636 0.00000 7.639 1500.0 12.0 0.0000 0.9342 108.14 0.1747 0.0000 0.0000 7.275
174.3750 19.3822 0.4831 0.2656 0.2513 0.00000 5.999 1499.9 12.0 0.0000 1.7538 177.93 0.4263 0.0001 0.0001 10.094
180.0000 19.3822 0.3758 0.3607 0.2634 0.00000 5.657 1498.6 12.0 0.0000 3.0500 189.27 0.5892 0.0010 0.0011 13.707
-174.3750 19.3822 0.4341 0.2815 0.2844 0.00000 6.267 1498.9 12.0 0.0000 2.9565 186.13 0.3442 0.0007 0.0010 10.698
-168.7500 19.3822 0.4755 0.2382 0.2864 0.00000 7.174 1499.7 12.0 0.0000 1.6600 182.37 0.2125 0.0002 0.0004 9.050
-163.1250 19.3822 0.4570 0.2343 0.3086 0.00000 7.721 1499.8 12.0 0.0000 0.9947 123.57 0.1426 0.0001 0.0003 8.905
-157.5000 19.3822 0.4405 0.2418 0.3174 0.00000 8.163 1499.9 12.0 0.0000 0.1775 22.33 0.0628 0.0001 0.0009 9.190
-151.8750 19.3822 0.0498 0.6515 0.2987 0.00000 8.163 1500.0 12.0 0.0000 0.0253 10.00 0.0628 0.0000 0.0000 24.757
-140.6250 19.3822 0.3717 0.2868 0.3416 0.00000 8.163 1500.0 12.0 0.0000 0.0533 10.00 0.0628 0.0000 0.0000 10.897
-135.0000 19.3822 0.3627 0.3144 0.3229 0.00000 8.167 1500.0 12.0 0.0000 0.1518 19.87 0.0628 0.0000 0.0000 11.947
-101.2500 19.3822 0.1496 0.5023 0.3481 0.00000 8.163 1500.0 12.0 0.0000 0.7242 105.29 0.0628 0.0000 0.0000 19.088
-95.6250 19.3822 0.2643 0.4010 0.3347 0.00000 8.163 1500.0 12.0 0.0000 0.4296 59.10 0.0628 0.0000 0.0000 15.237
-90.0000 19.3822 0.3609 0.3111 0.3280 0.00000 8.170 1500.0 12.0 0.0000 0.3606 47.35 0.0628 0.0000 0.0003 11.822
-84.3750 19.3822 0.5037 0.2443 0.2520 0.00000 7.394 1499.3 12.0 0.0000 1.5628 176.34 0.2936 0.0005 0.0007 9.283
-78.7500 19.3822 0.4223 0.2639 0.3137 0.00000 7.885 1500.0 12.0 0.0000 0.3296 41.73 0.1435 0.0000 0.0000 10.029
-73.1250 19.3822 0.3754 0.2979 0.3267 0.00000 7.457 1500.0 12.0 0.0000 0.3390 44.19 0.2167 0.0000 0.0000 11.320
-67.5000 19.3822 0.3846 0.3150 0.3003 0.00000 5.950 1500.0 12.0 0.0000 0.5737 73.41 0.5226 0.0000 0.0000 11.972
-61.8750 19.3822 0.3827 0.2907 0.3266 0.00000 6.873 1500.0 12.0 0.0000 0.4184 54.36 0.3573 0.0000 0.0000 11.048
-56.2500 19.3822 0.4384 0.2378 0.3238 0.00000 8.036 1500.0 12.0 0.0000 0.1304 16.48 0.1170 0.0000 0.0000 9.036
-50.6250 19.3822 0.4527 0.3034 0.2439 0.00000 5.475 1500.0 12.0 0.0000 1.9928 179.87 0.6323 0.0000 0.0000 11.530
-45.0000 19.3822 0.3727 0.3896 0.2376 0.00000 5.193 1494.0 12.0 0.0000 2.7169 188.20 0.7992 0.0040 0.0041 14.806
-39.3750 19.3822 0.4261 0.2424 0.3315 0.00000 8.172 1499.9 12.0 0.0000 0.1528 19.51 0.0628 0.0001 0.0010 9.212
5.6250 13.8445 0.0498 0.6515 0.2987 0.00000 8.163 1500.0 12.0 0.0000 0.0930 13.76 0.0628 0.0000 0.0000 24.756
11.2500 13.8445 0.2705 0.3913 0.3383 0.00000 8.171 1500.0 12.0 0.0000 0.3948 54.27 0.0628 0.0000 0.0004 14.868
16.8750 13.8445 0.4795 0.2825 0.2380 0.00000 6.362 1496.1 12.0 0.0000 4.4013 178.01 0.4629 0.0026 0.0031 10.736
22.5000 13.8445 0.4097 0.3314 0.2589 0.00000 5.415 1500.0 12.0 0.0000 2.1948 185.31 0.7400 0.0000 0.0000 12.592
28.1250 13.8445 0.4316 0.3262 0.2422 0.00000 5.689 1500.0 12.0 0.0000 2.9805 181.59 0.6525 0.0000 0.0000 12.396
33.7500 13.8445 0.3525 0.4382 0.2093 0.00000 5.477 1480.7 12.0 0.0000 3.7078 191.04 0.9734 0.0129 0.0126 16.652
39.3750 13.8445 0.4030 0.2721 0.3248 0.00000 8.168 1500.0 12.0 0.0000 0.0869 11.17 0.0628 0.0000 0.0000 10.341
45.0000 13.8445 0.5666 0.0854 0.3380 0.00000 8.163 1500.0 12.0 0.0000 0.1170 13.85 0.0628 0.0000 0.0000 3.245
50.6250 13.8445 0.5559 0.0972 0.3372 0.00000 8.163 1500.0 12.0 0.0000 0.1858 22.11 0.0628 0.0000 0.0000 3.693
84.3750 13.8445 0.0501 0.6511 0.2988 0.00000 8.163 1500.0 12.0 0.0000 0.0347 10.00 0.0628 0.0000 0.0000 24.740
90.0000 13.8445 0.3022 0.4048 0.2930 0.00000 7.343 1487.8 12.0 0.0000 1.7863 202.22 0.3509 0.0081 0.0109 15.384
95.6250 13.8445 0.3127 0.4385 0.2489 0.00000 5.969 1445.4 12.0 0.0000 3.5425 209.39 0.7298 0.0364 0.0380 16.662
101.2500 13.8445 0.4267 0.2829 0.2904 0.00000 7.182 1494.6 12.0 0.0000 3.0307 188.70 0.2937 0.0036 0.0053 10.750
106.8750 13.8445 0.4475 0.2984 0.2541 0.00000 5.413 1500.0 12.0 0.0000 1.4933 180.60 0.5793 0.0000 0.0000 11.340
112.5000 13.8445 0.3966 0.3300 0.2734 0.00000 5.144 1499.6 12.0 0.0000 1.6334 188.15 0.5750 0.0003 0.0003 12.539
118.1250 13.8445 0.3733 0.3778 0.2486 0.00000 5.335 1498.1 12.0 0.0000 1.0514 131.78 0.6943 0.0012 0.0013 14.355
123.7500 13.8445 0.4318 0.3454 0.2227 0.00000 5.104 1500.0 12.0 0.0000 1.0630 127.20 0.7828 0.0000 0.0000 13.124
163.1250 13.8445 0.4131 0.3199 0.2670 0.00000 6.788 1497.1 12.0 0.0000 3.0435 186.72 0.4457 0.0019 0.0024 12.158
168.7500 13.8445 0.4654 0.3122 0.2224 0.00000 5.307 1498.7 12.0 0.0000 2.9649 176.85 0.6570 0.0009 0.0009 11.864
174.3750 13.8445 0.4558 0.3195 0.2248 0.00000 5.148 1498.0 12.0 0.0000 2.3782 178.18 0.6843 0.0013 0.0014 12.139
180.0000 13.8445 0.3408 0.3592 0.3000 0.00000 6.287 1492.2 12.0 0.0000 2.4739 198.16 0.4431 0.0052 0.0063 13.649
-174.3750 13.8445 0.1693 0.5099 0.3208 0.00000 8.163 1500.0 12.0 0.0000 0.1080 15.36 0.0628 0.0000 0.0000 19.377
-168.7500 13.8445 0.4238 0.2475 0.3287 0.00000 8.169 1500.0 12.0 0.0000 0.0909 11.59 0.0628 0.0000 0.0000 9.404
-163.1250 13.8445 0.3676 0.2999 0.3322 0.00000 8.172 1500.0 12.0 0.0000 0.4505 59.10 0.0628 0.0000 0.0000 11.398
-157.5000 13.8445 0.3858 0.3053 0.3088 0.00000 8.166 1500.0 12.0 0.0000 0.0820 10.53 0.0628 0.0000 0.0000 11.602
-151.8750 13.8445 0.2801 0.3958 0.3241 0.00000 8.163 1500.0 12.0 0.0000 0.0697 10.00 0.0628 0.0000 0.0000 15.040
-146.2500 13.8445 0.3982 0.2751 0.3267 0.00000 8.167 1500.0 12.0 0.0000 0.0830 10.70 0.0628 0.0000 0.0000 10.455
-140.6250 13.8445 0.2726 0.4449 0.2825 0.00000 6.976 1497.8 12.0 0.0000 1.7235 200.78 0.5437 0.0014 0.0016 16.907
-135.0000 13.8445 0.3570 0.3885 0.2546 0.00000 5.218 1485.4 12.0 0.0000 1.9833 193.98 0.7627 0.0097 0.0100 14.762
-129.3750 13.8445 0.3272 0.4682 0.2046 0.00000 5.113 1497.1 12.0 0.0000 1.8521 187.89 1.1916 0.0019 0.0018 17.790
-123.7500 13.8445 0.1075 0.6110 0.2815 0.00000 7.224 1500.0 12.0 0.0000 1.8892 214.88 0.4942 0.0000 0.0000 23.218
-90.0000 13.8445 0.1501 0.5018 0.3481 0.00000 8.163 1500.0 12.0 0.0000 0.3394 49.33 0.0628 0.0000 0.0000 19.067
-84.3750 13.8445 0.3427 0.3248 0.3323 0.00000 8.172 1499.8 12.0 0.0000 0.0720 10.00 0.0628 0.0001 0.0017 12.344
-78.7500 13.8445 0.3356 0.4126 0.2518 0.00000 5.136 1498.6 12.0 0.0000 1.8466 191.65 0.8811 0.0009 0.0009 15.680
-73.1250 13.8445 0.3866 0.3604 0.2529 0.00000 5.114 1499.2 12.0 0.0000 1.7633 187.01 0.7259 0.0006 0.0006 13.697
-67.5000 13.8445 0.4237 0.3262 0.2500 0.00000 5.159 1500.0 12.0 0.0000 0.7214 88.07 0.7629 0.0000 0.0000 12.397
-61.8750 13.8445 0.3520 0.3353 0.3127 0.00000 5.746 1500.0 12.0 0.0000 0.4887 63.91 0.5831 0.0000 0.0000 12.742
-56.2500 13.8445 0.4256 0.3040 0.2704 0.00000 6.005 1500.0 12.0 0.0000 1.2124 149.59 0.5764 0.0000 0.0000 11.552
-50.6250 13.8445 0.3848 0.3555 0.2596 0.00000 5.487 1498.8 12.0 0.0000 2.5319 187.99 0.6335 0.0008 0.0009 13.510
-45.0000 13.8445 0.5098 0.1755 0.3147 0.00000 8.166 1499.7 12.0 0.0000 0.1425 17.31 0.0628 0.0002 0.0027 6.670
-39.3750 13.8445 0.6199 0.1198 0.2603 0.00000 8.163 1500.0 12.0 0.0000 0.1927 21.40 0.0628 0.0000 0.0000 4.552
-22.5000 13.8445 0.3521 0.3867 0.2613 0.00000 5.237 1500.0 12.0 0.0000 1.0918 138.84 0.7387 0.0000 0.0000 14.693
11.2500 8.3067 0.3564 0.3230 0.3203 0.00000 8.109 1485.3 12.0 0.0000 1.3588 182.02 0.1182 0.0098 0.0311 12.273
16.8750 8.3067 0.3396 0.4610 0.1994 0.00000 5.207 1306.1 12.0 0.0000 3.9847 243.57 1.1268 0.1293 0.1232 17.519
22.5000 8.3067 0.4661 0.3339 0.1999 0.00000 5.288 1482.1 12.0 0.0000 3.5726 179.42 0.7546 0.0120 0.0124 12.689
28.1250 8.3067 0.5714 0.2074 0.2212 0.00000 6.956 1498.7 12.0 0.0000 3.5355 167.21 0.2871 0.0009 0.0013 7.881
33.7500 8.3067 0.4917 0.1884 0.3199 0.00000 8.167 1498.9 12.0 0.0000 0.2132 26.25 0.0628 0.0007 0.0094 7.158
56.2500 8.3067 0.5666 0.0854 0.3380 0.00000 8.163 1500.0 12.0 0.0000 0.2618 30.99 0.0628 0.0000 0.0000 3.246
61.8750 8.3067 0.3292 0.3454 0.3199 0.00000 8.163 1500.0 12.0 0.0000 0.1190 15.71 0.0628 0.0000 0.0000 13.126
67.5000 8.3067 0.2772 0.4025 0.3159 0.00000 8.163 1500.0 12.0 0.0000 0.0925 12.48 0.0628 0.0000 0.0000 15.297
84.3750 8.3067 0.0361 0.7480 0.2159 0.00000 5.114 1500.0 12.0 0.0000 1.2324 176.17 1.0784 0.0000 0.0000 28.423
90.0000 8.3067 0.0336 0.7651 0.2012 0.00000 5.101 1500.0 12.0 0.0000 1.1159 158.53 1.3456 0.0000 0.0000 29.074
95.6250 8.3067 0.2045 0.5871 0.2084 0.00000 5.598 1327.8 12.0 0.0000 3.5427 250.17 1.1353 0.1149 0.1093 22.310
101.2500 8.3067 0.4966 0.2955 0.2079 0.00000 5.762 1472.2 12.0 0.0000 4.2668 180.49 0.5835 0.0186 0.0206 11.230
106.8750 8.3067 0.5013 0.2607 0.2381 0.00000 5.307 1500.0 12.0 0.0000 2.4598 174.89 0.4915 0.0000 0.0000 9.905
112.5000 8.3067 0.3570 0.3959 0.2471 0.00000 5.102 1488.5 12.0 0.0000 2.1609 192.28 0.8795 0.0077 0.0077 15.045
140.6250 8.3067 0.0498 0.6515 0.2987 0.00000 8.163 1500.0 12.0 0.0000 0.0367 10.00 0.0628 0.0000 0.0000 24.757
163.1250 8.3067 0.4049 0.2712 0.3237 0.00000 8.168 1499.4 12.0 0.0000 0.1092 14.02 0.0628 0.0004 0.0053 10.307
168.7500 8.3067 0.3032 0.4958 0.2010 0.00000 5.112 1325.4 12.0 0.0000 2.6673 241.23 1.3538 0.1165 0.1077 18.839
174.3750 8.3067 0.4418 0.3937 0.1644 0.00000 5.100 1500.0 12.0 0.0000 2.3576 172.50 1.4339 0.0000 0.0000 14.961
180.0000 8.3067 0.3055 0.4806 0.2139 0.00000 5.115 1415.3 12.0 0.0000 1.9133 215.39 1.2098 0.0565 0.0532 18.263
-174.3750 8.3067 0.0623 0.6327 0.3049 0.00000 8.163 1500.0 12.0 0.0000 0.0315 10.00 0.0628 0.0000 0.0000 24.044
-163.1250 8.3067 0.2950 0.4469 0.2581 0.00000 5.158 1500.0 12.0 0.0000 1.2861 167.66 0.9636 0.0000 0.0000 16.984
-157.5000 8.3067 0.3296 0.4599 0.2105 0.00000 5.100 1461.3 12.0 0.0000 1.8669 199.04 1.2740 0.0258 0.0241 17.476
-151.8750 8.3067 0.4104 0.3482 0.2414 0.00000 5.160 1466.8 12.0 0.0000 2.0333 193.37 0.6936 0.0221 0.0234 13.233
-146.2500 8.3067 0.3691 0.3684 0.2626 0.00000 5.141 1498.0 12.0 0.0000 1.9945 189.94 0.7025 0.0013 0.0014 13.999
-140.6250 8.3067 0.3801 0.3758 0.2441 0.00000 5.102 1500.0 12.0 0.0000 2.2420 186.42 0.8900 0.0000 0.0000 14.279
-135.0000 8.3067 0.4352 0.3706 0.1942 0.00000 5.100 1499.7 12.0 0.0000 1.6293 176.31 1.2263 0.0002 0.0002 14.081
-129.3750 8.3067 0.3266 0.4742 0.1991 0.00000 5.100 1394.0 12.0 0.0000 2.1792 218.33 1.4157 0.0707 0.0649 18.020
-123.7500 8.3067 0.2661 0.5348 0.1989 0.00000 5.357 1472.9 12.0 0.0000 2.1239 200.03 1.2085 0.0181 0.0170 20.324
-90.0000 8.3067 0.4334 0.2981 0.2585 0.00000 5.437 1500.0 12.0 0.0000 3.5954 181.19 0.6238 0.0000 0.0000 11.328
-84.3750 8.3067 0.2676 0.5019 0.2302 0.00000 5.107 1500.0 12.0 0.0000 0.9020 117.28 1.3408 0.0000 0.0000 19.071
-78.7500 8.3067 0.2565 0.5213 0.2222 0.00000 5.100 1500.0 12.0 0.0000 0.6756 87.94 1.5095 0.0000 0.0000 19.808
-73.1250 8.3067 0.2955 0.4855 0.2185 0.00000 5.120 1454.1 12.0 0.0000 1.3062 178.54 1.1671 0.0306 0.0290 18.449
-67.5000 8.3067 0.4732 0.2940 0.2328 0.00000 5.106 1496.7 12.0 0.0000 1.1082 131.40 0.6539 0.0022 0.0024 11.173
-61.8750 8.3067 0.3831 0.3274 0.2896 0.00000 5.286 1500.0 12.0 0.0000 0.4701 59.84 0.6600 0.0000 0.0000 12.441
-56.2500 8.3067 0.4636 0.2838 0.2526 0.00000 6.108 1500.0 12.0 0.0000 1.6085 179.80 0.4859 0.0000 0.0000 10.784
-50.6250 8.3067 0.4241 0.3038 0.2721 0.00000 5.631 1496.1 12.0 0.0000 2.7047 186.59 0.4873 0.0026 0.0031 11.544
-28.1250 8.3067 0.2923 0.4786 0.2291 0.00000 5.114 1494.5 12.0 0.0000 1.2354 160.12 1.2127 0.0037 0.0035 18.186
-22.5000 8.3067 0.2827 0.5289 0.1883 0.00000 5.101 1197.6 12.0 0.0000 1.2291 229.49 1.6081 0.2017 0.1818 20.099
-16.8750 8.3067 0.2715 0.5150 0.2134 0.00000 5.150 1455.8 12.0 0.0000 0.8555 117.62 1.2790 0.0295 0.0275 19.572
-11.2500 8.3067 0.3908 0.2913 0.3178 0.00000 8.165 1499.3 12.0 0.0000 0.0575 10.00 0.0628 0.0005 0.0061 11.068
-5.6250 8.3067 0.4173 0.2559 0.3267 0.00000 8.164 1499.8 12.0 0.0000 0.0522 10.00 0.0628 0.0001 0.0018 9.726
0.0000 2.7689 0.2744 0.4858 0.2398 0.00000 5.107 1500.0 12.0 0.0000 0.9062 118.10 1.2153 0.0000 0.0000 18.459
16.8750 2.7689 0.1892 0.6190 0.1868 0.00000 5.266 1500.0 12.0 0.0000 2.5971 196.62 1.3974 0.0000 0.0000 23.522
22.5000 2.7689 0.3044 0.4927 0.2028 0.00000 5.454 1321.5 12.0 0.0000 3.8174 242.45 1.0716 0.1191 0.1144 18.723
28.1250 2.7689 0.5224 0.2457 0.2318 0.00000 6.738 1485.5 12.0 0.0000 2.1388 176.68 0.3398 0.0097 0.0132 9.338
33.7500 2.7689 0.4500 0.2264 0.3235 0.00000 8.168 1499.3 12.0 0.0000 0.1198 15.07 0.0628 0.0005 0.0066 8.603
56.2500 2.7689 0.4200 0.2428 0.3371 0.00000 8.172 1499.5 12.0 0.0000 0.2435 31.28 0.0628 0.0003 0.0045 9.227
61.8750 2.7689 0.4135 0.3310 0.2553 0.00000 6.317 1470.7 12.0 0.0000 3.1251 193.36 0.4987 0.0196 0.0228 12.577
67.5000 2.7689 0.1662 0.6033 0.2290 0.00000 6.067 1500.0 12.0 0.0000 3.1891 203.78 1.0111 0.0000 0.0000 22.924
95.6250 2.7689 0.2386 0.5700 0.1913 0.00000 5.347 1173.7 12.0 0.0000 3.9590 291.53 1.3572 0.2176 0.2012 21.661
101.2500 2.7689 0.3908 0.4333 0.1760 0.00000 5.102 1400.9 12.0 0.0000 4.1458 208.04 1.3036 0.0661 0.0615 16.465
106.8750 2.7689 0.4310 0.3792 0.1898 0.00000 5.100 1495.0 12.0 0.0000 3.9166 177.62 1.1475 0.0033 0.0031 14.410
112.5000 2.7689 0.3302 0.4624 0.2071 0.00000 5.207 1413.6 12.0 0.0000 2.8830 212.90 1.1015 0.0576 0.0551 17.572
140.6250 2.7689 0.0420 0.7226 0.2354 0.00000 5.295 1500.0 12.0 0.0000 2.6519 215.94 0.7969 0.0000 0.0000 27.459
146.2500 2.7689 0.1974 0.6119 0.1902 0.00000 5.382 1271.8 12.0 0.0000 6.1162 265.59 1.4069 0.1522 0.1399 23.254
151.8750 2.7689 0.2427 0.5542 0.2030 0.00000 5.564 1240.4 12.0 0.0000 4.3959 272.36 1.1853 0.1731 0.1635 21.060
157.5000 2.7689 0.3368 0.3747 0.2884 0.00000 7.314 1487.5 12.0 0.0000 2.8469 198.72 0.3964 0.0083 0.0106 14.238
163.1250 2.7689 0.1780 0.5033 0.3167 0.00000 8.163 1500.0 12.0 0.0000 0.0771 10.89 0.0628 0.0000 0.0000 19.124
168.7500 2.7689 0.3043 0.4763 0.2193 0.00000 5.323 1465.7 12.0 0.0000 2.2058 200.93 1.0621 0.0229 0.0221 18.100
174.3750 2.7689 0.2695 0.5233 0.2071 0.00000 5.100 1381.4 12.0 0.0000 2.2043 228.07 1.5273 0.0791 0.0718 19.886
180.0000 2.7689 0.2206 0.5854 0.1938 0.00000 5.157 1371.4 12.0 0.0000 1.4230 222.05 1.4693 0.0858 0.0784 22.246
-174.3750 2.7689 0.0500 0.6513 0.2987 0.00000 8.163 1500.0 12.0 0.0000 0.0200 10.00 0.0628 0.0000 0.0000 24.751
-163.1250 2.7689 0.1425 0.6594 0.1973 0.00000 5.675 1500.0 12.0 0.0000 1.6527 202.74 1.4358 0.0000 0.0000 25.057
-157.5000 2.7689 0.3000 0.5180 0.1820 0.00000 5.100 1493.1 12.0 0.0000 1.0664 134.49 1.6486 0.0046 0.0041 19.683
-151.8750 2.7689 0.3056 0.4945 0.2000 0.00000 5.100 1500.0 12.0 0.0000 1.4159 177.94 1.4460 0.0000 0.0000 18.789
-146.2500 2.7689 0.3886 0.3647 0.2467 0.00000 5.103 1500.0 12.0 0.0000 1.7233 185.94 0.8825 0.0000 0.0000 13.858
-140.6250 2.7689 0.4252 0.2486 0.3262 0.00000 6.380 1500.0 12.0 0.0000 1.0716 136.44 0.2430 0.0000 0.0000 9.448
-135.0000 2.7689 0.4675 0.2726 0.2600 0.00000 5.239 1500.0 12.0 0.0000 2.1749 180.23 0.5088 0.0000 0.0000 10.357
-129.3750 2.7689 0.4161 0.3674 0.2166 0.00000 5.100 1480.4 12.0 0.0000 2.6871 186.17 0.8960 0.0131 0.0130 13.959
-123.7500 2.7689 0.1685 0.6085 0.2228 0.00000 5.979 1500.0 12.0 0.0000 2.5858 203.19 1.1068 0.0000 0.0000 23.123
-78.7500 2.7689 0.0780 0.7359 0.1862 0.00000 5.549 1500.0 12.0 0.0000 1.8739 207.53 1.6570 0.0000 0.0000 27.964
-73.1250 2.7689 0.2972 0.5071 0.1956 0.00000 5.102 1444.4 12.0 0.0000 1.3336 182.67 1.4183 0.0371 0.0341 19.269
-67.5000 2.7689 0.4349 0.3426 0.2225 0.00000 5.100 1499.9 12.0 0.0000 1.6073 179.25 0.8656 0.0001 0.0001 13.018
-61.8750 2.7689 0.4271 0.3202 0.2527 0.00000 5.147 1500.0 12.0 0.0000 0.6524 79.64 0.7935 0.0000 0.0000 12.166
-56.2500 2.7689 0.4806 0.2801 0.2393 0.00000 5.166 1498.7 12.0 0.0000 2.6856 177.26 0.5648 0.0009 0.0010 10.645
-50.6250 2.7689 0.4562 0.2185 0.3253 0.00000 8.173 1499.7 12.0 0.0000 0.1737 21.79 0.0628 0.0002 0.0025 8.304
-39.3750 2.7689 0.2416 0.4310 0.3274 0.00000 8.163 1500.0 12.0 0.0000 0.1968 27.24 0.0628 0.0000 0.0000 16.379
-33.7500 2.7689 0.3619 0.3770 0.2612 0.00000 6.496 1459.2 12.0 0.0000 1.8437 202.08 0.5518 0.0272 0.0306 14.324
-28.1250 2.7689 0.3977 0.4314 0.1709 0.00000 5.100 1325.7 12.0 0.0000 2.1308 229.47 1.3859 0.1163 0.1071 16.394
-22.5000 2.7689 0.4240 0.4195 0.1565 0.00000 5.100 1404.1 12.0 0.0000 1.6356 202.06 1.5503 0.0640 0.0580 15.941
-16.8750 2.7689 0.3565 0.4453 0.1982 0.00000 5.100 1278.9 12.0 0.0000 1.4855 247.66 1.2092 0.1475 0.1389 16.920
-11.2500 2.7689 0.3574 0.4067 0.2358 0.00000 5.336 1373.8 12.0 0.0000 1.6010 225.45 0.7710 0.0842 0.0866 15.456
-5.6250 2.7689 0.3529 0.4161 0.2309 0.00000 5.151 1408.8 12.0 0.0000 1.4171 202.99 0.8973 0.0608 0.0605 15.813
0.0000 -2.7689 0.2312 0.5421 0.2265 0.00000 5.668 1500.0 12.0 0.0000 1.6217 197.94 1.0695 0.0000 0.0000 20.601
5.6250 -2.7689 0.5666 0.0854 0.3380 0.00000 8.163 1500.0 12.0 0.0000 0.0640 10.00 0.0628 0.0000 0.0000 3.246
11.2500 -2.7689 0.5666 0.0854 0.3380 0.00000 8.163 1500.0 12.0 0.0000 0.0813 10.00 0.0628 0.0000 0.0000 3.246
16.8750 -2.7689 0.1874 0.6195 0.1885 0.00000 5.468 1500.0 12.0 0.0000 2.6659 197.03 1.4149 0.0000 0.0000 23.540
22.5000 -2.7689 0.2962 0.5084 0.1954 0.00000 5.101 1363.9 12.0 0.0000 2.7314 229.72 1.4967 0.0908 0.0827 19.318
28.1250 -2.7689 0.3486 0.4295 0.2219 0.00000 5.133 1356.7 12.0 0.0000 3.3052 229.93 1.0093 0.0956 0.0929 16.322
50.6250 -2.7689 0.2344 0.5314 0.2337 0.00000 5.661 1500.0 12.0 0.0000 1.7233 198.35 1.0138 0.0000 0.0000 20.195
56.2500 -2.7689 0.3983 0.3728 0.2289 0.00000 5.106 1391.4 12.0 0.0000 3.7740 215.75 0.8503 0.0724 0.0728 14.167
61.8750 -2.7689 0.5261 0.2847 0.1893 0.00000 5.109 1465.0 12.0 0.0000 3.7694 178.02 0.7033 0.0233 0.0245 10.817
67.5000 -2.7689 0.4213 0.3525 0.2262 0.00000 5.406 1409.9 12.0 0.0000 2.9717 207.89 0.6923 0.0601 0.0635 13.393
73.1250 -2.7689 0.3167 0.4463 0.2370 0.00000 5.510 1471.1 12.0 0.0000 2.2096 200.04 0.8577 0.0193 0.0193 16.960
95.6250 -2.7689 0.3439 0.4290 0.2271 0.00000 5.495 1365.8 12.0 0.0000 4.3395 228.17 0.8845 0.0895 0.0893 16.302
101.2500 -2.7689 0.4000 0.4361 0.1639 0.00000 5.108 1312.5 12.0 0.0000 5.2522 232.47 1.2908 0.1250 0.1165 16.573
106.8750 -2.7689 0.4276 0.4025 0.1699 0.00000 5.100 1500.0 12.0 0.0000 3.7783 174.35 1.4672 0.0000 0.0000 15.296
112.5000 -2.7689 0.3422 0.4445 0.2132 0.00000 5.107 1470.4 12.0 0.0000 4.1747 195.46 1.1352 0.0198 0.0188 16.890
118.1250 -2.7689 0.1407 0.5527 0.3063 0.00000 7.825 1500.0 12.0 0.0000 3.8518 214.45 0.3573 0.0000 0.0000 21.004
140.6250 -2.7689 0.3281 0.4821 0.1898 0.00000 5.104 1351.2 12.0 0.0000 3.3407 230.07 1.3509 0.0993 0.0918 18.319
146.2500 -2.7689 0.3767 0.4510 0.1722 0.00000 5.100 1308.4 12.0 0.0000 3.2860 236.68 1.4065 0.1278 0.1175 17.140
151.8750 -2.7689 0.4517 0.3846 0.1637 0.00000 5.100 1499.7 12.0 0.0000 2.8311 171.63 1.2476 0.0002 0.0002 14.614
157.5000 -2.7689 0.3123 0.4486 0.2390 0.00000 6.281 1466.9 12.0 0.0000 2.7504 201.91 0.7393 0.0221 0.0229 17.047
163.1250 -2.7689 0.1366 0.5771 0.2858 0.00000 7.180 1500.0 12.0 0.0000 2.1651 212.61 0.4178 0.0000 0.0000 21.931
168.7500 -2.7689 0.0498 0.6515 0.2987 0.00000 8.163 1500.0 12.0 0.0000 0.0349 10.00 0.0628 0.0000 0.0000 24.756
174.3750 -2.7689 0.4060 0.2796 0.3143 0.00000 8.166 1500.0 12.0 0.0000 0.1022 13.05 0.0628 0.0000 0.0000 10.624
180.0000 -2.7689 0.1848 0.5311 0.2841 0.00000 7.515 1500.0 12.0 0.0000 1.0995 152.61 0.3128 0.0000 0.0000 20.181
-174.3750 -2.7689 0.0498 0.6515 0.2987 0.00000 8.163 1500.0 12.0 0.0000 0.0200 10.00 0.0628 0.0000 0.0000 24.757
-163.1250 -2.7689 0.2640 0.5287 0.2072 0.00000 5.192 1500.0 12.0 0.0000 1.3433 172.82 1.3750 0.0000 0.0000 20.089
-157.5000 -2.7689 0.3230 0.4992 0.1758 0.00000 5.100 1500.0 12.0 0.0000 1.2183 149.43 1.6157 0.0000 0.0000 18.968
-151.8750 -2.7689 0.3273 0.4709 0.2011 0.00000 5.100 1500.0 12.0 0.0000 1.2268 152.55 1.3405 0.0000 0.0000 17.895
-146.2500 -2.7689 0.3883 0.3563 0.2554 0.00000 5.103 1490.3 12.0 0.0000 2.8359 189.77 0.8168 0.0065 0.0066 13.540
-140.6250 -2.7689 0.3611 0.3320 0.3069 0.00000 5.253 1497.1 12.0 0.0000 2.3287 195.59 0.4671 0.0019 0.0023 12.615
-135.0000 -2.7689 0.4670 0.2849 0.2481 0.00000 5.104 1500.0 12.0 0.0000 1.6554 179.02 0.5706 0.0000 0.0000 10.827
-129.3750 -2.7689 0.4715 0.2831 0.2454 0.00000 5.495 1450.7 12.0 0.0000 2.0169 193.14 0.4795 0.0329 0.0389 10.759
-123.7500 -2.7689 0.3771 0.2846 0.3381 0.00000 8.163 1500.0 12.0 0.0000 0.0793 10.39 0.0628 0.0000 0.0000 10.814
-73.1250 -2.7689 0.3383 0.4459 0.2158 0.00000 5.102 1500.0 12.0 0.0000 1.2656 157.95 1.1552 0.0000 0.0000 16.944
-67.5000 -2.7689 0.3838 0.3852 0.2309 0.00000 5.100 1498.5 12.0 0.0000 2.0013 185.14 0.9147 0.0010 0.0010 14.639
-61.8750 -2.7689 0.3741 0.3709 0.2550 0.00000 5.100 1500.0 12.0 0.0000 3.2407 188.11 0.8177 0.0000 0.0000 14.095
-56.2500 -2.7689 0.4074 0.3147 0.2779 0.00000 5.358 1496.7 12.0 0.0000 2.9747 188.49 0.5143 0.0022 0.0025 11.958
-50.6250 -2.7689 0.4229 0.2432 0.3339 0.00000 8.169 1500.0 12.0 0.0000 0.1213 15.52 0.0628 0.0000 0.0000 9.241
-45.0000 -2.7689 0.0458 0.6793 0.2749 0.00000 6.747 1500.0 12.0 0.0000 1.1438 167.56 0.3113 0.0000 0.0000 25.814
-39.3750 -2.7689 0.1862 0.5528 0.2610 0.00000 6.207 1500.0 12.0 0.0000 2.4857 205.64 0.7054 0.0000 0.0000 21.006
-33.7500 -2.7689 0.3411 0.4404 0.2184 0.00000 5.384 1385.2 12.0 0.0000 3.2980 221.68 0.9330 0.0766 0.0756 16.737
-28.1250 -2.7689 0.3945 0.3865 0.2190 0.00000 5.100 1500.0 12.0 0.0000 1.9850 182.49 1.1431 0.0000 0.0000 14.687
-22.5000 -2.7689 0.3739 0.3811 0.2451 0.00000 5.100 1500.0 12.0 0.0000 0.7287 90.88 1.1854 0.0000 0.0000 14.481
-16.8750 -2.7689 0.4366 0.3453 0.2181 0.00000 5.100 1500.0 12.0 0.0000 0.9288 110.60 1.0244 0.0000 0.0000 13.122
-11.2500 -2.7689 0.4743 0.3411 0.1846 0.00000 5.100 1500.0 12.0 0.0000 1.2430 142.27 1.0876 0.0000 0.0000 12.962
-5.6250 -2.7689 0.3398 0.4516 0.2086 0.00000 5.101 1478.1 12.0 0.0000 1.7483 192.88 1.1987 0.0146 0.0137 17.161
0.0000 -8.3067 0.3051 0.3427 0.3512 0.00000 8.165 1499.9 12.0 0.0000 0.0702 10.00 0.0628 0.0001 0.0010 13.022
5.6250 -8.3067 0.5666 0.0854 0.3380 0.00000 8.163 1500.0 12.0 0.0000 0.0755 10.00 0.0628 0.0000 0.0000 3.246
22.5000 -8.3067 0.2945 0.4568 0.2488 0.00000 5.193 1500.0 12.0 0.0000 2.0227 194.62 1.0170 0.0000 0.0000 17.358
28.1250 -8.3067 0.3188 0.3411 0.3400 0.00000 8.170 1500.0 12.0 0.0000 0.1688 22.73 0.0628 0.0000 0.0000 12.961
33.7500 -8.3067 0.0720 0.6183 0.3097 0.00000 8.163 1500.0 12.0 0.0000 0.0397 10.00 0.0628 0.0000 0.0000 23.497
39.3750 -8.3067 0.2977 0.3729 0.3295 0.00000 8.168 1499.5 12.0 0.0000 0.0620 10.00 0.0628 0.0003 0.0046 14.168
45.0000 -8.3067 0.3442 0.4357 0.2201 0.00000 5.101 1239.1 12.0 0.0000 1.0144 179.50 1.0797 0.1740 0.1670 16.555
50.6250 -8.3067 0.4122 0.4193 0.1684 0.00000 5.100 1316.6 12.0 0.0000 1.5044 230.63 1.2395 0.1223 0.1147 15.935
56.2500 -8.3067 0.4891 0.3297 0.1812 0.00000 5.100 1456.0 12.0 0.0000 1.6951 183.21 0.9576 0.0293 0.0288 12.528
61.8750 -8.3067 0.4567 0.2843 0.2591 0.00000 5.228 1500.0 12.0 0.0000 1.0005 120.80 0.5694 0.0000 0.0000 10.802
67.5000 -8.3067 0.5124 0.2869 0.2007 0.00000 5.107 1500.0 12.0 0.0000 2.0306 169.95 0.7344 0.0000 0.0000 10.901
73.1250 -8.3067 0.3688 0.3862 0.2450 0.00000 5.586 1429.8 12.0 0.0000 2.6083 208.60 0.6878 0.0468 0.0496 14.676
78.7500 -8.3067 0.1508 0.5028 0.3464 0.00000 8.183 1500.0 12.0 0.0000 0.1089 15.82 0.0628 0.0000 0.0000 19.108
84.3750 -8.3067 0.0498 0.6515 0.2987 0.00000 8.163 1500.0 12.0 0.0000 0.0251 10.00 0.0628 0.0000 0.0000 24.756
90.0000 -8.3067 0.0498 0.6515 0.2987 0.00000 8.163 1500.0 12.0 0.0000 0.0925 13.68 0.0628 0.0000 0.0000 24.755
101.2500 -8.3067 0.4802 0.2084 0.3113 0.00000 8.168 1499.1 12.0 0.0000 0.2746 33.82 0.0628 0.0006 0.0081 7.919
106.8750 -8.3067 0.4286 0.3351 0.2363 0.00000 5.415 1468.9 12.0 0.0000 3.7686 190.55 0.6530 0.0207 0.0222 12.734
112.5000 -8.3067 0.3529 0.3577 0.2892 0.00000 6.709 1491.1 12.0 0.0000 2.7995 196.23 0.4379 0.0059 0.0072 13.593
118.1250 -8.3067 0.2476 0.3949 0.3557 0.00000 8.165 1499.9 12.0 0.0000 0.2667 37.30 0.0628 0.0001 0.0013 15.005
135.0000 -8.3067 0.2409 0.5108 0.2476 0.00000 6.600 1475.7 12.0 0.0000 3.0817 206.47 0.7495 0.0162 0.0168 19.409
140.6250 -8.3067 0.3100 0.4898 0.2003 0.00000 5.108 1264.9 12.0 0.0000 2.3007 258.69 1.2661 0.1568 0.1465 18.612
146.2500 -8.3067 0.2949 0.4802 0.2249 0.00000 5.100 1490.6 12.0 0.0000 1.4171 184.12 1.2987 0.0062 0.0058 18.249
151.8750 -8.3067 0.2723 0.4853 0.2424 0.00000 5.100 1500.0 12.0 0.0000 1.1836 154.61 1.2018 0.0000 0.0000 18.441
157.5000 -8.3067 0.2751 0.4845 0.2403 0.00000 5.181 1442.1 12.0 0.0000 2.1844 212.86 1.0057 0.0386 0.0376 18.413
163.1250 -8.3067 0.2527 0.5032 0.2441 0.00000 5.805 1462.6 12.0 0.0000 3.3287 209.11 0.8796 0.0249 0.0249 19.123
168.7500 -8.3067 0.2569 0.5198 0.2234 0.00000 5.672 1495.1 12.0 0.0000 3.5847 196.79 0.9688 0.0032 0.0032 19.752
174.3750 -8.3067 0.3075 0.4278 0.2647 0.00000 6.453 1498.9 12.0 0.0000 2.4964 195.44 0.6427 0.0007 0.0008 16.255
180.0000 -8.3067 0.4093 0.2522 0.3384 0.00000 8.172 1500.0 12.0 0.0000 0.1120 14.46 0.0628 0.0000 0.0000 9.584
-174.3750 -8.3067 0.3938 0.2973 0.3088 0.00000 8.166 1500.0 12.0 0.0000 0.1535 19.65 0.0628 0.0000 0.0002 11.297
-168.7500 -8.3067 0.0498 0.6515 0.2987 0.00000 8.163 1500.0 12.0 0.0000 0.0455 10.00 0.0628 0.0000 0.0000 24.756
-151.8750 -8.3067 0.5570 0.0988 0.3354 0.00000 8.163 1500.0 12.0 0.0000 0.0487 10.00 0.0628 0.0000 0.0000 3.756
-146.2500 -8.3067 0.4229 0.2416 0.3326 0.00000 8.166 1500.0 12.0 0.0000 0.0861 10.98 0.0628 0.0000 0.0000 9.180
-140.6250 -8.3067 0.3035 0.4470 0.2494 0.00000 5.926 1500.0 12.0 0.0000 1.8591 193.86 0.7041 0.0000 0.0000 16.988
-135.0000 -8.3067 0.3359 0.4321 0.2320 0.00000 5.100 1499.9 12.0 0.0000 1.2982 163.71 1.2352 0.0001 0.0001 16.418
-129.3750 -8.3067 0.3799 0.3931 0.2270 0.00000 5.100 1442.7 12.0 0.0000 0.7164 96.40 1.2818 0.0382 0.0356 14.938
-123.7500 -8.3067 0.4093 0.3326 0.2580 0.00000 5.705 1432.7 12.0 0.0000 1.7150 205.43 0.5715 0.0449 0.0500 12.638
-118.1250 -8.3067 0.4344 0.2469 0.3187 0.00000 8.168 1500.0 12.0 0.0000 0.1725 21.78 0.0628 0.0000 0.0000 9.382
-112.5000 -8.3067 0.3102 0.3578 0.3321 0.00000 8.165 1500.0 12.0 0.0000 0.2238 30.13 0.0628 0.0000 0.0000 13.596
-67.5000 -8.3067 0.2911 0.3575 0.3514 0.00000 8.164 1500.0 12.0 0.0000 0.0818 11.22 0.0628 0.0000 0.0000 13.587
-61.8750 -8.3067 0.4067 0.2646 0.3287 0.00000 8.173 1500.0 12.0 0.0000 0.2037 26.19 0.0628 0.0000 0.0001 10.056
-56.2500 -8.3067 0.4029 0.2487 0.3482 0.00000 8.163 1500.0 12.0 0.0000 0.1345 17.51 0.0628 0.0000 0.0000 9.450
-39.3750 -8.3067 0.3102 0.4631 0.2267 0.00000 5.647 1365.6 12.0 0.0000 3.5980 231.23 0.9221 0.0897 0.0887 17.598
-33.7500 -8.3067 0.4959 0.2997 0.2044 0.00000 5.174 1462.1 12.0 0.0000 3.5426 183.19 0.6781 0.0252 0.0268 11.390
-28.1250 -8.3067 0.4332 0.3071 0.2597 0.00000 5.520 1500.0 12.0 0.0000 1.9514 183.28 0.5136 0.0000 0.0000 11.668
-22.5000 -8.3067 0.3887 0.3652 0.2461 0.00000 5.123 1500.0 12.0 0.0000 1.1763 145.74 0.9971 0.0000 0.0000 13.878
-16.8750 -8.3067 0.3795 0.3418 0.2787 0.00000 5.197 1500.0 12.0 0.0000 0.5826 73.83 0.7706 0.0000 0.0000 12.989
-11.2500 -8.3067 0.4380 0.3659 0.1961 0.00000 5.100 1500.0 12.0 0.0000 1.2641 148.47 1.2211 0.0000 0.0000 13.903
-5.6250 -8.3067 0.3619 0.4410 0.1971 0.00000 5.104 1393.6 12.0 0.0000 2.1020 215.05 1.1812 0.0709 0.0670 16.758
0.0000 -13.8445 0.2592 0.4152 0.3219 0.00000 8.163 1500.0 12.0 0.0000 0.1015 13.85 0.0628 0.0000 0.0000 15.776
5.6250 -13.8445 0.4634 0.1985 0.3301 0.00000 8.163 1500.0 12.0 0.0000 0.0737 10.00 0.0628 0.0000 0.0000 7.544
16.8750 -13.8445 0.3203 0.4273 0.2524 0.00000 5.199 1500.0 12.0 0.0000 1.5053 192.68 0.8923 0.0000 0.0000 16.239
22.5000 -13.8445 0.4071 0.2757 0.3171 0.00000 8.163 1500.0 12.0 0.0000 0.1784 22.79 0.0628 0.0000 0.0000 10.477
39.3750 -13.8445 0.2730 0.4360 0.2910 0.00000 6.713 1499.1 12.0 0.0000 0.7119 95.52 0.4901 0.0006 0.0007 16.568
45.0000 -13.8445 0.4677 0.3002 0.2322 0.00000 5.106 1476.4 12.0 0.0000 1.1341 139.39 0.6105 0.0157 0.0172 11.407
50.6250 -13.8445 0.4523 0.3393 0.2084 0.00000 5.100 1500.0 12.0 0.0000 0.6298 73.97 1.0322 0.0000 0.0000 12.894
56.2500 -13.8445 0.3719 0.3662 0.2618 0.00000 5.101 1500.0 12.0 0.0000 0.2735 34.47 1.0101 0.0000 0.0000 13.917
61.8750 -13.8445 0.4070 0.2707 0.3223 0.00000 6.412 1500.0 12.0 0.0000 0.3777 48.40 0.2851 0.0000 0.0000 10.286
67.5000 -13.8445 0.5067 0.2477 0.2456 0.00000 5.525 1500.0 12.0 0.0000 1.3829 161.50 0.4258 0.0000 0.0000 9.413
73.1250 -13.8445 0.3504 0.4137 0.2359 0.00000 5.358 1448.9 12.0 0.0000 2.2275 203.55 0.8065 0.0341 0.0347 15.719
78.7500 -13.8445 0.2003 0.5706 0.2290 0.00000 5.841 1457.1 12.0 0.0000 2.8430 213.89 1.0118 0.0286 0.0278 21.682
84.3750 -13.8445 0.2535 0.4825 0.2639 0.00000 6.218 1489.9 12.0 0.0000 2.3637 202.90 0.7313 0.0067 0.0070 18.335
90.0000 -13.8445 0.2255 0.4294 0.3447 0.00000 8.163 1500.0 12.0 0.0000 0.2226 31.28 0.0628 0.0000 0.0000 16.317
101.2500 -13.8445 0.2768 0.4032 0.3157 0.00000 8.163 1500.0 12.0 0.0000 0.2156 29.08 0.0628 0.0000 0.0000 15.320
106.8750 -13.8445 0.4447 0.2254 0.3251 0.00000 8.168 1500.0 12.0 0.0000 0.2067 25.93 0.0628 0.0000 0.0002 8.567
112.5000 -13.8445 0.3574 0.2980 0.3425 0.00000 8.169 1500.0 12.0 0.0000 0.1628 21.54 0.0628 0.0000 0.0002 11.323
118.1250 -13.8445 0.2625 0.3894 0.3454 0.00000 8.163 1499.8 12.0 0.0000 0.4071 56.22 0.0628 0.0001 0.0014 14.797
135.0000 -13.8445 0.3561 0.3670 0.2770 0.00000 6.582 1493.9 12.0 0.0000 2.3033 193.86 0.4961 0.0041 0.0047 13.945
140.6250 -13.8445 0.3376 0.4379 0.2245 0.00000 5.101 1489.6 12.0 0.0000 1.9355 191.32 1.0462 0.0070 0.0067 16.641
146.2500 -13.8445 0.2868 0.4694 0.2438 0.00000 5.100 1484.8 12.0 0.0000 1.5146 199.34 1.0712 0.0101 0.0097 17.837
151.8750 -13.8445 0.4042 0.3911 0.2047 0.00000 5.102 1393.5 12.0 0.0000 2.3923 212.08 0.9821 0.0710 0.0694 14.863
157.5000 -13.8445 0.3549 0.3639 0.2811 0.00000 5.774 1474.7 12.0 0.0000 1.7151 200.15 0.5266 0.0168 0.0193 13.830
163.1250 -13.8445 0.3035 0.4066 0.2899 0.00000 6.857 1488.1 12.0 0.0000 2.5094 201.70 0.4797 0.0079 0.0094 15.450
168.7500 -13.8445 0.2562 0.4718 0.2720 0.00000 5.182 1491.6 12.0 0.0000 2.9507 203.03 0.8890 0.0056 0.0056 17.927
174.3750 -13.8445 0.3464 0.3759 0.2778 0.00000 5.408 1497.5 12.0 0.0000 3.7491 193.73 0.6074 0.0016 0.0018 14.283
180.0000 -13.8445 0.3446 0.3481 0.3073 0.00000 5.949 1499.6 12.0 0.0000 2.7722 196.38 0.4143 0.0003 0.0004 13.229
-174.3750 -13.8445 0.3215 0.3526 0.3259 0.00000 7.789 1499.7 12.0 0.0000 2.2074 200.36 0.2116 0.0002 0.0003 13.399
-168.7500 -13.8445 0.0498 0.6515 0.2987 0.00000 8.163 1500.0 12.0 0.0000 0.0455 10.00 0.0628 0.0000 0.0000 24.756
-146.2500 -13.8445 0.1226 0.5430 0.3344 0.00000 8.163 1500.0 12.0 0.0000 0.0619 10.00 0.0628 0.0000 0.0000 20.634
-140.6250 -13.8445 0.4113 0.2636 0.3250 0.00000 8.169 1500.0 12.0 0.0000 0.0350 10.00 0.0628 0.0000 0.0000 10.018
-135.0000 -13.8445 0.3670 0.4005 0.2326 0.00000 5.100 1500.0 12.0 0.0000 1.1154 138.60 1.0928 0.0000 0.0000 15.218
-129.3750 -13.8445 0.3937 0.3931 0.2132 0.00000 5.100 1500.0 12.0 0.0000 0.5359 65.01 1.4572 0.0000 0.0000 14.940
-123.7500 -13.8445 0.3852 0.4375 0.1773 0.00000 5.109 1278.6 12.0 0.0000 2.1549 245.41 1.2068 0.1477 0.1391 16.624
-118.1250 -13.8445 0.5525 0.1621 0.2854 0.00000 8.168 1500.0 12.0 0.0000 0.2150 25.11 0.0628 0.0000 0.0000 6.159
-112.5000 -13.8445 0.3415 0.3231 0.3345 0.00000 8.178 1500.0 12.0 0.0000 0.1934 25.68 0.0628 0.0000 0.0000 12.276
-61.8750 -13.8445 0.5667 0.0852 0.3380 0.00000 8.163 1499.5 12.0 0.0000 0.6545 77.53 0.0628 0.0003 0.0045 3.239
-56.2500 -13.8445 0.3032 0.3518 0.3436 0.00000 8.163 1500.0 12.0 0.0000 0.3671 49.80 0.0628 0.0000 0.0001 13.370
-39.3750 -13.8445 0.3174 0.4247 0.2579 0.00000 6.556 1449.7 12.0 0.0000 3.0468 208.60 0.5907 0.0336 0.0370 16.138
-33.7500 -13.8445 0.3556 0.4309 0.2135 0.00000 5.317 1466.9 12.0 0.0000 3.8036 195.35 0.9755 0.0221 0.0216 16.374
-28.1250 -13.8445 0.4378 0.3114 0.2507 0.00000 6.137 1496.5 12.0 0.0000 2.3730 182.94 0.5105 0.0023 0.0027 11.832
-22.5000 -13.8445 0.4789 0.2644 0.2567 0.00000 7.093 1498.5 12.0 0.0000 2.1900 179.30 0.3405 0.0010 0.0014 10.047
-16.8750 -13.8445 0.5107 0.2675 0.2218 0.00000 5.688 1500.0 12.0 0.0000 3.3195 172.32 0.5505 0.0000 0.0000 10.165
-11.2500 -13.8445 0.4808 0.3001 0.2191 0.00000 5.517 1491.0 12.0 0.0000 3.0242 177.43 0.6069 0.0060 0.0066 11.403
-5.6250 -13.8445 0.2290 0.5273 0.2431 0.00000 6.407 1419.3 12.0 0.0000 2.6761 224.05 0.7807 0.0539 0.0552 20.038
0.0000 -19.3822 0.3109 0.3573 0.3316 0.00000 8.169 1500.0 12.0 0.0000 0.1623 21.84 0.0628 0.0000 0.0000 13.579
5.6250 -19.3822 0.2731 0.3850 0.3419 0.00000 8.169 1500.0 12.0 0.0000 0.0515 10.00 0.0628 0.0000 0.0000 14.629
11.2500 -19.3822 0.4401 0.2425 0.3174 0.00000 8.173 1499.7 12.0 0.0000 0.0595 10.00 0.0628 0.0002 0.0030 9.213
16.8750 -19.3822 0.3140 0.4605 0.2254 0.00000 5.200 1423.3 12.0 0.0000 1.9119 213.42 0.9958 0.0511 0.0498 17.501
22.5000 -19.3822 0.4619 0.2897 0.2483 0.00000 5.596 1457.1 12.0 0.0000 1.8957 192.35 0.4730 0.0286 0.0340 11.010
28.1250 -19.3822 0.2843 0.3857 0.3298 0.00000 8.167 1499.8 12.0 0.0000 0.1135 15.44 0.0628 0.0002 0.0022 14.658
39.3750 -19.3822 0.1586 0.4915 0.3500 0.00000 8.170 1500.0 12.0 0.0000 0.0388 10.00 0.0628 0.0000 0.0000 18.675
45.0000 -19.3822 0.3690 0.2989 0.3320 0.00000 7.710 1499.7 12.0 0.0000 0.2334 30.61 0.1432 0.0002 0.0005 11.360
50.6250 -19.3822 0.4983 0.2577 0.2440 0.00000 5.135 1489.0 12.0 0.0000 0.7438 88.80 0.4232 0.0073 0.0091 9.794
56.2500 -19.3822 0.4558 0.3017 0.2424 0.00000 5.109 1500.0 12.0 0.0000 0.4554 54.47 0.7168 0.0000 0.0000 11.466
61.8750 -19.3822 0.3897 0.2654 0.3449 0.00000 7.231 1500.0 12.0 0.0000 0.1530 20.00 0.1940 0.0000 0.0000 10.085
67.5000 -19.3822 0.4760 0.2258 0.2983 0.00000 7.601 1500.0 12.0 0.0000 0.3594 43.96 0.1584 0.0000 0.0000 8.579
73.1250 -19.3822 0.4882 0.2300 0.2818 0.00000 7.803 1499.0 12.0 0.0000 0.8208 99.02 0.1410 0.0007 0.0018 8.742
78.7500 -19.3822 0.4807 0.2855 0.2338 0.00000 5.597 1493.4 12.0 0.0000 5.5168 178.26 0.4607 0.0044 0.0053 10.849
84.3750 -19.3822 0.3682 0.3939 0.2379 0.00000 5.159 1474.9 12.0 0.0000 2.4020 194.38 0.7873 0.0168 0.0172 14.969
90.0000 -19.3822 0.3698 0.2950 0.3352 0.00000 8.166 1499.7 12.0 0.0000 0.1007 13.22 0.0628 0.0002 0.0026 11.212
95.6250 -19.3822 0.0498 0.6515 0.2987 0.00000 8.163 1500.0 12.0 0.0000 0.0387 10.00 0.0628 0.0000 0.0000 24.757
106.8750 -19.3822 0.5119 0.1430 0.3363 0.00000 8.179 1500.0 12.0 0.0000 0.1789 21.77 0.0628 0.0000 0.0000 5.436
112.5000 -19.3822 0.4218 0.2442 0.3269 0.00000 8.163 1500.0 12.0 0.0000 0.1495 18.94 0.0628 0.0000 0.0000 9.279
129.3750 -19.3822 0.5395 0.1151 0.3359 0.00000 8.163 1500.0 12.0 0.0000 0.1132 13.57 0.0628 0.0000 0.0000 4.374
135.0000 -19.3822 0.3014 0.3585 0.3395 0.00000 8.075 1500.0 12.0 0.0000 0.5022 68.11 0.1277 0.0000 0.0001 13.623
140.6250 -19.3822 0.3591 0.3243 0.3166 0.00000 6.441 1499.3 12.0 0.0000 1.4711 192.37 0.3147 0.0005 0.0007 12.322
146.2500 -19.3822 0.3308 0.4019 0.2673 0.00000 5.160 1463.7 12.0 0.0000 1.7091 204.20 0.7238 0.0242 0.0253 15.271
151.8750 -19.3822 0.2908 0.4026 0.3064 0.00000 7.494 1499.7 12.0 0.0000 1.1529 154.54 0.2874 0.0002 0.0003 15.298
157.5000 -19.3822 0.1720 0.4779 0.3501 0.00000 8.172 1500.0 12.0 0.0000 0.1170 16.87 0.0628 0.0000 0.0000 18.162
163.1250 -19.3822 0.1428 0.5160 0.3412 0.00000 8.163 1500.0 12.0 0.0000 0.1741 25.30 0.0628 0.0000 0.0000 19.607
168.7500 -19.3822 0.4802 0.2393 0.2805 0.00000 7.831 1499.3 12.0 0.0000 2.0229 181.45 0.1620 0.0005 0.0010 9.094
174.3750 -19.3822 0.4892 0.2578 0.2530 0.00000 5.918 1500.0 12.0 0.0000 3.2364 177.54 0.3695 0.0000 0.0000 9.797
180.0000 -19.3822 0.3912 0.3406 0.2682 0.00000 5.426 1497.0 12.0 0.0000 3.7157 188.83 0.5321 0.0020 0.0023 12.943
-174.3750 -19.3822 0.3787 0.2928 0.3283 0.00000 8.171 1500.0 12.0 0.0000 0.2478 32.27 0.0628 0.0000 0.0000 11.127
-168.7500 -19.3822 0.0658 0.6276 0.3066 0.00000 8.163 1500.0 12.0 0.0000 0.1043 15.38 0.0628 0.0000 0.0000 23.847
-146.2500 -19.3822 0.4496 0.2269 0.3234 0.00000 8.169 1500.0 12.0 0.0000 0.0403 10.00 0.0628 0.0000 0.0000 8.624
-140.6250 -19.3822 0.3732 0.3047 0.3220 0.00000 6.091 1500.0 12.0 0.0000 0.7272 94.64 0.3127 0.0000 0.0000 11.580
-135.0000 -19.3822 0.4119 0.3075 0.2806 0.00000 5.222 1500.0 12.0 0.0000 0.9469 118.29 0.4617 0.0000 0.0000 11.686
-129.3750 -19.3822 0.3929 0.3707 0.2364 0.00000 5.101 1500.0 12.0 0.0000 1.1506 141.48 0.9702 0.0000 0.0000 14.088
-123.7500 -19.3822 0.3947 0.4171 0.1883 0.00000 5.138 1297.2 12.0 0.0000 2.1154 240.11 1.0358 0.1352 0.1308 15.848
-112.5000 -19.3822 0.5268 0.1291 0.3349 0.00000 8.163 1500.0 12.0 0.0000 0.2924 35.28 0.0628 0.0000 0.0000 4.904
-61.8750 -19.3822 0.1986 0.4586 0.3428 0.00000 8.163 1500.0 12.0 0.0000 0.5894 83.74 0.0628 0.0000 0.0000 17.428
-56.2500 -19.3822 0.4192 0.2549 0.3258 0.00000 8.165 1499.9 12.0 0.0000 0.2423 30.93 0.0628 0.0000 0.0005 9.687
-50.6250 -19.3822 0.4029 0.2854 0.3116 0.00000 7.742 1498.8 12.0 0.0000 1.2031 153.85 0.2207 0.0008 0.0014 10.846
-45.0000 -19.3822 0.4924 0.2013 0.3063 0.00000 8.172 1499.8 12.0 0.0000 0.1098 13.39 0.0628 0.0001 0.0018 7.650
-39.3750 -19.3822 0.3767 0.3376 0.2856 0.00000 7.265 1489.0 12.0 0.0000 2.2208 194.39 0.3501 0.0074 0.0099 12.829
-33.7500 -19.3822 0.4015 0.2731 0.3253 0.00000 8.170 1499.8 12.0 0.0000 0.5024 64.67 0.0628 0.0001 0.0017 10.379
-28.1250 -19.3822 0.3112 0.3538 0.3344 0.00000 8.163 1500.0 12.0 0.0000 0.2882 38.81 0.0628 0.0000 0.0000 13.443
-22.5000 -19.3822 0.3174 0.3413 0.3413 0.00000 8.170 1499.9 12.0 0.0000 0.3142 42.36 0.0628 0.0000 0.0006 12.968
-16.8750 -19.3822 0.5773 0.1880 0.2347 0.00000 7.689 1499.9 12.0 0.0000 2.1700 167.70 0.1892 0.0000 0.0001 7.145
-11.2500 -19.3822 0.5875 0.1858 0.2267 0.00000 6.676 1499.1 12.0 0.0000 4.4549 166.18 0.2649 0.0006 0.0009 7.061
-5.6250 -19.3822 0.4007 0.3332 0.2660 0.00000 6.336 1491.3 12.0 0.0000 4.0722 189.47 0.4908 0.0058 0.0068 12.661
0.0000 -24.9199 0.1091 0.5627 0.3282 0.00000 8.163 1500.0 12.0 0.0000 0.1018 14.90 0.0628 0.0000 0.0000 21.383
5.6250 -24.9199 0.2792 0.3700 0.3504 0.00000 8.171 1500.0 12.0 0.0000 0.0707 10.00 0.0628 0.0000 0.0000 14.060
11.2500 -24.9199 0.3967 0.3210 0.2822 0.00000 5.203 1493.0 12.0 0.0000 1.1753 149.68 0.4639 0.0047 0.0056 12.199
16.8750 -24.9199 0.5130 0.2848 0.2022 0.00000 5.100 1474.9 12.0 0.0000 1.9050 177.59 0.7219 0.0167 0.0175 10.823
22.5000 -24.9199 0.5639 0.2323 0.2038 0.00000 5.124 1499.6 12.0 0.0000 1.9307 165.78 0.4818 0.0003 0.0003 8.826
28.1250 -24.9199 0.4669 0.2663 0.2668 0.00000 6.886 1494.8 12.0 0.0000 1.7654 182.54 0.2928 0.0034 0.0051 10.119
33.7500 -24.9199 0.0898 0.5977 0.3125 0.00000 8.170 1500.0 12.0 0.0000 0.0324 10.00 0.0628 0.0000 0.0001 22.714
39.3750 -24.9199 0.0498 0.6515 0.2987 0.00000 8.163 1500.0 12.0 0.0000 0.0200 10.00 0.0628 0.0000 0.0000 24.757
45.0000 -24.9199 0.2507 0.4024 0.3468 0.00000 8.167 1500.0 12.0 0.0000 0.0508 10.00 0.0628 0.0000 0.0000 15.292
50.6250 -24.9199 0.4185 0.3065 0.2750 0.00000 5.224 1492.4 12.0 0.0000 1.0741 134.97 0.4660 0.0051 0.0061 11.645
56.2500 -24.9199 0.4868 0.2440 0.2691 0.00000 5.625 1500.0 12.0 0.0000 0.6185 73.99 0.3186 0.0000 0.0000 9.273
61.8750 -24.9199 0.4063 0.2824 0.3113 0.00000 5.756 1500.0 12.0 0.0000 0.3245 41.34 0.3723 0.0000 0.0000 10.732
67.5000 -24.9199 0.4044 0.2705 0.3251 0.00000 7.520 1500.0 12.0 0.0000 0.4077 52.39 0.1562 0.0000 0.0000 10.277
73.1250 -24.9199 0.3351 0.3141 0.3508 0.00000 7.585 1500.0 12.0 0.0000 0.3962 53.27 0.1397 0.0000 0.0000 11.936
78.7500 -24.9199 0.3108 0.3603 0.3289 0.00000 5.882 1500.0 12.0 0.0000 1.3191 177.26 0.3345 0.0000 0.0000 13.692
84.3750 -24.9199 0.5576 0.1948 0.2476 0.00000 5.919 1494.3 12.0 0.0000 2.4813 172.54 0.2167 0.0038 0.0068 7.401
90.0000 -24.9199 0.3610 0.3896 0.2494 0.00000 5.164 1300.6 12.0 0.0000 3.4126 248.55 0.7279 0.1330 0.1387 14.806
95.6250 -24.9199 0.3084 0.4539 0.2376 0.00000 5.305 1410.7 12.0 0.0000 2.2761 218.98 0.8506 0.0596 0.0599 17.248
101.2500 -24.9199 0.3111 0.4170 0.2656 0.00000 5.362 1500.0 12.0 0.0000 1.9113 193.66 0.5164 0.0000 0.0000 15.846
106.8750 -24.9199 0.5053 0.1521 0.3339 0.00000 8.166 1499.9 12.0 0.0000 0.2882 35.14 0.0628 0.0001 0.0008 5.779
112.5000 -24.9199 0.5666 0.0854 0.3380 0.00000 8.163 1500.0 12.0 0.0000 0.4424 52.37 0.0628 0.0000 0.0000 3.244
129.3750 -24.9199 0.5666 0.0854 0.3380 0.00000 8.163 1500.0 12.0 0.0000 0.1778 21.04 0.0628 0.0000 0.0000 3.246
135.0000 -24.9199 0.2308 0.4218 0.3456 0.00000 8.173 1500.0 12.0 0.0000 0.1434 20.08 0.0628 0.0000 0.0000 16.029
140.6250 -24.9199 0.3281 0.3463 0.3256 0.00000 7.758 1500.0 12.0 0.0000 0.8810 117.27 0.1921 0.0000 0.0000 13.161
146.2500 -24.9199 0.3910 0.2670 0.3419 0.00000 8.172 1499.9 12.0 0.0000 0.0891 11.63 0.0628 0.0001 0.0012 10.145
163.1250 -24.9199 0.2700 0.3875 0.3394 0.00000 8.163 1500.0 12.0 0.0000 0.1634 22.42 0.0628 0.0000 0.0000 14.727
168.7500 -24.9199 0.4054 0.2630 0.3316 0.00000 8.175 1500.0 12.0 0.0000 0.1727 22.26 0.0628 0.0000 0.0004 9.994
174.3750 -24.9199 0.4160 0.2724 0.3113 0.00000 7.345 1499.3 12.0 0.0000 1.8958 190.40 0.2037 0.0005 0.0009 10.351
180.0000 -24.9199 0.5111 0.1859 0.3029 0.00000 8.169 1500.0 12.0 0.0000 0.2169 26.14 0.0628 0.0000 0.0000 7.063
-174.3750 -24.9199 0.5666 0.0854 0.3380 0.00000 8.163 1500.0 12.0 0.0000 0.1645 19.47 0.0628 0.0000 0.0000 3.246
-151.8750 -24.9199 0.4061 0.2532 0.3406 0.00000 8.164 1500.0 12.0 0.0000 0.0526 10.00 0.0628 0.0000 0.0000 9.620
-146.2500 -24.9199 0.4161 0.2527 0.3312 0.00000 7.428 1500.0 12.0 0.0000 0.6414 82.24 0.1505 0.0000 0.0000 9.602
-140.6250 -24.9199 0.4753 0.2561 0.2686 0.00000 6.936 1499.8 12.0 0.0000 1.7619 180.50 0.2514 0.0002 0.0002 9.731
-135.0000 -24.9199 0.4257 0.2680 0.3063 0.00000 6.648 1498.9 12.0 0.0000 0.8764 110.53 0.2886 0.0007 0.0011 10.186
-129.3750 -24.9199 0.4421 0.2472 0.3096 0.00000 5.535 1500.0 12.0 0.0000 1.3253 165.68 0.4029 0.0000 0.0000 9.395
-123.7500 -24.9199 0.3421 0.3576 0.3001 0.00000 7.078 1482.2 12.0 0.0000 1.7817 201.02 0.3477 0.0119 0.0160 13.588
-61.8750 -24.9199 0.1977 0.4579 0.3442 0.00000 8.163 1500.0 12.0 0.0000 0.2698 38.36 0.0628 0.0000 0.0000 17.402
-56.2500 -24.9199 0.4398 0.2370 0.3232 0.00000 8.128 1499.9 12.0 0.0000 0.3198 40.37 0.0741 0.0001 0.0004 9.005
-50.6250 -24.9199 0.5704 0.1806 0.2490 0.00000 7.667 1500.0 12.0 0.0000 1.2466 141.13 0.1364 0.0000 0.0000 6.862
-45.0000 -24.9199 0.5300 0.2204 0.2495 0.00000 6.176 1500.0 12.0 0.0000 2.1328 173.50 0.2720 0.0000 0.0000 8.376
-39.3750 -24.9199 0.3791 0.3604 0.2604 0.00000 5.144 1486.0 12.0 0.0000 2.2965 192.42 0.6656 0.0093 0.0100 13.697
-28.1250 -24.9199 0.0502 0.6511 0.2987 0.00000 8.163 1500.0 12.0 0.0000 0.0485 10.00 0.0628 0.0000 0.0000 24.741
-22.5000 -24.9199 0.3795 0.3065 0.3139 0.00000 8.044 1499.1 12.0 0.0000 2.0990 194.05 0.1412 0.0006 0.0015 11.648
-16.8750 -24.9199 0.6474 0.1238 0.2288 0.00000 8.133 1500.0 12.0 0.0000 0.3857 41.34 0.0629 0.0000 0.0000 4.703
-11.2500 -24.9199 0.5504 0.1860 0.2636 0.00000 7.595 1500.0 12.0 0.0000 2.2096 173.14 0.1488 0.0000 0.0000 7.067
-5.6250 -24.9199 0.5335 0.2081 0.2583 0.00000 8.034 1499.7 12.0 0.0000 1.8113 174.20 0.1105 0.0002 0.0007 7.908
0.0000 -30.4576 0.4175 0.2567 0.3258 0.00000 8.168 1500.0 12.0 0.0000 0.0769 10.00 0.0628 0.0000 0.0000 9.755
5.6250 -30.4576 0.3745 0.2894 0.3362 0.00000 6.189 1499.6 12.0 0.0000 1.2724 166.86 0.2209 0.0002 0.0004 10.996
11.2500 -30.4576 0.4487 0.2671 0.2842 0.00000 5.144 1499.3 12.0 0.0000 1.2882 158.58 0.3606 0.0004 0.0006 10.151
16.8750 -30.4576 0.4482 0.2583 0.2936 0.00000 5.428 1500.0 12.0 0.0000 0.4133 51.10 0.2868 0.0000 0.0000 9.814
22.5000 -30.4576 0.4750 0.2300 0.2950 0.00000 6.182 1500.0 12.0 0.0000 0.4303 52.56 0.1902 0.0000 0.0000 8.739
28.1250 -30.4576 0.4874 0.2321 0.2805 0.00000 6.931 1499.6 12.0 0.0000 0.9534 114.86 0.1615 0.0003 0.0006 8.821
33.7500 -30.4576 0.4313 0.2454 0.3233 0.00000 8.138 1499.8 12.0 0.0000 0.2062 26.15 0.0652 0.0001 0.0014 9.324
39.3750 -30.4576 0.1154 0.5809 0.3037 0.00000 8.163 1500.0 12.0 0.0000 0.0202 10.00 0.0628 0.0000 0.0000 22.073
45.0000 -30.4576 0.4072 0.2612 0.3315 0.00000 8.170 1500.0 12.0 0.0000 0.0332 10.00 0.0628 0.0000 0.0003 9.925
50.6250 -30.4576 0.5168 0.2346 0.2485 0.00000 5.118 1493.5 12.0 0.0000 1.6647 176.52 0.3725 0.0043 0.0056 8.916
56.2500 -30.4576 0.4968 0.2428 0.2604 0.00000 5.231 1500.0 12.0 0.0000 1.3943 165.11 0.3555 0.0000 0.0000 9.226
61.8750 -30.4576 0.4872 0.2411 0.2716 0.00000 5.511 1500.0 12.0 0.0000 1.4948 179.05 0.2972 0.0000 0.0000 9.163
67.5000 -30.4576 0.4574 0.2484 0.2942 0.00000 6.356 1500.0 12.0 0.0000 1.7436 184.73 0.1925 0.0000 0.0000 9.441
73.1250 -30.4576 0.3190 0.3240 0.3570 0.00000 7.131 1500.0 12.0 0.0000 0.6203 84.27 0.1311 0.0000 0.0000 12.312
78.7500 -30.4576 0.4485 0.2422 0.3092 0.00000 7.451 1500.0 12.0 0.0000 0.4815 60.06 0.1018 0.0000 0.0000 9.205
84.3750 -30.4576 0.5367 0.2051 0.2582 0.00000 5.123 1496.9 12.0 0.0000 2.5492 174.75 0.2630 0.0021 0.0033 7.795
90.0000 -30.4576 0.3777 0.3520 0.2701 0.00000 5.117 1483.5 12.0 0.0000 2.1761 194.28 0.6014 0.0110 0.0121 13.377
95.6250 -30.4576 0.1914 0.5459 0.2627 0.00000 5.482 1500.0 12.0 0.0000 1.2708 173.99 0.7907 0.0000 0.0000 20.746
101.2500 -30.4576 0.3852 0.3612 0.2444 0.00000 5.102 1500.0 12.0 0.0000 1.6445 184.18 0.7285 0.0000 0.0000 13.724
163.1250 -30.4576 0.5465 0.1074 0.3364 0.00000 8.163 1500.0 12.0 0.0000 0.2026 24.22 0.0628 0.0000 0.0000 4.081
168.7500 -30.4576 0.2755 0.3798 0.3440 0.00000 8.164 1500.0 12.0 0.0000 0.2355 32.37 0.0628 0.0000 0.0001 14.432
174.3750 -30.4576 0.2276 0.4247 0.3458 0.00000 8.163 1500.0 12.0 0.0000 0.3796 53.26 0.0628 0.0000 0.0000 16.138
-174.3750 -30.4576 0.5666 0.0854 0.3380 0.00000 8.163 1499.6 12.0 0.0000 0.1540 18.23 0.0628 0.0002 0.0033 3.244
-157.5000 -30.4576 0.3983 0.2533 0.3485 0.00000 8.163 1500.0 12.0 0.0000 0.0623 10.00 0.0628 0.0000 0.0000 9.625
-151.8750 -30.4576 0.3963 0.2678 0.3359 0.00000 7.909 1500.0 12.0 0.0000 0.6581 85.38 0.1035 0.0000 0.0000 10.176
-146.2500 -30.4576 0.3585 0.2708 0.3706 0.00000 8.176 1500.0 12.0 0.0000 0.4231 56.87 0.0628 0.0000 0.0000 10.292
-140.6250 -30.4576 0.4707 0.2224 0.3069 0.00000 7.946 1499.7 12.0 0.0000 0.8507 104.89 0.0993 0.0002 0.0009 8.452
-135.0000 -30.4576 0.5348 0.1398 0.3215 0.00000 8.168 1500.0 12.0 0.0000 0.0666 10.00 0.0628 0.0000 0.0000 5.312
-129.3750 -30.4576 0.5493 0.1006 0.3406 0.00000 8.167 1500.0 12.0 0.0000 0.0977 11.69 0.0628 0.0000 0.0000 3.824
-123.7500 -30.4576 0.2324 0.4371 0.3304 0.00000 8.163 1500.0 12.0 0.0000 0.2041 28.41 0.0628 0.0000 0.0000 16.611
-61.8750 -30.4576 0.1555 0.4990 0.3455 0.00000 8.166 1500.0 12.0 0.0000 0.1929 27.95 0.0628 0.0000 0.0000 18.962
-56.2500 -30.4576 0.3074 0.3689 0.3236 0.00000 7.100 1500.0 12.0 0.0000 0.8747 117.39 0.2738 0.0000 0.0000 14.017
-50.6250 -30.4576 0.4169 0.2546 0.3285 0.00000 7.556 1499.8 12.0 0.0000 0.8398 107.50 0.1241 0.0001 0.0003 9.675
-45.0000 -30.4576 0.5267 0.2003 0.2730 0.00000 7.616 1500.0 12.0 0.0000 1.0331 121.39 0.1118 0.0000 0.0000 7.613
-39.3750 -30.4576 0.4003 0.3084 0.2913 0.00000 5.188 1498.8 12.0 0.0000 2.6990 189.91 0.4015 0.0008 0.0010 11.719
-33.7500 -30.4576 0.4040 0.3045 0.2914 0.00000 5.422 1495.2 12.0 0.0000 0.9939 126.34 0.4091 0.0032 0.0040 11.571
-28.1250 -30.4576 0.5332 0.1715 0.2953 0.00000 8.163 1500.0 12.0 0.0000 0.1115 13.23 0.0628 0.0000 0.0000 6.515
-22.5000 -30.4576 0.4947 0.1892 0.3161 0.00000 8.166 1499.7 12.0 0.0000 0.1964 24.06 0.0628 0.0002 0.0024 7.190
-16.8750 -30.4576 0.5276 0.2198 0.2527 0.00000 6.816 1499.8 12.0 0.0000 2.3369 174.11 0.2207 0.0001 0.0002 8.352
-11.2500 -30.4576 0.5247 0.1978 0.2775 0.00000 7.610 1500.0 12.0 0.0000 1.9153 176.92 0.1291 0.0000 0.0000 7.515
-5.6250 -30.4576 0.5420 0.1746 0.2833 0.00000 8.153 1499.9 12.0 0.0000 0.4394 51.55 0.0628 0.0001 0.0011 6.636
0.0000 -35.9951 0.4435 0.2480 0.3085 0.00000 6.659 1499.5 12.0 0.0000 1.6218 187.62 0.1626 0.0003 0.0007 9.424
5.6250 -35.9951 0.4399 0.2649 0.2952 0.00000 5.883 1500.0 12.0 0.0000 0.8707 108.21 0.2150 0.0000 0.0000 10.067
11.2500 -35.9951 0.3810 0.2953 0.3237 0.00000 5.565 1500.0 12.0 0.0000 0.2976 38.63 0.2347 0.0000 0.0000 11.223
16.8750 -35.9951 0.4392 0.2592 0.3016 0.00000 5.613 1500.0 12.0 0.0000 0.2731 34.07 0.2112 0.0000 0.0000 9.849
22.5000 -35.9951 0.6368 0.1326 0.2306 0.00000 7.045 1500.0 12.0 0.0000 0.8015 86.52 0.0939 0.0000 0.0000 5.040
28.1250 -35.9951 0.5649 0.1467 0.2884 0.00000 7.977 1499.3 12.0 0.0000 0.3303 38.45 0.0651 0.0004 0.0051 5.576
33.7500 -35.9951 0.5113 0.1765 0.3122 0.00000 8.167 1499.5 12.0 0.0000 0.1472 17.85 0.0628 0.0004 0.0048 6.708
39.3750 -35.9951 0.0506 0.6507 0.2987 0.00000 8.163 1500.0 12.0 0.0000 0.0310 10.00 0.0628 0.0000 0.0000 24.727
45.0000 -35.9951 0.4248 0.2421 0.3330 0.00000 8.172 1500.0 12.0 0.0000 0.0553 10.00 0.0628 0.0000 0.0001 9.202
50.6250 -35.9951 0.5167 0.1909 0.2924 0.00000 7.068 1499.8 12.0 0.0000 0.6909 82.57 0.0889 0.0002 0.0008 7.254
56.2500 -35.9951 0.5477 0.1884 0.2639 0.00000 6.060 1500.0 12.0 0.0000 1.5122 173.42 0.1461 0.0000 0.0000 7.159
61.8750 -35.9951 0.5444 0.1844 0.2712 0.00000 5.713 1499.9 12.0 0.0000 1.7359 174.51 0.1420 0.0001 0.0002 7.007
67.5000 -35.9951 0.5283 0.1761 0.2955 0.00000 6.530 1499.3 12.0 0.0000 0.8996 107.17 0.1010 0.0005 0.0019 6.692
73.1250 -35.9951 0.4787 0.2234 0.2979 0.00000 5.169 1497.5 12.0 0.0000 2.0383 183.93 0.2032 0.0016 0.0030 8.490
78.7500 -35.9951 0.4926 0.2322 0.2753 0.00000 5.101 1494.6 12.0 0.0000 2.0371 181.21 0.3054 0.0036 0.0052 8.823
84.3750 -35.9951 0.4440 0.2507 0.3049 0.00000 5.132 1494.1 12.0 0.0000 0.8017 100.88 0.2845 0.0039 0.0058 9.527
90.0000 -35.9951 0.3177 0.3823 0.2990 0.00000 5.149 1500.0 12.0 0.0000 0.3312 43.63 0.3176 0.0000 0.0000 14.528
106.8750 -35.9951 0.4746 0.2323 0.2831 0.00000 5.119 1500.0 12.0 0.0000 2.9025 180.06 0.4359 0.0000 0.0000 8.826
118.1250 -35.9951 0.4559 0.2622 0.2719 0.00000 5.106 1500.0 12.0 0.0000 3.9774 180.57 0.5193 0.0000 0.0000 9.962
168.7500 -35.9951 0.5667 0.0853 0.3380 0.00000 8.163 1498.4 12.0 0.0000 0.4909 58.26 0.0628 0.0010 0.0140 3.241
174.3750 -35.9951 0.5566 0.1013 0.3320 0.00000 7.593 1500.0 12.0 0.0000 1.0765 127.62 0.1009 0.0000 0.0000 3.851
180.0000 -35.9951 0.5045 0.1846 0.3009 0.00000 5.435 1500.0 12.0 0.0000 2.2570 179.24 0.3090 0.0000 0.0000 7.014
-174.3750 -35.9951 0.5024 0.1903 0.2973 0.00000 5.382 1498.1 12.0 0.0000 1.9270 179.63 0.3345 0.0013 0.0018 7.232
-168.7500 -35.9951 0.4974 0.1970 0.2956 0.00000 5.336 1500.0 12.0 0.0000 1.5105 179.32 0.3463 0.0000 0.0000 7.486
-157.5000 -35.9951 0.5419 0.1236 0.3294 0.00000 8.163 1500.0 12.0 0.0000 0.0888 10.65 0.0628 0.0000 0.0000 4.696
-151.8750 -35.9951 0.4449 0.2489 0.3052 0.00000 5.563 1500.0 12.0 0.0000 1.9963 186.82 0.2471 0.0000 0.0000 9.457
-146.2500 -35.9951 0.3915 0.2586 0.3499 0.00000 6.443 1500.0 12.0 0.0000 1.2769 167.28 0.1818 0.0000 0.0000 9.826
-140.6250 -35.9951 0.3901 0.2738 0.3361 0.00000 5.828 1500.0 12.0 0.0000 1.2357 160.80 0.2332 0.0000 0.0000 10.405
-135.0000 -35.9951 0.5490 0.1022 0.3456 0.00000 8.169 1500.0 12.0 0.0000 0.1186 14.33 0.0628 0.0000 0.0000 3.883
-129.3750 -35.9951 0.5368 0.0854 0.3778 0.00000 8.163 1500.0 12.0 0.0000 0.2444 30.36 0.0628 0.0000 0.0000 3.245
-56.2500 -35.9951 0.4493 0.2216 0.3290 0.00000 8.163 1500.0 12.0 0.0000 0.0385 10.00 0.0628 0.0000 0.0000 8.422
-50.6250 -35.9951 0.4334 0.2330 0.3335 0.00000 8.173 1500.0 12.0 0.0000 0.0570 10.00 0.0628 0.0000 0.0003 8.854
-45.0000 -35.9951 0.4617 0.2250 0.3133 0.00000 7.569 1499.8 12.0 0.0000 0.5335 66.30 0.1009 0.0002 0.0006 8.548
-39.3750 -35.9951 0.4664 0.2419 0.2917 0.00000 6.569 1500.0 12.0 0.0000 0.9463 115.87 0.1531 0.0000 0.0000 9.193
-33.7500 -35.9951 0.4183 0.2497 0.3319 0.00000 7.590 1499.7 12.0 0.0000 0.7404 94.92 0.1047 0.0002 0.0008 9.490
-28.1250 -35.9951 0.3851 0.2871 0.3278 0.00000 6.823 1499.9 12.0 0.0000 0.4298 55.81 0.1773 0.0001 0.0001 10.909
-22.5000 -35.9951 0.5292 0.2115 0.2593 0.00000 5.186 1493.2 12.0 0.0000 2.1596 176.63 0.3321 0.0045 0.0062 8.035
-16.8750 -35.9951 0.6123 0.1340 0.2538 0.00000 8.033 1499.9 12.0 0.0000 0.9817 109.02 0.0662 0.0001 0.0009 5.090
-11.2500 -35.9951 0.5961 0.1495 0.2544 0.00000 8.158 1500.0 12.0 0.0000 1.0186 114.13 0.0628 0.0000 0.0000 5.679
-5.6250 -35.9951 0.5438 0.1763 0.2799 0.00000 8.121 1500.0 12.0 0.0000 1.0461 122.36 0.0628 0.0000 0.0001 6.699
0.0000 -41.5325 0.4346 0.2571 0.3084 0.00000 6.156 1500.0 12.0 0.0000 1.6827 188.27 0.1477 0.0000 0.0000 9.769
5.6250 -41.5325 0.3209 0.3098 0.3693 0.00000 7.999 1500.0 12.0 0.0000 0.0824 11.25 0.0639 0.0000 0.0000 11.774
11.2500 -41.5325 0.3448 0.2953 0.3599 0.00000 7.962 1500.0 12.0 0.0000 0.0773 10.39 0.0650 0.0000 0.0000 11.221
16.8750 -41.5325 0.5878 0.1565 0.2557 0.00000 7.416 1499.9 12.0 0.0000 0.5512 62.10 0.0753 0.0001 0.0006 5.946
22.5000 -41.5325 0.5255 0.1996 0.2748 0.00000 5.110 1484.5 12.0 0.0000 3.1657 181.19 0.2596 0.0103 0.0163 7.584
28.1250 -41.5325 0.4566 0.2755 0.2678 0.00000 5.100 1433.1 12.0 0.0000 1.7724 202.10 0.5321 0.0446 0.0509 10.469
45.0000 -41.5325 0.4209 0.2780 0.3011 0.00000 5.153 1499.9 12.0 0.0000 0.8809 110.85 0.3071 0.0000 0.0001 10.562
50.6250 -41.5325 0.4882 0.2113 0.3003 0.00000 5.140 1496.5 12.0 0.0000 2.1172 183.62 0.2006 0.0024 0.0044 8.031
56.2500 -41.5325 0.4863 0.2030 0.3107 0.00000 5.151 1499.1 12.0 0.0000 1.6035 184.12 0.1381 0.0006 0.0015 7.714
61.8750 -41.5325 0.5100 0.1867 0.3033 0.00000 5.944 1499.3 12.0 0.0000 0.8632 104.24 0.1127 0.0005 0.0015 7.093
67.5000 -41.5325 0.4899 0.2278 0.2823 0.00000 5.110 1499.8 12.0 0.0000 1.0428 125.56 0.2564 0.0002 0.0002 8.655
73.1250 -41.5325 0.4483 0.2388 0.3104 0.00000 5.113 1494.0 12.0 0.0000 0.5094 64.03 0.2879 0.0040 0.0060 9.073
78.7500 -41.5325 0.4228 0.2646 0.3116 0.00000 5.119 1500.0 12.0 0.0000 0.3430 43.33 0.2919 0.0000 0.0000 10.054
84.3750 -41.5325 0.4418 0.2392 0.3182 0.00000 5.241 1500.0 12.0 0.0000 0.2485 31.22 0.2058 0.0000 0.0000 9.090
174.3750 -41.5325 0.5214 0.1575 0.3110 0.00000 5.481 1500.0 12.0 0.0000 2.0856 178.78 0.2395 0.0000 0.0000 5.986
-174.3750 -41.5325 0.5538 0.0996 0.3368 0.00000 8.048 1500.0 12.0 0.0000 0.2964 35.30 0.0644 0.0000 0.0000 3.785
-168.7500 -41.5325 0.4420 0.2441 0.3055 0.00000 5.535 1500.0 12.0 0.0000 1.1824 146.37 0.2385 0.0000 0.0000 9.278
-163.1250 -41.5325 0.4884 0.2103 0.2913 0.00000 5.133 1500.0 12.0 0.0000 1.1755 140.81 0.3765 0.0000 0.0000 7.990
-157.5000 -41.5325 0.4633 0.2370 0.2930 0.00000 5.123 1500.0 12.0 0.0000 0.8335 101.56 0.3818 0.0000 0.0000 9.008
-151.8750 -41.5325 0.5054 0.1892 0.3053 0.00000 5.258 1500.0 12.0 0.0000 1.3457 162.88 0.2057 0.0000 0.0000 7.189
-146.2500 -41.5325 0.4978 0.1600 0.3411 0.00000 5.373 1500.0 12.0 0.0000 1.3462 166.74 0.2221 0.0000 0.0000 6.081
-140.6250 -41.5325 0.5402 0.1279 0.3318 0.00000 6.141 1500.0 12.0 0.0000 1.0563 127.59 0.1408 0.0000 0.0000 4.860
-135.0000 -41.5325 0.4494 0.2260 0.3245 0.00000 5.128 1500.0 12.0 0.0000 1.3783 173.30 0.3677 0.0000 0.0000 8.587
-129.3750 -41.5325 0.2944 0.4062 0.2994 0.00000 5.118 1500.0 12.0 0.0000 2.2437 199.94 0.3896 0.0000 0.0000 15.437
-95.6250 -41.5325 0.0444 0.6890 0.2666 0.00000 5.106 1500.0 12.0 0.0000 0.2730 39.85 0.4036 0.0000 0.0000 26.181
-61.8750 -41.5325 0.0434 0.6959 0.2607 0.00000 5.126 1500.0 12.0 0.0000 0.7733 112.63 0.4715 0.0000 0.0000 26.443
-56.2500 -41.5325 0.0437 0.6944 0.2620 0.00000 5.126 1500.0 12.0 0.0000 0.4879 71.09 0.4565 0.0000 0.0000 26.386
-45.0000 -41.5325 0.4812 0.1979 0.3209 0.00000 8.171 1499.8 12.0 0.0000 0.0725 10.00 0.0628 0.0001 0.0019 7.521
-39.3750 -41.5325 0.4664 0.2259 0.3077 0.00000 7.052 1499.4 12.0 0.0000 0.8389 103.75 0.1202 0.0004 0.0012 8.584
-33.7500 -41.5325 0.4344 0.2408 0.3248 0.00000 6.906 1499.0 12.0 0.0000 1.0371 131.59 0.1372 0.0007 0.0018 9.149
-28.1250 -41.5325 0.4181 0.2484 0.3321 0.00000 7.778 1500.0 12.0 0.0000 0.2248 28.77 0.0914 0.0000 0.0001 9.438
-22.5000 -41.5325 0.4433 0.2317 0.3250 0.00000 7.269 1500.0 12.0 0.0000 0.3255 41.06 0.1172 0.0000 0.0000 8.804
-16.8750 -41.5325 0.4794 0.2126 0.3081 0.00000 6.132 1495.9 12.0 0.0000 2.8049 185.44 0.1686 0.0028 0.0060 8.078
-11.2500 -41.5325 0.6369 0.1300 0.2331 0.00000 5.864 1498.6 12.0 0.0000 4.9124 162.58 0.1341 0.0009 0.0026 4.940
-5.6250 -41.5325 0.5818 0.1839 0.2343 0.00000 5.193 1500.0 12.0 0.0000 4.1730 167.24 0.2453 0.0000 0.0000 6.987
0.0000 -47.0696 0.4825 0.2275 0.2900 0.00000 5.884 1500.0 12.0 0.0000 2.2868 182.03 0.1246 0.0000 0.0000 8.645
5.6250 -47.0696 0.4380 0.2439 0.3181 0.00000 7.439 1500.0 12.0 0.0000 0.5319 67.01 0.0784 0.0000 0.0000 9.269
11.2500 -47.0696 0.4485 0.2370 0.3145 0.00000 7.383 1500.0 12.0 0.0000 0.4049 50.65 0.0776 0.0000 0.0000 9.006
16.8750 -47.0696 0.6339 0.1360 0.2301 0.00000 5.296 1499.6 12.0 0.0000 1.8475 162.23 0.1281 0.0003 0.0008 5.170
22.5000 -47.0696 0.5097 0.2123 0.2777 0.00000 5.100 1467.0 12.0 0.0000 1.9735 188.13 0.3585 0.0220 0.0292 8.067
50.6250 -47.0696 0.4580 0.2460 0.2958 0.00000 5.112 1500.0 12.0 0.0000 0.8569 105.57 0.2522 0.0000 0.0000 9.347
56.2500 -47.0696 0.5100 0.2086 0.2811 0.00000 5.112 1500.0 12.0 0.0000 1.0605 126.25 0.2054 0.0000 0.0000 7.928
61.8750 -47.0696 0.4541 0.2415 0.3043 0.00000 5.104 1500.0 12.0 0.0000 0.4720 58.54 0.2464 0.0000 0.0000 9.177
140.6250 -47.0696 0.0466 0.6742 0.2793 0.00000 5.192 1500.0 12.0 0.0000 0.7841 115.08 0.2637 0.0000 0.0000 25.619
146.2500 -47.0696 0.0466 0.6742 0.2793 0.00000 5.187 1500.0 12.0 0.0000 0.6442 94.54 0.2637 0.0000 0.0000 25.619
151.8750 -47.0696 0.0462 0.6770 0.2769 0.00000 5.145 1500.0 12.0 0.0000 0.3760 55.13 0.2895 0.0000 0.0000 25.725
163.1250 -47.0696 0.5099 0.2250 0.2629 0.00000 5.100 1463.3 12.0 0.0000 0.8383 104.67 0.4072 0.0245 0.0308 8.549
168.7500 -47.0696 0.4694 0.2592 0.2662 0.00000 5.101 1499.6 12.0 0.0000 0.7441 89.19 0.4224 0.0003 0.0004 9.850
174.3750 -47.0696 0.4926 0.2038 0.2936 0.00000 5.112 1484.7 12.0 0.0000 0.8820 108.27 0.3640 0.0102 0.0134 7.743
180.0000 -47.0696 0.3523 0.3346 0.3069 0.00000 5.685 1500.0 12.0 0.0000 1.1407 147.79 0.1760 0.0000 0.0000 12.714
-174.3750 -47.0696 0.3095 0.3796 0.3056 0.00000 5.913 1500.0 12.0 0.0000 1.3320 176.01 0.1641 0.0000 0.0000 14.424
-163.1250 -47.0696 0.4933 0.1619 0.3443 0.00000 5.195 1500.0 12.0 0.0000 1.3968 173.82 0.2514 0.0000 0.0000 6.154
-157.5000 -47.0696 0.5207 0.1616 0.3117 0.00000 5.194 1500.0 12.0 0.0000 1.2639 151.41 0.2201 0.0000 0.0000 6.141
-151.8750 -47.0696 0.5454 0.1328 0.3132 0.00000 5.303 1500.0 12.0 0.0000 1.0015 118.25 0.1779 0.0000 0.0000 5.045
-146.2500 -47.0696 0.5133 0.1718 0.3051 0.00000 5.119 1500.0 12.0 0.0000 0.9114 108.71 0.2746 0.0000 0.0000 6.530
-140.6250 -47.0696 0.4805 0.1848 0.3336 0.00000 5.111 1500.0 12.0 0.0000 1.4860 184.81 0.2984 0.0000 0.0000 7.021
-135.0000 -47.0696 0.0917 0.6290 0.2793 0.00000 5.108 1500.0 12.0 0.0000 0.5636 81.18 0.3211 0.0000 0.0000 23.902
-129.3750 -47.0696 0.0457 0.6804 0.2739 0.00000 5.107 1500.0 12.0 0.0000 0.8078 118.28 0.3218 0.0000 0.0000 25.856
-123.7500 -47.0696 0.0461 0.6777 0.2762 0.00000 5.112 1500.0 12.0 0.0000 3.0744 219.86 0.2966 0.0000 0.0000 25.753
-118.1250 -47.0696 0.0463 0.6762 0.2775 0.00000 5.115 1500.0 12.0 0.0000 1.0974 160.93 0.2828 0.0000 0.0000 25.697
-106.8750 -47.0696 0.0460 0.6784 0.2756 0.00000 5.106 1500.0 12.0 0.0000 0.3840 56.27 0.3031 0.0000 0.0000 25.780
-101.2500 -47.0696 0.0455 0.6814 0.2731 0.00000 5.102 1500.0 12.0 0.0000 0.2607 38.17 0.3310 0.0000 0.0000 25.893
-95.6250 -47.0696 0.1747 0.5407 0.2846 0.00000 5.101 1500.0 12.0 0.0000 0.2090 29.14 0.3499 0.0000 0.0000 20.545
-90.0000 -47.0696 0.5157 0.2156 0.2687 0.00000 5.100 1491.0 12.0 0.0000 0.7134 85.37 0.2933 0.0060 0.0088 8.193
-84.3750 -47.0696 0.4461 0.2532 0.3007 0.00000 5.109 1498.1 12.0 0.0000 0.4901 61.10 0.2951 0.0013 0.0019 9.620
-78.7500 -47.0696 0.4297 0.2551 0.3151 0.00000 5.186 1500.0 12.0 0.0000 0.3993 50.42 0.2543 0.0000 0.0000 9.695
-56.2500 -47.0696 0.1569 0.5738 0.2668 0.00000 5.115 1500.0 12.0 0.0000 1.1292 156.88 0.4279 0.0000 0.0000 21.803
-50.6250 -47.0696 0.3805 0.3285 0.2839 0.00000 5.122 1500.0 12.0 0.0000 1.3601 171.55 0.3909 0.0000 0.0000 12.484
-45.0000 -47.0696 0.4366 0.2426 0.3202 0.00000 5.845 1500.0 12.0 0.0000 0.3608 45.51 0.1873 0.0000 0.0000 9.220
-39.3750 -47.0696 0.4488 0.2210 0.3298 0.00000 8.169 1499.9 12.0 0.0000 0.0608 10.00 0.0628 0.0001 0.0007 8.400
-33.7500 -47.0696 0.4074 0.2495 0.3431 0.00000 8.168 1500.0 12.0 0.0000 0.0322 10.00 0.0628 0.0000 0.0000 9.480
-28.1250 -47.0696 0.4868 0.1734 0.3318 0.00000 8.163 1500.0 12.0 0.0000 0.1142 14.05 0.0628 0.0000 0.0000 6.590
-11.2500 -47.0696 0.4684 0.2510 0.2806 0.00000 5.101 1479.3 12.0 0.0000 2.1229 188.54 0.3974 0.0138 0.0176 9.539
-5.6250 -47.0696 0.5752 0.1739 0.2509 0.00000 5.102 1483.7 12.0 0.0000 4.2000 174.47 0.2580 0.0109 0.0172 6.608
0.0000 -52.6065 0.5480 0.1886 0.2632 0.00000 5.103 1491.5 12.0 0.0000 3.4653 175.84 0.2384 0.0057 0.0095 7.169
5.6250 -52.6065 0.6358 0.1334 0.2307 0.00000 5.105 1496.3 12.0 0.0000 1.9209 163.11 0.1692 0.0025 0.0053 5.071
11.2500 -52.6065 0.6467 0.1215 0.2318 0.00000 5.174 1498.5 12.0 0.0000 0.9529 102.65 0.1265 0.0010 0.0029 4.617
16.8750 -52.6065 0.5960 0.1424 0.2615 0.00000 5.165 1497.9 12.0 0.0000 0.6720 75.89 0.1360 0.0014 0.0037 5.410
22.5000 -52.6065 0.4994 0.1948 0.3047 0.00000 5.110 1496.6 12.0 0.0000 0.5854 71.35 0.1985 0.0022 0.0042 7.403
28.1250 -52.6065 0.5431 0.1229 0.3240 0.00000 5.283 1500.0 12.0 0.0000 0.7201 85.54 0.1532 0.0000 0.0000 4.670
56.2500 -52.6065 0.4475 0.2311 0.3203 0.00000 5.120 1500.0 12.0 0.0000 0.3192 40.05 0.1785 0.0000 0.0000 8.783
61.8750 -52.6065 0.5380 0.1311 0.3209 0.00000 5.118 1500.0 12.0 0.0000 0.6665 79.23 0.1735 0.0000 0.0000 4.983
67.5000 -52.6065 0.5437 0.1220 0.3243 0.00000 5.143 1499.8 12.0 0.0000 0.7183 85.35 0.1511 0.0001 0.0003 4.635
78.7500 -52.6065 0.5513 0.1099 0.3288 0.00000 5.260 1498.3 12.0 0.0000 0.8896 105.84 0.1230 0.0011 0.0033 4.177
84.3750 -52.6065 0.5475 0.1158 0.3266 0.00000 5.186 1499.3 12.0 0.0000 0.7674 91.21 0.1366 0.0005 0.0013 4.402
95.6250 -52.6065 0.5318 0.1410 0.3172 0.00000 5.107 1493.4 12.0 0.0000 0.6088 73.24 0.2007 0.0044 0.0082 5.358
101.2500 -52.6065 0.5240 0.1534 0.3126 0.00000 5.103 1500.0 12.0 0.0000 0.5259 62.65 0.2291 0.0000 0.0000 5.830
106.8750 -52.6065 0.5218 0.1569 0.3113 0.00000 5.105 1500.0 12.0 0.0000 0.8839 105.34 0.2379 0.0000 0.0000 5.962
112.5000 -52.6065 0.5254 0.1512 0.3134 0.00000 5.115 1500.0 12.0 0.0000 1.5929 178.67 0.2235 0.0000 0.0000 5.745
118.1250 -52.6065 0.5312 0.1420 0.3168 0.00000 5.154 1500.0 12.0 0.0000 1.5355 178.51 0.2004 0.0000 0.0000 5.395
123.7500 -52.6065 0.1779 0.5256 0.2939 0.00000 5.216 1500.0 12.0 0.0000 0.7445 103.90 0.1885 0.0000 0.0000 19.973
135.0000 -52.6065 0.0471 0.6706 0.2824 0.00000 5.140 1500.0 12.0 0.0000 0.3967 58.30 0.2308 0.0000 0.0000 25.482
140.6250 -52.6065 0.0470 0.6714 0.2816 0.00000 5.126 1500.0 12.0 0.0000 0.3799 55.80 0.2391 0.0000 0.0000 25.515
146.2500 -52.6065 0.1158 0.5955 0.2886 0.00000 5.126 1500.0 12.0 0.0000 0.2033 29.12 0.2306 0.0000 0.0000 22.627
151.8750 -52.6065 0.5541 0.1736 0.2718 0.00000 5.100 1494.3 12.0 0.0000 0.5655 66.08 0.2360 0.0038 0.0064 6.595
157.5000 -52.6065 0.5271 0.1983 0.2746 0.00000 5.100 1491.7 12.0 0.0000 0.5526 65.89 0.2704 0.0055 0.0085 7.535
163.1250 -52.6065 0.5456 0.1923 0.2621 0.00000 5.100 1484.7 12.0 0.0000 0.5447 64.63 0.2785 0.0102 0.0154 7.307
168.7500 -52.6065 0.5068 0.2264 0.2668 0.00000 5.100 1484.8 12.0 0.0000 0.6740 81.77 0.3366 0.0102 0.0139 8.603
174.3750 -52.6065 0.4632 0.2437 0.2926 0.00000 5.101 1479.2 12.0 0.0000 0.6676 84.64 0.3452 0.0139 0.0187 9.262
180.0000 -52.6065 0.4578 0.2320 0.3053 0.00000 5.116 1499.8 12.0 0.0000 0.9880 121.82 0.2898 0.0001 0.0002 8.816
-174.3750 -52.6065 0.4914 0.1948 0.3047 0.00000 5.125 1500.0 12.0 0.0000 1.2087 145.85 0.2825 0.0000 0.0000 7.401
-168.7500 -52.6065 0.5304 0.1434 0.3162 0.00000 5.244 1500.0 12.0 0.0000 1.4684 174.76 0.2048 0.0000 0.0000 5.448
-163.1250 -52.6065 0.5381 0.1310 0.3209 0.00000 5.337 1500.0 12.0 0.0000 0.8899 105.79 0.1733 0.0000 0.0000 4.978
-157.5000 -52.6065 0.5395 0.1287 0.3218 0.00000 5.292 1500.0 12.0 0.0000 0.5877 69.85 0.1675 0.0000 0.0000 4.891
-151.8750 -52.6065 0.5406 0.1269 0.3225 0.00000 5.256 1500.0 12.0 0.0000 0.6968 82.80 0.1630 0.0000 0.0000 4.821
-146.2500 -52.6065 0.5409 0.1265 0.3226 0.00000 5.229 1500.0 12.0 0.0000 0.8497 100.97 0.1621 0.0000 0.0000 4.807
-140.6250 -52.6065 0.5533 0.1066 0.3301 0.00000 5.746 1500.0 12.0 0.0000 0.7741 91.82 0.1136 0.0000 0.0000 4.050
-135.0000 -52.6065 0.5370 0.1327 0.3203 0.00000 5.163 1500.0 12.0 0.0000 0.7297 86.76 0.1773 0.0000 0.0000 5.041
-129.3750 -52.6065 0.5352 0.1355 0.3193 0.00000 5.144 1500.0 12.0 0.0000 0.8745 104.01 0.1843 0.0000 0.0000 5.149
-123.7500 -52.6065 0.1397 0.5665 0.2924 0.00000 5.134 1500.0 12.0 0.0000 0.5987 84.96 0.1887 0.0000 0.0000 21.528
-118.1250 -52.6065 0.4990 0.1766 0.3165 0.00000 5.120 1500.0 12.0 0.0000 1.8715 181.80 0.1959 0.0000 0.0000 6.713
-112.5000 -52.6065 0.4545 0.2250 0.3126 0.00000 5.117 1500.0 12.0 0.0000 0.7517 92.90 0.1977 0.0000 0.0000 8.552
-106.8750 -52.6065 0.2784 0.4177 0.2995 0.00000 5.114 1500.0 12.0 0.0000 0.3058 40.88 0.1983 0.0000 0.0000 15.874
-101.2500 -52.6065 0.4757 0.2320 0.2923 0.00000 5.101 1499.4 12.0 0.0000 0.5148 62.83 0.2260 0.0004 0.0007 8.818
-95.6250 -52.6065 0.5236 0.1967 0.2797 0.00000 5.100 1489.3 12.0 0.0000 0.5974 71.87 0.2333 0.0071 0.0120 7.474
-90.0000 -52.6065 0.5837 0.1794 0.2369 0.00000 5.100 1491.3 12.0 0.0000 0.8330 94.37 0.2767 0.0058 0.0088 6.819
-84.3750 -52.6065 0.4736 0.2350 0.2914 0.00000 5.100 1487.9 12.0 0.0000 0.7253 90.21 0.3019 0.0081 0.0116 8.928
-78.7500 -52.6065 0.3922 0.3028 0.3047 0.00000 5.102 1500.0 12.0 0.0000 0.3337 42.63 0.3660 0.0000 0.0000 11.507
-73.1250 -52.6065 0.0456 0.6809 0.2735 0.00000 5.112 1500.0 12.0 0.0000 0.3570 52.26 0.3268 0.0000 0.0000 25.875
-67.5000 -52.6065 0.0467 0.6735 0.2798 0.00000 5.190 1500.0 12.0 0.0000 0.3519 51.66 0.2576 0.0000 0.0000 25.591
-61.8750 -52.6065 0.0463 0.6766 0.2771 0.00000 5.150 1500.0 12.0 0.0000 0.7339 107.60 0.2871 0.0000 0.0000 25.711
-56.2500 -52.6065 0.3327 0.3790 0.2819 0.00000 5.106 1500.0 12.0 0.0000 1.1492 148.18 0.3720 0.0000 0.0000 14.401
-50.6250 -52.6065 0.3757 0.3320 0.2873 0.00000 5.102 1500.0 12.0 0.0000 0.7784 98.79 0.4038 0.0000 0.0000 12.615
-45.0000 -52.6065 0.3826 0.3173 0.2934 0.00000 5.107 1480.4 12.0 0.0000 0.9906 129.41 0.3173 0.0131 0.0184 12.058
-39.3750 -52.6065 0.4638 0.2269 0.3007 0.00000 5.113 1494.9 12.0 0.0000 0.7369 90.73 0.2953 0.0034 0.0050 8.623
-33.7500 -52.6065 0.4684 0.2131 0.3141 0.00000 5.184 1499.9 12.0 0.0000 0.4332 53.42 0.2303 0.0001 0.0001 8.098
-22.5000 -52.6065 0.3045 0.3834 0.3070 0.00000 5.796 1500.0 12.0 0.0000 0.4074 53.99 0.1506 0.0000 0.0000 14.569
-16.8750 -52.6065 0.1431 0.5627 0.2942 0.00000 5.337 1500.0 12.0 0.0000 0.1771 25.15 0.2028 0.0000 0.0000 21.384
-11.2500 -52.6065 0.5162 0.2025 0.2812 0.00000 5.101 1488.2 12.0 0.0000 1.5572 181.56 0.2870 0.0079 0.0117 7.693
-5.6250 -52.6065 0.5860 0.1711 0.2429 0.00000 5.100 1487.6 12.0 0.0000 3.0871 171.49 0.2663 0.0083 0.0128 6.500
0.0000 -58.1430 0.4215 0.2597 0.3183 0.00000 5.236 1500.0 12.0 0.0000 0.4386 55.67 0.1863 0.0000 0.0000 9.868
5.6250 -58.1430 0.4819 0.2061 0.3117 0.00000 5.620 1499.3 12.0 0.0000 0.6121 75.28 0.1244 0.0004 0.0013 7.833
11.2500 -58.1430 0.4825 0.2009 0.3158 0.00000 5.226 1499.1 12.0 0.0000 0.4641 57.19 0.1493 0.0006 0.0015 7.634
16.8750 -58.1430 0.4811 0.1897 0.3255 0.00000 5.437 1499.4 12.0 0.0000 0.3898 48.18 0.1268 0.0004 0.0013 7.210
22.5000 -58.1430 0.4306 0.2316 0.3308 0.00000 6.587 1499.8 12.0 0.0000 0.2977 37.65 0.0997 0.0001 0.0005 8.801
28.1250 -58.1430 0.4759 0.1863 0.3295 0.00000 6.605 1500.0 12.0 0.0000 0.2724 33.63 0.0809 0.0000 0.0000 7.080
39.3750 -58.1430 0.5576 0.0998 0.3326 0.00000 5.570 1500.0 12.0 0.0000 0.5534 65.60 0.0971 0.0000 0.0000 3.791
61.8750 -58.1430 0.5121 0.1519 0.3301 0.00000 5.359 1499.4 12.0 0.0000 0.4330 52.70 0.0971 0.0004 0.0017 5.771
67.5000 -58.1430 0.4926 0.1868 0.3193 0.00000 5.352 1499.8 12.0 0.0000 0.3569 43.78 0.0931 0.0001 0.0007 7.098
73.1250 -58.1430 0.5530 0.1402 0.3067 0.00000 5.151 1499.1 12.0 0.0000 0.4744 56.20 0.0926 0.0006 0.0028 5.329
78.7500 -58.1430 0.5706 0.1405 0.2889 0.00000 5.125 1499.3 12.0 0.0000 0.4971 57.72 0.0976 0.0005 0.0019 5.339
84.3750 -58.1430 0.4646 0.2187 0.3167 0.00000 5.196 1500.0 12.0 0.0000 0.2666 33.14 0.1090 0.0000 0.0000 8.310
90.0000 -58.1430 0.5559 0.1496 0.2945 0.00000 5.102 1498.4 12.0 0.0000 0.5073 59.65 0.1247 0.0011 0.0032 5.685
95.6250 -58.1430 0.5511 0.1518 0.2971 0.00000 5.147 1498.4 12.0 0.0000 0.3590 42.38 0.1033 0.0011 0.0042 5.767
101.2500 -58.1430 0.5597 0.1411 0.2993 0.00000 5.152 1498.1 12.0 0.0000 0.4567 53.77 0.1004 0.0012 0.0050 5.361
106.8750 -58.1430 0.5105 0.1882 0.3012 0.00000 5.420 1499.8 12.0 0.0000 0.3880 46.74 0.1041 0.0001 0.0004 7.153
112.5000 -58.1430 0.4652 0.2068 0.3234 0.00000 5.312 1500.0 12.0 0.0000 0.4499 55.84 0.1275 0.0000 0.0000 7.857
118.1250 -58.1430 0.4121 0.2608 0.3199 0.00000 5.634 1500.0 12.0 0.0000 0.6554 83.07 0.1104 0.0000 0.0000 9.910
123.7500 -58.1430 0.4047 0.2684 0.3199 0.00000 5.770 1500.0 12.0 0.0000 0.5412 68.84 0.1065 0.0000 0.0000 10.198
140.6250 -58.1430 0.0482 0.6627 0.2891 0.00000 5.146 1500.0 12.0 0.0000 0.1284 18.93 0.1605 0.0000 0.0000 25.183
146.2500 -58.1430 0.4363 0.2417 0.3220 0.00000 5.147 1500.0 12.0 0.0000 0.1515 19.14 0.1540 0.0000 0.0000 9.186
151.8750 -58.1430 0.5372 0.1572 0.3052 0.00000 5.283 1498.8 12.0 0.0000 0.2731 32.59 0.1005 0.0008 0.0031 5.973
157.5000 -58.1430 0.6795 0.1068 0.2136 0.00000 5.129 1499.9 12.0 0.0000 0.3705 38.60 0.0955 0.0000 0.0002 4.060
163.1250 -58.1430 0.6285 0.1395 0.2320 0.00000 5.167 1500.0 12.0 0.0000 0.3254 35.32 0.1140 0.0000 0.0000 5.301
168.7500 -58.1430 0.6440 0.1370 0.2191 0.00000 5.103 1500.0 12.0 0.0000 0.5092 54.33 0.1523 0.0000 0.0000 5.205
174.3750 -58.1430 0.6001 0.1561 0.2438 0.00000 5.100 1497.1 12.0 0.0000 0.7509 83.83 0.1867 0.0019 0.0038 5.933
180.0000 -58.1430 0.5395 0.1799 0.2806 0.00000 5.108 1495.8 12.0 0.0000 0.6804 80.36 0.1889 0.0028 0.0055 6.834
-174.3750 -58.1430 0.5056 0.1799 0.3145 0.00000 5.109 1499.6 12.0 0.0000 0.8629 105.07 0.1831 0.0003 0.0006 6.834
-168.7500 -58.1430 0.5410 0.1283 0.3250 0.00000 5.477 1500.0 12.0 0.0000 0.7519 89.89 0.1309 0.0000 0.0000 4.877
-163.1250 -58.1430 0.5406 0.1196 0.3301 0.00000 5.587 1500.0 12.0 0.0000 0.7317 87.38 0.1234 0.0000 0.0000 4.545
-157.5000 -58.1430 0.4809 0.1630 0.3486 0.00000 6.858 1500.0 12.0 0.0000 0.3943 49.12 0.0817 0.0000 0.0000 6.196
-151.8750 -58.1430 0.5247 0.1244 0.3421 0.00000 6.948 1500.0 12.0 0.0000 0.3721 45.15 0.0757 0.0000 0.0000 4.725
-146.2500 -58.1430 0.5219 0.1345 0.3351 0.00000 5.565 1500.0 12.0 0.0000 0.5279 63.90 0.1066 0.0000 0.0000 5.110
-140.6250 -58.1430 0.5307 0.1289 0.3333 0.00000 6.633 1500.0 12.0 0.0000 0.3411 41.12 0.0767 0.0000 0.0000 4.899
-135.0000 -58.1430 0.5032 0.1725 0.3235 0.00000 5.167 1499.6 12.0 0.0000 0.4629 56.67 0.1249 0.0002 0.0007 6.557
-129.3750 -58.1430 0.4808 0.1949 0.3236 0.00000 5.155 1500.0 12.0 0.0000 0.5335 66.00 0.1349 0.0000 0.0000 7.408
-123.7500 -58.1430 0.5430 0.1519 0.3045 0.00000 5.200 1499.6 12.0 0.0000 0.6482 76.96 0.1073 0.0002 0.0009 5.772
-118.1250 -58.1430 0.5428 0.1647 0.2925 0.00000 5.443 1499.5 12.0 0.0000 0.8087 95.43 0.0894 0.0003 0.0016 6.257
-112.5000 -58.1430 0.5573 0.1613 0.2814 0.00000 6.563 1499.7 12.0 0.0000 0.5921 68.87 0.0725 0.0002 0.0014 6.129
-106.8750 -58.1430 0.5773 0.1493 0.2734 0.00000 6.376 1499.8 12.0 0.0000 0.3338 38.24 0.0717 0.0001 0.0011 5.675
-101.2500 -58.1430 0.6171 0.1266 0.2563 0.00000 5.814 1499.7 12.0 0.0000 0.3885 43.11 0.0753 0.0002 0.0013 4.812
-95.6250 -58.1430 0.6480 0.1293 0.2227 0.00000 5.109 1500.0 12.0 0.0000 0.7197 76.80 0.1172 0.0000 0.0000 4.914
-90.0000 -58.1430 0.6565 0.1228 0.2207 0.00000 5.100 1499.5 12.0 0.0000 0.6075 64.48 0.1312 0.0003 0.0009 4.666
-84.3750 -58.1430 0.5088 0.1862 0.3046 0.00000 5.111 1497.3 12.0 0.0000 0.4525 54.87 0.1558 0.0018 0.0042 7.077
-78.7500 -58.1430 0.4401 0.2637 0.2962 0.00000 5.110 1500.0 12.0 0.0000 0.4140 51.48 0.2394 0.0000 0.0000 10.020
-67.5000 -58.1430 0.0479 0.6651 0.2870 0.00000 5.223 1500.0 12.0 0.0000 0.2883 42.44 0.1822 0.0000 0.0000 25.274
-61.8750 -58.1430 0.1772 0.5246 0.2982 0.00000 5.249 1500.0 12.0 0.0000 0.4780 67.04 0.1682 0.0000 0.0000 19.934
-56.2500 -58.1430 0.4890 0.1988 0.3120 0.00000 5.245 1498.0 12.0 0.0000 0.7048 86.60 0.1376 0.0013 0.0036 7.553
-50.6250 -58.1430 0.4937 0.1964 0.3094 0.00000 5.130 1496.8 12.0 0.0000 0.6402 78.50 0.1555 0.0022 0.0051 7.463
-45.0000 -58.1430 0.4684 0.2149 0.3160 0.00000 5.103 1494.9 12.0 0.0000 0.4424 55.27 0.1859 0.0034 0.0068 8.164
-39.3750 -58.1430 0.4924 0.2100 0.2971 0.00000 5.101 1497.3 12.0 0.0000 0.2968 36.13 0.1996 0.0018 0.0034 7.981
-33.7500 -58.1430 0.4348 0.2542 0.3110 0.00000 5.103 1500.0 12.0 0.0000 0.1424 17.89 0.2343 0.0000 0.0000 9.661
-28.1250 -58.1430 0.4315 0.2524 0.3161 0.00000 5.103 1500.0 12.0 0.0000 0.1036 13.07 0.2406 0.0000 0.0000 9.593
-5.6250 -58.1430 0.4368 0.2541 0.3091 0.00000 5.209 1500.0 12.0 0.0000 0.3681 46.17 0.1966 0.0000 0.0000 9.656
0.0000 -63.6786 0.4316 0.2372 0.3297 0.00000 5.486 1500.0 12.0 0.0000 0.1142 14.50 0.1196 0.0000 0.0000 9.015
5.6250 -63.6786 0.2610 0.4127 0.3230 0.00000 6.358 1500.0 12.0 0.0000 0.1377 18.80 0.0943 0.0000 0.0000 15.683
11.2500 -63.6786 0.5216 0.1379 0.3313 0.00000 6.196 1500.0 12.0 0.0000 0.1513 18.26 0.0869 0.0000 0.0000 5.240
22.5000 -63.6786 0.5616 0.0934 0.3350 0.00000 6.154 1500.0 12.0 0.0000 0.1297 15.36 0.0819 0.0000 0.0000 3.550
28.1250 -63.6786 0.5610 0.0944 0.3346 0.00000 5.893 1500.0 12.0 0.0000 0.1443 17.10 0.0841 0.0000 0.0000 3.586
33.7500 -63.6786 0.5596 0.0966 0.3338 0.00000 5.558 1500.0 12.0 0.0000 0.2393 28.35 0.0896 0.0000 0.0000 3.672
50.6250 -63.6786 0.4725 0.2108 0.3164 0.00000 5.281 1500.0 12.0 0.0000 0.2809 34.77 0.0935 0.0000 0.0000 8.012
56.2500 -63.6786 0.3978 0.2567 0.3456 0.00000 5.538 1500.0 12.0 0.0000 0.1762 22.96 0.0867 0.0000 0.0000 9.754
61.8750 -63.6786 0.4038 0.2527 0.3434 0.00000 7.145 1500.0 12.0 0.0000 0.0659 10.00 0.0628 0.0000 0.0000 9.602
67.5000 -63.6786 0.4031 0.2475 0.3494 0.00000 7.683 1500.0 12.0 0.0000 0.1453 18.93 0.0628 0.0000 0.0003 9.404
73.1250 -63.6786 0.5513 0.1755 0.2732 0.00000 7.344 1500.0 12.0 0.0000 0.1978 22.95 0.0628 0.0000 0.0000 6.669
78.7500 -63.6786 0.6165 0.1363 0.2472 0.00000 6.042 1500.0 12.0 0.0000 0.1769 19.52 0.0631 0.0000 0.0002 5.179
84.3750 -63.6786 0.5962 0.1476 0.2562 0.00000 5.148 1499.9 12.0 0.0000 0.4018 45.07 0.0870 0.0001 0.0004 5.609
90.0000 -63.6786 0.5715 0.1668 0.2617 0.00000 5.178 1500.0 12.0 0.0000 0.4698 53.57 0.0922 0.0000 0.0000 6.338
95.6250 -63.6786 0.6768 0.1079 0.2153 0.00000 7.359 1500.0 12.0 0.0000 0.4566 47.70 0.0628 0.0000 0.0000 4.099
101.2500 -63.6786 0.5485 0.1676 0.2839 0.00000 7.823 1499.9 12.0 0.0000 0.2892 33.83 0.0628 0.0000 0.0006 6.368
106.8750 -63.6786 0.4823 0.1980 0.3196 0.00000 7.971 1499.9 12.0 0.0000 0.2141 26.43 0.0628 0.0000 0.0005 7.524
112.5000 -63.6786 0.3855 0.2796 0.3338 0.00000 8.084 1500.0 12.0 0.0000 0.1227 15.96 0.0628 0.0000 0.0000 10.624
118.1250 -63.6786 0.1262 0.5679 0.3044 0.00000 8.163 1500.0 12.0 0.0000 0.1192 17.11 0.0628 0.0000 0.0000 21.581
123.7500 -63.6786 0.0498 0.6515 0.2987 0.00000 8.163 1500.0 12.0 0.0000 0.0588 10.00 0.0628 0.0000 0.0000 24.756
140.6250 -63.6786 0.0492 0.6556 0.2952 0.00000 5.499 1500.0 12.0 0.0000 0.0985 14.55 0.0978 0.0000 0.0000 24.912
146.2500 -63.6786 0.6101 0.1323 0.2576 0.00000 5.123 1500.0 12.0 0.0000 0.5384 60.00 0.1026 0.0000 0.0000 5.026
151.8750 -63.6786 0.5074 0.1801 0.3125 0.00000 5.947 1500.0 12.0 0.0000 0.2026 24.60 0.0724 0.0000 0.0002 6.843
157.5000 -63.6786 0.4290 0.2322 0.3388 0.00000 5.835 1499.9 12.0 0.0000 0.2521 32.27 0.0794 0.0001 0.0005 8.824
163.1250 -63.6786 0.6097 0.1475 0.2428 0.00000 5.307 1500.0 12.0 0.0000 0.3161 34.90 0.0883 0.0000 0.0001 5.607
168.7500 -63.6786 0.5393 0.1889 0.2718 0.00000 5.236 1500.0 12.0 0.0000 0.2368 27.62 0.1092 0.0000 0.0000 7.179
174.3750 -63.6786 0.5281 0.1950 0.2769 0.00000 5.162 1500.0 12.0 0.0000 0.2348 27.64 0.1276 0.0000 0.0000 7.410
180.0000 -63.6786 0.5447 0.1874 0.2679 0.00000 5.157 1500.0 12.0 0.0000 0.4366 50.67 0.1248 0.0000 0.0000 7.120
-174.3750 -63.6786 0.5368 0.1923 0.2709 0.00000 5.316 1500.0 12.0 0.0000 0.4983 58.18 0.1018 0.0000 0.0000 7.309
-168.7500 -63.6786 0.5345 0.1673 0.2982 0.00000 6.945 1500.0 12.0 0.0000 0.3586 42.60 0.0683 0.0000 0.0000 6.357
-163.1250 -63.6786 0.4755 0.1916 0.3315 0.00000 7.717 1500.0 12.0 0.0000 0.2201 27.40 0.0628 0.0000 0.0001 7.280
-157.5000 -63.6786 0.4124 0.2254 0.3611 0.00000 7.732 1500.0 12.0 0.0000 0.1479 19.28 0.0628 0.0000 0.0004 8.565
-151.8750 -63.6786 0.3925 0.2486 0.3578 0.00000 7.587 1500.0 12.0 0.0000 0.1346 17.68 0.0628 0.0000 0.0000 9.446
-146.2500 -63.6786 0.4783 0.1762 0.3445 0.00000 7.344 1500.0 12.0 0.0000 0.1935 24.24 0.0628 0.0000 0.0000 6.696
-140.6250 -63.6786 0.4945 0.1642 0.3413 0.00000 6.443 1500.0 12.0 0.0000 0.2557 31.76 0.0707 0.0000 0.0000 6.240
-135.0000 -63.6786 0.3490 0.2886 0.3624 0.00000 5.319 1499.9 12.0 0.0000 0.2474 33.26 0.0925 0.0001 0.0003 10.966
-129.3750 -63.6786 0.6348 0.1188 0.2464 0.00000 5.111 1499.5 12.0 0.0000 0.6116 66.83 0.0905 0.0004 0.0017 4.514
-123.7500 -63.6786 0.6465 0.1194 0.2341 0.00000 5.145 1499.8 12.0 0.0000 0.5659 60.91 0.0851 0.0001 0.0007 4.539
-118.1250 -63.6786 0.6014 0.1487 0.2499 0.00000 5.733 1500.0 12.0 0.0000 0.3391 37.78 0.0716 0.0000 0.0000 5.649
-112.5000 -63.6786 0.5656 0.1665 0.2679 0.00000 7.629 1500.0 12.0 0.0000 0.3796 43.59 0.0628 0.0000 0.0000 6.325
-106.8750 -63.6786 0.5294 0.1882 0.2823 0.00000 8.033 1500.0 12.0 0.0000 0.2974 35.09 0.0628 0.0000 0.0000 7.152
-101.2500 -63.6786 0.4656 0.2246 0.3097 0.00000 7.859 1500.0 12.0 0.0000 0.0966 11.95 0.0628 0.0000 0.0000 8.536
-95.6250 -63.6786 0.4462 0.2348 0.3190 0.00000 6.571 1500.0 12.0 0.0000 0.0710 10.00 0.0712 0.0000 0.0000 8.922
-90.0000 -63.6786 0.5299 0.1956 0.2745 0.00000 5.676 1500.0 12.0 0.0000 0.2803 32.91 0.0861 0.0000 0.0000 7.433
-84.3750 -63.6786 0.4730 0.2164 0.3106 0.00000 5.394 1499.7 12.0 0.0000 0.2572 31.74 0.1026 0.0002 0.0009 8.223
-78.7500 -63.6786 0.4510 0.2228 0.3261 0.00000 5.330 1499.4 12.0 0.0000 0.2605 32.78 0.1099 0.0004 0.0014 8.466
-73.1250 -63.6786 0.4286 0.2435 0.3277 0.00000 5.432 1499.6 12.0 0.0000 0.2500 31.82 0.1166 0.0003 0.0009 9.254
-67.5000 -63.6786 0.4107 0.2706 0.3186 0.00000 5.361 1499.7 12.0 0.0000 0.2937 37.51 0.1098 0.0002 0.0007 10.284
-61.8750 -63.6786 0.4826 0.1973 0.3201 0.00000 5.979 1499.6 12.0 0.0000 0.3704 45.75 0.0841 0.0003 0.0014 7.497
-56.2500 -63.6786 0.5182 0.1798 0.3019 0.00000 6.160 1499.8 12.0 0.0000 0.3189 38.29 0.0744 0.0002 0.0012 6.834
-50.6250 -63.6786 0.6364 0.1237 0.2399 0.00000 5.675 1499.9 12.0 0.0000 0.3162 34.35 0.0707 0.0000 0.0004 4.701
-45.0000 -63.6786 0.6320 0.1293 0.2386 0.00000 5.357 1500.0 12.0 0.0000 0.3659 39.80 0.0735 0.0000 0.0000 4.915
-39.3750 -63.6786 0.5434 0.1692 0.2874 0.00000 5.100 1499.8 12.0 0.0000 0.3550 41.73 0.1015 0.0001 0.0005 6.429
-33.7500 -63.6786 0.5270 0.1819 0.2911 0.00000 5.100 1499.2 12.0 0.0000 0.2162 25.71 0.1272 0.0005 0.0015 6.911
-28.1250 -63.6786 0.5297 0.1801 0.2903 0.00000 5.100 1498.2 12.0 0.0000 0.2693 32.02 0.1402 0.0012 0.0031 6.843
-22.5000 -63.6786 0.4623 0.2163 0.3214 0.00000 5.100 1499.7 12.0 0.0000 0.2569 32.07 0.1402 0.0002 0.0005 8.220
-16.8750 -63.6786 0.4711 0.2073 0.3216 0.00000 5.109 1499.1 12.0 0.0000 0.2414 30.04 0.1301 0.0006 0.0017 7.876
-11.2500 -63.6786 0.5209 0.1862 0.2928 0.00000 5.201 1499.9 12.0 0.0000 0.2367 28.23 0.1211 0.0000 0.0001 7.075
-5.6250 -63.6786 0.5082 0.1989 0.2928 0.00000 5.155 1500.0 12.0 0.0000 0.2608 31.30 0.1412 0.0000 0.0000 7.556
5.6250 -69.2130 0.3070 0.3734 0.3146 0.00000 5.550 1500.0 12.0 0.0000 0.1228 16.32 0.0911 0.0000 0.0000 14.188
11.2500 -69.2130 0.3333 0.3436 0.3176 0.00000 5.844 1500.0 12.0 0.0000 0.1111 14.61 0.0830 0.0000 0.0000 13.057
33.7500 -69.2130 0.4415 0.2279 0.3306 0.00000 5.825 1500.0 12.0 0.0000 0.0576 10.00 0.0773 0.0000 0.0000 8.660
39.3750 -69.2130 0.3964 0.2580 0.3456 0.00000 5.895 1500.0 12.0 0.0000 0.0880 11.47 0.0785 0.0000 0.0000 9.803
45.0000 -69.2130 0.5085 0.1814 0.3101 0.00000 6.831 1499.9 12.0 0.0000 0.1318 15.98 0.0628 0.0000 0.0006 6.892
50.6250 -69.2130 0.4002 0.2450 0.3548 0.00000 7.211 1500.0 12.0 0.0000 0.1590 20.80 0.0628 0.0000 0.0001 9.308
56.2500 -69.2130 0.4959 0.1970 0.3070 0.00000 7.486 1500.0 12.0 0.0000 0.2251 27.40 0.0628 0.0000 0.0003 7.486
61.8750 -69.2130 0.4444 0.2283 0.3273 0.00000 7.820 1500.0 12.0 0.0000 0.2533 31.98 0.0628 0.0000 0.0003 8.675
67.5000 -69.2130 0.4360 0.2378 0.3262 0.00000 7.946 1500.0 12.0 0.0000 0.3042 38.54 0.0628 0.0000 0.0001 9.038
73.1250 -69.2130 0.5644 0.1713 0.2643 0.00000 7.836 1500.0 12.0 0.0000 0.4561 52.29 0.0628 0.0000 0.0000 6.508
78.7500 -69.2130 0.4682 0.2226 0.3091 0.00000 7.603 1500.0 12.0 0.0000 0.2038 25.18 0.0628 0.0000 0.0000 8.459
84.3750 -69.2130 0.3233 0.3093 0.3674 0.00000 6.656 1500.0 12.0 0.0000 0.0696 10.00 0.0628 0.0000 0.0000 11.753
90.0000 -69.2130 0.3632 0.2905 0.3463 0.00000 6.891 1500.0 12.0 0.0000 0.0940 12.45 0.0628 0.0000 0.0000 11.041
95.6250 -69.2130 0.5601 0.1720 0.2679 0.00000 6.887 1500.0 12.0 0.0000 0.2143 24.67 0.0628 0.0000 0.0000 6.535
101.2500 -69.2130 0.4362 0.2254 0.3384 0.00000 7.739 1500.0 12.0 0.0000 0.2199 28.04 0.0628 0.0000 0.0002 8.565
106.8750 -69.2130 0.4210 0.2369 0.3421 0.00000 7.971 1500.0 12.0 0.0000 0.1585 20.40 0.0628 0.0000 0.0003 9.002
112.5000 -69.2130 0.4426 0.2255 0.3313 0.00000 8.117 1500.0 12.0 0.0000 0.1585 20.06 0.0628 0.0000 0.0000 8.571
118.1250 -69.2130 0.2654 0.4100 0.3247 0.00000 8.164 1500.0 12.0 0.0000 0.1319 18.04 0.0628 0.0000 0.0000 15.578
123.7500 -69.2130 0.0498 0.6515 0.2987 0.00000 8.163 1500.0 12.0 0.0000 0.0588 10.00 0.0628 0.0000 0.0000 24.756
140.6250 -69.2130 0.4464 0.2258 0.3279 0.00000 6.074 1500.0 12.0 0.0000 0.1775 22.39 0.0771 0.0000 0.0000 8.579
146.2500 -69.2130 0.5159 0.1800 0.3042 0.00000 6.556 1500.0 12.0 0.0000 0.1467 17.65 0.0667 0.0000 0.0003 6.839
151.8750 -69.2130 0.4676 0.1993 0.3331 0.00000 6.143 1499.8 12.0 0.0000 0.1235 15.48 0.0682 0.0001 0.0012 7.573
157.5000 -69.2130 0.4591 0.2069 0.3340 0.00000 6.074 1499.8 12.0 0.0000 0.1019 12.83 0.0680 0.0001 0.0011 7.864
163.1250 -69.2130 0.4685 0.2252 0.3063 0.00000 5.844 1500.0 12.0 0.0000 0.1236 15.24 0.0722 0.0000 0.0001 8.559
168.7500 -69.2130 0.4858 0.2180 0.2962 0.00000 5.670 1500.0 12.0 0.0000 0.1498 18.22 0.0733 0.0000 0.0000 8.285
174.3750 -69.2130 0.4537 0.2320 0.3143 0.00000 5.721 1500.0 12.0 0.0000 0.0688 10.00 0.0780 0.0000 0.0000 8.816
180.0000 -69.2130 0.4973 0.2045 0.2982 0.00000 5.860 1500.0 12.0 0.0000 0.0816 10.00 0.0749 0.0000 0.0000 7.770
-174.3750 -69.2130 0.3901 0.2702 0.3396 0.00000 8.100 1500.0 12.0 0.0000 0.0798 10.40 0.0628 0.0000 0.0000 10.269
-168.7500 -69.2130 0.3623 0.2879 0.3498 0.00000 8.134 1500.0 12.0 0.0000 0.1964 26.07 0.0628 0.0000 0.0000 10.942
-163.1250 -69.2130 0.5560 0.1756 0.2685 0.00000 8.131 1500.0 12.0 0.0000 0.5125 59.16 0.0628 0.0000 0.0000 6.672
-157.5000 -69.2130 0.6448 0.1194 0.2358 0.00000 8.095 1500.0 12.0 0.0000 0.4978 53.68 0.0628 0.0000 0.0002 4.537
-151.8750 -69.2130 0.5395 0.1800 0.2805 0.00000 8.007 1500.0 12.0 0.0000 0.2815 33.02 0.0628 0.0000 0.0001 6.839
-146.2500 -69.2130 0.5299 0.1902 0.2799 0.00000 7.184 1500.0 12.0 0.0000 0.1442 16.99 0.0628 0.0000 0.0000 7.227
-140.6250 -69.2130 0.4144 0.2558 0.3298 0.00000 5.856 1500.0 12.0 0.0000 0.1000 12.83 0.0694 0.0000 0.0000 9.719
-135.0000 -69.2130 0.4242 0.2490 0.3268 0.00000 5.525 1500.0 12.0 0.0000 0.0715 10.00 0.0778 0.0000 0.0000 9.461
-129.3750 -69.2130 0.5005 0.2033 0.2961 0.00000 5.326 1500.0 12.0 0.0000 0.1243 15.01 0.0825 0.0000 0.0000 7.726
-123.7500 -69.2130 0.4958 0.2060 0.2982 0.00000 5.410 1500.0 12.0 0.0000 0.1668 20.20 0.0800 0.0000 0.0000 7.829
-118.1250 -69.2130 0.4928 0.2072 0.3001 0.00000 5.665 1500.0 12.0 0.0000 0.1474 17.90 0.0740 0.0000 0.0000 7.873
-112.5000 -69.2130 0.4985 0.2024 0.2991 0.00000 6.667 1500.0 12.0 0.0000 0.1100 13.31 0.0628 0.0000 0.0000 7.691
-106.8750 -69.2130 0.4662 0.2153 0.3184 0.00000 7.985 1500.0 12.0 0.0000 0.2650 32.94 0.0628 0.0000 0.0000 8.183
-101.2500 -69.2130 0.4009 0.2429 0.3561 0.00000 7.871 1500.0 12.0 0.0000 0.1213 15.87 0.0628 0.0000 0.0000 9.231
-95.6250 -69.2130 0.4328 0.2324 0.3348 0.00000 7.592 1500.0 12.0 0.0000 0.0543 10.00 0.0628 0.0000 0.0000 8.832
-90.0000 -69.2130 0.4874 0.2094 0.3032 0.00000 7.310 1500.0 12.0 0.0000 0.0418 10.00 0.0628 0.0000 0.0000 7.957
-84.3750 -69.2130 0.5098 0.2018 0.2884 0.00000 7.005 1500.0 12.0 0.0000 0.0736 10.00 0.0628 0.0000 0.0000 7.668
-78.7500 -69.2130 0.4303 0.2643 0.3054 0.00000 7.433 1500.0 12.0 0.0000 0.0927 11.65 0.0657 0.0000 0.0000 10.044
-73.1250 -69.2130 0.5467 0.1787 0.2746 0.00000 6.470 1500.0 12.0 0.0000 0.1474 17.16 0.0651 0.0000 0.0001 6.792
-67.5000 -69.2130 0.5980 0.1375 0.2645 0.00000 6.133 1499.9 12.0 0.0000 0.2139 24.10 0.0631 0.0001 0.0008 5.225
-61.8750 -69.2130 0.6522 0.1195 0.2284 0.00000 6.574 1500.0 12.0 0.0000 0.3182 34.00 0.0628 0.0000 0.0001 4.539
-56.2500 -69.2130 0.6153 0.1420 0.2427 0.00000 6.484 1500.0 12.0 0.0000 0.2308 25.41 0.0628 0.0000 0.0000 5.397
-50.6250 -69.2130 0.4832 0.2158 0.3010 0.00000 7.075 1500.0 12.0 0.0000 0.0946 11.55 0.0628 0.0000 0.0000 8.200
-45.0000 -69.2130 0.4211 0.2560 0.3229 0.00000 7.853 1500.0 12.0 0.0000 0.0457 10.00 0.0628 0.0000 0.0000 9.726
-39.3750 -69.2130 0.4823 0.2156 0.3022 0.00000 5.956 1500.0 12.0 0.0000 0.0718 10.00 0.0682 0.0000 0.0000 8.192
-33.7500 -69.2130 0.5625 0.1698 0.2676 0.00000 5.234 1500.0 12.0 0.0000 0.1248 14.35 0.0784 0.0000 0.0000 6.454
-28.1250 -69.2130 0.5937 0.1543 0.2520 0.00000 5.146 1500.0 12.0 0.0000 0.2191 24.55 0.0844 0.0000 0.0000 5.863
-22.5000 -69.2130 0.6927 0.0993 0.2080 0.00000 5.101 1500.0 12.0 0.0000 0.4259 43.86 0.0828 0.0000 0.0000 3.774
-16.8750 -69.2130 0.4715 0.1911 0.3374 0.00000 5.112 1499.6 12.0 0.0000 0.3564 44.69 0.0790 0.0002 0.0016 7.261
-11.2500 -69.2130 0.5006 0.1904 0.3088 0.00000 5.546 1500.0 12.0 0.0000 0.1258 15.29 0.0822 0.0000 0.0001 7.235
-5.6250 -69.2130 0.4451 0.2288 0.3260 0.00000 5.238 1500.0 12.0 0.0000 0.0799 10.08 0.1045 0.0000 0.0000 8.695
0.0000 -74.7445 0.4462 0.2242 0.3294 0.00000 7.384 1500.0 12.0 0.0000 0.0454 10.00 0.0628 0.0000 0.0001 8.521
5.6250 -74.7445 0.4183 0.2433 0.3384 0.00000 7.521 1500.0 12.0 0.0000 0.0453 10.00 0.0628 0.0000 0.0000 9.245
11.2500 -74.7445 0.4434 0.2275 0.3290 0.00000 6.569 1500.0 12.0 0.0000 0.0833 10.53 0.0661 0.0000 0.0001 8.645
16.8750 -74.7445 0.4334 0.2260 0.3406 0.00000 7.910 1500.0 12.0 0.0000 0.0795 10.17 0.0628 0.0000 0.0002 8.589
22.5000 -74.7445 0.3769 0.2647 0.3584 0.00000 7.966 1500.0 12.0 0.0000 0.0674 10.00 0.0628 0.0000 0.0000 10.058
28.1250 -74.7445 0.4455 0.2201 0.3343 0.00000 8.033 1500.0 12.0 0.0000 0.0987 12.50 0.0628 0.0000 0.0001 8.365
33.7500 -74.7445 0.4616 0.2032 0.3352 0.00000 8.041 1500.0 12.0 0.0000 0.1658 20.85 0.0628 0.0000 0.0004 7.722
39.3750 -74.7445 0.4590 0.2152 0.3257 0.00000 8.033 1500.0 12.0 0.0000 0.2420 30.31 0.0628 0.0000 0.0001 8.178
45.0000 -74.7445 0.4275 0.2376 0.3349 0.00000 8.034 1500.0 12.0 0.0000 0.2621 33.49 0.0628 0.0000 0.0001 9.029
50.6250 -74.7445 0.4511 0.2336 0.3154 0.00000 8.079 1500.0 12.0 0.0000 0.1784 22.30 0.0628 0.0000 0.0000 8.876
56.2500 -74.7445 0.4462 0.2378 0.3161 0.00000 7.996 1500.0 12.0 0.0000 0.1216 15.24 0.0628 0.0000 0.0000 9.035
61.8750 -74.7445 0.3469 0.2954 0.3577 0.00000 7.853 1500.0 12.0 0.0000 0.0730 10.00 0.0628 0.0000 0.0000 11.224
67.5000 -74.7445 0.3804 0.2720 0.3475 0.00000 8.064 1500.0 12.0 0.0000 0.1419 18.66 0.0628 0.0000 0.0000 10.337
73.1250 -74.7445 0.3613 0.2828 0.3559 0.00000 8.074 1500.0 12.0 0.0000 0.1278 17.03 0.0628 0.0000 0.0000 10.746
78.7500 -74.7445 0.3452 0.2882 0.3665 0.00000 8.077 1500.0 12.0 0.0000 0.1347 18.17 0.0628 0.0000 0.0000 10.952
84.3750 -74.7445 0.3262 0.2972 0.3767 0.00000 8.092 1500.0 12.0 0.0000 0.1513 20.69 0.0628 0.0000 0.0000 11.292
90.0000 -74.7445 0.4928 0.2002 0.3070 0.00000 8.137 1500.0 12.0 0.0000 0.2255 27.49 0.0628 0.0000 0.0000 7.609
95.6250 -74.7445 0.4272 0.2276 0.3453 0.00000 8.118 1500.0 12.0 0.0000 0.2791 35.87 0.0628 0.0000 0.0000 8.647
101.2500 -74.7445 0.3882 0.2517 0.3601 0.00000 8.126 1500.0 12.0 0.0000 0.2510 33.11 0.0628 0.0000 0.0000 9.565
106.8750 -74.7445 0.4144 0.2457 0.3400 0.00000 8.160 1500.0 12.0 0.0000 0.1979 25.52 0.0628 0.0000 0.0002 9.335
112.5000 -74.7445 0.5167 0.1710 0.3123 0.00000 8.148 1499.9 12.0 0.0000 0.2167 26.19 0.0628 0.0001 0.0007 6.500
118.1250 -74.7445 0.4922 0.1820 0.3258 0.00000 7.948 1499.9 12.0 0.0000 0.1496 18.44 0.0628 0.0001 0.0009 6.918
123.7500 -74.7445 0.5519 0.1444 0.3037 0.00000 7.844 1499.9 12.0 0.0000 0.1905 22.51 0.0628 0.0001 0.0010 5.487
129.3750 -74.7445 0.4841 0.1999 0.3160 0.00000 7.445 1500.0 12.0 0.0000 0.0989 12.17 0.0628 0.0000 0.0000 7.597
135.0000 -74.7445 0.4614 0.2124 0.3262 0.00000 7.048 1500.0 12.0 0.0000 0.0727 10.00 0.0628 0.0000 0.0003 8.069
140.6250 -74.7445 0.4365 0.2273 0.3361 0.00000 6.687 1500.0 12.0 0.0000 0.0661 10.00 0.0637 0.0000 0.0003 8.638
146.2500 -74.7445 0.4563 0.2166 0.3271 0.00000 7.329 1500.0 12.0 0.0000 0.0745 10.00 0.0628 0.0000 0.0002 8.231
151.8750 -74.7445 0.4680 0.2064 0.3255 0.00000 7.130 1499.9 12.0 0.0000 0.0728 10.00 0.0628 0.0000 0.0005 7.845
157.5000 -74.7445 0.4353 0.2218 0.3429 0.00000 7.013 1499.9 12.0 0.0000 0.0695 10.00 0.0628 0.0001 0.0008 8.428
163.1250 -74.7445 0.5024 0.1990 0.2986 0.00000 7.214 1500.0 12.0 0.0000 0.0824 10.00 0.0628 0.0000 0.0004 7.562
168.7500 -74.7445 0.5177 0.1992 0.2831 0.00000 7.435 1500.0 12.0 0.0000 0.0960 11.40 0.0628 0.0000 0.0000 7.571
174.3750 -74.7445 0.5473 0.1811 0.2716 0.00000 7.687 1500.0 12.0 0.0000 0.1062 12.34 0.0628 0.0000 0.0000 6.883
180.0000 -74.7445 0.4574 0.2328 0.3098 0.00000 7.833 1500.0 12.0 0.0000 0.0880 10.93 0.0628 0.0000 0.0000 8.845
-174.3750 -74.7445 0.4097 0.2601 0.3303 0.00000 7.903 1500.0 12.0 0.0000 0.0733 10.00 0.0628 0.0000 0.0000 9.883
-168.7500 -74.7445 0.4497 0.2333 0.3170 0.00000 8.072 1500.0 12.0 0.0000 0.1006 12.60 0.0628 0.0000 0.0000 8.867
-163.1250 -74.7445 0.4817 0.2125 0.3058 0.00000 8.084 1500.0 12.0 0.0000 0.1200 14.70 0.0628 0.0000 0.0000 8.075
-157.5000 -74.7445 0.4747 0.2129 0.3124 0.00000 8.025 1500.0 12.0 0.0000 0.0908 11.21 0.0628 0.0000 0.0000 8.091
-151.8750 -74.7445 0.3813 0.2669 0.3519 0.00000 7.833 1500.0 12.0 0.0000 0.0593 10.00 0.0628 0.0000 0.0000 10.140
-146.2500 -74.7445 0.3820 0.2622 0.3558 0.00000 7.419 1500.0 12.0 0.0000 0.0450 10.00 0.0628 0.0000 0.0000 9.963
-140.6250 -74.7445 0.3479 0.2818 0.3703 0.00000 7.005 1500.0 12.0 0.0000 0.0389 10.00 0.0628 0.0000 0.0000 10.708
-135.0000 -74.7445 0.3006 0.3165 0.3829 0.00000 6.524 1500.0 12.0 0.0000 0.0389 10.00 0.0628 0.0000 0.0000 12.026
-129.3750 -74.7445 0.2789 0.3341 0.3870 0.00000 6.253 1500.0 12.0 0.0000 0.0450 10.00 0.0628 0.0000 0.0000 12.695
-123.7500 -74.7445 0.2750 0.3373 0.3878 0.00000 6.214 1500.0 12.0 0.0000 0.0516 10.00 0.0631 0.0000 0.0000 12.817
-118.1250 -74.7445 0.2849 0.3313 0.3839 0.00000 6.494 1500.0 12.0 0.0000 0.0638 10.00 0.0628 0.0000 0.0000 12.588
-112.5000 -74.7445 0.3156 0.3127 0.3717 0.00000 7.166 1500.0 12.0 0.0000 0.0877 12.02 0.0628 0.0000 0.0000 11.882
-106.8750 -74.7445 0.3481 0.2910 0.3609 0.00000 7.815 1500.0 12.0 0.0000 0.1201 16.14 0.0628 0.0000 0.0000 11.058
-101.2500 -74.7445 0.3366 0.2988 0.3646 0.00000 8.053 1500.0 12.0 0.0000 0.1483 20.07 0.0628 0.0000 0.0000 11.356
-95.6250 -74.7445 0.3316 0.3031 0.3654 0.00000 7.969 1500.0 12.0 0.0000 0.0807 10.95 0.0628 0.0000 0.0000 11.516
-90.0000 -74.7445 0.4094 0.2563 0.3344 0.00000 7.928 1500.0 12.0 0.0000 0.0615 10.00 0.0628 0.0000 0.0000 9.738
-84.3750 -74.7445 0.3550 0.2901 0.3549 0.00000 7.861 1500.0 12.0 0.0000 0.0530 10.00 0.0628 0.0000 0.0000 11.022
-78.7500 -74.7445 0.3972 0.2657 0.3371 0.00000 7.861 1500.0 12.0 0.0000 0.0580 10.00 0.0628 0.0000 0.0000 10.096
-73.1250 -74.7445 0.4834 0.2115 0.3051 0.00000 7.829 1500.0 12.0 0.0000 0.0760 10.00 0.0628 0.0000 0.0000 8.036
-67.5000 -74.7445 0.4709 0.2193 0.3098 0.00000 7.812 1500.0 12.0 0.0000 0.1002 12.37 0.0628 0.0000 0.0000 8.332
-61.8750 -74.7445 0.4940 0.2051 0.3009 0.00000 7.671 1500.0 12.0 0.0000 0.1167 14.18 0.0628 0.0000 0.0000 7.795
-56.2500 -74.7445 0.3923 0.2665 0.3413 0.00000 8.152 1500.0 12.0 0.0000 0.0771 10.05 0.0628 0.0000 0.0000 10.126
-50.6250 -74.7445 0.2764 0.3371 0.3865 0.00000 8.097 1500.0 12.0 0.0000 0.0561 10.00 0.0628 0.0000 0.0000 12.809
-45.0000 -74.7445 0.3287 0.3067 0.3646 0.00000 8.099 1500.0 12.0 0.0000 0.0480 10.00 0.0628 0.0000 0.0000 11.655
-39.3750 -74.7445 0.3874 0.2765 0.3362 0.00000 8.055 1500.0 12.0 0.0000 0.0378 10.00 0.0628 0.0000 0.0000 10.505
-33.7500 -74.7445 0.4147 0.2587 0.3266 0.00000 7.410 1500.0 12.0 0.0000 0.0270 10.00 0.0628 0.0000 0.0000 9.830
-28.1250 -74.7445 0.4878 0.2156 0.2966 0.00000 6.427 1500.0 12.0 0.0000 0.0596 10.00 0.0631 0.0000 0.0000 8.193
-22.5000 -74.7445 0.5318 0.1934 0.2748 0.00000 6.590 1500.0 12.0 0.0000 0.0957 11.22 0.0628 0.0000 0.0000 7.348
-16.8750 -74.7445 0.4497 0.2169 0.3334 0.00000 6.326 1500.0 12.0 0.0000 0.0865 10.93 0.0628 0.0000 0.0004 8.243
-11.2500 -74.7445 0.4397 0.2227 0.3375 0.00000 6.695 1500.0 12.0 0.0000 0.0571 10.00 0.0628 0.0000 0.0001 8.464
-5.6250 -74.7445 0.4305 0.2301 0.3394 0.00000 7.025 1500.0 12.0 0.0000 0.0498 10.00 0.0628 0.0000 0.0003 8.744
0.0000 -80.2688 0.3833 0.2679 0.3488 0.00000 7.644 1500.0 12.0 0.0000 0.0588 10.00 0.0628 0.0000 0.0000 10.180
5.6250 -80.2688 0.4290 0.2349 0.3362 0.00000 7.590 1500.0 12.0 0.0000 0.0648 10.00 0.0628 0.0000 0.0000 8.925
11.2500 -80.2688 0.4911 0.2025 0.3064 0.00000 7.697 1500.0 12.0 0.0000 0.0673 10.00 0.0628 0.0000 0.0000 7.697
16.8750 -80.2688 0.4660 0.2289 0.3051 0.00000 7.947 1500.0 12.0 0.0000 0.0603 10.00 0.0628 0.0000 0.0000 8.699
22.5000 -80.2688 0.5215 0.1937 0.2849 0.00000 7.917 1500.0 12.0 0.0000 0.0695 10.00 0.0628 0.0000 0.0000 7.359
28.1250 -80.2688 0.4976 0.2038 0.2986 0.00000 7.981 1500.0 12.0 0.0000 0.0929 11.24 0.0628 0.0000 0.0000 7.745
33.7500 -80.2688 0.5427 0.1832 0.2741 0.00000 8.104 1500.0 12.0 0.0000 0.1223 14.26 0.0628 0.0000 0.0000 6.963
39.3750 -80.2688 0.4368 0.2540 0.3092 0.00000 8.166 1500.0 12.0 0.0000 0.0952 11.94 0.0628 0.0000 0.0000 9.653
45.0000 -80.2688 0.4179 0.2589 0.3232 0.00000 8.098 1500.0 12.0 0.0000 0.0622 10.00 0.0628 0.0000 0.0000 9.838
50.6250 -80.2688 0.3650 0.2911 0.3439 0.00000 8.113 1500.0 12.0 0.0000 0.0535 10.00 0.0628 0.0000 0.0000 11.061
56.2500 -80.2688 0.3444 0.3035 0.3521 0.00000 8.135 1500.0 12.0 0.0000 0.0656 10.00 0.0628 0.0000 0.0000 11.534
61.8750 -80.2688 0.3631 0.2965 0.3404 0.00000 8.191 1500.0 12.0 0.0000 0.0845 11.16 0.0628 0.0000 0.0000 11.266
67.5000 -80.2688 0.4440 0.2365 0.3195 0.00000 8.148 1500.0 12.0 0.0000 0.0883 11.10 0.0628 0.0000 0.0000 8.987
73.1250 -80.2688 0.4644 0.2231 0.3125 0.00000 8.155 1500.0 12.0 0.0000 0.1010 12.52 0.0628 0.0000 0.0000 8.479
78.7500 -80.2688 0.4985 0.2024 0.2991 0.00000 8.155 1500.0 12.0 0.0000 0.1096 13.27 0.0628 0.0000 0.0000 7.690
84.3750 -80.2688 0.4947 0.2048 0.3005 0.00000 8.157 1500.0 12.0 0.0000 0.1086 13.18 0.0628 0.0000 0.0000 7.781
90.0000 -80.2688 0.4981 0.2025 0.2994 0.00000 8.154 1500.0 12.0 0.0000 0.1017 12.32 0.0628 0.0000 0.0000 7.695
95.6250 -80.2688 0.5426 0.1785 0.2789 0.00000 8.160 1500.0 12.0 0.0000 0.1777 20.78 0.0628 0.0000 0.0000 6.782
101.2500 -80.2688 0.6032 0.1463 0.2505 0.00000 8.163 1500.0 12.0 0.0000 0.2933 32.66 0.0628 0.0000 0.0000 5.561
106.8750 -80.2688 0.5695 0.1686 0.2619 0.00000 8.166 1500.0 12.0 0.0000 0.3027 34.56 0.0628 0.0000 0.0000 6.407
112.5000 -80.2688 0.6496 0.1222 0.2282 0.00000 8.167 1500.0 12.0 0.0000 0.3345 35.79 0.0628 0.0000 0.0000 4.644
118.1250 -80.2688 0.5448 0.1793 0.2759 0.00000 8.167 1500.0 12.0 0.0000 0.2369 27.63 0.0628 0.0000 0.0001 6.815
123.7500 -80.2688 0.5076 0.1850 0.3073 0.00000 8.159 1499.9 12.0 0.0000 0.1978 23.95 0.0628 0.0000 0.0007 7.031
129.3750 -80.2688 0.4945 0.1934 0.3121 0.00000 8.162 1499.9 12.0 0.0000 0.1847 22.57 0.0628 0.0000 0.0006 7.350
135.0000 -80.2688 0.4375 0.2266 0.3360 0.00000 8.141 1499.9 12.0 0.0000 0.1387 17.65 0.0628 0.0000 0.0006 8.609
140.6250 -80.2688 0.4628 0.2119 0.3253 0.00000 8.139 1499.9 12.0 0.0000 0.1377 17.22 0.0628 0.0000 0.0006 8.054
146.2500 -80.2688 0.4937 0.2035 0.3028 0.00000 8.106 1500.0 12.0 0.0000 0.1252 15.22 0.0628 0.0000 0.0002 7.734
151.8750 -80.2688 0.4949 0.2118 0.2933 0.00000 8.124 1500.0 12.0 0.0000 0.1360 16.43 0.0628 0.0000 0.0000 8.049
157.5000 -80.2688 0.5605 0.1735 0.2660 0.00000 8.133 1500.0 12.0 0.0000 0.1706 19.62 0.0628 0.0000 0.0000 6.594
163.1250 -80.2688 0.5678 0.1693 0.2629 0.00000 8.114 1500.0 12.0 0.0000 0.1907 21.81 0.0628 0.0000 0.0000 6.434
168.7500 -80.2688 0.5043 0.2059 0.2898 0.00000 8.121 1500.0 12.0 0.0000 0.1903 22.85 0.0628 0.0000 0.0000 7.826
174.3750 -80.2688 0.4707 0.2245 0.3047 0.00000 8.136 1500.0 12.0 0.0000 0.2105 25.91 0.0628 0.0000 0.0000 8.533
180.0000 -80.2688 0.4279 0.2465 0.3256 0.00000 8.112 1500.0 12.0 0.0000 0.1599 20.32 0.0628 0.0000 0.0000 9.366
-174.3750 -80.2688 0.3792 0.2744 0.3464 0.00000 8.143 1500.0 12.0 0.0000 0.1585 20.85 0.0628 0.0000 0.0000 10.427
-168.7500 -80.2688 0.3715 0.2789 0.3495 0.00000 8.163 1500.0 12.0 0.0000 0.2002 26.46 0.0628 0.0000 0.0000 10.599
-163.1250 -80.2688 0.3359 0.3004 0.3637 0.00000 8.163 1500.0 12.0 0.0000 0.1734 23.46 0.0628 0.0000 0.0000 11.417
-157.5000 -80.2688 0.2658 0.3427 0.3914 0.00000 8.151 1500.0 12.0 0.0000 0.1149 16.26 0.0628 0.0000 0.0000 13.024
-151.8750 -80.2688 0.2788 0.3349 0.3863 0.00000 8.071 1500.0 12.0 0.0000 0.0806 11.31 0.0628 0.0000 0.0000 12.726
-146.2500 -80.2688 0.2592 0.3467 0.3940 0.00000 7.874 1500.0 12.0 0.0000 0.0606 10.00 0.0628 0.0000 0.0000 13.176
-140.6250 -80.2688 0.2494 0.3526 0.3980 0.00000 7.678 1500.0 12.0 0.0000 0.0511 10.00 0.0628 0.0000 0.0000 13.398
-135.0000 -80.2688 0.2575 0.3466 0.3959 0.00000 7.573 1500.0 12.0 0.0000 0.0485 10.00 0.0628 0.0000 0.0000 13.172
-129.3750 -80.2688 0.2501 0.3521 0.3978 0.00000 7.489 1500.0 12.0 0.0000 0.0501 10.00 0.0628 0.0000 0.0000 13.380
-123.7500 -80.2688 0.2488 0.3530 0.3981 0.00000 7.513 1500.0 12.0 0.0000 0.0567 10.00 0.0628 0.0000 0.0000 13.414
-118.1250 -80.2688 0.2488 0.3530 0.3981 0.00000 7.692 1500.0 12.0 0.0000 0.0694 10.00 0.0628 0.0000 0.0000 13.414
-112.5000 -80.2688 0.2488 0.3530 0.3981 0.00000 7.898 1500.0 12.0 0.0000 0.0885 12.66 0.0628 0.0000 0.0000 13.414
-106.8750 -80.2688 0.2488 0.3530 0.3981 0.00000 8.078 1500.0 12.0 0.0000 0.1148 16.42 0.0628 0.0000 0.0000 13.414
-101.2500 -80.2688 0.2529 0.3505 0.3965 0.00000 8.134 1500.0 12.0 0.0000 0.1498 21.35 0.0628 0.0000 0.0000 13.321
-95.6250 -80.2688 0.2583 0.3473 0.3944 0.00000 8.162 1500.0 12.0 0.0000 0.2053 29.17 0.0628 0.0000 0.0000 13.197
-90.0000 -80.2688 0.3186 0.3109 0.3705 0.00000 8.163 1500.0 12.0 0.0000 0.2128 29.12 0.0628 0.0000 0.0000 11.813
-84.3750 -80.2688 0.3367 0.3000 0.3634 0.00000 8.163 1500.0 12.0 0.0000 0.1507 20.38 0.0628 0.0000 0.0000 11.399
-78.7500 -80.2688 0.3067 0.3180 0.3754 0.00000 8.155 1500.0 12.0 0.0000 0.1230 16.96 0.0628 0.0000 0.0000 12.082
-73.1250 -80.2688 0.2877 0.3289 0.3834 0.00000 8.147 1500.0 12.0 0.0000 0.1156 16.14 0.0628 0.0000 0.0000 12.499
-67.5000 -80.2688 0.3127 0.3128 0.3745 0.00000 8.150 1500.0 12.0 0.0000 0.1296 17.81 0.0628 0.0000 0.0000 11.885
-61.8750 -80.2688 0.3162 0.3105 0.3733 0.00000 8.163 1500.0 12.0 0.0000 0.1820 24.96 0.0628 0.0000 0.0000 11.799
-56.2500 -80.2688 0.3129 0.3087 0.3784 0.00000 8.149 1500.0 12.0 0.0000 0.1425 19.62 0.0628 0.0000 0.0000 11.732
-50.6250 -80.2688 0.2917 0.3217 0.3867 0.00000 8.112 1500.0 12.0 0.0000 0.1170 16.33 0.0628 0.0000 0.0000 12.223
-45.0000 -80.2688 0.3916 0.2609 0.3475 0.00000 7.883 1500.0 12.0 0.0000 0.0637 10.00 0.0628 0.0000 0.0000 9.913
-39.3750 -80.2688 0.4622 0.2231 0.3146 0.00000 7.700 1500.0 12.0 0.0000 0.0406 10.00 0.0628 0.0000 0.0000 8.479
-33.7500 -80.2688 0.4224 0.2487 0.3288 0.00000 7.474 1500.0 12.0 0.0000 0.0354 10.00 0.0628 0.0000 0.0000 9.451
-28.1250 -80.2688 0.3765 0.2831 0.3404 0.00000 7.624 1500.0 12.0 0.0000 0.0276 10.00 0.0628 0.0000 0.0000 10.759
-22.5000 -80.2688 0.4009 0.2684 0.3307 0.00000 7.556 1500.0 12.0 0.0000 0.0318 10.00 0.0628 0.0000 0.0000 10.199
-16.8750 -80.2688 0.4998 0.2085 0.2918 0.00000 7.489 1500.0 12.0 0.0000 0.0725 10.00 0.0628 0.0000 0.0000 7.923
-11.2500 -80.2688 0.4589 0.2316 0.3095 0.00000 7.559 1500.0 12.0 0.0000 0.0465 10.00 0.0628 0.0000 0.0000 8.801
-5.6250 -80.2688 0.4782 0.2149 0.3069 0.00000 7.610 1500.0 12.0 0.0000 0.0708 10.00 0.0628 0.0000 0.0000 8.165
0.0000 -85.7606 0.3439 0.2994 0.3567 0.00000 7.037 1500.0 12.0 0.0000 0.0249 10.00 0.0628 0.0000 0.0000 11.377
5.6250 -85.7606 0.4123 0.2552 0.3325 0.00000 7.007 1500.0 12.0 0.0000 0.0249 10.00 0.0628 0.0000 0.0000 9.697
11.2500 -85.7606 0.3751 0.2826 0.3422 0.00000 7.605 1500.0 12.0 0.0000 0.0253 10.00 0.0628 0.0000 0.0000 10.741
16.8750 -85.7606 0.3640 0.2881 0.3479 0.00000 7.740 1500.0 12.0 0.0000 0.0262 10.00 0.0628 0.0000 0.0000 10.947
22.5000 -85.7606 0.3543 0.2956 0.3501 0.00000 7.769 1500.0 12.0 0.0000 0.0271 10.00 0.0628 0.0000 0.0000 11.231
28.1250 -85.7606 0.3429 0.3024 0.3546 0.00000 7.964 1500.0 12.0 0.0000 0.0296 10.00 0.0628 0.0000 0.0000 11.492
33.7500 -85.7606 0.3063 0.3186 0.3751 0.00000 8.022 1500.0 12.0 0.0000 0.0330 10.00 0.0628 0.0000 0.0000 12.106
39.3750 -85.7606 0.3055 0.3196 0.3748 0.00000 7.126 1500.0 12.0 0.0000 0.0350 10.00 0.0628 0.0000 0.0000 12.147
45.0000 -85.7606 0.2991 0.3256 0.3753 0.00000 7.010 1500.0 12.0 0.0000 0.0392 10.00 0.0628 0.0000 0.0000 12.371
50.6250 -85.7606 0.3103 0.3161 0.3736 0.00000 7.017 1500.0 12.0 0.0000 0.0485 10.00 0.0628 0.0000 0.0000 12.013
56.2500 -85.7606 0.3352 0.3056 0.3592 0.00000 7.436 1500.0 12.0 0.0000 0.0617 10.00 0.0628 0.0000 0.0000 11.612
61.8750 -85.7606 0.3969 0.2636 0.3395 0.00000 7.526 1500.0 12.0 0.0000 0.0855 11.11 0.0628 0.0000 0.0000 10.018
67.5000 -85.7606 0.4130 0.2539 0.3331 0.00000 7.778 1500.0 12.0 0.0000 0.1122 14.42 0.0628 0.0000 0.0000 9.650
73.1250 -85.7606 0.4032 0.2598 0.3370 0.00000 7.657 1500.0 12.0 0.0000 0.0884 11.44 0.0628 0.0000 0.0000 9.873
78.7500 -85.7606 0.3883 0.2688 0.3429 0.00000 7.583 1500.0 12.0 0.0000 0.0724 10.00 0.0628 0.0000 0.0000 10.216
84.3750 -85.7606 0.3728 0.2782 0.3490 0.00000 7.539 1500.0 12.0 0.0000 0.0610 10.00 0.0628 0.0000 0.0000 10.571
90.0000 -85.7606 0.3478 0.2932 0.3589 0.00000 7.508 1500.0 12.0 0.0000 0.0522 10.00 0.0628 0.0000 0.0000 11.143
95.6250 -85.7606 0.3231 0.3081 0.3687 0.00000 7.484 1500.0 12.0 0.0000 0.0454 10.00 0.0628 0.0000 0.0000 11.709
101.2500 -85.7606 0.2995 0.3224 0.3781 0.00000 7.463 1500.0 12.0 0.0000 0.0400 10.00 0.0628 0.0000 0.0000 12.251
106.8750 -85.7606 0.2858 0.3306 0.3835 0.00000 7.451 1500.0 12.0 0.0000 0.0361 10.00 0.0628 0.0000 0.0000 12.565
112.5000 -85.7606 0.3130 0.3144 0.3726 0.00000 7.495 1500.0 12.0 0.0000 0.0360 10.00 0.0628 0.0000 0.0000 11.945
118.1250 -85.7606 0.3653 0.2848 0.3499 0.00000 7.674 1500.0 12.0 0.0000 0.0584 10.00 0.0628 0.0000 0.0000 10.823
123.7500 -85.7606 0.3193 0.3118 0.3689 0.00000 7.546 1500.0 12.0 0.0000 0.0445 10.00 0.0628 0.0000 0.0000 11.850
129.3750 -85.7606 0.2497 0.3525 0.3978 0.00000 7.222 1500.0 12.0 0.0000 0.0201 10.00 0.0628 0.0000 0.0000 13.395
135.0000 -85.7606 0.2516 0.3514 0.3970 0.00000 7.171 1500.0 12.0 0.0000 0.0206 10.00 0.0628 0.0000 0.0000 13.354
140.6250 -85.7606 0.2484 0.3540 0.3976 0.00000 7.159 1500.0 12.0 0.0000 0.0200 10.00 0.0628 0.0000 0.0000 13.453
146.2500 -85.7606 0.2486 0.3535 0.3978 0.00000 7.065 1500.0 12.0 0.0000 0.0200 10.00 0.0628 0.0000 0.0000 13.434
151.8750 -85.7606 0.2489 0.3529 0.3981 0.00000 6.956 1500.0 12.0 0.0000 0.0249 10.00 0.0628 0.0000 0.0000 13.411
157.5000 -85.7606 0.2527 0.3507 0.3967 0.00000 6.897 1500.0 12.0 0.0000 0.0250 10.00 0.0628 0.0000 0.0000 13.326
163.1250 -85.7606 0.2545 0.3496 0.3959 0.00000 6.818 1500.0 12.0 0.0000 0.0250 10.00 0.0628 0.0000 0.0000 13.284
168.7500 -85.7606 0.2557 0.3489 0.3955 0.00000 6.738 1500.0 12.0 0.0000 0.0250 10.00 0.0628 0.0000 0.0000 13.257
174.3750 -85.7606 0.2489 0.3530 0.3981 0.00000 6.592 1500.0 12.0 0.0000 0.0250 10.00 0.0628 0.0000 0.0000 13.412
180.0000 -85.7606 0.2489 0.3529 0.3981 0.00000 6.516 1500.0 12.0 0.0000 0.0249 10.00 0.0628 0.0000 0.0000 13.412
-174.3750 -85.7606 0.2524 0.3508 0.3968 0.00000 6.459 1500.0 12.0 0.0000 0.0250 10.00 0.0628 0.0000 0.0000 13.331
-168.7500 -85.7606 0.2531 0.3504 0.3965 0.00000 6.405 1500.0 12.0 0.0000 0.0250 10.00 0.0628 0.0000 0.0000 13.316
-163.1250 -85.7606 0.2496 0.3525 0.3979 0.00000 6.336 1500.0 12.0 0.0000 0.0250 10.00 0.0628 0.0000 0.0000 13.397
-157.5000 -85.7606 0.2489 0.3530 0.3981 0.00000 6.292 1500.0 12.0 0.0000 0.0250 10.00 0.0628 0.0000 0.0000 13.413
-151.8750 -85.7606 0.2489 0.3530 0.3981 0.00000 6.260 1500.0 12.0 0.0000 0.0250 10.00 0.0628 0.0000 0.0000 13.413
-146.2500 -85.7606 0.2489 0.3530 0.3981 0.00000 6.236 1500.0 12.0 0.0000 0.0250 10.00 0.0628 0.0000 0.0000 13.412
-140.6250 -85.7606 0.2489 0.3530 0.3981 0.00000 6.228 1500.0 12.0 0.0000 0.0250 10.00 0.0628 0.0000 0.0000 13.412
-135.0000 -85.7606 0.2489 0.3530 0.3981 0.00000 6.223 1500.0 12.0 0.0000 0.0250 10.00 0.0628 0.0000 0.0000 13.412
-129.3750 -85.7606 0.2489 0.3530 0.3981 0.00000 6.226 1500.0 12.0 0.0000 0.0250 10.00 0.0628 0.0000 0.0000 13.413
-123.7500 -85.7606 0.2489 0.3530 0.3981 0.00000 6.248 1500.0 12.0 0.0000 0.0250 10.00 0.0628 0.0000 0.0000 13.413
-118.1250 -85.7606 0.2489 0.3530 0.3981 0.00000 6.285 1500.0 12.0 0.0000 0.0250 10.00 0.0628 0.0000 0.0000 13.413
-112.5000 -85.7606 0.2497 0.3525 0.3978 0.00000 6.335 1500.0 12.0 0.0000 0.0200 10.00 0.0628 0.0000 0.0000 13.394
-106.8750 -85.7606 0.2489 0.3530 0.3981 0.00000 6.397 1500.0 12.0 0.0000 0.0200 10.00 0.0628 0.0000 0.0000 13.414
-101.2500 -85.7606 0.2489 0.3530 0.3981 0.00000 6.462 1500.0 12.0 0.0000 0.0200 10.00 0.0628 0.0000 0.0000 13.414
-95.6250 -85.7606 0.2489 0.3530 0.3981 0.00000 6.533 1500.0 12.0 0.0000 0.0200 10.00 0.0628 0.0000 0.0000 13.414
-90.0000 -85.7606 0.2496 0.3525 0.3978 0.00000 6.607 1500.0 12.0 0.0000 0.0200 10.00 0.0628 0.0000 0.0000 13.396
-84.3750 -85.7606 0.2489 0.3530 0.3981 0.00000 6.671 1500.0 12.0 0.0000 0.0200 10.00 0.0628 0.0000 0.0000 13.413
-78.7500 -85.7606 0.2520 0.3507 0.3973 0.00000 6.749 1500.0 12.0 0.0000 0.0200 10.00 0.0628 0.0000 0.0000 13.326
-73.1250 -85.7606 0.2489 0.3530 0.3981 0.00000 6.780 1500.0 12.0 0.0000 0.0200 10.00 0.0628 0.0000 0.0000 13.413
-67.5000 -85.7606 0.2491 0.3528 0.3981 0.00000 6.837 1500.0 12.0 0.0000 0.0204 10.00 0.0628 0.0000 0.0000 13.407
-61.8750 -85.7606 0.2569 0.3471 0.3961 0.00000 6.906 1500.0 12.0 0.0000 0.0287 10.00 0.0628 0.0000 0.0000 13.189
-56.2500 -85.7606 0.2624 0.3430 0.3946 0.00000 7.042 1500.0 12.0 0.0000 0.0331 10.00 0.0628 0.0000 0.0000 13.033
-50.6250 -85.7606 0.2765 0.3326 0.3909 0.00000 7.126 1500.0 12.0 0.0000 0.0391 10.00 0.0628 0.0000 0.0000 12.637
-45.0000 -85.7606 0.3088 0.3087 0.3824 0.00000 7.264 1500.0 12.0 0.0000 0.0483 10.00 0.0628 0.0000 0.0000 11.731
-39.3750 -85.7606 0.2976 0.3175 0.3849 0.00000 7.370 1500.0 12.0 0.0000 0.0601 10.00 0.0628 0.0000 0.0000 12.066
-33.7500 -85.7606 0.3374 0.2914 0.3711 0.00000 7.228 1500.0 12.0 0.0000 0.0482 10.00 0.0628 0.0000 0.0000 11.074
-28.1250 -85.7606 0.3915 0.2588 0.3497 0.00000 7.113 1500.0 12.0 0.0000 0.0381 10.00 0.0628 0.0000 0.0000 9.835
-22.5000 -85.7606 0.3835 0.2655 0.3510 0.00000 6.975 1500.0 12.0 0.0000 0.0310 10.00 0.0628 0.0000 0.0000 10.090
-16.8750 -85.7606 0.3454 0.2952 0.3594 0.00000 7.143 1500.0 12.0 0.0000 0.0264 10.00 0.0628 0.0000 0.0000 11.216
-11.2500 -85.7606 0.3584 0.2865 0.3551 0.00000 7.101 1500.0 12.0 0.0000 0.0252 10.00 0.0628 0.0000 0.0000 10.886
-5.6250 -85.7606 0.3307 0.3058 0.3635 0.00000 7.100 1500.0 12.0 0.0000 0.0249 10.00 0.0628 0.0000 0.0000 11.621
