Lon Lat sand clay silt orgc ph bulkdensity cn soilc depth awc bedrockfrac
0.0000 87.8638 0.5106 0.2012 0.2883 0.00000 6.711 1500.0 12.0 0.0000 0.5118 61.18 0.0810
2.8125 87.8638 0.5022 0.2051 0.2927 0.00000 6.732 1500.0 12.0 0.0000 0.6033 72.61 0.0797
5.6250 87.8638 0.4931 0.2090 0.2979 0.00000 6.759 1500.0 12.0 0.0000 0.5704 69.18 0.0767
8.4375 87.8638 0.5109 0.1998 0.2893 0.00000 6.727 1500.0 12.0 0.0000 0.6196 74.10 0.0753
11.2500 87.8638 0.5028 0.2035 0.2937 0.00000 6.749 1500.0 12.0 0.0000 0.5967 71.84 0.0733
14.0625 87.8638 0.5201 0.1945 0.2854 0.00000 6.718 1500.0 12.0 0.0000 0.6459 76.71 0.0719
16.8750 87.8638 0.5103 0.1989 0.2908 0.00000 6.744 1500.0 12.0 0.0000 0.5981 71.61 0.0692
19.6875 87.8638 0.5069 0.2003 0.2928 0.00000 6.753 1500.0 12.0 0.0000 0.5985 71.86 0.0681
22.5000 87.8638 0.5287 0.1892 0.2821 0.00000 6.713 1500.0 12.0 0.0000 0.6643 78.41 0.0669
25.3125 87.8638 0.5209 0.1930 0.2861 0.00000 6.729 1500.0 12.0 0.0000 0.6758 80.27 0.0666
28.1250 87.8638 0.5109 0.1972 0.2919 0.00000 6.762 1500.0 12.0 0.0000 0.5897 70.64 0.0628
36.5625 87.8638 0.4967 0.2043 0.2990 0.00000 6.796 1500.0 12.0 0.0000 0.7578 91.79 0.0628
39.3750 87.8638 0.5154 0.1950 0.2896 0.00000 6.762 1500.0 12.0 0.0000 0.9331 111.37 0.0628
42.1875 87.8638 0.4911 0.2053 0.3036 0.00000 6.774 1500.0 12.0 0.0000 1.0253 124.87 0.0628
47.8125 87.8638 0.5183 0.1935 0.2882 0.00000 6.756 1500.0 12.0 0.0000 0.9575 114.01 0.0628
50.6250 87.8638 0.5060 0.1994 0.2946 0.00000 6.775 1500.0 12.0 0.0000 0.9292 111.75 0.0628
53.4375 87.8638 0.5062 0.1996 0.2942 0.00000 6.781 1500.0 12.0 0.0000 0.9229 110.95 0.0628
56.2500 87.8638 0.5046 0.2004 0.2950 0.00000 6.784 1500.0 12.0 0.0000 0.9092 109.44 0.0628
59.0625 87.8638 0.5041 0.2000 0.2959 0.00000 6.772 1500.0 12.0 0.0000 0.9081 109.40 0.0628
61.8750 87.8638 0.5201 0.1926 0.2873 0.00000 6.753 1500.0 12.0 0.0000 0.9209 109.50 0.0628
64.6875 87.8638 0.5209 0.1923 0.2869 0.00000 6.751 1500.0 12.0 0.0000 0.8908 105.86 0.0628
67.5000 87.8638 0.5394 0.1819 0.2787 0.00000 6.692 1500.0 12.0 0.0000 0.9550 111.88 0.0628
70.3125 87.8638 0.5279 0.1887 0.2834 0.00000 6.737 1500.0 12.0 0.0000 0.8284 97.88 0.0628
73.1250 87.8638 0.5215 0.1919 0.2866 0.00000 6.750 1500.0 12.0 0.0000 0.7598 90.24 0.0628
75.9375 87.8638 0.5277 0.1888 0.2834 0.00000 6.738 1500.0 12.0 0.0000 0.7313 86.43 0.0628
78.7500 87.8638 0.5138 0.1951 0.2911 0.00000 6.752 1500.0 12.0 0.0000 0.6592 78.81 0.0628
81.5625 87.8638 0.5049 0.2002 0.2949 0.00000 6.783 1500.0 12.0 0.0000 0.5808 69.89 0.0628
84.3750 87.8638 0.5142 0.1951 0.2907 0.00000 6.755 1500.0 12.0 0.0000 0.5715 68.30 0.0628
87.1875 87.8638 0.5057 0.1998 0.2945 0.00000 6.782 1500.0 12.0 0.0000 0.5078 61.07 0.0628
90.0000 87.8638 0.4828 0.2099 0.3072 0.00000 6.789 1500.0 12.0 0.0000 0.4724 57.89 0.0628
92.8125 87.8638 0.4619 0.2184 0.3197 0.00000 6.777 1500.0 12.0 0.0000 0.4548 56.69 0.0628
95.6250 87.8638 0.4477 0.2241 0.3282 0.00000 6.767 1500.0 12.0 0.0000 0.4403 55.52 0.0628
98.4375 87.8638 0.4603 0.2190 0.3207 0.00000 6.778 1500.0 12.0 0.0000 0.4075 50.87 0.0628
101.2500 87.8638 0.4360 0.2288 0.3352 0.00000 6.772 1500.0 12.0 0.0000 0.3917 49.86 0.0628
104.0625 87.8638 0.4617 0.2184 0.3199 0.00000 6.784 1500.0 12.0 0.0000 0.3719 46.37 0.0628
106.8750 87.8638 0.4744 0.2133 0.3123 0.00000 6.794 1500.0 12.0 0.0000 0.3558 43.90 0.0628
109.6875 87.8638 0.4662 0.2166 0.3172 0.00000 6.800 1500.0 12.0 0.0000 0.3422 42.51 0.0628
112.5000 87.8638 0.4813 0.2105 0.3082 0.00000 6.800 1500.0 12.0 0.0000 0.3447 42.29 0.0628
115.3125 87.8638 0.4599 0.2192 0.3209 0.00000 6.778 1500.0 12.0 0.0000 0.3688 46.05 0.0628
118.1250 87.8638 0.4729 0.2139 0.3132 0.00000 6.794 1500.0 12.0 0.0000 0.3606 44.55 0.0628
120.9375 87.8638 0.4501 0.2232 0.3267 0.00000 6.762 1500.0 12.0 0.0000 0.4107 51.69 0.0628
123.7500 87.8638 0.4886 0.2076 0.3039 0.00000 6.800 1500.0 12.0 0.0000 0.3938 48.03 0.0628
126.5625 87.8638 0.4673 0.2162 0.3165 0.00000 6.780 1500.0 12.0 0.0000 0.4481 55.62 0.0628
129.3750 87.8638 0.4967 0.2043 0.2990 0.00000 6.800 1500.0 12.0 0.0000 0.4764 57.70 0.0628
132.1875 87.8638 0.4968 0.2042 0.2990 0.00000 6.800 1500.0 12.0 0.0000 0.5433 65.81 0.0628
135.0000 87.8638 0.4967 0.2043 0.2990 0.00000 6.800 1500.0 12.0 0.0000 0.6553 79.38 0.0628
137.8125 87.8638 0.4968 0.2042 0.2990 0.00000 6.800 1500.0 12.0 0.0000 0.7728 93.60 0.0628
140.6250 87.8638 0.4967 0.2043 0.2990 0.00000 6.800 1500.0 12.0 0.0000 0.6337 76.75 0.0628
143.4375 87.8638 0.4968 0.2042 0.2990 0.00000 6.800 1500.0 12.0 0.0000 0.5300 64.20 0.0628
146.2500 87.8638 0.4968 0.2042 0.2990 0.00000 6.787 1500.0 12.0 0.0000 0.4177 50.60 0.0628
149.0625 87.8638 0.4959 0.2053 0.2987 0.00000 6.775 1500.0 12.0 0.0000 0.4176 50.59 0.0661
151.8750 87.8638 0.4943 0.2074 0.2983 0.00000 6.759 1500.0 12.0 0.0000 0.4559 55.26 0.0721
154.6875 87.8638 0.4459 0.2372 0.3169 0.00000 7.290 1500.0 12.0 0.0000 0.4169 52.30 0.0740
157.5000 87.8638 0.4518 0.2344 0.3138 0.00000 7.198 1500.0 12.0 0.0000 0.4125 51.51 0.0782
160.3125 87.8638 0.3989 0.2675 0.3336 0.00000 7.765 1500.0 12.0 0.0000 0.3880 50.21 0.0824
163.1250 87.8638 0.3779 0.2811 0.3411 0.00000 7.981 1500.0 12.0 0.0000 0.3645 47.82 0.0857
165.9375 87.8638 0.4105 0.2608 0.3287 0.00000 7.622 1500.0 12.0 0.0000 0.3412 43.80 0.0842
168.7500 87.8638 0.4409 0.2413 0.3178 0.00000 7.312 1500.0 12.0 0.0000 0.3021 38.00 0.0800
171.5625 87.8638 0.4277 0.2475 0.3248 0.00000 7.513 1500.0 12.0 0.0000 0.2284 29.03 0.0705
174.3750 87.8638 0.3696 0.2865 0.3439 0.00000 8.062 1500.0 12.0 0.0000 0.2785 36.74 0.0880
177.1875 87.8638 0.3474 0.3019 0.3506 0.00000 8.260 1500.0 12.0 0.0000 0.2769 37.02 0.0953
180.0000 87.8638 0.3611 0.2973 0.3417 0.00000 8.054 1500.0 12.0 0.0000 0.2673 35.35 0.0996
-177.1875 87.8638 0.3874 0.2870 0.3256 0.00000 7.679 1500.0 12.0 0.0000 0.2607 33.77 0.1052
-174.3750 87.8638 0.3946 0.2759 0.3295 0.00000 7.623 1500.0 12.0 0.0000 0.2574 33.31 0.1107
-171.5625 87.8638 0.3581 0.3001 0.3418 0.00000 7.984 1500.0 12.0 0.0000 0.2451 32.46 0.1172
-168.7500 87.8638 0.3906 0.2746 0.3348 0.00000 7.223 1500.0 12.0 0.0000 0.2651 34.46 0.1204
-165.9375 87.8638 0.3451 0.2964 0.3584 0.00000 7.206 1500.0 12.0 0.0000 0.2874 38.62 0.1249
-163.1250 87.8638 0.3694 0.2827 0.3479 0.00000 6.944 1500.0 12.0 0.0000 0.2792 36.90 0.1292
-160.3125 87.8638 0.2939 0.3155 0.3906 0.00000 6.738 1500.0 12.0 0.0000 0.3686 51.49 0.1329
-157.5000 87.8638 0.3257 0.3097 0.3646 0.00000 7.229 1500.0 12.0 0.0000 0.2667 36.27 0.1368
-154.6875 87.8638 0.3395 0.2930 0.3675 0.00000 6.490 1500.0 12.0 0.0000 0.3188 43.15 0.1401
-151.8750 87.8638 0.3122 0.3273 0.3605 0.00000 7.272 1500.0 12.0 0.0000 0.2448 33.41 0.1427
-149.0625 87.8638 0.3467 0.2915 0.3618 0.00000 6.487 1500.0 12.0 0.0000 0.2856 38.43 0.1467
-146.2500 87.8638 0.3021 0.3258 0.3721 0.00000 6.680 1500.0 12.0 0.0000 0.2790 38.48 0.1485
-143.4375 87.8638 0.3051 0.3158 0.3790 0.00000 6.441 1500.0 12.0 0.0000 0.3009 41.60 0.1518
-140.6250 87.8638 0.2755 0.3359 0.3886 0.00000 6.674 1500.0 12.0 0.0000 0.3044 42.82 0.1544
-137.8125 87.8638 0.3364 0.3000 0.3636 0.00000 6.506 1500.0 12.0 0.0000 0.2680 36.25 0.1571
-135.0000 87.8638 0.3199 0.3045 0.3756 0.00000 6.250 1500.0 12.0 0.0000 0.3080 42.23 0.1593
-132.1875 87.8638 0.3361 0.2982 0.3658 0.00000 6.256 1500.0 12.0 0.0000 0.2899 39.27 0.1620
-129.3750 87.8638 0.2964 0.3212 0.3824 0.00000 6.317 1500.0 12.0 0.0000 0.3125 43.43 0.1644
-126.5625 87.8638 0.2991 0.3280 0.3729 0.00000 6.679 1500.0 12.0 0.0000 0.2615 36.12 0.1674
-123.7500 87.8638 0.2875 0.3373 0.3752 0.00000 7.172 1500.0 12.0 0.0000 0.2372 32.97 0.1689
-120.9375 87.8638 0.2852 0.3495 0.3653 0.00000 7.503 1500.0 12.0 0.0000 0.2029 28.09 0.1711
-118.1250 87.8638 0.2968 0.3404 0.3628 0.00000 7.275 1500.0 12.0 0.0000 0.2021 27.80 0.1713
-115.3125 87.8638 0.2645 0.3644 0.3711 0.00000 7.733 1500.0 12.0 0.0000 0.1994 27.94 0.1720
-112.5000 87.8638 0.2774 0.3498 0.3728 0.00000 7.074 1500.0 12.0 0.0000 0.2407 33.57 0.1726
-109.6875 87.8638 0.2890 0.3406 0.3704 0.00000 7.432 1500.0 12.0 0.0000 0.2122 29.40 0.1719
-106.8750 87.8638 0.3406 0.3027 0.3567 0.00000 6.508 1500.0 12.0 0.0000 0.2813 37.84 0.1716
-104.0625 87.8638 0.3472 0.2966 0.3562 0.00000 6.346 1500.0 12.0 0.0000 0.3156 42.33 0.1722
-101.2500 87.8638 0.4011 0.2689 0.3300 0.00000 6.225 1500.0 12.0 0.0000 0.3826 49.36 0.1717
-98.4375 87.8638 0.4005 0.2656 0.3338 0.00000 6.151 1500.0 12.0 0.0000 0.3531 45.67 0.1705
-95.6250 87.8638 0.3412 0.2950 0.3639 0.00000 6.229 1500.0 12.0 0.0000 0.2840 38.34 0.1705
-92.8125 87.8638 0.3097 0.3185 0.3719 0.00000 6.425 1500.0 12.0 0.0000 0.3273 44.98 0.1702
-90.0000 87.8638 0.3786 0.2933 0.3281 0.00000 6.739 1500.0 12.0 0.0000 0.3423 44.58 0.1700
-87.1875 87.8638 0.3618 0.3159 0.3223 0.00000 7.621 1500.0 12.0 0.0000 0.2693 35.23 0.1703
-84.3750 87.8638 0.4635 0.2472 0.2893 0.00000 6.513 1500.0 12.0 0.0000 0.3342 40.92 0.1685
-81.5625 87.8638 0.4774 0.2419 0.2807 0.00000 6.963 1500.0 12.0 0.0000 0.2931 35.47 0.1678
-78.7500 87.8638 0.5158 0.2149 0.2693 0.00000 6.322 1500.0 12.0 0.0000 0.2731 32.20 0.1664
-75.9375 87.8638 0.4890 0.2289 0.2821 0.00000 6.379 1500.0 12.0 0.0000 0.2673 32.18 0.1661
-73.1250 87.8638 0.4710 0.2379 0.2910 0.00000 6.420 1500.0 12.0 0.0000 0.2569 31.37 0.1659
-70.3125 87.8638 0.4719 0.2370 0.2911 0.00000 6.426 1500.0 12.0 0.0000 0.2574 31.42 0.1649
-67.5000 87.8638 0.4723 0.2365 0.2912 0.00000 6.433 1500.0 12.0 0.0000 0.2635 32.16 0.1636
-64.6875 87.8638 0.4729 0.2357 0.2914 0.00000 6.445 1500.0 12.0 0.0000 0.2721 33.20 0.1612
-61.8750 87.8638 0.4735 0.2346 0.2919 0.00000 6.473 1500.0 12.0 0.0000 0.2943 35.91 0.1551
-59.0625 87.8638 0.4740 0.2339 0.2920 0.00000 6.485 1500.0 12.0 0.0000 0.3052 37.23 0.1526
-56.2500 87.8638 0.4785 0.2281 0.2935 0.00000 6.560 1500.0 12.0 0.0000 0.3221 39.24 0.1342
-53.4375 87.8638 0.4811 0.2246 0.2943 0.00000 6.603 1500.0 12.0 0.0000 0.3329 40.52 0.1235
-50.6250 87.8638 0.4847 0.2200 0.2953 0.00000 6.655 1500.0 12.0 0.0000 0.3353 40.77 0.1096
-47.8125 87.8638 0.4859 0.2183 0.2957 0.00000 6.672 1500.0 12.0 0.0000 0.3391 41.21 0.1047
-45.0000 87.8638 0.4956 0.2057 0.2986 0.00000 6.778 1500.0 12.0 0.0000 0.2303 27.90 0.0672
-42.1875 87.8638 0.4929 0.2093 0.2978 0.00000 6.755 1500.0 12.0 0.0000 0.2723 33.02 0.0775
-39.3750 87.8638 0.4904 0.2125 0.2971 0.00000 6.729 1500.0 12.0 0.0000 0.3266 39.65 0.0871
-36.5625 87.8638 0.4884 0.2151 0.2965 0.00000 6.708 1500.0 12.0 0.0000 0.3631 44.09 0.0947
-33.7500 87.8638 0.4842 0.2206 0.2952 0.00000 6.656 1500.0 12.0 0.0000 0.4048 49.23 0.1110
-30.9375 87.8638 0.4854 0.2191 0.2956 0.00000 6.671 1500.0 12.0 0.0000 0.4098 49.82 0.1067
-28.1250 87.8638 0.4869 0.2170 0.2961 0.00000 6.692 1500.0 12.0 0.0000 0.4114 49.99 0.1004
-25.3125 87.8638 0.4908 0.2119 0.2972 0.00000 6.737 1500.0 12.0 0.0000 0.4453 54.04 0.0851
-22.5000 87.8638 0.4893 0.2140 0.2968 0.00000 6.720 1500.0 12.0 0.0000 0.4100 49.78 0.0913
-19.6875 87.8638 0.4886 0.2149 0.2966 0.00000 6.713 1500.0 12.0 0.0000 0.4332 52.61 0.0940
-16.8750 87.8638 0.4902 0.2128 0.2970 0.00000 6.730 1500.0 12.0 0.0000 0.4218 51.20 0.0879
-11.2500 87.8638 0.4908 0.2120 0.2972 0.00000 6.737 1500.0 12.0 0.0000 0.4375 53.09 0.0855
-8.4375 87.8638 0.4900 0.2130 0.2970 0.00000 6.730 1500.0 12.0 0.0000 0.4710 57.17 0.0883
-5.6250 87.8638 0.4912 0.2114 0.2973 0.00000 6.742 1500.0 12.0 0.0000 0.4597 55.79 0.0839
-2.8125 87.8638 0.4916 0.2110 0.2975 0.00000 6.745 1500.0 12.0 0.0000 0.4683 56.81 0.0825
39.3750 85.0965 0.6133 0.1461 0.2406 0.00000 6.566 1500.0 12.0 0.0000 1.7170 188.95 0.0628
42.1875 85.0965 0.6557 0.1249 0.2194 0.00000 6.480 1500.0 12.0 0.0000 2.3969 254.11 0.0628
45.0000 85.0965 0.6424 0.1315 0.2261 0.00000 6.507 1500.0 12.0 0.0000 2.0519 220.13 0.0628
47.8125 85.0965 0.6486 0.1284 0.2230 0.00000 6.495 1500.0 12.0 0.0000 1.9894 212.25 0.0628
50.6250 85.0965 0.6580 0.1237 0.2183 0.00000 6.476 1500.0 12.0 0.0000 2.0027 211.88 0.0628
53.4375 85.0965 0.6616 0.1219 0.2165 0.00000 6.468 1500.0 12.0 0.0000 1.9272 203.24 0.0628
56.2500 85.0965 0.6476 0.1289 0.2235 0.00000 6.497 1500.0 12.0 0.0000 1.5855 169.32 0.0628
59.0625 85.0965 0.6488 0.1283 0.2229 0.00000 6.494 1500.0 12.0 0.0000 1.5073 160.79 0.0628
61.8750 85.0965 0.6460 0.1297 0.2243 0.00000 6.500 1500.0 12.0 0.0000 1.3932 148.98 0.0628
64.6875 85.0965 0.6452 0.1301 0.2247 0.00000 6.502 1500.0 12.0 0.0000 1.3233 141.61 0.0628
67.5000 85.0965 0.6067 0.1493 0.2440 0.00000 6.579 1500.0 12.0 0.0000 0.9417 104.22 0.0628
70.3125 85.0965 0.5850 0.1602 0.2548 0.00000 6.623 1500.0 12.0 0.0000 0.7993 90.11 0.0628
73.1250 85.0965 0.5442 0.1806 0.2752 0.00000 6.705 1500.0 12.0 0.0000 0.6348 74.03 0.0628
75.9375 85.0965 0.5350 0.1852 0.2798 0.00000 6.723 1500.0 12.0 0.0000 0.6058 71.17 0.0628
78.7500 85.0965 0.5161 0.1947 0.2893 0.00000 6.761 1500.0 12.0 0.0000 0.5627 67.12 0.0628
81.5625 85.0965 0.5097 0.1978 0.2925 0.00000 6.774 1500.0 12.0 0.0000 0.5605 67.20 0.0628
84.3750 85.0965 0.5033 0.2010 0.2957 0.00000 6.787 1500.0 12.0 0.0000 0.4711 56.77 0.0628
87.1875 85.0965 0.4989 0.2032 0.2979 0.00000 6.796 1500.0 12.0 0.0000 0.4877 58.97 0.0628
90.0000 85.0965 0.4967 0.2043 0.2990 0.00000 6.800 1500.0 12.0 0.0000 0.4580 55.48 0.0628
92.8125 85.0965 0.4968 0.2042 0.2990 0.00000 6.800 1500.0 12.0 0.0000 0.4310 52.20 0.0628
95.6250 85.0965 0.4967 0.2043 0.2990 0.00000 6.800 1500.0 12.0 0.0000 0.4099 49.65 0.0628
98.4375 85.0965 0.4967 0.2043 0.2990 0.00000 6.800 1500.0 12.0 0.0000 0.3910 47.36 0.0628
101.2500 85.0965 0.4967 0.2043 0.2990 0.00000 6.800 1500.0 12.0 0.0000 0.3749 45.41 0.0628
104.0625 85.0965 0.4967 0.2043 0.2990 0.00000 6.800 1500.0 12.0 0.0000 0.3628 43.94 0.0628
106.8750 85.0965 0.4967 0.2043 0.2990 0.00000 6.800 1500.0 12.0 0.0000 0.3547 42.96 0.0628
109.6875 85.0965 0.4967 0.2043 0.2990 0.00000 6.800 1500.0 12.0 0.0000 0.3499 42.38 0.0628
112.5000 85.0965 0.4967 0.2043 0.2990 0.00000 6.800 1500.0 12.0 0.0000 0.3491 42.29 0.0628
115.3125 85.0965 0.4788 0.2151 0.3061 0.00000 7.000 1500.0 12.0 0.0000 0.3488 42.80 0.0628
118.1250 85.0965 0.4507 0.2321 0.3172 0.00000 7.314 1500.0 12.0 0.0000 0.3512 43.95 0.0628
120.9375 85.0965 0.4627 0.2248 0.3124 0.00000 7.180 1500.0 12.0 0.0000 0.3670 45.55 0.0628
123.7500 85.0965 0.4592 0.2287 0.3121 0.00000 7.205 1500.0 12.0 0.0000 0.3853 47.88 0.0628
126.5625 85.0965 0.4967 0.2043 0.2990 0.00000 6.800 1500.0 12.0 0.0000 0.4296 52.04 0.0628
129.3750 85.0965 0.4967 0.2043 0.2990 0.00000 6.800 1500.0 12.0 0.0000 0.4769 57.77 0.0628
132.1875 85.0965 0.4967 0.2043 0.2990 0.00000 6.800 1500.0 12.0 0.0000 0.5472 66.29 0.0628
135.0000 85.0965 0.4967 0.2043 0.2990 0.00000 6.800 1500.0 12.0 0.0000 0.4760 57.66 0.0628
137.8125 85.0965 0.4967 0.2043 0.2990 0.00000 6.800 1500.0 12.0 0.0000 0.3826 46.34 0.0628
140.6250 85.0965 0.4967 0.2043 0.2990 0.00000 6.800 1500.0 12.0 0.0000 0.3161 38.28 0.0628
143.4375 85.0965 0.4967 0.2043 0.2990 0.00000 6.800 1500.0 12.0 0.0000 0.2689 32.57 0.0628
146.2500 85.0965 0.4967 0.2043 0.2990 0.00000 6.800 1500.0 12.0 0.0000 0.2334 28.27 0.0628
149.0625 85.0965 0.4968 0.2042 0.2990 0.00000 6.800 1500.0 12.0 0.0000 0.2072 25.09 0.0628
151.8750 85.0965 0.4516 0.2308 0.3175 0.00000 7.267 1500.0 12.0 0.0000 0.1851 23.16 0.0628
154.6875 85.0965 0.3966 0.2627 0.3408 0.00000 7.794 1500.0 12.0 0.0000 0.1713 22.28 0.0628
157.5000 85.0965 0.3379 0.2960 0.3660 0.00000 8.316 1500.0 12.0 0.0000 0.1641 22.21 0.0628
160.3125 85.0965 0.3176 0.3183 0.3641 0.00000 8.696 1500.0 12.0 0.0000 0.1465 19.99 0.0628
163.1250 85.0965 0.3710 0.2806 0.3485 0.00000 8.036 1500.0 12.0 0.0000 0.1546 20.43 0.0628
165.9375 85.0965 0.4043 0.2599 0.3358 0.00000 7.625 1500.0 12.0 0.0000 0.1651 21.34 0.0628
168.7500 85.0965 0.3970 0.2449 0.3580 0.00000 6.754 1500.0 12.0 0.0000 0.2528 33.18 0.0628
171.5625 85.0965 0.3623 0.2633 0.3744 0.00000 6.953 1500.0 12.0 0.0000 0.2507 33.71 0.0628
174.3750 85.0965 0.3296 0.2929 0.3775 0.00000 7.704 1500.0 12.0 0.0000 0.2984 40.78 0.0719
177.1875 85.0965 0.2775 0.3264 0.3961 0.00000 8.072 1500.0 12.0 0.0000 0.4235 59.75 0.0869
180.0000 85.0965 0.2567 0.3527 0.3906 0.00000 8.394 1500.0 12.0 0.0000 0.4162 59.07 0.0992
-177.1875 85.0965 0.2669 0.3334 0.3998 0.00000 7.404 1500.0 12.0 0.0000 0.5287 75.06 0.1110
-174.3750 85.0965 0.2607 0.3510 0.3883 0.00000 7.786 1500.0 12.0 0.0000 0.4468 63.24 0.1193
-171.5625 85.0965 0.2412 0.3719 0.3868 0.00000 8.528 1500.0 12.0 0.0000 0.3680 52.48 0.1264
-168.7500 85.0965 0.2480 0.3612 0.3908 0.00000 8.186 1500.0 12.0 0.0000 0.3871 55.16 0.1318
-165.9375 85.0965 0.2522 0.3573 0.3905 0.00000 7.692 1500.0 12.0 0.0000 0.4077 57.98 0.1382
-163.1250 85.0965 0.2414 0.3744 0.3842 0.00000 8.048 1500.0 12.0 0.0000 0.3629 51.67 0.1433
-160.3125 85.0965 0.2372 0.3766 0.3861 0.00000 8.624 1500.0 12.0 0.0000 0.3235 46.20 0.1475
-157.5000 85.0965 0.2361 0.3791 0.3848 0.00000 8.587 1500.0 12.0 0.0000 0.3156 45.06 0.1503
-154.6875 85.0965 0.2456 0.3674 0.3870 0.00000 8.157 1500.0 12.0 0.0000 0.3402 48.43 0.1527
-151.8750 85.0965 0.2522 0.3557 0.3920 0.00000 7.542 1500.0 12.0 0.0000 0.3913 55.68 0.1550
-149.0625 85.0965 0.2585 0.3470 0.3945 0.00000 7.121 1500.0 12.0 0.0000 0.4316 61.34 0.1571
-146.2500 85.0965 0.2743 0.3323 0.3934 0.00000 6.629 1500.0 12.0 0.0000 0.4992 70.43 0.1583
-143.4375 85.0965 0.2818 0.3224 0.3958 0.00000 6.194 1500.0 12.0 0.0000 0.5605 78.92 0.1609
-140.6250 85.0965 0.2724 0.3316 0.3960 0.00000 6.428 1500.0 12.0 0.0000 0.4954 70.03 0.1639
-137.8125 85.0965 0.2710 0.3514 0.3776 0.00000 7.348 1500.0 12.0 0.0000 0.3278 45.95 0.1668
-135.0000 85.0965 0.2932 0.3332 0.3735 0.00000 6.916 1500.0 12.0 0.0000 0.3687 51.08 0.1704
-132.1875 85.0965 0.2792 0.3405 0.3804 0.00000 6.804 1500.0 12.0 0.0000 0.3642 50.95 0.1750
-129.3750 85.0965 0.2669 0.3396 0.3934 0.00000 6.597 1500.0 12.0 0.0000 0.3640 51.51 0.1796
-126.5625 85.0965 0.2898 0.3276 0.3826 0.00000 6.393 1500.0 12.0 0.0000 0.3992 55.65 0.1841
-123.7500 85.0965 0.2715 0.3503 0.3782 0.00000 7.085 1500.0 12.0 0.0000 0.2942 41.25 0.1881
-120.9375 85.0965 0.2645 0.3456 0.3899 0.00000 6.824 1500.0 12.0 0.0000 0.3095 43.76 0.1915
-118.1250 85.0965 0.2563 0.3580 0.3857 0.00000 6.799 1500.0 12.0 0.0000 0.3284 46.51 0.1945
-115.3125 85.0965 0.2649 0.3487 0.3864 0.00000 6.302 1500.0 12.0 0.0000 0.3825 53.99 0.1972
-112.5000 85.0965 0.2614 0.3520 0.3866 0.00000 6.790 1500.0 12.0 0.0000 0.3155 44.60 0.1987
-109.6875 85.0965 0.2603 0.3541 0.3856 0.00000 6.848 1500.0 12.0 0.0000 0.3185 45.03 0.1993
-106.8750 85.0965 0.2655 0.3460 0.3885 0.00000 6.503 1500.0 12.0 0.0000 0.4243 59.94 0.2002
-104.0625 85.0965 0.2718 0.3570 0.3712 0.00000 7.401 1500.0 12.0 0.0000 0.3162 44.17 0.2007
-101.2500 85.0965 0.2791 0.3560 0.3649 0.00000 7.357 1500.0 12.0 0.0000 0.3406 47.27 0.2015
-98.4375 85.0965 0.2788 0.3407 0.3806 0.00000 6.596 1500.0 12.0 0.0000 0.5165 72.27 0.2013
-95.6250 85.0965 0.3430 0.3048 0.3522 0.00000 6.228 1500.0 12.0 0.0000 0.7635 102.37 0.1995
-92.8125 85.0965 0.4303 0.2676 0.3021 0.00000 6.449 1500.0 12.0 0.0000 0.8210 102.90 0.1972
-90.0000 85.0965 0.4331 0.2782 0.2888 0.00000 7.288 1500.0 12.0 0.0000 0.6648 82.59 0.1955
-87.1875 85.0965 0.4902 0.2515 0.2583 0.00000 7.033 1500.0 12.0 0.0000 0.9461 112.28 0.1955
-84.3750 85.0965 0.6134 0.1758 0.2108 0.00000 6.139 1500.0 12.0 0.0000 1.9687 212.53 0.1945
-81.5625 85.0965 0.6381 0.1605 0.2013 0.00000 5.943 1500.0 12.0 0.0000 1.9404 205.31 0.1931
-78.7500 85.0965 0.5950 0.1815 0.2235 0.00000 6.054 1500.0 12.0 0.0000 1.2086 132.88 0.1903
-75.9375 85.0965 0.5640 0.1968 0.2391 0.00000 6.131 1500.0 12.0 0.0000 0.9270 104.66 0.1894
-73.1250 85.0965 0.5338 0.2112 0.2550 0.00000 6.219 1500.0 12.0 0.0000 0.8936 103.50 0.1858
-70.3125 85.0965 0.4862 0.2338 0.2800 0.00000 6.348 1500.0 12.0 0.0000 0.6780 81.65 0.1813
-67.5000 85.0965 0.4686 0.2411 0.2903 0.00000 6.418 1500.0 12.0 0.0000 0.6017 73.53 0.1759
-64.6875 85.0965 0.4701 0.2391 0.2908 0.00000 6.452 1500.0 12.0 0.0000 0.6126 74.83 0.1690
-61.8750 85.0965 0.4727 0.2356 0.2917 0.00000 6.504 1500.0 12.0 0.0000 0.6407 78.20 0.1569
-59.0625 85.0965 0.4757 0.2316 0.2927 0.00000 6.555 1500.0 12.0 0.0000 0.6637 80.93 0.1444
-56.2500 85.0965 0.4803 0.2257 0.2941 0.00000 6.621 1500.0 12.0 0.0000 0.6811 82.94 0.1263
-53.4375 85.0965 0.4867 0.2172 0.2960 0.00000 6.702 1500.0 12.0 0.0000 0.6529 79.33 0.1010
-50.6250 85.0965 0.4967 0.2043 0.2990 0.00000 6.800 1500.0 12.0 0.0000 0.3126 37.87 0.0628
-47.8125 85.0965 0.4967 0.2043 0.2990 0.00000 6.800 1500.0 12.0 0.0000 0.3275 39.67 0.0628
-45.0000 85.0965 0.4967 0.2043 0.2990 0.00000 6.800 1500.0 12.0 0.0000 0.3471 42.04 0.0628
-42.1875 85.0965 0.4967 0.2044 0.2990 0.00000 6.789 1500.0 12.0 0.0000 0.3439 41.66 0.0628
-39.3750 85.0965 0.4902 0.2128 0.2970 0.00000 6.744 1500.0 12.0 0.0000 0.7766 94.26 0.0876
-36.5625 85.0965 0.4898 0.2133 0.2969 0.00000 6.741 1500.0 12.0 0.0000 0.8559 103.91 0.0894
-33.7500 85.0965 0.4923 0.2100 0.2977 0.00000 6.762 1500.0 12.0 0.0000 0.7816 94.81 0.0796
42.1875 82.3129 0.5398 0.1824 0.2778 0.00000 6.606 1500.0 12.0 0.0000 2.1824 255.47 0.0758
45.0000 82.3129 0.5116 0.1953 0.2930 0.00000 6.658 1500.0 12.0 0.0000 1.7237 206.52 0.0732
47.8125 82.3129 0.4764 0.2114 0.3122 0.00000 6.724 1500.0 12.0 0.0000 1.2659 156.05 0.0694
50.6250 82.3129 0.4911 0.2037 0.3052 0.00000 6.708 1500.0 12.0 0.0000 1.0750 131.04 0.0662
53.4375 82.3129 0.5168 0.1907 0.2925 0.00000 6.673 1500.0 12.0 0.0000 0.9262 110.65 0.0631
56.2500 82.3129 0.5344 0.1822 0.2834 0.00000 6.648 1500.0 12.0 0.0000 0.9194 108.29 0.0628
59.0625 82.3129 0.6163 0.1429 0.2407 0.00000 6.519 1500.0 12.0 0.0000 1.3130 144.26 0.0628
61.8750 82.3129 0.6453 0.1291 0.2256 0.00000 6.476 1500.0 12.0 0.0000 1.5393 164.83 0.0628
64.6875 82.3129 0.5987 0.1495 0.2518 0.00000 6.474 1500.0 12.0 0.0000 1.5666 175.01 0.0628
67.5000 82.3129 0.5860 0.1545 0.2595 0.00000 6.453 1500.0 12.0 0.0000 1.7688 199.89 0.0628
70.3125 82.3129 0.5697 0.1619 0.2684 0.00000 6.462 1500.0 12.0 0.0000 1.6792 192.45 0.0628
73.1250 82.3129 0.4894 0.1982 0.3124 0.00000 6.503 1500.0 12.0 0.0000 1.4123 173.00 0.0628
75.9375 82.3129 0.4452 0.2192 0.3356 0.00000 6.554 1500.0 12.0 0.0000 1.1207 142.08 0.0628
78.7500 82.3129 0.4101 0.2366 0.3533 0.00000 6.621 1500.0 12.0 0.0000 0.8824 114.82 0.0628
81.5625 82.3129 0.4005 0.2420 0.3575 0.00000 6.666 1500.0 12.0 0.0000 0.7599 99.54 0.0628
84.3750 82.3129 0.4135 0.2378 0.3487 0.00000 6.716 1500.0 12.0 0.0000 0.6601 85.55 0.0628
87.1875 82.3129 0.4167 0.2365 0.3468 0.00000 6.714 1500.0 12.0 0.0000 0.6894 89.13 0.0628
90.0000 82.3129 0.4406 0.2271 0.3324 0.00000 6.744 1500.0 12.0 0.0000 0.6546 83.03 0.0628
92.8125 82.3129 0.4514 0.2226 0.3259 0.00000 6.755 1500.0 12.0 0.0000 0.6607 83.07 0.0628
95.6250 82.3129 0.4429 0.2261 0.3309 0.00000 6.746 1500.0 12.0 0.0000 0.7132 90.28 0.0628
98.4375 82.3129 0.4518 0.2225 0.3257 0.00000 6.755 1500.0 12.0 0.0000 0.7394 92.93 0.0628
101.2500 82.3129 0.4716 0.2145 0.3139 0.00000 6.775 1500.0 12.0 0.0000 0.7563 93.53 0.0628
104.0625 82.3129 0.4967 0.2043 0.2990 0.00000 6.800 1500.0 12.0 0.0000 0.6490 78.61 0.0628
106.8750 82.3129 0.4967 0.2043 0.2990 0.00000 6.800 1500.0 12.0 0.0000 0.7220 87.45 0.0628
109.6875 82.3129 0.4967 0.2043 0.2990 0.00000 6.800 1500.0 12.0 0.0000 0.8159 98.83 0.0628
112.5000 82.3129 0.4967 0.2043 0.2990 0.00000 6.800 1500.0 12.0 0.0000 0.9276 112.36 0.0628
115.3125 82.3129 0.4551 0.2294 0.3154 0.00000 7.265 1500.0 12.0 0.0000 1.0215 127.46 0.0628
118.1250 82.3129 0.4401 0.2393 0.3206 0.00000 7.427 1500.0 12.0 0.0000 1.0910 137.51 0.0628
120.9375 82.3129 0.3964 0.2680 0.3356 0.00000 7.898 1500.0 12.0 0.0000 1.0583 137.26 0.0628
123.7500 82.3129 0.3631 0.2899 0.3470 0.00000 8.258 1500.0 12.0 0.0000 0.9307 123.31 0.0628
126.5625 82.3129 0.3660 0.2838 0.3502 0.00000 8.260 1500.0 12.0 0.0000 0.7741 102.60 0.0628
129.3750 82.3129 0.3929 0.2670 0.3401 0.00000 7.963 1500.0 12.0 0.0000 0.6080 79.18 0.0628
132.1875 82.3129 0.4420 0.2430 0.3150 0.00000 7.373 1500.0 12.0 0.0000 0.4528 56.83 0.0628
135.0000 82.3129 0.4893 0.2085 0.3022 0.00000 6.890 1500.0 12.0 0.0000 0.3635 44.27 0.0628
137.8125 82.3129 0.4976 0.2034 0.2990 0.00000 6.800 1500.0 12.0 0.0000 0.2818 34.12 0.0628
140.6250 82.3129 0.4727 0.2201 0.3072 0.00000 7.067 1500.0 12.0 0.0000 0.2208 27.19 0.0628
143.4375 82.3129 0.4742 0.2185 0.3073 0.00000 7.214 1500.0 12.0 0.0000 0.2205 27.13 0.0628
146.2500 82.3129 0.4962 0.2082 0.2956 0.00000 7.064 1500.0 12.0 0.0000 0.2183 26.40 0.0628
149.0625 82.3129 0.4642 0.2155 0.3203 0.00000 6.795 1500.0 12.0 0.0000 0.2131 26.55 0.0628
151.8750 82.3129 0.4072 0.2375 0.3553 0.00000 6.611 1500.0 12.0 0.0000 0.2736 35.69 0.0628
154.6875 82.3129 0.2863 0.3034 0.4103 0.00000 7.221 1500.0 12.0 0.0000 0.2039 28.87 0.0628
157.5000 82.3129 0.2930 0.2925 0.4146 0.00000 6.907 1500.0 12.0 0.0000 0.2313 32.72 0.0628
160.3125 82.3129 0.2827 0.3084 0.4089 0.00000 6.984 1500.0 12.0 0.0000 0.3508 49.69 0.0856
163.1250 82.3129 0.2804 0.3146 0.4051 0.00000 6.922 1500.0 12.0 0.0000 0.3668 51.92 0.1123
165.9375 82.3129 0.2665 0.3399 0.3936 0.00000 7.293 1500.0 12.0 0.0000 0.3070 43.46 0.1290
168.7500 82.3129 0.2669 0.3375 0.3956 0.00000 7.312 1500.0 12.0 0.0000 0.3473 49.20 0.1424
171.5625 82.3129 0.2682 0.3371 0.3947 0.00000 6.946 1500.0 12.0 0.0000 0.4266 60.38 0.1538
174.3750 82.3129 0.2623 0.3462 0.3915 0.00000 7.110 1500.0 12.0 0.0000 0.4382 62.08 0.1618
177.1875 82.3129 0.2467 0.3722 0.3811 0.00000 7.741 1500.0 12.0 0.0000 0.3874 54.96 0.1708
180.0000 82.3129 0.2775 0.3411 0.3814 0.00000 6.953 1500.0 12.0 0.0000 0.6024 84.36 0.1784
-177.1875 82.3129 0.2730 0.3391 0.3879 0.00000 6.543 1500.0 12.0 0.0000 0.7955 111.98 0.1855
-174.3750 82.3129 0.2898 0.3239 0.3863 0.00000 6.101 1500.0 12.0 0.0000 1.0944 152.84 0.1908
-171.5625 82.3129 0.3430 0.3055 0.3516 0.00000 6.241 1500.0 12.0 0.0000 0.7984 107.01 0.1973
-168.7500 82.3129 0.3888 0.2943 0.3169 0.00000 6.659 1500.0 12.0 0.0000 0.5705 73.52 0.2016
-165.9375 82.3129 0.4727 0.2490 0.2783 0.00000 6.161 1500.0 12.0 0.0000 0.8368 101.35 0.2037
-163.1250 82.3129 0.5046 0.2339 0.2614 0.00000 6.061 1500.0 12.0 0.0000 0.8313 98.11 0.2068
-160.3125 82.3129 0.5343 0.2215 0.2442 0.00000 6.198 1500.0 12.0 0.0000 0.5722 65.83 0.2083
-157.5000 82.3129 0.5563 0.2103 0.2333 0.00000 6.070 1500.0 12.0 0.0000 0.7979 90.13 0.2075
-154.6875 82.3129 0.5104 0.2308 0.2588 0.00000 6.080 1500.0 12.0 0.0000 0.6343 74.53 0.2076
-151.8750 82.3129 0.4056 0.2788 0.3156 0.00000 6.123 1500.0 12.0 0.0000 0.4551 58.15 0.2071
-149.0625 82.3129 0.5167 0.2294 0.2539 0.00000 6.076 1500.0 12.0 0.0000 0.8133 94.96 0.2062
-146.2500 82.3129 0.5443 0.2194 0.2363 0.00000 6.217 1500.0 12.0 0.0000 0.8296 94.47 0.2054
-143.4375 82.3129 0.4998 0.2471 0.2531 0.00000 6.626 1500.0 12.0 0.0000 0.5551 65.36 0.2061
-140.6250 82.3129 0.5059 0.2428 0.2513 0.00000 6.668 1500.0 12.0 0.0000 0.5432 63.68 0.2060
-137.8125 82.3129 0.5281 0.2324 0.2396 0.00000 6.592 1500.0 12.0 0.0000 0.6379 73.41 0.2064
-135.0000 82.3129 0.4345 0.2841 0.2814 0.00000 7.181 1500.0 12.0 0.0000 0.3695 45.68 0.2050
-132.1875 82.3129 0.4836 0.2376 0.2788 0.00000 6.196 1500.0 12.0 0.0000 0.3537 42.61 0.2044
-129.3750 82.3129 0.4517 0.2493 0.2990 0.00000 6.224 1500.0 12.0 0.0000 0.3297 40.83 0.2000
-126.5625 82.3129 0.4628 0.2462 0.2910 0.00000 6.259 1500.0 12.0 0.0000 0.3734 45.77 0.1986
-123.7500 82.3129 0.4537 0.2589 0.2874 0.00000 6.621 1500.0 12.0 0.0000 0.4272 52.50 0.1975
-120.9375 82.3129 0.3957 0.2857 0.3186 0.00000 6.699 1500.0 12.0 0.0000 0.5215 67.04 0.1963
-118.1250 82.3129 0.3910 0.2908 0.3182 0.00000 6.654 1500.0 12.0 0.0000 0.7734 99.62 0.1977
-115.3125 82.3129 0.4204 0.2795 0.3001 0.00000 6.616 1500.0 12.0 0.0000 0.9248 116.32 0.1977
-112.5000 82.3129 0.3267 0.3212 0.3521 0.00000 6.500 1500.0 12.0 0.0000 0.9983 134.81 0.1995
-109.6875 82.3129 0.2589 0.3572 0.3840 0.00000 6.850 1500.0 12.0 0.0000 0.9390 132.72 0.2008
-106.8750 82.3129 0.2731 0.3393 0.3876 0.00000 6.293 1500.0 12.0 0.0000 1.2505 176.00 0.2010
-104.0625 82.3129 0.2609 0.3512 0.3879 0.00000 6.521 1500.0 12.0 0.0000 1.3654 193.20 0.2000
-101.2500 82.3129 0.2621 0.3465 0.3914 0.00000 6.307 1500.0 12.0 0.0000 1.7018 241.10 0.1999
-98.4375 82.3129 0.2657 0.3410 0.3933 0.00000 6.037 1500.0 12.0 0.0000 1.9345 273.91 0.1996
-95.6250 82.3129 0.2958 0.3267 0.3775 0.00000 6.026 1500.0 12.0 0.0000 2.0549 284.96 0.1989
-92.8125 82.3129 0.3725 0.2939 0.3336 0.00000 6.141 1500.0 12.0 0.0000 2.0662 270.68 0.1990
-90.0000 82.3129 0.5344 0.2130 0.2526 0.00000 6.036 1500.0 12.0 0.0000 2.4510 283.39 0.1984
-87.1875 82.3129 0.5737 0.2044 0.2219 0.00000 6.380 1500.0 12.0 0.0000 1.8768 208.53 0.1991
-84.3750 82.3129 0.6158 0.1759 0.2083 0.00000 6.140 1500.0 12.0 0.0000 2.1078 226.88 0.1986
-81.5625 82.3129 0.6385 0.1623 0.1992 0.00000 5.994 1500.0 12.0 0.0000 2.6912 284.27 0.1966
-78.7500 82.3129 0.5787 0.1937 0.2275 0.00000 6.155 1500.0 12.0 0.0000 1.3772 153.15 0.1936
-75.9375 82.3129 0.5249 0.2166 0.2585 0.00000 6.271 1500.0 12.0 0.0000 0.9254 107.90 0.1886
-73.1250 82.3129 0.4727 0.2386 0.2887 0.00000 6.436 1500.0 12.0 0.0000 0.7082 86.30 0.1712
-70.3125 82.3129 0.4734 0.2346 0.2920 0.00000 6.524 1500.0 12.0 0.0000 0.5835 71.21 0.1532
-67.5000 82.3129 0.4825 0.2227 0.2947 0.00000 6.654 1500.0 12.0 0.0000 0.5699 69.34 0.1173
-64.6875 82.3129 0.4966 0.2044 0.2990 0.00000 6.800 1500.0 12.0 0.0000 0.2413 29.23 0.0628
-61.8750 82.3129 0.4967 0.2044 0.2990 0.00000 6.800 1500.0 12.0 0.0000 0.2396 29.03 0.0628
-59.0625 82.3129 0.4967 0.2043 0.2990 0.00000 6.800 1500.0 12.0 0.0000 0.2408 29.17 0.0628
-56.2500 82.3129 0.4967 0.2043 0.2990 0.00000 6.800 1500.0 12.0 0.0000 0.2451 29.68 0.0628
-53.4375 82.3129 0.4967 0.2043 0.2990 0.00000 6.800 1500.0 12.0 0.0000 0.2519 30.51 0.0628
-50.6250 82.3129 0.4643 0.2239 0.3118 0.00000 7.162 1500.0 12.0 0.0000 0.2561 31.74 0.0628
-47.8125 82.3129 0.4188 0.2603 0.3209 0.00000 7.600 1500.0 12.0 0.0000 0.2531 32.23 0.0628
-45.0000 82.3129 0.4522 0.2340 0.3138 0.00000 7.383 1500.0 12.0 0.0000 0.2898 36.18 0.0628
56.2500 79.5256 0.4301 0.2359 0.3339 0.00000 6.721 1500.0 12.0 0.0000 1.5569 198.61 0.0844
59.0625 79.5256 0.4453 0.2266 0.3281 0.00000 6.768 1500.0 12.0 0.0000 1.0387 131.14 0.0715
61.8750 79.5256 0.4540 0.2223 0.3237 0.00000 6.756 1500.0 12.0 0.0000 0.9375 117.59 0.0708
64.6875 79.5256 0.4307 0.2311 0.3382 0.00000 6.688 1500.0 12.0 0.0000 1.0089 128.96 0.0709
67.5000 79.5256 0.3233 0.2765 0.4003 0.00000 6.583 1500.0 12.0 0.0000 1.3152 182.32 0.0714
70.3125 79.5256 0.3024 0.2841 0.4135 0.00000 6.572 1500.0 12.0 0.0000 1.2089 170.21 0.0674
73.1250 79.5256 0.2965 0.2864 0.4171 0.00000 6.578 1500.0 12.0 0.0000 1.1070 156.53 0.0660
75.9375 79.5256 0.3016 0.2835 0.4149 0.00000 6.579 1500.0 12.0 0.0000 1.0082 142.10 0.0642
78.7500 79.5256 0.2974 0.2850 0.4177 0.00000 6.587 1500.0 12.0 0.0000 0.9427 133.29 0.0628
81.5625 79.5256 0.3125 0.2786 0.4089 0.00000 6.596 1500.0 12.0 0.0000 0.9097 127.24 0.0628
84.3750 79.5256 0.3573 0.2601 0.3827 0.00000 6.633 1500.0 12.0 0.0000 0.7723 104.53 0.0628
87.1875 79.5256 0.4111 0.2388 0.3501 0.00000 6.701 1500.0 12.0 0.0000 0.6291 81.68 0.0628
90.0000 79.5256 0.4510 0.2227 0.3262 0.00000 6.744 1500.0 12.0 0.0000 0.5914 74.38 0.0628
92.8125 79.5256 0.4291 0.2316 0.3394 0.00000 6.724 1500.0 12.0 0.0000 0.6593 84.40 0.0628
95.6250 79.5256 0.4370 0.2285 0.3345 0.00000 6.735 1500.0 12.0 0.0000 0.6986 88.86 0.0628
98.4375 79.5256 0.4605 0.2190 0.3206 0.00000 6.760 1500.0 12.0 0.0000 0.7035 87.80 0.0628
101.2500 79.5256 0.4881 0.2078 0.3041 0.00000 6.790 1500.0 12.0 0.0000 0.7175 87.53 0.0628
104.0625 79.5256 0.4967 0.2043 0.2990 0.00000 6.800 1500.0 12.0 0.0000 0.7778 94.22 0.0628
106.8750 79.5256 0.4967 0.2043 0.2990 0.00000 6.800 1500.0 12.0 0.0000 0.8662 104.93 0.0628
109.6875 79.5256 0.4967 0.2043 0.2990 0.00000 6.800 1500.0 12.0 0.0000 0.9793 118.62 0.0628
112.5000 79.5256 0.4967 0.2043 0.2990 0.00000 6.800 1500.0 12.0 0.0000 1.1118 134.67 0.0628
115.3125 79.5256 0.4967 0.2043 0.2990 0.00000 6.800 1500.0 12.0 0.0000 1.2527 151.73 0.0628
118.1250 79.5256 0.4967 0.2043 0.2990 0.00000 6.800 1500.0 12.0 0.0000 1.3507 163.61 0.0628
120.9375 79.5256 0.4623 0.2251 0.3126 0.00000 7.185 1500.0 12.0 0.0000 1.0721 133.09 0.0628
123.7500 79.5256 0.4542 0.2300 0.3158 0.00000 7.275 1500.0 12.0 0.0000 0.8310 103.76 0.0628
126.5625 79.5256 0.4630 0.2302 0.3068 0.00000 7.132 1500.0 12.0 0.0000 0.7101 87.83 0.0628
129.3750 79.5256 0.4061 0.2605 0.3334 0.00000 7.803 1500.0 12.0 0.0000 0.6108 78.77 0.0628
132.1875 79.5256 0.4317 0.2481 0.3202 0.00000 7.492 1500.0 12.0 0.0000 0.4641 58.71 0.0628
135.0000 79.5256 0.4657 0.2241 0.3101 0.00000 7.141 1500.0 12.0 0.0000 0.3604 44.61 0.0628
137.8125 79.5256 0.4561 0.2290 0.3149 0.00000 7.261 1500.0 12.0 0.0000 0.2748 34.26 0.0628
140.6250 79.5256 0.4938 0.2058 0.3005 0.00000 6.842 1500.0 12.0 0.0000 0.2276 27.63 0.0628
143.4375 79.5256 0.5667 0.1696 0.2637 0.00000 6.706 1500.0 12.0 0.0000 0.2803 32.08 0.0628
146.2500 79.5256 0.5464 0.1854 0.2682 0.00000 6.805 1500.0 12.0 0.0000 0.5907 68.52 0.0802
149.0625 79.5256 0.3603 0.2896 0.3501 0.00000 7.022 1500.0 12.0 0.0000 0.4663 61.97 0.1257
151.8750 79.5256 0.2603 0.3483 0.3913 0.00000 7.296 1500.0 12.0 0.0000 0.3608 51.15 0.1500
154.6875 79.5256 0.2663 0.3383 0.3955 0.00000 6.727 1500.0 12.0 0.0000 0.3696 52.37 0.1668
157.5000 79.5256 0.2643 0.3455 0.3902 0.00000 6.587 1500.0 12.0 0.0000 0.3560 50.36 0.1849
160.3125 79.5256 0.2501 0.3647 0.3852 0.00000 6.859 1500.0 12.0 0.0000 0.3149 44.71 0.2004
163.1250 79.5256 0.2589 0.3548 0.3863 0.00000 6.642 1500.0 12.0 0.0000 0.2917 41.28 0.2107
165.9375 79.5256 0.2755 0.3480 0.3766 0.00000 6.454 1500.0 12.0 0.0000 0.3492 48.83 0.2228
168.7500 79.5256 0.3495 0.3296 0.3209 0.00000 7.175 1500.0 12.0 0.0000 0.2857 37.57 0.2342
171.5625 79.5256 0.4200 0.3000 0.2800 0.00000 6.946 1500.0 12.0 0.0000 0.4602 57.24 0.2455
174.3750 79.5256 0.3923 0.3167 0.2910 0.00000 7.098 1500.0 12.0 0.0000 0.4722 59.89 0.2508
177.1875 79.5256 0.3894 0.3087 0.3018 0.00000 6.888 1500.0 12.0 0.0000 0.7065 90.26 0.2550
180.0000 79.5256 0.4290 0.2835 0.2874 0.00000 6.443 1500.0 12.0 0.0000 0.5930 73.76 0.2557
-177.1875 79.5256 0.4848 0.2618 0.2534 0.00000 6.450 1500.0 12.0 0.0000 0.7303 86.64 0.2542
-143.4375 79.5256 0.4141 0.2859 0.3000 0.00000 7.179 1500.0 12.0 0.0000 0.3852 48.59 0.1613
-140.6250 79.5256 0.4317 0.2612 0.3072 0.00000 6.545 1500.0 12.0 0.0000 0.4330 54.39 0.1541
-137.8125 79.5256 0.3801 0.2840 0.3360 0.00000 7.385 1500.0 12.0 0.0000 0.3822 49.95 0.1360
-135.0000 79.5256 0.3240 0.3286 0.3474 0.00000 7.907 1500.0 12.0 0.0000 0.3911 52.75 0.1257
-132.1875 79.5256 0.3324 0.3521 0.3154 0.00000 6.653 1500.0 12.0 0.0000 0.4259 56.28 0.1334
-115.3125 79.5256 0.4490 0.2628 0.2882 0.00000 6.069 1500.0 12.0 0.0000 1.3289 163.76 0.2202
-112.5000 79.5256 0.2732 0.3453 0.3815 0.00000 6.072 1500.0 12.0 0.0000 1.3182 184.97 0.2197
-109.6875 79.5256 0.2700 0.3455 0.3844 0.00000 6.025 1500.0 12.0 0.0000 1.4788 208.08 0.2185
-106.8750 79.5256 0.2894 0.3389 0.3717 0.00000 6.281 1500.0 12.0 0.0000 1.4255 197.64 0.2185
-104.0625 79.5256 0.2799 0.3457 0.3744 0.00000 6.265 1500.0 12.0 0.0000 1.6316 227.47 0.2169
-101.2500 79.5256 0.2592 0.3502 0.3907 0.00000 5.992 1500.0 12.0 0.0000 2.1279 301.73 0.2136
-98.4375 79.5256 0.2808 0.3390 0.3802 0.00000 5.978 1500.0 12.0 0.0000 2.2084 308.67 0.2126
-95.6250 79.5256 0.4324 0.2636 0.3040 0.00000 5.904 1500.0 12.0 0.0000 2.4528 307.42 0.2117
-92.8125 79.5256 0.5688 0.1982 0.2329 0.00000 5.937 1500.0 12.0 0.0000 2.0614 231.25 0.2093
-90.0000 79.5256 0.5655 0.1997 0.2348 0.00000 6.010 1500.0 12.0 0.0000 1.9054 214.37 0.2066
-87.1875 79.5256 0.5644 0.1988 0.2368 0.00000 6.051 1500.0 12.0 0.0000 1.6288 183.58 0.2018
-84.3750 79.5256 0.5532 0.2068 0.2400 0.00000 6.218 1500.0 12.0 0.0000 1.5006 170.49 0.2002
-81.5625 79.5256 0.4768 0.2514 0.2718 0.00000 6.722 1500.0 12.0 0.0000 1.1413 137.43 0.1983
-78.7500 79.5256 0.3651 0.3161 0.3187 0.00000 7.508 1500.0 12.0 0.0000 0.8237 107.42 0.1814
-75.9375 79.5256 0.4250 0.2647 0.3102 0.00000 7.080 1500.0 12.0 0.0000 0.7238 91.35 0.1507
-73.1250 79.5256 0.4090 0.2593 0.3317 0.00000 7.726 1500.0 12.0 0.0000 0.4252 54.71 0.0723
-70.3125 79.5256 0.4634 0.2245 0.3122 0.00000 7.172 1500.0 12.0 0.0000 0.3058 37.93 0.0628
-67.5000 79.5256 0.4966 0.2044 0.2990 0.00000 6.800 1500.0 12.0 0.0000 0.3147 38.12 0.0628
-53.4375 79.5256 0.4882 0.2115 0.3004 0.00000 6.879 1500.0 12.0 0.0000 0.5471 66.60 0.0628
-50.6250 79.5256 0.4456 0.2352 0.3192 0.00000 7.371 1500.0 12.0 0.0000 0.6231 78.26 0.0628
-47.8125 79.5256 0.4150 0.2628 0.3222 0.00000 7.642 1500.0 12.0 0.0000 0.7103 90.67 0.0628
-45.0000 79.5256 0.4307 0.2532 0.3162 0.00000 7.467 1500.0 12.0 0.0000 0.8919 112.64 0.0628
64.6875 76.7369 0.2991 0.3068 0.3941 0.00000 6.394 1500.0 12.0 0.0000 2.2768 317.94 0.1332
67.5000 76.7369 0.3393 0.2858 0.3749 0.00000 6.474 1500.0 12.0 0.0000 2.0507 278.65 0.1244
70.3125 76.7369 0.3605 0.2743 0.3652 0.00000 6.525 1500.0 12.0 0.0000 2.0241 271.10 0.1170
73.1250 76.7369 0.3654 0.2697 0.3649 0.00000 6.550 1500.0 12.0 0.0000 2.1998 293.94 0.1081
75.9375 76.7369 0.4668 0.2187 0.3145 0.00000 6.442 1500.0 12.0 0.0000 3.3157 411.18 0.0978
78.7500 76.7369 0.6152 0.1486 0.2362 0.00000 6.370 1500.0 12.0 0.0000 4.5417 497.88 0.0906
81.5625 76.7369 0.5674 0.1678 0.2648 0.00000 6.501 1500.0 12.0 0.0000 3.8287 438.37 0.0733
84.3750 76.7369 0.4963 0.2036 0.3000 0.00000 6.764 1500.0 12.0 0.0000 1.3406 162.51 0.0628
87.1875 76.7369 0.4969 0.2042 0.2990 0.00000 6.792 1500.0 12.0 0.0000 1.0413 126.12 0.0628
90.0000 76.7369 0.4967 0.2043 0.2990 0.00000 6.791 1500.0 12.0 0.0000 0.9606 116.36 0.0628
92.8125 76.7369 0.4954 0.2061 0.2986 0.00000 6.778 1500.0 12.0 0.0000 1.2444 150.80 0.0680
95.6250 76.7369 0.4940 0.2078 0.2982 0.00000 6.769 1500.0 12.0 0.0000 1.7091 207.20 0.0730
98.4375 76.7369 0.4934 0.2086 0.2980 0.00000 6.764 1500.0 12.0 0.0000 2.4938 302.39 0.0757
101.2500 76.7369 0.4934 0.2087 0.2980 0.00000 6.765 1500.0 12.0 0.0000 3.5463 430.02 0.0756
104.0625 76.7369 0.4935 0.2085 0.2980 0.00000 6.768 1500.0 12.0 0.0000 3.5707 432.95 0.0750
106.8750 76.7369 0.4938 0.2080 0.2981 0.00000 6.771 1500.0 12.0 0.0000 2.5032 303.49 0.0737
109.6875 76.7369 0.4944 0.2073 0.2983 0.00000 6.774 1500.0 12.0 0.0000 1.8940 229.59 0.0717
112.5000 76.7369 0.4948 0.2068 0.2984 0.00000 6.777 1500.0 12.0 0.0000 1.7604 213.37 0.0701
115.3125 76.7369 0.4947 0.2068 0.2984 0.00000 6.777 1500.0 12.0 0.0000 2.1701 263.03 0.0701
118.1250 76.7369 0.4954 0.2060 0.2986 0.00000 6.781 1500.0 12.0 0.0000 2.1995 266.54 0.0679
120.9375 76.7369 0.4964 0.2048 0.2989 0.00000 6.787 1500.0 12.0 0.0000 1.3133 159.10 0.0641
123.7500 76.7369 0.4585 0.2284 0.3132 0.00000 7.211 1500.0 12.0 0.0000 0.8546 106.33 0.0628
126.5625 76.7369 0.4009 0.2656 0.3335 0.00000 7.841 1500.0 12.0 0.0000 0.5287 68.35 0.0628
129.3750 76.7369 0.4022 0.2630 0.3347 0.00000 7.845 1500.0 12.0 0.0000 0.4031 52.12 0.0628
132.1875 76.7369 0.4380 0.2397 0.3222 0.00000 7.458 1500.0 12.0 0.0000 0.3417 43.15 0.0628
135.0000 76.7369 0.3813 0.2776 0.3411 0.00000 8.064 1500.0 12.0 0.0000 0.2462 32.25 0.0628
137.8125 76.7369 0.3823 0.2734 0.3443 0.00000 8.082 1500.0 12.0 0.0000 0.2454 32.19 0.0628
140.6250 76.7369 0.4019 0.2711 0.3270 0.00000 7.619 1500.0 12.0 0.0000 0.5361 69.03 0.1031
143.4375 76.7369 0.4353 0.2635 0.3012 0.00000 7.050 1500.0 12.0 0.0000 0.6525 81.55 0.1498
146.2500 76.7369 0.3751 0.2970 0.3279 0.00000 6.890 1500.0 12.0 0.0000 0.7074 92.28 0.1806
149.0625 76.7369 0.3638 0.2968 0.3394 0.00000 6.419 1500.0 12.0 0.0000 0.6029 79.54 0.2032
151.8750 76.7369 0.2972 0.3309 0.3719 0.00000 5.979 1500.0 12.0 0.0000 0.6954 96.11 0.2235
154.6875 76.7369 0.2530 0.3652 0.3818 0.00000 6.365 1500.0 12.0 0.0000 0.4891 69.23 0.2420
157.5000 76.7369 0.2414 0.3830 0.3756 0.00000 6.895 1500.0 12.0 0.0000 0.3801 53.90 0.2591
160.3125 76.7369 0.2443 0.3806 0.3751 0.00000 6.590 1500.0 12.0 0.0000 0.4034 57.12 0.2731
163.1250 76.7369 0.2279 0.4111 0.3610 0.00000 7.228 1500.0 12.0 0.0000 0.3352 47.46 0.2901
165.9375 76.7369 0.2202 0.4236 0.3561 0.00000 7.453 1500.0 12.0 0.0000 0.4479 63.48 0.3083
168.7500 76.7369 0.3045 0.3701 0.3254 0.00000 6.362 1500.0 12.0 0.0000 0.5729 77.06 0.3241
171.5625 76.7369 0.4283 0.3180 0.2537 0.00000 6.513 1500.0 12.0 0.0000 0.5496 67.08 0.3309
174.3750 76.7369 0.4611 0.2915 0.2474 0.00000 6.142 1500.0 12.0 0.0000 0.5286 63.24 0.3338
-123.7500 76.7369 0.6074 0.1776 0.2150 0.00000 6.365 1500.0 12.0 0.0000 2.6685 289.81 0.1607
-120.9375 76.7369 0.6113 0.1766 0.2122 0.00000 6.310 1500.0 12.0 0.0000 2.2280 241.01 0.1743
-118.1250 76.7369 0.5210 0.2216 0.2574 0.00000 6.226 1500.0 12.0 0.0000 1.9372 226.19 0.1947
-115.3125 76.7369 0.4311 0.2684 0.3006 0.00000 6.130 1500.0 12.0 0.0000 1.9290 241.47 0.2164
-112.5000 76.7369 0.2909 0.3358 0.3733 0.00000 6.058 1500.0 12.0 0.0000 1.7834 247.31 0.2299
-109.6875 76.7369 0.2832 0.3397 0.3771 0.00000 6.017 1500.0 12.0 0.0000 2.2487 313.48 0.2342
-106.8750 76.7369 0.2803 0.3439 0.3758 0.00000 6.011 1500.0 12.0 0.0000 3.9251 547.49 0.2300
-104.0625 76.7369 0.2587 0.3525 0.3888 0.00000 6.007 1500.0 12.0 0.0000 4.4317 627.94 0.2258
-101.2500 76.7369 0.2649 0.3463 0.3887 0.00000 5.998 1500.0 12.0 0.0000 2.5647 362.43 0.2245
-98.4375 76.7369 0.2612 0.3496 0.3892 0.00000 5.993 1500.0 12.0 0.0000 2.2038 312.00 0.2233
-95.6250 76.7369 0.2993 0.3274 0.3733 0.00000 5.993 1500.0 12.0 0.0000 1.7512 241.96 0.2208
-92.8125 76.7369 0.3837 0.2872 0.3290 0.00000 5.942 1500.0 12.0 0.0000 2.0751 269.79 0.2221
-90.0000 76.7369 0.5389 0.2187 0.2424 0.00000 6.211 1500.0 12.0 0.0000 2.0350 233.28 0.2217
-87.1875 76.7369 0.4322 0.2886 0.2792 0.00000 6.981 1500.0 12.0 0.0000 1.3071 161.57 0.2219
-84.3750 76.7369 0.4841 0.2417 0.2742 0.00000 6.235 1500.0 12.0 0.0000 1.2085 145.19 0.2188
-81.5625 76.7369 0.4633 0.2489 0.2879 0.00000 6.320 1500.0 12.0 0.0000 1.1640 142.42 0.2081
-78.7500 76.7369 0.4674 0.2425 0.2902 0.00000 6.454 1500.0 12.0 0.0000 1.5303 187.10 0.1776
-75.9375 76.7369 0.4701 0.2389 0.2910 0.00000 6.513 1500.0 12.0 0.0000 1.7675 215.93 0.1664
-73.1250 76.7369 0.4771 0.2298 0.2931 0.00000 6.616 1500.0 12.0 0.0000 1.7277 210.60 0.1386
-70.3125 76.7369 0.4877 0.2160 0.2963 0.00000 6.731 1500.0 12.0 0.0000 1.8225 221.40 0.0973
59.0625 73.9475 0.3541 0.2800 0.3658 0.00000 6.424 1500.0 12.0 0.0000 2.0608 276.89 0.1368
61.8750 73.9475 0.4057 0.2559 0.3385 0.00000 6.499 1500.0 12.0 0.0000 1.4538 188.05 0.1374
64.6875 73.9475 0.3748 0.2697 0.3555 0.00000 6.499 1500.0 12.0 0.0000 1.5079 199.64 0.1333
67.5000 73.9475 0.4113 0.2539 0.3348 0.00000 6.530 1500.0 12.0 0.0000 1.4524 187.02 0.1346
70.3125 73.9475 0.4414 0.2388 0.3198 0.00000 6.573 1500.0 12.0 0.0000 1.6053 202.11 0.1274
73.1250 73.9475 0.5932 0.1648 0.2420 0.00000 6.367 1500.0 12.0 0.0000 3.2313 359.81 0.1162
75.9375 73.9475 0.6787 0.1244 0.1969 0.00000 6.232 1500.0 12.0 0.0000 5.0000 515.32 0.1146
78.7500 73.9475 0.6844 0.1158 0.1998 0.00000 6.332 1500.0 12.0 0.0000 4.9552 510.01 0.0875
81.5625 73.9475 0.6375 0.1339 0.2285 0.00000 6.503 1500.0 12.0 0.0000 2.2410 241.46 0.0628
84.3750 73.9475 0.5278 0.1887 0.2834 0.00000 6.737 1500.0 12.0 0.0000 1.4405 170.23 0.0628
87.1875 73.9475 0.4956 0.2058 0.2987 0.00000 6.780 1500.0 12.0 0.0000 1.2490 151.34 0.0671
90.0000 73.9475 0.4962 0.2050 0.2988 0.00000 6.784 1500.0 12.0 0.0000 1.0453 126.64 0.0647
92.8125 73.9475 0.4960 0.2053 0.2988 0.00000 6.783 1500.0 12.0 0.0000 1.1470 138.97 0.0658
95.6250 73.9475 0.4952 0.2062 0.2985 0.00000 6.780 1500.0 12.0 0.0000 1.5195 184.15 0.0684
98.4375 73.9475 0.4954 0.2060 0.2986 0.00000 6.781 1500.0 12.0 0.0000 2.0900 253.26 0.0679
101.2500 73.9475 0.4948 0.2068 0.2984 0.00000 6.777 1500.0 12.0 0.0000 1.5833 191.90 0.0702
104.0625 73.9475 0.4942 0.2075 0.2983 0.00000 6.774 1500.0 12.0 0.0000 1.2240 148.38 0.0723
106.8750 73.9475 0.4947 0.2069 0.2984 0.00000 6.778 1500.0 12.0 0.0000 0.9085 110.12 0.0705
109.6875 73.9475 0.4948 0.2067 0.2984 0.00000 6.779 1500.0 12.0 0.0000 0.7481 90.67 0.0699
112.5000 73.9475 0.4950 0.2065 0.2985 0.00000 6.780 1500.0 12.0 0.0000 0.6532 79.16 0.0692
115.3125 73.9475 0.4946 0.2071 0.2984 0.00000 6.777 1500.0 12.0 0.0000 0.6709 81.32 0.0709
118.1250 73.9475 0.4941 0.2076 0.2982 0.00000 6.774 1500.0 12.0 0.0000 0.7479 90.66 0.0725
120.9375 73.9475 0.4937 0.2082 0.2981 0.00000 6.771 1500.0 12.0 0.0000 0.9497 115.14 0.0743
123.7500 73.9475 0.4934 0.2086 0.2980 0.00000 6.769 1500.0 12.0 0.0000 1.3922 168.82 0.0754
126.5625 73.9475 0.4944 0.2073 0.2983 0.00000 6.775 1500.0 12.0 0.0000 0.8030 97.34 0.0716
129.3750 73.9475 0.4967 0.2043 0.2990 0.00000 6.793 1500.0 12.0 0.0000 0.4095 49.61 0.0628
132.1875 73.9475 0.4920 0.2072 0.3008 0.00000 6.852 1500.0 12.0 0.0000 0.3549 43.13 0.0628
135.0000 73.9475 0.4743 0.2188 0.3069 0.00000 7.043 1500.0 12.0 0.0000 0.3156 38.83 0.0628
137.8125 73.9475 0.4368 0.2423 0.3210 0.00000 7.459 1500.0 12.0 0.0000 0.3005 37.95 0.0628
140.6250 73.9475 0.4845 0.2204 0.2951 0.00000 6.655 1500.0 12.0 0.0000 0.5761 70.04 0.1128
143.4375 73.9475 0.4473 0.2539 0.2988 0.00000 6.685 1500.0 12.0 0.0000 0.5107 63.37 0.1705
146.2500 73.9475 0.3476 0.3373 0.3151 0.00000 7.566 1500.0 12.0 0.0000 0.4724 61.98 0.2052
149.0625 73.9475 0.3780 0.3015 0.3206 0.00000 6.401 1500.0 12.0 0.0000 0.6352 82.43 0.2281
151.8750 73.9475 0.2713 0.3643 0.3644 0.00000 6.595 1500.0 12.0 0.0000 0.6288 87.55 0.2512
154.6875 73.9475 0.2365 0.3892 0.3743 0.00000 6.542 1500.0 12.0 0.0000 0.8356 118.67 0.2730
157.5000 73.9475 0.2407 0.3859 0.3734 0.00000 6.202 1500.0 12.0 0.0000 0.8002 113.39 0.2934
160.3125 73.9475 0.2557 0.3825 0.3618 0.00000 6.094 1500.0 12.0 0.0000 0.6135 85.88 0.3173
163.1250 73.9475 0.2692 0.3994 0.3315 0.00000 6.599 1500.0 12.0 0.0000 0.4283 58.70 0.3448
165.9375 73.9475 0.3903 0.3379 0.2718 0.00000 6.260 1500.0 12.0 0.0000 0.5137 64.53 0.3698
168.7500 73.9475 0.4899 0.2895 0.2206 0.00000 5.726 1500.0 12.0 0.0000 0.8110 94.11 0.3857
-112.5000 73.9475 0.4902 0.2362 0.2737 0.00000 6.322 1500.0 12.0 0.0000 1.2024 143.98 0.2048
-109.6875 73.9475 0.5328 0.2188 0.2484 0.00000 6.232 1500.0 12.0 0.0000 1.4234 164.28 0.2123
-106.8750 73.9475 0.5306 0.2200 0.2494 0.00000 6.195 1500.0 12.0 0.0000 1.6681 192.87 0.2111
-104.0625 73.9475 0.4719 0.2479 0.2801 0.00000 6.168 1500.0 12.0 0.0000 1.7927 217.44 0.2137
-101.2500 73.9475 0.3794 0.2959 0.3247 0.00000 6.066 1500.0 12.0 0.0000 2.3806 309.39 0.2240
-98.4375 73.9475 0.2984 0.3332 0.3684 0.00000 6.022 1500.0 12.0 0.0000 1.9501 268.89 0.2327
-95.6250 73.9475 0.2671 0.3503 0.3825 0.00000 5.982 1500.0 12.0 0.0000 1.8489 260.23 0.2433
-92.8125 73.9475 0.2689 0.3522 0.3789 0.00000 5.932 1500.0 12.0 0.0000 1.8661 261.98 0.2530
-90.0000 73.9475 0.4265 0.2748 0.2987 0.00000 5.844 1500.0 12.0 0.0000 2.1804 273.25 0.2561
-87.1875 73.9475 0.6128 0.1850 0.2022 0.00000 5.777 1500.0 12.0 0.0000 3.2731 351.48 0.2537
-84.3750 73.9475 0.5540 0.2117 0.2342 0.00000 6.001 1500.0 12.0 0.0000 1.6700 188.97 0.2447
-81.5625 73.9475 0.4895 0.2405 0.2700 0.00000 6.230 1500.0 12.0 0.0000 1.2811 153.13 0.2293
-78.7500 73.9475 0.4585 0.2540 0.2875 0.00000 6.379 1500.0 12.0 0.0000 1.4638 179.48 0.2130
-75.9375 73.9475 0.4641 0.2466 0.2892 0.00000 6.475 1500.0 12.0 0.0000 1.7842 218.38 0.1899
-73.1250 73.9475 0.4694 0.2397 0.2908 0.00000 6.555 1500.0 12.0 0.0000 1.8526 226.37 0.1688
-70.3125 73.9475 0.4740 0.2338 0.2922 0.00000 6.616 1500.0 12.0 0.0000 2.3420 285.75 0.1507
-67.5000 73.9475 0.5285 0.2044 0.2671 0.00000 6.545 1500.0 12.0 0.0000 3.9617 463.46 0.1395
56.2500 71.1578 0.3914 0.2631 0.3454 0.00000 6.602 1500.0 12.0 0.0000 1.8000 235.26 0.1261
59.0625 71.1578 0.3466 0.2850 0.3685 0.00000 6.491 1500.0 12.0 0.0000 1.8506 249.83 0.1348
61.8750 71.1578 0.3291 0.3035 0.3673 0.00000 7.151 1500.0 12.0 0.0000 1.4521 197.43 0.1369
64.6875 71.1578 0.3524 0.2960 0.3516 0.00000 6.799 1500.0 12.0 0.0000 1.6581 221.31 0.1617
67.5000 71.1578 0.4996 0.2207 0.2797 0.00000 6.139 1500.0 12.0 0.0000 2.5280 302.35 0.1707
70.3125 71.1578 0.6553 0.1473 0.1974 0.00000 6.026 1500.0 12.0 0.0000 3.6662 383.13 0.1712
73.1250 71.1578 0.6594 0.1465 0.1941 0.00000 5.999 1500.0 12.0 0.0000 4.2418 441.26 0.1748
75.9375 71.1578 0.6522 0.1485 0.1993 0.00000 6.051 1500.0 12.0 0.0000 4.2616 446.69 0.1680
78.7500 71.1578 0.5027 0.2214 0.2760 0.00000 6.405 1500.0 12.0 0.0000 2.2331 266.09 0.1602
81.5625 71.1578 0.4746 0.2331 0.2923 0.00000 6.520 1500.0 12.0 0.0000 2.1005 256.23 0.1491
84.3750 71.1578 0.4823 0.2231 0.2947 0.00000 6.639 1500.0 12.0 0.0000 2.3564 286.75 0.1185
87.1875 71.1578 0.4928 0.2094 0.2978 0.00000 6.760 1500.0 12.0 0.0000 2.2332 270.84 0.0778
90.0000 71.1578 0.4967 0.2043 0.2990 0.00000 6.800 1500.0 12.0 0.0000 1.3772 166.82 0.0628
92.8125 71.1578 0.4967 0.2043 0.2990 0.00000 6.800 1500.0 12.0 0.0000 1.2573 152.29 0.0628
95.6250 71.1578 0.4936 0.2084 0.2981 0.00000 6.770 1500.0 12.0 0.0000 1.9002 230.41 0.0748
98.4375 71.1578 0.4946 0.2070 0.2984 0.00000 6.777 1500.0 12.0 0.0000 2.0139 244.10 0.0708
101.2500 71.1578 0.4966 0.2044 0.2990 0.00000 6.789 1500.0 12.0 0.0000 1.1797 142.90 0.0630
104.0625 71.1578 0.4943 0.2074 0.2983 0.00000 6.776 1500.0 12.0 0.0000 1.2198 147.87 0.0720
106.8750 71.1578 0.4967 0.2043 0.2990 0.00000 6.792 1500.0 12.0 0.0000 0.6519 78.96 0.0628
109.6875 71.1578 0.4951 0.2064 0.2985 0.00000 6.781 1500.0 12.0 0.0000 0.7244 87.79 0.0689
112.5000 71.1578 0.4865 0.2175 0.2959 0.00000 6.711 1500.0 12.0 0.0000 1.1245 136.65 0.1018
115.3125 71.1578 0.4933 0.2088 0.2980 0.00000 6.769 1500.0 12.0 0.0000 0.7761 94.12 0.0758
118.1250 71.1578 0.4842 0.2094 0.3065 0.00000 6.800 1500.0 12.0 0.0000 0.5195 63.59 0.0628
120.9375 71.1578 0.4967 0.2044 0.2990 0.00000 6.800 1500.0 12.0 0.0000 0.5775 69.95 0.0628
123.7500 71.1578 0.4967 0.2043 0.2990 0.00000 6.800 1500.0 12.0 0.0000 0.5584 67.63 0.0628
126.5625 71.1578 0.4967 0.2043 0.2990 0.00000 6.800 1500.0 12.0 0.0000 0.6157 74.58 0.0628
129.3750 71.1578 0.4967 0.2043 0.2990 0.00000 6.800 1500.0 12.0 0.0000 0.8076 97.82 0.0628
132.1875 71.1578 0.4886 0.2092 0.3022 0.00000 6.890 1500.0 12.0 0.0000 0.6009 73.21 0.0628
135.0000 71.1578 0.4609 0.2265 0.3126 0.00000 7.197 1500.0 12.0 0.0000 0.4171 51.82 0.0628
137.8125 71.1578 0.4522 0.2363 0.3115 0.00000 7.200 1500.0 12.0 0.0000 0.5752 71.71 0.0785
140.6250 71.1578 0.4102 0.2752 0.3146 0.00000 7.285 1500.0 12.0 0.0000 0.7127 90.81 0.1451
143.4375 71.1578 0.3759 0.3055 0.3186 0.00000 7.359 1500.0 12.0 0.0000 0.5877 76.25 0.1935
146.2500 71.1578 0.4414 0.2690 0.2895 0.00000 6.522 1500.0 12.0 0.0000 0.7799 96.54 0.2212
149.0625 71.1578 0.2541 0.3779 0.3680 0.00000 6.763 1500.0 12.0 0.0000 0.7577 106.47 0.2456
151.8750 71.1578 0.2298 0.3985 0.3717 0.00000 6.770 1500.0 12.0 0.0000 0.8249 117.32 0.2716
154.6875 71.1578 0.2389 0.3868 0.3742 0.00000 6.116 1500.0 12.0 0.0000 1.2015 170.44 0.2936
157.5000 71.1578 0.2264 0.4140 0.3596 0.00000 6.746 1500.0 12.0 0.0000 0.9377 132.77 0.3207
160.3125 71.1578 0.2976 0.3937 0.3087 0.00000 7.075 1500.0 12.0 0.0000 0.7350 98.31 0.3486
163.1250 71.1578 0.3976 0.3407 0.2617 0.00000 6.604 1500.0 12.0 0.0000 0.7697 95.80 0.3728
165.9375 71.1578 0.4291 0.3225 0.2484 0.00000 6.257 1500.0 12.0 0.0000 0.6106 74.27 0.3947
-104.0625 71.1578 0.3749 0.2869 0.3382 0.00000 6.340 1500.0 12.0 0.0000 0.9144 119.96 0.2050
-101.2500 71.1578 0.3980 0.2851 0.3169 0.00000 6.157 1500.0 12.0 0.0000 1.4662 188.12 0.2176
-98.4375 71.1578 0.3290 0.3229 0.3481 0.00000 6.093 1500.0 12.0 0.0000 1.1135 149.90 0.2416
-95.6250 71.1578 0.3339 0.3202 0.3459 0.00000 6.025 1500.0 12.0 0.0000 0.8365 112.24 0.2583
-92.8125 71.1578 0.3846 0.2982 0.3172 0.00000 5.880 1500.0 12.0 0.0000 1.2558 162.15 0.2650
-90.0000 71.1578 0.5850 0.2010 0.2139 0.00000 5.779 1500.0 12.0 0.0000 2.1447 235.64 0.2662
-87.1875 71.1578 0.6339 0.1758 0.1903 0.00000 5.795 1500.0 12.0 0.0000 2.5410 267.54 0.2590
-84.3750 71.1578 0.5983 0.1923 0.2095 0.00000 5.922 1500.0 12.0 0.0000 1.9132 208.09 0.2501
-81.5625 71.1578 0.4658 0.2547 0.2795 0.00000 6.285 1500.0 12.0 0.0000 0.9736 118.41 0.2358
-78.7500 71.1578 0.4589 0.2535 0.2876 0.00000 6.411 1500.0 12.0 0.0000 1.0801 132.42 0.2116
-75.9375 71.1578 0.4646 0.2460 0.2894 0.00000 6.500 1500.0 12.0 0.0000 1.7728 216.95 0.1882
-73.1250 71.1578 0.4701 0.2389 0.2910 0.00000 6.575 1500.0 12.0 0.0000 2.7858 340.32 0.1662
-70.3125 71.1578 0.5054 0.2186 0.2760 0.00000 6.552 1500.0 12.0 0.0000 2.4176 287.69 0.1529
-67.5000 71.1578 0.6648 0.1371 0.1981 0.00000 6.262 1500.0 12.0 0.0000 3.6642 381.01 0.1416
-64.6875 71.1578 0.6676 0.1371 0.1954 0.00000 6.240 1500.0 12.0 0.0000 3.3860 350.86 0.1481
-61.8750 71.1578 0.6446 0.1515 0.2039 0.00000 6.231 1500.0 12.0 0.0000 3.2668 344.98 0.1650
-59.0625 71.1578 0.4606 0.2420 0.2974 0.00000 6.493 1500.0 12.0 0.0000 1.5783 194.42 0.1808
-56.2500 71.1578 0.4776 0.2331 0.2893 0.00000 6.474 1500.0 12.0 0.0000 1.8029 219.23 0.1768
59.0625 68.3678 0.4001 0.2575 0.3424 0.00000 6.842 1500.0 12.0 0.0000 1.3459 174.91 0.1057
61.8750 68.3678 0.3746 0.2754 0.3500 0.00000 7.112 1500.0 12.0 0.0000 1.1626 153.48 0.1080
64.6875 68.3678 0.4777 0.2285 0.2938 0.00000 6.482 1500.0 12.0 0.0000 1.2602 153.63 0.1528
67.5000 68.3678 0.6595 0.1424 0.1982 0.00000 6.118 1500.0 12.0 0.0000 3.0693 320.13 0.1576
70.3125 68.3678 0.6609 0.1448 0.1943 0.00000 6.050 1500.0 12.0 0.0000 3.4188 355.37 0.1708
73.1250 68.3678 0.6361 0.1610 0.2029 0.00000 6.011 1500.0 12.0 0.0000 2.9249 310.16 0.1899
75.9375 68.3678 0.5205 0.2189 0.2605 0.00000 6.230 1500.0 12.0 0.0000 1.6194 189.48 0.1962
78.7500 68.3678 0.4633 0.2478 0.2889 0.00000 6.364 1500.0 12.0 0.0000 2.1650 265.05 0.1940
81.5625 68.3678 0.4642 0.2466 0.2892 0.00000 6.388 1500.0 12.0 0.0000 3.1706 388.06 0.1900
84.3750 68.3678 0.4655 0.2449 0.2896 0.00000 6.419 1500.0 12.0 0.0000 3.6938 451.92 0.1848
87.1875 68.3678 0.4681 0.2415 0.2904 0.00000 6.468 1500.0 12.0 0.0000 2.8427 347.49 0.1744
90.0000 68.3678 0.4734 0.2346 0.2920 0.00000 6.550 1500.0 12.0 0.0000 2.3194 283.05 0.1534
92.8125 68.3678 0.4821 0.2234 0.2946 0.00000 6.661 1500.0 12.0 0.0000 2.1437 260.89 0.1194
95.6250 68.3678 0.4946 0.2070 0.2984 0.00000 6.778 1500.0 12.0 0.0000 1.7211 208.61 0.0707
98.4375 68.3678 0.4967 0.2043 0.2990 0.00000 6.800 1500.0 12.0 0.0000 1.1625 140.81 0.0628
101.2500 68.3678 0.4967 0.2043 0.2990 0.00000 6.800 1500.0 12.0 0.0000 0.7815 94.67 0.0628
104.0625 68.3678 0.4967 0.2043 0.2990 0.00000 6.800 1500.0 12.0 0.0000 0.6177 74.82 0.0628
106.8750 68.3678 0.4885 0.2150 0.2965 0.00000 6.733 1500.0 12.0 0.0000 1.1349 137.83 0.0944
109.6875 68.3678 0.4837 0.2213 0.2951 0.00000 6.688 1500.0 12.0 0.0000 1.2132 147.57 0.1132
112.5000 68.3678 0.4762 0.2276 0.2962 0.00000 6.651 1500.0 12.0 0.0000 1.2962 158.35 0.1275
115.3125 68.3678 0.4763 0.2307 0.2930 0.00000 6.612 1500.0 12.0 0.0000 1.4796 180.42 0.1415
118.1250 68.3678 0.4758 0.2304 0.2938 0.00000 6.616 1500.0 12.0 0.0000 1.5830 193.16 0.1410
120.9375 68.3678 0.4785 0.2280 0.2935 0.00000 6.640 1500.0 12.0 0.0000 1.4478 176.40 0.1334
123.7500 68.3678 0.4823 0.2231 0.2947 0.00000 6.682 1500.0 12.0 0.0000 1.3772 167.59 0.1183
126.5625 68.3678 0.4864 0.2177 0.2959 0.00000 6.722 1500.0 12.0 0.0000 1.4022 170.40 0.1022
129.3750 68.3678 0.4922 0.2101 0.2977 0.00000 6.767 1500.0 12.0 0.0000 1.3803 167.44 0.0798
132.1875 68.3678 0.4885 0.2150 0.2965 0.00000 6.740 1500.0 12.0 0.0000 1.8216 221.23 0.0942
135.0000 68.3678 0.4798 0.2263 0.2939 0.00000 6.659 1500.0 12.0 0.0000 2.0344 247.77 0.1280
137.8125 68.3678 0.4662 0.2440 0.2898 0.00000 6.496 1500.0 12.0 0.0000 1.1733 143.52 0.1825
140.6250 68.3678 0.4446 0.2651 0.2903 0.00000 6.469 1500.0 12.0 0.0000 0.8015 99.11 0.2255
143.4375 68.3678 0.4393 0.2741 0.2866 0.00000 6.430 1500.0 12.0 0.0000 0.6622 81.92 0.2524
146.2500 68.3678 0.3415 0.3473 0.3112 0.00000 7.116 1500.0 12.0 0.0000 0.7728 101.47 0.2749
149.0625 68.3678 0.2255 0.4098 0.3647 0.00000 6.766 1500.0 12.0 0.0000 0.7761 110.20 0.3001
151.8750 68.3678 0.2214 0.4171 0.3615 0.00000 6.670 1500.0 12.0 0.0000 0.7653 108.69 0.3262
154.6875 68.3678 0.2373 0.4064 0.3563 0.00000 6.477 1500.0 12.0 0.0000 0.9694 136.40 0.3523
157.5000 68.3678 0.2756 0.4004 0.3240 0.00000 6.702 1500.0 12.0 0.0000 1.1797 160.60 0.3788
160.3125 68.3678 0.3930 0.3380 0.2690 0.00000 5.992 1500.0 12.0 0.0000 1.1978 150.02 0.4015
163.1250 68.3678 0.3472 0.3898 0.2629 0.00000 6.926 1500.0 12.0 0.0000 0.7181 91.60 0.4247
165.9375 68.3678 0.4381 0.3238 0.2381 0.00000 5.890 1500.0 12.0 0.0000 0.9968 120.00 0.4431
168.7500 68.3678 0.3810 0.3327 0.2863 0.00000 5.858 1500.0 12.0 0.0000 0.9417 119.77 0.4395
-106.8750 68.3678 0.5396 0.2020 0.2585 0.00000 6.406 1500.0 12.0 0.0000 1.9034 220.26 0.1491
-104.0625 68.3678 0.3029 0.3197 0.3774 0.00000 6.269 1500.0 12.0 0.0000 1.1235 155.31 0.1932
-101.2500 68.3678 0.2783 0.3400 0.3816 0.00000 6.166 1500.0 12.0 0.0000 0.9823 137.53 0.2226
-98.4375 68.3678 0.3420 0.3126 0.3454 0.00000 6.095 1500.0 12.0 0.0000 0.8816 117.83 0.2396
-95.6250 68.3678 0.4594 0.2586 0.2820 0.00000 5.955 1500.0 12.0 0.0000 1.3140 160.54 0.2481
-92.8125 68.3678 0.6230 0.1792 0.1978 0.00000 5.874 1500.0 12.0 0.0000 2.0037 213.32 0.2462
-90.0000 68.3678 0.5978 0.1886 0.2136 0.00000 6.005 1500.0 12.0 0.0000 1.6795 183.20 0.2306
-87.1875 68.3678 0.5694 0.1986 0.2321 0.00000 6.153 1500.0 12.0 0.0000 1.1367 127.40 0.2106
-84.3750 68.3678 0.4891 0.2363 0.2745 0.00000 6.370 1500.0 12.0 0.0000 0.8045 96.43 0.2008
-81.5625 68.3678 0.4629 0.2482 0.2888 0.00000 6.457 1500.0 12.0 0.0000 0.8541 104.58 0.1950
-78.7500 68.3678 0.4475 0.2596 0.2929 0.00000 6.609 1500.0 12.0 0.0000 1.1057 136.73 0.1997
-75.9375 68.3678 0.4800 0.2444 0.2756 0.00000 6.365 1500.0 12.0 0.0000 1.8794 226.44 0.2181
-73.1250 68.3678 0.5474 0.2175 0.2350 0.00000 6.119 1500.0 12.0 0.0000 2.0758 235.82 0.2507
-70.3125 68.3678 0.5516 0.2215 0.2269 0.00000 6.018 1500.0 12.0 0.0000 1.4951 168.64 0.2813
-67.5000 68.3678 0.5387 0.2334 0.2279 0.00000 5.962 1500.0 12.0 0.0000 1.4128 160.53 0.3096
-64.6875 68.3678 0.6081 0.2032 0.1887 0.00000 5.753 1500.0 12.0 0.0000 2.5757 274.89 0.3286
-61.8750 68.3678 0.6091 0.2040 0.1869 0.00000 5.727 1500.0 12.0 0.0000 2.9962 319.20 0.3371
-59.0625 68.3678 0.5983 0.2082 0.1935 0.00000 5.775 1500.0 12.0 0.0000 2.7777 299.01 0.3310
-56.2500 68.3678 0.5709 0.2184 0.2107 0.00000 5.952 1500.0 12.0 0.0000 2.7716 306.25 0.3097
-53.4375 68.3678 0.5344 0.2276 0.2380 0.00000 6.030 1500.0 12.0 0.0000 2.1338 244.53 0.2819
-50.6250 68.3678 0.3972 0.2909 0.3119 0.00000 6.287 1500.0 12.0 0.0000 2.3270 297.85 0.2741
2.8125 65.5776 0.3910 0.3041 0.3050 0.00000 6.156 1500.0 12.0 0.0000 0.5815 74.36 0.2749
5.6250 65.5776 0.3161 0.3426 0.3413 0.00000 6.340 1500.0 12.0 0.0000 0.4327 58.38 0.2795
8.4375 65.5776 0.3193 0.3540 0.3267 0.00000 7.003 1500.0 12.0 0.0000 0.3431 45.88 0.2798
11.2500 65.5776 0.2727 0.3817 0.3456 0.00000 7.197 1500.0 12.0 0.0000 0.4917 67.78 0.2707
14.0625 65.5776 0.2571 0.3699 0.3729 0.00000 6.757 1500.0 12.0 0.0000 0.7455 104.88 0.2478
16.8750 65.5776 0.2586 0.3599 0.3816 0.00000 6.594 1500.0 12.0 0.0000 0.9672 136.56 0.2256
19.6875 65.5776 0.2720 0.3459 0.3821 0.00000 6.701 1500.0 12.0 0.0000 1.0971 154.07 0.2063
22.5000 65.5776 0.3018 0.3260 0.3722 0.00000 6.810 1500.0 12.0 0.0000 1.3510 186.37 0.1851
25.3125 65.5776 0.2954 0.3286 0.3760 0.00000 7.204 1500.0 12.0 0.0000 1.8214 252.44 0.1634
30.9375 65.5776 0.3585 0.2718 0.3697 0.00000 6.625 1500.0 12.0 0.0000 2.6450 355.40 0.1069
33.7500 65.5776 0.3516 0.2709 0.3775 0.00000 6.630 1500.0 12.0 0.0000 2.8190 381.48 0.0962
39.3750 65.5776 0.4161 0.2363 0.3476 0.00000 6.743 1500.0 12.0 0.0000 1.8126 234.48 0.0628
59.0625 65.5776 0.3568 0.3166 0.3266 0.00000 7.332 1500.0 12.0 0.0000 1.4616 192.13 0.1648
61.8750 65.5776 0.4189 0.2557 0.3254 0.00000 6.582 1500.0 12.0 0.0000 1.3572 173.24 0.1512
64.6875 65.5776 0.4415 0.2429 0.3156 0.00000 6.590 1500.0 12.0 0.0000 1.2720 159.76 0.1409
67.5000 65.5776 0.5872 0.1752 0.2376 0.00000 6.318 1500.0 12.0 0.0000 2.1956 244.60 0.1482
70.3125 65.5776 0.5587 0.1936 0.2477 0.00000 6.321 1500.0 12.0 0.0000 1.8087 205.86 0.1648
73.1250 65.5776 0.5114 0.2219 0.2668 0.00000 6.359 1500.0 12.0 0.0000 1.5265 180.12 0.1837
75.9375 65.5776 0.4625 0.2493 0.2882 0.00000 6.399 1500.0 12.0 0.0000 1.6029 196.23 0.1994
78.7500 65.5776 0.4583 0.2543 0.2874 0.00000 6.354 1500.0 12.0 0.0000 2.3581 289.16 0.2138
81.5625 65.5776 0.4544 0.2593 0.2863 0.00000 6.309 1500.0 12.0 0.0000 3.7851 464.72 0.2292
84.3750 65.5776 0.4525 0.2618 0.2857 0.00000 6.292 1500.0 12.0 0.0000 4.0140 493.13 0.2370
87.1875 65.5776 0.4549 0.2586 0.2865 0.00000 6.335 1500.0 12.0 0.0000 2.9486 361.95 0.2271
90.0000 65.5776 0.4608 0.2510 0.2882 0.00000 6.419 1500.0 12.0 0.0000 2.1837 267.56 0.2036
92.8125 65.5776 0.4680 0.2416 0.2904 0.00000 6.513 1500.0 12.0 0.0000 1.7853 218.25 0.1747
95.6250 65.5776 0.4832 0.2218 0.2949 0.00000 6.688 1500.0 12.0 0.0000 1.7137 208.48 0.1149
98.4375 65.5776 0.4959 0.2054 0.2987 0.00000 6.787 1500.0 12.0 0.0000 1.0743 130.17 0.0660
101.2500 65.5776 0.4939 0.2054 0.3007 0.00000 6.797 1500.0 12.0 0.0000 0.6528 79.26 0.0628
104.0625 65.5776 0.4963 0.2041 0.2997 0.00000 6.799 1500.0 12.0 0.0000 0.4963 60.15 0.0628
106.8750 65.5776 0.4778 0.2118 0.3104 0.00000 6.781 1500.0 12.0 0.0000 0.4650 57.22 0.0628
109.6875 65.5776 0.4758 0.2115 0.3127 0.00000 6.730 1500.0 12.0 0.0000 0.5387 66.44 0.0628
112.5000 65.5776 0.4573 0.2344 0.3083 0.00000 6.520 1500.0 12.0 0.0000 1.8745 232.71 0.1251
115.3125 65.5776 0.4441 0.2477 0.3082 0.00000 6.417 1500.0 12.0 0.0000 2.4024 300.13 0.1537
118.1250 65.5776 0.3946 0.2740 0.3314 0.00000 6.466 1500.0 12.0 0.0000 1.9944 258.32 0.1711
120.9375 65.5776 0.4496 0.2521 0.2983 0.00000 6.502 1500.0 12.0 0.0000 1.6000 198.25 0.1851
123.7500 65.5776 0.4636 0.2475 0.2889 0.00000 6.495 1500.0 12.0 0.0000 1.8556 227.14 0.1944
126.5625 65.5776 0.4619 0.2496 0.2885 0.00000 6.485 1500.0 12.0 0.0000 2.5019 306.44 0.1991
129.3750 65.5776 0.4613 0.2503 0.2884 0.00000 6.480 1500.0 12.0 0.0000 2.3399 286.66 0.2015
132.1875 65.5776 0.4581 0.2545 0.2874 0.00000 6.442 1500.0 12.0 0.0000 1.8496 226.83 0.2146
135.0000 65.5776 0.4485 0.2669 0.2845 0.00000 6.325 1500.0 12.0 0.0000 2.0588 253.25 0.2530
137.8125 65.5776 0.4420 0.2754 0.2826 0.00000 6.237 1500.0 12.0 0.0000 1.1250 138.67 0.2801
140.6250 65.5776 0.4348 0.2848 0.2804 0.00000 6.135 1500.0 12.0 0.0000 0.7208 89.05 0.3104
143.4375 65.5776 0.4196 0.3007 0.2797 0.00000 6.141 1500.0 12.0 0.0000 0.5598 69.64 0.3396
146.2500 65.5776 0.4471 0.2964 0.2565 0.00000 5.969 1500.0 12.0 0.0000 0.7723 93.55 0.3673
149.0625 65.5776 0.2476 0.4146 0.3378 0.00000 6.246 1500.0 12.0 0.0000 0.7325 101.67 0.3946
151.8750 65.5776 0.2158 0.4319 0.3523 0.00000 5.996 1500.0 12.0 0.0000 0.6588 93.37 0.4270
154.6875 65.5776 0.2147 0.4494 0.3359 0.00000 6.541 1500.0 12.0 0.0000 0.4791 67.38 0.4554
157.5000 65.5776 0.3628 0.3764 0.2607 0.00000 6.258 1500.0 12.0 0.0000 0.6005 75.95 0.4804
-149.0625 65.5776 0.0468 0.6632 0.2900 0.00000 6.743 1500.0 12.0 0.0000 2.3324 344.01 0.1129
-120.9375 65.5776 0.1842 0.5072 0.3086 0.00000 6.800 1500.0 12.0 0.0000 0.7061 99.24 0.0628
-118.1250 65.5776 0.4597 0.2206 0.3198 0.00000 6.774 1500.0 12.0 0.0000 0.7142 89.13 0.0628
-115.3125 65.5776 0.4107 0.2419 0.3474 0.00000 6.757 1500.0 12.0 0.0000 0.6699 86.88 0.0628
-112.5000 65.5776 0.4220 0.2340 0.3440 0.00000 6.766 1500.0 12.0 0.0000 0.5992 77.16 0.0628
-109.6875 65.5776 0.4360 0.2281 0.3359 0.00000 6.774 1500.0 12.0 0.0000 0.9125 116.21 0.0628
-106.8750 65.5776 0.3861 0.2680 0.3460 0.00000 6.540 1500.0 12.0 0.0000 1.5384 201.61 0.1391
-104.0625 65.5776 0.4134 0.2658 0.3208 0.00000 6.248 1500.0 12.0 0.0000 1.1173 142.63 0.1940
-101.2500 65.5776 0.5471 0.2094 0.2435 0.00000 6.035 1500.0 12.0 0.0000 1.2884 147.16 0.2242
-98.4375 65.5776 0.6315 0.1713 0.1972 0.00000 5.935 1500.0 12.0 0.0000 1.5953 168.96 0.2347
-95.6250 65.5776 0.6371 0.1684 0.1945 0.00000 5.965 1500.0 12.0 0.0000 1.6326 172.06 0.2295
-92.8125 65.5776 0.5070 0.2284 0.2646 0.00000 6.336 1500.0 12.0 0.0000 0.7866 92.90 0.2052
-90.0000 65.5776 0.4673 0.2425 0.2902 0.00000 6.524 1500.0 12.0 0.0000 0.7323 89.54 0.1773
-87.1875 65.5776 0.4726 0.2357 0.2917 0.00000 6.585 1500.0 12.0 0.0000 0.8572 104.64 0.1569
-84.3750 65.5776 0.4712 0.2375 0.2913 0.00000 6.571 1500.0 12.0 0.0000 1.0617 129.65 0.1622
-81.5625 65.5776 0.4215 0.2727 0.3057 0.00000 7.016 1500.0 12.0 0.0000 1.4120 178.07 0.1813
-78.7500 65.5776 0.3938 0.3107 0.2956 0.00000 7.475 1500.0 12.0 0.0000 2.5483 323.79 0.2257
-75.9375 65.5776 0.6268 0.1834 0.1898 0.00000 5.858 1500.0 12.0 0.0000 4.0580 428.84 0.2753
-73.1250 65.5776 0.6091 0.2038 0.1870 0.00000 5.700 1500.0 12.0 0.0000 3.6170 385.35 0.3344
-70.3125 65.5776 0.5403 0.2458 0.2140 0.00000 5.682 1500.0 12.0 0.0000 2.2083 248.58 0.3844
-67.5000 65.5776 0.4671 0.2967 0.2363 0.00000 5.974 1500.0 12.0 0.0000 1.4173 167.97 0.4253
-64.6875 65.5776 0.4866 0.2872 0.2262 0.00000 5.785 1500.0 12.0 0.0000 1.3780 160.73 0.4521
-61.8750 65.5776 0.5473 0.2556 0.1971 0.00000 5.471 1500.0 12.0 0.0000 1.8309 203.16 0.4619
-59.0625 65.5776 0.5687 0.2468 0.1845 0.00000 5.502 1500.0 12.0 0.0000 3.0109 327.54 0.4527
-56.2500 65.5776 0.5419 0.2603 0.1978 0.00000 5.792 1500.0 12.0 0.0000 2.8767 320.26 0.4298
-53.4375 65.5776 0.5699 0.2339 0.1962 0.00000 5.640 1500.0 12.0 0.0000 3.5731 391.41 0.3945
-50.6250 65.5776 0.4477 0.2856 0.2668 0.00000 5.949 1500.0 12.0 0.0000 3.0924 376.71 0.3690
-47.8125 65.5776 0.3845 0.3095 0.3060 0.00000 6.161 1500.0 12.0 0.0000 3.1334 402.16 0.3405
0.0000 62.7874 0.2670 0.3828 0.3502 0.00000 6.605 1500.0 12.0 0.0000 0.2881 39.90 0.3142
2.8125 62.7874 0.2332 0.4034 0.3634 0.00000 6.626 1500.0 12.0 0.0000 0.3406 48.17 0.3174
5.6250 62.7874 0.2333 0.4014 0.3653 0.00000 6.542 1500.0 12.0 0.0000 0.4268 60.42 0.3114
8.4375 62.7874 0.2361 0.3988 0.3651 0.00000 6.661 1500.0 12.0 0.0000 0.6260 88.52 0.3040
11.2500 62.7874 0.2261 0.4149 0.3591 0.00000 7.527 1500.0 12.0 0.0000 0.6984 98.87 0.2891
14.0625 62.7874 0.2749 0.3703 0.3548 0.00000 6.746 1500.0 12.0 0.0000 0.8866 122.65 0.2720
16.8750 62.7874 0.4461 0.2672 0.2867 0.00000 6.103 1500.0 12.0 0.0000 1.3447 165.80 0.2488
19.6875 62.7874 0.3921 0.2933 0.3146 0.00000 6.717 1500.0 12.0 0.0000 1.1317 145.42 0.2121
22.5000 62.7874 0.5160 0.2123 0.2717 0.00000 6.276 1500.0 12.0 0.0000 2.1139 249.56 0.1640
25.3125 62.7874 0.5153 0.2074 0.2773 0.00000 6.314 1500.0 12.0 0.0000 3.6366 430.92 0.1465
28.1250 62.7874 0.5730 0.1782 0.2488 0.00000 6.329 1500.0 12.0 0.0000 4.5288 511.89 0.1356
30.9375 62.7874 0.4651 0.2235 0.3114 0.00000 6.422 1500.0 12.0 0.0000 4.6153 571.77 0.1165
70.3125 62.7874 0.4166 0.2621 0.3213 0.00000 6.540 1500.0 12.0 0.0000 2.1258 271.04 0.1748
73.1250 62.7874 0.4324 0.2577 0.3099 0.00000 6.518 1500.0 12.0 0.0000 1.9322 242.97 0.1852
75.9375 62.7874 0.4502 0.2576 0.2922 0.00000 6.431 1500.0 12.0 0.0000 2.3295 287.56 0.2152
78.7500 62.7874 0.4486 0.2668 0.2846 0.00000 6.323 1500.0 12.0 0.0000 3.1845 391.70 0.2528
81.5625 62.7874 0.4401 0.2779 0.2820 0.00000 6.225 1500.0 12.0 0.0000 3.4065 420.14 0.2879
84.3750 62.7874 0.4391 0.2792 0.2817 0.00000 6.222 1500.0 12.0 0.0000 2.1583 266.28 0.2921
87.1875 62.7874 0.4455 0.2709 0.2836 0.00000 6.303 1500.0 12.0 0.0000 1.4622 180.03 0.2659
90.0000 62.7874 0.4613 0.2504 0.2883 0.00000 6.489 1500.0 12.0 0.0000 1.2984 159.06 0.2017
92.8125 62.7874 0.4784 0.2281 0.2935 0.00000 6.665 1500.0 12.0 0.0000 1.5426 187.95 0.1336
95.6250 62.7874 0.4454 0.2321 0.3225 0.00000 6.696 1500.0 12.0 0.0000 1.7427 219.33 0.0916
98.4375 62.7874 0.4344 0.2400 0.3256 0.00000 6.647 1500.0 12.0 0.0000 0.9893 125.37 0.1060
101.2500 62.7874 0.3895 0.2685 0.3420 0.00000 6.543 1500.0 12.0 0.0000 0.5256 68.62 0.1463
104.0625 62.7874 0.4147 0.2652 0.3201 0.00000 6.496 1500.0 12.0 0.0000 0.2472 31.53 0.1834
106.8750 62.7874 0.3889 0.2833 0.3278 0.00000 6.340 1500.0 12.0 0.0000 0.2375 30.78 0.2099
109.6875 62.7874 0.3650 0.2997 0.3354 0.00000 6.290 1500.0 12.0 0.0000 0.2368 31.16 0.2254
112.5000 62.7874 0.3901 0.2898 0.3201 0.00000 6.282 1500.0 12.0 0.0000 0.2604 33.59 0.2331
115.3125 62.7874 0.4125 0.2836 0.3039 0.00000 6.243 1500.0 12.0 0.0000 0.3940 49.86 0.2454
118.1250 62.7874 0.3361 0.3219 0.3420 0.00000 6.196 1500.0 12.0 0.0000 0.7063 94.49 0.2533
120.9375 62.7874 0.3251 0.3308 0.3440 0.00000 6.167 1500.0 12.0 0.0000 1.6557 222.82 0.2639
123.7500 62.7874 0.4447 0.2746 0.2808 0.00000 6.231 1500.0 12.0 0.0000 2.0756 255.24 0.2724
126.5625 62.7874 0.4391 0.2751 0.2857 0.00000 6.290 1500.0 12.0 0.0000 2.0284 250.82 0.2718
129.3750 62.7874 0.4427 0.2745 0.2828 0.00000 6.283 1500.0 12.0 0.0000 2.9871 368.11 0.2770
132.1875 62.7874 0.4394 0.2789 0.2818 0.00000 6.245 1500.0 12.0 0.0000 5.0000 616.82 0.2908
135.0000 62.7874 0.4347 0.2848 0.2804 0.00000 6.186 1500.0 12.0 0.0000 3.8600 476.88 0.3100
137.8125 62.7874 0.4306 0.2902 0.2792 0.00000 6.127 1500.0 12.0 0.0000 1.9409 240.09 0.3273
140.6250 62.7874 0.4267 0.2953 0.2780 0.00000 6.065 1500.0 12.0 0.0000 1.1820 146.40 0.3443
143.4375 62.7874 0.4199 0.3041 0.2759 0.00000 5.971 1500.0 12.0 0.0000 0.7278 90.33 0.3731
146.2500 62.7874 0.4174 0.3120 0.2706 0.00000 5.823 1500.0 12.0 0.0000 0.5509 68.26 0.4057
149.0625 62.7874 0.3211 0.3747 0.3043 0.00000 5.529 1500.0 12.0 0.0000 0.8361 110.39 0.4391
151.8750 62.7874 0.2203 0.4393 0.3404 0.00000 5.484 1500.0 12.0 0.0000 0.6067 85.31 0.4740
154.6875 62.7874 0.2066 0.4500 0.3434 0.00000 5.457 1500.0 12.0 0.0000 0.4640 65.72 0.4994
157.5000 62.7874 0.2812 0.4141 0.3047 0.00000 5.468 1500.0 12.0 0.0000 0.7190 96.67 0.5115
160.3125 62.7874 0.3463 0.3840 0.2697 0.00000 5.542 1500.0 12.0 0.0000 1.3393 171.57 0.5132
-151.8750 62.7874 0.0368 0.7033 0.2598 0.00000 6.393 1500.0 12.0 0.0000 2.1994 321.06 0.3127
-149.0625 62.7874 0.0473 0.6935 0.2592 0.00000 6.314 1500.0 12.0 0.0000 1.4700 213.60 0.3398
-118.1250 62.7874 0.3954 0.2438 0.3608 0.00000 6.719 1500.0 12.0 0.0000 0.7329 96.40 0.0628
-115.3125 62.7874 0.3639 0.2567 0.3793 0.00000 6.687 1500.0 12.0 0.0000 0.7603 102.43 0.0628
-112.5000 62.7874 0.3325 0.2702 0.3973 0.00000 6.637 1500.0 12.0 0.0000 0.8685 119.73 0.0628
-109.6875 62.7874 0.3666 0.2792 0.3542 0.00000 6.396 1500.0 12.0 0.0000 2.8932 384.21 0.1505
-106.8750 62.7874 0.5011 0.2266 0.2723 0.00000 6.182 1500.0 12.0 0.0000 2.7144 323.00 0.1945
-104.0625 62.7874 0.6102 0.1805 0.2093 0.00000 6.025 1500.0 12.0 0.0000 2.9418 317.82 0.2226
-101.2500 62.7874 0.5865 0.1955 0.2181 0.00000 6.034 1500.0 12.0 0.0000 1.7446 192.03 0.2415
-98.4375 62.7874 0.5382 0.2217 0.2401 0.00000 6.134 1500.0 12.0 0.0000 1.2395 141.95 0.2488
-95.6250 62.7874 0.4681 0.2547 0.2772 0.00000 6.340 1500.0 12.0 0.0000 0.8898 107.94 0.2402
-92.8125 62.7874 0.4587 0.2537 0.2876 0.00000 6.472 1500.0 12.0 0.0000 0.9844 120.70 0.2119
-90.0000 62.7874 0.4684 0.2411 0.2905 0.00000 6.581 1500.0 12.0 0.0000 1.2706 155.30 0.1730
-87.1875 62.7874 0.4728 0.2354 0.2918 0.00000 6.624 1500.0 12.0 0.0000 1.7821 217.53 0.1555
-84.3750 62.7874 0.5152 0.2166 0.2683 0.00000 6.499 1500.0 12.0 0.0000 3.2282 380.51 0.1670
-81.5625 62.7874 0.5560 0.2093 0.2347 0.00000 6.205 1500.0 12.0 0.0000 3.9204 443.29 0.2307
-78.7500 62.7874 0.5536 0.2232 0.2231 0.00000 5.994 1500.0 12.0 0.0000 3.0034 337.58 0.2949
-75.9375 62.7874 0.5954 0.2158 0.1889 0.00000 5.694 1500.0 12.0 0.0000 3.6737 394.92 0.3608
-73.1250 62.7874 0.5727 0.2373 0.1900 0.00000 5.579 1500.0 12.0 0.0000 3.9379 428.99 0.4165
-70.3125 62.7874 0.4626 0.2935 0.2440 0.00000 5.721 1500.0 12.0 0.0000 2.5540 304.75 0.4462
-67.5000 62.7874 0.4496 0.2993 0.2510 0.00000 5.746 1500.0 12.0 0.0000 1.7497 211.00 0.4496
-64.6875 62.7874 0.3429 0.3513 0.3058 0.00000 5.911 1500.0 12.0 0.0000 1.2025 157.32 0.4504
-61.8750 62.7874 0.3488 0.3474 0.3039 0.00000 5.880 1500.0 12.0 0.0000 1.2548 163.56 0.4409
-59.0625 62.7874 0.4241 0.3053 0.2707 0.00000 5.865 1500.0 12.0 0.0000 1.4632 180.71 0.4205
-56.2500 62.7874 0.4707 0.2771 0.2522 0.00000 5.906 1500.0 12.0 0.0000 1.7706 211.42 0.3946
-53.4375 62.7874 0.3798 0.3307 0.2895 0.00000 6.547 1500.0 12.0 0.0000 1.9055 242.91 0.3816
-50.6250 62.7874 0.3859 0.3194 0.2947 0.00000 6.160 1500.0 12.0 0.0000 2.5421 324.04 0.3865
-8.4375 62.7874 0.2824 0.3660 0.3516 0.00000 6.396 1500.0 12.0 0.0000 0.4391 60.46 0.3037
-5.6250 62.7874 0.2633 0.3777 0.3590 0.00000 6.639 1500.0 12.0 0.0000 0.2742 38.20 0.3001
-2.8125 62.7874 0.2873 0.3550 0.3577 0.00000 6.002 1500.0 12.0 0.0000 0.3238 44.63 0.3052
0.0000 59.9970 0.4846 0.2612 0.2542 0.00000 5.849 1500.0 12.0 0.0000 0.6415 76.16 0.3179
2.8125 59.9970 0.4836 0.2615 0.2549 0.00000 5.958 1500.0 12.0 0.0000 0.6169 73.30 0.3067
5.6250 59.9970 0.4673 0.2738 0.2588 0.00000 6.161 1500.0 12.0 0.0000 0.5772 69.31 0.3009
8.4375 59.9970 0.4266 0.2944 0.2790 0.00000 6.311 1500.0 12.0 0.0000 0.3879 48.07 0.2954
11.2500 59.9970 0.4447 0.2831 0.2722 0.00000 6.398 1500.0 12.0 0.0000 0.4374 53.52 0.2808
14.0625 59.9970 0.4500 0.2711 0.2789 0.00000 6.307 1500.0 12.0 0.0000 0.5121 62.75 0.2620
16.8750 59.9970 0.4636 0.2577 0.2787 0.00000 6.277 1500.0 12.0 0.0000 0.6243 75.97 0.2416
19.6875 59.9970 0.4806 0.2446 0.2748 0.00000 6.311 1500.0 12.0 0.0000 0.6305 75.92 0.2206
22.5000 59.9970 0.5110 0.2276 0.2615 0.00000 6.699 1500.0 12.0 0.0000 1.4549 171.16 0.1801
25.3125 59.9970 0.5323 0.2010 0.2667 0.00000 6.546 1500.0 12.0 0.0000 1.6583 193.57 0.1325
73.1250 59.9970 0.4051 0.2804 0.3145 0.00000 6.429 1500.0 12.0 0.0000 5.0000 638.56 0.2387
75.9375 59.9970 0.4132 0.2854 0.3014 0.00000 6.338 1500.0 12.0 0.0000 5.0000 631.53 0.2775
87.1875 59.9970 0.4474 0.2673 0.2853 0.00000 6.432 1500.0 12.0 0.0000 3.4405 423.61 0.2531
90.0000 59.9970 0.4695 0.2394 0.2910 0.00000 6.628 1500.0 12.0 0.0000 2.9547 361.07 0.1680
92.8125 59.9970 0.4795 0.2267 0.2938 0.00000 6.700 1500.0 12.0 0.0000 3.1382 382.21 0.1298
95.6250 59.9970 0.4643 0.2465 0.2892 0.00000 6.558 1500.0 12.0 0.0000 1.4238 174.27 0.1897
98.4375 59.9970 0.4467 0.2694 0.2839 0.00000 6.341 1500.0 12.0 0.0000 0.4655 57.28 0.2615
101.2500 59.9970 0.4369 0.2825 0.2806 0.00000 6.163 1500.0 12.0 0.0000 0.2202 27.18 0.3080
104.0625 59.9970 0.4311 0.2891 0.2799 0.00000 6.048 1500.0 12.0 0.0000 0.1353 16.74 0.3291
106.8750 59.9970 0.4305 0.2901 0.2795 0.00000 5.993 1500.0 12.0 0.0000 0.1036 12.82 0.3338
109.6875 59.9970 0.4502 0.2816 0.2681 0.00000 5.905 1500.0 12.0 0.0000 0.1112 13.54 0.3390
112.5000 59.9970 0.4141 0.3044 0.2814 0.00000 5.866 1500.0 12.0 0.0000 0.1033 12.90 0.3599
115.3125 59.9970 0.3415 0.3485 0.3100 0.00000 5.699 1500.0 12.0 0.0000 0.1746 22.91 0.3944
118.1250 59.9970 0.2500 0.4049 0.3451 0.00000 5.671 1500.0 12.0 0.0000 0.3104 43.20 0.4160
120.9375 59.9970 0.2831 0.3909 0.3260 0.00000 5.711 1500.0 12.0 0.0000 1.4434 196.06 0.4012
123.7500 59.9970 0.4061 0.3215 0.2724 0.00000 5.860 1500.0 12.0 0.0000 2.9502 367.89 0.3600
126.5625 59.9970 0.3358 0.3391 0.3251 0.00000 6.084 1500.0 12.0 0.0000 3.1409 416.52 0.3230
129.3750 59.9970 0.4193 0.2958 0.2849 0.00000 6.426 1500.0 12.0 0.0000 3.0398 379.32 0.3032
132.1875 59.9970 0.3453 0.3451 0.3095 0.00000 7.257 1500.0 12.0 0.0000 4.1148 538.82 0.3059
135.0000 59.9970 0.4276 0.2902 0.2822 0.00000 6.298 1500.0 12.0 0.0000 2.7994 347.40 0.3135
137.8125 59.9970 0.4315 0.2890 0.2794 0.00000 6.194 1500.0 12.0 0.0000 2.9212 361.25 0.3235
140.6250 59.9970 0.4300 0.2910 0.2790 0.00000 6.165 1500.0 12.0 0.0000 1.9639 243.00 0.3301
143.4375 59.9970 0.4251 0.2974 0.2775 0.00000 6.099 1500.0 12.0 0.0000 1.0686 132.42 0.3510
146.2500 59.9970 0.4201 0.3040 0.2760 0.00000 6.034 1500.0 12.0 0.0000 0.5793 71.90 0.3726
149.0625 59.9970 0.4766 0.2823 0.2411 0.00000 5.800 1500.0 12.0 0.0000 0.6035 71.38 0.4057
151.8750 59.9970 0.4272 0.3187 0.2541 0.00000 5.549 1500.0 12.0 0.0000 1.2746 155.71 0.4445
154.6875 59.9970 0.2036 0.4478 0.3486 0.00000 5.632 1500.0 12.0 0.0000 0.7940 112.89 0.4679
157.5000 59.9970 0.2038 0.4493 0.3469 0.00000 5.661 1500.0 12.0 0.0000 1.1296 160.46 0.4765
160.3125 59.9970 0.3199 0.3902 0.2899 0.00000 5.698 1500.0 12.0 0.0000 2.0805 272.75 0.4821
-149.0625 59.9970 0.3337 0.3609 0.3054 0.00000 6.132 1500.0 12.0 0.0000 1.6789 220.54 0.4100
-146.2500 59.9970 0.3274 0.3611 0.3114 0.00000 5.986 1500.0 12.0 0.0000 1.3592 179.62 0.4452
-143.4375 59.9970 0.3085 0.3765 0.3150 0.00000 5.877 1500.0 12.0 0.0000 0.9659 128.99 0.4391
-140.6250 59.9970 0.2432 0.4118 0.3450 0.00000 6.081 1500.0 12.0 0.0000 0.8097 113.00 0.4093
-137.8125 59.9970 0.3609 0.3390 0.3001 0.00000 5.970 1500.0 12.0 0.0000 0.7454 96.43 0.3816
-120.9375 59.9970 0.4218 0.2562 0.3220 0.00000 7.020 1500.0 12.0 0.0000 2.4610 313.12 0.1288
-118.1250 59.9970 0.4654 0.2259 0.3086 0.00000 6.914 1500.0 12.0 0.0000 1.7518 216.66 0.0967
-115.3125 59.9970 0.3319 0.3096 0.3585 0.00000 6.794 1500.0 12.0 0.0000 1.9987 270.17 0.1689
-112.5000 59.9970 0.2710 0.3388 0.3903 0.00000 6.298 1500.0 12.0 0.0000 2.3703 334.35 0.1990
-109.6875 59.9970 0.3042 0.3306 0.3651 0.00000 6.149 1500.0 12.0 0.0000 2.8908 396.92 0.2257
-106.8750 59.9970 0.5715 0.2041 0.2244 0.00000 5.980 1500.0 12.0 0.0000 2.1701 241.80 0.2463
-104.0625 59.9970 0.5151 0.2375 0.2474 0.00000 6.066 1500.0 12.0 0.0000 1.2864 149.75 0.2713
-101.2500 59.9970 0.4391 0.2792 0.2817 0.00000 6.193 1500.0 12.0 0.0000 0.9774 120.59 0.2923
-98.4375 59.9970 0.4389 0.2794 0.2816 0.00000 6.241 1500.0 12.0 0.0000 1.2657 156.16 0.2929
-95.6250 59.9970 0.4430 0.2741 0.2829 0.00000 6.334 1500.0 12.0 0.0000 2.0452 252.02 0.2758
-84.3750 59.9970 0.6258 0.1772 0.1969 0.00000 6.084 1500.0 12.0 0.0000 5.0000 531.18 0.2425
-81.5625 59.9970 0.5812 0.2109 0.2078 0.00000 5.965 1500.0 12.0 0.0000 5.0000 548.37 0.3062
-78.7500 59.9970 0.5098 0.2550 0.2351 0.00000 5.922 1500.0 12.0 0.0000 5.0000 579.36 0.3562
-75.9375 59.9970 0.4675 0.2782 0.2543 0.00000 5.967 1500.0 12.0 0.0000 5.0000 598.74 0.3760
-73.1250 59.9970 0.4062 0.3032 0.2907 0.00000 6.153 1500.0 12.0 0.0000 3.3898 427.03 0.3594
-70.3125 59.9970 0.3880 0.3067 0.3053 0.00000 6.246 1500.0 12.0 0.0000 2.6453 338.83 0.3275
-33.7500 59.9970 0.3260 0.3433 0.3307 0.00000 6.187 1500.0 12.0 0.0000 2.6609 355.45 0.3464
-30.9375 59.9970 0.3241 0.3499 0.3260 0.00000 6.091 1500.0 12.0 0.0000 2.4970 333.03 0.3722
-28.1250 59.9970 0.3904 0.3190 0.2906 0.00000 5.942 1500.0 12.0 0.0000 1.8161 230.51 0.3803
-25.3125 59.9970 0.3897 0.3171 0.2932 0.00000 5.890 1500.0 12.0 0.0000 0.9689 123.19 0.3783
-22.5000 59.9970 0.2731 0.3768 0.3501 0.00000 5.857 1500.0 12.0 0.0000 0.6728 92.92 0.3641
-19.6875 59.9970 0.2808 0.3693 0.3499 0.00000 5.881 1500.0 12.0 0.0000 0.5639 77.63 0.3512
-16.8750 59.9970 0.3505 0.3317 0.3178 0.00000 5.875 1500.0 12.0 0.0000 0.5196 68.18 0.3425
-14.0625 59.9970 0.3837 0.3128 0.3035 0.00000 5.869 1500.0 12.0 0.0000 0.6570 84.25 0.3265
-11.2500 59.9970 0.3968 0.3047 0.2985 0.00000 5.800 1500.0 12.0 0.0000 0.9985 126.90 0.3202
-8.4375 59.9970 0.3664 0.3278 0.3058 0.00000 6.135 1500.0 12.0 0.0000 0.8973 116.14 0.3221
-5.6250 59.9970 0.4156 0.2963 0.2881 0.00000 5.805 1500.0 12.0 0.0000 0.7970 99.81 0.3245
-2.8125 59.9970 0.3869 0.3224 0.2907 0.00000 6.359 1500.0 12.0 0.0000 0.4518 57.44 0.3249
0.0000 57.2066 0.4076 0.3119 0.2805 0.00000 6.393 1500.0 12.0 0.0000 0.2457 30.75 0.3332
2.8125 57.2066 0.3845 0.3204 0.2951 0.00000 6.650 1500.0 12.0 0.0000 0.2757 35.18 0.3087
5.6250 57.2066 0.3633 0.3359 0.3008 0.00000 6.861 1500.0 12.0 0.0000 0.2907 37.58 0.3059
8.4375 57.2066 0.4379 0.2808 0.2813 0.00000 6.108 1500.0 12.0 0.0000 0.2911 35.93 0.2978
11.2500 57.2066 0.4395 0.2787 0.2818 0.00000 6.132 1500.0 12.0 0.0000 0.3527 43.50 0.2906
14.0625 57.2066 0.4426 0.2747 0.2827 0.00000 6.180 1500.0 12.0 0.0000 0.4577 56.41 0.2778
16.8750 57.2066 0.4443 0.2724 0.2833 0.00000 6.216 1500.0 12.0 0.0000 0.6205 76.42 0.2707
19.6875 57.2066 0.4481 0.2674 0.2844 0.00000 6.282 1500.0 12.0 0.0000 1.0424 128.23 0.2546
22.5000 57.2066 0.4563 0.2568 0.2869 0.00000 6.396 1500.0 12.0 0.0000 1.4626 179.47 0.2214
25.3125 57.2066 0.4638 0.2471 0.2891 0.00000 6.497 1500.0 12.0 0.0000 2.0228 247.61 0.1914
28.1250 57.2066 0.5409 0.2039 0.2552 0.00000 6.423 1500.0 12.0 0.0000 3.2414 374.09 0.1673
33.7500 57.2066 0.5937 0.1717 0.2346 0.00000 6.312 1500.0 12.0 0.0000 3.9792 440.90 0.1465
36.5625 57.2066 0.4109 0.2671 0.3220 0.00000 6.503 1500.0 12.0 0.0000 1.9280 246.56 0.1878
87.1875 57.2066 0.3836 0.3029 0.3134 0.00000 6.381 1500.0 12.0 0.0000 4.7106 607.30 0.2977
90.0000 57.2066 0.3884 0.2999 0.3117 0.00000 6.387 1500.0 12.0 0.0000 5.0000 642.59 0.2907
92.8125 57.2066 0.3785 0.3144 0.3071 0.00000 6.271 1500.0 12.0 0.0000 1.7356 223.52 0.3273
98.4375 57.2066 0.3603 0.3496 0.2902 0.00000 5.752 1500.0 12.0 0.0000 0.5100 65.63 0.4664
101.2500 57.2066 0.3192 0.3718 0.3091 0.00000 5.589 1500.0 12.0 0.0000 0.2664 35.30 0.4457
104.0625 57.2066 0.3288 0.3543 0.3168 0.00000 5.682 1500.0 12.0 0.0000 0.1473 19.50 0.3832
106.8750 57.2066 0.3282 0.3425 0.3293 0.00000 5.781 1500.0 12.0 0.0000 0.1179 15.72 0.3273
109.6875 57.2066 0.2943 0.3532 0.3525 0.00000 5.730 1500.0 12.0 0.0000 0.1264 17.32 0.3122
112.5000 57.2066 0.2424 0.3948 0.3629 0.00000 5.853 1500.0 12.0 0.0000 0.1314 18.51 0.3530
115.3125 57.2066 0.2202 0.4339 0.3458 0.00000 5.667 1500.0 12.0 0.0000 0.1720 24.26 0.4380
118.1250 57.2066 0.2695 0.4225 0.3080 0.00000 5.363 1500.0 12.0 0.0000 0.5643 76.40 0.5071
120.9375 57.2066 0.2649 0.4408 0.2943 0.00000 6.086 1500.0 12.0 0.0000 0.5716 76.99 0.5170
123.7500 57.2066 0.2212 0.4548 0.3240 0.00000 6.304 1500.0 12.0 0.0000 0.8308 115.82 0.4601
126.5625 57.2066 0.2791 0.3880 0.3328 0.00000 5.932 1500.0 12.0 0.0000 2.3556 321.66 0.3984
129.3750 57.2066 0.3592 0.3417 0.2991 0.00000 6.768 1500.0 12.0 0.0000 3.3772 436.95 0.3527
132.1875 57.2066 0.3237 0.3714 0.3048 0.00000 7.380 1500.0 12.0 0.0000 3.2810 432.82 0.3379
135.0000 57.2066 0.3533 0.3528 0.2939 0.00000 6.996 1500.0 12.0 0.0000 3.8746 501.28 0.3475
137.8125 57.2066 0.3791 0.3340 0.2869 0.00000 6.699 1500.0 12.0 0.0000 3.6122 459.96 0.3508
140.6250 57.2066 0.4254 0.2964 0.2783 0.00000 6.253 1500.0 12.0 0.0000 5.0000 619.78 0.3450
143.4375 57.2066 0.4319 0.2885 0.2796 0.00000 6.289 1500.0 12.0 0.0000 3.5217 435.47 0.3220
146.2500 57.2066 0.4311 0.2895 0.2793 0.00000 6.279 1500.0 12.0 0.0000 1.9038 235.46 0.3254
149.0625 57.2066 0.4268 0.2952 0.2780 0.00000 6.237 1500.0 12.0 0.0000 1.3022 161.29 0.3439
151.8750 57.2066 0.4387 0.2969 0.2644 0.00000 6.059 1500.0 12.0 0.0000 1.2942 158.13 0.3807
154.6875 57.2066 0.2887 0.3873 0.3240 0.00000 5.874 1500.0 12.0 0.0000 2.3176 313.70 0.4184
157.5000 57.2066 0.2054 0.4421 0.3525 0.00000 5.850 1500.0 12.0 0.0000 2.5202 358.77 0.4462
160.3125 57.2066 0.2078 0.4402 0.3521 0.00000 5.883 1500.0 12.0 0.0000 3.3262 472.92 0.4453
-149.0625 57.2066 0.2879 0.3950 0.3171 0.00000 5.892 1500.0 12.0 0.0000 1.7647 238.11 0.4891
-146.2500 57.2066 0.4033 0.3404 0.2564 0.00000 5.622 1500.0 12.0 0.0000 1.9761 244.54 0.5237
-143.4375 57.2066 0.4119 0.3358 0.2524 0.00000 5.517 1500.0 12.0 0.0000 1.4284 175.62 0.5042
-140.6250 57.2066 0.3494 0.3585 0.2921 0.00000 5.590 1500.0 12.0 0.0000 1.3459 174.27 0.4488
-137.8125 57.2066 0.2661 0.3857 0.3482 0.00000 6.055 1500.0 12.0 0.0000 0.8121 112.40 0.3735
-135.0000 57.2066 0.2859 0.3647 0.3493 0.00000 6.087 1500.0 12.0 0.0000 0.8052 110.55 0.3269
-132.1875 57.2066 0.2718 0.3802 0.3480 0.00000 6.282 1500.0 12.0 0.0000 1.0569 145.91 0.3318
-115.3125 57.2066 0.3916 0.3013 0.3072 0.00000 6.940 1500.0 12.0 0.0000 1.5890 203.40 0.2443
-112.5000 57.2066 0.3130 0.3371 0.3499 0.00000 6.387 1500.0 12.0 0.0000 2.1513 291.97 0.2511
-109.6875 57.2066 0.2676 0.3601 0.3723 0.00000 6.240 1500.0 12.0 0.0000 2.8151 394.12 0.2588
-106.8750 57.2066 0.3586 0.3187 0.3227 0.00000 5.924 1500.0 12.0 0.0000 2.2192 290.88 0.2871
-104.0625 57.2066 0.4830 0.2638 0.2532 0.00000 5.793 1500.0 12.0 0.0000 1.9603 232.78 0.3222
-101.2500 57.2066 0.4975 0.2621 0.2404 0.00000 5.876 1500.0 12.0 0.0000 1.3231 154.77 0.3527
-98.4375 57.2066 0.4820 0.2721 0.2459 0.00000 5.946 1500.0 12.0 0.0000 1.7294 204.58 0.3651
-95.6250 57.2066 0.5185 0.2489 0.2326 0.00000 6.012 1500.0 12.0 0.0000 2.6372 303.74 0.3377
-78.7500 57.2066 0.3124 0.3558 0.3318 0.00000 6.165 1500.0 12.0 0.0000 5.0000 672.40 0.3640
-75.9375 57.2066 0.3037 0.3487 0.3476 0.00000 6.321 1500.0 12.0 0.0000 5.0000 680.53 0.2886
-30.9375 57.2066 0.3118 0.3698 0.3184 0.00000 5.962 1500.0 12.0 0.0000 1.7168 229.34 0.4391
-28.1250 57.2066 0.4151 0.3165 0.2685 0.00000 5.799 1500.0 12.0 0.0000 1.3928 172.55 0.4562
-25.3125 57.2066 0.5269 0.2638 0.2093 0.00000 5.523 1500.0 12.0 0.0000 2.2300 252.07 0.4481
-22.5000 57.2066 0.5587 0.2468 0.1945 0.00000 5.436 1500.0 12.0 0.0000 2.2918 252.31 0.4297
-19.6875 57.2066 0.5768 0.2324 0.1908 0.00000 5.448 1500.0 12.0 0.0000 1.8365 199.71 0.4096
-16.8750 57.2066 0.5946 0.2205 0.1848 0.00000 5.469 1500.0 12.0 0.0000 2.9308 314.36 0.3935
-14.0625 57.2066 0.5699 0.2311 0.1990 0.00000 5.533 1500.0 12.0 0.0000 1.6083 176.49 0.3843
-11.2500 57.2066 0.5175 0.2568 0.2257 0.00000 5.675 1500.0 12.0 0.0000 0.5687 65.26 0.3802
-8.4375 57.2066 0.5106 0.2626 0.2267 0.00000 5.817 1500.0 12.0 0.0000 0.4617 53.20 0.3785
-5.6250 57.2066 0.3736 0.3466 0.2797 0.00000 6.698 1500.0 12.0 0.0000 0.2320 29.51 0.3762
-2.8125 57.2066 0.3979 0.3268 0.2753 0.00000 6.493 1500.0 12.0 0.0000 0.2388 29.95 0.3606
0.0000 54.4162 0.4221 0.3014 0.2765 0.00000 6.012 1500.0 12.0 0.0000 0.2310 28.65 0.3649
2.8125 54.4162 0.4259 0.2963 0.2777 0.00000 6.053 1500.0 12.0 0.0000 0.2688 33.30 0.3477
5.6250 54.4162 0.4304 0.2904 0.2791 0.00000 6.102 1500.0 12.0 0.0000 0.3436 42.50 0.3282
8.4375 54.4162 0.4334 0.2867 0.2800 0.00000 6.141 1500.0 12.0 0.0000 0.4923 60.84 0.3159
11.2500 54.4162 0.4358 0.2835 0.2807 0.00000 6.171 1500.0 12.0 0.0000 0.9671 119.45 0.3059
14.0625 54.4162 0.4392 0.2791 0.2817 0.00000 6.216 1500.0 12.0 0.0000 1.7556 216.58 0.2916
16.8750 54.4162 0.4456 0.2707 0.2837 0.00000 6.296 1500.0 12.0 0.0000 1.7513 215.62 0.2651
19.6875 54.4162 0.4445 0.2721 0.2833 0.00000 6.286 1500.0 12.0 0.0000 2.0739 255.43 0.2696
22.5000 54.4162 0.4496 0.2656 0.2848 0.00000 6.343 1500.0 12.0 0.0000 2.6123 321.21 0.2491
25.3125 54.4162 0.4520 0.2624 0.2856 0.00000 6.366 1500.0 12.0 0.0000 2.7113 333.14 0.2391
28.1250 54.4162 0.5801 0.2016 0.2183 0.00000 6.038 1500.0 12.0 0.0000 3.6438 402.57 0.2519
30.9375 54.4162 0.6339 0.1756 0.1905 0.00000 5.907 1500.0 12.0 0.0000 4.5114 475.06 0.2548
33.7500 54.4162 0.4620 0.2577 0.2803 0.00000 6.078 1500.0 12.0 0.0000 2.1374 260.56 0.2559
36.5625 54.4162 0.3408 0.3183 0.3409 0.00000 6.220 1500.0 12.0 0.0000 1.5498 206.76 0.2608
39.3750 54.4162 0.3799 0.3050 0.3151 0.00000 6.286 1500.0 12.0 0.0000 1.9099 246.88 0.2804
98.4375 54.4162 0.2067 0.4872 0.3061 0.00000 5.221 1500.0 12.0 0.0000 0.5098 70.87 0.6700
101.2500 54.4162 0.2311 0.4520 0.3169 0.00000 5.187 1500.0 12.0 0.0000 0.2580 35.68 0.5820
104.0625 54.4162 0.2724 0.3969 0.3308 0.00000 5.409 1500.0 12.0 0.0000 0.2539 34.74 0.4247
106.8750 54.4162 0.2891 0.3555 0.3554 0.00000 5.721 1500.0 12.0 0.0000 0.2863 39.37 0.2997
109.6875 54.4162 0.3041 0.3342 0.3617 0.00000 6.096 1500.0 12.0 0.0000 0.2907 39.85 0.2382
112.5000 54.4162 0.4229 0.2910 0.2861 0.00000 6.234 1500.0 12.0 0.0000 0.3099 38.63 0.2698
115.3125 54.4162 0.4085 0.3309 0.2606 0.00000 6.157 1500.0 12.0 0.0000 0.2151 26.61 0.3961
118.1250 54.4162 0.2623 0.4353 0.3024 0.00000 6.228 1500.0 12.0 0.0000 0.2743 37.15 0.5099
120.9375 54.4162 0.2467 0.4541 0.2991 0.00000 6.416 1500.0 12.0 0.0000 0.4503 61.30 0.5350
123.7500 54.4162 0.3055 0.4154 0.2791 0.00000 6.715 1500.0 12.0 0.0000 1.1739 154.02 0.4727
126.5625 54.4162 0.3175 0.3807 0.3018 0.00000 6.655 1500.0 12.0 0.0000 3.2785 433.01 0.3847
129.3750 54.4162 0.3048 0.3698 0.3255 0.00000 6.793 1500.0 12.0 0.0000 4.1131 553.21 0.3437
157.5000 54.4162 0.3148 0.3661 0.3191 0.00000 6.177 1500.0 12.0 0.0000 4.8899 652.57 0.3964
168.7500 54.4162 0.4389 0.3015 0.2596 0.00000 6.151 1500.0 12.0 0.0000 1.8145 221.07 0.3695
-154.6875 54.4162 0.3397 0.3514 0.3089 0.00000 6.134 1500.0 12.0 0.0000 2.1059 276.39 0.3942
-151.8750 54.4162 0.2720 0.4054 0.3225 0.00000 5.942 1500.0 12.0 0.0000 2.9749 405.34 0.4929
-149.0625 54.4162 0.2996 0.4050 0.2953 0.00000 5.655 1500.0 12.0 0.0000 3.4355 455.88 0.5397
-146.2500 54.4162 0.5151 0.2895 0.1954 0.00000 5.443 1500.0 12.0 0.0000 2.2730 256.34 0.5469
-143.4375 54.4162 0.4455 0.3164 0.2381 0.00000 5.645 1500.0 12.0 0.0000 0.5587 67.01 0.5109
-140.6250 54.4162 0.5115 0.2729 0.2156 0.00000 5.587 1500.0 12.0 0.0000 0.6235 71.33 0.4557
-137.8125 54.4162 0.4790 0.2788 0.2422 0.00000 5.602 1500.0 12.0 0.0000 0.8893 105.13 0.3996
-135.0000 54.4162 0.4112 0.3070 0.2818 0.00000 6.061 1500.0 12.0 0.0000 1.3857 173.29 0.3462
-132.1875 54.4162 0.2589 0.3779 0.3633 0.00000 6.069 1500.0 12.0 0.0000 1.0831 151.53 0.3128
-129.3750 54.4162 0.2449 0.3965 0.3586 0.00000 6.450 1500.0 12.0 0.0000 0.6576 92.33 0.3297
-126.5625 54.4162 0.3424 0.3477 0.3100 0.00000 6.327 1500.0 12.0 0.0000 0.9320 122.24 0.3361
-123.7500 54.4162 0.4145 0.2981 0.2873 0.00000 6.524 1500.0 12.0 0.0000 1.0316 129.20 0.3079
-115.3125 54.4162 0.3851 0.2970 0.3179 0.00000 6.695 1500.0 12.0 0.0000 1.7083 220.64 0.2504
-112.5000 54.4162 0.3447 0.3351 0.3202 0.00000 6.872 1500.0 12.0 0.0000 1.4069 185.34 0.2716
-109.6875 54.4162 0.2998 0.3598 0.3404 0.00000 6.654 1500.0 12.0 0.0000 1.4557 197.73 0.2896
-106.8750 54.4162 0.2692 0.3861 0.3448 0.00000 6.580 1500.0 12.0 0.0000 1.3247 182.79 0.3145
-104.0625 54.4162 0.2469 0.3939 0.3592 0.00000 6.059 1500.0 12.0 0.0000 1.6321 229.03 0.3499
-101.2500 54.4162 0.3475 0.3539 0.2986 0.00000 6.090 1500.0 12.0 0.0000 1.7075 222.05 0.3930
-98.4375 54.4162 0.3900 0.3397 0.2703 0.00000 6.112 1500.0 12.0 0.0000 2.1431 269.01 0.4216
-95.6250 54.4162 0.3868 0.3313 0.2819 0.00000 5.940 1500.0 12.0 0.0000 3.8381 485.63 0.3965
-92.8125 54.4162 0.3508 0.3387 0.3104 0.00000 6.032 1500.0 12.0 0.0000 4.9864 651.62 0.3642
-87.1875 54.4162 0.3325 0.3518 0.3158 0.00000 6.073 1500.0 12.0 0.0000 5.0000 660.79 0.3931
-84.3750 54.4162 0.2973 0.3791 0.3236 0.00000 6.022 1500.0 12.0 0.0000 5.0000 674.07 0.4359
-25.3125 54.4162 0.3331 0.3621 0.3048 0.00000 5.757 1500.0 12.0 0.0000 1.3334 175.13 0.4687
-22.5000 54.4162 0.5594 0.2450 0.1956 0.00000 5.472 1500.0 12.0 0.0000 2.8465 313.48 0.4355
-19.6875 54.4162 0.5820 0.2288 0.1892 0.00000 5.524 1500.0 12.0 0.0000 2.9095 315.17 0.4019
-16.8750 54.4162 0.4675 0.2800 0.2525 0.00000 5.873 1500.0 12.0 0.0000 0.7445 89.06 0.3762
-14.0625 54.4162 0.4262 0.2986 0.2752 0.00000 6.015 1500.0 12.0 0.0000 0.4073 50.38 0.3686
-11.2500 54.4162 0.4202 0.3041 0.2757 0.00000 6.015 1500.0 12.0 0.0000 0.3249 40.32 0.3765
-8.4375 54.4162 0.4206 0.3040 0.2753 0.00000 6.006 1500.0 12.0 0.0000 0.2431 30.15 0.3819
-5.6250 54.4162 0.4174 0.3076 0.2750 0.00000 5.982 1500.0 12.0 0.0000 0.2263 28.11 0.3871
-2.8125 54.4162 0.4169 0.3071 0.2760 0.00000 6.004 1500.0 12.0 0.0000 0.2215 27.54 0.3793
0.0000 51.6257 0.4251 0.2973 0.2775 0.00000 6.172 1500.0 12.0 0.0000 0.6936 85.95 0.3505
2.8125 51.6257 0.4259 0.2973 0.2768 0.00000 6.149 1500.0 12.0 0.0000 0.8952 110.84 0.3524
5.6250 51.6257 0.4288 0.2934 0.2778 0.00000 6.172 1500.0 12.0 0.0000 1.4453 178.81 0.3392
8.4375 51.6257 0.4198 0.2957 0.2845 0.00000 6.167 1500.0 12.0 0.0000 2.7906 348.06 0.3331
11.2500 51.6257 0.3702 0.3163 0.3135 0.00000 6.209 1500.0 12.0 0.0000 2.2728 294.86 0.3235
14.0625 51.6257 0.3662 0.3164 0.3174 0.00000 6.228 1500.0 12.0 0.0000 1.8495 240.89 0.3156
16.8750 51.6257 0.4164 0.2951 0.2885 0.00000 6.211 1500.0 12.0 0.0000 1.8252 228.54 0.3205
19.6875 51.6257 0.4310 0.2897 0.2793 0.00000 6.187 1500.0 12.0 0.0000 2.1426 265.02 0.3259
22.5000 51.6257 0.4303 0.2906 0.2791 0.00000 6.162 1500.0 12.0 0.0000 2.5909 320.54 0.3290
25.3125 51.6257 0.4285 0.2930 0.2785 0.00000 6.113 1500.0 12.0 0.0000 2.1942 271.61 0.3368
28.1250 51.6257 0.4978 0.2597 0.2425 0.00000 5.917 1500.0 12.0 0.0000 2.4938 292.03 0.3410
30.9375 51.6257 0.5986 0.2114 0.1900 0.00000 5.642 1500.0 12.0 0.0000 4.2846 460.10 0.3466
33.7500 51.6257 0.4133 0.3013 0.2854 0.00000 5.855 1500.0 12.0 0.0000 1.7237 215.78 0.3507
36.5625 51.6257 0.3205 0.3466 0.3330 0.00000 5.962 1500.0 12.0 0.0000 1.3666 183.24 0.3449
39.3750 51.6257 0.3714 0.3363 0.2923 0.00000 6.266 1500.0 12.0 0.0000 1.6113 206.53 0.3417
95.6250 51.6257 0.3145 0.4291 0.2565 0.00000 5.480 1500.0 12.0 0.0000 0.9754 125.91 0.7183
98.4375 51.6257 0.3255 0.4481 0.2264 0.00000 5.190 1500.0 12.0 0.0000 0.7077 89.40 0.8005
104.0625 51.6257 0.4142 0.3644 0.2214 0.00000 5.348 1500.0 12.0 0.0000 0.1942 23.42 0.6129
106.8750 51.6257 0.4411 0.3098 0.2491 0.00000 5.492 1500.0 12.0 0.0000 0.1160 14.03 0.4534
109.6875 51.6257 0.4717 0.2843 0.2440 0.00000 5.977 1500.0 12.0 0.0000 0.1824 21.66 0.3575
112.5000 51.6257 0.4315 0.3010 0.2675 0.00000 6.266 1500.0 12.0 0.0000 0.1669 20.51 0.3475
123.7500 51.6257 0.2618 0.3696 0.3687 0.00000 6.851 1500.0 12.0 0.0000 2.0977 293.89 0.2547
126.5625 51.6257 0.3527 0.2861 0.3612 0.00000 6.782 1500.0 12.0 0.0000 4.1254 553.30 0.1335
168.7500 51.6257 0.4789 0.3077 0.2134 0.00000 6.029 1500.0 12.0 0.0000 2.2490 261.35 0.4753
-154.6875 51.6257 0.3428 0.3578 0.2994 0.00000 6.119 1500.0 12.0 0.0000 1.6720 218.01 0.4707
-151.8750 51.6257 0.3143 0.3755 0.3103 0.00000 6.060 1500.0 12.0 0.0000 2.8704 381.37 0.4774
-149.0625 51.6257 0.2894 0.3910 0.3195 0.00000 5.960 1500.0 12.0 0.0000 4.2021 567.29 0.4588
-146.2500 51.6257 0.5506 0.2534 0.1960 0.00000 5.724 1500.0 12.0 0.0000 3.2099 355.29 0.4471
-143.4375 51.6257 0.5218 0.2708 0.2074 0.00000 5.861 1500.0 12.0 0.0000 1.2369 140.04 0.4482
-140.6250 51.6257 0.3267 0.3847 0.2886 0.00000 6.889 1500.0 12.0 0.0000 0.4136 54.02 0.4513
-137.8125 51.6257 0.3168 0.3868 0.2964 0.00000 6.909 1500.0 12.0 0.0000 0.4181 55.08 0.4331
-135.0000 51.6257 0.4100 0.3277 0.2623 0.00000 6.692 1500.0 12.0 0.0000 0.5361 66.34 0.3882
-132.1875 51.6257 0.3099 0.3663 0.3239 0.00000 6.402 1500.0 12.0 0.0000 0.7898 105.90 0.3468
-129.3750 51.6257 0.2479 0.3836 0.3685 0.00000 6.322 1500.0 12.0 0.0000 0.6890 97.09 0.3134
-126.5625 51.6257 0.4114 0.3112 0.2775 0.00000 6.498 1500.0 12.0 0.0000 0.7153 89.23 0.3163
-123.7500 51.6257 0.4316 0.3008 0.2677 0.00000 6.635 1500.0 12.0 0.0000 1.0019 123.08 0.3057
-112.5000 51.6257 0.3557 0.3252 0.3191 0.00000 7.216 1500.0 12.0 0.0000 1.3475 176.52 0.2607
-109.6875 51.6257 0.4183 0.2898 0.2919 0.00000 6.606 1500.0 12.0 0.0000 1.4475 181.43 0.2701
-104.0625 51.6257 0.3077 0.3545 0.3378 0.00000 6.397 1500.0 12.0 0.0000 1.1946 161.49 0.3231
-101.2500 51.6257 0.2881 0.3793 0.3326 0.00000 6.351 1500.0 12.0 0.0000 1.4178 192.82 0.3865
-98.4375 51.6257 0.2739 0.3960 0.3301 0.00000 6.605 1500.0 12.0 0.0000 1.9782 270.36 0.4067
-95.6250 51.6257 0.2647 0.3977 0.3376 0.00000 6.545 1500.0 12.0 0.0000 3.4721 478.29 0.3862
-92.8125 51.6257 0.2861 0.3761 0.3379 0.00000 6.564 1500.0 12.0 0.0000 4.9286 672.69 0.3507
-90.0000 51.6257 0.3069 0.3540 0.3391 0.00000 6.231 1500.0 12.0 0.0000 5.0000 676.62 0.3419
-87.1875 51.6257 0.3442 0.3394 0.3164 0.00000 6.229 1500.0 12.0 0.0000 5.0000 657.45 0.3801
-25.3125 51.6257 0.2683 0.4021 0.3296 0.00000 6.024 1500.0 12.0 0.0000 1.3466 184.44 0.4606
-22.5000 51.6257 0.4610 0.2884 0.2506 0.00000 5.716 1500.0 12.0 0.0000 4.2666 511.51 0.3952
-19.6875 51.6257 0.5500 0.2374 0.2126 0.00000 6.132 1500.0 12.0 0.0000 2.6842 300.32 0.3345
-16.8750 51.6257 0.4689 0.2627 0.2685 0.00000 6.255 1500.0 12.0 0.0000 0.8419 101.58 0.2874
-14.0625 51.6257 0.4498 0.2656 0.2847 0.00000 6.433 1500.0 12.0 0.0000 0.7271 89.39 0.2512
-11.2500 51.6257 0.4523 0.2620 0.2856 0.00000 6.484 1500.0 12.0 0.0000 0.6831 83.92 0.2383
-8.4375 51.6257 0.4469 0.2691 0.2840 0.00000 6.441 1500.0 12.0 0.0000 0.6456 79.45 0.2601
-5.6250 51.6257 0.4376 0.2812 0.2813 0.00000 6.342 1500.0 12.0 0.0000 0.6211 76.66 0.2982
-2.8125 51.6257 0.4283 0.2932 0.2785 0.00000 6.228 1500.0 12.0 0.0000 0.6219 76.99 0.3370
0.0000 48.8352 0.4221 0.3013 0.2766 0.00000 6.227 1500.0 12.0 0.0000 1.6312 202.33 0.3635
2.8125 48.8352 0.4187 0.3057 0.2756 0.00000 6.176 1500.0 12.0 0.0000 2.1367 265.31 0.3781
5.6250 48.8352 0.4172 0.3077 0.2751 0.00000 6.149 1500.0 12.0 0.0000 2.7169 337.53 0.3847
8.4375 48.8352 0.3981 0.3230 0.2789 0.00000 6.214 1500.0 12.0 0.0000 2.5305 317.92 0.4026
11.2500 48.8352 0.3518 0.3425 0.3057 0.00000 6.067 1500.0 12.0 0.0000 2.3420 305.15 0.4098
14.0625 48.8352 0.3625 0.3377 0.2998 0.00000 6.052 1500.0 12.0 0.0000 2.5316 327.18 0.4110
16.8750 48.8352 0.3492 0.3435 0.3073 0.00000 6.056 1500.0 12.0 0.0000 3.4388 448.97 0.4088
19.6875 48.8352 0.3739 0.3419 0.2842 0.00000 6.461 1500.0 12.0 0.0000 4.5008 573.66 0.4069
22.5000 48.8352 0.3857 0.3367 0.2777 0.00000 6.192 1500.0 12.0 0.0000 3.1462 397.36 0.4327
25.3125 48.8352 0.4030 0.3292 0.2678 0.00000 5.854 1500.0 12.0 0.0000 1.8993 236.59 0.4644
28.1250 48.8352 0.5117 0.2791 0.2092 0.00000 5.528 1500.0 12.0 0.0000 2.8597 325.84 0.4793
30.9375 48.8352 0.5285 0.2775 0.1941 0.00000 5.641 1500.0 12.0 0.0000 3.6575 409.18 0.4794
33.7500 48.8352 0.3294 0.3664 0.3042 0.00000 5.765 1500.0 12.0 0.0000 2.1314 280.34 0.4565
36.5625 48.8352 0.3168 0.3610 0.3222 0.00000 5.884 1500.0 12.0 0.0000 1.8326 244.74 0.4149
39.3750 48.8352 0.3725 0.3307 0.2968 0.00000 6.186 1500.0 12.0 0.0000 1.6476 211.59 0.3668
95.6250 48.8352 0.3063 0.4277 0.2659 0.00000 5.958 1500.0 12.0 0.0000 1.7868 232.71 0.6311
98.4375 48.8352 0.2736 0.4525 0.2739 0.00000 5.783 1500.0 12.0 0.0000 0.6291 83.52 0.7618
106.8750 48.8352 0.0744 0.6896 0.2360 0.00000 5.747 1500.0 12.0 0.0000 0.1597 22.69 0.6508
129.3750 48.8352 0.4362 0.2458 0.3180 0.00000 6.863 1500.0 12.0 0.0000 1.5299 192.90 0.1278
-151.8750 48.8352 0.4271 0.2434 0.3296 0.00000 6.803 1500.0 12.0 0.0000 0.5880 74.93 0.0628
-149.0625 48.8352 0.4187 0.2348 0.3465 0.00000 6.758 1500.0 12.0 0.0000 0.5109 65.98 0.0628
-146.2500 48.8352 0.4881 0.2097 0.3022 0.00000 7.146 1500.0 12.0 0.0000 0.5327 64.92 0.0628
-143.4375 48.8352 0.3999 0.2698 0.3303 0.00000 8.509 1500.0 12.0 0.0000 0.2410 31.12 0.0628
-140.6250 48.8352 0.3200 0.3425 0.3375 0.00000 8.433 1500.0 12.0 0.0000 0.7803 104.89 0.1880
-137.8125 48.8352 0.2425 0.4285 0.3290 0.00000 8.243 1500.0 12.0 0.0000 0.4059 56.20 0.3610
-135.0000 48.8352 0.2350 0.4453 0.3198 0.00000 8.189 1500.0 12.0 0.0000 0.3514 48.59 0.4012
-132.1875 48.8352 0.2285 0.4190 0.3525 0.00000 6.743 1500.0 12.0 0.0000 0.4973 70.11 0.3669
-129.3750 48.8352 0.2375 0.3967 0.3659 0.00000 6.571 1500.0 12.0 0.0000 0.9432 133.33 0.3158
-126.5625 48.8352 0.4151 0.3003 0.2846 0.00000 7.002 1500.0 12.0 0.0000 0.7358 91.99 0.2498
-25.3125 48.8352 0.3451 0.3117 0.3432 0.00000 7.059 1500.0 12.0 0.0000 1.5449 205.96 0.2091
-22.5000 48.8352 0.4801 0.2505 0.2695 0.00000 7.233 1500.0 12.0 0.0000 3.7001 444.23 0.1945
-19.6875 48.8352 0.4855 0.2316 0.2829 0.00000 7.655 1500.0 12.0 0.0000 2.1834 263.48 0.1059
-16.8750 48.8352 0.4848 0.2139 0.3012 0.00000 7.117 1500.0 12.0 0.0000 0.3579 43.66 0.0628
-14.0625 48.8352 0.4916 0.2077 0.3007 0.00000 6.860 1500.0 12.0 0.0000 0.3760 45.71 0.0628
-11.2500 48.8352 0.4971 0.2039 0.2990 0.00000 6.800 1500.0 12.0 0.0000 0.4752 57.54 0.0628
-8.4375 48.8352 0.4967 0.2043 0.2990 0.00000 6.800 1500.0 12.0 0.0000 0.5965 72.25 0.0628
-5.6250 48.8352 0.4592 0.2531 0.2877 0.00000 6.592 1500.0 12.0 0.0000 1.5438 189.26 0.2099
-2.8125 48.8352 0.4336 0.2863 0.2801 0.00000 6.361 1500.0 12.0 0.0000 1.4483 178.99 0.3149
0.0000 46.0447 0.3791 0.3361 0.2848 0.00000 6.629 1500.0 12.0 0.0000 1.0426 132.60 0.3931
2.8125 46.0447 0.4126 0.3136 0.2738 0.00000 6.164 1500.0 12.0 0.0000 1.2703 158.04 0.4046
5.6250 46.0447 0.4074 0.3204 0.2722 0.00000 6.104 1500.0 12.0 0.0000 1.4239 177.43 0.4272
8.4375 46.0447 0.4013 0.3283 0.2703 0.00000 6.038 1500.0 12.0 0.0000 1.4413 179.94 0.4545
11.2500 46.0447 0.3948 0.3362 0.2689 0.00000 5.971 1500.0 12.0 0.0000 1.4704 184.00 0.4811
14.0625 46.0447 0.3928 0.3394 0.2678 0.00000 5.942 1500.0 12.0 0.0000 1.7560 219.80 0.4928
16.8750 46.0447 0.3561 0.3661 0.2777 0.00000 6.234 1500.0 12.0 0.0000 2.4281 310.98 0.4973
19.6875 46.0447 0.3656 0.3585 0.2759 0.00000 6.134 1500.0 12.0 0.0000 3.8955 496.22 0.4983
22.5000 46.0447 0.3449 0.3761 0.2790 0.00000 6.413 1500.0 12.0 0.0000 4.2307 545.07 0.5060
25.3125 46.0447 0.4007 0.3385 0.2608 0.00000 5.881 1500.0 12.0 0.0000 2.8236 350.74 0.5092
28.1250 46.0447 0.4069 0.3592 0.2339 0.00000 6.537 1500.0 12.0 0.0000 3.1144 379.83 0.5100
30.9375 46.0447 0.5186 0.2771 0.2043 0.00000 5.738 1500.0 12.0 0.0000 4.7277 535.09 0.4824
33.7500 46.0447 0.3661 0.3365 0.2974 0.00000 6.040 1500.0 12.0 0.0000 2.5700 331.16 0.4310
-160.3125 46.0447 0.3691 0.2554 0.3755 0.00000 6.694 1500.0 12.0 0.0000 0.5950 79.81 0.0628
-157.5000 46.0447 0.4921 0.1992 0.3087 0.00000 6.605 1500.0 12.0 0.0000 0.7748 94.59 0.0628
-151.8750 46.0447 0.4877 0.1996 0.3127 0.00000 6.601 1500.0 12.0 0.0000 1.2351 151.45 0.0628
-149.0625 46.0447 0.4510 0.2220 0.3270 0.00000 6.914 1500.0 12.0 0.0000 1.0063 126.63 0.0628
-146.2500 46.0447 0.3408 0.2879 0.3713 0.00000 7.941 1500.0 12.0 0.0000 0.2881 39.04 0.0628
-143.4375 46.0447 0.4909 0.2178 0.2914 0.00000 7.767 1500.0 12.0 0.0000 0.2220 26.86 0.0628
-140.6250 46.0447 0.2870 0.3323 0.3807 0.00000 9.270 1500.0 12.0 0.0000 0.1236 17.23 0.0628
-137.8125 46.0447 0.2703 0.3401 0.3895 0.00000 9.274 1500.0 12.0 0.0000 0.1393 19.64 0.0628
-135.0000 46.0447 0.2871 0.3484 0.3645 0.00000 8.221 1500.0 12.0 0.0000 0.7117 98.42 0.1656
-132.1875 46.0447 0.2307 0.4016 0.3676 0.00000 7.182 1500.0 12.0 0.0000 0.6310 89.54 0.2991
-129.3750 46.0447 0.2637 0.3589 0.3774 0.00000 6.468 1500.0 12.0 0.0000 0.9850 138.48 0.2633
-126.5625 46.0447 0.3174 0.3033 0.3793 0.00000 7.007 1500.0 12.0 0.0000 1.0281 141.37 0.1252
-25.3125 46.0447 0.4223 0.2337 0.3440 0.00000 6.847 1500.0 12.0 0.0000 0.1720 22.15 0.0628
-22.5000 46.0447 0.3970 0.2614 0.3416 0.00000 7.898 1500.0 12.0 0.0000 0.4659 60.60 0.0628
-19.6875 46.0447 0.4734 0.2299 0.2967 0.00000 7.892 1500.0 12.0 0.0000 0.8000 97.89 0.0628
-16.8750 46.0447 0.5535 0.1832 0.2633 0.00000 7.309 1500.0 12.0 0.0000 0.7474 86.12 0.0628
-14.0625 46.0447 0.4586 0.2304 0.3111 0.00000 7.339 1500.0 12.0 0.0000 0.4265 52.99 0.0628
-11.2500 46.0447 0.4816 0.2131 0.3052 0.00000 6.976 1500.0 12.0 0.0000 0.4005 49.05 0.0628
-8.4375 46.0447 0.4653 0.2330 0.3017 0.00000 6.950 1500.0 12.0 0.0000 1.2036 148.28 0.1154
-5.6250 46.0447 0.4425 0.2749 0.2827 0.00000 6.478 1500.0 12.0 0.0000 1.3393 165.06 0.2786
-2.8125 46.0447 0.4045 0.3140 0.2816 0.00000 6.480 1500.0 12.0 0.0000 1.2175 152.72 0.3625
0.0000 43.2542 0.3715 0.3649 0.2636 0.00000 6.671 1500.0 12.0 0.0000 2.0481 258.39 0.4620
2.8125 43.2542 0.3315 0.3913 0.2772 0.00000 7.204 1500.0 12.0 0.0000 1.8424 238.62 0.4580
5.6250 43.2542 0.4246 0.3252 0.2502 0.00000 6.071 1500.0 12.0 0.0000 1.9439 237.22 0.4842
8.4375 43.2542 0.3956 0.3510 0.2534 0.00000 6.131 1500.0 12.0 0.0000 1.7179 213.03 0.5237
11.2500 43.2542 0.3954 0.3462 0.2584 0.00000 5.892 1500.0 12.0 0.0000 1.7109 212.78 0.5387
14.0625 43.2542 0.3949 0.3405 0.2646 0.00000 5.993 1500.0 12.0 0.0000 2.1053 262.79 0.5056
16.8750 43.2542 0.3814 0.3399 0.2787 0.00000 6.439 1500.0 12.0 0.0000 3.2591 412.69 0.4353
19.6875 43.2542 0.3495 0.3512 0.2994 0.00000 7.198 1500.0 12.0 0.0000 3.5610 462.89 0.3483
22.5000 43.2542 0.3595 0.3287 0.3119 0.00000 7.508 1500.0 12.0 0.0000 5.0000 651.32 0.2608
25.3125 43.2542 0.4751 0.2179 0.3071 0.00000 7.042 1500.0 12.0 0.0000 1.7521 215.49 0.0628
28.1250 43.2542 0.5024 0.2080 0.2895 0.00000 7.149 1500.0 12.0 0.0000 2.1920 263.30 0.0655
30.9375 43.2542 0.6474 0.1290 0.2236 0.00000 6.497 1500.0 12.0 0.0000 2.7092 289.37 0.0628
39.3750 43.2542 0.4639 0.2153 0.3208 0.00000 6.755 1500.0 12.0 0.0000 1.3937 173.69 0.0628
-163.1250 43.2542 0.4974 0.1998 0.3028 0.00000 6.719 1500.0 12.0 0.0000 0.5727 69.49 0.0628
-160.3125 43.2542 0.4837 0.2017 0.3146 0.00000 6.545 1500.0 12.0 0.0000 1.1520 141.70 0.0628
-157.5000 43.2542 0.4751 0.2072 0.3176 0.00000 6.643 1500.0 12.0 0.0000 0.7033 87.02 0.0628
-154.6875 43.2542 0.4743 0.2173 0.3084 0.00000 7.285 1500.0 12.0 0.0000 0.4318 53.16 0.0628
-151.8750 43.2542 0.4600 0.2311 0.3089 0.00000 7.743 1500.0 12.0 0.0000 0.3091 38.34 0.0628
-149.0625 43.2542 0.2623 0.3381 0.3997 0.00000 8.820 1500.0 12.0 0.0000 0.1407 20.02 0.0628
-146.2500 43.2542 0.4894 0.2086 0.3020 0.00000 7.021 1500.0 12.0 0.0000 0.2146 26.13 0.0628
-143.4375 43.2542 0.3211 0.2902 0.3887 0.00000 7.406 1500.0 12.0 0.0000 0.1210 16.70 0.0628
-140.6250 43.2542 0.3604 0.2814 0.3582 0.00000 8.024 1500.0 12.0 0.0000 0.0820 10.95 0.0628
-137.8125 43.2542 0.3846 0.2719 0.3436 0.00000 8.061 1500.0 12.0 0.0000 0.1304 17.07 0.0628
-135.0000 43.2542 0.5437 0.1781 0.2782 0.00000 6.688 1500.0 12.0 0.0000 0.4747 55.47 0.0628
-132.1875 43.2542 0.4193 0.2346 0.3461 0.00000 6.863 1500.0 12.0 0.0000 0.4282 55.27 0.0628
-129.3750 43.2542 0.2980 0.3113 0.3907 0.00000 7.056 1500.0 12.0 0.0000 1.1050 154.11 0.1353
-45.0000 43.2542 0.4531 0.2760 0.2710 0.00000 6.886 1500.0 12.0 0.0000 0.2868 34.93 0.2672
-42.1875 43.2542 0.3958 0.3106 0.2937 0.00000 6.734 1500.0 12.0 0.0000 0.2707 34.32 0.3215
-39.3750 43.2542 0.2167 0.5024 0.2809 0.00000 6.324 1500.0 12.0 0.0000 0.3013 41.18 0.5116
-22.5000 43.2542 0.3686 0.2640 0.3674 0.00000 7.089 1500.0 12.0 0.0000 0.2539 33.92 0.0628
-19.6875 43.2542 0.5408 0.1810 0.2782 0.00000 6.740 1500.0 12.0 0.0000 1.5494 181.31 0.0721
-16.8750 43.2542 0.5051 0.2465 0.2484 0.00000 7.201 1500.0 12.0 0.0000 3.0418 356.13 0.2203
-14.0625 43.2542 0.3715 0.3236 0.3050 0.00000 7.426 1500.0 12.0 0.0000 1.9381 250.13 0.2744
-11.2500 43.2542 0.3490 0.3483 0.3027 0.00000 7.285 1500.0 12.0 0.0000 1.8378 239.38 0.3328
-8.4375 43.2542 0.2662 0.4234 0.3104 0.00000 7.847 1500.0 12.0 0.0000 1.3020 176.76 0.4088
-5.6250 43.2542 0.3254 0.3913 0.2833 0.00000 7.068 1500.0 12.0 0.0000 1.2956 168.82 0.4622
-2.8125 43.2542 0.3029 0.4104 0.2867 0.00000 6.947 1500.0 12.0 0.0000 1.2581 165.93 0.4830
0.0000 40.4636 0.2545 0.4375 0.3080 0.00000 6.505 1500.0 12.0 0.0000 1.7426 237.50 0.5139
2.8125 40.4636 0.2264 0.4586 0.3150 0.00000 7.124 1500.0 12.0 0.0000 2.1040 291.33 0.5182
5.6250 40.4636 0.2603 0.4510 0.2886 0.00000 7.284 1500.0 12.0 0.0000 2.0882 281.04 0.5488
8.4375 40.4636 0.3830 0.3729 0.2441 0.00000 6.629 1500.0 12.0 0.0000 2.3706 294.22 0.5486
11.2500 40.4636 0.4931 0.2927 0.2142 0.00000 6.439 1500.0 12.0 0.0000 3.4062 393.12 0.4431
14.0625 40.4636 0.5970 0.1585 0.2445 0.00000 6.923 1500.0 12.0 0.0000 1.0396 115.70 0.0628
16.8750 40.4636 0.3761 0.2799 0.3440 0.00000 8.216 1500.0 12.0 0.0000 0.6045 79.51 0.0628
19.6875 40.4636 0.4452 0.2359 0.3188 0.00000 7.372 1500.0 12.0 0.0000 0.6472 81.29 0.0628
22.5000 40.4636 0.4906 0.2082 0.3012 0.00000 6.848 1500.0 12.0 0.0000 1.1446 139.24 0.0628
25.3125 40.4636 0.4361 0.2417 0.3222 0.00000 7.444 1500.0 12.0 0.0000 1.6988 214.71 0.0628
28.1250 40.4636 0.4962 0.2045 0.2993 0.00000 6.809 1500.0 12.0 0.0000 1.9602 237.54 0.0628
30.9375 40.4636 0.4810 0.2143 0.3046 0.00000 6.971 1500.0 12.0 0.0000 1.4792 181.15 0.0628
33.7500 40.4636 0.5355 0.1862 0.2783 0.00000 6.816 1500.0 12.0 0.0000 1.6331 191.64 0.0628
36.5625 40.4636 0.6237 0.1460 0.2303 0.00000 6.908 1500.0 12.0 0.0000 4.0614 441.48 0.0628
39.3750 40.4636 0.5149 0.1954 0.2897 0.00000 7.072 1500.0 12.0 0.0000 2.0617 246.13 0.0628
-165.9375 40.4636 0.4112 0.2449 0.3439 0.00000 6.884 1500.0 12.0 0.0000 0.9659 124.99 0.0628
-163.1250 40.4636 0.6703 0.1168 0.2129 0.00000 6.429 1500.0 12.0 0.0000 2.2986 240.62 0.0628
-160.3125 40.4636 0.5576 0.1773 0.2651 0.00000 6.874 1500.0 12.0 0.0000 1.0657 122.65 0.0646
-157.5000 40.4636 0.6153 0.1468 0.2378 0.00000 6.662 1500.0 12.0 0.0000 0.3945 43.29 0.0628
-154.6875 40.4636 0.5058 0.2064 0.2877 0.00000 7.365 1500.0 12.0 0.0000 0.1597 19.13 0.0628
-151.8750 40.4636 0.2887 0.3652 0.3461 0.00000 8.882 1500.0 12.0 0.0000 0.5721 78.32 0.1843
-149.0625 40.4636 0.2892 0.3163 0.3945 0.00000 8.257 1500.0 12.0 0.0000 0.1038 14.56 0.0628
-146.2500 40.4636 0.5371 0.1933 0.2696 0.00000 7.254 1500.0 12.0 0.0000 0.1886 21.99 0.0628
-143.4375 40.4636 0.3507 0.2664 0.3829 0.00000 7.041 1500.0 12.0 0.0000 0.1110 15.07 0.0628
-140.6250 40.4636 0.4248 0.2376 0.3377 0.00000 7.155 1500.0 12.0 0.0000 0.0699 10.00 0.0628
-137.8125 40.4636 0.3506 0.2921 0.3573 0.00000 8.452 1500.0 12.0 0.0000 0.1237 16.57 0.0628
-135.0000 40.4636 0.4281 0.2486 0.3233 0.00000 7.824 1500.0 12.0 0.0000 0.2692 34.17 0.0628
-132.1875 40.4636 0.4503 0.2327 0.3170 0.00000 7.620 1500.0 12.0 0.0000 0.5606 70.17 0.0628
-129.3750 40.4636 0.3623 0.2697 0.3680 0.00000 7.449 1500.0 12.0 0.0000 0.3029 40.59 0.0628
-126.5625 40.4636 0.3152 0.2874 0.3974 0.00000 7.174 1500.0 12.0 0.0000 0.5521 76.69 0.0628
-104.0625 40.4636 0.3567 0.3795 0.2637 0.00000 7.477 1500.0 12.0 0.0000 2.4666 313.40 0.3296
-47.8125 40.4636 0.6018 0.1528 0.2454 0.00000 6.800 1500.0 12.0 0.0000 0.1517 16.84 0.0628
-45.0000 40.4636 0.3546 0.2665 0.3789 0.00000 7.158 1500.0 12.0 0.0000 0.0866 11.72 0.0628
-42.1875 40.4636 0.3223 0.3347 0.3430 0.00000 6.877 1500.0 12.0 0.0000 0.3943 53.10 0.2406
-39.3750 40.4636 0.2165 0.5209 0.2626 0.00000 5.717 1500.0 12.0 0.0000 0.2412 32.66 0.8591
-36.5625 40.4636 0.1773 0.5841 0.2386 0.00000 5.520 1500.0 12.0 0.0000 0.1636 22.26 1.2046
-33.7500 40.4636 0.0577 0.7496 0.1928 0.00000 6.258 1500.0 12.0 0.0000 0.2228 31.20 1.1112
-22.5000 40.4636 0.2875 0.3448 0.3677 0.00000 6.995 1500.0 12.0 0.0000 1.2238 169.48 0.2361
-19.6875 40.4636 0.2289 0.4409 0.3301 0.00000 7.002 1500.0 12.0 0.0000 2.7243 379.69 0.4632
-16.8750 40.4636 0.2803 0.4532 0.2665 0.00000 6.969 1500.0 12.0 0.0000 3.1600 416.61 0.5999
-14.0625 40.4636 0.3047 0.4357 0.2596 0.00000 6.816 1500.0 12.0 0.0000 2.7742 360.34 0.6344
-11.2500 40.4636 0.3922 0.3722 0.2357 0.00000 5.987 1500.0 12.0 0.0000 2.9965 368.46 0.6233
-8.4375 40.4636 0.2846 0.4493 0.2662 0.00000 6.682 1500.0 12.0 0.0000 1.9672 258.80 0.6490
-5.6250 40.4636 0.1621 0.5278 0.3101 0.00000 6.835 1500.0 12.0 0.0000 1.4311 203.18 0.6332
-2.8125 40.4636 0.1855 0.4926 0.3219 0.00000 6.480 1500.0 12.0 0.0000 1.5758 222.82 0.5726
0.0000 37.6731 0.3036 0.3851 0.3113 0.00000 7.276 1500.0 12.0 0.0000 1.4633 195.46 0.4110
2.8125 37.6731 0.3064 0.3860 0.3076 0.00000 6.683 1500.0 12.0 0.0000 1.9120 254.57 0.4580
5.6250 37.6731 0.3056 0.4005 0.2938 0.00000 6.640 1500.0 12.0 0.0000 2.5037 331.06 0.4762
8.4375 37.6731 0.3417 0.3063 0.3520 0.00000 6.610 1500.0 12.0 0.0000 2.9287 392.85 0.2149
11.2500 37.6731 0.4757 0.2157 0.3086 0.00000 7.119 1500.0 12.0 0.0000 0.6917 85.13 0.0628
14.0625 37.6731 0.5465 0.1963 0.2572 0.00000 7.373 1500.0 12.0 0.0000 1.0611 122.25 0.0628
16.8750 37.6731 0.4470 0.2404 0.3126 0.00000 7.501 1500.0 12.0 0.0000 0.5467 68.37 0.0628
19.6875 37.6731 0.4378 0.2404 0.3218 0.00000 7.455 1500.0 12.0 0.0000 0.5625 71.02 0.0628
22.5000 37.6731 0.4878 0.2104 0.3018 0.00000 6.893 1500.0 12.0 0.0000 1.0676 130.09 0.0628
25.3125 37.6731 0.3185 0.3428 0.3387 0.00000 8.545 1500.0 12.0 0.0000 1.7258 232.29 0.0628
28.1250 37.6731 0.3128 0.3387 0.3485 0.00000 8.675 1500.0 12.0 0.0000 1.6808 227.97 0.0628
30.9375 37.6731 0.3853 0.2716 0.3430 0.00000 8.048 1500.0 12.0 0.0000 1.6103 210.78 0.0628
33.7500 37.6731 0.4619 0.2259 0.3122 0.00000 7.220 1500.0 12.0 0.0000 1.8503 229.70 0.0628
36.5625 37.6731 0.5572 0.1791 0.2637 0.00000 7.026 1500.0 12.0 0.0000 3.1610 363.61 0.0628
39.3750 37.6731 0.6897 0.1077 0.2025 0.00000 6.410 1500.0 12.0 0.0000 4.9156 505.29 0.0628
87.1875 37.6731 0.1578 0.5078 0.3344 0.00000 7.755 1500.0 12.0 0.0000 0.2950 42.46 0.0628
90.0000 37.6731 0.3577 0.3050 0.3373 0.00000 7.277 1500.0 12.0 0.0000 0.3418 45.18 0.0628
92.8125 37.6731 0.4042 0.2463 0.3495 0.00000 6.878 1500.0 12.0 0.0000 0.5095 66.35 0.0628
98.4375 37.6731 0.4059 0.2431 0.3510 0.00000 6.907 1500.0 12.0 0.0000 0.7759 101.03 0.0628
101.2500 37.6731 0.4317 0.2402 0.3281 0.00000 7.182 1500.0 12.0 0.0000 0.8040 102.16 0.0628
132.1875 37.6731 0.1029 0.5919 0.3051 0.00000 6.904 1500.0 12.0 0.0000 0.0664 10.00 0.0628
-168.7500 37.6731 0.4537 0.2255 0.3207 0.00000 7.022 1500.0 12.0 0.0000 0.8913 111.61 0.0628
-165.9375 37.6731 0.4206 0.2523 0.3271 0.00000 7.225 1500.0 12.0 0.0000 1.1542 147.35 0.0628
-163.1250 37.6731 0.5214 0.1995 0.2791 0.00000 7.068 1500.0 12.0 0.0000 0.6074 71.82 0.0628
-160.3125 37.6731 0.4745 0.2176 0.3079 0.00000 7.051 1500.0 12.0 0.0000 0.1973 24.29 0.0628
-157.5000 37.6731 0.4632 0.2248 0.3121 0.00000 7.200 1500.0 12.0 0.0000 0.1334 16.55 0.0628
-154.6875 37.6731 0.4080 0.2556 0.3364 0.00000 7.596 1500.0 12.0 0.0000 0.1359 17.54 0.0628
-151.8750 37.6731 0.2750 0.3719 0.3531 0.00000 7.556 1500.0 12.0 0.0000 0.6154 85.06 0.2602
-149.0625 37.6731 0.2383 0.3913 0.3704 0.00000 7.024 1500.0 12.0 0.0000 0.7646 108.29 0.2847
-146.2500 37.6731 0.3798 0.2707 0.3495 0.00000 7.822 1500.0 12.0 0.0000 0.1271 16.74 0.0628
-143.4375 37.6731 0.5522 0.1808 0.2671 0.00000 7.076 1500.0 12.0 0.0000 0.2146 24.80 0.0628
-140.6250 37.6731 0.3468 0.2610 0.3922 0.00000 6.692 1500.0 12.0 0.0000 0.1754 23.96 0.0628
-137.8125 37.6731 0.3898 0.2694 0.3408 0.00000 7.874 1500.0 12.0 0.0000 0.1609 20.99 0.0740
-135.0000 37.6731 0.3168 0.3188 0.3644 0.00000 8.762 1500.0 12.0 0.0000 0.2505 34.19 0.0855
-132.1875 37.6731 0.4519 0.2389 0.3092 0.00000 8.068 1500.0 12.0 0.0000 0.2884 35.91 0.0628
-129.3750 37.6731 0.4844 0.2214 0.2942 0.00000 7.157 1500.0 12.0 0.0000 1.6590 201.61 0.1066
-126.5625 37.6731 0.3207 0.3198 0.3596 0.00000 7.280 1500.0 12.0 0.0000 3.2419 440.67 0.1794
-118.1250 37.6731 0.0720 0.6257 0.3023 0.00000 7.080 1500.0 12.0 0.0000 0.4791 70.35 0.0875
-98.4375 37.6731 0.3705 0.2629 0.3666 0.00000 7.036 1500.0 12.0 0.0000 1.6594 221.42 0.0695
-95.6250 37.6731 0.4298 0.2359 0.3343 0.00000 6.967 1500.0 12.0 0.0000 1.4323 182.79 0.0628
-92.8125 37.6731 0.3817 0.2620 0.3563 0.00000 7.341 1500.0 12.0 0.0000 1.1147 147.18 0.0628
-87.1875 37.6731 0.4954 0.1989 0.3057 0.00000 6.602 1500.0 12.0 0.0000 1.2868 156.57 0.0628
-56.2500 37.6731 0.5548 0.1752 0.2700 0.00000 6.893 1500.0 12.0 0.0000 0.0825 10.00 0.0628
-53.4375 37.6731 0.2700 0.3555 0.3744 0.00000 7.190 1500.0 12.0 0.0000 0.5251 73.51 0.2194
-50.6250 37.6731 0.3186 0.2803 0.4010 0.00000 7.176 1500.0 12.0 0.0000 0.1832 25.45 0.0628
-47.8125 37.6731 0.3279 0.2802 0.3919 0.00000 7.415 1500.0 12.0 0.0000 0.0936 12.89 0.0628
-45.0000 37.6731 0.2955 0.2982 0.4063 0.00000 7.409 1500.0 12.0 0.0000 0.1171 16.48 0.0730
-42.1875 37.6731 0.3698 0.2902 0.3400 0.00000 6.979 1500.0 12.0 0.0000 0.4158 54.72 0.1775
-39.3750 37.6731 0.1960 0.5192 0.2849 0.00000 5.459 1500.0 12.0 0.0000 0.3182 43.97 0.8680
-36.5625 37.6731 0.1714 0.5831 0.2454 0.00000 4.927 1500.0 12.0 0.0000 0.1467 20.08 1.2973
-22.5000 37.6731 0.2523 0.4425 0.3052 0.00000 7.148 1500.0 12.0 0.0000 1.1812 160.91 0.5061
-19.6875 37.6731 0.1606 0.5343 0.3051 0.00000 6.085 1500.0 12.0 0.0000 2.0837 295.31 0.7309
-16.8750 37.6731 0.1355 0.5811 0.2835 0.00000 6.752 1500.0 12.0 0.0000 1.8552 262.91 0.8307
-14.0625 37.6731 0.1609 0.5541 0.2850 0.00000 6.169 1500.0 12.0 0.0000 2.4648 345.79 0.8164
-11.2500 37.6731 0.1524 0.5464 0.3012 0.00000 5.865 1500.0 12.0 0.0000 2.2869 324.59 0.7640
-8.4375 37.6731 0.1715 0.5285 0.3000 0.00000 6.361 1500.0 12.0 0.0000 1.8251 256.81 0.7154
-5.6250 37.6731 0.1827 0.5108 0.3065 0.00000 6.667 1500.0 12.0 0.0000 1.6902 237.46 0.6296
-2.8125 37.6731 0.3350 0.3970 0.2681 0.00000 7.003 1500.0 12.0 0.0000 1.5586 200.54 0.4973
11.2500 34.8825 0.4255 0.2362 0.3384 0.00000 6.939 1500.0 12.0 0.0000 0.4095 52.48 0.0628
14.0625 34.8825 0.5057 0.2078 0.2865 0.00000 7.528 1500.0 12.0 0.0000 0.7509 89.89 0.0628
16.8750 34.8825 0.4393 0.2452 0.3155 0.00000 7.894 1500.0 12.0 0.0000 0.6665 83.79 0.0628
19.6875 34.8825 0.4512 0.2318 0.3170 0.00000 7.309 1500.0 12.0 0.0000 0.6443 80.62 0.0628
22.5000 34.8825 0.4786 0.2154 0.3060 0.00000 7.000 1500.0 12.0 0.0000 1.4778 181.32 0.0628
25.3125 34.8825 0.3251 0.3232 0.3516 0.00000 8.601 1500.0 12.0 0.0000 1.5669 211.70 0.0628
28.1250 34.8825 0.2163 0.4196 0.3642 0.00000 9.500 1500.0 12.0 0.0000 1.2731 181.45 0.0628
30.9375 34.8825 0.2871 0.3481 0.3648 0.00000 8.942 1500.0 12.0 0.0000 1.3923 192.58 0.0628
33.7500 34.8825 0.3492 0.3125 0.3383 0.00000 8.250 1500.0 12.0 0.0000 1.0822 143.64 0.0628
36.5625 34.8825 0.3611 0.3008 0.3381 0.00000 8.624 1500.0 12.0 0.0000 0.8747 115.46 0.0628
39.3750 34.8825 0.5143 0.2014 0.2843 0.00000 7.289 1500.0 12.0 0.0000 0.9200 109.52 0.0628
42.1875 34.8825 0.5744 0.1655 0.2601 0.00000 6.644 1500.0 12.0 0.0000 1.2677 144.19 0.0628
45.0000 34.8825 0.6349 0.1350 0.2301 0.00000 6.517 1500.0 12.0 0.0000 2.5482 275.25 0.0628
47.8125 34.8825 0.5795 0.1604 0.2601 0.00000 6.588 1500.0 12.0 0.0000 1.0244 116.20 0.0628
50.6250 34.8825 0.4280 0.2337 0.3384 0.00000 6.861 1500.0 12.0 0.0000 0.4028 51.56 0.0628
87.1875 34.8825 0.4508 0.2343 0.3148 0.00000 7.568 1500.0 12.0 0.0000 0.3872 48.39 0.0628
90.0000 34.8825 0.3430 0.2750 0.3820 0.00000 7.282 1500.0 12.0 0.0000 0.5711 77.75 0.0628
92.8125 34.8825 0.3284 0.2866 0.3850 0.00000 7.400 1500.0 12.0 0.0000 0.5482 75.23 0.0628
95.6250 34.8825 0.4116 0.2497 0.3387 0.00000 7.424 1500.0 12.0 0.0000 0.5175 66.77 0.0628
98.4375 34.8825 0.5092 0.2050 0.2858 0.00000 7.370 1500.0 12.0 0.0000 0.7073 84.48 0.0628
101.2500 34.8825 0.6052 0.1542 0.2406 0.00000 6.957 1500.0 12.0 0.0000 1.3820 152.76 0.0628
104.0625 34.8825 0.5041 0.1959 0.3000 0.00000 6.676 1500.0 12.0 0.0000 0.8631 104.22 0.0628
123.7500 34.8825 0.3851 0.2478 0.3671 0.00000 6.682 1500.0 12.0 0.0000 0.1381 18.31 0.0628
126.5625 34.8825 0.4297 0.2312 0.3391 0.00000 6.810 1500.0 12.0 0.0000 0.0538 10.00 0.0628
129.3750 34.8825 0.4376 0.2295 0.3329 0.00000 6.901 1500.0 12.0 0.0000 0.0525 10.00 0.0628
132.1875 34.8825 0.3350 0.3105 0.3545 0.00000 7.607 1500.0 12.0 0.0000 0.0365 10.00 0.0628
135.0000 34.8825 0.3867 0.2750 0.3383 0.00000 7.434 1500.0 12.0 0.0000 0.0329 10.00 0.0628
143.4375 34.8825 0.3725 0.2832 0.3443 0.00000 7.482 1500.0 12.0 0.0000 0.0896 11.80 0.0800
146.2500 34.8825 0.2363 0.4235 0.3402 0.00000 8.178 1500.0 12.0 0.0000 0.0729 10.18 0.0672
-177.1875 34.8825 0.4528 0.2197 0.3275 0.00000 6.756 1500.0 12.0 0.0000 0.9638 121.20 0.0628
-174.3750 34.8825 0.4983 0.2008 0.3009 0.00000 6.829 1500.0 12.0 0.0000 0.7526 91.19 0.0628
-165.9375 34.8825 0.5415 0.1944 0.2641 0.00000 7.206 1500.0 12.0 0.0000 0.7028 81.52 0.0628
-163.1250 34.8825 0.3953 0.2714 0.3333 0.00000 8.130 1500.0 12.0 0.0000 0.1979 25.65 0.0628
-160.3125 34.8825 0.4067 0.2595 0.3338 0.00000 7.810 1500.0 12.0 0.0000 0.1066 13.74 0.0628
-157.5000 34.8825 0.4517 0.2286 0.3197 0.00000 7.227 1500.0 12.0 0.0000 0.1225 15.34 0.0628
-154.6875 34.8825 0.3086 0.2823 0.4091 0.00000 6.887 1500.0 12.0 0.0000 0.1904 26.69 0.0628
-151.8750 34.8825 0.2622 0.4061 0.3316 0.00000 6.702 1500.0 12.0 0.0000 1.0919 150.11 0.4105
-149.0625 34.8825 0.3404 0.3908 0.2688 0.00000 6.474 1500.0 12.0 0.0000 1.0570 135.72 0.5058
-146.2500 34.8825 0.4424 0.3040 0.2536 0.00000 6.920 1500.0 12.0 0.0000 0.7523 91.18 0.3405
-143.4375 34.8825 0.5559 0.1847 0.2595 0.00000 7.188 1500.0 12.0 0.0000 0.2267 26.02 0.0628
-140.6250 34.8825 0.3163 0.2933 0.3905 0.00000 7.474 1500.0 12.0 0.0000 0.1606 22.22 0.0628
-137.8125 34.8825 0.2842 0.3124 0.4034 0.00000 7.149 1500.0 12.0 0.0000 0.6287 88.75 0.1060
-135.0000 34.8825 0.2526 0.3915 0.3559 0.00000 8.434 1500.0 12.0 0.0000 0.7973 111.44 0.2462
-132.1875 34.8825 0.2376 0.4330 0.3293 0.00000 8.851 1500.0 12.0 0.0000 0.9548 132.53 0.3217
-129.3750 34.8825 0.2521 0.3893 0.3586 0.00000 8.227 1500.0 12.0 0.0000 4.0049 560.57 0.2078
-126.5625 34.8825 0.3079 0.3146 0.3774 0.00000 7.156 1500.0 12.0 0.0000 3.3565 463.02 0.1480
-98.4375 34.8825 0.3754 0.2521 0.3725 0.00000 6.693 1500.0 12.0 0.0000 1.0717 143.13 0.0628
-95.6250 34.8825 0.3843 0.2572 0.3585 0.00000 7.146 1500.0 12.0 0.0000 1.6339 215.74 0.0628
-92.8125 34.8825 0.3979 0.2553 0.3468 0.00000 7.387 1500.0 12.0 0.0000 2.2608 294.82 0.0628
-90.0000 34.8825 0.2938 0.3241 0.3821 0.00000 8.772 1500.0 12.0 0.0000 1.1035 153.52 0.0628
-87.1875 34.8825 0.3336 0.2817 0.3847 0.00000 7.428 1500.0 12.0 0.0000 1.3141 179.93 0.0628
-84.3750 34.8825 0.3822 0.2540 0.3638 0.00000 6.923 1500.0 12.0 0.0000 0.9448 125.22 0.0628
-81.5625 34.8825 0.3589 0.2669 0.3742 0.00000 7.061 1500.0 12.0 0.0000 0.5034 67.79 0.0628
-64.6875 34.8825 0.6165 0.1493 0.2342 0.00000 6.807 1500.0 12.0 0.0000 0.2211 24.18 0.0628
-61.8750 34.8825 0.3486 0.2782 0.3731 0.00000 7.579 1500.0 12.0 0.0000 0.1037 14.02 0.0628
-59.0625 34.8825 0.4511 0.2318 0.3171 0.00000 7.379 1500.0 12.0 0.0000 0.1172 14.66 0.0628
-56.2500 34.8825 0.4891 0.2020 0.3089 0.00000 6.841 1500.0 12.0 0.0000 0.1941 23.73 0.0628
-53.4375 34.8825 0.2904 0.3010 0.4086 0.00000 7.510 1500.0 12.0 0.0000 0.1037 14.64 0.0628
-50.6250 34.8825 0.4264 0.2438 0.3299 0.00000 7.018 1500.0 12.0 0.0000 0.2514 32.06 0.0998
-47.8125 34.8825 0.4589 0.2272 0.3139 0.00000 7.070 1500.0 12.0 0.0000 0.1504 18.72 0.0958
-45.0000 34.8825 0.4243 0.2532 0.3225 0.00000 7.113 1500.0 12.0 0.0000 0.1729 21.98 0.1237
-42.1875 34.8825 0.6364 0.1528 0.2108 0.00000 6.517 1500.0 12.0 0.0000 0.8839 94.20 0.1478
-39.3750 34.8825 0.6063 0.1498 0.2439 0.00000 6.616 1500.0 12.0 0.0000 0.1556 17.23 0.0628
-36.5625 34.8825 0.4261 0.2326 0.3413 0.00000 6.962 1500.0 12.0 0.0000 0.1089 13.98 0.0628
-19.6875 34.8825 0.2914 0.4515 0.2571 0.00000 5.992 1500.0 12.0 0.0000 1.4532 189.67 0.7495
-16.8750 34.8825 0.1961 0.5374 0.2665 0.00000 6.748 1500.0 12.0 0.0000 1.6511 226.02 0.8013
11.2500 32.0919 0.4273 0.2349 0.3378 0.00000 6.880 1500.0 12.0 0.0000 0.2443 31.27 0.0628
14.0625 32.0919 0.5014 0.2100 0.2886 0.00000 7.440 1500.0 12.0 0.0000 0.5341 64.15 0.0628
16.8750 32.0919 0.5092 0.2044 0.2864 0.00000 7.317 1500.0 12.0 0.0000 0.7880 94.16 0.0628
19.6875 32.0919 0.4318 0.2437 0.3245 0.00000 7.525 1500.0 12.0 0.0000 0.9538 120.95 0.0628
22.5000 32.0919 0.4902 0.2083 0.3016 0.00000 6.872 1500.0 12.0 0.0000 0.8594 104.58 0.0628
25.3125 32.0919 0.3588 0.2965 0.3447 0.00000 8.274 1500.0 12.0 0.0000 0.9296 123.27 0.0628
28.1250 32.0919 0.2179 0.4139 0.3682 0.00000 9.500 1500.0 12.0 0.0000 2.0136 287.35 0.0628
30.9375 32.0919 0.2113 0.4271 0.3616 0.00000 9.500 1500.0 12.0 0.0000 1.2670 180.72 0.0628
33.7500 32.0919 0.2195 0.4107 0.3698 0.00000 9.500 1500.0 12.0 0.0000 0.6751 96.35 0.0628
36.5625 32.0919 0.3109 0.3450 0.3441 0.00000 8.628 1500.0 12.0 0.0000 0.6014 81.45 0.0628
39.3750 32.0919 0.4928 0.2072 0.3000 0.00000 6.840 1500.0 12.0 0.0000 0.5551 67.41 0.0628
42.1875 32.0919 0.4967 0.2043 0.2990 0.00000 6.800 1500.0 12.0 0.0000 0.6193 75.02 0.0628
45.0000 32.0919 0.6166 0.1443 0.2390 0.00000 6.559 1500.0 12.0 0.0000 1.1276 123.73 0.0628
47.8125 32.0919 0.6444 0.1472 0.2084 0.00000 6.430 1500.0 12.0 0.0000 3.8225 404.88 0.1458
50.6250 32.0919 0.4752 0.2141 0.3106 0.00000 6.966 1500.0 12.0 0.0000 0.4257 52.46 0.0628
53.4375 32.0919 0.3763 0.2566 0.3671 0.00000 7.005 1500.0 12.0 0.0000 0.3853 51.29 0.0628
90.0000 32.0919 0.3590 0.2739 0.3671 0.00000 7.539 1500.0 12.0 0.0000 0.8081 108.41 0.0628
92.8125 32.0919 0.3298 0.2788 0.3914 0.00000 7.125 1500.0 12.0 0.0000 0.6563 90.31 0.0628
95.6250 32.0919 0.4728 0.2253 0.3019 0.00000 7.684 1500.0 12.0 0.0000 0.6427 78.90 0.0628
98.4375 32.0919 0.4756 0.2306 0.2938 0.00000 7.860 1500.0 12.0 0.0000 0.6505 79.38 0.0628
101.2500 32.0919 0.5231 0.2052 0.2718 0.00000 7.506 1500.0 12.0 0.0000 1.0501 123.53 0.0628
123.7500 32.0919 0.3607 0.2621 0.3773 0.00000 6.967 1500.0 12.0 0.0000 0.1036 13.96 0.0628
126.5625 32.0919 0.3233 0.2851 0.3916 0.00000 7.341 1500.0 12.0 0.0000 0.0545 10.00 0.0628
129.3750 32.0919 0.3219 0.2862 0.3918 0.00000 7.295 1500.0 12.0 0.0000 0.0478 10.00 0.0628
132.1875 32.0919 0.3154 0.2884 0.3963 0.00000 7.294 1500.0 12.0 0.0000 0.0503 10.00 0.0628
135.0000 32.0919 0.3429 0.2794 0.3777 0.00000 7.517 1500.0 12.0 0.0000 0.0398 10.00 0.0628
137.8125 32.0919 0.4059 0.2421 0.3520 0.00000 6.808 1500.0 12.0 0.0000 0.0438 10.00 0.0628
140.6250 32.0919 0.3373 0.2710 0.3917 0.00000 7.007 1500.0 12.0 0.0000 0.0379 10.00 0.0628
143.4375 32.0919 0.4150 0.2530 0.3321 0.00000 7.661 1500.0 12.0 0.0000 0.0451 10.00 0.0628
146.2500 32.0919 0.3928 0.2707 0.3365 0.00000 8.160 1500.0 12.0 0.0000 0.0580 10.00 0.0628
149.0625 32.0919 0.3939 0.2876 0.3185 0.00000 7.132 1500.0 12.0 0.0000 0.0885 11.39 0.0628
-177.1875 32.0919 0.5591 0.1893 0.2516 0.00000 7.063 1500.0 12.0 0.0000 0.5971 68.11 0.0628
-174.3750 32.0919 0.6008 0.1559 0.2433 0.00000 6.886 1500.0 12.0 0.0000 0.6240 69.25 0.0628
-168.7500 32.0919 0.4631 0.2338 0.3030 0.00000 7.167 1500.0 12.0 0.0000 0.3194 39.42 0.0628
-165.9375 32.0919 0.4447 0.2365 0.3187 0.00000 7.209 1500.0 12.0 0.0000 0.4210 52.89 0.0628
-163.1250 32.0919 0.4147 0.2595 0.3257 0.00000 7.843 1500.0 12.0 0.0000 0.1477 18.89 0.0628
-160.3125 32.0919 0.3658 0.2869 0.3473 0.00000 8.240 1500.0 12.0 0.0000 0.0836 11.06 0.0628
-157.5000 32.0919 0.3277 0.2983 0.3741 0.00000 7.839 1500.0 12.0 0.0000 0.1252 17.09 0.0628
-154.6875 32.0919 0.2962 0.2960 0.4078 0.00000 7.454 1500.0 12.0 0.0000 0.1636 23.04 0.0628
-151.8750 32.0919 0.4514 0.2883 0.2603 0.00000 6.971 1500.0 12.0 0.0000 1.1267 136.49 0.2973
-149.0625 32.0919 0.4275 0.3014 0.2711 0.00000 6.796 1500.0 12.0 0.0000 0.4223 52.08 0.3479
-143.4375 32.0919 0.5707 0.1909 0.2384 0.00000 6.648 1500.0 12.0 0.0000 0.6558 73.74 0.1543
-140.6250 32.0919 0.3531 0.3902 0.2567 0.00000 6.705 1500.0 12.0 0.0000 1.1080 140.47 0.5466
-137.8125 32.0919 0.1872 0.5124 0.3004 0.00000 6.552 1500.0 12.0 0.0000 1.3613 190.31 0.6751
-135.0000 32.0919 0.1850 0.5161 0.2989 0.00000 7.124 1500.0 12.0 0.0000 1.3536 189.26 0.6536
-132.1875 32.0919 0.2257 0.4717 0.3025 0.00000 7.636 1500.0 12.0 0.0000 1.6079 221.30 0.5419
-129.3750 32.0919 0.2638 0.3648 0.3714 0.00000 7.739 1500.0 12.0 0.0000 2.8591 400.76 0.2164
-126.5625 32.0919 0.3136 0.3191 0.3672 0.00000 7.481 1500.0 12.0 0.0000 2.7654 378.56 0.1499
-98.4375 32.0919 0.4194 0.2340 0.3466 0.00000 6.716 1500.0 12.0 0.0000 1.2022 155.21 0.0628
-95.6250 32.0919 0.5260 0.1937 0.2804 0.00000 7.064 1500.0 12.0 0.0000 1.4632 172.75 0.0628
-92.8125 32.0919 0.5304 0.1960 0.2736 0.00000 7.399 1500.0 12.0 0.0000 1.1633 136.48 0.0628
-90.0000 32.0919 0.3661 0.2849 0.3490 0.00000 8.397 1500.0 12.0 0.0000 0.6953 92.10 0.0628
-87.1875 32.0919 0.4917 0.2162 0.2921 0.00000 7.440 1500.0 12.0 0.0000 0.9919 119.97 0.0628
-84.3750 32.0919 0.4457 0.2436 0.3107 0.00000 8.078 1500.0 12.0 0.0000 0.5400 67.51 0.0628
-81.5625 32.0919 0.3741 0.2783 0.3476 0.00000 8.270 1500.0 12.0 0.0000 0.5027 66.30 0.0628
-78.7500 32.0919 0.3501 0.2822 0.3676 0.00000 7.722 1500.0 12.0 0.0000 0.3660 49.32 0.0628
-75.9375 32.0919 0.3976 0.2527 0.3497 0.00000 7.210 1500.0 12.0 0.0000 0.1148 15.00 0.0628
-64.6875 32.0919 0.4581 0.2325 0.3095 0.00000 7.607 1500.0 12.0 0.0000 0.0943 11.71 0.0628
-61.8750 32.0919 0.2952 0.2952 0.4096 0.00000 7.329 1500.0 12.0 0.0000 0.1860 26.22 0.0628
-59.0625 32.0919 0.2938 0.2967 0.4096 0.00000 7.347 1500.0 12.0 0.0000 0.1118 15.78 0.0628
-56.2500 32.0919 0.3293 0.2807 0.3900 0.00000 7.228 1500.0 12.0 0.0000 0.0727 10.00 0.0628
-53.4375 32.0919 0.4269 0.2416 0.3315 0.00000 6.684 1500.0 12.0 0.0000 0.2603 33.22 0.1078
-50.6250 32.0919 0.4547 0.2400 0.3052 0.00000 7.132 1500.0 12.0 0.0000 0.1239 15.37 0.1135
-47.8125 32.0919 0.4394 0.2442 0.3165 0.00000 7.376 1500.0 12.0 0.0000 0.0524 10.00 0.0821
-45.0000 32.0919 0.4429 0.2419 0.3152 0.00000 7.340 1500.0 12.0 0.0000 0.0599 10.00 0.0889
-42.1875 32.0919 0.5338 0.2056 0.2606 0.00000 6.721 1500.0 12.0 0.0000 0.2947 34.25 0.1575
-39.3750 32.0919 0.5568 0.1911 0.2521 0.00000 6.986 1500.0 12.0 0.0000 0.5596 63.93 0.1163
-36.5625 32.0919 0.3760 0.2541 0.3699 0.00000 6.991 1500.0 12.0 0.0000 0.1358 18.11 0.0628
-33.7500 32.0919 0.3018 0.3244 0.3739 0.00000 7.114 1500.0 12.0 0.0000 0.9031 124.69 0.1711
-30.9375 32.0919 0.4658 0.2506 0.2836 0.00000 6.706 1500.0 12.0 0.0000 1.2825 156.35 0.1978
-16.8750 32.0919 0.3424 0.3899 0.2677 0.00000 7.153 1500.0 12.0 0.0000 2.2612 289.88 0.4767
14.0625 29.3014 0.3025 0.3486 0.3489 0.00000 8.344 1500.0 12.0 0.0000 0.6909 94.14 0.0628
16.8750 29.3014 0.4431 0.2445 0.3124 0.00000 8.051 1500.0 12.0 0.0000 2.4820 310.95 0.0628
19.6875 29.3014 0.5076 0.1989 0.2935 0.00000 6.778 1500.0 12.0 0.0000 1.1605 139.36 0.0628
22.5000 29.3014 0.4967 0.2043 0.2990 0.00000 6.800 1500.0 12.0 0.0000 0.6898 83.55 0.0628
25.3125 29.3014 0.4335 0.2441 0.3224 0.00000 7.494 1500.0 12.0 0.0000 0.7900 99.98 0.0628
28.1250 29.3014 0.2487 0.3591 0.3921 0.00000 9.500 1500.0 12.0 0.0000 0.8126 115.82 0.0628
30.9375 29.3014 0.2696 0.3478 0.3825 0.00000 9.297 1500.0 12.0 0.0000 1.0220 143.69 0.0628
33.7500 29.3014 0.3745 0.2819 0.3435 0.00000 8.131 1500.0 12.0 0.0000 0.6267 82.45 0.0628
36.5625 29.3014 0.4319 0.2438 0.3242 0.00000 7.522 1500.0 12.0 0.0000 0.2701 34.24 0.0628
39.3750 29.3014 0.4960 0.2049 0.2991 0.00000 6.807 1500.0 12.0 0.0000 0.2535 30.72 0.0628
42.1875 29.3014 0.4970 0.2041 0.2990 0.00000 6.800 1500.0 12.0 0.0000 0.3392 41.08 0.0628
45.0000 29.3014 0.5156 0.2070 0.2774 0.00000 6.726 1500.0 12.0 0.0000 1.4109 167.17 0.1214
47.8125 29.3014 0.6208 0.1881 0.1912 0.00000 6.376 1500.0 12.0 0.0000 4.0995 435.11 0.2846
50.6250 29.3014 0.5046 0.2580 0.2374 0.00000 6.545 1500.0 12.0 0.0000 3.7395 435.05 0.3023
53.4375 29.3014 0.1943 0.4866 0.3191 0.00000 7.642 1500.0 12.0 0.0000 2.6246 369.21 0.2268
87.1875 29.3014 0.2851 0.3253 0.3896 0.00000 7.181 1500.0 12.0 0.0000 0.6289 88.15 0.0642
90.0000 29.3014 0.2747 0.3287 0.3967 0.00000 7.912 1500.0 12.0 0.0000 0.5751 81.25 0.0628
92.8125 29.3014 0.4555 0.2354 0.3091 0.00000 7.804 1500.0 12.0 0.0000 0.5832 72.50 0.0628
95.6250 29.3014 0.4648 0.2300 0.3052 0.00000 7.571 1500.0 12.0 0.0000 0.3897 48.12 0.0628
98.4375 29.3014 0.4243 0.2590 0.3167 0.00000 7.555 1500.0 12.0 0.0000 0.4042 51.21 0.0628
101.2500 29.3014 0.4270 0.2703 0.3026 0.00000 7.719 1500.0 12.0 0.0000 0.7837 98.40 0.0628
123.7500 29.3014 0.2653 0.3715 0.3632 0.00000 7.778 1500.0 12.0 0.0000 0.0534 10.00 0.0628
126.5625 29.3014 0.2943 0.3059 0.3998 0.00000 7.471 1500.0 12.0 0.0000 0.0558 10.00 0.0628
129.3750 29.3014 0.4161 0.2366 0.3472 0.00000 6.963 1500.0 12.0 0.0000 0.0714 10.00 0.0628
132.1875 29.3014 0.5369 0.1929 0.2702 0.00000 7.037 1500.0 12.0 0.0000 0.0920 10.74 0.0628
135.0000 29.3014 0.4388 0.2451 0.3161 0.00000 7.150 1500.0 12.0 0.0000 0.2865 36.04 0.1125
137.8125 29.3014 0.3678 0.2545 0.3778 0.00000 6.790 1500.0 12.0 0.0000 0.0700 10.00 0.0628
140.6250 29.3014 0.1760 0.5353 0.2887 0.00000 6.563 1500.0 12.0 0.0000 0.3437 47.99 0.7485
143.4375 29.3014 0.2998 0.4961 0.2040 0.00000 6.279 1500.0 12.0 0.0000 0.5594 70.64 0.9139
146.2500 29.3014 0.2704 0.5279 0.2017 0.00000 6.475 1500.0 12.0 0.0000 0.4925 62.99 1.0130
149.0625 29.3014 0.0721 0.7127 0.2153 0.00000 7.211 1500.0 12.0 0.0000 0.5588 78.64 0.9591
171.5625 29.3014 0.2848 0.3823 0.3328 0.00000 7.493 1500.0 12.0 0.0000 3.3481 456.03 0.0628
174.3750 29.3014 0.4668 0.2232 0.3100 0.00000 7.128 1500.0 12.0 0.0000 1.0076 124.63 0.0628
-177.1875 29.3014 0.4427 0.2387 0.3187 0.00000 7.392 1500.0 12.0 0.0000 0.3624 45.57 0.0628
-174.3750 29.3014 0.4249 0.2477 0.3274 0.00000 7.604 1500.0 12.0 0.0000 0.2897 36.92 0.0628
-171.5625 29.3014 0.3073 0.3524 0.3403 0.00000 8.653 1500.0 12.0 0.0000 0.2285 30.93 0.0628
-168.7500 29.3014 0.2824 0.3787 0.3389 0.00000 8.843 1500.0 12.0 0.0000 0.2552 34.91 0.0628
-165.9375 29.3014 0.4258 0.2562 0.3180 0.00000 7.521 1500.0 12.0 0.0000 0.4421 56.02 0.0628
-163.1250 29.3014 0.4675 0.2198 0.3127 0.00000 6.965 1500.0 12.0 0.0000 0.1614 19.99 0.0628
-160.3125 29.3014 0.3878 0.2696 0.3427 0.00000 7.648 1500.0 12.0 0.0000 0.0944 12.34 0.0628
-157.5000 29.3014 0.3142 0.3112 0.3746 0.00000 7.273 1500.0 12.0 0.0000 0.5998 82.40 0.1351
-154.6875 29.3014 0.2579 0.3655 0.3766 0.00000 7.777 1500.0 12.0 0.0000 0.8656 121.95 0.2042
-151.8750 29.3014 0.4854 0.2479 0.2668 0.00000 7.115 1500.0 12.0 0.0000 0.8683 103.81 0.1868
-140.6250 29.3014 0.2823 0.4016 0.3160 0.00000 7.615 1500.0 12.0 0.0000 0.7857 106.21 0.2758
-137.8125 29.3014 0.1274 0.6009 0.2717 0.00000 7.035 1500.0 12.0 0.0000 1.0500 148.44 0.8471
-135.0000 29.3014 0.0985 0.6306 0.2709 0.00000 7.235 1500.0 12.0 0.0000 0.9107 130.27 0.9169
-132.1875 29.3014 0.1498 0.5683 0.2819 0.00000 6.746 1500.0 12.0 0.0000 0.9673 136.14 0.8230
-129.3750 29.3014 0.1806 0.5271 0.2924 0.00000 7.868 1500.0 12.0 0.0000 1.0719 149.67 0.5597
-101.2500 29.3014 0.2949 0.3526 0.3526 0.00000 7.343 1500.0 12.0 0.0000 0.9755 133.63 0.0628
-98.4375 29.3014 0.2762 0.3649 0.3590 0.00000 7.667 1500.0 12.0 0.0000 1.1213 155.37 0.0628
-95.6250 29.3014 0.5355 0.1978 0.2667 0.00000 7.158 1500.0 12.0 0.0000 1.3048 152.06 0.0628
-92.8125 29.3014 0.5086 0.2070 0.2845 0.00000 7.536 1500.0 12.0 0.0000 0.6970 83.22 0.0628
-90.0000 29.3014 0.3320 0.3088 0.3591 0.00000 8.607 1500.0 12.0 0.0000 0.3355 45.37 0.0628
-87.1875 29.3014 0.4385 0.2398 0.3217 0.00000 7.450 1500.0 12.0 0.0000 0.3343 42.19 0.0628
-84.3750 29.3014 0.4328 0.2451 0.3221 0.00000 7.506 1500.0 12.0 0.0000 0.3961 50.13 0.0628
-81.5625 29.3014 0.4209 0.2565 0.3226 0.00000 8.097 1500.0 12.0 0.0000 0.4646 59.16 0.0628
-78.7500 29.3014 0.5017 0.2170 0.2813 0.00000 7.684 1500.0 12.0 0.0000 0.1844 22.06 0.0628
-75.9375 29.3014 0.3720 0.3065 0.3215 0.00000 7.674 1500.0 12.0 0.0000 0.1034 13.46 0.0628
-73.1250 29.3014 0.3397 0.2847 0.3755 0.00000 7.365 1500.0 12.0 0.0000 0.0725 10.00 0.0628
-70.3125 29.3014 0.3425 0.2890 0.3684 0.00000 7.408 1500.0 12.0 0.0000 0.0604 10.00 0.0628
-67.5000 29.3014 0.3893 0.2461 0.3646 0.00000 6.827 1500.0 12.0 0.0000 0.0793 10.47 0.0652
-64.6875 29.3014 0.3640 0.2654 0.3707 0.00000 7.157 1500.0 12.0 0.0000 0.1104 14.81 0.0628
-61.8750 29.3014 0.2902 0.3184 0.3914 0.00000 8.154 1500.0 12.0 0.0000 0.1242 17.38 0.0628
-59.0625 29.3014 0.4073 0.2580 0.3347 0.00000 7.729 1500.0 12.0 0.0000 0.0910 11.74 0.0628
-56.2500 29.3014 0.5262 0.1937 0.2801 0.00000 7.075 1500.0 12.0 0.0000 0.0749 10.00 0.0628
-53.4375 29.3014 0.4712 0.2309 0.2979 0.00000 6.979 1500.0 12.0 0.0000 0.2146 26.30 0.1137
-50.6250 29.3014 0.4910 0.2118 0.2972 0.00000 6.799 1500.0 12.0 0.0000 0.1089 13.21 0.0860
-47.8125 29.3014 0.4943 0.2074 0.2983 0.00000 6.799 1500.0 12.0 0.0000 0.0693 10.00 0.0718
-45.0000 29.3014 0.4953 0.2062 0.2985 0.00000 6.800 1500.0 12.0 0.0000 0.0797 10.00 0.0685
-42.1875 29.3014 0.5015 0.2018 0.2967 0.00000 6.791 1500.0 12.0 0.0000 0.0692 10.00 0.0628
-39.3750 29.3014 0.5772 0.1617 0.2611 0.00000 6.566 1500.0 12.0 0.0000 0.1266 14.39 0.0628
-36.5625 29.3014 0.4202 0.2315 0.3484 0.00000 6.568 1500.0 12.0 0.0000 0.1946 25.14 0.0628
-33.7500 29.3014 0.3494 0.2561 0.3945 0.00000 6.600 1500.0 12.0 0.0000 0.1380 18.86 0.0628
-30.9375 29.3014 0.5616 0.1757 0.2627 0.00000 6.690 1500.0 12.0 0.0000 0.2236 25.65 0.0628
14.0625 26.5108 0.2333 0.4336 0.3331 0.00000 7.953 1500.0 12.0 0.0000 2.9792 415.06 0.0628
16.8750 26.5108 0.5310 0.2094 0.2596 0.00000 7.269 1500.0 12.0 0.0000 2.5328 294.59 0.0628
19.6875 26.5108 0.6296 0.1382 0.2322 0.00000 6.560 1500.0 12.0 0.0000 2.0049 217.48 0.0628
22.5000 26.5108 0.4993 0.2030 0.2977 0.00000 6.795 1500.0 12.0 0.0000 1.0871 131.40 0.0628
25.3125 26.5108 0.4340 0.2482 0.3178 0.00000 7.454 1500.0 12.0 0.0000 0.7867 99.29 0.0628
28.1250 26.5108 0.3941 0.2695 0.3364 0.00000 7.925 1500.0 12.0 0.0000 0.7710 100.15 0.0628
30.9375 26.5108 0.4753 0.2173 0.3075 0.00000 7.046 1500.0 12.0 0.0000 0.3767 46.33 0.0628
33.7500 26.5108 0.4715 0.2200 0.3085 0.00000 7.081 1500.0 12.0 0.0000 0.1369 16.89 0.0628
36.5625 26.5108 0.4085 0.2612 0.3303 0.00000 7.760 1500.0 12.0 0.0000 0.0817 10.51 0.0628
39.3750 26.5108 0.4564 0.2297 0.3139 0.00000 7.245 1500.0 12.0 0.0000 0.0771 10.00 0.0628
42.1875 26.5108 0.4303 0.2495 0.3202 0.00000 7.471 1500.0 12.0 0.0000 0.2833 35.87 0.0894
45.0000 26.5108 0.3898 0.3291 0.2811 0.00000 7.277 1500.0 12.0 0.0000 2.2256 281.08 0.3734
47.8125 26.5108 0.5358 0.2641 0.2001 0.00000 6.655 1500.0 12.0 0.0000 3.9982 447.25 0.4367
50.6250 26.5108 0.2403 0.4751 0.2847 0.00000 7.423 1500.0 12.0 0.0000 3.4000 460.74 0.3171
53.4375 26.5108 0.2304 0.3956 0.3740 0.00000 7.115 1500.0 12.0 0.0000 1.8873 268.66 0.1551
84.3750 26.5108 0.2524 0.3890 0.3586 0.00000 7.670 1500.0 12.0 0.0000 0.7104 99.42 0.0705
87.1875 26.5108 0.2855 0.3262 0.3883 0.00000 7.851 1500.0 12.0 0.0000 1.0135 141.94 0.0773
90.0000 26.5108 0.2748 0.3316 0.3936 0.00000 8.231 1500.0 12.0 0.0000 0.3166 44.66 0.0628
92.8125 26.5108 0.4323 0.2536 0.3141 0.00000 7.763 1500.0 12.0 0.0000 0.3016 38.02 0.0628
95.6250 26.5108 0.3804 0.2831 0.3365 0.00000 8.035 1500.0 12.0 0.0000 0.3094 40.45 0.0628
98.4375 26.5108 0.3656 0.2869 0.3475 0.00000 8.242 1500.0 12.0 0.0000 0.3971 52.57 0.0628
101.2500 26.5108 0.4243 0.2531 0.3226 0.00000 7.678 1500.0 12.0 0.0000 0.5888 74.84 0.0628
104.0625 26.5108 0.4719 0.2353 0.2928 0.00000 7.687 1500.0 12.0 0.0000 0.7337 89.65 0.0688
106.8750 26.5108 0.6003 0.1686 0.2312 0.00000 6.844 1500.0 12.0 0.0000 1.4042 154.69 0.0628
109.6875 26.5108 0.5029 0.2392 0.2579 0.00000 7.108 1500.0 12.0 0.0000 0.5513 64.98 0.0628
112.5000 26.5108 0.3380 0.3472 0.3148 0.00000 7.939 1500.0 12.0 0.0000 0.1741 22.94 0.0628
115.3125 26.5108 0.1813 0.4766 0.3421 0.00000 7.991 1500.0 12.0 0.0000 0.1027 14.70 0.0628
118.1250 26.5108 0.3663 0.3372 0.2965 0.00000 7.522 1500.0 12.0 0.0000 0.0911 11.73 0.0628
120.9375 26.5108 0.4034 0.2971 0.2995 0.00000 7.789 1500.0 12.0 0.0000 0.0645 10.00 0.0628
123.7500 26.5108 0.3516 0.2880 0.3603 0.00000 8.021 1500.0 12.0 0.0000 0.0466 10.00 0.0628
126.5625 26.5108 0.3001 0.2908 0.4091 0.00000 7.365 1500.0 12.0 0.0000 0.0538 10.00 0.0628
129.3750 26.5108 0.5357 0.1989 0.2654 0.00000 6.801 1500.0 12.0 0.0000 0.1777 20.69 0.0628
135.0000 26.5108 0.5997 0.1621 0.2382 0.00000 6.872 1500.0 12.0 0.0000 0.0853 10.00 0.0628
137.8125 26.5108 0.2985 0.5360 0.1654 0.00000 5.372 1500.0 12.0 0.0000 0.5118 63.30 1.2794
140.6250 26.5108 0.2646 0.5699 0.1656 0.00000 5.281 1500.0 12.0 0.0000 0.3974 49.96 1.3867
143.4375 26.5108 0.1303 0.6862 0.1834 0.00000 6.042 1500.0 12.0 0.0000 0.2805 37.88 1.3742
165.9375 26.5108 0.2159 0.4468 0.3373 0.00000 7.712 1500.0 12.0 0.0000 2.5530 359.10 0.0855
168.7500 26.5108 0.1765 0.4691 0.3544 0.00000 8.127 1500.0 12.0 0.0000 1.4448 208.36 0.0634
171.5625 26.5108 0.2622 0.3978 0.3401 0.00000 7.913 1500.0 12.0 0.0000 1.1347 156.67 0.0628
174.3750 26.5108 0.4967 0.2043 0.2990 0.00000 6.800 1500.0 12.0 0.0000 0.9361 113.39 0.0628
177.1875 26.5108 0.4967 0.2043 0.2990 0.00000 6.800 1500.0 12.0 0.0000 0.3874 46.92 0.0628
180.0000 26.5108 0.4813 0.2136 0.3051 0.00000 6.972 1500.0 12.0 0.0000 0.1598 19.58 0.0628
-177.1875 26.5108 0.3916 0.2730 0.3353 0.00000 7.935 1500.0 12.0 0.0000 0.0938 12.20 0.0628
-174.3750 26.5108 0.4346 0.2421 0.3233 0.00000 7.491 1500.0 12.0 0.0000 0.0937 11.86 0.0644
-171.5625 26.5108 0.3832 0.2804 0.3364 0.00000 7.999 1500.0 12.0 0.0000 0.1471 19.20 0.0723
-168.7500 26.5108 0.3919 0.2682 0.3399 0.00000 7.969 1500.0 12.0 0.0000 0.1108 14.43 0.0628
-165.9375 26.5108 0.4193 0.2531 0.3277 0.00000 7.652 1500.0 12.0 0.0000 0.1590 20.31 0.0628
-163.1250 26.5108 0.4677 0.2272 0.3051 0.00000 7.301 1500.0 12.0 0.0000 0.2308 28.45 0.0628
-160.3125 26.5108 0.4028 0.2468 0.3504 0.00000 6.929 1500.0 12.0 0.0000 0.2728 35.57 0.0628
-157.5000 26.5108 0.2852 0.3314 0.3834 0.00000 7.220 1500.0 12.0 0.0000 1.1566 161.60 0.1546
-154.6875 26.5108 0.4268 0.2954 0.2778 0.00000 7.417 1500.0 12.0 0.0000 1.1914 147.54 0.2352
-140.6250 26.5108 0.2826 0.3451 0.3723 0.00000 7.414 1500.0 12.0 0.0000 0.7066 98.30 0.1690
-137.8125 26.5108 0.1362 0.5703 0.2935 0.00000 7.510 1500.0 12.0 0.0000 0.8414 119.79 0.7257
-135.0000 26.5108 0.1189 0.6235 0.2576 0.00000 6.145 1500.0 12.0 0.0000 1.1339 159.76 1.0698
-132.1875 26.5108 0.1383 0.6213 0.2404 0.00000 6.382 1500.0 12.0 0.0000 0.8382 116.11 1.0819
-98.4375 26.5108 0.2763 0.3327 0.3911 0.00000 7.475 1500.0 12.0 0.0000 1.0185 143.40 0.0628
-95.6250 26.5108 0.3062 0.3141 0.3797 0.00000 7.656 1500.0 12.0 0.0000 0.9108 125.89 0.0628
-92.8125 26.5108 0.4336 0.2402 0.3261 0.00000 7.500 1500.0 12.0 0.0000 0.7285 92.38 0.0628
-90.0000 26.5108 0.4444 0.2357 0.3198 0.00000 7.447 1500.0 12.0 0.0000 0.4683 58.88 0.0628
-87.1875 26.5108 0.5216 0.1973 0.2811 0.00000 7.187 1500.0 12.0 0.0000 0.4148 49.11 0.0628
-84.3750 26.5108 0.4874 0.2159 0.2967 0.00000 7.274 1500.0 12.0 0.0000 0.3440 41.81 0.0628
-81.5625 26.5108 0.4204 0.2525 0.3272 0.00000 7.639 1500.0 12.0 0.0000 0.2974 37.97 0.0628
-78.7500 26.5108 0.4803 0.2230 0.2968 0.00000 7.645 1500.0 12.0 0.0000 0.1158 14.13 0.0628
-75.9375 26.5108 0.6067 0.1516 0.2416 0.00000 6.810 1500.0 12.0 0.0000 0.1626 17.97 0.0628
-73.1250 26.5108 0.3708 0.2628 0.3663 0.00000 7.273 1500.0 12.0 0.0000 0.0741 10.00 0.0628
-70.3125 26.5108 0.3659 0.2638 0.3704 0.00000 7.295 1500.0 12.0 0.0000 0.0694 10.00 0.0628
-67.5000 26.5108 0.3389 0.2710 0.3901 0.00000 7.089 1500.0 12.0 0.0000 0.1119 15.33 0.0722
-64.6875 26.5108 0.3876 0.2653 0.3471 0.00000 7.399 1500.0 12.0 0.0000 0.2413 31.62 0.0897
-61.8750 26.5108 0.4099 0.2567 0.3335 0.00000 7.782 1500.0 12.0 0.0000 0.0687 10.00 0.0628
-59.0625 26.5108 0.4448 0.2370 0.3182 0.00000 7.385 1500.0 12.0 0.0000 0.0792 10.00 0.0628
-56.2500 26.5108 0.4094 0.2594 0.3312 0.00000 7.764 1500.0 12.0 0.0000 0.0838 10.78 0.0628
-53.4375 26.5108 0.4363 0.2442 0.3195 0.00000 7.434 1500.0 12.0 0.0000 0.2356 29.73 0.0778
-50.6250 26.5108 0.4852 0.2115 0.3033 0.00000 6.925 1500.0 12.0 0.0000 0.2071 25.29 0.0643
-47.8125 26.5108 0.4946 0.2071 0.2983 0.00000 6.800 1500.0 12.0 0.0000 0.1704 20.66 0.0714
-45.0000 26.5108 0.4959 0.2053 0.2987 0.00000 6.800 1500.0 12.0 0.0000 0.0866 10.49 0.0664
-42.1875 26.5108 0.5445 0.1799 0.2756 0.00000 6.699 1500.0 12.0 0.0000 0.0829 10.00 0.0628
-39.3750 26.5108 0.3793 0.2473 0.3734 0.00000 6.594 1500.0 12.0 0.0000 0.1155 15.41 0.0628
-36.5625 26.5108 0.3526 0.2649 0.3825 0.00000 6.692 1500.0 12.0 0.0000 0.1653 22.42 0.0628
-33.7500 26.5108 0.5036 0.2157 0.2807 0.00000 6.791 1500.0 12.0 0.0000 0.2299 27.45 0.0628
16.8750 23.7202 0.1765 0.4728 0.3507 0.00000 8.298 1500.0 12.0 0.0000 1.3177 189.70 0.0628
19.6875 23.7202 0.6409 0.1367 0.2224 0.00000 6.599 1500.0 12.0 0.0000 2.8516 305.46 0.0628
22.5000 23.7202 0.4975 0.2039 0.2986 0.00000 6.798 1500.0 12.0 0.0000 1.1797 142.80 0.0628
25.3125 23.7202 0.4748 0.2210 0.3042 0.00000 7.017 1500.0 12.0 0.0000 1.1488 141.07 0.0628
28.1250 23.7202 0.4950 0.2052 0.2998 0.00000 6.823 1500.0 12.0 0.0000 0.4506 54.66 0.0628
30.9375 23.7202 0.4027 0.2612 0.3361 0.00000 7.857 1500.0 12.0 0.0000 0.1596 20.65 0.0628
33.7500 23.7202 0.3021 0.3242 0.3737 0.00000 8.966 1500.0 12.0 0.0000 0.1114 15.37 0.0628
36.5625 23.7202 0.3252 0.3196 0.3552 0.00000 8.633 1500.0 12.0 0.0000 0.0700 10.00 0.0628
39.3750 23.7202 0.3969 0.3121 0.2910 0.00000 7.428 1500.0 12.0 0.0000 1.0498 132.86 0.2979
42.1875 23.7202 0.2758 0.4350 0.2892 0.00000 8.120 1500.0 12.0 0.0000 1.6787 224.44 0.5113
45.0000 23.7202 0.2696 0.4591 0.2713 0.00000 8.197 1500.0 12.0 0.0000 2.5476 338.37 0.5869
47.8125 23.7202 0.5041 0.2962 0.1997 0.00000 6.551 1500.0 12.0 0.0000 4.4147 502.07 0.5256
50.6250 23.7202 0.2485 0.4827 0.2688 0.00000 7.224 1500.0 12.0 0.0000 4.2926 574.79 0.4363
84.3750 23.7202 0.2363 0.4276 0.3361 0.00000 8.158 1500.0 12.0 0.0000 1.1627 162.02 0.0831
87.1875 23.7202 0.3753 0.2719 0.3527 0.00000 7.027 1500.0 12.0 0.0000 0.7593 100.35 0.0628
90.0000 23.7202 0.3072 0.3028 0.3900 0.00000 7.292 1500.0 12.0 0.0000 0.4893 67.94 0.0628
92.8125 23.7202 0.4671 0.2323 0.3005 0.00000 7.752 1500.0 12.0 0.0000 0.2909 35.79 0.0628
95.6250 23.7202 0.3701 0.2858 0.3441 0.00000 8.213 1500.0 12.0 0.0000 0.1117 14.72 0.0628
98.4375 23.7202 0.3169 0.3146 0.3685 0.00000 8.802 1500.0 12.0 0.0000 0.1136 15.54 0.0628
101.2500 23.7202 0.3594 0.2877 0.3529 0.00000 8.334 1500.0 12.0 0.0000 0.2530 33.68 0.0628
104.0625 23.7202 0.3525 0.2934 0.3540 0.00000 8.399 1500.0 12.0 0.0000 0.4947 66.11 0.0668
106.8750 23.7202 0.5130 0.2011 0.2859 0.00000 7.069 1500.0 12.0 0.0000 0.3875 46.20 0.0628
109.6875 23.7202 0.4801 0.2182 0.3017 0.00000 7.332 1500.0 12.0 0.0000 0.1779 21.76 0.0628
112.5000 23.7202 0.5207 0.2005 0.2788 0.00000 7.468 1500.0 12.0 0.0000 0.0815 10.00 0.0628
115.3125 23.7202 0.5202 0.2073 0.2725 0.00000 7.443 1500.0 12.0 0.0000 0.0527 10.00 0.0628
118.1250 23.7202 0.5815 0.1674 0.2510 0.00000 7.014 1500.0 12.0 0.0000 0.0542 10.00 0.0628
120.9375 23.7202 0.5103 0.1983 0.2914 0.00000 7.101 1500.0 12.0 0.0000 0.0625 10.00 0.0628
123.7500 23.7202 0.3336 0.2723 0.3941 0.00000 7.081 1500.0 12.0 0.0000 0.0692 10.00 0.0628
126.5625 23.7202 0.4211 0.2398 0.3391 0.00000 7.272 1500.0 12.0 0.0000 0.1149 14.77 0.0628
129.3750 23.7202 0.3829 0.3278 0.2893 0.00000 7.339 1500.0 12.0 0.0000 0.0906 11.53 0.0628
165.9375 23.7202 0.4585 0.2734 0.2681 0.00000 7.074 1500.0 12.0 0.0000 1.8868 228.79 0.0628
168.7500 23.7202 0.4459 0.2596 0.2945 0.00000 7.273 1500.0 12.0 0.0000 1.3331 165.12 0.0699
177.1875 23.7202 0.4092 0.2651 0.3257 0.00000 7.698 1500.0 12.0 0.0000 0.4687 60.11 0.0770
180.0000 23.7202 0.4252 0.2586 0.3162 0.00000 7.575 1500.0 12.0 0.0000 0.2392 30.29 0.0784
-177.1875 23.7202 0.4691 0.2235 0.3073 0.00000 7.252 1500.0 12.0 0.0000 0.0841 10.37 0.0639
-174.3750 23.7202 0.5204 0.1942 0.2854 0.00000 6.776 1500.0 12.0 0.0000 0.1045 12.41 0.0699
-171.5625 23.7202 0.4527 0.2324 0.3149 0.00000 7.282 1500.0 12.0 0.0000 0.0610 10.00 0.0628
-168.7500 23.7202 0.4418 0.2380 0.3202 0.00000 7.412 1500.0 12.0 0.0000 0.0704 10.00 0.0628
-165.9375 23.7202 0.4268 0.2511 0.3221 0.00000 7.548 1500.0 12.0 0.0000 0.0901 11.44 0.0628
-163.1250 23.7202 0.5729 0.1691 0.2580 0.00000 6.831 1500.0 12.0 0.0000 0.2577 29.29 0.0628
-140.6250 23.7202 0.4222 0.2434 0.3344 0.00000 7.223 1500.0 12.0 0.0000 0.1444 18.49 0.0628
-137.8125 23.7202 0.3185 0.3017 0.3798 0.00000 7.484 1500.0 12.0 0.0000 0.1240 17.04 0.0628
-135.0000 23.7202 0.1360 0.5848 0.2792 0.00000 6.437 1500.0 12.0 0.0000 1.1012 155.70 0.8834
-132.1875 23.7202 0.1696 0.6082 0.2222 0.00000 6.037 1500.0 12.0 0.0000 1.2761 172.76 1.1425
-98.4375 23.7202 0.2020 0.4395 0.3585 0.00000 8.066 1500.0 12.0 0.0000 0.7305 104.44 0.0628
-95.6250 23.7202 0.2575 0.3520 0.3904 0.00000 7.791 1500.0 12.0 0.0000 0.6193 87.87 0.0628
-92.8125 23.7202 0.2803 0.3211 0.3986 0.00000 7.465 1500.0 12.0 0.0000 0.6073 85.68 0.0628
-90.0000 23.7202 0.2770 0.3305 0.3925 0.00000 7.353 1500.0 12.0 0.0000 0.5906 83.19 0.0628
-87.1875 23.7202 0.3323 0.2847 0.3830 0.00000 7.143 1500.0 12.0 0.0000 0.7541 103.22 0.0628
-84.3750 23.7202 0.5640 0.1710 0.2650 0.00000 6.845 1500.0 12.0 0.0000 0.5386 61.78 0.0628
-81.5625 23.7202 0.4823 0.2199 0.2978 0.00000 7.559 1500.0 12.0 0.0000 0.2796 34.09 0.0628
-78.7500 23.7202 0.4012 0.2620 0.3368 0.00000 7.870 1500.0 12.0 0.0000 0.1549 20.06 0.0628
-75.9375 23.7202 0.2909 0.3298 0.3794 0.00000 9.196 1500.0 12.0 0.0000 0.0715 10.00 0.0628
-73.1250 23.7202 0.4747 0.2238 0.3015 0.00000 7.478 1500.0 12.0 0.0000 0.0699 10.00 0.0628
-70.3125 23.7202 0.5610 0.1734 0.2656 0.00000 6.935 1500.0 12.0 0.0000 0.0559 10.00 0.0628
-67.5000 23.7202 0.5401 0.1832 0.2767 0.00000 6.877 1500.0 12.0 0.0000 0.0558 10.00 0.0628
-64.6875 23.7202 0.4320 0.2474 0.3206 0.00000 7.704 1500.0 12.0 0.0000 0.0532 10.00 0.0628
-61.8750 23.7202 0.4091 0.2584 0.3325 0.00000 7.786 1500.0 12.0 0.0000 0.0644 10.00 0.0628
-59.0625 23.7202 0.3318 0.3131 0.3551 0.00000 8.578 1500.0 12.0 0.0000 0.0967 13.05 0.0628
-56.2500 23.7202 0.4669 0.2221 0.3110 0.00000 7.141 1500.0 12.0 0.0000 0.2362 29.23 0.0628
-53.4375 23.7202 0.3948 0.2663 0.3390 0.00000 7.942 1500.0 12.0 0.0000 0.2884 37.51 0.0628
-50.6250 23.7202 0.3458 0.2965 0.3577 0.00000 8.484 1500.0 12.0 0.0000 0.1729 23.22 0.0628
-47.8125 23.7202 0.3643 0.2849 0.3507 0.00000 8.277 1500.0 12.0 0.0000 0.0937 12.43 0.0641
-45.0000 23.7202 0.4964 0.2056 0.2980 0.00000 6.933 1500.0 12.0 0.0000 0.0697 10.00 0.0628
-42.1875 23.7202 0.5458 0.1732 0.2810 0.00000 6.513 1500.0 12.0 0.0000 0.1696 19.83 0.0628
-39.3750 23.7202 0.3069 0.2926 0.4006 0.00000 6.738 1500.0 12.0 0.0000 0.1897 26.49 0.0628
-36.5625 23.7202 0.4424 0.2345 0.3232 0.00000 6.750 1500.0 12.0 0.0000 0.1460 18.41 0.0628
16.8750 20.9296 0.1855 0.4701 0.3443 0.00000 8.090 1500.0 12.0 0.0000 1.1859 169.55 0.0628
19.6875 20.9296 0.6219 0.1563 0.2218 0.00000 6.614 1500.0 12.0 0.0000 2.4888 269.32 0.0628
22.5000 20.9296 0.4458 0.2360 0.3182 0.00000 7.435 1500.0 12.0 0.0000 0.7314 91.81 0.0628
25.3125 20.9296 0.4400 0.2390 0.3210 0.00000 7.432 1500.0 12.0 0.0000 0.7139 90.01 0.0628
28.1250 20.9296 0.3947 0.2934 0.3119 0.00000 7.537 1500.0 12.0 0.0000 1.5515 198.84 0.2014
30.9375 20.9296 0.3265 0.3866 0.2869 0.00000 7.608 1500.0 12.0 0.0000 1.6173 211.06 0.4710
33.7500 20.9296 0.3819 0.3666 0.2515 0.00000 7.119 1500.0 12.0 0.0000 1.8384 229.24 0.5446
36.5625 20.9296 0.3325 0.3998 0.2677 0.00000 7.258 1500.0 12.0 0.0000 1.2448 160.32 0.5717
39.3750 20.9296 0.3005 0.4286 0.2709 0.00000 7.022 1500.0 12.0 0.0000 1.4788 193.62 0.6252
42.1875 20.9296 0.1915 0.5104 0.2981 0.00000 7.045 1500.0 12.0 0.0000 2.0560 286.56 0.6819
45.0000 20.9296 0.2450 0.4550 0.2999 0.00000 6.501 1500.0 12.0 0.0000 2.5619 349.17 0.6062
47.8125 20.9296 0.2094 0.4848 0.3058 0.00000 6.878 1500.0 12.0 0.0000 3.1123 432.13 0.5003
50.6250 20.9296 0.1876 0.5090 0.3034 0.00000 7.378 1500.0 12.0 0.0000 2.6089 365.19 0.4181
53.4375 20.9296 0.1502 0.5620 0.2878 0.00000 7.690 1500.0 12.0 0.0000 3.2465 458.20 0.3931
90.0000 20.9296 0.3646 0.2730 0.3625 0.00000 7.045 1500.0 12.0 0.0000 0.9788 130.66 0.0628
92.8125 20.9296 0.3974 0.2555 0.3471 0.00000 7.115 1500.0 12.0 0.0000 0.2434 31.76 0.0628
95.6250 20.9296 0.4790 0.2219 0.2991 0.00000 7.516 1500.0 12.0 0.0000 0.0954 11.66 0.0628
98.4375 20.9296 0.3566 0.2902 0.3532 0.00000 8.449 1500.0 12.0 0.0000 0.0750 10.01 0.0628
101.2500 20.9296 0.4549 0.2316 0.3135 0.00000 7.292 1500.0 12.0 0.0000 0.1340 16.70 0.0628
104.0625 20.9296 0.4578 0.2287 0.3135 0.00000 7.229 1500.0 12.0 0.0000 0.2055 25.58 0.0628
106.8750 20.9296 0.4659 0.2235 0.3106 0.00000 7.142 1500.0 12.0 0.0000 0.0919 11.38 0.0628
109.6875 20.9296 0.4749 0.2167 0.3083 0.00000 7.067 1500.0 12.0 0.0000 0.0560 10.00 0.0628
112.5000 20.9296 0.4711 0.2198 0.3091 0.00000 7.114 1500.0 12.0 0.0000 0.0429 10.00 0.0628
115.3125 20.9296 0.4625 0.2167 0.3208 0.00000 6.891 1500.0 12.0 0.0000 0.0257 10.00 0.0628
118.1250 20.9296 0.3647 0.2752 0.3602 0.00000 7.597 1500.0 12.0 0.0000 0.0292 10.00 0.0652
120.9375 20.9296 0.2952 0.3033 0.4015 0.00000 7.660 1500.0 12.0 0.0000 0.0347 10.00 0.0628
123.7500 20.9296 0.4064 0.2451 0.3485 0.00000 7.263 1500.0 12.0 0.0000 0.0962 12.51 0.0628
126.5625 20.9296 0.5102 0.2195 0.2703 0.00000 7.262 1500.0 12.0 0.0000 0.0700 10.00 0.0628
165.9375 20.9296 0.5962 0.1741 0.2297 0.00000 6.797 1500.0 12.0 0.0000 2.7461 302.92 0.0781
168.7500 20.9296 0.5537 0.1781 0.2682 0.00000 6.881 1500.0 12.0 0.0000 0.7433 85.89 0.0628
171.5625 20.9296 0.4922 0.2070 0.3008 0.00000 6.851 1500.0 12.0 0.0000 0.5490 66.72 0.0628
174.3750 20.9296 0.4469 0.2410 0.3121 0.00000 7.290 1500.0 12.0 0.0000 0.4577 57.22 0.0806
177.1875 20.9296 0.4359 0.2561 0.3080 0.00000 7.793 1500.0 12.0 0.0000 0.4574 57.36 0.0989
180.0000 20.9296 0.4107 0.2585 0.3307 0.00000 7.447 1500.0 12.0 0.0000 0.5264 67.65 0.0934
-177.1875 20.9296 0.3694 0.2570 0.3736 0.00000 6.904 1500.0 12.0 0.0000 0.1226 16.43 0.0628
-174.3750 20.9296 0.3948 0.2613 0.3439 0.00000 7.787 1500.0 12.0 0.0000 0.0764 10.00 0.0628
-171.5625 20.9296 0.3715 0.2767 0.3518 0.00000 7.865 1500.0 12.0 0.0000 0.0720 10.00 0.0628
-168.7500 20.9296 0.4433 0.2328 0.3238 0.00000 7.270 1500.0 12.0 0.0000 0.0894 11.27 0.0628
-165.9375 20.9296 0.4197 0.2469 0.3334 0.00000 7.467 1500.0 12.0 0.0000 0.1252 16.05 0.0628
-163.1250 20.9296 0.4119 0.2652 0.3229 0.00000 7.075 1500.0 12.0 0.0000 1.0924 139.70 0.1383
-90.0000 20.9296 0.2677 0.3742 0.3581 0.00000 7.296 1500.0 12.0 0.0000 0.5226 72.65 0.0628
-87.1875 20.9296 0.2778 0.3344 0.3878 0.00000 7.586 1500.0 12.0 0.0000 0.4304 60.47 0.0628
-84.3750 20.9296 0.3595 0.3011 0.3394 0.00000 7.083 1500.0 12.0 0.0000 0.5556 73.44 0.0628
-81.5625 20.9296 0.5276 0.1977 0.2747 0.00000 7.459 1500.0 12.0 0.0000 0.4271 50.21 0.0628
-78.7500 20.9296 0.4048 0.2614 0.3338 0.00000 7.962 1500.0 12.0 0.0000 0.1297 16.75 0.0628
-75.9375 20.9296 0.2570 0.3501 0.3929 0.00000 9.483 1500.0 12.0 0.0000 0.0927 13.17 0.0628
-73.1250 20.9296 0.3193 0.3140 0.3667 0.00000 8.771 1500.0 12.0 0.0000 0.0613 10.00 0.0628
-70.3125 20.9296 0.4244 0.2480 0.3276 0.00000 7.613 1500.0 12.0 0.0000 0.0452 10.00 0.0628
-67.5000 20.9296 0.4002 0.2657 0.3342 0.00000 7.858 1500.0 12.0 0.0000 0.0414 10.00 0.0628
-64.6875 20.9296 0.2899 0.3319 0.3782 0.00000 9.099 1500.0 12.0 0.0000 0.0474 10.00 0.0628
-61.8750 20.9296 0.2885 0.3329 0.3786 0.00000 9.112 1500.0 12.0 0.0000 0.0772 10.75 0.0628
-59.0625 20.9296 0.3279 0.3063 0.3658 0.00000 8.694 1500.0 12.0 0.0000 0.1912 25.98 0.0628
-56.2500 20.9296 0.3326 0.3051 0.3623 0.00000 8.628 1500.0 12.0 0.0000 0.3074 41.63 0.0628
-53.4375 20.9296 0.4255 0.2512 0.3233 0.00000 7.549 1500.0 12.0 0.0000 0.4210 53.52 0.0781
-50.6250 20.9296 0.3083 0.3230 0.3687 0.00000 8.864 1500.0 12.0 0.0000 0.3013 41.36 0.0745
-47.8125 20.9296 0.3964 0.2677 0.3359 0.00000 8.057 1500.0 12.0 0.0000 0.1047 13.59 0.0628
-45.0000 20.9296 0.5361 0.1909 0.2729 0.00000 7.231 1500.0 12.0 0.0000 0.1342 15.69 0.0628
-42.1875 20.9296 0.3222 0.2923 0.3855 0.00000 7.176 1500.0 12.0 0.0000 0.3519 48.44 0.0883
-39.3750 20.9296 0.3791 0.2657 0.3553 0.00000 7.201 1500.0 12.0 0.0000 0.0945 12.49 0.0628
14.0625 18.1390 0.1767 0.4655 0.3578 0.00000 7.770 1500.0 12.0 0.0000 1.0999 158.87 0.0628
16.8750 18.1390 0.4160 0.2980 0.2860 0.00000 7.590 1500.0 12.0 0.0000 1.3773 172.23 0.0628
19.6875 18.1390 0.6395 0.1352 0.2253 0.00000 6.701 1500.0 12.0 0.0000 1.8937 203.39 0.0628
22.5000 18.1390 0.4469 0.2347 0.3184 0.00000 7.387 1500.0 12.0 0.0000 0.5176 64.94 0.0628
25.3125 18.1390 0.4374 0.2408 0.3218 0.00000 7.459 1500.0 12.0 0.0000 0.5062 63.93 0.0628
28.1250 18.1390 0.2920 0.4345 0.2735 0.00000 7.465 1500.0 12.0 0.0000 2.7177 357.72 0.6465
30.9375 18.1390 0.2811 0.4782 0.2407 0.00000 7.746 1500.0 12.0 0.0000 2.0266 263.42 0.7346
33.7500 18.1390 0.3137 0.4545 0.2318 0.00000 7.092 1500.0 12.0 0.0000 2.3544 299.95 0.7237
36.5625 18.1390 0.1864 0.4920 0.3216 0.00000 6.920 1500.0 12.0 0.0000 1.4787 208.98 0.5887
39.3750 18.1390 0.2035 0.4895 0.3070 0.00000 6.966 1500.0 12.0 0.0000 1.3631 189.86 0.6216
42.1875 18.1390 0.2349 0.4721 0.2930 0.00000 7.267 1500.0 12.0 0.0000 1.6975 231.57 0.5880
45.0000 18.1390 0.3009 0.4004 0.2987 0.00000 7.225 1500.0 12.0 0.0000 1.8450 245.12 0.4379
92.8125 18.1390 0.2856 0.3069 0.4075 0.00000 7.034 1500.0 12.0 0.0000 0.2134 30.17 0.0628
95.6250 18.1390 0.4074 0.2517 0.3410 0.00000 7.436 1500.0 12.0 0.0000 0.1136 14.71 0.0628
98.4375 18.1390 0.5653 0.1761 0.2587 0.00000 7.173 1500.0 12.0 0.0000 0.1727 19.72 0.0628
101.2500 18.1390 0.5240 0.1999 0.2762 0.00000 7.547 1500.0 12.0 0.0000 0.1543 18.18 0.0628
104.0625 18.1390 0.4945 0.2144 0.2912 0.00000 7.609 1500.0 12.0 0.0000 0.1277 15.42 0.0628
106.8750 18.1390 0.3872 0.2713 0.3415 0.00000 8.066 1500.0 12.0 0.0000 0.0578 10.00 0.0628
109.6875 18.1390 0.4382 0.2405 0.3213 0.00000 7.466 1500.0 12.0 0.0000 0.0336 10.00 0.0628
112.5000 18.1390 0.4379 0.2350 0.3271 0.00000 7.311 1500.0 12.0 0.0000 0.0440 10.00 0.0628
115.3125 18.1390 0.3182 0.2768 0.4050 0.00000 6.891 1500.0 12.0 0.0000 0.0635 10.00 0.0628
118.1250 18.1390 0.3363 0.2827 0.3810 0.00000 7.583 1500.0 12.0 0.0000 0.0533 10.00 0.0628
120.9375 18.1390 0.3000 0.3392 0.3608 0.00000 7.459 1500.0 12.0 0.0000 0.3522 48.34 0.1769
123.7500 18.1390 0.5071 0.2545 0.2384 0.00000 6.947 1500.0 12.0 0.0000 0.6599 76.72 0.2120
165.9375 18.1390 0.4860 0.2389 0.2751 0.00000 7.488 1500.0 12.0 0.0000 0.7049 84.66 0.0628
168.7500 18.1390 0.4228 0.2573 0.3199 0.00000 8.122 1500.0 12.0 0.0000 0.3382 42.96 0.0628
171.5625 18.1390 0.3528 0.2916 0.3555 0.00000 8.409 1500.0 12.0 0.0000 0.2722 36.40 0.0628
174.3750 18.1390 0.2958 0.3426 0.3616 0.00000 9.006 1500.0 12.0 0.0000 0.5233 71.98 0.0978
177.1875 18.1390 0.4429 0.2476 0.3094 0.00000 7.002 1500.0 12.0 0.0000 0.9723 121.62 0.1313
180.0000 18.1390 0.2744 0.3563 0.3693 0.00000 7.570 1500.0 12.0 0.0000 0.9242 128.82 0.1783
-177.1875 18.1390 0.4024 0.2598 0.3378 0.00000 7.101 1500.0 12.0 0.0000 0.1609 20.84 0.0628
-174.3750 18.1390 0.4088 0.2498 0.3415 0.00000 7.210 1500.0 12.0 0.0000 0.1243 16.09 0.0628
-171.5625 18.1390 0.1906 0.5285 0.2809 0.00000 6.818 1500.0 12.0 0.0000 1.1361 157.03 0.7706
-168.7500 18.1390 0.2985 0.2898 0.4117 0.00000 7.192 1500.0 12.0 0.0000 0.1319 18.59 0.0628
-165.9375 18.1390 0.2970 0.3026 0.4003 0.00000 7.678 1500.0 12.0 0.0000 0.1576 22.09 0.0628
-163.1250 18.1390 0.2333 0.3965 0.3702 0.00000 7.340 1500.0 12.0 0.0000 1.7576 249.43 0.2870
-160.3125 18.1390 0.3142 0.3753 0.3105 0.00000 6.641 1500.0 12.0 0.0000 2.7301 362.79 0.3979
-157.5000 18.1390 0.1732 0.5692 0.2576 0.00000 6.768 1500.0 12.0 0.0000 3.0606 421.26 0.7668
-84.3750 18.1390 0.2546 0.3621 0.3833 0.00000 7.541 1500.0 12.0 0.0000 0.6002 84.96 0.0628
-81.5625 18.1390 0.3582 0.2857 0.3560 0.00000 7.207 1500.0 12.0 0.0000 0.4565 60.91 0.0628
-78.7500 18.1390 0.4547 0.2354 0.3099 0.00000 7.754 1500.0 12.0 0.0000 0.1491 18.55 0.0628
-75.9375 18.1390 0.3459 0.2977 0.3564 0.00000 8.586 1500.0 12.0 0.0000 0.0507 10.00 0.0628
-73.1250 18.1390 0.3410 0.3069 0.3522 0.00000 8.482 1500.0 12.0 0.0000 0.0335 10.00 0.0628
-70.3125 18.1390 0.3906 0.2683 0.3411 0.00000 7.991 1500.0 12.0 0.0000 0.0345 10.00 0.0628
-67.5000 18.1390 0.3985 0.2635 0.3380 0.00000 7.904 1500.0 12.0 0.0000 0.0447 10.00 0.0628
-64.6875 18.1390 0.4921 0.2068 0.3011 0.00000 6.860 1500.0 12.0 0.0000 0.0841 10.22 0.0628
-61.8750 18.1390 0.4032 0.2607 0.3361 0.00000 7.850 1500.0 12.0 0.0000 0.2197 28.42 0.0628
-59.0625 18.1390 0.2970 0.3251 0.3779 0.00000 9.039 1500.0 12.0 0.0000 0.1729 23.97 0.0628
-56.2500 18.1390 0.4193 0.2510 0.3297 0.00000 7.670 1500.0 12.0 0.0000 0.1840 23.54 0.0628
-53.4375 18.1390 0.4432 0.2371 0.3197 0.00000 7.400 1500.0 12.0 0.0000 0.1526 19.19 0.0628
-50.6250 18.1390 0.3712 0.2810 0.3478 0.00000 8.291 1500.0 12.0 0.0000 0.1328 17.54 0.0628
-47.8125 18.1390 0.5130 0.1997 0.2873 0.00000 7.197 1500.0 12.0 0.0000 0.5408 64.53 0.0628
-45.0000 18.1390 0.3205 0.3071 0.3724 0.00000 7.735 1500.0 12.0 0.0000 0.2488 34.05 0.0628
-42.1875 18.1390 0.3282 0.2810 0.3908 0.00000 6.989 1500.0 12.0 0.0000 0.1183 16.28 0.0628
14.0625 15.3484 0.2291 0.4121 0.3589 0.00000 7.878 1500.0 12.0 0.0000 0.9781 138.28 0.0628
16.8750 15.3484 0.2325 0.4138 0.3537 0.00000 8.550 1500.0 12.0 0.0000 0.8735 122.99 0.0628
19.6875 15.3484 0.5701 0.1704 0.2595 0.00000 6.908 1500.0 12.0 0.0000 1.1530 131.40 0.0628
22.5000 15.3484 0.4940 0.2059 0.3001 0.00000 6.830 1500.0 12.0 0.0000 0.4781 58.03 0.0628
25.3125 15.3484 0.2705 0.4734 0.2561 0.00000 7.224 1500.0 12.0 0.0000 3.9663 522.37 0.8409
28.1250 15.3484 0.2439 0.5060 0.2502 0.00000 7.255 1500.0 12.0 0.0000 3.4952 464.44 0.9493
30.9375 15.3484 0.1986 0.5576 0.2438 0.00000 8.294 1500.0 12.0 0.0000 2.3904 323.05 0.8193
33.7500 15.3484 0.2642 0.5049 0.2309 0.00000 7.519 1500.0 12.0 0.0000 2.7749 361.61 0.7295
36.5625 15.3484 0.2942 0.4503 0.2555 0.00000 7.010 1500.0 12.0 0.0000 1.8074 235.39 0.5292
92.8125 15.3484 0.2802 0.3345 0.3853 0.00000 7.026 1500.0 12.0 0.0000 0.6011 84.25 0.1227
95.6250 15.3484 0.2283 0.4018 0.3699 0.00000 7.710 1500.0 12.0 0.0000 0.5839 83.03 0.1198
98.4375 15.3484 0.2723 0.3468 0.3810 0.00000 7.558 1500.0 12.0 0.0000 0.1412 19.82 0.0700
101.2500 15.3484 0.2979 0.3687 0.3335 0.00000 7.946 1500.0 12.0 0.0000 0.1056 14.30 0.0628
104.0625 15.3484 0.3976 0.2619 0.3406 0.00000 7.746 1500.0 12.0 0.0000 0.1048 13.62 0.0628
106.8750 15.3484 0.2673 0.3381 0.3946 0.00000 9.082 1500.0 12.0 0.0000 0.0584 10.00 0.0628
109.6875 15.3484 0.2772 0.3369 0.3860 0.00000 9.253 1500.0 12.0 0.0000 0.0347 10.00 0.0628
112.5000 15.3484 0.3144 0.2841 0.4015 0.00000 7.069 1500.0 12.0 0.0000 0.0547 10.00 0.0628
115.3125 15.3484 0.4139 0.2440 0.3422 0.00000 7.344 1500.0 12.0 0.0000 0.0576 10.00 0.0628
118.1250 15.3484 0.4729 0.2409 0.2863 0.00000 7.581 1500.0 12.0 0.0000 0.0431 10.00 0.0628
120.9375 15.3484 0.3742 0.3599 0.2659 0.00000 6.515 1500.0 12.0 0.0000 0.6164 77.76 0.4783
163.1250 15.3484 0.1898 0.4626 0.3476 0.00000 7.817 1500.0 12.0 0.0000 0.5663 80.95 0.0628
165.9375 15.3484 0.4457 0.2595 0.2948 0.00000 7.460 1500.0 12.0 0.0000 1.8381 227.73 0.1170
168.7500 15.3484 0.4334 0.2521 0.3145 0.00000 8.150 1500.0 12.0 0.0000 0.2980 37.55 0.0678
171.5625 15.3484 0.3280 0.3113 0.3607 0.00000 8.755 1500.0 12.0 0.0000 0.1263 17.12 0.0628
174.3750 15.3484 0.3917 0.2699 0.3384 0.00000 8.134 1500.0 12.0 0.0000 0.1555 20.24 0.0628
177.1875 15.3484 0.4052 0.2808 0.3140 0.00000 6.754 1500.0 12.0 0.0000 2.0542 262.25 0.2075
180.0000 15.3484 0.2344 0.4088 0.3568 0.00000 7.470 1500.0 12.0 0.0000 1.4957 210.78 0.1939
-177.1875 15.3484 0.3291 0.3541 0.3169 0.00000 7.863 1500.0 12.0 0.0000 0.7736 102.45 0.1422
-163.1250 15.3484 0.5257 0.1952 0.2791 0.00000 7.021 1500.0 12.0 0.0000 0.3659 43.18 0.0628
-160.3125 15.3484 0.2657 0.4497 0.2846 0.00000 7.905 1500.0 12.0 0.0000 3.1284 419.14 0.3177
-135.0000 15.3484 0.3157 0.4821 0.2022 0.00000 6.617 1500.0 12.0 0.0000 2.5897 324.25 0.8974
-132.1875 15.3484 0.1578 0.5773 0.2649 0.00000 7.433 1500.0 12.0 0.0000 2.6872 373.72 0.6639
-84.3750 15.3484 0.1931 0.4530 0.3538 0.00000 7.737 1500.0 12.0 0.0000 0.3909 55.96 0.0628
-81.5625 15.3484 0.2624 0.3523 0.3852 0.00000 7.614 1500.0 12.0 0.0000 0.1969 27.81 0.0628
-78.7500 15.3484 0.2954 0.3008 0.4038 0.00000 7.344 1500.0 12.0 0.0000 0.1054 14.81 0.0628
-75.9375 15.3484 0.3095 0.2913 0.3992 0.00000 7.409 1500.0 12.0 0.0000 0.0599 10.00 0.0628
-73.1250 15.3484 0.3354 0.2937 0.3709 0.00000 7.060 1500.0 12.0 0.0000 0.2367 32.15 0.1298
-70.3125 15.3484 0.3636 0.2829 0.3535 0.00000 7.498 1500.0 12.0 0.0000 0.1693 22.50 0.1102
-67.5000 15.3484 0.4504 0.2351 0.3145 0.00000 7.323 1500.0 12.0 0.0000 0.0910 11.37 0.0793
-64.6875 15.3484 0.4382 0.2404 0.3214 0.00000 7.461 1500.0 12.0 0.0000 0.0552 10.00 0.0628
-61.8750 15.3484 0.4247 0.2490 0.3264 0.00000 7.599 1500.0 12.0 0.0000 0.0948 12.07 0.0628
-59.0625 15.3484 0.3728 0.2793 0.3479 0.00000 8.183 1500.0 12.0 0.0000 0.1404 18.54 0.0628
-56.2500 15.3484 0.4969 0.2041 0.2990 0.00000 6.800 1500.0 12.0 0.0000 0.1326 16.06 0.0628
-53.4375 15.3484 0.4670 0.2260 0.3070 0.00000 7.097 1500.0 12.0 0.0000 0.2428 29.98 0.0752
-50.6250 15.3484 0.5544 0.1750 0.2706 0.00000 6.973 1500.0 12.0 0.0000 0.2353 27.22 0.0628
-47.8125 15.3484 0.3024 0.2956 0.4020 0.00000 7.329 1500.0 12.0 0.0000 0.2224 31.13 0.0628
16.8750 12.5578 0.2456 0.4047 0.3497 0.00000 8.452 1500.0 12.0 0.0000 0.8510 118.92 0.0628
19.6875 12.5578 0.6157 0.1466 0.2377 0.00000 6.716 1500.0 12.0 0.0000 1.1785 129.28 0.0628
22.5000 12.5578 0.4156 0.3336 0.2508 0.00000 6.668 1500.0 12.0 0.0000 4.1157 504.67 0.5227
25.3125 12.5578 0.3289 0.4153 0.2558 0.00000 6.847 1500.0 12.0 0.0000 4.1515 532.12 0.7269
28.1250 12.5578 0.2635 0.4686 0.2678 0.00000 7.621 1500.0 12.0 0.0000 4.3554 579.00 0.7246
30.9375 12.5578 0.3939 0.3841 0.2220 0.00000 7.232 1500.0 12.0 0.0000 4.0674 495.83 0.6271
33.7500 12.5578 0.2513 0.5012 0.2474 0.00000 7.404 1500.0 12.0 0.0000 2.8784 380.64 0.6681
95.6250 12.5578 0.0871 0.6505 0.2624 0.00000 7.864 1500.0 12.0 0.0000 1.5350 219.71 0.5986
98.4375 12.5578 0.1557 0.5296 0.3147 0.00000 7.368 1500.0 12.0 0.0000 1.6089 229.57 0.4041
101.2500 12.5578 0.1673 0.4819 0.3508 0.00000 8.122 1500.0 12.0 0.0000 0.7186 103.85 0.1227
104.0625 12.5578 0.2881 0.3267 0.3852 0.00000 7.573 1500.0 12.0 0.0000 0.1387 19.38 0.0628
106.8750 12.5578 0.2765 0.3358 0.3877 0.00000 9.170 1500.0 12.0 0.0000 0.0716 10.07 0.0628
109.6875 12.5578 0.3158 0.3067 0.3775 0.00000 8.464 1500.0 12.0 0.0000 0.0609 10.00 0.0628
112.5000 12.5578 0.3151 0.2804 0.4045 0.00000 7.015 1500.0 12.0 0.0000 0.0832 11.60 0.0628
115.3125 12.5578 0.5213 0.2011 0.2776 0.00000 7.533 1500.0 12.0 0.0000 0.0655 10.00 0.0628
165.9375 12.5578 0.2995 0.3007 0.3998 0.00000 7.122 1500.0 12.0 0.0000 0.2999 41.99 0.0628
168.7500 12.5578 0.3384 0.3100 0.3516 0.00000 7.127 1500.0 12.0 0.0000 1.4296 192.01 0.1569
171.5625 12.5578 0.3388 0.2877 0.3735 0.00000 7.654 1500.0 12.0 0.0000 0.1002 13.61 0.0641
174.3750 12.5578 0.4095 0.2680 0.3225 0.00000 7.926 1500.0 12.0 0.0000 0.1477 18.90 0.0818
177.1875 12.5578 0.3346 0.3278 0.3377 0.00000 8.369 1500.0 12.0 0.0000 0.3763 50.26 0.1478
180.0000 12.5578 0.2406 0.3780 0.3813 0.00000 8.079 1500.0 12.0 0.0000 1.1476 163.26 0.1917
-177.1875 12.5578 0.4089 0.2771 0.3141 0.00000 7.279 1500.0 12.0 0.0000 0.7500 95.59 0.1220
-154.6875 12.5578 0.4491 0.3231 0.2278 0.00000 6.915 1500.0 12.0 0.0000 2.0461 243.48 0.3700
-143.4375 12.5578 0.5460 0.1939 0.2601 0.00000 7.083 1500.0 12.0 0.0000 0.5467 63.12 0.0628
-140.6250 12.5578 0.2701 0.3634 0.3665 0.00000 7.849 1500.0 12.0 0.0000 0.2588 36.09 0.0628
-137.8125 12.5578 0.3452 0.2920 0.3628 0.00000 7.162 1500.0 12.0 0.0000 0.3020 40.67 0.0628
-135.0000 12.5578 0.1565 0.5427 0.3008 0.00000 7.151 1500.0 12.0 0.0000 2.5752 364.82 0.7007
-132.1875 12.5578 0.1350 0.5784 0.2866 0.00000 7.078 1500.0 12.0 0.0000 2.3462 333.09 0.7945
-81.5625 12.5578 0.4264 0.2614 0.3122 0.00000 6.930 1500.0 12.0 0.0000 0.2677 33.81 0.0628
-78.7500 12.5578 0.5094 0.2095 0.2811 0.00000 6.857 1500.0 12.0 0.0000 0.4801 57.19 0.0989
-75.9375 12.5578 0.3975 0.2904 0.3121 0.00000 7.506 1500.0 12.0 0.0000 0.5327 68.18 0.1898
-73.1250 12.5578 0.4456 0.2358 0.3186 0.00000 7.450 1500.0 12.0 0.0000 0.1355 17.02 0.0796
-70.3125 12.5578 0.3078 0.2943 0.3980 0.00000 7.574 1500.0 12.0 0.0000 0.0472 10.00 0.0628
-67.5000 12.5578 0.3784 0.3005 0.3211 0.00000 7.149 1500.0 12.0 0.0000 0.3921 50.89 0.2273
-64.6875 12.5578 0.3812 0.2796 0.3393 0.00000 8.061 1500.0 12.0 0.0000 0.0331 10.00 0.0628
-61.8750 12.5578 0.4022 0.2616 0.3362 0.00000 7.859 1500.0 12.0 0.0000 0.0493 10.00 0.0628
-59.0625 12.5578 0.4015 0.2654 0.3330 0.00000 7.811 1500.0 12.0 0.0000 0.2385 30.81 0.0804
-56.2500 12.5578 0.4953 0.2062 0.2985 0.00000 6.800 1500.0 12.0 0.0000 0.1282 15.53 0.0691
-53.4375 12.5578 0.4762 0.2242 0.2997 0.00000 6.974 1500.0 12.0 0.0000 0.3469 42.46 0.1060
-50.6250 12.5578 0.3192 0.2815 0.3993 0.00000 7.094 1500.0 12.0 0.0000 0.1894 26.29 0.0628
-47.8125 12.5578 0.3965 0.2553 0.3483 0.00000 7.422 1500.0 12.0 0.0000 0.1383 18.06 0.0628
16.8750 9.7671 0.1821 0.5053 0.3126 0.00000 7.644 1500.0 12.0 0.0000 3.8842 547.51 0.3106
19.6875 9.7671 0.4417 0.3043 0.2539 0.00000 7.058 1500.0 12.0 0.0000 3.7639 456.46 0.1522
22.5000 9.7671 0.6579 0.1275 0.2146 0.00000 6.575 1500.0 12.0 0.0000 1.7274 182.32 0.0628
25.3125 9.7671 0.4837 0.2402 0.2761 0.00000 7.277 1500.0 12.0 0.0000 3.3808 406.73 0.1154
28.1250 9.7671 0.5281 0.1930 0.2789 0.00000 7.047 1500.0 12.0 0.0000 0.9608 113.22 0.0628
30.9375 9.7671 0.5331 0.2343 0.2326 0.00000 7.052 1500.0 12.0 0.0000 4.0795 466.28 0.2113
33.7500 9.7671 0.1414 0.5676 0.2911 0.00000 7.774 1500.0 12.0 0.0000 3.9731 563.77 0.4522
98.4375 9.7671 0.0459 0.7293 0.2249 0.00000 7.585 1500.0 12.0 0.0000 1.9915 284.75 0.7466
101.2500 9.7671 0.0856 0.6704 0.2441 0.00000 7.898 1500.0 12.0 0.0000 2.8401 403.15 0.7995
104.0625 9.7671 0.1964 0.5117 0.2919 0.00000 8.471 1500.0 12.0 0.0000 3.1670 439.10 0.5121
106.8750 9.7671 0.2994 0.3246 0.3761 0.00000 9.094 1500.0 12.0 0.0000 0.1153 15.95 0.0628
109.6875 9.7671 0.3575 0.2687 0.3738 0.00000 7.382 1500.0 12.0 0.0000 0.1735 23.38 0.0628
112.5000 9.7671 0.3186 0.3036 0.3779 0.00000 7.069 1500.0 12.0 0.0000 0.7295 100.18 0.1270
165.9375 9.7671 0.2908 0.4407 0.2686 0.00000 7.112 1500.0 12.0 0.0000 2.3337 306.55 0.5429
168.7500 9.7671 0.1395 0.5995 0.2611 0.00000 7.116 1500.0 12.0 0.0000 2.4323 340.30 0.7765
171.5625 9.7671 0.1665 0.5153 0.3183 0.00000 7.039 1500.0 12.0 0.0000 1.4613 207.93 0.6226
174.3750 9.7671 0.3353 0.4029 0.2618 0.00000 6.934 1500.0 12.0 0.0000 1.0635 136.34 0.6023
177.1875 9.7671 0.2821 0.4202 0.2977 0.00000 7.303 1500.0 12.0 0.0000 0.9054 121.24 0.5209
180.0000 9.7671 0.2191 0.4329 0.3479 0.00000 7.122 1500.0 12.0 0.0000 1.1680 164.94 0.4149
-177.1875 9.7671 0.4008 0.3225 0.2766 0.00000 7.177 1500.0 12.0 0.0000 1.6251 203.64 0.1663
-157.5000 9.7671 0.3798 0.4160 0.2042 0.00000 6.606 1500.0 12.0 0.0000 2.1325 259.12 0.7316
-154.6875 9.7671 0.2801 0.3879 0.3320 0.00000 6.764 1500.0 12.0 0.0000 1.6337 222.89 0.3900
-151.8750 9.7671 0.2426 0.4193 0.3381 0.00000 7.034 1500.0 12.0 0.0000 1.5500 215.61 0.4066
-149.0625 9.7671 0.4013 0.2617 0.3370 0.00000 7.126 1500.0 12.0 0.0000 0.1781 23.06 0.0628
-146.2500 9.7671 0.5293 0.1860 0.2847 0.00000 6.717 1500.0 12.0 0.0000 0.4761 56.26 0.0628
-143.4375 9.7671 0.3522 0.2809 0.3669 0.00000 7.566 1500.0 12.0 0.0000 0.2982 40.12 0.0628
-140.6250 9.7671 0.2747 0.3191 0.4061 0.00000 7.751 1500.0 12.0 0.0000 0.1733 24.60 0.0628
-137.8125 9.7671 0.2907 0.3684 0.3408 0.00000 7.515 1500.0 12.0 0.0000 1.6473 224.72 0.2713
-135.0000 9.7671 0.2833 0.4148 0.3019 0.00000 7.806 1500.0 12.0 0.0000 1.9339 259.39 0.4329
-132.1875 9.7671 0.2918 0.4381 0.2701 0.00000 7.202 1500.0 12.0 0.0000 2.1962 288.59 0.6655
-129.3750 9.7671 0.1481 0.6029 0.2489 0.00000 7.493 1500.0 12.0 0.0000 2.6898 372.63 0.8748
-126.5625 9.7671 0.0979 0.6331 0.2690 0.00000 8.056 1500.0 12.0 0.0000 3.4156 488.28 0.6386
-123.7500 9.7671 0.1943 0.4474 0.3583 0.00000 7.762 1500.0 12.0 0.0000 1.6876 242.04 0.0628
-73.1250 9.7671 0.1017 0.7300 0.1683 0.00000 5.958 1500.0 12.0 0.0000 0.4104 55.67 1.6222
-70.3125 9.7671 0.1291 0.6172 0.2537 0.00000 7.088 1500.0 12.0 0.0000 0.5749 80.49 1.0070
-67.5000 9.7671 0.3189 0.2857 0.3954 0.00000 7.373 1500.0 12.0 0.0000 0.0382 10.00 0.0628
-64.6875 9.7671 0.4787 0.2180 0.3034 0.00000 6.850 1500.0 12.0 0.0000 0.0944 11.56 0.0868
-61.8750 9.7671 0.4968 0.2043 0.2990 0.00000 6.800 1500.0 12.0 0.0000 0.0414 10.00 0.0628
-59.0625 9.7671 0.4949 0.2066 0.2985 0.00000 6.800 1500.0 12.0 0.0000 0.1219 14.78 0.0696
-56.2500 9.7671 0.4969 0.2041 0.2990 0.00000 6.800 1500.0 12.0 0.0000 0.0666 10.00 0.0628
-53.4375 9.7671 0.5005 0.1992 0.3003 0.00000 6.755 1500.0 12.0 0.0000 0.0989 11.96 0.0628
-50.6250 9.7671 0.3090 0.2750 0.4161 0.00000 6.646 1500.0 12.0 0.0000 0.1540 21.65 0.0628
-47.8125 9.7671 0.4561 0.2277 0.3162 0.00000 7.295 1500.0 12.0 0.0000 0.1519 18.95 0.0628
-22.5000 9.7671 0.0223 0.7741 0.2035 0.00000 5.510 1500.0 12.0 0.0000 1.1030 157.63 1.6764
19.6875 6.9765 0.2016 0.4333 0.3651 0.00000 7.573 1500.0 12.0 0.0000 1.0655 152.85 0.0628
22.5000 6.9765 0.2655 0.4084 0.3261 0.00000 7.574 1500.0 12.0 0.0000 0.6204 84.93 0.0628
28.1250 6.9765 0.6100 0.1475 0.2424 0.00000 6.573 1500.0 12.0 0.0000 0.5473 60.41 0.0628
30.9375 6.9765 0.5013 0.2459 0.2528 0.00000 6.977 1500.0 12.0 0.0000 1.5148 178.17 0.0628
98.4375 6.9765 0.1304 0.5920 0.2776 0.00000 7.880 1500.0 12.0 0.0000 2.4555 347.72 0.4766
101.2500 6.9765 0.3778 0.3897 0.2325 0.00000 7.274 1500.0 12.0 0.0000 3.7338 461.54 0.5867
104.0625 6.9765 0.3280 0.4055 0.2665 0.00000 7.760 1500.0 12.0 0.0000 3.0989 399.69 0.5403
106.8750 6.9765 0.3320 0.4012 0.2668 0.00000 7.398 1500.0 12.0 0.0000 2.9164 375.50 0.5620
109.6875 6.9765 0.1984 0.4673 0.3343 0.00000 6.499 1500.0 12.0 0.0000 3.2207 455.73 0.5389
112.5000 6.9765 0.3414 0.3645 0.2941 0.00000 7.157 1500.0 12.0 0.0000 2.3729 308.73 0.3677
168.7500 6.9765 0.1563 0.6797 0.1640 0.00000 5.135 1500.0 12.0 0.0000 1.0776 142.35 1.7308
171.5625 6.9765 0.0297 0.7578 0.2125 0.00000 4.887 1500.0 12.0 0.0000 0.6675 95.52 1.7308
174.3750 6.9765 0.0666 0.7023 0.2311 0.00000 5.302 1500.0 12.0 0.0000 0.4907 69.77 1.4860
177.1875 6.9765 0.2063 0.4853 0.3084 0.00000 6.845 1500.0 12.0 0.0000 0.6198 86.28 0.6219
180.0000 6.9765 0.2370 0.4163 0.3466 0.00000 7.317 1500.0 12.0 0.0000 0.7824 109.57 0.3633
-177.1875 6.9765 0.2905 0.4211 0.2884 0.00000 7.713 1500.0 12.0 0.0000 0.8856 117.57 0.2492
-154.6875 6.9765 0.2455 0.5256 0.2289 0.00000 6.041 1500.0 12.0 0.0000 1.9815 260.15 0.9732
-151.8750 6.9765 0.0738 0.6701 0.2561 0.00000 6.889 1500.0 12.0 0.0000 1.1577 166.13 1.0800
-149.0625 6.9765 0.2730 0.3306 0.3964 0.00000 7.734 1500.0 12.0 0.0000 0.1166 16.48 0.0628
-146.2500 6.9765 0.3210 0.2739 0.4052 0.00000 6.615 1500.0 12.0 0.0000 0.2388 33.21 0.0628
-143.4375 6.9765 0.3029 0.2914 0.4058 0.00000 7.110 1500.0 12.0 0.0000 0.3156 44.25 0.0628
-140.6250 6.9765 0.3276 0.2903 0.3820 0.00000 7.671 1500.0 12.0 0.0000 0.1595 21.87 0.0628
-137.8125 6.9765 0.3633 0.2890 0.3476 0.00000 8.328 1500.0 12.0 0.0000 0.1268 16.80 0.0628
-135.0000 6.9765 0.4174 0.2575 0.3251 0.00000 7.653 1500.0 12.0 0.0000 0.1327 16.95 0.0646
-132.1875 6.9765 0.4268 0.2506 0.3226 0.00000 7.551 1500.0 12.0 0.0000 0.1825 23.18 0.0628
-129.3750 6.9765 0.3395 0.3694 0.2911 0.00000 7.515 1500.0 12.0 0.0000 3.2652 424.50 0.3984
-126.5625 6.9765 0.0756 0.7020 0.2223 0.00000 7.559 1500.0 12.0 0.0000 3.9743 560.48 1.1715
-70.3125 6.9765 0.0873 0.7185 0.1942 0.00000 6.092 1500.0 12.0 0.0000 0.3033 41.96 1.5651
-67.5000 6.9765 0.3409 0.2769 0.3822 0.00000 7.070 1500.0 12.0 0.0000 0.0505 10.00 0.0628
-64.6875 6.9765 0.5000 0.2065 0.2936 0.00000 7.102 1500.0 12.0 0.0000 0.0385 10.00 0.0628
-61.8750 6.9765 0.4967 0.2043 0.2990 0.00000 6.800 1500.0 12.0 0.0000 0.0396 10.00 0.0628
-59.0625 6.9765 0.4968 0.2043 0.2990 0.00000 6.800 1500.0 12.0 0.0000 0.0693 10.00 0.0628
-56.2500 6.9765 0.4970 0.2040 0.2990 0.00000 6.800 1500.0 12.0 0.0000 0.0590 10.00 0.0628
-53.4375 6.9765 0.4184 0.2350 0.3466 0.00000 6.702 1500.0 12.0 0.0000 0.0773 10.00 0.0628
-50.6250 6.9765 0.2010 0.5122 0.2868 0.00000 6.258 1500.0 12.0 0.0000 1.7689 244.13 0.7587
-22.5000 6.9765 0.0278 0.7745 0.1976 0.00000 5.329 1500.0 12.0 0.0000 0.6056 86.09 1.7062
-19.6875 6.9765 0.0559 0.7351 0.2090 0.00000 5.015 1500.0 12.0 0.0000 0.4206 59.42 1.6604
-16.8750 6.9765 0.1084 0.6922 0.1993 0.00000 5.284 1500.0 12.0 0.0000 0.3510 48.25 1.5501
-5.6250 6.9765 0.4983 0.2018 0.2999 0.00000 6.663 1500.0 12.0 0.0000 0.0900 10.89 0.0628
19.6875 4.1859 0.3300 0.3630 0.3070 0.00000 7.492 1500.0 12.0 0.0000 0.6336 83.44 0.0628
22.5000 4.1859 0.1490 0.5121 0.3389 0.00000 7.967 1500.0 12.0 0.0000 0.8194 118.64 0.0942
25.3125 4.1859 0.4266 0.3216 0.2518 0.00000 6.990 1500.0 12.0 0.0000 2.2560 275.30 0.2288
28.1250 4.1859 0.6271 0.1724 0.2005 0.00000 6.412 1500.0 12.0 0.0000 3.0169 321.02 0.2230
30.9375 4.1859 0.1063 0.6892 0.2046 0.00000 5.821 1500.0 12.0 0.0000 3.6064 497.49 1.5307
33.7500 4.1859 0.0074 0.8484 0.1442 0.00000 6.339 1500.0 12.0 0.0000 3.0432 424.98 1.7308
98.4375 4.1859 0.1701 0.4729 0.3571 0.00000 8.026 1500.0 12.0 0.0000 0.5529 80.05 0.0628
101.2500 4.1859 0.3615 0.3687 0.2698 0.00000 7.408 1500.0 12.0 0.0000 3.8113 484.78 0.2186
104.0625 4.1859 0.5838 0.1646 0.2516 0.00000 6.889 1500.0 12.0 0.0000 0.9311 104.83 0.0628
106.8750 4.1859 0.5165 0.2411 0.2424 0.00000 6.587 1500.0 12.0 0.0000 2.7271 316.29 0.2947
109.6875 4.1859 0.2752 0.3690 0.3559 0.00000 6.716 1500.0 12.0 0.0000 2.5647 354.96 0.2521
112.5000 4.1859 0.2498 0.5150 0.2352 0.00000 6.754 1500.0 12.0 0.0000 3.3872 445.33 0.7698
157.5000 4.1859 0.0722 0.7004 0.2274 0.00000 6.331 1500.0 12.0 0.0000 1.8209 257.80 1.2185
160.3125 4.1859 0.0288 0.7693 0.2020 0.00000 6.985 1500.0 12.0 0.0000 1.9650 279.84 1.1470
171.5625 4.1859 0.0701 0.7440 0.1860 0.00000 4.781 1500.0 12.0 0.0000 0.3151 43.74 1.7308
174.3750 4.1859 0.0375 0.7485 0.2140 0.00000 4.684 1500.0 12.0 0.0000 0.4746 67.75 1.7025
177.1875 4.1859 0.0668 0.6919 0.2413 0.00000 5.353 1500.0 12.0 0.0000 0.5341 76.31 1.3311
180.0000 4.1859 0.1643 0.5756 0.2600 0.00000 6.199 1500.0 12.0 0.0000 0.7054 97.59 0.9438
-177.1875 4.1859 0.1696 0.5083 0.3221 0.00000 7.553 1500.0 12.0 0.0000 0.0513 10.00 0.0628
-174.3750 4.1859 0.0497 0.6524 0.2979 0.00000 6.800 1500.0 12.0 0.0000 0.0553 10.00 0.0628
-154.6875 4.1859 0.1340 0.6595 0.2065 0.00000 5.954 1500.0 12.0 0.0000 1.1574 157.88 1.3782
-151.8750 4.1859 0.0393 0.7673 0.1934 0.00000 6.365 1500.0 12.0 0.0000 1.0863 153.36 1.3183
-149.0625 4.1859 0.3786 0.3278 0.2936 0.00000 7.447 1500.0 12.0 0.0000 1.3153 168.14 0.2438
-146.2500 4.1859 0.5073 0.2003 0.2924 0.00000 7.109 1500.0 12.0 0.0000 0.2324 27.90 0.0628
-143.4375 4.1859 0.4325 0.2410 0.3265 0.00000 7.475 1500.0 12.0 0.0000 0.3146 39.92 0.0628
-140.6250 4.1859 0.3558 0.2703 0.3738 0.00000 7.255 1500.0 12.0 0.0000 0.2633 35.49 0.0628
-137.8125 4.1859 0.2941 0.3378 0.3681 0.00000 8.923 1500.0 12.0 0.0000 0.1214 16.77 0.0628
-135.0000 4.1859 0.3983 0.2659 0.3358 0.00000 7.912 1500.0 12.0 0.0000 0.1332 17.26 0.0628
-132.1875 4.1859 0.3937 0.2686 0.3377 0.00000 7.937 1500.0 12.0 0.0000 0.1811 23.55 0.0628
-129.3750 4.1859 0.3496 0.2947 0.3557 0.00000 8.062 1500.0 12.0 0.0000 0.3004 40.22 0.0628
-126.5625 4.1859 0.0950 0.6647 0.2404 0.00000 6.921 1500.0 12.0 0.0000 3.2512 458.84 1.1963
-123.7500 4.1859 0.0004 0.8264 0.1733 0.00000 7.018 1500.0 12.0 0.0000 4.0140 570.42 1.3938
-70.3125 4.1859 0.1152 0.6867 0.1981 0.00000 5.212 1500.0 12.0 0.0000 0.4602 63.02 1.6458
-67.5000 4.1859 0.3348 0.2725 0.3927 0.00000 6.700 1500.0 12.0 0.0000 0.0908 12.48 0.0628
-64.6875 4.1859 0.5222 0.1884 0.2894 0.00000 6.681 1500.0 12.0 0.0000 0.0517 10.00 0.0628
-61.8750 4.1859 0.4771 0.2299 0.2931 0.00000 6.796 1500.0 12.0 0.0000 0.2767 33.73 0.1394
-59.0625 4.1859 0.4581 0.2546 0.2873 0.00000 6.792 1500.0 12.0 0.0000 0.8165 100.13 0.2153
-56.2500 4.1859 0.4961 0.2033 0.3007 0.00000 6.729 1500.0 12.0 0.0000 0.1043 12.65 0.0681
-53.4375 4.1859 0.3295 0.2790 0.3916 0.00000 7.156 1500.0 12.0 0.0000 0.0780 10.74 0.0628
-50.6250 4.1859 0.2227 0.5148 0.2625 0.00000 6.800 1500.0 12.0 0.0000 1.3764 185.82 0.7934
-28.1250 4.1859 0.0650 0.7128 0.2222 0.00000 5.867 1500.0 12.0 0.0000 2.4116 341.61 1.4272
-25.3125 4.1859 0.0778 0.6982 0.2240 0.00000 5.533 1500.0 12.0 0.0000 1.0834 152.76 1.4974
-22.5000 4.1859 0.1967 0.6182 0.1850 0.00000 5.153 1500.0 12.0 0.0000 0.8012 105.07 1.5978
-19.6875 4.1859 0.1595 0.6274 0.2132 0.00000 4.873 1500.0 12.0 0.0000 0.4124 55.82 1.5394
-16.8750 4.1859 0.0546 0.7137 0.2317 0.00000 4.997 1500.0 12.0 0.0000 0.4175 59.67 1.4481
-14.0625 4.1859 0.0756 0.7128 0.2116 0.00000 5.126 1500.0 12.0 0.0000 0.3243 45.49 1.5233
-11.2500 4.1859 0.0128 0.8465 0.1407 0.00000 6.257 1500.0 12.0 0.0000 0.3244 45.12 1.5636
-8.4375 4.1859 0.0609 0.7353 0.2038 0.00000 5.663 1500.0 12.0 0.0000 0.4060 57.08 1.4442
-5.6250 4.1859 0.1556 0.6236 0.2209 0.00000 5.739 1500.0 12.0 0.0000 0.5470 74.46 1.2199
22.5000 1.3953 0.0814 0.6587 0.2599 0.00000 7.739 1500.0 12.0 0.0000 2.5424 364.35 0.5608
25.3125 1.3953 0.2803 0.3494 0.3703 0.00000 6.914 1500.0 12.0 0.0000 1.1362 158.04 0.1340
28.1250 1.3953 0.1622 0.6281 0.2097 0.00000 6.033 1500.0 12.0 0.0000 2.8426 383.60 1.2561
30.9375 1.3953 0.0031 0.8325 0.1643 0.00000 5.956 1500.0 12.0 0.0000 2.3898 337.72 1.7308
59.0625 1.3953 0.0435 0.7599 0.1966 0.00000 5.393 1500.0 12.0 0.0000 1.6581 234.04 1.7308
61.8750 1.3953 0.0019 0.8240 0.1741 0.00000 5.977 1500.0 12.0 0.0000 1.1643 165.42 1.7308
64.6875 1.3953 0.0486 0.7668 0.1845 0.00000 5.567 1500.0 12.0 0.0000 1.4447 202.26 1.7308
98.4375 1.3953 0.1810 0.4620 0.3570 0.00000 7.968 1500.0 12.0 0.0000 0.5671 81.73 0.0628
101.2500 1.3953 0.4558 0.2709 0.2734 0.00000 7.320 1500.0 12.0 0.0000 1.1378 138.58 0.0628
104.0625 1.3953 0.5459 0.1835 0.2706 0.00000 7.043 1500.0 12.0 0.0000 0.7710 89.58 0.0628
106.8750 1.3953 0.5206 0.1924 0.2870 0.00000 6.752 1500.0 12.0 0.0000 0.2674 31.78 0.0628
109.6875 1.3953 0.4645 0.2469 0.2885 0.00000 6.505 1500.0 12.0 0.0000 2.7282 333.73 0.1945
112.5000 1.3953 0.3567 0.3045 0.3387 0.00000 7.008 1500.0 12.0 0.0000 0.5019 66.41 0.0628
149.0625 1.3953 0.0063 0.8096 0.1841 0.00000 7.414 1500.0 12.0 0.0000 2.7256 388.44 1.2214
151.8750 1.3953 0.0016 0.8214 0.1770 0.00000 7.498 1500.0 12.0 0.0000 1.9844 282.37 1.2494
154.6875 1.3953 0.0370 0.7609 0.2022 0.00000 6.986 1500.0 12.0 0.0000 1.7520 248.66 1.2623
157.5000 1.3953 0.1025 0.6543 0.2431 0.00000 6.563 1500.0 12.0 0.0000 1.8927 266.62 1.0033
160.3125 1.3953 0.1080 0.6369 0.2551 0.00000 6.822 1500.0 12.0 0.0000 1.6455 232.64 0.8620
174.3750 1.3953 0.0623 0.7689 0.1688 0.00000 5.916 1500.0 12.0 0.0000 0.5164 71.30 1.5778
177.1875 1.3953 0.1730 0.5775 0.2496 0.00000 5.847 1500.0 12.0 0.0000 0.5780 79.24 1.0359
180.0000 1.3953 0.3516 0.3213 0.3270 0.00000 6.629 1500.0 12.0 0.0000 0.8441 111.25 0.2504
-157.5000 1.3953 0.1429 0.6780 0.1791 0.00000 5.040 1500.0 12.0 0.0000 0.9962 133.45 1.7308
-154.6875 1.3953 0.0508 0.7470 0.2021 0.00000 5.265 1500.0 12.0 0.0000 0.9079 128.11 1.6238
-151.8750 1.3953 0.0155 0.8284 0.1561 0.00000 6.118 1500.0 12.0 0.0000 1.2676 177.47 1.4548
-149.0625 1.3953 0.1825 0.5959 0.2216 0.00000 7.252 1500.0 12.0 0.0000 1.7683 237.95 0.7135
-146.2500 1.3953 0.4469 0.2352 0.3178 0.00000 7.600 1500.0 12.0 0.0000 0.1886 23.66 0.0628
-143.4375 1.3953 0.4273 0.2451 0.3276 0.00000 7.598 1500.0 12.0 0.0000 0.1011 12.87 0.0628
-140.6250 1.3953 0.3485 0.2754 0.3760 0.00000 7.277 1500.0 12.0 0.0000 0.0613 10.00 0.0628
-137.8125 1.3953 0.3463 0.2800 0.3737 0.00000 7.535 1500.0 12.0 0.0000 0.0523 10.00 0.0628
-135.0000 1.3953 0.4778 0.2182 0.3040 0.00000 7.315 1500.0 12.0 0.0000 0.0578 10.00 0.0628
-132.1875 1.3953 0.4290 0.2509 0.3201 0.00000 7.513 1500.0 12.0 0.0000 0.0998 12.64 0.0628
-129.3750 1.3953 0.3926 0.2580 0.3494 0.00000 7.266 1500.0 12.0 0.0000 0.2516 32.94 0.0628
-126.5625 1.3953 0.1765 0.5562 0.2673 0.00000 6.474 1500.0 12.0 0.0000 2.7277 376.75 1.0357
-70.3125 1.3953 0.1840 0.6413 0.1747 0.00000 5.480 1500.0 12.0 0.0000 0.7357 96.51 1.6353
-67.5000 1.3953 0.1599 0.5272 0.3129 0.00000 7.149 1500.0 12.0 0.0000 1.1697 166.46 0.6399
-64.6875 1.3953 0.3958 0.2530 0.3512 0.00000 7.062 1500.0 12.0 0.0000 0.0599 10.00 0.0628
-61.8750 1.3953 0.4433 0.2733 0.2834 0.00000 6.773 1500.0 12.0 0.0000 0.7065 87.07 0.2735
-59.0625 1.3953 0.4080 0.3012 0.2909 0.00000 6.737 1500.0 12.0 0.0000 1.2719 160.12 0.3244
-56.2500 1.3953 0.3285 0.3238 0.3477 0.00000 7.316 1500.0 12.0 0.0000 0.9800 131.94 0.1938
-53.4375 1.3953 0.3188 0.2885 0.3927 0.00000 7.252 1500.0 12.0 0.0000 0.1315 18.19 0.0628
-50.6250 1.3953 0.3161 0.4846 0.1993 0.00000 6.383 1500.0 12.0 0.0000 1.9631 245.36 0.9220
-33.7500 1.3953 0.0393 0.7600 0.2007 0.00000 6.035 1500.0 12.0 0.0000 3.3400 473.24 1.5209
-30.9375 1.3953 0.0518 0.7218 0.2264 0.00000 6.172 1500.0 12.0 0.0000 3.0917 441.31 1.3119
-28.1250 1.3953 0.1928 0.5111 0.2961 0.00000 6.337 1500.0 12.0 0.0000 3.7209 517.80 0.7332
-25.3125 1.3953 0.3911 0.3614 0.2475 0.00000 6.355 1500.0 12.0 0.0000 2.1101 261.37 0.5821
-22.5000 1.3953 0.2379 0.5483 0.2138 0.00000 6.281 1500.0 12.0 0.0000 0.5268 68.85 1.2814
-19.6875 1.3953 0.2116 0.5827 0.2056 0.00000 5.657 1500.0 12.0 0.0000 0.2773 36.52 1.5187
-16.8750 1.3953 0.1725 0.6225 0.2050 0.00000 4.928 1500.0 12.0 0.0000 0.3762 50.41 1.5592
-14.0625 1.3953 0.0496 0.7284 0.2220 0.00000 5.140 1500.0 12.0 0.0000 0.2909 41.47 1.5416
-11.2500 1.3953 0.0671 0.7124 0.2205 0.00000 5.568 1500.0 12.0 0.0000 0.4535 64.14 1.4008
-8.4375 1.3953 0.1157 0.6337 0.2506 0.00000 5.743 1500.0 12.0 0.0000 0.4957 69.70 1.0880
-5.6250 1.3953 0.1511 0.5646 0.2843 0.00000 5.989 1500.0 12.0 0.0000 0.4464 62.87 0.8623
-2.8125 1.3953 0.2721 0.5296 0.1983 0.00000 6.113 1500.0 12.0 0.0000 0.5584 71.22 1.0010
0.0000 -1.3953 0.1673 0.6472 0.1856 0.00000 6.237 1500.0 12.0 0.0000 0.6454 85.81 1.2442
22.5000 -1.3953 0.1291 0.6508 0.2201 0.00000 6.270 1500.0 12.0 0.0000 1.7609 242.41 1.1950
25.3125 -1.3953 0.2275 0.5274 0.2451 0.00000 6.119 1500.0 12.0 0.0000 2.3547 314.37 0.9175
28.1250 -1.3953 0.0530 0.7156 0.2313 0.00000 5.800 1500.0 12.0 0.0000 1.6505 236.03 1.3391
30.9375 -1.3953 0.0134 0.8457 0.1408 0.00000 6.194 1500.0 12.0 0.0000 1.4810 205.94 1.7308
59.0625 -1.3953 0.0760 0.7022 0.2218 0.00000 6.230 1500.0 12.0 0.0000 1.1722 165.23 1.3975
61.8750 -1.3953 0.0509 0.7395 0.2095 0.00000 6.510 1500.0 12.0 0.0000 0.9440 133.68 1.5858
64.6875 -1.3953 0.0085 0.8082 0.1833 0.00000 6.196 1500.0 12.0 0.0000 1.3048 185.70 1.7195
67.5000 -1.3953 0.0193 0.8062 0.1745 0.00000 6.001 1500.0 12.0 0.0000 1.2216 172.32 1.7308
98.4375 -1.3953 0.0259 0.7763 0.1978 0.00000 7.500 1500.0 12.0 0.0000 3.2887 467.96 1.1403
101.2500 -1.3953 0.3519 0.3648 0.2833 0.00000 7.434 1500.0 12.0 0.0000 2.6452 340.48 0.1497
104.0625 -1.3953 0.5677 0.2230 0.2093 0.00000 6.456 1500.0 12.0 0.0000 4.0732 450.46 0.3209
106.8750 -1.3953 0.4076 0.3224 0.2700 0.00000 6.709 1500.0 12.0 0.0000 2.8621 356.16 0.4386
109.6875 -1.3953 0.4953 0.2588 0.2459 0.00000 6.546 1500.0 12.0 0.0000 3.2614 383.20 0.3280
112.5000 -1.3953 0.2948 0.2958 0.4094 0.00000 6.684 1500.0 12.0 0.0000 0.8592 121.12 0.0628
115.3125 -1.3953 0.3444 0.3900 0.2656 0.00000 6.907 1500.0 12.0 0.0000 4.5556 582.79 0.4402
146.2500 -1.3953 0.1473 0.5927 0.2600 0.00000 7.184 1500.0 12.0 0.0000 2.8915 402.98 0.6633
149.0625 -1.3953 0.5137 0.2291 0.2572 0.00000 7.156 1500.0 12.0 0.0000 0.5071 59.42 0.0628
151.8750 -1.3953 0.6015 0.1601 0.2383 0.00000 7.003 1500.0 12.0 0.0000 0.3930 43.46 0.0628
154.6875 -1.3953 0.3570 0.3608 0.2822 0.00000 8.055 1500.0 12.0 0.0000 1.6154 207.32 0.3264
157.5000 -1.3953 0.3114 0.3443 0.3443 0.00000 7.149 1500.0 12.0 0.0000 0.7643 103.51 0.1312
160.3125 -1.3953 0.3965 0.2968 0.3066 0.00000 7.684 1500.0 12.0 0.0000 0.1036 13.23 0.0628
163.1250 -1.3953 0.1538 0.5163 0.3300 0.00000 7.686 1500.0 12.0 0.0000 0.0815 11.72 0.0628
177.1875 -1.3953 0.5365 0.2038 0.2597 0.00000 6.852 1500.0 12.0 0.0000 0.1098 12.74 0.0628
-157.5000 -1.3953 0.1768 0.6653 0.1579 0.00000 4.873 1500.0 12.0 0.0000 1.0168 132.63 1.7308
-154.6875 -1.3953 0.1382 0.6930 0.1688 0.00000 4.923 1500.0 12.0 0.0000 0.8330 111.23 1.7308
-151.8750 -1.3953 0.0820 0.7232 0.1948 0.00000 5.043 1500.0 12.0 0.0000 0.8998 124.82 1.6466
-149.0625 -1.3953 0.0174 0.8158 0.1668 0.00000 6.345 1500.0 12.0 0.0000 1.2668 178.16 1.3316
-146.2500 -1.3953 0.2739 0.4713 0.2548 0.00000 7.465 1500.0 12.0 0.0000 1.8805 247.09 0.4687
-143.4375 -1.3953 0.3721 0.2629 0.3650 0.00000 7.341 1500.0 12.0 0.0000 0.1059 14.10 0.0628
-140.6250 -1.3953 0.2879 0.3048 0.4073 0.00000 7.366 1500.0 12.0 0.0000 0.0543 10.00 0.0628
-137.8125 -1.3953 0.2888 0.3052 0.4060 0.00000 7.381 1500.0 12.0 0.0000 0.0374 10.00 0.0628
-135.0000 -1.3953 0.4101 0.2459 0.3440 0.00000 7.125 1500.0 12.0 0.0000 0.0279 10.00 0.0628
-132.1875 -1.3953 0.2152 0.5282 0.2566 0.00000 7.525 1500.0 12.0 0.0000 0.7403 99.98 0.8614
-129.3750 -1.3953 0.1847 0.5312 0.2841 0.00000 8.009 1500.0 12.0 0.0000 1.6156 224.27 0.5834
-67.5000 -1.3953 0.1855 0.5933 0.2212 0.00000 6.951 1500.0 12.0 0.0000 0.9448 126.94 1.0862
-64.6875 -1.3953 0.3532 0.2591 0.3877 0.00000 6.773 1500.0 12.0 0.0000 0.1449 19.69 0.0628
-61.8750 -1.3953 0.3126 0.3366 0.3508 0.00000 6.630 1500.0 12.0 0.0000 1.3138 178.42 0.2642
-59.0625 -1.3953 0.2596 0.3762 0.3642 0.00000 6.913 1500.0 12.0 0.0000 1.2776 178.75 0.2952
-56.2500 -1.3953 0.3012 0.3399 0.3589 0.00000 7.298 1500.0 12.0 0.0000 1.6727 229.25 0.2136
-53.4375 -1.3953 0.3939 0.3466 0.2596 0.00000 6.922 1500.0 12.0 0.0000 2.1777 271.21 0.4207
-50.6250 -1.3953 0.2724 0.5537 0.1740 0.00000 6.288 1500.0 12.0 0.0000 2.0293 255.35 1.2255
-30.9375 -1.3953 0.1191 0.6146 0.2663 0.00000 7.071 1500.0 12.0 0.0000 3.4905 493.88 0.7459
-28.1250 -1.3953 0.5675 0.1690 0.2635 0.00000 6.751 1500.0 12.0 0.0000 0.3568 40.81 0.0628
-25.3125 -1.3953 0.3876 0.2721 0.3403 0.00000 8.142 1500.0 12.0 0.0000 0.1268 16.55 0.0628
-22.5000 -1.3953 0.1973 0.5021 0.3006 0.00000 8.680 1500.0 12.0 0.0000 0.9540 132.81 0.5709
-19.6875 -1.3953 0.2183 0.5500 0.2317 0.00000 6.511 1500.0 12.0 0.0000 0.4679 62.28 1.2189
-16.8750 -1.3953 0.2307 0.5770 0.1923 0.00000 5.603 1500.0 12.0 0.0000 0.3195 41.41 1.6119
-14.0625 -1.3953 0.1364 0.6639 0.1997 0.00000 6.058 1500.0 12.0 0.0000 0.2815 38.22 1.6338
-11.2500 -1.3953 0.1763 0.6184 0.2053 0.00000 5.765 1500.0 12.0 0.0000 0.4213 56.37 1.4348
-8.4375 -1.3953 0.3085 0.4773 0.2142 0.00000 5.586 1500.0 12.0 0.0000 0.6055 76.58 1.0456
-5.6250 -1.3953 0.1710 0.5121 0.3168 0.00000 6.024 1500.0 12.0 0.0000 0.7105 100.83 0.6803
-2.8125 -1.3953 0.2380 0.5359 0.2261 0.00000 6.436 1500.0 12.0 0.0000 0.3813 50.15 0.9222
25.3125 -4.1859 0.2527 0.5705 0.1768 0.00000 6.178 1500.0 12.0 0.0000 2.4291 309.01 1.1556
28.1250 -4.1859 0.1163 0.6687 0.2150 0.00000 5.573 1500.0 12.0 0.0000 2.2712 313.59 1.4316
30.9375 -4.1859 0.1461 0.6735 0.1804 0.00000 5.257 1500.0 12.0 0.0000 2.2514 301.38 1.7203
56.2500 -4.1859 0.3738 0.2818 0.3444 0.00000 7.140 1500.0 12.0 0.0000 0.1785 23.51 0.0628
59.0625 -4.1859 0.3206 0.2834 0.3960 0.00000 6.977 1500.0 12.0 0.0000 0.2295 31.78 0.0678
61.8750 -4.1859 0.4842 0.2187 0.2971 0.00000 7.512 1500.0 12.0 0.0000 0.2454 29.88 0.0628
64.6875 -4.1859 0.3568 0.3874 0.2557 0.00000 7.766 1500.0 12.0 0.0000 1.9207 242.95 0.5003
67.5000 -4.1859 0.0977 0.6768 0.2255 0.00000 6.290 1500.0 12.0 0.0000 2.1242 297.23 1.3661
70.3125 -4.1859 0.0393 0.7575 0.2032 0.00000 6.387 1500.0 12.0 0.0000 1.3864 196.68 1.4760
101.2500 -4.1859 0.0172 0.7918 0.1910 0.00000 7.565 1500.0 12.0 0.0000 4.2428 603.90 1.0000
104.0625 -4.1859 0.3616 0.4560 0.1823 0.00000 6.211 1500.0 12.0 0.0000 4.5132 546.39 1.0168
106.8750 -4.1859 0.4400 0.3286 0.2313 0.00000 6.712 1500.0 12.0 0.0000 3.4254 410.33 0.5343
109.6875 -4.1859 0.4036 0.3440 0.2524 0.00000 6.417 1500.0 12.0 0.0000 3.8340 473.32 0.5116
112.5000 -4.1859 0.2355 0.4689 0.2956 0.00000 6.420 1500.0 12.0 0.0000 4.0386 551.51 0.6230
115.3125 -4.1859 0.2193 0.6018 0.1789 0.00000 6.436 1500.0 12.0 0.0000 4.1182 532.76 1.1570
143.4375 -4.1859 0.3672 0.2719 0.3609 0.00000 6.811 1500.0 12.0 0.0000 0.3613 48.13 0.0628
146.2500 -4.1859 0.3909 0.2495 0.3596 0.00000 6.980 1500.0 12.0 0.0000 0.2451 32.29 0.0628
149.0625 -4.1859 0.6694 0.1180 0.2126 0.00000 6.457 1500.0 12.0 0.0000 0.5314 55.65 0.0628
151.8750 -4.1859 0.5726 0.1668 0.2607 0.00000 6.688 1500.0 12.0 0.0000 0.3239 36.89 0.0628
154.6875 -4.1859 0.6875 0.1096 0.2029 0.00000 6.440 1500.0 12.0 0.0000 0.5930 61.05 0.0628
157.5000 -4.1859 0.3026 0.3783 0.3191 0.00000 7.488 1500.0 12.0 0.0000 0.2062 27.66 0.0628
160.3125 -4.1859 0.3676 0.3201 0.3123 0.00000 7.884 1500.0 12.0 0.0000 0.1783 23.14 0.0628
163.1250 -4.1859 0.2401 0.4105 0.3494 0.00000 8.396 1500.0 12.0 0.0000 0.1150 16.11 0.0628
165.9375 -4.1859 0.0806 0.6087 0.3107 0.00000 7.167 1500.0 12.0 0.0000 0.0787 11.56 0.0628
-151.8750 -4.1859 0.1113 0.7342 0.1544 0.00000 5.055 1500.0 12.0 0.0000 0.6976 93.57 1.7308
-149.0625 -4.1859 0.1015 0.7149 0.1836 0.00000 5.126 1500.0 12.0 0.0000 0.8005 109.47 1.6791
-146.2500 -4.1859 0.0831 0.7166 0.2003 0.00000 5.814 1500.0 12.0 0.0000 0.8503 118.22 1.3979
-143.4375 -4.1859 0.0735 0.7013 0.2252 0.00000 6.365 1500.0 12.0 0.0000 1.0722 151.56 1.2166
-140.6250 -4.1859 0.1647 0.6244 0.2110 0.00000 6.084 1500.0 12.0 0.0000 0.4227 57.02 1.2793
-137.8125 -4.1859 0.1401 0.6525 0.2074 0.00000 6.067 1500.0 12.0 0.0000 0.1944 26.47 1.3902
-135.0000 -4.1859 0.0982 0.6800 0.2217 0.00000 5.703 1500.0 12.0 0.0000 0.1368 19.10 1.5692
-132.1875 -4.1859 0.1274 0.6548 0.2178 0.00000 6.040 1500.0 12.0 0.0000 0.2383 32.79 1.6168
-129.3750 -4.1859 0.1629 0.5883 0.2488 0.00000 7.101 1500.0 12.0 0.0000 0.7099 97.72 0.9930
-64.6875 -4.1859 0.4004 0.3943 0.2052 0.00000 6.293 1500.0 12.0 0.0000 1.8790 226.11 0.7150
-61.8750 -4.1859 0.4865 0.2030 0.3105 0.00000 6.600 1500.0 12.0 0.0000 0.3214 39.39 0.0628
-59.0625 -4.1859 0.4904 0.2073 0.3022 0.00000 6.970 1500.0 12.0 0.0000 0.2729 33.22 0.0628
-56.2500 -4.1859 0.5996 0.1600 0.2404 0.00000 6.940 1500.0 12.0 0.0000 0.3174 35.19 0.0628
-33.7500 -4.1859 0.1519 0.6073 0.2407 0.00000 6.539 1500.0 12.0 0.0000 3.7871 521.62 1.0016
-30.9375 -4.1859 0.2258 0.4793 0.2949 0.00000 6.915 1500.0 12.0 0.0000 3.6994 507.16 0.4799
-28.1250 -4.1859 0.5814 0.1929 0.2257 0.00000 6.643 1500.0 12.0 0.0000 2.4367 270.27 0.2013
-25.3125 -4.1859 0.3807 0.3017 0.3176 0.00000 7.703 1500.0 12.0 0.0000 1.3672 176.91 0.1968
-22.5000 -4.1859 0.3556 0.3017 0.3428 0.00000 8.234 1500.0 12.0 0.0000 0.5281 70.05 0.1073
-19.6875 -4.1859 0.4050 0.2614 0.3336 0.00000 7.814 1500.0 12.0 0.0000 0.0595 10.00 0.0628
-16.8750 -4.1859 0.2591 0.4877 0.2532 0.00000 7.097 1500.0 12.0 0.0000 0.6960 92.00 0.8762
-14.0625 -4.1859 0.2027 0.5557 0.2416 0.00000 7.124 1500.0 12.0 0.0000 0.4774 64.34 1.0736
-11.2500 -4.1859 0.2492 0.5222 0.2287 0.00000 6.345 1500.0 12.0 0.0000 0.3989 52.28 1.1881
-8.4375 -4.1859 0.2302 0.5471 0.2228 0.00000 6.013 1500.0 12.0 0.0000 0.4227 55.70 1.2558
-5.6250 -4.1859 0.1000 0.6389 0.2611 0.00000 6.036 1500.0 12.0 0.0000 0.4858 69.12 1.0927
-2.8125 -4.1859 0.1732 0.6152 0.2116 0.00000 6.563 1500.0 12.0 0.0000 0.4446 59.77 1.1059
28.1250 -6.9765 0.1104 0.7140 0.1756 0.00000 6.394 1500.0 12.0 0.0000 2.3221 315.04 1.3931
47.8125 -6.9765 0.2075 0.4681 0.3244 0.00000 7.054 1500.0 12.0 0.0000 1.3023 182.67 0.3706
50.6250 -6.9765 0.1360 0.5888 0.2752 0.00000 7.255 1500.0 12.0 0.0000 2.7118 382.65 0.5993
53.4375 -6.9765 0.0707 0.6906 0.2387 0.00000 7.391 1500.0 12.0 0.0000 1.8238 259.84 0.9727
56.2500 -6.9765 0.4736 0.2579 0.2686 0.00000 7.061 1500.0 12.0 0.0000 0.2030 24.43 0.0628
59.0625 -6.9765 0.5912 0.1522 0.2566 0.00000 6.542 1500.0 12.0 0.0000 0.2400 27.00 0.0628
61.8750 -6.9765 0.4292 0.2505 0.3203 0.00000 8.051 1500.0 12.0 0.0000 0.1024 12.97 0.0628
64.6875 -6.9765 0.3631 0.2854 0.3515 0.00000 8.340 1500.0 12.0 0.0000 0.1088 14.45 0.0628
67.5000 -6.9765 0.6191 0.1515 0.2293 0.00000 6.611 1500.0 12.0 0.0000 0.6597 71.85 0.0977
70.3125 -6.9765 0.3267 0.4657 0.2076 0.00000 6.457 1500.0 12.0 0.0000 1.7701 221.13 0.9538
73.1250 -6.9765 0.1824 0.4916 0.3260 0.00000 6.906 1500.0 12.0 0.0000 1.3749 195.06 0.5642
75.9375 -6.9765 0.3223 0.3075 0.3702 0.00000 7.662 1500.0 12.0 0.0000 0.0784 10.70 0.0628
104.0625 -6.9765 0.3767 0.3580 0.2653 0.00000 7.290 1500.0 12.0 0.0000 3.2488 409.26 0.2710
106.8750 -6.9765 0.3370 0.3605 0.3025 0.00000 7.216 1500.0 12.0 0.0000 2.9222 382.67 0.3028
109.6875 -6.9765 0.2407 0.4601 0.2992 0.00000 7.698 1500.0 12.0 0.0000 2.8040 382.76 0.3674
112.5000 -6.9765 0.1162 0.6279 0.2559 0.00000 6.942 1500.0 12.0 0.0000 3.6054 508.16 0.9615
140.6250 -6.9765 0.2193 0.4197 0.3610 0.00000 7.541 1500.0 12.0 0.0000 0.2186 31.07 0.0628
143.4375 -6.9765 0.3824 0.3244 0.2932 0.00000 7.240 1500.0 12.0 0.0000 0.3622 46.21 0.0628
146.2500 -6.9765 0.6532 0.1309 0.2159 0.00000 6.563 1500.0 12.0 0.0000 0.5342 56.58 0.0628
149.0625 -6.9765 0.4744 0.2237 0.3019 0.00000 7.545 1500.0 12.0 0.0000 0.2136 26.20 0.0628
151.8750 -6.9765 0.4182 0.2520 0.3298 0.00000 7.678 1500.0 12.0 0.0000 0.0931 11.91 0.0628
154.6875 -6.9765 0.6634 0.1208 0.2157 0.00000 6.466 1500.0 12.0 0.0000 0.2561 26.96 0.0628
157.5000 -6.9765 0.3300 0.3546 0.3154 0.00000 7.780 1500.0 12.0 0.0000 0.2447 32.37 0.0628
160.3125 -6.9765 0.3106 0.3559 0.3335 0.00000 7.775 1500.0 12.0 0.0000 0.2142 28.85 0.0628
163.1250 -6.9765 0.3207 0.3278 0.3515 0.00000 7.647 1500.0 12.0 0.0000 1.3016 176.18 0.0880
165.9375 -6.9765 0.1316 0.5301 0.3384 0.00000 7.830 1500.0 12.0 0.0000 0.1771 25.83 0.0628
-149.0625 -6.9765 0.0131 0.8493 0.1376 0.00000 6.232 1500.0 12.0 0.0000 1.0926 151.70 1.6058
-146.2500 -6.9765 0.0975 0.7532 0.1493 0.00000 5.974 1500.0 12.0 0.0000 0.9669 130.15 1.5602
-140.6250 -6.9765 0.0891 0.7436 0.1674 0.00000 5.259 1500.0 12.0 0.0000 0.1383 18.86 1.7308
-137.8125 -6.9765 0.1717 0.6519 0.1764 0.00000 5.161 1500.0 12.0 0.0000 0.1561 20.62 1.6195
-135.0000 -6.9765 0.0602 0.7213 0.2185 0.00000 5.894 1500.0 12.0 0.0000 0.0894 12.67 1.4344
-132.1875 -6.9765 0.1120 0.6624 0.2256 0.00000 5.570 1500.0 12.0 0.0000 0.1262 17.55 1.5409
-129.3750 -6.9765 0.2611 0.4856 0.2533 0.00000 6.558 1500.0 12.0 0.0000 0.3739 49.38 0.9090
-126.5625 -6.9765 0.3521 0.2627 0.3851 0.00000 6.648 1500.0 12.0 0.0000 0.1160 15.75 0.0628
-61.8750 -6.9765 0.4208 0.3447 0.2345 0.00000 7.039 1500.0 12.0 0.0000 1.7929 217.23 0.3694
-36.5625 -6.9765 0.1554 0.5786 0.2660 0.00000 6.790 1500.0 12.0 0.0000 3.7363 520.45 0.7985
-33.7500 -6.9765 0.0708 0.6873 0.2420 0.00000 6.825 1500.0 12.0 0.0000 1.9001 271.13 1.1898
-30.9375 -6.9765 0.1246 0.6140 0.2614 0.00000 7.990 1500.0 12.0 0.0000 1.6852 237.32 0.9268
-28.1250 -6.9765 0.4260 0.2932 0.2808 0.00000 7.588 1500.0 12.0 0.0000 1.5330 190.24 0.2393
-25.3125 -6.9765 0.4537 0.2596 0.2867 0.00000 6.796 1500.0 12.0 0.0000 1.5373 188.86 0.2289
-22.5000 -6.9765 0.4349 0.2569 0.3082 0.00000 7.269 1500.0 12.0 0.0000 1.0360 129.99 0.1353
-19.6875 -6.9765 0.4607 0.2273 0.3120 0.00000 7.190 1500.0 12.0 0.0000 0.3158 39.22 0.0668
-16.8750 -6.9765 0.3052 0.3848 0.3100 0.00000 8.045 1500.0 12.0 0.0000 1.5734 209.87 0.3724
-14.0625 -6.9765 0.1844 0.5261 0.2895 0.00000 8.613 1500.0 12.0 0.0000 1.2809 178.30 0.6652
-11.2500 -6.9765 0.2492 0.4790 0.2717 0.00000 7.631 1500.0 12.0 0.0000 1.0760 144.25 0.7305
-8.4375 -6.9765 0.2484 0.4957 0.2558 0.00000 7.118 1500.0 12.0 0.0000 0.8317 110.62 0.8485
-5.6250 -6.9765 0.1208 0.6267 0.2525 0.00000 5.848 1500.0 12.0 0.0000 0.6577 92.36 1.1765
-2.8125 -6.9765 0.1673 0.6114 0.2213 0.00000 6.321 1500.0 12.0 0.0000 0.7016 95.03 1.1978
42.1875 -9.7671 0.2962 0.3641 0.3397 0.00000 7.316 1500.0 12.0 0.0000 0.0887 12.06 0.0628
45.0000 -9.7671 0.2793 0.3972 0.3236 0.00000 7.479 1500.0 12.0 0.0000 0.1821 24.75 0.0870
47.8125 -9.7671 0.2884 0.3567 0.3549 0.00000 6.667 1500.0 12.0 0.0000 0.5296 72.84 0.2685
50.6250 -9.7671 0.2843 0.5091 0.2066 0.00000 5.982 1500.0 12.0 0.0000 1.1767 149.91 1.1376
53.4375 -9.7671 0.1324 0.6411 0.2265 0.00000 7.907 1500.0 12.0 0.0000 1.4513 200.15 1.1829
56.2500 -9.7671 0.3576 0.2932 0.3492 0.00000 8.809 1500.0 12.0 0.0000 0.0837 11.13 0.0628
59.0625 -9.7671 0.3870 0.2790 0.3340 0.00000 8.454 1500.0 12.0 0.0000 0.0737 10.00 0.0628
61.8750 -9.7671 0.2682 0.3483 0.3836 0.00000 9.318 1500.0 12.0 0.0000 0.0826 11.62 0.0628
64.6875 -9.7671 0.3463 0.2952 0.3585 0.00000 8.487 1500.0 12.0 0.0000 0.1069 14.35 0.0628
67.5000 -9.7671 0.5097 0.1975 0.2928 0.00000 6.775 1500.0 12.0 0.0000 0.0662 10.00 0.0628
70.3125 -9.7671 0.4814 0.2926 0.2260 0.00000 6.574 1500.0 12.0 0.0000 1.3326 155.83 0.4623
73.1250 -9.7671 0.2278 0.4533 0.3189 0.00000 6.735 1500.0 12.0 0.0000 1.4448 200.34 0.4972
75.9375 -9.7671 0.2769 0.3571 0.3660 0.00000 7.772 1500.0 12.0 0.0000 0.0823 11.44 0.0646
106.8750 -9.7671 0.2144 0.4257 0.3600 0.00000 7.377 1500.0 12.0 0.0000 2.3507 334.58 0.2483
112.5000 -9.7671 0.1313 0.5876 0.2811 0.00000 7.722 1500.0 12.0 0.0000 3.4332 486.83 0.6662
115.3125 -9.7671 0.1252 0.6722 0.2026 0.00000 7.368 1500.0 12.0 0.0000 3.3389 456.35 1.1858
137.8125 -9.7671 0.1844 0.5277 0.2879 0.00000 7.304 1500.0 12.0 0.0000 1.4034 195.20 0.5793
140.6250 -9.7671 0.2880 0.3305 0.3815 0.00000 7.414 1500.0 12.0 0.0000 0.1112 15.50 0.0628
143.4375 -9.7671 0.6592 0.1225 0.2183 0.00000 6.458 1500.0 12.0 0.0000 0.2717 28.73 0.0628
146.2500 -9.7671 0.5921 0.1566 0.2513 0.00000 6.608 1500.0 12.0 0.0000 0.1814 20.33 0.0628
149.0625 -9.7671 0.4910 0.2079 0.3011 0.00000 6.880 1500.0 12.0 0.0000 0.0745 10.00 0.0628
151.8750 -9.7671 0.4046 0.2624 0.3330 0.00000 7.944 1500.0 12.0 0.0000 0.0462 10.00 0.0628
154.6875 -9.7671 0.5582 0.1769 0.2649 0.00000 7.021 1500.0 12.0 0.0000 0.0747 10.00 0.0628
157.5000 -9.7671 0.3315 0.3053 0.3632 0.00000 8.837 1500.0 12.0 0.0000 0.0659 10.00 0.0628
160.3125 -9.7671 0.2841 0.3111 0.4047 0.00000 7.565 1500.0 12.0 0.0000 0.3665 51.78 0.0833
163.1250 -9.7671 0.2408 0.3717 0.3875 0.00000 7.561 1500.0 12.0 0.0000 1.6138 230.25 0.1059
165.9375 -9.7671 0.2184 0.4137 0.3679 0.00000 7.612 1500.0 12.0 0.0000 0.6482 92.46 0.0781
168.7500 -9.7671 0.4116 0.2793 0.3092 0.00000 7.346 1500.0 12.0 0.0000 0.2126 26.99 0.0628
171.5625 -9.7671 0.5012 0.2273 0.2715 0.00000 7.032 1500.0 12.0 0.0000 0.3408 40.53 0.0628
174.3750 -9.7671 0.5616 0.1672 0.2711 0.00000 6.600 1500.0 12.0 0.0000 0.4383 50.53 0.0628
177.1875 -9.7671 0.3067 0.3627 0.3306 0.00000 7.228 1500.0 12.0 0.0000 1.2020 161.96 0.1123
-177.1875 -9.7671 0.5457 0.1869 0.2674 0.00000 7.066 1500.0 12.0 0.0000 0.2318 26.88 0.0643
-174.3750 -9.7671 0.4629 0.2262 0.3110 0.00000 6.986 1500.0 12.0 0.0000 0.2714 33.65 0.0628
-140.6250 -9.7671 0.0369 0.8135 0.1496 0.00000 5.535 1500.0 12.0 0.0000 0.0928 12.83 1.7308
-137.8125 -9.7671 0.1069 0.7180 0.1751 0.00000 5.394 1500.0 12.0 0.0000 0.0874 11.87 1.5250
-135.0000 -9.7671 0.1493 0.6230 0.2278 0.00000 5.636 1500.0 12.0 0.0000 0.1050 14.38 1.1950
-132.1875 -9.7671 0.1150 0.6485 0.2365 0.00000 5.827 1500.0 12.0 0.0000 0.0941 13.14 1.3406
-129.3750 -9.7671 0.3644 0.3768 0.2588 0.00000 6.524 1500.0 12.0 0.0000 0.2947 37.20 0.6322
-126.5625 -9.7671 0.4851 0.2089 0.3059 0.00000 6.788 1500.0 12.0 0.0000 0.0475 10.00 0.0628
-123.7500 -9.7671 0.3458 0.2878 0.3664 0.00000 7.546 1500.0 12.0 0.0000 0.2100 28.32 0.0628
-120.9375 -9.7671 0.1964 0.5284 0.2752 0.00000 7.306 1500.0 12.0 0.0000 2.9394 404.11 0.6397
-36.5625 -9.7671 0.0637 0.7178 0.2185 0.00000 7.276 1500.0 12.0 0.0000 2.4152 341.69 0.9558
-33.7500 -9.7671 0.0070 0.7989 0.1942 0.00000 7.897 1500.0 12.0 0.0000 1.1290 161.64 1.3770
-30.9375 -9.7671 0.2581 0.5356 0.2063 0.00000 6.739 1500.0 12.0 0.0000 1.3378 172.51 1.1599
-28.1250 -9.7671 0.5311 0.1945 0.2744 0.00000 7.388 1500.0 12.0 0.0000 0.1530 17.96 0.0628
-25.3125 -9.7671 0.5735 0.1734 0.2531 0.00000 6.783 1500.0 12.0 0.0000 0.7637 86.54 0.0894
-22.5000 -9.7671 0.5021 0.2079 0.2900 0.00000 6.948 1500.0 12.0 0.0000 0.5349 64.28 0.0833
-19.6875 -9.7671 0.4911 0.2175 0.2913 0.00000 6.790 1500.0 12.0 0.0000 1.0535 127.40 0.1132
-16.8750 -9.7671 0.4159 0.2589 0.3252 0.00000 7.620 1500.0 12.0 0.0000 0.6337 80.98 0.0912
-14.0625 -9.7671 0.2156 0.4178 0.3666 0.00000 9.500 1500.0 12.0 0.0000 1.6796 239.72 0.2188
-11.2500 -9.7671 0.2935 0.4274 0.2791 0.00000 7.790 1500.0 12.0 0.0000 1.8462 243.56 0.5621
-8.4375 -9.7671 0.1446 0.5967 0.2588 0.00000 8.695 1500.0 12.0 0.0000 1.2746 177.72 0.7060
-5.6250 -9.7671 0.2440 0.5126 0.2433 0.00000 6.897 1500.0 12.0 0.0000 1.3197 174.72 0.7524
-2.8125 -9.7671 0.0732 0.6999 0.2269 0.00000 7.057 1500.0 12.0 0.0000 0.7153 101.21 1.1801
42.1875 -12.5578 0.4553 0.2147 0.3300 0.00000 6.630 1500.0 12.0 0.0000 0.0760 10.00 0.0628
45.0000 -12.5578 0.2698 0.3329 0.3973 0.00000 7.020 1500.0 12.0 0.0000 0.0577 10.00 0.0670
47.8125 -12.5578 0.3482 0.3920 0.2598 0.00000 6.293 1500.0 12.0 0.0000 0.6651 84.66 0.5588
50.6250 -12.5578 0.3693 0.4576 0.1731 0.00000 5.583 1500.0 12.0 0.0000 0.6918 82.99 1.1840
53.4375 -12.5578 0.2079 0.5533 0.2388 0.00000 7.000 1500.0 12.0 0.0000 0.4860 65.24 1.0999
56.2500 -12.5578 0.2481 0.3548 0.3972 0.00000 9.500 1500.0 12.0 0.0000 0.0913 13.04 0.0628
59.0625 -12.5578 0.2437 0.3630 0.3933 0.00000 9.500 1500.0 12.0 0.0000 0.0765 10.94 0.0628
61.8750 -12.5578 0.3046 0.3211 0.3743 0.00000 8.949 1500.0 12.0 0.0000 0.1412 19.47 0.0628
64.6875 -12.5578 0.4239 0.2481 0.3279 0.00000 7.618 1500.0 12.0 0.0000 0.1753 22.35 0.0628
67.5000 -12.5578 0.4968 0.2042 0.2990 0.00000 6.800 1500.0 12.0 0.0000 0.0693 10.00 0.0628
70.3125 -12.5578 0.6289 0.1378 0.2333 0.00000 6.561 1500.0 12.0 0.0000 0.1334 14.48 0.0628
73.1250 -12.5578 0.2692 0.4201 0.3107 0.00000 7.001 1500.0 12.0 0.0000 1.3015 176.48 0.4363
75.9375 -12.5578 0.3166 0.3231 0.3603 0.00000 7.928 1500.0 12.0 0.0000 0.0811 11.05 0.0628
137.8125 -12.5578 0.3186 0.3065 0.3749 0.00000 7.256 1500.0 12.0 0.0000 0.1241 17.01 0.0628
140.6250 -12.5578 0.4107 0.2405 0.3488 0.00000 7.082 1500.0 12.0 0.0000 0.1113 14.45 0.0628
143.4375 -12.5578 0.5441 0.1809 0.2750 0.00000 6.744 1500.0 12.0 0.0000 0.0977 11.39 0.0628
146.2500 -12.5578 0.5045 0.2004 0.2951 0.00000 6.785 1500.0 12.0 0.0000 0.0989 11.91 0.0628
149.0625 -12.5578 0.5763 0.1629 0.2609 0.00000 6.640 1500.0 12.0 0.0000 0.0852 10.00 0.0628
151.8750 -12.5578 0.5627 0.1673 0.2700 0.00000 6.678 1500.0 12.0 0.0000 0.1143 13.16 0.0628
154.6875 -12.5578 0.3949 0.2500 0.3552 0.00000 6.810 1500.0 12.0 0.0000 0.0822 10.78 0.0628
157.5000 -12.5578 0.3028 0.2966 0.4007 0.00000 7.541 1500.0 12.0 0.0000 0.0737 10.31 0.0628
160.3125 -12.5578 0.2607 0.3502 0.3891 0.00000 7.732 1500.0 12.0 0.0000 0.3604 51.03 0.0896
163.1250 -12.5578 0.2980 0.3325 0.3696 0.00000 7.287 1500.0 12.0 0.0000 0.2305 31.81 0.0628
165.9375 -12.5578 0.2770 0.3260 0.3969 0.00000 7.438 1500.0 12.0 0.0000 0.2775 39.17 0.0628
168.7500 -12.5578 0.2664 0.3369 0.3967 0.00000 7.313 1500.0 12.0 0.0000 0.2123 30.10 0.0628
171.5625 -12.5578 0.3276 0.2760 0.3963 0.00000 6.813 1500.0 12.0 0.0000 0.2292 31.66 0.0628
174.3750 -12.5578 0.3109 0.2792 0.4099 0.00000 6.608 1500.0 12.0 0.0000 0.3900 54.62 0.0628
177.1875 -12.5578 0.2774 0.3351 0.3875 0.00000 6.946 1500.0 12.0 0.0000 0.9602 134.90 0.0748
180.0000 -12.5578 0.3970 0.2566 0.3464 0.00000 6.595 1500.0 12.0 0.0000 1.6373 213.55 0.1199
-177.1875 -12.5578 0.3300 0.2936 0.3764 0.00000 6.689 1500.0 12.0 0.0000 1.4390 196.49 0.1452
-174.3750 -12.5578 0.2814 0.3221 0.3965 0.00000 7.341 1500.0 12.0 0.0000 0.2534 35.70 0.0685
-137.8125 -12.5578 0.3073 0.5234 0.1693 0.00000 5.271 1500.0 12.0 0.0000 0.2397 29.59 1.1968
-135.0000 -12.5578 0.2641 0.5097 0.2262 0.00000 5.762 1500.0 12.0 0.0000 0.2020 26.26 0.9124
-132.1875 -12.5578 0.1593 0.5835 0.2572 0.00000 5.554 1500.0 12.0 0.0000 0.1327 18.37 1.1184
-129.3750 -12.5578 0.4065 0.3209 0.2726 0.00000 6.655 1500.0 12.0 0.0000 0.2911 36.30 0.4285
-126.5625 -12.5578 0.4927 0.2096 0.2977 0.00000 6.799 1500.0 12.0 0.0000 0.0928 11.26 0.0789
-123.7500 -12.5578 0.4154 0.2492 0.3353 0.00000 6.860 1500.0 12.0 0.0000 0.6685 85.94 0.0946
-120.9375 -12.5578 0.1860 0.4637 0.3504 0.00000 7.519 1500.0 12.0 0.0000 1.8240 261.50 0.1885
-118.1250 -12.5578 0.4159 0.2515 0.3327 0.00000 6.859 1500.0 12.0 0.0000 1.2883 165.33 0.0628
-115.3125 -12.5578 0.6076 0.1541 0.2383 0.00000 6.744 1500.0 12.0 0.0000 2.0956 230.99 0.0628
-112.5000 -12.5578 0.3670 0.4302 0.2028 0.00000 6.680 1500.0 12.0 0.0000 3.9412 481.51 0.6586
-33.7500 -12.5578 0.0457 0.7516 0.2027 0.00000 7.632 1500.0 12.0 0.0000 1.1176 158.09 1.0628
-30.9375 -12.5578 0.3280 0.4439 0.2281 0.00000 6.602 1500.0 12.0 0.0000 1.5299 193.21 0.7903
-28.1250 -12.5578 0.3725 0.3069 0.3206 0.00000 7.869 1500.0 12.0 0.0000 0.1415 18.41 0.0628
-25.3125 -12.5578 0.4306 0.2688 0.3006 0.00000 7.906 1500.0 12.0 0.0000 0.1562 19.55 0.0628
-22.5000 -12.5578 0.5142 0.2075 0.2783 0.00000 7.679 1500.0 12.0 0.0000 0.2390 28.35 0.0628
-19.6875 -12.5578 0.5686 0.1789 0.2525 0.00000 7.194 1500.0 12.0 0.0000 1.4998 170.32 0.0702
-16.8750 -12.5578 0.4107 0.2693 0.3200 0.00000 7.736 1500.0 12.0 0.0000 1.3778 176.03 0.1126
-14.0625 -12.5578 0.2921 0.3402 0.3677 0.00000 8.944 1500.0 12.0 0.0000 0.7629 105.43 0.1053
-11.2500 -12.5578 0.5670 0.1786 0.2545 0.00000 7.033 1500.0 12.0 0.0000 1.4495 164.94 0.0818
-8.4375 -12.5578 0.4715 0.2531 0.2754 0.00000 7.531 1500.0 12.0 0.0000 0.7737 93.61 0.0778
-5.6250 -12.5578 0.1090 0.6123 0.2787 0.00000 8.354 1500.0 12.0 0.0000 1.7108 244.60 0.5100
-2.8125 -12.5578 0.0153 0.8012 0.1834 0.00000 7.497 1500.0 12.0 0.0000 1.6368 232.29 1.0989
42.1875 -15.3484 0.3456 0.3440 0.3105 0.00000 7.680 1500.0 12.0 0.0000 0.0369 10.00 0.0628
45.0000 -15.3484 0.3307 0.2872 0.3820 0.00000 7.826 1500.0 12.0 0.0000 0.0461 10.00 0.0677
47.8125 -15.3484 0.3624 0.2603 0.3773 0.00000 7.137 1500.0 12.0 0.0000 0.0360 10.00 0.0628
50.6250 -15.3484 0.2607 0.4972 0.2422 0.00000 6.622 1500.0 12.0 0.0000 0.1733 22.76 0.9328
53.4375 -15.3484 0.2481 0.5237 0.2282 0.00000 6.261 1500.0 12.0 0.0000 0.2331 30.56 1.1535
56.2500 -15.3484 0.4014 0.2627 0.3359 0.00000 7.863 1500.0 12.0 0.0000 0.0400 10.00 0.0628
59.0625 -15.3484 0.4847 0.2115 0.3038 0.00000 6.935 1500.0 12.0 0.0000 0.1624 19.85 0.0628
61.8750 -15.3484 0.4757 0.2169 0.3073 0.00000 7.036 1500.0 12.0 0.0000 0.3453 42.46 0.0628
64.6875 -15.3484 0.4429 0.2373 0.3198 0.00000 7.400 1500.0 12.0 0.0000 0.1976 24.86 0.0628
67.5000 -15.3484 0.4498 0.2332 0.3169 0.00000 7.323 1500.0 12.0 0.0000 0.0992 12.42 0.0628
70.3125 -15.3484 0.2791 0.5075 0.2134 0.00000 6.748 1500.0 12.0 0.0000 1.4291 183.21 1.0444
73.1250 -15.3484 0.1522 0.5771 0.2707 0.00000 6.785 1500.0 12.0 0.0000 1.3046 182.41 0.8696
75.9375 -15.3484 0.2710 0.3435 0.3856 0.00000 7.809 1500.0 12.0 0.0000 0.0995 14.00 0.0628
78.7500 -15.3484 0.2202 0.4038 0.3759 0.00000 8.130 1500.0 12.0 0.0000 0.1337 19.13 0.0628
81.5625 -15.3484 0.2152 0.4166 0.3683 0.00000 7.976 1500.0 12.0 0.0000 0.1509 21.56 0.0628
84.3750 -15.3484 0.2130 0.4162 0.3707 0.00000 7.994 1500.0 12.0 0.0000 0.3094 44.29 0.0628
87.1875 -15.3484 0.2759 0.3468 0.3773 0.00000 7.811 1500.0 12.0 0.0000 0.3656 51.13 0.0628
137.8125 -15.3484 0.3242 0.2928 0.3830 0.00000 7.246 1500.0 12.0 0.0000 0.1840 25.27 0.0628
140.6250 -15.3484 0.3396 0.2709 0.3895 0.00000 6.906 1500.0 12.0 0.0000 0.2676 36.63 0.0628
143.4375 -15.3484 0.5127 0.1979 0.2894 0.00000 6.967 1500.0 12.0 0.0000 0.2001 23.92 0.0628
146.2500 -15.3484 0.5971 0.1597 0.2432 0.00000 6.969 1500.0 12.0 0.0000 0.1545 17.18 0.0628
149.0625 -15.3484 0.3791 0.2564 0.3645 0.00000 7.049 1500.0 12.0 0.0000 0.0952 12.64 0.0628
151.8750 -15.3484 0.0871 0.6661 0.2468 0.00000 6.028 1500.0 12.0 0.0000 0.8133 115.53 1.2155
154.6875 -15.3484 0.0674 0.7267 0.2059 0.00000 5.680 1500.0 12.0 0.0000 0.8662 121.59 1.4448
157.5000 -15.3484 0.1554 0.5869 0.2577 0.00000 6.413 1500.0 12.0 0.0000 0.9090 126.09 0.9545
160.3125 -15.3484 0.3013 0.3496 0.3491 0.00000 7.783 1500.0 12.0 0.0000 0.2720 37.09 0.0891
163.1250 -15.3484 0.1780 0.4786 0.3435 0.00000 8.108 1500.0 12.0 0.0000 0.1302 18.66 0.0628
168.7500 -15.3484 0.2886 0.3114 0.4000 0.00000 6.808 1500.0 12.0 0.0000 0.2666 37.50 0.0628
171.5625 -15.3484 0.5393 0.1774 0.2832 0.00000 6.530 1500.0 12.0 0.0000 0.3264 38.34 0.0628
174.3750 -15.3484 0.5017 0.2006 0.2977 0.00000 6.756 1500.0 12.0 0.0000 0.2192 26.46 0.0628
177.1875 -15.3484 0.5058 0.1977 0.2966 0.00000 6.786 1500.0 12.0 0.0000 0.3571 43.00 0.0628
180.0000 -15.3484 0.4216 0.2331 0.3453 0.00000 6.649 1500.0 12.0 0.0000 0.7177 92.50 0.0713
-177.1875 -15.3484 0.3022 0.2981 0.3996 0.00000 6.601 1500.0 12.0 0.0000 1.5694 219.47 0.1107
-174.3750 -15.3484 0.3204 0.2907 0.3890 0.00000 7.170 1500.0 12.0 0.0000 0.4848 66.90 0.0785
-171.5625 -15.3484 0.3324 0.3531 0.3145 0.00000 7.804 1500.0 12.0 0.0000 0.2439 32.21 0.0628
-137.8125 -15.3484 0.5762 0.1742 0.2496 0.00000 7.083 1500.0 12.0 0.0000 0.0526 10.00 0.0628
-135.0000 -15.3484 0.4155 0.2375 0.3470 0.00000 6.990 1500.0 12.0 0.0000 0.0480 10.00 0.0628
-132.1875 -15.3484 0.3962 0.2525 0.3513 0.00000 7.246 1500.0 12.0 0.0000 0.0218 10.00 0.0628
-129.3750 -15.3484 0.4979 0.2031 0.2990 0.00000 6.800 1500.0 12.0 0.0000 0.0233 10.00 0.0628
-126.5625 -15.3484 0.5560 0.1795 0.2645 0.00000 6.666 1500.0 12.0 0.0000 0.1926 22.18 0.0859
-123.7500 -15.3484 0.6000 0.1747 0.2253 0.00000 6.674 1500.0 12.0 0.0000 0.8149 89.44 0.0663
-36.5625 -15.3484 0.2288 0.3927 0.3785 0.00000 7.704 1500.0 12.0 0.0000 0.5741 81.97 0.1222
-33.7500 -15.3484 0.2224 0.4012 0.3764 0.00000 8.063 1500.0 12.0 0.0000 0.1025 14.66 0.0628
-30.9375 -15.3484 0.3060 0.3000 0.3940 0.00000 7.241 1500.0 12.0 0.0000 0.1387 19.31 0.0628
-28.1250 -15.3484 0.4328 0.2530 0.3141 0.00000 7.266 1500.0 12.0 0.0000 0.1280 16.14 0.0628
-22.5000 -15.3484 0.2418 0.4130 0.3453 0.00000 7.688 1500.0 12.0 0.0000 0.5527 77.19 0.0863
-19.6875 -15.3484 0.2709 0.4020 0.3270 0.00000 7.989 1500.0 12.0 0.0000 1.2050 164.65 0.0679
-16.8750 -15.3484 0.3486 0.3176 0.3338 0.00000 8.621 1500.0 12.0 0.0000 0.7725 102.32 0.0628
-14.0625 -15.3484 0.3698 0.2844 0.3458 0.00000 8.379 1500.0 12.0 0.0000 0.3812 50.33 0.0628
-11.2500 -15.3484 0.4805 0.2059 0.3136 0.00000 6.646 1500.0 12.0 0.0000 0.7202 88.67 0.0636
-8.4375 -15.3484 0.3151 0.3567 0.3282 0.00000 7.288 1500.0 12.0 0.0000 0.8243 110.51 0.0628
19.6875 -18.1390 0.4578 0.2309 0.3113 0.00000 6.773 1500.0 12.0 0.0000 0.1685 20.96 0.0628
22.5000 -18.1390 0.3467 0.2838 0.3695 0.00000 7.087 1500.0 12.0 0.0000 0.1335 18.03 0.0628
45.0000 -18.1390 0.4438 0.2416 0.3145 0.00000 7.175 1500.0 12.0 0.0000 0.0534 10.00 0.0628
47.8125 -18.1390 0.2753 0.3366 0.3881 0.00000 7.577 1500.0 12.0 0.0000 0.4706 66.19 0.1545
50.6250 -18.1390 0.2427 0.4628 0.2945 0.00000 6.267 1500.0 12.0 0.0000 0.2263 30.79 0.6382
53.4375 -18.1390 0.1302 0.6272 0.2426 0.00000 5.797 1500.0 12.0 0.0000 0.2086 29.02 1.2142
56.2500 -18.1390 0.2184 0.5591 0.2225 0.00000 6.140 1500.0 12.0 0.0000 0.2727 36.12 1.2760
59.0625 -18.1390 0.4962 0.2045 0.2993 0.00000 6.808 1500.0 12.0 0.0000 0.0573 10.00 0.0628
61.8750 -18.1390 0.4610 0.2266 0.3124 0.00000 7.196 1500.0 12.0 0.0000 0.2904 36.07 0.0628
64.6875 -18.1390 0.4201 0.2510 0.3289 0.00000 7.657 1500.0 12.0 0.0000 0.2262 28.91 0.0628
67.5000 -18.1390 0.1547 0.5846 0.2607 0.00000 7.994 1500.0 12.0 0.0000 1.7794 247.28 0.9357
70.3125 -18.1390 0.1104 0.6670 0.2226 0.00000 7.315 1500.0 12.0 0.0000 1.4282 198.46 1.3568
73.1250 -18.1390 0.2695 0.5142 0.2162 0.00000 6.305 1500.0 12.0 0.0000 1.4625 188.61 1.0587
75.9375 -18.1390 0.2802 0.3421 0.3777 0.00000 7.798 1500.0 12.0 0.0000 0.1355 18.92 0.0628
78.7500 -18.1390 0.2623 0.3585 0.3791 0.00000 9.086 1500.0 12.0 0.0000 0.1693 23.84 0.0628
81.5625 -18.1390 0.3987 0.2865 0.3148 0.00000 7.821 1500.0 12.0 0.0000 0.3933 50.39 0.0628
84.3750 -18.1390 0.3281 0.3124 0.3595 0.00000 8.204 1500.0 12.0 0.0000 0.3379 45.78 0.0628
87.1875 -18.1390 0.2588 0.3453 0.3959 0.00000 7.717 1500.0 12.0 0.0000 0.4033 57.34 0.0628
137.8125 -18.1390 0.3183 0.3433 0.3384 0.00000 7.663 1500.0 12.0 0.0000 0.2008 27.02 0.0628
140.6250 -18.1390 0.2885 0.3129 0.3986 0.00000 7.894 1500.0 12.0 0.0000 0.4013 56.42 0.0628
143.4375 -18.1390 0.3617 0.2786 0.3597 0.00000 7.816 1500.0 12.0 0.0000 0.1920 25.63 0.0628
146.2500 -18.1390 0.3805 0.3006 0.3189 0.00000 7.310 1500.0 12.0 0.0000 1.1598 150.18 0.2085
149.0625 -18.1390 0.0572 0.7279 0.2149 0.00000 5.889 1500.0 12.0 0.0000 1.0668 151.07 1.3901
154.6875 -18.1390 0.0210 0.8340 0.1450 0.00000 6.157 1500.0 12.0 0.0000 0.4759 66.10 1.6627
168.7500 -18.1390 0.1916 0.4472 0.3612 0.00000 7.660 1500.0 12.0 0.0000 0.4134 59.44 0.0628
171.5625 -18.1390 0.6103 0.1500 0.2396 0.00000 6.646 1500.0 12.0 0.0000 0.5789 63.77 0.0628
174.3750 -18.1390 0.5564 0.1787 0.2649 0.00000 6.923 1500.0 12.0 0.0000 0.2664 30.68 0.0628
177.1875 -18.1390 0.4225 0.2465 0.3310 0.00000 7.493 1500.0 12.0 0.0000 0.2116 27.05 0.0628
180.0000 -18.1390 0.4803 0.2064 0.3133 0.00000 6.747 1500.0 12.0 0.0000 1.1362 139.88 0.0685
-177.1875 -18.1390 0.3108 0.2967 0.3926 0.00000 7.228 1500.0 12.0 0.0000 0.6292 87.35 0.0805
-174.3750 -18.1390 0.5099 0.2147 0.2754 0.00000 7.009 1500.0 12.0 0.0000 0.4940 58.62 0.0628
-140.6250 -18.1390 0.5846 0.1696 0.2459 0.00000 6.976 1500.0 12.0 0.0000 0.0994 11.15 0.0628
-137.8125 -18.1390 0.4403 0.2281 0.3316 0.00000 7.056 1500.0 12.0 0.0000 0.0576 10.00 0.0628
-135.0000 -18.1390 0.3325 0.2738 0.3937 0.00000 7.027 1500.0 12.0 0.0000 0.0365 10.00 0.0628
-132.1875 -18.1390 0.4830 0.2114 0.3056 0.00000 6.918 1500.0 12.0 0.0000 0.0377 10.00 0.0628
-129.3750 -18.1390 0.4944 0.2057 0.2999 0.00000 6.838 1500.0 12.0 0.0000 0.0428 10.00 0.0628
-126.5625 -18.1390 0.5354 0.1870 0.2775 0.00000 6.918 1500.0 12.0 0.0000 0.1618 18.98 0.0628
-123.7500 -18.1390 0.4944 0.2587 0.2469 0.00000 6.941 1500.0 12.0 0.0000 1.5200 178.79 0.1181
-53.4375 -18.1390 0.1329 0.5929 0.2742 0.00000 6.921 1500.0 12.0 0.0000 3.0944 436.98 0.8091
-36.5625 -18.1390 0.2521 0.3876 0.3602 0.00000 7.508 1500.0 12.0 0.0000 1.1317 158.55 0.1105
-33.7500 -18.1390 0.3540 0.3205 0.3255 0.00000 7.460 1500.0 12.0 0.0000 0.8516 112.02 0.1482
-19.6875 -18.1390 0.1760 0.4677 0.3563 0.00000 8.051 1500.0 12.0 0.0000 1.0479 151.30 0.0628
-16.8750 -18.1390 0.5440 0.2079 0.2481 0.00000 7.023 1500.0 12.0 0.0000 1.7686 202.90 0.0628
-14.0625 -18.1390 0.5148 0.2026 0.2826 0.00000 7.409 1500.0 12.0 0.0000 0.7184 85.42 0.0628
-11.2500 -18.1390 0.5744 0.1679 0.2577 0.00000 6.857 1500.0 12.0 0.0000 0.8184 92.95 0.0628
-8.4375 -18.1390 0.4091 0.2950 0.2959 0.00000 7.686 1500.0 12.0 0.0000 0.7500 94.63 0.0628
11.2500 -20.9296 0.3518 0.3143 0.3339 0.00000 7.240 1500.0 12.0 0.0000 0.3554 47.00 0.1133
14.0625 -20.9296 0.3673 0.2708 0.3619 0.00000 7.103 1500.0 12.0 0.0000 0.1187 15.82 0.0628
16.8750 -20.9296 0.2965 0.3413 0.3621 0.00000 7.704 1500.0 12.0 0.0000 0.4014 55.22 0.1027
19.6875 -20.9296 0.3345 0.2783 0.3871 0.00000 7.194 1500.0 12.0 0.0000 0.1817 24.90 0.0628
22.5000 -20.9296 0.3386 0.2769 0.3845 0.00000 7.121 1500.0 12.0 0.0000 0.1256 17.15 0.0628
25.3125 -20.9296 0.3200 0.3602 0.3198 0.00000 7.417 1500.0 12.0 0.0000 0.1852 24.67 0.0628
45.0000 -20.9296 0.2720 0.4421 0.2859 0.00000 7.605 1500.0 12.0 0.0000 0.2944 39.36 0.2872
47.8125 -20.9296 0.3302 0.3855 0.2843 0.00000 6.719 1500.0 12.0 0.0000 0.4127 53.69 0.4450
50.6250 -20.9296 0.2791 0.4267 0.2942 0.00000 6.909 1500.0 12.0 0.0000 0.4400 58.90 0.4872
53.4375 -20.9296 0.1155 0.6120 0.2725 0.00000 6.039 1500.0 12.0 0.0000 0.1805 25.66 0.9741
56.2500 -20.9296 0.2563 0.5124 0.2313 0.00000 5.782 1500.0 12.0 0.0000 0.2271 29.71 1.1190
59.0625 -20.9296 0.4200 0.2901 0.2899 0.00000 6.974 1500.0 12.0 0.0000 0.4033 50.45 0.2815
61.8750 -20.9296 0.3345 0.3049 0.3606 0.00000 8.599 1500.0 12.0 0.0000 0.0935 12.64 0.0628
64.6875 -20.9296 0.3572 0.2893 0.3535 0.00000 8.359 1500.0 12.0 0.0000 0.2217 29.56 0.0628
67.5000 -20.9296 0.2911 0.4369 0.2720 0.00000 7.225 1500.0 12.0 0.0000 2.1007 276.40 0.6612
70.3125 -20.9296 0.2486 0.5026 0.2489 0.00000 6.870 1500.0 12.0 0.0000 1.5860 210.16 0.9273
73.1250 -20.9296 0.4633 0.2302 0.3066 0.00000 7.649 1500.0 12.0 0.0000 0.1429 17.67 0.0628
75.9375 -20.9296 0.4159 0.2622 0.3219 0.00000 8.344 1500.0 12.0 0.0000 0.1437 18.33 0.0628
78.7500 -20.9296 0.3537 0.2959 0.3503 0.00000 8.834 1500.0 12.0 0.0000 0.1724 22.99 0.0628
81.5625 -20.9296 0.4414 0.2455 0.3130 0.00000 8.049 1500.0 12.0 0.0000 0.2854 35.80 0.0628
84.3750 -20.9296 0.4704 0.2220 0.3076 0.00000 7.466 1500.0 12.0 0.0000 0.5428 66.93 0.0628
87.1875 -20.9296 0.2594 0.3479 0.3927 0.00000 7.684 1500.0 12.0 0.0000 0.4942 70.14 0.0628
90.0000 -20.9296 0.2909 0.3190 0.3901 0.00000 6.998 1500.0 12.0 0.0000 0.2975 41.60 0.0628
135.0000 -20.9296 0.2148 0.4407 0.3445 0.00000 8.217 1500.0 12.0 0.0000 0.2249 31.77 0.0628
137.8125 -20.9296 0.4508 0.2601 0.2891 0.00000 7.478 1500.0 12.0 0.0000 0.2536 31.24 0.0628
140.6250 -20.9296 0.3800 0.2802 0.3398 0.00000 7.632 1500.0 12.0 0.0000 0.3444 45.12 0.0628
143.4375 -20.9296 0.2908 0.2989 0.4103 0.00000 7.258 1500.0 12.0 0.0000 0.3489 49.28 0.0628
146.2500 -20.9296 0.1842 0.4860 0.3298 0.00000 7.055 1500.0 12.0 0.0000 1.5329 217.72 0.5463
149.0625 -20.9296 0.0680 0.7218 0.2102 0.00000 5.808 1500.0 12.0 0.0000 0.8096 113.86 1.5469
171.5625 -20.9296 0.4943 0.2092 0.2965 0.00000 7.098 1500.0 12.0 0.0000 0.2967 35.93 0.0628
174.3750 -20.9296 0.4451 0.2359 0.3190 0.00000 7.503 1500.0 12.0 0.0000 0.2244 28.19 0.0628
177.1875 -20.9296 0.3285 0.2803 0.3912 0.00000 6.987 1500.0 12.0 0.0000 0.7044 96.97 0.0852
180.0000 -20.9296 0.3109 0.3188 0.3703 0.00000 8.165 1500.0 12.0 0.0000 0.5283 72.52 0.0868
-177.1875 -20.9296 0.3807 0.2860 0.3332 0.00000 6.845 1500.0 12.0 0.0000 1.3292 173.43 0.1024
-143.4375 -20.9296 0.5842 0.1673 0.2485 0.00000 7.072 1500.0 12.0 0.0000 0.1771 19.90 0.0628
-140.6250 -20.9296 0.3996 0.2482 0.3522 0.00000 7.216 1500.0 12.0 0.0000 0.1839 24.03 0.0628
-137.8125 -20.9296 0.2961 0.2985 0.4054 0.00000 7.317 1500.0 12.0 0.0000 0.0534 10.00 0.0628
-135.0000 -20.9296 0.4636 0.2104 0.3260 0.00000 6.572 1500.0 12.0 0.0000 0.0618 10.00 0.0628
-132.1875 -20.9296 0.4474 0.2240 0.3286 0.00000 6.914 1500.0 12.0 0.0000 0.1077 13.59 0.0628
-129.3750 -20.9296 0.4465 0.2359 0.3177 0.00000 7.568 1500.0 12.0 0.0000 0.4323 54.23 0.0628
-126.5625 -20.9296 0.4352 0.2512 0.3137 0.00000 7.599 1500.0 12.0 0.0000 0.7513 94.55 0.0881
-123.7500 -20.9296 0.3624 0.4180 0.2196 0.00000 6.832 1500.0 12.0 0.0000 3.0598 378.27 0.5479
-56.2500 -20.9296 0.1715 0.5011 0.3274 0.00000 7.683 1500.0 12.0 0.0000 2.9007 413.71 0.3591
-53.4375 -20.9296 0.1801 0.4961 0.3237 0.00000 7.934 1500.0 12.0 0.0000 2.3847 338.28 0.4298
-50.6250 -20.9296 0.1846 0.4800 0.3353 0.00000 7.874 1500.0 12.0 0.0000 2.0431 290.92 0.3843
-47.8125 -20.9296 0.1752 0.5188 0.3061 0.00000 8.289 1500.0 12.0 0.0000 1.9322 272.27 0.4501
-45.0000 -20.9296 0.2000 0.4709 0.3291 0.00000 7.292 1500.0 12.0 0.0000 2.3078 325.49 0.3886
-42.1875 -20.9296 0.2300 0.3962 0.3738 0.00000 8.099 1500.0 12.0 0.0000 1.4989 213.40 0.1933
-39.3750 -20.9296 0.2816 0.3354 0.3829 0.00000 7.550 1500.0 12.0 0.0000 1.1889 166.34 0.1138
-36.5625 -20.9296 0.3605 0.2852 0.3543 0.00000 7.116 1500.0 12.0 0.0000 1.3651 181.79 0.1238
-19.6875 -20.9296 0.1676 0.4797 0.3526 0.00000 8.100 1500.0 12.0 0.0000 0.7251 104.86 0.0628
-16.8750 -20.9296 0.4999 0.2344 0.2657 0.00000 7.296 1500.0 12.0 0.0000 1.1399 135.20 0.0628
-14.0625 -20.9296 0.3728 0.2869 0.3403 0.00000 8.552 1500.0 12.0 0.0000 0.5976 78.55 0.0628
-11.2500 -20.9296 0.3763 0.2899 0.3339 0.00000 8.418 1500.0 12.0 0.0000 0.4887 63.92 0.0628
-8.4375 -20.9296 0.5031 0.2366 0.2603 0.00000 7.514 1500.0 12.0 0.0000 2.7010 318.82 0.1557
-5.6250 -20.9296 0.2267 0.4800 0.2932 0.00000 7.426 1500.0 12.0 0.0000 3.0733 420.81 0.4042
-2.8125 -20.9296 0.3713 0.2834 0.3453 0.00000 6.895 1500.0 12.0 0.0000 0.4410 58.16 0.0628
11.2500 -23.7202 0.3392 0.3228 0.3380 0.00000 6.993 1500.0 12.0 0.0000 0.5394 71.90 0.2358
14.0625 -23.7202 0.1196 0.6089 0.2715 0.00000 6.822 1500.0 12.0 0.0000 0.7647 108.45 0.9276
16.8750 -23.7202 0.3320 0.3866 0.2814 0.00000 7.225 1500.0 12.0 0.0000 1.7968 233.17 0.4388
19.6875 -23.7202 0.4214 0.2504 0.3282 0.00000 7.709 1500.0 12.0 0.0000 0.0896 11.44 0.0628
22.5000 -23.7202 0.4789 0.2077 0.3135 0.00000 6.693 1500.0 12.0 0.0000 0.1410 17.37 0.0672
25.3125 -23.7202 0.6383 0.1451 0.2166 0.00000 6.523 1500.0 12.0 0.0000 0.9672 103.36 0.0869
28.1250 -23.7202 0.2154 0.4448 0.3397 0.00000 8.006 1500.0 12.0 0.0000 0.2971 41.85 0.0628
50.6250 -23.7202 0.3772 0.2749 0.3479 0.00000 7.642 1500.0 12.0 0.0000 0.0498 10.00 0.0628
53.4375 -23.7202 0.3000 0.2867 0.4133 0.00000 7.052 1500.0 12.0 0.0000 0.0398 10.00 0.0628
56.2500 -23.7202 0.4215 0.2408 0.3377 0.00000 7.211 1500.0 12.0 0.0000 0.0377 10.00 0.0628
59.0625 -23.7202 0.4847 0.2121 0.3032 0.00000 6.933 1500.0 12.0 0.0000 0.0337 10.00 0.0628
61.8750 -23.7202 0.4967 0.2043 0.2990 0.00000 6.800 1500.0 12.0 0.0000 0.0769 10.00 0.0628
64.6875 -23.7202 0.4459 0.2396 0.3145 0.00000 7.297 1500.0 12.0 0.0000 0.5732 71.81 0.0866
67.5000 -23.7202 0.4818 0.2133 0.3049 0.00000 6.971 1500.0 12.0 0.0000 0.2225 27.24 0.0628
70.3125 -23.7202 0.4270 0.2463 0.3266 0.00000 7.582 1500.0 12.0 0.0000 0.2777 35.34 0.0628
73.1250 -23.7202 0.4436 0.2369 0.3195 0.00000 7.394 1500.0 12.0 0.0000 0.1749 22.00 0.0628
75.9375 -23.7202 0.3684 0.2829 0.3487 0.00000 8.339 1500.0 12.0 0.0000 0.1418 18.76 0.0628
78.7500 -23.7202 0.3114 0.3165 0.3721 0.00000 8.903 1500.0 12.0 0.0000 0.1454 19.98 0.0628
81.5625 -23.7202 0.3530 0.2918 0.3553 0.00000 8.468 1500.0 12.0 0.0000 0.1689 22.58 0.0628
84.3750 -23.7202 0.4819 0.2217 0.2964 0.00000 7.769 1500.0 12.0 0.0000 0.2746 33.45 0.0628
87.1875 -23.7202 0.2870 0.3286 0.3844 0.00000 7.249 1500.0 12.0 0.0000 0.1864 26.04 0.0628
90.0000 -23.7202 0.2893 0.3322 0.3785 0.00000 7.367 1500.0 12.0 0.0000 0.1522 21.18 0.0628
95.6250 -23.7202 0.1715 0.5390 0.2896 0.00000 6.905 1500.0 12.0 0.0000 1.8714 261.96 0.7257
140.6250 -23.7202 0.4409 0.2614 0.2977 0.00000 7.642 1500.0 12.0 0.0000 0.2121 26.38 0.0628
143.4375 -23.7202 0.4757 0.2332 0.2911 0.00000 7.252 1500.0 12.0 0.0000 0.4916 59.89 0.0791
146.2500 -23.7202 0.4427 0.2289 0.3285 0.00000 7.041 1500.0 12.0 0.0000 0.1948 24.62 0.0628
168.7500 -23.7202 0.2228 0.3972 0.3799 0.00000 7.359 1500.0 12.0 0.0000 0.3239 46.39 0.0628
171.5625 -23.7202 0.2651 0.3544 0.3805 0.00000 7.628 1500.0 12.0 0.0000 0.2375 33.42 0.0628
174.3750 -23.7202 0.2749 0.3260 0.3991 0.00000 7.946 1500.0 12.0 0.0000 0.4050 57.28 0.0781
177.1875 -23.7202 0.4579 0.2309 0.3112 0.00000 7.033 1500.0 12.0 0.0000 0.4782 59.45 0.0758
180.0000 -23.7202 0.5219 0.2206 0.2576 0.00000 7.260 1500.0 12.0 0.0000 1.2897 150.54 0.1292
-146.2500 -23.7202 0.5922 0.1656 0.2421 0.00000 6.991 1500.0 12.0 0.0000 0.1482 16.51 0.0628
-143.4375 -23.7202 0.4332 0.2394 0.3274 0.00000 7.450 1500.0 12.0 0.0000 0.1450 18.40 0.0628
-140.6250 -23.7202 0.3219 0.2807 0.3974 0.00000 7.000 1500.0 12.0 0.0000 0.0967 13.39 0.0628
-137.8125 -23.7202 0.4065 0.2526 0.3409 0.00000 6.901 1500.0 12.0 0.0000 0.1019 13.19 0.0628
-135.0000 -23.7202 0.3509 0.3108 0.3383 0.00000 7.064 1500.0 12.0 0.0000 0.1045 13.86 0.0628
-132.1875 -23.7202 0.3732 0.2643 0.3625 0.00000 7.166 1500.0 12.0 0.0000 0.2741 36.45 0.0628
-129.3750 -23.7202 0.3256 0.3132 0.3612 0.00000 8.766 1500.0 12.0 0.0000 0.1538 20.88 0.0628
-126.5625 -23.7202 0.4206 0.2501 0.3292 0.00000 7.885 1500.0 12.0 0.0000 0.2056 26.28 0.0628
-123.7500 -23.7202 0.0613 0.7311 0.2076 0.00000 7.413 1500.0 12.0 0.0000 1.9226 270.81 0.9176
-120.9375 -23.7202 0.0003 0.8407 0.1590 0.00000 7.047 1500.0 12.0 0.0000 1.4371 202.80 1.3024
-56.2500 -23.7202 0.2910 0.3282 0.3809 0.00000 7.489 1500.0 12.0 0.0000 0.2558 35.61 0.0628
-53.4375 -23.7202 0.2456 0.4256 0.3288 0.00000 7.824 1500.0 12.0 0.0000 2.0011 276.71 0.2983
-50.6250 -23.7202 0.4122 0.3392 0.2487 0.00000 7.072 1500.0 12.0 0.0000 2.0703 253.98 0.4526
-47.8125 -23.7202 0.4388 0.3263 0.2349 0.00000 7.131 1500.0 12.0 0.0000 1.8804 225.86 0.4529
-45.0000 -23.7202 0.5312 0.2380 0.2308 0.00000 6.778 1500.0 12.0 0.0000 2.0883 238.65 0.2849
-42.1875 -23.7202 0.2521 0.3949 0.3531 0.00000 8.109 1500.0 12.0 0.0000 1.5283 213.34 0.2754
-39.3750 -23.7202 0.3415 0.2774 0.3811 0.00000 7.327 1500.0 12.0 0.0000 0.2079 28.31 0.0628
-19.6875 -23.7202 0.2309 0.4171 0.3520 0.00000 7.877 1500.0 12.0 0.0000 0.4924 69.31 0.0628
-16.8750 -23.7202 0.5075 0.2153 0.2773 0.00000 7.625 1500.0 12.0 0.0000 0.6994 83.20 0.0628
-14.0625 -23.7202 0.4461 0.2420 0.3120 0.00000 7.836 1500.0 12.0 0.0000 0.4737 59.24 0.0628
-11.2500 -23.7202 0.2529 0.3723 0.3747 0.00000 9.349 1500.0 12.0 0.0000 1.0594 149.44 0.0937
-8.4375 -23.7202 0.5387 0.1917 0.2695 0.00000 7.333 1500.0 12.0 0.0000 0.6979 81.33 0.0628
-5.6250 -23.7202 0.5184 0.2015 0.2801 0.00000 6.649 1500.0 12.0 0.0000 0.7274 86.20 0.0628
8.4375 -26.5108 0.3429 0.3456 0.3115 0.00000 7.701 1500.0 12.0 0.0000 0.0731 10.00 0.0628
11.2500 -26.5108 0.1739 0.5830 0.2431 0.00000 6.203 1500.0 12.0 0.0000 0.4651 63.53 1.0233
14.0625 -26.5108 0.0930 0.6473 0.2598 0.00000 6.311 1500.0 12.0 0.0000 0.4405 62.82 1.0718
16.8750 -26.5108 0.4798 0.2561 0.2642 0.00000 6.997 1500.0 12.0 0.0000 0.7692 92.07 0.2376
19.6875 -26.5108 0.3985 0.2985 0.3030 0.00000 7.506 1500.0 12.0 0.0000 0.7143 90.93 0.2289
22.5000 -26.5108 0.4839 0.2327 0.2834 0.00000 6.757 1500.0 12.0 0.0000 0.6854 82.80 0.1694
25.3125 -26.5108 0.5901 0.1927 0.2172 0.00000 6.771 1500.0 12.0 0.0000 2.6052 286.04 0.2007
28.1250 -26.5108 0.3459 0.3622 0.2919 0.00000 7.787 1500.0 12.0 0.0000 2.3809 308.76 0.1804
30.9375 -26.5108 0.1885 0.4827 0.3288 0.00000 7.934 1500.0 12.0 0.0000 2.5575 362.41 0.2357
50.6250 -26.5108 0.3739 0.2936 0.3325 0.00000 7.440 1500.0 12.0 0.0000 0.2832 37.05 0.1289
53.4375 -26.5108 0.3060 0.2889 0.4051 0.00000 7.116 1500.0 12.0 0.0000 0.0916 12.83 0.0709
56.2500 -26.5108 0.4438 0.2365 0.3197 0.00000 6.976 1500.0 12.0 0.0000 0.1372 17.25 0.0915
59.0625 -26.5108 0.4873 0.2166 0.2961 0.00000 6.796 1500.0 12.0 0.0000 0.1491 18.11 0.0993
61.8750 -26.5108 0.4589 0.2283 0.3129 0.00000 7.206 1500.0 12.0 0.0000 0.1213 15.09 0.0687
64.6875 -26.5108 0.3481 0.2927 0.3592 0.00000 8.426 1500.0 12.0 0.0000 0.2492 33.45 0.0642
67.5000 -26.5108 0.3401 0.2968 0.3632 0.00000 8.430 1500.0 12.0 0.0000 0.2165 29.23 0.0628
70.3125 -26.5108 0.3564 0.2935 0.3501 0.00000 8.320 1500.0 12.0 0.0000 0.5923 78.85 0.0770
73.1250 -26.5108 0.3190 0.3162 0.3648 0.00000 8.737 1500.0 12.0 0.0000 0.5107 69.66 0.0813
75.9375 -26.5108 0.2824 0.3356 0.3820 0.00000 9.185 1500.0 12.0 0.0000 0.3224 45.08 0.0692
78.7500 -26.5108 0.3230 0.3095 0.3675 0.00000 8.747 1500.0 12.0 0.0000 0.1996 27.22 0.0628
81.5625 -26.5108 0.3717 0.2799 0.3484 0.00000 8.202 1500.0 12.0 0.0000 0.0969 12.80 0.0628
84.3750 -26.5108 0.3216 0.3124 0.3660 0.00000 8.877 1500.0 12.0 0.0000 0.0838 11.42 0.0628
87.1875 -26.5108 0.4065 0.2480 0.3454 0.00000 7.409 1500.0 12.0 0.0000 0.1253 16.26 0.0628
90.0000 -26.5108 0.2816 0.3109 0.4074 0.00000 7.218 1500.0 12.0 0.0000 0.1263 17.89 0.0628
92.8125 -26.5108 0.0903 0.6550 0.2547 0.00000 6.968 1500.0 12.0 0.0000 0.9770 139.13 0.9176
95.6250 -26.5108 0.1771 0.5957 0.2272 0.00000 6.113 1500.0 12.0 0.0000 1.4298 193.42 1.1029
98.4375 -26.5108 0.1017 0.6932 0.2051 0.00000 7.144 1500.0 12.0 0.0000 1.6639 230.04 1.0297
168.7500 -26.5108 0.2305 0.3836 0.3859 0.00000 7.251 1500.0 12.0 0.0000 0.5431 77.77 0.0628
171.5625 -26.5108 0.3827 0.2830 0.3343 0.00000 7.441 1500.0 12.0 0.0000 0.4556 59.42 0.0669
174.3750 -26.5108 0.4083 0.2866 0.3051 0.00000 7.538 1500.0 12.0 0.0000 0.6526 82.79 0.0880
-146.2500 -26.5108 0.4681 0.2245 0.3074 0.00000 7.523 1500.0 12.0 0.0000 0.0881 10.88 0.0628
-143.4375 -26.5108 0.3043 0.2838 0.4119 0.00000 6.982 1500.0 12.0 0.0000 0.0875 12.30 0.0628
-140.6250 -26.5108 0.3398 0.3001 0.3601 0.00000 7.673 1500.0 12.0 0.0000 0.0675 10.00 0.0628
-132.1875 -26.5108 0.3988 0.2447 0.3565 0.00000 7.037 1500.0 12.0 0.0000 0.1963 25.73 0.0628
-129.3750 -26.5108 0.3664 0.2686 0.3650 0.00000 7.595 1500.0 12.0 0.0000 0.1982 26.47 0.0628
-126.5625 -26.5108 0.4122 0.2572 0.3306 0.00000 7.645 1500.0 12.0 0.0000 0.3358 43.12 0.0755
-123.7500 -26.5108 0.1224 0.6298 0.2478 0.00000 7.180 1500.0 12.0 0.0000 1.9885 278.40 0.7028
-56.2500 -26.5108 0.3703 0.2753 0.3545 0.00000 6.924 1500.0 12.0 0.0000 0.2657 35.23 0.0628
-53.4375 -26.5108 0.3098 0.3027 0.3874 0.00000 7.390 1500.0 12.0 0.0000 0.1700 23.56 0.0628
-50.6250 -26.5108 0.3192 0.3222 0.3586 0.00000 6.999 1500.0 12.0 0.0000 1.1737 159.56 0.2029
-47.8125 -26.5108 0.4196 0.3118 0.2686 0.00000 7.410 1500.0 12.0 0.0000 1.1660 144.14 0.3286
-45.0000 -26.5108 0.3460 0.3376 0.3164 0.00000 8.036 1500.0 12.0 0.0000 0.8852 116.31 0.2470
-42.1875 -26.5108 0.3094 0.3440 0.3467 0.00000 7.206 1500.0 12.0 0.0000 1.4997 203.52 0.2530
-39.3750 -26.5108 0.3318 0.2813 0.3869 0.00000 7.198 1500.0 12.0 0.0000 0.1866 25.60 0.0628
-19.6875 -26.5108 0.3178 0.3656 0.3166 0.00000 7.396 1500.0 12.0 0.0000 0.5390 71.75 0.0628
-16.8750 -26.5108 0.5973 0.1765 0.2262 0.00000 6.690 1500.0 12.0 0.0000 1.4509 159.61 0.0628
-14.0625 -26.5108 0.5380 0.1925 0.2695 0.00000 7.262 1500.0 12.0 0.0000 0.6455 75.26 0.0628
-11.2500 -26.5108 0.4500 0.2332 0.3168 0.00000 7.320 1500.0 12.0 0.0000 0.7885 98.70 0.0628
-8.4375 -26.5108 0.4793 0.2169 0.3038 0.00000 7.136 1500.0 12.0 0.0000 1.0373 127.08 0.0628
-5.6250 -26.5108 0.4645 0.2391 0.2964 0.00000 7.084 1500.0 12.0 0.0000 0.2928 35.98 0.0628
5.6250 -29.3014 0.5095 0.2408 0.2497 0.00000 6.939 1500.0 12.0 0.0000 0.6165 72.07 0.2279
8.4375 -29.3014 0.1777 0.5368 0.2855 0.00000 6.247 1500.0 12.0 0.0000 0.5220 72.72 0.7971
11.2500 -29.3014 0.0924 0.6492 0.2584 0.00000 6.283 1500.0 12.0 0.0000 0.4044 57.64 1.0706
14.0625 -29.3014 0.2347 0.4985 0.2668 0.00000 6.689 1500.0 12.0 0.0000 0.3820 51.41 0.7970
16.8750 -29.3014 0.3508 0.3445 0.3047 0.00000 7.606 1500.0 12.0 0.0000 0.4447 57.94 0.3256
19.6875 -29.3014 0.4455 0.2452 0.3093 0.00000 7.217 1500.0 12.0 0.0000 0.3176 39.68 0.1157
22.5000 -29.3014 0.4716 0.2369 0.2914 0.00000 6.788 1500.0 12.0 0.0000 1.0024 122.39 0.1607
25.3125 -29.3014 0.3718 0.3214 0.3069 0.00000 7.997 1500.0 12.0 0.0000 2.0080 259.38 0.2285
28.1250 -29.3014 0.4415 0.3009 0.2576 0.00000 7.571 1500.0 12.0 0.0000 2.8578 347.33 0.3151
30.9375 -29.3014 0.2530 0.4625 0.2846 0.00000 7.477 1500.0 12.0 0.0000 2.7982 377.03 0.4183
33.7500 -29.3014 0.2402 0.4417 0.3181 0.00000 7.465 1500.0 12.0 0.0000 2.4067 331.78 0.3955
47.8125 -29.3014 0.3381 0.3366 0.3253 0.00000 7.541 1500.0 12.0 0.0000 0.0732 10.00 0.0655
50.6250 -29.3014 0.3744 0.2769 0.3487 0.00000 7.415 1500.0 12.0 0.0000 0.1901 25.09 0.0827
53.4375 -29.3014 0.3161 0.2891 0.3948 0.00000 7.390 1500.0 12.0 0.0000 0.0649 10.00 0.0628
56.2500 -29.3014 0.4082 0.2470 0.3449 0.00000 7.130 1500.0 12.0 0.0000 0.0579 10.00 0.0628
59.0625 -29.3014 0.4840 0.2126 0.3034 0.00000 6.940 1500.0 12.0 0.0000 0.0525 10.00 0.0628
61.8750 -29.3014 0.3602 0.2869 0.3529 0.00000 8.340 1500.0 12.0 0.0000 0.1310 17.43 0.0628
64.6875 -29.3014 0.3542 0.2924 0.3534 0.00000 8.302 1500.0 12.0 0.0000 0.2220 29.64 0.0628
67.5000 -29.3014 0.3646 0.2837 0.3516 0.00000 8.273 1500.0 12.0 0.0000 0.2172 28.84 0.0628
70.3125 -29.3014 0.2895 0.3296 0.3809 0.00000 9.123 1500.0 12.0 0.0000 0.2450 34.13 0.0628
73.1250 -29.3014 0.2773 0.3370 0.3857 0.00000 9.261 1500.0 12.0 0.0000 0.2429 34.09 0.0628
75.9375 -29.3014 0.2591 0.3480 0.3929 0.00000 9.467 1500.0 12.0 0.0000 0.1703 24.17 0.0628
78.7500 -29.3014 0.2503 0.3542 0.3955 0.00000 9.500 1500.0 12.0 0.0000 0.1007 14.37 0.0628
81.5625 -29.3014 0.3119 0.3169 0.3712 0.00000 8.915 1500.0 12.0 0.0000 0.0884 12.13 0.0628
84.3750 -29.3014 0.3958 0.2706 0.3336 0.00000 8.224 1500.0 12.0 0.0000 0.1267 16.43 0.0628
87.1875 -29.3014 0.2907 0.3382 0.3711 0.00000 7.243 1500.0 12.0 0.0000 1.2305 170.46 0.2002
90.0000 -29.3014 0.2409 0.4239 0.3352 0.00000 7.405 1500.0 12.0 0.0000 1.4640 203.51 0.3837
92.8125 -29.3014 0.1942 0.5775 0.2283 0.00000 6.639 1500.0 12.0 0.0000 0.7772 104.40 0.9485
-149.0625 -29.3014 0.4971 0.2311 0.2718 0.00000 7.416 1500.0 12.0 0.0000 0.1243 14.82 0.0628
-146.2500 -29.3014 0.3888 0.2615 0.3497 0.00000 7.479 1500.0 12.0 0.0000 0.0986 12.93 0.0628
-143.4375 -29.3014 0.2944 0.3095 0.3961 0.00000 8.013 1500.0 12.0 0.0000 0.0738 10.34 0.0628
-140.6250 -29.3014 0.2721 0.3401 0.3878 0.00000 7.537 1500.0 12.0 0.0000 0.1141 16.06 0.0628
-137.8125 -29.3014 0.2826 0.3448 0.3726 0.00000 7.448 1500.0 12.0 0.0000 0.2885 40.13 0.0832
-129.3750 -29.3014 0.4801 0.2165 0.3034 0.00000 7.708 1500.0 12.0 0.0000 0.3365 41.20 0.0628
-126.5625 -29.3014 0.4935 0.2085 0.2980 0.00000 7.600 1500.0 12.0 0.0000 0.3059 37.09 0.0628
-56.2500 -29.3014 0.3125 0.3580 0.3296 0.00000 7.950 1500.0 12.0 0.0000 0.1247 16.75 0.0628
-53.4375 -29.3014 0.4245 0.2683 0.3072 0.00000 7.427 1500.0 12.0 0.0000 0.1360 17.14 0.0628
-50.6250 -29.3014 0.3087 0.2925 0.3987 0.00000 7.307 1500.0 12.0 0.0000 0.1748 24.36 0.0628
-47.8125 -29.3014 0.3529 0.2691 0.3780 0.00000 7.245 1500.0 12.0 0.0000 0.1632 22.08 0.0628
-45.0000 -29.3014 0.3353 0.3192 0.3455 0.00000 8.322 1500.0 12.0 0.0000 0.5925 79.43 0.1346
-42.1875 -29.3014 0.4163 0.2450 0.3388 0.00000 7.490 1500.0 12.0 0.0000 0.1846 23.77 0.0628
-39.3750 -29.3014 0.2949 0.3230 0.3821 0.00000 7.365 1500.0 12.0 0.0000 0.7818 108.71 0.1339
-36.5625 -29.3014 0.3259 0.2852 0.3889 0.00000 7.408 1500.0 12.0 0.0000 0.1165 16.04 0.0628
-33.7500 -29.3014 0.4782 0.2351 0.2867 0.00000 7.308 1500.0 12.0 0.0000 0.5860 71.12 0.1175
-16.8750 -29.3014 0.4297 0.2726 0.2977 0.00000 7.841 1500.0 12.0 0.0000 0.8825 110.36 0.0628
-14.0625 -29.3014 0.5705 0.1758 0.2538 0.00000 7.225 1500.0 12.0 0.0000 1.0021 113.77 0.0628
-11.2500 -29.3014 0.4384 0.2457 0.3158 0.00000 7.421 1500.0 12.0 0.0000 0.9964 125.34 0.0757
-8.4375 -29.3014 0.5059 0.2107 0.2834 0.00000 7.002 1500.0 12.0 0.0000 1.2451 148.76 0.0854
5.6250 -32.0919 0.4154 0.2385 0.3462 0.00000 7.014 1500.0 12.0 0.0000 0.0936 12.10 0.0628
8.4375 -32.0919 0.1427 0.5622 0.2951 0.00000 6.284 1500.0 12.0 0.0000 0.5147 73.14 0.8089
11.2500 -32.0919 0.1997 0.5134 0.2869 0.00000 6.336 1500.0 12.0 0.0000 0.4591 63.41 0.7858
14.0625 -32.0919 0.3026 0.3890 0.3085 0.00000 7.962 1500.0 12.0 0.0000 0.6321 84.34 0.3582
16.8750 -32.0919 0.2500 0.4135 0.3365 0.00000 8.812 1500.0 12.0 0.0000 0.5869 81.31 0.3032
19.6875 -32.0919 0.3528 0.2964 0.3508 0.00000 8.346 1500.0 12.0 0.0000 0.2960 39.49 0.0852
22.5000 -32.0919 0.4489 0.2486 0.3025 0.00000 7.088 1500.0 12.0 0.0000 0.7953 98.81 0.1465
25.3125 -32.0919 0.4392 0.2752 0.2856 0.00000 7.435 1500.0 12.0 0.0000 2.2869 282.75 0.2123
28.1250 -32.0919 0.5038 0.2564 0.2398 0.00000 7.196 1500.0 12.0 0.0000 4.3952 512.28 0.2773
30.9375 -32.0919 0.4507 0.2969 0.2524 0.00000 6.951 1500.0 12.0 0.0000 3.5390 426.90 0.3727
33.7500 -32.0919 0.3668 0.3121 0.3211 0.00000 7.151 1500.0 12.0 0.0000 1.7048 222.42 0.2619
47.8125 -32.0919 0.4326 0.2351 0.3322 0.00000 7.195 1500.0 12.0 0.0000 0.0850 10.82 0.0628
50.6250 -32.0919 0.2964 0.3053 0.3983 0.00000 7.100 1500.0 12.0 0.0000 0.5602 78.48 0.1098
53.4375 -32.0919 0.4558 0.2329 0.3113 0.00000 7.403 1500.0 12.0 0.0000 0.2102 26.17 0.0774
56.2500 -32.0919 0.4931 0.2117 0.2952 0.00000 7.164 1500.0 12.0 0.0000 0.0828 10.03 0.0662
59.0625 -32.0919 0.4258 0.2518 0.3225 0.00000 7.543 1500.0 12.0 0.0000 0.1448 18.39 0.0744
61.8750 -32.0919 0.3798 0.2800 0.3403 0.00000 8.051 1500.0 12.0 0.0000 0.2980 39.04 0.0785
64.6875 -32.0919 0.3906 0.2703 0.3391 0.00000 7.963 1500.0 12.0 0.0000 0.1732 22.57 0.0693
67.5000 -32.0919 0.5254 0.1947 0.2799 0.00000 7.164 1500.0 12.0 0.0000 0.2030 23.96 0.0628
70.3125 -32.0919 0.4076 0.2629 0.3295 0.00000 8.328 1500.0 12.0 0.0000 0.2424 31.18 0.0628
73.1250 -32.0919 0.2619 0.3482 0.3899 0.00000 9.300 1500.0 12.0 0.0000 0.4466 63.24 0.0730
75.9375 -32.0919 0.2625 0.3477 0.3898 0.00000 9.183 1500.0 12.0 0.0000 0.4947 70.02 0.0767
78.7500 -32.0919 0.2719 0.3520 0.3761 0.00000 9.087 1500.0 12.0 0.0000 0.5184 72.58 0.1128
81.5625 -32.0919 0.3159 0.3679 0.3162 0.00000 8.071 1500.0 12.0 0.0000 1.2447 165.77 0.2927
84.3750 -32.0919 0.3123 0.3269 0.3608 0.00000 7.348 1500.0 12.0 0.0000 0.9989 136.36 0.1847
87.1875 -32.0919 0.2582 0.3846 0.3571 0.00000 7.362 1500.0 12.0 0.0000 1.6533 230.64 0.2934
90.0000 -32.0919 0.2823 0.4470 0.2707 0.00000 7.165 1500.0 12.0 0.0000 0.9294 122.69 0.5982
92.8125 -32.0919 0.2599 0.4721 0.2679 0.00000 6.522 1500.0 12.0 0.0000 0.4541 60.47 0.6977
-149.0625 -32.0919 0.4762 0.2293 0.2945 0.00000 7.788 1500.0 12.0 0.0000 0.1308 15.97 0.0628
-146.2500 -32.0919 0.3229 0.2927 0.3844 0.00000 7.585 1500.0 12.0 0.0000 0.1018 14.00 0.0628
-143.4375 -32.0919 0.4296 0.2345 0.3359 0.00000 7.034 1500.0 12.0 0.0000 0.0986 12.59 0.0628
-140.6250 -32.0919 0.2938 0.3130 0.3932 0.00000 6.792 1500.0 12.0 0.0000 1.0035 140.39 0.1508
-137.8125 -32.0919 0.3492 0.2689 0.3820 0.00000 7.142 1500.0 12.0 0.0000 0.2110 28.65 0.0628
-135.0000 -32.0919 0.5178 0.1929 0.2892 0.00000 7.042 1500.0 12.0 0.0000 0.5593 66.65 0.0628
-50.6250 -32.0919 0.4344 0.2348 0.3308 0.00000 7.259 1500.0 12.0 0.0000 0.1196 15.20 0.0628
-47.8125 -32.0919 0.3047 0.2907 0.4046 0.00000 7.333 1500.0 12.0 0.0000 0.1057 14.80 0.0628
-45.0000 -32.0919 0.3431 0.2768 0.3801 0.00000 7.562 1500.0 12.0 0.0000 0.1064 14.48 0.0628
-42.1875 -32.0919 0.4860 0.2200 0.2940 0.00000 7.673 1500.0 12.0 0.0000 0.1285 15.61 0.0628
-39.3750 -32.0919 0.4475 0.2393 0.3132 0.00000 7.655 1500.0 12.0 0.0000 0.2406 30.10 0.0628
-36.5625 -32.0919 0.2975 0.2999 0.4026 0.00000 7.507 1500.0 12.0 0.0000 0.2763 38.77 0.0628
-33.7500 -32.0919 0.4150 0.2494 0.3356 0.00000 7.452 1500.0 12.0 0.0000 0.1442 18.55 0.0628
-19.6875 -32.0919 0.4804 0.2122 0.3074 0.00000 7.025 1500.0 12.0 0.0000 0.4839 59.38 0.0637
-16.8750 -32.0919 0.6118 0.1542 0.2340 0.00000 6.970 1500.0 12.0 0.0000 0.8083 88.65 0.0628
-14.0625 -32.0919 0.4900 0.2181 0.2919 0.00000 7.352 1500.0 12.0 0.0000 0.6801 82.32 0.0628
-11.2500 -32.0919 0.4648 0.2270 0.3082 0.00000 7.115 1500.0 12.0 0.0000 0.8721 107.86 0.0746
-8.4375 -32.0919 0.4870 0.2358 0.2772 0.00000 7.188 1500.0 12.0 0.0000 2.2598 271.60 0.1367
-5.6250 -32.0919 0.5139 0.2372 0.2489 0.00000 6.993 1500.0 12.0 0.0000 3.4027 396.71 0.2173
-2.8125 -32.0919 0.3966 0.2705 0.3329 0.00000 6.999 1500.0 12.0 0.0000 1.7801 230.54 0.1502
0.0000 -34.8825 0.3719 0.2830 0.3451 0.00000 6.881 1500.0 12.0 0.0000 1.2808 168.87 0.1436
2.8125 -34.8825 0.3651 0.2649 0.3700 0.00000 6.812 1500.0 12.0 0.0000 0.5670 75.97 0.0842
5.6250 -34.8825 0.3028 0.2995 0.3977 0.00000 7.264 1500.0 12.0 0.0000 0.1445 20.19 0.0628
8.4375 -34.8825 0.2932 0.3963 0.3104 0.00000 7.665 1500.0 12.0 0.0000 0.7084 95.02 0.3543
11.2500 -34.8825 0.2975 0.3627 0.3398 0.00000 7.863 1500.0 12.0 0.0000 0.5163 70.18 0.2204
14.0625 -34.8825 0.3936 0.3155 0.2908 0.00000 7.097 1500.0 12.0 0.0000 0.7787 98.69 0.3258
16.8750 -34.8825 0.3234 0.3638 0.3129 0.00000 7.920 1500.0 12.0 0.0000 1.3768 182.43 0.3178
19.6875 -34.8825 0.3263 0.3589 0.3148 0.00000 7.931 1500.0 12.0 0.0000 1.2744 168.81 0.3096
22.5000 -34.8825 0.4366 0.2962 0.2672 0.00000 6.973 1500.0 12.0 0.0000 2.2177 271.68 0.3357
25.3125 -34.8825 0.5249 0.2522 0.2229 0.00000 6.879 1500.0 12.0 0.0000 4.3533 496.74 0.3152
28.1250 -34.8825 0.4402 0.2955 0.2643 0.00000 6.912 1500.0 12.0 0.0000 3.7401 456.61 0.3425
30.9375 -34.8825 0.3602 0.2783 0.3614 0.00000 7.071 1500.0 12.0 0.0000 1.5285 204.34 0.1109
47.8125 -34.8825 0.4697 0.2547 0.2757 0.00000 7.353 1500.0 12.0 0.0000 0.8093 98.02 0.1793
50.6250 -34.8825 0.2773 0.3381 0.3845 0.00000 6.866 1500.0 12.0 0.0000 1.4819 207.88 0.1924
53.4375 -34.8825 0.2996 0.3406 0.3598 0.00000 8.276 1500.0 12.0 0.0000 0.8397 115.21 0.1611
56.2500 -34.8825 0.3212 0.3265 0.3523 0.00000 8.608 1500.0 12.0 0.0000 0.2727 36.93 0.0928
59.0625 -34.8825 0.4027 0.2656 0.3317 0.00000 7.815 1500.0 12.0 0.0000 0.1529 19.74 0.0702
61.8750 -34.8825 0.4459 0.2346 0.3194 0.00000 7.172 1500.0 12.0 0.0000 0.1835 23.05 0.0758
64.6875 -34.8825 0.3580 0.2812 0.3608 0.00000 7.615 1500.0 12.0 0.0000 0.1850 24.75 0.0651
67.5000 -34.8825 0.3052 0.2958 0.3990 0.00000 7.475 1500.0 12.0 0.0000 0.2258 31.52 0.0628
70.3125 -34.8825 0.3203 0.3038 0.3759 0.00000 7.480 1500.0 12.0 0.0000 0.8924 122.34 0.0994
73.1250 -34.8825 0.2573 0.3603 0.3824 0.00000 7.419 1500.0 12.0 0.0000 2.0707 292.66 0.2036
75.9375 -34.8825 0.2226 0.4114 0.3660 0.00000 7.430 1500.0 12.0 0.0000 2.2517 320.34 0.3175
78.7500 -34.8825 0.1424 0.5502 0.3074 0.00000 7.812 1500.0 12.0 0.0000 1.0671 152.57 0.6444
81.5625 -34.8825 0.1484 0.5522 0.2994 0.00000 6.465 1500.0 12.0 0.0000 1.1608 164.90 0.7558
84.3750 -34.8825 0.1905 0.5265 0.2829 0.00000 6.712 1500.0 12.0 0.0000 0.7831 108.37 0.7315
87.1875 -34.8825 0.2967 0.4362 0.2671 0.00000 6.720 1500.0 12.0 0.0000 0.7448 97.49 0.6122
90.0000 -34.8825 0.2384 0.4656 0.2960 0.00000 6.936 1500.0 12.0 0.0000 0.7131 97.27 0.3877
-151.8750 -34.8825 0.5777 0.1678 0.2545 0.00000 7.018 1500.0 12.0 0.0000 0.2955 33.43 0.0628
-149.0625 -34.8825 0.5780 0.1688 0.2532 0.00000 6.951 1500.0 12.0 0.0000 0.2853 32.25 0.0628
-146.2500 -34.8825 0.3620 0.2613 0.3767 0.00000 6.911 1500.0 12.0 0.0000 0.2303 31.01 0.0628
-143.4375 -34.8825 0.3666 0.2742 0.3592 0.00000 7.741 1500.0 12.0 0.0000 0.1185 15.78 0.0628
-140.6250 -34.8825 0.3629 0.2916 0.3455 0.00000 8.282 1500.0 12.0 0.0000 0.6032 79.87 0.0914
-137.8125 -34.8825 0.3213 0.3263 0.3524 0.00000 8.171 1500.0 12.0 0.0000 1.6247 219.97 0.1423
-135.0000 -34.8825 0.4128 0.2738 0.3134 0.00000 7.380 1500.0 12.0 0.0000 2.3976 304.89 0.1362
-129.3750 -34.8825 0.4115 0.2676 0.3209 0.00000 7.832 1500.0 12.0 0.0000 0.9772 124.86 0.0748
-47.8125 -34.8825 0.4620 0.2220 0.3159 0.00000 7.054 1500.0 12.0 0.0000 0.1311 16.30 0.0628
-45.0000 -34.8825 0.3050 0.2912 0.4038 0.00000 7.314 1500.0 12.0 0.0000 0.1057 14.79 0.0628
-42.1875 -34.8825 0.4005 0.2614 0.3381 0.00000 7.906 1500.0 12.0 0.0000 0.1328 17.22 0.0628
-39.3750 -34.8825 0.4630 0.2315 0.3055 0.00000 7.745 1500.0 12.0 0.0000 0.1871 23.12 0.0628
-36.5625 -34.8825 0.3356 0.2789 0.3855 0.00000 7.294 1500.0 12.0 0.0000 0.2350 32.16 0.0628
-33.7500 -34.8825 0.3645 0.2697 0.3658 0.00000 7.390 1500.0 12.0 0.0000 0.2098 28.06 0.0628
-30.9375 -34.8825 0.4783 0.2166 0.3051 0.00000 7.250 1500.0 12.0 0.0000 0.0984 12.07 0.0628
-19.6875 -34.8825 0.5421 0.2324 0.2255 0.00000 6.493 1500.0 12.0 0.0000 3.6657 415.16 0.3103
-16.8750 -34.8825 0.5852 0.1844 0.2304 0.00000 6.883 1500.0 12.0 0.0000 3.0316 336.55 0.1586
-14.0625 -34.8825 0.4584 0.2466 0.2950 0.00000 7.669 1500.0 12.0 0.0000 2.2845 281.32 0.1206
-11.2500 -34.8825 0.3753 0.2933 0.3313 0.00000 7.960 1500.0 12.0 0.0000 2.0367 266.14 0.1281
-8.4375 -34.8825 0.4008 0.2943 0.3048 0.00000 7.748 1500.0 12.0 0.0000 2.7974 356.08 0.1918
-5.6250 -34.8825 0.3058 0.3822 0.3119 0.00000 8.721 1500.0 12.0 0.0000 3.0364 405.32 0.2117
-2.8125 -34.8825 0.4259 0.2624 0.3117 0.00000 6.888 1500.0 12.0 0.0000 3.3109 418.05 0.1641
0.0000 -37.6731 0.5983 0.1584 0.2433 0.00000 6.854 1500.0 12.0 0.0000 1.6631 184.83 0.0628
2.8125 -37.6731 0.4165 0.2459 0.3376 0.00000 7.144 1500.0 12.0 0.0000 0.3542 45.56 0.0628
5.6250 -37.6731 0.4144 0.2557 0.3298 0.00000 7.640 1500.0 12.0 0.0000 0.1544 19.80 0.0628
8.4375 -37.6731 0.4808 0.2243 0.2948 0.00000 7.304 1500.0 12.0 0.0000 0.1045 12.73 0.0628
11.2500 -37.6731 0.3551 0.2867 0.3581 0.00000 8.062 1500.0 12.0 0.0000 0.1021 13.65 0.0628
14.0625 -37.6731 0.4095 0.2865 0.3040 0.00000 7.168 1500.0 12.0 0.0000 1.5586 197.49 0.2208
16.8750 -37.6731 0.3885 0.3148 0.2967 0.00000 7.335 1500.0 12.0 0.0000 2.1398 272.74 0.2814
19.6875 -37.6731 0.4860 0.2701 0.2439 0.00000 6.826 1500.0 12.0 0.0000 2.5087 295.81 0.3332
22.5000 -37.6731 0.5528 0.2379 0.2093 0.00000 6.307 1500.0 12.0 0.0000 3.5300 393.53 0.3710
25.3125 -37.6731 0.4822 0.2804 0.2375 0.00000 6.642 1500.0 12.0 0.0000 4.5175 531.68 0.3802
28.1250 -37.6731 0.4405 0.2257 0.3339 0.00000 6.764 1500.0 12.0 0.0000 0.2951 37.46 0.0628
47.8125 -37.6731 0.4934 0.2002 0.3063 0.00000 6.787 1500.0 12.0 0.0000 0.1391 16.95 0.0628
50.6250 -37.6731 0.2756 0.3260 0.3984 0.00000 7.712 1500.0 12.0 0.0000 0.9086 128.44 0.1094
53.4375 -37.6731 0.2536 0.3650 0.3813 0.00000 7.837 1500.0 12.0 0.0000 1.9851 280.85 0.1790
56.2500 -37.6731 0.2615 0.3618 0.3767 0.00000 8.208 1500.0 12.0 0.0000 1.5535 218.55 0.1698
59.0625 -37.6731 0.3293 0.3168 0.3539 0.00000 8.000 1500.0 12.0 0.0000 1.2446 168.04 0.1375
61.8750 -37.6731 0.3086 0.3092 0.3823 0.00000 7.432 1500.0 12.0 0.0000 0.8646 119.53 0.1211
64.6875 -37.6731 0.2715 0.3307 0.3978 0.00000 7.233 1500.0 12.0 0.0000 1.3249 187.54 0.1397
67.5000 -37.6731 0.3948 0.2891 0.3161 0.00000 7.198 1500.0 12.0 0.0000 2.1865 280.83 0.1714
70.3125 -37.6731 0.4952 0.2511 0.2537 0.00000 6.771 1500.0 12.0 0.0000 1.9286 227.66 0.2506
75.9375 -37.6731 0.3586 0.3979 0.2435 0.00000 6.686 1500.0 12.0 0.0000 1.8057 226.66 0.5515
78.7500 -37.6731 0.2507 0.4830 0.2663 0.00000 6.334 1500.0 12.0 0.0000 1.1598 154.95 0.7090
81.5625 -37.6731 0.3045 0.4485 0.2469 0.00000 5.904 1500.0 12.0 0.0000 0.7784 100.43 0.7471
84.3750 -37.6731 0.2599 0.4636 0.2765 0.00000 7.011 1500.0 12.0 0.0000 0.5291 70.77 0.6557
87.1875 -37.6731 0.3231 0.3677 0.3092 0.00000 7.222 1500.0 12.0 0.0000 0.4205 55.61 0.3734
-154.6875 -37.6731 0.5267 0.1946 0.2787 0.00000 7.415 1500.0 12.0 0.0000 0.1763 20.79 0.0628
-151.8750 -37.6731 0.5941 0.1621 0.2438 0.00000 6.977 1500.0 12.0 0.0000 0.1922 21.42 0.0628
-149.0625 -37.6731 0.6158 0.1473 0.2369 0.00000 6.616 1500.0 12.0 0.0000 0.4546 49.84 0.0628
-146.2500 -37.6731 0.3591 0.2661 0.3748 0.00000 7.120 1500.0 12.0 0.0000 0.3422 46.09 0.0628
-143.4375 -37.6731 0.3703 0.2829 0.3468 0.00000 8.222 1500.0 12.0 0.0000 0.4084 53.93 0.0628
-140.6250 -37.6731 0.3513 0.2984 0.3503 0.00000 8.513 1500.0 12.0 0.0000 0.8808 117.53 0.0784
-137.8125 -37.6731 0.3487 0.2948 0.3565 0.00000 7.897 1500.0 12.0 0.0000 1.6352 219.16 0.0906
-45.0000 -37.6731 0.3425 0.2836 0.3739 0.00000 6.983 1500.0 12.0 0.0000 0.4510 61.16 0.0922
-42.1875 -37.6731 0.3137 0.3218 0.3646 0.00000 7.815 1500.0 12.0 0.0000 0.6148 84.04 0.1369
-39.3750 -37.6731 0.5085 0.2322 0.2593 0.00000 7.318 1500.0 12.0 0.0000 1.3192 155.19 0.1714
-36.5625 -37.6731 0.4588 0.2307 0.3104 0.00000 7.651 1500.0 12.0 0.0000 0.2576 31.99 0.0628
-33.7500 -37.6731 0.2856 0.3068 0.4075 0.00000 7.576 1500.0 12.0 0.0000 0.2595 36.70 0.0628
-30.9375 -37.6731 0.4112 0.2440 0.3448 0.00000 7.215 1500.0 12.0 0.0000 0.2036 26.36 0.0628
-22.5000 -37.6731 0.4632 0.2161 0.3207 0.00000 6.773 1500.0 12.0 0.0000 0.5282 65.84 0.0628
-19.6875 -37.6731 0.4368 0.2415 0.3217 0.00000 6.801 1500.0 12.0 0.0000 2.4700 311.97 0.1225
-16.8750 -37.6731 0.3415 0.3370 0.3216 0.00000 7.755 1500.0 12.0 0.0000 2.8116 371.20 0.2357
-14.0625 -37.6731 0.4646 0.2567 0.2787 0.00000 7.285 1500.0 12.0 0.0000 3.0585 372.03 0.2022
-11.2500 -37.6731 0.4999 0.2357 0.2644 0.00000 7.413 1500.0 12.0 0.0000 3.1274 370.64 0.1680
-8.4375 -37.6731 0.4231 0.2708 0.3061 0.00000 7.506 1500.0 12.0 0.0000 2.8890 364.14 0.1533
-5.6250 -37.6731 0.3149 0.3255 0.3596 0.00000 8.803 1500.0 12.0 0.0000 1.5280 208.24 0.0628
-2.8125 -37.6731 0.4629 0.2307 0.3064 0.00000 7.609 1500.0 12.0 0.0000 1.3739 169.91 0.0628
0.0000 -40.4636 0.3932 0.2715 0.3353 0.00000 8.021 1500.0 12.0 0.0000 0.5276 68.52 0.0628
2.8125 -40.4636 0.3375 0.3081 0.3544 0.00000 8.580 1500.0 12.0 0.0000 0.6122 82.37 0.0628
5.6250 -40.4636 0.3748 0.2818 0.3434 0.00000 8.150 1500.0 12.0 0.0000 0.3763 49.50 0.0628
8.4375 -40.4636 0.2714 0.3620 0.3666 0.00000 9.196 1500.0 12.0 0.0000 0.2560 35.69 0.0628
11.2500 -40.4636 0.2692 0.3476 0.3832 0.00000 9.241 1500.0 12.0 0.0000 0.3753 52.80 0.0628
14.0625 -40.4636 0.4542 0.2313 0.3145 0.00000 7.219 1500.0 12.0 0.0000 0.3934 49.09 0.0710
16.8750 -40.4636 0.5723 0.1694 0.2583 0.00000 6.827 1500.0 12.0 0.0000 0.4864 55.33 0.0628
19.6875 -40.4636 0.6597 0.1351 0.2051 0.00000 6.413 1500.0 12.0 0.0000 4.1485 434.65 0.1213
22.5000 -40.4636 0.4995 0.2292 0.2714 0.00000 6.439 1500.0 12.0 0.0000 3.5719 425.16 0.2264
25.3125 -40.4636 0.3564 0.3035 0.3401 0.00000 6.588 1500.0 12.0 0.0000 2.4699 327.07 0.2366
28.1250 -40.4636 0.3957 0.2900 0.3144 0.00000 6.626 1500.0 12.0 0.0000 1.4005 179.64 0.2670
50.6250 -40.4636 0.3731 0.3413 0.2856 0.00000 6.418 1500.0 12.0 0.0000 1.7808 227.24 0.3871
53.4375 -40.4636 0.2361 0.4194 0.3445 0.00000 7.410 1500.0 12.0 0.0000 2.9855 417.83 0.3566
56.2500 -40.4636 0.2269 0.4034 0.3697 0.00000 7.399 1500.0 12.0 0.0000 1.6555 235.51 0.2841
59.0625 -40.4636 0.2355 0.3874 0.3770 0.00000 8.291 1500.0 12.0 0.0000 1.1312 160.93 0.1868
61.8750 -40.4636 0.3634 0.2738 0.3628 0.00000 7.537 1500.0 12.0 0.0000 0.3738 49.94 0.0628
64.6875 -40.4636 0.4781 0.2125 0.3094 0.00000 7.098 1500.0 12.0 0.0000 0.3465 42.61 0.0628
67.5000 -40.4636 0.4997 0.2299 0.2704 0.00000 7.428 1500.0 12.0 0.0000 1.0365 123.29 0.1281
-168.7500 -40.4636 0.3909 0.3111 0.2980 0.00000 7.415 1500.0 12.0 0.0000 0.7735 98.55 0.0628
-154.6875 -40.4636 0.4734 0.2359 0.2907 0.00000 7.614 1500.0 12.0 0.0000 0.8662 105.63 0.0986
-151.8750 -40.4636 0.6183 0.1447 0.2371 0.00000 6.645 1500.0 12.0 0.0000 0.4123 45.15 0.0628
-149.0625 -40.4636 0.4410 0.2209 0.3381 0.00000 6.605 1500.0 12.0 0.0000 0.3071 39.07 0.0628
-146.2500 -40.4636 0.3468 0.2980 0.3552 0.00000 7.359 1500.0 12.0 0.0000 1.4484 194.18 0.1230
-143.4375 -40.4636 0.3470 0.3206 0.3324 0.00000 8.303 1500.0 12.0 0.0000 1.1551 152.98 0.1352
-140.6250 -40.4636 0.3074 0.3487 0.3440 0.00000 7.723 1500.0 12.0 0.0000 1.8346 248.83 0.1940
-137.8125 -40.4636 0.2839 0.3478 0.3683 0.00000 6.755 1500.0 12.0 0.0000 2.3060 319.96 0.2274
-135.0000 -40.4636 0.3763 0.3296 0.2941 0.00000 7.543 1500.0 12.0 0.0000 3.6759 470.55 0.2103
-42.1875 -40.4636 0.2951 0.3569 0.3480 0.00000 7.297 1500.0 12.0 0.0000 1.2325 168.43 0.2691
-39.3750 -40.4636 0.3198 0.3399 0.3403 0.00000 7.316 1500.0 12.0 0.0000 1.2844 172.92 0.2328
-36.5625 -40.4636 0.3926 0.3011 0.3063 0.00000 7.619 1500.0 12.0 0.0000 2.0225 258.66 0.2142
-33.7500 -40.4636 0.3567 0.2930 0.3504 0.00000 7.596 1500.0 12.0 0.0000 1.0162 135.29 0.1116
-30.9375 -40.4636 0.3085 0.2898 0.4017 0.00000 7.115 1500.0 12.0 0.0000 0.2569 35.86 0.0628
-16.8750 -40.4636 0.3837 0.2686 0.3477 0.00000 7.026 1500.0 12.0 0.0000 1.8368 241.20 0.1167
-14.0625 -40.4636 0.4331 0.2527 0.3142 0.00000 7.371 1500.0 12.0 0.0000 1.8887 237.99 0.1130
-11.2500 -40.4636 0.6298 0.1468 0.2234 0.00000 6.699 1500.0 12.0 0.0000 3.2067 345.84 0.0932
-8.4375 -40.4636 0.5956 0.1638 0.2406 0.00000 6.726 1500.0 12.0 0.0000 2.4748 274.96 0.0956
-2.8125 -40.4636 0.4941 0.2065 0.2994 0.00000 6.856 1500.0 12.0 0.0000 0.5059 61.37 0.0628
0.0000 -43.2542 0.4500 0.2814 0.2687 0.00000 6.729 1500.0 12.0 0.0000 2.6128 318.27 0.3059
2.8125 -43.2542 0.4010 0.2723 0.3267 0.00000 7.706 1500.0 12.0 0.0000 1.8287 235.55 0.1099
5.6250 -43.2542 0.3661 0.2851 0.3488 0.00000 8.251 1500.0 12.0 0.0000 1.1152 147.70 0.0703
8.4375 -43.2542 0.2995 0.3260 0.3745 0.00000 8.992 1500.0 12.0 0.0000 1.2728 175.96 0.0628
11.2500 -43.2542 0.2525 0.3775 0.3700 0.00000 9.212 1500.0 12.0 0.0000 2.1182 298.15 0.1547
14.0625 -43.2542 0.3329 0.3381 0.3290 0.00000 8.182 1500.0 12.0 0.0000 1.8736 249.30 0.2131
16.8750 -43.2542 0.5443 0.2009 0.2548 0.00000 7.141 1500.0 12.0 0.0000 2.9851 343.82 0.1252
19.6875 -43.2542 0.5894 0.1557 0.2549 0.00000 6.571 1500.0 12.0 0.0000 0.7038 79.16 0.0628
22.5000 -43.2542 0.4569 0.2140 0.3291 0.00000 6.733 1500.0 12.0 0.0000 0.3024 37.99 0.0628
25.3125 -43.2542 0.3040 0.3115 0.3846 0.00000 6.521 1500.0 12.0 0.0000 2.2788 316.03 0.1706
53.4375 -43.2542 0.2677 0.4295 0.3027 0.00000 6.755 1500.0 12.0 0.0000 1.1718 158.34 0.4985
56.2500 -43.2542 0.2057 0.4634 0.3309 0.00000 6.609 1500.0 12.0 0.0000 1.3985 196.94 0.4945
59.0625 -43.2542 0.3051 0.4101 0.2848 0.00000 7.148 1500.0 12.0 0.0000 1.3453 177.08 0.4588
61.8750 -43.2542 0.4202 0.3316 0.2481 0.00000 6.527 1500.0 12.0 0.0000 1.3545 165.45 0.4398
-154.6875 -43.2542 0.3729 0.4298 0.1973 0.00000 5.886 1500.0 12.0 0.0000 1.3247 160.87 0.6980
-151.8750 -43.2542 0.4530 0.3048 0.2422 0.00000 6.065 1500.0 12.0 0.0000 1.9203 230.01 0.4000
-149.0625 -43.2542 0.3927 0.2474 0.3599 0.00000 7.003 1500.0 12.0 0.0000 0.2729 35.93 0.0628
-146.2500 -43.2542 0.3812 0.2835 0.3353 0.00000 7.669 1500.0 12.0 0.0000 1.0059 131.37 0.1164
-143.4375 -43.2542 0.3785 0.3169 0.3046 0.00000 7.741 1500.0 12.0 0.0000 1.3900 178.78 0.2055
-140.6250 -43.2542 0.3813 0.3222 0.2965 0.00000 7.105 1500.0 12.0 0.0000 2.3044 294.69 0.2538
-137.8125 -43.2542 0.3045 0.3792 0.3163 0.00000 7.787 1500.0 12.0 0.0000 2.0290 271.62 0.2530
-42.1875 -43.2542 0.2730 0.4670 0.2601 0.00000 5.967 1500.0 12.0 0.0000 1.0543 138.99 0.7380
-39.3750 -43.2542 0.2659 0.4451 0.2890 0.00000 6.626 1500.0 12.0 0.0000 1.1764 157.96 0.5929
-36.5625 -43.2542 0.3217 0.3210 0.3573 0.00000 7.253 1500.0 12.0 0.0000 2.4635 334.32 0.1928
-33.7500 -43.2542 0.3706 0.2924 0.3370 0.00000 6.949 1500.0 12.0 0.0000 1.5775 207.21 0.1994
-30.9375 -43.2542 0.3478 0.2887 0.3635 0.00000 7.028 1500.0 12.0 0.0000 1.1794 158.72 0.1291
-28.1250 -43.2542 0.4335 0.2469 0.3196 0.00000 6.931 1500.0 12.0 0.0000 0.5115 64.63 0.0846
-14.0625 -43.2542 0.3729 0.2672 0.3599 0.00000 7.379 1500.0 12.0 0.0000 0.4963 65.92 0.0628
-11.2500 -43.2542 0.4139 0.2875 0.2987 0.00000 7.318 1500.0 12.0 0.0000 1.9355 244.02 0.2206
-8.4375 -43.2542 0.4840 0.2802 0.2358 0.00000 6.213 1500.0 12.0 0.0000 2.3888 280.61 0.4275
0.0000 -46.0447 0.3644 0.3939 0.2417 0.00000 6.833 1500.0 12.0 0.0000 2.6294 328.82 0.5958
2.8125 -46.0447 0.2310 0.4675 0.3015 0.00000 7.935 1500.0 12.0 0.0000 1.9975 274.16 0.5311
5.6250 -46.0447 0.2517 0.4414 0.3069 0.00000 7.901 1500.0 12.0 0.0000 2.6723 364.45 0.4734
8.4375 -46.0447 0.3369 0.3786 0.2845 0.00000 6.933 1500.0 12.0 0.0000 3.3137 429.79 0.4638
11.2500 -46.0447 0.3064 0.4086 0.2849 0.00000 7.035 1500.0 12.0 0.0000 3.2404 426.30 0.5278
14.0625 -46.0447 0.2956 0.4478 0.2566 0.00000 7.217 1500.0 12.0 0.0000 2.5785 335.80 0.5804
16.8750 -46.0447 0.4771 0.3193 0.2036 0.00000 6.009 1500.0 12.0 0.0000 4.4687 516.68 0.5702
19.6875 -46.0447 0.5192 0.2836 0.1971 0.00000 5.751 1500.0 12.0 0.0000 3.8065 428.78 0.5297
22.5000 -46.0447 0.3642 0.3387 0.2971 0.00000 6.258 1500.0 12.0 0.0000 1.5352 197.95 0.4460
53.4375 -46.0447 0.4855 0.2782 0.2363 0.00000 6.573 1500.0 12.0 0.0000 1.4954 175.57 0.3264
56.2500 -46.0447 0.4998 0.2584 0.2418 0.00000 6.556 1500.0 12.0 0.0000 1.6387 191.64 0.2844
59.0625 -46.0447 0.5126 0.2439 0.2434 0.00000 6.866 1500.0 12.0 0.0000 1.7504 203.54 0.2247
-157.5000 -46.0447 0.1466 0.6499 0.2035 0.00000 6.380 1500.0 12.0 0.0000 1.3451 182.19 0.8262
-154.6875 -46.0447 0.3037 0.5001 0.1962 0.00000 5.890 1500.0 12.0 0.0000 1.1335 142.27 0.7763
-151.8750 -46.0447 0.2653 0.5057 0.2290 0.00000 6.246 1500.0 12.0 0.0000 1.1325 147.35 0.6419
-149.0625 -46.0447 0.2731 0.4842 0.2428 0.00000 7.089 1500.0 12.0 0.0000 1.1433 149.33 0.4976
-146.2500 -46.0447 0.3049 0.4254 0.2697 0.00000 7.665 1500.0 12.0 0.0000 1.3772 179.84 0.3598
-132.1875 -46.0447 0.0392 0.7072 0.2536 0.00000 6.511 1500.0 12.0 0.0000 4.2620 619.69 0.3582
-39.3750 -46.0447 0.2307 0.4889 0.2803 0.00000 6.013 1500.0 12.0 0.0000 1.1655 158.25 0.7448
-36.5625 -46.0447 0.2693 0.4232 0.3076 0.00000 6.288 1500.0 12.0 0.0000 1.2533 169.67 0.5395
-2.8125 -46.0447 0.4398 0.3338 0.2264 0.00000 5.860 1500.0 12.0 0.0000 2.5174 300.73 0.6069
0.0000 -48.8352 0.1845 0.5375 0.2780 0.00000 7.999 1500.0 12.0 0.0000 1.6853 233.23 0.6889
2.8125 -48.8352 0.2442 0.4870 0.2688 0.00000 7.486 1500.0 12.0 0.0000 2.4004 322.04 0.6634
5.6250 -48.8352 0.4362 0.3376 0.2262 0.00000 5.821 1500.0 12.0 0.0000 2.8895 345.77 0.5997
8.4375 -48.8352 0.3874 0.3567 0.2559 0.00000 5.970 1500.0 12.0 0.0000 2.1094 262.97 0.5753
11.2500 -48.8352 0.3721 0.3664 0.2615 0.00000 5.957 1500.0 12.0 0.0000 1.8577 234.03 0.5893
14.0625 -48.8352 0.3440 0.3910 0.2650 0.00000 6.324 1500.0 12.0 0.0000 2.2767 291.20 0.5868
16.8750 -48.8352 0.4132 0.3485 0.2383 0.00000 6.111 1500.0 12.0 0.0000 3.9744 484.42 0.5615
19.6875 -48.8352 0.4298 0.3207 0.2495 0.00000 5.977 1500.0 12.0 0.0000 2.8002 340.72 0.5076
22.5000 -48.8352 0.3714 0.3292 0.2994 0.00000 6.323 1500.0 12.0 0.0000 2.0456 263.20 0.4126
180.0000 -48.8352 0.3139 0.4421 0.2440 0.00000 6.995 1500.0 12.0 0.0000 2.5354 325.16 0.4404
-177.1875 -48.8352 0.2297 0.5307 0.2396 0.00000 6.789 1500.0 12.0 0.0000 3.6623 487.06 0.4723
-154.6875 -48.8352 0.2160 0.5692 0.2148 0.00000 6.626 1500.0 12.0 0.0000 1.3046 172.30 0.6731
-151.8750 -48.8352 0.2224 0.5609 0.2167 0.00000 6.635 1500.0 12.0 0.0000 1.2229 161.20 0.6570
-149.0625 -48.8352 0.2440 0.5328 0.2232 0.00000 6.745 1500.0 12.0 0.0000 1.4697 192.50 0.6035
-90.0000 -48.8352 0.3461 0.4165 0.2374 0.00000 5.411 1500.0 12.0 0.0000 0.6909 86.95 0.6816
-87.1875 -48.8352 0.1959 0.4894 0.3147 0.00000 5.929 1500.0 12.0 0.0000 0.3384 47.47 0.6210
-84.3750 -48.8352 0.2852 0.4259 0.2889 0.00000 6.248 1500.0 12.0 0.0000 0.3859 51.36 0.5640
-81.5625 -48.8352 0.3636 0.3623 0.2741 0.00000 5.835 1500.0 12.0 0.0000 0.6196 78.92 0.5188
-36.5625 -48.8352 0.2303 0.5165 0.2533 0.00000 6.420 1500.0 12.0 0.0000 1.5103 202.25 0.5030
-8.4375 -48.8352 0.2563 0.4389 0.3047 0.00000 5.890 1500.0 12.0 0.0000 1.8175 247.09 0.5682
-5.6250 -48.8352 0.2974 0.4105 0.2921 0.00000 5.869 1500.0 12.0 0.0000 1.5249 202.21 0.6375
-2.8125 -48.8352 0.4329 0.3571 0.2101 0.00000 5.753 1500.0 12.0 0.0000 2.6994 320.50 0.6902
0.0000 -51.6257 0.3723 0.3889 0.2387 0.00000 6.063 1500.0 12.0 0.0000 4.1805 519.94 0.6703
2.8125 -51.6257 0.4388 0.3468 0.2144 0.00000 5.595 1500.0 12.0 0.0000 4.0119 476.11 0.6664
5.6250 -51.6257 0.4858 0.3185 0.1958 0.00000 5.498 1500.0 12.0 0.0000 4.3815 501.94 0.6357
8.4375 -51.6257 0.5032 0.3060 0.1908 0.00000 5.531 1500.0 12.0 0.0000 4.9795 563.51 0.6056
11.2500 -51.6257 0.4980 0.3039 0.1981 0.00000 5.596 1500.0 12.0 0.0000 2.9490 336.13 0.5796
14.0625 -51.6257 0.5368 0.2801 0.1831 0.00000 5.576 1500.0 12.0 0.0000 4.2632 471.53 0.5544
16.8750 -51.6257 0.5450 0.2682 0.1868 0.00000 5.672 1500.0 12.0 0.0000 5.0000 551.90 0.5163
19.6875 -51.6257 0.4416 0.3020 0.2564 0.00000 6.064 1500.0 12.0 0.0000 4.9758 604.30 0.4465
143.4375 -51.6257 0.0310 0.7262 0.2428 0.00000 6.215 1500.0 12.0 0.0000 2.2511 326.72 0.4323
146.2500 -51.6257 0.0311 0.7261 0.2428 0.00000 6.237 1500.0 12.0 0.0000 1.8280 265.31 0.4324
165.9375 -51.6257 0.3095 0.3932 0.2972 0.00000 5.779 1500.0 12.0 0.0000 1.7090 225.99 0.5401
168.7500 -51.6257 0.2762 0.4178 0.3060 0.00000 5.693 1500.0 12.0 0.0000 2.4881 335.52 0.5257
171.5625 -51.6257 0.3258 0.3826 0.2917 0.00000 5.753 1500.0 12.0 0.0000 1.9030 249.05 0.5104
174.3750 -51.6257 0.3087 0.3860 0.3053 0.00000 5.834 1500.0 12.0 0.0000 1.4673 194.93 0.5113
177.1875 -51.6257 0.3322 0.3830 0.2849 0.00000 6.014 1500.0 12.0 0.0000 1.5465 201.07 0.5132
180.0000 -51.6257 0.2423 0.5201 0.2376 0.00000 6.537 1500.0 12.0 0.0000 2.7252 359.99 0.5215
-177.1875 -51.6257 0.2728 0.4960 0.2312 0.00000 6.665 1500.0 12.0 0.0000 3.6807 477.82 0.5508
-174.3750 -51.6257 0.2756 0.4969 0.2275 0.00000 6.698 1500.0 12.0 0.0000 3.1444 406.85 0.5689
-154.6875 -51.6257 0.3836 0.3513 0.2651 0.00000 7.338 1500.0 12.0 0.0000 2.8304 355.32 0.2868
-151.8750 -51.6257 0.3730 0.3651 0.2619 0.00000 7.299 1500.0 12.0 0.0000 2.4792 312.25 0.3095
-149.0625 -51.6257 0.3599 0.3821 0.2580 0.00000 7.253 1500.0 12.0 0.0000 2.6264 332.14 0.3377
-120.9375 -51.6257 0.0330 0.7184 0.2487 0.00000 6.285 1500.0 12.0 0.0000 2.4814 360.87 0.3906
-98.4375 -51.6257 0.2771 0.4299 0.2930 0.00000 5.708 1500.0 12.0 0.0000 1.0206 136.65 0.5838
-95.6250 -51.6257 0.2532 0.4514 0.2954 0.00000 5.893 1500.0 12.0 0.0000 0.5288 71.65 0.6527
-92.8125 -51.6257 0.2766 0.4352 0.2882 0.00000 5.851 1500.0 12.0 0.0000 0.1938 25.89 0.6429
-90.0000 -51.6257 0.3043 0.4151 0.2806 0.00000 6.106 1500.0 12.0 0.0000 0.1404 18.45 0.5769
-87.1875 -51.6257 0.2187 0.4630 0.3183 0.00000 6.423 1500.0 12.0 0.0000 0.1401 19.50 0.5044
-84.3750 -51.6257 0.2507 0.4213 0.3280 0.00000 5.852 1500.0 12.0 0.0000 0.1815 25.03 0.4709
-81.5625 -51.6257 0.2968 0.4132 0.2900 0.00000 6.302 1500.0 12.0 0.0000 0.2647 35.08 0.4970
-78.7500 -51.6257 0.3566 0.3626 0.2808 0.00000 5.730 1500.0 12.0 0.0000 0.4806 61.63 0.5193
-47.8125 -51.6257 0.2324 0.4982 0.2694 0.00000 6.896 1500.0 12.0 0.0000 3.4633 467.25 0.2541
-39.3750 -51.6257 0.3439 0.3910 0.2651 0.00000 7.109 1500.0 12.0 0.0000 2.3980 306.76 0.2862
-8.4375 -51.6257 0.2816 0.4157 0.3027 0.00000 5.972 1500.0 12.0 0.0000 1.1413 153.27 0.5862
-5.6250 -51.6257 0.3822 0.3645 0.2533 0.00000 5.757 1500.0 12.0 0.0000 1.4611 182.36 0.6283
-2.8125 -51.6257 0.4339 0.3515 0.2146 0.00000 5.517 1500.0 12.0 0.0000 4.0080 476.92 0.6573
0.0000 -54.4162 0.3196 0.3918 0.2885 0.00000 5.920 1500.0 12.0 0.0000 2.4952 326.92 0.5736
2.8125 -54.4162 0.3398 0.3802 0.2801 0.00000 5.912 1500.0 12.0 0.0000 3.2054 414.20 0.5806
5.6250 -54.4162 0.3717 0.3607 0.2676 0.00000 5.766 1500.0 12.0 0.0000 3.2903 415.99 0.5699
8.4375 -54.4162 0.4848 0.3034 0.2118 0.00000 5.599 1500.0 12.0 0.0000 3.3240 384.70 0.5505
11.2500 -54.4162 0.4329 0.3208 0.2463 0.00000 5.768 1500.0 12.0 0.0000 2.1720 263.38 0.5174
14.0625 -54.4162 0.3942 0.3311 0.2747 0.00000 5.967 1500.0 12.0 0.0000 2.2741 285.57 0.4798
16.8750 -54.4162 0.3763 0.3357 0.2880 0.00000 6.099 1500.0 12.0 0.0000 3.0662 391.18 0.4519
140.6250 -54.4162 0.0358 0.7069 0.2572 0.00000 6.352 1500.0 12.0 0.0000 3.6524 532.73 0.3305
143.4375 -54.4162 0.0341 0.7139 0.2520 0.00000 6.288 1500.0 12.0 0.0000 3.0842 449.03 0.3672
154.6875 -54.4162 0.3080 0.3864 0.3056 0.00000 5.957 1500.0 12.0 0.0000 0.9630 127.99 0.5035
157.5000 -54.4162 0.3155 0.3840 0.3006 0.00000 5.784 1500.0 12.0 0.0000 0.9256 122.29 0.5045
160.3125 -54.4162 0.4396 0.3131 0.2473 0.00000 5.730 1500.0 12.0 0.0000 0.9849 119.11 0.4878
163.1250 -54.4162 0.4679 0.2956 0.2365 0.00000 5.665 1500.0 12.0 0.0000 1.2992 153.94 0.4743
165.9375 -54.4162 0.4774 0.2934 0.2292 0.00000 5.565 1500.0 12.0 0.0000 2.2244 261.14 0.4735
168.7500 -54.4162 0.4110 0.3339 0.2550 0.00000 5.498 1500.0 12.0 0.0000 3.7945 467.45 0.4770
171.5625 -54.4162 0.3537 0.3591 0.2872 0.00000 5.650 1500.0 12.0 0.0000 2.9613 381.65 0.4837
174.3750 -54.4162 0.3346 0.3644 0.3010 0.00000 5.777 1500.0 12.0 0.0000 2.2933 300.41 0.4961
177.1875 -54.4162 0.3531 0.3556 0.2913 0.00000 5.786 1500.0 12.0 0.0000 2.4290 313.83 0.5110
180.0000 -54.4162 0.4133 0.3374 0.2493 0.00000 5.711 1500.0 12.0 0.0000 2.4842 304.70 0.5243
-165.9375 -54.4162 0.3001 0.4601 0.2398 0.00000 6.871 1500.0 12.0 0.0000 5.0000 643.90 0.4725
-163.1250 -54.4162 0.3415 0.4064 0.2522 0.00000 7.094 1500.0 12.0 0.0000 5.0000 635.82 0.3799
-151.8750 -54.4162 0.4380 0.2806 0.2814 0.00000 7.489 1500.0 12.0 0.0000 5.0000 617.08 0.1736
-137.8125 -54.4162 0.4552 0.2583 0.2865 0.00000 7.522 1500.0 12.0 0.0000 3.8984 478.52 0.1388
-135.0000 -54.4162 0.4592 0.2457 0.2950 0.00000 7.557 1500.0 12.0 0.0000 4.3355 533.69 0.1100
-132.1875 -54.4162 0.4346 0.2480 0.3174 0.00000 7.581 1500.0 12.0 0.0000 2.3418 295.40 0.0628
-98.4375 -54.4162 0.3416 0.3777 0.2808 0.00000 5.749 1500.0 12.0 0.0000 0.4669 60.30 0.4909
-95.6250 -54.4162 0.2158 0.4464 0.3378 0.00000 5.275 1500.0 12.0 0.0000 0.3134 44.10 0.5253
-92.8125 -54.4162 0.2201 0.4440 0.3359 0.00000 5.591 1500.0 12.0 0.0000 0.2264 31.77 0.4884
-90.0000 -54.4162 0.2872 0.3947 0.3181 0.00000 5.628 1500.0 12.0 0.0000 0.2932 39.59 0.4256
-87.1875 -54.4162 0.2391 0.3971 0.3638 0.00000 5.574 1500.0 12.0 0.0000 0.2314 32.66 0.3694
-84.3750 -54.4162 0.3155 0.3643 0.3201 0.00000 5.872 1500.0 12.0 0.0000 0.2947 39.33 0.3611
-81.5625 -54.4162 0.4862 0.2955 0.2183 0.00000 5.734 1500.0 12.0 0.0000 0.3990 46.32 0.4166
-61.8750 -54.4162 0.0429 0.6790 0.2781 0.00000 6.591 1500.0 12.0 0.0000 1.9679 289.07 0.1898
-50.6250 -54.4162 0.2929 0.4255 0.2816 0.00000 6.316 1500.0 12.0 0.0000 0.8244 108.92 0.3445
-47.8125 -54.4162 0.2497 0.4592 0.2911 0.00000 6.536 1500.0 12.0 0.0000 0.5583 75.59 0.3307
-45.0000 -54.4162 0.2555 0.4682 0.2764 0.00000 6.753 1500.0 12.0 0.0000 0.5397 72.32 0.3294
-42.1875 -54.4162 0.2554 0.4660 0.2786 0.00000 7.230 1500.0 12.0 0.0000 0.5477 73.49 0.3352
-39.3750 -54.4162 0.3145 0.4114 0.2741 0.00000 7.010 1500.0 12.0 0.0000 0.6489 84.57 0.3228
-36.5625 -54.4162 0.3755 0.3462 0.2783 0.00000 6.812 1500.0 12.0 0.0000 1.0934 138.81 0.3012
5.6250 -57.2066 0.2750 0.3858 0.3392 0.00000 6.066 1500.0 12.0 0.0000 4.4404 609.41 0.4045
8.4375 -57.2066 0.3112 0.3620 0.3267 0.00000 6.086 1500.0 12.0 0.0000 3.8385 515.11 0.3955
11.2500 -57.2066 0.3747 0.3217 0.3035 0.00000 6.231 1500.0 12.0 0.0000 2.9142 375.24 0.3825
14.0625 -57.2066 0.3701 0.3331 0.2968 0.00000 6.335 1500.0 12.0 0.0000 3.0874 396.94 0.3759
115.3125 -57.2066 0.2689 0.4780 0.2531 0.00000 6.706 1500.0 12.0 0.0000 1.9341 254.49 0.3717
151.8750 -57.2066 0.3019 0.4079 0.2902 0.00000 6.269 1500.0 12.0 0.0000 0.4902 64.80 0.5019
154.6875 -57.2066 0.2945 0.4003 0.3052 0.00000 5.835 1500.0 12.0 0.0000 0.2119 28.33 0.5221
157.5000 -57.2066 0.4991 0.2939 0.2070 0.00000 5.301 1500.0 12.0 0.0000 0.4386 50.24 0.5050
160.3125 -57.2066 0.4179 0.3502 0.2320 0.00000 6.344 1500.0 12.0 0.0000 0.1835 22.23 0.4637
163.1250 -57.2066 0.4621 0.3059 0.2319 0.00000 5.916 1500.0 12.0 0.0000 0.1917 22.72 0.4202
165.9375 -57.2066 0.4881 0.2764 0.2355 0.00000 5.613 1500.0 12.0 0.0000 0.2290 26.83 0.4037
168.7500 -57.2066 0.5322 0.2543 0.2135 0.00000 5.544 1500.0 12.0 0.0000 0.4608 52.07 0.4045
171.5625 -57.2066 0.5159 0.2738 0.2104 0.00000 5.891 1500.0 12.0 0.0000 1.3581 154.52 0.4185
174.3750 -57.2066 0.4831 0.2845 0.2325 0.00000 5.790 1500.0 12.0 0.0000 1.8882 221.46 0.4331
177.1875 -57.2066 0.4486 0.2985 0.2529 0.00000 5.655 1500.0 12.0 0.0000 3.1094 375.59 0.4469
180.0000 -57.2066 0.3526 0.3518 0.2956 0.00000 5.735 1500.0 12.0 0.0000 3.1082 402.62 0.4526
-177.1875 -57.2066 0.3358 0.3685 0.2957 0.00000 5.888 1500.0 12.0 0.0000 1.8480 241.26 0.4623
-165.9375 -57.2066 0.3485 0.3971 0.2544 0.00000 6.974 1500.0 12.0 0.0000 4.0185 509.95 0.3632
-163.1250 -57.2066 0.3842 0.3506 0.2652 0.00000 7.185 1500.0 12.0 0.0000 4.5359 569.32 0.2857
-154.6875 -57.2066 0.3690 0.3629 0.2681 0.00000 7.337 1500.0 12.0 0.0000 4.3965 556.72 0.2916
-151.8750 -57.2066 0.3244 0.4192 0.2564 0.00000 7.159 1500.0 12.0 0.0000 2.5618 329.14 0.3880
-140.6250 -57.2066 0.3268 0.4252 0.2480 0.00000 6.871 1500.0 12.0 0.0000 1.1936 152.49 0.4106
-123.7500 -57.2066 0.3950 0.3470 0.2581 0.00000 6.752 1500.0 12.0 0.0000 3.5364 439.81 0.3204
-120.9375 -57.2066 0.3815 0.3264 0.2922 0.00000 6.020 1500.0 12.0 0.0000 2.3720 302.58 0.3370
-118.1250 -57.2066 0.3333 0.3387 0.3280 0.00000 6.283 1500.0 12.0 0.0000 1.0300 136.94 0.3244
-115.3125 -57.2066 0.3324 0.3340 0.3336 0.00000 6.738 1500.0 12.0 0.0000 0.8856 118.14 0.2716
-106.8750 -57.2066 0.4170 0.2652 0.3178 0.00000 6.499 1500.0 12.0 0.0000 1.8138 230.77 0.1932
-104.0625 -57.2066 0.3960 0.2818 0.3222 0.00000 6.362 1500.0 12.0 0.0000 1.0353 133.34 0.2255
-101.2500 -57.2066 0.4030 0.2914 0.3057 0.00000 6.063 1500.0 12.0 0.0000 0.5346 68.02 0.2838
-98.4375 -57.2066 0.4236 0.2955 0.2809 0.00000 5.712 1500.0 12.0 0.0000 0.3749 46.58 0.3499
-95.6250 -57.2066 0.5086 0.2610 0.2304 0.00000 5.376 1500.0 12.0 0.0000 0.5252 60.72 0.3897
-92.8125 -57.2066 0.5788 0.2259 0.1953 0.00000 5.278 1500.0 12.0 0.0000 0.7742 84.34 0.3791
-90.0000 -57.2066 0.5259 0.2464 0.2277 0.00000 5.354 1500.0 12.0 0.0000 0.5178 59.23 0.3519
-87.1875 -57.2066 0.2827 0.3610 0.3563 0.00000 5.590 1500.0 12.0 0.0000 0.2173 29.98 0.3268
-84.3750 -57.2066 0.3554 0.3298 0.3148 0.00000 5.612 1500.0 12.0 0.0000 0.3020 39.47 0.3391
-81.5625 -57.2066 0.3598 0.3490 0.2912 0.00000 5.699 1500.0 12.0 0.0000 0.2465 31.75 0.4090
-64.6875 -57.2066 0.0495 0.6525 0.2979 0.00000 6.800 1500.0 12.0 0.0000 0.3963 58.61 0.0628
-61.8750 -57.2066 0.0478 0.6590 0.2931 0.00000 6.748 1500.0 12.0 0.0000 0.7120 105.12 0.0931
-53.4375 -57.2066 0.3723 0.3033 0.3244 0.00000 6.149 1500.0 12.0 0.0000 0.5854 76.32 0.2744
-50.6250 -57.2066 0.3220 0.3493 0.3287 0.00000 6.262 1500.0 12.0 0.0000 0.5163 69.02 0.3091
-47.8125 -57.2066 0.3215 0.3787 0.2998 0.00000 7.220 1500.0 12.0 0.0000 0.3262 42.96 0.3350
-45.0000 -57.2066 0.2400 0.4324 0.3275 0.00000 7.659 1500.0 12.0 0.0000 0.2006 27.80 0.3785
-42.1875 -57.2066 0.2624 0.4324 0.3052 0.00000 6.783 1500.0 12.0 0.0000 0.1960 26.58 0.4323
-39.3750 -57.2066 0.3521 0.3689 0.2790 0.00000 5.627 1500.0 12.0 0.0000 0.2378 30.54 0.4794
-36.5625 -57.2066 0.4535 0.3247 0.2218 0.00000 5.557 1500.0 12.0 0.0000 0.6024 71.27 0.4880
0.0000 -59.9970 0.5614 0.2212 0.2175 0.00000 6.337 1500.0 12.0 0.0000 3.7990 423.74 0.2635
2.8125 -59.9970 0.5633 0.1904 0.2463 0.00000 6.574 1500.0 12.0 0.0000 4.5634 517.69 0.1439
8.4375 -59.9970 0.4544 0.2215 0.3241 0.00000 7.020 1500.0 12.0 0.0000 0.4579 57.43 0.0628
70.3125 -59.9970 0.3181 0.3184 0.3636 0.00000 6.273 1500.0 12.0 0.0000 1.6589 226.22 0.2061
73.1250 -59.9970 0.3614 0.2953 0.3433 0.00000 6.674 1500.0 12.0 0.0000 1.2395 164.05 0.1868
75.9375 -59.9970 0.3280 0.3200 0.3520 0.00000 8.009 1500.0 12.0 0.0000 1.5629 210.93 0.1425
78.7500 -59.9970 0.4366 0.2472 0.3162 0.00000 6.857 1500.0 12.0 0.0000 2.0925 263.53 0.1288
81.5625 -59.9970 0.3739 0.2682 0.3579 0.00000 6.551 1500.0 12.0 0.0000 2.0558 272.65 0.1186
90.0000 -59.9970 0.3117 0.2932 0.3952 0.00000 6.518 1500.0 12.0 0.0000 1.4351 199.42 0.1073
92.8125 -59.9970 0.3902 0.2694 0.3404 0.00000 6.469 1500.0 12.0 0.0000 0.7727 100.78 0.1550
95.6250 -59.9970 0.4822 0.2372 0.2807 0.00000 6.149 1500.0 12.0 0.0000 0.6965 84.08 0.2111
98.4375 -59.9970 0.4657 0.2569 0.2774 0.00000 5.975 1500.0 12.0 0.0000 0.4835 58.73 0.2644
101.2500 -59.9970 0.3099 0.3447 0.3454 0.00000 5.873 1500.0 12.0 0.0000 0.3448 46.75 0.3061
104.0625 -59.9970 0.2606 0.3812 0.3582 0.00000 5.701 1500.0 12.0 0.0000 0.3040 42.39 0.3514
106.8750 -59.9970 0.3919 0.3280 0.2801 0.00000 5.824 1500.0 12.0 0.0000 0.3705 46.72 0.3755
109.6875 -59.9970 0.3446 0.3688 0.2866 0.00000 7.115 1500.0 12.0 0.0000 0.2612 33.79 0.3894
112.5000 -59.9970 0.3159 0.3741 0.3100 0.00000 6.855 1500.0 12.0 0.0000 0.3227 42.83 0.3893
151.8750 -59.9970 0.2938 0.3865 0.3198 0.00000 5.500 1500.0 12.0 0.0000 0.2243 30.23 0.4369
154.6875 -59.9970 0.2826 0.3822 0.3353 0.00000 5.507 1500.0 12.0 0.0000 0.1528 20.86 0.4147
157.5000 -59.9970 0.3306 0.3526 0.3168 0.00000 5.433 1500.0 12.0 0.0000 0.2091 27.68 0.3768
160.3125 -59.9970 0.4984 0.2567 0.2449 0.00000 5.432 1500.0 12.0 0.0000 0.2980 34.93 0.3374
163.1250 -59.9970 0.5725 0.2135 0.2140 0.00000 5.536 1500.0 12.0 0.0000 0.2344 25.93 0.3139
165.9375 -59.9970 0.4668 0.2650 0.2682 0.00000 5.852 1500.0 12.0 0.0000 0.1339 16.17 0.3076
168.7500 -59.9970 0.4421 0.2822 0.2757 0.00000 5.897 1500.0 12.0 0.0000 0.1917 23.54 0.3194
171.5625 -59.9970 0.5191 0.2471 0.2338 0.00000 5.734 1500.0 12.0 0.0000 0.5617 64.72 0.3323
174.3750 -59.9970 0.5839 0.2160 0.2001 0.00000 5.638 1500.0 12.0 0.0000 1.7204 187.48 0.3367
177.1875 -59.9970 0.6107 0.2008 0.1885 0.00000 5.637 1500.0 12.0 0.0000 2.9154 310.63 0.3360
180.0000 -59.9970 0.5567 0.2269 0.2164 0.00000 5.762 1500.0 12.0 0.0000 3.4162 381.74 0.3308
-177.1875 -59.9970 0.3619 0.3217 0.3164 0.00000 5.894 1500.0 12.0 0.0000 1.5179 197.99 0.3331
-174.3750 -59.9970 0.2678 0.3700 0.3622 0.00000 5.920 1500.0 12.0 0.0000 1.5464 215.39 0.3217
-171.5625 -59.9970 0.2801 0.3670 0.3529 0.00000 6.154 1500.0 12.0 0.0000 1.4964 206.34 0.2981
-168.7500 -59.9970 0.3311 0.3462 0.3227 0.00000 6.540 1500.0 12.0 0.0000 1.9020 252.44 0.2592
-165.9375 -59.9970 0.3899 0.3205 0.2896 0.00000 7.076 1500.0 12.0 0.0000 2.0967 266.03 0.2270
-163.1250 -59.9970 0.4214 0.3023 0.2764 0.00000 7.277 1500.0 12.0 0.0000 2.3979 297.49 0.2080
-160.3125 -59.9970 0.4008 0.3208 0.2784 0.00000 7.386 1500.0 12.0 0.0000 1.7618 221.00 0.2189
-151.8750 -59.9970 0.3348 0.4138 0.2513 0.00000 6.817 1500.0 12.0 0.0000 0.9574 122.08 0.3903
-149.0625 -59.9970 0.3033 0.4455 0.2512 0.00000 6.852 1500.0 12.0 0.0000 0.6340 82.03 0.4295
-146.2500 -59.9970 0.3157 0.4396 0.2447 0.00000 6.623 1500.0 12.0 0.0000 0.6037 77.39 0.4356
-140.6250 -59.9970 0.3547 0.3797 0.2656 0.00000 6.216 1500.0 12.0 0.0000 0.4546 57.87 0.3952
-137.8125 -59.9970 0.3545 0.3594 0.2861 0.00000 6.553 1500.0 12.0 0.0000 0.2493 32.10 0.3597
-135.0000 -59.9970 0.3155 0.3811 0.3034 0.00000 6.490 1500.0 12.0 0.0000 0.5453 72.15 0.3222
-132.1875 -59.9970 0.3379 0.3481 0.3140 0.00000 6.845 1500.0 12.0 0.0000 0.4507 59.36 0.2978
-129.3750 -59.9970 0.3786 0.3081 0.3133 0.00000 6.190 1500.0 12.0 0.0000 0.7590 98.07 0.2872
-123.7500 -59.9970 0.3814 0.3178 0.3008 0.00000 6.436 1500.0 12.0 0.0000 1.4682 188.17 0.2832
-120.9375 -59.9970 0.2849 0.3565 0.3586 0.00000 6.252 1500.0 12.0 0.0000 1.2394 171.04 0.2803
-118.1250 -59.9970 0.2637 0.3645 0.3718 0.00000 6.099 1500.0 12.0 0.0000 1.0478 146.90 0.2775
-115.3125 -59.9970 0.4328 0.2718 0.2955 0.00000 6.027 1500.0 12.0 0.0000 1.0569 131.82 0.2576
-112.5000 -59.9970 0.6082 0.1839 0.2079 0.00000 5.940 1500.0 12.0 0.0000 1.8091 195.49 0.2396
-109.6875 -59.9970 0.6213 0.1728 0.2059 0.00000 6.006 1500.0 12.0 0.0000 2.3614 252.98 0.2132
-106.8750 -59.9970 0.6156 0.1718 0.2126 0.00000 6.068 1500.0 12.0 0.0000 2.1058 227.31 0.1969
-104.0625 -59.9970 0.6242 0.1686 0.2072 0.00000 6.021 1500.0 12.0 0.0000 2.9356 314.26 0.2018
-101.2500 -59.9970 0.6337 0.1703 0.1960 0.00000 5.866 1500.0 12.0 0.0000 2.0181 213.32 0.2308
-98.4375 -59.9970 0.5789 0.2103 0.2108 0.00000 6.055 1500.0 12.0 0.0000 0.9149 100.66 0.2698
-95.6250 -59.9970 0.5919 0.2046 0.2035 0.00000 5.627 1500.0 12.0 0.0000 0.7218 78.48 0.2970
-92.8125 -59.9970 0.5251 0.2396 0.2353 0.00000 5.704 1500.0 12.0 0.0000 0.2845 32.71 0.3100
-90.0000 -59.9970 0.5922 0.2068 0.2009 0.00000 5.524 1500.0 12.0 0.0000 0.5055 54.86 0.3158
-87.1875 -59.9970 0.3801 0.3118 0.3081 0.00000 5.631 1500.0 12.0 0.0000 0.4012 51.66 0.3092
-84.3750 -59.9970 0.2729 0.3665 0.3605 0.00000 5.731 1500.0 12.0 0.0000 0.2620 36.39 0.3190
-81.5625 -59.9970 0.3156 0.3600 0.3244 0.00000 5.566 1500.0 12.0 0.0000 0.3594 48.08 0.3639
-78.7500 -59.9970 0.5349 0.2630 0.2021 0.00000 5.511 1500.0 12.0 0.0000 0.9320 104.43 0.3913
-56.2500 -59.9970 0.4268 0.2375 0.3358 0.00000 6.937 1500.0 12.0 0.0000 0.6041 77.27 0.0628
-53.4375 -59.9970 0.3333 0.2797 0.3870 0.00000 6.868 1500.0 12.0 0.0000 1.0558 144.74 0.0808
-50.6250 -59.9970 0.2926 0.3276 0.3799 0.00000 6.575 1500.0 12.0 0.0000 0.7579 105.37 0.1834
-47.8125 -59.9970 0.3005 0.3531 0.3464 0.00000 6.536 1500.0 12.0 0.0000 0.3860 52.58 0.2769
-45.0000 -59.9970 0.2821 0.3832 0.3347 0.00000 6.101 1500.0 12.0 0.0000 0.2508 34.23 0.3702
-42.1875 -59.9970 0.2442 0.4182 0.3376 0.00000 5.732 1500.0 12.0 0.0000 0.2082 28.94 0.4436
-39.3750 -59.9970 0.2097 0.4515 0.3387 0.00000 5.588 1500.0 12.0 0.0000 0.1982 27.97 0.4988
-36.5625 -59.9970 0.3108 0.4061 0.2831 0.00000 5.375 1500.0 12.0 0.0000 0.2163 28.37 0.5464
-33.7500 -59.9970 0.4099 0.3562 0.2339 0.00000 5.498 1500.0 12.0 0.0000 0.2396 29.18 0.5728
-2.8125 -59.9970 0.5364 0.2637 0.1999 0.00000 6.042 1500.0 12.0 0.0000 3.8445 429.84 0.3897
64.6875 -62.7874 0.4374 0.2817 0.2809 0.00000 6.642 1500.0 12.0 0.0000 0.7703 95.07 0.2475
67.5000 -62.7874 0.4071 0.2886 0.3042 0.00000 6.402 1500.0 12.0 0.0000 1.3054 165.62 0.2247
70.3125 -62.7874 0.2774 0.3375 0.3851 0.00000 6.173 1500.0 12.0 0.0000 1.3737 192.75 0.2063
73.1250 -62.7874 0.2702 0.3357 0.3941 0.00000 6.434 1500.0 12.0 0.0000 1.8474 261.17 0.1756
75.9375 -62.7874 0.4311 0.2589 0.3100 0.00000 7.223 1500.0 12.0 0.0000 1.9593 246.55 0.1329
78.7500 -62.7874 0.6446 0.1368 0.2186 0.00000 6.348 1500.0 12.0 0.0000 3.5538 378.94 0.0976
81.5625 -62.7874 0.5817 0.1593 0.2590 0.00000 6.575 1500.0 12.0 0.0000 1.2931 146.41 0.0628
84.3750 -62.7874 0.5862 0.1573 0.2565 0.00000 6.576 1500.0 12.0 0.0000 2.0017 225.75 0.0628
95.6250 -62.7874 0.6456 0.1622 0.1922 0.00000 5.836 1500.0 12.0 0.0000 1.8712 195.95 0.2171
98.4375 -62.7874 0.6272 0.1782 0.1946 0.00000 5.690 1500.0 12.0 0.0000 1.5273 161.88 0.2568
101.2500 -62.7874 0.3995 0.2936 0.3068 0.00000 5.701 1500.0 12.0 0.0000 0.7759 98.93 0.2889
104.0625 -62.7874 0.3118 0.3458 0.3424 0.00000 5.727 1500.0 12.0 0.0000 0.5331 72.11 0.3257
106.8750 -62.7874 0.4076 0.3142 0.2782 0.00000 5.977 1500.0 12.0 0.0000 0.6381 79.77 0.3537
109.6875 -62.7874 0.3778 0.3402 0.2820 0.00000 6.538 1500.0 12.0 0.0000 0.4259 54.12 0.3688
112.5000 -62.7874 0.3238 0.3675 0.3087 0.00000 6.676 1500.0 12.0 0.0000 0.3890 51.42 0.3709
151.8750 -62.7874 0.4568 0.2898 0.2533 0.00000 5.534 1500.0 12.0 0.0000 0.5962 71.73 0.3479
154.6875 -62.7874 0.4200 0.2924 0.2876 0.00000 5.642 1500.0 12.0 0.0000 0.3128 39.08 0.3000
157.5000 -62.7874 0.3225 0.3277 0.3498 0.00000 5.755 1500.0 12.0 0.0000 0.2297 31.04 0.2611
160.3125 -62.7874 0.2939 0.3306 0.3754 0.00000 5.837 1500.0 12.0 0.0000 0.1631 22.61 0.2346
163.1250 -62.7874 0.5421 0.2104 0.2475 0.00000 5.746 1500.0 12.0 0.0000 0.4108 47.16 0.2274
165.9375 -62.7874 0.6182 0.1777 0.2041 0.00000 5.722 1500.0 12.0 0.0000 0.4495 48.19 0.2404
168.7500 -62.7874 0.4743 0.2562 0.2695 0.00000 5.942 1500.0 12.0 0.0000 0.2536 30.53 0.2687
171.5625 -62.7874 0.4422 0.2768 0.2810 0.00000 5.976 1500.0 12.0 0.0000 0.2820 34.72 0.2905
174.3750 -62.7874 0.5227 0.2343 0.2430 0.00000 5.894 1500.0 12.0 0.0000 0.4231 48.93 0.2835
177.1875 -62.7874 0.4977 0.2432 0.2590 0.00000 6.061 1500.0 12.0 0.0000 0.5263 62.24 0.2645
180.0000 -62.7874 0.5659 0.2045 0.2296 0.00000 6.047 1500.0 12.0 0.0000 0.7359 82.51 0.2358
-177.1875 -62.7874 0.5877 0.1869 0.2254 0.00000 6.097 1500.0 12.0 0.0000 0.8253 91.21 0.2072
-174.3750 -62.7874 0.4250 0.2672 0.3078 0.00000 6.710 1500.0 12.0 0.0000 0.7525 94.85 0.1810
-171.5625 -62.7874 0.3053 0.3414 0.3533 0.00000 7.670 1500.0 12.0 0.0000 0.7250 98.90 0.1707
-168.7500 -62.7874 0.3577 0.3130 0.3293 0.00000 7.689 1500.0 12.0 0.0000 1.2993 170.96 0.1628
-165.9375 -62.7874 0.3464 0.3249 0.3287 0.00000 7.626 1500.0 12.0 0.0000 1.6674 220.47 0.1686
-163.1250 -62.7874 0.3941 0.2973 0.3086 0.00000 6.787 1500.0 12.0 0.0000 2.4889 318.47 0.1950
-160.3125 -62.7874 0.3754 0.3262 0.2984 0.00000 6.990 1500.0 12.0 0.0000 1.1578 148.62 0.2306
-157.5000 -62.7874 0.3590 0.3533 0.2877 0.00000 6.940 1500.0 12.0 0.0000 0.8435 108.48 0.2709
-149.0625 -62.7874 0.4435 0.3216 0.2349 0.00000 6.271 1500.0 12.0 0.0000 0.6099 73.09 0.3374
-146.2500 -62.7874 0.3921 0.3383 0.2696 0.00000 6.144 1500.0 12.0 0.0000 0.3695 46.31 0.3374
-143.4375 -62.7874 0.3448 0.3418 0.3135 0.00000 5.780 1500.0 12.0 0.0000 0.2735 35.90 0.3341
-140.6250 -62.7874 0.2650 0.4065 0.3285 0.00000 7.049 1500.0 12.0 0.0000 0.1784 24.46 0.3216
-137.8125 -62.7874 0.3322 0.3780 0.2897 0.00000 6.689 1500.0 12.0 0.0000 0.3677 47.92 0.3106
-135.0000 -62.7874 0.3844 0.3492 0.2665 0.00000 6.567 1500.0 12.0 0.0000 0.6093 76.52 0.2998
-132.1875 -62.7874 0.4818 0.2676 0.2505 0.00000 6.062 1500.0 12.0 0.0000 0.5846 69.35 0.2850
-129.3750 -62.7874 0.4751 0.2616 0.2633 0.00000 6.324 1500.0 12.0 0.0000 0.5987 71.80 0.2678
-126.5625 -62.7874 0.4798 0.2533 0.2669 0.00000 6.251 1500.0 12.0 0.0000 0.9288 111.35 0.2542
-123.7500 -62.7874 0.4316 0.2858 0.2827 0.00000 6.816 1500.0 12.0 0.0000 0.7848 97.23 0.2423
-120.9375 -62.7874 0.4374 0.2655 0.2971 0.00000 6.158 1500.0 12.0 0.0000 0.9202 114.61 0.2229
-118.1250 -62.7874 0.5040 0.2276 0.2684 0.00000 6.015 1500.0 12.0 0.0000 1.0785 127.85 0.2104
-115.3125 -62.7874 0.6113 0.1709 0.2178 0.00000 6.087 1500.0 12.0 0.0000 1.0178 110.50 0.1844
-112.5000 -62.7874 0.6010 0.1748 0.2242 0.00000 6.155 1500.0 12.0 0.0000 1.0005 109.69 0.1766
-109.6875 -62.7874 0.5626 0.1949 0.2424 0.00000 6.221 1500.0 12.0 0.0000 1.2861 145.61 0.1766
-106.8750 -62.7874 0.5417 0.2048 0.2535 0.00000 6.269 1500.0 12.0 0.0000 1.1205 129.13 0.1742
-104.0625 -62.7874 0.5649 0.1931 0.2420 0.00000 6.215 1500.0 12.0 0.0000 1.4601 165.05 0.1742
-101.2500 -62.7874 0.5445 0.2047 0.2509 0.00000 6.236 1500.0 12.0 0.0000 1.5606 179.30 0.1814
-98.4375 -62.7874 0.4362 0.2680 0.2958 0.00000 6.658 1500.0 12.0 0.0000 0.5468 68.10 0.2037
-95.6250 -62.7874 0.4611 0.2541 0.2848 0.00000 6.211 1500.0 12.0 0.0000 0.3058 37.39 0.2223
-92.8125 -62.7874 0.5053 0.2344 0.2604 0.00000 6.068 1500.0 12.0 0.0000 0.2541 29.96 0.2350
-90.0000 -62.7874 0.6148 0.1804 0.2047 0.00000 5.778 1500.0 12.0 0.0000 0.6779 72.83 0.2409
-87.1875 -62.7874 0.4170 0.2710 0.3120 0.00000 5.933 1500.0 12.0 0.0000 0.3368 42.71 0.2306
-84.3750 -62.7874 0.2787 0.3390 0.3823 0.00000 6.005 1500.0 12.0 0.0000 0.2657 37.20 0.2345
-81.5625 -62.7874 0.3246 0.3211 0.3542 0.00000 6.050 1500.0 12.0 0.0000 0.4520 61.16 0.2291
-78.7500 -62.7874 0.4326 0.2661 0.3013 0.00000 6.157 1500.0 12.0 0.0000 1.0815 135.33 0.2007
-59.0625 -62.7874 0.4271 0.2335 0.3394 0.00000 6.713 1500.0 12.0 0.0000 0.9656 123.72 0.0768
-56.2500 -62.7874 0.3946 0.2541 0.3513 0.00000 6.894 1500.0 12.0 0.0000 0.7370 96.48 0.0882
-53.4375 -62.7874 0.3911 0.2553 0.3537 0.00000 6.874 1500.0 12.0 0.0000 0.5041 66.18 0.0944
-50.6250 -62.7874 0.4342 0.2391 0.3267 0.00000 7.284 1500.0 12.0 0.0000 0.2206 27.98 0.0628
-47.8125 -62.7874 0.4956 0.2338 0.2706 0.00000 6.811 1500.0 12.0 0.0000 0.6653 79.30 0.1675
-45.0000 -62.7874 0.3151 0.3606 0.3243 0.00000 7.094 1500.0 12.0 0.0000 0.3075 41.14 0.2741
-42.1875 -62.7874 0.2203 0.4275 0.3522 0.00000 7.100 1500.0 12.0 0.0000 0.2201 31.13 0.3419
-39.3750 -62.7874 0.2243 0.4190 0.3567 0.00000 5.849 1500.0 12.0 0.0000 0.2394 33.87 0.3941
-36.5625 -62.7874 0.2718 0.4117 0.3166 0.00000 6.001 1500.0 12.0 0.0000 0.2357 32.02 0.4422
-33.7500 -62.7874 0.3280 0.3811 0.2909 0.00000 5.427 1500.0 12.0 0.0000 0.4760 62.20 0.4849
-30.9375 -62.7874 0.3737 0.3647 0.2616 0.00000 5.332 1500.0 12.0 0.0000 0.4814 60.61 0.5149
-28.1250 -62.7874 0.2658 0.4281 0.3061 0.00000 5.285 1500.0 12.0 0.0000 0.3651 49.46 0.5337
-25.3125 -62.7874 0.2520 0.4534 0.2947 0.00000 6.105 1500.0 12.0 0.0000 0.2804 38.00 0.5395
-22.5000 -62.7874 0.2537 0.4569 0.2894 0.00000 6.436 1500.0 12.0 0.0000 0.1937 26.16 0.5333
-19.6875 -62.7874 0.4117 0.3666 0.2217 0.00000 5.840 1500.0 12.0 0.0000 0.3248 39.25 0.5193
-14.0625 -62.7874 0.4013 0.3516 0.2471 0.00000 5.508 1500.0 12.0 0.0000 0.3219 39.67 0.4942
-11.2500 -62.7874 0.4477 0.3184 0.2339 0.00000 5.578 1500.0 12.0 0.0000 0.3802 45.43 0.4808
-8.4375 -62.7874 0.5219 0.2821 0.1960 0.00000 5.681 1500.0 12.0 0.0000 1.2833 144.26 0.4505
-5.6250 -62.7874 0.5324 0.2596 0.2080 0.00000 5.964 1500.0 12.0 0.0000 2.2171 249.68 0.3739
-2.8125 -62.7874 0.5249 0.2322 0.2429 0.00000 6.379 1500.0 12.0 0.0000 2.8134 324.97 0.2402
61.8750 -65.5776 0.4351 0.2846 0.2803 0.00000 6.111 1500.0 12.0 0.0000 0.7534 93.06 0.2886
64.6875 -65.5776 0.4480 0.2693 0.2827 0.00000 6.078 1500.0 12.0 0.0000 0.5632 69.23 0.2758
67.5000 -65.5776 0.4264 0.2836 0.2899 0.00000 6.012 1500.0 12.0 0.0000 1.2402 154.67 0.2561
70.3125 -65.5776 0.2666 0.3491 0.3843 0.00000 6.125 1500.0 12.0 0.0000 1.1809 166.39 0.2235
73.1250 -65.5776 0.2716 0.3358 0.3926 0.00000 6.201 1500.0 12.0 0.0000 1.6568 233.92 0.1850
75.9375 -65.5776 0.4468 0.2383 0.3149 0.00000 6.239 1500.0 12.0 0.0000 2.0731 259.63 0.1401
78.7500 -65.5776 0.6135 0.1582 0.2283 0.00000 6.309 1500.0 12.0 0.0000 1.7967 196.15 0.1213
81.5625 -65.5776 0.6175 0.1525 0.2300 0.00000 6.386 1500.0 12.0 0.0000 1.9897 216.97 0.1033
84.3750 -65.5776 0.6414 0.1393 0.2193 0.00000 6.365 1500.0 12.0 0.0000 3.4609 369.84 0.0976
87.1875 -65.5776 0.5992 0.1642 0.2366 0.00000 6.372 1500.0 12.0 0.0000 1.7868 197.64 0.1154
95.6250 -65.5776 0.5126 0.2269 0.2606 0.00000 6.104 1500.0 12.0 0.0000 0.5705 67.03 0.2117
98.4375 -65.5776 0.6250 0.1752 0.1997 0.00000 5.777 1500.0 12.0 0.0000 1.4393 153.26 0.2328
101.2500 -65.5776 0.5440 0.2195 0.2365 0.00000 5.696 1500.0 12.0 0.0000 1.1127 126.75 0.2600
104.0625 -65.5776 0.2947 0.3498 0.3555 0.00000 5.850 1500.0 12.0 0.0000 0.4434 60.83 0.2890
106.8750 -65.5776 0.2866 0.3697 0.3437 0.00000 6.377 1500.0 12.0 0.0000 0.3476 47.57 0.3171
109.6875 -65.5776 0.3030 0.3580 0.3390 0.00000 5.985 1500.0 12.0 0.0000 0.5174 70.13 0.3223
112.5000 -65.5776 0.3634 0.3335 0.3031 0.00000 6.412 1500.0 12.0 0.0000 0.5876 76.05 0.3180
115.3125 -65.5776 0.2128 0.5015 0.2856 0.00000 6.323 1500.0 12.0 0.0000 0.5969 81.91 0.3010
120.9375 -65.5776 0.0632 0.6502 0.2866 0.00000 6.833 1500.0 12.0 0.0000 0.8882 129.91 0.2115
123.7500 -65.5776 0.0474 0.6607 0.2919 0.00000 6.738 1500.0 12.0 0.0000 1.3046 192.54 0.1013
151.8750 -65.5776 0.4621 0.2665 0.2715 0.00000 5.834 1500.0 12.0 0.0000 0.3361 40.76 0.2760
154.6875 -65.5776 0.4793 0.2463 0.2744 0.00000 5.921 1500.0 12.0 0.0000 0.1559 18.78 0.2493
157.5000 -65.5776 0.4256 0.2688 0.3057 0.00000 5.935 1500.0 12.0 0.0000 0.1354 17.04 0.2280
160.3125 -65.5776 0.3092 0.3199 0.3709 0.00000 5.933 1500.0 12.0 0.0000 0.1505 20.68 0.2182
163.1250 -65.5776 0.5139 0.2232 0.2628 0.00000 5.796 1500.0 12.0 0.0000 0.2613 30.72 0.2215
165.9375 -65.5776 0.6435 0.1651 0.1914 0.00000 5.653 1500.0 12.0 0.0000 0.6018 63.06 0.2358
168.7500 -65.5776 0.5989 0.1931 0.2079 0.00000 5.664 1500.0 12.0 0.0000 0.4438 48.20 0.2610
171.5625 -65.5776 0.5104 0.2395 0.2501 0.00000 5.847 1500.0 12.0 0.0000 0.2919 34.12 0.2731
174.3750 -65.5776 0.4481 0.2677 0.2842 0.00000 6.092 1500.0 12.0 0.0000 0.2502 30.78 0.2575
177.1875 -65.5776 0.4569 0.2561 0.2870 0.00000 6.265 1500.0 12.0 0.0000 0.3439 42.19 0.2197
180.0000 -65.5776 0.4708 0.2381 0.2911 0.00000 6.488 1500.0 12.0 0.0000 0.4239 51.77 0.1648
-177.1875 -65.5776 0.4803 0.2256 0.2940 0.00000 6.624 1500.0 12.0 0.0000 0.3930 47.85 0.1266
-174.3750 -65.5776 0.5185 0.1981 0.2834 0.00000 6.899 1500.0 12.0 0.0000 0.2882 34.21 0.0744
-171.5625 -65.5776 0.5878 0.1691 0.2431 0.00000 7.000 1500.0 12.0 0.0000 0.6799 75.98 0.0808
-168.7500 -65.5776 0.6023 0.1689 0.2288 0.00000 6.765 1500.0 12.0 0.0000 1.4465 158.94 0.1252
-165.9375 -65.5776 0.5748 0.1960 0.2291 0.00000 6.625 1500.0 12.0 0.0000 2.3672 264.06 0.1771
-163.1250 -65.5776 0.4484 0.2752 0.2764 0.00000 6.872 1500.0 12.0 0.0000 1.0469 128.19 0.2362
-160.3125 -65.5776 0.3717 0.3233 0.3050 0.00000 6.703 1500.0 12.0 0.0000 0.4405 56.84 0.2933
-157.5000 -65.5776 0.3337 0.3509 0.3154 0.00000 6.548 1500.0 12.0 0.0000 0.2731 36.07 0.3434
-154.6875 -65.5776 0.3740 0.3239 0.3021 0.00000 5.752 1500.0 12.0 0.0000 0.2344 30.17 0.3767
-151.8750 -65.5776 0.3590 0.3515 0.2894 0.00000 5.937 1500.0 12.0 0.0000 0.2960 38.09 0.3845
-149.0625 -65.5776 0.2893 0.3792 0.3316 0.00000 5.883 1500.0 12.0 0.0000 0.2633 35.78 0.3730
-146.2500 -65.5776 0.2742 0.3884 0.3374 0.00000 5.874 1500.0 12.0 0.0000 0.3319 45.53 0.3502
-143.4375 -65.5776 0.3034 0.3861 0.3105 0.00000 6.561 1500.0 12.0 0.0000 0.3321 44.34 0.3285
-140.6250 -65.5776 0.3327 0.3644 0.3028 0.00000 7.003 1500.0 12.0 0.0000 0.2426 31.83 0.3157
-137.8125 -65.5776 0.4697 0.2736 0.2567 0.00000 5.962 1500.0 12.0 0.0000 0.3539 42.39 0.3048
-135.0000 -65.5776 0.4980 0.2483 0.2537 0.00000 5.798 1500.0 12.0 0.0000 0.3385 39.91 0.2846
-132.1875 -65.5776 0.4953 0.2465 0.2583 0.00000 5.893 1500.0 12.0 0.0000 0.2891 34.21 0.2670
-129.3750 -65.5776 0.5341 0.2222 0.2437 0.00000 5.938 1500.0 12.0 0.0000 0.4174 48.00 0.2418
-126.5625 -65.5776 0.5942 0.1859 0.2200 0.00000 5.973 1500.0 12.0 0.0000 0.8979 98.54 0.2087
-123.7500 -65.5776 0.5716 0.1903 0.2381 0.00000 6.181 1500.0 12.0 0.0000 0.8728 98.08 0.1755
-120.9375 -65.5776 0.5183 0.2104 0.2713 0.00000 6.434 1500.0 12.0 0.0000 0.5135 60.54 0.1453
-118.1250 -65.5776 0.5104 0.2123 0.2773 0.00000 6.496 1500.0 12.0 0.0000 0.4538 53.91 0.1347
-115.3125 -65.5776 0.4803 0.2259 0.2939 0.00000 6.583 1500.0 12.0 0.0000 0.4081 49.68 0.1287
-112.5000 -65.5776 0.4821 0.2237 0.2942 0.00000 6.595 1500.0 12.0 0.0000 0.4869 59.24 0.1247
-109.6875 -65.5776 0.4822 0.2232 0.2946 0.00000 6.612 1500.0 12.0 0.0000 0.7983 97.15 0.1193
-106.8750 -65.5776 0.4822 0.2232 0.2946 0.00000 6.608 1500.0 12.0 0.0000 1.3710 166.83 0.1196
-104.0625 -65.5776 0.4821 0.2234 0.2945 0.00000 6.604 1500.0 12.0 0.0000 1.6129 196.28 0.1203
-101.2500 -65.5776 0.4800 0.2260 0.2939 0.00000 6.573 1500.0 12.0 0.0000 2.5867 314.98 0.1281
-98.4375 -65.5776 0.4766 0.2305 0.2929 0.00000 6.520 1500.0 12.0 0.0000 1.1582 141.19 0.1419
-95.6250 -65.5776 0.4745 0.2332 0.2923 0.00000 6.493 1500.0 12.0 0.0000 0.6994 85.32 0.1492
-92.8125 -65.5776 0.4846 0.2294 0.2860 0.00000 6.444 1500.0 12.0 0.0000 0.4139 50.05 0.1570
-90.0000 -65.5776 0.5596 0.1896 0.2508 0.00000 6.341 1500.0 12.0 0.0000 0.4197 47.84 0.1480
-87.1875 -65.5776 0.6297 0.1549 0.2154 0.00000 6.205 1500.0 12.0 0.0000 0.6958 74.65 0.1465
-84.3750 -65.5776 0.5797 0.1745 0.2457 0.00000 6.212 1500.0 12.0 0.0000 0.9762 109.74 0.1370
-81.5625 -65.5776 0.4241 0.2470 0.3289 0.00000 6.348 1500.0 12.0 0.0000 0.6871 87.66 0.1352
-78.7500 -65.5776 0.4119 0.2484 0.3397 0.00000 6.450 1500.0 12.0 0.0000 0.9566 123.46 0.1155
-75.9375 -65.5776 0.3693 0.2538 0.3770 0.00000 6.648 1500.0 12.0 0.0000 0.6599 88.58 0.0628
-73.1250 -65.5776 0.4628 0.2155 0.3217 0.00000 6.740 1500.0 12.0 0.0000 0.6505 81.14 0.0628
-70.3125 -65.5776 0.4215 0.2342 0.3443 0.00000 6.780 1500.0 12.0 0.0000 0.5492 70.74 0.0628
-67.5000 -65.5776 0.4226 0.2329 0.3445 0.00000 6.756 1500.0 12.0 0.0000 0.5606 72.19 0.0628
-64.6875 -65.5776 0.4473 0.2235 0.3292 0.00000 6.785 1500.0 12.0 0.0000 1.0373 130.92 0.0628
-59.0625 -65.5776 0.4628 0.2175 0.3197 0.00000 6.749 1500.0 12.0 0.0000 0.6598 82.22 0.0675
-56.2500 -65.5776 0.5569 0.1754 0.2677 0.00000 6.609 1500.0 12.0 0.0000 0.9285 107.09 0.0792
-53.4375 -65.5776 0.5443 0.1970 0.2588 0.00000 7.112 1500.0 12.0 0.0000 0.7224 83.40 0.0882
-50.6250 -65.5776 0.3839 0.3094 0.3068 0.00000 8.259 1500.0 12.0 0.0000 0.3451 44.33 0.0950
-47.8125 -65.5776 0.4978 0.2331 0.2691 0.00000 7.413 1500.0 12.0 0.0000 0.3957 47.07 0.1148
-45.0000 -65.5776 0.4447 0.2743 0.2810 0.00000 7.594 1500.0 12.0 0.0000 0.3108 38.22 0.1339
-42.1875 -65.5776 0.4254 0.2587 0.3159 0.00000 7.359 1500.0 12.0 0.0000 0.1734 21.96 0.0878
-39.3750 -65.5776 0.3141 0.3411 0.3448 0.00000 7.287 1500.0 12.0 0.0000 0.2067 27.97 0.1751
-36.5625 -65.5776 0.3097 0.3402 0.3501 0.00000 6.706 1500.0 12.0 0.0000 0.2588 35.17 0.2366
-33.7500 -65.5776 0.2507 0.3750 0.3742 0.00000 6.116 1500.0 12.0 0.0000 0.2605 36.77 0.2852
-30.9375 -65.5776 0.2615 0.3751 0.3634 0.00000 5.717 1500.0 12.0 0.0000 0.2916 40.76 0.3332
-28.1250 -65.5776 0.2875 0.3726 0.3399 0.00000 5.560 1500.0 12.0 0.0000 0.3843 52.48 0.3747
-25.3125 -65.5776 0.2438 0.4114 0.3448 0.00000 6.044 1500.0 12.0 0.0000 0.4382 61.13 0.3863
-22.5000 -65.5776 0.2187 0.4266 0.3547 0.00000 6.372 1500.0 12.0 0.0000 0.2341 33.18 0.3835
-19.6875 -65.5776 0.2480 0.4001 0.3520 0.00000 5.776 1500.0 12.0 0.0000 0.2191 30.63 0.3770
-16.8750 -65.5776 0.2804 0.3811 0.3385 0.00000 5.879 1500.0 12.0 0.0000 0.2164 29.62 0.3715
-14.0625 -65.5776 0.2559 0.3911 0.3530 0.00000 5.798 1500.0 12.0 0.0000 0.2574 35.88 0.3661
-11.2500 -65.5776 0.3041 0.3697 0.3262 0.00000 6.198 1500.0 12.0 0.0000 0.3230 43.47 0.3581
-8.4375 -65.5776 0.4964 0.2694 0.2342 0.00000 5.942 1500.0 12.0 0.0000 0.9299 108.43 0.3450
50.6250 -68.3678 0.3262 0.3607 0.3131 0.00000 7.773 1500.0 12.0 0.0000 0.6320 83.64 0.2632
53.4375 -68.3678 0.2707 0.3754 0.3539 0.00000 7.172 1500.0 12.0 0.0000 0.4508 62.46 0.2719
56.2500 -68.3678 0.2550 0.3723 0.3727 0.00000 6.708 1500.0 12.0 0.0000 0.4450 62.65 0.2758
59.0625 -68.3678 0.2395 0.3896 0.3710 0.00000 6.610 1500.0 12.0 0.0000 0.5996 84.91 0.2809
61.8750 -68.3678 0.2685 0.3682 0.3633 0.00000 6.259 1500.0 12.0 0.0000 0.7754 108.04 0.2792
64.6875 -68.3678 0.3148 0.3387 0.3465 0.00000 5.975 1500.0 12.0 0.0000 1.4382 194.69 0.2636
67.5000 -68.3678 0.2535 0.3678 0.3787 0.00000 6.470 1500.0 12.0 0.0000 1.2629 178.45 0.2363
70.3125 -68.3678 0.2460 0.3766 0.3774 0.00000 7.063 1500.0 12.0 0.0000 0.9653 136.75 0.2051
73.1250 -68.3678 0.3193 0.3125 0.3682 0.00000 6.503 1500.0 12.0 0.0000 1.4059 192.06 0.1669
75.9375 -68.3678 0.4005 0.2835 0.3161 0.00000 7.575 1500.0 12.0 0.0000 0.9161 117.35 0.1321
78.7500 -68.3678 0.4669 0.2343 0.2988 0.00000 7.026 1500.0 12.0 0.0000 0.8556 105.16 0.0967
81.5625 -68.3678 0.4949 0.2067 0.2984 0.00000 6.765 1500.0 12.0 0.0000 0.7565 91.68 0.0699
84.3750 -68.3678 0.4943 0.2074 0.2983 0.00000 6.760 1500.0 12.0 0.0000 1.5149 183.64 0.0719
87.1875 -68.3678 0.4899 0.2131 0.2970 0.00000 6.705 1500.0 12.0 0.0000 1.1911 144.60 0.0888
90.0000 -68.3678 0.4853 0.2191 0.2956 0.00000 6.638 1500.0 12.0 0.0000 0.8322 101.17 0.1068
92.8125 -68.3678 0.4830 0.2270 0.2899 0.00000 6.488 1500.0 12.0 0.0000 0.7204 87.39 0.1396
95.6250 -68.3678 0.5730 0.1874 0.2396 0.00000 6.181 1500.0 12.0 0.0000 1.0965 123.24 0.1652
98.4375 -68.3678 0.4794 0.2338 0.2868 0.00000 6.009 1500.0 12.0 0.0000 1.2361 149.96 0.1848
101.2500 -68.3678 0.3179 0.3205 0.3616 0.00000 6.205 1500.0 12.0 0.0000 0.6050 82.42 0.2077
104.0625 -68.3678 0.2609 0.3601 0.3790 0.00000 6.454 1500.0 12.0 0.0000 0.4139 58.31 0.2280
106.8750 -68.3678 0.2606 0.3644 0.3751 0.00000 6.550 1500.0 12.0 0.0000 0.4373 61.50 0.2367
109.6875 -68.3678 0.3451 0.3305 0.3244 0.00000 6.919 1500.0 12.0 0.0000 0.5802 76.59 0.2388
112.5000 -68.3678 0.5065 0.2436 0.2499 0.00000 6.284 1500.0 12.0 0.0000 1.0001 117.12 0.2379
149.0625 -68.3678 0.4645 0.2414 0.2940 0.00000 6.248 1500.0 12.0 0.0000 0.6387 78.38 0.1771
151.8750 -68.3678 0.4040 0.2713 0.3247 0.00000 6.159 1500.0 12.0 0.0000 0.3671 47.16 0.1861
154.6875 -68.3678 0.4084 0.2706 0.3210 0.00000 6.073 1500.0 12.0 0.0000 0.1877 24.02 0.2058
157.5000 -68.3678 0.4406 0.2565 0.3029 0.00000 6.039 1500.0 12.0 0.0000 0.1456 18.16 0.2115
160.3125 -68.3678 0.4549 0.2507 0.2944 0.00000 5.986 1500.0 12.0 0.0000 0.0995 12.27 0.2228
163.1250 -68.3678 0.6291 0.1698 0.2011 0.00000 5.675 1500.0 12.0 0.0000 0.3833 40.75 0.2276
165.9375 -68.3678 0.6448 0.1635 0.1917 0.00000 5.666 1500.0 12.0 0.0000 0.6254 65.50 0.2280
168.7500 -68.3678 0.6422 0.1662 0.1916 0.00000 5.685 1500.0 12.0 0.0000 0.8551 89.68 0.2305
171.5625 -68.3678 0.5348 0.2185 0.2467 0.00000 5.972 1500.0 12.0 0.0000 0.3384 38.97 0.2253
174.3750 -68.3678 0.4619 0.2496 0.2885 0.00000 6.282 1500.0 12.0 0.0000 0.2622 32.11 0.1995
177.1875 -68.3678 0.4747 0.2330 0.2923 0.00000 6.511 1500.0 12.0 0.0000 0.3561 43.43 0.1487
180.0000 -68.3678 0.4901 0.2130 0.2969 0.00000 6.727 1500.0 12.0 0.0000 0.3501 42.50 0.0890
-177.1875 -68.3678 0.4968 0.2042 0.2990 0.00000 6.790 1500.0 12.0 0.0000 0.1856 22.48 0.0628
-174.3750 -68.3678 0.4858 0.2113 0.3029 0.00000 6.901 1500.0 12.0 0.0000 0.2323 28.35 0.0652
-171.5625 -68.3678 0.4211 0.2513 0.3276 0.00000 7.667 1500.0 12.0 0.0000 0.3020 38.55 0.0668
-168.7500 -68.3678 0.2931 0.3382 0.3687 0.00000 9.089 1500.0 12.0 0.0000 0.7234 99.99 0.0901
-165.9375 -68.3678 0.2441 0.3848 0.3712 0.00000 9.064 1500.0 12.0 0.0000 0.7891 111.53 0.1639
-163.1250 -68.3678 0.2324 0.4077 0.3599 0.00000 8.834 1500.0 12.0 0.0000 0.5328 75.26 0.2229
-160.3125 -68.3678 0.2921 0.3853 0.3226 0.00000 8.066 1500.0 12.0 0.0000 0.4501 60.79 0.2740
-157.5000 -68.3678 0.3420 0.3620 0.2961 0.00000 7.429 1500.0 12.0 0.0000 0.4336 56.46 0.3183
-154.6875 -68.3678 0.4438 0.3008 0.2554 0.00000 6.362 1500.0 12.0 0.0000 0.3665 44.44 0.3450
-151.8750 -68.3678 0.5040 0.2579 0.2381 0.00000 5.381 1500.0 12.0 0.0000 0.4562 53.12 0.3490
-149.0625 -68.3678 0.4121 0.3001 0.2878 0.00000 5.510 1500.0 12.0 0.0000 0.2793 35.03 0.3348
-146.2500 -68.3678 0.4575 0.2821 0.2603 0.00000 5.963 1500.0 12.0 0.0000 0.2072 25.02 0.3178
-143.4375 -68.3678 0.4627 0.2781 0.2592 0.00000 6.338 1500.0 12.0 0.0000 0.1441 17.34 0.3032
-140.6250 -68.3678 0.4948 0.2506 0.2545 0.00000 5.875 1500.0 12.0 0.0000 0.1323 15.63 0.2880
-137.8125 -68.3678 0.4466 0.2700 0.2834 0.00000 5.950 1500.0 12.0 0.0000 0.1354 16.66 0.2691
-135.0000 -68.3678 0.4508 0.2642 0.2849 0.00000 6.042 1500.0 12.0 0.0000 0.1538 18.91 0.2478
-132.1875 -68.3678 0.4577 0.2550 0.2873 0.00000 6.185 1500.0 12.0 0.0000 0.2403 29.48 0.2161
-129.3750 -68.3678 0.4701 0.2390 0.2910 0.00000 6.407 1500.0 12.0 0.0000 0.3533 43.16 0.1668
-126.5625 -68.3678 0.4851 0.2194 0.2955 0.00000 6.652 1500.0 12.0 0.0000 0.4742 57.65 0.1080
-123.7500 -68.3678 0.4972 0.2039 0.2990 0.00000 6.800 1500.0 12.0 0.0000 0.2467 29.87 0.0628
-120.9375 -68.3678 0.4970 0.2041 0.2990 0.00000 6.800 1500.0 12.0 0.0000 0.2384 28.88 0.0628
-118.1250 -68.3678 0.4969 0.2041 0.2990 0.00000 6.800 1500.0 12.0 0.0000 0.2306 27.93 0.0628
-115.3125 -68.3678 0.4974 0.2036 0.2990 0.00000 6.800 1500.0 12.0 0.0000 0.2341 28.34 0.0628
-112.5000 -68.3678 0.4974 0.2036 0.2990 0.00000 6.800 1500.0 12.0 0.0000 0.2761 33.43 0.0628
-109.6875 -68.3678 0.4969 0.2041 0.2990 0.00000 6.800 1500.0 12.0 0.0000 0.4790 58.02 0.0628
-106.8750 -68.3678 0.4969 0.2041 0.2990 0.00000 6.800 1500.0 12.0 0.0000 0.8755 106.03 0.0628
-104.0625 -68.3678 0.4928 0.2057 0.3014 0.00000 6.800 1500.0 12.0 0.0000 1.6020 194.69 0.0628
-101.2500 -68.3678 0.4947 0.2050 0.3003 0.00000 6.789 1500.0 12.0 0.0000 1.3127 159.28 0.0628
-98.4375 -68.3678 0.4891 0.2135 0.2974 0.00000 6.712 1500.0 12.0 0.0000 1.5884 192.95 0.0889
-95.6250 -68.3678 0.4867 0.2174 0.2960 0.00000 6.669 1500.0 12.0 0.0000 0.9572 116.32 0.1014
-92.8125 -68.3678 0.4868 0.2171 0.2960 0.00000 6.673 1500.0 12.0 0.0000 0.6041 73.40 0.1007
-90.0000 -68.3678 0.4912 0.2114 0.2973 0.00000 6.732 1500.0 12.0 0.0000 0.3697 44.86 0.0839
-87.1875 -68.3678 0.4962 0.2101 0.2937 0.00000 6.703 1500.0 12.0 0.0000 0.3361 40.59 0.0894
-84.3750 -68.3678 0.5848 0.1703 0.2450 0.00000 6.441 1500.0 12.0 0.0000 0.5951 66.69 0.1105
-81.5625 -68.3678 0.6711 0.1270 0.2020 0.00000 6.269 1500.0 12.0 0.0000 1.4868 154.44 0.1099
-78.7500 -68.3678 0.6940 0.1053 0.2007 0.00000 6.401 1500.0 12.0 0.0000 1.1939 122.27 0.0628
-75.9375 -68.3678 0.6566 0.1223 0.2211 0.00000 6.420 1500.0 12.0 0.0000 1.5211 161.35 0.0628
-73.1250 -68.3678 0.6244 0.1386 0.2370 0.00000 6.506 1500.0 12.0 0.0000 1.4106 153.94 0.0628
-70.3125 -68.3678 0.6372 0.1326 0.2302 0.00000 6.495 1500.0 12.0 0.0000 2.6012 280.62 0.0628
-67.5000 -68.3678 0.6198 0.1406 0.2396 0.00000 6.524 1500.0 12.0 0.0000 2.0211 221.49 0.0628
-64.6875 -68.3678 0.6021 0.1497 0.2481 0.00000 6.551 1500.0 12.0 0.0000 2.1240 236.28 0.0628
-61.8750 -68.3678 0.6705 0.1170 0.2125 0.00000 6.441 1500.0 12.0 0.0000 2.6574 278.10 0.0628
-59.0625 -68.3678 0.6939 0.1070 0.1991 0.00000 6.375 1500.0 12.0 0.0000 3.2982 337.43 0.0684
-56.2500 -68.3678 0.6498 0.1312 0.2190 0.00000 6.434 1500.0 12.0 0.0000 1.6521 175.69 0.0785
-53.4375 -68.3678 0.5497 0.1826 0.2677 0.00000 6.681 1500.0 12.0 0.0000 0.5764 66.73 0.0822
-50.6250 -68.3678 0.4191 0.2562 0.3248 0.00000 7.570 1500.0 12.0 0.0000 0.2837 36.19 0.0836
-47.8125 -68.3678 0.2693 0.3635 0.3672 0.00000 9.105 1500.0 12.0 0.0000 0.1721 24.02 0.0826
-45.0000 -68.3678 0.3287 0.3225 0.3488 0.00000 8.486 1500.0 12.0 0.0000 0.1331 17.92 0.0796
-42.1875 -68.3678 0.4457 0.2456 0.3086 0.00000 7.231 1500.0 12.0 0.0000 0.1353 16.90 0.0761
-39.3750 -68.3678 0.4554 0.2370 0.3076 0.00000 7.218 1500.0 12.0 0.0000 0.1085 13.48 0.0711
-36.5625 -68.3678 0.5104 0.1972 0.2924 0.00000 6.792 1500.0 12.0 0.0000 0.0892 10.70 0.0628
-33.7500 -68.3678 0.5392 0.1811 0.2797 0.00000 6.677 1500.0 12.0 0.0000 0.1055 12.37 0.0628
-30.9375 -68.3678 0.5470 0.1782 0.2748 0.00000 6.738 1500.0 12.0 0.0000 0.1346 15.67 0.0628
-28.1250 -68.3678 0.5253 0.2124 0.2623 0.00000 6.738 1500.0 12.0 0.0000 0.4440 51.88 0.1502
-25.3125 -68.3678 0.5209 0.2285 0.2506 0.00000 6.082 1500.0 12.0 0.0000 0.4316 50.19 0.2349
-22.5000 -68.3678 0.3050 0.3669 0.3281 0.00000 7.285 1500.0 12.0 0.0000 0.2959 39.85 0.2693
-19.6875 -68.3678 0.2482 0.4033 0.3485 0.00000 7.588 1500.0 12.0 0.0000 0.3466 48.35 0.2751
-16.8750 -68.3678 0.2230 0.4092 0.3678 0.00000 7.386 1500.0 12.0 0.0000 0.4415 62.85 0.2808
-14.0625 -68.3678 0.2381 0.3914 0.3706 0.00000 6.394 1500.0 12.0 0.0000 0.8000 113.33 0.2923
-11.2500 -68.3678 0.3665 0.3219 0.3117 0.00000 5.881 1500.0 12.0 0.0000 0.8109 105.28 0.3071
-8.4375 -68.3678 0.4942 0.2625 0.2432 0.00000 5.911 1500.0 12.0 0.0000 0.5577 65.46 0.3256
42.1875 -71.1578 0.4437 0.2951 0.2612 0.00000 6.604 1500.0 12.0 0.0000 0.7136 86.82 0.3155
45.0000 -71.1578 0.4118 0.3043 0.2840 0.00000 6.331 1500.0 12.0 0.0000 0.7156 89.58 0.2983
47.8125 -71.1578 0.3015 0.3533 0.3451 0.00000 6.267 1500.0 12.0 0.0000 0.6884 93.67 0.2950
50.6250 -71.1578 0.2370 0.3944 0.3686 0.00000 6.738 1500.0 12.0 0.0000 0.6282 88.94 0.2924
53.4375 -71.1578 0.2417 0.3824 0.3760 0.00000 6.323 1500.0 12.0 0.0000 0.9556 135.52 0.2825
56.2500 -71.1578 0.3440 0.3295 0.3266 0.00000 6.193 1500.0 12.0 0.0000 0.9676 127.94 0.2710
59.0625 -71.1578 0.4207 0.2845 0.2947 0.00000 5.996 1500.0 12.0 0.0000 0.7909 99.17 0.2627
61.8750 -71.1578 0.4485 0.2639 0.2876 0.00000 5.972 1500.0 12.0 0.0000 0.7828 96.46 0.2414
64.6875 -71.1578 0.4212 0.2708 0.3080 0.00000 5.938 1500.0 12.0 0.0000 0.8159 103.04 0.2223
67.5000 -71.1578 0.2915 0.3462 0.3623 0.00000 7.153 1500.0 12.0 0.0000 0.4982 68.69 0.1967
70.3125 -71.1578 0.2641 0.3442 0.3917 0.00000 7.121 1500.0 12.0 0.0000 0.6462 91.48 0.1579
73.1250 -71.1578 0.3209 0.3074 0.3717 0.00000 7.392 1500.0 12.0 0.0000 0.7687 105.13 0.1165
75.9375 -71.1578 0.4587 0.2408 0.3005 0.00000 7.228 1500.0 12.0 0.0000 0.8429 104.11 0.0984
78.7500 -71.1578 0.5042 0.2031 0.2927 0.00000 6.795 1500.0 12.0 0.0000 0.9710 116.74 0.0702
81.5625 -71.1578 0.5094 0.2025 0.2881 0.00000 6.905 1500.0 12.0 0.0000 1.4393 172.14 0.0694
84.3750 -71.1578 0.5232 0.1927 0.2841 0.00000 6.704 1500.0 12.0 0.0000 2.2467 266.22 0.0708
87.1875 -71.1578 0.5674 0.1699 0.2627 0.00000 6.626 1500.0 12.0 0.0000 1.2941 147.97 0.0672
90.0000 -71.1578 0.5879 0.1606 0.2515 0.00000 6.570 1500.0 12.0 0.0000 1.2379 139.06 0.0717
92.8125 -71.1578 0.5719 0.1687 0.2594 0.00000 6.600 1500.0 12.0 0.0000 1.0289 117.13 0.0724
95.6250 -71.1578 0.6409 0.1298 0.2293 0.00000 6.418 1500.0 12.0 0.0000 1.7660 190.03 0.0628
98.4375 -71.1578 0.3796 0.2562 0.3643 0.00000 6.579 1500.0 12.0 0.0000 1.3539 179.70 0.0852
101.2500 -71.1578 0.2691 0.3309 0.4001 0.00000 7.113 1500.0 12.0 0.0000 0.8387 118.98 0.1108
104.0625 -71.1578 0.2814 0.3200 0.3986 0.00000 7.035 1500.0 12.0 0.0000 0.7700 108.59 0.1180
106.8750 -71.1578 0.3378 0.3110 0.3511 0.00000 7.825 1500.0 12.0 0.0000 0.6521 87.59 0.1278
109.6875 -71.1578 0.4274 0.2663 0.3063 0.00000 7.074 1500.0 12.0 0.0000 0.8166 102.73 0.1388
112.5000 -71.1578 0.3345 0.3222 0.3433 0.00000 7.779 1500.0 12.0 0.0000 1.0399 139.31 0.1455
115.3125 -71.1578 0.3733 0.3039 0.3227 0.00000 6.810 1500.0 12.0 0.0000 1.5281 198.95 0.1681
118.1250 -71.1578 0.3476 0.3395 0.3129 0.00000 6.451 1500.0 12.0 0.0000 1.5249 199.83 0.1736
146.2500 -71.1578 0.4880 0.2121 0.2999 0.00000 6.610 1500.0 12.0 0.0000 1.1889 144.70 0.1002
149.0625 -71.1578 0.3804 0.2602 0.3594 0.00000 6.444 1500.0 12.0 0.0000 1.0262 135.80 0.1075
151.8750 -71.1578 0.3459 0.2819 0.3722 0.00000 6.381 1500.0 12.0 0.0000 0.5425 73.40 0.1245
154.6875 -71.1578 0.2798 0.3202 0.3999 0.00000 6.205 1500.0 12.0 0.0000 0.3956 55.86 0.1520
157.5000 -71.1578 0.2745 0.3299 0.3956 0.00000 6.323 1500.0 12.0 0.0000 0.2709 38.26 0.1621
160.3125 -71.1578 0.3290 0.3025 0.3685 0.00000 6.059 1500.0 12.0 0.0000 0.3249 44.20 0.1720
163.1250 -71.1578 0.5600 0.1937 0.2463 0.00000 5.924 1500.0 12.0 0.0000 0.5960 67.72 0.1760
165.9375 -71.1578 0.6596 0.1462 0.1942 0.00000 5.900 1500.0 12.0 0.0000 0.9780 101.73 0.1733
168.7500 -71.1578 0.6303 0.1590 0.2107 0.00000 6.024 1500.0 12.0 0.0000 0.7532 80.54 0.1652
171.5625 -71.1578 0.5876 0.1780 0.2343 0.00000 6.187 1500.0 12.0 0.0000 0.7117 79.10 0.1547
174.3750 -71.1578 0.4783 0.2282 0.2935 0.00000 6.535 1500.0 12.0 0.0000 0.6540 79.69 0.1340
177.1875 -71.1578 0.4955 0.2059 0.2986 0.00000 6.775 1500.0 12.0 0.0000 0.4644 56.28 0.0675
180.0000 -71.1578 0.4970 0.2040 0.2990 0.00000 6.794 1500.0 12.0 0.0000 0.2646 32.04 0.0628
-177.1875 -71.1578 0.4971 0.2039 0.2990 0.00000 6.800 1500.0 12.0 0.0000 0.2589 31.36 0.0628
-174.3750 -71.1578 0.4969 0.2041 0.2990 0.00000 6.800 1500.0 12.0 0.0000 0.2748 33.28 0.0628
-171.5625 -71.1578 0.4719 0.2191 0.3090 0.00000 7.073 1500.0 12.0 0.0000 0.2948 36.35 0.0628
-168.7500 -71.1578 0.4344 0.2420 0.3236 0.00000 7.482 1500.0 12.0 0.0000 0.4963 62.82 0.0640
-165.9375 -71.1578 0.4481 0.2335 0.3184 0.00000 7.348 1500.0 12.0 0.0000 0.6011 75.38 0.0628
-163.1250 -71.1578 0.4269 0.2551 0.3180 0.00000 7.317 1500.0 12.0 0.0000 0.9771 123.74 0.1069
-160.3125 -71.1578 0.4144 0.2730 0.3126 0.00000 7.292 1500.0 12.0 0.0000 0.7892 100.25 0.1488
-157.5000 -71.1578 0.4234 0.2728 0.3038 0.00000 7.036 1500.0 12.0 0.0000 0.4495 56.58 0.1754
-154.6875 -71.1578 0.5057 0.2312 0.2632 0.00000 6.333 1500.0 12.0 0.0000 0.3521 41.58 0.2024
-151.8750 -71.1578 0.5417 0.2126 0.2457 0.00000 5.995 1500.0 12.0 0.0000 0.2829 32.45 0.2146
-149.0625 -71.1578 0.5342 0.2162 0.2495 0.00000 5.994 1500.0 12.0 0.0000 0.2064 23.82 0.2163
-146.2500 -71.1578 0.5154 0.2251 0.2594 0.00000 6.047 1500.0 12.0 0.0000 0.1694 19.86 0.2123
-143.4375 -71.1578 0.4657 0.2476 0.2867 0.00000 6.213 1500.0 12.0 0.0000 0.1100 13.44 0.1999
-140.6250 -71.1578 0.4681 0.2417 0.2902 0.00000 6.331 1500.0 12.0 0.0000 0.1204 14.72 0.1765
-137.8125 -71.1578 0.4777 0.2291 0.2932 0.00000 6.511 1500.0 12.0 0.0000 0.1496 18.23 0.1380
-135.0000 -71.1578 0.4873 0.2167 0.2961 0.00000 6.670 1500.0 12.0 0.0000 0.1851 22.49 0.1002
-132.1875 -71.1578 0.4972 0.2038 0.2990 0.00000 6.800 1500.0 12.0 0.0000 0.1332 16.13 0.0628
-129.3750 -71.1578 0.4970 0.2040 0.2990 0.00000 6.800 1500.0 12.0 0.0000 0.2116 25.62 0.0628
-126.5625 -71.1578 0.4940 0.2080 0.2980 0.00000 6.757 1500.0 12.0 0.0000 0.5450 66.07 0.0753
-123.7500 -71.1578 0.4942 0.2078 0.2980 0.00000 6.759 1500.0 12.0 0.0000 1.0388 125.92 0.0749
-120.9375 -71.1578 0.4928 0.2087 0.2985 0.00000 6.755 1500.0 12.0 0.0000 0.8108 98.37 0.0766
-118.1250 -71.1578 0.4606 0.2210 0.3184 0.00000 6.763 1500.0 12.0 0.0000 0.7527 93.82 0.0735
-115.3125 -71.1578 0.4431 0.2267 0.3302 0.00000 6.776 1500.0 12.0 0.0000 0.7776 98.38 0.0673
-112.5000 -71.1578 0.4400 0.2270 0.3330 0.00000 6.783 1500.0 12.0 0.0000 0.9456 120.00 0.0639
-109.6875 -71.1578 0.4267 0.2324 0.3409 0.00000 6.797 1500.0 12.0 0.0000 1.2738 163.37 0.0628
-106.8750 -71.1578 0.4236 0.2337 0.3427 0.00000 6.800 1500.0 12.0 0.0000 1.4312 184.02 0.0628
-104.0625 -71.1578 0.4653 0.2172 0.3175 0.00000 6.813 1500.0 12.0 0.0000 1.5895 197.59 0.0628
-101.2500 -71.1578 0.4588 0.2235 0.3177 0.00000 7.017 1500.0 12.0 0.0000 1.3832 172.50 0.0628
-98.4375 -71.1578 0.4552 0.2264 0.3184 0.00000 7.101 1500.0 12.0 0.0000 0.9467 118.31 0.0628
-95.6250 -71.1578 0.4001 0.2647 0.3352 0.00000 7.654 1500.0 12.0 0.0000 0.8159 105.63 0.0750
-92.8125 -71.1578 0.4378 0.2372 0.3251 0.00000 7.141 1500.0 12.0 0.0000 0.3653 46.20 0.0662
-90.0000 -71.1578 0.4473 0.2286 0.3242 0.00000 6.732 1500.0 12.0 0.0000 0.4212 53.02 0.0816
-87.1875 -71.1578 0.4539 0.2283 0.3178 0.00000 6.701 1500.0 12.0 0.0000 0.4103 51.29 0.0914
-84.3750 -71.1578 0.4938 0.2082 0.2981 0.00000 6.755 1500.0 12.0 0.0000 0.3211 38.92 0.0747
-81.5625 -71.1578 0.5006 0.2022 0.2972 0.00000 6.793 1500.0 12.0 0.0000 0.2422 29.25 0.0628
-78.7500 -71.1578 0.5366 0.1844 0.2791 0.00000 6.720 1500.0 12.0 0.0000 0.3426 40.20 0.0628
-75.9375 -71.1578 0.5408 0.1823 0.2770 0.00000 6.712 1500.0 12.0 0.0000 0.4730 55.31 0.0628
-73.1250 -71.1578 0.5893 0.1581 0.2527 0.00000 6.614 1500.0 12.0 0.0000 0.9619 108.05 0.0628
-70.3125 -71.1578 0.5955 0.1549 0.2495 0.00000 6.601 1500.0 12.0 0.0000 1.8920 211.41 0.0628
-67.5000 -71.1578 0.5916 0.1569 0.2515 0.00000 6.609 1500.0 12.0 0.0000 2.4650 276.36 0.0628
-64.6875 -71.1578 0.5923 0.1566 0.2512 0.00000 6.608 1500.0 12.0 0.0000 1.8751 210.09 0.0628
-61.8750 -71.1578 0.6271 0.1392 0.2337 0.00000 6.538 1500.0 12.0 0.0000 1.5289 166.24 0.0628
-59.0625 -71.1578 0.5919 0.1567 0.2513 0.00000 6.607 1500.0 12.0 0.0000 0.9266 103.85 0.0628
-56.2500 -71.1578 0.4768 0.2185 0.3047 0.00000 7.203 1500.0 12.0 0.0000 0.5057 62.07 0.0628
-53.4375 -71.1578 0.3428 0.2981 0.3591 0.00000 8.500 1500.0 12.0 0.0000 0.4526 60.91 0.0642
-50.6250 -71.1578 0.3049 0.3220 0.3731 0.00000 8.921 1500.0 12.0 0.0000 0.3697 50.95 0.0633
-47.8125 -71.1578 0.2882 0.3304 0.3814 0.00000 9.128 1500.0 12.0 0.0000 0.2320 32.34 0.0628
-45.0000 -71.1578 0.3727 0.2797 0.3476 0.00000 8.176 1500.0 12.0 0.0000 0.1715 22.64 0.0628
-42.1875 -71.1578 0.3769 0.2797 0.3434 0.00000 8.098 1500.0 12.0 0.0000 0.1504 19.77 0.0653
-39.3750 -71.1578 0.3892 0.2725 0.3383 0.00000 7.941 1500.0 12.0 0.0000 0.1975 25.74 0.0709
-36.5625 -71.1578 0.4297 0.2476 0.3227 0.00000 7.484 1500.0 12.0 0.0000 0.1942 24.62 0.0724
-33.7500 -71.1578 0.4651 0.2252 0.3097 0.00000 7.114 1500.0 12.0 0.0000 0.1559 19.30 0.0669
-30.9375 -71.1578 0.4967 0.2043 0.2990 0.00000 6.788 1500.0 12.0 0.0000 0.1325 16.05 0.0628
-28.1250 -71.1578 0.4591 0.2274 0.3136 0.00000 7.236 1500.0 12.0 0.0000 0.1367 17.01 0.0628
-25.3125 -71.1578 0.4738 0.2256 0.3007 0.00000 7.551 1500.0 12.0 0.0000 0.1803 22.10 0.0628
-22.5000 -71.1578 0.3716 0.2816 0.3467 0.00000 7.137 1500.0 12.0 0.0000 0.4355 57.47 0.1262
-19.6875 -71.1578 0.2584 0.3518 0.3898 0.00000 6.886 1500.0 12.0 0.0000 0.4728 67.04 0.1737
-16.8750 -71.1578 0.2694 0.3397 0.3909 0.00000 6.123 1500.0 12.0 0.0000 0.6380 90.09 0.2095
-14.0625 -71.1578 0.3286 0.3233 0.3481 0.00000 5.882 1500.0 12.0 0.0000 1.0982 147.87 0.2487
-11.2500 -71.1578 0.5025 0.2554 0.2421 0.00000 5.782 1500.0 12.0 0.0000 1.6325 190.67 0.2861
-8.4375 -71.1578 0.4426 0.2799 0.2776 0.00000 5.930 1500.0 12.0 0.0000 0.4210 51.74 0.3208
30.9375 -73.9475 0.4201 0.3149 0.2650 0.00000 5.729 1500.0 12.0 0.0000 1.0316 127.23 0.3934
33.7500 -73.9475 0.3792 0.3287 0.2921 0.00000 5.735 1500.0 12.0 0.0000 0.7513 95.95 0.3780
36.5625 -73.9475 0.3195 0.3630 0.3174 0.00000 6.370 1500.0 12.0 0.0000 0.6742 89.70 0.3559
39.3750 -73.9475 0.2965 0.3695 0.3340 0.00000 6.633 1500.0 12.0 0.0000 0.7750 105.07 0.3248
42.1875 -73.9475 0.2524 0.3770 0.3705 0.00000 6.182 1500.0 12.0 0.0000 0.6769 95.30 0.3009
45.0000 -73.9475 0.2222 0.4185 0.3593 0.00000 7.437 1500.0 12.0 0.0000 0.4467 63.35 0.2825
47.8125 -73.9475 0.2505 0.3692 0.3804 0.00000 6.118 1500.0 12.0 0.0000 0.5589 79.13 0.2664
50.6250 -73.9475 0.2579 0.3654 0.3767 0.00000 6.173 1500.0 12.0 0.0000 0.5115 72.07 0.2602
53.4375 -73.9475 0.3016 0.3522 0.3462 0.00000 6.715 1500.0 12.0 0.0000 0.4276 58.22 0.2499
56.2500 -73.9475 0.4217 0.2838 0.2946 0.00000 6.530 1500.0 12.0 0.0000 0.3780 47.37 0.2312
59.0625 -73.9475 0.4604 0.2516 0.2880 0.00000 6.250 1500.0 12.0 0.0000 0.3188 39.07 0.2065
61.8750 -73.9475 0.4662 0.2439 0.2899 0.00000 6.339 1500.0 12.0 0.0000 0.3586 43.86 0.1816
64.6875 -73.9475 0.4750 0.2325 0.2925 0.00000 6.479 1500.0 12.0 0.0000 0.4002 48.82 0.1470
67.5000 -73.9475 0.4640 0.2324 0.3036 0.00000 6.548 1500.0 12.0 0.0000 0.4359 53.80 0.1256
70.3125 -73.9475 0.3842 0.2650 0.3508 0.00000 6.911 1500.0 12.0 0.0000 0.5383 70.78 0.0927
73.1250 -73.9475 0.3695 0.2714 0.3591 0.00000 7.177 1500.0 12.0 0.0000 0.4960 65.95 0.0731
75.9375 -73.9475 0.3930 0.2600 0.3470 0.00000 7.272 1500.0 12.0 0.0000 0.4435 57.96 0.0639
78.7500 -73.9475 0.3506 0.2635 0.3859 0.00000 6.679 1500.0 12.0 0.0000 0.9010 122.52 0.0628
81.5625 -73.9475 0.4583 0.2162 0.3254 0.00000 6.661 1500.0 12.0 0.0000 2.0525 257.14 0.0628
84.3750 -73.9475 0.5643 0.1670 0.2687 0.00000 6.550 1500.0 12.0 0.0000 2.1191 243.58 0.0628
87.1875 -73.9475 0.4625 0.2111 0.3264 0.00000 6.539 1500.0 12.0 0.0000 1.9196 240.14 0.0628
90.0000 -73.9475 0.4345 0.2234 0.3421 0.00000 6.541 1500.0 12.0 0.0000 1.7517 224.01 0.0628
92.8125 -73.9475 0.4211 0.2295 0.3494 0.00000 6.548 1500.0 12.0 0.0000 1.6765 216.60 0.0628
95.6250 -73.9475 0.3162 0.2765 0.4072 0.00000 6.594 1500.0 12.0 0.0000 1.4677 204.80 0.0628
98.4375 -73.9475 0.2999 0.2839 0.4162 0.00000 6.599 1500.0 12.0 0.0000 1.5618 220.44 0.0628
101.2500 -73.9475 0.2887 0.2979 0.4134 0.00000 7.029 1500.0 12.0 0.0000 1.1777 166.79 0.0628
104.0625 -73.9475 0.2754 0.3168 0.4078 0.00000 7.768 1500.0 12.0 0.0000 0.8383 119.05 0.0628
106.8750 -73.9475 0.2889 0.3127 0.3984 0.00000 7.583 1500.0 12.0 0.0000 0.7900 111.04 0.0628
109.6875 -73.9475 0.3057 0.2981 0.3962 0.00000 7.283 1500.0 12.0 0.0000 0.8593 119.79 0.0628
112.5000 -73.9475 0.2898 0.3015 0.4087 0.00000 7.511 1500.0 12.0 0.0000 0.8994 127.01 0.0628
115.3125 -73.9475 0.4420 0.2207 0.3373 0.00000 6.621 1500.0 12.0 0.0000 1.4870 188.99 0.0628
146.2500 -73.9475 0.4872 0.2055 0.3074 0.00000 6.740 1500.0 12.0 0.0000 0.6490 79.36 0.0655
149.0625 -73.9475 0.5198 0.1930 0.2871 0.00000 6.722 1500.0 12.0 0.0000 0.5918 70.37 0.0628
151.8750 -73.9475 0.5007 0.2073 0.2920 0.00000 6.971 1500.0 12.0 0.0000 0.7859 94.62 0.0793
154.6875 -73.9475 0.4684 0.2391 0.2925 0.00000 7.368 1500.0 12.0 0.0000 0.7894 96.60 0.1017
157.5000 -73.9475 0.3509 0.2899 0.3592 0.00000 7.075 1500.0 12.0 0.0000 0.6626 88.85 0.1168
160.3125 -73.9475 0.3559 0.2769 0.3672 0.00000 6.432 1500.0 12.0 0.0000 0.5907 79.36 0.1226
163.1250 -73.9475 0.4913 0.2157 0.2930 0.00000 6.336 1500.0 12.0 0.0000 0.8106 98.11 0.1281
165.9375 -73.9475 0.6730 0.1295 0.1976 0.00000 6.127 1500.0 12.0 0.0000 2.7342 282.85 0.1258
168.7500 -73.9475 0.6791 0.1240 0.1970 0.00000 6.187 1500.0 12.0 0.0000 4.2514 438.08 0.1141
171.5625 -73.9475 0.6832 0.1192 0.1976 0.00000 6.250 1500.0 12.0 0.0000 4.8164 495.30 0.1013
174.3750 -73.9475 0.6506 0.1276 0.2218 0.00000 6.465 1500.0 12.0 0.0000 1.4762 157.21 0.0665
177.1875 -73.9475 0.5771 0.1636 0.2592 0.00000 6.626 1500.0 12.0 0.0000 0.5067 57.52 0.0628
180.0000 -73.9475 0.5046 0.1998 0.2956 0.00000 6.781 1500.0 12.0 0.0000 0.3133 37.73 0.0628
-177.1875 -73.9475 0.4972 0.2038 0.2990 0.00000 6.795 1500.0 12.0 0.0000 0.2976 36.03 0.0628
-174.3750 -73.9475 0.4974 0.2037 0.2990 0.00000 6.788 1500.0 12.0 0.0000 0.2968 35.93 0.0628
-171.5625 -73.9475 0.4977 0.2035 0.2989 0.00000 6.782 1500.0 12.0 0.0000 0.3560 43.10 0.0642
-168.7500 -73.9475 0.4962 0.2052 0.2985 0.00000 6.773 1500.0 12.0 0.0000 0.6043 73.20 0.0687
-165.9375 -73.9475 0.5078 0.2008 0.2913 0.00000 6.749 1500.0 12.0 0.0000 1.4449 173.28 0.0714
-163.1250 -73.9475 0.4948 0.2070 0.2982 0.00000 6.762 1500.0 12.0 0.0000 2.1234 257.33 0.0730
-160.3125 -73.9475 0.4938 0.2068 0.2994 0.00000 6.769 1500.0 12.0 0.0000 0.5796 70.32 0.0697
-157.5000 -73.9475 0.4953 0.2062 0.2986 0.00000 6.771 1500.0 12.0 0.0000 0.3123 37.84 0.0684
-154.6875 -73.9475 0.4952 0.2064 0.2984 0.00000 6.767 1500.0 12.0 0.0000 0.2203 26.69 0.0698
-151.8750 -73.9475 0.4957 0.2058 0.2985 0.00000 6.767 1500.0 12.0 0.0000 0.1638 19.84 0.0695
-149.0625 -73.9475 0.4963 0.2050 0.2987 0.00000 6.772 1500.0 12.0 0.0000 0.1056 12.79 0.0671
-146.2500 -73.9475 0.4972 0.2038 0.2990 0.00000 6.800 1500.0 12.0 0.0000 0.0899 10.88 0.0628
-143.4375 -73.9475 0.4977 0.2033 0.2990 0.00000 6.784 1500.0 12.0 0.0000 0.0789 10.00 0.0628
-140.6250 -73.9475 0.4949 0.2070 0.2981 0.00000 6.752 1500.0 12.0 0.0000 0.1321 16.01 0.0745
-137.8125 -73.9475 0.4953 0.2064 0.2982 0.00000 6.759 1500.0 12.0 0.0000 0.1521 18.42 0.0725
-135.0000 -73.9475 0.4955 0.2061 0.2984 0.00000 6.765 1500.0 12.0 0.0000 0.1966 23.82 0.0702
-132.1875 -73.9475 0.4943 0.2070 0.2986 0.00000 6.761 1500.0 12.0 0.0000 0.3323 40.29 0.0718
-129.3750 -73.9475 0.4874 0.2101 0.3025 0.00000 6.755 1500.0 12.0 0.0000 0.7549 92.04 0.0747
-126.5625 -73.9475 0.4863 0.2115 0.3023 0.00000 6.748 1500.0 12.0 0.0000 1.5136 184.64 0.0773
-123.7500 -73.9475 0.4767 0.2160 0.3072 0.00000 6.745 1500.0 12.0 0.0000 1.1080 136.18 0.0786
-120.9375 -73.9475 0.4093 0.2428 0.3478 0.00000 6.750 1500.0 12.0 0.0000 0.7685 99.74 0.0763
-118.1250 -73.9475 0.3950 0.2481 0.3569 0.00000 6.756 1500.0 12.0 0.0000 0.7397 97.12 0.0742
-115.3125 -73.9475 0.3949 0.2474 0.3577 0.00000 6.763 1500.0 12.0 0.0000 0.8586 112.78 0.0713
-112.5000 -73.9475 0.3956 0.2464 0.3580 0.00000 6.770 1500.0 12.0 0.0000 1.2049 158.23 0.0683
-109.6875 -73.9475 0.3969 0.2445 0.3586 0.00000 6.800 1500.0 12.0 0.0000 2.3323 306.20 0.0628
-106.8750 -73.9475 0.4054 0.2411 0.3536 0.00000 6.800 1500.0 12.0 0.0000 2.5436 331.75 0.0628
-104.0625 -73.9475 0.4025 0.2439 0.3536 0.00000 6.892 1500.0 12.0 0.0000 1.8637 243.41 0.0628
-101.2500 -73.9475 0.3459 0.2863 0.3678 0.00000 7.912 1500.0 12.0 0.0000 1.3762 185.78 0.0628
-98.4375 -73.9475 0.3684 0.2692 0.3624 0.00000 7.217 1500.0 12.0 0.0000 1.3754 183.30 0.0722
-95.6250 -73.9475 0.3064 0.3269 0.3667 0.00000 8.057 1500.0 12.0 0.0000 1.4356 197.08 0.1000
-92.8125 -73.9475 0.3189 0.3138 0.3673 0.00000 7.892 1500.0 12.0 0.0000 1.2417 169.59 0.0978
-90.0000 -73.9475 0.3828 0.2587 0.3585 0.00000 6.953 1500.0 12.0 0.0000 0.6932 91.59 0.0710
-87.1875 -73.9475 0.3930 0.2501 0.3568 0.00000 6.737 1500.0 12.0 0.0000 0.7735 101.64 0.0793
-84.3750 -73.9475 0.4013 0.2540 0.3448 0.00000 7.077 1500.0 12.0 0.0000 0.7963 103.57 0.0812
-81.5625 -73.9475 0.3855 0.2880 0.3265 0.00000 7.888 1500.0 12.0 0.0000 0.5242 68.01 0.0652
-78.7500 -73.9475 0.4556 0.2381 0.3062 0.00000 7.188 1500.0 12.0 0.0000 0.6138 76.17 0.0628
-75.9375 -73.9475 0.4967 0.2043 0.2990 0.00000 6.800 1500.0 12.0 0.0000 0.7703 93.30 0.0628
-73.1250 -73.9475 0.4845 0.2117 0.3038 0.00000 6.937 1500.0 12.0 0.0000 0.9608 117.41 0.0628
-70.3125 -73.9475 0.4420 0.2383 0.3197 0.00000 7.405 1500.0 12.0 0.0000 1.1097 139.67 0.0628
-67.5000 -73.9475 0.4282 0.2481 0.3237 0.00000 7.548 1500.0 12.0 0.0000 0.8642 109.73 0.0628
-64.6875 -73.9475 0.4967 0.2043 0.2990 0.00000 6.800 1500.0 12.0 0.0000 0.8333 100.93 0.0628
-61.8750 -73.9475 0.4682 0.2215 0.3103 0.00000 7.119 1500.0 12.0 0.0000 0.8918 110.25 0.0628
-59.0625 -73.9475 0.4309 0.2441 0.3250 0.00000 7.537 1500.0 12.0 0.0000 0.7073 89.75 0.0628
-56.2500 -73.9475 0.3575 0.2885 0.3541 0.00000 8.360 1500.0 12.0 0.0000 0.5764 76.86 0.0628
-53.4375 -73.9475 0.3389 0.2997 0.3614 0.00000 8.568 1500.0 12.0 0.0000 0.5582 75.34 0.0628
-50.6250 -73.9475 0.3371 0.3008 0.3621 0.00000 8.588 1500.0 12.0 0.0000 0.5294 71.53 0.0628
-47.8125 -73.9475 0.3879 0.2701 0.3420 0.00000 8.018 1500.0 12.0 0.0000 0.3563 46.56 0.0628
-45.0000 -73.9475 0.4021 0.2615 0.3364 0.00000 7.860 1500.0 12.0 0.0000 0.2738 35.44 0.0628
-42.1875 -73.9475 0.4096 0.2569 0.3335 0.00000 7.776 1500.0 12.0 0.0000 0.2351 30.28 0.0628
-39.3750 -73.9475 0.4029 0.2634 0.3337 0.00000 7.831 1500.0 12.0 0.0000 0.2194 28.34 0.0628
-36.5625 -73.9475 0.4380 0.2402 0.3218 0.00000 7.454 1500.0 12.0 0.0000 0.2811 35.49 0.0628
-33.7500 -73.9475 0.2907 0.3325 0.3768 0.00000 9.080 1500.0 12.0 0.0000 0.2273 31.58 0.0628
-30.9375 -73.9475 0.4477 0.2348 0.3174 0.00000 7.363 1500.0 12.0 0.0000 0.2158 27.05 0.0628
-28.1250 -73.9475 0.5787 0.1627 0.2586 0.00000 6.653 1500.0 12.0 0.0000 0.3065 34.75 0.0628
-25.3125 -73.9475 0.4317 0.2239 0.3444 0.00000 6.538 1500.0 12.0 0.0000 0.4720 60.51 0.0628
-22.5000 -73.9475 0.3300 0.2708 0.3992 0.00000 6.676 1500.0 12.0 0.0000 0.3384 46.75 0.0628
-19.6875 -73.9475 0.2935 0.2928 0.4137 0.00000 7.026 1500.0 12.0 0.0000 0.2780 39.30 0.0628
-16.8750 -73.9475 0.2887 0.3055 0.4058 0.00000 6.337 1500.0 12.0 0.0000 0.6600 93.12 0.1284
-14.0625 -73.9475 0.2885 0.3222 0.3893 0.00000 6.103 1500.0 12.0 0.0000 0.8956 125.34 0.1807
-11.2500 -73.9475 0.3425 0.3096 0.3478 0.00000 5.919 1500.0 12.0 0.0000 1.1109 148.64 0.2261
-8.4375 -73.9475 0.3988 0.3055 0.2957 0.00000 6.612 1500.0 12.0 0.0000 0.3780 47.91 0.2630
-5.6250 -73.9475 0.3152 0.3784 0.3065 0.00000 7.729 1500.0 12.0 0.0000 0.2457 32.57 0.2900
0.0000 -76.7369 0.4456 0.2676 0.2868 0.00000 6.212 1500.0 12.0 0.0000 0.2798 34.51 0.2248
2.8125 -76.7369 0.4276 0.2812 0.2913 0.00000 6.297 1500.0 12.0 0.0000 0.2406 30.02 0.2446
5.6250 -76.7369 0.3914 0.3081 0.3006 0.00000 6.506 1500.0 12.0 0.0000 0.2135 27.23 0.2631
8.4375 -76.7369 0.4437 0.2893 0.2670 0.00000 6.529 1500.0 12.0 0.0000 0.2300 28.07 0.2786
11.2500 -76.7369 0.3987 0.3066 0.2947 0.00000 5.973 1500.0 12.0 0.0000 0.3544 44.90 0.2912
14.0625 -76.7369 0.3377 0.3383 0.3241 0.00000 6.022 1500.0 12.0 0.0000 0.3189 42.23 0.3017
16.8750 -76.7369 0.3031 0.3509 0.3460 0.00000 5.727 1500.0 12.0 0.0000 0.3650 49.65 0.3064
19.6875 -76.7369 0.3098 0.3482 0.3420 0.00000 5.738 1500.0 12.0 0.0000 0.4392 59.45 0.3072
22.5000 -76.7369 0.2996 0.3495 0.3510 0.00000 5.758 1500.0 12.0 0.0000 0.4690 64.06 0.3039
25.3125 -76.7369 0.3254 0.3384 0.3361 0.00000 5.788 1500.0 12.0 0.0000 0.7140 95.68 0.2960
28.1250 -76.7369 0.3854 0.3057 0.3089 0.00000 5.834 1500.0 12.0 0.0000 0.7148 91.85 0.2827
30.9375 -76.7369 0.2570 0.3613 0.3817 0.00000 5.883 1500.0 12.0 0.0000 0.5085 71.85 0.2672
33.7500 -76.7369 0.2557 0.3602 0.3841 0.00000 5.923 1500.0 12.0 0.0000 0.5350 75.72 0.2533
36.5625 -76.7369 0.2717 0.3491 0.3792 0.00000 5.962 1500.0 12.0 0.0000 0.5743 80.55 0.2378
39.3750 -76.7369 0.2822 0.3409 0.3769 0.00000 6.084 1500.0 12.0 0.0000 0.5759 80.32 0.2212
42.1875 -76.7369 0.2836 0.3558 0.3606 0.00000 7.263 1500.0 12.0 0.0000 0.3943 54.50 0.2043
45.0000 -76.7369 0.2894 0.3605 0.3501 0.00000 7.988 1500.0 12.0 0.0000 0.2738 37.54 0.1880
47.8125 -76.7369 0.4155 0.2750 0.3095 0.00000 7.143 1500.0 12.0 0.0000 0.4993 63.28 0.1618
50.6250 -76.7369 0.4323 0.2581 0.3095 0.00000 6.965 1500.0 12.0 0.0000 0.3713 46.68 0.1400
53.4375 -76.7369 0.4829 0.2223 0.2948 0.00000 6.605 1500.0 12.0 0.0000 0.3189 38.80 0.1169
56.2500 -76.7369 0.4927 0.2095 0.2977 0.00000 6.742 1500.0 12.0 0.0000 0.2505 30.38 0.0787
59.0625 -76.7369 0.4859 0.2184 0.2957 0.00000 6.648 1500.0 12.0 0.0000 0.3262 39.65 0.1045
61.8750 -76.7369 0.4922 0.2102 0.2976 0.00000 6.735 1500.0 12.0 0.0000 0.2938 35.63 0.0802
64.6875 -76.7369 0.4958 0.2055 0.2987 0.00000 6.773 1500.0 12.0 0.0000 0.2304 27.92 0.0665
67.5000 -76.7369 0.4967 0.2043 0.2990 0.00000 6.795 1500.0 12.0 0.0000 0.2494 30.21 0.0628
70.3125 -76.7369 0.4966 0.2044 0.2990 0.00000 6.800 1500.0 12.0 0.0000 0.3292 39.88 0.0628
73.1250 -76.7369 0.4967 0.2043 0.2990 0.00000 6.800 1500.0 12.0 0.0000 0.4501 54.52 0.0628
75.9375 -76.7369 0.4866 0.2084 0.3049 0.00000 6.790 1500.0 12.0 0.0000 0.6973 85.18 0.0628
78.7500 -76.7369 0.4749 0.2132 0.3119 0.00000 6.778 1500.0 12.0 0.0000 1.2491 154.07 0.0628
81.5625 -76.7369 0.4036 0.2421 0.3543 0.00000 6.707 1500.0 12.0 0.0000 1.5805 206.38 0.0628
84.3750 -76.7369 0.3499 0.2640 0.3861 0.00000 6.653 1500.0 12.0 0.0000 1.6092 218.90 0.0628
87.1875 -76.7369 0.3443 0.2662 0.3895 0.00000 6.648 1500.0 12.0 0.0000 1.5211 207.79 0.0628
90.0000 -76.7369 0.4181 0.2362 0.3457 0.00000 6.721 1500.0 12.0 0.0000 1.1819 152.61 0.0628
92.8125 -76.7369 0.4653 0.2171 0.3176 0.00000 6.769 1500.0 12.0 0.0000 1.0464 130.09 0.0628
95.6250 -76.7369 0.4588 0.2167 0.3245 0.00000 6.667 1500.0 12.0 0.0000 1.3827 173.10 0.0628
98.4375 -76.7369 0.4846 0.2015 0.3139 0.00000 6.541 1500.0 12.0 0.0000 1.6261 199.85 0.0628
101.2500 -76.7369 0.5281 0.1807 0.2912 0.00000 6.484 1500.0 12.0 0.0000 1.7593 208.83 0.0628
104.0625 -76.7369 0.4995 0.1936 0.3069 0.00000 6.498 1500.0 12.0 0.0000 1.4733 179.01 0.0628
106.8750 -76.7369 0.4918 0.1979 0.3102 0.00000 6.547 1500.0 12.0 0.0000 1.0559 129.03 0.0628
109.6875 -76.7369 0.5302 0.1835 0.2863 0.00000 6.642 1500.0 12.0 0.0000 0.7065 83.53 0.0628
112.5000 -76.7369 0.4791 0.2087 0.3122 0.00000 6.747 1500.0 12.0 0.0000 0.5242 64.53 0.0628
115.3125 -76.7369 0.4526 0.2210 0.3265 0.00000 6.760 1500.0 12.0 0.0000 0.4539 57.05 0.0646
118.1250 -76.7369 0.4433 0.2237 0.3331 0.00000 6.761 1500.0 12.0 0.0000 0.4014 50.86 0.0628
120.9375 -76.7369 0.4274 0.2304 0.3423 0.00000 6.770 1500.0 12.0 0.0000 0.4216 54.10 0.0628
123.7500 -76.7369 0.3403 0.2646 0.3951 0.00000 6.651 1500.0 12.0 0.0000 0.5469 75.06 0.0628
126.5625 -76.7369 0.3818 0.2448 0.3735 0.00000 6.622 1500.0 12.0 0.0000 0.5899 78.59 0.0628
151.8750 -76.7369 0.4374 0.2311 0.3315 0.00000 6.946 1500.0 12.0 0.0000 0.2949 37.44 0.0628
154.6875 -76.7369 0.4424 0.2290 0.3286 0.00000 6.996 1500.0 12.0 0.0000 0.3089 39.07 0.0628
157.5000 -76.7369 0.4700 0.2144 0.3157 0.00000 6.839 1500.0 12.0 0.0000 0.3018 37.39 0.0633
160.3125 -76.7369 0.4805 0.2128 0.3068 0.00000 6.641 1500.0 12.0 0.0000 0.5778 70.86 0.0859
163.1250 -76.7369 0.5272 0.1918 0.2810 0.00000 6.535 1500.0 12.0 0.0000 0.7746 91.43 0.0921
165.9375 -76.7369 0.6720 0.1223 0.2057 0.00000 6.306 1500.0 12.0 0.0000 2.0403 212.36 0.0910
168.7500 -76.7369 0.6881 0.1136 0.1982 0.00000 6.300 1500.0 12.0 0.0000 2.4739 253.79 0.0868
171.5625 -76.7369 0.6899 0.1116 0.1985 0.00000 6.324 1500.0 12.0 0.0000 2.5852 264.99 0.0808
174.3750 -76.7369 0.6948 0.1060 0.1992 0.00000 6.371 1500.0 12.0 0.0000 2.1220 216.98 0.0664
177.1875 -76.7369 0.6491 0.1279 0.2231 0.00000 6.493 1500.0 12.0 0.0000 1.1513 122.81 0.0628
180.0000 -76.7369 0.4633 0.2263 0.3104 0.00000 7.249 1500.0 12.0 0.0000 0.5150 63.82 0.0628
-177.1875 -76.7369 0.4458 0.2420 0.3122 0.00000 7.568 1500.0 12.0 0.0000 0.5194 64.98 0.0628
-174.3750 -76.7369 0.5049 0.2042 0.2908 0.00000 7.049 1500.0 12.0 0.0000 0.5417 65.03 0.0628
-171.5625 -76.7369 0.5050 0.2058 0.2892 0.00000 7.180 1500.0 12.0 0.0000 0.6544 78.49 0.0628
-168.7500 -76.7369 0.5775 0.1639 0.2586 0.00000 6.673 1500.0 12.0 0.0000 1.0650 120.82 0.0628
-165.9375 -76.7369 0.5011 0.1997 0.2992 0.00000 6.739 1500.0 12.0 0.0000 0.8958 108.28 0.0628
-163.1250 -76.7369 0.4508 0.2224 0.3269 0.00000 6.793 1500.0 12.0 0.0000 0.9075 114.19 0.0628
-160.3125 -76.7369 0.4052 0.2411 0.3536 0.00000 6.797 1500.0 12.0 0.0000 0.9882 128.90 0.0628
-157.5000 -76.7369 0.4260 0.2327 0.3412 0.00000 6.797 1500.0 12.0 0.0000 0.7757 99.53 0.0628
-154.6875 -76.7369 0.4433 0.2258 0.3309 0.00000 6.800 1500.0 12.0 0.0000 0.5264 66.63 0.0628
-151.8750 -76.7369 0.4421 0.2263 0.3316 0.00000 6.800 1500.0 12.0 0.0000 0.4066 51.51 0.0628
-149.0625 -76.7369 0.4263 0.2326 0.3411 0.00000 6.800 1500.0 12.0 0.0000 0.2890 37.08 0.0628
-146.2500 -76.7369 0.4354 0.2287 0.3358 0.00000 6.800 1500.0 12.0 0.0000 0.2705 34.46 0.0628
-143.4375 -76.7369 0.4318 0.2300 0.3382 0.00000 6.800 1500.0 12.0 0.0000 0.2753 35.18 0.0628
-140.6250 -76.7369 0.4403 0.2266 0.3331 0.00000 6.800 1500.0 12.0 0.0000 0.3186 40.43 0.0628
-137.8125 -76.7369 0.4292 0.2310 0.3399 0.00000 6.800 1500.0 12.0 0.0000 0.4084 52.29 0.0628
-135.0000 -76.7369 0.4158 0.2365 0.3476 0.00000 6.796 1500.0 12.0 0.0000 0.6257 80.95 0.0628
-132.1875 -76.7369 0.4291 0.2314 0.3395 0.00000 6.787 1500.0 12.0 0.0000 1.4287 182.89 0.0628
-129.3750 -76.7369 0.4163 0.2366 0.3471 0.00000 6.792 1500.0 12.0 0.0000 2.3588 305.03 0.0628
-126.5625 -76.7369 0.3969 0.2444 0.3586 0.00000 6.788 1500.0 12.0 0.0000 0.7911 103.86 0.0628
-123.7500 -76.7369 0.4037 0.2417 0.3546 0.00000 6.780 1500.0 12.0 0.0000 0.5931 77.45 0.0628
-120.9375 -76.7369 0.3969 0.2445 0.3586 0.00000 6.800 1500.0 12.0 0.0000 0.6677 87.67 0.0628
-118.1250 -76.7369 0.3969 0.2445 0.3586 0.00000 6.800 1500.0 12.0 0.0000 0.8030 105.43 0.0628
-115.3125 -76.7369 0.3969 0.2445 0.3586 0.00000 6.800 1500.0 12.0 0.0000 1.1709 153.73 0.0628
-112.5000 -76.7369 0.3969 0.2445 0.3586 0.00000 6.800 1500.0 12.0 0.0000 1.1771 154.54 0.0628
-109.6875 -76.7369 0.3952 0.2470 0.3578 0.00000 6.759 1500.0 12.0 0.0000 1.8839 247.43 0.0700
-106.8750 -76.7369 0.3916 0.2522 0.3562 0.00000 6.705 1500.0 12.0 0.0000 2.7438 360.64 0.0849
-104.0625 -76.7369 0.3908 0.2533 0.3559 0.00000 6.690 1500.0 12.0 0.0000 2.5423 334.22 0.0884
-101.2500 -76.7369 0.3897 0.2550 0.3554 0.00000 6.670 1500.0 12.0 0.0000 2.5630 337.02 0.0930
-98.4375 -76.7369 0.3895 0.2552 0.3553 0.00000 6.668 1500.0 12.0 0.0000 2.0703 272.25 0.0938
-95.6250 -76.7369 0.3944 0.2481 0.3575 0.00000 6.749 1500.0 12.0 0.0000 1.2852 168.82 0.0733
-92.8125 -76.7369 0.3969 0.2445 0.3586 0.00000 6.792 1500.0 12.0 0.0000 0.9743 127.91 0.0628
-90.0000 -76.7369 0.3969 0.2445 0.3586 0.00000 6.793 1500.0 12.0 0.0000 0.9097 119.43 0.0628
-87.1875 -76.7369 0.3856 0.2599 0.3545 0.00000 7.270 1500.0 12.0 0.0000 0.7367 97.01 0.0628
-84.3750 -76.7369 0.3852 0.2696 0.3453 0.00000 7.925 1500.0 12.0 0.0000 0.9160 120.05 0.0628
-81.5625 -76.7369 0.3354 0.3044 0.3602 0.00000 8.587 1500.0 12.0 0.0000 1.2312 166.33 0.0628
-78.7500 -76.7369 0.3883 0.2733 0.3384 0.00000 7.976 1500.0 12.0 0.0000 1.5204 198.25 0.0628
-75.9375 -76.7369 0.4966 0.2045 0.2990 0.00000 6.782 1500.0 12.0 0.0000 1.5845 191.94 0.0632
-73.1250 -76.7369 0.4967 0.2043 0.2990 0.00000 6.785 1500.0 12.0 0.0000 1.1724 142.01 0.0628
-70.3125 -76.7369 0.4967 0.2043 0.2990 0.00000 6.791 1500.0 12.0 0.0000 0.8002 96.93 0.0628
-67.5000 -76.7369 0.4967 0.2043 0.2990 0.00000 6.791 1500.0 12.0 0.0000 0.6337 76.76 0.0628
-64.6875 -76.7369 0.4887 0.2105 0.3008 0.00000 6.837 1500.0 12.0 0.0000 0.7520 91.54 0.0702
-61.8750 -76.7369 0.4575 0.2302 0.3123 0.00000 7.166 1500.0 12.0 0.0000 0.8184 101.82 0.0742
-59.0625 -76.7369 0.3963 0.2677 0.3360 0.00000 7.844 1500.0 12.0 0.0000 0.8984 116.56 0.0754
-56.2500 -76.7369 0.3514 0.2937 0.3548 0.00000 8.297 1500.0 12.0 0.0000 1.0725 143.45 0.0741
-53.4375 -76.7369 0.3817 0.2754 0.3429 0.00000 8.004 1500.0 12.0 0.0000 1.4132 185.27 0.0718
-50.6250 -76.7369 0.3469 0.2965 0.3565 0.00000 8.426 1500.0 12.0 0.0000 0.6598 88.51 0.0700
-47.8125 -76.7369 0.4017 0.2622 0.3361 0.00000 7.837 1500.0 12.0 0.0000 0.3683 47.66 0.0652
-45.0000 -76.7369 0.4041 0.2602 0.3356 0.00000 7.828 1500.0 12.0 0.0000 0.2593 33.52 0.0628
-42.1875 -76.7369 0.3433 0.2971 0.3596 0.00000 8.518 1500.0 12.0 0.0000 0.2269 30.54 0.0628
-39.3750 -76.7369 0.4012 0.2654 0.3334 0.00000 7.842 1500.0 12.0 0.0000 0.2617 33.83 0.0628
-36.5625 -76.7369 0.3190 0.3222 0.3588 0.00000 8.708 1500.0 12.0 0.0000 0.2534 34.46 0.0628
-33.7500 -76.7369 0.3430 0.3024 0.3546 0.00000 8.480 1500.0 12.0 0.0000 0.2962 39.76 0.0628
-30.9375 -76.7369 0.3821 0.2745 0.3435 0.00000 8.072 1500.0 12.0 0.0000 0.2585 33.89 0.0628
-28.1250 -76.7369 0.3991 0.2664 0.3345 0.00000 7.901 1500.0 12.0 0.0000 0.2366 30.63 0.0628
-25.3125 -76.7369 0.4640 0.2289 0.3071 0.00000 7.201 1500.0 12.0 0.0000 0.1714 21.19 0.0628
-22.5000 -76.7369 0.5330 0.1938 0.2732 0.00000 7.241 1500.0 12.0 0.0000 0.2520 29.52 0.0628
-19.6875 -76.7369 0.5043 0.1912 0.3044 0.00000 6.561 1500.0 12.0 0.0000 0.2749 33.28 0.0628
-16.8750 -76.7369 0.3552 0.2563 0.3886 0.00000 6.573 1500.0 12.0 0.0000 0.1753 23.82 0.0628
-14.0625 -76.7369 0.3228 0.2715 0.4057 0.00000 6.555 1500.0 12.0 0.0000 0.1566 21.77 0.0671
-11.2500 -76.7369 0.2904 0.3052 0.4044 0.00000 6.663 1500.0 12.0 0.0000 0.1669 23.52 0.1179
-8.4375 -76.7369 0.2845 0.3161 0.3994 0.00000 6.405 1500.0 12.0 0.0000 0.1682 23.70 0.1524
-5.6250 -76.7369 0.2912 0.3277 0.3811 0.00000 6.715 1500.0 12.0 0.0000 0.1487 20.70 0.1776
-2.8125 -76.7369 0.3585 0.3003 0.3412 0.00000 6.287 1500.0 12.0 0.0000 0.2091 27.68 0.1997
0.0000 -79.5256 0.2876 0.3027 0.4098 0.00000 6.979 1500.0 12.0 0.0000 0.1022 14.46 0.0842
2.8125 -79.5256 0.2683 0.3345 0.3972 0.00000 7.726 1500.0 12.0 0.0000 0.0879 12.46 0.1048
5.6250 -79.5256 0.3016 0.3017 0.3966 0.00000 6.601 1500.0 12.0 0.0000 0.1116 15.58 0.1174
8.4375 -79.5256 0.2963 0.3108 0.3930 0.00000 6.532 1500.0 12.0 0.0000 0.1228 17.15 0.1299
11.2500 -79.5256 0.3248 0.2942 0.3810 0.00000 6.329 1500.0 12.0 0.0000 0.1551 21.28 0.1394
14.0625 -79.5256 0.3011 0.3050 0.3939 0.00000 6.204 1500.0 12.0 0.0000 0.1770 24.69 0.1462
16.8750 -79.5256 0.3489 0.2849 0.3662 0.00000 6.207 1500.0 12.0 0.0000 0.1988 26.78 0.1476
19.6875 -79.5256 0.3577 0.2806 0.3617 0.00000 6.272 1500.0 12.0 0.0000 0.1805 24.17 0.1445
22.5000 -79.5256 0.3730 0.2715 0.3555 0.00000 6.299 1500.0 12.0 0.0000 0.1818 24.09 0.1407
25.3125 -79.5256 0.3424 0.2867 0.3709 0.00000 6.313 1500.0 12.0 0.0000 0.2522 34.15 0.1358
28.1250 -79.5256 0.3455 0.2823 0.3722 0.00000 6.396 1500.0 12.0 0.0000 0.2650 35.86 0.1228
30.9375 -79.5256 0.4032 0.2518 0.3450 0.00000 6.477 1500.0 12.0 0.0000 0.2684 34.87 0.1070
33.7500 -79.5256 0.4361 0.2332 0.3306 0.00000 6.588 1500.0 12.0 0.0000 0.2529 32.11 0.0871
36.5625 -79.5256 0.4697 0.2195 0.3108 0.00000 6.643 1500.0 12.0 0.0000 0.2394 29.58 0.0857
39.3750 -79.5256 0.5740 0.1687 0.2573 0.00000 6.554 1500.0 12.0 0.0000 0.2927 33.25 0.0790
42.1875 -79.5256 0.5547 0.1807 0.2646 0.00000 6.634 1500.0 12.0 0.0000 0.3094 35.66 0.0868
45.0000 -79.5256 0.4703 0.2311 0.2986 0.00000 7.110 1500.0 12.0 0.0000 0.2197 26.96 0.0864
47.8125 -79.5256 0.4633 0.2280 0.3087 0.00000 7.059 1500.0 12.0 0.0000 0.1952 24.17 0.0786
50.6250 -79.5256 0.4937 0.2082 0.2981 0.00000 6.749 1500.0 12.0 0.0000 0.1962 23.78 0.0742
53.4375 -79.5256 0.4946 0.2070 0.2984 0.00000 6.759 1500.0 12.0 0.0000 0.1999 24.23 0.0709
56.2500 -79.5256 0.4956 0.2058 0.2986 0.00000 6.769 1500.0 12.0 0.0000 0.2042 24.75 0.0673
59.0625 -79.5256 0.4961 0.2051 0.2988 0.00000 6.775 1500.0 12.0 0.0000 0.2243 27.17 0.0651
61.8750 -79.5256 0.4965 0.2045 0.2989 0.00000 6.779 1500.0 12.0 0.0000 0.2612 31.64 0.0635
64.6875 -79.5256 0.4967 0.2043 0.2990 0.00000 6.780 1500.0 12.0 0.0000 0.3424 41.47 0.0628
67.5000 -79.5256 0.4967 0.2044 0.2990 0.00000 6.786 1500.0 12.0 0.0000 0.6411 77.66 0.0628
70.3125 -79.5256 0.4966 0.2044 0.2990 0.00000 6.793 1500.0 12.0 0.0000 0.9576 116.00 0.0628
73.1250 -79.5256 0.4966 0.2044 0.2990 0.00000 6.796 1500.0 12.0 0.0000 0.8578 103.90 0.0628
75.9375 -79.5256 0.4966 0.2044 0.2990 0.00000 6.797 1500.0 12.0 0.0000 0.8363 101.31 0.0628
78.7500 -79.5256 0.4967 0.2043 0.2990 0.00000 6.800 1500.0 12.0 0.0000 0.9010 109.14 0.0628
81.5625 -79.5256 0.4943 0.2053 0.3004 0.00000 6.798 1500.0 12.0 0.0000 1.0462 126.97 0.0628
84.3750 -79.5256 0.4967 0.2044 0.2990 0.00000 6.800 1500.0 12.0 0.0000 1.3381 162.08 0.0628
87.1875 -79.5256 0.4967 0.2043 0.2990 0.00000 6.800 1500.0 12.0 0.0000 1.3536 163.96 0.0628
90.0000 -79.5256 0.4966 0.2044 0.2990 0.00000 6.800 1500.0 12.0 0.0000 1.3706 166.02 0.0628
92.8125 -79.5256 0.4966 0.2044 0.2990 0.00000 6.800 1500.0 12.0 0.0000 1.4503 175.67 0.0628
95.6250 -79.5256 0.5098 0.1947 0.2955 0.00000 6.673 1500.0 12.0 0.0000 1.3360 160.45 0.0628
98.4375 -79.5256 0.6022 0.1507 0.2470 0.00000 6.559 1500.0 12.0 0.0000 1.3780 153.17 0.0628
101.2500 -79.5256 0.5916 0.1569 0.2515 0.00000 6.600 1500.0 12.0 0.0000 0.9101 102.03 0.0628
104.0625 -79.5256 0.6120 0.1470 0.2411 0.00000 6.545 1500.0 12.0 0.0000 0.9055 99.75 0.0639
106.8750 -79.5256 0.6427 0.1328 0.2245 0.00000 6.464 1500.0 12.0 0.0000 1.3278 142.28 0.0701
109.6875 -79.5256 0.6474 0.1308 0.2218 0.00000 6.446 1500.0 12.0 0.0000 1.3604 145.14 0.0729
112.5000 -79.5256 0.6724 0.1190 0.2085 0.00000 6.385 1500.0 12.0 0.0000 1.8788 195.87 0.0757
115.3125 -79.5256 0.6869 0.1115 0.2016 0.00000 6.353 1500.0 12.0 0.0000 1.7864 183.81 0.0768
118.1250 -79.5256 0.6598 0.1245 0.2156 0.00000 6.401 1500.0 12.0 0.0000 1.4357 151.47 0.0757
120.9375 -79.5256 0.6462 0.1297 0.2241 0.00000 6.378 1500.0 12.0 0.0000 1.7252 184.45 0.0738
123.7500 -79.5256 0.6083 0.1477 0.2440 0.00000 6.449 1500.0 12.0 0.0000 1.1609 128.38 0.0720
126.5625 -79.5256 0.5420 0.1794 0.2786 0.00000 6.567 1500.0 12.0 0.0000 0.7106 83.12 0.0712
129.3750 -79.5256 0.5502 0.1752 0.2746 0.00000 6.552 1500.0 12.0 0.0000 0.7000 81.35 0.0703
132.1875 -79.5256 0.6411 0.1326 0.2263 0.00000 6.440 1500.0 12.0 0.0000 1.0448 112.18 0.0707
135.0000 -79.5256 0.6022 0.1518 0.2459 0.00000 6.503 1500.0 12.0 0.0000 0.7723 85.78 0.0728
137.8125 -79.5256 0.5495 0.1771 0.2733 0.00000 6.587 1500.0 12.0 0.0000 0.5588 64.91 0.0729
140.6250 -79.5256 0.5626 0.1709 0.2665 0.00000 6.566 1500.0 12.0 0.0000 0.5721 65.73 0.0731
143.4375 -79.5256 0.5852 0.1602 0.2546 0.00000 6.526 1500.0 12.0 0.0000 0.6309 71.11 0.0738
146.2500 -79.5256 0.6012 0.1526 0.2461 0.00000 6.499 1500.0 12.0 0.0000 0.6795 75.52 0.0741
149.0625 -79.5256 0.6084 0.1485 0.2431 0.00000 6.497 1500.0 12.0 0.0000 0.6396 70.69 0.0710
151.8750 -79.5256 0.6061 0.1483 0.2456 0.00000 6.519 1500.0 12.0 0.0000 0.4989 55.29 0.0650
154.6875 -79.5256 0.6736 0.1155 0.2109 0.00000 6.426 1500.0 12.0 0.0000 0.8388 87.53 0.0628
157.5000 -79.5256 0.6957 0.1049 0.1994 0.00000 6.400 1500.0 12.0 0.0000 1.2123 123.91 0.0628
160.3125 -79.5256 0.6957 0.1049 0.1994 0.00000 6.400 1500.0 12.0 0.0000 1.2633 129.13 0.0628
163.1250 -79.5256 0.6958 0.1049 0.1994 0.00000 6.400 1500.0 12.0 0.0000 1.3287 135.81 0.0628
165.9375 -79.5256 0.6957 0.1049 0.1994 0.00000 6.400 1500.0 12.0 0.0000 1.7058 174.36 0.0628
168.7500 -79.5256 0.6957 0.1049 0.1994 0.00000 6.400 1500.0 12.0 0.0000 1.7241 176.23 0.0628
171.5625 -79.5256 0.6941 0.1057 0.2002 0.00000 6.403 1500.0 12.0 0.0000 1.6819 172.17 0.0628
174.3750 -79.5256 0.6814 0.1120 0.2066 0.00000 6.429 1500.0 12.0 0.0000 1.3474 139.56 0.0628
177.1875 -79.5256 0.6211 0.1419 0.2370 0.00000 6.551 1500.0 12.0 0.0000 0.7042 76.99 0.0628
180.0000 -79.5256 0.5235 0.1922 0.2843 0.00000 6.873 1500.0 12.0 0.0000 0.4416 52.33 0.0628
-177.1875 -79.5256 0.5079 0.2091 0.2830 0.00000 7.204 1500.0 12.0 0.0000 0.4912 58.61 0.0628
-174.3750 -79.5256 0.5478 0.1787 0.2735 0.00000 6.698 1500.0 12.0 0.0000 0.5216 60.65 0.0628
-171.5625 -79.5256 0.5249 0.1900 0.2851 0.00000 6.744 1500.0 12.0 0.0000 0.4926 58.35 0.0628
-168.7500 -79.5256 0.5010 0.2019 0.2970 0.00000 6.788 1500.0 12.0 0.0000 0.4964 59.93 0.0628
-165.9375 -79.5256 0.4882 0.2078 0.3041 0.00000 6.800 1500.0 12.0 0.0000 0.5373 65.55 0.0628
-163.1250 -79.5256 0.4846 0.2092 0.3062 0.00000 6.800 1500.0 12.0 0.0000 0.5034 61.60 0.0628
-160.3125 -79.5256 0.4912 0.2065 0.3022 0.00000 6.800 1500.0 12.0 0.0000 0.5818 70.80 0.0628
-157.5000 -79.5256 0.4937 0.2056 0.3008 0.00000 6.800 1500.0 12.0 0.0000 0.6839 83.05 0.0628
-154.6875 -79.5256 0.4966 0.2044 0.2990 0.00000 6.800 1500.0 12.0 0.0000 0.8204 99.37 0.0628
-151.8750 -79.5256 0.4966 0.2044 0.2990 0.00000 6.800 1500.0 12.0 0.0000 1.0003 121.17 0.0628
-149.0625 -79.5256 0.4966 0.2044 0.2990 0.00000 6.800 1500.0 12.0 0.0000 1.2380 149.96 0.0628
-146.2500 -79.5256 0.4966 0.2044 0.2990 0.00000 6.800 1500.0 12.0 0.0000 1.5208 184.22 0.0628
-143.4375 -79.5256 0.4961 0.2046 0.2993 0.00000 6.800 1500.0 12.0 0.0000 1.7932 217.31 0.0628
-140.6250 -79.5256 0.4924 0.2061 0.3015 0.00000 6.800 1500.0 12.0 0.0000 2.2000 267.45 0.0628
-137.8125 -79.5256 0.4927 0.2059 0.3014 0.00000 6.800 1500.0 12.0 0.0000 2.6662 324.03 0.0628
-135.0000 -79.5256 0.4779 0.2119 0.3102 0.00000 6.800 1500.0 12.0 0.0000 2.8703 353.17 0.0628
-132.1875 -79.5256 0.4724 0.2141 0.3136 0.00000 6.800 1500.0 12.0 0.0000 2.8995 358.40 0.0628
-129.3750 -79.5256 0.4717 0.2144 0.3139 0.00000 6.798 1500.0 12.0 0.0000 2.8028 346.63 0.0628
-126.5625 -79.5256 0.4639 0.2197 0.3164 0.00000 6.748 1500.0 12.0 0.0000 3.0014 373.12 0.0719
-123.7500 -79.5256 0.4531 0.2259 0.3209 0.00000 6.718 1500.0 12.0 0.0000 3.1100 389.61 0.0797
-120.9375 -79.5256 0.4541 0.2268 0.3191 0.00000 6.696 1500.0 12.0 0.0000 2.6651 333.37 0.0851
-118.1250 -79.5256 0.4400 0.2336 0.3265 0.00000 6.677 1500.0 12.0 0.0000 2.2919 289.82 0.0893
-115.3125 -79.5256 0.4385 0.2347 0.3268 0.00000 6.667 1500.0 12.0 0.0000 2.1066 266.62 0.0914
-112.5000 -79.5256 0.4407 0.2342 0.3250 0.00000 6.658 1500.0 12.0 0.0000 2.1141 267.03 0.0933
-109.6875 -79.5256 0.4255 0.2397 0.3347 0.00000 6.672 1500.0 12.0 0.0000 2.3119 295.70 0.0905
-106.8750 -79.5256 0.4087 0.2456 0.3457 0.00000 6.690 1500.0 12.0 0.0000 2.9578 383.57 0.0866
-104.0625 -79.5256 0.3956 0.2510 0.3534 0.00000 6.690 1500.0 12.0 0.0000 3.4147 447.34 0.0868
-101.2500 -79.5256 0.3887 0.2564 0.3549 0.00000 6.645 1500.0 12.0 0.0000 2.8301 372.22 0.0972
-98.4375 -79.5256 0.3894 0.2554 0.3552 0.00000 6.661 1500.0 12.0 0.0000 2.0428 268.64 0.0942
-95.6250 -79.5256 0.3968 0.2504 0.3528 0.00000 6.697 1500.0 12.0 0.0000 1.4907 195.11 0.0863
-92.8125 -79.5256 0.4331 0.2330 0.3340 0.00000 6.742 1500.0 12.0 0.0000 1.1384 145.03 0.0752
-90.0000 -79.5256 0.4681 0.2159 0.3161 0.00000 6.788 1500.0 12.0 0.0000 0.7723 95.79 0.0628
-87.1875 -79.5256 0.4942 0.2053 0.3005 0.00000 6.790 1500.0 12.0 0.0000 0.8119 98.55 0.0628
-84.3750 -79.5256 0.4966 0.2044 0.2990 0.00000 6.790 1500.0 12.0 0.0000 1.1203 135.70 0.0628
-81.5625 -79.5256 0.4966 0.2044 0.2990 0.00000 6.791 1500.0 12.0 0.0000 1.5323 185.60 0.0628
-78.7500 -79.5256 0.4966 0.2044 0.2990 0.00000 6.787 1500.0 12.0 0.0000 2.1130 255.95 0.0628
-75.9375 -79.5256 0.4966 0.2044 0.2990 0.00000 6.782 1500.0 12.0 0.0000 1.3739 166.43 0.0631
-73.1250 -79.5256 0.4958 0.2054 0.2987 0.00000 6.776 1500.0 12.0 0.0000 1.1884 143.99 0.0660
-70.3125 -79.5256 0.4930 0.2075 0.2995 0.00000 6.767 1500.0 12.0 0.0000 1.0208 123.91 0.0699
-67.5000 -79.5256 0.4811 0.2132 0.3057 0.00000 6.757 1500.0 12.0 0.0000 0.9000 110.28 0.0739
-64.6875 -79.5256 0.4623 0.2220 0.3158 0.00000 6.744 1500.0 12.0 0.0000 0.8780 109.20 0.0786
-61.8750 -79.5256 0.4533 0.2263 0.3204 0.00000 6.735 1500.0 12.0 0.0000 0.9061 113.47 0.0816
-59.0625 -79.5256 0.4435 0.2307 0.3258 0.00000 6.729 1500.0 12.0 0.0000 1.0146 128.03 0.0834
-56.2500 -79.5256 0.4533 0.2269 0.3198 0.00000 6.726 1500.0 12.0 0.0000 1.2890 161.37 0.0843
-53.4375 -79.5256 0.4891 0.2122 0.2987 0.00000 6.730 1500.0 12.0 0.0000 1.3584 165.13 0.0835
-50.6250 -79.5256 0.4676 0.2254 0.3070 0.00000 7.004 1500.0 12.0 0.0000 1.2935 159.66 0.0816
-47.8125 -79.5256 0.4828 0.2158 0.3014 0.00000 6.844 1500.0 12.0 0.0000 1.1475 140.14 0.0795
-45.0000 -79.5256 0.4798 0.2172 0.3030 0.00000 6.889 1500.0 12.0 0.0000 0.9166 112.21 0.0775
-42.1875 -79.5256 0.4607 0.2285 0.3108 0.00000 7.112 1500.0 12.0 0.0000 0.8056 99.99 0.0754
-39.3750 -79.5256 0.4940 0.2078 0.2982 0.00000 6.752 1500.0 12.0 0.0000 0.5787 70.15 0.0730
-36.5625 -79.5256 0.4806 0.2153 0.3040 0.00000 6.921 1500.0 12.0 0.0000 0.3913 47.91 0.0699
-33.7500 -79.5256 0.4573 0.2291 0.3137 0.00000 7.203 1500.0 12.0 0.0000 0.2427 30.22 0.0653
-30.9375 -79.5256 0.4743 0.2178 0.3079 0.00000 7.039 1500.0 12.0 0.0000 0.1463 18.01 0.0628
-28.1250 -79.5256 0.4633 0.2274 0.3092 0.00000 7.150 1500.0 12.0 0.0000 0.1262 15.62 0.0628
-25.3125 -79.5256 0.4773 0.2170 0.3057 0.00000 7.010 1500.0 12.0 0.0000 0.1056 12.97 0.0628
-22.5000 -79.5256 0.5175 0.1938 0.2887 0.00000 6.758 1500.0 12.0 0.0000 0.0990 11.79 0.0628
-19.6875 -79.5256 0.5664 0.1642 0.2694 0.00000 6.535 1500.0 12.0 0.0000 0.1607 18.46 0.0628
-16.8750 -79.5256 0.3937 0.2508 0.3555 0.00000 6.852 1500.0 12.0 0.0000 0.1194 15.68 0.0628
-14.0625 -79.5256 0.3295 0.2765 0.3940 0.00000 6.919 1500.0 12.0 0.0000 0.0850 11.71 0.0628
-11.2500 -79.5256 0.3567 0.2694 0.3739 0.00000 7.098 1500.0 12.0 0.0000 0.0797 10.75 0.0628
-8.4375 -79.5256 0.3679 0.2648 0.3672 0.00000 7.120 1500.0 12.0 0.0000 0.0797 10.66 0.0628
-5.6250 -79.5256 0.3463 0.2615 0.3922 0.00000 6.577 1500.0 12.0 0.0000 0.0951 13.00 0.0628
-2.8125 -79.5256 0.3199 0.2741 0.4060 0.00000 6.589 1500.0 12.0 0.0000 0.0947 13.19 0.0628
0.0000 -82.3129 0.4847 0.2092 0.3061 0.00000 6.788 1500.0 12.0 0.0000 0.0593 10.00 0.0628
2.8125 -82.3129 0.4967 0.2043 0.2990 0.00000 6.800 1500.0 12.0 0.0000 0.0584 10.00 0.0628
5.6250 -82.3129 0.4967 0.2043 0.2990 0.00000 6.800 1500.0 12.0 0.0000 0.0603 10.00 0.0628
8.4375 -82.3129 0.4967 0.2043 0.2990 0.00000 6.800 1500.0 12.0 0.0000 0.0626 10.00 0.0628
11.2500 -82.3129 0.4967 0.2043 0.2990 0.00000 6.800 1500.0 12.0 0.0000 0.0658 10.00 0.0628
14.0625 -82.3129 0.4967 0.2043 0.2990 0.00000 6.800 1500.0 12.0 0.0000 0.0693 10.00 0.0628
16.8750 -82.3129 0.4967 0.2043 0.2990 0.00000 6.800 1500.0 12.0 0.0000 0.0734 10.00 0.0628
19.6875 -82.3129 0.4968 0.2042 0.2990 0.00000 6.800 1500.0 12.0 0.0000 0.0777 10.00 0.0628
22.5000 -82.3129 0.4970 0.2040 0.2990 0.00000 6.800 1500.0 12.0 0.0000 0.0819 10.00 0.0628
25.3125 -82.3129 0.4969 0.2041 0.2990 0.00000 6.800 1500.0 12.0 0.0000 0.0880 10.66 0.0628
28.1250 -82.3129 0.4967 0.2043 0.2990 0.00000 6.800 1500.0 12.0 0.0000 0.0960 11.63 0.0628
30.9375 -82.3129 0.4967 0.2044 0.2990 0.00000 6.800 1500.0 12.0 0.0000 0.1041 12.61 0.0628
33.7500 -82.3129 0.4967 0.2043 0.2990 0.00000 6.800 1500.0 12.0 0.0000 0.1134 13.73 0.0628
36.5625 -82.3129 0.4967 0.2044 0.2990 0.00000 6.800 1500.0 12.0 0.0000 0.1252 15.16 0.0628
39.3750 -82.3129 0.4967 0.2044 0.2990 0.00000 6.800 1500.0 12.0 0.0000 0.1400 16.96 0.0628
42.1875 -82.3129 0.4967 0.2043 0.2990 0.00000 6.800 1500.0 12.0 0.0000 0.1594 19.31 0.0628
45.0000 -82.3129 0.4967 0.2043 0.2990 0.00000 6.800 1500.0 12.0 0.0000 0.1861 22.54 0.0628
47.8125 -82.3129 0.4967 0.2043 0.2990 0.00000 6.800 1500.0 12.0 0.0000 0.2235 27.07 0.0628
50.6250 -82.3129 0.4967 0.2043 0.2990 0.00000 6.797 1500.0 12.0 0.0000 0.2748 33.29 0.0628
53.4375 -82.3129 0.4967 0.2043 0.2990 0.00000 6.788 1500.0 12.0 0.0000 0.3430 41.54 0.0628
56.2500 -82.3129 0.4967 0.2043 0.2990 0.00000 6.783 1500.0 12.0 0.0000 0.4831 58.52 0.0628
59.0625 -82.3129 0.4967 0.2043 0.2990 0.00000 6.787 1500.0 12.0 0.0000 0.7786 94.31 0.0628
61.8750 -82.3129 0.4967 0.2043 0.2990 0.00000 6.784 1500.0 12.0 0.0000 0.6536 79.17 0.0628
64.6875 -82.3129 0.4967 0.2043 0.2990 0.00000 6.785 1500.0 12.0 0.0000 0.6024 72.97 0.0628
67.5000 -82.3129 0.4967 0.2044 0.2990 0.00000 6.786 1500.0 12.0 0.0000 0.5870 71.11 0.0628
70.3125 -82.3129 0.4966 0.2044 0.2990 0.00000 6.786 1500.0 12.0 0.0000 0.5964 72.25 0.0628
73.1250 -82.3129 0.4966 0.2044 0.2990 0.00000 6.787 1500.0 12.0 0.0000 0.6319 76.55 0.0628
75.9375 -82.3129 0.4966 0.2044 0.2990 0.00000 6.791 1500.0 12.0 0.0000 0.6725 81.46 0.0628
78.7500 -82.3129 0.4966 0.2044 0.2990 0.00000 6.792 1500.0 12.0 0.0000 0.7142 86.51 0.0628
81.5625 -82.3129 0.4966 0.2044 0.2990 0.00000 6.794 1500.0 12.0 0.0000 0.8346 101.09 0.0628
84.3750 -82.3129 0.4966 0.2044 0.2990 0.00000 6.798 1500.0 12.0 0.0000 1.1013 133.40 0.0628
87.1875 -82.3129 0.4966 0.2044 0.2990 0.00000 6.797 1500.0 12.0 0.0000 1.6703 202.33 0.0628
90.0000 -82.3129 0.4967 0.2043 0.2990 0.00000 6.795 1500.0 12.0 0.0000 2.1689 262.71 0.0628
92.8125 -82.3129 0.4967 0.2043 0.2990 0.00000 6.795 1500.0 12.0 0.0000 2.3884 289.30 0.0628
95.6250 -82.3129 0.4967 0.2043 0.2990 0.00000 6.794 1500.0 12.0 0.0000 1.5850 191.98 0.0628
98.4375 -82.3129 0.4967 0.2043 0.2990 0.00000 6.790 1500.0 12.0 0.0000 1.1096 134.41 0.0628
101.2500 -82.3129 0.4967 0.2043 0.2990 0.00000 6.784 1500.0 12.0 0.0000 0.8634 104.58 0.0628
104.0625 -82.3129 0.4964 0.2046 0.2989 0.00000 6.778 1500.0 12.0 0.0000 0.7653 92.71 0.0636
106.8750 -82.3129 0.4959 0.2053 0.2988 0.00000 6.773 1500.0 12.0 0.0000 0.6413 77.69 0.0657
109.6875 -82.3129 0.4954 0.2060 0.2986 0.00000 6.768 1500.0 12.0 0.0000 0.7828 94.86 0.0676
112.5000 -82.3129 0.5003 0.2039 0.2958 0.00000 6.752 1500.0 12.0 0.0000 0.8249 99.56 0.0696
115.3125 -82.3129 0.5587 0.1751 0.2662 0.00000 6.630 1500.0 12.0 0.0000 1.0892 125.38 0.0710
118.1250 -82.3129 0.6168 0.1461 0.2371 0.00000 6.512 1500.0 12.0 0.0000 1.5090 165.37 0.0713
120.9375 -82.3129 0.6285 0.1403 0.2311 0.00000 6.487 1500.0 12.0 0.0000 1.3576 147.26 0.0716
123.7500 -82.3129 0.6442 0.1325 0.2233 0.00000 6.456 1500.0 12.0 0.0000 1.5023 160.73 0.0715
126.5625 -82.3129 0.6400 0.1347 0.2254 0.00000 6.463 1500.0 12.0 0.0000 1.4259 153.11 0.0718
129.3750 -82.3129 0.6501 0.1297 0.2202 0.00000 6.441 1500.0 12.0 0.0000 1.5067 160.34 0.0721
132.1875 -82.3129 0.6595 0.1252 0.2154 0.00000 6.419 1500.0 12.0 0.0000 1.6206 170.99 0.0730
135.0000 -82.3129 0.6367 0.1364 0.2269 0.00000 6.467 1500.0 12.0 0.0000 1.2348 132.97 0.0725
137.8125 -82.3129 0.6109 0.1492 0.2399 0.00000 6.520 1500.0 12.0 0.0000 0.9431 103.87 0.0719
140.6250 -82.3129 0.6384 0.1354 0.2262 0.00000 6.466 1500.0 12.0 0.0000 1.0930 117.54 0.0715
143.4375 -82.3129 0.6445 0.1321 0.2234 0.00000 6.458 1500.0 12.0 0.0000 1.0619 113.59 0.0703
146.2500 -82.3129 0.6279 0.1401 0.2320 0.00000 6.494 1500.0 12.0 0.0000 0.8456 91.80 0.0693
149.0625 -82.3129 0.6042 0.1517 0.2441 0.00000 6.546 1500.0 12.0 0.0000 0.6541 72.49 0.0681
151.8750 -82.3129 0.5934 0.1571 0.2495 0.00000 6.568 1500.0 12.0 0.0000 0.5806 64.95 0.0678
154.6875 -82.3129 0.6031 0.1519 0.2449 0.00000 6.553 1500.0 12.0 0.0000 0.5702 63.27 0.0664
157.5000 -82.3129 0.6244 0.1407 0.2349 0.00000 6.519 1500.0 12.0 0.0000 0.5718 62.31 0.0636
160.3125 -82.3129 0.6735 0.1160 0.2105 0.00000 6.431 1500.0 12.0 0.0000 0.9446 98.55 0.0628
163.1250 -82.3129 0.6827 0.1114 0.2059 0.00000 6.423 1500.0 12.0 0.0000 1.1364 117.56 0.0628
165.9375 -82.3129 0.6765 0.1145 0.2090 0.00000 6.439 1500.0 12.0 0.0000 1.0516 109.42 0.0628
168.7500 -82.3129 0.6366 0.1344 0.2289 0.00000 6.519 1500.0 12.0 0.0000 0.6740 72.67 0.0628
171.5625 -82.3129 0.5743 0.1656 0.2601 0.00000 6.644 1500.0 12.0 0.0000 0.4341 49.38 0.0628
174.3750 -82.3129 0.4966 0.2044 0.2990 0.00000 6.800 1500.0 12.0 0.0000 0.3036 36.78 0.0628
177.1875 -82.3129 0.4966 0.2044 0.2990 0.00000 6.800 1500.0 12.0 0.0000 0.3099 37.54 0.0628
180.0000 -82.3129 0.4966 0.2044 0.2990 0.00000 6.800 1500.0 12.0 0.0000 0.3192 38.67 0.0628
-177.1875 -82.3129 0.4966 0.2044 0.2990 0.00000 6.800 1500.0 12.0 0.0000 0.3324 40.27 0.0628
-174.3750 -82.3129 0.4966 0.2044 0.2990 0.00000 6.800 1500.0 12.0 0.0000 0.3505 42.46 0.0628
-171.5625 -82.3129 0.4966 0.2044 0.2990 0.00000 6.800 1500.0 12.0 0.0000 0.3750 45.42 0.0628
-168.7500 -82.3129 0.4966 0.2044 0.2990 0.00000 6.800 1500.0 12.0 0.0000 0.4076 49.37 0.0628
-165.9375 -82.3129 0.4966 0.2044 0.2990 0.00000 6.800 1500.0 12.0 0.0000 0.4509 54.62 0.0628
-163.1250 -82.3129 0.4966 0.2044 0.2990 0.00000 6.800 1500.0 12.0 0.0000 0.5082 61.56 0.0628
-160.3125 -82.3129 0.4966 0.2044 0.2990 0.00000 6.800 1500.0 12.0 0.0000 0.5843 70.78 0.0628
-157.5000 -82.3129 0.4967 0.2044 0.2990 0.00000 6.797 1500.0 12.0 0.0000 0.6695 81.10 0.0628
-154.6875 -82.3129 0.4959 0.2053 0.2988 0.00000 6.767 1500.0 12.0 0.0000 0.8057 97.61 0.0657
-151.8750 -82.3129 0.4937 0.2082 0.2981 0.00000 6.737 1500.0 12.0 0.0000 1.2179 147.67 0.0741
-149.0625 -82.3129 0.4928 0.2094 0.2978 0.00000 6.723 1500.0 12.0 0.0000 1.5651 189.82 0.0776
-146.2500 -82.3129 0.4921 0.2102 0.2976 0.00000 6.713 1500.0 12.0 0.0000 1.8998 230.45 0.0800
-143.4375 -82.3129 0.4906 0.2123 0.2972 0.00000 6.686 1500.0 12.0 0.0000 1.8772 227.83 0.0862
-140.6250 -82.3129 0.4901 0.2128 0.2970 0.00000 6.678 1500.0 12.0 0.0000 1.8238 221.38 0.0878
-137.8125 -82.3129 0.4895 0.2137 0.2968 0.00000 6.666 1500.0 12.0 0.0000 1.8045 219.09 0.0904
-135.0000 -82.3129 0.4897 0.2134 0.2969 0.00000 6.671 1500.0 12.0 0.0000 1.7857 216.79 0.0896
-132.1875 -82.3129 0.4899 0.2131 0.2970 0.00000 6.675 1500.0 12.0 0.0000 1.7888 217.15 0.0887
-129.3750 -82.3129 0.4907 0.2121 0.2972 0.00000 6.690 1500.0 12.0 0.0000 1.7915 217.42 0.0856
-126.5625 -82.3129 0.4919 0.2105 0.2976 0.00000 6.711 1500.0 12.0 0.0000 1.7799 215.92 0.0809
-123.7500 -82.3129 0.4937 0.2082 0.2981 0.00000 6.738 1500.0 12.0 0.0000 1.7057 206.81 0.0742
-120.9375 -82.3129 0.4949 0.2066 0.2985 0.00000 6.756 1500.0 12.0 0.0000 1.6274 197.24 0.0694
-118.1250 -82.3129 0.4903 0.2126 0.2971 0.00000 6.686 1500.0 12.0 0.0000 2.1119 256.34 0.0872
-115.3125 -82.3129 0.4884 0.2151 0.2965 0.00000 6.653 1500.0 12.0 0.0000 2.2937 278.58 0.0946
-112.5000 -82.3129 0.4886 0.2148 0.2966 0.00000 6.659 1500.0 12.0 0.0000 2.4360 295.84 0.0936
-109.6875 -82.3129 0.4892 0.2141 0.2968 0.00000 6.671 1500.0 12.0 0.0000 2.5967 315.29 0.0914
-106.8750 -82.3129 0.4898 0.2133 0.2969 0.00000 6.682 1500.0 12.0 0.0000 2.7909 338.81 0.0892
-104.0625 -82.3129 0.4865 0.2135 0.3000 0.00000 6.705 1500.0 12.0 0.0000 2.9872 363.89 0.0841
-101.2500 -82.3129 0.4715 0.2178 0.3108 0.00000 6.735 1500.0 12.0 0.0000 2.6630 328.78 0.0766
-98.4375 -82.3129 0.4185 0.2370 0.3444 0.00000 6.765 1500.0 12.0 0.0000 1.9047 245.70 0.0678
-95.6250 -82.3129 0.4024 0.2426 0.3550 0.00000 6.776 1500.0 12.0 0.0000 1.5378 201.00 0.0642
-92.8125 -82.3129 0.4166 0.2371 0.3463 0.00000 6.774 1500.0 12.0 0.0000 1.6009 206.91 0.0652
-90.0000 -82.3129 0.4197 0.2364 0.3440 0.00000 6.769 1500.0 12.0 0.0000 1.8696 240.99 0.0671
-87.1875 -82.3129 0.4153 0.2382 0.3464 0.00000 6.768 1500.0 12.0 0.0000 2.3337 301.81 0.0675
-84.3750 -82.3129 0.4170 0.2374 0.3456 0.00000 6.770 1500.0 12.0 0.0000 3.3265 429.70 0.0670
-81.5625 -82.3129 0.4230 0.2352 0.3419 0.00000 6.769 1500.0 12.0 0.0000 3.0360 390.29 0.0676
-78.7500 -82.3129 0.4180 0.2371 0.3449 0.00000 6.770 1500.0 12.0 0.0000 2.2944 296.13 0.0673
-75.9375 -82.3129 0.4117 0.2392 0.3490 0.00000 6.775 1500.0 12.0 0.0000 1.7485 226.83 0.0658
-73.1250 -82.3129 0.4005 0.2436 0.3559 0.00000 6.776 1500.0 12.0 0.0000 1.2966 169.70 0.0653
-70.3125 -82.3129 0.3987 0.2443 0.3570 0.00000 6.777 1500.0 12.0 0.0000 1.0671 139.86 0.0650
-67.5000 -82.3129 0.4216 0.2352 0.3433 0.00000 6.776 1500.0 12.0 0.0000 0.8219 105.81 0.0654
-64.6875 -82.3129 0.4387 0.2284 0.3329 0.00000 6.775 1500.0 12.0 0.0000 0.8071 102.48 0.0660
-61.8750 -82.3129 0.4559 0.2214 0.3227 0.00000 6.775 1500.0 12.0 0.0000 0.7988 100.04 0.0658
-59.0625 -82.3129 0.4560 0.2207 0.3233 0.00000 6.782 1500.0 12.0 0.0000 0.7171 89.83 0.0630
-56.2500 -82.3129 0.4940 0.2054 0.3006 0.00000 6.782 1500.0 12.0 0.0000 0.7654 92.92 0.0628
-53.4375 -82.3129 0.4947 0.2051 0.3002 0.00000 6.782 1500.0 12.0 0.0000 0.9526 115.58 0.0629
-50.6250 -82.3129 0.4967 0.2044 0.2990 0.00000 6.781 1500.0 12.0 0.0000 0.9498 115.05 0.0631
-47.8125 -82.3129 0.4967 0.2043 0.2990 0.00000 6.782 1500.0 12.0 0.0000 0.8505 103.02 0.0628
-45.0000 -82.3129 0.4967 0.2043 0.2990 0.00000 6.785 1500.0 12.0 0.0000 0.7090 85.88 0.0628
-42.1875 -82.3129 0.4967 0.2043 0.2990 0.00000 6.787 1500.0 12.0 0.0000 0.5496 66.57 0.0628
-39.3750 -82.3129 0.4968 0.2043 0.2990 0.00000 6.793 1500.0 12.0 0.0000 0.3541 42.89 0.0628
-36.5625 -82.3129 0.4967 0.2043 0.2990 0.00000 6.800 1500.0 12.0 0.0000 0.2759 33.42 0.0628
-33.7500 -82.3129 0.4967 0.2043 0.2990 0.00000 6.800 1500.0 12.0 0.0000 0.2095 25.38 0.0628
-30.9375 -82.3129 0.4967 0.2043 0.2990 0.00000 6.800 1500.0 12.0 0.0000 0.1633 19.78 0.0628
-28.1250 -82.3129 0.4967 0.2043 0.2990 0.00000 6.800 1500.0 12.0 0.0000 0.1308 15.84 0.0628
-25.3125 -82.3129 0.4967 0.2043 0.2990 0.00000 6.800 1500.0 12.0 0.0000 0.1080 13.08 0.0628
-22.5000 -82.3129 0.4967 0.2043 0.2990 0.00000 6.800 1500.0 12.0 0.0000 0.0914 11.07 0.0628
-19.6875 -82.3129 0.4967 0.2043 0.2990 0.00000 6.800 1500.0 12.0 0.0000 0.0798 10.00 0.0628
-16.8750 -82.3129 0.4968 0.2042 0.2990 0.00000 6.800 1500.0 12.0 0.0000 0.0713 10.00 0.0628
-14.0625 -82.3129 0.5006 0.2023 0.2971 0.00000 6.792 1500.0 12.0 0.0000 0.0664 10.00 0.0628
-11.2500 -82.3129 0.5011 0.2021 0.2968 0.00000 6.791 1500.0 12.0 0.0000 0.0626 10.00 0.0628
-8.4375 -82.3129 0.5477 0.1788 0.2735 0.00000 6.698 1500.0 12.0 0.0000 0.0745 10.00 0.0628
-5.6250 -82.3129 0.5061 0.1976 0.2962 0.00000 6.721 1500.0 12.0 0.0000 0.0692 10.00 0.0628
-2.8125 -82.3129 0.4905 0.2066 0.3029 0.00000 6.787 1500.0 12.0 0.0000 0.0588 10.00 0.0628
0.0000 -85.0965 0.4967 0.2043 0.2990 0.00000 6.800 1500.0 12.0 0.0000 0.0985 11.93 0.0628
2.8125 -85.0965 0.4967 0.2043 0.2990 0.00000 6.800 1500.0 12.0 0.0000 0.0988 11.97 0.0628
5.6250 -85.0965 0.4967 0.2043 0.2990 0.00000 6.800 1500.0 12.0 0.0000 0.1003 12.15 0.0628
8.4375 -85.0965 0.4967 0.2044 0.2990 0.00000 6.800 1500.0 12.0 0.0000 0.1034 12.52 0.0628
11.2500 -85.0965 0.4967 0.2043 0.2990 0.00000 6.800 1500.0 12.0 0.0000 0.1075 13.02 0.0628
14.0625 -85.0965 0.4967 0.2043 0.2990 0.00000 6.800 1500.0 12.0 0.0000 0.1132 13.71 0.0628
16.8750 -85.0965 0.4968 0.2042 0.2990 0.00000 6.800 1500.0 12.0 0.0000 0.1207 14.62 0.0628
19.6875 -85.0965 0.4968 0.2042 0.2990 0.00000 6.800 1500.0 12.0 0.0000 0.1308 15.84 0.0628
22.5000 -85.0965 0.4968 0.2043 0.2990 0.00000 6.800 1500.0 12.0 0.0000 0.1439 17.43 0.0628
25.3125 -85.0965 0.4967 0.2043 0.2990 0.00000 6.800 1500.0 12.0 0.0000 0.1606 19.46 0.0628
28.1250 -85.0965 0.4968 0.2043 0.2990 0.00000 6.800 1500.0 12.0 0.0000 0.1823 22.08 0.0628
30.9375 -85.0965 0.4968 0.2042 0.2990 0.00000 6.800 1500.0 12.0 0.0000 0.2108 25.53 0.0628
33.7500 -85.0965 0.4967 0.2043 0.2990 0.00000 6.800 1500.0 12.0 0.0000 0.2510 30.40 0.0628
36.5625 -85.0965 0.4967 0.2043 0.2990 0.00000 6.800 1500.0 12.0 0.0000 0.3078 37.28 0.0628
39.3750 -85.0965 0.4967 0.2044 0.2990 0.00000 6.800 1500.0 12.0 0.0000 0.3928 47.58 0.0628
42.1875 -85.0965 0.4967 0.2044 0.2990 0.00000 6.800 1500.0 12.0 0.0000 0.5145 62.33 0.0628
45.0000 -85.0965 0.4967 0.2044 0.2990 0.00000 6.800 1500.0 12.0 0.0000 0.5057 61.25 0.0628
47.8125 -85.0965 0.4967 0.2044 0.2990 0.00000 6.800 1500.0 12.0 0.0000 0.5031 60.94 0.0628
50.6250 -85.0965 0.4967 0.2044 0.2990 0.00000 6.800 1500.0 12.0 0.0000 0.5070 61.41 0.0628
53.4375 -85.0965 0.4967 0.2044 0.2990 0.00000 6.800 1500.0 12.0 0.0000 0.5176 62.69 0.0628
56.2500 -85.0965 0.4967 0.2043 0.2990 0.00000 6.800 1500.0 12.0 0.0000 0.5358 64.90 0.0628
59.0625 -85.0965 0.4967 0.2043 0.2990 0.00000 6.800 1500.0 12.0 0.0000 0.5620 68.08 0.0628
61.8750 -85.0965 0.4967 0.2043 0.2990 0.00000 6.800 1500.0 12.0 0.0000 0.5995 72.62 0.0628
64.6875 -85.0965 0.4967 0.2043 0.2990 0.00000 6.800 1500.0 12.0 0.0000 0.6499 78.72 0.0628
67.5000 -85.0965 0.4967 0.2043 0.2990 0.00000 6.800 1500.0 12.0 0.0000 0.6422 77.79 0.0628
70.3125 -85.0965 0.4967 0.2043 0.2990 0.00000 6.800 1500.0 12.0 0.0000 0.6500 78.74 0.0628
73.1250 -85.0965 0.4967 0.2043 0.2990 0.00000 6.800 1500.0 12.0 0.0000 0.8226 99.65 0.0628
75.9375 -85.0965 0.4967 0.2043 0.2990 0.00000 6.800 1500.0 12.0 0.0000 0.9016 109.21 0.0628
78.7500 -85.0965 0.4967 0.2043 0.2990 0.00000 6.800 1500.0 12.0 0.0000 1.0315 124.95 0.0628
81.5625 -85.0965 0.4967 0.2043 0.2990 0.00000 6.800 1500.0 12.0 0.0000 1.2332 149.38 0.0628
84.3750 -85.0965 0.4967 0.2043 0.2990 0.00000 6.800 1500.0 12.0 0.0000 1.5606 189.03 0.0628
87.1875 -85.0965 0.4967 0.2043 0.2990 0.00000 6.800 1500.0 12.0 0.0000 2.1193 256.70 0.0628
90.0000 -85.0965 0.4967 0.2043 0.2990 0.00000 6.800 1500.0 12.0 0.0000 3.1871 386.05 0.0628
92.8125 -85.0965 0.4967 0.2043 0.2990 0.00000 6.800 1500.0 12.0 0.0000 3.7211 450.74 0.0628
95.6250 -85.0965 0.4967 0.2043 0.2990 0.00000 6.800 1500.0 12.0 0.0000 4.1054 497.28 0.0628
98.4375 -85.0965 0.4967 0.2043 0.2990 0.00000 6.800 1500.0 12.0 0.0000 3.4976 423.66 0.0628
101.2500 -85.0965 0.4967 0.2044 0.2990 0.00000 6.800 1500.0 12.0 0.0000 3.0020 363.63 0.0628
104.0625 -85.0965 0.4966 0.2044 0.2990 0.00000 6.800 1500.0 12.0 0.0000 2.8904 350.12 0.0628
106.8750 -85.0965 0.4966 0.2044 0.2990 0.00000 6.800 1500.0 12.0 0.0000 3.0631 371.03 0.0628
109.6875 -85.0965 0.4967 0.2044 0.2990 0.00000 6.800 1500.0 12.0 0.0000 3.6025 436.37 0.0628
112.5000 -85.0965 0.4967 0.2043 0.2990 0.00000 6.800 1500.0 12.0 0.0000 4.8947 592.90 0.0628
115.3125 -85.0965 0.4967 0.2043 0.2990 0.00000 6.796 1500.0 12.0 0.0000 3.4266 415.06 0.0628
118.1250 -85.0965 0.4967 0.2043 0.2990 0.00000 6.791 1500.0 12.0 0.0000 2.4638 298.44 0.0628
120.9375 -85.0965 0.4967 0.2043 0.2990 0.00000 6.788 1500.0 12.0 0.0000 1.8835 228.14 0.0628
123.7500 -85.0965 0.4967 0.2044 0.2990 0.00000 6.786 1500.0 12.0 0.0000 1.4967 181.29 0.0628
126.5625 -85.0965 0.4967 0.2043 0.2990 0.00000 6.784 1500.0 12.0 0.0000 1.2355 149.65 0.0628
129.3750 -85.0965 0.4967 0.2044 0.2990 0.00000 6.782 1500.0 12.0 0.0000 1.0417 126.18 0.0628
132.1875 -85.0965 0.4966 0.2045 0.2990 0.00000 6.779 1500.0 12.0 0.0000 0.9134 110.64 0.0631
135.0000 -85.0965 0.4965 0.2046 0.2989 0.00000 6.778 1500.0 12.0 0.0000 0.8338 101.01 0.0636
137.8125 -85.0965 0.4965 0.2046 0.2989 0.00000 6.778 1500.0 12.0 0.0000 0.7549 91.45 0.0635
140.6250 -85.0965 0.4967 0.2044 0.2990 0.00000 6.781 1500.0 12.0 0.0000 0.5594 67.76 0.0628
143.4375 -85.0965 0.4967 0.2044 0.2990 0.00000 6.782 1500.0 12.0 0.0000 0.5251 63.60 0.0628
146.2500 -85.0965 0.4966 0.2044 0.2990 0.00000 6.784 1500.0 12.0 0.0000 0.5020 60.80 0.0628
149.0625 -85.0965 0.4967 0.2043 0.2990 0.00000 6.787 1500.0 12.0 0.0000 0.4875 59.05 0.0628
151.8750 -85.0965 0.4967 0.2043 0.2990 0.00000 6.791 1500.0 12.0 0.0000 0.4806 58.21 0.0628
154.6875 -85.0965 0.4967 0.2043 0.2990 0.00000 6.796 1500.0 12.0 0.0000 0.4827 58.47 0.0628
157.5000 -85.0965 0.4966 0.2044 0.2990 0.00000 6.800 1500.0 12.0 0.0000 0.4872 59.01 0.0628
160.3125 -85.0965 0.4966 0.2044 0.2990 0.00000 6.800 1500.0 12.0 0.0000 0.4806 58.21 0.0628
163.1250 -85.0965 0.5171 0.1942 0.2888 0.00000 6.759 1500.0 12.0 0.0000 0.5182 61.76 0.0628
165.9375 -85.0965 0.4966 0.2044 0.2990 0.00000 6.800 1500.0 12.0 0.0000 0.4767 57.74 0.0628
168.7500 -85.0965 0.4966 0.2044 0.2990 0.00000 6.800 1500.0 12.0 0.0000 0.4789 58.01 0.0628
171.5625 -85.0965 0.4966 0.2044 0.2990 0.00000 6.800 1500.0 12.0 0.0000 0.4835 58.57 0.0628
174.3750 -85.0965 0.4966 0.2044 0.2990 0.00000 6.800 1500.0 12.0 0.0000 0.4904 59.40 0.0628
177.1875 -85.0965 0.4966 0.2044 0.2990 0.00000 6.800 1500.0 12.0 0.0000 0.4994 60.49 0.0628
180.0000 -85.0965 0.4966 0.2044 0.2990 0.00000 6.800 1500.0 12.0 0.0000 0.5103 61.82 0.0628
-177.1875 -85.0965 0.4966 0.2044 0.2990 0.00000 6.800 1500.0 12.0 0.0000 0.5234 63.40 0.0628
-174.3750 -85.0965 0.4966 0.2044 0.2990 0.00000 6.800 1500.0 12.0 0.0000 0.5385 65.23 0.0628
-171.5625 -85.0965 0.4966 0.2044 0.2990 0.00000 6.800 1500.0 12.0 0.0000 0.5559 67.34 0.0628
-168.7500 -85.0965 0.4966 0.2044 0.2990 0.00000 6.800 1500.0 12.0 0.0000 0.5756 69.72 0.0628
-165.9375 -85.0965 0.4966 0.2044 0.2990 0.00000 6.800 1500.0 12.0 0.0000 0.5972 72.34 0.0628
-163.1250 -85.0965 0.4966 0.2044 0.2990 0.00000 6.800 1500.0 12.0 0.0000 0.6215 75.28 0.0628
-160.3125 -85.0965 0.4966 0.2044 0.2990 0.00000 6.800 1500.0 12.0 0.0000 0.6485 78.56 0.0628
-157.5000 -85.0965 0.4966 0.2044 0.2990 0.00000 6.800 1500.0 12.0 0.0000 0.6786 82.20 0.0628
-154.6875 -85.0965 0.4966 0.2044 0.2990 0.00000 6.800 1500.0 12.0 0.0000 0.7125 86.30 0.0628
-151.8750 -85.0965 0.4967 0.2044 0.2990 0.00000 6.800 1500.0 12.0 0.0000 0.7509 90.96 0.0628
-149.0625 -85.0965 0.4967 0.2043 0.2990 0.00000 6.800 1500.0 12.0 0.0000 0.7943 96.21 0.0628
-146.2500 -85.0965 0.4967 0.2043 0.2990 0.00000 6.792 1500.0 12.0 0.0000 0.8015 97.08 0.0628
-143.4375 -85.0965 0.4965 0.2045 0.2990 0.00000 6.776 1500.0 12.0 0.0000 0.8095 98.06 0.0633
-140.6250 -85.0965 0.4964 0.2047 0.2989 0.00000 6.775 1500.0 12.0 0.0000 0.9028 109.37 0.0640
-137.8125 -85.0965 0.4967 0.2043 0.2990 0.00000 6.778 1500.0 12.0 0.0000 0.9298 112.63 0.0628
-135.0000 -85.0965 0.4967 0.2044 0.2990 0.00000 6.778 1500.0 12.0 0.0000 1.0219 123.78 0.0629
-132.1875 -85.0965 0.4967 0.2044 0.2990 0.00000 6.778 1500.0 12.0 0.0000 1.1332 137.26 0.0629
-129.3750 -85.0965 0.4967 0.2043 0.2990 0.00000 6.790 1500.0 12.0 0.0000 1.2453 150.85 0.0628
-126.5625 -85.0965 0.4967 0.2043 0.2990 0.00000 6.800 1500.0 12.0 0.0000 1.3588 164.59 0.0628
-123.7500 -85.0965 0.4966 0.2044 0.2990 0.00000 6.800 1500.0 12.0 0.0000 1.4117 171.00 0.0628
-120.9375 -85.0965 0.4966 0.2044 0.2990 0.00000 6.800 1500.0 12.0 0.0000 1.4782 179.06 0.0628
-118.1250 -85.0965 0.4966 0.2044 0.2990 0.00000 6.800 1500.0 12.0 0.0000 1.5585 188.79 0.0628
-115.3125 -85.0965 0.4966 0.2044 0.2990 0.00000 6.792 1500.0 12.0 0.0000 1.5868 192.21 0.0628
-112.5000 -85.0965 0.4966 0.2044 0.2990 0.00000 6.787 1500.0 12.0 0.0000 1.6600 201.07 0.0628
-109.6875 -85.0965 0.4965 0.2046 0.2989 0.00000 6.778 1500.0 12.0 0.0000 1.7840 216.11 0.0634
-106.8750 -85.0965 0.4956 0.2057 0.2987 0.00000 6.770 1500.0 12.0 0.0000 2.1915 265.54 0.0667
-104.0625 -85.0965 0.4951 0.2064 0.2985 0.00000 6.765 1500.0 12.0 0.0000 2.5562 309.79 0.0687
-101.2500 -85.0965 0.4947 0.2069 0.2984 0.00000 6.761 1500.0 12.0 0.0000 2.9684 359.79 0.0702
-98.4375 -85.0965 0.4940 0.2078 0.2982 0.00000 6.754 1500.0 12.0 0.0000 3.5579 431.34 0.0728
-95.6250 -85.0965 0.4922 0.2090 0.2988 0.00000 6.749 1500.0 12.0 0.0000 4.2835 519.95 0.0748
-92.8125 -85.0965 0.4565 0.2236 0.3198 0.00000 6.747 1500.0 12.0 0.0000 4.1370 517.11 0.0758
-90.0000 -85.0965 0.4120 0.2414 0.3466 0.00000 6.750 1500.0 12.0 0.0000 3.8099 493.55 0.0750
-87.1875 -85.0965 0.4064 0.2436 0.3500 0.00000 6.751 1500.0 12.0 0.0000 4.2814 557.07 0.0746
-84.3750 -85.0965 0.4019 0.2455 0.3526 0.00000 6.750 1500.0 12.0 0.0000 4.0578 529.82 0.0749
-81.5625 -85.0965 0.3942 0.2484 0.3574 0.00000 6.753 1500.0 12.0 0.0000 3.6513 479.65 0.0742
-78.7500 -85.0965 0.3945 0.2480 0.3575 0.00000 6.757 1500.0 12.0 0.0000 2.8848 378.94 0.0730
-75.9375 -85.0965 0.3947 0.2477 0.3576 0.00000 6.759 1500.0 12.0 0.0000 2.3196 304.68 0.0722
-73.1250 -85.0965 0.3950 0.2473 0.3577 0.00000 6.762 1500.0 12.0 0.0000 1.8768 246.50 0.0710
-70.3125 -85.0965 0.3952 0.2470 0.3578 0.00000 6.765 1500.0 12.0 0.0000 1.5499 203.57 0.0702
-67.5000 -85.0965 0.3983 0.2455 0.3562 0.00000 6.767 1500.0 12.0 0.0000 1.2948 169.67 0.0692
-64.6875 -85.0965 0.4134 0.2392 0.3474 0.00000 6.769 1500.0 12.0 0.0000 1.1116 143.96 0.0684
-61.8750 -85.0965 0.4172 0.2374 0.3454 0.00000 6.772 1500.0 12.0 0.0000 0.9513 122.87 0.0674
-59.0625 -85.0965 0.4115 0.2393 0.3492 0.00000 6.775 1500.0 12.0 0.0000 0.8036 104.27 0.0659
-56.2500 -85.0965 0.4249 0.2334 0.3416 0.00000 6.780 1500.0 12.0 0.0000 0.6763 86.85 0.0639
-53.4375 -85.0965 0.4713 0.2145 0.3142 0.00000 6.783 1500.0 12.0 0.0000 0.6136 75.91 0.0628
-50.6250 -85.0965 0.4921 0.2062 0.3017 0.00000 6.785 1500.0 12.0 0.0000 0.5964 72.52 0.0628
-47.8125 -85.0965 0.4715 0.2186 0.3099 0.00000 7.018 1500.0 12.0 0.0000 0.5766 71.15 0.0628
-45.0000 -85.0965 0.4596 0.2284 0.3120 0.00000 7.193 1500.0 12.0 0.0000 0.5613 69.74 0.0628
-42.1875 -85.0965 0.4754 0.2187 0.3060 0.00000 7.020 1500.0 12.0 0.0000 0.5637 69.28 0.0628
-39.3750 -85.0965 0.4967 0.2044 0.2990 0.00000 6.797 1500.0 12.0 0.0000 0.5845 70.80 0.0628
-36.5625 -85.0965 0.4967 0.2043 0.2990 0.00000 6.800 1500.0 12.0 0.0000 0.6031 73.06 0.0628
-33.7500 -85.0965 0.4967 0.2043 0.2990 0.00000 6.800 1500.0 12.0 0.0000 0.4102 49.68 0.0628
-30.9375 -85.0965 0.4967 0.2043 0.2990 0.00000 6.800 1500.0 12.0 0.0000 0.3157 38.24 0.0628
-28.1250 -85.0965 0.4967 0.2043 0.2990 0.00000 6.800 1500.0 12.0 0.0000 0.2521 30.54 0.0628
-25.3125 -85.0965 0.4967 0.2043 0.2990 0.00000 6.800 1500.0 12.0 0.0000 0.2077 25.16 0.0628
-22.5000 -85.0965 0.4967 0.2043 0.2990 0.00000 6.800 1500.0 12.0 0.0000 0.1759 21.31 0.0628
-19.6875 -85.0965 0.4967 0.2043 0.2990 0.00000 6.800 1500.0 12.0 0.0000 0.1527 18.50 0.0628
-16.8750 -85.0965 0.4967 0.2043 0.2990 0.00000 6.800 1500.0 12.0 0.0000 0.1356 16.42 0.0628
-14.0625 -85.0965 0.4967 0.2044 0.2990 0.00000 6.800 1500.0 12.0 0.0000 0.1235 14.96 0.0628
-11.2500 -85.0965 0.4968 0.2043 0.2990 0.00000 6.800 1500.0 12.0 0.0000 0.1136 13.76 0.0628
-8.4375 -85.0965 0.4968 0.2042 0.2990 0.00000 6.800 1500.0 12.0 0.0000 0.1066 12.92 0.0628
-5.6250 -85.0965 0.4968 0.2042 0.2990 0.00000 6.800 1500.0 12.0 0.0000 0.1023 12.39 0.0628
-2.8125 -85.0965 0.4967 0.2043 0.2990 0.00000 6.800 1500.0 12.0 0.0000 0.0998 12.08 0.0628
0.0000 -87.8638 0.4967 0.2044 0.2990 0.00000 6.800 1500.0 12.0 0.0000 0.3379 40.93 0.0628
2.8125 -87.8638 0.4966 0.2044 0.2990 0.00000 6.800 1500.0 12.0 0.0000 0.3528 42.73 0.0628
5.6250 -87.8638 0.4898 0.2071 0.3031 0.00000 6.800 1500.0 12.0 0.0000 0.3670 44.71 0.0628
8.4375 -87.8638 0.4861 0.2086 0.3053 0.00000 6.800 1500.0 12.0 0.0000 0.3832 46.83 0.0628
11.2500 -87.8638 0.4865 0.2084 0.3051 0.00000 6.800 1500.0 12.0 0.0000 0.4024 49.15 0.0628
14.0625 -87.8638 0.4799 0.2111 0.3090 0.00000 6.800 1500.0 12.0 0.0000 0.4223 51.87 0.0628
16.8750 -87.8638 0.4843 0.2093 0.3064 0.00000 6.800 1500.0 12.0 0.0000 0.4482 54.86 0.0628
19.6875 -87.8638 0.4966 0.2044 0.2990 0.00000 6.800 1500.0 12.0 0.0000 0.4808 58.24 0.0628
22.5000 -87.8638 0.4967 0.2044 0.2990 0.00000 6.800 1500.0 12.0 0.0000 0.5128 62.11 0.0628
25.3125 -87.8638 0.4967 0.2043 0.2990 0.00000 6.800 1500.0 12.0 0.0000 0.5492 66.53 0.0628
28.1250 -87.8638 0.4967 0.2044 0.2990 0.00000 6.800 1500.0 12.0 0.0000 0.5928 71.81 0.0628
30.9375 -87.8638 0.4967 0.2044 0.2990 0.00000 6.800 1500.0 12.0 0.0000 0.6440 78.01 0.0628
33.7500 -87.8638 0.4967 0.2044 0.2990 0.00000 6.800 1500.0 12.0 0.0000 0.6993 84.71 0.0628
36.5625 -87.8638 0.4967 0.2043 0.2990 0.00000 6.800 1500.0 12.0 0.0000 0.6628 80.29 0.0628
39.3750 -87.8638 0.4967 0.2044 0.2990 0.00000 6.800 1500.0 12.0 0.0000 0.6359 77.02 0.0628
42.1875 -87.8638 0.4967 0.2044 0.2990 0.00000 6.800 1500.0 12.0 0.0000 0.6174 74.78 0.0628
45.0000 -87.8638 0.4966 0.2044 0.2990 0.00000 6.800 1500.0 12.0 0.0000 0.6070 73.52 0.0628
47.8125 -87.8638 0.4966 0.2044 0.2990 0.00000 6.800 1500.0 12.0 0.0000 0.6038 73.14 0.0628
50.6250 -87.8638 0.4966 0.2044 0.2990 0.00000 6.800 1500.0 12.0 0.0000 0.6087 73.73 0.0628
53.4375 -87.8638 0.4966 0.2044 0.2990 0.00000 6.800 1500.0 12.0 0.0000 0.6216 75.30 0.0628
56.2500 -87.8638 0.4966 0.2044 0.2990 0.00000 6.800 1500.0 12.0 0.0000 0.6436 77.96 0.0628
59.0625 -87.8638 0.4966 0.2044 0.2990 0.00000 6.800 1500.0 12.0 0.0000 0.6760 81.88 0.0628
61.8750 -87.8638 0.4966 0.2044 0.2990 0.00000 6.800 1500.0 12.0 0.0000 0.7208 87.31 0.0628
64.6875 -87.8638 0.4966 0.2044 0.2990 0.00000 6.800 1500.0 12.0 0.0000 0.7812 94.63 0.0628
67.5000 -87.8638 0.4966 0.2044 0.2990 0.00000 6.800 1500.0 12.0 0.0000 0.8618 104.39 0.0628
70.3125 -87.8638 0.4967 0.2044 0.2990 0.00000 6.800 1500.0 12.0 0.0000 0.9694 117.43 0.0628
73.1250 -87.8638 0.4967 0.2044 0.2990 0.00000 6.800 1500.0 12.0 0.0000 1.1149 135.04 0.0628
75.9375 -87.8638 0.4967 0.2043 0.2990 0.00000 6.800 1500.0 12.0 0.0000 1.3140 159.16 0.0628
78.7500 -87.8638 0.4967 0.2043 0.2990 0.00000 6.800 1500.0 12.0 0.0000 1.2234 148.19 0.0628
81.5625 -87.8638 0.4967 0.2044 0.2990 0.00000 6.800 1500.0 12.0 0.0000 1.1237 136.11 0.0628
84.3750 -87.8638 0.4967 0.2043 0.2990 0.00000 6.800 1500.0 12.0 0.0000 1.0492 127.09 0.0628
87.1875 -87.8638 0.4967 0.2043 0.2990 0.00000 6.800 1500.0 12.0 0.0000 0.9976 120.84 0.0628
90.0000 -87.8638 0.4967 0.2044 0.2990 0.00000 6.800 1500.0 12.0 0.0000 0.9641 116.78 0.0628
92.8125 -87.8638 0.4966 0.2044 0.2990 0.00000 6.800 1500.0 12.0 0.0000 0.9444 114.40 0.0628
95.6250 -87.8638 0.4966 0.2044 0.2990 0.00000 6.800 1500.0 12.0 0.0000 0.9384 113.66 0.0628
98.4375 -87.8638 0.4967 0.2044 0.2990 0.00000 6.800 1500.0 12.0 0.0000 0.9458 114.56 0.0628
101.2500 -87.8638 0.4967 0.2043 0.2990 0.00000 6.800 1500.0 12.0 0.0000 0.9683 117.29 0.0628
104.0625 -87.8638 0.4967 0.2044 0.2990 0.00000 6.800 1500.0 12.0 0.0000 1.0093 122.26 0.0628
106.8750 -87.8638 0.4967 0.2044 0.2990 0.00000 6.800 1500.0 12.0 0.0000 1.0731 129.98 0.0628
109.6875 -87.8638 0.4967 0.2043 0.2990 0.00000 6.800 1500.0 12.0 0.0000 1.1678 141.45 0.0628
112.5000 -87.8638 0.4967 0.2043 0.2990 0.00000 6.800 1500.0 12.0 0.0000 1.3112 158.83 0.0628
115.3125 -87.8638 0.4967 0.2043 0.2990 0.00000 6.800 1500.0 12.0 0.0000 1.5322 185.60 0.0628
118.1250 -87.8638 0.4967 0.2043 0.2990 0.00000 6.800 1500.0 12.0 0.0000 1.9068 230.97 0.0628
120.9375 -87.8638 0.4967 0.2043 0.2990 0.00000 6.800 1500.0 12.0 0.0000 2.0069 243.09 0.0628
123.7500 -87.8638 0.4967 0.2043 0.2990 0.00000 6.800 1500.0 12.0 0.0000 1.6224 196.51 0.0628
126.5625 -87.8638 0.4967 0.2043 0.2990 0.00000 6.800 1500.0 12.0 0.0000 1.3504 163.57 0.0628
129.3750 -87.8638 0.4966 0.2044 0.2990 0.00000 6.798 1500.0 12.0 0.0000 1.1490 139.18 0.0628
132.1875 -87.8638 0.4966 0.2044 0.2990 0.00000 6.799 1500.0 12.0 0.0000 1.0085 122.16 0.0628
135.0000 -87.8638 0.4966 0.2044 0.2990 0.00000 6.798 1500.0 12.0 0.0000 0.8971 108.67 0.0628
137.8125 -87.8638 0.4966 0.2044 0.2990 0.00000 6.798 1500.0 12.0 0.0000 0.8135 98.54 0.0628
140.6250 -87.8638 0.4966 0.2044 0.2990 0.00000 6.798 1500.0 12.0 0.0000 0.7509 90.96 0.0628
143.4375 -87.8638 0.4966 0.2044 0.2990 0.00000 6.799 1500.0 12.0 0.0000 0.6382 77.30 0.0628
146.2500 -87.8638 0.4966 0.2044 0.2990 0.00000 6.800 1500.0 12.0 0.0000 0.5501 66.63 0.0628
149.0625 -87.8638 0.4966 0.2044 0.2990 0.00000 6.799 1500.0 12.0 0.0000 0.4778 57.87 0.0628
151.8750 -87.8638 0.4966 0.2044 0.2990 0.00000 6.796 1500.0 12.0 0.0000 0.4119 49.89 0.0628
154.6875 -87.8638 0.4966 0.2044 0.2990 0.00000 6.796 1500.0 12.0 0.0000 0.3694 44.75 0.0628
157.5000 -87.8638 0.4967 0.2044 0.2990 0.00000 6.796 1500.0 12.0 0.0000 0.3334 40.39 0.0628
160.3125 -87.8638 0.4967 0.2044 0.2990 0.00000 6.795 1500.0 12.0 0.0000 0.2521 30.53 0.0628
163.1250 -87.8638 0.4967 0.2044 0.2990 0.00000 6.794 1500.0 12.0 0.0000 0.2755 33.38 0.0628
165.9375 -87.8638 0.4966 0.2044 0.2990 0.00000 6.794 1500.0 12.0 0.0000 0.2558 30.99 0.0628
168.7500 -87.8638 0.4966 0.2044 0.2990 0.00000 6.793 1500.0 12.0 0.0000 0.1971 23.87 0.0628
171.5625 -87.8638 0.4966 0.2044 0.2990 0.00000 6.795 1500.0 12.0 0.0000 0.1869 22.63 0.0628
174.3750 -87.8638 0.4967 0.2044 0.2990 0.00000 6.796 1500.0 12.0 0.0000 0.1770 21.44 0.0628
177.1875 -87.8638 0.4967 0.2044 0.2990 0.00000 6.795 1500.0 12.0 0.0000 0.1659 20.10 0.0628
180.0000 -87.8638 0.4967 0.2044 0.2990 0.00000 6.797 1500.0 12.0 0.0000 0.1602 19.40 0.0628
-177.1875 -87.8638 0.4967 0.2043 0.2990 0.00000 6.800 1500.0 12.0 0.0000 0.1553 18.81 0.0628
-174.3750 -87.8638 0.4966 0.2044 0.2990 0.00000 6.800 1500.0 12.0 0.0000 0.1488 18.03 0.0628
-171.5625 -87.8638 0.4966 0.2044 0.2990 0.00000 6.800 1500.0 12.0 0.0000 0.1429 17.30 0.0628
-168.7500 -87.8638 0.4966 0.2044 0.2990 0.00000 6.800 1500.0 12.0 0.0000 0.1376 16.66 0.0628
-165.9375 -87.8638 0.4966 0.2044 0.2990 0.00000 6.800 1500.0 12.0 0.0000 0.1329 16.10 0.0628
-163.1250 -87.8638 0.4967 0.2044 0.2990 0.00000 6.800 1500.0 12.0 0.0000 0.1287 15.59 0.0628
-160.3125 -87.8638 0.4966 0.2044 0.2990 0.00000 6.800 1500.0 12.0 0.0000 0.1251 15.16 0.0628
-157.5000 -87.8638 0.4967 0.2044 0.2990 0.00000 6.800 1500.0 12.0 0.0000 0.1218 14.75 0.0628
-154.6875 -87.8638 0.4967 0.2043 0.2990 0.00000 6.800 1500.0 12.0 0.0000 0.1189 14.40 0.0628
-151.8750 -87.8638 0.4966 0.2044 0.2990 0.00000 6.800 1500.0 12.0 0.0000 0.1165 14.11 0.0628
-149.0625 -87.8638 0.4966 0.2044 0.2990 0.00000 6.800 1500.0 12.0 0.0000 0.1143 13.84 0.0628
-146.2500 -87.8638 0.4966 0.2044 0.2990 0.00000 6.800 1500.0 12.0 0.0000 0.1124 13.62 0.0628
-143.4375 -87.8638 0.4967 0.2044 0.2990 0.00000 6.800 1500.0 12.0 0.0000 0.1107 13.41 0.0628
-140.6250 -87.8638 0.4967 0.2044 0.2990 0.00000 6.800 1500.0 12.0 0.0000 0.1094 13.25 0.0628
-137.8125 -87.8638 0.4966 0.2044 0.2990 0.00000 6.800 1500.0 12.0 0.0000 0.1083 13.12 0.0628
-135.0000 -87.8638 0.4966 0.2044 0.2990 0.00000 6.800 1500.0 12.0 0.0000 0.1075 13.02 0.0628
-132.1875 -87.8638 0.4966 0.2044 0.2990 0.00000 6.800 1500.0 12.0 0.0000 0.1068 12.93 0.0628
-129.3750 -87.8638 0.4966 0.2044 0.2990 0.00000 6.800 1500.0 12.0 0.0000 0.1063 12.87 0.0628
-126.5625 -87.8638 0.4966 0.2044 0.2990 0.00000 6.800 1500.0 12.0 0.0000 0.1060 12.84 0.0628
-123.7500 -87.8638 0.4966 0.2044 0.2990 0.00000 6.800 1500.0 12.0 0.0000 0.1059 12.82 0.0628
-120.9375 -87.8638 0.4966 0.2044 0.2990 0.00000 6.800 1500.0 12.0 0.0000 0.1060 12.84 0.0628
-118.1250 -87.8638 0.4966 0.2044 0.2990 0.00000 6.800 1500.0 12.0 0.0000 0.1276 15.45 0.0628
-115.3125 -87.8638 0.4966 0.2044 0.2990 0.00000 6.800 1500.0 12.0 0.0000 0.1281 15.52 0.0628
-112.5000 -87.8638 0.4966 0.2044 0.2990 0.00000 6.800 1500.0 12.0 0.0000 0.1289 15.61 0.0628
-109.6875 -87.8638 0.4966 0.2044 0.2990 0.00000 6.800 1500.0 12.0 0.0000 0.1298 15.73 0.0628
-106.8750 -87.8638 0.4966 0.2044 0.2990 0.00000 6.800 1500.0 12.0 0.0000 0.1310 15.87 0.0628
-104.0625 -87.8638 0.4966 0.2044 0.2990 0.00000 6.798 1500.0 12.0 0.0000 0.1304 15.80 0.0628
-101.2500 -87.8638 0.4966 0.2044 0.2990 0.00000 6.795 1500.0 12.0 0.0000 0.1296 15.69 0.0628
-98.4375 -87.8638 0.4966 0.2044 0.2990 0.00000 6.793 1500.0 12.0 0.0000 0.1287 15.59 0.0628
-95.6250 -87.8638 0.4966 0.2044 0.2990 0.00000 6.789 1500.0 12.0 0.0000 0.1273 15.42 0.0628
-92.8125 -87.8638 0.4966 0.2044 0.2990 0.00000 6.787 1500.0 12.0 0.0000 0.1277 15.47 0.0628
-90.0000 -87.8638 0.4966 0.2044 0.2990 0.00000 6.785 1500.0 12.0 0.0000 0.1283 15.54 0.0628
-87.1875 -87.8638 0.4966 0.2044 0.2990 0.00000 6.783 1500.0 12.0 0.0000 0.1286 15.58 0.0628
-84.3750 -87.8638 0.4965 0.2046 0.2989 0.00000 6.781 1500.0 12.0 0.0000 0.1353 16.39 0.0634
-81.5625 -87.8638 0.4911 0.2068 0.3021 0.00000 6.781 1500.0 12.0 0.0000 0.1390 16.92 0.0636
-78.7500 -87.8638 0.4601 0.2193 0.3206 0.00000 6.780 1500.0 12.0 0.0000 0.1391 17.36 0.0637
-75.9375 -87.8638 0.4643 0.2177 0.3181 0.00000 6.780 1500.0 12.0 0.0000 0.1444 17.97 0.0640
-73.1250 -87.8638 0.4361 0.2290 0.3349 0.00000 6.780 1500.0 12.0 0.0000 0.1447 18.42 0.0640
-70.3125 -87.8638 0.4547 0.2215 0.3238 0.00000 6.780 1500.0 12.0 0.0000 0.1500 18.80 0.0640
-67.5000 -87.8638 0.4326 0.2303 0.3371 0.00000 6.781 1500.0 12.0 0.0000 0.1479 18.88 0.0637
-64.6875 -87.8638 0.4324 0.2303 0.3373 0.00000 6.782 1500.0 12.0 0.0000 0.1468 18.74 0.0632
-61.8750 -87.8638 0.4312 0.2307 0.3381 0.00000 6.782 1500.0 12.0 0.0000 0.1476 18.86 0.0629
-59.0625 -87.8638 0.4214 0.2346 0.3440 0.00000 6.783 1500.0 12.0 0.0000 0.1503 19.36 0.0628
-56.2500 -87.8638 0.4255 0.2330 0.3416 0.00000 6.785 1500.0 12.0 0.0000 0.1560 20.03 0.0628
-53.4375 -87.8638 0.4215 0.2346 0.3439 0.00000 6.785 1500.0 12.0 0.0000 0.1601 20.62 0.0628
-50.6250 -87.8638 0.4178 0.2361 0.3461 0.00000 6.787 1500.0 12.0 0.0000 0.1653 21.35 0.0628
-47.8125 -87.8638 0.4151 0.2371 0.3477 0.00000 6.789 1500.0 12.0 0.0000 0.1711 22.15 0.0628
-45.0000 -87.8638 0.4345 0.2293 0.3361 0.00000 6.791 1500.0 12.0 0.0000 0.1804 22.99 0.0628
-42.1875 -87.8638 0.4220 0.2344 0.3437 0.00000 6.794 1500.0 12.0 0.0000 0.1869 24.07 0.0628
-39.3750 -87.8638 0.4354 0.2289 0.3356 0.00000 6.795 1500.0 12.0 0.0000 0.1963 25.00 0.0628
-36.5625 -87.8638 0.4688 0.2155 0.3157 0.00000 6.797 1500.0 12.0 0.0000 0.2101 26.05 0.0628
-33.7500 -87.8638 0.4879 0.2079 0.3043 0.00000 6.800 1500.0 12.0 0.0000 0.2240 27.33 0.0628
-30.9375 -87.8638 0.4842 0.2094 0.3064 0.00000 6.800 1500.0 12.0 0.0000 0.2301 28.16 0.0628
-28.1250 -87.8638 0.4845 0.2092 0.3063 0.00000 6.800 1500.0 12.0 0.0000 0.2365 28.95 0.0628
-25.3125 -87.8638 0.4860 0.2086 0.3054 0.00000 6.800 1500.0 12.0 0.0000 0.2439 29.81 0.0628
-22.5000 -87.8638 0.4967 0.2043 0.2990 0.00000 6.800 1500.0 12.0 0.0000 0.2534 30.70 0.0628
-19.6875 -87.8638 0.4967 0.2043 0.2990 0.00000 6.800 1500.0 12.0 0.0000 0.2614 31.67 0.0628
-16.8750 -87.8638 0.4967 0.2043 0.2990 0.00000 6.800 1500.0 12.0 0.0000 0.2701 32.72 0.0628
-14.0625 -87.8638 0.4967 0.2043 0.2990 0.00000 6.800 1500.0 12.0 0.0000 0.2795 33.86 0.0628
-11.2500 -87.8638 0.4967 0.2043 0.2990 0.00000 6.800 1500.0 12.0 0.0000 0.2893 35.04 0.0628
-8.4375 -87.8638 0.4967 0.2043 0.2990 0.00000 6.800 1500.0 12.0 0.0000 0.3000 36.34 0.0628
-5.6250 -87.8638 0.4967 0.2043 0.2990 0.00000 6.800 1500.0 12.0 0.0000 0.3118 37.77 0.0628
-2.8125 -87.8638 0.4967 0.2044 0.2990 0.00000 6.800 1500.0 12.0 0.0000 0.3245 39.30 0.0628
