Lon Lat b theta_s theta_fc theta_wp awc_mm evaporable_mm u00 u01 u02 u03 u04 u05 u06 u07 u08 u09 u10 u11 u12 u13 u14
11.2500 85.7606 5.37755 0.414993 0.272580 0.111776 46.645 48.881 1.000000 1.000000 0.147148 0.062800 0.062800 0.062800 0.062800 0.062800 0.062800 0.062800 0.062800 0.062800 0.062800 0.062800 0.062800
16.8750 85.7606 5.03813 0.411169 0.258012 0.099635 52.368 54.361 1.000000 1.000000 0.552956 0.062800 0.062800 0.062800 0.062800 0.062800 0.062800 0.062800 0.062800 0.062800 0.062800 0.062800 0.062800
22.5000 85.7606 5.09533 0.412105 0.261091 0.101907 53.306 55.344 1.000000 1.000000 0.595130 0.062800 0.062800 0.062800 0.062800 0.062800 0.062800 0.062800 0.062800 0.062800 0.062800 0.062800 0.062800
39.3750 85.7606 4.86957 0.409055 0.250052 0.093433 68.696 70.565 1.000000 1.000000 1.000000 0.695410 0.062800 0.062800 0.062800 0.062800 0.062800 0.062800 0.062800 0.062800 0.062800 0.062800 0.062800
45.0000 85.7606 6.04610 0.422251 0.298587 0.135125 57.037 59.739 1.000000 1.000000 0.735710 0.062800 0.062800 0.062800 0.062800 0.062800 0.062800 0.062800 0.062800 0.062800 0.062800 0.062800 0.062800
50.6250 85.7606 5.97761 0.421199 0.295433 0.132489 56.658 59.308 1.000000 1.000000 0.723526 0.062800 0.062800 0.062800 0.062800 0.062800 0.062800 0.062800 0.062800 0.062800 0.062800 0.062800 0.062800
56.2500 85.7606 6.21069 0.425474 0.307456 0.142093 51.625 54.467 1.000000 1.000000 0.368327 0.062800 0.062800 0.062800 0.062800 0.062800 0.062800 0.062800 0.062800 0.062800 0.062800 0.062800 0.062800
61.8750 85.7606 6.71324 0.433323 0.329831 0.161501 36.996 40.226 1.000000 0.381448 0.062800 0.062800 0.062800 0.062800 0.062800 0.062800 0.062800 0.062800 0.062800 0.062800 0.062800 0.062800 0.062800
67.5000 85.7606 6.13089 0.425790 0.306920 0.140428 42.896 45.705 1.000000 0.760077 0.062800 0.062800 0.062800 0.062800 0.062800 0.062800 0.062800 0.062800 0.062800 0.062800 0.062800 0.062800 0.062800
73.1250 85.7606 6.12050 0.426100 0.307389 0.140456 35.109 37.918 1.000000 0.286791 0.062800 0.062800 0.062800 0.062800 0.062800 0.062800 0.062800 0.062800 0.062800 0.062800 0.062800 0.062800 0.062800
78.7500 85.7606 6.42831 0.429898 0.319347 0.151496 26.037 28.073 0.671980 0.062800 0.062800 0.062800 0.062800 0.062800 0.062800 0.062800 0.062800 0.062800 0.062800 0.062800 0.062800 0.062800 0.062800
84.3750 85.7606 6.36495 0.429035 0.316758 0.149156 24.239 25.930 0.567014 0.062800 0.062800 0.062800 0.062800 0.062800 0.062800 0.062800 0.062800 0.062800 0.062800 0.062800 0.062800 0.062800 0.062800
90.0000 85.7606 6.30602 0.428774 0.315428 0.147489 23.422 24.943 0.515468 0.062800 0.062800 0.062800 0.062800 0.062800 0.062800 0.062800 0.062800 0.062800 0.062800 0.062800 0.062800 0.062800 0.062800
95.6250 85.7606 6.56449 0.430876 0.323074 0.155654 22.251 23.652 0.449864 0.062800 0.062800 0.062800 0.062800 0.062800 0.062800 0.062800 0.062800 0.062800 0.062800 0.062800 0.062800 0.062800 0.062800
101.2500 85.7606 6.75343 0.432928 0.329509 0.162030 21.411 22.705 0.399255 0.062800 0.062800 0.062800 0.062800 0.062800 0.062800 0.062800 0.062800 0.062800 0.062800 0.062800 0.062800 0.062800 0.062800
106.8750 85.7606 6.62002 0.432515 0.327074 0.158549 21.150 22.342 0.375825 0.062800 0.062800 0.062800 0.062800 0.062800 0.062800 0.062800 0.062800 0.062800 0.062800 0.062800 0.062800 0.062800 0.062800
112.5000 85.7606 6.51889 0.431697 0.324158 0.155380 20.818 21.919 0.354269 0.062800 0.062800 0.062800 0.062800 0.062800 0.062800 0.062800 0.062800 0.062800 0.062800 0.062800 0.062800 0.062800 0.062800
118.1250 85.7606 7.48796 0.441543 0.354431 0.186853 19.885 21.034 0.307409 0.062800 0.062800 0.062800 0.062800 0.062800 0.062800 0.062800 0.062800 0.062800 0.062800 0.062800 0.062800 0.062800 0.062800
123.7500 85.7606 7.43963 0.441072 0.353046 0.185351 19.632 20.712 0.291477 0.062800 0.062800 0.062800 0.062800 0.062800 0.062800 0.062800 0.062800 0.062800 0.062800 0.062800 0.062800 0.062800 0.062800
129.3750 85.7606 7.30443 0.439065 0.347737 0.180399 19.323 20.317 0.275544 0.062800 0.062800 0.062800 0.062800 0.062800 0.062800 0.062800 0.062800 0.062800 0.062800 0.062800 0.062800 0.062800 0.062800
135.0000 85.7606 6.71846 0.433553 0.330359 0.161849 19.301 20.162 0.266172 0.062800 0.062800 0.062800 0.062800 0.062800 0.062800 0.062800 0.062800 0.062800 0.062800 0.062800 0.062800 0.062800 0.062800
140.6250 85.7606 7.48735 0.442001 0.355351 0.187329 18.977 19.915 0.250240 0.062800 0.062800 0.062800 0.062800 0.062800 0.062800 0.062800 0.062800 0.062800 0.062800 0.062800 0.062800 0.062800 0.062800
146.2500 85.7606 7.13388 0.438996 0.345927 0.176666 19.212 20.116 0.255863 0.062800 0.062800 0.062800 0.062800 0.062800 0.062800 0.062800 0.062800 0.062800 0.062800 0.062800 0.062800 0.062800 0.062800
151.8750 85.7606 7.40222 0.441289 0.353144 0.184800 20.134 21.305 0.316781 0.062800 0.062800 0.062800 0.062800 0.062800 0.062800 0.062800 0.062800 0.062800 0.062800 0.062800 0.062800 0.062800 0.062800
157.5000 85.7606 7.45902 0.440541 0.352152 0.185191 22.018 23.646 0.439554 0.062800 0.062800 0.062800 0.062800 0.062800 0.062800 0.062800 0.062800 0.062800 0.062800 0.062800 0.062800 0.062800 0.062800
163.1250 85.7606 6.99955 0.435160 0.336774 0.169788 23.492 25.284 0.527651 0.062800 0.062800 0.062800 0.062800 0.062800 0.062800 0.062800 0.062800 0.062800 0.062800 0.062800 0.062800 0.062800 0.062800
168.7500 85.7606 5.75141 0.419435 0.288204 0.125234 26.440 28.302 0.743207 0.062800 0.062800 0.062800 0.062800 0.062800 0.062800 0.062800 0.062800 0.062800 0.062800 0.062800 0.062800 0.062800 0.062800
174.3750 85.7606 6.55755 0.430579 0.322388 0.155203 24.570 26.403 0.590444 0.062800 0.062800 0.062800 0.062800 0.062800 0.062800 0.062800 0.062800 0.062800 0.062800 0.062800 0.062800 0.062800 0.062800
180.0000 85.7606 7.18364 0.440891 0.350283 0.179725 24.810 26.879 0.575448 0.062800 0.062800 0.062800 0.062800 0.062800 0.062800 0.062800 0.062800 0.062800 0.062800 0.062800 0.062800 0.062800 0.062800
-174.3750 85.7606 6.92552 0.439701 0.345239 0.172786 26.314 28.549 0.646676 0.062800 0.062800 0.062800 0.062800 0.062800 0.062800 0.062800 0.062800 0.062800 0.062800 0.062800 0.062800 0.062800 0.062800
-168.7500 85.7606 6.43674 0.433889 0.327599 0.155562 25.348 27.196 0.594192 0.062800 0.062800 0.062800 0.062800 0.062800 0.062800 0.062800 0.062800 0.062800 0.062800 0.062800 0.062800 0.062800 0.062800
-163.1250 85.7606 6.26125 0.430735 0.318802 0.148258 25.847 27.734 0.636366 0.062800 0.062800 0.062800 0.062800 0.062800 0.062800 0.062800 0.062800 0.062800 0.062800 0.062800 0.062800 0.062800 0.062800
-157.5000 85.7606 6.69038 0.435945 0.334909 0.163588 24.423 26.211 0.546395 0.062800 0.062800 0.062800 0.062800 0.062800 0.062800 0.062800 0.062800 0.062800 0.062800 0.062800 0.062800 0.062800 0.062800
-151.8750 85.7606 6.90313 0.438812 0.343169 0.171365 23.687 25.399 0.499535 0.062800 0.062800 0.062800 0.062800 0.062800 0.062800 0.062800 0.062800 0.062800 0.062800 0.062800 0.062800 0.062800 0.062800
-146.2500 85.7606 6.52105 0.434960 0.330861 0.158631 25.005 26.822 0.572637 0.062800 0.062800 0.062800 0.062800 0.062800 0.062800 0.062800 0.062800 0.062800 0.062800 0.062800 0.062800 0.062800 0.062800
-140.6250 85.7606 6.43599 0.435774 0.331498 0.157400 26.549 28.582 0.645738 0.062800 0.062800 0.062800 0.062800 0.062800 0.062800 0.062800 0.062800 0.062800 0.062800 0.062800 0.062800 0.062800 0.062800
-135.0000 85.7606 6.46716 0.434844 0.329956 0.157231 25.028 26.820 0.569825 0.062800 0.062800 0.062800 0.062800 0.062800 0.062800 0.062800 0.062800 0.062800 0.062800 0.062800 0.062800 0.062800 0.062800
-129.3750 85.7606 6.82627 0.438279 0.341244 0.169077 23.899 25.620 0.508907 0.062800 0.062800 0.062800 0.062800 0.062800 0.062800 0.062800 0.062800 0.062800 0.062800 0.062800 0.062800 0.062800 0.062800
-123.7500 85.7606 6.91217 0.440103 0.345932 0.172902 24.327 26.148 0.526714 0.062800 0.062800 0.062800 0.062800 0.062800 0.062800 0.062800 0.062800 0.062800 0.062800 0.062800 0.062800 0.062800 0.062800
-118.1250 85.7606 6.85063 0.440848 0.346834 0.172276 25.474 27.473 0.580134 0.062800 0.062800 0.062800 0.062800 0.062800 0.062800 0.062800 0.062800 0.062800 0.062800 0.062800 0.062800 0.062800 0.062800
-112.5000 85.7606 6.28474 0.435132 0.328227 0.153078 27.776 29.940 0.706656 0.062800 0.062800 0.062800 0.062800 0.062800 0.062800 0.062800 0.062800 0.062800 0.062800 0.062800 0.062800 0.062800 0.062800
-106.8750 85.7606 5.95456 0.426719 0.306135 0.136862 26.939 28.889 0.712280 0.062800 0.062800 0.062800 0.062800 0.062800 0.062800 0.062800 0.062800 0.062800 0.062800 0.062800 0.062800 0.062800 0.062800
-101.2500 85.7606 6.17873 0.426776 0.309602 0.142515 26.920 29.007 0.731961 0.062800 0.062800 0.062800 0.062800 0.062800 0.062800 0.062800 0.062800 0.062800 0.062800 0.062800 0.062800 0.062800 0.062800
-95.6250 85.7606 5.21822 0.413513 0.266457 0.106332 27.390 29.157 0.831304 0.062800 0.062800 0.062800 0.062800 0.062800 0.062800 0.062800 0.062800 0.062800 0.062800 0.062800 0.062800 0.062800 0.062800
-90.0000 85.7606 5.85810 0.422138 0.295360 0.130307 27.289 29.306 0.774135 0.062800 0.062800 0.062800 0.062800 0.062800 0.062800 0.062800 0.062800 0.062800 0.062800 0.062800 0.062800 0.062800 0.062800
-84.3750 85.7606 5.34446 0.415014 0.271966 0.110911 28.862 30.887 0.912840 0.062800 0.062800 0.062800 0.062800 0.062800 0.062800 0.062800 0.062800 0.062800 0.062800 0.062800 0.062800 0.062800 0.062800
-78.7500 85.7606 5.54879 0.417629 0.281028 0.118455 27.473 29.394 0.810686 0.062800 0.062800 0.062800 0.062800 0.062800 0.062800 0.062800 0.062800 0.062800 0.062800 0.062800 0.062800 0.062800 0.062800
-73.1250 85.7606 6.44673 0.429655 0.319099 0.151701 22.593 24.021 0.470482 0.062800 0.062800 0.062800 0.062800 0.062800 0.062800 0.062800 0.062800 0.062800 0.062800 0.062800 0.062800 0.062800 0.062800
-67.5000 85.7606 6.88172 0.434652 0.334457 0.166654 22.506 24.047 0.462047 0.062800 0.062800 0.062800 0.062800 0.062800 0.062800 0.062800 0.062800 0.062800 0.062800 0.062800 0.062800 0.062800 0.062800
-61.8750 85.7606 6.83074 0.433674 0.331907 0.164526 23.815 25.603 0.543584 0.062800 0.062800 0.062800 0.062800 0.062800 0.062800 0.062800 0.062800 0.062800 0.062800 0.062800 0.062800 0.062800 0.062800
-56.2500 85.7606 7.36310 0.440696 0.351585 0.183351 22.328 23.971 0.447989 0.062800 0.062800 0.062800 0.062800 0.062800 0.062800 0.062800 0.062800 0.062800 0.062800 0.062800 0.062800 0.062800 0.062800
-50.6250 85.7606 7.50165 0.442796 0.357086 0.188473 21.588 23.100 0.401129 0.062800 0.062800 0.062800 0.062800 0.062800 0.062800 0.062800 0.062800 0.062800 0.062800 0.062800 0.062800 0.062800 0.062800
-45.0000 85.7606 7.19133 0.439303 0.347120 0.178230 23.808 25.699 0.530463 0.062800 0.062800 0.062800 0.062800 0.062800 0.062800 0.062800 0.062800 0.062800 0.062800 0.062800 0.062800 0.062800 0.062800
-39.3750 85.7606 6.64118 0.432822 0.327953 0.159342 25.159 27.112 0.612936 0.062800 0.062800 0.062800 0.062800 0.062800 0.062800 0.062800 0.062800 0.062800 0.062800 0.062800 0.062800 0.062800 0.062800
50.6250 80.2688 6.59353 0.433419 0.328587 0.158820 35.674 38.850 1.000000 0.284916 0.062800 0.062800 0.062800 0.062800 0.062800 0.062800 0.062800 0.062800 0.062800 0.062800 0.062800 0.062800 0.062800
56.2500 80.2688 6.24356 0.432817 0.322853 0.149817 47.956 50.952 1.000000 0.955014 0.062800 0.062800 0.062800 0.062800 0.062800 0.062800 0.062800 0.062800 0.062800 0.062800 0.062800 0.062800 0.062800
61.8750 80.2688 5.94478 0.428812 0.310277 0.138530 52.234 55.004 1.000000 1.000000 0.287728 0.062800 0.062800 0.062800 0.062800 0.062800 0.062800 0.062800 0.062800 0.062800 0.062800 0.062800 0.062800
67.5000 80.2688 6.62982 0.437900 0.338252 0.164143 64.685 67.968 1.000000 1.000000 0.961575 0.062800 0.062800 0.062800 0.062800 0.062800 0.062800 0.062800 0.062800 0.062800 0.062800 0.062800 0.062800
73.1250 80.2688 7.38500 0.444341 0.359221 0.187696 55.864 59.618 1.000000 1.000000 0.503284 0.062800 0.062800 0.062800 0.062800 0.062800 0.062800 0.062800 0.062800 0.062800 0.062800 0.062800 0.062800
78.7500 80.2688 6.54301 0.434152 0.329467 0.158353 58.183 61.350 1.000000 1.000000 0.646676 0.062800 0.062800 0.062800 0.062800 0.062800 0.062800 0.062800 0.062800 0.062800 0.062800 0.062800 0.062800
84.3750 80.2688 6.26960 0.431700 0.320897 0.149384 54.188 57.176 1.000000 1.000000 0.405815 0.062800 0.062800 0.062800 0.062800 0.062800 0.062800 0.062800 0.062800 0.062800 0.062800 0.062800 0.062800
90.0000 80.2688 6.37349 0.431583 0.322047 0.151800 33.796 36.832 1.000000 0.168704 0.062800 0.062800 0.062800 0.062800 0.062800 0.062800 0.062800 0.062800 0.062800 0.062800 0.062800 0.062800 0.062800
95.6250 80.2688 6.36601 0.431030 0.320819 0.151087 31.371 34.299 0.969072 0.062800 0.062800 0.062800 0.062800 0.062800 0.062800 0.062800 0.062800 0.062800 0.062800 0.062800 0.062800 0.062800 0.062800
101.2500 80.2688 6.19224 0.427943 0.312152 0.143932 27.418 29.579 0.750705 0.062800 0.062800 0.062800 0.062800 0.062800 0.062800 0.062800 0.062800 0.062800 0.062800 0.062800 0.062800 0.062800 0.062800
106.8750 80.2688 7.13297 0.437071 0.342023 0.174657 24.283 26.280 0.571700 0.062800 0.062800 0.062800 0.062800 0.062800 0.062800 0.062800 0.062800 0.062800 0.062800 0.062800 0.062800 0.062800 0.062800
112.5000 80.2688 7.68096 0.444770 0.362603 0.194262 23.620 25.656 0.523902 0.062800 0.062800 0.062800 0.062800 0.062800 0.062800 0.062800 0.062800 0.062800 0.062800 0.062800 0.062800 0.062800 0.062800
118.1250 80.2688 7.17943 0.439645 0.347699 0.178330 24.177 26.132 0.548270 0.062800 0.062800 0.062800 0.062800 0.062800 0.062800 0.062800 0.062800 0.062800 0.062800 0.062800 0.062800 0.062800 0.062800
123.7500 80.2688 6.66508 0.433679 0.329980 0.160742 25.601 27.638 0.633555 0.062800 0.062800 0.062800 0.062800 0.062800 0.062800 0.062800 0.062800 0.062800 0.062800 0.062800 0.062800 0.062800 0.062800
129.3750 80.2688 6.47612 0.430870 0.321936 0.153567 28.531 31.036 0.815372 0.062800 0.062800 0.062800 0.062800 0.062800 0.062800 0.062800 0.062800 0.062800 0.062800 0.062800 0.062800 0.062800 0.062800
135.0000 80.2688 6.64894 0.432761 0.327923 0.159462 35.794 38.983 1.000000 0.308346 0.062800 0.062800 0.062800 0.062800 0.062800 0.062800 0.062800 0.062800 0.062800 0.062800 0.062800 0.062800 0.062800
140.6250 80.2688 6.48751 0.430287 0.320904 0.153274 47.871 50.937 1.000000 1.000000 0.102162 0.062800 0.062800 0.062800 0.062800 0.062800 0.062800 0.062800 0.062800 0.062800 0.062800 0.062800 0.062800
146.2500 80.2688 5.89986 0.421739 0.295250 0.131014 58.153 60.774 1.000000 1.000000 0.787256 0.062800 0.062800 0.062800 0.062800 0.062800 0.062800 0.062800 0.062800 0.062800 0.062800 0.062800 0.062800
151.8750 80.2688 5.65460 0.418422 0.284509 0.121877 54.004 56.442 1.000000 1.000000 0.567014 0.062800 0.062800 0.062800 0.062800 0.062800 0.062800 0.062800 0.062800 0.062800 0.062800 0.062800 0.062800
157.5000 80.2688 6.53620 0.433169 0.327370 0.157226 51.029 54.174 1.000000 1.000000 0.245554 0.062800 0.062800 0.062800 0.062800 0.062800 0.062800 0.062800 0.062800 0.062800 0.062800 0.062800 0.062800
163.1250 80.2688 6.30376 0.432932 0.323898 0.151407 49.728 52.756 1.000000 1.000000 0.129341 0.062800 0.062800 0.062800 0.062800 0.062800 0.062800 0.062800 0.062800 0.062800 0.062800 0.062800 0.062800
168.7500 80.2688 6.42159 0.433439 0.326479 0.154759 46.046 49.141 1.000000 0.865043 0.062800 0.062800 0.062800 0.062800 0.062800 0.062800 0.062800 0.062800 0.062800 0.062800 0.062800 0.062800 0.062800
174.3750 80.2688 6.96740 0.439360 0.344973 0.173373 40.385 43.852 1.000000 0.537023 0.062800 0.062800 0.062800 0.062800 0.062800 0.062800 0.062800 0.062800 0.062800 0.062800 0.062800 0.062800 0.062800
180.0000 80.2688 6.92118 0.439140 0.344037 0.172110 38.979 42.422 1.000000 0.450801 0.062800 0.062800 0.062800 0.062800 0.062800 0.062800 0.062800 0.062800 0.062800 0.062800 0.062800 0.062800 0.062800
-174.3750 80.2688 6.03404 0.427745 0.309435 0.139813 35.325 38.121 1.000000 0.266172 0.062800 0.062800 0.062800 0.062800 0.062800 0.062800 0.062800 0.062800 0.062800 0.062800 0.062800 0.062800 0.062800
-168.7500 80.2688 6.84160 0.436574 0.337911 0.167689 24.059 25.851 0.534212 0.062800 0.062800 0.062800 0.062800 0.062800 0.062800 0.062800 0.062800 0.062800 0.062800 0.062800 0.062800 0.062800 0.062800
-163.1250 80.2688 7.07237 0.439754 0.346857 0.176109 20.837 22.039 0.341148 0.062800 0.062800 0.062800 0.062800 0.062800 0.062800 0.062800 0.062800 0.062800 0.062800 0.062800 0.062800 0.062800 0.062800
-146.2500 80.2688 6.03918 0.427191 0.308383 0.139431 25.257 26.974 0.615748 0.062800 0.062800 0.062800 0.062800 0.062800 0.062800 0.062800 0.062800 0.062800 0.062800 0.062800 0.062800 0.062800 0.062800
-140.6250 80.2688 6.66014 0.435075 0.332770 0.162015 21.558 22.800 0.383322 0.062800 0.062800 0.062800 0.062800 0.062800 0.062800 0.062800 0.062800 0.062800 0.062800 0.062800 0.062800 0.062800 0.062800
-135.0000 80.2688 6.97277 0.437420 0.341060 0.171497 20.836 22.035 0.349583 0.062800 0.062800 0.062800 0.062800 0.062800 0.062800 0.062800 0.062800 0.062800 0.062800 0.062800 0.062800 0.062800 0.062800
-129.3750 80.2688 6.82816 0.436933 0.338498 0.167749 21.413 22.671 0.374888 0.062800 0.062800 0.062800 0.062800 0.062800 0.062800 0.062800 0.062800 0.062800 0.062800 0.062800 0.062800 0.062800 0.062800
-118.1250 80.2688 5.46934 0.421099 0.286498 0.119255 36.068 38.453 1.000000 0.340211 0.062800 0.062800 0.062800 0.062800 0.062800 0.062800 0.062800 0.062800 0.062800 0.062800 0.062800 0.062800 0.062800
-112.5000 80.2688 6.11030 0.430234 0.315657 0.144045 40.918 43.799 1.000000 0.567951 0.062800 0.062800 0.062800 0.062800 0.062800 0.062800 0.062800 0.062800 0.062800 0.062800 0.062800 0.062800 0.062800
-106.8750 80.2688 6.90687 0.441329 0.348424 0.174055 49.927 53.408 1.000000 1.000000 0.109660 0.062800 0.062800 0.062800 0.062800 0.062800 0.062800 0.062800 0.062800 0.062800 0.062800 0.062800 0.062800
-101.2500 80.2688 6.64086 0.431923 0.326133 0.158452 55.680 58.849 1.000000 1.000000 0.567014 0.062800 0.062800 0.062800 0.062800 0.062800 0.062800 0.062800 0.062800 0.062800 0.062800 0.062800 0.062800
-95.6250 80.2688 6.98239 0.435999 0.338281 0.170261 55.383 58.789 1.000000 1.000000 0.542646 0.062800 0.062800 0.062800 0.062800 0.062800 0.062800 0.062800 0.062800 0.062800 0.062800 0.062800 0.062800
-90.0000 80.2688 6.26580 0.426914 0.311124 0.144768 69.038 71.934 1.000000 1.000000 1.000000 0.459236 0.062800 0.062800 0.062800 0.062800 0.062800 0.062800 0.062800 0.062800 0.062800 0.062800 0.062800
-84.3750 80.2688 5.89737 0.422801 0.297324 0.131890 55.958 58.596 1.000000 1.000000 0.628869 0.062800 0.062800 0.062800 0.062800 0.062800 0.062800 0.062800 0.062800 0.062800 0.062800 0.062800 0.062800
-78.7500 80.2688 6.79358 0.433262 0.330650 0.163275 36.206 39.472 1.000000 0.346772 0.062800 0.062800 0.062800 0.062800 0.062800 0.062800 0.062800 0.062800 0.062800 0.062800 0.062800 0.062800 0.062800
-73.1250 80.2688 6.14105 0.426865 0.309233 0.141669 32.823 35.657 1.000000 0.142462 0.062800 0.062800 0.062800 0.062800 0.062800 0.062800 0.062800 0.062800 0.062800 0.062800 0.062800 0.062800 0.062800
-56.2500 80.2688 5.37723 0.416335 0.275214 0.112850 47.174 49.431 1.000000 1.000000 0.151834 0.062800 0.062800 0.062800 0.062800 0.062800 0.062800 0.062800 0.062800 0.062800 0.062800 0.062800 0.062800
-50.6250 80.2688 4.62147 0.405886 0.237833 0.084293 54.985 56.671 1.000000 1.000000 0.827555 0.062800 0.062800 0.062800 0.062800 0.062800 0.062800 0.062800 0.062800 0.062800 0.062800 0.062800 0.062800
-45.0000 80.2688 4.30292 0.401485 0.220783 0.072466 53.587 55.037 1.000000 1.000000 0.859420 0.062800 0.062800 0.062800 0.062800 0.062800 0.062800 0.062800 0.062800 0.062800 0.062800 0.062800 0.062800
61.8750 74.7445 6.60633 0.435744 0.333507 0.161425 66.125 69.353 1.000000 1.000000 1.000000 0.151834 0.062800 0.062800 0.062800 0.062800 0.062800 0.062800 0.062800 0.062800 0.062800 0.062800 0.062800
67.5000 74.7445 5.67024 0.427318 0.302804 0.130017 123.381 125.981 1.000000 1.000000 1.000000 1.000000 1.000000 1.000000 0.638241 0.062800 0.062800 0.062800 0.062800 0.062800 0.062800 0.062800 0.062800
73.1250 74.7445 5.97888 0.423294 0.299607 0.134383 118.786 121.473 1.000000 1.000000 1.000000 1.000000 1.000000 1.000000 0.686975 0.062800 0.062800 0.062800 0.062800 0.062800 0.062800 0.062800 0.062800
78.7500 74.7445 6.95051 0.433605 0.333121 0.167137 82.900 86.243 1.000000 1.000000 1.000000 1.000000 0.366453 0.062800 0.062800 0.062800 0.062800 0.062800 0.062800 0.062800 0.062800 0.062800 0.062800
84.3750 74.7445 7.27563 0.438876 0.347079 0.179590 45.366 48.958 1.000000 0.892222 0.062800 0.062800 0.062800 0.062800 0.062800 0.062800 0.062800 0.062800 0.062800 0.062800 0.062800 0.062800 0.062800
90.0000 74.7445 7.36000 0.439975 0.350100 0.182527 44.243 47.893 1.000000 0.823806 0.062800 0.062800 0.062800 0.062800 0.062800 0.062800 0.062800 0.062800 0.062800 0.062800 0.062800 0.062800 0.062800
95.6250 74.7445 7.82350 0.446518 0.367275 0.199014 34.631 38.612 1.000000 0.241805 0.062800 0.062800 0.062800 0.062800 0.062800 0.062800 0.062800 0.062800 0.062800 0.062800 0.062800 0.062800 0.062800
101.2500 74.7445 7.55806 0.444104 0.360230 0.191041 30.827 34.429 0.942831 0.062800 0.062800 0.062800 0.062800 0.062800 0.062800 0.062800 0.062800 0.062800 0.062800 0.062800 0.062800 0.062800 0.062800
106.8750 74.7445 7.38186 0.442107 0.354622 0.185242 28.830 31.878 0.822869 0.062800 0.062800 0.062800 0.062800 0.062800 0.062800 0.062800 0.062800 0.062800 0.062800 0.062800 0.062800 0.062800 0.062800
112.5000 74.7445 7.62477 0.445060 0.362732 0.193439 27.768 30.712 0.761014 0.062800 0.062800 0.062800 0.062800 0.062800 0.062800 0.062800 0.062800 0.062800 0.062800 0.062800 0.062800 0.062800 0.062800
118.1250 74.7445 7.55149 0.445475 0.362975 0.192391 28.171 31.143 0.772260 0.062800 0.062800 0.062800 0.062800 0.062800 0.062800 0.062800 0.062800 0.062800 0.062800 0.062800 0.062800 0.062800 0.062800
123.7500 74.7445 7.80384 0.449162 0.372525 0.201548 29.198 32.537 0.828492 0.062800 0.062800 0.062800 0.062800 0.062800 0.062800 0.062800 0.062800 0.062800 0.062800 0.062800 0.062800 0.062800 0.062800
129.3750 74.7445 7.62754 0.445624 0.363906 0.194109 26.689 29.377 0.692598 0.062800 0.062800 0.062800 0.062800 0.062800 0.062800 0.062800 0.062800 0.062800 0.062800 0.062800 0.062800 0.062800 0.062800
135.0000 74.7445 6.97692 0.436397 0.339027 0.170545 27.666 30.268 0.762888 0.062800 0.062800 0.062800 0.062800 0.062800 0.062800 0.062800 0.062800 0.062800 0.062800 0.062800 0.062800 0.062800 0.062800
140.6250 74.7445 6.59409 0.432191 0.326098 0.157626 27.001 29.282 0.723526 0.062800 0.062800 0.062800 0.062800 0.062800 0.062800 0.062800 0.062800 0.062800 0.062800 0.062800 0.062800 0.062800 0.062800
146.2500 74.7445 6.05679 0.424324 0.302870 0.137255 48.180 50.925 1.000000 1.000000 0.155583 0.062800 0.062800 0.062800 0.062800 0.062800 0.062800 0.062800 0.062800 0.062800 0.062800 0.062800 0.062800
151.8750 74.7445 5.52410 0.417145 0.279616 0.117405 71.514 73.862 1.000000 1.000000 1.000000 0.717903 0.062800 0.062800 0.062800 0.062800 0.062800 0.062800 0.062800 0.062800 0.062800 0.062800 0.062800
157.5000 74.7445 6.91350 0.439986 0.345703 0.172810 65.756 69.212 1.000000 1.000000 1.000000 0.112472 0.062800 0.062800 0.062800 0.062800 0.062800 0.062800 0.062800 0.062800 0.062800 0.062800 0.062800
163.1250 74.7445 6.55854 0.435528 0.332490 0.160084 50.075 53.277 1.000000 1.000000 0.150897 0.062800 0.062800 0.062800 0.062800 0.062800 0.062800 0.062800 0.062800 0.062800 0.062800 0.062800 0.062800
168.7500 74.7445 6.42674 0.432143 0.323886 0.153621 36.384 39.457 1.000000 0.320530 0.062800 0.062800 0.062800 0.062800 0.062800 0.062800 0.062800 0.062800 0.062800 0.062800 0.062800 0.062800 0.062800
-118.1250 74.7445 5.61808 0.424287 0.295659 0.125957 41.242 43.761 1.000000 0.613874 0.062800 0.062800 0.062800 0.062800 0.062800 0.062800 0.062800 0.062800 0.062800 0.062800 0.062800 0.062800 0.062800
-112.5000 74.7445 6.78675 0.438244 0.340737 0.168137 38.372 41.734 1.000000 0.406752 0.062800 0.062800 0.062800 0.062800 0.062800 0.062800 0.062800 0.062800 0.062800 0.062800 0.062800 0.062800 0.062800
-106.8750 74.7445 7.05931 0.441041 0.349372 0.177164 35.799 39.342 1.000000 0.262424 0.062800 0.062800 0.062800 0.062800 0.062800 0.062800 0.062800 0.062800 0.062800 0.062800 0.062800 0.062800 0.062800
-101.2500 74.7445 6.10396 0.430220 0.315538 0.143873 42.250 45.128 1.000000 0.644801 0.062800 0.062800 0.062800 0.062800 0.062800 0.062800 0.062800 0.062800 0.062800 0.062800 0.062800 0.062800 0.062800
-95.6250 74.7445 5.54114 0.420730 0.287069 0.120857 48.899 51.316 1.000000 1.000000 0.188385 0.062800 0.062800 0.062800 0.062800 0.062800 0.062800 0.062800 0.062800 0.062800 0.062800 0.062800 0.062800
-90.0000 74.7445 5.23296 0.413022 0.265804 0.106346 54.145 56.272 1.000000 1.000000 0.641990 0.062800 0.062800 0.062800 0.062800 0.062800 0.062800 0.062800 0.062800 0.062800 0.062800 0.062800 0.062800
-84.3750 74.7445 6.00318 0.423594 0.300585 0.135260 47.523 50.228 1.000000 1.000000 0.120906 0.062800 0.062800 0.062800 0.062800 0.062800 0.062800 0.062800 0.062800 0.062800 0.062800 0.062800 0.062800
-78.7500 74.7445 6.60846 0.432271 0.326438 0.158040 32.292 35.453 1.000000 0.101225 0.062800 0.062800 0.062800 0.062800 0.062800 0.062800 0.062800 0.062800 0.062800 0.062800 0.062800 0.062800 0.062800
-73.1250 74.7445 6.04687 0.425603 0.305285 0.138170 41.177 43.941 1.000000 0.647613 0.062800 0.062800 0.062800 0.062800 0.062800 0.062800 0.062800 0.062800 0.062800 0.062800 0.062800 0.062800 0.062800
56.2500 69.2130 5.95319 0.429805 0.312460 0.139664 101.282 104.075 1.000000 1.000000 1.000000 1.000000 1.000000 0.296163 0.062800 0.062800 0.062800 0.062800 0.062800 0.062800 0.062800 0.062800 0.062800
61.8750 69.2130 6.48484 0.435745 0.332041 0.158545 117.318 120.489 1.000000 1.000000 1.000000 1.000000 1.000000 1.000000 0.259612 0.062800 0.062800 0.062800 0.062800 0.062800 0.062800 0.062800 0.062800
67.5000 69.2130 5.36273 0.414700 0.271713 0.111147 130.500 132.723 1.000000 1.000000 1.000000 1.000000 1.000000 1.000000 1.000000 0.687912 0.062800 0.062800 0.062800 0.062800 0.062800 0.062800 0.062800
73.1250 69.2130 5.41404 0.415835 0.274944 0.113425 101.893 104.161 1.000000 1.000000 1.000000 1.000000 1.000000 0.743207 0.062800 0.062800 0.062800 0.062800 0.062800 0.062800 0.062800 0.062800 0.062800
78.7500 69.2130 6.09076 0.426213 0.307175 0.139822 41.628 44.424 1.000000 0.671043 0.062800 0.062800 0.062800 0.062800 0.062800 0.062800 0.062800 0.062800 0.062800 0.062800 0.062800 0.062800 0.062800
84.3750 69.2130 6.76630 0.434539 0.332916 0.163927 40.309 43.587 1.000000 0.568888 0.062800 0.062800 0.062800 0.062800 0.062800 0.062800 0.062800 0.062800 0.062800 0.062800 0.062800 0.062800 0.062800
90.0000 69.2130 6.81324 0.435099 0.334590 0.165557 39.099 42.411 1.000000 0.496724 0.062800 0.062800 0.062800 0.062800 0.062800 0.062800 0.062800 0.062800 0.062800 0.062800 0.062800 0.062800 0.062800
95.6250 69.2130 6.73832 0.433991 0.331480 0.162740 34.177 37.431 1.000000 0.209003 0.062800 0.062800 0.062800 0.062800 0.062800 0.062800 0.062800 0.062800 0.062800 0.062800 0.062800 0.062800 0.062800
101.2500 69.2130 6.60067 0.432318 0.326437 0.157904 32.682 35.840 1.000000 0.122781 0.062800 0.062800 0.062800 0.062800 0.062800 0.062800 0.062800 0.062800 0.062800 0.062800 0.062800 0.062800 0.062800
106.8750 69.2130 6.64809 0.433105 0.328611 0.159782 34.084 37.280 1.000000 0.202443 0.062800 0.062800 0.062800 0.062800 0.062800 0.062800 0.062800 0.062800 0.062800 0.062800 0.062800 0.062800 0.062800
112.5000 69.2130 6.88049 0.436311 0.337804 0.168301 39.208 42.574 1.000000 0.496724 0.062800 0.062800 0.062800 0.062800 0.062800 0.062800 0.062800 0.062800 0.062800 0.062800 0.062800 0.062800 0.062800
118.1250 69.2130 6.37098 0.429648 0.318079 0.149885 32.632 35.629 1.000000 0.123718 0.062800 0.062800 0.062800 0.062800 0.062800 0.062800 0.062800 0.062800 0.062800 0.062800 0.062800 0.062800 0.062800
123.7500 69.2130 6.21730 0.427855 0.312332 0.144465 30.224 32.886 0.921275 0.062800 0.062800 0.062800 0.062800 0.062800 0.062800 0.062800 0.062800 0.062800 0.062800 0.062800 0.062800 0.062800 0.062800
129.3750 69.2130 6.96119 0.436420 0.338905 0.170219 29.154 32.045 0.849111 0.062800 0.062800 0.062800 0.062800 0.062800 0.062800 0.062800 0.062800 0.062800 0.062800 0.062800 0.062800 0.062800 0.062800
135.0000 69.2130 7.47699 0.442326 0.355916 0.187460 29.541 32.819 0.874415 0.062800 0.062800 0.062800 0.062800 0.062800 0.062800 0.062800 0.062800 0.062800 0.062800 0.062800 0.062800 0.062800 0.062800
140.6250 69.2130 7.18107 0.438927 0.346258 0.177618 30.790 34.153 0.946580 0.062800 0.062800 0.062800 0.062800 0.062800 0.062800 0.062800 0.062800 0.062800 0.062800 0.062800 0.062800 0.062800 0.062800
146.2500 69.2130 5.40737 0.415665 0.274481 0.113111 67.831 70.094 1.000000 1.000000 1.000000 0.512656 0.062800 0.062800 0.062800 0.062800 0.062800 0.062800 0.062800 0.062800 0.062800 0.062800 0.062800
151.8750 69.2130 6.27760 0.431752 0.321113 0.149631 67.855 70.848 1.000000 1.000000 1.000000 0.266172 0.062800 0.062800 0.062800 0.062800 0.062800 0.062800 0.062800 0.062800 0.062800 0.062800 0.062800
157.5000 69.2130 6.04730 0.429541 0.313313 0.141812 40.297 43.134 1.000000 0.533274 0.062800 0.062800 0.062800 0.062800 0.062800 0.062800 0.062800 0.062800 0.062800 0.062800 0.062800 0.062800 0.062800
163.1250 69.2130 6.08900 0.429114 0.313047 0.142462 30.042 32.555 0.881913 0.062800 0.062800 0.062800 0.062800 0.062800 0.062800 0.062800 0.062800 0.062800 0.062800 0.062800 0.062800 0.062800 0.062800
-106.8750 69.2130 6.08736 0.429831 0.314497 0.143092 40.628 43.490 1.000000 0.553893 0.062800 0.062800 0.062800 0.062800 0.062800 0.062800 0.062800 0.062800 0.062800 0.062800 0.062800 0.062800 0.062800
-101.2500 69.2130 5.78944 0.424740 0.299474 0.130846 47.445 50.062 1.000000 0.997188 0.062800 0.062800 0.062800 0.062800 0.062800 0.062800 0.062800 0.062800 0.062800 0.062800 0.062800 0.062800 0.062800
-95.6250 69.2130 6.45078 0.429332 0.318502 0.151488 47.664 50.694 1.000000 1.000000 0.100288 0.062800 0.062800 0.062800 0.062800 0.062800 0.062800 0.062800 0.062800 0.062800 0.062800 0.062800 0.062800
-90.0000 69.2130 5.91106 0.421813 0.295577 0.131362 56.007 58.634 1.000000 1.000000 0.656985 0.062800 0.062800 0.062800 0.062800 0.062800 0.062800 0.062800 0.062800 0.062800 0.062800 0.062800 0.062800
-84.3750 69.2130 6.48147 0.430415 0.321085 0.153255 40.410 43.475 1.000000 0.591381 0.062800 0.062800 0.062800 0.062800 0.062800 0.062800 0.062800 0.062800 0.062800 0.062800 0.062800 0.062800 0.062800
-78.7500 69.2130 7.07253 0.439083 0.345487 0.175416 36.885 40.393 1.000000 0.352395 0.062800 0.062800 0.062800 0.062800 0.062800 0.062800 0.062800 0.062800 0.062800 0.062800 0.062800 0.062800 0.062800
-73.1250 69.2130 6.85669 0.432514 0.329878 0.163955 73.290 76.570 1.000000 1.000000 1.000000 0.726338 0.062800 0.062800 0.062800 0.062800 0.062800 0.062800 0.062800 0.062800 0.062800 0.062800 0.062800
-67.5000 69.2130 4.22480 0.400357 0.216380 0.069573 202.104 203.495 1.000000 1.000000 1.000000 1.000000 1.000000 1.000000 1.000000 1.000000 1.000000 1.000000 1.000000 1.000000 1.000000 0.703845 0.062800
-61.8750 69.2130 5.06020 0.411160 0.258483 0.100233 177.280 179.284 1.000000 1.000000 1.000000 1.000000 1.000000 1.000000 1.000000 1.000000 1.000000 1.000000 0.951266 0.062800 0.062800 0.062800 0.062800
-56.2500 69.2130 5.29412 0.418072 0.277035 0.112018 135.787 138.028 1.000000 1.000000 1.000000 1.000000 1.000000 1.000000 1.000000 0.789130 0.062800 0.062800 0.062800 0.062800 0.062800 0.062800 0.062800
0.0000 63.6786 5.49122 0.421746 0.288215 0.120389 86.420 88.828 1.000000 1.000000 1.000000 1.000000 0.303381 0.084600 0.084600 0.084600 0.084600 0.084600 0.084600 0.084600 0.084600 0.084600 0.084600
5.6250 63.6786 5.18188 0.417224 0.273057 0.108266 110.636 112.801 1.000000 1.000000 1.000000 1.000000 1.000000 1.000000 0.079300 0.079300 0.079300 0.079300 0.079300 0.079300 0.079300 0.079300 0.079300
11.2500 63.6786 4.72601 0.411305 0.250988 0.091020 87.487 89.308 1.000000 1.000000 1.000000 1.000000 0.814035 0.065500 0.065500 0.065500 0.065500 0.065500 0.065500 0.065500 0.065500 0.065500 0.065500
16.8750 63.6786 5.49128 0.419534 0.283753 0.118526 102.265 104.635 1.000000 1.000000 1.000000 1.000000 1.000000 0.624183 0.062800 0.062800 0.062800 0.062800 0.062800 0.062800 0.062800 0.062800 0.062800
22.5000 63.6786 6.28593 0.429720 0.317071 0.147897 110.543 113.501 1.000000 1.000000 1.000000 1.000000 1.000000 0.969072 0.062800 0.062800 0.062800 0.062800 0.062800 0.062800 0.062800 0.062800 0.062800
28.1250 63.6786 5.98630 0.423819 0.300772 0.135040 173.297 175.998 1.000000 1.000000 1.000000 1.000000 1.000000 1.000000 1.000000 1.000000 1.000000 1.000000 0.205254 0.062800 0.062800 0.062800 0.062800
33.7500 63.6786 6.05820 0.427231 0.308750 0.139946 206.790 209.589 1.000000 1.000000 1.000000 1.000000 1.000000 1.000000 1.000000 1.000000 1.000000 1.000000 1.000000 1.000000 0.124655 0.062800 0.062800
39.3750 63.6786 6.46580 0.434947 0.330152 0.157300 201.801 204.947 1.000000 1.000000 1.000000 1.000000 1.000000 1.000000 1.000000 1.000000 1.000000 1.000000 1.000000 0.486414 0.062800 0.062800 0.062800
45.0000 63.6786 6.27774 0.432565 0.322792 0.150416 126.173 129.182 1.000000 1.000000 1.000000 1.000000 1.000000 1.000000 0.817246 0.062800 0.062800 0.062800 0.062800 0.062800 0.062800 0.062800 0.062800
67.5000 63.6786 5.17513 0.418510 0.275512 0.109107 116.546 118.729 1.000000 1.000000 1.000000 1.000000 1.000000 1.000000 0.501410 0.062800 0.062800 0.062800 0.062800 0.062800 0.062800 0.062800 0.062800
73.1250 63.6786 5.01448 0.414165 0.263371 0.101249 120.885 122.910 1.000000 1.000000 1.000000 1.000000 1.000000 1.000000 0.954077 0.062800 0.062800 0.062800 0.062800 0.062800 0.062800 0.062800 0.062800
78.7500 63.6786 5.95909 0.424383 0.301476 0.134862 52.765 55.462 1.000000 1.000000 0.413313 0.062800 0.062800 0.062800 0.062800 0.062800 0.062800 0.062800 0.062800 0.062800 0.062800 0.062800 0.062800
84.3750 63.6786 6.65694 0.432813 0.328126 0.159699 44.721 47.915 1.000000 0.838802 0.062800 0.062800 0.062800 0.062800 0.062800 0.062800 0.062800 0.062800 0.062800 0.062800 0.062800 0.062800 0.062800
90.0000 63.6786 6.41786 0.430180 0.319778 0.151516 39.473 42.503 1.000000 0.529526 0.062800 0.062800 0.062800 0.062800 0.062800 0.062800 0.062800 0.062800 0.062800 0.062800 0.062800 0.062800 0.062800
95.6250 63.6786 6.52030 0.432364 0.325531 0.156063 42.107 45.228 1.000000 0.668231 0.062800 0.062800 0.062800 0.062800 0.062800 0.062800 0.062800 0.062800 0.062800 0.062800 0.062800 0.062800 0.062800
101.2500 63.6786 6.61559 0.434152 0.330351 0.160060 39.007 42.209 1.000000 0.474231 0.062800 0.062800 0.062800 0.062800 0.062800 0.062800 0.062800 0.062800 0.062800 0.062800 0.062800 0.062800 0.062800
106.8750 63.6786 7.14159 0.440405 0.348878 0.178303 46.059 49.625 1.000000 0.883787 0.062800 0.062800 0.062800 0.062800 0.062800 0.062800 0.062800 0.062800 0.062800 0.062800 0.062800 0.062800 0.062800
112.5000 63.6786 6.73788 0.437517 0.338690 0.166273 61.713 65.039 1.000000 1.000000 0.825681 0.062800 0.062800 0.062800 0.062800 0.062800 0.062800 0.062800 0.062800 0.062800 0.062800 0.062800 0.062800
118.1250 63.6786 7.39655 0.443086 0.356751 0.186594 45.531 49.263 1.000000 0.859420 0.062800 0.062800 0.062800 0.062800 0.062800 0.062800 0.062800 0.062800 0.062800 0.062800 0.062800 0.062800 0.062800
123.7500 63.6786 6.63073 0.433103 0.328397 0.159376 66.184 69.372 1.000000 1.000000 1.000000 0.224936 0.062800 0.062800 0.062800 0.062800 0.062800 0.062800 0.062800 0.062800 0.062800 0.062800 0.062800
129.3750 63.6786 6.70448 0.433657 0.330405 0.161631 36.129 39.362 1.000000 0.324279 0.062800 0.062800 0.062800 0.062800 0.062800 0.062800 0.062800 0.062800 0.062800 0.062800 0.062800 0.062800 0.062800
135.0000 63.6786 7.53889 0.443992 0.359839 0.190527 31.040 34.675 0.954077 0.062800 0.062800 0.062800 0.062800 0.062800 0.062800 0.062800 0.062800 0.062800 0.062800 0.062800 0.062800 0.062800 0.062800
140.6250 63.6786 7.95441 0.448735 0.372753 0.204030 27.848 30.996 0.771323 0.062800 0.062800 0.062800 0.062800 0.062800 0.062800 0.062800 0.062800 0.062800 0.062800 0.062800 0.062800 0.062800 0.062800
146.2500 63.6786 5.19076 0.412465 0.263837 0.104776 92.181 94.276 1.000000 1.000000 1.000000 1.000000 0.974299 0.082100 0.082100 0.082100 0.082100 0.082100 0.082100 0.082100 0.082100 0.082100 0.082100
151.8750 63.6786 5.72251 0.424426 0.297725 0.128828 130.089 132.666 1.000000 1.000000 1.000000 1.000000 1.000000 1.000000 0.897468 0.100600 0.100600 0.100600 0.100600 0.100600 0.100600 0.100600 0.100600
157.5000 63.6786 5.81495 0.424865 0.300147 0.131617 85.312 87.944 1.000000 1.000000 1.000000 0.906035 0.105100 0.105100 0.105100 0.105100 0.105100 0.105100 0.105100 0.105100 0.105100 0.105100 0.105100
-151.8750 63.6786 12.83418 0.470943 0.433586 0.298443 16.989 19.094 0.352703 0.064600 0.064600 0.064600 0.064600 0.064600 0.064600 0.064600 0.064600 0.064600 0.064600 0.064600 0.064600 0.064600 0.064600
-118.1250 63.6786 6.37159 0.433671 0.326315 0.153777 47.429 50.505 1.000000 0.932522 0.062800 0.062800 0.062800 0.062800 0.062800 0.062800 0.062800 0.062800 0.062800 0.062800 0.062800 0.062800 0.062800
-112.5000 63.6786 6.03885 0.427035 0.308060 0.139279 87.002 89.787 1.000000 1.000000 1.000000 1.000000 0.526714 0.062800 0.062800 0.062800 0.062800 0.062800 0.062800 0.062800 0.062800 0.062800 0.062800
-106.8750 63.6786 5.77996 0.422493 0.294777 0.128618 59.161 61.734 1.000000 1.000000 0.806937 0.062800 0.062800 0.062800 0.062800 0.062800 0.062800 0.062800 0.062800 0.062800 0.062800 0.062800 0.062800
-101.2500 63.6786 5.27611 0.414775 0.270123 0.108887 46.635 48.812 1.000000 1.000000 0.138713 0.062800 0.062800 0.062800 0.062800 0.062800 0.062800 0.062800 0.062800 0.062800 0.062800 0.062800 0.062800
-95.6250 63.6786 6.05442 0.425442 0.305077 0.138212 31.076 33.793 0.983130 0.062800 0.062800 0.062800 0.062800 0.062800 0.062800 0.062800 0.062800 0.062800 0.062800 0.062800 0.062800 0.062800 0.062800
-90.0000 63.6786 6.10697 0.426417 0.307828 0.140412 31.398 34.196 0.996251 0.062800 0.062800 0.062800 0.062800 0.062800 0.062800 0.062800 0.062800 0.062800 0.062800 0.062800 0.062800 0.062800 0.062800
-78.7500 63.6786 5.40711 0.414795 0.272772 0.112402 154.299 156.547 1.000000 1.000000 1.000000 1.000000 1.000000 1.000000 1.000000 1.000000 1.000000 0.307409 0.062800 0.062800 0.062800 0.062800 0.062800
-73.1250 63.6786 5.75075 0.419123 0.287576 0.124949 243.941 246.440 1.000000 1.000000 1.000000 1.000000 1.000000 1.000000 1.000000 1.000000 1.000000 1.000000 1.000000 1.000000 1.000000 1.000000 1.000000
-67.5000 63.6786 6.00426 0.428586 0.310710 0.139837 126.803 129.600 1.000000 1.000000 1.000000 1.000000 1.000000 1.000000 0.918464 0.062800 0.062800 0.062800 0.062800 0.062800 0.062800 0.062800 0.062800
-61.8750 63.6786 5.75427 0.424523 0.298452 0.129741 105.576 108.171 1.000000 1.000000 1.000000 1.000000 1.000000 0.692598 0.062800 0.062800 0.062800 0.062800 0.062800 0.062800 0.062800 0.062800 0.062800
-56.2500 63.6786 5.62787 0.421453 0.290075 0.123762 84.608 87.083 1.000000 1.000000 1.000000 1.000000 0.459236 0.062800 0.062800 0.062800 0.062800 0.062800 0.062800 0.062800 0.062800 0.062800 0.062800
-50.6250 63.6786 5.16565 0.422985 0.284521 0.112484 97.387 99.637 1.000000 1.000000 1.000000 1.000000 1.000000 0.095602 0.062800 0.062800 0.062800 0.062800 0.062800 0.062800 0.062800 0.062800 0.062800
-5.6250 63.6786 5.24830 0.421777 0.283661 0.113795 65.861 68.137 1.000000 1.000000 0.894419 0.081900 0.081900 0.081900 0.081900 0.081900 0.081900 0.081900 0.081900 0.081900 0.081900 0.081900 0.081900
0.0000 58.1430 5.60548 0.418323 0.283434 0.120518 69.105 71.515 1.000000 1.000000 0.958917 0.106900 0.106900 0.106900 0.106900 0.106900 0.106900 0.106900 0.106900 0.106900 0.106900 0.106900 0.106900
5.6250 58.1430 6.03356 0.425277 0.304428 0.137541 52.116 54.867 1.000000 0.913835 0.093000 0.093000 0.093000 0.093000 0.093000 0.093000 0.093000 0.093000 0.093000 0.093000 0.093000 0.093000 0.093000
11.2500 58.1430 6.08184 0.427219 0.309076 0.140525 38.019 40.830 1.000000 0.400244 0.065800 0.065800 0.065800 0.065800 0.065800 0.065800 0.065800 0.065800 0.065800 0.065800 0.065800 0.065800 0.065800
16.8750 58.1430 6.43899 0.432713 0.325211 0.154469 32.902 35.991 1.000000 0.110597 0.062800 0.062800 0.062800 0.062800 0.062800 0.062800 0.062800 0.062800 0.062800 0.062800 0.062800 0.062800 0.062800
22.5000 58.1430 6.62091 0.431442 0.324919 0.157519 54.693 57.843 1.000000 1.000000 0.513593 0.062800 0.062800 0.062800 0.062800 0.062800 0.062800 0.062800 0.062800 0.062800 0.062800 0.062800 0.062800
28.1250 58.1430 7.52846 0.442789 0.357307 0.189019 87.820 91.600 1.000000 1.000000 1.000000 1.000000 0.590444 0.062800 0.062800 0.062800 0.062800 0.062800 0.062800 0.062800 0.062800 0.062800 0.062800
33.7500 58.1430 5.88132 0.428647 0.308961 0.136748 193.454 196.189 1.000000 1.000000 1.000000 1.000000 1.000000 1.000000 1.000000 1.000000 1.000000 1.000000 0.982193 0.062800 0.062800 0.062800 0.062800
90.0000 58.1430 6.06709 0.428452 0.311370 0.141297 53.669 56.495 1.000000 1.000000 0.402066 0.062800 0.062800 0.062800 0.062800 0.062800 0.062800 0.062800 0.062800 0.062800 0.062800 0.062800 0.062800
95.6250 58.1430 6.83383 0.437377 0.339470 0.168328 55.081 58.448 1.000000 1.000000 0.464859 0.062800 0.062800 0.062800 0.062800 0.062800 0.062800 0.062800 0.062800 0.062800 0.062800 0.062800 0.062800
101.2500 58.1430 6.77666 0.438696 0.341561 0.168366 46.685 50.052 1.000000 0.879101 0.062800 0.062800 0.062800 0.062800 0.062800 0.062800 0.062800 0.062800 0.062800 0.062800 0.062800 0.062800 0.062800
106.8750 58.1430 7.31381 0.444251 0.358406 0.186090 31.413 34.925 0.943768 0.062800 0.062800 0.062800 0.062800 0.062800 0.062800 0.062800 0.062800 0.062800 0.062800 0.062800 0.062800 0.062800 0.062800
112.5000 58.1430 7.09960 0.442188 0.352138 0.179256 36.814 40.399 1.000000 0.313032 0.062800 0.062800 0.062800 0.062800 0.062800 0.062800 0.062800 0.062800 0.062800 0.062800 0.062800 0.062800 0.062800
118.1250 58.1430 6.56194 0.436391 0.334316 0.161024 71.625 74.845 1.000000 1.000000 1.000000 0.442366 0.062800 0.062800 0.062800 0.062800 0.062800 0.062800 0.062800 0.062800 0.062800 0.062800 0.062800
123.7500 58.1430 7.43453 0.445380 0.361792 0.189858 95.636 99.433 1.000000 1.000000 1.000000 1.000000 0.934396 0.062800 0.062800 0.062800 0.062800 0.062800 0.062800 0.062800 0.062800 0.062800 0.062800
129.3750 58.1430 6.46011 0.431507 0.323022 0.153803 54.336 57.412 1.000000 1.000000 0.457361 0.062800 0.062800 0.062800 0.062800 0.062800 0.062800 0.062800 0.062800 0.062800 0.062800 0.062800 0.062800
135.0000 58.1430 6.43133 0.429834 0.319257 0.151506 77.801 80.832 1.000000 1.000000 1.000000 0.470811 0.106100 0.106100 0.106100 0.106100 0.106100 0.106100 0.106100 0.106100 0.106100 0.106100 0.106100
140.6250 58.1430 6.72417 0.433268 0.329850 0.161698 73.388 76.622 1.000000 1.000000 0.751573 0.134400 0.134400 0.134400 0.134400 0.134400 0.134400 0.134400 0.134400 0.134400 0.134400 0.134400 0.134400
146.2500 58.1430 6.28018 0.426252 0.310004 0.144499 78.010 80.900 1.000000 1.000000 0.979468 0.144500 0.144500 0.144500 0.144500 0.144500 0.144500 0.144500 0.144500 0.144500 0.144500 0.144500 0.144500
151.8750 58.1430 5.06759 0.409430 0.255309 0.099139 181.259 183.241 1.000000 1.000000 1.000000 1.000000 1.000000 1.000000 1.000000 1.000000 1.000000 1.000000 1.000000 0.200245 0.135400 0.135400 0.135400
157.5000 58.1430 5.78157 0.424002 0.297847 0.129988 178.026 180.626 1.000000 1.000000 1.000000 1.000000 1.000000 1.000000 1.000000 1.000000 1.000000 1.000000 0.138094 0.116900 0.116900 0.116900 0.116900
-151.8750 58.1430 6.05464 0.429281 0.312886 0.141754 38.109 40.944 1.000000 0.410501 0.062800 0.062800 0.062800 0.062800 0.062800 0.062800 0.062800 0.062800 0.062800 0.062800 0.062800 0.062800 0.062800
-146.2500 58.1430 5.19918 0.417197 0.273360 0.108720 81.387 83.562 1.000000 1.000000 1.000000 0.980837 0.087500 0.087500 0.087500 0.087500 0.087500 0.087500 0.087500 0.087500 0.087500 0.087500 0.087500
-140.6250 58.1430 5.54037 0.421859 0.289336 0.121797 81.506 83.942 1.000000 1.000000 1.000000 0.752802 0.101100 0.101100 0.101100 0.101100 0.101100 0.101100 0.101100 0.101100 0.101100 0.101100 0.101100
-135.0000 58.1430 5.73873 0.426129 0.301481 0.130762 59.506 62.121 1.000000 1.000000 0.331188 0.096200 0.096200 0.096200 0.096200 0.096200 0.096200 0.096200 0.096200 0.096200 0.096200 0.096200 0.096200
-118.1250 58.1430 6.09355 0.429774 0.314469 0.143194 40.067 42.931 1.000000 0.522965 0.062800 0.062800 0.062800 0.062800 0.062800 0.062800 0.062800 0.062800 0.062800 0.062800 0.062800 0.062800 0.062800
-112.5000 58.1430 6.21887 0.430092 0.316902 0.146607 50.866 53.799 1.000000 1.000000 0.233370 0.062800 0.062800 0.062800 0.062800 0.062800 0.062800 0.062800 0.062800 0.062800 0.062800 0.062800 0.062800
-106.8750 58.1430 6.26619 0.427098 0.311499 0.144949 62.938 65.837 1.000000 1.000000 1.000000 0.088104 0.062800 0.062800 0.062800 0.062800 0.062800 0.062800 0.062800 0.062800 0.062800 0.062800 0.062800
-101.2500 58.1430 6.10016 0.425434 0.305749 0.139342 92.297 95.084 1.000000 1.000000 1.000000 1.000000 0.918464 0.062800 0.062800 0.062800 0.062800 0.062800 0.062800 0.062800 0.062800 0.062800 0.062800
-33.7500 58.1430 5.13514 0.421986 0.281825 0.110805 92.357 94.573 1.000000 1.000000 1.000000 1.000000 0.675375 0.072500 0.072500 0.072500 0.072500 0.072500 0.072500 0.072500 0.072500 0.072500 0.072500
-28.1250 58.1430 4.84306 0.413684 0.258515 0.096076 82.508 84.430 1.000000 1.000000 1.000000 1.000000 0.424348 0.065500 0.065500 0.065500 0.065500 0.065500 0.065500 0.065500 0.065500 0.065500 0.065500
-22.5000 58.1430 4.45206 0.406357 0.234233 0.079804 103.537 105.133 1.000000 1.000000 1.000000 1.000000 1.000000 1.000000 0.164480 0.067500 0.067500 0.067500 0.067500 0.067500 0.067500 0.067500 0.067500
-16.8750 58.1430 4.58045 0.407382 0.239638 0.084147 141.793 143.476 1.000000 1.000000 1.000000 1.000000 1.000000 1.000000 1.000000 1.000000 0.638479 0.080100 0.080100 0.080100 0.080100 0.080100 0.080100
-11.2500 58.1430 5.03418 0.410793 0.257194 0.099246 113.494 115.479 1.000000 1.000000 1.000000 1.000000 1.000000 1.000000 0.411114 0.096800 0.096800 0.096800 0.096800 0.096800 0.096800 0.096800 0.096800
-5.6250 58.1430 5.28446 0.413500 0.267796 0.108104 91.338 93.500 1.000000 1.000000 1.000000 1.000000 0.639632 0.108000 0.108000 0.108000 0.108000 0.108000 0.108000 0.108000 0.108000 0.108000 0.108000
0.0000 52.6065 6.77267 0.436807 0.337620 0.166354 60.936 64.263 1.000000 1.000000 0.209148 0.112400 0.112400 0.112400 0.112400 0.112400 0.112400 0.112400 0.112400 0.112400 0.112400 0.112400 0.112400
5.6250 52.6065 6.67107 0.435020 0.332787 0.162215 58.922 62.166 1.000000 1.000000 0.130763 0.110300 0.110300 0.110300 0.110300 0.110300 0.110300 0.110300 0.110300 0.110300 0.110300 0.110300 0.110300
11.2500 52.6065 6.75139 0.436444 0.336633 0.165498 59.935 63.245 1.000000 1.000000 0.197830 0.108700 0.108700 0.108700 0.108700 0.108700 0.108700 0.108700 0.108700 0.108700 0.108700 0.108700 0.108700
16.8750 52.6065 6.76672 0.436978 0.337905 0.166391 70.633 73.961 1.000000 1.000000 0.879829 0.103200 0.103200 0.103200 0.103200 0.103200 0.103200 0.103200 0.103200 0.103200 0.103200 0.103200 0.103200
22.5000 52.6065 6.61270 0.433531 0.329049 0.159378 88.534 91.721 1.000000 1.000000 1.000000 1.000000 0.251985 0.096600 0.096600 0.096600 0.096600 0.096600 0.096600 0.096600 0.096600 0.096600 0.096600
28.1250 52.6065 4.90488 0.407844 0.248559 0.093536 232.534 234.405 1.000000 1.000000 1.000000 1.000000 1.000000 1.000000 1.000000 1.000000 1.000000 1.000000 1.000000 1.000000 1.000000 1.000000 1.000000
33.7500 52.6065 5.47915 0.421261 0.287008 0.119655 251.030 253.424 1.000000 1.000000 1.000000 1.000000 1.000000 1.000000 1.000000 1.000000 1.000000 1.000000 1.000000 1.000000 1.000000 1.000000 1.000000
39.3750 52.6065 6.16467 0.430577 0.317136 0.145725 257.117 260.032 1.000000 1.000000 1.000000 1.000000 1.000000 1.000000 1.000000 1.000000 1.000000 1.000000 1.000000 1.000000 1.000000 1.000000 1.000000
95.6250 52.6065 5.98570 0.425776 0.304699 0.136792 251.860 254.596 1.000000 1.000000 1.000000 1.000000 1.000000 1.000000 1.000000 1.000000 1.000000 1.000000 1.000000 1.000000 1.000000 1.000000 1.000000
101.2500 52.6065 6.17874 0.428275 0.312631 0.143909 228.672 231.551 1.000000 1.000000 1.000000 1.000000 1.000000 1.000000 1.000000 1.000000 1.000000 1.000000 1.000000 1.000000 1.000000 0.415428 0.137800
106.8750 52.6065 6.27421 0.430147 0.317780 0.148016 248.530 251.491 1.000000 1.000000 1.000000 1.000000 1.000000 1.000000 1.000000 1.000000 1.000000 1.000000 1.000000 1.000000 1.000000 1.000000 0.639821
112.5000 52.6065 6.72193 0.433702 0.330701 0.162077 232.070 235.312 1.000000 1.000000 1.000000 1.000000 1.000000 1.000000 1.000000 1.000000 1.000000 1.000000 1.000000 1.000000 1.000000 0.612446 0.150100
123.7500 52.6065 6.16668 0.427047 0.309974 0.142470 251.256 254.105 1.000000 1.000000 1.000000 1.000000 1.000000 1.000000 1.000000 1.000000 1.000000 1.000000 1.000000 1.000000 1.000000 1.000000 1.000000
-157.5000 52.6065 6.24398 0.430775 0.318648 0.147873 97.988 100.946 1.000000 1.000000 1.000000 1.000000 0.965856 0.077200 0.077200 0.077200 0.077200 0.077200 0.077200 0.077200 0.077200 0.077200 0.077200
-151.8750 52.6065 4.91002 0.416252 0.265219 0.099907 74.818 76.816 1.000000 1.000000 1.000000 0.835053 0.062800 0.062800 0.062800 0.062800 0.062800 0.062800 0.062800 0.062800 0.062800 0.062800 0.062800
-146.2500 52.6065 4.47773 0.403571 0.229621 0.078717 132.023 133.597 1.000000 1.000000 1.000000 1.000000 1.000000 1.000000 1.000000 1.000000 0.280840 0.078000 0.078000 0.078000 0.078000 0.078000 0.078000
-140.6250 52.6065 5.52498 0.416815 0.278982 0.117155 123.820 126.163 1.000000 1.000000 1.000000 1.000000 1.000000 1.000000 0.784233 0.108400 0.108400 0.108400 0.108400 0.108400 0.108400 0.108400 0.108400
-135.0000 52.6065 5.09673 0.411274 0.259506 0.101315 237.286 239.313 1.000000 1.000000 1.000000 1.000000 1.000000 1.000000 1.000000 1.000000 1.000000 1.000000 1.000000 1.000000 1.000000 1.000000 1.000000
-129.3750 52.6065 6.06008 0.428868 0.312119 0.141508 186.068 188.898 1.000000 1.000000 1.000000 1.000000 1.000000 1.000000 1.000000 1.000000 1.000000 1.000000 0.438348 0.116900 0.116900 0.116900 0.116900
-112.5000 52.6065 6.07542 0.428661 0.311920 0.141700 75.970 78.804 1.000000 1.000000 1.000000 0.465332 0.090700 0.090700 0.090700 0.090700 0.090700 0.090700 0.090700 0.090700 0.090700 0.090700 0.090700
-106.8750 52.6065 5.68561 0.424884 0.298039 0.128264 127.949 130.515 1.000000 1.000000 1.000000 1.000000 1.000000 1.000000 0.842016 0.086800 0.086800 0.086800 0.086800 0.086800 0.086800 0.086800 0.086800
-101.2500 52.6065 5.34501 0.419008 0.279917 0.114164 216.478 218.762 1.000000 1.000000 1.000000 1.000000 1.000000 1.000000 1.000000 1.000000 1.000000 1.000000 1.000000 1.000000 0.876498 0.091900 0.091900
-95.6250 52.6065 5.41280 0.420476 0.284179 0.117211 209.027 211.372 1.000000 1.000000 1.000000 1.000000 1.000000 1.000000 1.000000 1.000000 1.000000 1.000000 1.000000 1.000000 0.328638 0.095200 0.095200
-28.1250 52.6065 5.12413 0.421256 0.280085 0.109900 156.552 158.750 1.000000 1.000000 1.000000 1.000000 1.000000 1.000000 1.000000 1.000000 0.712384 0.081100 0.081100 0.081100 0.081100 0.081100 0.081100
-22.5000 52.6065 4.44022 0.402246 0.226102 0.076813 193.814 195.351 1.000000 1.000000 1.000000 1.000000 1.000000 1.000000 1.000000 1.000000 1.000000 1.000000 1.000000 1.000000 0.791107 0.095700 0.095700
-16.8750 52.6065 6.18498 0.426747 0.309634 0.142641 86.396 89.249 1.000000 1.000000 1.000000 0.944925 0.111700 0.111700 0.111700 0.111700 0.111700 0.111700 0.111700 0.111700 0.111700 0.111700 0.111700
-11.2500 52.6065 6.83416 0.437533 0.339794 0.168495 75.262 78.632 1.000000 1.000000 0.955990 0.119800 0.119800 0.119800 0.119800 0.119800 0.119800 0.119800 0.119800 0.119800 0.119800 0.119800 0.119800
-5.6250 52.6065 6.83431 0.437604 0.339941 0.168570 66.343 69.714 1.000000 1.000000 0.462497 0.117400 0.117400 0.117400 0.117400 0.117400 0.117400 0.117400 0.117400 0.117400 0.117400 0.117400 0.117400
0.0000 47.0696 6.39355 0.428382 0.315832 0.149222 96.328 99.312 1.000000 1.000000 1.000000 1.000000 0.373643 0.140800 0.140800 0.140800 0.140800 0.140800 0.140800 0.140800 0.140800 0.140800 0.140800
5.6250 47.0696 6.39803 0.427515 0.314158 0.148509 119.911 122.881 1.000000 1.000000 1.000000 1.000000 1.000000 0.821390 0.157500 0.157500 0.157500 0.157500 0.157500 0.157500 0.157500 0.157500 0.157500
11.2500 47.0696 6.72434 0.431855 0.327006 0.160307 130.777 133.984 1.000000 1.000000 1.000000 1.000000 1.000000 1.000000 0.256301 0.198600 0.198600 0.198600 0.198600 0.198600 0.198600 0.198600 0.198600
16.8750 47.0696 7.01793 0.435644 0.337946 0.170685 137.152 140.566 1.000000 1.000000 1.000000 1.000000 1.000000 1.000000 0.335098 0.233100 0.233100 0.233100 0.233100 0.233100 0.233100 0.233100 0.233100
22.5000 47.0696 7.06261 0.435881 0.338898 0.171907 206.139 209.577 1.000000 1.000000 1.000000 1.000000 1.000000 1.000000 1.000000 1.000000 1.000000 1.000000 1.000000 0.605114 0.246400 0.246400 0.246400
28.1250 47.0696 5.58334 0.412325 0.271380 0.115002 234.568 236.868 1.000000 1.000000 1.000000 1.000000 1.000000 1.000000 1.000000 1.000000 1.000000 1.000000 1.000000 1.000000 1.000000 1.000000 1.000000
33.7500 47.0696 5.79487 0.422829 0.295700 0.129297 249.605 252.191 1.000000 1.000000 1.000000 1.000000 1.000000 1.000000 1.000000 1.000000 1.000000 1.000000 1.000000 1.000000 1.000000 1.000000 1.000000
-151.8750 47.0696 6.24624 0.426617 0.310252 0.144017 146.389 149.269 1.000000 1.000000 1.000000 1.000000 1.000000 1.000000 1.000000 0.436920 0.195600 0.195600 0.195600 0.195600 0.195600 0.195600 0.195600
-146.2500 47.0696 5.24370 0.413625 0.267203 0.107106 164.869 167.012 1.000000 1.000000 1.000000 1.000000 1.000000 1.000000 1.000000 1.000000 1.000000 0.414634 0.176700 0.176700 0.176700 0.176700 0.176700
-140.6250 47.0696 5.68924 0.417641 0.283589 0.122111 139.262 141.704 1.000000 1.000000 1.000000 1.000000 1.000000 1.000000 1.000000 0.516807 0.158200 0.158200 0.158200 0.158200 0.158200 0.158200 0.158200
-135.0000 47.0696 6.30239 0.429296 0.316435 0.147895 246.581 249.539 1.000000 1.000000 1.000000 1.000000 1.000000 1.000000 1.000000 1.000000 1.000000 1.000000 1.000000 1.000000 1.000000 1.000000 0.630338
-129.3750 47.0696 6.07917 0.428195 0.311024 0.141362 174.542 177.369 1.000000 1.000000 1.000000 1.000000 1.000000 1.000000 1.000000 1.000000 1.000000 0.571600 0.143200 0.143200 0.143200 0.143200 0.143200
-28.1250 47.0696 5.31814 0.421227 0.283896 0.115263 252.950 255.255 1.000000 1.000000 1.000000 1.000000 1.000000 1.000000 1.000000 1.000000 1.000000 1.000000 1.000000 1.000000 1.000000 1.000000 1.000000
-22.5000 47.0696 5.06968 0.408926 0.254390 0.098820 233.355 235.331 1.000000 1.000000 1.000000 1.000000 1.000000 1.000000 1.000000 1.000000 1.000000 1.000000 1.000000 1.000000 1.000000 1.000000 1.000000
-16.8750 47.0696 6.12336 0.422226 0.299725 0.137004 214.210 216.951 1.000000 1.000000 1.000000 1.000000 1.000000 1.000000 1.000000 1.000000 1.000000 1.000000 1.000000 1.000000 0.753643 0.205300 0.205300
-11.2500 47.0696 6.98661 0.436503 0.339345 0.170867 106.499 109.917 1.000000 1.000000 1.000000 1.000000 0.374282 0.194700 0.194700 0.194700 0.194700 0.194700 0.194700 0.194700 0.194700 0.194700 0.194700
-5.6250 47.0696 6.62752 0.431584 0.325285 0.157811 89.316 92.473 1.000000 1.000000 1.000000 0.550048 0.162100 0.162100 0.162100 0.162100 0.162100 0.162100 0.162100 0.162100 0.162100 0.162100 0.162100
0.0000 41.5325 5.41897 0.415181 0.273757 0.113027 241.096 243.357 1.000000 1.000000 1.000000 1.000000 1.000000 1.000000 1.000000 1.000000 1.000000 1.000000 1.000000 1.000000 1.000000 1.000000 1.000000
5.6250 41.5325 6.33501 0.423825 0.305978 0.143568 243.615 246.486 1.000000 1.000000 1.000000 1.000000 1.000000 1.000000 1.000000 1.000000 1.000000 1.000000 1.000000 1.000000 1.000000 1.000000 1.000000
11.2500 41.5325 5.71076 0.415877 0.280537 0.121181 239.033 241.457 1.000000 1.000000 1.000000 1.000000 1.000000 1.000000 1.000000 1.000000 1.000000 1.000000 1.000000 1.000000 1.000000 1.000000 1.000000
16.8750 41.5325 6.80522 0.434290 0.332860 0.164565 108.644 111.936 1.000000 1.000000 1.000000 1.000000 1.000000 0.272982 0.131400 0.131400 0.131400 0.131400 0.131400 0.131400 0.131400 0.131400 0.131400
33.7500 41.5325 5.07145 0.412004 0.260373 0.101178 142.560 144.584 1.000000 1.000000 1.000000 1.000000 1.000000 1.000000 1.000000 1.000000 0.578260 0.062800 0.062800 0.062800 0.062800 0.062800 0.062800
-163.1250 41.5325 5.53398 0.418834 0.283144 0.119071 106.318 108.699 1.000000 1.000000 1.000000 1.000000 1.000000 0.914715 0.062800 0.062800 0.062800 0.062800 0.062800 0.062800 0.062800 0.062800 0.062800
-157.5000 41.5325 5.45378 0.417468 0.278930 0.115815 98.685 101.001 1.000000 1.000000 1.000000 1.000000 1.000000 0.389371 0.073400 0.073400 0.073400 0.073400 0.073400 0.073400 0.073400 0.073400 0.073400
-151.8750 41.5325 7.68131 0.441202 0.355430 0.190424 182.615 186.423 1.000000 1.000000 1.000000 1.000000 1.000000 1.000000 1.000000 1.000000 1.000000 0.992150 0.215000 0.215000 0.215000 0.215000 0.215000
-146.2500 41.5325 7.08131 0.437264 0.341881 0.173731 157.137 160.612 1.000000 1.000000 1.000000 1.000000 1.000000 1.000000 1.000000 0.947180 0.199700 0.199700 0.199700 0.199700 0.199700 0.199700 0.199700
-140.6250 41.5325 7.93162 0.446163 0.367380 0.200741 82.439 86.454 1.000000 1.000000 1.000000 0.249864 0.154300 0.154300 0.154300 0.154300 0.154300 0.154300 0.154300 0.154300 0.154300 0.154300 0.154300
-135.0000 41.5325 6.28133 0.426049 0.309616 0.144339 218.959 221.845 1.000000 1.000000 1.000000 1.000000 1.000000 1.000000 1.000000 1.000000 1.000000 1.000000 1.000000 1.000000 0.994760 0.126600 0.126600
-129.3750 41.5325 5.91825 0.425963 0.304030 0.135252 189.939 192.644 1.000000 1.000000 1.000000 1.000000 1.000000 1.000000 1.000000 1.000000 1.000000 1.000000 0.650938 0.150700 0.150700 0.150700 0.150700
-45.0000 41.5325 5.98519 0.430015 0.313375 0.140678 32.793 35.607 1.000000 0.082481 0.062800 0.062800 0.062800 0.062800 0.062800 0.062800 0.062800 0.062800 0.062800 0.062800 0.062800 0.062800 0.062800
-39.3750 41.5325 7.68115 0.439632 0.352310 0.188750 83.480 87.255 1.000000 1.000000 1.000000 0.583751 0.138200 0.138200 0.138200 0.138200 0.138200 0.138200 0.138200 0.138200 0.138200 0.138200 0.138200
-22.5000 41.5325 5.58868 0.417093 0.280705 0.119051 242.481 244.862 1.000000 1.000000 1.000000 1.000000 1.000000 1.000000 1.000000 1.000000 1.000000 1.000000 1.000000 1.000000 1.000000 1.000000 1.000000
-16.8750 41.5325 5.45726 0.410153 0.264831 0.110022 232.213 234.413 1.000000 1.000000 1.000000 1.000000 1.000000 1.000000 1.000000 1.000000 1.000000 1.000000 1.000000 1.000000 1.000000 1.000000 1.000000
-11.2500 41.5325 5.66443 0.414859 0.277737 0.119151 237.879 240.262 1.000000 1.000000 1.000000 1.000000 1.000000 1.000000 1.000000 1.000000 1.000000 1.000000 1.000000 1.000000 1.000000 1.000000 1.000000
-5.6250 41.5325 5.54243 0.416859 0.279394 0.117650 242.617 244.970 1.000000 1.000000 1.000000 1.000000 1.000000 1.000000 1.000000 1.000000 1.000000 1.000000 1.000000 1.000000 1.000000 1.000000 1.000000
11.2500 35.9951 5.25508 0.418264 0.276640 0.111109 149.584 151.806 1.000000 1.000000 1.000000 1.000000 1.000000 1.000000 1.000000 1.000000 0.659796 0.062800 0.062800 0.062800 0.062800 0.062800 0.062800
16.8750 35.9951 5.84602 0.422394 0.295675 0.130225 91.456 94.060 1.000000 1.000000 1.000000 1.000000 0.899720 0.062800 0.062800 0.062800 0.062800 0.062800 0.062800 0.062800 0.062800 0.062800 0.062800
22.5000 35.9951 6.33377 0.430706 0.319728 0.149998 37.797 40.797 1.000000 0.410501 0.062800 0.062800 0.062800 0.062800 0.062800 0.062800 0.062800 0.062800 0.062800 0.062800 0.062800 0.062800 0.062800
28.1250 35.9951 6.26299 0.429318 0.315936 0.146956 37.820 40.759 1.000000 0.421748 0.062800 0.062800 0.062800 0.062800 0.062800 0.062800 0.062800 0.062800 0.062800 0.062800 0.062800 0.062800 0.062800
33.7500 35.9951 5.64054 0.419982 0.287353 0.122835 82.183 84.640 1.000000 1.000000 1.000000 1.000000 0.367390 0.062800 0.062800 0.062800 0.062800 0.062800 0.062800 0.062800 0.062800 0.062800 0.062800
39.3750 35.9951 5.26859 0.414950 0.270314 0.108822 61.299 63.475 1.000000 1.000000 1.000000 0.104974 0.062800 0.062800 0.062800 0.062800 0.062800 0.062800 0.062800 0.062800 0.062800 0.062800 0.062800
45.0000 35.9951 5.15847 0.415852 0.269826 0.106536 66.036 68.167 1.000000 1.000000 1.000000 0.353332 0.062800 0.062800 0.062800 0.062800 0.062800 0.062800 0.062800 0.062800 0.062800 0.062800 0.062800
84.3750 35.9951 8.18298 0.444900 0.366715 0.204132 63.434 67.517 1.000000 1.000000 1.000000 0.210878 0.062800 0.062800 0.062800 0.062800 0.062800 0.062800 0.062800 0.062800 0.062800 0.062800 0.062800
90.0000 35.9951 6.52082 0.434104 0.329096 0.157781 93.365 96.521 1.000000 1.000000 1.000000 1.000000 0.821932 0.062800 0.062800 0.062800 0.062800 0.062800 0.062800 0.062800 0.062800 0.062800 0.062800
95.6250 35.9951 6.08004 0.428607 0.311878 0.141766 80.928 83.763 1.000000 1.000000 1.000000 1.000000 0.129341 0.062800 0.062800 0.062800 0.062800 0.062800 0.062800 0.062800 0.062800 0.062800 0.062800
101.2500 35.9951 5.63582 0.422975 0.293292 0.125285 75.833 78.339 1.000000 1.000000 1.000000 0.822869 0.062800 0.062800 0.062800 0.062800 0.062800 0.062800 0.062800 0.062800 0.062800 0.062800 0.062800
129.3750 35.9951 7.82467 0.442591 0.359390 0.194760 26.555 29.414 0.733835 0.062800 0.062800 0.062800 0.062800 0.062800 0.062800 0.062800 0.062800 0.062800 0.062800 0.062800 0.062800 0.062800 0.062800
-174.3750 35.9951 5.89134 0.426669 0.305046 0.135203 61.588 64.292 1.000000 1.000000 0.872541 0.062800 0.062800 0.062800 0.062800 0.062800 0.062800 0.062800 0.062800 0.062800 0.062800 0.062800 0.062800
-163.1250 35.9951 5.87796 0.422576 0.296560 0.131198 40.993 43.617 1.000000 0.662608 0.062800 0.062800 0.062800 0.062800 0.062800 0.062800 0.062800 0.062800 0.062800 0.062800 0.062800 0.062800 0.062800
-157.5000 35.9951 6.61767 0.432149 0.326305 0.158135 34.818 37.980 1.000000 0.253989 0.062800 0.062800 0.062800 0.062800 0.062800 0.062800 0.062800 0.062800 0.062800 0.062800 0.062800 0.062800 0.062800
-151.8750 35.9951 6.91294 0.438974 0.343608 0.171753 59.720 63.155 1.000000 1.000000 0.583435 0.074300 0.074300 0.074300 0.074300 0.074300 0.074300 0.074300 0.074300 0.074300 0.074300 0.074300 0.074300
-146.2500 35.9951 6.47491 0.433285 0.326840 0.155885 40.359 43.476 1.000000 0.518372 0.064800 0.064800 0.064800 0.064800 0.064800 0.064800 0.064800 0.064800 0.064800 0.064800 0.064800 0.064800 0.064800
-140.6250 35.9951 7.31115 0.444486 0.358867 0.186285 40.907 44.633 1.000000 0.553893 0.062800 0.062800 0.062800 0.062800 0.062800 0.062800 0.062800 0.062800 0.062800 0.062800 0.062800 0.062800 0.062800
-135.0000 35.9951 7.24541 0.436521 0.342057 0.176506 118.474 122.004 1.000000 1.000000 1.000000 1.000000 1.000000 0.956665 0.133300 0.133300 0.133300 0.133300 0.133300 0.133300 0.133300 0.133300 0.133300
-129.3750 35.9951 6.95449 0.431755 0.329484 0.165377 186.678 189.986 1.000000 1.000000 1.000000 1.000000 1.000000 1.000000 1.000000 1.000000 1.000000 0.816912 0.311700 0.311700 0.311700 0.311700 0.311700
-95.6250 35.9951 6.27276 0.430208 0.317883 0.148039 89.699 92.660 1.000000 1.000000 1.000000 1.000000 0.653236 0.062800 0.062800 0.062800 0.062800 0.062800 0.062800 0.062800 0.062800 0.062800 0.062800
-90.0000 35.9951 6.13251 0.428797 0.313031 0.143253 124.351 127.216 1.000000 1.000000 1.000000 1.000000 1.000000 1.000000 0.821932 0.062800 0.062800 0.062800 0.062800 0.062800 0.062800 0.062800 0.062800
-61.8750 35.9951 6.11632 0.429349 0.313926 0.143366 37.934 40.801 1.000000 0.407690 0.062800 0.062800 0.062800 0.062800 0.062800 0.062800 0.062800 0.062800 0.062800 0.062800 0.062800 0.062800 0.062800
-56.2500 35.9951 6.34800 0.432214 0.323004 0.151792 41.946 44.982 1.000000 0.633555 0.062800 0.062800 0.062800 0.062800 0.062800 0.062800 0.062800 0.062800 0.062800 0.062800 0.062800 0.062800 0.062800
-50.6250 35.9951 5.85121 0.424851 0.300706 0.132537 41.941 44.592 1.000000 0.677603 0.062800 0.062800 0.062800 0.062800 0.062800 0.062800 0.062800 0.062800 0.062800 0.062800 0.062800 0.062800 0.062800
-45.0000 35.9951 6.13619 0.415603 0.287142 0.131467 233.513 236.142 1.000000 1.000000 1.000000 1.000000 1.000000 1.000000 1.000000 1.000000 1.000000 1.000000 1.000000 1.000000 1.000000 1.000000 1.000000
-39.3750 35.9951 7.18473 0.427217 0.323234 0.165864 221.627 224.944 1.000000 1.000000 1.000000 1.000000 1.000000 1.000000 1.000000 1.000000 1.000000 1.000000 1.000000 1.000000 1.000000 0.575551 0.507600
-22.5000 35.9951 6.19709 0.424264 0.304853 0.140652 246.302 249.115 1.000000 1.000000 1.000000 1.000000 1.000000 1.000000 1.000000 1.000000 1.000000 1.000000 1.000000 1.000000 1.000000 1.000000 1.000000
-16.8750 35.9951 6.18104 0.423389 0.302884 0.139463 245.132 247.921 1.000000 1.000000 1.000000 1.000000 1.000000 1.000000 1.000000 1.000000 1.000000 1.000000 1.000000 1.000000 1.000000 1.000000 1.000000
-11.2500 35.9951 5.72494 0.423336 0.295551 0.127933 251.428 253.987 1.000000 1.000000 1.000000 1.000000 1.000000 1.000000 1.000000 1.000000 1.000000 1.000000 1.000000 1.000000 1.000000 1.000000 1.000000
-5.6250 35.9951 5.89247 0.427950 0.307695 0.136398 47.554 50.282 1.000000 0.959700 0.062800 0.062800 0.062800 0.062800 0.062800 0.062800 0.062800 0.062800 0.062800 0.062800 0.062800 0.062800 0.062800
11.2500 30.4576 5.73297 0.423403 0.295822 0.128200 98.454 101.018 1.000000 1.000000 1.000000 1.000000 1.000000 0.308346 0.062800 0.062800 0.062800 0.062800 0.062800 0.062800 0.062800 0.062800 0.062800
16.8750 30.4576 5.20659 0.413983 0.267135 0.106384 141.393 143.521 1.000000 1.000000 1.000000 1.000000 1.000000 1.000000 1.000000 1.000000 0.418936 0.062800 0.062800 0.062800 0.062800 0.062800 0.062800
22.5000 30.4576 6.12813 0.426724 0.308759 0.141219 56.764 59.588 1.000000 1.000000 0.634492 0.062800 0.062800 0.062800 0.062800 0.062800 0.062800 0.062800 0.062800 0.062800 0.062800 0.062800 0.062800
28.1250 30.4576 6.68141 0.433940 0.330705 0.161379 55.957 59.185 1.000000 1.000000 0.551081 0.062800 0.062800 0.062800 0.062800 0.062800 0.062800 0.062800 0.062800 0.062800 0.062800 0.062800 0.062800
33.7500 30.4576 6.24289 0.428766 0.314535 0.145945 29.722 32.302 0.883787 0.062800 0.062800 0.062800 0.062800 0.062800 0.062800 0.062800 0.062800 0.062800 0.062800 0.062800 0.062800 0.062800 0.062800
39.3750 30.4576 6.57199 0.432186 0.325814 0.157104 29.510 32.155 0.841951 0.064800 0.064800 0.064800 0.064800 0.064800 0.064800 0.064800 0.064800 0.064800 0.064800 0.064800 0.064800 0.064800 0.064800
45.0000 30.4576 5.10713 0.412462 0.262045 0.102502 69.904 71.954 1.000000 1.000000 1.000000 0.690724 0.062800 0.062800 0.062800 0.062800 0.062800 0.062800 0.062800 0.062800 0.062800 0.062800 0.062800
50.6250 30.4576 6.07869 0.427968 0.310553 0.141139 170.255 173.078 1.000000 1.000000 1.000000 1.000000 1.000000 1.000000 1.000000 1.000000 1.000000 0.679604 0.074000 0.074000 0.074000 0.074000 0.074000
90.0000 30.4576 6.61540 0.432569 0.327126 0.158494 90.592 93.761 1.000000 1.000000 1.000000 1.000000 0.744144 0.062800 0.062800 0.062800 0.062800 0.062800 0.062800 0.062800 0.062800 0.062800 0.062800
95.6250 30.4576 7.30725 0.440399 0.350462 0.181859 33.849 37.486 1.000000 0.191196 0.062800 0.062800 0.062800 0.062800 0.062800 0.062800 0.062800 0.062800 0.062800 0.062800 0.062800 0.062800 0.062800
101.2500 30.4576 6.23514 0.425844 0.308548 0.143030 42.490 45.351 1.000000 0.750705 0.062800 0.062800 0.062800 0.062800 0.062800 0.062800 0.062800 0.062800 0.062800 0.062800 0.062800 0.062800 0.062800
123.7500 30.4576 6.53283 0.434561 0.330183 0.158517 28.784 31.313 0.797565 0.062800 0.062800 0.062800 0.062800 0.062800 0.062800 0.062800 0.062800 0.062800 0.062800 0.062800 0.062800 0.062800 0.062800
129.3750 30.4576 6.94486 0.440640 0.347384 0.174195 34.558 38.042 1.000000 0.179013 0.062800 0.062800 0.062800 0.062800 0.062800 0.062800 0.062800 0.062800 0.062800 0.062800 0.062800 0.062800 0.062800
135.0000 30.4576 6.23628 0.433105 0.323354 0.149914 195.626 198.624 1.000000 1.000000 1.000000 1.000000 1.000000 1.000000 1.000000 1.000000 1.000000 1.000000 0.861197 0.104500 0.104500 0.104500 0.104500
140.6250 30.4576 6.93413 0.432574 0.330879 0.165742 247.706 251.021 1.000000 1.000000 1.000000 1.000000 1.000000 1.000000 1.000000 1.000000 1.000000 1.000000 1.000000 1.000000 1.000000 1.000000 1.000000
146.2500 30.4576 7.77131 0.436751 0.347447 0.187497 239.925 243.675 1.000000 1.000000 1.000000 1.000000 1.000000 1.000000 1.000000 1.000000 1.000000 1.000000 1.000000 1.000000 1.000000 1.000000 1.000000
174.3750 30.4576 6.21655 0.427501 0.311605 0.144115 69.838 72.721 1.000000 1.000000 1.000000 0.478917 0.062800 0.062800 0.062800 0.062800 0.062800 0.062800 0.062800 0.062800 0.062800 0.062800 0.062800
-174.3750 30.4576 5.77225 0.421084 0.291830 0.127192 41.169 43.713 1.000000 0.684164 0.062800 0.062800 0.062800 0.062800 0.062800 0.062800 0.062800 0.062800 0.062800 0.062800 0.062800 0.062800 0.062800
-168.7500 30.4576 6.26832 0.428106 0.313558 0.145945 36.136 39.055 1.000000 0.310905 0.065000 0.065000 0.065000 0.065000 0.065000 0.065000 0.065000 0.065000 0.065000 0.065000 0.065000 0.065000 0.065000
-163.1250 30.4576 6.21577 0.427131 0.310850 0.143752 68.752 71.627 1.000000 1.000000 1.000000 0.369765 0.067700 0.067700 0.067700 0.067700 0.067700 0.067700 0.067700 0.067700 0.067700 0.067700 0.067700
-157.5000 30.4576 6.83299 0.436979 0.338645 0.167905 59.615 62.974 1.000000 1.000000 0.724787 0.063900 0.063900 0.063900 0.063900 0.063900 0.063900 0.063900 0.063900 0.063900 0.063900 0.063900 0.063900
-151.8750 30.4576 6.60548 0.433848 0.329607 0.159522 31.755 34.907 0.987816 0.062800 0.062800 0.062800 0.062800 0.062800 0.062800 0.062800 0.062800 0.062800 0.062800 0.062800 0.062800 0.062800 0.062800
-140.6250 30.4576 6.91286 0.438189 0.341994 0.170945 34.211 37.630 1.000000 0.183699 0.062800 0.062800 0.062800 0.062800 0.062800 0.062800 0.062800 0.062800 0.062800 0.062800 0.062800 0.062800 0.062800
-135.0000 30.4576 6.82332 0.433149 0.330767 0.163836 155.022 158.299 1.000000 1.000000 1.000000 1.000000 1.000000 1.000000 1.000000 1.000000 0.404606 0.147000 0.147000 0.147000 0.147000 0.147000 0.147000
-129.3750 30.4576 9.26785 0.446825 0.377333 0.224952 190.329 194.828 1.000000 1.000000 1.000000 1.000000 1.000000 1.000000 1.000000 1.000000 1.000000 0.965350 0.505000 0.505000 0.505000 0.505000 0.505000
-101.2500 30.4576 7.25072 0.436794 0.342655 0.176900 100.883 104.421 1.000000 1.000000 1.000000 1.000000 1.000000 0.521091 0.062800 0.062800 0.062800 0.062800 0.062800 0.062800 0.062800 0.062800 0.062800
-95.6250 30.4576 5.47411 0.416635 0.277671 0.115669 96.185 98.499 1.000000 1.000000 1.000000 1.000000 1.000000 0.372076 0.062800 0.062800 0.062800 0.062800 0.062800 0.062800 0.062800 0.062800 0.062800
-90.0000 30.4576 6.15640 0.425916 0.307548 0.141171 54.390 57.213 1.000000 1.000000 0.515468 0.062800 0.062800 0.062800 0.062800 0.062800 0.062800 0.062800 0.062800 0.062800 0.062800 0.062800 0.062800
-84.3750 30.4576 6.84223 0.434631 0.333970 0.165744 47.852 51.167 1.000000 1.000000 0.090916 0.062800 0.062800 0.062800 0.062800 0.062800 0.062800 0.062800 0.062800 0.062800 0.062800 0.062800 0.062800
-78.7500 30.4576 6.24186 0.429025 0.315047 0.146164 36.232 39.155 1.000000 0.328965 0.062800 0.062800 0.062800 0.062800 0.062800 0.062800 0.062800 0.062800 0.062800 0.062800 0.062800 0.062800 0.062800
-73.1250 30.4576 7.07415 0.437610 0.342506 0.173929 50.471 53.949 1.000000 0.976036 0.078300 0.078300 0.078300 0.078300 0.078300 0.078300 0.078300 0.078300 0.078300 0.078300 0.078300 0.078300 0.078300
-67.5000 30.4576 6.60359 0.435194 0.332342 0.160812 75.892 79.109 1.000000 1.000000 1.000000 0.514748 0.082700 0.082700 0.082700 0.082700 0.082700 0.082700 0.082700 0.082700 0.082700 0.082700 0.082700
-61.8750 30.4576 6.71018 0.434115 0.331401 0.162217 50.473 53.717 1.000000 1.000000 0.089308 0.074500 0.074500 0.074500 0.074500 0.074500 0.074500 0.074500 0.074500 0.074500 0.074500 0.074500 0.074500
-56.2500 30.4576 6.47701 0.429798 0.319783 0.152556 45.085 48.136 1.000000 0.644308 0.080900 0.080900 0.080900 0.080900 0.080900 0.080900 0.080900 0.080900 0.080900 0.080900 0.080900 0.080900 0.080900
-50.6250 30.4576 6.54245 0.430900 0.322843 0.155160 32.240 34.392 0.693501 0.087800 0.087800 0.087800 0.087800 0.087800 0.087800 0.087800 0.087800 0.087800 0.087800 0.087800 0.087800 0.087800 0.087800
-45.0000 30.4576 7.45006 0.433313 0.337769 0.177490 150.780 154.329 1.000000 1.000000 1.000000 1.000000 1.000000 0.988218 0.379900 0.379900 0.379900 0.379900 0.379900 0.379900 0.379900 0.379900 0.379900
-39.3750 30.4576 7.51233 0.423205 0.319258 0.168660 225.896 229.270 1.000000 1.000000 1.000000 1.000000 1.000000 1.000000 1.000000 1.000000 1.000000 1.000000 1.000000 1.000000 1.000000 1.000000 1.000000
-33.7500 30.4576 8.17622 0.435726 0.348902 0.194123 232.169 236.051 1.000000 1.000000 1.000000 1.000000 1.000000 1.000000 1.000000 1.000000 1.000000 1.000000 1.000000 1.000000 1.000000 1.000000 1.000000
16.8750 24.9199 5.26868 0.414993 0.270400 0.108859 170.800 172.977 1.000000 1.000000 1.000000 1.000000 1.000000 1.000000 1.000000 1.000000 1.000000 1.000000 0.319956 0.063300 0.063300 0.063300 0.063300
22.5000 24.9199 6.29631 0.427912 0.313556 0.146441 83.104 86.033 1.000000 1.000000 1.000000 1.000000 0.344897 0.062800 0.062800 0.062800 0.062800 0.062800 0.062800 0.062800 0.062800 0.062800 0.062800
28.1250 24.9199 7.64267 0.445317 0.363403 0.194082 26.677 29.380 0.696347 0.062800 0.062800 0.062800 0.062800 0.062800 0.062800 0.062800 0.062800 0.062800 0.062800 0.062800 0.062800 0.062800 0.062800
33.7500 24.9199 7.12497 0.439259 0.346374 0.176746 27.107 29.648 0.718840 0.062800 0.062800 0.062800 0.062800 0.062800 0.062800 0.062800 0.062800 0.062800 0.062800 0.062800 0.062800 0.062800 0.062800
39.3750 24.9199 6.81056 0.434577 0.333502 0.164973 34.076 37.375 1.000000 0.150970 0.067000 0.067000 0.067000 0.067000 0.067000 0.067000 0.067000 0.067000 0.067000 0.067000 0.067000 0.067000 0.067000
45.0000 24.9199 6.24000 0.425904 0.308737 0.143204 61.825 64.689 1.000000 1.000000 0.981256 0.062800 0.062800 0.062800 0.062800 0.062800 0.062800 0.062800 0.062800 0.062800 0.062800 0.062800 0.062800
50.6250 24.9199 6.63543 0.433834 0.329941 0.160208 60.959 64.163 1.000000 1.000000 0.837864 0.062800 0.062800 0.062800 0.062800 0.062800 0.062800 0.062800 0.062800 0.062800 0.062800 0.062800 0.062800
84.3750 24.9199 7.65491 0.442149 0.357099 0.190907 55.373 59.191 1.000000 1.000000 0.578260 0.062800 0.062800 0.062800 0.062800 0.062800 0.062800 0.062800 0.062800 0.062800 0.062800 0.062800 0.062800
90.0000 24.9199 6.00193 0.424496 0.302371 0.136041 63.681 66.401 1.000000 1.000000 1.000000 0.137776 0.062800 0.062800 0.062800 0.062800 0.062800 0.062800 0.062800 0.062800 0.062800 0.062800 0.062800
95.6250 24.9199 7.53769 0.443424 0.358674 0.189890 27.225 30.012 0.733835 0.062800 0.062800 0.062800 0.062800 0.062800 0.062800 0.062800 0.062800 0.062800 0.062800 0.062800 0.062800 0.062800 0.062800
101.2500 24.9199 7.07976 0.438024 0.343405 0.174480 25.713 27.956 0.642927 0.062800 0.062800 0.062800 0.062800 0.062800 0.062800 0.062800 0.062800 0.062800 0.062800 0.062800 0.062800 0.062800 0.062800
106.8750 24.9199 5.12338 0.411939 0.261375 0.102545 27.272 28.991 0.837864 0.062800 0.062800 0.062800 0.062800 0.062800 0.062800 0.062800 0.062800 0.062800 0.062800 0.062800 0.062800 0.062800 0.062800
112.5000 24.9199 6.81375 0.433100 0.330558 0.163571 24.619 26.566 0.595130 0.062800 0.062800 0.062800 0.062800 0.062800 0.062800 0.062800 0.062800 0.062800 0.062800 0.062800 0.062800 0.062800 0.062800
118.1250 24.9199 5.78333 0.421101 0.292050 0.127490 25.773 27.525 0.686975 0.062800 0.062800 0.062800 0.062800 0.062800 0.062800 0.062800 0.062800 0.062800 0.062800 0.062800 0.062800 0.062800 0.062800
123.7500 24.9199 6.42843 0.432196 0.324016 0.153713 33.536 36.610 1.000000 0.152771 0.062800 0.062800 0.062800 0.062800 0.062800 0.062800 0.062800 0.062800 0.062800 0.062800 0.062800 0.062800 0.062800
168.7500 24.9199 6.60339 0.432112 0.326053 0.157766 87.126 90.282 1.000000 1.000000 1.000000 1.000000 0.516240 0.066100 0.066100 0.066100 0.066100 0.066100 0.066100 0.066100 0.066100 0.066100 0.066100
174.3750 24.9199 6.38087 0.430595 0.320131 0.151028 32.156 35.135 0.985981 0.065400 0.065400 0.065400 0.065400 0.065400 0.065400 0.065400 0.065400 0.065400 0.065400 0.065400 0.065400 0.065400 0.065400
180.0000 24.9199 6.63898 0.432527 0.327330 0.159001 30.307 33.237 0.921275 0.062800 0.062800 0.062800 0.062800 0.062800 0.062800 0.062800 0.062800 0.062800 0.062800 0.062800 0.062800 0.062800 0.062800
-174.3750 24.9199 6.37874 0.429587 0.318059 0.150013 27.406 29.661 0.751642 0.062800 0.062800 0.062800 0.062800 0.062800 0.062800 0.062800 0.062800 0.062800 0.062800 0.062800 0.062800 0.062800 0.062800
-168.7500 24.9199 6.56943 0.431721 0.324841 0.156591 32.537 35.669 1.000000 0.084929 0.065300 0.065300 0.065300 0.065300 0.065300 0.065300 0.065300 0.065300 0.065300 0.065300 0.065300 0.065300 0.065300
-163.1250 24.9199 5.57858 0.418287 0.282874 0.119784 107.484 109.880 1.000000 1.000000 1.000000 1.000000 1.000000 1.000000 0.088104 0.062800 0.062800 0.062800 0.062800 0.062800 0.062800 0.062800 0.062800
-157.5000 24.9199 7.21434 0.438992 0.346716 0.178401 38.649 42.217 1.000000 0.479854 0.062800 0.062800 0.062800 0.062800 0.062800 0.062800 0.062800 0.062800 0.062800 0.062800 0.062800 0.062800 0.062800
-140.6250 24.9199 6.54335 0.433566 0.328271 0.157784 29.018 31.615 0.822869 0.062800 0.062800 0.062800 0.062800 0.062800 0.062800 0.062800 0.062800 0.062800 0.062800 0.062800 0.062800 0.062800 0.062800
-135.0000 24.9199 6.69498 0.435135 0.333303 0.162883 30.987 34.046 0.939082 0.062800 0.062800 0.062800 0.062800 0.062800 0.062800 0.062800 0.062800 0.062800 0.062800 0.062800 0.062800 0.062800 0.062800
-95.6250 24.9199 6.32382 0.429731 0.317610 0.148827 66.281 69.257 1.000000 1.000000 1.000000 0.236182 0.062800 0.062800 0.062800 0.062800 0.062800 0.062800 0.062800 0.062800 0.062800 0.062800 0.062800
-90.0000 24.9199 4.97386 0.410621 0.255503 0.097461 62.537 64.486 1.000000 1.000000 1.000000 0.266172 0.062800 0.062800 0.062800 0.062800 0.062800 0.062800 0.062800 0.062800 0.062800 0.062800 0.062800
-84.3750 24.9199 6.08875 0.425262 0.305231 0.138901 29.979 32.543 0.923150 0.062800 0.062800 0.062800 0.062800 0.062800 0.062800 0.062800 0.062800 0.062800 0.062800 0.062800 0.062800 0.062800 0.062800
-78.7500 24.9199 6.21967 0.426737 0.310113 0.143481 31.975 34.793 0.982271 0.066900 0.066900 0.066900 0.066900 0.066900 0.066900 0.066900 0.066900 0.066900 0.066900 0.066900 0.066900 0.066900 0.066900
-73.1250 24.9199 6.24013 0.427459 0.311857 0.144653 44.641 47.534 1.000000 0.674040 0.076600 0.076600 0.076600 0.076600 0.076600 0.076600 0.076600 0.076600 0.076600 0.076600 0.076600 0.076600 0.076600
-67.5000 24.9199 6.42354 0.429881 0.319249 0.151366 50.347 53.374 1.000000 1.000000 0.160120 0.069900 0.069900 0.069900 0.069900 0.069900 0.069900 0.069900 0.069900 0.069900 0.069900 0.069900 0.069900
-61.8750 24.9199 6.47513 0.430402 0.320975 0.153092 26.130 27.976 0.603011 0.068100 0.068100 0.068100 0.068100 0.068100 0.068100 0.068100 0.068100 0.068100 0.068100 0.068100 0.068100 0.068100 0.068100
-56.2500 24.9199 6.21066 0.427700 0.311923 0.144157 20.473 21.457 0.341148 0.062800 0.062800 0.062800 0.062800 0.062800 0.062800 0.062800 0.062800 0.062800 0.062800 0.062800 0.062800 0.062800 0.062800
-50.6250 24.9199 6.14268 0.426890 0.309306 0.141732 20.540 21.510 0.342296 0.063100 0.063100 0.063100 0.063100 0.063100 0.063100 0.063100 0.063100 0.063100 0.063100 0.063100 0.063100 0.063100 0.063100
-45.0000 24.9199 6.05624 0.424810 0.303835 0.137683 29.168 31.581 0.876290 0.062800 0.062800 0.062800 0.062800 0.062800 0.062800 0.062800 0.062800 0.062800 0.062800 0.062800 0.062800 0.062800 0.062800
-39.3750 24.9199 6.28489 0.426241 0.310048 0.144603 248.168 251.060 1.000000 1.000000 1.000000 1.000000 1.000000 1.000000 1.000000 1.000000 1.000000 1.000000 1.000000 1.000000 1.000000 1.000000 1.000000
16.8750 19.3822 5.26702 0.412713 0.265908 0.107020 205.330 207.470 1.000000 1.000000 1.000000 1.000000 1.000000 1.000000 1.000000 1.000000 1.000000 1.000000 1.000000 1.000000 0.788277 0.067300 0.067300
22.5000 19.3822 7.04146 0.437073 0.341079 0.172661 35.815 39.268 1.000000 0.307557 0.063000 0.063000 0.063000 0.063000 0.063000 0.063000 0.063000 0.063000 0.063000 0.063000 0.063000 0.063000 0.063000
28.1250 19.3822 7.37449 0.437872 0.346016 0.180629 26.631 29.272 0.731024 0.062800 0.062800 0.062800 0.062800 0.062800 0.062800 0.062800 0.062800 0.062800 0.062800 0.062800 0.062800 0.062800 0.062800
33.7500 19.3822 5.58335 0.418304 0.282995 0.119924 83.091 85.489 1.000000 1.000000 1.000000 1.000000 0.277377 0.081800 0.081800 0.081800 0.081800 0.081800 0.081800 0.081800 0.081800 0.081800 0.081800
39.3750 19.3822 6.34596 0.426767 0.311953 0.146563 183.041 185.972 1.000000 1.000000 1.000000 1.000000 1.000000 1.000000 1.000000 1.000000 1.000000 1.000000 0.588853 0.119600 0.119600 0.119600 0.119600
45.0000 19.3822 6.44510 0.429631 0.319028 0.151639 129.158 132.191 1.000000 1.000000 1.000000 1.000000 1.000000 1.000000 0.833626 0.110300 0.110300 0.110300 0.110300 0.110300 0.110300 0.110300 0.110300
90.0000 19.3822 6.79262 0.435048 0.334252 0.165037 49.212 52.513 1.000000 1.000000 0.154646 0.062800 0.062800 0.062800 0.062800 0.062800 0.062800 0.062800 0.062800 0.062800 0.062800 0.062800 0.062800
95.6250 19.3822 6.26003 0.427170 0.311556 0.144867 44.525 47.422 1.000000 0.854734 0.062800 0.062800 0.062800 0.062800 0.062800 0.062800 0.062800 0.062800 0.062800 0.062800 0.062800 0.062800 0.062800
101.2500 19.3822 5.92460 0.422994 0.298147 0.132750 31.934 34.589 1.000000 0.114346 0.062800 0.062800 0.062800 0.062800 0.062800 0.062800 0.062800 0.062800 0.062800 0.062800 0.062800 0.062800 0.062800
106.8750 19.3822 6.28329 0.428471 0.314502 0.146651 19.351 20.154 0.273670 0.062800 0.062800 0.062800 0.062800 0.062800 0.062800 0.062800 0.062800 0.062800 0.062800 0.062800 0.062800 0.062800 0.062800
112.5000 19.3822 6.44620 0.430898 0.321604 0.152883 25.077 26.856 0.581876 0.064600 0.064600 0.064600 0.064600 0.064600 0.064600 0.064600 0.064600 0.064600 0.064600 0.064600 0.064600 0.064600 0.064600
118.1250 19.3822 6.96886 0.438557 0.343340 0.172577 39.289 42.741 1.000000 0.277701 0.078700 0.078700 0.078700 0.078700 0.078700 0.078700 0.078700 0.078700 0.078700 0.078700 0.078700 0.078700 0.078700
123.7500 19.3822 6.45147 0.431899 0.323707 0.153976 30.950 33.436 0.807101 0.072600 0.072600 0.072600 0.072600 0.072600 0.072600 0.072600 0.072600 0.072600 0.072600 0.072600 0.072600 0.072600 0.072600
163.1250 19.3822 6.11142 0.425536 0.306122 0.139714 69.653 72.447 1.000000 1.000000 1.000000 0.494849 0.062800 0.062800 0.062800 0.062800 0.062800 0.062800 0.062800 0.062800 0.062800 0.062800 0.062800
168.7500 19.3822 5.54394 0.419068 0.283791 0.119529 33.793 36.184 1.000000 0.240868 0.062800 0.062800 0.062800 0.062800 0.062800 0.062800 0.062800 0.062800 0.062800 0.062800 0.062800 0.062800 0.062800
174.3750 19.3822 5.81668 0.421950 0.294302 0.129085 31.682 34.264 1.000000 0.101225 0.062800 0.062800 0.062800 0.062800 0.062800 0.062800 0.062800 0.062800 0.062800 0.062800 0.062800 0.062800 0.062800
180.0000 19.3822 6.61184 0.432377 0.326694 0.158223 60.656 63.821 1.000000 1.000000 0.801186 0.066600 0.066600 0.066600 0.066600 0.066600 0.066600 0.066600 0.066600 0.066600 0.066600 0.066600 0.066600
-174.3750 19.3822 6.23331 0.429459 0.315810 0.146364 67.907 70.834 1.000000 1.000000 1.000000 0.316781 0.062800 0.062800 0.062800 0.062800 0.062800 0.062800 0.062800 0.062800 0.062800 0.062800 0.062800
-168.7500 19.3822 6.17924 0.427018 0.310096 0.142751 105.936 108.791 1.000000 1.000000 1.000000 1.000000 1.000000 0.541113 0.087700 0.087700 0.087700 0.087700 0.087700 0.087700 0.087700 0.087700 0.087700
-163.1250 19.3822 6.30002 0.430415 0.318678 0.148900 42.900 45.878 1.000000 0.710405 0.062800 0.062800 0.062800 0.062800 0.062800 0.062800 0.062800 0.062800 0.062800 0.062800 0.062800 0.062800 0.062800
-84.3750 19.3822 5.75251 0.420702 0.290735 0.126354 32.939 35.467 1.000000 0.187448 0.062800 0.062800 0.062800 0.062800 0.062800 0.062800 0.062800 0.062800 0.062800 0.062800 0.062800 0.062800 0.062800
-78.7500 19.3822 6.83242 0.434469 0.333531 0.165359 25.239 27.207 0.595015 0.064700 0.064700 0.064700 0.064700 0.064700 0.064700 0.064700 0.064700 0.064700 0.064700 0.064700 0.064700 0.064700 0.064700
-73.1250 19.3822 7.17273 0.439461 0.347258 0.177993 20.387 21.544 0.325216 0.062800 0.062800 0.062800 0.062800 0.062800 0.062800 0.062800 0.062800 0.062800 0.062800 0.062800 0.062800 0.062800 0.062800
-67.5000 19.3822 6.77332 0.435621 0.335200 0.165173 39.775 42.591 0.852523 0.106200 0.106200 0.106200 0.106200 0.106200 0.106200 0.106200 0.106200 0.106200 0.106200 0.106200 0.106200 0.106200 0.106200
-61.8750 19.3822 6.73546 0.437865 0.339383 0.166570 24.723 26.052 0.398831 0.073700 0.073700 0.073700 0.073700 0.073700 0.073700 0.073700 0.073700 0.073700 0.073700 0.073700 0.073700 0.073700 0.073700
-56.2500 19.3822 6.54166 0.433513 0.328141 0.157692 20.814 21.840 0.325144 0.064000 0.064000 0.064000 0.064000 0.064000 0.064000 0.064000 0.064000 0.064000 0.064000 0.064000 0.064000 0.064000 0.064000
-50.6250 19.3822 5.96016 0.423395 0.299514 0.134004 46.250 48.930 1.000000 0.832394 0.074000 0.074000 0.074000 0.074000 0.074000 0.074000 0.074000 0.074000 0.074000 0.074000 0.074000 0.074000 0.074000
-45.0000 19.3822 6.40027 0.429322 0.317813 0.150276 70.223 73.228 1.000000 1.000000 1.000000 0.341192 0.077300 0.077300 0.077300 0.077300 0.077300 0.077300 0.077300 0.077300 0.077300 0.077300 0.077300
16.8750 13.8445 5.79662 0.420670 0.291418 0.127456 227.232 229.781 1.000000 1.000000 1.000000 1.000000 1.000000 1.000000 1.000000 1.000000 1.000000 1.000000 1.000000 1.000000 1.000000 0.768860 0.090000
22.5000 13.8445 6.44239 0.429095 0.317914 0.151062 89.867 92.889 1.000000 1.000000 1.000000 1.000000 0.211045 0.117500 0.117500 0.117500 0.117500 0.117500 0.117500 0.117500 0.117500 0.117500 0.117500
28.1250 13.8445 6.53125 0.426345 0.313621 0.150539 214.953 217.964 1.000000 1.000000 1.000000 1.000000 1.000000 1.000000 1.000000 1.000000 1.000000 1.000000 1.000000 1.000000 0.837614 0.171500 0.171500
33.7500 13.8445 6.99051 0.429387 0.325237 0.163826 242.116 245.392 1.000000 1.000000 1.000000 1.000000 1.000000 1.000000 1.000000 1.000000 1.000000 1.000000 1.000000 1.000000 1.000000 1.000000 1.000000
95.6250 13.8445 9.01740 0.443290 0.369190 0.216958 228.348 232.687 1.000000 1.000000 1.000000 1.000000 1.000000 1.000000 1.000000 1.000000 1.000000 1.000000 1.000000 1.000000 1.000000 1.000000 1.000000
101.2500 13.8445 6.41812 0.431050 0.321546 0.152359 64.410 67.457 1.000000 1.000000 1.000000 0.116220 0.062800 0.062800 0.062800 0.062800 0.062800 0.062800 0.062800 0.062800 0.062800 0.062800 0.062800
106.8750 13.8445 5.96935 0.424758 0.302392 0.135459 26.285 28.169 0.695410 0.062800 0.062800 0.062800 0.062800 0.062800 0.062800 0.062800 0.062800 0.062800 0.062800 0.062800 0.062800 0.062800 0.062800
112.5000 13.8445 6.91652 0.433200 0.331931 0.165976 166.242 169.561 1.000000 1.000000 1.000000 1.000000 1.000000 1.000000 1.000000 1.000000 0.589282 0.238000 0.238000 0.238000 0.238000 0.238000 0.238000
118.1250 13.8445 9.00228 0.438374 0.359918 0.211320 199.384 203.611 1.000000 1.000000 1.000000 1.000000 1.000000 1.000000 1.000000 1.000000 1.000000 0.845259 0.714500 0.714500 0.714500 0.714500 0.714500
163.1250 13.8445 6.32941 0.429389 0.316993 0.148637 51.502 54.475 1.000000 1.000000 0.305535 0.062800 0.062800 0.062800 0.062800 0.062800 0.062800 0.062800 0.062800 0.062800 0.062800 0.062800 0.062800
168.7500 13.8445 5.83586 0.421319 0.293364 0.129023 60.144 62.724 1.000000 1.000000 0.781275 0.073200 0.073200 0.073200 0.073200 0.073200 0.073200 0.073200 0.073200 0.073200 0.073200 0.073200 0.073200
174.3750 13.8445 5.99186 0.421223 0.295706 0.132864 134.208 136.865 1.000000 1.000000 1.000000 1.000000 1.000000 1.000000 1.000000 0.272810 0.138400 0.138400 0.138400 0.138400 0.138400 0.138400 0.138400
180.0000 13.8445 8.05042 0.441902 0.359818 0.198370 242.171 246.138 1.000000 1.000000 1.000000 1.000000 1.000000 1.000000 1.000000 1.000000 1.000000 1.000000 1.000000 1.000000 1.000000 1.000000 1.000000
-140.6250 13.8445 8.23015 0.446316 0.369853 0.206572 27.455 30.769 0.802251 0.062800 0.062800 0.062800 0.062800 0.062800 0.062800 0.062800 0.062800 0.062800 0.062800 0.062800 0.062800 0.062800 0.062800
-135.0000 13.8445 8.84476 0.439245 0.360483 0.209654 226.243 230.436 1.000000 1.000000 1.000000 1.000000 1.000000 1.000000 1.000000 1.000000 1.000000 1.000000 1.000000 1.000000 1.000000 1.000000 1.000000
-78.7500 13.8445 6.61108 0.435005 0.332043 0.160800 26.691 28.876 0.679478 0.062800 0.062800 0.062800 0.062800 0.062800 0.062800 0.062800 0.062800 0.062800 0.062800 0.062800 0.062800 0.062800 0.062800
-73.1250 13.8445 6.93565 0.434040 0.333826 0.167243 123.076 126.421 1.000000 1.000000 1.000000 1.000000 1.000000 0.847501 0.171200 0.171200 0.171200 0.171200 0.171200 0.171200 0.171200 0.171200 0.171200
-67.5000 13.8445 7.01479 0.431171 0.329008 0.166120 111.328 114.650 1.000000 1.000000 1.000000 0.598400 0.294200 0.294200 0.294200 0.294200 0.294200 0.294200 0.294200 0.294200 0.294200 0.294200 0.294200
-61.8750 13.8445 7.13897 0.439911 0.347843 0.177730 62.631 66.185 1.000000 0.462614 0.170700 0.170700 0.170700 0.170700 0.170700 0.170700 0.170700 0.170700 0.170700 0.170700 0.170700 0.170700 0.170700
-56.2500 13.8445 6.31725 0.428862 0.315760 0.147843 31.688 34.172 0.839940 0.074800 0.074800 0.074800 0.074800 0.074800 0.074800 0.074800 0.074800 0.074800 0.074800 0.074800 0.074800 0.074800 0.074800
-50.6250 13.8445 6.47319 0.430977 0.322114 0.153601 68.469 71.541 1.000000 1.000000 1.000000 0.156726 0.082400 0.082400 0.082400 0.082400 0.082400 0.082400 0.082400 0.082400 0.082400 0.082400 0.082400
16.8750 8.3067 8.80436 0.435059 0.352445 0.204471 221.962 226.051 1.000000 1.000000 1.000000 1.000000 1.000000 1.000000 1.000000 1.000000 1.000000 1.000000 1.000000 1.000000 1.000000 1.000000 1.000000
22.5000 8.3067 7.35759 0.423898 0.318874 0.166212 228.993 232.318 1.000000 1.000000 1.000000 1.000000 1.000000 1.000000 1.000000 1.000000 1.000000 1.000000 1.000000 1.000000 1.000000 1.000000 1.000000
28.1250 8.3067 5.72799 0.414324 0.277851 0.120324 236.290 238.696 1.000000 1.000000 1.000000 1.000000 1.000000 1.000000 1.000000 1.000000 1.000000 1.000000 1.000000 1.000000 1.000000 1.000000 1.000000
101.2500 8.3067 7.54264 0.423362 0.319868 0.169416 225.677 229.066 1.000000 1.000000 1.000000 1.000000 1.000000 1.000000 1.000000 1.000000 1.000000 1.000000 1.000000 1.000000 1.000000 1.000000 1.000000
106.8750 8.3067 6.07486 0.420927 0.296431 0.134654 216.027 218.720 1.000000 1.000000 1.000000 1.000000 1.000000 1.000000 1.000000 1.000000 1.000000 1.000000 1.000000 1.000000 0.943548 0.204900 0.204900
168.7500 8.3067 10.27727 0.442162 0.374076 0.234633 209.165 213.858 1.000000 1.000000 1.000000 1.000000 1.000000 1.000000 1.000000 1.000000 1.000000 1.000000 1.000000 1.000000 1.000000 1.000000 1.000000
174.3750 8.3067 9.24087 0.428079 0.343011 0.204182 208.244 212.327 1.000000 1.000000 1.000000 1.000000 1.000000 1.000000 1.000000 1.000000 1.000000 1.000000 1.000000 1.000000 1.000000 1.000000 1.000000
180.0000 8.3067 10.87285 0.444755 0.381398 0.245416 203.973 208.881 1.000000 1.000000 1.000000 1.000000 1.000000 1.000000 1.000000 1.000000 1.000000 1.000000 1.000000 1.000000 1.000000 1.000000 1.000000
-157.5000 8.3067 9.98972 0.440485 0.369611 0.228740 211.307 215.881 1.000000 1.000000 1.000000 1.000000 1.000000 1.000000 1.000000 1.000000 1.000000 1.000000 1.000000 1.000000 1.000000 1.000000 1.000000
-151.8750 8.3067 8.33080 0.433464 0.345897 0.194556 227.012 230.903 1.000000 1.000000 1.000000 1.000000 1.000000 1.000000 1.000000 1.000000 1.000000 1.000000 1.000000 1.000000 1.000000 1.000000 1.000000
-146.2500 8.3067 6.59049 0.432727 0.327142 0.158068 95.421 98.583 1.000000 1.000000 1.000000 1.000000 0.458759 0.118500 0.118500 0.118500 0.118500 0.118500 0.118500 0.118500 0.118500 0.118500 0.118500
-140.6250 8.3067 6.16448 0.428993 0.313889 0.144229 32.264 35.149 1.000000 0.085293 0.062800 0.062800 0.062800 0.062800 0.062800 0.062800 0.062800 0.062800 0.062800 0.062800 0.062800 0.062800 0.062800
-135.0000 8.3067 8.65584 0.428987 0.340275 0.195574 217.051 220.962 1.000000 1.000000 1.000000 1.000000 1.000000 1.000000 1.000000 1.000000 1.000000 1.000000 1.000000 1.000000 1.000000 1.000000 1.000000
-129.3750 8.3067 10.46441 0.441122 0.373146 0.236010 205.705 210.425 1.000000 1.000000 1.000000 1.000000 1.000000 1.000000 1.000000 1.000000 1.000000 1.000000 1.000000 1.000000 1.000000 1.000000 1.000000
-123.7500 8.3067 11.54982 0.447783 0.389360 0.257098 198.393 203.535 1.000000 1.000000 1.000000 1.000000 1.000000 1.000000 1.000000 1.000000 1.000000 1.000000 1.000000 1.000000 1.000000 1.000000 1.000000
-73.1250 8.3067 10.39091 0.444420 0.378652 0.238717 209.902 214.676 1.000000 1.000000 1.000000 1.000000 1.000000 1.000000 1.000000 1.000000 1.000000 1.000000 1.000000 1.000000 1.000000 1.000000 1.000000
-67.5000 8.3067 6.66597 0.423644 0.310128 0.151087 173.923 176.945 1.000000 1.000000 1.000000 1.000000 1.000000 1.000000 1.000000 1.000000 0.683902 0.375300 0.375300 0.375300 0.375300 0.375300 0.375300
-61.8750 8.3067 7.04018 0.435720 0.338336 0.171251 78.843 82.268 1.000000 0.845758 0.221000 0.221000 0.221000 0.221000 0.221000 0.221000 0.221000 0.221000 0.221000 0.221000 0.221000 0.221000 0.221000
-56.2500 8.3067 6.16572 0.424352 0.304565 0.139967 75.026 77.825 1.000000 1.000000 1.000000 0.417405 0.103700 0.103700 0.103700 0.103700 0.103700 0.103700 0.103700 0.103700 0.103700 0.103700 0.103700
-50.6250 8.3067 6.19247 0.428799 0.313892 0.144738 153.264 156.159 1.000000 1.000000 1.000000 1.000000 1.000000 1.000000 1.000000 1.000000 0.350261 0.118400 0.118400 0.118400 0.118400 0.118400 0.118400
-22.5000 8.3067 11.33637 0.445332 0.384303 0.251783 198.779 203.815 1.000000 1.000000 1.000000 1.000000 1.000000 1.000000 1.000000 1.000000 1.000000 1.000000 1.000000 1.000000 1.000000 1.000000 1.000000
22.5000 2.7689 11.05822 0.445117 0.382811 0.248153 201.988 206.951 1.000000 1.000000 1.000000 1.000000 1.000000 1.000000 1.000000 1.000000 1.000000 1.000000 1.000000 1.000000 1.000000 1.000000 1.000000
28.1250 2.7689 8.32668 0.434501 0.347803 0.195572 228.346 232.257 1.000000 1.000000 1.000000 1.000000 1.000000 1.000000 1.000000 1.000000 1.000000 1.000000 1.000000 1.000000 1.000000 1.000000 1.000000
101.2500 2.7689 9.63948 0.433034 0.354361 0.215512 208.274 212.584 1.000000 1.000000 1.000000 1.000000 1.000000 1.000000 1.000000 1.000000 1.000000 1.000000 1.000000 1.000000 1.000000 1.000000 1.000000
106.8750 2.7689 9.06028 0.431473 0.347756 0.204877 214.319 218.416 1.000000 1.000000 1.000000 1.000000 1.000000 1.000000 1.000000 1.000000 1.000000 1.000000 1.000000 1.000000 1.000000 1.000000 1.000000
151.8750 2.7689 11.23642 0.448807 0.389989 0.254550 203.159 208.250 1.000000 1.000000 1.000000 1.000000 1.000000 1.000000 1.000000 1.000000 1.000000 1.000000 1.000000 1.000000 1.000000 1.000000 1.000000
157.5000 2.7689 7.58758 0.440153 0.352524 0.187417 109.915 113.663 1.000000 1.000000 1.000000 1.000000 1.000000 0.912857 0.082700 0.082700 0.082700 0.082700 0.082700 0.082700 0.082700 0.082700 0.082700
174.3750 2.7689 11.17467 0.447211 0.386948 0.251970 202.467 207.507 1.000000 1.000000 1.000000 1.000000 1.000000 1.000000 1.000000 1.000000 1.000000 1.000000 1.000000 1.000000 1.000000 1.000000 1.000000
180.0000 2.7689 12.22934 0.452018 0.398941 0.269570 194.056 199.448 1.000000 1.000000 1.000000 1.000000 1.000000 1.000000 1.000000 1.000000 1.000000 1.000000 1.000000 1.000000 1.000000 1.000000 1.000000
-157.5000 2.7689 11.09813 0.443096 0.379458 0.246362 199.643 204.570 1.000000 1.000000 1.000000 1.000000 1.000000 1.000000 1.000000 1.000000 1.000000 1.000000 1.000000 1.000000 1.000000 1.000000 1.000000
-151.8750 2.7689 10.69100 0.443071 0.377637 0.241181 204.685 209.509 1.000000 1.000000 1.000000 1.000000 1.000000 1.000000 1.000000 1.000000 1.000000 1.000000 1.000000 1.000000 1.000000 1.000000 1.000000
-146.2500 2.7689 8.89189 0.436908 0.356465 0.207914 222.826 226.984 1.000000 1.000000 1.000000 1.000000 1.000000 1.000000 1.000000 1.000000 1.000000 1.000000 1.000000 1.000000 1.000000 1.000000 1.000000
-140.6250 2.7689 7.36741 0.436761 0.343737 0.179327 240.481 244.068 1.000000 1.000000 1.000000 1.000000 1.000000 1.000000 1.000000 1.000000 1.000000 1.000000 1.000000 1.000000 1.000000 1.000000 0.626931
-135.0000 2.7689 7.78683 0.432148 0.338737 0.183022 233.573 237.233 1.000000 1.000000 1.000000 1.000000 1.000000 1.000000 1.000000 1.000000 1.000000 1.000000 1.000000 1.000000 1.000000 1.000000 1.000000
-129.3750 2.7689 9.01731 0.434286 0.352530 0.207166 218.045 222.188 1.000000 1.000000 1.000000 1.000000 1.000000 1.000000 1.000000 1.000000 1.000000 1.000000 1.000000 1.000000 1.000000 1.000000 1.000000
-73.1250 2.7689 10.82622 0.443594 0.379158 0.243512 203.470 208.340 1.000000 1.000000 1.000000 1.000000 1.000000 1.000000 1.000000 1.000000 1.000000 1.000000 1.000000 1.000000 1.000000 1.000000 1.000000
-67.5000 2.7689 8.17029 0.429932 0.338001 0.187978 225.035 228.794 1.000000 1.000000 1.000000 1.000000 1.000000 1.000000 1.000000 1.000000 1.000000 1.000000 1.000000 1.000000 1.000000 1.000000 1.000000
-61.8750 2.7689 6.69462 0.428243 0.319459 0.156112 102.613 105.735 1.000000 1.000000 1.000000 0.312976 0.269900 0.269900 0.269900 0.269900 0.269900 0.269900 0.269900 0.269900 0.269900 0.269900 0.269900
-56.2500 2.7689 5.83810 0.420886 0.292541 0.128702 183.261 185.835 1.000000 1.000000 1.000000 1.000000 1.000000 1.000000 1.000000 1.000000 1.000000 1.000000 0.542582 0.160700 0.160700 0.160700 0.160700
-33.7500 2.7689 7.25953 0.434989 0.339154 0.175234 118.135 121.640 1.000000 1.000000 1.000000 1.000000 1.000000 0.861369 0.149500 0.149500 0.149500 0.149500 0.149500 0.149500 0.149500 0.149500 0.149500
-28.1250 2.7689 9.72025 0.432430 0.353797 0.216060 206.606 210.927 1.000000 1.000000 1.000000 1.000000 1.000000 1.000000 1.000000 1.000000 1.000000 1.000000 1.000000 1.000000 1.000000 1.000000 1.000000
-22.5000 2.7689 9.45549 0.428844 0.345823 0.208294 206.294 210.460 1.000000 1.000000 1.000000 1.000000 1.000000 1.000000 1.000000 1.000000 1.000000 1.000000 1.000000 1.000000 1.000000 1.000000 1.000000
-16.8750 2.7689 9.61404 0.436676 0.360674 0.219063 212.417 216.798 1.000000 1.000000 1.000000 1.000000 1.000000 1.000000 1.000000 1.000000 1.000000 1.000000 1.000000 1.000000 1.000000 1.000000 1.000000
-11.2500 2.7689 8.78416 0.437447 0.356716 0.206690 225.040 229.174 1.000000 1.000000 1.000000 1.000000 1.000000 1.000000 1.000000 1.000000 1.000000 1.000000 1.000000 1.000000 1.000000 1.000000 1.000000
-5.6250 2.7689 9.39352 0.439093 0.363714 0.218338 215.233 219.600 1.000000 1.000000 1.000000 1.000000 1.000000 1.000000 1.000000 1.000000 1.000000 1.000000 1.000000 1.000000 1.000000 0.949639 0.855700
22.5000 -2.7689 10.86127 0.443754 0.379592 0.244139 203.179 208.062 1.000000 1.000000 1.000000 1.000000 1.000000 1.000000 1.000000 1.000000 1.000000 1.000000 1.000000 1.000000 1.000000 1.000000 1.000000
28.1250 -2.7689 9.49203 0.439418 0.364894 0.220210 217.026 221.431 1.000000 1.000000 1.000000 1.000000 1.000000 1.000000 1.000000 1.000000 1.000000 1.000000 1.000000 1.000000 1.000000 1.000000 1.000000
56.2500 -2.7689 8.39496 0.433212 0.345943 0.195440 225.756 229.664 1.000000 1.000000 1.000000 1.000000 1.000000 1.000000 1.000000 1.000000 1.000000 1.000000 1.000000 1.000000 1.000000 1.000000 1.000000
61.8750 -2.7689 6.42382 0.415824 0.291933 0.138419 230.271 233.040 1.000000 1.000000 1.000000 1.000000 1.000000 1.000000 1.000000 1.000000 1.000000 1.000000 1.000000 1.000000 1.000000 1.000000 1.000000
67.5000 -2.7689 7.25142 0.431897 0.332994 0.171924 241.606 245.044 1.000000 1.000000 1.000000 1.000000 1.000000 1.000000 1.000000 1.000000 1.000000 1.000000 1.000000 1.000000 1.000000 1.000000 1.000000
101.2500 -2.7689 10.38547 0.438111 0.367472 0.231613 203.788 208.421 1.000000 1.000000 1.000000 1.000000 1.000000 1.000000 1.000000 1.000000 1.000000 1.000000 1.000000 1.000000 1.000000 1.000000 1.000000
106.8750 -2.7689 9.44677 0.430691 0.349003 0.210111 208.338 212.540 1.000000 1.000000 1.000000 1.000000 1.000000 1.000000 1.000000 1.000000 1.000000 1.000000 1.000000 1.000000 1.000000 1.000000 1.000000
112.5000 -2.7689 10.27952 0.440987 0.371998 0.233353 207.968 212.635 1.000000 1.000000 1.000000 1.000000 1.000000 1.000000 1.000000 1.000000 1.000000 1.000000 1.000000 1.000000 1.000000 1.000000 1.000000
146.2500 -2.7689 9.74798 0.433606 0.356032 0.217730 207.453 211.808 1.000000 1.000000 1.000000 1.000000 1.000000 1.000000 1.000000 1.000000 1.000000 1.000000 1.000000 1.000000 1.000000 1.000000 1.000000
151.8750 -2.7689 8.52194 0.424608 0.331342 0.188790 213.828 217.604 1.000000 1.000000 1.000000 1.000000 1.000000 1.000000 1.000000 1.000000 1.000000 1.000000 1.000000 1.000000 1.000000 1.000000 1.000000
157.5000 -2.7689 8.36589 0.439617 0.357790 0.201732 234.087 238.122 1.000000 1.000000 1.000000 1.000000 1.000000 1.000000 1.000000 1.000000 1.000000 1.000000 1.000000 1.000000 1.000000 1.000000 1.000000
163.1250 -2.7689 11.23519 0.463908 0.417268 0.272342 64.291 69.737 1.000000 1.000000 1.000000 0.540700 0.081400 0.081400 0.081400 0.081400 0.081400 0.081400 0.081400 0.081400 0.081400 0.081400 0.081400
-151.8750 -2.7689 10.33456 0.440900 0.372119 0.234009 207.165 211.845 1.000000 1.000000 1.000000 1.000000 1.000000 1.000000 1.000000 1.000000 1.000000 1.000000 1.000000 1.000000 1.000000 1.000000 1.000000
-146.2500 -2.7689 8.80131 0.437349 0.356655 0.206874 224.672 228.809 1.000000 1.000000 1.000000 1.000000 1.000000 1.000000 1.000000 1.000000 1.000000 1.000000 1.000000 1.000000 1.000000 1.000000 1.000000
-140.6250 -2.7689 8.49586 0.442136 0.363559 0.206789 235.155 239.290 1.000000 1.000000 1.000000 1.000000 1.000000 1.000000 1.000000 1.000000 1.000000 1.000000 1.000000 1.000000 1.000000 1.000000 1.000000
-135.0000 -2.7689 7.75381 0.431455 0.337115 0.181668 233.170 236.803 1.000000 1.000000 1.000000 1.000000 1.000000 1.000000 1.000000 1.000000 1.000000 1.000000 1.000000 1.000000 1.000000 1.000000 1.000000
-129.3750 -2.7689 7.86594 0.431505 0.338243 0.183890 231.530 235.207 1.000000 1.000000 1.000000 1.000000 1.000000 1.000000 1.000000 1.000000 1.000000 1.000000 1.000000 1.000000 1.000000 1.000000 1.000000
-67.5000 -2.7689 9.29138 0.437051 0.359365 0.214521 217.266 221.556 1.000000 1.000000 1.000000 1.000000 1.000000 1.000000 1.000000 1.000000 1.000000 1.000000 1.000000 1.000000 1.000000 1.000000 1.000000
-61.8750 -2.7689 8.70451 0.437834 0.356878 0.205753 226.687 230.802 1.000000 1.000000 1.000000 1.000000 1.000000 1.000000 1.000000 1.000000 1.000000 1.000000 1.000000 1.000000 1.000000 1.000000 1.000000
-56.2500 -2.7689 7.19932 0.433376 0.335347 0.172313 244.552 247.998 1.000000 1.000000 1.000000 1.000000 1.000000 1.000000 1.000000 1.000000 1.000000 1.000000 1.000000 1.000000 1.000000 1.000000 1.000000
-33.7500 -2.7689 9.32747 0.438450 0.362136 0.216607 218.294 222.626 1.000000 1.000000 1.000000 1.000000 1.000000 1.000000 1.000000 1.000000 1.000000 1.000000 1.000000 1.000000 1.000000 1.000000 1.000000
-28.1250 -2.7689 9.23564 0.435313 0.355857 0.211766 216.136 220.371 1.000000 1.000000 1.000000 1.000000 1.000000 1.000000 1.000000 1.000000 1.000000 1.000000 1.000000 1.000000 1.000000 1.000000 1.000000
-22.5000 -2.7689 9.09817 0.438205 0.360235 0.212697 221.307 225.561 1.000000 1.000000 1.000000 1.000000 1.000000 1.000000 1.000000 1.000000 1.000000 1.000000 1.000000 1.000000 1.000000 1.000000 1.000000
-16.8750 -2.7689 8.44113 0.430421 0.341167 0.193344 221.734 225.601 1.000000 1.000000 1.000000 1.000000 1.000000 1.000000 1.000000 1.000000 1.000000 1.000000 1.000000 1.000000 1.000000 1.000000 1.000000
-11.2500 -2.7689 8.16179 0.424415 0.327849 0.182220 218.443 222.087 1.000000 1.000000 1.000000 1.000000 1.000000 1.000000 1.000000 1.000000 1.000000 1.000000 1.000000 1.000000 1.000000 1.000000 1.000000
-5.6250 -2.7689 9.97699 0.439688 0.368117 0.227676 210.662 215.215 1.000000 1.000000 1.000000 1.000000 1.000000 1.000000 1.000000 1.000000 1.000000 1.000000 1.000000 1.000000 1.000000 1.000000 1.000000
45.0000 -8.3067 9.35929 0.438575 0.362560 0.217240 212.346 216.691 1.000000 1.000000 1.000000 1.000000 1.000000 1.000000 1.000000 1.000000 1.000000 0.989293 0.924600 0.924600 0.924600 0.924600 0.924600
50.6250 -8.3067 9.24628 0.429893 0.346243 0.206168 210.112 214.236 1.000000 1.000000 1.000000 1.000000 1.000000 1.000000 1.000000 1.000000 1.000000 1.000000 1.000000 1.000000 1.000000 1.000000 1.000000
56.2500 -8.3067 7.95763 0.422627 0.322710 0.176681 219.043 222.576 1.000000 1.000000 1.000000 1.000000 1.000000 1.000000 1.000000 1.000000 1.000000 1.000000 1.000000 1.000000 1.000000 1.000000 1.000000
61.8750 -8.3067 7.61561 0.430268 0.333541 0.177737 204.284 207.839 1.000000 1.000000 1.000000 1.000000 1.000000 1.000000 1.000000 1.000000 1.000000 0.895130 0.643300 0.643300 0.643300 0.643300 0.643300
67.5000 -8.3067 7.40931 0.421493 0.314987 0.164934 225.080 228.378 1.000000 1.000000 1.000000 1.000000 1.000000 1.000000 1.000000 1.000000 1.000000 1.000000 1.000000 1.000000 1.000000 1.000000 1.000000
73.1250 -8.3067 7.73164 0.434405 0.342550 0.184271 237.419 241.105 1.000000 1.000000 1.000000 1.000000 1.000000 1.000000 1.000000 1.000000 1.000000 1.000000 1.000000 1.000000 1.000000 1.000000 1.000000
106.8750 -8.3067 6.33500 0.426807 0.311881 0.146338 248.314 251.241 1.000000 1.000000 1.000000 1.000000 1.000000 1.000000 1.000000 1.000000 1.000000 1.000000 1.000000 1.000000 1.000000 1.000000 1.000000
112.5000 -8.3067 7.03982 0.437790 0.342517 0.173361 50.114 53.581 1.000000 1.000000 0.209003 0.062800 0.062800 0.062800 0.062800 0.062800 0.062800 0.062800 0.062800 0.062800 0.062800 0.062800 0.062800
140.6250 -8.3067 9.99020 0.440713 0.370020 0.228999 211.533 216.113 1.000000 1.000000 1.000000 1.000000 1.000000 1.000000 1.000000 1.000000 1.000000 1.000000 1.000000 1.000000 1.000000 1.000000 1.000000
146.2500 -8.3067 10.41735 0.444986 0.379786 0.239713 210.110 214.904 1.000000 1.000000 1.000000 1.000000 1.000000 1.000000 1.000000 1.000000 1.000000 1.000000 1.000000 1.000000 1.000000 1.000000 1.000000
151.8750 -8.3067 10.64386 0.448391 0.386891 0.246600 210.436 215.368 1.000000 1.000000 1.000000 1.000000 1.000000 1.000000 1.000000 1.000000 1.000000 1.000000 1.000000 1.000000 1.000000 1.000000 1.000000
157.5000 -8.3067 10.16115 0.446945 0.382131 0.238411 215.581 220.349 1.000000 1.000000 1.000000 1.000000 1.000000 1.000000 1.000000 1.000000 1.000000 1.000000 1.000000 1.000000 1.000000 1.000000 1.000000
163.1250 -8.3067 9.40911 0.447219 0.378853 0.227619 226.852 231.404 1.000000 1.000000 1.000000 1.000000 1.000000 1.000000 1.000000 1.000000 1.000000 1.000000 1.000000 1.000000 1.000000 1.000000 1.000000
168.7500 -8.3067 8.54811 0.442969 0.365522 0.208624 235.347 239.520 1.000000 1.000000 1.000000 1.000000 1.000000 1.000000 1.000000 1.000000 1.000000 1.000000 1.000000 1.000000 1.000000 1.000000 1.000000
174.3750 -8.3067 7.56937 0.440495 0.353047 0.187410 36.979 40.727 1.000000 0.416124 0.062800 0.062800 0.062800 0.062800 0.062800 0.062800 0.062800 0.062800 0.062800 0.062800 0.062800 0.062800 0.062800
-140.6250 -8.3067 10.00780 0.445309 0.378412 0.234390 216.033 220.721 1.000000 1.000000 1.000000 1.000000 1.000000 1.000000 1.000000 1.000000 1.000000 1.000000 1.000000 1.000000 1.000000 1.000000 1.000000
-135.0000 -8.3067 9.67841 0.441005 0.368850 0.224773 216.116 220.612 1.000000 1.000000 1.000000 1.000000 1.000000 1.000000 1.000000 1.000000 1.000000 1.000000 1.000000 1.000000 1.000000 1.000000 1.000000
-129.3750 -8.3067 9.10686 0.436344 0.356882 0.210823 219.088 223.305 1.000000 1.000000 1.000000 1.000000 1.000000 1.000000 1.000000 1.000000 1.000000 1.000000 1.000000 1.000000 1.000000 1.000000 1.000000
-123.7500 -8.3067 8.44523 0.435349 0.350318 0.198585 227.600 231.571 1.000000 1.000000 1.000000 1.000000 1.000000 1.000000 1.000000 1.000000 1.000000 1.000000 1.000000 1.000000 1.000000 1.000000 1.000000
-33.7500 -8.3067 6.70977 0.419731 0.303248 0.148430 232.227 235.196 1.000000 1.000000 1.000000 1.000000 1.000000 1.000000 1.000000 1.000000 1.000000 1.000000 1.000000 1.000000 1.000000 1.000000 1.000000
-28.1250 -8.3067 6.64284 0.428380 0.319079 0.155058 157.230 160.331 1.000000 1.000000 1.000000 1.000000 1.000000 1.000000 1.000000 1.000000 0.560577 0.170900 0.170900 0.170900 0.170900 0.170900 0.170900
-22.5000 -8.3067 6.30770 0.429569 0.317062 0.148282 21.736 22.948 0.408627 0.062800 0.062800 0.062800 0.062800 0.062800 0.062800 0.062800 0.062800 0.062800 0.062800 0.062800 0.062800 0.062800 0.062800
-16.8750 -8.3067 7.52224 0.436111 0.343931 0.181847 140.308 143.945 1.000000 1.000000 1.000000 0.929853 0.429700 0.429700 0.429700 0.429700 0.429700 0.429700 0.429700 0.429700 0.429700 0.429700 0.429700
-11.2500 -8.3067 8.91526 0.430045 0.344151 0.201016 214.703 218.724 1.000000 1.000000 1.000000 1.000000 1.000000 1.000000 1.000000 1.000000 1.000000 1.000000 1.000000 1.000000 1.000000 1.000000 1.000000
-5.6250 -8.3067 10.10584 0.437943 0.365713 0.227579 207.201 211.752 1.000000 1.000000 1.000000 1.000000 1.000000 1.000000 1.000000 1.000000 1.000000 1.000000 1.000000 1.000000 1.000000 1.000000 1.000000
39.3750 -13.8445 8.32364 0.447252 0.372352 0.209333 20.689 22.321 0.389883 0.062800 0.062800 0.062800 0.062800 0.062800 0.062800 0.062800 0.062800 0.062800 0.062800 0.062800 0.062800 0.062800 0.062800
45.0000 -13.8445 5.37245 0.419301 0.281036 0.115147 24.800 26.218 0.615748 0.062800 0.062800 0.062800 0.062800 0.062800 0.062800 0.062800 0.062800 0.062800 0.062800 0.062800 0.062800 0.062800 0.062800
50.6250 -13.8445 7.90960 0.426779 0.329827 0.179919 207.649 211.248 1.000000 1.000000 1.000000 1.000000 1.000000 1.000000 0.888544 0.870400 0.870400 0.870400 0.870400 0.870400 0.870400 0.870400 0.870400
56.2500 -13.8445 8.75205 0.438679 0.358789 0.207475 226.972 231.121 1.000000 1.000000 1.000000 1.000000 1.000000 1.000000 1.000000 1.000000 1.000000 1.000000 1.000000 1.000000 1.000000 1.000000 1.000000
61.8750 -13.8445 8.33068 0.440128 0.358507 0.201647 195.619 199.652 1.000000 1.000000 1.000000 1.000000 1.000000 1.000000 0.719743 0.718900 0.718900 0.718900 0.718900 0.718900 0.718900 0.718900 0.718900
67.5000 -13.8445 8.25985 0.431248 0.341197 0.190966 221.790 225.609 1.000000 1.000000 1.000000 1.000000 1.000000 1.000000 1.000000 1.000000 1.000000 1.000000 1.000000 1.000000 1.000000 0.939280 0.824000
73.1250 -13.8445 8.85981 0.438153 0.358552 0.208723 224.743 228.917 1.000000 1.000000 1.000000 1.000000 1.000000 1.000000 1.000000 1.000000 1.000000 1.000000 1.000000 1.000000 1.000000 1.000000 1.000000
78.7500 -13.8445 8.83414 0.449902 0.380773 0.221311 37.140 41.566 1.000000 0.512656 0.062800 0.062800 0.062800 0.062800 0.062800 0.062800 0.062800 0.062800 0.062800 0.062800 0.062800 0.062800 0.062800
84.3750 -13.8445 8.17484 0.446275 0.369381 0.205497 33.424 37.534 1.000000 0.223061 0.062800 0.062800 0.062800 0.062800 0.062800 0.062800 0.062800 0.062800 0.062800 0.062800 0.062800 0.062800 0.062800
135.0000 -13.8445 6.97644 0.436170 0.338562 0.170303 52.254 55.660 1.000000 1.000000 0.248763 0.071400 0.071400 0.071400 0.071400 0.071400 0.071400 0.071400 0.071400 0.071400 0.071400 0.071400 0.071400
140.6250 -13.8445 6.93441 0.431959 0.329662 0.165137 132.639 135.942 1.000000 1.000000 1.000000 1.000000 1.000000 1.000000 0.725143 0.167100 0.167100 0.167100 0.167100 0.167100 0.167100 0.167100 0.167100
146.2500 -13.8445 10.37089 0.446894 0.383003 0.241246 212.637 217.462 1.000000 1.000000 1.000000 1.000000 1.000000 1.000000 1.000000 1.000000 1.000000 1.000000 1.000000 1.000000 1.000000 1.000000 1.000000
151.8750 -13.8445 9.53074 0.434589 0.356440 0.215550 211.336 215.647 1.000000 1.000000 1.000000 1.000000 1.000000 1.000000 1.000000 1.000000 1.000000 1.000000 1.000000 1.000000 1.000000 1.000000 1.000000
157.5000 -13.8445 9.14938 0.442280 0.368106 0.217986 225.180 229.539 1.000000 1.000000 1.000000 1.000000 1.000000 1.000000 1.000000 1.000000 1.000000 1.000000 1.000000 1.000000 1.000000 1.000000 1.000000
163.1250 -13.8445 8.25122 0.444340 0.366103 0.204782 226.069 230.165 1.000000 1.000000 1.000000 1.000000 1.000000 1.000000 1.000000 1.000000 1.000000 1.000000 1.000000 1.000000 1.000000 0.824781 0.188800
168.7500 -13.8445 7.49286 0.445356 0.362240 0.191050 45.503 49.324 1.000000 0.841613 0.062800 0.062800 0.062800 0.062800 0.062800 0.062800 0.062800 0.062800 0.062800 0.062800 0.062800 0.062800 0.062800
174.3750 -13.8445 6.90654 0.436692 0.338865 0.169274 77.040 80.426 1.000000 1.000000 1.000000 0.851922 0.062800 0.062800 0.062800 0.062800 0.062800 0.062800 0.062800 0.062800 0.062800 0.062800 0.062800
180.0000 -13.8445 7.11868 0.440016 0.347857 0.177397 56.379 59.927 1.000000 1.000000 0.553893 0.062800 0.062800 0.062800 0.062800 0.062800 0.062800 0.062800 0.062800 0.062800 0.062800 0.062800 0.062800
-174.3750 -13.8445 7.95458 0.445082 0.365382 0.199998 61.505 65.505 1.000000 1.000000 0.965324 0.062800 0.062800 0.062800 0.062800 0.062800 0.062800 0.062800 0.062800 0.062800 0.062800 0.062800 0.062800
-135.0000 -13.8445 9.24285 0.437979 0.360747 0.214763 218.975 223.271 1.000000 1.000000 1.000000 1.000000 1.000000 1.000000 1.000000 1.000000 1.000000 1.000000 1.000000 1.000000 1.000000 1.000000 1.000000
-129.3750 -13.8445 9.13608 0.434491 0.353712 0.209302 216.614 220.800 1.000000 1.000000 1.000000 1.000000 1.000000 1.000000 1.000000 1.000000 1.000000 1.000000 1.000000 1.000000 1.000000 1.000000 1.000000
-123.7500 -13.8445 9.96773 0.434558 0.358996 0.221935 205.590 210.029 1.000000 1.000000 1.000000 1.000000 1.000000 1.000000 1.000000 1.000000 1.000000 1.000000 1.000000 1.000000 1.000000 1.000000 1.000000
-33.7500 -13.8445 6.18995 0.427606 0.311437 0.143561 54.990 57.861 1.000000 1.000000 0.522028 0.062800 0.062800 0.062800 0.062800 0.062800 0.062800 0.062800 0.062800 0.062800 0.062800 0.062800 0.062800
-28.1250 -13.8445 5.92560 0.424961 0.302115 0.134535 37.507 40.198 1.000000 0.421748 0.062800 0.062800 0.062800 0.062800 0.062800 0.062800 0.062800 0.062800 0.062800 0.062800 0.062800 0.062800 0.062800
-22.5000 -13.8445 5.91943 0.423534 0.299145 0.133100 40.447 43.109 1.000000 0.619497 0.062800 0.062800 0.062800 0.062800 0.062800 0.062800 0.062800 0.062800 0.062800 0.062800 0.062800 0.062800 0.062800
-16.8750 -13.8445 5.38382 0.415720 0.274130 0.112529 52.405 54.655 1.000000 1.000000 0.489226 0.062800 0.062800 0.062800 0.062800 0.062800 0.062800 0.062800 0.062800 0.062800 0.062800 0.062800 0.062800
-11.2500 -13.8445 5.86835 0.418774 0.288888 0.127634 181.179 183.732 1.000000 1.000000 1.000000 1.000000 1.000000 1.000000 1.000000 1.000000 1.000000 1.000000 0.650796 0.146200 0.146200 0.146200 0.146200
-5.6250 -13.8445 10.69197 0.451745 0.393143 0.251094 213.074 218.096 1.000000 1.000000 1.000000 1.000000 1.000000 1.000000 1.000000 1.000000 1.000000 1.000000 1.000000 1.000000 1.000000 1.000000 1.000000
16.8750 -19.3822 10.05946 0.442875 0.374264 0.232391 212.809 217.457 1.000000 1.000000 1.000000 1.000000 1.000000 1.000000 1.000000 1.000000 1.000000 1.000000 1.000000 1.000000 1.000000 1.000000 1.000000
22.5000 -19.3822 8.15183 0.430903 0.339642 0.188640 226.504 230.276 1.000000 1.000000 1.000000 1.000000 1.000000 1.000000 1.000000 1.000000 1.000000 1.000000 1.000000 1.000000 1.000000 1.000000 1.000000
45.0000 -19.3822 7.35863 0.440821 0.351796 0.183389 21.814 23.340 0.416124 0.062800 0.062800 0.062800 0.062800 0.062800 0.062800 0.062800 0.062800 0.062800 0.062800 0.062800 0.062800 0.062800 0.062800
50.6250 -19.3822 6.91214 0.424406 0.314689 0.157286 160.386 163.531 1.000000 1.000000 1.000000 1.000000 1.000000 1.000000 0.976662 0.401600 0.401600 0.401600 0.401600 0.401600 0.401600 0.401600 0.401600
56.2500 -19.3822 8.08937 0.430465 0.338287 0.187036 206.954 210.695 1.000000 1.000000 1.000000 1.000000 0.884848 0.879800 0.879800 0.879800 0.879800 0.879800 0.879800 0.879800 0.879800 0.879800 0.879800
61.8750 -19.3822 7.69384 0.441158 0.355449 0.190628 124.663 128.476 1.000000 1.000000 0.900342 0.388600 0.388600 0.388600 0.388600 0.388600 0.388600 0.388600 0.388600 0.388600 0.388600 0.388600 0.388600
67.5000 -19.3822 6.52451 0.429129 0.319058 0.153032 92.129 95.189 1.000000 1.000000 1.000000 0.726350 0.165700 0.165700 0.165700 0.165700 0.165700 0.165700 0.165700 0.165700 0.165700 0.165700 0.165700
73.1250 -19.3822 6.28579 0.426667 0.310911 0.145021 39.943 42.843 1.000000 0.591381 0.062800 0.062800 0.062800 0.062800 0.062800 0.062800 0.062800 0.062800 0.062800 0.062800 0.062800 0.062800 0.062800
78.7500 -19.3822 5.81848 0.420561 0.291570 0.127920 114.986 117.544 1.000000 1.000000 1.000000 1.000000 1.000000 1.000000 0.523902 0.062800 0.062800 0.062800 0.062800 0.062800 0.062800 0.062800 0.062800
84.3750 -19.3822 6.34601 0.429778 0.318007 0.149408 40.231 43.220 1.000000 0.569825 0.062800 0.062800 0.062800 0.062800 0.062800 0.062800 0.062800 0.062800 0.062800 0.062800 0.062800 0.062800 0.062800
135.0000 -19.3822 8.45115 0.448607 0.375879 0.213160 48.647 52.910 1.000000 0.961322 0.079100 0.079100 0.079100 0.079100 0.079100 0.079100 0.079100 0.079100 0.079100 0.079100 0.079100 0.079100 0.079100
140.6250 -19.3822 7.12122 0.439725 0.347286 0.177149 46.772 50.315 1.000000 0.814380 0.071900 0.071900 0.071900 0.071900 0.071900 0.071900 0.071900 0.071900 0.071900 0.071900 0.071900 0.071900 0.071900
146.2500 -19.3822 7.35779 0.438183 0.346477 0.180603 158.607 162.219 1.000000 1.000000 1.000000 1.000000 1.000000 1.000000 1.000000 1.000000 0.316865 0.207500 0.207500 0.207500 0.207500 0.207500 0.207500
168.7500 -19.3822 6.26967 0.426505 0.310360 0.144481 66.493 69.383 1.000000 1.000000 1.000000 0.317718 0.062800 0.062800 0.062800 0.062800 0.062800 0.062800 0.062800 0.062800 0.062800 0.062800 0.062800
174.3750 -19.3822 5.82601 0.421885 0.294327 0.129267 84.713 87.298 1.000000 1.000000 1.000000 1.000000 0.504221 0.062800 0.062800 0.062800 0.062800 0.062800 0.062800 0.062800 0.062800 0.062800 0.062800
180.0000 -19.3822 6.45495 0.431306 0.322545 0.153484 76.166 79.235 1.000000 1.000000 1.000000 0.814434 0.062800 0.062800 0.062800 0.062800 0.062800 0.062800 0.062800 0.062800 0.062800 0.062800 0.062800
-140.6250 -19.3822 6.77446 0.438401 0.340927 0.168015 24.148 25.886 0.517342 0.062800 0.062800 0.062800 0.062800 0.062800 0.062800 0.062800 0.062800 0.062800 0.062800 0.062800 0.062800 0.062800 0.062800
-135.0000 -19.3822 6.38989 0.431131 0.321340 0.151759 24.334 26.021 0.555767 0.062800 0.062800 0.062800 0.062800 0.062800 0.062800 0.062800 0.062800 0.062800 0.062800 0.062800 0.062800 0.062800 0.062800
-129.3750 -19.3822 8.52567 0.434588 0.349517 0.199195 219.117 223.101 1.000000 1.000000 1.000000 1.000000 1.000000 1.000000 1.000000 1.000000 1.000000 1.000000 1.000000 0.907101 0.889800 0.889800 0.889800
-123.7500 -19.3822 9.51101 0.433465 0.354319 0.214044 210.413 214.694 1.000000 1.000000 1.000000 1.000000 1.000000 1.000000 1.000000 1.000000 1.000000 1.000000 1.000000 1.000000 1.000000 1.000000 1.000000
-56.2500 -19.3822 6.97617 0.436042 0.338301 0.170167 53.593 56.997 1.000000 1.000000 0.433931 0.062800 0.062800 0.062800 0.062800 0.062800 0.062800 0.062800 0.062800 0.062800 0.062800 0.062800 0.062800
-50.6250 -19.3822 6.74105 0.435283 0.334140 0.164094 34.872 38.153 1.000000 0.234308 0.062800 0.062800 0.062800 0.062800 0.062800 0.062800 0.062800 0.062800 0.062800 0.062800 0.062800 0.062800 0.062800
-39.3750 -19.3822 7.06228 0.435725 0.338580 0.171740 45.926 49.360 1.000000 0.936270 0.062800 0.062800 0.062800 0.062800 0.062800 0.062800 0.062800 0.062800 0.062800 0.062800 0.062800 0.062800 0.062800
-22.5000 -19.3822 8.36319 0.447301 0.372717 0.210109 66.523 70.725 1.000000 1.000000 1.000000 0.400192 0.062800 0.062800 0.062800 0.062800 0.062800 0.062800 0.062800 0.062800 0.062800 0.062800 0.062800
-16.8750 -19.3822 5.35486 0.413962 0.270116 0.110348 60.419 62.626 1.000000 1.000000 1.000000 0.090916 0.062800 0.062800 0.062800 0.062800 0.062800 0.062800 0.062800 0.062800 0.062800 0.062800 0.062800
-11.2500 -19.3822 4.96860 0.411119 0.256351 0.097685 143.113 145.067 1.000000 1.000000 1.000000 1.000000 1.000000 1.000000 1.000000 1.000000 0.642927 0.062800 0.062800 0.062800 0.062800 0.062800 0.062800
-5.6250 -19.3822 6.30401 0.430063 0.318015 0.148662 91.122 94.095 1.000000 1.000000 1.000000 1.000000 0.752579 0.062800 0.062800 0.062800 0.062800 0.062800 0.062800 0.062800 0.062800 0.062800 0.062800
11.2500 -24.9199 6.64966 0.433101 0.328623 0.159814 79.021 82.217 1.000000 1.000000 1.000000 0.408403 0.115700 0.115700 0.115700 0.115700 0.115700 0.115700 0.115700 0.115700 0.115700 0.115700 0.115700
16.8750 -24.9199 7.47796 0.421873 0.316437 0.166680 224.635 227.968 1.000000 1.000000 1.000000 1.000000 1.000000 1.000000 1.000000 1.000000 1.000000 1.000000 1.000000 1.000000 1.000000 1.000000 1.000000
22.5000 -24.9199 7.31665 0.419456 0.310212 0.161108 223.655 226.877 1.000000 1.000000 1.000000 1.000000 1.000000 1.000000 1.000000 1.000000 1.000000 1.000000 1.000000 1.000000 1.000000 1.000000 1.000000
28.1250 -24.9199 6.02849 0.425118 0.304030 0.137270 35.745 38.490 1.000000 0.327090 0.062800 0.062800 0.062800 0.062800 0.062800 0.062800 0.062800 0.062800 0.062800 0.062800 0.062800 0.062800 0.062800
50.6250 -24.9199 6.34343 0.430798 0.320044 0.150319 50.577 53.583 1.000000 0.838541 0.087800 0.087800 0.087800 0.087800 0.087800 0.087800 0.087800 0.087800 0.087800 0.087800 0.087800 0.087800 0.087800
56.2500 -24.9199 7.66599 0.433204 0.339632 0.181733 157.263 160.898 1.000000 1.000000 1.000000 1.000000 1.000000 0.958345 0.444600 0.444600 0.444600 0.444600 0.444600 0.444600 0.444600 0.444600 0.444600
61.8750 -24.9199 6.73891 0.435017 0.333573 0.163778 49.177 52.452 1.000000 0.155552 0.133900 0.133900 0.133900 0.133900 0.133900 0.133900 0.133900 0.133900 0.133900 0.133900 0.133900 0.133900 0.133900
67.5000 -24.9199 7.05100 0.437108 0.341249 0.172906 55.725 59.183 1.000000 1.000000 0.106598 0.100300 0.100300 0.100300 0.100300 0.100300 0.100300 0.100300 0.100300 0.100300 0.100300 0.100300 0.100300
73.1250 -24.9199 7.71715 0.445470 0.364315 0.195751 37.942 41.857 1.000000 0.296711 0.073400 0.073400 0.073400 0.073400 0.073400 0.073400 0.073400 0.073400 0.073400 0.073400 0.073400 0.073400 0.073400
78.7500 -24.9199 7.74761 0.445698 0.365020 0.196609 29.280 32.660 0.859420 0.062800 0.062800 0.062800 0.062800 0.062800 0.062800 0.062800 0.062800 0.062800 0.062800 0.062800 0.062800 0.062800 0.062800
84.3750 -24.9199 6.10562 0.419057 0.293271 0.133749 239.283 241.958 1.000000 1.000000 1.000000 1.000000 1.000000 1.000000 1.000000 1.000000 1.000000 1.000000 1.000000 1.000000 1.000000 1.000000 1.000000
90.0000 -24.9199 8.84012 0.438542 0.359141 0.208814 225.490 229.666 1.000000 1.000000 1.000000 1.000000 1.000000 1.000000 1.000000 1.000000 1.000000 1.000000 1.000000 1.000000 1.000000 1.000000 1.000000
95.6250 -24.9199 9.92268 0.443854 0.375336 0.231531 215.707 220.338 1.000000 1.000000 1.000000 1.000000 1.000000 1.000000 1.000000 1.000000 1.000000 1.000000 1.000000 1.000000 1.000000 1.000000 1.000000
140.6250 -24.9199 7.93294 0.444548 0.364149 0.198996 30.881 34.823 0.990628 0.062800 0.062800 0.062800 0.062800 0.062800 0.062800 0.062800 0.062800 0.062800 0.062800 0.062800 0.062800 0.062800 0.062800
168.7500 -24.9199 7.10748 0.437702 0.343036 0.174753 42.979 46.474 1.000000 0.737584 0.062800 0.062800 0.062800 0.062800 0.062800 0.062800 0.062800 0.062800 0.062800 0.062800 0.062800 0.062800 0.062800
174.3750 -24.9199 6.64406 0.434185 0.330760 0.160756 62.519 65.735 1.000000 1.000000 0.899934 0.064800 0.064800 0.064800 0.064800 0.064800 0.064800 0.064800 0.064800 0.064800 0.064800 0.064800 0.064800
-146.2500 -24.9199 6.57291 0.435608 0.332829 0.160503 31.511 34.559 0.949391 0.062800 0.062800 0.062800 0.062800 0.062800 0.062800 0.062800 0.062800 0.062800 0.062800 0.062800 0.062800 0.062800 0.062800
-140.6250 -24.9199 6.19321 0.425415 0.307085 0.141613 40.710 43.543 1.000000 0.643864 0.062800 0.062800 0.062800 0.062800 0.062800 0.062800 0.062800 0.062800 0.062800 0.062800 0.062800 0.062800 0.062800
-135.0000 -24.9199 6.10536 0.431630 0.318475 0.145239 26.872 28.824 0.671980 0.062800 0.062800 0.062800 0.062800 0.062800 0.062800 0.062800 0.062800 0.062800 0.062800 0.062800 0.062800 0.062800 0.062800
-129.3750 -24.9199 4.94033 0.427611 0.289777 0.109814 31.889 33.810 0.874589 0.064100 0.064100 0.064100 0.064100 0.064100 0.064100 0.064100 0.064100 0.064100 0.064100 0.064100 0.064100 0.064100 0.064100
-123.7500 -24.9199 7.49045 0.440482 0.352315 0.185778 112.632 116.347 1.000000 1.000000 1.000000 1.000000 1.000000 0.731724 0.114600 0.114600 0.114600 0.114600 0.114600 0.114600 0.114600 0.114600 0.114600
-56.2500 -24.9199 6.63815 0.433628 0.329554 0.160067 43.906 47.107 1.000000 0.774135 0.062800 0.062800 0.062800 0.062800 0.062800 0.062800 0.062800 0.062800 0.062800 0.062800 0.062800 0.062800 0.062800
-50.6250 -24.9199 5.44933 0.416108 0.276162 0.114583 48.233 50.525 1.000000 1.000000 0.231496 0.062800 0.062800 0.062800 0.062800 0.062800 0.062800 0.062800 0.062800 0.062800 0.062800 0.062800 0.062800
-45.0000 -24.9199 5.55521 0.418427 0.282726 0.119290 43.748 46.134 1.000000 0.860357 0.062800 0.062800 0.062800 0.062800 0.062800 0.062800 0.062800 0.062800 0.062800 0.062800 0.062800 0.062800 0.062800
-39.3750 -24.9199 6.13472 0.430590 0.316740 0.144991 38.038 40.937 1.000000 0.398318 0.062800 0.062800 0.062800 0.062800 0.062800 0.062800 0.062800 0.062800 0.062800 0.062800 0.062800 0.062800 0.062800
-22.5000 -24.9199 7.44126 0.438856 0.348610 0.183048 76.591 80.252 1.000000 1.000000 1.000000 0.935333 0.062800 0.062800 0.062800 0.062800 0.062800 0.062800 0.062800 0.062800 0.062800 0.062800 0.062800
-16.8750 -24.9199 4.84787 0.408492 0.248453 0.092427 70.118 71.966 1.000000 1.000000 1.000000 0.803188 0.062800 0.062800 0.062800 0.062800 0.062800 0.062800 0.062800 0.062800 0.062800 0.062800 0.062800
-11.2500 -24.9199 5.55771 0.418864 0.283638 0.119721 79.625 82.019 1.000000 1.000000 1.000000 1.000000 0.229622 0.062800 0.062800 0.062800 0.062800 0.062800 0.062800 0.062800 0.062800 0.062800 0.062800
-5.6250 -24.9199 5.99084 0.420740 0.294740 0.132412 82.443 85.091 1.000000 1.000000 1.000000 1.000000 0.450801 0.062800 0.062800 0.062800 0.062800 0.062800 0.062800 0.062800 0.062800 0.062800 0.062800
5.6250 -30.4576 6.90831 0.439770 0.345202 0.172470 40.171 43.621 1.000000 0.481955 0.064900 0.064900 0.064900 0.064900 0.064900 0.064900 0.064900 0.064900 0.064900 0.064900 0.064900 0.064900 0.064900
11.2500 -30.4576 6.11724 0.428291 0.311777 0.142401 45.088 47.936 1.000000 0.711734 0.073100 0.073100 0.073100 0.073100 0.073100 0.073100 0.073100 0.073100 0.073100 0.073100 0.073100 0.073100 0.073100
16.8750 -30.4576 6.90335 0.431447 0.328292 0.163940 102.677 105.956 1.000000 1.000000 1.000000 0.547995 0.245400 0.245400 0.245400 0.245400 0.245400 0.245400 0.245400 0.245400 0.245400 0.245400 0.245400
22.5000 -30.4576 7.18326 0.431002 0.330525 0.169582 156.419 159.811 1.000000 1.000000 1.000000 1.000000 1.000000 1.000000 0.550094 0.396100 0.396100 0.396100 0.396100 0.396100 0.396100 0.396100 0.396100
28.1250 -30.4576 6.17983 0.425803 0.307665 0.141643 27.293 29.460 0.764763 0.062800 0.062800 0.062800 0.062800 0.062800 0.062800 0.062800 0.062800 0.062800 0.062800 0.062800 0.062800 0.062800 0.062800
33.7500 -30.4576 6.81228 0.434645 0.333658 0.165080 48.948 52.249 1.000000 1.000000 0.149960 0.062800 0.062800 0.062800 0.062800 0.062800 0.062800 0.062800 0.062800 0.062800 0.062800 0.062800 0.062800
50.6250 -30.4576 5.27504 0.418003 0.276515 0.111443 45.140 47.369 1.000000 0.867471 0.066700 0.066700 0.066700 0.066700 0.066700 0.066700 0.066700 0.066700 0.066700 0.066700 0.066700 0.066700 0.066700
56.2500 -30.4576 5.98664 0.423233 0.299607 0.134523 89.476 92.166 1.000000 1.000000 1.000000 1.000000 0.439018 0.098100 0.098100 0.098100 0.098100 0.098100 0.098100 0.098100 0.098100 0.098100 0.098100
61.8750 -30.4576 6.15107 0.424886 0.305411 0.140096 116.455 119.257 1.000000 1.000000 1.000000 1.000000 1.000000 0.978842 0.118400 0.118400 0.118400 0.118400 0.118400 0.118400 0.118400 0.118400 0.118400
67.5000 -30.4576 6.64188 0.430166 0.322618 0.156762 170.404 173.539 1.000000 1.000000 1.000000 1.000000 1.000000 1.000000 1.000000 1.000000 1.000000 0.632185 0.128400 0.128400 0.128400 0.128400 0.128400
73.1250 -30.4576 8.30023 0.448120 0.373920 0.209873 125.421 129.619 1.000000 1.000000 1.000000 1.000000 1.000000 0.940826 0.189400 0.189400 0.189400 0.189400 0.189400 0.189400 0.189400 0.189400 0.189400
78.7500 -30.4576 7.60811 0.440161 0.352722 0.187842 124.583 128.340 1.000000 1.000000 1.000000 1.000000 1.000000 0.904470 0.183500 0.183500 0.183500 0.183500 0.183500 0.183500 0.183500 0.183500 0.183500
84.3750 -30.4576 7.25929 0.432635 0.334518 0.172834 242.525 245.982 1.000000 1.000000 1.000000 1.000000 1.000000 1.000000 1.000000 1.000000 1.000000 1.000000 1.000000 1.000000 1.000000 1.000000 1.000000
90.0000 -30.4576 8.20533 0.437555 0.352617 0.196598 234.028 237.960 1.000000 1.000000 1.000000 1.000000 1.000000 1.000000 1.000000 1.000000 1.000000 1.000000 1.000000 1.000000 1.000000 1.000000 1.000000
-151.8750 -30.4576 7.01427 0.438393 0.343479 0.173417 46.924 50.392 1.000000 0.942831 0.062800 0.062800 0.062800 0.062800 0.062800 0.062800 0.062800 0.062800 0.062800 0.062800 0.062800 0.062800 0.062800
-146.2500 -30.4576 7.24401 0.444073 0.357406 0.184403 84.363 88.051 1.000000 1.000000 1.000000 1.000000 0.248366 0.062800 0.062800 0.062800 0.062800 0.062800 0.062800 0.062800 0.062800 0.062800 0.062800
-140.6250 -30.4576 6.28530 0.429422 0.316456 0.147599 59.062 62.014 1.000000 1.000000 0.744144 0.062800 0.062800 0.062800 0.062800 0.062800 0.062800 0.062800 0.062800 0.062800 0.062800 0.062800 0.062800
-56.2500 -30.4576 8.05800 0.446237 0.368463 0.203250 26.711 29.710 0.737584 0.062800 0.062800 0.062800 0.062800 0.062800 0.062800 0.062800 0.062800 0.062800 0.062800 0.062800 0.062800 0.062800 0.062800
-50.6250 -30.4576 6.71357 0.435719 0.334714 0.163898 46.236 49.514 1.000000 0.890348 0.062800 0.062800 0.062800 0.062800 0.062800 0.062800 0.062800 0.062800 0.062800 0.062800 0.062800 0.062800 0.062800
-45.0000 -30.4576 5.89116 0.422102 0.295830 0.131114 53.291 55.913 1.000000 1.000000 0.481728 0.062800 0.062800 0.062800 0.062800 0.062800 0.062800 0.062800 0.062800 0.062800 0.062800 0.062800 0.062800
-39.3750 -30.4576 6.52222 0.433273 0.327410 0.156997 48.043 51.183 1.000000 1.000000 0.065612 0.062800 0.062800 0.062800 0.062800 0.062800 0.062800 0.062800 0.062800 0.062800 0.062800 0.062800 0.062800
-33.7500 -30.4576 7.19141 0.435606 0.339686 0.174414 182.386 185.875 1.000000 1.000000 1.000000 1.000000 1.000000 1.000000 1.000000 1.000000 1.000000 0.923028 0.222500 0.222500 0.222500 0.222500 0.222500
-16.8750 -30.4576 5.73583 0.419529 0.288121 0.124914 76.633 79.131 1.000000 1.000000 1.000000 1.000000 0.067486 0.062800 0.062800 0.062800 0.062800 0.062800 0.062800 0.062800 0.062800 0.062800 0.062800
-11.2500 -30.4576 5.82552 0.422400 0.295348 0.129706 80.105 82.700 1.000000 1.000000 1.000000 1.000000 0.208066 0.062800 0.062800 0.062800 0.062800 0.062800 0.062800 0.062800 0.062800 0.062800 0.062800
-5.6250 -30.4576 5.67862 0.421576 0.291209 0.125195 82.697 85.201 1.000000 1.000000 1.000000 1.000000 0.353332 0.062800 0.062800 0.062800 0.062800 0.062800 0.062800 0.062800 0.062800 0.062800 0.062800
0.0000 -35.9951 6.43508 0.431609 0.322905 0.153304 49.404 52.470 1.000000 1.000000 0.159332 0.062800 0.062800 0.062800 0.062800 0.062800 0.062800 0.062800 0.062800 0.062800 0.062800 0.062800 0.062800
5.6250 -35.9951 6.54263 0.430985 0.323017 0.155247 31.095 34.116 0.972824 0.062900 0.062900 0.062900 0.062900 0.062900 0.062900 0.062900 0.062900 0.062900 0.062900 0.062900 0.062900 0.062900 0.062900
11.2500 -35.9951 7.14070 0.439236 0.346485 0.177065 21.888 23.241 0.381965 0.065000 0.065000 0.065000 0.065000 0.065000 0.065000 0.065000 0.065000 0.065000 0.065000 0.065000 0.065000 0.065000 0.065000
16.8750 -35.9951 6.55977 0.431629 0.324535 0.156275 20.644 21.731 0.347709 0.062800 0.062800 0.062800 0.062800 0.062800 0.062800 0.062800 0.062800 0.062800 0.062800 0.062800 0.062800 0.062800 0.062800
22.5000 -35.9951 5.76768 0.412946 0.275930 0.120183 233.621 236.025 1.000000 1.000000 1.000000 1.000000 1.000000 1.000000 1.000000 1.000000 1.000000 1.000000 1.000000 1.000000 1.000000 1.000000 1.000000
28.1250 -35.9951 5.87124 0.421636 0.294576 0.130199 246.566 249.170 1.000000 1.000000 1.000000 1.000000 1.000000 1.000000 1.000000 1.000000 1.000000 1.000000 1.000000 1.000000 1.000000 1.000000 1.000000
50.6250 -35.9951 6.93908 0.434917 0.335626 0.168203 171.115 174.479 1.000000 1.000000 1.000000 1.000000 1.000000 1.000000 1.000000 1.000000 1.000000 0.503971 0.143300 0.143300 0.143300 0.143300 0.143300
56.2500 -35.9951 6.63299 0.431186 0.324551 0.157549 107.015 110.166 1.000000 1.000000 1.000000 1.000000 1.000000 0.650164 0.084200 0.084200 0.084200 0.084200 0.084200 0.084200 0.084200 0.084200 0.084200
61.8750 -35.9951 5.51534 0.419720 0.284570 0.119321 67.572 69.959 1.000000 1.000000 1.000000 0.398318 0.062800 0.062800 0.062800 0.062800 0.062800 0.062800 0.062800 0.062800 0.062800 0.062800 0.062800
67.5000 -35.9951 5.82544 0.423856 0.298273 0.130989 202.569 205.189 1.000000 1.000000 1.000000 1.000000 1.000000 1.000000 1.000000 1.000000 1.000000 1.000000 1.000000 0.725320 0.128000 0.128000 0.128000
73.1250 -35.9951 7.10893 0.433161 0.333966 0.170156 245.715 249.118 1.000000 1.000000 1.000000 1.000000 1.000000 1.000000 1.000000 1.000000 1.000000 1.000000 1.000000 1.000000 1.000000 1.000000 1.000000
78.7500 -35.9951 7.21342 0.433328 0.335401 0.172565 229.561 233.012 1.000000 1.000000 1.000000 1.000000 1.000000 1.000000 1.000000 1.000000 1.000000 1.000000 1.000000 1.000000 1.000000 0.789632 0.308000
84.3750 -35.9951 6.65085 0.432171 0.326755 0.158927 133.160 136.338 1.000000 1.000000 1.000000 1.000000 1.000000 1.000000 0.259905 0.209300 0.209300 0.209300 0.209300 0.209300 0.209300 0.209300 0.209300
-151.8750 -35.9951 6.04273 0.430365 0.314949 0.142466 58.400 61.249 1.000000 1.000000 0.622631 0.063600 0.063600 0.063600 0.063600 0.063600 0.063600 0.063600 0.063600 0.063600 0.063600 0.063600 0.063600
-146.2500 -35.9951 6.47330 0.438497 0.337664 0.161018 44.453 47.673 1.000000 0.700096 0.062800 0.062800 0.062800 0.062800 0.062800 0.062800 0.062800 0.062800 0.062800 0.062800 0.062800 0.062800 0.062800
-140.6250 -35.9951 6.49496 0.437547 0.335926 0.160585 37.469 40.681 1.000000 0.320530 0.062800 0.062800 0.062800 0.062800 0.062800 0.062800 0.062800 0.062800 0.062800 0.062800 0.062800 0.062800 0.062800
-45.0000 -35.9951 6.32568 0.430611 0.319425 0.149711 39.448 42.442 1.000000 0.507970 0.062800 0.062800 0.062800 0.062800 0.062800 0.062800 0.062800 0.062800 0.062800 0.062800 0.062800 0.062800 0.062800
-39.3750 -35.9951 6.38944 0.428677 0.316369 0.149404 39.263 42.251 1.000000 0.535149 0.062800 0.062800 0.062800 0.062800 0.062800 0.062800 0.062800 0.062800 0.062800 0.062800 0.062800 0.062800 0.062800
-33.7500 -35.9951 6.71559 0.435929 0.335167 0.164155 47.298 50.581 1.000000 0.949391 0.062800 0.062800 0.062800 0.062800 0.062800 0.062800 0.062800 0.062800 0.062800 0.062800 0.062800 0.062800 0.062800
-22.5000 -35.9951 5.01993 0.417491 0.270167 0.103970 65.881 67.960 1.000000 1.000000 1.000000 0.271014 0.063000 0.063000 0.063000 0.063000 0.063000 0.063000 0.063000 0.063000 0.063000 0.063000 0.063000
-16.8750 -35.9951 5.00420 0.413033 0.260904 0.100104 159.640 161.642 1.000000 1.000000 1.000000 1.000000 1.000000 1.000000 1.000000 1.000000 1.000000 0.613874 0.062800 0.062800 0.062800 0.062800 0.062800
-11.2500 -35.9951 5.26832 0.414822 0.270057 0.108714 153.708 155.882 1.000000 1.000000 1.000000 1.000000 1.000000 1.000000 1.000000 1.000000 1.000000 0.212752 0.062800 0.062800 0.062800 0.062800 0.062800
-5.6250 -35.9951 5.70477 0.421257 0.291023 0.125600 173.098 175.610 1.000000 1.000000 1.000000 1.000000 1.000000 1.000000 1.000000 1.000000 1.000000 1.000000 0.212752 0.062800 0.062800 0.062800 0.062800
0.0000 -41.5325 6.71877 0.432953 0.329149 0.161262 92.222 95.448 1.000000 1.000000 1.000000 1.000000 0.808111 0.068500 0.068500 0.068500 0.068500 0.068500 0.068500 0.068500 0.068500 0.068500 0.068500
5.6250 -41.5325 7.86759 0.447970 0.370559 0.201484 28.558 31.776 0.798674 0.063600 0.063600 0.063600 0.063600 0.063600 0.063600 0.063600 0.063600 0.063600 0.063600 0.063600 0.063600 0.063600 0.063600
11.2500 -41.5325 7.62483 0.445088 0.362790 0.193471 26.185 28.767 0.667294 0.062800 0.062800 0.062800 0.062800 0.062800 0.062800 0.062800 0.062800 0.062800 0.062800 0.062800 0.062800 0.062800 0.062800
16.8750 -41.5325 5.47457 0.416106 0.276639 0.115247 153.795 156.100 1.000000 1.000000 1.000000 1.000000 1.000000 1.000000 1.000000 1.000000 0.948518 0.096800 0.096800 0.096800 0.096800 0.096800 0.096800
22.5000 -41.5325 6.45758 0.424335 0.308687 0.146935 242.628 245.567 1.000000 1.000000 1.000000 1.000000 1.000000 1.000000 1.000000 1.000000 1.000000 1.000000 1.000000 1.000000 1.000000 1.000000 1.000000
50.6250 -41.5325 6.59481 0.430291 0.322280 0.155793 249.731 252.846 1.000000 1.000000 1.000000 1.000000 1.000000 1.000000 1.000000 1.000000 1.000000 1.000000 1.000000 1.000000 1.000000 1.000000 1.000000
56.2500 -41.5325 6.48355 0.430653 0.321592 0.153533 252.088 255.159 1.000000 1.000000 1.000000 1.000000 1.000000 1.000000 1.000000 1.000000 1.000000 1.000000 1.000000 1.000000 1.000000 1.000000 1.000000
61.8750 -41.5325 5.98307 0.426024 0.305162 0.136952 207.190 209.929 1.000000 1.000000 1.000000 1.000000 1.000000 1.000000 1.000000 1.000000 1.000000 1.000000 1.000000 0.908448 0.136300 0.136300 0.136300
-151.8750 -41.5325 5.86886 0.427977 0.307382 0.135814 157.798 160.515 1.000000 1.000000 1.000000 1.000000 1.000000 1.000000 1.000000 1.000000 0.405420 0.132000 0.132000 0.132000 0.132000 0.132000 0.132000
-146.2500 -41.5325 4.77181 0.427009 0.284817 0.104299 92.952 95.038 1.000000 1.000000 1.000000 1.000000 0.293169 0.085600 0.085600 0.085600 0.085600 0.085600 0.085600 0.085600 0.085600 0.085600 0.085600
-140.6250 -41.5325 5.27911 0.425157 0.291297 0.117482 217.085 219.435 1.000000 1.000000 1.000000 1.000000 1.000000 1.000000 1.000000 1.000000 1.000000 1.000000 1.000000 0.967782 0.173900 0.173900 0.173900
-39.3750 -41.5325 6.25580 0.429649 0.316509 0.147094 41.601 44.543 1.000000 0.639178 0.062800 0.062800 0.062800 0.062800 0.062800 0.062800 0.062800 0.062800 0.062800 0.062800 0.062800 0.062800 0.062800
-33.7500 -41.5325 6.48233 0.433810 0.328011 0.156576 47.856 50.988 1.000000 0.937402 0.065700 0.065700 0.065700 0.065700 0.065700 0.065700 0.065700 0.065700 0.065700 0.065700 0.065700 0.065700 0.065700
-16.8750 -41.5325 5.91919 0.427902 0.308009 0.137039 198.344 201.085 1.000000 1.000000 1.000000 1.000000 1.000000 1.000000 1.000000 1.000000 1.000000 1.000000 1.000000 0.362945 0.079400 0.079400 0.079400
-11.2500 -41.5325 4.68725 0.408643 0.244813 0.088039 235.161 236.922 1.000000 1.000000 1.000000 1.000000 1.000000 1.000000 1.000000 1.000000 1.000000 1.000000 1.000000 1.000000 1.000000 1.000000 1.000000
0.0000 -47.0696 6.81139 0.428996 0.322370 0.159480 244.334 247.524 1.000000 1.000000 1.000000 1.000000 1.000000 1.000000 1.000000 1.000000 1.000000 1.000000 1.000000 1.000000 1.000000 1.000000 1.000000
5.6250 -47.0696 6.94703 0.434199 0.334271 0.167656 154.552 157.905 1.000000 1.000000 1.000000 1.000000 1.000000 1.000000 1.000000 1.000000 0.552385 0.120600 0.120600 0.120600 0.120600 0.120600 0.120600
11.2500 -47.0696 6.85937 0.433035 0.330953 0.164534 153.483 156.773 1.000000 1.000000 1.000000 1.000000 1.000000 1.000000 1.000000 1.000000 0.461297 0.126900 0.126900 0.126900 0.126900 0.126900 0.126900
16.8750 -47.0696 5.39049 0.411409 0.265897 0.109270 234.942 237.127 1.000000 1.000000 1.000000 1.000000 1.000000 1.000000 1.000000 1.000000 1.000000 1.000000 1.000000 1.000000 1.000000 1.000000 1.000000
56.2500 -47.0696 6.19026 0.424765 0.305748 0.140944 174.325 177.144 1.000000 1.000000 1.000000 1.000000 1.000000 1.000000 1.000000 1.000000 1.000000 0.587772 0.198000 0.198000 0.198000 0.198000 0.198000
180.0000 -47.0696 8.06059 0.442235 0.360550 0.198923 150.235 154.213 1.000000 1.000000 1.000000 1.000000 1.000000 1.000000 1.000000 1.000000 0.516984 0.129700 0.129700 0.129700 0.129700 0.129700 0.129700
-157.5000 -47.0696 5.42053 0.424881 0.293365 0.121153 215.942 218.365 1.000000 1.000000 1.000000 1.000000 1.000000 1.000000 1.000000 1.000000 1.000000 1.000000 1.000000 0.909917 0.209800 0.209800 0.209800
-151.8750 -47.0696 5.34552 0.423731 0.289579 0.118115 195.891 198.253 1.000000 1.000000 1.000000 1.000000 1.000000 1.000000 1.000000 1.000000 1.000000 1.000000 0.504184 0.230100 0.230100 0.230100 0.230100
-90.0000 -47.0696 6.22690 0.423438 0.303657 0.140620 144.809 147.622 1.000000 1.000000 1.000000 1.000000 1.000000 1.000000 0.721178 0.270100 0.270100 0.270100 0.270100 0.270100 0.270100 0.270100 0.270100
-5.6250 -47.0696 5.71654 0.417120 0.283053 0.122372 241.022 243.469 1.000000 1.000000 1.000000 1.000000 1.000000 1.000000 1.000000 1.000000 1.000000 1.000000 1.000000 1.000000 1.000000 1.000000 1.000000
0.0000 -52.6065 5.79325 0.419822 0.289682 0.126636 244.569 247.101 1.000000 1.000000 1.000000 1.000000 1.000000 1.000000 1.000000 1.000000 1.000000 1.000000 1.000000 1.000000 1.000000 1.000000 1.000000
5.6250 -52.6065 4.99407 0.409732 0.254240 0.097358 235.323 237.270 1.000000 1.000000 1.000000 1.000000 1.000000 1.000000 1.000000 1.000000 1.000000 1.000000 1.000000 1.000000 1.000000 1.000000 1.000000
11.2500 -52.6065 4.85511 0.408932 0.249472 0.092944 162.560 164.419 1.000000 1.000000 1.000000 1.000000 1.000000 1.000000 1.000000 1.000000 1.000000 0.718355 0.133400 0.133400 0.133400 0.133400 0.133400
16.8750 -52.6065 5.17405 0.415758 0.269965 0.106890 115.603 117.741 1.000000 1.000000 1.000000 1.000000 1.000000 0.969354 0.124400 0.124400 0.124400 0.124400 0.124400 0.124400 0.124400 0.124400 0.124400
163.1250 -52.6065 5.77891 0.419755 0.289308 0.126213 119.498 122.022 1.000000 1.000000 1.000000 1.000000 0.945905 0.238100 0.238100 0.238100 0.238100 0.238100 0.238100 0.238100 0.238100 0.238100 0.238100
168.7500 -52.6065 6.33712 0.424077 0.306503 0.143851 143.595 146.472 1.000000 1.000000 1.000000 1.000000 1.000000 1.000000 0.449162 0.297400 0.297400 0.297400 0.297400 0.297400 0.297400 0.297400 0.297400
174.3750 -52.6065 6.72361 0.430016 0.323325 0.158490 138.071 141.241 1.000000 1.000000 1.000000 1.000000 1.000000 0.433334 0.327000 0.327000 0.327000 0.327000 0.327000 0.327000 0.327000 0.327000 0.327000
180.0000 -52.6065 6.61620 0.431453 0.324883 0.157421 184.549 187.697 1.000000 1.000000 1.000000 1.000000 1.000000 1.000000 1.000000 1.000000 1.000000 0.560332 0.292000 0.292000 0.292000 0.292000 0.292000
-140.6250 -52.6065 4.37568 0.421735 0.263665 0.088159 101.208 102.971 1.000000 1.000000 1.000000 1.000000 0.980651 0.078600 0.078600 0.078600 0.078600 0.078600 0.078600 0.078600 0.078600 0.078600 0.078600
-95.6250 -52.6065 6.02317 0.423347 0.300404 0.135538 126.786 129.496 1.000000 1.000000 1.000000 1.000000 1.000000 0.605811 0.231600 0.231600 0.231600 0.231600 0.231600 0.231600 0.231600 0.231600 0.231600
-90.0000 -52.6065 5.75898 0.415550 0.280755 0.122131 156.311 158.753 1.000000 1.000000 1.000000 1.000000 1.000000 1.000000 1.000000 0.889932 0.280600 0.280600 0.280600 0.280600 0.280600 0.280600 0.280600
-84.3750 -52.6065 6.60612 0.428923 0.319692 0.154734 154.245 157.340 1.000000 1.000000 1.000000 1.000000 1.000000 1.000000 1.000000 0.303113 0.292500 0.292500 0.292500 0.292500 0.292500 0.292500 0.292500
-45.0000 -52.6065 7.79716 0.438531 0.351144 0.189880 169.965 173.762 1.000000 1.000000 1.000000 1.000000 1.000000 1.000000 1.000000 1.000000 0.884144 0.275900 0.275900 0.275900 0.275900 0.275900 0.275900
-5.6250 -52.6065 5.35748 0.414455 0.271130 0.110811 240.479 242.695 1.000000 1.000000 1.000000 1.000000 1.000000 1.000000 1.000000 1.000000 1.000000 1.000000 1.000000 1.000000 1.000000 1.000000 1.000000
5.6250 -58.1430 5.94189 0.428191 0.308953 0.137885 41.157 43.915 1.000000 0.589506 0.062800 0.062800 0.062800 0.062800 0.062800 0.062800 0.062800 0.062800 0.062800 0.062800 0.062800 0.062800 0.062800
95.6250 -58.1430 5.22256 0.420795 0.281133 0.112274 69.966 72.212 1.000000 1.000000 1.000000 0.234888 0.082600 0.082600 0.082600 0.082600 0.082600 0.082600 0.082600 0.082600 0.082600 0.082600 0.082600
101.2500 -58.1430 5.09969 0.420143 0.277283 0.108314 95.099 97.266 1.000000 1.000000 1.000000 1.000000 0.718210 0.091000 0.091000 0.091000 0.091000 0.091000 0.091000 0.091000 0.091000 0.091000 0.091000
106.8750 -58.1430 5.79514 0.425197 0.300499 0.131400 66.003 68.631 1.000000 1.000000 0.973247 0.077500 0.077500 0.077500 0.077500 0.077500 0.077500 0.077500 0.077500 0.077500 0.077500 0.077500 0.077500
151.8750 -58.1430 5.48791 0.423167 0.291054 0.121511 64.629 67.059 1.000000 1.000000 0.398340 0.117800 0.117800 0.117800 0.117800 0.117800 0.117800 0.117800 0.117800 0.117800 0.117800 0.117800 0.117800
157.5000 -58.1430 4.71785 0.405203 0.238992 0.086518 75.968 77.698 1.000000 1.000000 1.000000 0.585325 0.127000 0.127000 0.127000 0.127000 0.127000 0.127000 0.127000 0.127000 0.127000 0.127000 0.127000
163.1250 -58.1430 5.64874 0.416395 0.280431 0.120024 78.011 80.411 1.000000 1.000000 1.000000 0.270514 0.144800 0.144800 0.144800 0.144800 0.144800 0.144800 0.144800 0.144800 0.144800 0.144800 0.144800
168.7500 -58.1430 5.11983 0.408765 0.255189 0.100053 100.767 102.768 1.000000 1.000000 1.000000 1.000000 0.819369 0.167600 0.167600 0.167600 0.167600 0.167600 0.167600 0.167600 0.167600 0.167600 0.167600
174.3750 -58.1430 5.35163 0.413927 0.269983 0.110234 132.561 134.766 1.000000 1.000000 1.000000 1.000000 1.000000 1.000000 0.842925 0.181900 0.181900 0.181900 0.181900 0.181900 0.181900 0.181900 0.181900
180.0000 -58.1430 5.61951 0.421230 0.289479 0.123351 120.146 122.613 1.000000 1.000000 1.000000 1.000000 1.000000 0.834439 0.155300 0.155300 0.155300 0.155300 0.155300 0.155300 0.155300 0.155300 0.155300
-174.3750 -58.1430 5.16122 0.424622 0.287870 0.113717 43.744 46.018 1.000000 0.695410 0.062800 0.062800 0.062800 0.062800 0.062800 0.062800 0.062800 0.062800 0.062800 0.062800 0.062800 0.062800 0.062800
-168.7500 -58.1430 4.53098 0.422054 0.268339 0.093155 45.842 47.705 1.000000 0.800376 0.062800 0.062800 0.062800 0.062800 0.062800 0.062800 0.062800 0.062800 0.062800 0.062800 0.062800 0.062800 0.062800
-157.5000 -58.1430 5.40370 0.430358 0.304663 0.125473 47.663 50.172 1.000000 0.843488 0.062800 0.062800 0.062800 0.062800 0.062800 0.062800 0.062800 0.062800 0.062800 0.062800 0.062800 0.062800 0.062800
-151.8750 -58.1430 4.81310 0.425642 0.282745 0.104436 51.556 53.645 1.000000 1.000000 0.137776 0.062800 0.062800 0.062800 0.062800 0.062800 0.062800 0.062800 0.062800 0.062800 0.062800 0.062800 0.062800
-140.6250 -58.1430 4.88192 0.424609 0.282026 0.105643 47.775 49.888 1.000000 0.892222 0.062800 0.062800 0.062800 0.062800 0.062800 0.062800 0.062800 0.062800 0.062800 0.062800 0.062800 0.062800 0.062800
-123.7500 -58.1430 5.08995 0.421508 0.279900 0.109140 53.758 55.941 1.000000 1.000000 0.394569 0.062800 0.062800 0.062800 0.062800 0.062800 0.062800 0.062800 0.062800 0.062800 0.062800 0.062800 0.062800
-118.1250 -58.1430 5.40533 0.421421 0.285957 0.117801 61.859 64.215 1.000000 1.000000 0.925024 0.062800 0.062800 0.062800 0.062800 0.062800 0.062800 0.062800 0.062800 0.062800 0.062800 0.062800 0.062800
-112.5000 -58.1430 5.41915 0.419747 0.282828 0.116775 76.056 78.391 1.000000 1.000000 1.000000 0.889410 0.062800 0.062800 0.062800 0.062800 0.062800 0.062800 0.062800 0.062800 0.062800 0.062800 0.062800
-106.8750 -58.1430 5.23106 0.417350 0.274319 0.109716 49.953 52.148 1.000000 1.000000 0.281168 0.062800 0.062800 0.062800 0.062800 0.062800 0.062800 0.062800 0.062800 0.062800 0.062800 0.062800 0.062800
-101.2500 -58.1430 4.87094 0.412691 0.257192 0.096127 49.709 51.632 1.000000 1.000000 0.332714 0.062800 0.062800 0.062800 0.062800 0.062800 0.062800 0.062800 0.062800 0.062800 0.062800 0.062800 0.062800
-95.6250 -58.1430 4.76319 0.407993 0.245442 0.089716 47.595 49.389 1.000000 1.000000 0.302723 0.062800 0.062800 0.062800 0.062800 0.062800 0.062800 0.062800 0.062800 0.062800 0.062800 0.062800 0.062800
-90.0000 -58.1430 4.72432 0.406771 0.242137 0.087778 112.079 113.835 1.000000 1.000000 1.000000 1.000000 1.000000 1.000000 0.396184 0.108100 0.108100 0.108100 0.108100 0.108100 0.108100 0.108100 0.108100
-84.3750 -58.1430 5.79921 0.425630 0.301449 0.131892 96.008 98.646 1.000000 1.000000 1.000000 1.000000 0.265304 0.139700 0.139700 0.139700 0.139700 0.139700 0.139700 0.139700 0.139700 0.139700 0.139700
-61.8750 -58.1430 11.05222 0.460201 0.409879 0.265636 25.295 29.940 0.874415 0.062800 0.062800 0.062800 0.062800 0.062800 0.062800 0.062800 0.062800 0.062800 0.062800 0.062800 0.062800 0.062800 0.062800
-56.2500 -58.1430 5.81084 0.427401 0.305273 0.133787 62.107 64.783 1.000000 1.000000 0.746902 0.072900 0.072900 0.072900 0.072900 0.072900 0.072900 0.072900 0.072900 0.072900 0.072900 0.072900 0.072900
-50.6250 -58.1430 5.98770 0.427469 0.308172 0.138388 117.703 120.471 1.000000 1.000000 1.000000 1.000000 1.000000 0.632948 0.144400 0.144400 0.144400 0.144400 0.144400 0.144400 0.144400 0.144400 0.144400
-45.0000 -58.1430 6.26672 0.430336 0.318063 0.148013 96.928 99.888 1.000000 1.000000 1.000000 0.845360 0.168600 0.168600 0.168600 0.168600 0.168600 0.168600 0.168600 0.168600 0.168600 0.168600 0.168600
-39.3750 -58.1430 6.14923 0.427003 0.309630 0.141998 88.570 91.410 1.000000 1.000000 1.000000 0.352022 0.175600 0.175600 0.175600 0.175600 0.175600 0.175600 0.175600 0.175600 0.175600 0.175600 0.175600
5.6250 -63.6786 9.43823 0.452788 0.389589 0.234437 22.278 24.889 0.556704 0.062800 0.062800 0.062800 0.062800 0.062800 0.062800 0.062800 0.062800 0.062800 0.062800 0.062800 0.062800 0.062800 0.062800
61.8750 -63.6786 6.94625 0.438311 0.342597 0.171819 33.229 36.665 1.000000 0.129341 0.062800 0.062800 0.062800 0.062800 0.062800 0.062800 0.062800 0.062800 0.062800 0.062800 0.062800 0.062800 0.062800
67.5000 -63.6786 6.86322 0.438592 0.342289 0.170237 52.262 55.667 1.000000 1.000000 0.283979 0.062800 0.062800 0.062800 0.062800 0.062800 0.062800 0.062800 0.062800 0.062800 0.062800 0.062800 0.062800
73.1250 -63.6786 5.68996 0.420222 0.288700 0.124325 62.701 65.187 1.000000 1.000000 1.000000 0.123718 0.062800 0.062800 0.062800 0.062800 0.062800 0.062800 0.062800 0.062800 0.062800 0.062800 0.062800
78.7500 -63.6786 5.05336 0.412403 0.260756 0.100984 44.130 46.149 1.000000 0.945642 0.062800 0.062800 0.062800 0.062800 0.062800 0.062800 0.062800 0.062800 0.062800 0.062800 0.062800 0.062800 0.062800
95.6250 -63.6786 4.59099 0.404902 0.235167 0.082776 79.210 80.866 1.000000 1.000000 1.000000 1.000000 0.569825 0.062800 0.062800 0.062800 0.062800 0.062800 0.062800 0.062800 0.062800 0.062800 0.062800
101.2500 -63.6786 5.56674 0.420898 0.287870 0.121677 71.774 74.208 1.000000 1.000000 1.000000 0.627932 0.062800 0.062800 0.062800 0.062800 0.062800 0.062800 0.062800 0.062800 0.062800 0.062800 0.062800
106.8750 -63.6786 6.06391 0.429187 0.312831 0.141901 67.829 70.667 1.000000 1.000000 1.000000 0.277419 0.062800 0.062800 0.062800 0.062800 0.062800 0.062800 0.062800 0.062800 0.062800 0.062800 0.062800
151.8750 -63.6786 5.75790 0.426241 0.302027 0.131364 42.116 44.743 1.000000 0.651362 0.062800 0.062800 0.062800 0.062800 0.062800 0.062800 0.062800 0.062800 0.062800 0.062800 0.062800 0.062800 0.062800
157.5000 -63.6786 6.54704 0.435313 0.331906 0.159597 38.226 41.418 1.000000 0.402066 0.062800 0.062800 0.062800 0.062800 0.062800 0.062800 0.062800 0.062800 0.062800 0.062800 0.062800 0.062800 0.062800
163.1250 -63.6786 5.12618 0.412517 0.262563 0.103064 36.655 38.716 1.000000 0.481728 0.062800 0.062800 0.062800 0.062800 0.062800 0.062800 0.062800 0.062800 0.062800 0.062800 0.062800 0.062800 0.062800
168.7500 -63.6786 5.73859 0.420835 0.290761 0.126110 28.395 30.527 0.845362 0.062800 0.062800 0.062800 0.062800 0.062800 0.062800 0.062800 0.062800 0.062800 0.062800 0.062800 0.062800 0.062800 0.062800
174.3750 -63.6786 5.94382 0.423876 0.300219 0.134022 26.606 28.540 0.721652 0.062800 0.062800 0.062800 0.062800 0.062800 0.062800 0.062800 0.062800 0.062800 0.062800 0.062800 0.062800 0.062800 0.062800
180.0000 -63.6786 5.66910 0.420057 0.288007 0.123643 36.263 38.736 1.000000 0.389883 0.062800 0.062800 0.062800 0.062800 0.062800 0.062800 0.062800 0.062800 0.062800 0.062800 0.062800 0.062800 0.062800
-174.3750 -63.6786 5.79909 0.421092 0.292298 0.127886 43.562 46.120 1.000000 0.833178 0.062800 0.062800 0.062800 0.062800 0.062800 0.062800 0.062800 0.062800 0.062800 0.062800 0.062800 0.062800 0.062800
-168.7500 -63.6786 5.53924 0.422818 0.291265 0.122587 60.296 62.747 1.000000 1.000000 0.820995 0.062800 0.062800 0.062800 0.062800 0.062800 0.062800 0.062800 0.062800 0.062800 0.062800 0.062800 0.062800
-163.1250 -63.6786 5.96547 0.430390 0.313859 0.140522 53.010 55.820 1.000000 1.000000 0.304598 0.062800 0.062800 0.062800 0.062800 0.062800 0.062800 0.062800 0.062800 0.062800 0.062800 0.062800 0.062800
-157.5000 -63.6786 6.51506 0.438099 0.337324 0.161621 41.466 44.698 1.000000 0.543584 0.062800 0.062800 0.062800 0.062800 0.062800 0.062800 0.062800 0.062800 0.062800 0.062800 0.062800 0.062800 0.062800
-151.8750 -63.6786 6.88527 0.440067 0.345574 0.172256 38.808 42.253 1.000000 0.422685 0.062800 0.062800 0.062800 0.062800 0.062800 0.062800 0.062800 0.062800 0.062800 0.062800 0.062800 0.062800 0.062800
-146.2500 -63.6786 5.72288 0.430576 0.310499 0.134362 50.201 52.889 1.000000 1.000000 0.096539 0.062800 0.062800 0.062800 0.062800 0.062800 0.062800 0.062800 0.062800 0.062800 0.062800 0.062800 0.062800
-140.6250 -63.6786 5.48995 0.428614 0.302448 0.126309 47.346 49.872 1.000000 0.871604 0.062800 0.062800 0.062800 0.062800 0.062800 0.062800 0.062800 0.062800 0.062800 0.062800 0.062800 0.062800 0.062800
-135.0000 -63.6786 7.40429 0.444509 0.359737 0.188284 33.891 37.656 1.000000 0.160269 0.062800 0.062800 0.062800 0.062800 0.062800 0.062800 0.062800 0.062800 0.062800 0.062800 0.062800 0.062800 0.062800
-129.3750 -63.6786 4.64104 0.409922 0.246144 0.087621 59.785 61.538 1.000000 1.000000 1.000000 0.080607 0.062800 0.062800 0.062800 0.062800 0.062800 0.062800 0.062800 0.062800 0.062800 0.062800 0.062800
-123.7500 -63.6786 4.99923 0.412174 0.259105 0.099320 56.997 58.983 1.000000 1.000000 0.813497 0.062800 0.062800 0.062800 0.062800 0.062800 0.062800 0.062800 0.062800 0.062800 0.062800 0.062800 0.062800
-118.1250 -63.6786 5.21918 0.413968 0.267367 0.106713 51.902 54.036 1.000000 1.000000 0.477042 0.062800 0.062800 0.062800 0.062800 0.062800 0.062800 0.062800 0.062800 0.062800 0.062800 0.062800 0.062800
-112.5000 -63.6786 5.54437 0.418524 0.282719 0.119086 75.039 77.421 1.000000 1.000000 1.000000 0.895034 0.062800 0.062800 0.062800 0.062800 0.062800 0.062800 0.062800 0.062800 0.062800 0.062800 0.062800
-106.8750 -63.6786 5.89592 0.422862 0.297422 0.131907 61.849 64.487 1.000000 1.000000 0.983130 0.062800 0.062800 0.062800 0.062800 0.062800 0.062800 0.062800 0.062800 0.062800 0.062800 0.062800 0.062800
-101.2500 -63.6786 6.48651 0.430560 0.321443 0.153514 31.290 34.311 0.984068 0.062800 0.062800 0.062800 0.062800 0.062800 0.062800 0.062800 0.062800 0.062800 0.062800 0.062800 0.062800 0.062800 0.062800
-95.6250 -63.6786 6.62551 0.432873 0.327866 0.159028 23.611 25.262 0.519216 0.062800 0.062800 0.062800 0.062800 0.062800 0.062800 0.062800 0.062800 0.062800 0.062800 0.062800 0.062800 0.062800 0.062800
-90.0000 -63.6786 5.91658 0.422185 0.296406 0.131830 35.308 37.944 1.000000 0.328965 0.062800 0.062800 0.062800 0.062800 0.062800 0.062800 0.062800 0.062800 0.062800 0.062800 0.062800 0.062800 0.062800
-84.3750 -63.6786 6.32124 0.430750 0.319649 0.149736 33.491 36.485 1.000000 0.154646 0.062800 0.062800 0.062800 0.062800 0.062800 0.062800 0.062800 0.062800 0.062800 0.062800 0.062800 0.062800 0.062800
-78.7500 -63.6786 6.25960 0.432194 0.321781 0.149613 29.417 31.899 0.829430 0.062800 0.062800 0.062800 0.062800 0.062800 0.062800 0.062800 0.062800 0.062800 0.062800 0.062800 0.062800 0.062800 0.062800
-61.8750 -63.6786 5.96072 0.428888 0.310677 0.139009 44.246 47.026 1.000000 0.761014 0.062800 0.062800 0.062800 0.062800 0.062800 0.062800 0.062800 0.062800 0.062800 0.062800 0.062800 0.062800 0.062800
-56.2500 -63.6786 5.99403 0.428225 0.309815 0.139244 44.938 47.723 1.000000 0.818183 0.062800 0.062800 0.062800 0.062800 0.062800 0.062800 0.062800 0.062800 0.062800 0.062800 0.062800 0.062800 0.062800
-50.6250 -63.6786 5.53274 0.418994 0.283439 0.119172 45.017 47.401 1.000000 0.924087 0.062800 0.062800 0.062800 0.062800 0.062800 0.062800 0.062800 0.062800 0.062800 0.062800 0.062800 0.062800 0.062800
-45.0000 -63.6786 5.61566 0.417914 0.282810 0.120439 49.337 51.746 1.000000 1.000000 0.284916 0.062800 0.062800 0.062800 0.062800 0.062800 0.062800 0.062800 0.062800 0.062800 0.062800 0.062800 0.062800
-39.3750 -63.6786 5.67592 0.422538 0.293101 0.125958 71.736 74.255 1.000000 1.000000 1.000000 0.198466 0.099400 0.099400 0.099400 0.099400 0.099400 0.099400 0.099400 0.099400 0.099400 0.099400 0.099400
-33.7500 -63.6786 6.01172 0.426142 0.305840 0.137781 64.767 67.522 1.000000 1.000000 0.323813 0.127500 0.127500 0.127500 0.127500 0.127500 0.127500 0.127500 0.127500 0.127500 0.127500 0.127500 0.127500
-28.1250 -63.6786 6.04677 0.426302 0.306695 0.138807 68.425 71.202 1.000000 1.000000 0.328442 0.145600 0.145600 0.145600 0.145600 0.145600 0.145600 0.145600 0.145600 0.145600 0.145600 0.145600 0.145600
-22.5000 -63.6786 6.47628 0.432440 0.325128 0.155093 70.828 73.930 1.000000 1.000000 0.359477 0.150500 0.150500 0.150500 0.150500 0.150500 0.150500 0.150500 0.150500 0.150500 0.150500 0.150500 0.150500
-16.8750 -63.6786 6.25298 0.430554 0.318319 0.147884 61.775 64.733 1.000000 0.814928 0.139200 0.139200 0.139200 0.139200 0.139200 0.139200 0.139200 0.139200 0.139200 0.139200 0.139200 0.139200 0.139200
-11.2500 -63.6786 5.79078 0.423880 0.297753 0.130118 49.650 52.252 1.000000 0.608492 0.104100 0.104100 0.104100 0.104100 0.104100 0.104100 0.104100 0.104100 0.104100 0.104100 0.104100 0.104100 0.104100
45.0000 -69.2130 5.79543 0.426081 0.302311 0.132198 42.952 45.596 1.000000 0.708531 0.062800 0.062800 0.062800 0.062800 0.062800 0.062800 0.062800 0.062800 0.062800 0.062800 0.062800 0.062800 0.062800
50.6250 -69.2130 6.82644 0.439107 0.342956 0.169928 56.045 59.444 1.000000 1.000000 0.485477 0.062800 0.062800 0.062800 0.062800 0.062800 0.062800 0.062800 0.062800 0.062800 0.062800 0.062800 0.062800
56.2500 -69.2130 6.04413 0.427293 0.308665 0.139650 61.145 63.938 1.000000 1.000000 0.864106 0.062800 0.062800 0.062800 0.062800 0.062800 0.062800 0.062800 0.062800 0.062800 0.062800 0.062800 0.062800
61.8750 -69.2130 6.55099 0.433448 0.328124 0.157849 67.234 70.391 1.000000 1.000000 1.000000 0.257738 0.062800 0.062800 0.062800 0.062800 0.062800 0.062800 0.062800 0.062800 0.062800 0.062800 0.062800
67.5000 -69.2130 6.70266 0.434289 0.331668 0.162217 77.755 80.999 1.000000 1.000000 1.000000 0.897845 0.062800 0.062800 0.062800 0.062800 0.062800 0.062800 0.062800 0.062800 0.062800 0.062800 0.062800
73.1250 -69.2130 5.62009 0.418517 0.284081 0.121061 106.292 108.713 1.000000 1.000000 1.000000 1.000000 1.000000 0.955014 0.062800 0.062800 0.062800 0.062800 0.062800 0.062800 0.062800 0.062800 0.062800
78.7500 -69.2130 6.45436 0.430279 0.320458 0.152481 48.568 51.618 1.000000 1.000000 0.137776 0.062800 0.062800 0.062800 0.062800 0.062800 0.062800 0.062800 0.062800 0.062800 0.062800 0.062800 0.062800
84.3750 -69.2130 7.85902 0.447647 0.369838 0.200959 31.403 35.343 0.980319 0.062800 0.062800 0.062800 0.062800 0.062800 0.062800 0.062800 0.062800 0.062800 0.062800 0.062800 0.062800 0.062800 0.062800
90.0000 -69.2130 7.55189 0.442677 0.357282 0.189380 36.509 40.297 1.000000 0.358018 0.062800 0.062800 0.062800 0.062800 0.062800 0.062800 0.062800 0.062800 0.062800 0.062800 0.062800 0.062800 0.062800
95.6250 -69.2130 5.63237 0.419102 0.285459 0.121875 50.318 52.756 1.000000 1.000000 0.322404 0.062800 0.062800 0.062800 0.062800 0.062800 0.062800 0.062800 0.062800 0.062800 0.062800 0.062800 0.062800
101.2500 -69.2130 6.50792 0.434720 0.330203 0.158082 52.461 55.622 1.000000 1.000000 0.294288 0.062800 0.062800 0.062800 0.062800 0.062800 0.062800 0.062800 0.062800 0.062800 0.062800 0.062800 0.062800
106.8750 -69.2130 6.69303 0.436453 0.335984 0.164159 42.145 45.428 1.000000 0.636366 0.062800 0.062800 0.062800 0.062800 0.062800 0.062800 0.062800 0.062800 0.062800 0.062800 0.062800 0.062800 0.062800
112.5000 -69.2130 6.50757 0.433807 0.328321 0.157174 48.426 51.570 1.000000 1.000000 0.075921 0.062800 0.062800 0.062800 0.062800 0.062800 0.062800 0.062800 0.062800 0.062800 0.062800 0.062800 0.062800
146.2500 -69.2130 5.75535 0.425034 0.299512 0.130222 36.065 38.669 1.000000 0.313970 0.062800 0.062800 0.062800 0.062800 0.062800 0.062800 0.062800 0.062800 0.062800 0.062800 0.062800 0.062800 0.062800
151.8750 -69.2130 6.06331 0.431144 0.316864 0.143719 36.513 39.387 1.000000 0.292414 0.062800 0.062800 0.062800 0.062800 0.062800 0.062800 0.062800 0.062800 0.062800 0.062800 0.062800 0.062800 0.062800
157.5000 -69.2130 6.18838 0.432091 0.320594 0.147753 33.209 36.164 1.000000 0.104974 0.062800 0.062800 0.062800 0.062800 0.062800 0.062800 0.062800 0.062800 0.062800 0.062800 0.062800 0.062800 0.062800
163.1250 -69.2130 6.46176 0.430048 0.320088 0.152435 29.651 32.363 0.889410 0.062800 0.062800 0.062800 0.062800 0.062800 0.062800 0.062800 0.062800 0.062800 0.062800 0.062800 0.062800 0.062800 0.062800
168.7500 -69.2130 6.33553 0.427805 0.313884 0.147287 31.588 34.534 1.000000 0.079670 0.062800 0.062800 0.062800 0.062800 0.062800 0.062800 0.062800 0.062800 0.062800 0.062800 0.062800 0.062800 0.062800
174.3750 -69.2130 6.55865 0.431846 0.324960 0.156460 22.426 23.840 0.451738 0.062800 0.062800 0.062800 0.062800 0.062800 0.062800 0.062800 0.062800 0.062800 0.062800 0.062800 0.062800 0.062800 0.062800
180.0000 -69.2130 6.12493 0.426703 0.308670 0.141121 24.247 25.850 0.567951 0.062800 0.062800 0.062800 0.062800 0.062800 0.062800 0.062800 0.062800 0.062800 0.062800 0.062800 0.062800 0.062800 0.062800
-174.3750 -69.2130 7.22511 0.439608 0.348071 0.179276 28.809 31.776 0.827555 0.062800 0.062800 0.062800 0.062800 0.062800 0.062800 0.062800 0.062800 0.062800 0.062800 0.062800 0.062800 0.062800 0.062800
-168.7500 -69.2130 7.51134 0.442901 0.357384 0.188786 47.279 51.054 1.000000 0.987816 0.062800 0.062800 0.062800 0.062800 0.062800 0.062800 0.062800 0.062800 0.062800 0.062800 0.062800 0.062800 0.062800
-163.1250 -69.2130 5.69012 0.419551 0.287369 0.123755 93.938 96.413 1.000000 1.000000 1.000000 1.000000 1.000000 0.176201 0.062800 0.062800 0.062800 0.062800 0.062800 0.062800 0.062800 0.062800 0.062800
-157.5000 -69.2130 4.78114 0.409021 0.247866 0.090945 87.521 89.340 1.000000 1.000000 1.000000 1.000000 0.949391 0.062800 0.062800 0.062800 0.062800 0.062800 0.062800 0.062800 0.062800 0.062800 0.062800
-151.8750 -69.2130 5.76415 0.421731 0.292984 0.127546 59.107 61.657 1.000000 1.000000 0.819120 0.062800 0.062800 0.062800 0.062800 0.062800 0.062800 0.062800 0.062800 0.062800 0.062800 0.062800 0.062800
-146.2500 -69.2130 5.92717 0.422717 0.297635 0.132568 44.710 47.362 1.000000 0.892222 0.062800 0.062800 0.062800 0.062800 0.062800 0.062800 0.062800 0.062800 0.062800 0.062800 0.062800 0.062800 0.062800
-140.6250 -69.2130 6.96792 0.436618 0.339379 0.170570 28.764 31.578 0.824744 0.062800 0.062800 0.062800 0.062800 0.062800 0.062800 0.062800 0.062800 0.062800 0.062800 0.062800 0.062800 0.062800 0.062800
-135.0000 -69.2130 6.83443 0.435420 0.335482 0.166361 23.286 24.941 0.497661 0.062800 0.062800 0.062800 0.062800 0.062800 0.062800 0.062800 0.062800 0.062800 0.062800 0.062800 0.062800 0.062800 0.062800
-129.3750 -69.2130 6.08285 0.426203 0.307037 0.139616 27.602 29.750 0.769449 0.062800 0.062800 0.062800 0.062800 0.062800 0.062800 0.062800 0.062800 0.062800 0.062800 0.062800 0.062800 0.062800 0.062800
-123.7500 -69.2130 6.13462 0.426809 0.309025 0.141458 32.290 35.119 1.000000 0.110597 0.062800 0.062800 0.062800 0.062800 0.062800 0.062800 0.062800 0.062800 0.062800 0.062800 0.062800 0.062800 0.062800
-118.1250 -69.2130 6.17184 0.427249 0.310456 0.142784 32.295 35.150 1.000000 0.109660 0.062800 0.062800 0.062800 0.062800 0.062800 0.062800 0.062800 0.062800 0.062800 0.062800 0.062800 0.062800 0.062800
-112.5000 -69.2130 6.12813 0.426724 0.308759 0.141219 35.096 37.920 1.000000 0.278356 0.062800 0.062800 0.062800 0.062800 0.062800 0.062800 0.062800 0.062800 0.062800 0.062800 0.062800 0.062800 0.062800
-106.8750 -69.2130 6.34035 0.430833 0.320076 0.150279 69.321 72.326 1.000000 1.000000 1.000000 0.391757 0.062800 0.062800 0.062800 0.062800 0.062800 0.062800 0.062800 0.062800 0.062800 0.062800 0.062800
-101.2500 -69.2130 6.79326 0.439085 0.342550 0.169146 36.194 39.577 1.000000 0.270858 0.062800 0.062800 0.062800 0.062800 0.062800 0.062800 0.062800 0.062800 0.062800 0.062800 0.062800 0.062800 0.062800
-95.6250 -69.2130 6.61884 0.434944 0.332011 0.160921 25.112 27.006 0.588569 0.062800 0.062800 0.062800 0.062800 0.062800 0.062800 0.062800 0.062800 0.062800 0.062800 0.062800 0.062800 0.062800 0.062800
-90.0000 -69.2130 6.24136 0.428041 0.313048 0.145227 24.491 26.176 0.580134 0.062800 0.062800 0.062800 0.062800 0.062800 0.062800 0.062800 0.062800 0.062800 0.062800 0.062800 0.062800 0.062800 0.062800
-84.3750 -69.2130 6.11532 0.425142 0.305390 0.139449 27.949 30.194 0.805062 0.062800 0.062800 0.062800 0.062800 0.062800 0.062800 0.062800 0.062800 0.062800 0.062800 0.062800 0.062800 0.062800 0.062800
-78.7500 -69.2130 7.10931 0.434087 0.335807 0.171100 28.590 31.521 0.856608 0.062800 0.062800 0.062800 0.062800 0.062800 0.062800 0.062800 0.062800 0.062800 0.062800 0.062800 0.062800 0.062800 0.062800
-73.1250 -69.2130 5.73361 0.420718 0.290443 0.125881 37.001 39.519 1.000000 0.432057 0.062800 0.062800 0.062800 0.062800 0.062800 0.062800 0.062800 0.062800 0.062800 0.062800 0.062800 0.062800 0.062800
-67.5000 -69.2130 5.07775 0.414986 0.266385 0.103635 50.092 52.165 1.000000 1.000000 0.324279 0.062800 0.062800 0.062800 0.062800 0.062800 0.062800 0.062800 0.062800 0.062800 0.062800 0.062800 0.062800
-61.8750 -69.2130 4.78049 0.407966 0.245814 0.090180 63.261 65.065 1.000000 1.000000 1.000000 0.373950 0.062800 0.062800 0.062800 0.062800 0.062800 0.062800 0.062800 0.062800 0.062800 0.062800 0.062800
-56.2500 -69.2130 5.14481 0.412373 0.262682 0.103460 52.633 54.702 1.000000 1.000000 0.552018 0.062800 0.062800 0.062800 0.062800 0.062800 0.062800 0.062800 0.062800 0.062800 0.062800 0.062800 0.062800
-50.6250 -69.2130 6.65773 0.432440 0.327382 0.159350 29.545 32.347 0.879101 0.062800 0.062800 0.062800 0.062800 0.062800 0.062800 0.062800 0.062800 0.062800 0.062800 0.062800 0.062800 0.062800 0.062800
-45.0000 -69.2130 7.40387 0.439829 0.350214 0.183292 22.013 23.624 0.439554 0.062800 0.062800 0.062800 0.062800 0.062800 0.062800 0.062800 0.062800 0.062800 0.062800 0.062800 0.062800 0.062800 0.062800
-39.3750 -69.2130 6.37105 0.428934 0.316639 0.149208 25.689 27.644 0.655110 0.062800 0.062800 0.062800 0.062800 0.062800 0.062800 0.062800 0.062800 0.062800 0.062800 0.062800 0.062800 0.062800 0.062800
-33.7500 -69.2130 5.94805 0.423638 0.299808 0.133916 29.480 31.885 0.897845 0.062800 0.062800 0.062800 0.062800 0.062800 0.062800 0.062800 0.062800 0.062800 0.062800 0.062800 0.062800 0.062800 0.062800
-28.1250 -69.2130 6.15121 0.425699 0.307038 0.140845 33.835 36.652 1.000000 0.149267 0.068200 0.068200 0.068200 0.068200 0.068200 0.068200 0.068200 0.068200 0.068200 0.068200 0.068200 0.068200 0.068200
-22.5000 -69.2130 5.83873 0.421184 0.293143 0.128978 49.626 52.205 1.000000 1.000000 0.114521 0.075700 0.075700 0.075700 0.075700 0.075700 0.075700 0.075700 0.075700 0.075700 0.075700 0.075700 0.075700
-16.8750 -69.2130 6.21670 0.434293 0.325569 0.150576 54.112 57.124 1.000000 1.000000 0.227059 0.072100 0.072100 0.072100 0.072100 0.072100 0.072100 0.072100 0.072100 0.072100 0.072100 0.072100 0.072100
-11.2500 -69.2130 5.92424 0.427305 0.306862 0.136623 26.423 28.262 0.672917 0.062800 0.062800 0.062800 0.062800 0.062800 0.062800 0.062800 0.062800 0.062800 0.062800 0.062800 0.062800 0.062800 0.062800
0.0000 -74.7445 6.48608 0.433344 0.327102 0.156209 23.898 25.520 0.519216 0.062800 0.062800 0.062800 0.062800 0.062800 0.062800 0.062800 0.062800 0.062800 0.062800 0.062800 0.062800 0.062800 0.062800
5.6250 -74.7445 6.79432 0.436599 0.337437 0.166639 23.821 25.539 0.515468 0.062800 0.062800 0.062800 0.062800 0.062800 0.062800 0.062800 0.062800 0.062800 0.062800 0.062800 0.062800 0.062800 0.062800
16.8750 -74.7445 6.51821 0.435109 0.331134 0.158712 32.482 35.657 1.000000 0.067486 0.062800 0.062800 0.062800 0.062800 0.062800 0.062800 0.062800 0.062800 0.062800 0.062800 0.062800 0.062800 0.062800
22.5000 -74.7445 7.14272 0.441686 0.351521 0.179673 29.958 33.064 0.864106 0.062800 0.062800 0.062800 0.062800 0.062800 0.062800 0.062800 0.062800 0.062800 0.062800 0.062800 0.062800 0.062800 0.062800
28.1250 -74.7445 6.42192 0.433595 0.326805 0.154919 32.220 35.304 0.995314 0.062800 0.062800 0.062800 0.062800 0.062800 0.062800 0.062800 0.062800 0.062800 0.062800 0.062800 0.062800 0.062800 0.062800
33.7500 -74.7445 6.15176 0.431934 0.319761 0.146691 48.743 51.677 1.000000 1.000000 0.062800 0.062800 0.062800 0.062800 0.062800 0.062800 0.062800 0.062800 0.062800 0.062800 0.062800 0.062800 0.062800
39.3750 -74.7445 6.34094 0.431860 0.322183 0.151279 62.613 65.638 1.000000 1.000000 0.910029 0.062800 0.062800 0.062800 0.062800 0.062800 0.062800 0.062800 0.062800 0.062800 0.062800 0.062800 0.062800
45.0000 -74.7445 6.70207 0.435504 0.334140 0.163416 66.387 69.655 1.000000 1.000000 1.000000 0.197757 0.062800 0.062800 0.062800 0.062800 0.062800 0.062800 0.062800 0.062800 0.062800 0.062800 0.062800
50.6250 -74.7445 6.63219 0.432301 0.326789 0.158621 58.143 61.315 1.000000 1.000000 0.703845 0.062800 0.062800 0.062800 0.062800 0.062800 0.062800 0.062800 0.062800 0.062800 0.062800 0.062800 0.062800
56.2500 -74.7445 6.69960 0.432841 0.328695 0.160711 40.069 43.283 1.000000 0.568888 0.062800 0.062800 0.062800 0.062800 0.062800 0.062800 0.062800 0.062800 0.062800 0.062800 0.062800 0.062800 0.062800
61.8750 -74.7445 7.63371 0.444810 0.362298 0.193350 30.799 34.448 0.943768 0.062800 0.062800 0.062800 0.062800 0.062800 0.062800 0.062800 0.062800 0.062800 0.062800 0.062800 0.062800 0.062800 0.062800
67.5000 -74.7445 7.25628 0.440919 0.351037 0.181319 44.841 48.467 1.000000 0.825681 0.062800 0.062800 0.062800 0.062800 0.062800 0.062800 0.062800 0.062800 0.062800 0.062800 0.062800 0.062800 0.062800
73.1250 -74.7445 7.42997 0.443221 0.357323 0.187439 42.114 45.863 1.000000 0.662608 0.062800 0.062800 0.062800 0.062800 0.062800 0.062800 0.062800 0.062800 0.062800 0.062800 0.062800 0.062800 0.062800
78.7500 -74.7445 7.52118 0.445318 0.362400 0.191596 43.591 47.423 1.000000 0.735710 0.062800 0.062800 0.062800 0.062800 0.062800 0.062800 0.062800 0.062800 0.062800 0.062800 0.062800 0.062800 0.062800
84.3750 -74.7445 7.66818 0.447683 0.368451 0.197189 46.453 50.396 1.000000 0.895971 0.062800 0.062800 0.062800 0.062800 0.062800 0.062800 0.062800 0.062800 0.062800 0.062800 0.062800 0.062800 0.062800
90.0000 -74.7445 6.09530 0.427615 0.310080 0.141227 60.469 63.293 1.000000 1.000000 0.827555 0.062800 0.062800 0.062800 0.062800 0.062800 0.062800 0.062800 0.062800 0.062800 0.062800 0.062800 0.062800
95.6250 -74.7445 6.54516 0.435916 0.333132 0.160153 72.970 76.173 1.000000 1.000000 1.000000 0.527651 0.062800 0.062800 0.062800 0.062800 0.062800 0.062800 0.062800 0.062800 0.062800 0.062800 0.062800
101.2500 -74.7445 6.93523 0.440563 0.347124 0.173898 57.278 60.756 1.000000 1.000000 0.552956 0.062800 0.062800 0.062800 0.062800 0.062800 0.062800 0.062800 0.062800 0.062800 0.062800 0.062800 0.062800
106.8750 -74.7445 6.83317 0.437064 0.338822 0.167996 48.031 51.391 1.000000 0.995314 0.062800 0.062800 0.062800 0.062800 0.062800 0.062800 0.062800 0.062800 0.062800 0.062800 0.062800 0.062800 0.062800
112.5000 -74.7445 5.62969 0.425302 0.297943 0.127154 50.694 53.237 1.000000 1.000000 0.214626 0.062800 0.062800 0.062800 0.062800 0.062800 0.062800 0.062800 0.062800 0.062800 0.062800 0.062800 0.062800
146.2500 -74.7445 6.36373 0.432191 0.323164 0.152151 28.771 31.215 0.803188 0.062800 0.062800 0.062800 0.062800 0.062800 0.062800 0.062800 0.062800 0.062800 0.062800 0.062800 0.062800 0.062800 0.062800
151.8750 -74.7445 6.20008 0.430907 0.318312 0.146916 28.852 31.214 0.804125 0.062800 0.062800 0.062800 0.062800 0.062800 0.062800 0.062800 0.062800 0.062800 0.062800 0.062800 0.062800 0.062800 0.062800
157.5000 -74.7445 6.45167 0.434981 0.330045 0.156994 28.546 30.965 0.770386 0.062800 0.062800 0.062800 0.062800 0.062800 0.062800 0.062800 0.062800 0.062800 0.062800 0.062800 0.062800 0.062800 0.062800
163.1250 -74.7445 6.07358 0.426296 0.307086 0.139471 29.692 32.181 0.892222 0.062800 0.062800 0.062800 0.062800 0.062800 0.062800 0.062800 0.062800 0.062800 0.062800 0.062800 0.062800 0.062800 0.062800
168.7500 -74.7445 6.07213 0.424116 0.302690 0.137448 35.110 37.859 1.000000 0.308346 0.062800 0.062800 0.062800 0.062800 0.062800 0.062800 0.062800 0.062800 0.062800 0.062800 0.062800 0.062800 0.062800
174.3750 -74.7445 5.77908 0.420583 0.290949 0.126932 36.755 39.294 1.000000 0.424559 0.062800 0.062800 0.062800 0.062800 0.062800 0.062800 0.062800 0.062800 0.062800 0.062800 0.062800 0.062800 0.062800
180.0000 -74.7445 6.61774 0.431436 0.324866 0.157439 33.801 36.950 1.000000 0.202443 0.062800 0.062800 0.062800 0.062800 0.062800 0.062800 0.062800 0.062800 0.062800 0.062800 0.062800 0.062800 0.062800
-174.3750 -74.7445 7.06066 0.437199 0.341534 0.173212 30.937 34.258 0.958763 0.062800 0.062800 0.062800 0.062800 0.062800 0.062800 0.062800 0.062800 0.062800 0.062800 0.062800 0.062800 0.062800 0.062800
-168.7500 -74.7445 6.62790 0.432511 0.327161 0.158728 36.104 39.278 1.000000 0.327090 0.062800 0.062800 0.062800 0.062800 0.062800 0.062800 0.062800 0.062800 0.062800 0.062800 0.062800 0.062800 0.062800
-163.1250 -74.7445 6.29174 0.428736 0.315155 0.147107 34.777 37.719 1.000000 0.253052 0.062800 0.062800 0.062800 0.062800 0.062800 0.062800 0.062800 0.062800 0.062800 0.062800 0.062800 0.062800 0.062800
-157.5000 -74.7445 6.30012 0.429715 0.317255 0.148237 30.305 33.014 0.913778 0.062800 0.062800 0.062800 0.062800 0.062800 0.062800 0.062800 0.062800 0.062800 0.062800 0.062800 0.062800 0.062800 0.062800
-151.8750 -74.7445 7.17594 0.440980 0.350391 0.179652 25.717 27.969 0.626994 0.062800 0.062800 0.062800 0.062800 0.062800 0.062800 0.062800 0.062800 0.062800 0.062800 0.062800 0.062800 0.062800 0.062800
-146.2500 -74.7445 7.10194 0.441055 0.349822 0.178117 23.754 25.550 0.504221 0.062800 0.062800 0.062800 0.062800 0.062800 0.062800 0.062800 0.062800 0.062800 0.062800 0.062800 0.062800 0.062800 0.062800
-140.6250 -74.7445 7.41989 0.445172 0.361237 0.189326 22.977 24.709 0.457361 0.062800 0.062800 0.062800 0.062800 0.062800 0.062800 0.062800 0.062800 0.062800 0.062800 0.062800 0.062800 0.062800 0.062800
-135.0000 -74.7445 7.97887 0.450604 0.376742 0.206594 23.076 25.047 0.477042 0.062800 0.062800 0.062800 0.062800 0.062800 0.062800 0.062800 0.062800 0.062800 0.062800 0.062800 0.062800 0.062800 0.062800
-129.3750 -74.7445 8.26170 0.453035 0.383574 0.214712 24.215 26.598 0.554830 0.062800 0.062800 0.062800 0.062800 0.062800 0.062800 0.062800 0.062800 0.062800 0.062800 0.062800 0.062800 0.062800 0.062800
-123.7500 -74.7445 8.31154 0.453474 0.384778 0.216137 25.274 27.952 0.619497 0.062800 0.062800 0.062800 0.062800 0.062800 0.062800 0.062800 0.062800 0.062800 0.062800 0.062800 0.062800 0.062800 0.062800
-118.1250 -74.7445 8.21594 0.452286 0.381759 0.213007 27.331 30.485 0.740396 0.062800 0.062800 0.062800 0.062800 0.062800 0.062800 0.062800 0.062800 0.062800 0.062800 0.062800 0.062800 0.062800 0.062800
-112.5000 -74.7445 7.91471 0.448615 0.372220 0.203123 30.715 34.522 0.937208 0.062800 0.062800 0.062800 0.062800 0.062800 0.062800 0.062800 0.062800 0.062800 0.062800 0.062800 0.062800 0.062800 0.062800
-106.8750 -74.7445 7.56427 0.444803 0.361706 0.191924 35.470 39.308 1.000000 0.272733 0.062800 0.062800 0.062800 0.062800 0.062800 0.062800 0.062800 0.062800 0.062800 0.062800 0.062800 0.062800 0.062800
-101.2500 -74.7445 7.69018 0.446147 0.365478 0.195948 39.627 43.546 1.000000 0.521091 0.062800 0.062800 0.062800 0.062800 0.062800 0.062800 0.062800 0.062800 0.062800 0.062800 0.062800 0.062800 0.062800
-95.6250 -74.7445 7.75919 0.446698 0.367144 0.197936 28.911 32.195 0.829430 0.062800 0.062800 0.062800 0.062800 0.062800 0.062800 0.062800 0.062800 0.062800 0.062800 0.062800 0.062800 0.062800 0.062800
-90.0000 -74.7445 7.00109 0.437382 0.341282 0.172087 25.881 28.119 0.650424 0.062800 0.062800 0.062800 0.062800 0.062800 0.062800 0.062800 0.062800 0.062800 0.062800 0.062800 0.062800 0.062800 0.062800
-84.3750 -74.7445 7.54807 0.443856 0.359641 0.190569 24.562 26.748 0.573574 0.062800 0.062800 0.062800 0.062800 0.062800 0.062800 0.062800 0.062800 0.062800 0.062800 0.062800 0.062800 0.062800 0.062800
-78.7500 -74.7445 7.15233 0.438767 0.345646 0.176829 25.348 27.549 0.622308 0.062800 0.062800 0.062800 0.062800 0.062800 0.062800 0.062800 0.062800 0.062800 0.062800 0.062800 0.062800 0.062800 0.062800
-73.1250 -74.7445 6.27553 0.428532 0.314517 0.146520 28.122 30.451 0.794753 0.062800 0.062800 0.062800 0.062800 0.062800 0.062800 0.062800 0.062800 0.062800 0.062800 0.062800 0.062800 0.062800 0.062800
-67.5000 -74.7445 6.40174 0.430018 0.319238 0.150976 32.030 35.049 1.000000 0.087167 0.062800 0.062800 0.062800 0.062800 0.062800 0.062800 0.062800 0.062800 0.062800 0.062800 0.062800 0.062800 0.062800
-61.8750 -74.7445 6.17187 0.427263 0.310485 0.142798 34.859 37.715 1.000000 0.262424 0.062800 0.062800 0.062800 0.062800 0.062800 0.062800 0.062800 0.062800 0.062800 0.062800 0.062800 0.062800 0.062800
-56.2500 -74.7445 7.16636 0.439433 0.347139 0.177826 28.263 31.073 0.790067 0.062800 0.062800 0.062800 0.062800 0.062800 0.062800 0.062800 0.062800 0.062800 0.062800 0.062800 0.062800 0.062800 0.062800
-50.6250 -74.7445 8.30955 0.453278 0.384368 0.215877 24.778 27.331 0.591381 0.062800 0.062800 0.062800 0.062800 0.062800 0.062800 0.062800 0.062800 0.062800 0.062800 0.062800 0.062800 0.062800 0.062800
-45.0000 -74.7445 7.81658 0.446977 0.368153 0.199382 23.427 25.457 0.508907 0.062800 0.062800 0.062800 0.062800 0.062800 0.062800 0.062800 0.062800 0.062800 0.062800 0.062800 0.062800 0.062800 0.062800
-39.3750 -74.7445 7.32483 0.439759 0.349331 0.181558 21.732 23.243 0.416124 0.062800 0.062800 0.062800 0.062800 0.062800 0.062800 0.062800 0.062800 0.062800 0.062800 0.062800 0.062800 0.062800 0.062800
-33.7500 -74.7445 7.03718 0.436541 0.339958 0.172022 21.580 22.976 0.405815 0.062800 0.062800 0.062800 0.062800 0.062800 0.062800 0.062800 0.062800 0.062800 0.062800 0.062800 0.062800 0.062800 0.062800
-28.1250 -74.7445 6.33701 0.427759 0.313812 0.147279 26.394 28.473 0.705719 0.062800 0.062800 0.062800 0.062800 0.062800 0.062800 0.062800 0.062800 0.062800 0.062800 0.062800 0.062800 0.062800 0.062800
-22.5000 -74.7445 6.00597 0.422674 0.298798 0.134506 28.564 30.876 0.859420 0.062800 0.062800 0.062800 0.062800 0.062800 0.062800 0.062800 0.062800 0.062800 0.062800 0.062800 0.062800 0.062800 0.062800
-16.8750 -74.7445 6.37045 0.433132 0.325186 0.153225 28.769 31.202 0.793816 0.062800 0.062800 0.062800 0.062800 0.062800 0.062800 0.062800 0.062800 0.062800 0.062800 0.062800 0.062800 0.062800 0.062800
-11.2500 -74.7445 6.46448 0.434323 0.328844 0.156653 26.436 28.491 0.656048 0.062800 0.062800 0.062800 0.062800 0.062800 0.062800 0.062800 0.062800 0.062800 0.062800 0.062800 0.062800 0.062800 0.062800
-5.6250 -74.7445 6.58342 0.435355 0.332433 0.160499 24.946 26.781 0.571700 0.062800 0.062800 0.062800 0.062800 0.062800 0.062800 0.062800 0.062800 0.062800 0.062800 0.062800 0.062800 0.062800 0.062800
0.0000 -80.2688 7.19104 0.440659 0.349881 0.179642 25.705 27.971 0.630743 0.062800 0.062800 0.062800 0.062800 0.062800 0.062800 0.062800 0.062800 0.062800 0.062800 0.062800 0.062800 0.062800 0.062800
5.6250 -80.2688 6.65923 0.435391 0.333407 0.162309 26.797 29.027 0.686975 0.062800 0.062800 0.062800 0.062800 0.062800 0.062800 0.062800 0.062800 0.062800 0.062800 0.062800 0.062800 0.062800 0.062800
11.2500 -80.2688 6.13192 0.427771 0.310934 0.142283 26.761 28.775 0.707594 0.062800 0.062800 0.062800 0.062800 0.062800 0.062800 0.062800 0.062800 0.062800 0.062800 0.062800 0.062800 0.062800 0.062800
16.8750 -80.2688 6.55393 0.430359 0.321900 0.154905 25.356 27.336 0.639178 0.062800 0.062800 0.062800 0.062800 0.062800 0.062800 0.062800 0.062800 0.062800 0.062800 0.062800 0.062800 0.062800 0.062800
22.5000 -80.2688 5.98464 0.423780 0.300668 0.134963 26.558 28.511 0.723526 0.062800 0.062800 0.062800 0.062800 0.062800 0.062800 0.062800 0.062800 0.062800 0.062800 0.062800 0.062800 0.062800 0.062800
28.1250 -80.2688 6.15038 0.426800 0.309238 0.141839 30.438 33.102 0.939082 0.062800 0.062800 0.062800 0.062800 0.062800 0.062800 0.062800 0.062800 0.062800 0.062800 0.062800 0.062800 0.062800 0.062800
33.7500 -80.2688 5.81343 0.421158 0.292670 0.128310 34.337 36.903 1.000000 0.272733 0.062800 0.062800 0.062800 0.062800 0.062800 0.062800 0.062800 0.062800 0.062800 0.062800 0.062800 0.062800 0.062800
39.3750 -80.2688 6.95676 0.433576 0.333132 0.167246 30.427 33.622 0.955014 0.062800 0.062800 0.062800 0.062800 0.062800 0.062800 0.062800 0.062800 0.062800 0.062800 0.062800 0.062800 0.062800 0.062800
45.0000 -80.2688 7.03936 0.436079 0.339049 0.171599 25.582 27.808 0.648550 0.062800 0.062800 0.062800 0.062800 0.062800 0.062800 0.062800 0.062800 0.062800 0.062800 0.062800 0.062800 0.062800 0.062800
50.6250 -80.2688 7.56077 0.442399 0.356797 0.189264 24.229 26.375 0.567014 0.062800 0.062800 0.062800 0.062800 0.062800 0.062800 0.062800 0.062800 0.062800 0.062800 0.062800 0.062800 0.062800 0.062800
56.2500 -80.2688 7.76163 0.444866 0.363446 0.195980 26.118 28.785 0.680415 0.062800 0.062800 0.062800 0.062800 0.062800 0.062800 0.062800 0.062800 0.062800 0.062800 0.062800 0.062800 0.062800 0.062800
61.8750 -80.2688 7.64612 0.442469 0.357668 0.191074 28.949 32.230 0.858483 0.062800 0.062800 0.062800 0.062800 0.062800 0.062800 0.062800 0.062800 0.062800 0.062800 0.062800 0.062800 0.062800 0.062800
67.5000 -80.2688 6.67985 0.433202 0.329188 0.160612 30.131 33.048 0.908154 0.062800 0.062800 0.062800 0.062800 0.062800 0.062800 0.062800 0.062800 0.062800 0.062800 0.062800 0.062800 0.062800 0.062800
73.1250 -80.2688 6.46335 0.430801 0.321629 0.153197 32.236 35.300 1.000000 0.097476 0.062800 0.062800 0.062800 0.062800 0.062800 0.062800 0.062800 0.062800 0.062800 0.062800 0.062800 0.062800 0.062800
78.7500 -80.2688 6.12813 0.426724 0.308759 0.141219 33.510 36.334 1.000000 0.183699 0.062800 0.062800 0.062800 0.062800 0.062800 0.062800 0.062800 0.062800 0.062800 0.062800 0.062800 0.062800 0.062800
84.3750 -80.2688 6.16695 0.427175 0.310235 0.142595 33.326 36.177 1.000000 0.171515 0.062800 0.062800 0.062800 0.062800 0.062800 0.062800 0.062800 0.062800 0.062800 0.062800 0.062800 0.062800 0.062800
90.0000 -80.2688 6.12982 0.426777 0.308891 0.141310 32.104 34.931 1.000000 0.099351 0.062800 0.062800 0.062800 0.062800 0.062800 0.062800 0.062800 0.062800 0.062800 0.062800 0.062800 0.062800 0.062800
95.6250 -80.2688 5.73967 0.421346 0.291799 0.126580 43.466 45.998 1.000000 0.814434 0.062800 0.062800 0.062800 0.062800 0.062800 0.062800 0.062800 0.062800 0.062800 0.062800 0.062800 0.062800 0.062800
101.2500 -80.2688 5.21595 0.413933 0.267231 0.106598 59.603 61.735 1.000000 1.000000 0.956889 0.062800 0.062800 0.062800 0.062800 0.062800 0.062800 0.062800 0.062800 0.062800 0.062800 0.062800 0.062800
106.8750 -80.2688 5.57617 0.417893 0.282051 0.119392 61.544 63.932 1.000000 1.000000 1.000000 0.092790 0.062800 0.062800 0.062800 0.062800 0.062800 0.062800 0.062800 0.062800 0.062800 0.062800 0.062800
112.5000 -80.2688 4.82366 0.408235 0.247378 0.091572 63.390 65.221 1.000000 1.000000 1.000000 0.377699 0.062800 0.062800 0.062800 0.062800 0.062800 0.062800 0.062800 0.062800 0.062800 0.062800 0.062800
118.1250 -80.2688 5.75157 0.421004 0.291320 0.126591 51.890 54.422 1.000000 1.000000 0.396443 0.062800 0.062800 0.062800 0.062800 0.062800 0.062800 0.062800 0.062800 0.062800 0.062800 0.062800 0.062800
123.7500 -80.2688 5.85222 0.426076 0.303215 0.133662 47.197 49.870 1.000000 0.967198 0.062800 0.062800 0.062800 0.062800 0.062800 0.062800 0.062800 0.062800 0.062800 0.062800 0.062800 0.062800 0.062800
129.3750 -80.2688 5.98803 0.427625 0.308497 0.138540 45.286 48.057 1.000000 0.848174 0.062800 0.062800 0.062800 0.062800 0.062800 0.062800 0.062800 0.062800 0.062800 0.062800 0.062800 0.062800 0.062800
135.0000 -80.2688 6.52637 0.434491 0.329959 0.158294 44.020 47.186 1.000000 0.747893 0.062800 0.062800 0.062800 0.062800 0.062800 0.062800 0.062800 0.062800 0.062800 0.062800 0.062800 0.062800 0.062800
140.6250 -80.2688 6.28799 0.431442 0.320617 0.149588 38.247 41.238 1.000000 0.419873 0.062800 0.062800 0.062800 0.062800 0.062800 0.062800 0.062800 0.062800 0.062800 0.062800 0.062800 0.062800 0.062800
146.2500 -80.2688 6.14684 0.427365 0.310328 0.142275 40.668 43.514 1.000000 0.603564 0.062800 0.062800 0.062800 0.062800 0.062800 0.062800 0.062800 0.062800 0.062800 0.062800 0.062800 0.062800 0.062800
151.8750 -80.2688 6.27679 0.426888 0.311227 0.145010 42.436 45.336 1.000000 0.736647 0.062800 0.062800 0.062800 0.062800 0.062800 0.062800 0.062800 0.062800 0.062800 0.062800 0.062800 0.062800 0.062800
157.5000 -80.2688 5.65580 0.418990 0.285653 0.122389 41.820 44.268 1.000000 0.745082 0.062800 0.062800 0.062800 0.062800 0.062800 0.062800 0.062800 0.062800 0.062800 0.062800 0.062800 0.062800 0.062800
163.1250 -80.2688 5.58767 0.418108 0.282687 0.119873 52.264 54.661 1.000000 1.000000 0.456424 0.062800 0.062800 0.062800 0.062800 0.062800 0.062800 0.062800 0.062800 0.062800 0.062800 0.062800 0.062800
168.7500 -80.2688 6.18134 0.425771 0.307623 0.141650 53.247 56.080 1.000000 1.000000 0.454550 0.062800 0.062800 0.062800 0.062800 0.062800 0.062800 0.062800 0.062800 0.062800 0.062800 0.062800 0.062800
174.3750 -80.2688 6.48344 0.429854 0.319980 0.152762 57.595 60.651 1.000000 1.000000 0.690724 0.062800 0.062800 0.062800 0.062800 0.062800 0.062800 0.062800 0.062800 0.062800 0.062800 0.062800 0.062800
180.0000 -80.2688 6.84168 0.435118 0.334949 0.166220 47.853 51.177 1.000000 1.000000 0.082481 0.062800 0.062800 0.062800 0.062800 0.062800 0.062800 0.062800 0.062800 0.062800 0.062800 0.062800 0.062800
-174.3750 -80.2688 7.29432 0.441001 0.351562 0.182217 47.250 50.894 1.000000 0.973758 0.062800 0.062800 0.062800 0.062800 0.062800 0.062800 0.062800 0.062800 0.062800 0.062800 0.062800 0.062800 0.062800
-168.7500 -80.2688 7.36728 0.441928 0.354124 0.184744 54.498 58.193 1.000000 1.000000 0.463922 0.062800 0.062800 0.062800 0.062800 0.062800 0.062800 0.062800 0.062800 0.062800 0.062800 0.062800 0.062800
-163.1250 -80.2688 7.71551 0.446187 0.365761 0.196502 48.939 52.869 1.000000 1.000000 0.137776 0.062800 0.062800 0.062800 0.062800 0.062800 0.062800 0.062800 0.062800 0.062800 0.062800 0.062800 0.062800
-157.5000 -80.2688 8.40065 0.454576 0.387560 0.219036 37.766 42.146 1.000000 0.424559 0.062800 0.062800 0.062800 0.062800 0.062800 0.062800 0.062800 0.062800 0.062800 0.062800 0.062800 0.062800 0.062800
-151.8750 -80.2688 8.27429 0.453019 0.383621 0.214928 31.511 35.761 0.988754 0.062800 0.062800 0.062800 0.062800 0.062800 0.062800 0.062800 0.062800 0.062800 0.062800 0.062800 0.062800 0.062800 0.062800
-146.2500 -80.2688 8.46543 0.455366 0.389544 0.221120 27.799 31.210 0.771323 0.062800 0.062800 0.062800 0.062800 0.062800 0.062800 0.062800 0.062800 0.062800 0.062800 0.062800 0.062800 0.062800 0.062800
-140.6250 -80.2688 8.56100 0.456539 0.392469 0.224194 26.071 29.076 0.670106 0.062800 0.062800 0.062800 0.062800 0.062800 0.062800 0.062800 0.062800 0.062800 0.062800 0.062800 0.062800 0.062800 0.062800
-135.0000 -80.2688 8.46437 0.455611 0.390038 0.221385 23.759 26.103 0.529526 0.062800 0.062800 0.062800 0.062800 0.062800 0.062800 0.062800 0.062800 0.062800 0.062800 0.062800 0.062800 0.062800 0.062800
-129.3750 -80.2688 8.55294 0.456458 0.392260 0.223956 24.041 26.501 0.549207 0.062800 0.062800 0.062800 0.062800 0.062800 0.062800 0.062800 0.062800 0.062800 0.062800 0.062800 0.062800 0.062800 0.062800
-123.7500 -80.2688 8.56746 0.456609 0.392648 0.224390 25.106 27.857 0.612936 0.062800 0.062800 0.062800 0.062800 0.062800 0.062800 0.062800 0.062800 0.062800 0.062800 0.062800 0.062800 0.062800 0.062800
-118.1250 -80.2688 8.56746 0.456609 0.392648 0.224390 27.046 30.314 0.728212 0.062800 0.062800 0.062800 0.062800 0.062800 0.062800 0.062800 0.062800 0.062800 0.062800 0.062800 0.062800 0.062800 0.062800
-112.5000 -80.2688 8.56746 0.456609 0.392648 0.224390 29.963 34.009 0.901594 0.062800 0.062800 0.062800 0.062800 0.062800 0.062800 0.062800 0.062800 0.062800 0.062800 0.062800 0.062800 0.062800 0.062800
-106.8750 -80.2688 8.56746 0.456609 0.392648 0.224390 33.984 38.472 1.000000 0.203380 0.062800 0.062800 0.062800 0.062800 0.062800 0.062800 0.062800 0.062800 0.062800 0.062800 0.062800 0.062800 0.062800
-101.2500 -80.2688 8.52698 0.456120 0.391428 0.223100 39.488 43.950 1.000000 0.529526 0.062800 0.062800 0.062800 0.062800 0.062800 0.062800 0.062800 0.062800 0.062800 0.062800 0.062800 0.062800 0.062800
-95.6250 -80.2688 8.47512 0.455471 0.389815 0.221417 48.374 52.803 1.000000 1.000000 0.119032 0.062800 0.062800 0.062800 0.062800 0.062800 0.062800 0.062800 0.062800 0.062800 0.062800 0.062800 0.062800
-90.0000 -80.2688 7.88555 0.448256 0.371274 0.202154 49.929 53.972 1.000000 1.000000 0.198694 0.062800 0.062800 0.062800 0.062800 0.062800 0.062800 0.062800 0.062800 0.062800 0.062800 0.062800 0.062800
-84.3750 -80.2688 7.70899 0.446089 0.365508 0.196263 40.005 43.930 1.000000 0.547332 0.062800 0.062800 0.062800 0.062800 0.062800 0.062800 0.062800 0.062800 0.062800 0.062800 0.062800 0.062800 0.062800
-78.7500 -80.2688 8.00059 0.449683 0.375010 0.205981 35.534 39.654 1.000000 0.285854 0.062800 0.062800 0.062800 0.062800 0.062800 0.062800 0.062800 0.062800 0.062800 0.062800 0.062800 0.062800 0.062800
-73.1250 -80.2688 8.17742 0.451977 0.380881 0.211934 34.314 38.552 1.000000 0.214626 0.062800 0.062800 0.062800 0.062800 0.062800 0.062800 0.062800 0.062800 0.062800 0.062800 0.062800 0.062800 0.062800
-67.5000 -80.2688 7.91715 0.449023 0.373070 0.203625 36.606 40.679 1.000000 0.343960 0.062800 0.062800 0.062800 0.062800 0.062800 0.062800 0.062800 0.062800 0.062800 0.062800 0.062800 0.062800 0.062800
-61.8750 -80.2688 7.87999 0.448611 0.371958 0.202440 44.820 48.869 1.000000 0.827555 0.062800 0.062800 0.062800 0.062800 0.062800 0.062800 0.062800 0.062800 0.062800 0.062800 0.062800 0.062800 0.062800
-56.2500 -80.2688 7.85272 0.449146 0.372853 0.202498 38.942 42.992 1.000000 0.469545 0.062800 0.062800 0.062800 0.062800 0.062800 0.062800 0.062800 0.062800 0.062800 0.062800 0.062800 0.062800 0.062800
-50.6250 -80.2688 8.06318 0.451676 0.379512 0.209425 34.816 39.005 1.000000 0.230559 0.062800 0.062800 0.062800 0.062800 0.062800 0.062800 0.062800 0.062800 0.062800 0.062800 0.062800 0.062800 0.062800
-45.0000 -80.2688 7.07865 0.439739 0.346890 0.176232 26.648 29.053 0.682289 0.062800 0.062800 0.062800 0.062800 0.062800 0.062800 0.062800 0.062800 0.062800 0.062800 0.062800 0.062800 0.062800 0.062800
-39.3750 -80.2688 6.46401 0.431113 0.322271 0.153514 24.311 26.035 0.561390 0.062800 0.062800 0.062800 0.062800 0.062800 0.062800 0.062800 0.062800 0.062800 0.062800 0.062800 0.062800 0.062800 0.062800
-33.7500 -80.2688 6.87787 0.435817 0.336772 0.167743 21.879 23.272 0.415187 0.062800 0.062800 0.062800 0.062800 0.062800 0.062800 0.062800 0.062800 0.062800 0.062800 0.062800 0.062800 0.062800 0.062800
-28.1250 -80.2688 7.43172 0.441062 0.352954 0.185176 20.428 21.681 0.338337 0.062800 0.062800 0.062800 0.062800 0.062800 0.062800 0.062800 0.062800 0.062800 0.062800 0.062800 0.062800 0.062800 0.062800
-22.5000 -80.2688 7.19361 0.438141 0.344792 0.177072 21.065 22.399 0.376762 0.062800 0.062800 0.062800 0.062800 0.062800 0.062800 0.062800 0.062800 0.062800 0.062800 0.062800 0.062800 0.062800 0.062800
-16.8750 -80.2688 6.22351 0.426314 0.309320 0.143182 25.117 26.929 0.632618 0.062800 0.062800 0.062800 0.062800 0.062800 0.062800 0.062800 0.062800 0.062800 0.062800 0.062800 0.062800 0.062800 0.062800
-11.2500 -80.2688 6.59845 0.431267 0.324287 0.156826 23.449 25.084 0.521091 0.062800 0.062800 0.062800 0.062800 0.062800 0.062800 0.062800 0.062800 0.062800 0.062800 0.062800 0.062800 0.062800 0.062800
-5.6250 -80.2688 6.33047 0.429144 0.316512 0.148430 27.333 29.550 0.746956 0.062800 0.062800 0.062800 0.062800 0.062800 0.062800 0.062800 0.062800 0.062800 0.062800 0.062800 0.062800 0.062800 0.062800
0.0000 -85.7606 7.69741 0.445088 0.363382 0.194938 19.893 21.070 0.301786 0.062800 0.062800 0.062800 0.062800 0.062800 0.062800 0.062800 0.062800 0.062800 0.062800 0.062800 0.062800 0.062800 0.062800
5.6250 -85.7606 6.98295 0.437011 0.340336 0.171305 20.057 21.111 0.307409 0.062800 0.062800 0.062800 0.062800 0.062800 0.062800 0.062800 0.062800 0.062800 0.062800 0.062800 0.062800 0.062800 0.062800
11.2500 -85.7606 7.42429 0.441280 0.353326 0.185251 19.960 21.102 0.308346 0.062800 0.062800 0.062800 0.062800 0.062800 0.062800 0.062800 0.062800 0.062800 0.062800 0.062800 0.062800 0.062800 0.062800
16.8750 -85.7606 7.51397 0.442652 0.356903 0.188574 20.085 21.269 0.313970 0.062800 0.062800 0.062800 0.062800 0.062800 0.062800 0.062800 0.062800 0.062800 0.062800 0.062800 0.062800 0.062800 0.062800
22.5000 -85.7606 7.63463 0.443752 0.360159 0.192223 20.258 21.515 0.327090 0.062800 0.062800 0.062800 0.062800 0.062800 0.062800 0.062800 0.062800 0.062800 0.062800 0.062800 0.062800 0.062800 0.062800
28.1250 -85.7606 7.74481 0.445119 0.363825 0.195921 20.553 21.904 0.344897 0.062800 0.062800 0.062800 0.062800 0.062800 0.062800 0.062800 0.062800 0.062800 0.062800 0.062800 0.062800 0.062800 0.062800
33.7500 -85.7606 8.01013 0.449717 0.375147 0.206203 21.155 22.694 0.373013 0.062800 0.062800 0.062800 0.062800 0.062800 0.062800 0.062800 0.062800 0.062800 0.062800 0.062800 0.062800 0.062800 0.062800
39.3750 -85.7606 8.02607 0.449794 0.375414 0.206595 21.868 23.587 0.416124 0.062800 0.062800 0.062800 0.062800 0.062800 0.062800 0.062800 0.062800 0.062800 0.062800 0.062800 0.062800 0.062800 0.062800
45.0000 -85.7606 8.12219 0.450481 0.377470 0.209200 22.711 24.680 0.470482 0.062800 0.062800 0.062800 0.062800 0.062800 0.062800 0.062800 0.062800 0.062800 0.062800 0.062800 0.062800 0.062800 0.062800
50.6250 -85.7606 7.96968 0.449242 0.373893 0.204890 24.283 26.568 0.557642 0.062800 0.062800 0.062800 0.062800 0.062800 0.062800 0.062800 0.062800 0.062800 0.062800 0.062800 0.062800 0.062800 0.062800
56.2500 -85.7606 7.79736 0.446094 0.366214 0.198032 26.246 28.944 0.681352 0.062800 0.062800 0.062800 0.062800 0.062800 0.062800 0.062800 0.062800 0.062800 0.062800 0.062800 0.062800 0.062800 0.062800
61.8750 -85.7606 7.11945 0.438887 0.345561 0.176239 30.105 33.273 0.898782 0.062800 0.062800 0.062800 0.062800 0.062800 0.062800 0.062800 0.062800 0.062800 0.062800 0.062800 0.062800 0.062800 0.062800
67.5000 -85.7606 6.96233 0.436960 0.340012 0.170794 33.861 37.277 1.000000 0.184636 0.062800 0.062800 0.062800 0.062800 0.062800 0.062800 0.062800 0.062800 0.062800 0.062800 0.062800 0.062800 0.062800
73.1250 -85.7606 7.05790 0.438133 0.343401 0.174112 30.179 33.325 0.903468 0.062800 0.062800 0.062800 0.062800 0.062800 0.062800 0.062800 0.062800 0.062800 0.062800 0.062800 0.062800 0.062800 0.062800
78.7500 -85.7606 7.20367 0.439916 0.348487 0.179136 27.650 30.350 0.753516 0.062800 0.062800 0.062800 0.062800 0.062800 0.062800 0.062800 0.062800 0.062800 0.062800 0.062800 0.062800 0.062800 0.062800
84.3750 -85.7606 7.35590 0.441769 0.353697 0.184335 25.842 28.227 0.646676 0.062800 0.062800 0.062800 0.062800 0.062800 0.062800 0.062800 0.062800 0.062800 0.062800 0.062800 0.062800 0.062800 0.062800
90.0000 -85.7606 7.59890 0.444764 0.361916 0.192591 24.425 26.594 0.563265 0.062800 0.062800 0.062800 0.062800 0.062800 0.062800 0.062800 0.062800 0.062800 0.062800 0.062800 0.062800 0.062800 0.062800
95.6250 -85.7606 7.84024 0.447720 0.369846 0.200670 23.309 25.310 0.498598 0.062800 0.062800 0.062800 0.062800 0.062800 0.062800 0.062800 0.062800 0.062800 0.062800 0.062800 0.062800 0.062800 0.062800
101.2500 -85.7606 8.07183 0.450542 0.377254 0.208312 22.406 24.269 0.447052 0.062800 0.062800 0.062800 0.062800 0.062800 0.062800 0.062800 0.062800 0.062800 0.062800 0.062800 0.062800 0.062800 0.062800
106.8750 -85.7606 8.20468 0.452184 0.381479 0.212680 21.754 23.496 0.409564 0.062800 0.062800 0.062800 0.062800 0.062800 0.062800 0.062800 0.062800 0.062800 0.062800 0.062800 0.062800 0.062800 0.062800
112.5000 -85.7606 7.94218 0.448921 0.373043 0.203999 21.770 23.437 0.408627 0.062800 0.062800 0.062800 0.062800 0.062800 0.062800 0.062800 0.062800 0.062800 0.062800 0.062800 0.062800 0.062800 0.062800
118.1250 -85.7606 7.46177 0.442590 0.356318 0.187427 25.248 27.557 0.615748 0.062800 0.062800 0.062800 0.062800 0.062800 0.062800 0.062800 0.062800 0.062800 0.062800 0.062800 0.062800 0.062800 0.062800
123.7500 -85.7606 7.89947 0.448123 0.371106 0.202279 23.087 25.062 0.488289 0.062800 0.062800 0.062800 0.062800 0.062800 0.062800 0.062800 0.062800 0.062800 0.062800 0.062800 0.062800 0.062800 0.062800
129.3750 -85.7606 8.55934 0.456500 0.392381 0.224119 19.950 21.324 0.306472 0.062800 0.062800 0.062800 0.062800 0.062800 0.062800 0.062800 0.062800 0.062800 0.062800 0.062800 0.062800 0.062800 0.062800
135.0000 -85.7606 8.54150 0.456271 0.391816 0.223535 19.921 21.283 0.304598 0.062800 0.062800 0.062800 0.062800 0.062800 0.062800 0.062800 0.062800 0.062800 0.062800 0.062800 0.062800 0.062800 0.062800
140.6250 -85.7606 8.58328 0.456629 0.392775 0.224694 19.756 21.086 0.296163 0.062800 0.062800 0.062800 0.062800 0.062800 0.062800 0.062800 0.062800 0.062800 0.062800 0.062800 0.062800 0.062800 0.062800
146.2500 -85.7606 8.57537 0.456619 0.392711 0.224543 19.766 21.096 0.296163 0.062800 0.062800 0.062800 0.062800 0.062800 0.062800 0.062800 0.062800 0.062800 0.062800 0.062800 0.062800 0.062800 0.062800
151.8750 -85.7606 8.56586 0.456599 0.392618 0.224350 19.778 21.106 0.296163 0.062800 0.062800 0.062800 0.062800 0.062800 0.062800 0.062800 0.062800 0.062800 0.062800 0.062800 0.062800 0.062800 0.062800
157.5000 -85.7606 8.53018 0.456141 0.391488 0.223181 19.798 21.124 0.297100 0.062800 0.062800 0.062800 0.062800 0.062800 0.062800 0.062800 0.062800 0.062800 0.062800 0.062800 0.062800 0.062800 0.062800
163.1250 -85.7606 8.51237 0.455926 0.390951 0.222613 19.802 21.124 0.297100 0.062800 0.062800 0.062800 0.062800 0.062800 0.062800 0.062800 0.062800 0.062800 0.062800 0.062800 0.062800 0.062800 0.062800
168.7500 -85.7606 8.50102 0.455781 0.390593 0.222242 19.803 21.124 0.297100 0.062800 0.062800 0.062800 0.062800 0.062800 0.062800 0.062800 0.062800 0.062800 0.062800 0.062800 0.062800 0.062800 0.062800
174.3750 -85.7606 8.56743 0.456595 0.392619 0.224373 19.791 21.124 0.297100 0.062800 0.062800 0.062800 0.062800 0.062800 0.062800 0.062800 0.062800 0.062800 0.062800 0.062800 0.062800 0.062800 0.062800
180.0000 -85.7606 8.56586 0.456599 0.392618 0.224350 19.778 21.106 0.296163 0.062800 0.062800 0.062800 0.062800 0.062800 0.062800 0.062800 0.062800 0.062800 0.062800 0.062800 0.062800 0.062800 0.062800
-174.3750 -85.7606 8.53184 0.456180 0.391577 0.223256 19.800 21.126 0.297100 0.062800 0.062800 0.062800 0.062800 0.062800 0.062800 0.062800 0.062800 0.062800 0.062800 0.062800 0.062800 0.062800 0.062800
-168.7500 -85.7606 8.52535 0.456095 0.391368 0.223042 19.800 21.126 0.297100 0.062800 0.062800 0.062800 0.062800 0.062800 0.062800 0.062800 0.062800 0.062800 0.062800 0.062800 0.062800 0.062800 0.062800
-163.1250 -85.7606 8.55937 0.456514 0.392410 0.224136 19.794 21.126 0.297100 0.062800 0.062800 0.062800 0.062800 0.062800 0.062800 0.062800 0.062800 0.062800 0.062800 0.062800 0.062800 0.062800 0.062800
-157.5000 -85.7606 8.56743 0.456595 0.392619 0.224373 19.791 21.124 0.297100 0.062800 0.062800 0.062800 0.062800 0.062800 0.062800 0.062800 0.062800 0.062800 0.062800 0.062800 0.062800 0.062800 0.062800
-151.8750 -85.7606 8.56743 0.456595 0.392619 0.224373 19.791 21.124 0.297100 0.062800 0.062800 0.062800 0.062800 0.062800 0.062800 0.062800 0.062800 0.062800 0.062800 0.062800 0.062800 0.062800 0.062800
-146.2500 -85.7606 8.56743 0.456595 0.392619 0.224373 19.791 21.124 0.297100 0.062800 0.062800 0.062800 0.062800 0.062800 0.062800 0.062800 0.062800 0.062800 0.062800 0.062800 0.062800 0.062800 0.062800
-140.6250 -85.7606 8.56743 0.456595 0.392619 0.224373 19.791 21.124 0.297100 0.062800 0.062800 0.062800 0.062800 0.062800 0.062800 0.062800 0.062800 0.062800 0.062800 0.062800 0.062800 0.062800 0.062800
-135.0000 -85.7606 8.56743 0.456595 0.392619 0.224373 19.791 21.124 0.297100 0.062800 0.062800 0.062800 0.062800 0.062800 0.062800 0.062800 0.062800 0.062800 0.062800 0.062800 0.062800 0.062800 0.062800
-129.3750 -85.7606 8.56743 0.456595 0.392619 0.224373 19.791 21.124 0.297100 0.062800 0.062800 0.062800 0.062800 0.062800 0.062800 0.062800 0.062800 0.062800 0.062800 0.062800 0.062800 0.062800 0.062800
-123.7500 -85.7606 8.56743 0.456595 0.392619 0.224373 19.002 20.125 0.250240 0.062800 0.062800 0.062800 0.062800 0.062800 0.062800 0.062800 0.062800 0.062800 0.062800 0.062800 0.062800 0.062800 0.062800
-118.1250 -85.7606 8.56743 0.456595 0.392619 0.224373 19.002 20.125 0.250240 0.062800 0.062800 0.062800 0.062800 0.062800 0.062800 0.062800 0.062800 0.062800 0.062800 0.062800 0.062800 0.062800 0.062800
-112.5000 -85.7606 8.55934 0.456500 0.392381 0.224119 19.004 20.126 0.250240 0.062800 0.062800 0.062800 0.062800 0.062800 0.062800 0.062800 0.062800 0.062800 0.062800 0.062800 0.062800 0.062800 0.062800
-106.8750 -85.7606 8.56743 0.456595 0.392619 0.224373 19.002 20.125 0.250240 0.062800 0.062800 0.062800 0.062800 0.062800 0.062800 0.062800 0.062800 0.062800 0.062800 0.062800 0.062800 0.062800 0.062800
-101.2500 -85.7606 8.56743 0.456595 0.392619 0.224373 19.002 20.125 0.250240 0.062800 0.062800 0.062800 0.062800 0.062800 0.062800 0.062800 0.062800 0.062800 0.062800 0.062800 0.062800 0.062800 0.062800
-95.6250 -85.7606 8.56743 0.456595 0.392619 0.224373 19.002 20.125 0.250240 0.062800 0.062800 0.062800 0.062800 0.062800 0.062800 0.062800 0.062800 0.062800 0.062800 0.062800 0.062800 0.062800 0.062800
-90.0000 -85.7606 8.55937 0.456514 0.392410 0.224136 19.006 20.127 0.250240 0.062800 0.062800 0.062800 0.062800 0.062800 0.062800 0.062800 0.062800 0.062800 0.062800 0.062800 0.062800 0.062800 0.062800
-84.3750 -85.7606 8.56743 0.456595 0.392619 0.224373 19.002 20.125 0.250240 0.062800 0.062800 0.062800 0.062800 0.062800 0.062800 0.062800 0.062800 0.062800 0.062800 0.062800 0.062800 0.062800 0.062800
-78.7500 -85.7606 8.53039 0.456240 0.391692 0.223300 19.019 20.136 0.250240 0.062800 0.062800 0.062800 0.062800 0.062800 0.062800 0.062800 0.062800 0.062800 0.062800 0.062800 0.062800 0.062800 0.062800
-73.1250 -85.7606 8.56743 0.456595 0.392619 0.224373 19.081 20.225 0.254926 0.062800 0.062800 0.062800 0.062800 0.062800 0.062800 0.062800 0.062800 0.062800 0.062800 0.062800 0.062800 0.062800 0.062800
-67.5000 -85.7606 8.56423 0.456574 0.392559 0.224292 19.399 20.627 0.273670 0.062800 0.062800 0.062800 0.062800 0.062800 0.062800 0.062800 0.062800 0.062800 0.062800 0.062800 0.062800 0.062800 0.062800
-61.8750 -85.7606 8.47240 0.455678 0.390220 0.221607 19.866 21.191 0.298974 0.062800 0.062800 0.062800 0.062800 0.062800 0.062800 0.062800 0.062800 0.062800 0.062800 0.062800 0.062800 0.062800 0.062800
-56.2500 -85.7606 8.40638 0.455048 0.388556 0.219684 21.605 23.364 0.400192 0.062800 0.062800 0.062800 0.062800 0.062800 0.062800 0.062800 0.062800 0.062800 0.062800 0.062800 0.062800 0.062800 0.062800
-50.6250 -85.7606 8.23887 0.453431 0.384241 0.214740 22.687 24.659 0.459236 0.062800 0.062800 0.062800 0.062800 0.062800 0.062800 0.062800 0.062800 0.062800 0.062800 0.062800 0.062800 0.062800 0.062800
-45.0000 -85.7606 7.85395 0.449729 0.374057 0.203172 24.409 26.641 0.549207 0.062800 0.062800 0.062800 0.062800 0.062800 0.062800 0.062800 0.062800 0.062800 0.062800 0.062800 0.062800 0.062800 0.062800
-39.3750 -85.7606 7.99547 0.450993 0.377654 0.207353 26.321 29.084 0.666357 0.062800 0.062800 0.062800 0.062800 0.062800 0.062800 0.062800 0.062800 0.062800 0.062800 0.062800 0.062800 0.062800 0.062800
-33.7500 -85.7606 7.57376 0.446307 0.364867 0.193755 24.458 26.590 0.550144 0.062800 0.062800 0.062800 0.062800 0.062800 0.062800 0.062800 0.062800 0.062800 0.062800 0.062800 0.062800 0.062800 0.062800
-28.1250 -85.7606 7.04571 0.439831 0.346746 0.175602 22.762 24.345 0.450801 0.062800 0.062800 0.062800 0.062800 0.062800 0.062800 0.062800 0.062800 0.062800 0.062800 0.062800 0.062800 0.062800 0.062800
-22.5000 -85.7606 7.15330 0.440720 0.349637 0.178887 21.542 22.910 0.382385 0.062800 0.062800 0.062800 0.062800 0.062800 0.062800 0.062800 0.062800 0.062800 0.062800 0.062800 0.062800 0.062800 0.062800
-16.8750 -85.7606 7.63102 0.445031 0.362724 0.193534 20.536 21.831 0.334588 0.062800 0.062800 0.062800 0.062800 0.062800 0.062800 0.062800 0.062800 0.062800 0.062800 0.062800 0.062800 0.062800 0.062800
-11.2500 -85.7606 7.49053 0.443507 0.358435 0.189006 20.200 21.383 0.313032 0.062800 0.062800 0.062800 0.062800 0.062800 0.062800 0.062800 0.062800 0.062800 0.062800 0.062800 0.062800 0.062800 0.062800
-5.6250 -85.7606 7.80185 0.446726 0.367531 0.198815 19.941 21.145 0.302723 0.062800 0.062800 0.062800 0.062800 0.062800 0.062800 0.062800 0.062800 0.062800 0.062800 0.062800 0.062800 0.062800 0.062800
