Lon Lat sand clay silt orgc ph bulkdensity cn soilc depth awc bedrockfrac andic pfixation
11.2500 85.7606 0.5931 0.1564 0.2506 0.00000 6.833 1500.0 12.0 0.0000 0.2090 23.40 0.0628 0.0000 0.0000
16.8750 85.7606 0.6255 0.1354 0.2390 0.00000 6.668 1500.0 12.0 0.0000 0.2523 27.56 0.0628 0.0000 0.0000
22.5000 85.7606 0.6180 0.1389 0.2431 0.00000 6.645 1500.0 12.0 0.0000 0.2568 28.23 0.0628 0.0000 0.0000
39.3750 85.7606 0.6431 0.1250 0.2319 0.00000 6.684 1500.0 12.0 0.0000 0.3675 39.56 0.0628 0.0000 0.0000
45.0000 85.7606 0.5312 0.1978 0.2710 0.00000 7.382 1500.0 12.0 0.0000 0.2718 31.82 0.0628 0.0000 0.0000
50.6250 85.7606 0.5397 0.1936 0.2666 0.00000 7.288 1500.0 12.0 0.0000 0.2705 31.45 0.0628 0.0000 0.0000
56.2500 85.7606 0.5059 0.2078 0.2863 0.00000 7.538 1500.0 12.0 0.0000 0.2326 27.84 0.0628 0.0000 0.0000
61.8750 85.7606 0.4426 0.2386 0.3188 0.00000 7.771 1500.0 12.0 0.0000 0.1340 16.85 0.0628 0.0000 0.0000
67.5000 85.7606 0.5050 0.2027 0.2923 0.00000 7.357 1500.0 12.0 0.0000 0.1744 20.95 0.0628 0.0000 0.0000
73.1250 85.7606 0.5030 0.2020 0.2950 0.00000 7.115 1500.0 12.0 0.0000 0.1239 14.93 0.0628 0.0000 0.0000
78.7500 85.7606 0.4713 0.2210 0.3077 0.00000 7.082 1500.0 12.0 0.0000 0.0650 10.00 0.0628 0.0000 0.0000
84.3750 85.7606 0.4784 0.2171 0.3045 0.00000 6.966 1500.0 12.0 0.0000 0.0538 10.00 0.0628 0.0000 0.0000
90.0000 85.7606 0.4812 0.2134 0.3054 0.00000 6.929 1500.0 12.0 0.0000 0.0483 10.00 0.0628 0.0000 0.0000
95.6250 85.7606 0.4622 0.2295 0.3083 0.00000 7.098 1500.0 12.0 0.0000 0.0413 10.00 0.0628 0.0000 0.0000
101.2500 85.7606 0.4447 0.2412 0.3141 0.00000 7.295 1500.0 12.0 0.0000 0.0359 10.00 0.0628 0.0000 0.0000
106.8750 85.7606 0.4498 0.2328 0.3174 0.00000 7.260 1500.0 12.0 0.0000 0.0334 10.00 0.0628 0.0000 0.0000
112.5000 85.7606 0.4572 0.2265 0.3164 0.00000 7.177 1500.0 12.0 0.0000 0.0311 10.00 0.0628 0.0000 0.0000
118.1250 85.7606 0.3722 0.2866 0.3411 0.00000 8.077 1500.0 12.0 0.0000 0.0261 10.00 0.0628 0.0000 0.0000
123.7500 85.7606 0.3763 0.2836 0.3401 0.00000 8.053 1500.0 12.0 0.0000 0.0244 10.00 0.0628 0.0000 0.0000
129.3750 85.7606 0.3926 0.2753 0.3321 0.00000 7.913 1500.0 12.0 0.0000 0.0227 10.00 0.0628 0.0000 0.0000
135.0000 85.7606 0.4409 0.2389 0.3202 0.00000 7.435 1500.0 12.0 0.0000 0.0217 10.00 0.0628 0.0000 0.0000
140.6250 85.7606 0.3690 0.2865 0.3445 0.00000 8.210 1500.0 12.0 0.0000 0.0200 10.00 0.0628 0.0000 0.0000
146.2500 85.7606 0.3959 0.2645 0.3396 0.00000 7.976 1500.0 12.0 0.0000 0.0206 10.00 0.0628 0.0000 0.0000
151.8750 85.7606 0.3754 0.2812 0.3435 0.00000 8.326 1500.0 12.0 0.0000 0.0271 10.00 0.0628 0.0000 0.0000
157.5000 85.7606 0.3797 0.2849 0.3355 0.00000 8.552 1500.0 12.0 0.0000 0.0402 10.00 0.0628 0.0000 0.0000
163.1250 85.7606 0.4250 0.2565 0.3184 0.00000 8.314 1500.0 12.0 0.0000 0.0496 10.00 0.0628 0.0000 0.0000
168.7500 85.7606 0.5558 0.1795 0.2647 0.00000 7.463 1500.0 12.0 0.0000 0.0726 10.00 0.0628 0.0000 0.0000
174.3750 85.7606 0.4644 0.2291 0.3066 0.00000 8.004 1500.0 12.0 0.0000 0.0563 10.00 0.0628 0.0000 0.0000
180.0000 85.7606 0.3818 0.2674 0.3509 0.00000 7.910 1500.0 12.0 0.0000 0.0547 10.00 0.0628 0.0000 0.0000
-174.3750 85.7606 0.3944 0.2512 0.3544 0.00000 7.430 1500.0 12.0 0.0000 0.0623 10.00 0.0628 0.0000 0.0000
-168.7500 85.7606 0.4432 0.2210 0.3358 0.00000 7.480 1499.9 12.0 0.0000 0.0567 10.00 0.0628 0.0001 0.0008
-163.1250 85.7606 0.4682 0.2103 0.3215 0.00000 7.227 1500.0 12.0 0.0000 0.0612 10.00 0.0628 0.0000 0.0001
-157.5000 85.7606 0.4246 0.2368 0.3386 0.00000 7.359 1500.0 12.0 0.0000 0.0516 10.00 0.0628 0.0000 0.0001
-151.8750 85.7606 0.4010 0.2499 0.3490 0.00000 7.397 1500.0 12.0 0.0000 0.0466 10.00 0.0628 0.0000 0.0003
-146.2500 85.7606 0.4343 0.2262 0.3395 0.00000 7.193 1500.0 12.0 0.0000 0.0544 10.00 0.0628 0.0000 0.0003
-140.6250 85.7606 0.4300 0.2207 0.3493 0.00000 6.819 1499.9 12.0 0.0000 0.0622 10.00 0.0628 0.0000 0.0006
-135.0000 85.7606 0.4360 0.2228 0.3411 0.00000 7.138 1499.9 12.0 0.0000 0.0541 10.00 0.0628 0.0000 0.0005
-129.3750 85.7606 0.4060 0.2451 0.3490 0.00000 7.335 1500.0 12.0 0.0000 0.0476 10.00 0.0628 0.0000 0.0002
-123.7500 85.7606 0.3918 0.2503 0.3579 0.00000 7.450 1499.9 12.0 0.0000 0.0495 10.00 0.0628 0.0000 0.0005
-118.1250 85.7606 0.3876 0.2463 0.3661 0.00000 7.441 1499.9 12.0 0.0000 0.0552 10.00 0.0628 0.0001 0.0012
-112.5000 85.7606 0.4370 0.2112 0.3518 0.00000 6.843 1499.8 12.0 0.0000 0.0687 10.00 0.0628 0.0001 0.0014
-106.8750 85.7606 0.5014 0.1914 0.3072 0.00000 6.986 1500.0 12.0 0.0000 0.0693 10.00 0.0628 0.0000 0.0004
-101.2500 85.7606 0.4973 0.2056 0.2971 0.00000 7.328 1500.0 12.0 0.0000 0.0714 10.00 0.0628 0.0000 0.0000
-95.6250 85.7606 0.6061 0.1465 0.2474 0.00000 7.033 1500.0 12.0 0.0000 0.0820 10.00 0.0628 0.0000 0.0000
-90.0000 85.7606 0.5351 0.1859 0.2790 0.00000 7.447 1500.0 12.0 0.0000 0.0759 10.00 0.0628 0.0000 0.0000
-84.3750 85.7606 0.5935 0.1543 0.2522 0.00000 7.096 1500.0 12.0 0.0000 0.0907 10.16 0.0628 0.0000 0.0000
-78.7500 85.7606 0.5718 0.1669 0.2612 0.00000 7.127 1500.0 12.0 0.0000 0.0798 10.00 0.0628 0.0000 0.0000
-73.1250 85.7606 0.4727 0.2222 0.3052 0.00000 7.465 1500.0 12.0 0.0000 0.0435 10.00 0.0628 0.0000 0.0000
-67.5000 85.7606 0.4305 0.2491 0.3204 0.00000 7.860 1500.0 12.0 0.0000 0.0426 10.00 0.0628 0.0000 0.0000
-61.8750 85.7606 0.4382 0.2460 0.3159 0.00000 7.788 1500.0 12.0 0.0000 0.0513 10.00 0.0628 0.0000 0.0000
-56.2500 85.7606 0.3802 0.2788 0.3410 0.00000 8.228 1500.0 12.0 0.0000 0.0411 10.00 0.0628 0.0000 0.0000
-50.6250 85.7606 0.3632 0.2873 0.3495 0.00000 8.294 1500.0 12.0 0.0000 0.0361 10.00 0.0628 0.0000 0.0000
-45.0000 85.7606 0.3928 0.2681 0.3392 0.00000 8.028 1500.0 12.0 0.0000 0.0499 10.00 0.0628 0.0000 0.0000
-39.3750 85.7606 0.4473 0.2341 0.3186 0.00000 7.499 1500.0 12.0 0.0000 0.0587 10.00 0.0628 0.0000 0.0000
50.6250 80.2688 0.4439 0.2310 0.3251 0.00000 7.113 1500.0 12.0 0.0000 0.1237 15.61 0.0628 0.0000 0.0001
56.2500 80.2688 0.4539 0.2089 0.3371 0.00000 7.486 1499.9 12.0 0.0000 0.1952 24.67 0.0628 0.0001 0.0009
61.8750 80.2688 0.4869 0.1905 0.3225 0.00000 7.294 1499.9 12.0 0.0000 0.2240 27.64 0.0628 0.0001 0.0009
67.5000 80.2688 0.4119 0.2327 0.3555 0.00000 6.784 1500.0 12.0 0.0000 0.2959 38.52 0.0628 0.0000 0.0001
73.1250 80.2688 0.3543 0.2797 0.3660 0.00000 7.508 1500.0 12.0 0.0000 0.2470 33.19 0.0628 0.0000 0.0000
78.7500 80.2688 0.4396 0.2277 0.3327 0.00000 7.087 1500.0 12.0 0.0000 0.2623 33.28 0.0628 0.0000 0.0000
84.3750 80.2688 0.4613 0.2107 0.3280 0.00000 6.654 1500.0 12.0 0.0000 0.2366 29.64 0.0628 0.0000 0.0000
90.0000 80.2688 0.4604 0.2173 0.3222 0.00000 6.754 1500.0 12.0 0.0000 0.1113 13.91 0.0628 0.0000 0.0000
95.6250 80.2688 0.4644 0.2169 0.3187 0.00000 6.800 1500.0 12.0 0.0000 0.0967 12.03 0.0628 0.0000 0.0000
101.2500 80.2688 0.4889 0.2063 0.3048 0.00000 6.790 1500.0 12.0 0.0000 0.0734 10.00 0.0628 0.0000 0.0000
106.8750 80.2688 0.4094 0.2647 0.3259 0.00000 7.730 1500.0 12.0 0.0000 0.0543 10.00 0.0628 0.0000 0.0000
112.5000 80.2688 0.3464 0.2984 0.3552 0.00000 8.471 1500.0 12.0 0.0000 0.0492 10.00 0.0628 0.0000 0.0000
118.1250 80.2688 0.3906 0.2673 0.3422 0.00000 7.867 1500.0 12.0 0.0000 0.0518 10.00 0.0628 0.0000 0.0000
123.7500 80.2688 0.4409 0.2355 0.3237 0.00000 7.313 1500.0 12.0 0.0000 0.0609 10.00 0.0628 0.0000 0.0000
129.3750 80.2688 0.4637 0.2239 0.3124 0.00000 7.180 1500.0 12.0 0.0000 0.0803 10.00 0.0628 0.0000 0.0000
135.0000 80.2688 0.4476 0.2346 0.3179 0.00000 7.364 1500.0 12.0 0.0000 0.1262 15.83 0.0628 0.0000 0.0000
140.6250 80.2688 0.4676 0.2247 0.3077 0.00000 7.501 1500.0 12.0 0.0000 0.2042 25.21 0.0628 0.0000 0.0000
146.2500 80.2688 0.5372 0.1886 0.2742 0.00000 7.511 1500.0 12.0 0.0000 0.2773 32.43 0.0628 0.0000 0.0000
151.8750 80.2688 0.5645 0.1735 0.2620 0.00000 7.416 1500.0 12.0 0.0000 0.2538 29.06 0.0628 0.0000 0.0000
157.5000 80.2688 0.4466 0.2274 0.3260 0.00000 7.515 1500.0 12.0 0.0000 0.2195 27.66 0.0628 0.0000 0.0000
163.1250 80.2688 0.4521 0.2127 0.3351 0.00000 7.341 1500.0 12.0 0.0000 0.2071 26.17 0.0628 0.0000 0.0004
168.7500 80.2688 0.4466 0.2201 0.3332 0.00000 7.269 1500.0 12.0 0.0000 0.1856 23.49 0.0628 0.0000 0.0002
174.3750 80.2688 0.3961 0.2539 0.3500 0.00000 7.618 1500.0 12.0 0.0000 0.1506 19.69 0.0628 0.0000 0.0003
180.0000 80.2688 0.3984 0.2510 0.3506 0.00000 7.406 1500.0 12.0 0.0000 0.1414 18.47 0.0628 0.0000 0.0001
-174.3750 80.2688 0.4929 0.1963 0.3108 0.00000 7.178 1500.0 12.0 0.0000 0.1217 14.88 0.0628 0.0000 0.0004
-168.7500 80.2688 0.4177 0.2463 0.3360 0.00000 7.250 1500.0 12.0 0.0000 0.0503 10.00 0.0628 0.0000 0.0003
-163.1250 80.2688 0.3916 0.2605 0.3478 0.00000 7.416 1500.0 12.0 0.0000 0.0297 10.00 0.0628 0.0000 0.0000
-146.2500 80.2688 0.4967 0.1967 0.3066 0.00000 7.050 1500.0 12.0 0.0000 0.0590 10.00 0.0628 0.0000 0.0000
-140.6250 80.2688 0.4312 0.2350 0.3338 0.00000 7.020 1500.0 12.0 0.0000 0.0342 10.00 0.0628 0.0000 0.0000
-135.0000 80.2688 0.4096 0.2545 0.3359 0.00000 7.171 1500.0 12.0 0.0000 0.0306 10.00 0.0628 0.0000 0.0000
-129.3750 80.2688 0.4154 0.2454 0.3392 0.00000 7.120 1500.0 12.0 0.0000 0.0333 10.00 0.0628 0.0000 0.0000
-118.1250 80.2688 0.5488 0.1614 0.2897 0.00000 6.630 1500.0 12.0 0.0000 0.1296 15.20 0.0628 0.0000 0.0000
-112.5000 80.2688 0.4742 0.2008 0.3250 0.00000 7.414 1499.9 12.0 0.0000 0.1539 19.14 0.0628 0.0000 0.0006
-106.8750 80.2688 0.3833 0.2498 0.3668 0.00000 7.559 1499.9 12.0 0.0000 0.2050 27.20 0.0628 0.0000 0.0006
-101.2500 80.2688 0.4536 0.2342 0.3122 0.00000 7.999 1500.0 12.0 0.0000 0.2538 31.63 0.0628 0.0000 0.0000
-95.6250 80.2688 0.4194 0.2553 0.3254 0.00000 8.431 1500.0 12.0 0.0000 0.2512 32.06 0.0628 0.0000 0.0000
-90.0000 80.2688 0.4949 0.2111 0.2940 0.00000 7.785 1500.0 12.0 0.0000 0.3423 41.38 0.0628 0.0000 0.0000
-84.3750 80.2688 0.5298 0.1883 0.2819 0.00000 6.971 1500.0 12.0 0.0000 0.2604 30.71 0.0628 0.0000 0.0000
-78.7500 80.2688 0.4417 0.2437 0.3146 0.00000 7.447 1500.0 12.0 0.0000 0.1303 16.35 0.0628 0.0000 0.0000
-73.1250 80.2688 0.4973 0.2032 0.2996 0.00000 6.809 1500.0 12.0 0.0000 0.1085 13.14 0.0628 0.0000 0.0000
-56.2500 80.2688 0.5837 0.1562 0.2601 0.00000 6.645 1500.0 12.0 0.0000 0.2095 23.71 0.0628 0.0000 0.0000
-50.6250 80.2688 0.6694 0.1097 0.2209 0.00000 6.484 1500.0 12.0 0.0000 0.2816 29.65 0.0628 0.0000 0.0000
-45.0000 80.2688 0.7055 0.0901 0.2044 0.00000 6.419 1500.0 12.0 0.0000 0.2850 29.06 0.0628 0.0000 0.0000
61.8750 74.7445 0.4274 0.2315 0.3411 0.00000 7.421 1500.0 12.0 0.0000 0.3095 39.69 0.0628 0.0000 0.0004
67.5000 74.7445 0.5019 0.1733 0.3249 0.00000 7.175 1499.8 12.0 0.0000 0.6614 81.12 0.0628 0.0001 0.0015
73.1250 74.7445 0.5250 0.1934 0.2816 0.00000 7.404 1500.0 12.0 0.0000 0.6666 78.81 0.0628 0.0000 0.0003
78.7500 74.7445 0.4367 0.2536 0.3097 0.00000 8.090 1500.0 12.0 0.0000 0.4324 54.26 0.0628 0.0000 0.0000
84.3750 74.7445 0.3944 0.2735 0.3320 0.00000 7.932 1500.0 12.0 0.0000 0.1885 24.42 0.0628 0.0000 0.0000
90.0000 74.7445 0.3853 0.2787 0.3360 0.00000 8.004 1500.0 12.0 0.0000 0.1812 23.62 0.0628 0.0000 0.0000
95.6250 74.7445 0.3318 0.3072 0.3610 0.00000 8.635 1500.0 12.0 0.0000 0.1191 16.13 0.0628 0.0000 0.0000
101.2500 74.7445 0.3531 0.2907 0.3562 0.00000 8.426 1500.0 12.0 0.0000 0.0939 12.56 0.0628 0.0000 0.0000
106.8750 74.7445 0.3700 0.2798 0.3501 0.00000 8.241 1500.0 12.0 0.0000 0.0811 10.72 0.0628 0.0000 0.0000
112.5000 74.7445 0.3453 0.2948 0.3599 0.00000 8.518 1500.0 12.0 0.0000 0.0745 10.02 0.0628 0.0000 0.0000
118.1250 74.7445 0.3436 0.2901 0.3662 0.00000 8.223 1500.0 12.0 0.0000 0.0757 10.22 0.0628 0.0000 0.0000
123.7500 74.7445 0.3136 0.3056 0.3808 0.00000 8.410 1500.0 12.0 0.0000 0.0817 11.26 0.0628 0.0000 0.0000
129.3750 74.7445 0.3413 0.2949 0.3638 0.00000 8.407 1500.0 12.0 0.0000 0.0672 10.00 0.0628 0.0000 0.0000
135.0000 74.7445 0.4167 0.2549 0.3284 0.00000 7.672 1500.0 12.0 0.0000 0.0747 10.00 0.0628 0.0000 0.0000
140.6250 74.7445 0.4525 0.2312 0.3163 0.00000 7.309 1500.0 12.0 0.0000 0.0705 10.00 0.0628 0.0000 0.0000
146.2500 74.7445 0.5165 0.1982 0.2853 0.00000 7.303 1500.0 12.0 0.0000 0.2099 24.97 0.0628 0.0000 0.0000
151.8750 74.7445 0.5756 0.1654 0.2590 0.00000 7.317 1500.0 12.0 0.0000 0.3699 42.02 0.0628 0.0000 0.0000
157.5000 74.7445 0.3926 0.2504 0.3570 0.00000 7.530 1500.0 12.0 0.0000 0.3053 40.13 0.0628 0.0000 0.0002
163.1250 74.7445 0.4297 0.2285 0.3418 0.00000 7.418 1500.0 12.0 0.0000 0.2094 26.83 0.0628 0.0000 0.0003
168.7500 74.7445 0.4556 0.2206 0.3238 0.00000 7.279 1500.0 12.0 0.0000 0.1275 15.98 0.0628 0.0000 0.0000
-118.1250 74.7445 0.5240 0.1704 0.3052 0.00000 6.640 1500.0 12.0 0.0000 0.1588 19.04 0.0628 0.0000 0.0001
-112.5000 74.7445 0.4069 0.2426 0.3505 0.00000 7.538 1500.0 12.0 0.0000 0.1367 17.79 0.0628 0.0000 0.0003
-106.8750 74.7445 0.3828 0.2595 0.3577 0.00000 7.605 1500.0 12.0 0.0000 0.1213 16.02 0.0628 0.0000 0.0000
-101.2500 74.7445 0.4744 0.2004 0.3252 0.00000 7.153 1500.0 12.0 0.0000 0.1621 20.16 0.0628 0.0000 0.0004
-95.6250 74.7445 0.5502 0.1660 0.2837 0.00000 7.116 1500.0 12.0 0.0000 0.2134 24.93 0.0628 0.0000 0.0003
-90.0000 74.7445 0.6093 0.1475 0.2431 0.00000 7.126 1500.0 12.0 0.0000 0.2618 28.92 0.0628 0.0000 0.0000
-84.3750 74.7445 0.5225 0.1949 0.2826 0.00000 7.304 1500.0 12.0 0.0000 0.2062 24.42 0.0628 0.0000 0.0000
-78.7500 74.7445 0.4517 0.2321 0.3162 0.00000 7.312 1500.0 12.0 0.0000 0.1041 13.02 0.0628 0.0000 0.0000
-73.1250 74.7445 0.5077 0.1974 0.2949 0.00000 6.783 1500.0 12.0 0.0000 0.1624 19.52 0.0628 0.0000 0.0000
56.2500 69.2130 0.4798 0.1909 0.3293 0.00000 7.001 1499.9 12.0 0.0000 0.5249 65.24 0.0628 0.0001 0.0010
61.8750 69.2130 0.4294 0.2238 0.3468 0.00000 7.849 1499.9 12.0 0.0000 0.6210 79.82 0.0628 0.0001 0.0010
67.5000 69.2130 0.5954 0.1555 0.2491 0.00000 7.193 1500.0 12.0 0.0000 0.7667 85.65 0.0628 0.0000 0.0000
73.1250 69.2130 0.5866 0.1586 0.2548 0.00000 6.992 1500.0 12.0 0.0000 0.5726 64.50 0.0628 0.0000 0.0000
78.7500 69.2130 0.5027 0.2001 0.2972 0.00000 6.793 1500.0 12.0 0.0000 0.1649 19.90 0.0628 0.0000 0.0000
84.3750 69.2130 0.4332 0.2418 0.3250 0.00000 7.533 1500.0 12.0 0.0000 0.1540 19.52 0.0628 0.0000 0.0000
90.0000 69.2130 0.4285 0.2447 0.3267 0.00000 7.583 1500.0 12.0 0.0000 0.1463 18.60 0.0628 0.0000 0.0000
95.6250 69.2130 0.4375 0.2401 0.3224 0.00000 7.476 1500.0 12.0 0.0000 0.1156 14.60 0.0628 0.0000 0.0000
101.2500 69.2130 0.4515 0.2316 0.3169 0.00000 7.320 1500.0 12.0 0.0000 0.1064 13.31 0.0628 0.0000 0.0000
106.8750 69.2130 0.4452 0.2345 0.3203 0.00000 7.398 1500.0 12.0 0.0000 0.1149 14.44 0.0628 0.0000 0.0000
112.5000 69.2130 0.4189 0.2488 0.3323 0.00000 7.629 1500.0 12.0 0.0000 0.1463 18.75 0.0628 0.0000 0.0000
118.1250 69.2130 0.4740 0.2174 0.3086 0.00000 7.068 1500.0 12.0 0.0000 0.1065 13.11 0.0628 0.0000 0.0000
123.7500 69.2130 0.4891 0.2079 0.3030 0.00000 6.895 1500.0 12.0 0.0000 0.0916 11.16 0.0628 0.0000 0.0000
129.3750 69.2130 0.4168 0.2539 0.3293 0.00000 7.642 1500.0 12.0 0.0000 0.0839 10.75 0.0628 0.0000 0.0000
135.0000 69.2130 0.3669 0.2858 0.3473 0.00000 8.240 1500.0 12.0 0.0000 0.0866 11.46 0.0628 0.0000 0.0000
140.6250 69.2130 0.3956 0.2675 0.3369 0.00000 7.933 1500.0 12.0 0.0000 0.0943 12.24 0.0628 0.0000 0.0000
146.2500 69.2130 0.5879 0.1582 0.2539 0.00000 7.119 1500.0 12.0 0.0000 0.3480 39.16 0.0628 0.0000 0.0000
151.8750 69.2130 0.4608 0.2112 0.3280 0.00000 7.122 1500.0 12.0 0.0000 0.3217 40.32 0.0628 0.0000 0.0004
157.5000 69.2130 0.4801 0.1969 0.3230 0.00000 6.847 1500.0 12.0 0.0000 0.1502 18.60 0.0628 0.0000 0.0003
163.1250 69.2130 0.4824 0.1996 0.3176 0.00000 6.689 1500.0 12.0 0.0000 0.0874 10.78 0.0628 0.0000 0.0000
-106.8750 69.2130 0.4774 0.1994 0.3232 0.00000 7.105 1499.9 12.0 0.0000 0.1524 18.90 0.0628 0.0000 0.0005
-101.2500 69.2130 0.5180 0.1812 0.3008 0.00000 7.137 1499.9 12.0 0.0000 0.1997 23.96 0.0628 0.0000 0.0005
-95.6250 69.2130 0.4749 0.2225 0.3026 0.00000 7.852 1500.0 12.0 0.0000 0.2040 25.03 0.0628 0.0000 0.0003
-90.0000 69.2130 0.5365 0.1893 0.2741 0.00000 7.480 1500.0 12.0 0.0000 0.2634 30.82 0.0628 0.0000 0.0000
-84.3750 69.2130 0.4668 0.2243 0.3089 0.00000 7.401 1500.0 12.0 0.0000 0.1564 19.33 0.0628 0.0000 0.0000
-78.7500 69.2130 0.3963 0.2606 0.3432 0.00000 7.637 1500.0 12.0 0.0000 0.1309 17.04 0.0628 0.0000 0.0000
-73.1250 69.2130 0.4459 0.2478 0.3063 0.00000 7.632 1500.0 12.0 0.0000 0.3708 46.24 0.0628 0.0000 0.0000
-67.5000 69.2130 0.7147 0.0853 0.2001 0.00000 6.416 1500.0 12.0 0.0000 1.3684 138.38 0.0628 0.0000 0.0000
-61.8750 69.2130 0.6252 0.1368 0.2380 0.00000 6.886 1500.0 12.0 0.0000 1.0948 119.49 0.0628 0.0000 0.0000
-56.2500 69.2130 0.5729 0.1507 0.2764 0.00000 6.886 1499.9 12.0 0.0000 0.7775 89.40 0.0628 0.0000 0.0006
0.0000 63.6786 0.5439 0.1627 0.2934 0.00000 6.016 1499.6 12.0 0.0000 0.4239 50.00 0.0846 0.0003 0.0014
5.6250 63.6786 0.5807 0.1437 0.2755 0.00000 6.081 1499.6 12.0 0.0000 0.6000 68.70 0.0793 0.0002 0.0015
11.2500 63.6786 0.6297 0.1156 0.2546 0.00000 6.327 1499.8 12.0 0.0000 0.4801 52.85 0.0655 0.0001 0.0016
16.8750 63.6786 0.5594 0.1630 0.2776 0.00000 6.933 1499.9 12.0 0.0000 0.5599 64.89 0.0628 0.0000 0.0005
22.5000 63.6786 0.4749 0.2120 0.3131 0.00000 7.776 1499.9 12.0 0.0000 0.5967 73.65 0.0628 0.0000 0.0006
28.1250 63.6786 0.5212 0.1938 0.2850 0.00000 7.533 1500.0 12.0 0.0000 1.0152 120.49 0.0628 0.0000 0.0003
33.7500 63.6786 0.4961 0.1979 0.3060 0.00000 7.456 1499.9 12.0 0.0000 1.2066 146.79 0.0628 0.0000 0.0005
39.3750 63.6786 0.4353 0.2227 0.3420 0.00000 7.677 1499.9 12.0 0.0000 1.1452 146.41 0.0628 0.0001 0.0010
45.0000 63.6786 0.4551 0.2111 0.3336 0.00000 7.174 1499.9 12.0 0.0000 0.6805 85.77 0.0628 0.0001 0.0007
67.5000 63.6786 0.5718 0.1431 0.2851 0.00000 6.795 1499.9 12.0 0.0000 0.6468 74.82 0.0628 0.0001 0.0011
73.1250 63.6786 0.6049 0.1335 0.2616 0.00000 6.767 1499.9 12.0 0.0000 0.6951 77.88 0.0628 0.0000 0.0006
78.7500 63.6786 0.5177 0.1920 0.2903 0.00000 6.765 1500.0 12.0 0.0000 0.2374 28.32 0.0628 0.0000 0.0000
84.3750 63.6786 0.4471 0.2351 0.3178 0.00000 7.362 1500.0 12.0 0.0000 0.1828 22.92 0.0628 0.0000 0.0000
90.0000 63.6786 0.4695 0.2203 0.3102 0.00000 7.121 1500.0 12.0 0.0000 0.1498 18.50 0.0628 0.0000 0.0000
95.6250 63.6786 0.4525 0.2265 0.3209 0.00000 7.110 1500.0 12.0 0.0000 0.1646 20.62 0.0628 0.0000 0.0000
101.2500 63.6786 0.4384 0.2323 0.3293 0.00000 7.127 1500.0 12.0 0.0000 0.1439 18.24 0.0628 0.0000 0.0000
106.8750 63.6786 0.3859 0.2648 0.3493 0.00000 7.588 1500.0 12.0 0.0000 0.1876 24.63 0.0628 0.0000 0.0000
112.5000 63.6786 0.4128 0.2396 0.3476 0.00000 7.246 1500.0 12.0 0.0000 0.2814 36.46 0.0628 0.0000 0.0000
118.1250 63.6786 0.3629 0.2806 0.3565 0.00000 7.674 1500.0 12.0 0.0000 0.1850 24.64 0.0628 0.0000 0.0000
123.7500 63.6786 0.4455 0.2334 0.3212 0.00000 7.260 1500.0 12.0 0.0000 0.3173 39.91 0.0628 0.0000 0.0000
129.3750 63.6786 0.4404 0.2380 0.3216 0.00000 7.447 1500.0 12.0 0.0000 0.1279 16.13 0.0628 0.0000 0.0000
135.0000 63.6786 0.3542 0.2895 0.3563 0.00000 8.418 1500.0 12.0 0.0000 0.0951 12.71 0.0628 0.0000 0.0000
140.6250 63.6786 0.3141 0.3152 0.3707 0.00000 8.856 1500.0 12.0 0.0000 0.0756 10.36 0.0628 0.0000 0.0000
146.2500 63.6786 0.6139 0.1449 0.2412 0.00000 6.494 1500.0 12.0 0.0000 0.4972 54.72 0.0821 0.0000 0.0000
151.8750 63.6786 0.5213 0.1770 0.3017 0.00000 5.963 1499.3 12.0 0.0000 0.6886 82.62 0.1006 0.0005 0.0019
157.5000 63.6786 0.5167 0.1828 0.3006 0.00000 5.861 1499.5 12.0 0.0000 0.3895 46.79 0.1051 0.0003 0.0013
-151.8750 63.6786 0.0779 0.6215 0.3006 0.00000 6.676 1500.0 12.0 0.0000 0.0308 10.00 0.0646 0.0000 0.0000
-118.1250 63.6786 0.4458 0.2169 0.3372 0.00000 7.210 1499.9 12.0 0.0000 0.1928 24.46 0.0628 0.0000 0.0006
-112.5000 63.6786 0.4978 0.1967 0.3055 0.00000 7.526 1499.9 12.0 0.0000 0.4495 54.63 0.0628 0.0000 0.0005
-106.8750 63.6786 0.5339 0.1809 0.2852 0.00000 7.374 1500.0 12.0 0.0000 0.2794 32.95 0.0628 0.0000 0.0003
-101.2500 63.6786 0.5963 0.1500 0.2537 0.00000 6.725 1500.0 12.0 0.0000 0.2081 23.31 0.0628 0.0000 0.0000
-95.6250 63.6786 0.5087 0.1979 0.2934 0.00000 6.933 1500.0 12.0 0.0000 0.0982 11.79 0.0628 0.0000 0.0000
-90.0000 63.6786 0.5010 0.2011 0.2979 0.00000 6.802 1500.0 12.0 0.0000 0.0996 12.03 0.0628 0.0000 0.0000
-78.7500 63.6786 0.5940 0.1583 0.2477 0.00000 7.112 1500.0 12.0 0.0000 0.9261 103.44 0.0628 0.0000 0.0000
-73.1250 63.6786 0.5580 0.1795 0.2625 0.00000 7.163 1500.0 12.0 0.0000 1.7071 172.36 0.0628 0.0000 0.0003
-67.5000 63.6786 0.4875 0.1943 0.3183 0.00000 7.362 1499.8 12.0 0.0000 0.6913 85.08 0.0628 0.0001 0.0018
-61.8750 63.6786 0.5201 0.1790 0.3009 0.00000 7.277 1499.8 12.0 0.0000 0.5672 68.00 0.0628 0.0001 0.0016
-56.2500 63.6786 0.5437 0.1714 0.2848 0.00000 7.119 1499.9 12.0 0.0000 0.4423 51.91 0.0628 0.0001 0.0013
-50.6250 63.6786 0.5406 0.1419 0.3175 0.00000 6.682 1499.6 12.0 0.0000 0.5035 60.35 0.0628 0.0003 0.0036
-5.6250 63.6786 0.5477 0.1473 0.3050 0.00000 6.048 1499.0 12.0 0.0000 0.2885 34.23 0.0819 0.0007 0.0039
0.0000 58.1430 0.5660 0.1704 0.2636 0.00000 6.057 1500.0 12.0 0.0000 0.2954 33.82 0.1069 0.0000 0.0000
5.6250 58.1430 0.5102 0.1966 0.2931 0.00000 6.303 1500.0 12.0 0.0000 0.1905 22.84 0.0930 0.0000 0.0000
11.2500 58.1430 0.4958 0.1994 0.3048 0.00000 6.634 1500.0 12.0 0.0000 0.1358 16.52 0.0658 0.0000 0.0000
16.8750 58.1430 0.4514 0.2213 0.3274 0.00000 6.801 1500.0 12.0 0.0000 0.1051 13.23 0.0628 0.0000 0.0000
22.5000 58.1430 0.4573 0.2330 0.3097 0.00000 7.412 1500.0 12.0 0.0000 0.2481 30.83 0.0628 0.0000 0.0000
28.1250 58.1430 0.3628 0.2890 0.3482 0.00000 8.723 1500.0 12.0 0.0000 0.4563 60.51 0.0628 0.0000 0.0000
33.7500 58.1430 0.4891 0.1865 0.3243 0.00000 7.382 1499.8 12.0 0.0000 1.0981 135.49 0.0628 0.0001 0.0017
90.0000 58.1430 0.4874 0.1983 0.3143 0.00000 7.023 1499.9 12.0 0.0000 0.2362 29.00 0.0628 0.0001 0.0013
95.6250 58.1430 0.4122 0.2457 0.3422 0.00000 7.659 1499.9 12.0 0.0000 0.2429 31.40 0.0628 0.0001 0.0010
101.2500 58.1430 0.4039 0.2419 0.3542 0.00000 7.009 1500.0 12.0 0.0000 0.1871 24.42 0.0628 0.0000 0.0002
106.8750 58.1430 0.3561 0.2752 0.3688 0.00000 7.581 1500.0 12.0 0.0000 0.0940 12.64 0.0628 0.0000 0.0000
112.5000 58.1430 0.3741 0.2619 0.3640 0.00000 7.543 1500.0 12.0 0.0000 0.1267 16.86 0.0628 0.0000 0.0003
118.1250 58.1430 0.4236 0.2286 0.3478 0.00000 7.316 1499.9 12.0 0.0000 0.3405 43.91 0.0628 0.0000 0.0007
123.7500 58.1430 0.3462 0.2827 0.3711 0.00000 7.930 1500.0 12.0 0.0000 0.4930 66.65 0.0628 0.0000 0.0000
129.3750 58.1430 0.4595 0.2228 0.3178 0.00000 7.026 1500.0 12.0 0.0000 0.2421 30.19 0.0628 0.0000 0.0000
135.0000 58.1430 0.4717 0.2212 0.3071 0.00000 6.487 1500.0 12.0 0.0000 0.3408 41.99 0.1061 0.0000 0.0000
140.6250 58.1430 0.4428 0.2393 0.3178 0.00000 6.340 1500.0 12.0 0.0000 0.2713 34.10 0.1344 0.0000 0.0000
146.2500 58.1430 0.4993 0.2121 0.2886 0.00000 5.999 1500.0 12.0 0.0000 0.2976 35.78 0.1445 0.0000 0.0000
151.8750 58.1430 0.6372 0.1375 0.2253 0.00000 5.805 1500.0 12.0 0.0000 1.1075 119.09 0.1354 0.0000 0.0000
157.5000 58.1430 0.5233 0.1808 0.2959 0.00000 5.982 1499.6 12.0 0.0000 1.0024 119.68 0.1169 0.0003 0.0009
-151.8750 58.1430 0.4818 0.1974 0.3208 0.00000 6.832 1499.8 12.0 0.0000 0.1371 16.95 0.0628 0.0001 0.0016
-146.2500 58.1430 0.5806 0.1448 0.2746 0.00000 6.241 1499.5 12.0 0.0000 0.3979 45.56 0.0875 0.0004 0.0018
-140.6250 58.1430 0.5423 0.1658 0.2918 0.00000 6.072 1499.3 12.0 0.0000 0.3725 43.96 0.1011 0.0004 0.0018
-135.0000 58.1430 0.5091 0.1778 0.3131 0.00000 6.148 1499.1 12.0 0.0000 0.2260 27.47 0.0962 0.0006 0.0027
-118.1250 58.1430 0.4777 0.1998 0.3220 0.00000 6.957 1499.9 12.0 0.0000 0.1491 18.46 0.0628 0.0000 0.0005
-112.5000 58.1430 0.4734 0.2077 0.3189 0.00000 7.443 1499.9 12.0 0.0000 0.2182 27.04 0.0628 0.0000 0.0006
-106.8750 58.1430 0.4936 0.2111 0.2953 0.00000 7.716 1500.0 12.0 0.0000 0.3027 36.64 0.0628 0.0000 0.0000
-101.2500 58.1430 0.5080 0.2008 0.2912 0.00000 7.295 1500.0 12.0 0.0000 0.4913 58.91 0.0628 0.0000 0.0000
-33.7500 58.1430 0.5481 0.1401 0.3119 0.00000 6.312 1499.2 12.0 0.0000 0.4650 55.38 0.0725 0.0005 0.0043
-28.1250 58.1430 0.6111 0.1227 0.2662 0.00000 6.396 1499.7 12.0 0.0000 0.4384 49.11 0.0655 0.0002 0.0019
-22.5000 58.1430 0.6689 0.0989 0.2321 0.00000 6.279 1499.8 12.0 0.0000 0.6104 64.79 0.0675 0.0001 0.0012
-16.8750 58.1430 0.6596 0.1069 0.2335 0.00000 6.159 1499.6 12.0 0.0000 0.8607 91.96 0.0801 0.0002 0.0015
-11.2500 58.1430 0.6282 0.1352 0.2366 0.00000 6.091 1499.8 12.0 0.0000 0.6348 69.12 0.0968 0.0001 0.0005
-5.6250 58.1430 0.6051 0.1507 0.2442 0.00000 5.968 1500.0 12.0 0.0000 0.4596 50.92 0.1080 0.0000 0.0000
0.0000 52.6065 0.4172 0.2419 0.3410 0.00000 6.380 1500.0 12.0 0.0000 0.2109 27.17 0.1124 0.0000 0.0000
5.6250 52.6065 0.4314 0.2357 0.3328 0.00000 6.401 1500.0 12.0 0.0000 0.2023 25.77 0.1103 0.0000 0.0000
11.2500 52.6065 0.4201 0.2406 0.3393 0.00000 6.416 1500.0 12.0 0.0000 0.2100 27.00 0.1087 0.0000 0.0000
16.8750 52.6065 0.4161 0.2415 0.3423 0.00000 6.464 1500.0 12.0 0.0000 0.2866 36.98 0.1032 0.0000 0.0000
22.5000 52.6065 0.4428 0.2322 0.3250 0.00000 6.591 1500.0 12.0 0.0000 0.4172 52.64 0.0966 0.0000 0.0000
28.1250 52.6065 0.6510 0.1274 0.2216 0.00000 6.347 1500.0 12.0 0.0000 3.0021 159.68 0.1027 0.0000 0.0000
33.7500 52.6065 0.5475 0.1620 0.2905 0.00000 6.262 1497.5 12.0 0.0000 3.8724 176.97 0.1155 0.0017 0.0054
39.3750 52.6065 0.4709 0.2042 0.3227 0.00000 6.457 1499.8 12.0 0.0000 2.6461 186.16 0.1281 0.0002 0.0004
95.6250 52.6065 0.5075 0.1935 0.2987 0.00000 6.166 1498.3 12.0 0.0000 1.5270 181.13 0.1541 0.0011 0.0027
101.2500 52.6065 0.4868 0.2054 0.3077 0.00000 6.264 1498.3 12.0 0.0000 1.3322 163.40 0.1378 0.0011 0.0029
106.8750 52.6065 0.4721 0.2112 0.3166 0.00000 6.327 1498.3 12.0 0.0000 1.4585 181.10 0.1321 0.0011 0.0031
112.5000 52.6065 0.4398 0.2391 0.3209 0.00000 6.556 1499.4 12.0 0.0000 1.3544 170.89 0.1501 0.0004 0.0010
123.7500 52.6065 0.4956 0.2048 0.2996 0.00000 5.951 1497.2 12.0 0.0000 2.2468 182.69 0.1900 0.0019 0.0037
-157.5000 52.6065 0.4682 0.2092 0.3225 0.00000 6.755 1499.7 12.0 0.0000 0.4963 61.81 0.0772 0.0002 0.0014
-151.8750 52.6065 0.5920 0.1266 0.2813 0.00000 6.587 1499.6 12.0 0.0000 0.3824 43.69 0.0628 0.0003 0.0037
-146.2500 52.6065 0.6880 0.1009 0.2111 0.00000 6.341 1500.0 12.0 0.0000 0.8220 85.08 0.0780 0.0000 0.0002
-140.6250 52.6065 0.5779 0.1655 0.2565 0.00000 6.324 1500.0 12.0 0.0000 0.6758 76.56 0.1084 0.0000 0.0000
-135.0000 52.6065 0.6238 0.1391 0.2371 0.00000 6.066 1500.0 12.0 0.0000 1.6079 163.77 0.1183 0.0000 0.0001
-129.3750 52.6065 0.4846 0.1978 0.3176 0.00000 6.112 1499.5 12.0 0.0000 1.0364 127.74 0.1169 0.0003 0.0010
-112.5000 52.6065 0.4858 0.1988 0.3146 0.00000 6.493 1499.7 12.0 0.0000 0.3412 41.91 0.0907 0.0002 0.0010
-106.8750 52.6065 0.5187 0.1746 0.3066 0.00000 6.405 1499.3 12.0 0.0000 0.6827 82.24 0.0868 0.0005 0.0024
-101.2500 52.6065 0.5655 0.1538 0.2807 0.00000 6.332 1499.2 12.0 0.0000 1.2864 149.08 0.0919 0.0006 0.0026
-95.6250 52.6065 0.5541 0.1579 0.2880 0.00000 6.313 1498.9 12.0 0.0000 1.2258 143.57 0.0952 0.0007 0.0031
-28.1250 52.6065 0.5534 0.1395 0.3071 0.00000 6.340 1498.7 12.0 0.0000 0.8687 102.99 0.0811 0.0008 0.0050
-22.5000 52.6065 0.6979 0.0987 0.2034 0.00000 6.099 1500.0 12.0 0.0000 1.2769 130.72 0.0957 0.0000 0.0001
-16.8750 52.6065 0.4974 0.2060 0.2966 0.00000 6.288 1500.0 12.0 0.0000 0.3938 47.62 0.1117 0.0000 0.0000
-11.2500 52.6065 0.4111 0.2457 0.3432 0.00000 6.284 1500.0 12.0 0.0000 0.2950 38.16 0.1198 0.0000 0.0000
-5.6250 52.6065 0.4106 0.2457 0.3437 0.00000 6.328 1500.0 12.0 0.0000 0.2391 30.95 0.1174 0.0000 0.0000
0.0000 47.0696 0.4825 0.2190 0.2985 0.00000 6.367 1500.0 12.0 0.0000 0.4271 52.08 0.1408 0.0000 0.0000
5.6250 47.0696 0.4885 0.2194 0.2922 0.00000 6.297 1500.0 12.0 0.0000 0.5788 70.12 0.1575 0.0000 0.0000
11.2500 47.0696 0.4527 0.2395 0.3078 0.00000 6.065 1500.0 12.0 0.0000 0.6072 75.53 0.1986 0.0000 0.0000
16.8750 47.0696 0.4213 0.2576 0.3211 0.00000 5.893 1500.0 12.0 0.0000 0.6133 78.01 0.2331 0.0000 0.0000
22.5000 47.0696 0.4189 0.2604 0.3207 0.00000 5.851 1500.0 12.0 0.0000 1.1476 146.11 0.2464 0.0000 0.0000
28.1250 47.0696 0.6084 0.1698 0.2218 0.00000 5.648 1500.0 12.0 0.0000 5.7090 163.54 0.2418 0.0000 0.0000
33.7500 47.0696 0.5313 0.1818 0.2869 0.00000 5.837 1487.3 12.0 0.0000 2.7681 181.10 0.2136 0.0085 0.0151
-151.8750 47.0696 0.4973 0.2099 0.2927 0.00000 6.094 1498.3 12.0 0.0000 0.7300 88.31 0.1956 0.0012 0.0022
-146.2500 47.0696 0.6049 0.1481 0.2470 0.00000 5.931 1494.8 12.0 0.0000 0.9289 104.07 0.1767 0.0035 0.0072
-140.6250 47.0696 0.5694 0.1758 0.2548 0.00000 6.097 1500.0 12.0 0.0000 0.7426 84.41 0.1582 0.0000 0.0000
-135.0000 47.0696 0.4776 0.2131 0.3094 0.00000 6.101 1499.9 12.0 0.0000 1.4568 179.21 0.1443 0.0000 0.0001
-129.3750 47.0696 0.4890 0.1991 0.3118 0.00000 6.111 1498.5 12.0 0.0000 0.9500 116.63 0.1432 0.0010 0.0026
-28.1250 47.0696 0.5504 0.1518 0.2978 0.00000 6.251 1496.4 12.0 0.0000 1.5838 177.79 0.1188 0.0024 0.0075
-22.5000 47.0696 0.6407 0.1377 0.2216 0.00000 5.781 1497.6 12.0 0.0000 2.4436 161.30 0.1806 0.0016 0.0032
-16.8750 47.0696 0.5301 0.2027 0.2671 0.00000 5.817 1500.0 12.0 0.0000 1.2690 148.34 0.2053 0.0000 0.0000
-11.2500 47.0696 0.4158 0.2555 0.3287 0.00000 6.014 1500.0 12.0 0.0000 0.4223 54.08 0.1947 0.0000 0.0000
-5.6250 47.0696 0.4562 0.2334 0.3105 0.00000 6.219 1500.0 12.0 0.0000 0.3463 43.06 0.1621 0.0000 0.0000
0.0000 41.5325 0.5911 0.1590 0.2498 0.00000 6.272 1497.8 12.0 0.0000 1.6983 168.68 0.1629 0.0015 0.0033
5.6250 41.5325 0.5154 0.2159 0.2687 0.00000 6.721 1498.2 12.0 0.0000 1.7113 177.36 0.2077 0.0012 0.0022
11.2500 41.5325 0.5814 0.1774 0.2413 0.00000 6.119 1499.7 12.0 0.0000 1.7629 168.10 0.2072 0.0002 0.0004
16.8750 41.5325 0.4343 0.2443 0.3214 0.00000 6.944 1500.0 12.0 0.0000 0.5163 65.28 0.1314 0.0000 0.0000
33.7500 41.5325 0.6191 0.1374 0.2435 0.00000 6.830 1500.0 12.0 0.0000 0.8550 93.97 0.0628 0.0000 0.0004
-163.1250 41.5325 0.5636 0.1658 0.2706 0.00000 7.126 1499.9 12.0 0.0000 0.5909 68.04 0.0628 0.0001 0.0007
-157.5000 41.5325 0.5745 0.1609 0.2646 0.00000 6.802 1499.9 12.0 0.0000 0.5341 60.93 0.0734 0.0001 0.0007
-151.8750 41.5325 0.3714 0.2989 0.3297 0.00000 7.341 1500.0 12.0 0.0000 0.9990 130.66 0.2150 0.0000 0.0000
-146.2500 41.5325 0.4089 0.2614 0.3298 0.00000 6.758 1499.6 12.0 0.0000 0.7934 102.05 0.1997 0.0003 0.0005
-140.6250 41.5325 0.3325 0.3141 0.3535 0.00000 8.108 1500.0 12.0 0.0000 0.3113 41.97 0.1543 0.0000 0.0000
-135.0000 41.5325 0.5007 0.2122 0.2872 0.00000 7.098 1499.9 12.0 0.0000 1.2994 156.03 0.1266 0.0001 0.0002
-129.3750 41.5325 0.5073 0.1892 0.3035 0.00000 6.178 1495.4 12.0 0.0000 1.0589 128.89 0.1507 0.0030 0.0073
-45.0000 41.5325 0.4778 0.1929 0.3292 0.00000 6.613 1499.9 12.0 0.0000 0.1021 12.70 0.0628 0.0001 0.0013
-39.3750 41.5325 0.3824 0.2991 0.3185 0.00000 6.898 1499.4 12.0 0.0000 0.3517 45.53 0.1382 0.0004 0.0010
-22.5000 41.5325 0.5749 0.1695 0.2555 0.00000 5.886 1490.5 12.0 0.0000 2.1298 172.94 0.2275 0.0064 0.0109
-16.8750 41.5325 0.6257 0.1621 0.2122 0.00000 5.723 1500.0 12.0 0.0000 1.8058 160.97 0.2494 0.0000 0.0000
-11.2500 41.5325 0.5893 0.1746 0.2361 0.00000 5.938 1500.0 12.0 0.0000 1.5558 166.75 0.2119 0.0000 0.0000
-5.6250 41.5325 0.5773 0.1666 0.2561 0.00000 6.097 1498.7 12.0 0.0000 1.8836 170.32 0.1640 0.0009 0.0019
11.2500 35.9951 0.5722 0.1482 0.2796 0.00000 6.847 1499.5 12.0 0.0000 0.8637 99.63 0.0628 0.0004 0.0047
16.8750 35.9951 0.5335 0.1851 0.2815 0.00000 6.840 1500.0 12.0 0.0000 0.4893 57.58 0.0628 0.0000 0.0000
22.5000 35.9951 0.4672 0.2149 0.3178 0.00000 6.800 1500.0 12.0 0.0000 0.1371 17.03 0.0628 0.0000 0.0000
28.1250 35.9951 0.4781 0.2106 0.3113 0.00000 6.800 1500.0 12.0 0.0000 0.1383 17.03 0.0628 0.0000 0.0000
33.7500 35.9951 0.5538 0.1724 0.2738 0.00000 6.698 1500.0 12.0 0.0000 0.4325 50.14 0.0628 0.0000 0.0000
39.3750 35.9951 0.5952 0.1495 0.2553 0.00000 6.618 1500.0 12.0 0.0000 0.3045 34.15 0.0628 0.0000 0.0000
45.0000 35.9951 0.5907 0.1424 0.2669 0.00000 6.696 1499.9 12.0 0.0000 0.3310 37.48 0.0628 0.0001 0.0010
84.3750 35.9951 0.3372 0.3302 0.3325 0.00000 7.273 1500.0 12.0 0.0000 0.3158 42.01 0.0628 0.0000 0.0000
90.0000 35.9951 0.4403 0.2263 0.3333 0.00000 7.238 1499.8 12.0 0.0000 0.4810 61.05 0.0628 0.0001 0.0018
95.6250 35.9951 0.4861 0.1991 0.3147 0.00000 7.475 1499.8 12.0 0.0000 0.4071 50.03 0.0628 0.0001 0.0015
101.2500 35.9951 0.5329 0.1717 0.2954 0.00000 7.245 1499.9 12.0 0.0000 0.3811 45.25 0.0628 0.0001 0.0013
129.3750 35.9951 0.3593 0.3078 0.3328 0.00000 7.436 1499.9 12.0 0.0000 0.0716 10.00 0.0628 0.0001 0.0009
-174.3750 35.9951 0.5028 0.1874 0.3097 0.00000 7.158 1499.8 12.0 0.0000 0.2864 34.81 0.0628 0.0001 0.0018
-163.1250 35.9951 0.5317 0.1871 0.2812 0.00000 7.014 1500.0 12.0 0.0000 0.1640 19.32 0.0628 0.0000 0.0000
-157.5000 35.9951 0.4524 0.2327 0.3148 0.00000 7.529 1500.0 12.0 0.0000 0.1204 15.03 0.0628 0.0000 0.0000
-151.8750 35.9951 0.3997 0.2505 0.3499 0.00000 7.505 1500.0 12.0 0.0000 0.2550 33.27 0.0743 0.0000 0.0000
-146.2500 35.9951 0.4468 0.2235 0.3297 0.00000 7.468 1500.0 12.0 0.0000 0.1485 18.75 0.0648 0.0000 0.0000
-140.6250 35.9951 0.3545 0.2750 0.3705 0.00000 7.713 1500.0 12.0 0.0000 0.1524 20.52 0.0628 0.0000 0.0000
-135.0000 35.9951 0.4114 0.2719 0.3167 0.00000 8.147 1500.0 12.0 0.0000 0.5950 75.86 0.1333 0.0000 0.0000
-129.3750 35.9951 0.4496 0.2541 0.2962 0.00000 6.285 1469.3 12.0 0.0000 0.9734 126.43 0.3117 0.0205 0.0291
-95.6250 35.9951 0.4717 0.2111 0.3172 0.00000 7.350 1499.9 12.0 0.0000 0.4630 57.37 0.0628 0.0001 0.0007
-90.0000 35.9951 0.4839 0.2024 0.3136 0.00000 7.357 1499.9 12.0 0.0000 0.6810 83.73 0.0628 0.0001 0.0008
-61.8750 35.9951 0.4803 0.2013 0.3183 0.00000 7.114 1499.9 12.0 0.0000 0.1368 16.88 0.0628 0.0001 0.0007
-56.2500 35.9951 0.4564 0.2156 0.3280 0.00000 7.266 1499.9 12.0 0.0000 0.1609 20.20 0.0628 0.0001 0.0007
-50.6250 35.9951 0.5162 0.1851 0.2986 0.00000 7.042 1499.8 12.0 0.0000 0.1656 19.87 0.0628 0.0001 0.0013
-45.0000 35.9951 0.5763 0.2044 0.2193 0.00000 5.756 1500.0 12.0 0.0000 1.5819 166.15 0.3599 0.0000 0.0000
-39.3750 35.9951 0.4776 0.2693 0.2532 0.00000 5.342 1438.4 12.0 0.0000 1.3138 172.61 0.5076 0.0411 0.0476
-22.5000 35.9951 0.5146 0.2071 0.2782 0.00000 6.074 1489.4 12.0 0.0000 2.5019 181.04 0.2665 0.0071 0.0109
-16.8750 35.9951 0.5210 0.2062 0.2728 0.00000 5.979 1491.4 12.0 0.0000 2.5935 179.34 0.2585 0.0058 0.0091
-11.2500 35.9951 0.5289 0.1773 0.2938 0.00000 6.267 1493.6 12.0 0.0000 1.7552 180.16 0.1543 0.0042 0.0100
-5.6250 35.9951 0.4938 0.1873 0.3188 0.00000 6.627 1499.8 12.0 0.0000 0.1957 24.01 0.0628 0.0001 0.0017
11.2500 30.4576 0.5283 0.1778 0.2939 0.00000 6.851 1499.7 12.0 0.0000 0.5262 62.59 0.0628 0.0002 0.0029
16.8750 30.4576 0.6030 0.1457 0.2513 0.00000 6.609 1500.0 12.0 0.0000 0.8380 93.36 0.0628 0.0000 0.0000
22.5000 30.4576 0.4985 0.2024 0.2991 0.00000 6.800 1500.0 12.0 0.0000 0.2610 31.59 0.0628 0.0000 0.0000
28.1250 30.4576 0.4388 0.2365 0.3247 0.00000 7.363 1500.0 12.0 0.0000 0.2521 31.86 0.0628 0.0000 0.0000
33.7500 30.4576 0.4823 0.2094 0.3083 0.00000 6.826 1500.0 12.0 0.0000 0.0876 10.74 0.0628 0.0000 0.0000
39.3750 30.4576 0.4529 0.2298 0.3173 0.00000 7.214 1500.0 12.0 0.0000 0.0831 10.39 0.0648 0.0000 0.0000
45.0000 30.4576 0.6153 0.1396 0.2451 0.00000 6.683 1500.0 12.0 0.0000 0.3670 40.46 0.0628 0.0000 0.0000
50.6250 30.4576 0.4906 0.1991 0.3102 0.00000 7.203 1499.5 12.0 0.0000 0.9654 118.14 0.0740 0.0003 0.0026
90.0000 30.4576 0.4495 0.2325 0.3180 0.00000 7.843 1500.0 12.0 0.0000 0.4727 59.23 0.0628 0.0000 0.0004
95.6250 30.4576 0.3832 0.2753 0.3416 0.00000 8.385 1500.0 12.0 0.0000 0.1137 14.88 0.0628 0.0000 0.0000
101.2500 30.4576 0.5029 0.2093 0.2878 0.00000 7.532 1500.0 12.0 0.0000 0.1734 20.81 0.0628 0.0000 0.0000
123.7500 30.4576 0.4369 0.2270 0.3360 0.00000 7.464 1499.8 12.0 0.0000 0.0784 10.00 0.0628 0.0002 0.0020
129.3750 30.4576 0.3875 0.2523 0.3602 0.00000 7.479 1499.9 12.0 0.0000 0.1124 14.83 0.0628 0.0001 0.0009
135.0000 30.4576 0.4520 0.2084 0.3395 0.00000 6.624 1495.9 12.0 0.0000 1.0845 138.24 0.1045 0.0028 0.0104
140.6250 30.4576 0.4442 0.2527 0.3032 0.00000 6.332 1482.5 12.0 0.0000 2.1529 192.11 0.3013 0.0117 0.0169
146.2500 30.4576 0.4011 0.3052 0.2928 0.00000 6.655 1500.0 12.0 0.0000 1.9244 189.49 0.2973 0.0000 0.0000
174.3750 30.4576 0.4916 0.2079 0.3005 0.00000 6.850 1500.0 12.0 0.0000 0.3444 41.86 0.0628 0.0000 0.0000
-174.3750 30.4576 0.5439 0.1806 0.2755 0.00000 6.974 1500.0 12.0 0.0000 0.1663 19.40 0.0628 0.0000 0.0000
-168.7500 30.4576 0.4865 0.2111 0.3024 0.00000 6.931 1500.0 12.0 0.0000 0.1263 15.41 0.0650 0.0000 0.0000
-163.1250 30.4576 0.4942 0.2079 0.2979 0.00000 7.115 1500.0 12.0 0.0000 0.3324 40.29 0.0677 0.0000 0.0000
-157.5000 30.4576 0.4150 0.2457 0.3393 0.00000 7.601 1500.0 12.0 0.0000 0.2706 34.86 0.0639 0.0000 0.0000
-151.8750 30.4576 0.4407 0.2317 0.3275 0.00000 7.276 1500.0 12.0 0.0000 0.0987 12.48 0.0628 0.0000 0.0000
-140.6250 30.4576 0.4052 0.2506 0.3441 0.00000 7.528 1500.0 12.0 0.0000 0.1129 14.65 0.0628 0.0000 0.0004
-135.0000 30.4576 0.4420 0.2456 0.3124 0.00000 7.487 1498.4 12.0 0.0000 0.8302 104.32 0.1470 0.0010 0.0026
-129.3750 30.4576 0.3058 0.3987 0.2953 0.00000 6.777 1488.5 12.0 0.0000 0.9930 133.65 0.5050 0.0077 0.0089
-101.2500 30.4576 0.4094 0.2722 0.3183 0.00000 7.113 1499.7 12.0 0.0000 0.5489 70.14 0.0628 0.0002 0.0030
-95.6250 30.4576 0.5800 0.1623 0.2577 0.00000 7.136 1500.0 12.0 0.0000 0.5330 60.36 0.0628 0.0000 0.0000
-90.0000 30.4576 0.5037 0.2043 0.2920 0.00000 7.417 1500.0 12.0 0.0000 0.2483 29.86 0.0628 0.0000 0.0000
-84.3750 30.4576 0.4313 0.2466 0.3221 0.00000 8.068 1500.0 12.0 0.0000 0.2030 25.71 0.0628 0.0000 0.0000
-78.7500 30.4576 0.4805 0.2093 0.3101 0.00000 7.474 1500.0 12.0 0.0000 0.1284 15.77 0.0628 0.0000 0.0003
-73.1250 30.4576 0.4066 0.2609 0.3325 0.00000 7.322 1499.9 12.0 0.0000 0.1974 25.45 0.0783 0.0000 0.0002
-67.5000 30.4576 0.4313 0.2314 0.3373 0.00000 7.366 1499.9 12.0 0.0000 0.3471 44.34 0.0827 0.0001 0.0003
-61.8750 30.4576 0.4371 0.2383 0.3246 0.00000 7.643 1500.0 12.0 0.0000 0.2016 25.50 0.0745 0.0000 0.0001
-56.2500 30.4576 0.4712 0.2241 0.3047 0.00000 7.547 1500.0 12.0 0.0000 0.1613 19.85 0.0809 0.0000 0.0000
-50.6250 30.4576 0.4624 0.2281 0.3096 0.00000 7.154 1500.0 12.0 0.0000 0.0664 10.00 0.0878 0.0000 0.0000
-45.0000 30.4576 0.4305 0.2853 0.2842 0.00000 6.700 1500.0 12.0 0.0000 0.5981 74.20 0.3799 0.0000 0.0000
-39.3750 30.4576 0.5003 0.2906 0.2092 0.00000 5.255 1477.0 12.0 0.0000 2.4973 178.83 0.6894 0.0153 0.0162
-33.7500 30.4576 0.4016 0.3310 0.2674 0.00000 5.684 1483.9 12.0 0.0000 2.6562 191.74 0.5927 0.0107 0.0118
16.8750 24.9199 0.5949 0.1495 0.2557 0.00000 6.970 1500.0 12.0 0.0000 1.0274 115.28 0.0633 0.0000 0.0004
22.5000 24.9199 0.4874 0.2129 0.2997 0.00000 7.171 1500.0 12.0 0.0000 0.4301 52.35 0.0628 0.0000 0.0000
28.1250 24.9199 0.3432 0.2959 0.3608 0.00000 8.096 1500.0 12.0 0.0000 0.0676 10.00 0.0628 0.0000 0.0000
33.7500 24.9199 0.3942 0.2639 0.3419 0.00000 7.617 1500.0 12.0 0.0000 0.0700 10.00 0.0628 0.0000 0.0000
39.3750 24.9199 0.4322 0.2446 0.3232 0.00000 7.445 1500.0 12.0 0.0000 0.1090 13.80 0.0670 0.0000 0.0000
45.0000 24.9199 0.5024 0.2096 0.2881 0.00000 7.625 1500.0 12.0 0.0000 0.2980 35.76 0.0628 0.0000 0.0000
50.6250 24.9199 0.4403 0.2336 0.3261 0.00000 7.418 1499.6 12.0 0.0000 0.2827 35.76 0.0628 0.0003 0.0035
84.3750 24.9199 0.3652 0.2971 0.3374 0.00000 7.673 1500.0 12.0 0.0000 0.2550 33.57 0.0628 0.0000 0.0003
90.0000 24.9199 0.5162 0.1947 0.2891 0.00000 7.297 1500.0 12.0 0.0000 0.3080 36.73 0.0628 0.0000 0.0002
95.6250 24.9199 0.3582 0.2895 0.3523 0.00000 8.405 1500.0 12.0 0.0000 0.0716 10.00 0.0628 0.0000 0.0000
101.2500 24.9199 0.4036 0.2612 0.3352 0.00000 8.130 1500.0 12.0 0.0000 0.0619 10.00 0.0628 0.0000 0.0000
106.8750 24.9199 0.6187 0.1407 0.2406 0.00000 6.727 1500.0 12.0 0.0000 0.0827 10.00 0.0628 0.0000 0.0001
112.5000 24.9199 0.4425 0.2450 0.3125 0.00000 7.810 1499.9 12.0 0.0000 0.0568 10.00 0.0628 0.0000 0.0006
118.1250 24.9199 0.5436 0.1813 0.2751 0.00000 7.297 1499.9 12.0 0.0000 0.0666 10.00 0.0628 0.0001 0.0007
123.7500 24.9199 0.4552 0.2207 0.3241 0.00000 7.399 1500.0 12.0 0.0000 0.1096 13.74 0.0628 0.0000 0.0004
168.7500 24.9199 0.4529 0.2318 0.3153 0.00000 7.273 1499.9 12.0 0.0000 0.4482 55.98 0.0661 0.0000 0.0005
174.3750 24.9199 0.4672 0.2179 0.3148 0.00000 6.940 1500.0 12.0 0.0000 0.0985 12.22 0.0654 0.0000 0.0000
180.0000 24.9199 0.4494 0.2340 0.3166 0.00000 7.429 1500.0 12.0 0.0000 0.0916 11.46 0.0628 0.0000 0.0000
-174.3750 24.9199 0.4743 0.2179 0.3077 0.00000 7.132 1500.0 12.0 0.0000 0.0735 10.00 0.0628 0.0000 0.0000
-168.7500 24.9199 0.4562 0.2297 0.3141 0.00000 7.232 1500.0 12.0 0.0000 0.1021 12.73 0.0653 0.0000 0.0000
-163.1250 24.9199 0.5667 0.1687 0.2645 0.00000 6.935 1500.0 12.0 0.0000 0.6027 69.01 0.0628 0.0000 0.0000
-157.5000 24.9199 0.3946 0.2696 0.3358 0.00000 7.509 1500.0 12.0 0.0000 0.1445 18.76 0.0628 0.0000 0.0002
-140.6250 24.9199 0.4437 0.2278 0.3285 0.00000 7.358 1499.9 12.0 0.0000 0.0811 10.25 0.0628 0.0001 0.0007
-135.0000 24.9199 0.4302 0.2372 0.3325 0.00000 7.383 1499.7 12.0 0.0000 0.0935 11.92 0.0628 0.0002 0.0028
-95.6250 24.9199 0.4742 0.2144 0.3114 0.00000 7.518 1499.9 12.0 0.0000 0.3185 39.29 0.0628 0.0000 0.0006
-90.0000 24.9199 0.6304 0.1314 0.2382 0.00000 6.704 1500.0 12.0 0.0000 0.3217 35.02 0.0628 0.0000 0.0002
-84.3750 24.9199 0.5094 0.2001 0.2905 0.00000 7.316 1500.0 12.0 0.0000 0.0918 11.00 0.0628 0.0000 0.0000
-78.7500 24.9199 0.4969 0.2082 0.2949 0.00000 7.491 1500.0 12.0 0.0000 0.0981 11.86 0.0669 0.0000 0.0000
-73.1250 24.9199 0.4915 0.2094 0.2991 0.00000 7.328 1500.0 12.0 0.0000 0.1647 20.01 0.0766 0.0000 0.0000
-67.5000 24.9199 0.4715 0.2207 0.3078 0.00000 7.404 1500.0 12.0 0.0000 0.2097 25.85 0.0699 0.0000 0.0000
-61.8750 24.9199 0.4670 0.2239 0.3091 0.00000 7.322 1500.0 12.0 0.0000 0.0574 10.00 0.0681 0.0000 0.0000
-56.2500 24.9199 0.4903 0.2075 0.3022 0.00000 6.891 1500.0 12.0 0.0000 0.0297 10.00 0.0628 0.0000 0.0000
-50.6250 24.9199 0.4971 0.2033 0.2996 0.00000 6.814 1500.0 12.0 0.0000 0.0298 10.00 0.0631 0.0000 0.0000
-45.0000 24.9199 0.5131 0.1981 0.2888 0.00000 7.243 1500.0 12.0 0.0000 0.0868 10.37 0.0628 0.0000 0.0000
-39.3750 24.9199 0.4993 0.2124 0.2883 0.00000 6.732 1487.5 12.0 0.0000 1.6487 184.08 0.1894 0.0083 0.0164
16.8750 19.3822 0.6109 0.1497 0.2393 0.00000 6.723 1500.0 12.0 0.0000 1.2773 140.64 0.0673 0.0000 0.0003
22.5000 19.3822 0.4109 0.2589 0.3302 0.00000 7.844 1500.0 12.0 0.0000 0.1261 16.20 0.0630 0.0000 0.0000
28.1250 19.3822 0.3998 0.2799 0.3203 0.00000 8.008 1500.0 12.0 0.0000 0.0713 10.00 0.0628 0.0000 0.0000
33.7500 19.3822 0.5665 0.1690 0.2645 0.00000 7.042 1499.9 12.0 0.0000 0.4213 48.26 0.0818 0.0001 0.0003
39.3750 19.3822 0.4946 0.2162 0.2892 0.00000 7.407 1499.5 12.0 0.0000 1.0533 127.12 0.1196 0.0004 0.0011
45.0000 19.3822 0.4729 0.2221 0.3050 0.00000 7.284 1498.2 12.0 0.0000 0.6813 84.03 0.1103 0.0012 0.0042
90.0000 19.3822 0.4292 0.2434 0.3273 0.00000 7.240 1499.9 12.0 0.0000 0.2098 26.68 0.0628 0.0000 0.0005
95.6250 19.3822 0.4932 0.2107 0.2962 0.00000 7.699 1500.0 12.0 0.0000 0.1845 22.35 0.0628 0.0000 0.0000
101.2500 19.3822 0.5280 0.1900 0.2820 0.00000 7.190 1500.0 12.0 0.0000 0.1055 12.45 0.0628 0.0000 0.0000
106.8750 19.3822 0.4837 0.2120 0.3043 0.00000 7.029 1500.0 12.0 0.0000 0.0225 10.00 0.0628 0.0000 0.0000
112.5000 19.3822 0.4640 0.2220 0.3140 0.00000 7.444 1500.0 12.0 0.0000 0.0553 10.00 0.0646 0.0000 0.0000
118.1250 19.3822 0.4017 0.2541 0.3441 0.00000 7.630 1499.9 12.0 0.0000 0.1216 15.81 0.0787 0.0001 0.0005
123.7500 19.3822 0.4569 0.2222 0.3208 0.00000 6.818 1499.8 12.0 0.0000 0.0792 10.00 0.0726 0.0002 0.0012
163.1250 19.3822 0.5071 0.2015 0.2914 0.00000 7.359 1499.9 12.0 0.0000 0.3461 41.52 0.0628 0.0000 0.0005
168.7500 19.3822 0.5618 0.1664 0.2718 0.00000 6.682 1500.0 12.0 0.0000 0.1190 13.72 0.0628 0.0000 0.0000
174.3750 19.3822 0.5371 0.1833 0.2796 0.00000 7.143 1500.0 12.0 0.0000 0.1041 12.22 0.0628 0.0000 0.0000
180.0000 19.3822 0.4509 0.2323 0.3168 0.00000 7.669 1499.9 12.0 0.0000 0.2787 34.87 0.0666 0.0000 0.0005
-174.3750 19.3822 0.4776 0.2087 0.3137 0.00000 7.322 1499.9 12.0 0.0000 0.3271 40.34 0.0628 0.0001 0.0009
-168.7500 19.3822 0.4956 0.2056 0.2988 0.00000 7.301 1499.8 12.0 0.0000 0.5497 66.63 0.0877 0.0001 0.0007
-163.1250 19.3822 0.4698 0.2128 0.3174 0.00000 7.303 1500.0 12.0 0.0000 0.1691 20.97 0.0628 0.0000 0.0004
-84.3750 19.3822 0.5469 0.1794 0.2737 0.00000 7.161 1499.9 12.0 0.0000 0.1133 13.18 0.0628 0.0000 0.0005
-78.7500 19.3822 0.4326 0.2460 0.3214 0.00000 7.955 1500.0 12.0 0.0000 0.0567 10.00 0.0647 0.0000 0.0000
-73.1250 19.3822 0.3920 0.2669 0.3411 0.00000 7.990 1500.0 12.0 0.0000 0.0280 10.00 0.0628 0.0000 0.0000
-67.5000 19.3822 0.4255 0.2421 0.3323 0.00000 6.956 1500.0 12.0 0.0000 0.0835 10.67 0.1062 0.0000 0.0000
-61.8750 19.3822 0.4104 0.2394 0.3503 0.00000 6.798 1500.0 12.0 0.0000 0.0351 10.00 0.0737 0.0000 0.0000
-56.2500 19.3822 0.4441 0.2277 0.3281 0.00000 6.957 1500.0 12.0 0.0000 0.0279 10.00 0.0640 0.0000 0.0000
-50.6250 19.3822 0.5246 0.1922 0.2831 0.00000 7.032 1500.0 12.0 0.0000 0.1819 21.53 0.0740 0.0000 0.0000
-45.0000 19.3822 0.4758 0.2193 0.3049 0.00000 7.486 1499.8 12.0 0.0000 0.3286 40.37 0.0773 0.0002 0.0011
16.8750 13.8445 0.5464 0.1822 0.2714 0.00000 7.168 1499.5 12.0 0.0000 1.3746 159.88 0.0900 0.0003 0.0016
22.5000 13.8445 0.4767 0.2220 0.3013 0.00000 7.053 1500.0 12.0 0.0000 0.4106 50.29 0.1175 0.0000 0.0000
28.1250 13.8445 0.4945 0.2280 0.2775 0.00000 7.268 1500.0 12.0 0.0000 1.2804 153.33 0.1715 0.0000 0.0000
33.7500 13.8445 0.4656 0.2567 0.2777 0.00000 7.094 1495.6 12.0 0.0000 1.7659 183.58 0.1983 0.0029 0.0056
95.6250 13.8445 0.3347 0.3833 0.2820 0.00000 6.925 1431.6 12.0 0.0000 2.8909 215.01 0.4583 0.0456 0.0548
101.2500 13.8445 0.4634 0.2202 0.3164 0.00000 7.026 1499.3 12.0 0.0000 0.3057 38.05 0.0628 0.0005 0.0062
106.8750 13.8445 0.5149 0.1926 0.2925 0.00000 6.885 1500.0 12.0 0.0000 0.0675 10.00 0.0628 0.0000 0.0000
112.5000 13.8445 0.4401 0.2515 0.3084 0.00000 6.780 1499.6 12.0 0.0000 0.8461 105.98 0.2380 0.0003 0.0005
118.1250 13.8445 0.3694 0.3830 0.2473 0.00000 6.164 1497.3 12.0 0.0000 0.9458 118.83 0.7145 0.0018 0.0019
163.1250 13.8445 0.4765 0.2148 0.3086 0.00000 7.348 1499.9 12.0 0.0000 0.2259 27.79 0.0628 0.0001 0.0008
168.7500 13.8445 0.5412 0.1846 0.2742 0.00000 7.305 1500.0 12.0 0.0000 0.2764 32.26 0.0732 0.0000 0.0002
174.3750 13.8445 0.5393 0.1945 0.2661 0.00000 7.186 1499.5 12.0 0.0000 0.7156 83.28 0.1384 0.0003 0.0009
180.0000 13.8445 0.3604 0.3222 0.3174 0.00000 7.453 1487.6 12.0 0.0000 1.9455 199.61 0.2907 0.0082 0.0122
-140.6250 13.8445 0.3265 0.3330 0.3405 0.00000 7.800 1500.0 12.0 0.0000 0.0789 10.60 0.0628 0.0000 0.0004
-135.0000 13.8445 0.3659 0.3729 0.2612 0.00000 6.155 1486.2 12.0 0.0000 1.8732 193.62 0.6889 0.0092 0.0097
-78.7500 13.8445 0.4325 0.2319 0.3356 0.00000 7.134 1499.9 12.0 0.0000 0.0658 10.00 0.0628 0.0000 0.0005
-73.1250 13.8445 0.4339 0.2526 0.3135 0.00000 7.432 1499.8 12.0 0.0000 0.5816 73.25 0.1712 0.0001 0.0003
-67.5000 13.8445 0.4527 0.2580 0.2893 0.00000 6.997 1500.0 12.0 0.0000 0.3431 42.24 0.2942 0.0000 0.0000
-61.8750 13.8445 0.3894 0.2647 0.3459 0.00000 6.856 1500.0 12.0 0.0000 0.1352 17.69 0.1707 0.0000 0.0000
-56.2500 13.8445 0.4804 0.2141 0.3055 0.00000 6.971 1500.0 12.0 0.0000 0.0827 10.14 0.0748 0.0000 0.0000
-50.6250 13.8445 0.4630 0.2237 0.3132 0.00000 7.342 1499.9 12.0 0.0000 0.3081 38.26 0.0824 0.0000 0.0003
16.8750 8.3067 0.3959 0.3709 0.2332 0.00000 6.634 1347.1 12.0 0.0000 3.6627 229.73 0.6984 0.1020 0.1075
22.5000 8.3067 0.4980 0.2807 0.2213 0.00000 6.807 1480.9 12.0 0.0000 3.0349 179.14 0.4957 0.0127 0.0149
28.1250 8.3067 0.5920 0.1787 0.2293 0.00000 6.743 1499.0 12.0 0.0000 2.6671 166.09 0.1779 0.0007 0.0014
101.2500 8.3067 0.4987 0.2925 0.2088 0.00000 6.327 1456.6 12.0 0.0000 3.9713 185.06 0.5705 0.0289 0.0323
106.8750 8.3067 0.5400 0.1998 0.2601 0.00000 6.717 1500.0 12.0 0.0000 1.2929 149.73 0.2049 0.0000 0.0000
168.7500 8.3067 0.3218 0.4633 0.2149 0.00000 5.705 1333.3 12.0 0.0000 2.5178 238.63 1.1384 0.1112 0.1057
174.3750 8.3067 0.4376 0.3995 0.1628 0.00000 4.703 1500.0 12.0 0.0000 2.1539 172.71 1.4854 0.0000 0.0000
180.0000 8.3067 0.2938 0.5007 0.2055 0.00000 5.227 1400.8 12.0 0.0000 1.7457 219.91 1.3486 0.0662 0.0612
-157.5000 8.3067 0.3383 0.4453 0.2164 0.00000 5.280 1463.8 12.0 0.0000 1.8103 198.14 1.1810 0.0242 0.0228
-151.8750 8.3067 0.4149 0.3411 0.2440 0.00000 6.073 1463.4 12.0 0.0000 1.9347 194.27 0.6612 0.0244 0.0261
-146.2500 8.3067 0.4488 0.2309 0.3204 0.00000 7.096 1499.7 12.0 0.0000 0.4386 55.08 0.1185 0.0002 0.0006
-140.6250 8.3067 0.4820 0.2044 0.3136 0.00000 6.868 1500.0 12.0 0.0000 0.1024 12.60 0.0628 0.0000 0.0000
-135.0000 8.3067 0.4409 0.3623 0.1968 0.00000 5.321 1499.7 12.0 0.0000 1.5737 176.07 1.1639 0.0002 0.0002
-129.3750 8.3067 0.3260 0.4753 0.1987 0.00000 4.820 1393.0 12.0 0.0000 2.0921 218.63 1.4240 0.0714 0.0655
-123.7500 8.3067 0.2614 0.5432 0.1952 0.00000 5.822 1470.6 12.0 0.0000 2.0285 200.76 1.2655 0.0196 0.0183
-73.1250 8.3067 0.3041 0.4702 0.2252 0.00000 5.545 1456.1 12.0 0.0000 1.2503 170.34 1.0752 0.0293 0.0281
-67.5000 8.3067 0.5112 0.2369 0.2519 0.00000 6.334 1498.0 12.0 0.0000 0.8494 99.69 0.3753 0.0014 0.0018
-61.8750 8.3067 0.4204 0.2590 0.3206 0.00000 6.809 1500.0 12.0 0.0000 0.1802 22.93 0.2210 0.0000 0.0000
-56.2500 8.3067 0.5145 0.2051 0.2804 0.00000 7.082 1500.0 12.0 0.0000 0.3350 39.78 0.1037 0.0000 0.0000
-50.6250 8.3067 0.4829 0.2062 0.3110 0.00000 6.830 1499.3 12.0 0.0000 0.8263 101.58 0.1184 0.0005 0.0014
-22.5000 8.3067 0.2821 0.5300 0.1879 0.00000 4.728 1196.0 12.0 0.0000 1.1743 219.65 1.6184 0.2028 0.1826
22.5000 2.7689 0.2882 0.5124 0.1993 0.00000 6.037 1285.9 12.0 0.0000 3.5847 254.22 1.1586 0.1428 0.1354
28.1250 2.7689 0.4077 0.3407 0.2516 0.00000 7.298 1469.9 12.0 0.0000 2.1177 193.76 0.5287 0.0201 0.0230
101.2500 2.7689 0.3963 0.4241 0.1796 0.00000 5.823 1405.0 12.0 0.0000 3.8984 206.70 1.2307 0.0634 0.0595
106.8750 2.7689 0.4168 0.3876 0.1956 0.00000 5.811 1495.1 12.0 0.0000 3.7754 179.48 1.1122 0.0032 0.0031
151.8750 2.7689 0.2594 0.5232 0.2173 0.00000 6.457 1292.4 12.0 0.0000 4.4319 256.78 1.0044 0.1385 0.1347
157.5000 2.7689 0.3803 0.2931 0.3266 0.00000 7.535 1499.1 12.0 0.0000 0.5905 76.89 0.0827 0.0006 0.0034
174.3750 2.7689 0.2716 0.5195 0.2088 0.00000 4.913 1382.6 12.0 0.0000 2.1108 227.72 1.4928 0.0783 0.0714
180.0000 2.7689 0.2205 0.5857 0.1936 0.00000 5.379 1369.7 12.0 0.0000 1.3517 211.37 1.4724 0.0869 0.0793
-157.5000 2.7689 0.3017 0.5152 0.1831 0.00000 4.733 1493.1 12.0 0.0000 1.0256 129.31 1.6218 0.0046 0.0041
-151.8750 2.7689 0.3086 0.4894 0.2020 0.00000 5.529 1500.0 12.0 0.0000 1.3428 168.69 1.4163 0.0000 0.0000
-146.2500 2.7689 0.3815 0.3762 0.2422 0.00000 6.376 1500.0 12.0 0.0000 1.6336 186.09 0.9264 0.0000 0.0000
-140.6250 2.7689 0.4077 0.2796 0.3127 0.00000 6.596 1500.0 12.0 0.0000 1.4392 183.39 0.3864 0.0000 0.0000
-135.0000 2.7689 0.4331 0.3068 0.2601 0.00000 6.322 1500.0 12.0 0.0000 2.0919 183.33 0.6371 0.0000 0.0000
-129.3750 2.7689 0.3978 0.3845 0.2177 0.00000 5.687 1478.1 12.0 0.0000 2.5718 188.64 0.9429 0.0146 0.0144
-73.1250 2.7689 0.3027 0.4979 0.1993 0.00000 5.054 1446.0 12.0 0.0000 1.2979 177.29 1.3502 0.0360 0.0333
-67.5000 2.7689 0.4423 0.3314 0.2263 0.00000 5.679 1499.9 12.0 0.0000 1.5150 178.99 0.8049 0.0001 0.0001
-61.8750 2.7689 0.4785 0.2381 0.2834 0.00000 6.685 1500.0 12.0 0.0000 0.3059 37.05 0.2699 0.0000 0.0000
-56.2500 2.7689 0.5442 0.1848 0.2710 0.00000 6.519 1499.6 12.0 0.0000 1.0455 121.70 0.1607 0.0003 0.0006
-33.7500 2.7689 0.4219 0.2730 0.3050 0.00000 6.913 1489.3 12.0 0.0000 0.5837 74.82 0.1495 0.0071 0.0173
-28.1250 2.7689 0.3992 0.4293 0.1715 0.00000 5.014 1324.5 12.0 0.0000 2.0230 229.75 1.3706 0.1171 0.1080
-22.5000 2.7689 0.4287 0.4130 0.1584 0.00000 4.606 1405.7 12.0 0.0000 1.5833 201.35 1.4918 0.0629 0.0573
-16.8750 2.7689 0.3712 0.4220 0.2068 0.00000 5.331 1305.9 12.0 0.0000 1.4634 235.66 1.0749 0.1295 0.1244
-11.2500 2.7689 0.3795 0.3693 0.2510 0.00000 6.290 1411.4 12.0 0.0000 1.5016 213.76 0.6035 0.0591 0.0648
-5.6250 2.7689 0.3579 0.4077 0.2344 0.00000 5.814 1413.1 12.0 0.0000 1.3651 194.28 0.8557 0.0580 0.0582
22.5000 -2.7689 0.3010 0.5001 0.1988 0.00000 5.119 1367.9 12.0 0.0000 2.6591 228.43 1.4299 0.0881 0.0808
28.1250 -2.7689 0.3540 0.4139 0.2321 0.00000 6.008 1350.6 12.0 0.0000 3.1368 232.33 0.9143 0.0996 0.0987
56.2500 -2.7689 0.4156 0.3452 0.2391 0.00000 5.965 1401.5 12.0 0.0000 3.6064 212.25 0.7259 0.0657 0.0686
61.8750 -2.7689 0.5700 0.2226 0.2074 0.00000 6.280 1479.5 12.0 0.0000 3.2549 171.64 0.4457 0.0137 0.0166
67.5000 -2.7689 0.4437 0.2729 0.2835 0.00000 6.964 1469.1 12.0 0.0000 1.7667 194.12 0.2708 0.0206 0.0317
101.2500 -2.7689 0.3484 0.4707 0.1808 0.00000 5.902 1301.3 12.0 0.0000 4.7741 242.27 1.3141 0.1325 0.1231
106.8750 -2.7689 0.4159 0.4122 0.1720 0.00000 5.126 1500.0 12.0 0.0000 3.6391 175.63 1.4697 0.0000 0.0000
112.5000 -2.7689 0.3300 0.4636 0.2063 0.00000 5.508 1463.6 12.0 0.0000 4.0197 197.86 1.2496 0.0243 0.0227
146.2500 -2.7689 0.3905 0.4309 0.1786 0.00000 5.318 1326.8 12.0 0.0000 3.1651 230.60 1.2655 0.1155 0.1080
151.8750 -2.7689 0.4738 0.3544 0.1718 0.00000 5.724 1499.7 12.0 0.0000 2.7618 170.47 1.0578 0.0002 0.0002
157.5000 -2.7689 0.3712 0.3425 0.2862 0.00000 7.107 1489.6 12.0 0.0000 1.6745 194.76 0.2748 0.0069 0.0106
163.1250 -2.7689 0.1536 0.5211 0.3249 0.00000 7.615 1500.0 12.0 0.0000 0.3500 50.22 0.0814 0.0000 0.0000
-151.8750 -2.7689 0.3297 0.4671 0.2026 0.00000 5.498 1500.0 12.0 0.0000 1.1811 146.82 1.3191 0.0000 0.0000
-146.2500 -2.7689 0.3799 0.3704 0.2497 0.00000 6.315 1489.0 12.0 0.0000 2.7559 190.34 0.8694 0.0074 0.0074
-140.6250 -2.7689 0.3514 0.3504 0.2982 0.00000 6.145 1496.3 12.0 0.0000 2.3879 195.81 0.5483 0.0025 0.0028
-135.0000 -2.7689 0.4385 0.3048 0.2567 0.00000 6.257 1500.0 12.0 0.0000 1.5447 182.48 0.5872 0.0000 0.0000
-129.3750 -2.7689 0.4363 0.3119 0.2518 0.00000 6.462 1447.1 12.0 0.0000 1.9093 198.04 0.5245 0.0353 0.0404
-67.5000 -2.7689 0.3739 0.4015 0.2246 0.00000 5.545 1498.2 12.0 0.0000 1.9221 185.47 1.0005 0.0012 0.0012
-61.8750 -2.7689 0.3781 0.3642 0.2577 0.00000 5.916 1500.0 12.0 0.0000 3.0647 188.04 0.7835 0.0000 0.0000
-56.2500 -2.7689 0.4342 0.2694 0.2964 0.00000 6.420 1496.2 12.0 0.0000 2.3192 188.17 0.3331 0.0025 0.0035
-33.7500 -2.7689 0.3635 0.4036 0.2329 0.00000 6.584 1392.2 12.0 0.0000 3.0774 219.10 0.7551 0.0719 0.0743
-28.1250 -2.7689 0.3870 0.3982 0.2148 0.00000 5.772 1500.0 12.0 0.0000 1.8122 182.72 1.2368 0.0000 0.0000
-22.5000 -2.7689 0.3690 0.3891 0.2419 0.00000 5.330 1500.0 12.0 0.0000 0.6409 79.98 1.2616 0.0000 0.0000
-16.8750 -2.7689 0.4344 0.3485 0.2171 0.00000 5.508 1500.0 12.0 0.0000 0.8649 103.04 1.0478 0.0000 0.0000
-11.2500 -2.7689 0.4811 0.3316 0.1873 0.00000 5.364 1500.0 12.0 0.0000 1.1908 136.04 1.0258 0.0000 0.0000
-5.6250 -2.7689 0.3441 0.4446 0.2113 0.00000 5.285 1478.9 12.0 0.0000 1.6887 192.56 1.1540 0.0141 0.0134
45.0000 -8.3067 0.3621 0.4056 0.2323 0.00000 5.532 1279.4 12.0 0.0000 0.9858 166.26 0.9246 0.1471 0.1454
50.6250 -8.3067 0.4248 0.3996 0.1756 0.00000 5.203 1331.9 12.0 0.0000 1.4580 219.32 1.1123 0.1121 0.1070
56.2500 -8.3067 0.4970 0.3189 0.1842 0.00000 5.553 1457.9 12.0 0.0000 1.6203 182.25 0.8985 0.0281 0.0279
61.8750 -8.3067 0.4491 0.2962 0.2547 0.00000 6.169 1500.0 12.0 0.0000 0.9706 117.34 0.6433 0.0000 0.0000
67.5000 -8.3067 0.5140 0.2843 0.2016 0.00000 5.900 1500.0 12.0 0.0000 1.8822 169.90 0.7192 0.0000 0.0000
73.1250 -8.3067 0.4182 0.3030 0.2788 0.00000 6.659 1462.2 12.0 0.0000 1.9321 197.98 0.3401 0.0252 0.0343
106.8750 -8.3067 0.4945 0.2155 0.2900 0.00000 6.862 1487.0 12.0 0.0000 1.7711 184.85 0.1613 0.0087 0.0196
112.5000 -8.3067 0.4059 0.2587 0.3352 0.00000 7.596 1499.4 12.0 0.0000 0.2156 27.86 0.0628 0.0004 0.0051
140.6250 -8.3067 0.3367 0.4453 0.2179 0.00000 6.521 1305.4 12.0 0.0000 2.1445 245.98 1.0054 0.1298 0.1262
146.2500 -8.3067 0.2997 0.4718 0.2286 0.00000 6.758 1490.9 12.0 0.0000 1.3098 170.08 1.2322 0.0061 0.0057
151.8750 -8.3067 0.2721 0.4857 0.2422 0.00000 7.050 1500.0 12.0 0.0000 1.0865 141.92 1.2047 0.0000 0.0000
157.5000 -8.3067 0.2902 0.4553 0.2545 0.00000 7.255 1442.2 12.0 0.0000 2.0113 212.94 0.8406 0.0385 0.0389
163.1250 -8.3067 0.3007 0.4076 0.2917 0.00000 7.019 1480.4 12.0 0.0000 2.6541 204.44 0.4100 0.0131 0.0164
168.7500 -8.3067 0.3447 0.3536 0.3017 0.00000 7.251 1499.3 12.0 0.0000 1.6225 195.86 0.1611 0.0005 0.0010
174.3750 -8.3067 0.3782 0.2919 0.3299 0.00000 7.506 1500.0 12.0 0.0000 0.1377 17.96 0.0628 0.0000 0.0002
-140.6250 -8.3067 0.3042 0.4458 0.2500 0.00000 6.505 1500.0 12.0 0.0000 1.8118 193.86 0.6976 0.0000 0.0000
-135.0000 -8.3067 0.3398 0.4255 0.2347 0.00000 5.099 1499.9 12.0 0.0000 1.2641 159.36 1.1878 0.0001 0.0001
-129.3750 -8.3067 0.3819 0.3899 0.2282 0.00000 5.294 1443.5 12.0 0.0000 0.6931 93.13 1.2533 0.0377 0.0353
-123.7500 -8.3067 0.3998 0.3481 0.2520 0.00000 6.299 1415.7 12.0 0.0000 1.7622 210.76 0.6374 0.0562 0.0607
-33.7500 -8.3067 0.5379 0.2402 0.2219 0.00000 6.445 1460.4 12.0 0.0000 2.9572 181.76 0.4347 0.0264 0.0323
-28.1250 -8.3067 0.4784 0.2348 0.2868 0.00000 7.423 1500.0 12.0 0.0000 0.8470 102.80 0.1709 0.0000 0.0000
-22.5000 -8.3067 0.4756 0.2134 0.3110 0.00000 7.011 1500.0 12.0 0.0000 0.0369 10.00 0.0628 0.0000 0.0000
-16.8750 -8.3067 0.4097 0.2895 0.3008 0.00000 6.638 1500.0 12.0 0.0000 0.3877 49.04 0.4297 0.0000 0.0000
-11.2500 -8.3067 0.4292 0.3786 0.1922 0.00000 5.171 1500.0 12.0 0.0000 1.1418 134.39 1.3276 0.0000 0.0000
-5.6250 -8.3067 0.3542 0.4530 0.1928 0.00000 5.283 1379.1 12.0 0.0000 1.9769 219.65 1.2567 0.0806 0.0754
39.3750 -13.8445 0.3184 0.3388 0.3428 0.00000 7.766 1499.9 12.0 0.0000 0.0349 10.00 0.0628 0.0000 0.0005
45.0000 -13.8445 0.5630 0.1555 0.2815 0.00000 6.570 1499.4 12.0 0.0000 0.0590 10.00 0.0628 0.0004 0.0053
50.6250 -13.8445 0.4687 0.3153 0.2160 0.00000 5.440 1500.0 12.0 0.0000 0.6140 71.84 0.8704 0.0000 0.0000
56.2500 -13.8445 0.3714 0.3671 0.2615 0.00000 5.500 1500.0 12.0 0.0000 0.2441 30.76 1.0172 0.0000 0.0000
61.8750 -13.8445 0.3682 0.3402 0.2916 0.00000 6.078 1500.0 12.0 0.0000 0.6003 77.02 0.7189 0.0000 0.0000
67.5000 -13.8445 0.4316 0.3369 0.2315 0.00000 6.175 1500.0 12.0 0.0000 1.3655 164.29 0.8240 0.0000 0.0000
73.1250 -13.8445 0.3733 0.3740 0.2527 0.00000 6.694 1433.3 12.0 0.0000 1.8523 207.94 0.6184 0.0445 0.0485
78.7500 -13.8445 0.2914 0.3708 0.3377 0.00000 7.738 1499.2 12.0 0.0000 0.1480 20.17 0.0628 0.0005 0.0071
84.3750 -13.8445 0.3277 0.3295 0.3427 0.00000 7.841 1499.8 12.0 0.0000 0.1171 15.73 0.0628 0.0001 0.0015
135.0000 -13.8445 0.4183 0.2549 0.3268 0.00000 7.321 1499.7 12.0 0.0000 0.2191 28.01 0.0714 0.0002 0.0016
140.6250 -13.8445 0.4485 0.2528 0.2987 0.00000 7.923 1497.9 12.0 0.0000 0.6670 82.98 0.1671 0.0014 0.0030
146.2500 -13.8445 0.2871 0.4686 0.2442 0.00000 7.126 1483.9 12.0 0.0000 1.3757 183.09 1.0656 0.0107 0.0103
151.8750 -13.8445 0.3872 0.4170 0.1958 0.00000 5.444 1362.4 12.0 0.0000 2.2264 222.00 1.1249 0.0918 0.0875
157.5000 -13.8445 0.3396 0.3918 0.2685 0.00000 6.649 1438.5 12.0 0.0000 1.7454 211.07 0.6509 0.0410 0.0440
163.1250 -13.8445 0.3400 0.3346 0.3254 0.00000 7.475 1492.0 12.0 0.0000 1.3784 184.67 0.1888 0.0053 0.0105
168.7500 -13.8445 0.3454 0.2864 0.3682 0.00000 8.382 1499.7 12.0 0.0000 0.1831 24.74 0.0628 0.0002 0.0023
174.3750 -13.8445 0.4158 0.2504 0.3338 0.00000 8.014 1499.9 12.0 0.0000 0.3842 49.35 0.0628 0.0000 0.0006
180.0000 -13.8445 0.3890 0.2634 0.3476 0.00000 8.095 1500.0 12.0 0.0000 0.2524 33.06 0.0628 0.0000 0.0001
-174.3750 -13.8445 0.3397 0.3157 0.3446 0.00000 7.802 1500.0 12.0 0.0000 0.2963 39.62 0.0628 0.0000 0.0002
-135.0000 -13.8445 0.3682 0.3983 0.2335 0.00000 5.234 1500.0 12.0 0.0000 1.0800 134.19 1.0784 0.0000 0.0000
-129.3750 -13.8445 0.3944 0.3920 0.2136 0.00000 4.876 1500.0 12.0 0.0000 0.5156 62.54 1.4444 0.0000 0.0000
-123.7500 -13.8445 0.3802 0.4447 0.1751 0.00000 5.391 1263.1 12.0 0.0000 2.0717 250.28 1.2506 0.1580 0.1480
-33.7500 -13.8445 0.4913 0.2062 0.3025 0.00000 7.019 1498.8 12.0 0.0000 0.2490 30.36 0.0628 0.0008 0.0105
-28.1250 -13.8445 0.5142 0.1898 0.2958 0.00000 7.213 1499.9 12.0 0.0000 0.1383 16.58 0.0628 0.0001 0.0012
-22.5000 -13.8445 0.5243 0.1896 0.2860 0.00000 7.308 1499.9 12.0 0.0000 0.1594 18.90 0.0628 0.0000 0.0007
-16.8750 -13.8445 0.5879 0.1567 0.2554 0.00000 6.742 1500.0 12.0 0.0000 0.2455 27.64 0.0628 0.0000 0.0000
-11.2500 -13.8445 0.5585 0.1870 0.2545 0.00000 6.652 1497.3 12.0 0.0000 1.0591 121.63 0.1462 0.0018 0.0045
-5.6250 -13.8445 0.2478 0.4883 0.2634 0.00000 7.142 1406.1 12.0 0.0000 2.3664 228.43 0.5942 0.0626 0.0690
16.8750 -19.3822 0.3204 0.4494 0.2302 0.00000 5.851 1428.1 12.0 0.0000 1.8237 211.93 0.9359 0.0480 0.0473
22.5000 -19.3822 0.4358 0.3301 0.2340 0.00000 6.097 1421.2 12.0 0.0000 2.0193 203.98 0.6337 0.0526 0.0569
45.0000 -19.3822 0.3794 0.2785 0.3421 0.00000 7.742 1500.0 12.0 0.0000 0.0377 10.00 0.0628 0.0000 0.0003
50.6250 -19.3822 0.5018 0.2524 0.2458 0.00000 6.392 1489.6 12.0 0.0000 0.6961 82.96 0.4016 0.0069 0.0088
56.2500 -19.3822 0.4399 0.3262 0.2339 0.00000 5.626 1500.0 12.0 0.0000 0.4042 48.50 0.8798 0.0000 0.0000
61.8750 -19.3822 0.3715 0.2997 0.3288 0.00000 6.518 1500.0 12.0 0.0000 0.2837 37.08 0.3886 0.0000 0.0000
67.5000 -19.3822 0.4751 0.2272 0.2977 0.00000 6.813 1500.0 12.0 0.0000 0.3672 44.93 0.1657 0.0000 0.0000
73.1250 -19.3822 0.4963 0.2124 0.2913 0.00000 7.636 1499.6 12.0 0.0000 0.1564 18.87 0.0628 0.0003 0.0034
78.7500 -19.3822 0.5468 0.1836 0.2696 0.00000 7.261 1499.7 12.0 0.0000 0.6492 75.39 0.0628 0.0002 0.0030
84.3750 -19.3822 0.4735 0.2158 0.3107 0.00000 7.535 1499.5 12.0 0.0000 0.1541 19.02 0.0628 0.0003 0.0043
135.0000 -19.3822 0.3068 0.3467 0.3459 0.00000 7.837 1500.0 12.0 0.0000 0.1958 26.58 0.0791 0.0000 0.0001
140.6250 -19.3822 0.3910 0.2636 0.3454 0.00000 7.882 1500.0 12.0 0.0000 0.1800 23.53 0.0719 0.0000 0.0003
146.2500 -19.3822 0.3979 0.2788 0.3233 0.00000 7.516 1489.5 12.0 0.0000 0.8138 106.48 0.2075 0.0070 0.0128
168.7500 -19.3822 0.4977 0.2114 0.2908 0.00000 7.369 1499.9 12.0 0.0000 0.3272 39.43 0.0628 0.0001 0.0008
174.3750 -19.3822 0.5374 0.1839 0.2787 0.00000 7.250 1500.0 12.0 0.0000 0.4471 52.43 0.0628 0.0000 0.0000
180.0000 -19.3822 0.4610 0.2225 0.3165 0.00000 7.550 1499.9 12.0 0.0000 0.3802 47.34 0.0628 0.0000 0.0006
-140.6250 -19.3822 0.4060 0.2418 0.3521 0.00000 7.370 1500.0 12.0 0.0000 0.0485 10.00 0.0628 0.0000 0.0000
-135.0000 -19.3822 0.4633 0.2184 0.3183 0.00000 7.472 1500.0 12.0 0.0000 0.0526 10.00 0.0628 0.0000 0.0000
-129.3750 -19.3822 0.4038 0.3533 0.2429 0.00000 6.147 1500.0 12.0 0.0000 1.1157 136.98 0.8898 0.0000 0.0000
-123.7500 -19.3822 0.3954 0.4159 0.1886 0.00000 5.703 1291.4 12.0 0.0000 2.0306 241.83 1.0301 0.1391 0.1347
-56.2500 -19.3822 0.4192 0.2549 0.3258 0.00000 7.390 1499.9 12.0 0.0000 0.2396 30.58 0.0628 0.0000 0.0005
-50.6250 -19.3822 0.4284 0.2401 0.3316 0.00000 7.502 1499.9 12.0 0.0000 0.1183 15.08 0.0628 0.0001 0.0008
-39.3750 -19.3822 0.4200 0.2604 0.3195 0.00000 7.071 1499.2 12.0 0.0000 0.1932 24.60 0.0628 0.0006 0.0074
-22.5000 -19.3822 0.3174 0.3413 0.3413 0.00000 7.855 1499.9 12.0 0.0000 0.3360 45.31 0.0628 0.0000 0.0006
-16.8750 -19.3822 0.6007 0.1551 0.2442 0.00000 6.781 1500.0 12.0 0.0000 0.3030 33.65 0.0628 0.0000 0.0001
-11.2500 -19.3822 0.6270 0.1310 0.2420 0.00000 6.686 1499.9 12.0 0.0000 0.8619 94.23 0.0628 0.0000 0.0004
-5.6250 -19.3822 0.4722 0.2131 0.3146 0.00000 6.975 1499.7 12.0 0.0000 0.4736 58.61 0.0628 0.0002 0.0028
11.2500 -24.9199 0.4452 0.2346 0.3202 0.00000 7.368 1498.7 12.0 0.0000 0.3331 41.96 0.1157 0.0009 0.0029
16.8750 -24.9199 0.5102 0.2886 0.2011 0.00000 5.480 1472.2 12.0 0.0000 1.7382 178.53 0.7410 0.0185 0.0192
22.5000 -24.9199 0.5298 0.2787 0.1915 0.00000 5.633 1499.0 12.0 0.0000 2.2087 167.71 0.6976 0.0006 0.0007
28.1250 -24.9199 0.5114 0.1963 0.2923 0.00000 6.966 1499.6 12.0 0.0000 0.1282 15.36 0.0628 0.0003 0.0034
50.6250 -24.9199 0.4664 0.2155 0.3181 0.00000 6.726 1498.9 12.0 0.0000 0.1823 22.70 0.0878 0.0007 0.0036
56.2500 -24.9199 0.4277 0.2990 0.2733 0.00000 6.905 1500.0 12.0 0.0000 0.5925 73.15 0.4446 0.0000 0.0000
61.8750 -24.9199 0.4303 0.2400 0.3297 0.00000 6.756 1500.0 12.0 0.0000 0.1025 13.05 0.1339 0.0000 0.0000
67.5000 -24.9199 0.4105 0.2595 0.3300 0.00000 7.587 1500.0 12.0 0.0000 0.2007 25.78 0.1003 0.0000 0.0000
73.1250 -24.9199 0.3409 0.3006 0.3585 0.00000 8.550 1500.0 12.0 0.0000 0.1241 16.71 0.0734 0.0000 0.0000
78.7500 -24.9199 0.3388 0.3025 0.3587 0.00000 8.657 1500.0 12.0 0.0000 0.0850 11.45 0.0628 0.0000 0.0000
84.3750 -24.9199 0.5526 0.2020 0.2454 0.00000 6.710 1492.1 12.0 0.0000 3.1144 173.40 0.2425 0.0053 0.0087
90.0000 -24.9199 0.3709 0.3727 0.2565 0.00000 5.930 1331.3 12.0 0.0000 3.0373 239.17 0.6568 0.1125 0.1205
95.6250 -24.9199 0.3158 0.4406 0.2435 0.00000 5.982 1419.2 12.0 0.0000 2.1416 216.38 0.7850 0.0539 0.0552
140.6250 -24.9199 0.3438 0.3144 0.3418 0.00000 7.763 1500.0 12.0 0.0000 0.0990 13.20 0.0628 0.0000 0.0000
168.7500 -24.9199 0.4054 0.2630 0.3316 0.00000 7.632 1500.0 12.0 0.0000 0.1720 22.17 0.0628 0.0000 0.0004
174.3750 -24.9199 0.4377 0.2341 0.3279 0.00000 7.404 1499.9 12.0 0.0000 0.2893 36.64 0.0648 0.0000 0.0005
-146.2500 -24.9199 0.4289 0.2294 0.3417 0.00000 7.183 1500.0 12.0 0.0000 0.0946 12.13 0.0628 0.0000 0.0000
-140.6250 -24.9199 0.5066 0.2067 0.2867 0.00000 7.276 1500.0 12.0 0.0000 0.1620 19.38 0.0628 0.0000 0.0001
-135.0000 -24.9199 0.4645 0.2003 0.3352 0.00000 7.619 1499.9 12.0 0.0000 0.0650 10.00 0.0628 0.0000 0.0005
-129.3750 -24.9199 0.5119 0.1270 0.3601 0.00000 7.702 1500.0 12.0 0.0000 0.0866 10.76 0.0641 0.0000 0.0000
-123.7500 -24.9199 0.3796 0.2869 0.3332 0.00000 7.529 1495.9 12.0 0.0000 0.5697 74.82 0.1146 0.0027 0.0089
-56.2500 -24.9199 0.4417 0.2338 0.3246 0.00000 7.516 1500.0 12.0 0.0000 0.1759 22.21 0.0628 0.0000 0.0004
-50.6250 -24.9199 0.5841 0.1608 0.2551 0.00000 7.149 1500.0 12.0 0.0000 0.2180 24.59 0.0628 0.0000 0.0000
-45.0000 -24.9199 0.5661 0.1672 0.2666 0.00000 7.057 1500.0 12.0 0.0000 0.1851 21.23 0.0628 0.0000 0.0000
-39.3750 -24.9199 0.4713 0.2023 0.3264 0.00000 7.067 1499.5 12.0 0.0000 0.1358 16.94 0.0628 0.0003 0.0041
-22.5000 -24.9199 0.3918 0.2840 0.3242 0.00000 7.341 1499.9 12.0 0.0000 0.3931 50.79 0.0628 0.0001 0.0013
-16.8750 -24.9199 0.6474 0.1237 0.2289 0.00000 6.549 1500.0 12.0 0.0000 0.3790 40.62 0.0628 0.0000 0.0000
-11.2500 -24.9199 0.5630 0.1673 0.2696 0.00000 6.686 1500.0 12.0 0.0000 0.4178 48.09 0.0628 0.0000 0.0000
-5.6250 -24.9199 0.5427 0.1945 0.2628 0.00000 6.866 1499.9 12.0 0.0000 0.4414 51.14 0.0628 0.0000 0.0006
5.6250 -30.4576 0.3942 0.2501 0.3557 0.00000 7.414 1500.0 12.0 0.0000 0.1446 18.98 0.0649 0.0000 0.0003
11.2500 -30.4576 0.4877 0.2015 0.3109 0.00000 6.825 1499.9 12.0 0.0000 0.1689 20.69 0.0731 0.0000 0.0003
16.8750 -30.4576 0.4526 0.2509 0.2965 0.00000 6.731 1500.0 12.0 0.0000 0.3401 42.04 0.2454 0.0000 0.0000
22.5000 -30.4576 0.4511 0.2687 0.2802 0.00000 6.307 1500.0 12.0 0.0000 0.6255 76.66 0.3961 0.0000 0.0000
28.1250 -30.4576 0.5041 0.2058 0.2902 0.00000 7.658 1499.9 12.0 0.0000 0.0749 10.00 0.0628 0.0000 0.0006
33.7500 -30.4576 0.4317 0.2447 0.3235 0.00000 7.081 1499.9 12.0 0.0000 0.2093 26.53 0.0628 0.0001 0.0013
50.6250 -30.4576 0.5737 0.1495 0.2768 0.00000 6.629 1499.6 12.0 0.0000 0.1858 21.37 0.0667 0.0003 0.0027
56.2500 -30.4576 0.5253 0.1939 0.2808 0.00000 6.883 1500.0 12.0 0.0000 0.4378 51.72 0.0981 0.0000 0.0000
61.8750 -30.4576 0.5110 0.2041 0.2849 0.00000 6.871 1500.0 12.0 0.0000 0.5976 71.29 0.1184 0.0000 0.0000
67.5000 -30.4576 0.4659 0.2345 0.2997 0.00000 7.422 1500.0 12.0 0.0000 0.9578 117.83 0.1284 0.0000 0.0000
73.1250 -30.4576 0.3127 0.3372 0.3501 0.00000 8.739 1500.0 12.0 0.0000 0.5927 80.45 0.1894 0.0000 0.0000
78.7500 -30.4576 0.3799 0.2944 0.3257 0.00000 7.992 1500.0 12.0 0.0000 0.5883 76.48 0.1835 0.0000 0.0000
84.3750 -30.4576 0.4384 0.2733 0.2883 0.00000 6.891 1497.5 12.0 0.0000 1.7964 186.56 0.3119 0.0016 0.0023
90.0000 -30.4576 0.3883 0.3326 0.2789 0.00000 5.830 1488.8 12.0 0.0000 1.6429 192.63 0.5041 0.0074 0.0086
-151.8750 -30.4576 0.4021 0.2570 0.3409 0.00000 7.535 1500.0 12.0 0.0000 0.1939 25.16 0.0628 0.0000 0.0000
-146.2500 -30.4576 0.3585 0.2708 0.3706 0.00000 8.193 1500.0 12.0 0.0000 0.4198 56.43 0.0628 0.0000 0.0000
-140.6250 -30.4576 0.4770 0.2120 0.3110 0.00000 7.196 1499.9 12.0 0.0000 0.2727 33.59 0.0628 0.0000 0.0006
-56.2500 -30.4576 0.3299 0.3221 0.3480 0.00000 7.848 1500.0 12.0 0.0000 0.0720 10.00 0.0628 0.0000 0.0000
-50.6250 -30.4576 0.4258 0.2383 0.3359 0.00000 7.804 1500.0 12.0 0.0000 0.1883 24.10 0.0628 0.0000 0.0003
-45.0000 -30.4576 0.5348 0.1880 0.2773 0.00000 7.415 1500.0 12.0 0.0000 0.2447 28.71 0.0628 0.0000 0.0000
-39.3750 -30.4576 0.4461 0.2265 0.3274 0.00000 7.518 1499.9 12.0 0.0000 0.2003 25.27 0.0628 0.0000 0.0005
-33.7500 -30.4576 0.4187 0.2686 0.3127 0.00000 7.043 1497.1 12.0 0.0000 0.9901 126.08 0.2225 0.0020 0.0034
-16.8750 -30.4576 0.5554 0.1785 0.2661 0.00000 7.236 1500.0 12.0 0.0000 0.4005 46.18 0.0628 0.0000 0.0001
-11.2500 -30.4576 0.5338 0.1838 0.2824 0.00000 6.820 1500.0 12.0 0.0000 0.4155 48.92 0.0628 0.0000 0.0000
-5.6250 -30.4576 0.5420 0.1746 0.2833 0.00000 6.780 1499.9 12.0 0.0000 0.4310 50.57 0.0628 0.0001 0.0011
0.0000 -35.9951 0.4592 0.2212 0.3196 0.00000 7.580 1499.9 12.0 0.0000 0.2103 26.25 0.0628 0.0000 0.0006
5.6250 -35.9951 0.4618 0.2281 0.3101 0.00000 7.626 1500.0 12.0 0.0000 0.0971 12.04 0.0629 0.0000 0.0000
11.2500 -35.9951 0.3941 0.2649 0.3411 0.00000 7.822 1500.0 12.0 0.0000 0.0339 10.00 0.0650 0.0000 0.0000
16.8750 -35.9951 0.4570 0.2291 0.3139 0.00000 7.439 1500.0 12.0 0.0000 0.0304 10.00 0.0628 0.0000 0.0000
22.5000 -35.9951 0.6010 0.1814 0.2176 0.00000 6.106 1499.9 12.0 0.0000 1.6547 163.78 0.2848 0.0001 0.0001
28.1250 -35.9951 0.5384 0.1868 0.2748 0.00000 6.636 1489.9 12.0 0.0000 2.0405 178.44 0.2002 0.0068 0.0127
50.6250 -35.9951 0.4277 0.2527 0.3196 0.00000 7.523 1499.3 12.0 0.0000 0.9421 119.50 0.1433 0.0005 0.0012
56.2500 -35.9951 0.4589 0.2338 0.3073 0.00000 7.719 1500.0 12.0 0.0000 0.5618 69.65 0.0842 0.0000 0.0000
61.8750 -35.9951 0.5577 0.1645 0.2779 0.00000 6.622 1500.0 12.0 0.0000 0.3358 38.95 0.0628 0.0000 0.0002
67.5000 -35.9951 0.5236 0.1836 0.2928 0.00000 6.410 1498.6 12.0 0.0000 1.1685 139.47 0.1280 0.0009 0.0026
73.1250 -35.9951 0.4372 0.2637 0.2991 0.00000 6.456 1497.0 12.0 0.0000 1.7347 187.96 0.2750 0.0020 0.0030
78.7500 -35.9951 0.4343 0.2703 0.2954 0.00000 6.385 1494.9 12.0 0.0000 1.3696 172.08 0.3080 0.0034 0.0049
84.3750 -35.9951 0.4517 0.2348 0.3132 0.00000 6.298 1497.0 12.0 0.0000 0.6064 76.03 0.2093 0.0020 0.0037
-151.8750 -35.9951 0.4744 0.1965 0.3282 0.00000 7.303 1500.0 12.0 0.0000 0.2597 32.30 0.0636 0.0000 0.0000
-146.2500 -35.9951 0.4103 0.2227 0.3670 0.00000 8.343 1500.0 12.0 0.0000 0.1680 22.02 0.0628 0.0000 0.0000
-140.6250 -35.9951 0.4166 0.2242 0.3592 0.00000 8.239 1500.0 12.0 0.0000 0.1275 16.60 0.0628 0.0000 0.0000
-45.0000 -35.9951 0.4680 0.2144 0.3176 0.00000 7.631 1499.9 12.0 0.0000 0.1475 18.32 0.0628 0.0000 0.0006
-39.3750 -35.9951 0.4805 0.2187 0.3007 0.00000 7.847 1500.0 12.0 0.0000 0.1504 18.38 0.0628 0.0000 0.0000
-33.7500 -35.9951 0.4243 0.2384 0.3373 0.00000 7.607 1499.9 12.0 0.0000 0.1946 24.95 0.0628 0.0001 0.0013
-22.5000 -35.9951 0.5815 0.1334 0.2850 0.00000 6.651 1499.7 12.0 0.0000 0.3222 37.09 0.0630 0.0002 0.0028
-16.8750 -35.9951 0.6130 0.1330 0.2540 0.00000 6.653 1499.9 12.0 0.0000 0.9588 106.44 0.0628 0.0001 0.0007
-11.2500 -35.9951 0.5961 0.1495 0.2544 0.00000 6.619 1500.0 12.0 0.0000 0.9160 102.63 0.0628 0.0000 0.0000
-5.6250 -35.9951 0.5438 0.1763 0.2799 0.00000 6.961 1500.0 12.0 0.0000 1.0160 118.84 0.0628 0.0000 0.0001
0.0000 -41.5325 0.4451 0.2390 0.3159 0.00000 7.841 1500.0 12.0 0.0000 0.4794 60.12 0.0685 0.0000 0.0000
5.6250 -41.5325 0.3209 0.3098 0.3693 0.00000 8.783 1500.0 12.0 0.0000 0.0785 10.72 0.0636 0.0000 0.0000
11.2500 -41.5325 0.3451 0.2948 0.3601 0.00000 8.501 1500.0 12.0 0.0000 0.0645 10.00 0.0628 0.0000 0.0000
16.8750 -41.5325 0.5837 0.1624 0.2539 0.00000 7.007 1499.6 12.0 0.0000 0.8943 100.89 0.0968 0.0002 0.0010
22.5000 -41.5325 0.5098 0.2236 0.2665 0.00000 5.717 1473.7 12.0 0.0000 3.7606 184.98 0.3468 0.0176 0.0237
50.6250 -41.5325 0.4658 0.2315 0.3025 0.00000 6.148 1495.7 12.0 0.0000 1.6467 186.08 0.2318 0.0029 0.0048
56.2500 -41.5325 0.4651 0.2244 0.3105 0.00000 6.117 1498.6 12.0 0.0000 2.1702 186.16 0.1895 0.0009 0.0018
61.8750 -41.5325 0.5058 0.1933 0.3008 0.00000 6.276 1499.1 12.0 0.0000 1.1894 143.76 0.1363 0.0006 0.0017
-151.8750 -41.5325 0.4940 0.1858 0.3201 0.00000 7.018 1500.0 12.0 0.0000 0.8315 102.06 0.1320 0.0000 0.0000
-146.2500 -41.5325 0.5189 0.1164 0.3635 0.00000 7.566 1500.0 12.0 0.0000 0.4227 52.48 0.0856 0.0000 0.0000
-140.6250 -41.5325 0.5235 0.1488 0.3275 0.00000 7.050 1500.0 12.0 0.0000 1.1961 145.33 0.1739 0.0000 0.0000
-39.3750 -41.5325 0.4759 0.2101 0.3140 0.00000 7.602 1499.9 12.0 0.0000 0.1615 19.94 0.0628 0.0001 0.0010
-33.7500 -41.5325 0.4430 0.2239 0.3331 0.00000 7.381 1499.8 12.0 0.0000 0.1933 24.51 0.0657 0.0001 0.0016
-16.8750 -41.5325 0.4937 0.1890 0.3173 0.00000 6.968 1499.0 12.0 0.0000 1.1308 138.85 0.0794 0.0007 0.0041
-11.2500 -41.5325 0.6490 0.1135 0.2375 0.00000 6.458 1499.5 12.0 0.0000 2.4529 161.67 0.0764 0.0003 0.0021
0.0000 -47.0696 0.4713 0.2454 0.2833 0.00000 7.368 1500.0 12.0 0.0000 2.3828 182.33 0.1972 0.0000 0.0000
5.6250 -47.0696 0.4326 0.2533 0.3141 0.00000 7.663 1500.0 12.0 0.0000 0.8491 107.01 0.1206 0.0000 0.0000
11.2500 -47.0696 0.4422 0.2479 0.3100 0.00000 7.510 1500.0 12.0 0.0000 0.8383 104.93 0.1269 0.0000 0.0000
16.8750 -47.0696 0.6180 0.1577 0.2243 0.00000 6.020 1499.0 12.0 0.0000 2.2793 163.24 0.2093 0.0007 0.0013
56.2500 -47.0696 0.5112 0.2066 0.2820 0.00000 5.984 1499.9 12.0 0.0000 0.9486 112.92 0.1980 0.0000 0.0001
180.0000 -47.0696 0.3579 0.3228 0.3132 0.00000 7.155 1500.0 12.0 0.0000 0.8445 109.50 0.1297 0.0000 0.0000
-157.5000 -47.0696 0.5231 0.1578 0.3131 0.00000 6.866 1500.0 12.0 0.0000 1.1886 142.34 0.2098 0.0000 0.0000
-151.8750 -47.0696 0.5324 0.1532 0.3058 0.00000 6.834 1500.0 12.0 0.0000 1.0356 122.55 0.2301 0.0000 0.0000
-90.0000 -47.0696 0.5199 0.2091 0.2709 0.00000 5.630 1493.1 12.0 0.0000 0.6618 78.85 0.2701 0.0046 0.0071
-5.6250 -47.0696 0.5726 0.1776 0.2498 0.00000 5.900 1482.5 12.0 0.0000 4.1101 174.96 0.2710 0.0117 0.0180
0.0000 -52.6065 0.5524 0.1821 0.2653 0.00000 6.156 1493.5 12.0 0.0000 3.2577 175.06 0.2140 0.0044 0.0078
5.6250 -52.6065 0.6363 0.1328 0.2309 0.00000 6.067 1496.6 12.0 0.0000 1.8350 163.00 0.1671 0.0023 0.0050
11.2500 -52.6065 0.6442 0.1241 0.2317 0.00000 6.197 1498.4 12.0 0.0000 0.9675 104.38 0.1334 0.0010 0.0029
16.8750 -52.6065 0.5911 0.1434 0.2654 0.00000 6.317 1498.4 12.0 0.0000 0.5965 67.66 0.1244 0.0011 0.0032
163.1250 -52.6065 0.5531 0.1812 0.2657 0.00000 5.686 1489.5 12.0 0.0000 0.4929 57.93 0.2381 0.0070 0.0117
168.7500 -52.6065 0.5136 0.2160 0.2704 0.00000 5.489 1488.9 12.0 0.0000 0.6216 74.81 0.2974 0.0074 0.0108
174.3750 -52.6065 0.4656 0.2397 0.2942 0.00000 5.681 1481.5 12.0 0.0000 0.5158 65.14 0.3270 0.0123 0.0171
180.0000 -52.6065 0.4573 0.2327 0.3051 0.00000 6.348 1499.8 12.0 0.0000 0.9379 115.65 0.2920 0.0001 0.0002
-140.6250 -52.6065 0.5624 0.0920 0.3355 0.00000 7.502 1500.0 12.0 0.0000 0.4979 58.97 0.0786 0.0000 0.0000
-95.6250 -52.6065 0.5239 0.1962 0.2799 0.00000 5.548 1488.3 12.0 0.0000 0.5487 66.12 0.2316 0.0078 0.0132
-90.0000 -52.6065 0.5829 0.1805 0.2366 0.00000 5.333 1490.4 12.0 0.0000 0.7847 89.06 0.2806 0.0064 0.0096
-84.3750 -52.6065 0.4752 0.2324 0.2923 0.00000 5.510 1489.6 12.0 0.0000 0.7015 86.99 0.2925 0.0069 0.0102
-45.0000 -52.6065 0.3882 0.3066 0.2986 0.00000 6.517 1485.9 12.0 0.0000 0.8840 114.53 0.2759 0.0094 0.0143
-5.6250 -52.6065 0.5972 0.1552 0.2476 0.00000 6.005 1492.6 12.0 0.0000 2.3678 169.48 0.2111 0.0050 0.0090
5.6250 -58.1430 0.4913 0.1904 0.3180 0.00000 6.857 1499.9 12.0 0.0000 0.1562 19.18 0.0628 0.0001 0.0009
95.6250 -58.1430 0.5550 0.1458 0.2992 0.00000 6.332 1499.0 12.0 0.0000 0.3166 37.31 0.0826 0.0007 0.0040
101.2500 -58.1430 0.5616 0.1381 0.3003 0.00000 6.224 1498.4 12.0 0.0000 0.4690 55.17 0.0910 0.0011 0.0051
106.8750 -58.1430 0.5147 0.1815 0.3038 0.00000 6.485 1499.9 12.0 0.0000 0.2971 35.77 0.0775 0.0001 0.0004
151.8750 -58.1430 0.5340 0.1623 0.3033 0.00000 6.132 1498.1 12.0 0.0000 0.2318 27.70 0.1178 0.0012 0.0039
157.5000 -58.1430 0.6726 0.1159 0.2114 0.00000 5.901 1499.9 12.0 0.0000 0.3525 36.83 0.1270 0.0001 0.0003
163.1250 -58.1430 0.5788 0.1734 0.2478 0.00000 6.294 1500.0 12.0 0.0000 0.3147 35.45 0.1448 0.0000 0.0000
168.7500 -58.1430 0.6410 0.1409 0.2181 0.00000 5.819 1500.0 12.0 0.0000 0.4783 51.09 0.1676 0.0000 0.0000
174.3750 -58.1430 0.6010 0.1549 0.2441 0.00000 5.794 1497.1 12.0 0.0000 0.6808 75.98 0.1819 0.0019 0.0039
180.0000 -58.1430 0.5454 0.1709 0.2836 0.00000 6.143 1496.7 12.0 0.0000 0.5804 68.36 0.1553 0.0022 0.0051
-174.3750 -58.1430 0.5292 0.1414 0.3293 0.00000 6.852 1500.0 12.0 0.0000 0.1675 20.32 0.0628 0.0000 0.0004
-168.7500 -58.1430 0.5576 0.1018 0.3349 0.00000 7.342 1500.0 12.0 0.0000 0.1787 21.31 0.0628 0.0000 0.0000
-157.5000 -58.1430 0.4850 0.1560 0.3515 0.00000 8.102 1500.0 12.0 0.0000 0.1833 22.83 0.0628 0.0000 0.0000
-151.8750 -58.1430 0.5278 0.1192 0.3441 0.00000 7.838 1500.0 12.0 0.0000 0.2080 25.22 0.0628 0.0000 0.0000
-140.6250 -58.1430 0.5339 0.1237 0.3353 0.00000 7.562 1500.0 12.0 0.0000 0.1885 22.71 0.0628 0.0000 0.0000
-123.7500 -58.1430 0.5522 0.1373 0.3098 0.00000 6.733 1499.9 12.0 0.0000 0.2354 27.89 0.0628 0.0001 0.0008
-118.1250 -58.1430 0.5476 0.1573 0.2951 0.00000 6.643 1499.9 12.0 0.0000 0.2920 34.40 0.0628 0.0001 0.0013
-112.5000 -58.1430 0.5591 0.1584 0.2824 0.00000 6.964 1499.9 12.0 0.0000 0.3882 45.12 0.0628 0.0001 0.0010
-106.8750 -58.1430 0.5790 0.1468 0.2742 0.00000 6.797 1499.9 12.0 0.0000 0.2233 25.56 0.0628 0.0001 0.0008
-101.2500 -58.1430 0.6176 0.1246 0.2578 0.00000 6.637 1499.9 12.0 0.0000 0.2288 25.40 0.0628 0.0001 0.0009
-95.6250 -58.1430 0.6523 0.1184 0.2293 0.00000 6.563 1500.0 12.0 0.0000 0.2256 24.12 0.0628 0.0000 0.0000
-90.0000 -58.1430 0.6615 0.1161 0.2224 0.00000 6.138 1499.6 12.0 0.0000 0.6323 66.99 0.1081 0.0002 0.0009
-84.3750 -58.1430 0.5116 0.1817 0.3063 0.00000 6.176 1497.7 12.0 0.0000 0.4146 50.23 0.1397 0.0015 0.0040
-61.8750 -58.1430 0.1826 0.5100 0.3074 0.00000 6.780 1500.0 12.0 0.0000 0.0866 12.17 0.0628 0.0000 0.0000
-56.2500 -58.1430 0.4990 0.1822 0.3185 0.00000 6.635 1499.4 12.0 0.0000 0.2727 33.40 0.0729 0.0004 0.0032
-50.6250 -58.1430 0.4956 0.1934 0.3106 0.00000 6.090 1497.0 12.0 0.0000 0.5571 68.27 0.1444 0.0020 0.0051
-45.0000 -58.1430 0.4709 0.2107 0.3177 0.00000 5.942 1495.7 12.0 0.0000 0.3814 47.59 0.1686 0.0029 0.0062
-39.3750 -58.1430 0.4962 0.2037 0.2995 0.00000 5.761 1498.0 12.0 0.0000 0.3214 39.06 0.1756 0.0013 0.0028
5.6250 -63.6786 0.2612 0.4087 0.3269 0.00000 7.538 1500.0 12.0 0.0000 0.0527 10.00 0.0628 0.0000 0.0000
61.8750 -63.6786 0.4038 0.2527 0.3434 0.00000 7.378 1500.0 12.0 0.0000 0.1071 13.91 0.0628 0.0000 0.0000
67.5000 -63.6786 0.4032 0.2474 0.3494 0.00000 7.717 1500.0 12.0 0.0000 0.2236 29.13 0.0628 0.0000 0.0003
73.1250 -63.6786 0.5513 0.1755 0.2732 0.00000 7.162 1500.0 12.0 0.0000 0.3065 35.57 0.0628 0.0000 0.0000
78.7500 -63.6786 0.6166 0.1362 0.2472 0.00000 6.726 1500.0 12.0 0.0000 0.1942 21.42 0.0628 0.0000 0.0002
95.6250 -63.6786 0.6768 0.1079 0.2153 0.00000 6.580 1500.0 12.0 0.0000 0.4541 47.43 0.0628 0.0000 0.0000
101.2500 -63.6786 0.5486 0.1676 0.2839 0.00000 7.018 1499.9 12.0 0.0000 0.3603 42.15 0.0628 0.0000 0.0006
106.8750 -63.6786 0.4823 0.1980 0.3196 0.00000 7.160 1499.9 12.0 0.0000 0.3229 39.85 0.0628 0.0000 0.0005
151.8750 -63.6786 0.5080 0.1790 0.3130 0.00000 6.617 1500.0 12.0 0.0000 0.1628 19.77 0.0628 0.0000 0.0002
157.5000 -63.6786 0.4314 0.2278 0.3408 0.00000 7.434 1499.9 12.0 0.0000 0.1362 17.43 0.0628 0.0000 0.0005
163.1250 -63.6786 0.6146 0.1408 0.2446 0.00000 6.952 1500.0 12.0 0.0000 0.1447 15.96 0.0628 0.0000 0.0001
168.7500 -63.6786 0.5462 0.1785 0.2753 0.00000 6.934 1500.0 12.0 0.0000 0.0835 10.00 0.0628 0.0000 0.0000
174.3750 -63.6786 0.5215 0.1911 0.2874 0.00000 6.906 1500.0 12.0 0.0000 0.0703 10.00 0.0628 0.0000 0.0000
180.0000 -63.6786 0.5528 0.1742 0.2730 0.00000 6.869 1500.0 12.0 0.0000 0.1349 15.64 0.0628 0.0000 0.0000
-174.3750 -63.6786 0.5434 0.1823 0.2743 0.00000 7.327 1500.0 12.0 0.0000 0.1822 21.25 0.0628 0.0000 0.0000
-168.7500 -63.6786 0.5356 0.1656 0.2988 0.00000 7.555 1500.0 12.0 0.0000 0.2809 33.37 0.0628 0.0000 0.0000
-163.1250 -63.6786 0.4755 0.1916 0.3315 0.00000 7.813 1500.0 12.0 0.0000 0.2258 28.11 0.0628 0.0000 0.0000
-157.5000 -63.6786 0.4124 0.2254 0.3611 0.00000 8.091 1500.0 12.0 0.0000 0.1513 19.73 0.0628 0.0000 0.0003
-151.8750 -63.6786 0.3925 0.2486 0.3577 0.00000 8.211 1500.0 12.0 0.0000 0.1384 18.18 0.0628 0.0000 0.0000
-146.2500 -63.6786 0.4782 0.1762 0.3446 0.00000 7.719 1500.0 12.0 0.0000 0.2036 25.51 0.0628 0.0000 0.0000
-140.6250 -63.6786 0.4958 0.1617 0.3425 0.00000 7.839 1500.0 12.0 0.0000 0.1863 23.15 0.0628 0.0000 0.0000
-135.0000 -63.6786 0.3528 0.2809 0.3664 0.00000 8.723 1500.0 12.0 0.0000 0.1104 14.84 0.0628 0.0000 0.0004
-129.3750 -63.6786 0.6408 0.1104 0.2487 0.00000 6.545 1499.8 12.0 0.0000 0.3019 32.91 0.0628 0.0001 0.0018
-123.7500 -63.6786 0.6191 0.1328 0.2481 0.00000 6.722 1499.9 12.0 0.0000 0.2801 30.88 0.0628 0.0000 0.0006
-118.1250 -63.6786 0.6029 0.1465 0.2506 0.00000 6.721 1500.0 12.0 0.0000 0.2442 27.20 0.0628 0.0000 0.0000
-112.5000 -63.6786 0.5656 0.1665 0.2679 0.00000 6.744 1500.0 12.0 0.0000 0.3888 44.64 0.0628 0.0000 0.0000
-106.8750 -63.6786 0.5294 0.1882 0.2823 0.00000 7.148 1500.0 12.0 0.0000 0.2982 35.19 0.0628 0.0000 0.0000
-101.2500 -63.6786 0.4657 0.2246 0.3097 0.00000 7.160 1500.0 12.0 0.0000 0.0983 12.17 0.0628 0.0000 0.0000
-95.6250 -63.6786 0.4472 0.2331 0.3197 0.00000 7.341 1500.0 12.0 0.0000 0.0487 10.00 0.0628 0.0000 0.0000
-90.0000 -63.6786 0.5338 0.1896 0.2766 0.00000 7.450 1500.0 12.0 0.0000 0.1284 15.07 0.0628 0.0000 0.0000
-84.3750 -63.6786 0.4671 0.2141 0.3189 0.00000 7.593 1499.9 12.0 0.0000 0.1098 13.66 0.0628 0.0000 0.0006
-78.7500 -63.6786 0.4580 0.2100 0.3320 0.00000 7.373 1499.9 12.0 0.0000 0.0818 10.29 0.0628 0.0001 0.0010
-61.8750 -63.6786 0.4861 0.1915 0.3224 0.00000 7.034 1499.9 12.0 0.0000 0.1745 21.53 0.0628 0.0001 0.0010
-56.2500 -63.6786 0.4902 0.1937 0.3160 0.00000 7.326 1499.9 12.0 0.0000 0.1806 22.16 0.0628 0.0001 0.0009
-50.6250 -63.6786 0.5625 0.1657 0.2718 0.00000 7.147 1500.0 12.0 0.0000 0.1919 22.13 0.0628 0.0000 0.0003
-45.0000 -63.6786 0.5687 0.1711 0.2602 0.00000 7.001 1500.0 12.0 0.0000 0.2237 25.52 0.0628 0.0000 0.0000
-39.3750 -63.6786 0.5353 0.1743 0.2904 0.00000 5.978 1499.8 12.0 0.0000 0.3110 36.78 0.0994 0.0002 0.0006
-33.7500 -63.6786 0.5045 0.1951 0.3004 0.00000 5.756 1499.0 12.0 0.0000 0.2225 26.91 0.1275 0.0007 0.0019
-28.1250 -63.6786 0.5028 0.1973 0.2999 0.00000 5.644 1497.6 12.0 0.0000 0.2214 26.85 0.1456 0.0016 0.0040
-22.5000 -63.6786 0.4527 0.2237 0.3236 0.00000 5.637 1499.6 12.0 0.0000 0.2246 28.20 0.1505 0.0003 0.0007
-16.8750 -63.6786 0.4696 0.2098 0.3206 0.00000 5.813 1498.8 12.0 0.0000 0.1785 22.22 0.1392 0.0008 0.0021
-11.2500 -63.6786 0.5240 0.1814 0.2946 0.00000 6.189 1499.9 12.0 0.0000 0.1563 18.63 0.1041 0.0000 0.0002
45.0000 -69.2130 0.5085 0.1814 0.3101 0.00000 6.847 1499.9 12.0 0.0000 0.1689 20.47 0.0628 0.0000 0.0005
50.6250 -69.2130 0.4002 0.2450 0.3548 0.00000 7.364 1500.0 12.0 0.0000 0.2451 32.06 0.0628 0.0000 0.0001
56.2500 -69.2130 0.4959 0.1970 0.3070 0.00000 7.319 1500.0 12.0 0.0000 0.2855 34.76 0.0628 0.0000 0.0002
61.8750 -69.2130 0.4444 0.2283 0.3273 0.00000 7.636 1500.0 12.0 0.0000 0.3208 40.50 0.0628 0.0000 0.0002
67.5000 -69.2130 0.4360 0.2378 0.3262 0.00000 7.801 1500.0 12.0 0.0000 0.3891 49.29 0.0628 0.0000 0.0001
73.1250 -69.2130 0.5644 0.1713 0.2643 0.00000 7.263 1500.0 12.0 0.0000 0.5952 68.24 0.0628 0.0000 0.0000
78.7500 -69.2130 0.4682 0.2226 0.3091 0.00000 7.404 1500.0 12.0 0.0000 0.2080 25.70 0.0628 0.0000 0.0000
84.3750 -69.2130 0.3233 0.3093 0.3674 0.00000 8.743 1500.0 12.0 0.0000 0.0979 13.34 0.0628 0.0000 0.0000
90.0000 -69.2130 0.3632 0.2905 0.3463 0.00000 8.572 1500.0 12.0 0.0000 0.1315 17.42 0.0628 0.0000 0.0000
95.6250 -69.2130 0.5601 0.1720 0.2679 0.00000 7.149 1500.0 12.0 0.0000 0.2277 26.22 0.0628 0.0000 0.0000
101.2500 -69.2130 0.4362 0.2254 0.3384 0.00000 7.255 1500.0 12.0 0.0000 0.2247 28.66 0.0628 0.0000 0.0002
106.8750 -69.2130 0.4210 0.2369 0.3421 0.00000 7.704 1500.0 12.0 0.0000 0.1612 20.74 0.0628 0.0000 0.0003
112.5000 -69.2130 0.4426 0.2255 0.3313 0.00000 7.225 1500.0 12.0 0.0000 0.2014 25.48 0.0628 0.0000 0.0000
146.2500 -69.2130 0.5165 0.1790 0.3045 0.00000 6.781 1500.0 12.0 0.0000 0.1268 15.25 0.0628 0.0000 0.0003
151.8750 -69.2130 0.4686 0.1977 0.3338 0.00000 7.208 1499.9 12.0 0.0000 0.1245 15.59 0.0628 0.0001 0.0010
157.5000 -69.2130 0.4599 0.2055 0.3346 0.00000 7.317 1499.9 12.0 0.0000 0.1045 13.15 0.0628 0.0001 0.0010
163.1250 -69.2130 0.4697 0.2231 0.3072 0.00000 7.900 1500.0 12.0 0.0000 0.0882 10.88 0.0628 0.0000 0.0001
168.7500 -69.2130 0.4875 0.2154 0.2972 0.00000 7.811 1500.0 12.0 0.0000 0.1018 12.38 0.0628 0.0000 0.0000
174.3750 -69.2130 0.4555 0.2290 0.3156 0.00000 7.320 1500.0 12.0 0.0000 0.0415 10.00 0.0628 0.0000 0.0000
180.0000 -69.2130 0.4987 0.2022 0.2991 0.00000 6.793 1500.0 12.0 0.0000 0.0539 10.00 0.0628 0.0000 0.0000
-174.3750 -69.2130 0.3901 0.2702 0.3396 0.00000 7.992 1500.0 12.0 0.0000 0.0816 10.63 0.0628 0.0000 0.0000
-168.7500 -69.2130 0.3623 0.2879 0.3498 0.00000 8.571 1500.0 12.0 0.0000 0.1987 26.38 0.0628 0.0000 0.0000
-163.1250 -69.2130 0.5560 0.1756 0.2685 0.00000 7.244 1500.0 12.0 0.0000 0.5121 59.12 0.0628 0.0000 0.0000
-157.5000 -69.2130 0.6448 0.1194 0.2358 0.00000 6.574 1500.0 12.0 0.0000 0.4946 53.33 0.0628 0.0000 0.0001
-151.8750 -69.2130 0.5395 0.1800 0.2805 0.00000 7.246 1500.0 12.0 0.0000 0.2807 32.91 0.0628 0.0000 0.0001
-146.2500 -69.2130 0.5299 0.1902 0.2799 0.00000 7.328 1500.0 12.0 0.0000 0.1885 22.21 0.0628 0.0000 0.0000
-140.6250 -69.2130 0.4153 0.2543 0.3305 0.00000 8.039 1500.0 12.0 0.0000 0.0813 10.42 0.0628 0.0000 0.0000
-135.0000 -69.2130 0.4259 0.2460 0.3281 0.00000 7.571 1500.0 12.0 0.0000 0.0464 10.00 0.0628 0.0000 0.0000
-129.3750 -69.2130 0.5029 0.1996 0.2975 0.00000 6.781 1500.0 12.0 0.0000 0.0754 10.00 0.0628 0.0000 0.0000
-123.7500 -69.2130 0.4978 0.2028 0.2994 0.00000 6.798 1500.0 12.0 0.0000 0.1051 12.73 0.0628 0.0000 0.0000
-118.1250 -69.2130 0.4941 0.2051 0.3009 0.00000 6.841 1500.0 12.0 0.0000 0.1050 12.75 0.0628 0.0000 0.0000
-112.5000 -69.2130 0.4985 0.2024 0.2991 0.00000 6.792 1500.0 12.0 0.0000 0.1230 14.88 0.0628 0.0000 0.0000
-106.8750 -69.2130 0.4662 0.2153 0.3184 0.00000 6.796 1500.0 12.0 0.0000 0.3351 41.66 0.0628 0.0000 0.0000
-101.2500 -69.2130 0.4009 0.2429 0.3561 0.00000 6.873 1500.0 12.0 0.0000 0.1222 16.00 0.0628 0.0000 0.0000
-95.6250 -69.2130 0.4328 0.2324 0.3348 0.00000 7.002 1500.0 12.0 0.0000 0.0561 10.00 0.0628 0.0000 0.0000
-90.0000 -69.2130 0.4874 0.2094 0.3032 0.00000 7.025 1500.0 12.0 0.0000 0.0552 10.00 0.0628 0.0000 0.0000
-84.3750 -69.2130 0.5098 0.2018 0.2884 0.00000 7.370 1500.0 12.0 0.0000 0.0792 10.00 0.0628 0.0000 0.0000
-78.7500 -69.2130 0.4307 0.2636 0.3057 0.00000 8.152 1500.0 12.0 0.0000 0.0847 10.63 0.0628 0.0000 0.0000
-73.1250 -69.2130 0.5471 0.1782 0.2748 0.00000 7.248 1500.0 12.0 0.0000 0.1394 16.23 0.0628 0.0000 0.0001
-67.5000 -69.2130 0.5981 0.1374 0.2645 0.00000 6.916 1499.9 12.0 0.0000 0.2279 25.67 0.0628 0.0000 0.0007
-61.8750 -69.2130 0.6522 0.1195 0.2284 0.00000 6.657 1500.0 12.0 0.0000 0.3332 35.61 0.0628 0.0000 0.0000
-56.2500 -69.2130 0.6153 0.1420 0.2427 0.00000 6.793 1500.0 12.0 0.0000 0.2522 27.76 0.0628 0.0000 0.0000
-50.6250 -69.2130 0.4497 0.2352 0.3151 0.00000 7.708 1500.0 12.0 0.0000 0.0871 10.89 0.0628 0.0000 0.0000
-45.0000 -69.2130 0.3856 0.2815 0.3329 0.00000 7.971 1500.0 12.0 0.0000 0.0402 10.00 0.0628 0.0000 0.0000
-39.3750 -69.2130 0.4790 0.2175 0.3035 0.00000 7.225 1500.0 12.0 0.0000 0.0632 10.00 0.0628 0.0000 0.0000
-33.7500 -69.2130 0.5231 0.1914 0.2855 0.00000 6.997 1500.0 12.0 0.0000 0.0891 10.57 0.0628 0.0000 0.0000
-28.1250 -69.2130 0.5053 0.2040 0.2906 0.00000 7.102 1500.0 12.0 0.0000 0.1087 13.04 0.0682 0.0000 0.0000
-22.5000 -69.2130 0.5421 0.1848 0.2732 0.00000 7.174 1500.0 12.0 0.0000 0.2042 23.81 0.0757 0.0000 0.0000
-16.8750 -69.2130 0.4440 0.2070 0.3490 0.00000 6.594 1499.6 12.0 0.0000 0.2167 27.71 0.0721 0.0002 0.0020
-11.2500 -69.2130 0.4978 0.1894 0.3125 0.00000 6.677 1500.0 12.0 0.0000 0.0651 10.00 0.0628 0.0000 0.0001
0.0000 -74.7445 0.4462 0.2242 0.3294 0.00000 7.337 1500.0 12.0 0.0000 0.0487 10.00 0.0628 0.0000 0.0001
5.6250 -74.7445 0.4183 0.2433 0.3384 0.00000 7.545 1500.0 12.0 0.0000 0.0483 10.00 0.0628 0.0000 0.0000
16.8750 -74.7445 0.4333 0.2260 0.3407 0.00000 7.186 1500.0 12.0 0.0000 0.1005 12.85 0.0628 0.0000 0.0001
22.5000 -74.7445 0.3769 0.2647 0.3584 0.00000 7.556 1500.0 12.0 0.0000 0.0855 11.33 0.0628 0.0000 0.0000
28.1250 -74.7445 0.4455 0.2201 0.3343 0.00000 6.969 1500.0 12.0 0.0000 0.0995 12.61 0.0628 0.0000 0.0001
33.7500 -74.7445 0.4616 0.2032 0.3352 0.00000 6.973 1500.0 12.0 0.0000 0.2000 25.16 0.0628 0.0000 0.0003
39.3750 -74.7445 0.4590 0.2152 0.3257 0.00000 7.401 1500.0 12.0 0.0000 0.2904 36.37 0.0628 0.0000 0.0001
45.0000 -74.7445 0.4275 0.2376 0.3349 0.00000 7.623 1500.0 12.0 0.0000 0.3144 40.18 0.0628 0.0000 0.0001
50.6250 -74.7445 0.4511 0.2336 0.3154 0.00000 7.670 1500.0 12.0 0.0000 0.2684 33.55 0.0628 0.0000 0.0000
56.2500 -74.7445 0.4462 0.2378 0.3161 0.00000 7.725 1500.0 12.0 0.0000 0.1540 19.30 0.0628 0.0000 0.0000
61.8750 -74.7445 0.3469 0.2954 0.3577 0.00000 8.494 1500.0 12.0 0.0000 0.0940 12.62 0.0628 0.0000 0.0000
67.5000 -74.7445 0.3804 0.2720 0.3475 0.00000 8.095 1500.0 12.0 0.0000 0.1814 23.85 0.0628 0.0000 0.0000
73.1250 -74.7445 0.3614 0.2827 0.3558 0.00000 8.212 1500.0 12.0 0.0000 0.1640 21.85 0.0628 0.0000 0.0000
78.7500 -74.7445 0.3452 0.2882 0.3665 0.00000 8.114 1500.0 12.0 0.0000 0.1718 23.18 0.0628 0.0000 0.0000
84.3750 -74.7445 0.3262 0.2972 0.3767 0.00000 8.178 1500.0 12.0 0.0000 0.1889 25.84 0.0628 0.0000 0.0000
90.0000 -74.7445 0.4928 0.2002 0.3070 0.00000 6.846 1500.0 12.0 0.0000 0.2816 34.33 0.0628 0.0000 0.0000
95.6250 -74.7445 0.4272 0.2276 0.3453 0.00000 6.868 1500.0 12.0 0.0000 0.3496 44.94 0.0628 0.0000 0.0000
101.2500 -74.7445 0.3882 0.2517 0.3601 0.00000 7.251 1500.0 12.0 0.0000 0.2523 33.28 0.0628 0.0000 0.0000
106.8750 -74.7445 0.4144 0.2457 0.3400 0.00000 7.826 1500.0 12.0 0.0000 0.1995 25.72 0.0628 0.0000 0.0002
112.5000 -74.7445 0.5167 0.1710 0.3123 0.00000 7.070 1499.9 12.0 0.0000 0.2162 26.13 0.0628 0.0000 0.0007
146.2500 -74.7445 0.4563 0.2166 0.3271 0.00000 7.198 1500.0 12.0 0.0000 0.0790 10.00 0.0628 0.0000 0.0002
151.8750 -74.7445 0.4680 0.2064 0.3255 0.00000 7.210 1500.0 12.0 0.0000 0.0791 10.00 0.0628 0.0000 0.0004
157.5000 -74.7445 0.4353 0.2218 0.3429 0.00000 7.601 1499.9 12.0 0.0000 0.0755 10.00 0.0628 0.0001 0.0007
163.1250 -74.7445 0.5024 0.1990 0.2986 0.00000 7.510 1500.0 12.0 0.0000 0.0885 10.69 0.0628 0.0000 0.0003
168.7500 -74.7445 0.5177 0.1992 0.2831 0.00000 7.758 1500.0 12.0 0.0000 0.1262 14.98 0.0628 0.0000 0.0000
174.3750 -74.7445 0.5473 0.1811 0.2716 0.00000 7.294 1500.0 12.0 0.0000 0.1386 16.10 0.0628 0.0000 0.0000
180.0000 -74.7445 0.4574 0.2328 0.3098 0.00000 7.724 1500.0 12.0 0.0000 0.1149 14.27 0.0628 0.0000 0.0000
-174.3750 -74.7445 0.4097 0.2601 0.3303 0.00000 7.841 1500.0 12.0 0.0000 0.0956 12.29 0.0628 0.0000 0.0000
-168.7500 -74.7445 0.4497 0.2333 0.3170 0.00000 7.337 1500.0 12.0 0.0000 0.1282 16.05 0.0628 0.0000 0.0000
-163.1250 -74.7445 0.4817 0.2125 0.3058 0.00000 6.987 1500.0 12.0 0.0000 0.1203 14.73 0.0628 0.0000 0.0000
-157.5000 -74.7445 0.4747 0.2129 0.3124 0.00000 6.857 1500.0 12.0 0.0000 0.0908 11.20 0.0628 0.0000 0.0000
-151.8750 -74.7445 0.3813 0.2669 0.3519 0.00000 7.715 1500.0 12.0 0.0000 0.0602 10.00 0.0628 0.0000 0.0000
-146.2500 -74.7445 0.3820 0.2622 0.3558 0.00000 7.528 1500.0 12.0 0.0000 0.0471 10.00 0.0628 0.0000 0.0000
-140.6250 -74.7445 0.3479 0.2818 0.3703 0.00000 7.852 1500.0 12.0 0.0000 0.0421 10.00 0.0628 0.0000 0.0000
-135.0000 -74.7445 0.3006 0.3165 0.3829 0.00000 8.719 1500.0 12.0 0.0000 0.0442 10.00 0.0628 0.0000 0.0000
-129.3750 -74.7445 0.2789 0.3341 0.3870 0.00000 9.210 1500.0 12.0 0.0000 0.0525 10.00 0.0628 0.0000 0.0000
-123.7500 -74.7445 0.2750 0.3372 0.3878 0.00000 9.297 1500.0 12.0 0.0000 0.0594 10.00 0.0628 0.0000 0.0000
-118.1250 -74.7445 0.2849 0.3313 0.3839 0.00000 9.188 1500.0 12.0 0.0000 0.0723 10.11 0.0628 0.0000 0.0000
-112.5000 -74.7445 0.3156 0.3127 0.3717 0.00000 8.846 1500.0 12.0 0.0000 0.0933 12.80 0.0628 0.0000 0.0000
-106.8750 -74.7445 0.3481 0.2910 0.3609 0.00000 8.367 1500.0 12.0 0.0000 0.1224 16.45 0.0628 0.0000 0.0000
-101.2500 -74.7445 0.3366 0.2988 0.3646 0.00000 8.547 1500.0 12.0 0.0000 0.1489 20.15 0.0628 0.0000 0.0000
-95.6250 -74.7445 0.3316 0.3031 0.3654 0.00000 8.671 1500.0 12.0 0.0000 0.0818 11.10 0.0628 0.0000 0.0000
-90.0000 -74.7445 0.4094 0.2563 0.3344 0.00000 7.798 1500.0 12.0 0.0000 0.0627 10.00 0.0628 0.0000 0.0000
-84.3750 -74.7445 0.3550 0.2901 0.3549 0.00000 8.399 1500.0 12.0 0.0000 0.0545 10.00 0.0628 0.0000 0.0000
-78.7500 -74.7445 0.3972 0.2657 0.3371 0.00000 7.918 1500.0 12.0 0.0000 0.0597 10.00 0.0628 0.0000 0.0000
-73.1250 -74.7445 0.4834 0.2115 0.3051 0.00000 6.969 1500.0 12.0 0.0000 0.0781 10.00 0.0628 0.0000 0.0000
-67.5000 -74.7445 0.4709 0.2193 0.3098 0.00000 7.107 1500.0 12.0 0.0000 0.1026 12.66 0.0628 0.0000 0.0000
-61.8750 -74.7445 0.4940 0.2051 0.3009 0.00000 6.851 1500.0 12.0 0.0000 0.1213 14.72 0.0628 0.0000 0.0000
-56.2500 -74.7445 0.3923 0.2665 0.3413 0.00000 7.990 1500.0 12.0 0.0000 0.0776 10.12 0.0628 0.0000 0.0000
-50.6250 -74.7445 0.2764 0.3371 0.3865 0.00000 9.148 1500.0 12.0 0.0000 0.0564 10.00 0.0628 0.0000 0.0000
-45.0000 -74.7445 0.3287 0.3067 0.3646 0.00000 8.408 1500.0 12.0 0.0000 0.0476 10.00 0.0628 0.0000 0.0000
-39.3750 -74.7445 0.3874 0.2765 0.3362 0.00000 7.979 1500.0 12.0 0.0000 0.0377 10.00 0.0628 0.0000 0.0000
-33.7500 -74.7445 0.4147 0.2587 0.3266 0.00000 7.684 1500.0 12.0 0.0000 0.0366 10.00 0.0628 0.0000 0.0000
-28.1250 -74.7445 0.4878 0.2155 0.2966 0.00000 7.412 1500.0 12.0 0.0000 0.0686 10.00 0.0628 0.0000 0.0000
-22.5000 -74.7445 0.5289 0.1952 0.2759 0.00000 7.596 1500.0 12.0 0.0000 0.0850 10.00 0.0628 0.0000 0.0000
-16.8750 -74.7445 0.4496 0.2169 0.3334 0.00000 7.261 1500.0 12.0 0.0000 0.0780 10.00 0.0628 0.0000 0.0004
-11.2500 -74.7445 0.4397 0.2227 0.3375 0.00000 7.190 1500.0 12.0 0.0000 0.0633 10.00 0.0628 0.0000 0.0001
-5.6250 -74.7445 0.4305 0.2301 0.3394 0.00000 7.408 1500.0 12.0 0.0000 0.0543 10.00 0.0628 0.0000 0.0003
0.0000 -80.2688 0.3833 0.2679 0.3488 0.00000 7.941 1500.0 12.0 0.0000 0.0606 10.00 0.0628 0.0000 0.0000
5.6250 -80.2688 0.4290 0.2349 0.3362 0.00000 7.412 1500.0 12.0 0.0000 0.0666 10.00 0.0628 0.0000 0.0000
11.2500 -80.2688 0.4911 0.2025 0.3064 0.00000 7.163 1500.0 12.0 0.0000 0.0688 10.00 0.0628 0.0000 0.0000
16.8750 -80.2688 0.4660 0.2289 0.3051 0.00000 7.504 1500.0 12.0 0.0000 0.0615 10.00 0.0628 0.0000 0.0000
22.5000 -80.2688 0.5215 0.1937 0.2849 0.00000 7.142 1500.0 12.0 0.0000 0.0705 10.00 0.0628 0.0000 0.0000
28.1250 -80.2688 0.4976 0.2038 0.2986 0.00000 7.128 1500.0 12.0 0.0000 0.0935 11.32 0.0628 0.0000 0.0000
33.7500 -80.2688 0.5427 0.1832 0.2741 0.00000 7.062 1500.0 12.0 0.0000 0.1224 14.27 0.0628 0.0000 0.0000
39.3750 -80.2688 0.4368 0.2540 0.3092 0.00000 7.974 1500.0 12.0 0.0000 0.0952 11.94 0.0628 0.0000 0.0000
45.0000 -80.2688 0.4179 0.2589 0.3232 0.00000 7.792 1500.0 12.0 0.0000 0.0625 10.00 0.0628 0.0000 0.0000
50.6250 -80.2688 0.3650 0.2911 0.3439 0.00000 8.229 1500.0 12.0 0.0000 0.0538 10.00 0.0628 0.0000 0.0000
56.2500 -80.2688 0.3444 0.3035 0.3521 0.00000 8.461 1500.0 12.0 0.0000 0.0659 10.00 0.0628 0.0000 0.0000
61.8750 -80.2688 0.3631 0.2965 0.3404 0.00000 8.217 1500.0 12.0 0.0000 0.0849 11.21 0.0628 0.0000 0.0000
67.5000 -80.2688 0.4440 0.2365 0.3195 0.00000 7.400 1500.0 12.0 0.0000 0.0902 11.33 0.0628 0.0000 0.0000
73.1250 -80.2688 0.4644 0.2231 0.3125 0.00000 7.181 1500.0 12.0 0.0000 0.1037 12.86 0.0628 0.0000 0.0000
78.7500 -80.2688 0.4985 0.2024 0.2991 0.00000 6.800 1500.0 12.0 0.0000 0.1129 13.66 0.0628 0.0000 0.0000
84.3750 -80.2688 0.4947 0.2048 0.3005 0.00000 6.837 1500.0 12.0 0.0000 0.1116 13.54 0.0628 0.0000 0.0000
90.0000 -80.2688 0.4981 0.2025 0.2994 0.00000 6.799 1500.0 12.0 0.0000 0.1039 12.58 0.0628 0.0000 0.0000
95.6250 -80.2688 0.5426 0.1785 0.2789 0.00000 6.719 1500.0 12.0 0.0000 0.1802 21.08 0.0628 0.0000 0.0000
101.2500 -80.2688 0.6032 0.1463 0.2505 0.00000 6.722 1500.0 12.0 0.0000 0.2954 32.90 0.0628 0.0000 0.0000
106.8750 -80.2688 0.5695 0.1686 0.2619 0.00000 7.331 1500.0 12.0 0.0000 0.3032 34.62 0.0628 0.0000 0.0000
112.5000 -80.2688 0.6496 0.1222 0.2282 0.00000 6.750 1500.0 12.0 0.0000 0.3336 35.69 0.0628 0.0000 0.0000
118.1250 -80.2688 0.5448 0.1793 0.2759 0.00000 7.306 1500.0 12.0 0.0000 0.2356 27.47 0.0628 0.0000 0.0001
123.7500 -80.2688 0.5076 0.1850 0.3074 0.00000 7.396 1499.9 12.0 0.0000 0.1965 23.79 0.0628 0.0000 0.0006
129.3750 -80.2688 0.4945 0.1934 0.3121 0.00000 7.455 1499.9 12.0 0.0000 0.1838 22.45 0.0628 0.0000 0.0005
135.0000 -80.2688 0.4375 0.2266 0.3360 0.00000 7.920 1499.9 12.0 0.0000 0.1731 22.03 0.0628 0.0000 0.0005
140.6250 -80.2688 0.4628 0.2119 0.3253 0.00000 7.773 1499.9 12.0 0.0000 0.1381 17.26 0.0628 0.0000 0.0006
146.2500 -80.2688 0.4937 0.2035 0.3028 0.00000 7.448 1500.0 12.0 0.0000 0.1577 19.17 0.0628 0.0000 0.0001
151.8750 -80.2688 0.4949 0.2118 0.2933 0.00000 7.767 1500.0 12.0 0.0000 0.1719 20.77 0.0628 0.0000 0.0000
157.5000 -80.2688 0.5605 0.1735 0.2660 0.00000 7.394 1500.0 12.0 0.0000 0.1728 19.87 0.0628 0.0000 0.0000
163.1250 -80.2688 0.5678 0.1693 0.2629 0.00000 7.379 1500.0 12.0 0.0000 0.2420 27.67 0.0628 0.0000 0.0000
168.7500 -80.2688 0.5043 0.2059 0.2898 0.00000 7.812 1500.0 12.0 0.0000 0.2418 29.02 0.0628 0.0000 0.0000
174.3750 -80.2688 0.4707 0.2245 0.3047 0.00000 7.959 1500.0 12.0 0.0000 0.2670 32.87 0.0628 0.0000 0.0000
180.0000 -80.2688 0.4279 0.2465 0.3256 0.00000 7.836 1500.0 12.0 0.0000 0.2021 25.69 0.0628 0.0000 0.0000
-174.3750 -80.2688 0.3792 0.2744 0.3464 0.00000 8.154 1500.0 12.0 0.0000 0.1972 25.94 0.0628 0.0000 0.0000
-168.7500 -80.2688 0.3715 0.2789 0.3495 0.00000 8.223 1500.0 12.0 0.0000 0.2428 32.09 0.0628 0.0000 0.0000
-163.1250 -80.2688 0.3359 0.3004 0.3637 0.00000 8.623 1500.0 12.0 0.0000 0.2080 28.14 0.0628 0.0000 0.0000
-157.5000 -80.2688 0.2658 0.3427 0.3914 0.00000 9.407 1500.0 12.0 0.0000 0.1386 19.61 0.0628 0.0000 0.0000
-151.8750 -80.2688 0.2788 0.3349 0.3863 0.00000 9.262 1500.0 12.0 0.0000 0.0988 13.86 0.0628 0.0000 0.0000
-146.2500 -80.2688 0.2592 0.3467 0.3940 0.00000 9.480 1500.0 12.0 0.0000 0.0756 10.73 0.0628 0.0000 0.0000
-140.6250 -80.2688 0.2494 0.3526 0.3980 0.00000 9.500 1500.0 12.0 0.0000 0.0648 10.00 0.0628 0.0000 0.0000
-135.0000 -80.2688 0.2575 0.3466 0.3959 0.00000 9.436 1500.0 12.0 0.0000 0.0498 10.00 0.0628 0.0000 0.0000
-129.3750 -80.2688 0.2501 0.3521 0.3978 0.00000 9.500 1500.0 12.0 0.0000 0.0519 10.00 0.0628 0.0000 0.0000
-123.7500 -80.2688 0.2488 0.3530 0.3981 0.00000 9.500 1500.0 12.0 0.0000 0.0587 10.00 0.0628 0.0000 0.0000
-118.1250 -80.2688 0.2488 0.3530 0.3981 0.00000 9.500 1500.0 12.0 0.0000 0.0710 10.14 0.0628 0.0000 0.0000
-112.5000 -80.2688 0.2488 0.3530 0.3981 0.00000 9.500 1500.0 12.0 0.0000 0.0895 12.79 0.0628 0.0000 0.0000
-106.8750 -80.2688 0.2488 0.3530 0.3981 0.00000 9.500 1500.0 12.0 0.0000 0.1150 16.43 0.0628 0.0000 0.0000
-101.2500 -80.2688 0.2529 0.3505 0.3965 0.00000 9.500 1500.0 12.0 0.0000 0.1498 21.36 0.0628 0.0000 0.0000
-95.6250 -80.2688 0.2583 0.3473 0.3944 0.00000 9.492 1500.0 12.0 0.0000 0.2060 29.27 0.0628 0.0000 0.0000
-90.0000 -80.2688 0.3186 0.3109 0.3705 0.00000 8.817 1500.0 12.0 0.0000 0.2145 29.35 0.0628 0.0000 0.0000
-84.3750 -80.2688 0.3367 0.3000 0.3634 0.00000 8.615 1500.0 12.0 0.0000 0.1517 20.51 0.0628 0.0000 0.0000
-78.7500 -80.2688 0.3067 0.3180 0.3754 0.00000 8.945 1500.0 12.0 0.0000 0.1238 17.06 0.0628 0.0000 0.0000
-73.1250 -80.2688 0.2877 0.3289 0.3834 0.00000 9.129 1500.0 12.0 0.0000 0.1162 16.22 0.0628 0.0000 0.0000
-67.5000 -80.2688 0.3127 0.3128 0.3745 0.00000 8.790 1500.0 12.0 0.0000 0.1300 17.86 0.0628 0.0000 0.0000
-61.8750 -80.2688 0.3162 0.3105 0.3733 0.00000 8.743 1500.0 12.0 0.0000 0.1816 24.90 0.0628 0.0000 0.0000
-56.2500 -80.2688 0.3129 0.3087 0.3784 0.00000 8.570 1500.0 12.0 0.0000 0.1434 19.74 0.0628 0.0000 0.0000
-50.6250 -80.2688 0.2917 0.3217 0.3867 0.00000 8.795 1500.0 12.0 0.0000 0.1179 16.46 0.0628 0.0000 0.0000
-45.0000 -80.2688 0.3916 0.2609 0.3475 0.00000 7.647 1500.0 12.0 0.0000 0.0661 10.00 0.0628 0.0000 0.0000
-39.3750 -80.2688 0.4622 0.2231 0.3146 0.00000 7.112 1500.0 12.0 0.0000 0.0532 10.00 0.0628 0.0000 0.0000
-33.7500 -80.2688 0.4224 0.2487 0.3288 0.00000 7.636 1500.0 12.0 0.0000 0.0376 10.00 0.0628 0.0000 0.0000
-28.1250 -80.2688 0.3765 0.2831 0.3404 0.00000 8.108 1500.0 12.0 0.0000 0.0294 10.00 0.0628 0.0000 0.0000
-22.5000 -80.2688 0.4009 0.2684 0.3307 0.00000 7.949 1500.0 12.0 0.0000 0.0335 10.00 0.0628 0.0000 0.0000
-16.8750 -80.2688 0.4998 0.2085 0.2918 0.00000 7.597 1500.0 12.0 0.0000 0.0608 10.00 0.0628 0.0000 0.0000
-11.2500 -80.2688 0.4589 0.2316 0.3095 0.00000 7.669 1500.0 12.0 0.0000 0.0489 10.00 0.0628 0.0000 0.0000
-5.6250 -80.2688 0.4782 0.2149 0.3069 0.00000 7.380 1500.0 12.0 0.0000 0.0730 10.00 0.0628 0.0000 0.0000
0.0000 -85.7606 0.3439 0.2994 0.3567 0.00000 8.373 1500.0 12.0 0.0000 0.0255 10.00 0.0628 0.0000 0.0000
5.6250 -85.7606 0.4123 0.2552 0.3325 0.00000 7.661 1500.0 12.0 0.0000 0.0261 10.00 0.0628 0.0000 0.0000
11.2500 -85.7606 0.3751 0.2826 0.3422 0.00000 8.045 1500.0 12.0 0.0000 0.0262 10.00 0.0628 0.0000 0.0000
16.8750 -85.7606 0.3640 0.2881 0.3479 0.00000 8.182 1500.0 12.0 0.0000 0.0268 10.00 0.0628 0.0000 0.0000
22.5000 -85.7606 0.3543 0.2956 0.3501 0.00000 8.252 1500.0 12.0 0.0000 0.0282 10.00 0.0628 0.0000 0.0000
28.1250 -85.7606 0.3429 0.3024 0.3546 0.00000 8.341 1500.0 12.0 0.0000 0.0301 10.00 0.0628 0.0000 0.0000
33.7500 -85.7606 0.3063 0.3186 0.3751 0.00000 8.910 1500.0 12.0 0.0000 0.0331 10.00 0.0628 0.0000 0.0000
39.3750 -85.7606 0.3055 0.3196 0.3748 0.00000 8.938 1500.0 12.0 0.0000 0.0377 10.00 0.0628 0.0000 0.0000
45.0000 -85.7606 0.2991 0.3256 0.3753 0.00000 8.981 1500.0 12.0 0.0000 0.0435 10.00 0.0628 0.0000 0.0000
50.6250 -85.7606 0.3103 0.3161 0.3736 0.00000 8.851 1500.0 12.0 0.0000 0.0528 10.00 0.0628 0.0000 0.0000
56.2500 -85.7606 0.3352 0.3056 0.3592 0.00000 8.590 1500.0 12.0 0.0000 0.0660 10.00 0.0628 0.0000 0.0000
61.8750 -85.7606 0.3969 0.2636 0.3395 0.00000 7.939 1500.0 12.0 0.0000 0.0892 11.59 0.0628 0.0000 0.0000
67.5000 -85.7606 0.4130 0.2539 0.3331 0.00000 7.759 1500.0 12.0 0.0000 0.1130 14.52 0.0628 0.0000 0.0000
73.1250 -85.7606 0.4032 0.2598 0.3370 0.00000 7.868 1500.0 12.0 0.0000 0.0897 11.60 0.0628 0.0000 0.0000
78.7500 -85.7606 0.3883 0.2688 0.3429 0.00000 8.036 1500.0 12.0 0.0000 0.0737 10.00 0.0628 0.0000 0.0000
84.3750 -85.7606 0.3728 0.2782 0.3490 0.00000 8.209 1500.0 12.0 0.0000 0.0623 10.00 0.0628 0.0000 0.0000
90.0000 -85.7606 0.3478 0.2932 0.3589 0.00000 8.489 1500.0 12.0 0.0000 0.0534 10.00 0.0628 0.0000 0.0000
95.6250 -85.7606 0.3231 0.3081 0.3687 0.00000 8.766 1500.0 12.0 0.0000 0.0465 10.00 0.0628 0.0000 0.0000
101.2500 -85.7606 0.2995 0.3224 0.3781 0.00000 9.030 1500.0 12.0 0.0000 0.0410 10.00 0.0628 0.0000 0.0000
106.8750 -85.7606 0.2858 0.3306 0.3835 0.00000 9.185 1500.0 12.0 0.0000 0.0370 10.00 0.0628 0.0000 0.0000
112.5000 -85.7606 0.3130 0.3144 0.3726 0.00000 8.907 1500.0 12.0 0.0000 0.0369 10.00 0.0628 0.0000 0.0000
118.1250 -85.7606 0.3653 0.2848 0.3499 0.00000 8.618 1500.0 12.0 0.0000 0.0590 10.00 0.0628 0.0000 0.0000
123.7500 -85.7606 0.3193 0.3118 0.3689 0.00000 9.022 1500.0 12.0 0.0000 0.0454 10.00 0.0628 0.0000 0.0000
129.3750 -85.7606 0.2497 0.3525 0.3978 0.00000 9.500 1500.0 12.0 0.0000 0.0260 10.00 0.0628 0.0000 0.0000
135.0000 -85.7606 0.2516 0.3514 0.3970 0.00000 9.500 1500.0 12.0 0.0000 0.0258 10.00 0.0628 0.0000 0.0000
140.6250 -85.7606 0.2484 0.3540 0.3976 0.00000 9.500 1500.0 12.0 0.0000 0.0249 10.00 0.0628 0.0000 0.0000
146.2500 -85.7606 0.2486 0.3535 0.3978 0.00000 9.500 1500.0 12.0 0.0000 0.0249 10.00 0.0628 0.0000 0.0000
151.8750 -85.7606 0.2489 0.3529 0.3981 0.00000 9.500 1500.0 12.0 0.0000 0.0249 10.00 0.0628 0.0000 0.0000
157.5000 -85.7606 0.2527 0.3507 0.3967 0.00000 9.500 1500.0 12.0 0.0000 0.0250 10.00 0.0628 0.0000 0.0000
163.1250 -85.7606 0.2545 0.3496 0.3959 0.00000 9.500 1500.0 12.0 0.0000 0.0250 10.00 0.0628 0.0000 0.0000
168.7500 -85.7606 0.2557 0.3489 0.3955 0.00000 9.500 1500.0 12.0 0.0000 0.0250 10.00 0.0628 0.0000 0.0000
174.3750 -85.7606 0.2489 0.3530 0.3981 0.00000 9.500 1500.0 12.0 0.0000 0.0250 10.00 0.0628 0.0000 0.0000
180.0000 -85.7606 0.2489 0.3529 0.3981 0.00000 9.500 1500.0 12.0 0.0000 0.0249 10.00 0.0628 0.0000 0.0000
-174.3750 -85.7606 0.2524 0.3508 0.3968 0.00000 9.500 1500.0 12.0 0.0000 0.0250 10.00 0.0628 0.0000 0.0000
-168.7500 -85.7606 0.2531 0.3504 0.3965 0.00000 9.500 1500.0 12.0 0.0000 0.0250 10.00 0.0628 0.0000 0.0000
-163.1250 -85.7606 0.2496 0.3525 0.3979 0.00000 9.500 1500.0 12.0 0.0000 0.0250 10.00 0.0628 0.0000 0.0000
-157.5000 -85.7606 0.2489 0.3530 0.3981 0.00000 9.500 1500.0 12.0 0.0000 0.0250 10.00 0.0628 0.0000 0.0000
-151.8750 -85.7606 0.2489 0.3530 0.3981 0.00000 9.500 1500.0 12.0 0.0000 0.0250 10.00 0.0628 0.0000 0.0000
-146.2500 -85.7606 0.2489 0.3530 0.3981 0.00000 9.500 1500.0 12.0 0.0000 0.0250 10.00 0.0628 0.0000 0.0000
-140.6250 -85.7606 0.2489 0.3530 0.3981 0.00000 9.500 1500.0 12.0 0.0000 0.0250 10.00 0.0628 0.0000 0.0000
-135.0000 -85.7606 0.2489 0.3530 0.3981 0.00000 9.500 1500.0 12.0 0.0000 0.0250 10.00 0.0628 0.0000 0.0000
-129.3750 -85.7606 0.2489 0.3530 0.3981 0.00000 9.500 1500.0 12.0 0.0000 0.0250 10.00 0.0628 0.0000 0.0000
-123.7500 -85.7606 0.2489 0.3530 0.3981 0.00000 9.500 1500.0 12.0 0.0000 0.0200 10.00 0.0628 0.0000 0.0000
-118.1250 -85.7606 0.2489 0.3530 0.3981 0.00000 9.500 1500.0 12.0 0.0000 0.0200 10.00 0.0628 0.0000 0.0000
-112.5000 -85.7606 0.2497 0.3525 0.3978 0.00000 9.500 1500.0 12.0 0.0000 0.0200 10.00 0.0628 0.0000 0.0000
-106.8750 -85.7606 0.2489 0.3530 0.3981 0.00000 9.500 1500.0 12.0 0.0000 0.0200 10.00 0.0628 0.0000 0.0000
-101.2500 -85.7606 0.2489 0.3530 0.3981 0.00000 9.500 1500.0 12.0 0.0000 0.0200 10.00 0.0628 0.0000 0.0000
-95.6250 -85.7606 0.2489 0.3530 0.3981 0.00000 9.500 1500.0 12.0 0.0000 0.0200 10.00 0.0628 0.0000 0.0000
-90.0000 -85.7606 0.2496 0.3525 0.3978 0.00000 9.500 1500.0 12.0 0.0000 0.0200 10.00 0.0628 0.0000 0.0000
-84.3750 -85.7606 0.2489 0.3530 0.3981 0.00000 9.500 1500.0 12.0 0.0000 0.0200 10.00 0.0628 0.0000 0.0000
-78.7500 -85.7606 0.2520 0.3507 0.3973 0.00000 9.500 1500.0 12.0 0.0000 0.0200 10.00 0.0628 0.0000 0.0000
-73.1250 -85.7606 0.2489 0.3530 0.3981 0.00000 9.500 1500.0 12.0 0.0000 0.0205 10.00 0.0628 0.0000 0.0000
-67.5000 -85.7606 0.2491 0.3528 0.3981 0.00000 9.500 1500.0 12.0 0.0000 0.0225 10.00 0.0628 0.0000 0.0000
-61.8750 -85.7606 0.2569 0.3471 0.3961 0.00000 9.448 1500.0 12.0 0.0000 0.0252 10.00 0.0628 0.0000 0.0000
-56.2500 -85.7606 0.2624 0.3430 0.3946 0.00000 9.345 1500.0 12.0 0.0000 0.0360 10.00 0.0628 0.0000 0.0000
-50.6250 -85.7606 0.2765 0.3326 0.3909 0.00000 9.082 1500.0 12.0 0.0000 0.0423 10.00 0.0628 0.0000 0.0000
-45.0000 -85.7606 0.3088 0.3087 0.3824 0.00000 8.479 1500.0 12.0 0.0000 0.0519 10.00 0.0628 0.0000 0.0000
-39.3750 -85.7606 0.2976 0.3175 0.3849 0.00000 8.681 1500.0 12.0 0.0000 0.0644 10.00 0.0628 0.0000 0.0000
-33.7500 -85.7606 0.3374 0.2914 0.3711 0.00000 8.156 1500.0 12.0 0.0000 0.0520 10.00 0.0628 0.0000 0.0000
-28.1250 -85.7606 0.3915 0.2588 0.3497 0.00000 7.549 1500.0 12.0 0.0000 0.0414 10.00 0.0628 0.0000 0.0000
-22.5000 -85.7606 0.3835 0.2655 0.3510 0.00000 7.744 1500.0 12.0 0.0000 0.0341 10.00 0.0628 0.0000 0.0000
-16.8750 -85.7606 0.3454 0.2952 0.3594 0.00000 8.301 1500.0 12.0 0.0000 0.0290 10.00 0.0628 0.0000 0.0000
-11.2500 -85.7606 0.3584 0.2865 0.3551 0.00000 8.060 1500.0 12.0 0.0000 0.0267 10.00 0.0628 0.0000 0.0000
-5.6250 -85.7606 0.3307 0.3058 0.3635 0.00000 8.422 1500.0 12.0 0.0000 0.0256 10.00 0.0628 0.0000 0.0000
