Lon Lat b theta_s theta_fc theta_wp awc_mm evaporable_mm u00 u01 u02 u03 u04 u05 u06 u07 u08 u09 u10 u11 u12 u13 u14
11.2500 85.7606 5.37755 0.414993 0.272580 0.111776 46.871 49.107 1.000000 1.000000 0.161206 0.062800 0.062800 0.062800 0.062800 0.062800 0.062800 0.062800 0.062800 0.062800 0.062800 0.062800 0.062800
16.8750 85.7606 5.03813 0.411169 0.258012 0.099635 52.695 54.687 1.000000 1.000000 0.573574 0.062800 0.062800 0.062800 0.062800 0.062800 0.062800 0.062800 0.062800 0.062800 0.062800 0.062800 0.062800
22.5000 85.7606 5.09533 0.412105 0.261091 0.101907 53.694 55.732 1.000000 1.000000 0.619497 0.062800 0.062800 0.062800 0.062800 0.062800 0.062800 0.062800 0.062800 0.062800 0.062800 0.062800 0.062800
39.3750 85.7606 4.86957 0.409055 0.250052 0.093433 69.709 71.578 1.000000 1.000000 1.000000 0.760077 0.062800 0.062800 0.062800 0.062800 0.062800 0.062800 0.062800 0.062800 0.062800 0.062800 0.062800
45.0000 85.7606 6.04610 0.422251 0.298587 0.135125 57.910 60.613 1.000000 1.000000 0.789130 0.062800 0.062800 0.062800 0.062800 0.062800 0.062800 0.062800 0.062800 0.062800 0.062800 0.062800 0.062800
50.6250 85.7606 5.97761 0.421199 0.295433 0.132489 57.559 60.209 1.000000 1.000000 0.778821 0.062800 0.062800 0.062800 0.062800 0.062800 0.062800 0.062800 0.062800 0.062800 0.062800 0.062800 0.062800
56.2500 85.7606 6.21069 0.425474 0.307456 0.142093 52.415 55.257 1.000000 1.000000 0.416124 0.062800 0.062800 0.062800 0.062800 0.062800 0.062800 0.062800 0.062800 0.062800 0.062800 0.062800 0.062800
61.8750 85.7606 6.71324 0.433323 0.329831 0.161501 37.422 40.652 1.000000 0.406752 0.062800 0.062800 0.062800 0.062800 0.062800 0.062800 0.062800 0.062800 0.062800 0.062800 0.062800 0.062800 0.062800
67.5000 85.7606 6.13089 0.425790 0.306920 0.140428 43.349 46.157 1.000000 0.787256 0.062800 0.062800 0.062800 0.062800 0.062800 0.062800 0.062800 0.062800 0.062800 0.062800 0.062800 0.062800 0.062800
73.1250 85.7606 6.12050 0.426100 0.307389 0.140456 35.375 38.184 1.000000 0.302723 0.062800 0.062800 0.062800 0.062800 0.062800 0.062800 0.062800 0.062800 0.062800 0.062800 0.062800 0.062800 0.062800
78.7500 85.7606 6.42831 0.429898 0.319347 0.151496 25.990 28.017 0.669168 0.062800 0.062800 0.062800 0.062800 0.062800 0.062800 0.062800 0.062800 0.062800 0.062800 0.062800 0.062800 0.062800 0.062800
84.3750 85.7606 6.36495 0.429035 0.316758 0.149156 24.176 25.856 0.563265 0.062800 0.062800 0.062800 0.062800 0.062800 0.062800 0.062800 0.062800 0.062800 0.062800 0.062800 0.062800 0.062800 0.062800
90.0000 85.7606 6.30602 0.428774 0.315428 0.147489 23.375 24.887 0.512656 0.062800 0.062800 0.062800 0.062800 0.062800 0.062800 0.062800 0.062800 0.062800 0.062800 0.062800 0.062800 0.062800 0.062800
95.6250 85.7606 6.56449 0.430876 0.323074 0.155654 22.204 23.596 0.447052 0.062800 0.062800 0.062800 0.062800 0.062800 0.062800 0.062800 0.062800 0.062800 0.062800 0.062800 0.062800 0.062800 0.062800
101.2500 85.7606 6.75340 0.432914 0.329480 0.162016 21.362 22.647 0.396443 0.062800 0.062800 0.062800 0.062800 0.062800 0.062800 0.062800 0.062800 0.062800 0.062800 0.062800 0.062800 0.062800 0.062800
106.8750 85.7606 6.62002 0.432515 0.327074 0.158549 21.103 22.286 0.373013 0.062800 0.062800 0.062800 0.062800 0.062800 0.062800 0.062800 0.062800 0.062800 0.062800 0.062800 0.062800 0.062800 0.062800
112.5000 85.7606 6.51889 0.431697 0.324158 0.155380 20.755 21.844 0.350520 0.062800 0.062800 0.062800 0.062800 0.062800 0.062800 0.062800 0.062800 0.062800 0.062800 0.062800 0.062800 0.062800 0.062800
118.1250 85.7606 7.48796 0.441543 0.354431 0.186853 19.854 20.995 0.305535 0.062800 0.062800 0.062800 0.062800 0.062800 0.062800 0.062800 0.062800 0.062800 0.062800 0.062800 0.062800 0.062800 0.062800
123.7500 85.7606 7.43963 0.441072 0.353046 0.185351 19.600 20.674 0.289602 0.062800 0.062800 0.062800 0.062800 0.062800 0.062800 0.062800 0.062800 0.062800 0.062800 0.062800 0.062800 0.062800 0.062800
129.3750 85.7606 7.30443 0.439065 0.347737 0.180399 19.276 20.260 0.272733 0.062800 0.062800 0.062800 0.062800 0.062800 0.062800 0.062800 0.062800 0.062800 0.062800 0.062800 0.062800 0.062800 0.062800
135.0000 85.7606 6.71846 0.433553 0.330359 0.161849 19.269 20.125 0.264298 0.062800 0.062800 0.062800 0.062800 0.062800 0.062800 0.062800 0.062800 0.062800 0.062800 0.062800 0.062800 0.062800 0.062800
140.6250 85.7606 7.48578 0.442005 0.355345 0.187300 18.980 19.917 0.250240 0.062800 0.062800 0.062800 0.062800 0.062800 0.062800 0.062800 0.062800 0.062800 0.062800 0.062800 0.062800 0.062800 0.062800
146.2500 85.7606 7.13385 0.438982 0.345898 0.176651 19.179 20.076 0.253989 0.062800 0.062800 0.062800 0.062800 0.062800 0.062800 0.062800 0.062800 0.062800 0.062800 0.062800 0.062800 0.062800 0.062800
151.8750 85.7606 7.40065 0.441292 0.353138 0.184771 20.105 21.269 0.314907 0.062800 0.062800 0.062800 0.062800 0.062800 0.062800 0.062800 0.062800 0.062800 0.062800 0.062800 0.062800 0.062800 0.062800
157.5000 85.7606 7.45745 0.440545 0.352145 0.185162 21.911 23.515 0.432994 0.062800 0.062800 0.062800 0.062800 0.062800 0.062800 0.062800 0.062800 0.062800 0.062800 0.062800 0.062800 0.062800 0.062800
163.1250 85.7606 6.99955 0.435160 0.336774 0.169788 23.320 25.077 0.517342 0.062800 0.062800 0.062800 0.062800 0.062800 0.062800 0.062800 0.062800 0.062800 0.062800 0.062800 0.062800 0.062800 0.062800
168.7500 85.7606 5.74495 0.419365 0.287954 0.125008 26.131 27.942 0.724463 0.062800 0.062800 0.062800 0.062800 0.062800 0.062800 0.062800 0.062800 0.062800 0.062800 0.062800 0.062800 0.062800 0.062800
174.3750 85.7606 6.55755 0.430579 0.322388 0.155203 24.351 26.143 0.577323 0.062800 0.062800 0.062800 0.062800 0.062800 0.062800 0.062800 0.062800 0.062800 0.062800 0.062800 0.062800 0.062800 0.062800
180.0000 85.7606 7.18364 0.440891 0.350283 0.179725 24.586 26.608 0.562328 0.062800 0.062800 0.062800 0.062800 0.062800 0.062800 0.062800 0.062800 0.062800 0.062800 0.062800 0.062800 0.062800 0.062800
-174.3750 85.7606 6.92552 0.439701 0.345239 0.172786 26.088 28.277 0.633555 0.062800 0.062800 0.062800 0.062800 0.062800 0.062800 0.062800 0.062800 0.062800 0.062800 0.062800 0.062800 0.062800 0.062800
-168.7500 85.7606 6.43674 0.433889 0.327599 0.155562 25.396 27.254 0.597004 0.062800 0.062800 0.062800 0.062800 0.062800 0.062800 0.062800 0.062800 0.062800 0.062800 0.062800 0.062800 0.062800 0.062800
-163.1250 85.7606 6.25962 0.430710 0.318729 0.148195 26.181 28.126 0.656048 0.062800 0.062800 0.062800 0.062800 0.062800 0.062800 0.062800 0.062800 0.062800 0.062800 0.062800 0.062800 0.062800 0.062800
-157.5000 85.7606 6.71305 0.436220 0.335736 0.164389 25.214 27.161 0.592318 0.062800 0.062800 0.062800 0.062800 0.062800 0.062800 0.062800 0.062800 0.062800 0.062800 0.062800 0.062800 0.062800 0.062800
-151.8750 85.7606 6.90147 0.438773 0.343072 0.171288 24.618 26.516 0.553893 0.062800 0.062800 0.062800 0.062800 0.062800 0.062800 0.062800 0.062800 0.062800 0.062800 0.062800 0.062800 0.062800 0.062800
-146.2500 85.7606 6.52120 0.435031 0.331009 0.158705 26.049 28.057 0.632618 0.062800 0.062800 0.062800 0.062800 0.062800 0.062800 0.062800 0.062800 0.062800 0.062800 0.062800 0.062800 0.062800 0.062800
-140.6250 85.7606 6.43273 0.435725 0.331355 0.157273 27.395 29.579 0.694473 0.062800 0.062800 0.062800 0.062800 0.062800 0.062800 0.062800 0.062800 0.062800 0.062800 0.062800 0.062800 0.062800 0.062800
-135.0000 85.7606 6.46873 0.434841 0.329968 0.157265 25.721 27.640 0.610125 0.062800 0.062800 0.062800 0.062800 0.062800 0.062800 0.062800 0.062800 0.062800 0.062800 0.062800 0.062800 0.062800 0.062800
-129.3750 85.7606 6.82627 0.438279 0.341244 0.169077 24.286 26.083 0.531400 0.062800 0.062800 0.062800 0.062800 0.062800 0.062800 0.062800 0.062800 0.062800 0.062800 0.062800 0.062800 0.062800 0.062800
-123.7500 85.7606 6.92355 0.440262 0.346380 0.173323 24.411 26.253 0.531400 0.062800 0.062800 0.062800 0.062800 0.062800 0.062800 0.062800 0.062800 0.062800 0.062800 0.062800 0.062800 0.062800 0.062800
-118.1250 85.7606 6.86814 0.440921 0.347170 0.172751 25.356 27.340 0.574511 0.062800 0.062800 0.062800 0.062800 0.062800 0.062800 0.062800 0.062800 0.062800 0.062800 0.062800 0.062800 0.062800 0.062800
-112.5000 85.7606 6.31840 0.435381 0.329185 0.154150 27.610 29.763 0.698222 0.062800 0.062800 0.062800 0.062800 0.062800 0.062800 0.062800 0.062800 0.062800 0.062800 0.062800 0.062800 0.062800 0.062800
-106.8750 85.7606 5.96887 0.426771 0.306461 0.137273 26.752 28.679 0.701970 0.062800 0.062800 0.062800 0.062800 0.062800 0.062800 0.062800 0.062800 0.062800 0.062800 0.062800 0.062800 0.062800 0.062800
-101.2500 85.7606 6.28611 0.427565 0.312716 0.145869 26.163 28.172 0.688850 0.062800 0.062800 0.062800 0.062800 0.062800 0.062800 0.062800 0.062800 0.062800 0.062800 0.062800 0.062800 0.062800 0.062800
-95.6250 85.7606 5.55809 0.417550 0.281044 0.118633 26.761 28.584 0.768512 0.062800 0.062800 0.062800 0.062800 0.062800 0.062800 0.062800 0.062800 0.062800 0.062800 0.062800 0.062800 0.062800 0.062800
-90.0000 85.7606 6.38271 0.428479 0.315880 0.149055 25.565 27.512 0.653236 0.062800 0.062800 0.062800 0.062800 0.062800 0.062800 0.062800 0.062800 0.062800 0.062800 0.062800 0.062800 0.062800 0.062800
-84.3750 85.7606 5.48854 0.416744 0.278158 0.116139 28.412 30.443 0.874415 0.062800 0.062800 0.062800 0.062800 0.062800 0.062800 0.062800 0.062800 0.062800 0.062800 0.062800 0.062800 0.062800 0.062800
-78.7500 85.7606 5.63769 0.418633 0.284625 0.121617 27.119 29.027 0.784444 0.062800 0.062800 0.062800 0.062800 0.062800 0.062800 0.062800 0.062800 0.062800 0.062800 0.062800 0.062800 0.062800 0.062800
-73.1250 85.7606 6.44673 0.429655 0.319099 0.151701 22.515 23.928 0.465796 0.062800 0.062800 0.062800 0.062800 0.062800 0.062800 0.062800 0.062800 0.062800 0.062800 0.062800 0.062800 0.062800 0.062800
-67.5000 85.7606 6.88172 0.434652 0.334457 0.166654 22.428 23.952 0.457361 0.062800 0.062800 0.062800 0.062800 0.062800 0.062800 0.062800 0.062800 0.062800 0.062800 0.062800 0.062800 0.062800 0.062800
-61.8750 85.7606 6.83074 0.433674 0.331907 0.164526 23.736 25.510 0.538898 0.062800 0.062800 0.062800 0.062800 0.062800 0.062800 0.062800 0.062800 0.062800 0.062800 0.062800 0.062800 0.062800 0.062800
-56.2500 85.7606 7.36310 0.440696 0.351585 0.183351 22.280 23.913 0.445178 0.062800 0.062800 0.062800 0.062800 0.062800 0.062800 0.062800 0.062800 0.062800 0.062800 0.062800 0.062800 0.062800 0.062800
-50.6250 85.7606 7.50165 0.442796 0.357086 0.188473 21.572 23.081 0.400192 0.062800 0.062800 0.062800 0.062800 0.062800 0.062800 0.062800 0.062800 0.062800 0.062800 0.062800 0.062800 0.062800 0.062800
-45.0000 85.7606 7.19133 0.439303 0.347120 0.178230 23.776 25.660 0.528588 0.062800 0.062800 0.062800 0.062800 0.062800 0.062800 0.062800 0.062800 0.062800 0.062800 0.062800 0.062800 0.062800 0.062800
-39.3750 85.7606 6.64118 0.432822 0.327953 0.159342 25.112 27.056 0.610125 0.062800 0.062800 0.062800 0.062800 0.062800 0.062800 0.062800 0.062800 0.062800 0.062800 0.062800 0.062800 0.062800 0.062800
50.6250 80.2688 6.59353 0.433419 0.328587 0.158820 35.944 39.120 1.000000 0.300849 0.062800 0.062800 0.062800 0.062800 0.062800 0.062800 0.062800 0.062800 0.062800 0.062800 0.062800 0.062800 0.062800
56.2500 80.2688 6.24356 0.432817 0.322853 0.149817 48.329 51.325 1.000000 0.976570 0.062800 0.062800 0.062800 0.062800 0.062800 0.062800 0.062800 0.062800 0.062800 0.062800 0.062800 0.062800 0.062800
61.8750 80.2688 5.94478 0.428812 0.310277 0.138530 52.507 55.278 1.000000 1.000000 0.303660 0.062800 0.062800 0.062800 0.062800 0.062800 0.062800 0.062800 0.062800 0.062800 0.062800 0.062800 0.062800
67.5000 80.2688 6.62822 0.437890 0.338212 0.164095 64.785 68.067 1.000000 1.000000 0.967198 0.062800 0.062800 0.062800 0.062800 0.062800 0.062800 0.062800 0.062800 0.062800 0.062800 0.062800 0.062800
73.1250 80.2688 7.38500 0.444341 0.359221 0.187696 55.896 59.650 1.000000 1.000000 0.505158 0.062800 0.062800 0.062800 0.062800 0.062800 0.062800 0.062800 0.062800 0.062800 0.062800 0.062800 0.062800
78.7500 80.2688 6.54301 0.434152 0.329467 0.158353 58.231 61.399 1.000000 1.000000 0.649487 0.062800 0.062800 0.062800 0.062800 0.062800 0.062800 0.062800 0.062800 0.062800 0.062800 0.062800 0.062800
84.3750 80.2688 6.26960 0.431700 0.320897 0.149384 54.220 57.208 1.000000 1.000000 0.407690 0.062800 0.062800 0.062800 0.062800 0.062800 0.062800 0.062800 0.062800 0.062800 0.062800 0.062800 0.062800
90.0000 80.2688 6.37343 0.431555 0.321988 0.151771 33.758 36.793 1.000000 0.166829 0.062800 0.062800 0.062800 0.062800 0.062800 0.062800 0.062800 0.062800 0.062800 0.062800 0.062800 0.062800 0.062800
95.6250 80.2688 6.36601 0.431030 0.320819 0.151087 31.355 34.281 0.968135 0.062800 0.062800 0.062800 0.062800 0.062800 0.062800 0.062800 0.062800 0.062800 0.062800 0.062800 0.062800 0.062800 0.062800
101.2500 80.2688 6.19224 0.427943 0.312152 0.143932 27.402 29.561 0.749768 0.062800 0.062800 0.062800 0.062800 0.062800 0.062800 0.062800 0.062800 0.062800 0.062800 0.062800 0.062800 0.062800 0.062800
106.8750 80.2688 7.13297 0.437071 0.342023 0.174657 24.220 26.204 0.567951 0.062800 0.062800 0.062800 0.062800 0.062800 0.062800 0.062800 0.062800 0.062800 0.062800 0.062800 0.062800 0.062800 0.062800
112.5000 80.2688 7.68096 0.444770 0.362603 0.194262 23.573 25.597 0.521091 0.062800 0.062800 0.062800 0.062800 0.062800 0.062800 0.062800 0.062800 0.062800 0.062800 0.062800 0.062800 0.062800 0.062800
118.1250 80.2688 7.17943 0.439645 0.347699 0.178330 24.161 26.113 0.547332 0.062800 0.062800 0.062800 0.062800 0.062800 0.062800 0.062800 0.062800 0.062800 0.062800 0.062800 0.062800 0.062800 0.062800
123.7500 80.2688 6.66508 0.433679 0.329980 0.160742 25.681 27.733 0.638241 0.062800 0.062800 0.062800 0.062800 0.062800 0.062800 0.062800 0.062800 0.062800 0.062800 0.062800 0.062800 0.062800 0.062800
129.3750 80.2688 6.47612 0.430870 0.321936 0.153567 28.957 31.539 0.840676 0.062800 0.062800 0.062800 0.062800 0.062800 0.062800 0.062800 0.062800 0.062800 0.062800 0.062800 0.062800 0.062800 0.062800
135.0000 80.2688 6.64894 0.432761 0.327923 0.159462 35.225 38.415 1.000000 0.274607 0.062800 0.062800 0.062800 0.062800 0.062800 0.062800 0.062800 0.062800 0.062800 0.062800 0.062800 0.062800 0.062800
140.6250 80.2688 6.48751 0.430287 0.320904 0.153274 45.043 48.109 1.000000 0.870666 0.062800 0.062800 0.062800 0.062800 0.062800 0.062800 0.062800 0.062800 0.062800 0.062800 0.062800 0.062800 0.062800
146.2500 80.2688 5.89986 0.421739 0.295250 0.131014 55.136 57.757 1.000000 1.000000 0.603564 0.062800 0.062800 0.062800 0.062800 0.062800 0.062800 0.062800 0.062800 0.062800 0.062800 0.062800 0.062800
151.8750 80.2688 5.65460 0.418422 0.284509 0.121877 51.520 53.957 1.000000 1.000000 0.414250 0.062800 0.062800 0.062800 0.062800 0.062800 0.062800 0.062800 0.062800 0.062800 0.062800 0.062800 0.062800
157.5000 80.2688 6.53620 0.433169 0.327370 0.157226 48.860 52.005 1.000000 1.000000 0.118095 0.062800 0.062800 0.062800 0.062800 0.062800 0.062800 0.062800 0.062800 0.062800 0.062800 0.062800 0.062800
163.1250 80.2688 6.30376 0.432932 0.323898 0.151407 47.626 50.655 1.000000 0.944705 0.062800 0.062800 0.062800 0.062800 0.062800 0.062800 0.062800 0.062800 0.062800 0.062800 0.062800 0.062800 0.062800
168.7500 80.2688 6.42162 0.433453 0.326509 0.154773 43.587 46.683 1.000000 0.721652 0.062800 0.062800 0.062800 0.062800 0.062800 0.062800 0.062800 0.062800 0.062800 0.062800 0.062800 0.062800 0.062800
174.3750 80.2688 6.96583 0.439363 0.344964 0.173342 37.141 40.608 1.000000 0.347709 0.062800 0.062800 0.062800 0.062800 0.062800 0.062800 0.062800 0.062800 0.062800 0.062800 0.062800 0.062800 0.062800
180.0000 80.2688 6.91958 0.439130 0.343999 0.172063 37.821 41.262 1.000000 0.383322 0.062800 0.062800 0.062800 0.062800 0.062800 0.062800 0.062800 0.062800 0.062800 0.062800 0.062800 0.062800 0.062800
-174.3750 80.2688 6.03244 0.427735 0.309390 0.139763 34.531 37.326 1.000000 0.219312 0.062800 0.062800 0.062800 0.062800 0.062800 0.062800 0.062800 0.062800 0.062800 0.062800 0.062800 0.062800 0.062800
-168.7500 80.2688 6.84000 0.436563 0.337872 0.167642 24.029 25.813 0.532337 0.062800 0.062800 0.062800 0.062800 0.062800 0.062800 0.062800 0.062800 0.062800 0.062800 0.062800 0.062800 0.062800 0.062800
-163.1250 80.2688 7.07074 0.439730 0.346790 0.176048 21.157 22.424 0.359892 0.062800 0.062800 0.062800 0.062800 0.062800 0.062800 0.062800 0.062800 0.062800 0.062800 0.062800 0.062800 0.062800 0.062800
-146.2500 80.2688 6.03758 0.427180 0.308337 0.139381 25.195 26.901 0.611999 0.062800 0.062800 0.062800 0.062800 0.062800 0.062800 0.062800 0.062800 0.062800 0.062800 0.062800 0.062800 0.062800 0.062800
-140.6250 80.2688 6.65854 0.435064 0.332729 0.161967 21.511 22.744 0.380511 0.062800 0.062800 0.062800 0.062800 0.062800 0.062800 0.062800 0.062800 0.062800 0.062800 0.062800 0.062800 0.062800 0.062800
-135.0000 80.2688 6.97760 0.437466 0.341205 0.171652 20.787 21.977 0.346772 0.062800 0.062800 0.062800 0.062800 0.062800 0.062800 0.062800 0.062800 0.062800 0.062800 0.062800 0.062800 0.062800 0.062800
-129.3750 80.2688 6.82816 0.436933 0.338498 0.167749 21.365 22.614 0.372076 0.062800 0.062800 0.062800 0.062800 0.062800 0.062800 0.062800 0.062800 0.062800 0.062800 0.062800 0.062800 0.062800 0.062800
-118.1250 80.2688 5.54363 0.421908 0.289495 0.121926 35.604 38.043 1.000000 0.308346 0.062800 0.062800 0.062800 0.062800 0.062800 0.062800 0.062800 0.062800 0.062800 0.062800 0.062800 0.062800 0.062800
-112.5000 80.2688 6.11030 0.430234 0.315657 0.144045 40.870 43.751 1.000000 0.565139 0.062800 0.062800 0.062800 0.062800 0.062800 0.062800 0.062800 0.062800 0.062800 0.062800 0.062800 0.062800 0.062800
-106.8750 80.2688 6.90681 0.441300 0.348364 0.174024 49.837 53.317 1.000000 1.000000 0.104974 0.062800 0.062800 0.062800 0.062800 0.062800 0.062800 0.062800 0.062800 0.062800 0.062800 0.062800 0.062800
-101.2500 80.2688 6.64086 0.431923 0.326133 0.158452 55.586 58.755 1.000000 1.000000 0.561390 0.062800 0.062800 0.062800 0.062800 0.062800 0.062800 0.062800 0.062800 0.062800 0.062800 0.062800 0.062800
-95.6250 80.2688 6.98239 0.435999 0.338281 0.170261 55.179 58.584 1.000000 1.000000 0.530463 0.062800 0.062800 0.062800 0.062800 0.062800 0.062800 0.062800 0.062800 0.062800 0.062800 0.062800 0.062800
-90.0000 80.2688 6.26580 0.426914 0.311124 0.144768 68.539 71.435 1.000000 1.000000 1.000000 0.429245 0.062800 0.062800 0.062800 0.062800 0.062800 0.062800 0.062800 0.062800 0.062800 0.062800 0.062800
-84.3750 80.2688 5.89737 0.422801 0.297324 0.131890 55.353 57.991 1.000000 1.000000 0.592318 0.062800 0.062800 0.062800 0.062800 0.062800 0.062800 0.062800 0.062800 0.062800 0.062800 0.062800 0.062800
-78.7500 80.2688 6.79358 0.433262 0.330650 0.163275 35.798 39.064 1.000000 0.322404 0.062800 0.062800 0.062800 0.062800 0.062800 0.062800 0.062800 0.062800 0.062800 0.062800 0.062800 0.062800 0.062800
-73.1250 80.2688 6.14105 0.426865 0.309233 0.141669 32.431 35.264 1.000000 0.119032 0.062800 0.062800 0.062800 0.062800 0.062800 0.062800 0.062800 0.062800 0.062800 0.062800 0.062800 0.062800 0.062800
-56.2500 80.2688 5.37723 0.416335 0.275214 0.112850 47.189 49.446 1.000000 1.000000 0.152771 0.062800 0.062800 0.062800 0.062800 0.062800 0.062800 0.062800 0.062800 0.062800 0.062800 0.062800 0.062800
-50.6250 80.2688 4.62147 0.405886 0.237833 0.084293 54.899 56.585 1.000000 1.000000 0.821932 0.062800 0.062800 0.062800 0.062800 0.062800 0.062800 0.062800 0.062800 0.062800 0.062800 0.062800 0.062800
-45.0000 80.2688 4.30292 0.401485 0.220783 0.072466 53.448 54.898 1.000000 1.000000 0.850048 0.062800 0.062800 0.062800 0.062800 0.062800 0.062800 0.062800 0.062800 0.062800 0.062800 0.062800 0.062800
61.8750 74.7445 6.60633 0.435744 0.333507 0.161425 75.818 79.046 1.000000 1.000000 1.000000 0.715091 0.062800 0.062800 0.062800 0.062800 0.062800 0.062800 0.062800 0.062800 0.062800 0.062800 0.062800
67.5000 74.7445 5.67027 0.427332 0.302834 0.130031 102.258 104.858 1.000000 1.000000 1.000000 1.000000 1.000000 0.352395 0.062800 0.062800 0.062800 0.062800 0.062800 0.062800 0.062800 0.062800 0.062800
73.1250 74.7445 5.97888 0.423294 0.299607 0.134383 115.797 118.485 1.000000 1.000000 1.000000 1.000000 1.000000 1.000000 0.506096 0.062800 0.062800 0.062800 0.062800 0.062800 0.062800 0.062800 0.062800
78.7500 74.7445 6.95051 0.433605 0.333121 0.167137 81.344 84.687 1.000000 1.000000 1.000000 1.000000 0.272733 0.062800 0.062800 0.062800 0.062800 0.062800 0.062800 0.062800 0.062800 0.062800 0.062800
84.3750 74.7445 7.27563 0.438876 0.347079 0.179590 44.801 48.393 1.000000 0.858483 0.062800 0.062800 0.062800 0.062800 0.062800 0.062800 0.062800 0.062800 0.062800 0.062800 0.062800 0.062800 0.062800
90.0000 74.7445 7.35997 0.439961 0.350071 0.182511 44.428 48.078 1.000000 0.835053 0.062800 0.062800 0.062800 0.062800 0.062800 0.062800 0.062800 0.062800 0.062800 0.062800 0.062800 0.062800 0.062800
95.6250 74.7445 7.82350 0.446518 0.367275 0.199014 34.600 38.580 1.000000 0.239931 0.062800 0.062800 0.062800 0.062800 0.062800 0.062800 0.062800 0.062800 0.062800 0.062800 0.062800 0.062800 0.062800
101.2500 74.7445 7.55806 0.444104 0.360230 0.191041 30.731 34.312 0.937208 0.062800 0.062800 0.062800 0.062800 0.062800 0.062800 0.062800 0.062800 0.062800 0.062800 0.062800 0.062800 0.062800 0.062800
106.8750 74.7445 7.38186 0.442107 0.354622 0.185242 28.734 31.762 0.817246 0.062800 0.062800 0.062800 0.062800 0.062800 0.062800 0.062800 0.062800 0.062800 0.062800 0.062800 0.062800 0.062800 0.062800
112.5000 74.7445 7.62477 0.445060 0.362732 0.193439 27.704 30.634 0.757265 0.062800 0.062800 0.062800 0.062800 0.062800 0.062800 0.062800 0.062800 0.062800 0.062800 0.062800 0.062800 0.062800 0.062800
118.1250 74.7445 7.55149 0.445475 0.362975 0.192391 28.155 31.123 0.771323 0.062800 0.062800 0.062800 0.062800 0.062800 0.062800 0.062800 0.062800 0.062800 0.062800 0.062800 0.062800 0.062800 0.062800
123.7500 74.7445 7.80381 0.449147 0.372495 0.201531 28.811 32.059 0.806000 0.062800 0.062800 0.062800 0.062800 0.062800 0.062800 0.062800 0.062800 0.062800 0.062800 0.062800 0.062800 0.062800 0.062800
129.3750 74.7445 7.62754 0.445624 0.363906 0.194109 28.503 31.606 0.799439 0.062800 0.062800 0.062800 0.062800 0.062800 0.062800 0.062800 0.062800 0.062800 0.062800 0.062800 0.062800 0.062800 0.062800
135.0000 74.7445 6.97692 0.436397 0.339027 0.170545 27.477 30.041 0.751642 0.062800 0.062800 0.062800 0.062800 0.062800 0.062800 0.062800 0.062800 0.062800 0.062800 0.062800 0.062800 0.062800 0.062800
140.6250 74.7445 6.59409 0.432191 0.326098 0.157626 26.986 29.264 0.722589 0.062800 0.062800 0.062800 0.062800 0.062800 0.062800 0.062800 0.062800 0.062800 0.062800 0.062800 0.062800 0.062800 0.062800
146.2500 74.7445 6.05676 0.424309 0.302841 0.137241 48.890 51.635 1.000000 1.000000 0.198694 0.062800 0.062800 0.062800 0.062800 0.062800 0.062800 0.062800 0.062800 0.062800 0.062800 0.062800 0.062800
151.8750 74.7445 5.52410 0.417145 0.279616 0.117405 73.946 76.294 1.000000 1.000000 1.000000 0.867855 0.062800 0.062800 0.062800 0.062800 0.062800 0.062800 0.062800 0.062800 0.062800 0.062800 0.062800
157.5000 74.7445 6.97146 0.440534 0.347438 0.174682 67.388 70.881 1.000000 1.000000 1.000000 0.209940 0.062800 0.062800 0.062800 0.062800 0.062800 0.062800 0.062800 0.062800 0.062800 0.062800 0.062800
163.1250 74.7445 6.56174 0.435549 0.332572 0.160180 50.184 53.388 1.000000 1.000000 0.157457 0.062800 0.062800 0.062800 0.062800 0.062800 0.062800 0.062800 0.062800 0.062800 0.062800 0.062800 0.062800
168.7500 74.7445 6.65468 0.434731 0.332001 0.161545 33.725 36.956 1.000000 0.162143 0.062800 0.062800 0.062800 0.062800 0.062800 0.062800 0.062800 0.062800 0.062800 0.062800 0.062800 0.062800 0.062800
-118.1250 74.7445 5.61651 0.424291 0.295640 0.125919 41.024 43.542 1.000000 0.600753 0.062800 0.062800 0.062800 0.062800 0.062800 0.062800 0.062800 0.062800 0.062800 0.062800 0.062800 0.062800 0.062800
-112.5000 74.7445 6.78352 0.438209 0.340629 0.168027 37.774 41.134 1.000000 0.372076 0.062800 0.062800 0.062800 0.062800 0.062800 0.062800 0.062800 0.062800 0.062800 0.062800 0.062800 0.062800 0.062800
-106.8750 74.7445 7.05768 0.441016 0.349305 0.177102 35.282 38.824 1.000000 0.232433 0.062800 0.062800 0.062800 0.062800 0.062800 0.062800 0.062800 0.062800 0.062800 0.062800 0.062800 0.062800 0.062800
-101.2500 74.7445 6.10396 0.430220 0.315538 0.143873 41.703 44.581 1.000000 0.612936 0.062800 0.062800 0.062800 0.062800 0.062800 0.062800 0.062800 0.062800 0.062800 0.062800 0.062800 0.062800 0.062800
-95.6250 74.7445 5.54114 0.420730 0.287069 0.120857 48.198 50.615 1.000000 1.000000 0.146211 0.062800 0.062800 0.062800 0.062800 0.062800 0.062800 0.062800 0.062800 0.062800 0.062800 0.062800 0.062800
-90.0000 74.7445 5.23296 0.413022 0.265804 0.106346 53.353 55.480 1.000000 1.000000 0.592318 0.062800 0.062800 0.062800 0.062800 0.062800 0.062800 0.062800 0.062800 0.062800 0.062800 0.062800 0.062800
-84.3750 74.7445 6.00318 0.423594 0.300585 0.135260 46.918 49.624 1.000000 1.000000 0.084356 0.062800 0.062800 0.062800 0.062800 0.062800 0.062800 0.062800 0.062800 0.062800 0.062800 0.062800 0.062800
-78.7500 74.7445 6.60846 0.432271 0.326438 0.158040 31.993 35.153 1.000000 0.083418 0.062800 0.062800 0.062800 0.062800 0.062800 0.062800 0.062800 0.062800 0.062800 0.062800 0.062800 0.062800 0.062800
-73.1250 74.7445 6.04687 0.425603 0.305285 0.138170 40.535 43.299 1.000000 0.609188 0.062800 0.062800 0.062800 0.062800 0.062800 0.062800 0.062800 0.062800 0.062800 0.062800 0.062800 0.062800 0.062800
56.2500 69.2130 5.95319 0.429805 0.312460 0.139664 116.084 118.877 1.000000 1.000000 1.000000 1.000000 1.000000 1.000000 0.215564 0.062800 0.062800 0.062800 0.062800 0.062800 0.062800 0.062800 0.062800
61.8750 69.2130 6.48484 0.435745 0.332041 0.158545 113.741 116.912 1.000000 1.000000 1.000000 1.000000 1.000000 0.990628 0.062800 0.062800 0.062800 0.062800 0.062800 0.062800 0.062800 0.062800 0.062800
67.5000 69.2130 5.36273 0.414700 0.271713 0.111147 127.069 129.292 1.000000 1.000000 1.000000 1.000000 1.000000 1.000000 1.000000 0.474231 0.062800 0.062800 0.062800 0.062800 0.062800 0.062800 0.062800
73.1250 69.2130 5.41404 0.415835 0.274944 0.113425 99.834 102.102 1.000000 1.000000 1.000000 1.000000 1.000000 0.615748 0.062800 0.062800 0.062800 0.062800 0.062800 0.062800 0.062800 0.062800 0.062800
78.7500 69.2130 6.09079 0.426227 0.307204 0.139836 41.004 43.801 1.000000 0.633555 0.062800 0.062800 0.062800 0.062800 0.062800 0.062800 0.062800 0.062800 0.062800 0.062800 0.062800 0.062800 0.062800
84.3750 69.2130 6.76630 0.434539 0.332916 0.163927 39.644 42.922 1.000000 0.529526 0.062800 0.062800 0.062800 0.062800 0.062800 0.062800 0.062800 0.062800 0.062800 0.062800 0.062800 0.062800 0.062800
90.0000 69.2130 6.81324 0.435099 0.334590 0.165557 38.387 41.698 1.000000 0.454550 0.062800 0.062800 0.062800 0.062800 0.062800 0.062800 0.062800 0.062800 0.062800 0.062800 0.062800 0.062800 0.062800
95.6250 69.2130 6.73832 0.433991 0.331480 0.162740 33.449 36.704 1.000000 0.165892 0.062800 0.062800 0.062800 0.062800 0.062800 0.062800 0.062800 0.062800 0.062800 0.062800 0.062800 0.062800 0.062800
101.2500 69.2130 6.60067 0.432318 0.326437 0.157904 32.034 35.192 1.000000 0.084356 0.062800 0.062800 0.062800 0.062800 0.062800 0.062800 0.062800 0.062800 0.062800 0.062800 0.062800 0.062800 0.062800
106.8750 69.2130 6.64809 0.433105 0.328611 0.159782 33.451 36.647 1.000000 0.164955 0.062800 0.062800 0.062800 0.062800 0.062800 0.062800 0.062800 0.062800 0.062800 0.062800 0.062800 0.062800 0.062800
112.5000 69.2130 6.88049 0.436311 0.337804 0.168301 38.414 41.780 1.000000 0.449864 0.062800 0.062800 0.062800 0.062800 0.062800 0.062800 0.062800 0.062800 0.062800 0.062800 0.062800 0.062800 0.062800
118.1250 69.2130 6.37098 0.429648 0.318079 0.149885 32.111 35.109 1.000000 0.092790 0.062800 0.062800 0.062800 0.062800 0.062800 0.062800 0.062800 0.062800 0.062800 0.062800 0.062800 0.062800 0.062800
123.7500 69.2130 6.21730 0.427855 0.312332 0.144465 29.831 32.425 0.897845 0.062800 0.062800 0.062800 0.062800 0.062800 0.062800 0.062800 0.062800 0.062800 0.062800 0.062800 0.062800 0.062800 0.062800
129.3750 69.2130 6.96119 0.436420 0.338905 0.170219 28.854 31.684 0.831304 0.062800 0.062800 0.062800 0.062800 0.062800 0.062800 0.062800 0.062800 0.062800 0.062800 0.062800 0.062800 0.062800 0.062800
135.0000 69.2130 7.47696 0.442311 0.355887 0.187444 29.349 32.585 0.863169 0.062800 0.062800 0.062800 0.062800 0.062800 0.062800 0.062800 0.062800 0.062800 0.062800 0.062800 0.062800 0.062800 0.062800
140.6250 69.2130 7.18430 0.438963 0.346361 0.177724 29.762 32.910 0.885662 0.062800 0.062800 0.062800 0.062800 0.062800 0.062800 0.062800 0.062800 0.062800 0.062800 0.062800 0.062800 0.062800 0.062800
146.2500 69.2130 5.40737 0.415665 0.274481 0.113111 63.642 65.904 1.000000 1.000000 1.000000 0.253052 0.062800 0.062800 0.062800 0.062800 0.062800 0.062800 0.062800 0.062800 0.062800 0.062800 0.062800
151.8750 69.2130 6.50630 0.433953 0.328605 0.157287 56.952 60.098 1.000000 1.000000 0.570762 0.062800 0.062800 0.062800 0.062800 0.062800 0.062800 0.062800 0.062800 0.062800 0.062800 0.062800 0.062800
157.5000 69.2130 6.56589 0.434526 0.330515 0.159263 44.407 47.592 1.000000 0.749393 0.064900 0.064900 0.064900 0.064900 0.064900 0.064900 0.064900 0.064900 0.064900 0.064900 0.064900 0.064900 0.064900
163.1250 69.2130 6.57447 0.434106 0.329759 0.159050 30.034 32.763 0.857789 0.064400 0.064400 0.064400 0.064400 0.064400 0.064400 0.064400 0.064400 0.064400 0.064400 0.064400 0.064400 0.064400 0.064400
-106.8750 69.2130 6.08573 0.429807 0.314423 0.143028 40.015 42.876 1.000000 0.518279 0.062800 0.062800 0.062800 0.062800 0.062800 0.062800 0.062800 0.062800 0.062800 0.062800 0.062800 0.062800 0.062800
-101.2500 69.2130 5.78781 0.424715 0.299397 0.130781 46.588 49.204 1.000000 0.946580 0.062800 0.062800 0.062800 0.062800 0.062800 0.062800 0.062800 0.062800 0.062800 0.062800 0.062800 0.062800 0.062800
-95.6250 69.2130 6.45078 0.429332 0.318502 0.151488 46.740 49.770 1.000000 0.982193 0.062800 0.062800 0.062800 0.062800 0.062800 0.062800 0.062800 0.062800 0.062800 0.062800 0.062800 0.062800 0.062800
-90.0000 69.2130 5.91106 0.421813 0.295577 0.131362 54.822 57.449 1.000000 1.000000 0.584820 0.062800 0.062800 0.062800 0.062800 0.062800 0.062800 0.062800 0.062800 0.062800 0.062800 0.062800 0.062800
-84.3750 69.2130 6.48147 0.430415 0.321085 0.153255 39.671 42.736 1.000000 0.547332 0.062800 0.062800 0.062800 0.062800 0.062800 0.062800 0.062800 0.062800 0.062800 0.062800 0.062800 0.062800 0.062800
-78.7500 69.2130 7.07253 0.439083 0.345487 0.175416 36.375 39.883 1.000000 0.322404 0.062800 0.062800 0.062800 0.062800 0.062800 0.062800 0.062800 0.062800 0.062800 0.062800 0.062800 0.062800 0.062800
-73.1250 69.2130 6.85669 0.432514 0.329878 0.163955 72.342 75.621 1.000000 1.000000 1.000000 0.669168 0.062800 0.062800 0.062800 0.062800 0.062800 0.062800 0.062800 0.062800 0.062800 0.062800 0.062800
-67.5000 69.2130 4.22480 0.400357 0.216380 0.069573 200.288 201.679 1.000000 1.000000 1.000000 1.000000 1.000000 1.000000 1.000000 1.000000 1.000000 1.000000 1.000000 1.000000 1.000000 0.580134 0.062800
-61.8750 69.2130 5.06020 0.411160 0.258483 0.100233 149.263 151.268 1.000000 1.000000 1.000000 1.000000 1.000000 1.000000 1.000000 1.000000 1.000000 0.118095 0.062800 0.062800 0.062800 0.062800 0.062800
-56.2500 69.2130 5.29409 0.418058 0.277005 0.112006 134.877 137.117 1.000000 1.000000 1.000000 1.000000 1.000000 1.000000 1.000000 0.734772 0.062800 0.062800 0.062800 0.062800 0.062800 0.062800 0.062800
0.0000 63.6786 6.70096 0.434978 0.333052 0.162865 59.594 62.851 1.000000 1.000000 0.476849 0.085400 0.085400 0.085400 0.085400 0.085400 0.085400 0.085400 0.085400 0.085400 0.085400 0.085400 0.085400
5.6250 63.6786 6.44248 0.431378 0.322530 0.153257 68.718 71.783 1.000000 1.000000 1.000000 0.224680 0.075900 0.075900 0.075900 0.075900 0.075900 0.075900 0.075900 0.075900 0.075900 0.075900 0.075900
11.2500 63.6786 5.93764 0.425432 0.303257 0.135265 73.417 76.122 1.000000 1.000000 1.000000 0.679478 0.062800 0.062800 0.062800 0.062800 0.062800 0.062800 0.062800 0.062800 0.062800 0.062800 0.062800
16.8750 63.6786 5.49925 0.419572 0.283977 0.118770 93.907 96.283 1.000000 1.000000 1.000000 1.000000 1.000000 0.119032 0.062800 0.062800 0.062800 0.062800 0.062800 0.062800 0.062800 0.062800 0.062800
22.5000 63.6786 6.28593 0.429720 0.317071 0.147897 115.426 118.384 1.000000 1.000000 1.000000 1.000000 1.000000 1.000000 0.320530 0.062800 0.062800 0.062800 0.062800 0.062800 0.062800 0.062800 0.062800
28.1250 63.6786 5.98470 0.423809 0.300726 0.134990 182.884 185.584 1.000000 1.000000 1.000000 1.000000 1.000000 1.000000 1.000000 1.000000 1.000000 1.000000 0.783507 0.062800 0.062800 0.062800 0.062800
33.7500 63.6786 6.05983 0.427256 0.308825 0.140009 203.323 206.123 1.000000 1.000000 1.000000 1.000000 1.000000 1.000000 1.000000 1.000000 1.000000 1.000000 1.000000 0.855671 0.062800 0.062800 0.062800
39.3750 63.6786 6.46260 0.434926 0.330069 0.157203 199.728 202.872 1.000000 1.000000 1.000000 1.000000 1.000000 1.000000 1.000000 1.000000 1.000000 1.000000 1.000000 0.365516 0.062800 0.062800 0.062800
45.0000 63.6786 6.27611 0.432540 0.322719 0.150352 128.008 131.015 1.000000 1.000000 1.000000 1.000000 1.000000 1.000000 0.924087 0.062800 0.062800 0.062800 0.062800 0.062800 0.062800 0.062800 0.062800
67.5000 63.6786 5.17513 0.418510 0.275512 0.109107 113.443 115.625 1.000000 1.000000 1.000000 1.000000 1.000000 1.000000 0.314907 0.062800 0.062800 0.062800 0.062800 0.062800 0.062800 0.062800 0.062800
73.1250 63.6786 5.03220 0.414337 0.264103 0.101873 117.104 119.142 1.000000 1.000000 1.000000 1.000000 1.000000 1.000000 0.716028 0.062800 0.062800 0.062800 0.062800 0.062800 0.062800 0.062800 0.062800
78.7500 63.6786 5.95909 0.424383 0.301476 0.134862 51.578 54.276 1.000000 1.000000 0.342086 0.062800 0.062800 0.062800 0.062800 0.062800 0.062800 0.062800 0.062800 0.062800 0.062800 0.062800 0.062800
84.3750 63.6786 6.65694 0.432813 0.328126 0.159699 44.184 47.378 1.000000 0.806937 0.062800 0.062800 0.062800 0.062800 0.062800 0.062800 0.062800 0.062800 0.062800 0.062800 0.062800 0.062800 0.062800
90.0000 63.6786 6.41786 0.430180 0.319778 0.151516 39.221 42.251 1.000000 0.514530 0.062800 0.062800 0.062800 0.062800 0.062800 0.062800 0.062800 0.062800 0.062800 0.062800 0.062800 0.062800 0.062800
95.6250 63.6786 6.52030 0.432364 0.325531 0.156063 41.694 44.815 1.000000 0.643864 0.062800 0.062800 0.062800 0.062800 0.062800 0.062800 0.062800 0.062800 0.062800 0.062800 0.062800 0.062800 0.062800
101.2500 63.6786 6.61559 0.434152 0.330351 0.160060 38.545 41.746 1.000000 0.447052 0.062800 0.062800 0.062800 0.062800 0.062800 0.062800 0.062800 0.062800 0.062800 0.062800 0.062800 0.062800 0.062800
106.8750 63.6786 7.14156 0.440390 0.348849 0.178287 44.280 47.846 1.000000 0.779758 0.062800 0.062800 0.062800 0.062800 0.062800 0.062800 0.062800 0.062800 0.062800 0.062800 0.062800 0.062800 0.062800
112.5000 63.6786 6.73788 0.437517 0.338690 0.166273 59.435 62.760 1.000000 1.000000 0.693536 0.062800 0.062800 0.062800 0.062800 0.062800 0.062800 0.062800 0.062800 0.062800 0.062800 0.062800 0.062800
118.1250 63.6786 7.39329 0.443037 0.356620 0.186473 43.870 47.600 1.000000 0.761951 0.062800 0.062800 0.062800 0.062800 0.062800 0.062800 0.062800 0.062800 0.062800 0.062800 0.062800 0.062800 0.062800
123.7500 63.6786 6.62913 0.433093 0.328356 0.159329 63.224 66.411 1.000000 1.000000 0.986879 0.062800 0.062800 0.062800 0.062800 0.062800 0.062800 0.062800 0.062800 0.062800 0.062800 0.062800 0.062800
129.3750 63.6786 6.70448 0.433657 0.330405 0.161631 34.927 38.160 1.000000 0.253052 0.062800 0.062800 0.062800 0.062800 0.062800 0.062800 0.062800 0.062800 0.062800 0.062800 0.062800 0.062800 0.062800
135.0000 63.6786 7.53889 0.443992 0.359839 0.190527 29.834 33.198 0.882850 0.062800 0.062800 0.062800 0.062800 0.062800 0.062800 0.062800 0.062800 0.062800 0.062800 0.062800 0.062800 0.062800 0.062800
140.6250 63.6786 7.98291 0.448782 0.373053 0.204634 32.182 35.940 0.918239 0.070900 0.070900 0.070900 0.070900 0.070900 0.070900 0.070900 0.070900 0.070900 0.070900 0.070900 0.070900 0.070900 0.070900
146.2500 63.6786 6.12524 0.423863 0.302988 0.138529 89.133 91.903 1.000000 1.000000 1.000000 1.000000 0.457720 0.096200 0.096200 0.096200 0.096200 0.096200 0.096200 0.096200 0.096200 0.096200 0.096200
151.8750 63.6786 6.58937 0.432944 0.327568 0.158255 111.535 114.700 1.000000 1.000000 1.000000 1.000000 1.000000 0.617246 0.107800 0.107800 0.107800 0.107800 0.107800 0.107800 0.107800 0.107800 0.107800
157.5000 63.6786 6.25906 0.429698 0.316655 0.147220 78.322 81.266 1.000000 1.000000 1.000000 0.459843 0.105700 0.105700 0.105700 0.105700 0.105700 0.105700 0.105700 0.105700 0.105700 0.105700 0.105700
-151.8750 63.6786 12.31434 0.469100 0.429310 0.290877 16.807 18.665 0.319455 0.063900 0.063900 0.063900 0.063900 0.063900 0.063900 0.063900 0.063900 0.063900 0.063900 0.063900 0.063900 0.063900 0.063900
-118.1250 63.6786 6.37159 0.433671 0.326315 0.153777 46.136 49.211 1.000000 0.857546 0.062800 0.062800 0.062800 0.062800 0.062800 0.062800 0.062800 0.062800 0.062800 0.062800 0.062800 0.062800 0.062800
-112.5000 63.6786 6.03885 0.427035 0.308060 0.139279 101.491 104.277 1.000000 1.000000 1.000000 1.000000 1.000000 0.447989 0.062800 0.062800 0.062800 0.062800 0.062800 0.062800 0.062800 0.062800 0.062800
-106.8750 63.6786 5.77996 0.422493 0.294777 0.128618 58.647 61.220 1.000000 1.000000 0.776009 0.062800 0.062800 0.062800 0.062800 0.062800 0.062800 0.062800 0.062800 0.062800 0.062800 0.062800 0.062800
-101.2500 63.6786 5.27611 0.414775 0.270123 0.108887 46.242 48.419 1.000000 1.000000 0.114346 0.062800 0.062800 0.062800 0.062800 0.062800 0.062800 0.062800 0.062800 0.062800 0.062800 0.062800 0.062800
-95.6250 63.6786 6.05442 0.425442 0.305077 0.138212 27.854 30.038 0.790067 0.062800 0.062800 0.062800 0.062800 0.062800 0.062800 0.062800 0.062800 0.062800 0.062800 0.062800 0.062800 0.062800 0.062800
-90.0000 63.6786 6.10697 0.426417 0.307828 0.140412 28.621 30.953 0.830367 0.062800 0.062800 0.062800 0.062800 0.062800 0.062800 0.062800 0.062800 0.062800 0.062800 0.062800 0.062800 0.062800 0.062800
-78.7500 63.6786 5.40711 0.414795 0.272772 0.112402 144.920 147.168 1.000000 1.000000 1.000000 1.000000 1.000000 1.000000 1.000000 1.000000 0.659796 0.062800 0.062800 0.062800 0.062800 0.062800 0.062800
-73.1250 63.6786 5.77173 0.419344 0.288374 0.125676 244.047 246.560 1.000000 1.000000 1.000000 1.000000 1.000000 1.000000 1.000000 1.000000 1.000000 1.000000 1.000000 1.000000 1.000000 1.000000 1.000000
-67.5000 63.6786 6.00269 0.428590 0.310694 0.139800 129.509 132.305 1.000000 1.000000 1.000000 1.000000 1.000000 1.000000 1.000000 0.138713 0.062800 0.062800 0.062800 0.062800 0.062800 0.062800 0.062800
-61.8750 63.6786 5.75427 0.424523 0.298452 0.129741 92.864 95.458 1.000000 1.000000 1.000000 1.000000 0.876290 0.062800 0.062800 0.062800 0.062800 0.062800 0.062800 0.062800 0.062800 0.062800 0.062800
-56.2500 63.6786 5.62787 0.421453 0.290075 0.123762 90.359 92.834 1.000000 1.000000 1.000000 1.000000 0.805062 0.062800 0.062800 0.062800 0.062800 0.062800 0.062800 0.062800 0.062800 0.062800 0.062800
-50.6250 63.6786 5.16565 0.422985 0.284521 0.112484 99.386 101.636 1.000000 1.000000 1.000000 1.000000 1.000000 0.211815 0.062800 0.062800 0.062800 0.062800 0.062800 0.062800 0.062800 0.062800 0.062800
-5.6250 63.6786 5.71065 0.426281 0.301329 0.130160 55.651 58.254 1.000000 1.000000 0.222845 0.085700 0.085700 0.085700 0.085700 0.085700 0.085700 0.085700 0.085700 0.085700 0.085700 0.085700 0.085700
0.0000 58.1430 6.23188 0.425795 0.308403 0.142905 63.362 66.220 1.000000 1.000000 0.544570 0.107000 0.107000 0.107000 0.107000 0.107000 0.107000 0.107000 0.107000 0.107000 0.107000 0.107000 0.107000
5.6250 58.1430 6.79125 0.433652 0.331410 0.163611 45.187 48.459 1.000000 0.486525 0.092800 0.092800 0.092800 0.092800 0.092800 0.092800 0.092800 0.092800 0.092800 0.092800 0.092800 0.092800 0.092800
11.2500 58.1430 6.89783 0.435556 0.336463 0.167927 30.710 33.736 0.900975 0.065800 0.065800 0.065800 0.065800 0.065800 0.065800 0.065800 0.065800 0.065800 0.065800 0.065800 0.065800 0.065800 0.065800
16.8750 58.1430 7.46682 0.441993 0.355152 0.186894 31.556 35.280 0.996251 0.062800 0.062800 0.062800 0.062800 0.062800 0.062800 0.062800 0.062800 0.062800 0.062800 0.062800 0.062800 0.062800 0.062800
22.5000 58.1430 6.66115 0.431819 0.326170 0.158819 55.461 58.637 1.000000 1.000000 0.560453 0.062800 0.062800 0.062800 0.062800 0.062800 0.062800 0.062800 0.062800 0.062800 0.062800 0.062800 0.062800
28.1250 58.1430 7.53492 0.442860 0.357505 0.189227 91.710 95.495 1.000000 1.000000 1.000000 1.000000 0.821932 0.062800 0.062800 0.062800 0.062800 0.062800 0.062800 0.062800 0.062800 0.062800 0.062800
33.7500 58.1430 5.88129 0.428633 0.308931 0.136734 206.072 208.807 1.000000 1.000000 1.000000 1.000000 1.000000 1.000000 1.000000 1.000000 1.000000 1.000000 1.000000 0.778821 0.062800 0.062800 0.062800
90.0000 58.1430 6.27092 0.430084 0.317605 0.147876 79.540 82.497 1.000000 1.000000 1.000000 0.855778 0.075500 0.075500 0.075500 0.075500 0.075500 0.075500 0.075500 0.075500 0.075500 0.075500 0.075500
95.6250 58.1430 6.99449 0.438739 0.343981 0.173336 76.512 79.979 1.000000 1.000000 1.000000 0.682898 0.072800 0.072800 0.072800 0.072800 0.072800 0.072800 0.072800 0.072800 0.072800 0.072800 0.072800
101.2500 58.1430 6.79921 0.438914 0.342261 0.169107 37.359 40.741 1.000000 0.341148 0.062800 0.062800 0.062800 0.062800 0.062800 0.062800 0.062800 0.062800 0.062800 0.062800 0.062800 0.062800 0.062800
106.8750 58.1430 7.41838 0.445204 0.361290 0.189329 30.236 33.565 0.879101 0.062800 0.062800 0.062800 0.062800 0.062800 0.062800 0.062800 0.062800 0.062800 0.062800 0.062800 0.062800 0.062800 0.062800
112.5000 58.1430 7.09960 0.442188 0.352138 0.179256 35.583 39.168 1.000000 0.241805 0.062800 0.062800 0.062800 0.062800 0.062800 0.062800 0.062800 0.062800 0.062800 0.062800 0.062800 0.062800 0.062800
118.1250 58.1430 7.06870 0.441005 0.349390 0.177333 62.181 65.727 1.000000 1.000000 0.860357 0.062800 0.062800 0.062800 0.062800 0.062800 0.062800 0.062800 0.062800 0.062800 0.062800 0.062800 0.062800
123.7500 58.1430 7.43447 0.445351 0.361733 0.189826 89.016 92.812 1.000000 1.000000 1.000000 1.000000 0.550144 0.062800 0.062800 0.062800 0.062800 0.062800 0.062800 0.062800 0.062800 0.062800 0.062800
129.3750 58.1430 6.52849 0.431760 0.324407 0.155667 97.369 100.483 1.000000 1.000000 1.000000 1.000000 0.940395 0.083000 0.083000 0.083000 0.083000 0.083000 0.083000 0.083000 0.083000 0.083000 0.083000
135.0000 58.1430 6.59616 0.430930 0.323580 0.156445 78.224 81.353 1.000000 1.000000 1.000000 0.414196 0.115100 0.115100 0.115100 0.115100 0.115100 0.115100 0.115100 0.115100 0.115100 0.115100 0.115100
140.6250 58.1430 6.72574 0.433265 0.329861 0.161730 71.074 74.308 1.000000 1.000000 0.607290 0.135000 0.135000 0.135000 0.135000 0.135000 0.135000 0.135000 0.135000 0.135000 0.135000 0.135000 0.135000
146.2500 58.1430 6.66116 0.431076 0.324679 0.158093 69.705 72.866 1.000000 1.000000 0.507908 0.139700 0.139700 0.139700 0.139700 0.139700 0.139700 0.139700 0.139700 0.139700 0.139700 0.139700 0.139700
151.8750 58.1430 6.82461 0.431519 0.327521 0.162250 125.196 128.441 1.000000 1.000000 1.000000 1.000000 1.000000 1.000000 0.523194 0.131500 0.131500 0.131500 0.131500 0.131500 0.131500 0.131500 0.131500
157.5000 58.1430 6.71517 0.433489 0.330191 0.161710 132.165 135.400 1.000000 1.000000 1.000000 1.000000 1.000000 1.000000 0.922146 0.115300 0.115300 0.115300 0.115300 0.115300 0.115300 0.115300 0.115300
-151.8750 58.1430 6.39542 0.433001 0.325242 0.153702 31.753 34.741 0.971884 0.062800 0.062800 0.062800 0.062800 0.062800 0.062800 0.062800 0.062800 0.062800 0.062800 0.062800 0.062800 0.062800 0.062800
-146.2500 58.1430 6.47616 0.432383 0.325010 0.155034 48.583 51.684 1.000000 0.816940 0.080100 0.080100 0.080100 0.080100 0.080100 0.080100 0.080100 0.080100 0.080100 0.080100 0.080100 0.080100 0.080100
-140.6250 58.1430 6.33115 0.430213 0.318688 0.149463 58.474 61.463 1.000000 1.000000 0.328580 0.093900 0.093900 0.093900 0.093900 0.093900 0.093900 0.093900 0.093900 0.093900 0.093900 0.093900 0.093900
-135.0000 58.1430 6.85937 0.437516 0.340036 0.169050 47.166 50.547 1.000000 0.516997 0.095500 0.095500 0.095500 0.095500 0.095500 0.095500 0.095500 0.095500 0.095500 0.095500 0.095500 0.095500 0.095500
-118.1250 58.1430 6.27902 0.431677 0.320979 0.149594 38.551 41.543 1.000000 0.432994 0.062800 0.062800 0.062800 0.062800 0.062800 0.062800 0.062800 0.062800 0.062800 0.062800 0.062800 0.062800 0.062800
-112.5000 58.1430 6.30237 0.430780 0.319456 0.149306 48.814 51.800 1.000000 1.000000 0.115283 0.062800 0.062800 0.062800 0.062800 0.062800 0.062800 0.062800 0.062800 0.062800 0.062800 0.062800 0.062800
-106.8750 58.1430 6.26939 0.427119 0.311587 0.145047 61.529 64.430 1.000000 1.000000 0.940956 0.062800 0.062800 0.062800 0.062800 0.062800 0.062800 0.062800 0.062800 0.062800 0.062800 0.062800 0.062800
-101.2500 58.1430 6.10016 0.425434 0.305749 0.139342 92.905 95.692 1.000000 1.000000 1.000000 1.000000 0.955014 0.062800 0.062800 0.062800 0.062800 0.062800 0.062800 0.062800 0.062800 0.062800 0.062800
-33.7500 58.1430 5.58237 0.426055 0.298687 0.126554 102.745 105.277 1.000000 1.000000 1.000000 1.000000 1.000000 0.253474 0.079500 0.079500 0.079500 0.079500 0.079500 0.079500 0.079500 0.079500 0.079500
-28.1250 58.1430 5.50778 0.420623 0.286245 0.119880 94.994 97.392 1.000000 1.000000 1.000000 1.000000 0.987012 0.072300 0.072300 0.072300 0.072300 0.072300 0.072300 0.072300 0.072300 0.072300 0.072300
-22.5000 58.1430 5.17186 0.414721 0.267863 0.106016 95.223 97.344 1.000000 1.000000 1.000000 1.000000 1.000000 0.231947 0.072400 0.072400 0.072400 0.072400 0.072400 0.072400 0.072400 0.072400 0.072400
-16.8750 58.1430 6.14699 0.425196 0.305968 0.140279 100.110 102.915 1.000000 1.000000 1.000000 1.000000 1.000000 0.278822 0.084800 0.084800 0.084800 0.084800 0.084800 0.084800 0.084800 0.084800 0.084800
-11.2500 58.1430 6.65715 0.430672 0.323819 0.157606 89.565 92.717 1.000000 1.000000 1.000000 1.000000 0.374574 0.101400 0.101400 0.101400 0.101400 0.101400 0.101400 0.101400 0.101400 0.101400 0.101400
-5.6250 58.1430 6.40821 0.427106 0.313480 0.148365 79.503 82.470 1.000000 1.000000 1.000000 0.592884 0.111100 0.111100 0.111100 0.111100 0.111100 0.111100 0.111100 0.111100 0.111100 0.111100 0.111100
0.0000 52.6065 8.22312 0.450457 0.378094 0.211069 60.253 64.474 1.000000 1.000000 0.137417 0.122500 0.122500 0.122500 0.122500 0.122500 0.122500 0.122500 0.122500 0.122500 0.122500 0.122500 0.122500
5.6250 52.6065 7.80218 0.446882 0.367851 0.198993 57.813 61.793 1.000000 0.892372 0.117800 0.117800 0.117800 0.117800 0.117800 0.117800 0.117800 0.117800 0.117800 0.117800 0.117800 0.117800 0.117800
11.2500 52.6065 7.57895 0.444283 0.360770 0.191663 57.505 61.338 1.000000 0.982182 0.109100 0.109100 0.109100 0.109100 0.109100 0.109100 0.109100 0.109100 0.109100 0.109100 0.109100 0.109100 0.109100
16.8750 52.6065 7.46045 0.444205 0.359602 0.189132 62.637 66.419 1.000000 1.000000 0.539151 0.094600 0.094600 0.094600 0.094600 0.094600 0.094600 0.094600 0.094600 0.094600 0.094600 0.094600 0.094600
22.5000 52.6065 6.84133 0.436446 0.337647 0.167553 67.960 71.311 1.000000 1.000000 1.000000 0.120923 0.079500 0.079500 0.079500 0.079500 0.079500 0.079500 0.079500 0.079500 0.079500 0.079500 0.079500
28.1250 52.6065 6.33576 0.426420 0.311120 0.145994 247.689 250.609 1.000000 1.000000 1.000000 1.000000 1.000000 1.000000 1.000000 1.000000 1.000000 1.000000 1.000000 1.000000 1.000000 1.000000 1.000000
33.7500 52.6065 6.43311 0.432170 0.324025 0.153801 255.336 258.412 1.000000 1.000000 1.000000 1.000000 1.000000 1.000000 1.000000 1.000000 1.000000 1.000000 1.000000 1.000000 1.000000 1.000000 1.000000
39.3750 52.6065 6.74118 0.436839 0.337329 0.165662 257.501 260.814 1.000000 1.000000 1.000000 1.000000 1.000000 1.000000 1.000000 1.000000 1.000000 1.000000 1.000000 1.000000 1.000000 1.000000 1.000000
95.6250 52.6065 6.31973 0.428542 0.315148 0.147601 245.924 248.876 1.000000 1.000000 1.000000 1.000000 1.000000 1.000000 1.000000 1.000000 1.000000 1.000000 1.000000 1.000000 1.000000 1.000000 0.677869
101.2500 52.6065 6.63615 0.431934 0.326098 0.158354 219.706 222.873 1.000000 1.000000 1.000000 1.000000 1.000000 1.000000 1.000000 1.000000 1.000000 1.000000 1.000000 1.000000 0.767119 0.165300 0.165300
106.8750 52.6065 7.17993 0.438388 0.345154 0.177033 219.480 223.021 1.000000 1.000000 1.000000 1.000000 1.000000 1.000000 1.000000 1.000000 1.000000 1.000000 1.000000 1.000000 0.731712 0.161600 0.161600
112.5000 52.6065 7.13182 0.437274 0.342419 0.174841 207.759 211.256 1.000000 1.000000 1.000000 1.000000 1.000000 1.000000 1.000000 1.000000 1.000000 1.000000 1.000000 0.906346 0.163800 0.163800 0.163800
123.7500 52.6065 6.69553 0.432408 0.327773 0.160190 251.374 254.578 1.000000 1.000000 1.000000 1.000000 1.000000 1.000000 1.000000 1.000000 1.000000 1.000000 1.000000 1.000000 1.000000 1.000000 1.000000
-157.5000 52.6065 6.45865 0.432310 0.324638 0.154546 121.014 124.105 1.000000 1.000000 1.000000 1.000000 1.000000 1.000000 0.297842 0.102100 0.102100 0.102100 0.102100 0.102100 0.102100 0.102100 0.102100
-151.8750 52.6065 6.58447 0.433612 0.328870 0.158797 100.627 103.803 1.000000 1.000000 1.000000 1.000000 1.000000 0.131927 0.087200 0.087200 0.087200 0.087200 0.087200 0.087200 0.087200 0.087200 0.087200
-146.2500 52.6065 7.54296 0.442184 0.356209 0.188669 81.381 85.155 1.000000 1.000000 1.000000 0.846531 0.091900 0.091900 0.091900 0.091900 0.091900 0.091900 0.091900 0.091900 0.091900 0.091900 0.091900
-140.6250 52.6065 7.48522 0.440993 0.353298 0.186212 82.914 86.638 1.000000 1.000000 1.000000 0.812840 0.104500 0.104500 0.104500 0.104500 0.104500 0.104500 0.104500 0.104500 0.104500 0.104500 0.104500
-135.0000 52.6065 6.26114 0.425455 0.308145 0.143300 195.539 198.405 1.000000 1.000000 1.000000 1.000000 1.000000 1.000000 1.000000 1.000000 1.000000 1.000000 1.000000 0.529613 0.110800 0.110800 0.110800
-129.3750 52.6065 6.87100 0.437047 0.339201 0.168835 126.294 129.671 1.000000 1.000000 1.000000 1.000000 1.000000 1.000000 0.497865 0.114400 0.114400 0.114400 0.114400 0.114400 0.114400 0.114400 0.114400
-112.5000 52.6065 7.11640 0.438937 0.345632 0.176225 80.674 84.199 1.000000 1.000000 1.000000 0.448744 0.119400 0.119400 0.119400 0.119400 0.119400 0.119400 0.119400 0.119400 0.119400 0.119400 0.119400
-106.8750 52.6065 6.40109 0.431204 0.321637 0.152099 136.886 139.928 1.000000 1.000000 1.000000 1.000000 1.000000 1.000000 1.000000 0.287257 0.112400 0.112400 0.112400 0.112400 0.112400 0.112400 0.112400
-101.2500 52.6065 5.82468 0.424243 0.299043 0.131313 230.968 233.595 1.000000 1.000000 1.000000 1.000000 1.000000 1.000000 1.000000 1.000000 1.000000 1.000000 1.000000 1.000000 1.000000 0.663969 0.106300
-95.6250 52.6065 5.51064 0.421230 0.287522 0.120470 219.344 221.754 1.000000 1.000000 1.000000 1.000000 1.000000 1.000000 1.000000 1.000000 1.000000 1.000000 1.000000 1.000000 0.922057 0.104100 0.104100
-28.1250 52.6065 5.57939 0.425392 0.297260 0.125892 178.972 181.490 1.000000 1.000000 1.000000 1.000000 1.000000 1.000000 1.000000 1.000000 1.000000 0.969227 0.094900 0.094900 0.094900 0.094900 0.094900
-22.5000 52.6065 5.16177 0.410692 0.259789 0.102635 201.943 203.996 1.000000 1.000000 1.000000 1.000000 1.000000 1.000000 1.000000 1.000000 1.000000 1.000000 1.000000 1.000000 0.634968 0.107500 0.107500
-16.8750 52.6065 6.56631 0.430244 0.321826 0.155084 88.355 91.457 1.000000 1.000000 1.000000 0.978880 0.120000 0.120000 0.120000 0.120000 0.120000 0.120000 0.120000 0.120000 0.120000 0.120000 0.120000
-11.2500 52.6065 8.02048 0.447895 0.371524 0.204369 66.099 70.186 1.000000 1.000000 0.389541 0.130400 0.130400 0.130400 0.130400 0.130400 0.130400 0.130400 0.130400 0.130400 0.130400 0.130400 0.130400
-5.6250 52.6065 8.26777 0.450680 0.378836 0.212151 65.359 69.602 1.000000 1.000000 0.393474 0.127300 0.127300 0.127300 0.127300 0.127300 0.127300 0.127300 0.127300 0.127300 0.127300 0.127300 0.127300
0.0000 47.0696 6.95333 0.434940 0.335830 0.168543 100.376 103.747 1.000000 1.000000 1.000000 1.000000 0.572257 0.142800 0.142800 0.142800 0.142800 0.142800 0.142800 0.142800 0.142800 0.142800 0.142800
5.6250 47.0696 6.49034 0.428639 0.317633 0.151761 118.758 121.793 1.000000 1.000000 1.000000 1.000000 1.000000 0.751982 0.156400 0.156400 0.156400 0.156400 0.156400 0.156400 0.156400 0.156400 0.156400
11.2500 47.0696 7.93218 0.442694 0.360455 0.196966 123.551 127.490 1.000000 1.000000 1.000000 1.000000 1.000000 0.783217 0.197100 0.197100 0.197100 0.197100 0.197100 0.197100 0.197100 0.197100 0.197100
16.8750 47.0696 8.60979 0.449760 0.379156 0.217277 126.433 130.778 1.000000 1.000000 1.000000 1.000000 1.000000 0.712413 0.233100 0.233100 0.233100 0.233100 0.233100 0.233100 0.233100 0.233100 0.233100
22.5000 47.0696 7.28910 0.438530 0.346513 0.179516 206.433 210.023 1.000000 1.000000 1.000000 1.000000 1.000000 1.000000 1.000000 1.000000 1.000000 1.000000 1.000000 0.639997 0.240500 0.240500 0.240500
28.1250 47.0696 5.70049 0.414004 0.276744 0.119362 236.073 238.460 1.000000 1.000000 1.000000 1.000000 1.000000 1.000000 1.000000 1.000000 1.000000 1.000000 1.000000 1.000000 1.000000 1.000000 1.000000
33.7500 47.0696 5.88344 0.423676 0.298853 0.132313 249.810 252.456 1.000000 1.000000 1.000000 1.000000 1.000000 1.000000 1.000000 1.000000 1.000000 1.000000 1.000000 1.000000 1.000000 1.000000 1.000000
-151.8750 47.0696 6.75611 0.431209 0.326094 0.160396 136.225 139.433 1.000000 1.000000 1.000000 1.000000 1.000000 1.000000 0.520473 0.212600 0.212600 0.212600 0.212600 0.212600 0.212600 0.212600 0.212600
-146.2500 47.0696 7.03440 0.434478 0.335784 0.169864 120.396 123.793 1.000000 1.000000 1.000000 1.000000 1.000000 0.621899 0.181600 0.181600 0.181600 0.181600 0.181600 0.181600 0.181600 0.181600 0.181600
-140.6250 47.0696 8.54877 0.452244 0.383726 0.219024 74.128 78.509 1.000000 1.000000 0.566340 0.161200 0.161200 0.161200 0.161200 0.161200 0.161200 0.161200 0.161200 0.161200 0.161200 0.161200 0.161200
-135.0000 47.0696 7.83705 0.446957 0.368269 0.199765 142.441 146.436 1.000000 1.000000 1.000000 1.000000 1.000000 1.000000 1.000000 0.511049 0.134600 0.134600 0.134600 0.134600 0.134600 0.134600 0.134600
-129.3750 47.0696 6.70003 0.434538 0.332143 0.162404 140.865 144.113 1.000000 1.000000 1.000000 1.000000 1.000000 1.000000 1.000000 0.374244 0.132100 0.132100 0.132100 0.132100 0.132100 0.132100 0.132100
-28.1250 47.0696 5.79063 0.426050 0.302169 0.132045 255.185 257.826 1.000000 1.000000 1.000000 1.000000 1.000000 1.000000 1.000000 1.000000 1.000000 1.000000 1.000000 1.000000 1.000000 1.000000 1.000000
-22.5000 47.0696 6.63092 0.427965 0.318109 0.154386 238.475 241.563 1.000000 1.000000 1.000000 1.000000 1.000000 1.000000 1.000000 1.000000 1.000000 1.000000 1.000000 1.000000 1.000000 1.000000 0.565835
-16.8750 47.0696 6.94293 0.431511 0.328870 0.164880 164.349 167.647 1.000000 1.000000 1.000000 1.000000 1.000000 1.000000 1.000000 1.000000 0.800875 0.203500 0.203500 0.203500 0.203500 0.203500 0.203500
-11.2500 47.0696 7.59981 0.442207 0.356747 0.189855 95.740 99.537 1.000000 1.000000 1.000000 0.649950 0.189700 0.189700 0.189700 0.189700 0.189700 0.189700 0.189700 0.189700 0.189700 0.189700 0.189700
-5.6250 47.0696 7.28653 0.438807 0.347046 0.179751 82.002 85.597 1.000000 1.000000 1.000000 0.159242 0.158400 0.158400 0.158400 0.158400 0.158400 0.158400 0.158400 0.158400 0.158400 0.158400 0.158400
0.0000 41.5325 6.55782 0.428466 0.318165 0.153175 243.395 246.458 1.000000 1.000000 1.000000 1.000000 1.000000 1.000000 1.000000 1.000000 1.000000 1.000000 1.000000 1.000000 1.000000 1.000000 0.752035
5.6250 41.5325 6.61336 0.427122 0.316221 0.153176 244.567 247.631 1.000000 1.000000 1.000000 1.000000 1.000000 1.000000 1.000000 1.000000 1.000000 1.000000 1.000000 1.000000 1.000000 1.000000 1.000000
11.2500 41.5325 6.58093 0.425215 0.312061 0.150622 242.158 245.171 1.000000 1.000000 1.000000 1.000000 1.000000 1.000000 1.000000 1.000000 1.000000 1.000000 1.000000 1.000000 1.000000 1.000000 1.000000
16.8750 41.5325 7.16048 0.436650 0.341456 0.174819 157.323 160.820 1.000000 1.000000 1.000000 1.000000 1.000000 1.000000 1.000000 1.000000 0.370654 0.178400 0.178400 0.178400 0.178400 0.178400 0.178400
33.7500 41.5325 5.10689 0.412349 0.261818 0.102409 138.808 140.856 1.000000 1.000000 1.000000 1.000000 1.000000 1.000000 1.000000 1.000000 0.330839 0.062800 0.062800 0.062800 0.062800 0.062800 0.062800
-163.1250 41.5325 5.59055 0.419471 0.285443 0.121095 100.951 103.373 1.000000 1.000000 1.000000 1.000000 1.000000 0.577323 0.062800 0.062800 0.062800 0.062800 0.062800 0.062800 0.062800 0.062800 0.062800
-157.5000 41.5325 6.07429 0.425139 0.304767 0.138430 77.208 79.977 1.000000 1.000000 1.000000 0.882694 0.069000 0.069000 0.069000 0.069000 0.069000 0.069000 0.069000 0.069000 0.069000 0.069000 0.069000
-151.8750 41.5325 8.27073 0.446106 0.369721 0.207089 165.126 169.268 1.000000 1.000000 1.000000 1.000000 1.000000 1.000000 1.000000 1.000000 0.634766 0.253100 0.253100 0.253100 0.253100 0.253100 0.253100
-146.2500 41.5325 7.48960 0.440826 0.353000 0.186125 141.954 145.676 1.000000 1.000000 1.000000 1.000000 1.000000 1.000000 0.800178 0.213300 0.213300 0.213300 0.213300 0.213300 0.213300 0.213300 0.213300
-140.6250 41.5325 8.10435 0.448011 0.372355 0.206097 70.548 74.670 1.000000 1.000000 0.361698 0.156800 0.156800 0.156800 0.156800 0.156800 0.156800 0.156800 0.156800 0.156800 0.156800 0.156800 0.156800
-135.0000 41.5325 6.81373 0.432344 0.329041 0.162820 143.935 147.192 1.000000 1.000000 1.000000 1.000000 1.000000 1.000000 1.000000 0.773764 0.126500 0.126500 0.126500 0.126500 0.126500 0.126500 0.126500
-129.3750 41.5325 6.63336 0.432854 0.327924 0.159193 142.850 146.034 1.000000 1.000000 1.000000 1.000000 1.000000 1.000000 1.000000 0.386022 0.154300 0.154300 0.154300 0.154300 0.154300 0.154300 0.154300
-45.0000 41.5325 6.98645 0.439415 0.345283 0.173855 56.791 60.268 1.000000 1.000000 0.218432 0.091200 0.091200 0.091200 0.091200 0.091200 0.091200 0.091200 0.091200 0.091200 0.091200 0.091200 0.091200
-39.3750 41.5325 7.88584 0.442418 0.359539 0.195769 80.287 84.203 1.000000 1.000000 1.000000 0.375630 0.138800 0.138800 0.138800 0.138800 0.138800 0.138800 0.138800 0.138800 0.138800 0.138800 0.138800
-22.5000 41.5325 6.85659 0.430973 0.326809 0.162428 246.293 249.541 1.000000 1.000000 1.000000 1.000000 1.000000 1.000000 1.000000 1.000000 1.000000 1.000000 1.000000 1.000000 1.000000 1.000000 0.983038
-16.8750 41.5325 6.70731 0.425288 0.313839 0.153573 217.485 220.556 1.000000 1.000000 1.000000 1.000000 1.000000 1.000000 1.000000 1.000000 1.000000 1.000000 1.000000 1.000000 1.000000 0.321186 0.249100
-11.2500 41.5325 6.83020 0.428937 0.322480 0.159844 215.764 218.961 1.000000 1.000000 1.000000 1.000000 1.000000 1.000000 1.000000 1.000000 1.000000 1.000000 1.000000 1.000000 0.852521 0.207100 0.207100
-5.6250 41.5325 7.23617 0.436628 0.342179 0.176420 189.737 193.266 1.000000 1.000000 1.000000 1.000000 1.000000 1.000000 1.000000 1.000000 1.000000 1.000000 0.790975 0.163900 0.163900 0.163900 0.163900
11.2500 35.9951 5.70837 0.422961 0.294512 0.127173 122.674 125.218 1.000000 1.000000 1.000000 1.000000 1.000000 1.000000 0.828492 0.062800 0.062800 0.062800 0.062800 0.062800 0.062800 0.062800 0.062800
16.8750 35.9951 5.98877 0.424241 0.301656 0.135482 89.925 92.635 1.000000 1.000000 1.000000 1.000000 0.783507 0.062800 0.062800 0.062800 0.062800 0.062800 0.062800 0.062800 0.062800 0.062800 0.062800
22.5000 35.9951 6.33377 0.430706 0.319728 0.149998 35.157 38.157 1.000000 0.254926 0.062800 0.062800 0.062800 0.062800 0.062800 0.062800 0.062800 0.062800 0.062800 0.062800 0.062800 0.062800 0.062800
28.1250 35.9951 6.26299 0.429318 0.315936 0.146956 38.374 41.314 1.000000 0.454550 0.062800 0.062800 0.062800 0.062800 0.062800 0.062800 0.062800 0.062800 0.062800 0.062800 0.062800 0.062800 0.062800
33.7500 35.9951 5.64054 0.419982 0.287353 0.122835 92.961 95.417 1.000000 1.000000 1.000000 1.000000 1.000000 0.085293 0.062800 0.062800 0.062800 0.062800 0.062800 0.062800 0.062800 0.062800 0.062800
39.3750 35.9951 5.27336 0.414967 0.270445 0.108965 75.268 77.447 1.000000 1.000000 1.000000 0.956013 0.064100 0.064100 0.064100 0.064100 0.064100 0.064100 0.064100 0.064100 0.064100 0.064100 0.064100
45.0000 35.9951 5.15847 0.415852 0.269826 0.106536 75.540 77.671 1.000000 1.000000 1.000000 0.935333 0.062800 0.062800 0.062800 0.062800 0.062800 0.062800 0.062800 0.062800 0.062800 0.062800 0.062800
84.3750 35.9951 8.21999 0.445241 0.367654 0.205196 67.360 71.464 1.000000 1.000000 1.000000 0.455487 0.062800 0.062800 0.062800 0.062800 0.062800 0.062800 0.062800 0.062800 0.062800 0.062800 0.062800
90.0000 35.9951 6.53377 0.434259 0.329574 0.158241 99.654 102.819 1.000000 1.000000 1.000000 1.000000 1.000000 0.251177 0.062800 0.062800 0.062800 0.062800 0.062800 0.062800 0.062800 0.062800 0.062800
95.6250 35.9951 6.08004 0.428607 0.311878 0.141766 79.573 82.408 1.000000 1.000000 1.000000 0.986879 0.062800 0.062800 0.062800 0.062800 0.062800 0.062800 0.062800 0.062800 0.062800 0.062800 0.062800
101.2500 35.9951 5.63582 0.422975 0.293292 0.125285 75.549 78.055 1.000000 1.000000 1.000000 0.806000 0.062800 0.062800 0.062800 0.062800 0.062800 0.062800 0.062800 0.062800 0.062800 0.062800 0.062800
129.3750 35.9951 7.81057 0.442638 0.359370 0.194534 26.558 29.406 0.731961 0.062800 0.062800 0.062800 0.062800 0.062800 0.062800 0.062800 0.062800 0.062800 0.062800 0.062800 0.062800 0.062800 0.062800
-174.3750 35.9951 5.88974 0.426658 0.305000 0.135152 69.628 72.331 1.000000 1.000000 1.000000 0.408627 0.062800 0.062800 0.062800 0.062800 0.062800 0.062800 0.062800 0.062800 0.062800 0.062800 0.062800
-163.1250 35.9951 5.87796 0.422576 0.296560 0.131198 40.854 43.478 1.000000 0.654173 0.062800 0.062800 0.062800 0.062800 0.062800 0.062800 0.062800 0.062800 0.062800 0.062800 0.062800 0.062800 0.062800
-157.5000 35.9951 6.61767 0.432149 0.326305 0.158135 34.502 37.665 1.000000 0.235245 0.062800 0.062800 0.062800 0.062800 0.062800 0.062800 0.062800 0.062800 0.062800 0.062800 0.062800 0.062800 0.062800
-151.8750 35.9951 6.87662 0.438960 0.343192 0.170918 39.365 42.783 1.000000 0.468608 0.062800 0.062800 0.062800 0.062800 0.062800 0.062800 0.062800 0.062800 0.062800 0.062800 0.062800 0.062800 0.062800
-146.2500 35.9951 6.51219 0.433754 0.328269 0.157231 36.934 40.079 1.000000 0.343023 0.062800 0.062800 0.062800 0.062800 0.062800 0.062800 0.062800 0.062800 0.062800 0.062800 0.062800 0.062800 0.062800
-140.6250 35.9951 7.30795 0.444465 0.358795 0.186194 39.747 43.471 1.000000 0.486414 0.062800 0.062800 0.062800 0.062800 0.062800 0.062800 0.062800 0.062800 0.062800 0.062800 0.062800 0.062800 0.062800
-135.0000 35.9951 7.51419 0.439769 0.351102 0.185513 109.518 113.228 1.000000 1.000000 1.000000 1.000000 1.000000 0.370024 0.138200 0.138200 0.138200 0.138200 0.138200 0.138200 0.138200 0.138200 0.138200
-129.3750 35.9951 7.70529 0.438363 0.350016 0.187888 162.961 166.719 1.000000 1.000000 1.000000 1.000000 1.000000 1.000000 1.000000 0.686779 0.337800 0.337800 0.337800 0.337800 0.337800 0.337800 0.337800
-95.6250 35.9951 6.27919 0.430264 0.318086 0.148249 106.726 109.691 1.000000 1.000000 1.000000 1.000000 1.000000 0.718840 0.062800 0.062800 0.062800 0.062800 0.062800 0.062800 0.062800 0.062800 0.062800
-90.0000 35.9951 6.13251 0.428797 0.313031 0.143253 119.561 122.426 1.000000 1.000000 1.000000 1.000000 1.000000 1.000000 0.539835 0.062800 0.062800 0.062800 0.062800 0.062800 0.062800 0.062800 0.062800
-61.8750 35.9951 6.23894 0.430630 0.318281 0.147611 32.904 35.856 1.000000 0.111534 0.062800 0.062800 0.062800 0.062800 0.062800 0.062800 0.062800 0.062800 0.062800 0.062800 0.062800 0.062800 0.062800
-56.2500 35.9951 6.40611 0.432833 0.325035 0.153796 37.892 40.968 1.000000 0.396443 0.062800 0.062800 0.062800 0.062800 0.062800 0.062800 0.062800 0.062800 0.062800 0.062800 0.062800 0.062800 0.062800
-50.6250 35.9951 5.97543 0.426142 0.305283 0.136866 37.914 40.651 1.000000 0.432178 0.063000 0.063000 0.063000 0.063000 0.063000 0.063000 0.063000 0.063000 0.063000 0.063000 0.063000 0.063000 0.063000
-45.0000 35.9951 7.28829 0.429185 0.328133 0.169982 200.781 204.180 1.000000 1.000000 1.000000 1.000000 1.000000 1.000000 1.000000 1.000000 1.000000 1.000000 1.000000 0.574674 0.373600 0.373600 0.373600
-39.3750 35.9951 8.37204 0.440288 0.359119 0.202567 183.492 187.543 1.000000 1.000000 1.000000 1.000000 1.000000 1.000000 1.000000 1.000000 0.792169 0.488100 0.488100 0.488100 0.488100 0.488100 0.488100
-22.5000 35.9951 6.91836 0.431084 0.327744 0.163913 245.747 249.025 1.000000 1.000000 1.000000 1.000000 1.000000 1.000000 1.000000 1.000000 1.000000 1.000000 1.000000 1.000000 1.000000 1.000000 1.000000
-16.8750 35.9951 7.53569 0.437250 0.346297 0.183307 244.485 248.151 1.000000 1.000000 1.000000 1.000000 1.000000 1.000000 1.000000 1.000000 1.000000 1.000000 1.000000 1.000000 1.000000 1.000000 1.000000
-11.2500 35.9951 6.72795 0.432817 0.328984 0.161338 243.929 247.156 1.000000 1.000000 1.000000 1.000000 1.000000 1.000000 1.000000 1.000000 1.000000 1.000000 1.000000 1.000000 1.000000 1.000000 0.550260
-5.6250 35.9951 6.72576 0.436261 0.335967 0.164724 38.744 42.038 1.000000 0.446115 0.062800 0.062800 0.062800 0.062800 0.062800 0.062800 0.062800 0.062800 0.062800 0.062800 0.062800 0.062800 0.062800
11.2500 30.4576 5.73297 0.423403 0.295822 0.128200 99.883 102.447 1.000000 1.000000 1.000000 1.000000 1.000000 0.393632 0.062800 0.062800 0.062800 0.062800 0.062800 0.062800 0.062800 0.062800 0.062800
16.8750 30.4576 5.22727 0.414063 0.267721 0.107006 167.580 169.720 1.000000 1.000000 1.000000 1.000000 1.000000 1.000000 1.000000 1.000000 1.000000 1.000000 0.154767 0.068100 0.068100 0.068100 0.068100
22.5000 30.4576 6.16466 0.426838 0.309522 0.142226 98.396 101.240 1.000000 1.000000 1.000000 1.000000 1.000000 0.203833 0.075300 0.075300 0.075300 0.075300 0.075300 0.075300 0.075300 0.075300 0.075300
28.1250 30.4576 6.71791 0.434039 0.331339 0.162320 92.640 95.886 1.000000 1.000000 1.000000 1.000000 0.738027 0.074300 0.074300 0.074300 0.074300 0.074300 0.074300 0.074300 0.074300 0.074300 0.074300
33.7500 30.4576 6.26197 0.428835 0.314942 0.146476 38.082 41.012 1.000000 0.357024 0.069500 0.069500 0.069500 0.069500 0.069500 0.069500 0.069500 0.069500 0.069500 0.069500 0.069500 0.069500 0.069500
39.3750 30.4576 6.56565 0.432172 0.325708 0.156943 27.080 29.357 0.725400 0.062800 0.062800 0.062800 0.062800 0.062800 0.062800 0.062800 0.062800 0.062800 0.062800 0.062800 0.062800 0.062800 0.062800
45.0000 30.4576 5.14212 0.412594 0.263054 0.103556 102.823 104.894 1.000000 1.000000 1.000000 1.000000 1.000000 0.804065 0.071400 0.071400 0.071400 0.071400 0.071400 0.071400 0.071400 0.071400 0.071400
50.6250 30.4576 6.11525 0.428096 0.311350 0.142170 208.246 211.089 1.000000 1.000000 1.000000 1.000000 1.000000 1.000000 1.000000 1.000000 1.000000 1.000000 1.000000 1.000000 0.145888 0.081600 0.081600
90.0000 30.4576 6.61540 0.432569 0.327126 0.158494 91.382 94.552 1.000000 1.000000 1.000000 1.000000 0.791004 0.062800 0.062800 0.062800 0.062800 0.062800 0.062800 0.062800 0.062800 0.062800 0.062800
95.6250 30.4576 7.30725 0.440399 0.350462 0.181859 31.178 34.706 0.970010 0.062800 0.062800 0.062800 0.062800 0.062800 0.062800 0.062800 0.062800 0.062800 0.062800 0.062800 0.062800 0.062800 0.062800
101.2500 30.4576 6.23514 0.425844 0.308548 0.143030 42.382 45.242 1.000000 0.744144 0.062800 0.062800 0.062800 0.062800 0.062800 0.062800 0.062800 0.062800 0.062800 0.062800 0.062800 0.062800 0.062800
123.7500 30.4576 6.53443 0.434572 0.330224 0.158565 30.859 33.771 0.918464 0.062800 0.062800 0.062800 0.062800 0.062800 0.062800 0.062800 0.062800 0.062800 0.062800 0.062800 0.062800 0.062800 0.062800
129.3750 30.4576 6.98015 0.440914 0.348312 0.175271 36.507 40.013 1.000000 0.293351 0.062800 0.062800 0.062800 0.062800 0.062800 0.062800 0.062800 0.062800 0.062800 0.062800 0.062800 0.062800 0.062800
135.0000 30.4576 6.61774 0.435917 0.333999 0.161865 197.055 200.292 1.000000 1.000000 1.000000 1.000000 1.000000 1.000000 1.000000 1.000000 1.000000 1.000000 0.976183 0.117900 0.117900 0.117900 0.117900
140.6250 30.4576 7.82305 0.439584 0.353428 0.191504 242.885 246.715 1.000000 1.000000 1.000000 1.000000 1.000000 1.000000 1.000000 1.000000 1.000000 1.000000 1.000000 1.000000 1.000000 1.000000 1.000000
146.2500 30.4576 8.74080 0.444556 0.369851 0.213721 234.195 238.470 1.000000 1.000000 1.000000 1.000000 1.000000 1.000000 1.000000 1.000000 1.000000 1.000000 1.000000 1.000000 1.000000 1.000000 1.000000
174.3750 30.4576 6.26105 0.427653 0.312541 0.145343 123.407 126.314 1.000000 1.000000 1.000000 1.000000 1.000000 1.000000 0.759280 0.077700 0.077700 0.077700 0.077700 0.077700 0.077700 0.077700 0.077700
-174.3750 30.4576 5.77225 0.421084 0.291830 0.127192 40.968 43.512 1.000000 0.671980 0.062800 0.062800 0.062800 0.062800 0.062800 0.062800 0.062800 0.062800 0.062800 0.062800 0.062800 0.062800 0.062800
-168.7500 30.4576 6.26038 0.428082 0.313398 0.145729 32.640 35.554 1.000000 0.130278 0.062800 0.062800 0.062800 0.062800 0.062800 0.062800 0.062800 0.062800 0.062800 0.062800 0.062800 0.062800 0.062800
-163.1250 30.4576 6.19829 0.427073 0.310481 0.143270 50.149 53.015 1.000000 1.000000 0.245554 0.062800 0.062800 0.062800 0.062800 0.062800 0.062800 0.062800 0.062800 0.062800 0.062800 0.062800 0.062800
-157.5000 30.4576 6.82822 0.436962 0.338557 0.167779 50.659 54.014 1.000000 1.000000 0.212752 0.062800 0.062800 0.062800 0.062800 0.062800 0.062800 0.062800 0.062800 0.062800 0.062800 0.062800 0.062800
-151.8750 30.4576 6.60708 0.433858 0.329648 0.159570 33.587 36.778 1.000000 0.158394 0.062800 0.062800 0.062800 0.062800 0.062800 0.062800 0.062800 0.062800 0.062800 0.062800 0.062800 0.062800 0.062800
-140.6250 30.4576 6.97312 0.438333 0.342926 0.172442 54.630 58.079 1.000000 1.000000 0.279215 0.077100 0.077100 0.077100 0.077100 0.077100 0.077100 0.077100 0.077100 0.077100 0.077100 0.077100 0.077100
-135.0000 30.4576 7.49883 0.436980 0.345421 0.182272 194.092 197.737 1.000000 1.000000 1.000000 1.000000 1.000000 1.000000 1.000000 1.000000 1.000000 1.000000 0.880640 0.254000 0.254000 0.254000 0.254000
-129.3750 30.4576 9.45595 0.448479 0.381476 0.229774 189.637 194.232 1.000000 1.000000 1.000000 1.000000 1.000000 1.000000 1.000000 1.000000 1.000000 0.751095 0.549900 0.549900 0.549900 0.549900 0.549900
-101.2500 30.4576 7.25072 0.436794 0.342655 0.176900 95.803 99.341 1.000000 1.000000 1.000000 1.000000 1.000000 0.214626 0.062800 0.062800 0.062800 0.062800 0.062800 0.062800 0.062800 0.062800 0.062800
-95.6250 30.4576 5.47411 0.416635 0.277671 0.115669 67.338 69.651 1.000000 1.000000 1.000000 0.465796 0.062800 0.062800 0.062800 0.062800 0.062800 0.062800 0.062800 0.062800 0.062800 0.062800 0.062800
-90.0000 30.4576 6.15640 0.425916 0.307548 0.141171 53.922 56.745 1.000000 1.000000 0.487352 0.062800 0.062800 0.062800 0.062800 0.062800 0.062800 0.062800 0.062800 0.062800 0.062800 0.062800 0.062800
-84.3750 30.4576 6.84223 0.434631 0.333970 0.165744 47.442 50.757 1.000000 1.000000 0.066549 0.062800 0.062800 0.062800 0.062800 0.062800 0.062800 0.062800 0.062800 0.062800 0.062800 0.062800 0.062800
-78.7500 30.4576 6.26728 0.429108 0.315569 0.146863 39.721 42.659 1.000000 0.465262 0.068400 0.068400 0.068400 0.068400 0.068400 0.068400 0.068400 0.068400 0.068400 0.068400 0.068400 0.068400 0.068400
-73.1250 30.4576 7.11856 0.437719 0.343183 0.175012 69.273 72.773 1.000000 1.000000 1.000000 0.150109 0.088100 0.088100 0.088100 0.088100 0.088100 0.088100 0.088100 0.088100 0.088100 0.088100 0.088100
-67.5000 30.4576 6.68293 0.435406 0.333717 0.162875 105.228 108.486 1.000000 1.000000 1.000000 1.000000 1.000000 0.248603 0.101200 0.101200 0.101200 0.101200 0.101200 0.101200 0.101200 0.101200 0.101200
-61.8750 30.4576 6.66414 0.433981 0.330583 0.161020 35.202 38.422 1.000000 0.259612 0.062800 0.062800 0.062800 0.062800 0.062800 0.062800 0.062800 0.062800 0.062800 0.062800 0.062800 0.062800 0.062800
-56.2500 30.4576 6.41032 0.429598 0.318503 0.150780 26.033 28.062 0.672917 0.062800 0.062800 0.062800 0.062800 0.062800 0.062800 0.062800 0.062800 0.062800 0.062800 0.062800 0.062800 0.062800 0.062800
-50.6250 30.4576 6.66023 0.432877 0.328295 0.159838 20.494 21.573 0.337400 0.062800 0.062800 0.062800 0.062800 0.062800 0.062800 0.062800 0.062800 0.062800 0.062800 0.062800 0.062800 0.062800 0.062800
-45.0000 30.4576 7.86877 0.438819 0.352315 0.191582 126.988 130.820 1.000000 1.000000 1.000000 1.000000 0.590572 0.331000 0.331000 0.331000 0.331000 0.331000 0.331000 0.331000 0.331000 0.331000 0.331000
-39.3750 30.4576 8.53592 0.435706 0.351675 0.200560 226.672 230.683 1.000000 1.000000 1.000000 1.000000 1.000000 1.000000 1.000000 1.000000 1.000000 1.000000 1.000000 1.000000 1.000000 1.000000 1.000000
-33.7500 30.4576 8.85202 0.442681 0.366994 0.213536 230.187 234.457 1.000000 1.000000 1.000000 1.000000 1.000000 1.000000 1.000000 1.000000 1.000000 1.000000 1.000000 1.000000 1.000000 1.000000 1.000000
16.8750 24.9199 5.52167 0.415995 0.277312 0.116394 241.377 243.705 1.000000 1.000000 1.000000 1.000000 1.000000 1.000000 1.000000 1.000000 1.000000 1.000000 1.000000 1.000000 1.000000 1.000000 1.000000
22.5000 24.9199 6.31062 0.427964 0.313859 0.146836 105.267 108.204 1.000000 1.000000 1.000000 1.000000 1.000000 0.695073 0.067500 0.067500 0.067500 0.067500 0.067500 0.067500 0.067500 0.067500 0.067500
28.1250 24.9199 7.64267 0.445317 0.363403 0.194082 29.296 32.599 0.850985 0.062800 0.062800 0.062800 0.062800 0.062800 0.062800 0.062800 0.062800 0.062800 0.062800 0.062800 0.062800 0.062800 0.062800
33.7500 24.9199 7.12497 0.439259 0.346374 0.176746 26.980 29.495 0.711342 0.062800 0.062800 0.062800 0.062800 0.062800 0.062800 0.062800 0.062800 0.062800 0.062800 0.062800 0.062800 0.062800 0.062800
39.3750 24.9199 6.79628 0.434540 0.333262 0.164611 28.737 31.452 0.824744 0.062800 0.062800 0.062800 0.062800 0.062800 0.062800 0.062800 0.062800 0.062800 0.062800 0.062800 0.062800 0.062800 0.062800
45.0000 24.9199 6.52922 0.426878 0.314645 0.150996 245.474 248.494 1.000000 1.000000 1.000000 1.000000 1.000000 1.000000 1.000000 1.000000 1.000000 1.000000 1.000000 1.000000 1.000000 1.000000 1.000000
50.6250 24.9199 6.78940 0.434271 0.332638 0.164185 157.790 161.073 1.000000 1.000000 1.000000 1.000000 1.000000 1.000000 1.000000 1.000000 0.796397 0.095100 0.095100 0.095100 0.095100 0.095100 0.095100
84.3750 24.9199 7.91651 0.442745 0.360433 0.196718 204.053 207.987 1.000000 1.000000 1.000000 1.000000 1.000000 1.000000 1.000000 1.000000 1.000000 1.000000 1.000000 1.000000 0.211742 0.126100 0.126100
90.0000 24.9199 6.12272 0.424910 0.305037 0.139421 155.920 158.708 1.000000 1.000000 1.000000 1.000000 1.000000 1.000000 1.000000 1.000000 0.869090 0.090900 0.090900 0.090900 0.090900 0.090900 0.090900
95.6250 24.9199 7.72949 0.443843 0.361124 0.194228 84.154 88.038 1.000000 1.000000 1.000000 0.732206 0.119100 0.119100 0.119100 0.119100 0.119100 0.119100 0.119100 0.119100 0.119100 0.119100 0.119100
101.2500 24.9199 7.07976 0.438024 0.343405 0.174480 28.578 31.414 0.812560 0.062800 0.062800 0.062800 0.062800 0.062800 0.062800 0.062800 0.062800 0.062800 0.062800 0.062800 0.062800 0.062800 0.062800
106.8750 24.9199 5.12338 0.411939 0.261375 0.102545 27.317 29.041 0.840676 0.062800 0.062800 0.062800 0.062800 0.062800 0.062800 0.062800 0.062800 0.062800 0.062800 0.062800 0.062800 0.062800 0.062800
112.5000 24.9199 6.81378 0.433114 0.330587 0.163586 24.747 26.718 0.602627 0.062800 0.062800 0.062800 0.062800 0.062800 0.062800 0.062800 0.062800 0.062800 0.062800 0.062800 0.062800 0.062800 0.062800
118.1250 24.9199 5.78333 0.421101 0.292050 0.127490 25.943 27.721 0.697284 0.062800 0.062800 0.062800 0.062800 0.062800 0.062800 0.062800 0.062800 0.062800 0.062800 0.062800 0.062800 0.062800 0.062800
123.7500 24.9199 6.42843 0.432196 0.324016 0.153713 34.158 37.232 1.000000 0.189322 0.062800 0.062800 0.062800 0.062800 0.062800 0.062800 0.062800 0.062800 0.062800 0.062800 0.062800 0.062800 0.062800
168.7500 24.9199 6.59068 0.432070 0.325812 0.157429 71.852 75.001 1.000000 1.000000 1.000000 0.576386 0.062800 0.062800 0.062800 0.062800 0.062800 0.062800 0.062800 0.062800 0.062800 0.062800 0.062800
174.3750 24.9199 6.37450 0.430567 0.319990 0.150848 28.472 30.898 0.804125 0.062800 0.062800 0.062800 0.062800 0.062800 0.062800 0.062800 0.062800 0.062800 0.062800 0.062800 0.062800 0.062800 0.062800
180.0000 24.9199 6.65486 0.432575 0.327620 0.159417 36.260 39.449 1.000000 0.278245 0.067500 0.067500 0.067500 0.067500 0.067500 0.067500 0.067500 0.067500 0.067500 0.067500 0.067500 0.067500 0.067500
-174.3750 24.9199 6.37874 0.429587 0.318059 0.150013 30.162 32.909 0.915652 0.062800 0.062800 0.062800 0.062800 0.062800 0.062800 0.062800 0.062800 0.062800 0.062800 0.062800 0.062800 0.062800 0.062800
-168.7500 24.9199 6.56149 0.431697 0.324693 0.156381 29.216 31.895 0.856608 0.062800 0.062800 0.062800 0.062800 0.062800 0.062800 0.062800 0.062800 0.062800 0.062800 0.062800 0.062800 0.062800 0.062800
-163.1250 24.9199 5.58015 0.418283 0.282895 0.119822 103.989 106.385 1.000000 1.000000 1.000000 1.000000 1.000000 0.811623 0.062800 0.062800 0.062800 0.062800 0.062800 0.062800 0.062800 0.062800 0.062800
-157.5000 24.9199 7.21597 0.439016 0.346782 0.178462 38.619 42.188 1.000000 0.477980 0.062800 0.062800 0.062800 0.062800 0.062800 0.062800 0.062800 0.062800 0.062800 0.062800 0.062800 0.062800 0.062800
-140.6250 24.9199 6.85763 0.434452 0.333783 0.165912 99.603 102.921 1.000000 1.000000 1.000000 1.000000 0.596304 0.133700 0.133700 0.133700 0.133700 0.133700 0.133700 0.133700 0.133700 0.133700 0.133700
-135.0000 24.9199 7.48146 0.437720 0.346723 0.182688 171.246 174.899 1.000000 1.000000 1.000000 1.000000 1.000000 1.000000 1.000000 1.000000 1.000000 0.261590 0.235600 0.235600 0.235600 0.235600 0.235600
-95.6250 24.9199 6.32385 0.429745 0.317639 0.148841 64.515 67.492 1.000000 1.000000 1.000000 0.131216 0.062800 0.062800 0.062800 0.062800 0.062800 0.062800 0.062800 0.062800 0.062800 0.062800 0.062800
-90.0000 24.9199 4.97386 0.410621 0.255503 0.097461 61.944 63.894 1.000000 1.000000 1.000000 0.228684 0.062800 0.062800 0.062800 0.062800 0.062800 0.062800 0.062800 0.062800 0.062800 0.062800 0.062800
-84.3750 24.9199 6.08875 0.425262 0.305231 0.138901 29.791 32.325 0.911903 0.062800 0.062800 0.062800 0.062800 0.062800 0.062800 0.062800 0.062800 0.062800 0.062800 0.062800 0.062800 0.062800 0.062800
-78.7500 24.9199 6.22284 0.426744 0.310172 0.143565 32.561 35.432 1.000000 0.076825 0.067500 0.067500 0.067500 0.067500 0.067500 0.067500 0.067500 0.067500 0.067500 0.067500 0.067500 0.067500 0.067500
-73.1250 24.9199 6.27859 0.427740 0.312962 0.145850 58.284 61.201 1.000000 1.000000 0.502498 0.082100 0.082100 0.082100 0.082100 0.082100 0.082100 0.082100 0.082100 0.082100 0.082100 0.082100 0.082100
-67.5000 24.9199 6.41762 0.430066 0.319545 0.151402 37.822 40.850 1.000000 0.432994 0.062800 0.062800 0.062800 0.062800 0.062800 0.062800 0.062800 0.062800 0.062800 0.062800 0.062800 0.062800 0.062800
-61.8750 24.9199 6.86245 0.435240 0.335430 0.166812 22.268 23.741 0.441429 0.062800 0.062800 0.062800 0.062800 0.062800 0.062800 0.062800 0.062800 0.062800 0.062800 0.062800 0.062800 0.062800 0.062800
-56.2500 24.9199 7.91242 0.448278 0.371517 0.202704 20.601 21.984 0.341148 0.062800 0.062800 0.062800 0.062800 0.062800 0.062800 0.062800 0.062800 0.062800 0.062800 0.062800 0.062800 0.062800 0.062800
-50.6250 24.9199 7.57545 0.444120 0.360409 0.191415 20.639 21.949 0.342086 0.062800 0.062800 0.062800 0.062800 0.062800 0.062800 0.062800 0.062800 0.062800 0.062800 0.062800 0.062800 0.062800 0.062800
-45.0000 24.9199 6.49971 0.430087 0.320659 0.153369 28.442 30.961 0.820995 0.062800 0.062800 0.062800 0.062800 0.062800 0.062800 0.062800 0.062800 0.062800 0.062800 0.062800 0.062800 0.062800 0.062800
-39.3750 24.9199 6.20550 0.429739 0.315991 0.145944 42.537 45.456 1.000000 0.685101 0.062800 0.062800 0.062800 0.062800 0.062800 0.062800 0.062800 0.062800 0.062800 0.062800 0.062800 0.062800 0.062800
16.8750 19.3822 5.29564 0.412817 0.266696 0.107866 238.245 240.402 1.000000 1.000000 1.000000 1.000000 1.000000 1.000000 1.000000 1.000000 1.000000 1.000000 1.000000 1.000000 1.000000 1.000000 1.000000
22.5000 19.3822 7.04146 0.437073 0.341079 0.172661 35.532 38.985 1.000000 0.293351 0.062800 0.062800 0.062800 0.062800 0.062800 0.062800 0.062800 0.062800 0.062800 0.062800 0.062800 0.062800 0.062800
28.1250 19.3822 7.37449 0.437872 0.346016 0.180629 26.461 29.064 0.720714 0.062800 0.062800 0.062800 0.062800 0.062800 0.062800 0.062800 0.062800 0.062800 0.062800 0.062800 0.062800 0.062800 0.062800
33.7500 19.3822 5.52134 0.418079 0.281410 0.118108 52.686 55.048 1.000000 1.000000 0.416255 0.067500 0.067500 0.067500 0.067500 0.067500 0.067500 0.067500 0.067500 0.067500 0.067500 0.067500 0.067500
39.3750 19.3822 6.88932 0.428541 0.322407 0.160773 242.450 245.666 1.000000 1.000000 1.000000 1.000000 1.000000 1.000000 1.000000 1.000000 1.000000 1.000000 1.000000 1.000000 1.000000 1.000000 1.000000
45.0000 19.3822 7.19149 0.431910 0.332387 0.170668 242.579 245.992 1.000000 1.000000 1.000000 1.000000 1.000000 1.000000 1.000000 1.000000 1.000000 1.000000 1.000000 1.000000 1.000000 1.000000 1.000000
90.0000 19.3822 7.18298 0.436097 0.340579 0.174736 229.894 233.388 1.000000 1.000000 1.000000 1.000000 1.000000 1.000000 1.000000 1.000000 1.000000 1.000000 1.000000 1.000000 1.000000 0.707492 0.154600
95.6250 19.3822 6.60480 0.428298 0.318435 0.154103 198.375 201.457 1.000000 1.000000 1.000000 1.000000 1.000000 1.000000 1.000000 1.000000 1.000000 1.000000 1.000000 0.627676 0.148000 0.148000 0.148000
101.2500 19.3822 6.13763 0.425246 0.305930 0.140095 51.316 54.118 1.000000 1.000000 0.166802 0.077300 0.077300 0.077300 0.077300 0.077300 0.077300 0.077300 0.077300 0.077300 0.077300 0.077300 0.077300
106.8750 19.3822 6.49538 0.431025 0.322496 0.154172 19.862 20.708 0.274207 0.064700 0.064700 0.064700 0.064700 0.064700 0.064700 0.064700 0.064700 0.064700 0.064700 0.064700 0.064700 0.064700 0.064700
112.5000 19.3822 6.51119 0.431787 0.324242 0.155285 23.643 25.258 0.520154 0.062800 0.062800 0.062800 0.062800 0.062800 0.062800 0.062800 0.062800 0.062800 0.062800 0.062800 0.062800 0.062800 0.062800
118.1250 19.3822 6.91032 0.438481 0.342565 0.171187 25.540 27.632 0.611062 0.062800 0.062800 0.062800 0.062800 0.062800 0.062800 0.062800 0.062800 0.062800 0.062800 0.062800 0.062800 0.062800 0.062800
123.7500 19.3822 7.39030 0.438634 0.347689 0.181755 84.902 88.537 1.000000 1.000000 1.000000 0.225726 0.171900 0.171900 0.171900 0.171900 0.171900 0.171900 0.171900 0.171900 0.171900 0.171900 0.171900
163.1250 19.3822 6.17337 0.425733 0.307430 0.141420 121.391 124.219 1.000000 1.000000 1.000000 1.000000 1.000000 1.000000 0.703428 0.076100 0.076100 0.076100 0.076100 0.076100 0.076100 0.076100 0.076100
168.7500 19.3822 5.63774 0.419403 0.286152 0.122270 72.422 74.867 1.000000 1.000000 1.000000 0.442346 0.088800 0.088800 0.088800 0.088800 0.088800 0.088800 0.088800 0.088800 0.088800 0.088800 0.088800
174.3750 19.3822 5.82622 0.421984 0.294529 0.129359 35.183 37.770 1.000000 0.281216 0.065300 0.065300 0.065300 0.065300 0.065300 0.065300 0.065300 0.065300 0.065300 0.065300 0.065300 0.065300 0.065300
180.0000 19.3822 6.92304 0.433299 0.332202 0.166220 204.721 208.045 1.000000 1.000000 1.000000 1.000000 1.000000 1.000000 1.000000 1.000000 1.000000 1.000000 1.000000 0.914830 0.139700 0.139700 0.139700
-174.3750 19.3822 6.29326 0.430202 0.318153 0.148533 67.420 70.391 1.000000 1.000000 1.000000 0.283979 0.062800 0.062800 0.062800 0.062800 0.062800 0.062800 0.062800 0.062800 0.062800 0.062800 0.062800
-168.7500 19.3822 6.27632 0.428159 0.313775 0.146189 104.953 107.876 1.000000 1.000000 1.000000 1.000000 1.000000 0.461599 0.089000 0.089000 0.089000 0.089000 0.089000 0.089000 0.089000 0.089000 0.089000
-163.1250 19.3822 6.56521 0.431217 0.323770 0.156001 153.753 156.873 1.000000 1.000000 1.000000 1.000000 1.000000 1.000000 1.000000 1.000000 0.416984 0.124600 0.124600 0.124600 0.124600 0.124600 0.124600
-84.3750 19.3822 5.75251 0.420702 0.290735 0.126354 32.893 35.420 1.000000 0.184636 0.062800 0.062800 0.062800 0.062800 0.062800 0.062800 0.062800 0.062800 0.062800 0.062800 0.062800 0.062800 0.062800
-78.7500 19.3822 6.82448 0.434445 0.333392 0.165156 23.653 25.392 0.526714 0.062800 0.062800 0.062800 0.062800 0.062800 0.062800 0.062800 0.062800 0.062800 0.062800 0.062800 0.062800 0.062800 0.062800
-73.1250 19.3822 7.34091 0.440648 0.351282 0.182833 35.864 39.078 0.878877 0.089300 0.089300 0.089300 0.089300 0.089300 0.089300 0.089300 0.089300 0.089300 0.089300 0.089300 0.089300 0.089300 0.089300
-67.5000 19.3822 7.79073 0.447437 0.368894 0.199377 19.924 21.105 0.296163 0.062800 0.062800 0.062800 0.062800 0.062800 0.062800 0.062800 0.062800 0.062800 0.062800 0.062800 0.062800 0.062800 0.062800
-61.8750 19.3822 8.58718 0.456235 0.391994 0.224304 18.939 20.062 0.250240 0.062800 0.062800 0.062800 0.062800 0.062800 0.062800 0.062800 0.062800 0.062800 0.062800 0.062800 0.062800 0.062800 0.062800
-56.2500 19.3822 8.27692 0.450530 0.378593 0.212150 19.220 20.389 0.275544 0.062800 0.062800 0.062800 0.062800 0.062800 0.062800 0.062800 0.062800 0.062800 0.062800 0.062800 0.062800 0.062800 0.062800
-50.6250 19.3822 5.97537 0.423873 0.300709 0.134814 31.408 34.105 1.000000 0.076858 0.062800 0.062800 0.062800 0.062800 0.062800 0.062800 0.062800 0.062800 0.062800 0.062800 0.062800 0.062800 0.062800
-45.0000 19.3822 6.35444 0.429288 0.317127 0.149144 41.297 44.280 1.000000 0.641990 0.062800 0.062800 0.062800 0.062800 0.062800 0.062800 0.062800 0.062800 0.062800 0.062800 0.062800 0.062800 0.062800
16.8750 13.8445 5.82364 0.420763 0.292056 0.128227 245.745 248.309 1.000000 1.000000 1.000000 1.000000 1.000000 1.000000 1.000000 1.000000 1.000000 1.000000 1.000000 1.000000 1.000000 1.000000 1.000000
22.5000 13.8445 6.35185 0.428808 0.316125 0.148627 59.362 62.335 1.000000 1.000000 0.479648 0.088700 0.088700 0.088700 0.088700 0.088700 0.088700 0.088700 0.088700 0.088700 0.088700 0.088700 0.088700
28.1250 13.8445 6.21341 0.425267 0.307084 0.141969 89.485 92.324 1.000000 1.000000 1.000000 1.000000 0.579556 0.084000 0.084000 0.084000 0.084000 0.084000 0.084000 0.084000 0.084000 0.084000 0.084000
33.7500 13.8445 7.51956 0.431108 0.334200 0.176662 236.307 239.840 1.000000 1.000000 1.000000 1.000000 1.000000 1.000000 1.000000 1.000000 1.000000 1.000000 1.000000 1.000000 1.000000 1.000000 1.000000
95.6250 13.8445 8.94966 0.444834 0.371696 0.217553 231.213 235.564 1.000000 1.000000 1.000000 1.000000 1.000000 1.000000 1.000000 1.000000 1.000000 1.000000 1.000000 1.000000 1.000000 1.000000 1.000000
101.2500 13.8445 7.17769 0.434340 0.337027 0.172829 246.298 249.755 1.000000 1.000000 1.000000 1.000000 1.000000 1.000000 1.000000 1.000000 1.000000 1.000000 1.000000 1.000000 1.000000 1.000000 1.000000
106.8750 13.8445 7.38097 0.440939 0.352242 0.183984 48.177 51.857 1.000000 0.646504 0.093600 0.093600 0.093600 0.093600 0.093600 0.093600 0.093600 0.093600 0.093600 0.093600 0.093600 0.093600 0.093600
112.5000 13.8445 7.47706 0.437131 0.345515 0.181983 169.456 173.095 1.000000 1.000000 1.000000 1.000000 1.000000 1.000000 1.000000 1.000000 0.636015 0.287700 0.287700 0.287700 0.287700 0.287700 0.287700
118.1250 13.8445 9.35740 0.442161 0.369129 0.221153 196.064 200.487 1.000000 1.000000 1.000000 1.000000 1.000000 1.000000 1.000000 1.000000 0.764670 0.747500 0.747500 0.747500 0.747500 0.747500 0.747500
163.1250 13.8445 6.48821 0.429871 0.320076 0.152891 135.589 138.647 1.000000 1.000000 1.000000 1.000000 1.000000 1.000000 1.000000 0.431110 0.097000 0.097000 0.097000 0.097000 0.097000 0.097000 0.097000
168.7500 13.8445 6.16816 0.422520 0.300980 0.138362 177.897 180.665 1.000000 1.000000 1.000000 1.000000 1.000000 1.000000 1.000000 1.000000 1.000000 1.000000 0.323966 0.153900 0.153900 0.153900 0.153900
174.3750 13.8445 7.14224 0.425776 0.320008 0.163558 234.675 237.946 1.000000 1.000000 1.000000 1.000000 1.000000 1.000000 1.000000 1.000000 1.000000 1.000000 1.000000 1.000000 1.000000 1.000000 1.000000
180.0000 13.8445 8.08571 0.442175 0.360627 0.199334 241.939 245.926 1.000000 1.000000 1.000000 1.000000 1.000000 1.000000 1.000000 1.000000 1.000000 1.000000 1.000000 1.000000 1.000000 1.000000 1.000000
-140.6250 13.8445 8.25077 0.446367 0.370099 0.207010 32.618 36.758 1.000000 0.125127 0.067300 0.067300 0.067300 0.067300 0.067300 0.067300 0.067300 0.067300 0.067300 0.067300 0.067300 0.067300 0.067300
-135.0000 13.8445 9.50451 0.445325 0.375827 0.226958 223.303 227.842 1.000000 1.000000 1.000000 1.000000 1.000000 1.000000 1.000000 1.000000 1.000000 1.000000 1.000000 1.000000 1.000000 1.000000 1.000000
-78.7500 13.8445 7.37706 0.437595 0.345488 0.180394 152.785 156.393 1.000000 1.000000 1.000000 1.000000 1.000000 1.000000 1.000000 0.624839 0.232800 0.232800 0.232800 0.232800 0.232800 0.232800 0.232800
-73.1250 13.8445 7.22308 0.435660 0.340116 0.175146 150.716 154.219 1.000000 1.000000 1.000000 1.000000 1.000000 1.000000 1.000000 0.596688 0.219900 0.219900 0.219900 0.219900 0.219900 0.219900 0.219900
-67.5000 13.8445 6.45834 0.430670 0.321299 0.152951 20.860 21.961 0.359892 0.062800 0.062800 0.062800 0.062800 0.062800 0.062800 0.062800 0.062800 0.062800 0.062800 0.062800 0.062800 0.062800 0.062800
-61.8750 13.8445 7.96472 0.449881 0.375163 0.205509 19.161 20.190 0.250240 0.062800 0.062800 0.062800 0.062800 0.062800 0.062800 0.062800 0.062800 0.062800 0.062800 0.062800 0.062800 0.062800 0.062800
-56.2500 13.8445 7.08647 0.437466 0.342343 0.174052 22.351 23.914 0.448926 0.062800 0.062800 0.062800 0.062800 0.062800 0.062800 0.062800 0.062800 0.062800 0.062800 0.062800 0.062800 0.062800 0.062800
-50.6250 13.8445 6.47717 0.431367 0.322956 0.154072 45.020 48.101 1.000000 0.770018 0.068900 0.068900 0.068900 0.068900 0.068900 0.068900 0.068900 0.068900 0.068900 0.068900 0.068900 0.068900 0.068900
16.8750 8.3067 8.51259 0.435119 0.350404 0.199528 226.314 230.305 1.000000 1.000000 1.000000 1.000000 1.000000 1.000000 1.000000 1.000000 1.000000 1.000000 1.000000 1.000000 1.000000 1.000000 1.000000
22.5000 8.3067 7.36072 0.424633 0.320281 0.166991 229.935 233.274 1.000000 1.000000 1.000000 1.000000 1.000000 1.000000 1.000000 1.000000 1.000000 1.000000 1.000000 1.000000 1.000000 1.000000 1.000000
28.1250 8.3067 6.03040 0.415567 0.285377 0.128880 234.745 237.322 1.000000 1.000000 1.000000 1.000000 1.000000 1.000000 1.000000 1.000000 1.000000 1.000000 1.000000 1.000000 1.000000 1.000000 1.000000
101.2500 8.3067 9.05221 0.436615 0.357015 0.210232 220.173 224.378 1.000000 1.000000 1.000000 1.000000 1.000000 1.000000 1.000000 1.000000 1.000000 1.000000 1.000000 1.000000 1.000000 1.000000 1.000000
106.8750 8.3067 8.68898 0.440939 0.362611 0.208853 230.637 234.814 1.000000 1.000000 1.000000 1.000000 1.000000 1.000000 1.000000 1.000000 1.000000 1.000000 1.000000 1.000000 1.000000 1.000000 1.000000
168.7500 8.3067 10.61418 0.446292 0.383004 0.243816 208.783 213.659 1.000000 1.000000 1.000000 1.000000 1.000000 1.000000 1.000000 1.000000 1.000000 1.000000 1.000000 1.000000 1.000000 1.000000 1.000000
174.3750 8.3067 10.29159 0.439232 0.368958 0.231573 206.078 210.710 1.000000 1.000000 1.000000 1.000000 1.000000 1.000000 1.000000 1.000000 1.000000 1.000000 1.000000 1.000000 1.000000 1.000000 1.000000
180.0000 8.3067 11.12454 0.448129 0.388366 0.252405 203.942 208.990 1.000000 1.000000 1.000000 1.000000 1.000000 1.000000 1.000000 1.000000 1.000000 1.000000 1.000000 1.000000 1.000000 1.000000 1.000000
-157.5000 8.3067 10.38192 0.443899 0.377678 0.238008 209.505 214.265 1.000000 1.000000 1.000000 1.000000 1.000000 1.000000 1.000000 1.000000 1.000000 1.000000 1.000000 1.000000 1.000000 1.000000 1.000000
-151.8750 8.3067 9.96411 0.447781 0.382725 0.236564 212.025 216.757 1.000000 1.000000 1.000000 1.000000 1.000000 1.000000 1.000000 1.000000 1.000000 1.000000 1.000000 1.000000 0.898276 0.804000 0.804000
-146.2500 8.3067 6.94537 0.438641 0.343265 0.172139 41.500 44.943 1.000000 0.451416 0.074900 0.074900 0.074900 0.074900 0.074900 0.074900 0.074900 0.074900 0.074900 0.074900 0.074900 0.074900 0.074900
-140.6250 8.3067 7.44408 0.440191 0.351311 0.184511 118.805 122.495 1.000000 1.000000 1.000000 1.000000 1.000000 0.722192 0.155600 0.155600 0.155600 0.155600 0.155600 0.155600 0.155600 0.155600 0.155600
-135.0000 8.3067 9.40172 0.437747 0.361316 0.216996 216.481 220.821 1.000000 1.000000 1.000000 1.000000 1.000000 1.000000 1.000000 1.000000 1.000000 1.000000 1.000000 1.000000 1.000000 1.000000 1.000000
-129.3750 8.3067 10.81858 0.445953 0.383281 0.246083 205.797 210.719 1.000000 1.000000 1.000000 1.000000 1.000000 1.000000 1.000000 1.000000 1.000000 1.000000 1.000000 1.000000 1.000000 1.000000 1.000000
-123.7500 8.3067 11.35124 0.448636 0.390119 0.255735 201.575 206.690 1.000000 1.000000 1.000000 1.000000 1.000000 1.000000 1.000000 1.000000 1.000000 1.000000 1.000000 1.000000 1.000000 1.000000 1.000000
-73.1250 8.3067 10.71534 0.449364 0.388936 0.248650 210.429 215.402 1.000000 1.000000 1.000000 1.000000 1.000000 1.000000 1.000000 1.000000 1.000000 1.000000 1.000000 1.000000 1.000000 1.000000 1.000000
-67.5000 8.3067 6.21060 0.427672 0.311865 0.144129 22.891 24.290 0.485477 0.062800 0.062800 0.062800 0.062800 0.062800 0.062800 0.062800 0.062800 0.062800 0.062800 0.062800 0.062800 0.062800 0.062800
-61.8750 8.3067 7.36957 0.442265 0.354831 0.185150 19.164 20.091 0.250240 0.062800 0.062800 0.062800 0.062800 0.062800 0.062800 0.062800 0.062800 0.062800 0.062800 0.062800 0.062800 0.062800 0.062800
-56.2500 8.3067 7.39450 0.440622 0.351725 0.183932 33.153 36.781 0.986061 0.070700 0.070700 0.070700 0.070700 0.070700 0.070700 0.070700 0.070700 0.070700 0.070700 0.070700 0.070700 0.070700 0.070700
-50.6250 8.3067 6.36501 0.431303 0.321363 0.151326 105.886 108.912 1.000000 1.000000 1.000000 1.000000 1.000000 0.356018 0.096800 0.096800 0.096800 0.096800 0.096800 0.096800 0.096800 0.096800 0.096800
-22.5000 8.3067 11.56011 0.448172 0.390074 0.257665 198.614 203.767 1.000000 1.000000 1.000000 1.000000 1.000000 1.000000 1.000000 1.000000 1.000000 1.000000 1.000000 1.000000 1.000000 1.000000 1.000000
22.5000 2.7689 11.25641 0.446319 0.385707 0.251945 200.642 205.681 1.000000 1.000000 1.000000 1.000000 1.000000 1.000000 1.000000 1.000000 1.000000 1.000000 1.000000 1.000000 1.000000 1.000000 1.000000
28.1250 2.7689 9.04312 0.436794 0.357281 0.210277 220.505 224.711 1.000000 1.000000 1.000000 1.000000 1.000000 1.000000 1.000000 1.000000 1.000000 1.000000 1.000000 1.000000 1.000000 1.000000 1.000000
101.2500 2.7689 10.13508 0.439087 0.367891 0.229248 207.964 212.549 1.000000 1.000000 1.000000 1.000000 1.000000 1.000000 1.000000 1.000000 1.000000 1.000000 1.000000 1.000000 1.000000 1.000000 1.000000
106.8750 2.7689 9.80420 0.440052 0.367828 0.225579 213.374 217.885 1.000000 1.000000 1.000000 1.000000 1.000000 1.000000 1.000000 1.000000 1.000000 1.000000 1.000000 1.000000 1.000000 1.000000 1.000000
151.8750 2.7689 11.09481 0.449740 0.391103 0.253890 205.819 210.897 1.000000 1.000000 1.000000 1.000000 1.000000 1.000000 1.000000 1.000000 1.000000 1.000000 1.000000 1.000000 1.000000 1.000000 1.000000
157.5000 2.7689 7.88631 0.441147 0.357028 0.194409 222.286 226.174 1.000000 1.000000 1.000000 1.000000 1.000000 1.000000 1.000000 1.000000 1.000000 1.000000 1.000000 1.000000 1.000000 0.523876 0.145200
174.3750 2.7689 11.52744 0.450633 0.394252 0.260118 201.200 206.402 1.000000 1.000000 1.000000 1.000000 1.000000 1.000000 1.000000 1.000000 1.000000 1.000000 1.000000 1.000000 1.000000 1.000000 1.000000
180.0000 2.7689 12.46500 0.455273 0.405230 0.275856 194.060 199.577 1.000000 1.000000 1.000000 1.000000 1.000000 1.000000 1.000000 1.000000 1.000000 1.000000 1.000000 1.000000 1.000000 1.000000 1.000000
-157.5000 2.7689 11.40510 0.446497 0.386590 0.253928 198.993 204.071 1.000000 1.000000 1.000000 1.000000 1.000000 1.000000 1.000000 1.000000 1.000000 1.000000 1.000000 1.000000 1.000000 1.000000 1.000000
-151.8750 2.7689 11.34930 0.449211 0.391121 0.256374 202.121 207.248 1.000000 1.000000 1.000000 1.000000 1.000000 1.000000 1.000000 1.000000 1.000000 1.000000 1.000000 1.000000 1.000000 1.000000 1.000000
-146.2500 2.7689 9.83967 0.444892 0.376802 0.231490 216.427 221.056 1.000000 1.000000 1.000000 1.000000 1.000000 1.000000 1.000000 1.000000 1.000000 1.000000 1.000000 1.000000 0.975336 0.959300 0.959300
-140.6250 2.7689 8.13291 0.445846 0.368228 0.204237 200.581 204.665 1.000000 1.000000 1.000000 1.000000 1.000000 1.000000 1.000000 1.000000 1.000000 1.000000 0.954386 0.319200 0.319200 0.319200 0.319200
-135.0000 2.7689 8.44474 0.440345 0.359760 0.203931 233.744 237.823 1.000000 1.000000 1.000000 1.000000 1.000000 1.000000 1.000000 1.000000 1.000000 1.000000 1.000000 1.000000 1.000000 1.000000 1.000000
-129.3750 2.7689 9.37977 0.440053 0.365385 0.219177 219.311 223.695 1.000000 1.000000 1.000000 1.000000 1.000000 1.000000 1.000000 1.000000 1.000000 1.000000 1.000000 1.000000 1.000000 1.000000 1.000000
-73.1250 2.7689 11.06797 0.447491 0.387021 0.250977 204.065 209.085 1.000000 1.000000 1.000000 1.000000 1.000000 1.000000 1.000000 1.000000 1.000000 1.000000 1.000000 1.000000 1.000000 1.000000 1.000000
-67.5000 2.7689 8.01333 0.436295 0.348644 0.191681 196.032 199.866 1.000000 1.000000 1.000000 1.000000 1.000000 1.000000 1.000000 1.000000 1.000000 1.000000 0.606656 0.470600 0.470600 0.470600 0.470600
-61.8750 2.7689 7.41072 0.442325 0.355325 0.186079 19.179 20.124 0.253989 0.062800 0.062800 0.062800 0.062800 0.062800 0.062800 0.062800 0.062800 0.062800 0.062800 0.062800 0.062800 0.062800 0.062800
-56.2500 2.7689 7.07338 0.438739 0.344793 0.175078 30.557 33.783 0.921275 0.062800 0.062800 0.062800 0.062800 0.062800 0.062800 0.062800 0.062800 0.062800 0.062800 0.062800 0.062800 0.062800 0.062800
-33.7500 2.7689 7.15044 0.437872 0.343816 0.175862 27.155 29.749 0.737584 0.062800 0.062800 0.062800 0.062800 0.062800 0.062800 0.062800 0.062800 0.062800 0.062800 0.062800 0.062800 0.062800 0.062800
-28.1250 2.7689 10.31181 0.439840 0.370134 0.232523 206.416 211.067 1.000000 1.000000 1.000000 1.000000 1.000000 1.000000 1.000000 1.000000 1.000000 1.000000 1.000000 1.000000 1.000000 1.000000 1.000000
-22.5000 2.7689 10.45238 0.439909 0.370954 0.234500 204.682 209.372 1.000000 1.000000 1.000000 1.000000 1.000000 1.000000 1.000000 1.000000 1.000000 1.000000 1.000000 1.000000 1.000000 1.000000 1.000000
-16.8750 2.7689 10.14130 0.443525 0.375843 0.234271 212.358 217.043 1.000000 1.000000 1.000000 1.000000 1.000000 1.000000 1.000000 1.000000 1.000000 1.000000 1.000000 1.000000 1.000000 1.000000 1.000000
-11.2500 2.7689 8.81409 0.441158 0.363867 0.211224 203.078 207.303 1.000000 1.000000 1.000000 1.000000 1.000000 1.000000 1.000000 1.000000 1.000000 1.000000 1.000000 0.701824 0.534100 0.534100 0.534100
-5.6250 2.7689 9.66672 0.443687 0.373681 0.227581 207.329 211.881 1.000000 1.000000 1.000000 1.000000 1.000000 1.000000 1.000000 1.000000 1.000000 1.000000 0.980842 0.802500 0.802500 0.802500 0.802500
22.5000 -2.7689 11.33730 0.448012 0.388975 0.254853 201.183 206.280 1.000000 1.000000 1.000000 1.000000 1.000000 1.000000 1.000000 1.000000 1.000000 1.000000 1.000000 1.000000 1.000000 1.000000 1.000000
28.1250 -2.7689 10.17049 0.443898 0.376659 0.235099 212.341 217.043 1.000000 1.000000 1.000000 1.000000 1.000000 1.000000 1.000000 1.000000 1.000000 1.000000 1.000000 1.000000 1.000000 1.000000 1.000000
56.2500 -2.7689 8.92451 0.440398 0.363169 0.212242 226.390 230.635 1.000000 1.000000 1.000000 1.000000 1.000000 1.000000 1.000000 1.000000 1.000000 1.000000 1.000000 1.000000 1.000000 1.000000 1.000000
61.8750 -2.7689 7.71534 0.429677 0.333385 0.179106 231.419 235.002 1.000000 1.000000 1.000000 1.000000 1.000000 1.000000 1.000000 1.000000 1.000000 1.000000 1.000000 1.000000 1.000000 1.000000 1.000000
67.5000 -2.7689 8.97798 0.440315 0.363362 0.213035 225.490 229.751 1.000000 1.000000 1.000000 1.000000 1.000000 1.000000 1.000000 1.000000 1.000000 1.000000 1.000000 1.000000 1.000000 1.000000 1.000000
101.2500 -2.7689 10.33712 0.439124 0.369001 0.232075 205.389 210.030 1.000000 1.000000 1.000000 1.000000 1.000000 1.000000 1.000000 1.000000 1.000000 1.000000 1.000000 1.000000 1.000000 1.000000 1.000000
106.8750 -2.7689 9.68961 0.434357 0.357004 0.217679 208.988 213.342 1.000000 1.000000 1.000000 1.000000 1.000000 1.000000 1.000000 1.000000 1.000000 1.000000 1.000000 1.000000 1.000000 1.000000 1.000000
112.5000 -2.7689 10.48426 0.444543 0.379303 0.240112 208.786 213.589 1.000000 1.000000 1.000000 1.000000 1.000000 1.000000 1.000000 1.000000 1.000000 1.000000 1.000000 1.000000 1.000000 1.000000 1.000000
146.2500 -2.7689 10.17952 0.439210 0.368342 0.230003 207.508 212.108 1.000000 1.000000 1.000000 1.000000 1.000000 1.000000 1.000000 1.000000 1.000000 1.000000 1.000000 1.000000 1.000000 1.000000 1.000000
151.8750 -2.7689 8.63128 0.425577 0.333972 0.191649 213.484 217.317 1.000000 1.000000 1.000000 1.000000 1.000000 1.000000 1.000000 1.000000 1.000000 1.000000 1.000000 1.000000 1.000000 1.000000 1.000000
157.5000 -2.7689 7.99822 0.439599 0.354902 0.194902 202.641 206.539 1.000000 1.000000 1.000000 1.000000 1.000000 1.000000 1.000000 1.000000 1.000000 1.000000 1.000000 1.000000 0.231583 0.216700 0.216700
163.1250 -2.7689 11.85157 0.464396 0.419764 0.280118 209.468 215.070 1.000000 1.000000 1.000000 1.000000 1.000000 1.000000 1.000000 1.000000 1.000000 1.000000 1.000000 1.000000 1.000000 1.000000 1.000000
-151.8750 -2.7689 10.71851 0.444890 0.380969 0.243589 206.071 210.942 1.000000 1.000000 1.000000 1.000000 1.000000 1.000000 1.000000 1.000000 1.000000 1.000000 1.000000 1.000000 1.000000 1.000000 1.000000
-146.2500 -2.7689 9.26634 0.442376 0.368989 0.219959 223.545 227.944 1.000000 1.000000 1.000000 1.000000 1.000000 1.000000 1.000000 1.000000 1.000000 1.000000 1.000000 1.000000 1.000000 1.000000 1.000000
-140.6250 -2.7689 8.83660 0.446585 0.374354 0.217613 235.112 239.464 1.000000 1.000000 1.000000 1.000000 1.000000 1.000000 1.000000 1.000000 1.000000 1.000000 1.000000 1.000000 1.000000 1.000000 1.000000
-135.0000 -2.7689 8.33590 0.438118 0.354704 0.199580 214.593 218.585 1.000000 1.000000 1.000000 1.000000 1.000000 1.000000 1.000000 1.000000 1.000000 1.000000 1.000000 1.000000 0.717248 0.558200 0.558200
-129.3750 -2.7689 8.59239 0.439283 0.358804 0.205382 229.509 233.616 1.000000 1.000000 1.000000 1.000000 1.000000 1.000000 1.000000 1.000000 1.000000 1.000000 1.000000 1.000000 1.000000 1.000000 0.959336
-67.5000 -2.7689 9.62703 0.442824 0.371883 0.226023 218.790 223.311 1.000000 1.000000 1.000000 1.000000 1.000000 1.000000 1.000000 1.000000 1.000000 1.000000 1.000000 1.000000 1.000000 1.000000 1.000000
-61.8750 -2.7689 8.95033 0.446645 0.375157 0.219588 233.354 237.745 1.000000 1.000000 1.000000 1.000000 1.000000 1.000000 1.000000 1.000000 1.000000 1.000000 1.000000 1.000000 1.000000 1.000000 1.000000
-56.2500 -2.7689 6.97051 0.439338 0.344961 0.173420 36.416 39.884 1.000000 0.306472 0.062800 0.062800 0.062800 0.062800 0.062800 0.062800 0.062800 0.062800 0.062800 0.062800 0.062800 0.062800 0.062800
-33.7500 -2.7689 8.93064 0.438072 0.358881 0.209813 223.601 227.798 1.000000 1.000000 1.000000 1.000000 1.000000 1.000000 1.000000 1.000000 1.000000 1.000000 1.000000 1.000000 1.000000 1.000000 1.000000
-28.1250 -2.7689 9.81570 0.440268 0.368279 0.225985 213.441 217.961 1.000000 1.000000 1.000000 1.000000 1.000000 1.000000 1.000000 1.000000 1.000000 1.000000 1.000000 1.000000 1.000000 1.000000 1.000000
-22.5000 -2.7689 10.45164 0.447774 0.384952 0.243341 212.418 217.284 1.000000 1.000000 1.000000 1.000000 1.000000 1.000000 1.000000 1.000000 1.000000 1.000000 1.000000 1.000000 1.000000 1.000000 1.000000
-16.8750 -2.7689 9.23016 0.438693 0.361975 0.215340 219.951 224.258 1.000000 1.000000 1.000000 1.000000 1.000000 1.000000 1.000000 1.000000 1.000000 1.000000 1.000000 1.000000 1.000000 1.000000 1.000000
-11.2500 -2.7689 8.91342 0.434402 0.352017 0.205587 216.149 220.260 1.000000 1.000000 1.000000 1.000000 1.000000 1.000000 1.000000 1.000000 0.993460 0.961300 0.961300 0.961300 0.961300 0.961300 0.961300
-5.6250 -2.7689 10.42670 0.445678 0.381068 0.240621 210.670 215.483 1.000000 1.000000 1.000000 1.000000 1.000000 1.000000 1.000000 1.000000 1.000000 1.000000 1.000000 1.000000 1.000000 1.000000 1.000000
45.0000 -8.3067 9.70795 0.442291 0.371353 0.226639 207.768 212.300 1.000000 1.000000 1.000000 1.000000 1.000000 1.000000 1.000000 1.000000 0.918755 0.906400 0.906400 0.906400 0.906400 0.906400 0.906400
50.6250 -8.3067 9.84366 0.437818 0.364049 0.223699 210.524 214.998 1.000000 1.000000 1.000000 1.000000 1.000000 1.000000 1.000000 1.000000 1.000000 1.000000 1.000000 1.000000 1.000000 1.000000 1.000000
56.2500 -8.3067 8.86742 0.433540 0.350118 0.203908 215.173 219.252 1.000000 1.000000 1.000000 1.000000 1.000000 1.000000 1.000000 1.000000 1.000000 1.000000 1.000000 1.000000 0.971590 0.872600 0.872600
61.8750 -8.3067 9.79492 0.449849 0.385750 0.236460 196.907 201.636 1.000000 1.000000 1.000000 1.000000 1.000000 1.000000 1.000000 1.000000 0.885789 0.717300 0.717300 0.717300 0.717300 0.717300 0.717300
67.5000 -8.3067 8.68877 0.434118 0.349874 0.201514 222.540 226.570 1.000000 1.000000 1.000000 1.000000 1.000000 1.000000 1.000000 1.000000 1.000000 1.000000 1.000000 1.000000 1.000000 1.000000 1.000000
73.1250 -8.3067 9.13103 0.446291 0.375544 0.222157 230.081 234.524 1.000000 1.000000 1.000000 1.000000 1.000000 1.000000 1.000000 1.000000 1.000000 1.000000 1.000000 1.000000 1.000000 1.000000 1.000000
106.8750 -8.3067 6.33665 0.429829 0.317983 0.149230 100.806 103.791 1.000000 1.000000 1.000000 1.000000 1.000000 0.271620 0.078000 0.078000 0.078000 0.078000 0.078000 0.078000 0.078000 0.078000 0.078000
112.5000 -8.3067 7.11414 0.438614 0.344953 0.175841 48.738 52.255 1.000000 1.000000 0.128404 0.062800 0.062800 0.062800 0.062800 0.062800 0.062800 0.062800 0.062800 0.062800 0.062800 0.062800 0.062800
140.6250 -8.3067 10.12502 0.444034 0.376680 0.234614 213.098 217.791 1.000000 1.000000 1.000000 1.000000 1.000000 1.000000 1.000000 1.000000 1.000000 1.000000 1.000000 1.000000 1.000000 1.000000 1.000000
146.2500 -8.3067 10.62105 0.447303 0.384842 0.245057 209.677 214.578 1.000000 1.000000 1.000000 1.000000 1.000000 1.000000 1.000000 1.000000 1.000000 1.000000 1.000000 1.000000 1.000000 1.000000 1.000000
151.8750 -8.3067 10.69394 0.448944 0.388092 0.247888 210.306 215.264 1.000000 1.000000 1.000000 1.000000 1.000000 1.000000 1.000000 1.000000 1.000000 1.000000 1.000000 1.000000 1.000000 1.000000 1.000000
157.5000 -8.3067 10.04768 0.447755 0.383077 0.237731 218.019 222.774 1.000000 1.000000 1.000000 1.000000 1.000000 1.000000 1.000000 1.000000 1.000000 1.000000 1.000000 1.000000 1.000000 1.000000 1.000000
163.1250 -8.3067 9.43234 0.448506 0.381403 0.229438 227.947 232.535 1.000000 1.000000 1.000000 1.000000 1.000000 1.000000 1.000000 1.000000 1.000000 1.000000 1.000000 1.000000 1.000000 1.000000 1.000000
168.7500 -8.3067 8.92724 0.443931 0.369841 0.216177 230.496 234.819 1.000000 1.000000 1.000000 1.000000 1.000000 1.000000 1.000000 1.000000 1.000000 1.000000 1.000000 1.000000 1.000000 1.000000 1.000000
174.3750 -8.3067 8.29720 0.442205 0.362269 0.203290 233.910 237.976 1.000000 1.000000 1.000000 1.000000 1.000000 1.000000 1.000000 1.000000 1.000000 1.000000 1.000000 1.000000 1.000000 1.000000 0.713324
-140.6250 -8.3067 9.79984 0.447697 0.381768 0.234077 213.094 217.776 1.000000 1.000000 1.000000 1.000000 1.000000 1.000000 1.000000 1.000000 1.000000 1.000000 1.000000 1.000000 1.000000 0.836680 0.591700
-135.0000 -8.3067 10.28227 0.447516 0.383729 0.240742 214.481 219.296 1.000000 1.000000 1.000000 1.000000 1.000000 1.000000 1.000000 1.000000 1.000000 1.000000 1.000000 1.000000 1.000000 1.000000 1.000000
-129.3750 -8.3067 10.14323 0.445932 0.380203 0.237010 214.789 219.530 1.000000 1.000000 1.000000 1.000000 1.000000 1.000000 1.000000 1.000000 1.000000 1.000000 1.000000 1.000000 1.000000 1.000000 1.000000
-123.7500 -8.3067 9.41636 0.442436 0.369980 0.222375 221.408 225.855 1.000000 1.000000 1.000000 1.000000 1.000000 1.000000 1.000000 1.000000 1.000000 1.000000 1.000000 1.000000 1.000000 1.000000 1.000000
-33.7500 -8.3067 7.39669 0.430456 0.331710 0.173499 237.316 240.786 1.000000 1.000000 1.000000 1.000000 1.000000 1.000000 1.000000 1.000000 1.000000 1.000000 1.000000 1.000000 1.000000 1.000000 1.000000
-28.1250 -8.3067 7.33541 0.432070 0.334202 0.173858 231.695 235.173 1.000000 1.000000 1.000000 1.000000 1.000000 1.000000 1.000000 1.000000 1.000000 1.000000 1.000000 1.000000 1.000000 1.000000 0.449943
-22.5000 -8.3067 7.02686 0.433896 0.334541 0.169112 96.013 99.395 1.000000 1.000000 1.000000 0.668775 0.194100 0.194100 0.194100 0.194100 0.194100 0.194100 0.194100 0.194100 0.194100 0.194100 0.194100
-16.8750 -8.3067 8.52957 0.447637 0.374472 0.213472 112.681 116.951 1.000000 1.000000 0.986022 0.334400 0.334400 0.334400 0.334400 0.334400 0.334400 0.334400 0.334400 0.334400 0.334400 0.334400 0.334400
-11.2500 -8.3067 10.00912 0.441453 0.371447 0.230090 212.035 216.637 1.000000 1.000000 1.000000 1.000000 1.000000 1.000000 1.000000 1.000000 1.000000 1.000000 1.000000 1.000000 1.000000 1.000000 1.000000
-5.6250 -8.3067 10.50243 0.442688 0.376092 0.238268 206.737 211.502 1.000000 1.000000 1.000000 1.000000 1.000000 1.000000 1.000000 1.000000 1.000000 1.000000 1.000000 1.000000 1.000000 1.000000 1.000000
39.3750 -13.8445 8.26957 0.447051 0.371585 0.208116 20.623 22.215 0.382385 0.062800 0.062800 0.062800 0.062800 0.062800 0.062800 0.062800 0.062800 0.062800 0.062800 0.062800 0.062800 0.062800 0.062800
45.0000 -13.8445 6.15990 0.428319 0.312451 0.143485 23.913 25.452 0.536086 0.062800 0.062800 0.062800 0.062800 0.062800 0.062800 0.062800 0.062800 0.062800 0.062800 0.062800 0.062800 0.062800 0.062800
50.6250 -13.8445 9.09071 0.438408 0.360560 0.212797 209.109 213.365 1.000000 1.000000 1.000000 1.000000 0.955619 0.919600 0.919600 0.919600 0.919600 0.919600 0.919600 0.919600 0.919600 0.919600 0.919600
56.2500 -13.8445 10.11773 0.449545 0.386692 0.240768 217.666 222.481 1.000000 1.000000 0.995578 0.993400 0.993400 0.993400 0.993400 0.993400 0.993400 0.993400 0.993400 0.993400 0.993400 0.993400 0.993400
61.8750 -13.8445 10.49078 0.458085 0.404066 0.255861 178.219 183.336 1.000000 1.000000 1.000000 1.000000 1.000000 0.931222 0.677100 0.677100 0.677100 0.677100 0.677100 0.677100 0.677100 0.677100 0.677100
67.5000 -13.8445 8.58246 0.436823 0.354108 0.202564 216.576 220.627 1.000000 1.000000 1.000000 1.000000 1.000000 1.000000 1.000000 1.000000 1.000000 1.000000 1.000000 1.000000 0.883850 0.703700 0.703700
73.1250 -13.8445 8.68242 0.441568 0.363760 0.209427 224.525 228.713 1.000000 1.000000 1.000000 1.000000 1.000000 1.000000 1.000000 1.000000 1.000000 1.000000 1.000000 1.000000 1.000000 1.000000 0.548091
78.7500 -13.8445 8.89781 0.450165 0.381655 0.222686 102.134 106.588 1.000000 1.000000 1.000000 1.000000 1.000000 0.446503 0.108700 0.108700 0.108700 0.108700 0.108700 0.108700 0.108700 0.108700 0.108700
84.3750 -13.8445 8.36553 0.448409 0.374929 0.211390 31.790 36.018 1.000000 0.127467 0.062800 0.062800 0.062800 0.062800 0.062800 0.062800 0.062800 0.062800 0.062800 0.062800 0.062800 0.062800 0.062800
135.0000 -13.8445 7.21455 0.436851 0.342406 0.176187 126.728 130.252 1.000000 1.000000 1.000000 1.000000 1.000000 1.000000 0.633748 0.123800 0.123800 0.123800 0.123800 0.123800 0.123800 0.123800 0.123800
140.6250 -13.8445 7.55867 0.436924 0.345868 0.183434 162.446 166.115 1.000000 1.000000 1.000000 1.000000 1.000000 1.000000 1.000000 1.000000 0.556569 0.240700 0.240700 0.240700 0.240700 0.240700 0.240700
146.2500 -13.8445 10.50727 0.448713 0.386891 0.245161 212.595 217.498 1.000000 1.000000 1.000000 1.000000 1.000000 1.000000 1.000000 1.000000 1.000000 1.000000 1.000000 1.000000 1.000000 1.000000 1.000000
151.8750 -13.8445 9.89560 0.439251 0.366896 0.226026 211.305 215.826 1.000000 1.000000 1.000000 1.000000 1.000000 1.000000 1.000000 1.000000 1.000000 1.000000 1.000000 1.000000 1.000000 1.000000 1.000000
157.5000 -13.8445 8.80572 0.443918 0.369047 0.214120 218.702 222.984 1.000000 1.000000 1.000000 1.000000 1.000000 1.000000 1.000000 1.000000 1.000000 1.000000 1.000000 1.000000 1.000000 0.628067 0.488400
163.1250 -13.8445 8.04708 0.445549 0.367009 0.202285 109.297 113.342 1.000000 1.000000 1.000000 1.000000 1.000000 0.743243 0.099100 0.099100 0.099100 0.099100 0.099100 0.099100 0.099100 0.099100 0.099100
168.7500 -13.8445 7.83510 0.446034 0.366384 0.198712 193.135 197.110 1.000000 1.000000 1.000000 1.000000 1.000000 1.000000 1.000000 1.000000 1.000000 1.000000 0.934250 0.146100 0.146100 0.146100 0.146100
174.3750 -13.8445 7.43487 0.438072 0.346987 0.182095 247.339 250.981 1.000000 1.000000 1.000000 1.000000 1.000000 1.000000 1.000000 1.000000 1.000000 1.000000 1.000000 1.000000 1.000000 1.000000 1.000000
180.0000 -13.8445 7.52622 0.440982 0.353641 0.187045 249.185 252.926 1.000000 1.000000 1.000000 1.000000 1.000000 1.000000 1.000000 1.000000 1.000000 1.000000 1.000000 1.000000 1.000000 1.000000 0.957400
-174.3750 -13.8445 7.95618 0.445092 0.365415 0.200041 61.796 65.797 1.000000 1.000000 0.983130 0.062800 0.062800 0.062800 0.062800 0.062800 0.062800 0.062800 0.062800 0.062800 0.062800 0.062800 0.062800
-135.0000 -13.8445 9.47056 0.441951 0.369400 0.222674 215.941 220.395 1.000000 1.000000 1.000000 1.000000 1.000000 1.000000 1.000000 1.000000 0.983122 0.955700 0.955700 0.955700 0.955700 0.955700 0.955700
-129.3750 -13.8445 9.45489 0.437522 0.361234 0.217569 215.498 219.849 1.000000 1.000000 1.000000 1.000000 1.000000 1.000000 1.000000 1.000000 1.000000 1.000000 1.000000 1.000000 1.000000 1.000000 1.000000
-123.7500 -13.8445 10.10034 0.436086 0.362418 0.225470 205.421 209.931 1.000000 1.000000 1.000000 1.000000 1.000000 1.000000 1.000000 1.000000 1.000000 1.000000 1.000000 1.000000 1.000000 1.000000 1.000000
-33.7500 -13.8445 6.65220 0.432810 0.328063 0.159586 49.266 52.457 1.000000 1.000000 0.170578 0.062800 0.062800 0.062800 0.062800 0.062800 0.062800 0.062800 0.062800 0.062800 0.062800 0.062800 0.062800
-28.1250 -13.8445 5.94344 0.425190 0.302858 0.135194 37.746 40.450 1.000000 0.434868 0.062800 0.062800 0.062800 0.062800 0.062800 0.062800 0.062800 0.062800 0.062800 0.062800 0.062800 0.062800 0.062800
-22.5000 -13.8445 5.91943 0.423534 0.299145 0.133100 40.836 43.498 1.000000 0.642927 0.062800 0.062800 0.062800 0.062800 0.062800 0.062800 0.062800 0.062800 0.062800 0.062800 0.062800 0.062800 0.062800
-16.8750 -13.8445 6.96335 0.435202 0.336466 0.169030 40.189 43.570 1.000000 0.583883 0.062800 0.062800 0.062800 0.062800 0.062800 0.062800 0.062800 0.062800 0.062800 0.062800 0.062800 0.062800 0.062800
-11.2500 -13.8445 5.97734 0.423312 0.299619 0.134361 38.737 41.425 1.000000 0.527651 0.062800 0.062800 0.062800 0.062800 0.062800 0.062800 0.062800 0.062800 0.062800 0.062800 0.062800 0.062800 0.062800
-5.6250 -13.8445 9.28803 0.450402 0.384250 0.229333 170.274 174.861 1.000000 1.000000 1.000000 1.000000 1.000000 1.000000 1.000000 1.000000 1.000000 1.000000 0.238532 0.188200 0.188200 0.188200 0.188200
16.8750 -19.3822 10.42446 0.446111 0.381836 0.241082 211.090 215.911 1.000000 1.000000 1.000000 1.000000 1.000000 1.000000 1.000000 1.000000 1.000000 1.000000 1.000000 1.000000 1.000000 1.000000 0.997090
22.5000 -19.3822 7.16669 0.430627 0.329616 0.168855 213.875 217.252 1.000000 1.000000 1.000000 1.000000 1.000000 1.000000 1.000000 1.000000 1.000000 1.000000 1.000000 1.000000 0.718495 0.292700 0.292700
45.0000 -19.3822 7.36829 0.440912 0.352070 0.183689 21.969 23.532 0.425496 0.062800 0.062800 0.062800 0.062800 0.062800 0.062800 0.062800 0.062800 0.062800 0.062800 0.062800 0.062800 0.062800 0.062800
50.6250 -19.3822 7.97487 0.433774 0.343508 0.188313 163.228 166.994 1.000000 1.000000 1.000000 1.000000 1.000000 0.954644 0.507000 0.507000 0.507000 0.507000 0.507000 0.507000 0.507000 0.507000 0.507000
56.2500 -19.3822 8.39950 0.434615 0.348591 0.196996 194.225 198.165 1.000000 1.000000 1.000000 0.934028 0.807100 0.807100 0.807100 0.807100 0.807100 0.807100 0.807100 0.807100 0.807100 0.807100 0.807100
61.8750 -19.3822 8.26746 0.453520 0.384602 0.215375 19.113 20.191 0.250240 0.062800 0.062800 0.062800 0.062800 0.062800 0.062800 0.062800 0.062800 0.062800 0.062800 0.062800 0.062800 0.062800 0.062800
67.5000 -19.3822 7.31648 0.441034 0.351837 0.182723 22.302 23.908 0.439554 0.062800 0.062800 0.062800 0.062800 0.062800 0.062800 0.062800 0.062800 0.062800 0.062800 0.062800 0.062800 0.062800 0.062800
73.1250 -19.3822 6.41366 0.428192 0.315721 0.149521 39.316 42.307 1.000000 0.549207 0.062800 0.062800 0.062800 0.062800 0.062800 0.062800 0.062800 0.062800 0.062800 0.062800 0.062800 0.062800 0.062800
78.7500 -19.3822 6.35056 0.425957 0.310405 0.145916 246.734 249.653 1.000000 1.000000 1.000000 1.000000 1.000000 1.000000 1.000000 1.000000 1.000000 1.000000 1.000000 1.000000 1.000000 1.000000 1.000000
84.3750 -19.3822 6.51225 0.431542 0.323758 0.155072 38.909 42.010 1.000000 0.490163 0.062800 0.062800 0.062800 0.062800 0.062800 0.062800 0.062800 0.062800 0.062800 0.062800 0.062800 0.062800 0.062800
135.0000 -19.3822 8.50830 0.448771 0.376572 0.214367 61.218 65.505 1.000000 1.000000 0.684508 0.090800 0.090800 0.090800 0.090800 0.090800 0.090800 0.090800 0.090800 0.090800 0.090800 0.090800 0.090800
140.6250 -19.3822 7.20705 0.440022 0.348736 0.179320 73.153 76.739 1.000000 1.000000 1.000000 0.322423 0.090500 0.090500 0.090500 0.090500 0.090500 0.090500 0.090500 0.090500 0.090500 0.090500 0.090500
146.2500 -19.3822 7.49401 0.440673 0.352732 0.186054 132.573 136.294 1.000000 1.000000 1.000000 1.000000 1.000000 1.000000 0.529816 0.178000 0.178000 0.178000 0.178000 0.178000 0.178000 0.178000 0.178000
168.7500 -19.3822 6.26967 0.426505 0.310360 0.144481 67.317 70.207 1.000000 1.000000 1.000000 0.367390 0.062800 0.062800 0.062800 0.062800 0.062800 0.062800 0.062800 0.062800 0.062800 0.062800 0.062800
174.3750 -19.3822 5.82598 0.421871 0.294298 0.129254 83.622 86.207 1.000000 1.000000 1.000000 1.000000 0.438617 0.062800 0.062800 0.062800 0.062800 0.062800 0.062800 0.062800 0.062800 0.062800 0.062800
180.0000 -19.3822 6.68044 0.431987 0.326743 0.159429 242.650 245.839 1.000000 1.000000 1.000000 1.000000 1.000000 1.000000 1.000000 1.000000 1.000000 1.000000 1.000000 1.000000 1.000000 1.000000 0.502686
-140.6250 -19.3822 6.77603 0.438398 0.340937 0.168047 24.177 25.922 0.519216 0.062800 0.062800 0.062800 0.062800 0.062800 0.062800 0.062800 0.062800 0.062800 0.062800 0.062800 0.062800 0.062800 0.062800
-135.0000 -19.3822 6.66921 0.434140 0.330968 0.161295 23.632 25.289 0.513593 0.062800 0.062800 0.062800 0.062800 0.062800 0.062800 0.062800 0.062800 0.062800 0.062800 0.062800 0.062800 0.062800 0.062800
-129.3750 -19.3822 8.91405 0.436941 0.356678 0.208318 218.156 222.322 1.000000 1.000000 1.000000 1.000000 1.000000 1.000000 1.000000 1.000000 1.000000 1.000000 0.962396 0.935500 0.935500 0.935500 0.935500
-123.7500 -19.3822 10.24702 0.439793 0.369721 0.231582 207.209 211.841 1.000000 1.000000 1.000000 1.000000 1.000000 1.000000 1.000000 1.000000 1.000000 1.000000 1.000000 1.000000 1.000000 1.000000 1.000000
-56.2500 -19.3822 6.97937 0.436063 0.338378 0.170259 53.667 57.072 1.000000 1.000000 0.438617 0.062800 0.062800 0.062800 0.062800 0.062800 0.062800 0.062800 0.062800 0.062800 0.062800 0.062800 0.062800
-50.6250 -19.3822 6.74108 0.435298 0.334170 0.164109 34.683 37.965 1.000000 0.223061 0.062800 0.062800 0.062800 0.062800 0.062800 0.062800 0.062800 0.062800 0.062800 0.062800 0.062800 0.062800 0.062800
-39.3750 -19.3822 7.14858 0.436992 0.342022 0.174914 40.581 44.079 1.000000 0.611999 0.062800 0.062800 0.062800 0.062800 0.062800 0.062800 0.062800 0.062800 0.062800 0.062800 0.062800 0.062800 0.062800
-22.5000 -19.3822 8.36162 0.447305 0.372714 0.210085 65.907 70.108 1.000000 1.000000 1.000000 0.361767 0.062800 0.062800 0.062800 0.062800 0.062800 0.062800 0.062800 0.062800 0.062800 0.062800 0.062800
-16.8750 -19.3822 6.91313 0.433836 0.333166 0.166537 48.522 51.853 1.000000 1.000000 0.158394 0.062800 0.062800 0.062800 0.062800 0.062800 0.062800 0.062800 0.062800 0.062800 0.062800 0.062800 0.062800
-11.2500 -19.3822 5.94455 0.423475 0.299426 0.133682 126.197 128.870 1.000000 1.000000 1.000000 1.000000 1.000000 1.000000 1.000000 0.174327 0.062800 0.062800 0.062800 0.062800 0.062800 0.062800 0.062800
-5.6250 -19.3822 6.34688 0.430190 0.318854 0.149822 137.100 140.097 1.000000 1.000000 1.000000 1.000000 1.000000 1.000000 1.000000 0.608300 0.071800 0.071800 0.071800 0.071800 0.071800 0.071800 0.071800
11.2500 -24.9199 7.20626 0.435914 0.340451 0.175047 139.175 142.676 1.000000 1.000000 1.000000 1.000000 1.000000 1.000000 0.687888 0.215800 0.215800 0.215800 0.215800 0.215800 0.215800 0.215800 0.215800
16.8750 -24.9199 8.62198 0.434618 0.350299 0.200898 218.052 222.070 1.000000 1.000000 1.000000 1.000000 1.000000 1.000000 1.000000 1.000000 1.000000 1.000000 1.000000 1.000000 1.000000 0.845188 0.749900
22.5000 -24.9199 7.36684 0.425289 0.321578 0.167758 230.729 234.085 1.000000 1.000000 1.000000 1.000000 1.000000 1.000000 1.000000 1.000000 1.000000 1.000000 1.000000 1.000000 1.000000 1.000000 1.000000
28.1250 -24.9199 6.31403 0.428084 0.314148 0.147032 34.694 37.634 1.000000 0.259612 0.062800 0.062800 0.062800 0.062800 0.062800 0.062800 0.062800 0.062800 0.062800 0.062800 0.062800 0.062800 0.062800
50.6250 -24.9199 6.86570 0.436032 0.337073 0.167685 57.280 60.633 1.000000 1.000000 0.155170 0.102200 0.102200 0.102200 0.102200 0.102200 0.102200 0.102200 0.102200 0.102200 0.102200 0.102200 0.102200
56.2500 -24.9199 7.56187 0.434705 0.341556 0.181196 136.025 139.649 1.000000 1.000000 1.000000 1.000000 1.000000 0.420696 0.340200 0.340200 0.340200 0.340200 0.340200 0.340200 0.340200 0.340200 0.340200
61.8750 -24.9199 7.84038 0.448533 0.371507 0.201573 19.225 20.241 0.252114 0.062800 0.062800 0.062800 0.062800 0.062800 0.062800 0.062800 0.062800 0.062800 0.062800 0.062800 0.062800 0.062800 0.062800
67.5000 -24.9199 7.17279 0.439489 0.347317 0.178024 24.166 26.118 0.548270 0.062800 0.062800 0.062800 0.062800 0.062800 0.062800 0.062800 0.062800 0.062800 0.062800 0.062800 0.062800 0.062800 0.062800
73.1250 -24.9199 7.67911 0.445388 0.363843 0.194897 25.225 27.618 0.613874 0.062800 0.062800 0.062800 0.062800 0.062800 0.062800 0.062800 0.062800 0.062800 0.062800 0.062800 0.062800 0.062800 0.062800
78.7500 -24.9199 7.74921 0.445708 0.365053 0.196652 29.215 32.581 0.855671 0.062800 0.062800 0.062800 0.062800 0.062800 0.062800 0.062800 0.062800 0.062800 0.062800 0.062800 0.062800 0.062800 0.062800
84.3750 -24.9199 6.43112 0.429735 0.319054 0.151406 50.327 53.355 1.000000 1.000000 0.248366 0.062800 0.062800 0.062800 0.062800 0.062800 0.062800 0.062800 0.062800 0.062800 0.062800 0.062800 0.062800
90.0000 -24.9199 9.34738 0.444140 0.372743 0.223196 224.321 228.785 1.000000 1.000000 1.000000 1.000000 1.000000 1.000000 1.000000 1.000000 1.000000 1.000000 1.000000 1.000000 1.000000 1.000000 1.000000
95.6250 -24.9199 10.04220 0.446655 0.381036 0.236402 216.950 221.678 1.000000 1.000000 1.000000 1.000000 1.000000 1.000000 1.000000 1.000000 1.000000 1.000000 1.000000 1.000000 1.000000 1.000000 1.000000
140.6250 -24.9199 7.95987 0.444598 0.364457 0.199571 40.154 44.146 1.000000 0.526579 0.069900 0.069900 0.069900 0.069900 0.069900 0.069900 0.069900 0.069900 0.069900 0.069900 0.069900 0.069900 0.069900
168.7500 -24.9199 7.10748 0.437702 0.343036 0.174753 42.490 45.985 1.000000 0.708531 0.062800 0.062800 0.062800 0.062800 0.062800 0.062800 0.062800 0.062800 0.062800 0.062800 0.062800 0.062800 0.062800
174.3750 -24.9199 6.67262 0.434260 0.331253 0.161494 80.039 83.269 1.000000 1.000000 1.000000 0.929426 0.071400 0.071400 0.071400 0.071400 0.071400 0.071400 0.071400 0.071400 0.071400 0.071400 0.071400
-146.2500 -24.9199 6.57291 0.435608 0.332829 0.160503 31.463 34.501 0.946580 0.062800 0.062800 0.062800 0.062800 0.062800 0.062800 0.062800 0.062800 0.062800 0.062800 0.062800 0.062800 0.062800 0.062800
-140.6250 -24.9199 6.19321 0.425415 0.307085 0.141613 35.856 38.689 1.000000 0.350520 0.062800 0.062800 0.062800 0.062800 0.062800 0.062800 0.062800 0.062800 0.062800 0.062800 0.062800 0.062800 0.062800
-135.0000 -24.9199 6.10542 0.431658 0.318535 0.145267 27.072 29.057 0.683226 0.062800 0.062800 0.062800 0.062800 0.062800 0.062800 0.062800 0.062800 0.062800 0.062800 0.062800 0.062800 0.062800 0.062800
-129.3750 -24.9199 5.60698 0.432476 0.312683 0.132985 28.447 30.319 0.703845 0.062800 0.062800 0.062800 0.062800 0.062800 0.062800 0.062800 0.062800 0.062800 0.062800 0.062800 0.062800 0.062800 0.062800
-123.7500 -24.9199 8.58856 0.443445 0.366712 0.209857 235.283 239.480 1.000000 1.000000 1.000000 1.000000 1.000000 1.000000 1.000000 1.000000 1.000000 1.000000 1.000000 1.000000 1.000000 1.000000 1.000000
-56.2500 -24.9199 6.63975 0.433638 0.329594 0.160115 43.825 47.027 1.000000 0.769449 0.062800 0.062800 0.062800 0.062800 0.062800 0.062800 0.062800 0.062800 0.062800 0.062800 0.062800 0.062800 0.062800
-50.6250 -24.9199 5.44933 0.416108 0.276162 0.114583 47.915 50.207 1.000000 1.000000 0.211815 0.062800 0.062800 0.062800 0.062800 0.062800 0.062800 0.062800 0.062800 0.062800 0.062800 0.062800 0.062800
-45.0000 -24.9199 5.61722 0.418652 0.284297 0.121101 73.911 76.333 1.000000 1.000000 1.000000 0.679788 0.077200 0.077200 0.077200 0.077200 0.077200 0.077200 0.077200 0.077200 0.077200 0.077200 0.077200
-39.3750 -24.9199 6.36017 0.432000 0.322724 0.151880 80.641 83.679 1.000000 1.000000 1.000000 0.723542 0.090600 0.090600 0.090600 0.090600 0.090600 0.090600 0.090600 0.090600 0.090600 0.090600 0.090600
-22.5000 -24.9199 7.44129 0.438871 0.348639 0.183063 79.034 82.695 1.000000 1.000000 1.000000 1.000000 0.145274 0.062800 0.062800 0.062800 0.062800 0.062800 0.062800 0.062800 0.062800 0.062800 0.062800
-16.8750 -24.9199 5.90581 0.421568 0.295007 0.131014 63.631 66.252 1.000000 1.000000 1.000000 0.189322 0.062800 0.062800 0.062800 0.062800 0.062800 0.062800 0.062800 0.062800 0.062800 0.062800 0.062800
-11.2500 -24.9199 6.57777 0.431187 0.323868 0.156266 77.064 80.189 1.000000 1.000000 1.000000 0.907217 0.062800 0.062800 0.062800 0.062800 0.062800 0.062800 0.062800 0.062800 0.062800 0.062800 0.062800
-5.6250 -24.9199 5.99561 0.420757 0.294850 0.132546 74.818 77.468 1.000000 1.000000 1.000000 0.910106 0.063600 0.063600 0.063600 0.063600 0.063600 0.063600 0.063600 0.063600 0.063600 0.063600 0.063600
5.6250 -30.4576 6.95432 0.439890 0.345930 0.173629 56.762 60.235 1.000000 1.000000 0.396770 0.074800 0.074800 0.074800 0.074800 0.074800 0.074800 0.074800 0.074800 0.074800 0.074800 0.074800 0.074800
11.2500 -30.4576 6.86462 0.435520 0.336022 0.167144 83.099 86.441 1.000000 1.000000 1.000000 0.652313 0.115300 0.115300 0.115300 0.115300 0.115300 0.115300 0.115300 0.115300 0.115300 0.115300 0.115300
16.8750 -30.4576 7.15533 0.435706 0.339513 0.173740 74.191 77.666 1.000000 1.000000 0.472648 0.166900 0.166900 0.166900 0.166900 0.166900 0.166900 0.166900 0.166900 0.166900 0.166900 0.166900 0.166900
22.5000 -30.4576 7.74783 0.438334 0.350331 0.188701 129.435 133.209 1.000000 1.000000 1.000000 1.000000 1.000000 0.524990 0.275900 0.275900 0.275900 0.275900 0.275900 0.275900 0.275900 0.275900 0.275900
28.1250 -30.4576 6.17826 0.425807 0.307650 0.141608 30.331 33.015 0.947517 0.062800 0.062800 0.062800 0.062800 0.062800 0.062800 0.062800 0.062800 0.062800 0.062800 0.062800 0.062800 0.062800 0.062800
33.7500 -30.4576 6.81225 0.434631 0.333629 0.165065 44.473 47.774 1.000000 0.821932 0.062800 0.062800 0.062800 0.062800 0.062800 0.062800 0.062800 0.062800 0.062800 0.062800 0.062800 0.062800 0.062800
50.6250 -30.4576 6.15516 0.428316 0.312376 0.143365 35.103 37.970 1.000000 0.260549 0.062800 0.062800 0.062800 0.062800 0.062800 0.062800 0.062800 0.062800 0.062800 0.062800 0.062800 0.062800 0.062800
56.2500 -30.4576 6.52630 0.430724 0.322283 0.154610 32.939 36.031 1.000000 0.148085 0.062800 0.062800 0.062800 0.062800 0.062800 0.062800 0.062800 0.062800 0.062800 0.062800 0.062800 0.062800 0.062800
61.8750 -30.4576 7.35002 0.441226 0.352539 0.183636 31.914 35.587 1.000000 0.073109 0.062800 0.062800 0.062800 0.062800 0.062800 0.062800 0.062800 0.062800 0.062800 0.062800 0.062800 0.062800 0.062800
67.5000 -30.4576 6.88811 0.435436 0.336113 0.167588 40.783 44.134 1.000000 0.603564 0.062800 0.062800 0.062800 0.062800 0.062800 0.062800 0.062800 0.062800 0.062800 0.062800 0.062800 0.062800 0.062800
73.1250 -30.4576 7.84085 0.447262 0.368918 0.200176 27.472 30.470 0.748830 0.062800 0.062800 0.062800 0.062800 0.062800 0.062800 0.062800 0.062800 0.062800 0.062800 0.062800 0.062800 0.062800 0.062800
78.7500 -30.4576 7.18940 0.439136 0.346763 0.178015 28.058 30.847 0.783507 0.062800 0.062800 0.062800 0.062800 0.062800 0.062800 0.062800 0.062800 0.062800 0.062800 0.062800 0.062800 0.062800 0.062800
84.3750 -30.4576 7.40703 0.436097 0.342805 0.179465 245.011 248.600 1.000000 1.000000 1.000000 1.000000 1.000000 1.000000 1.000000 1.000000 1.000000 1.000000 1.000000 1.000000 1.000000 1.000000 1.000000
90.0000 -30.4576 8.78290 0.443572 0.368240 0.213350 219.164 223.431 1.000000 1.000000 1.000000 1.000000 1.000000 1.000000 1.000000 1.000000 1.000000 1.000000 1.000000 1.000000 1.000000 0.646633 0.503000
-151.8750 -30.4576 7.01750 0.438428 0.343584 0.173525 43.353 46.824 1.000000 0.732898 0.062800 0.062800 0.062800 0.062800 0.062800 0.062800 0.062800 0.062800 0.062800 0.062800 0.062800 0.062800 0.062800
-146.2500 -30.4576 7.24558 0.444070 0.357412 0.184433 83.087 86.775 1.000000 1.000000 1.000000 1.000000 0.175264 0.062800 0.062800 0.062800 0.062800 0.062800 0.062800 0.062800 0.062800 0.062800 0.062800
-140.6250 -30.4576 6.28530 0.429422 0.316456 0.147599 54.520 57.472 1.000000 1.000000 0.475168 0.062800 0.062800 0.062800 0.062800 0.062800 0.062800 0.062800 0.062800 0.062800 0.062800 0.062800 0.062800
-56.2500 -30.4576 8.06123 0.446272 0.368557 0.203351 26.555 29.517 0.728212 0.062800 0.062800 0.062800 0.062800 0.062800 0.062800 0.062800 0.062800 0.062800 0.062800 0.062800 0.062800 0.062800 0.062800
-50.6250 -30.4576 6.71683 0.435769 0.334853 0.164023 42.141 45.421 1.000000 0.650424 0.062800 0.062800 0.062800 0.062800 0.062800 0.062800 0.062800 0.062800 0.062800 0.062800 0.062800 0.062800 0.062800
-45.0000 -30.4576 5.89282 0.422141 0.295934 0.131191 52.049 54.673 1.000000 1.000000 0.405815 0.062800 0.062800 0.062800 0.062800 0.062800 0.062800 0.062800 0.062800 0.062800 0.062800 0.062800 0.062800
-39.3750 -30.4576 6.60002 0.433504 0.328839 0.159055 105.169 108.350 1.000000 1.000000 1.000000 1.000000 1.000000 0.462560 0.081300 0.081300 0.081300 0.081300 0.081300 0.081300 0.081300 0.081300 0.081300
-33.7500 -30.4576 7.98083 0.439583 0.354730 0.194553 206.587 210.478 1.000000 1.000000 1.000000 1.000000 1.000000 1.000000 1.000000 1.000000 1.000000 1.000000 1.000000 0.805384 0.364000 0.364000 0.364000
-16.8750 -30.4576 5.73586 0.419543 0.288149 0.124927 76.120 78.619 1.000000 1.000000 1.000000 0.972821 0.062800 0.062800 0.062800 0.062800 0.062800 0.062800 0.062800 0.062800 0.062800 0.062800 0.062800
-11.2500 -30.4576 5.91454 0.423460 0.298919 0.132910 77.280 79.938 1.000000 1.000000 1.000000 0.964386 0.062800 0.062800 0.062800 0.062800 0.062800 0.062800 0.062800 0.062800 0.062800 0.062800 0.062800
-5.6250 -30.4576 5.67862 0.421576 0.291209 0.125195 82.775 85.279 1.000000 1.000000 1.000000 1.000000 0.358018 0.062800 0.062800 0.062800 0.062800 0.062800 0.062800 0.062800 0.062800 0.062800 0.062800
0.0000 -35.9951 6.43348 0.431599 0.322863 0.153256 55.796 58.861 1.000000 1.000000 0.536086 0.062800 0.062800 0.062800 0.062800 0.062800 0.062800 0.062800 0.062800 0.062800 0.062800 0.062800 0.062800
5.6250 -35.9951 6.54740 0.431002 0.323112 0.155375 32.423 35.531 1.000000 0.102280 0.063900 0.063900 0.063900 0.063900 0.063900 0.063900 0.063900 0.063900 0.063900 0.063900 0.063900 0.063900 0.063900
11.2500 -35.9951 7.17270 0.439447 0.347229 0.177977 23.152 24.543 0.390719 0.069800 0.069800 0.069800 0.069800 0.069800 0.069800 0.069800 0.069800 0.069800 0.069800 0.069800 0.069800 0.069800 0.069800
16.8750 -35.9951 6.68587 0.432317 0.327473 0.159878 35.709 38.502 0.873482 0.089800 0.089800 0.089800 0.089800 0.089800 0.089800 0.089800 0.089800 0.089800 0.089800 0.089800 0.089800 0.089800 0.089800
22.5000 -35.9951 5.57375 0.413760 0.273950 0.115919 237.047 239.365 1.000000 1.000000 1.000000 1.000000 1.000000 1.000000 1.000000 1.000000 1.000000 1.000000 1.000000 1.000000 1.000000 1.000000 1.000000
28.1250 -35.9951 5.24679 0.419568 0.279112 0.111940 60.572 62.811 1.000000 1.000000 0.869729 0.062800 0.062800 0.062800 0.062800 0.062800 0.062800 0.062800 0.062800 0.062800 0.062800 0.062800 0.062800
50.6250 -35.9951 7.30317 0.438468 0.346525 0.179750 204.785 208.380 1.000000 1.000000 1.000000 1.000000 1.000000 1.000000 1.000000 1.000000 1.000000 1.000000 1.000000 0.796123 0.161000 0.161000 0.161000
56.2500 -35.9951 6.76917 0.432163 0.328157 0.161632 167.401 170.634 1.000000 1.000000 1.000000 1.000000 1.000000 1.000000 1.000000 1.000000 1.000000 0.522604 0.106000 0.106000 0.106000 0.106000 0.106000
61.8750 -35.9951 7.20186 0.439806 0.348246 0.178982 45.847 49.427 1.000000 0.892222 0.062800 0.062800 0.062800 0.062800 0.062800 0.062800 0.062800 0.062800 0.062800 0.062800 0.062800 0.062800 0.062800
67.5000 -35.9951 6.51398 0.433107 0.326967 0.156640 94.326 97.459 1.000000 1.000000 1.000000 1.000000 0.703938 0.083400 0.083400 0.083400 0.083400 0.083400 0.083400 0.083400 0.083400 0.083400 0.083400
73.1250 -35.9951 7.43319 0.437277 0.345391 0.181230 246.241 249.865 1.000000 1.000000 1.000000 1.000000 1.000000 1.000000 1.000000 1.000000 1.000000 1.000000 1.000000 1.000000 1.000000 1.000000 1.000000
78.7500 -35.9951 7.58614 0.437231 0.346723 0.184311 216.887 220.573 1.000000 1.000000 1.000000 1.000000 1.000000 1.000000 1.000000 1.000000 1.000000 1.000000 1.000000 1.000000 0.742452 0.305800 0.305800
84.3750 -35.9951 7.53951 0.440551 0.352895 0.186859 132.142 135.880 1.000000 1.000000 1.000000 1.000000 1.000000 0.980495 0.219800 0.219800 0.219800 0.219800 0.219800 0.219800 0.219800 0.219800 0.219800
-151.8750 -35.9951 6.32051 0.433392 0.325071 0.152262 56.217 59.262 1.000000 1.000000 0.499535 0.062800 0.062800 0.062800 0.062800 0.062800 0.062800 0.062800 0.062800 0.062800 0.062800 0.062800 0.062800
-146.2500 -35.9951 6.58865 0.439324 0.340760 0.164614 47.530 50.822 1.000000 0.881913 0.062800 0.062800 0.062800 0.062800 0.062800 0.062800 0.062800 0.062800 0.062800 0.062800 0.062800 0.062800 0.062800
-140.6250 -35.9951 6.51105 0.437695 0.336428 0.161119 37.298 40.520 1.000000 0.311158 0.062800 0.062800 0.062800 0.062800 0.062800 0.062800 0.062800 0.062800 0.062800 0.062800 0.062800 0.062800 0.062800
-45.0000 -35.9951 6.32571 0.430625 0.319455 0.149725 41.663 44.657 1.000000 0.638241 0.062800 0.062800 0.062800 0.062800 0.062800 0.062800 0.062800 0.062800 0.062800 0.062800 0.062800 0.062800 0.062800
-39.3750 -35.9951 6.38781 0.428652 0.316297 0.149341 37.993 40.980 1.000000 0.459236 0.062800 0.062800 0.062800 0.062800 0.062800 0.062800 0.062800 0.062800 0.062800 0.062800 0.062800 0.062800 0.062800
-33.7500 -35.9951 6.95370 0.436609 0.339207 0.170244 142.502 145.907 1.000000 1.000000 1.000000 1.000000 1.000000 1.000000 1.000000 0.600907 0.119000 0.119000 0.119000 0.119000 0.119000 0.119000 0.119000
-22.5000 -35.9951 5.03916 0.417631 0.270868 0.104620 57.009 59.101 1.000000 1.000000 0.661168 0.064000 0.064000 0.064000 0.064000 0.064000 0.064000 0.064000 0.064000 0.064000 0.064000 0.064000 0.064000
-16.8750 -35.9951 5.00420 0.413033 0.260904 0.100104 125.868 127.870 1.000000 1.000000 1.000000 1.000000 1.000000 1.000000 1.000000 0.388008 0.062800 0.062800 0.062800 0.062800 0.062800 0.062800 0.062800
-11.2500 -35.9951 5.26832 0.414822 0.270057 0.108714 151.182 153.357 1.000000 1.000000 1.000000 1.000000 1.000000 1.000000 1.000000 1.000000 0.993440 0.062800 0.062800 0.062800 0.062800 0.062800 0.062800
-5.6250 -35.9951 5.70474 0.421243 0.290994 0.125587 172.849 175.360 1.000000 1.000000 1.000000 1.000000 1.000000 1.000000 1.000000 1.000000 1.000000 1.000000 0.198694 0.062800 0.062800 0.062800 0.062800
0.0000 -41.5325 6.78703 0.433149 0.330346 0.163014 149.380 152.640 1.000000 1.000000 1.000000 1.000000 1.000000 1.000000 1.000000 1.000000 0.403942 0.087200 0.087200 0.087200 0.087200 0.087200 0.087200
5.6250 -41.5325 7.90403 0.448041 0.370973 0.202277 40.196 44.242 1.000000 0.419461 0.074100 0.074100 0.074100 0.074100 0.074100 0.074100 0.074100 0.074100 0.074100 0.074100 0.074100 0.074100 0.074100
11.2500 -41.5325 7.66441 0.445152 0.363243 0.194342 37.656 41.543 1.000000 0.262297 0.074400 0.074400 0.074400 0.074400 0.074400 0.074400 0.074400 0.074400 0.074400 0.074400 0.074400 0.074400 0.074400
16.8750 -41.5325 5.50053 0.416444 0.277795 0.116208 145.944 148.269 1.000000 1.000000 1.000000 1.000000 1.000000 1.000000 1.000000 1.000000 0.473940 0.093000 0.093000 0.093000 0.093000 0.093000 0.093000
22.5000 -41.5325 7.28618 0.433414 0.336321 0.174190 243.196 246.680 1.000000 1.000000 1.000000 1.000000 1.000000 1.000000 1.000000 1.000000 1.000000 1.000000 1.000000 1.000000 1.000000 1.000000 1.000000
50.6250 -41.5325 7.27313 0.436199 0.341692 0.176763 229.648 233.184 1.000000 1.000000 1.000000 1.000000 1.000000 1.000000 1.000000 1.000000 1.000000 1.000000 1.000000 1.000000 1.000000 0.669699 0.254400
56.2500 -41.5325 7.53493 0.439877 0.351505 0.186052 248.180 251.901 1.000000 1.000000 1.000000 1.000000 1.000000 1.000000 1.000000 1.000000 1.000000 1.000000 1.000000 1.000000 1.000000 1.000000 1.000000
61.8750 -41.5325 6.91016 0.434671 0.334811 0.167310 192.345 195.692 1.000000 1.000000 1.000000 1.000000 1.000000 1.000000 1.000000 1.000000 1.000000 1.000000 0.790794 0.173100 0.173100 0.173100 0.173100
-151.8750 -41.5325 6.16557 0.431003 0.318027 0.146151 165.940 168.863 1.000000 1.000000 1.000000 1.000000 1.000000 1.000000 1.000000 1.000000 0.876417 0.129700 0.129700 0.129700 0.129700 0.129700 0.129700
-146.2500 -41.5325 5.53427 0.433161 0.312970 0.131620 40.623 43.255 1.000000 0.423622 0.062800 0.062800 0.062800 0.062800 0.062800 0.062800 0.062800 0.062800 0.062800 0.062800 0.062800 0.062800 0.062800
-140.6250 -41.5325 5.69852 0.430248 0.309414 0.133414 135.516 138.185 1.000000 1.000000 1.000000 1.000000 1.000000 1.000000 0.782216 0.114700 0.114700 0.114700 0.114700 0.114700 0.114700 0.114700 0.114700
-39.3750 -41.5325 6.25580 0.429649 0.316509 0.147094 43.300 46.242 1.000000 0.739458 0.062800 0.062800 0.062800 0.062800 0.062800 0.062800 0.062800 0.062800 0.062800 0.062800 0.062800 0.062800 0.062800
-33.7500 -41.5325 6.57435 0.434049 0.329641 0.158991 90.503 93.683 1.000000 1.000000 1.000000 1.000000 0.418463 0.088500 0.088500 0.088500 0.088500 0.088500 0.088500 0.088500 0.088500 0.088500 0.088500
-16.8750 -41.5325 6.08913 0.428429 0.311647 0.141828 254.729 257.565 1.000000 1.000000 1.000000 1.000000 1.000000 1.000000 1.000000 1.000000 1.000000 1.000000 1.000000 1.000000 1.000000 1.000000 1.000000
-11.2500 -41.5325 4.84327 0.409302 0.249906 0.092881 235.538 237.396 1.000000 1.000000 1.000000 1.000000 1.000000 1.000000 1.000000 1.000000 1.000000 1.000000 1.000000 1.000000 1.000000 1.000000 1.000000
0.0000 -47.0696 6.69235 0.428663 0.320258 0.156465 245.690 248.820 1.000000 1.000000 1.000000 1.000000 1.000000 1.000000 1.000000 1.000000 1.000000 1.000000 1.000000 1.000000 1.000000 1.000000 1.000000
5.6250 -47.0696 6.74228 0.433625 0.330785 0.162467 49.393 52.642 1.000000 1.000000 0.180887 0.062800 0.062800 0.062800 0.062800 0.062800 0.062800 0.062800 0.062800 0.062800 0.062800 0.062800 0.062800
11.2500 -47.0696 6.85605 0.435198 0.335273 0.166626 44.874 48.207 1.000000 0.844425 0.062800 0.062800 0.062800 0.062800 0.062800 0.062800 0.062800 0.062800 0.062800 0.062800 0.062800 0.062800 0.062800
16.8750 -47.0696 5.33791 0.412660 0.267250 0.108868 237.573 239.751 1.000000 1.000000 1.000000 1.000000 1.000000 1.000000 1.000000 1.000000 1.000000 1.000000 1.000000 1.000000 1.000000 1.000000 1.000000
56.2500 -47.0696 6.96028 0.432255 0.330541 0.166003 154.597 157.917 1.000000 1.000000 1.000000 1.000000 1.000000 1.000000 1.000000 0.848114 0.221100 0.221100 0.221100 0.221100 0.221100 0.221100 0.221100
180.0000 -47.0696 8.14581 0.442990 0.362680 0.201348 126.563 130.589 1.000000 1.000000 1.000000 1.000000 1.000000 1.000000 0.934421 0.113800 0.113800 0.113800 0.113800 0.113800 0.113800 0.113800 0.113800
-157.5000 -47.0696 5.73213 0.427486 0.304176 0.131804 185.569 188.205 1.000000 1.000000 1.000000 1.000000 1.000000 1.000000 1.000000 1.000000 1.000000 0.646098 0.223900 0.223900 0.223900 0.223900 0.223900
-151.8750 -47.0696 6.20485 0.430924 0.318414 0.147051 152.791 155.732 1.000000 1.000000 1.000000 1.000000 1.000000 1.000000 1.000000 0.344703 0.224500 0.224500 0.224500 0.224500 0.224500 0.224500 0.224500
-90.0000 -47.0696 6.30480 0.425209 0.308279 0.144124 134.688 137.571 1.000000 1.000000 1.000000 1.000000 1.000000 1.000000 0.312177 0.236600 0.236600 0.236600 0.236600 0.236600 0.236600 0.236600 0.236600
-5.6250 -47.0696 6.04543 0.420440 0.295017 0.133498 242.279 244.949 1.000000 1.000000 1.000000 1.000000 1.000000 1.000000 1.000000 1.000000 1.000000 1.000000 1.000000 1.000000 1.000000 1.000000 1.000000
0.0000 -52.6065 6.82857 0.428912 0.322412 0.159784 243.942 247.138 1.000000 1.000000 1.000000 1.000000 1.000000 1.000000 1.000000 1.000000 1.000000 1.000000 1.000000 1.000000 1.000000 1.000000 1.000000
5.6250 -52.6065 5.65980 0.415655 0.279193 0.119692 239.250 241.644 1.000000 1.000000 1.000000 1.000000 1.000000 1.000000 1.000000 1.000000 1.000000 1.000000 1.000000 1.000000 1.000000 1.000000 1.000000
11.2500 -52.6065 6.67812 0.429395 0.321533 0.156848 142.826 145.963 1.000000 1.000000 1.000000 1.000000 1.000000 1.000000 1.000000 0.479841 0.170400 0.170400 0.170400 0.170400 0.170400 0.170400 0.170400
16.8750 -52.6065 6.45458 0.429637 0.319165 0.151870 124.091 127.128 1.000000 1.000000 1.000000 1.000000 1.000000 1.000000 0.227871 0.148700 0.148700 0.148700 0.148700 0.148700 0.148700 0.148700 0.148700
163.1250 -52.6065 7.05217 0.433180 0.333392 0.168944 96.449 99.828 1.000000 1.000000 0.775022 0.257500 0.257500 0.257500 0.257500 0.257500 0.257500 0.257500 0.257500 0.257500 0.257500 0.257500 0.257500
168.7500 -52.6065 7.12137 0.433074 0.333928 0.170337 112.374 115.780 1.000000 1.000000 1.000000 0.682496 0.289700 0.289700 0.289700 0.289700 0.289700 0.289700 0.289700 0.289700 0.289700 0.289700 0.289700
174.3750 -52.6065 7.25007 0.435739 0.340547 0.175802 119.925 123.441 1.000000 1.000000 1.000000 1.000000 0.366422 0.291300 0.291300 0.291300 0.291300 0.291300 0.291300 0.291300 0.291300 0.291300 0.291300
180.0000 -52.6065 6.88431 0.435131 0.335454 0.167195 167.988 171.332 1.000000 1.000000 1.000000 1.000000 1.000000 1.000000 1.000000 1.000000 0.494106 0.248300 0.248300 0.248300 0.248300 0.248300 0.248300
-140.6250 -52.6065 4.60923 0.422498 0.271218 0.095861 164.227 166.144 1.000000 1.000000 1.000000 1.000000 1.000000 1.000000 1.000000 1.000000 0.681890 0.113900 0.113900 0.113900 0.113900 0.113900 0.113900
-95.6250 -52.6065 6.67852 0.431078 0.324895 0.158495 125.653 128.823 1.000000 1.000000 1.000000 1.000000 1.000000 0.718871 0.203600 0.203600 0.203600 0.203600 0.203600 0.203600 0.203600 0.203600 0.203600
-90.0000 -52.6065 6.87654 0.429213 0.323573 0.161146 130.529 133.752 1.000000 1.000000 1.000000 1.000000 1.000000 0.725016 0.256800 0.256800 0.256800 0.256800 0.256800 0.256800 0.256800 0.256800 0.256800
-84.3750 -52.6065 7.41037 0.436931 0.344488 0.180398 131.201 134.809 1.000000 1.000000 1.000000 1.000000 1.000000 0.407283 0.287600 0.287600 0.287600 0.287600 0.287600 0.287600 0.287600 0.287600 0.287600
-45.0000 -52.6065 8.28569 0.442732 0.363208 0.203654 156.702 160.775 1.000000 1.000000 1.000000 1.000000 1.000000 1.000000 1.000000 0.724042 0.299600 0.299600 0.299600 0.299600 0.299600 0.299600 0.299600
-5.6250 -52.6065 6.42729 0.424935 0.309446 0.146782 243.997 246.933 1.000000 1.000000 1.000000 1.000000 1.000000 1.000000 1.000000 1.000000 1.000000 1.000000 1.000000 1.000000 1.000000 1.000000 1.000000
5.6250 -58.1430 6.24715 0.430782 0.318706 0.147957 64.467 67.426 1.000000 1.000000 0.835937 0.078300 0.078300 0.078300 0.078300 0.078300 0.078300 0.078300 0.078300 0.078300 0.078300 0.078300 0.078300
95.6250 -58.1430 5.84536 0.426563 0.304102 0.133924 56.422 59.100 1.000000 1.000000 0.295450 0.085000 0.085000 0.085000 0.085000 0.085000 0.085000 0.085000 0.085000 0.085000 0.085000 0.085000 0.085000
101.2500 -58.1430 5.79059 0.426778 0.303663 0.132698 82.361 85.015 1.000000 1.000000 1.000000 0.816382 0.091000 0.091000 0.091000 0.091000 0.091000 0.091000 0.091000 0.091000 0.091000 0.091000 0.091000
106.8750 -58.1430 6.50499 0.432586 0.325790 0.155917 66.452 69.571 1.000000 1.000000 0.911090 0.083400 0.083400 0.083400 0.083400 0.083400 0.083400 0.083400 0.083400 0.083400 0.083400 0.083400 0.083400
151.8750 -58.1430 6.33035 0.431328 0.320952 0.150511 59.780 62.790 1.000000 0.987637 0.116900 0.116900 0.116900 0.116900 0.116900 0.116900 0.116900 0.116900 0.116900 0.116900 0.116900 0.116900 0.116900
157.5000 -58.1430 6.04768 0.421505 0.297141 0.134499 67.481 70.171 1.000000 1.000000 0.655053 0.124500 0.124500 0.124500 0.124500 0.124500 0.124500 0.124500 0.124500 0.124500 0.124500 0.124500 0.124500
163.1250 -58.1430 6.44635 0.426488 0.312770 0.148686 59.211 62.185 1.000000 0.871773 0.133600 0.133600 0.133600 0.133600 0.133600 0.133600 0.133600 0.133600 0.133600 0.133600 0.133600 0.133600 0.133600
168.7500 -58.1430 6.05134 0.420997 0.296200 0.134137 74.344 77.026 1.000000 1.000000 0.846118 0.145100 0.145100 0.145100 0.145100 0.145100 0.145100 0.145100 0.145100 0.145100 0.145100 0.145100 0.145100
174.3750 -58.1430 6.07226 0.423431 0.301328 0.136832 91.485 94.222 1.000000 1.000000 1.000000 0.933544 0.148000 0.148000 0.148000 0.148000 0.148000 0.148000 0.148000 0.148000 0.148000 0.148000 0.148000
180.0000 -58.1430 6.86668 0.435002 0.334995 0.166668 81.136 84.470 1.000000 1.000000 1.000000 0.475953 0.122200 0.122200 0.122200 0.122200 0.122200 0.122200 0.122200 0.122200 0.122200 0.122200 0.122200
-174.3750 -58.1430 5.79009 0.430275 0.310931 0.135864 40.399 43.116 1.000000 0.482115 0.063500 0.063500 0.063500 0.063500 0.063500 0.063500 0.063500 0.063500 0.063500 0.063500 0.063500 0.063500 0.063500
-168.7500 -58.1430 4.99479 0.425756 0.286896 0.109879 43.534 45.732 1.000000 0.642927 0.062800 0.062800 0.062800 0.062800 0.062800 0.062800 0.062800 0.062800 0.062800 0.062800 0.062800 0.062800 0.062800
-157.5000 -58.1430 5.40370 0.430358 0.304663 0.125473 48.334 50.844 1.000000 0.880976 0.062800 0.062800 0.062800 0.062800 0.062800 0.062800 0.062800 0.062800 0.062800 0.062800 0.062800 0.062800 0.062800
-151.8750 -58.1430 4.81310 0.425642 0.282745 0.104436 52.007 54.096 1.000000 1.000000 0.163080 0.062800 0.062800 0.062800 0.062800 0.062800 0.062800 0.062800 0.062800 0.062800 0.062800 0.062800 0.062800
-140.6250 -58.1430 4.89158 0.424701 0.282432 0.106001 46.929 49.049 1.000000 0.843488 0.062800 0.062800 0.062800 0.062800 0.062800 0.062800 0.062800 0.062800 0.062800 0.062800 0.062800 0.062800 0.062800
-123.7500 -58.1430 5.39007 0.424653 0.292330 0.120124 51.228 53.630 1.000000 1.000000 0.221187 0.062800 0.062800 0.062800 0.062800 0.062800 0.062800 0.062800 0.062800 0.062800 0.062800 0.062800 0.062800
-118.1250 -58.1430 5.81814 0.425628 0.301753 0.132381 68.861 71.509 1.000000 1.000000 1.000000 0.374888 0.062800 0.062800 0.062800 0.062800 0.062800 0.062800 0.062800 0.062800 0.062800 0.062800 0.062800
-112.5000 -58.1430 5.41915 0.419747 0.282828 0.116775 77.596 79.932 1.000000 1.000000 1.000000 0.982193 0.062800 0.062800 0.062800 0.062800 0.062800 0.062800 0.062800 0.062800 0.062800 0.062800 0.062800
-106.8750 -58.1430 5.23106 0.417350 0.274319 0.109716 50.138 52.333 1.000000 1.000000 0.292414 0.062800 0.062800 0.062800 0.062800 0.062800 0.062800 0.062800 0.062800 0.062800 0.062800 0.062800 0.062800
-101.2500 -58.1430 5.68507 0.422388 0.292956 0.126067 44.485 47.006 1.000000 0.849111 0.062800 0.062800 0.062800 0.062800 0.062800 0.062800 0.062800 0.062800 0.062800 0.062800 0.062800 0.062800 0.062800
-95.6250 -58.1430 5.77473 0.420764 0.291235 0.126978 42.136 44.675 1.000000 0.748830 0.062800 0.062800 0.062800 0.062800 0.062800 0.062800 0.062800 0.062800 0.062800 0.062800 0.062800 0.062800 0.062800
-90.0000 -58.1430 6.07981 0.423270 0.301125 0.136874 81.934 84.672 1.000000 1.000000 1.000000 0.737655 0.113700 0.113700 0.113700 0.113700 0.113700 0.113700 0.113700 0.113700 0.113700 0.113700 0.113700
-84.3750 -58.1430 6.51635 0.431988 0.324717 0.155603 90.653 93.765 1.000000 1.000000 1.000000 0.599368 0.160100 0.160100 0.160100 0.160100 0.160100 0.160100 0.160100 0.160100 0.160100 0.160100 0.160100
-61.8750 -58.1430 11.10058 0.460686 0.410923 0.266816 25.190 29.826 0.868792 0.062800 0.062800 0.062800 0.062800 0.062800 0.062800 0.062800 0.062800 0.062800 0.062800 0.062800 0.062800 0.062800 0.062800
-56.2500 -58.1430 6.27583 0.430914 0.319369 0.148786 99.255 102.231 1.000000 1.000000 1.000000 1.000000 0.765589 0.105300 0.105300 0.105300 0.105300 0.105300 0.105300 0.105300 0.105300 0.105300 0.105300
-50.6250 -58.1430 7.05368 0.437629 0.342334 0.173501 103.085 106.555 1.000000 1.000000 1.000000 1.000000 0.526740 0.157900 0.157900 0.157900 0.157900 0.157900 0.157900 0.157900 0.157900 0.157900 0.157900
-45.0000 -58.1430 7.67683 0.444309 0.361635 0.193678 73.627 77.501 1.000000 1.000000 0.269289 0.176200 0.176200 0.176200 0.176200 0.176200 0.176200 0.176200 0.176200 0.176200 0.176200 0.176200 0.176200
-39.3750 -58.1430 6.86125 0.434672 0.334267 0.166214 72.432 75.756 1.000000 1.000000 0.258045 0.171000 0.171000 0.171000 0.171000 0.171000 0.171000 0.171000 0.171000 0.171000 0.171000 0.171000 0.171000
5.6250 -63.6786 9.64907 0.454003 0.392917 0.239078 21.773 24.336 0.536086 0.062800 0.062800 0.062800 0.062800 0.062800 0.062800 0.062800 0.062800 0.062800 0.062800 0.062800 0.062800 0.062800 0.062800
61.8750 -63.6786 6.97046 0.438567 0.343379 0.172624 33.096 36.549 1.000000 0.121844 0.062800 0.062800 0.062800 0.062800 0.062800 0.062800 0.062800 0.062800 0.062800 0.062800 0.062800 0.062800 0.062800
67.5000 -63.6786 6.88420 0.438814 0.342971 0.170940 50.902 54.320 1.000000 1.000000 0.205254 0.062800 0.062800 0.062800 0.062800 0.062800 0.062800 0.062800 0.062800 0.062800 0.062800 0.062800 0.062800
73.1250 -63.6786 5.68996 0.420222 0.288700 0.124325 52.919 55.405 1.000000 1.000000 0.465796 0.062800 0.062800 0.062800 0.062800 0.062800 0.062800 0.062800 0.062800 0.062800 0.062800 0.062800 0.062800
78.7500 -63.6786 5.05336 0.412403 0.260756 0.100984 49.221 51.240 1.000000 1.000000 0.327090 0.062800 0.062800 0.062800 0.062800 0.062800 0.062800 0.062800 0.062800 0.062800 0.062800 0.062800 0.062800
95.6250 -63.6786 4.79846 0.407510 0.245376 0.090358 87.971 89.778 1.000000 1.000000 1.000000 1.000000 1.000000 0.109660 0.062800 0.062800 0.062800 0.062800 0.062800 0.062800 0.062800 0.062800 0.062800
101.2500 -63.6786 5.56354 0.420877 0.287770 0.121575 79.189 81.621 1.000000 1.000000 1.000000 1.000000 0.136839 0.062800 0.062800 0.062800 0.062800 0.062800 0.062800 0.062800 0.062800 0.062800 0.062800
106.8750 -63.6786 6.25318 0.431396 0.320049 0.148691 63.646 66.620 1.000000 1.000000 0.960638 0.062800 0.062800 0.062800 0.062800 0.062800 0.062800 0.062800 0.062800 0.062800 0.062800 0.062800 0.062800
151.8750 -63.6786 6.21010 0.431169 0.318990 0.147413 33.931 36.879 1.000000 0.161206 0.062800 0.062800 0.062800 0.062800 0.062800 0.062800 0.062800 0.062800 0.062800 0.062800 0.062800 0.062800 0.062800
157.5000 -63.6786 6.76795 0.437561 0.339117 0.167009 36.020 39.360 1.000000 0.276482 0.062800 0.062800 0.062800 0.062800 0.062800 0.062800 0.062800 0.062800 0.062800 0.062800 0.062800 0.062800 0.062800
163.1250 -63.6786 5.44875 0.416581 0.277081 0.114953 34.873 37.172 1.000000 0.334588 0.062800 0.062800 0.062800 0.062800 0.062800 0.062800 0.062800 0.062800 0.062800 0.062800 0.062800 0.062800 0.062800
168.7500 -63.6786 6.33299 0.428097 0.314434 0.147501 27.803 30.123 0.786318 0.062800 0.062800 0.062800 0.062800 0.062800 0.062800 0.062800 0.062800 0.062800 0.062800 0.062800 0.062800 0.062800 0.062800
174.3750 -63.6786 6.26286 0.427762 0.312788 0.145490 25.841 27.777 0.665420 0.062800 0.062800 0.062800 0.062800 0.062800 0.062800 0.062800 0.062800 0.062800 0.062800 0.062800 0.062800 0.062800 0.062800
180.0000 -63.6786 6.41156 0.429438 0.318197 0.150657 30.385 33.201 0.934396 0.062800 0.062800 0.062800 0.062800 0.062800 0.062800 0.062800 0.062800 0.062800 0.062800 0.062800 0.062800 0.062800 0.062800
-174.3750 -63.6786 5.83305 0.421483 0.293643 0.129094 43.521 46.103 1.000000 0.828492 0.062800 0.062800 0.062800 0.062800 0.062800 0.062800 0.062800 0.062800 0.062800 0.062800 0.062800 0.062800 0.062800
-168.7500 -63.6786 5.62645 0.423768 0.294743 0.125726 59.957 62.472 1.000000 1.000000 0.793816 0.062800 0.062800 0.062800 0.062800 0.062800 0.062800 0.062800 0.062800 0.062800 0.062800 0.062800 0.062800
-163.1250 -63.6786 5.96544 0.430376 0.313829 0.140508 54.028 56.838 1.000000 1.000000 0.363641 0.062800 0.062800 0.062800 0.062800 0.062800 0.062800 0.062800 0.062800 0.062800 0.062800 0.062800 0.062800
-157.5000 -63.6786 6.51506 0.438099 0.337324 0.161621 41.960 45.192 1.000000 0.571700 0.062800 0.062800 0.062800 0.062800 0.062800 0.062800 0.062800 0.062800 0.062800 0.062800 0.062800 0.062800 0.062800
-151.8750 -63.6786 6.88204 0.440032 0.345467 0.172146 39.052 42.495 1.000000 0.436743 0.062800 0.062800 0.062800 0.062800 0.062800 0.062800 0.062800 0.062800 0.062800 0.062800 0.062800 0.062800 0.062800
-146.2500 -63.6786 5.72288 0.430576 0.310499 0.134362 50.433 53.120 1.000000 1.000000 0.109660 0.062800 0.062800 0.062800 0.062800 0.062800 0.062800 0.062800 0.062800 0.062800 0.062800 0.062800 0.062800
-140.6250 -63.6786 5.48998 0.428628 0.302478 0.126322 55.209 57.736 1.000000 1.000000 0.380511 0.062800 0.062800 0.062800 0.062800 0.062800 0.062800 0.062800 0.062800 0.062800 0.062800 0.062800 0.062800
-135.0000 -63.6786 7.40429 0.444509 0.359737 0.188284 35.032 38.797 1.000000 0.226810 0.062800 0.062800 0.062800 0.062800 0.062800 0.062800 0.062800 0.062800 0.062800 0.062800 0.062800 0.062800 0.062800
-129.3750 -63.6786 4.94146 0.413209 0.259841 0.098491 58.659 60.629 1.000000 1.000000 0.881913 0.062800 0.062800 0.062800 0.062800 0.062800 0.062800 0.062800 0.062800 0.062800 0.062800 0.062800 0.062800
-123.7500 -63.6786 5.40832 0.416861 0.276858 0.114108 54.729 57.012 1.000000 1.000000 0.609188 0.062800 0.062800 0.062800 0.062800 0.062800 0.062800 0.062800 0.062800 0.062800 0.062800 0.062800 0.062800
-118.1250 -63.6786 5.64411 0.419431 0.286321 0.122460 56.101 58.550 1.000000 1.000000 0.670106 0.062800 0.062800 0.062800 0.062800 0.062800 0.062800 0.062800 0.062800 0.062800 0.062800 0.062800 0.062800
-112.5000 -63.6786 5.54437 0.418524 0.282719 0.119086 75.147 77.529 1.000000 1.000000 1.000000 0.901594 0.062800 0.062800 0.062800 0.062800 0.062800 0.062800 0.062800 0.062800 0.062800 0.062800 0.062800
-106.8750 -63.6786 5.89592 0.422862 0.297422 0.131907 62.252 64.890 1.000000 1.000000 1.000000 0.070298 0.062800 0.062800 0.062800 0.062800 0.062800 0.062800 0.062800 0.062800 0.062800 0.062800 0.062800
-101.2500 -63.6786 6.48814 0.430585 0.321514 0.153576 31.338 34.370 0.986879 0.062800 0.062800 0.062800 0.062800 0.062800 0.062800 0.062800 0.062800 0.062800 0.062800 0.062800 0.062800 0.062800 0.062800
-95.6250 -63.6786 6.62551 0.432873 0.327866 0.159028 23.642 25.300 0.521091 0.062800 0.062800 0.062800 0.062800 0.062800 0.062800 0.062800 0.062800 0.062800 0.062800 0.062800 0.062800 0.062800 0.062800
-90.0000 -63.6786 6.02033 0.423496 0.300657 0.135601 34.653 37.365 1.000000 0.283042 0.062800 0.062800 0.062800 0.062800 0.062800 0.062800 0.062800 0.062800 0.062800 0.062800 0.062800 0.062800 0.062800
-84.3750 -63.6786 6.44712 0.432080 0.324021 0.154048 29.361 31.974 0.848174 0.062800 0.062800 0.062800 0.062800 0.062800 0.062800 0.062800 0.062800 0.062800 0.062800 0.062800 0.062800 0.062800 0.062800
-78.7500 -63.6786 6.38557 0.433567 0.326280 0.154014 28.788 31.227 0.791942 0.062800 0.062800 0.062800 0.062800 0.062800 0.062800 0.062800 0.062800 0.062800 0.062800 0.062800 0.062800 0.062800 0.062800
-61.8750 -63.6786 6.55982 0.434640 0.330676 0.159233 38.387 41.572 1.000000 0.422685 0.062800 0.062800 0.062800 0.062800 0.062800 0.062800 0.062800 0.062800 0.062800 0.062800 0.062800 0.062800 0.062800
-56.2500 -63.6786 6.01670 0.428500 0.310719 0.140072 45.406 48.208 1.000000 0.844425 0.062800 0.062800 0.062800 0.062800 0.062800 0.062800 0.062800 0.062800 0.062800 0.062800 0.062800 0.062800 0.062800
-50.6250 -63.6786 6.12349 0.426022 0.307276 0.140457 41.683 44.492 1.000000 0.682289 0.062800 0.062800 0.062800 0.062800 0.062800 0.062800 0.062800 0.062800 0.062800 0.062800 0.062800 0.062800 0.062800
-45.0000 -63.6786 8.18024 0.446591 0.370047 0.205947 35.365 39.484 1.000000 0.223013 0.071700 0.071700 0.071700 0.071700 0.071700 0.071700 0.071700 0.071700 0.071700 0.071700 0.071700 0.071700 0.071700
-39.3750 -63.6786 6.30734 0.429399 0.316711 0.148112 59.143 62.106 1.000000 1.000000 0.381134 0.093900 0.093900 0.093900 0.093900 0.093900 0.093900 0.093900 0.093900 0.093900 0.093900 0.093900 0.093900
-33.7500 -63.6786 6.52073 0.431821 0.324433 0.155544 53.442 56.553 1.000000 0.696612 0.112900 0.112900 0.112900 0.112900 0.112900 0.112900 0.112900 0.112900 0.112900 0.112900 0.112900 0.112900 0.112900
-28.1250 -63.6786 6.69950 0.433540 0.330109 0.161401 53.946 57.174 1.000000 0.588186 0.123800 0.123800 0.123800 0.123800 0.123800 0.123800 0.123800 0.123800 0.123800 0.123800 0.123800 0.123800 0.123800
-22.5000 -63.6786 7.08300 0.439558 0.346563 0.176139 49.437 52.960 1.000000 0.286223 0.124200 0.124200 0.124200 0.124200 0.124200 0.124200 0.124200 0.124200 0.124200 0.124200 0.124200 0.124200 0.124200
-16.8750 -63.6786 6.56749 0.434537 0.330556 0.159311 48.200 51.387 1.000000 0.363906 0.111600 0.111600 0.111600 0.111600 0.111600 0.111600 0.111600 0.111600 0.111600 0.111600 0.111600 0.111600 0.111600
-11.2500 -63.6786 6.17698 0.428935 0.313949 0.144484 35.522 38.265 0.949504 0.081900 0.081900 0.081900 0.081900 0.081900 0.081900 0.081900 0.081900 0.081900 0.081900 0.081900 0.081900 0.081900 0.081900
45.0000 -69.2130 5.79386 0.426085 0.302293 0.132161 42.367 45.011 1.000000 0.673854 0.062800 0.062800 0.062800 0.062800 0.062800 0.062800 0.062800 0.062800 0.062800 0.062800 0.062800 0.062800 0.062800
50.6250 -69.2130 6.82321 0.439071 0.342848 0.169818 49.040 52.437 1.000000 1.000000 0.080607 0.062800 0.062800 0.062800 0.062800 0.062800 0.062800 0.062800 0.062800 0.062800 0.062800 0.062800 0.062800
56.2500 -69.2130 6.04410 0.427279 0.308636 0.139636 60.696 63.488 1.000000 1.000000 0.837864 0.062800 0.062800 0.062800 0.062800 0.062800 0.062800 0.062800 0.062800 0.062800 0.062800 0.062800 0.062800
61.8750 -69.2130 6.54939 0.433438 0.328083 0.157801 66.215 69.371 1.000000 1.000000 1.000000 0.197757 0.062800 0.062800 0.062800 0.062800 0.062800 0.062800 0.062800 0.062800 0.062800 0.062800 0.062800
67.5000 -69.2130 6.70423 0.434286 0.331678 0.162250 75.585 78.830 1.000000 1.000000 1.000000 0.770386 0.062800 0.062800 0.062800 0.062800 0.062800 0.062800 0.062800 0.062800 0.062800 0.062800 0.062800
73.1250 -69.2130 5.62009 0.418517 0.284081 0.121061 85.514 87.935 1.000000 1.000000 1.000000 1.000000 0.617622 0.062800 0.062800 0.062800 0.062800 0.062800 0.062800 0.062800 0.062800 0.062800 0.062800
78.7500 -69.2130 6.45433 0.430265 0.320429 0.152467 47.793 50.842 1.000000 1.000000 0.091853 0.062800 0.062800 0.062800 0.062800 0.062800 0.062800 0.062800 0.062800 0.062800 0.062800 0.062800 0.062800
84.3750 -69.2130 7.85902 0.447647 0.369838 0.200959 30.897 34.716 0.950328 0.062800 0.062800 0.062800 0.062800 0.062800 0.062800 0.062800 0.062800 0.062800 0.062800 0.062800 0.062800 0.062800 0.062800
90.0000 -69.2130 7.55189 0.442677 0.357282 0.189380 31.835 35.623 1.000000 0.079670 0.062800 0.062800 0.062800 0.062800 0.062800 0.062800 0.062800 0.062800 0.062800 0.062800 0.062800 0.062800 0.062800
95.6250 -69.2130 5.63237 0.419102 0.285459 0.121875 49.153 51.591 1.000000 1.000000 0.251177 0.062800 0.062800 0.062800 0.062800 0.062800 0.062800 0.062800 0.062800 0.062800 0.062800 0.062800 0.062800
101.2500 -69.2130 6.50792 0.434720 0.330203 0.158082 59.930 63.091 1.000000 1.000000 0.728212 0.062800 0.062800 0.062800 0.062800 0.062800 0.062800 0.062800 0.062800 0.062800 0.062800 0.062800 0.062800
106.8750 -69.2130 6.69143 0.436442 0.335944 0.164112 47.396 50.679 1.000000 0.941894 0.062800 0.062800 0.062800 0.062800 0.062800 0.062800 0.062800 0.062800 0.062800 0.062800 0.062800 0.062800 0.062800
112.5000 -69.2130 6.51077 0.433828 0.328404 0.157271 46.915 50.060 1.000000 0.925024 0.062800 0.062800 0.062800 0.062800 0.062800 0.062800 0.062800 0.062800 0.062800 0.062800 0.062800 0.062800 0.062800
146.2500 -69.2130 5.77156 0.425238 0.300197 0.130825 35.781 38.397 1.000000 0.296163 0.062800 0.062800 0.062800 0.062800 0.062800 0.062800 0.062800 0.062800 0.062800 0.062800 0.062800 0.062800 0.062800
151.8750 -69.2130 6.08269 0.431355 0.317581 0.144408 32.202 35.033 0.980319 0.062800 0.062800 0.062800 0.062800 0.062800 0.062800 0.062800 0.062800 0.062800 0.062800 0.062800 0.062800 0.062800 0.062800
157.5000 -69.2130 6.20610 0.432263 0.321195 0.148358 29.774 32.277 0.843488 0.062800 0.062800 0.062800 0.062800 0.062800 0.062800 0.062800 0.062800 0.062800 0.062800 0.062800 0.062800 0.062800 0.062800
163.1250 -69.2130 6.45696 0.430016 0.319961 0.152290 29.906 32.661 0.904406 0.062800 0.062800 0.062800 0.062800 0.062800 0.062800 0.062800 0.062800 0.062800 0.062800 0.062800 0.062800 0.062800 0.062800
168.7500 -69.2130 6.33553 0.427805 0.313884 0.147287 32.134 35.080 1.000000 0.112472 0.062800 0.062800 0.062800 0.062800 0.062800 0.062800 0.062800 0.062800 0.062800 0.062800 0.062800 0.062800 0.062800
174.3750 -69.2130 6.55865 0.431846 0.324960 0.156460 22.647 24.102 0.464859 0.062800 0.062800 0.062800 0.062800 0.062800 0.062800 0.062800 0.062800 0.062800 0.062800 0.062800 0.062800 0.062800 0.062800
180.0000 -69.2130 6.12493 0.426703 0.308670 0.141121 24.498 26.143 0.582946 0.062800 0.062800 0.062800 0.062800 0.062800 0.062800 0.062800 0.062800 0.062800 0.062800 0.062800 0.062800 0.062800 0.062800
-174.3750 -69.2130 7.22511 0.439608 0.348071 0.179276 29.410 32.505 0.863169 0.062800 0.062800 0.062800 0.062800 0.062800 0.062800 0.062800 0.062800 0.062800 0.062800 0.062800 0.062800 0.062800 0.062800
-168.7500 -69.2130 7.51134 0.442901 0.357384 0.188786 49.143 52.919 1.000000 1.000000 0.161206 0.062800 0.062800 0.062800 0.062800 0.062800 0.062800 0.062800 0.062800 0.062800 0.062800 0.062800 0.062800
-163.1250 -69.2130 5.69012 0.419551 0.287369 0.123755 97.464 99.939 1.000000 1.000000 1.000000 1.000000 1.000000 0.391757 0.062800 0.062800 0.062800 0.062800 0.062800 0.062800 0.062800 0.062800 0.062800
-157.5000 -69.2130 4.78114 0.409021 0.247866 0.090945 88.947 90.766 1.000000 1.000000 1.000000 1.000000 1.000000 0.103100 0.062800 0.062800 0.062800 0.062800 0.062800 0.062800 0.062800 0.062800 0.062800
-151.8750 -69.2130 5.76415 0.421731 0.292984 0.127546 59.417 61.968 1.000000 1.000000 0.837864 0.062800 0.062800 0.062800 0.062800 0.062800 0.062800 0.062800 0.062800 0.062800 0.062800 0.062800 0.062800
-146.2500 -69.2130 5.92717 0.422717 0.297635 0.132568 44.834 47.485 1.000000 0.899720 0.062800 0.062800 0.062800 0.062800 0.062800 0.062800 0.062800 0.062800 0.062800 0.062800 0.062800 0.062800 0.062800
-140.6250 -69.2130 6.96792 0.436618 0.339379 0.170570 32.086 35.498 1.000000 0.084356 0.062800 0.062800 0.062800 0.062800 0.062800 0.062800 0.062800 0.062800 0.062800 0.062800 0.062800 0.062800 0.062800
-135.0000 -69.2130 6.83443 0.435420 0.335482 0.166361 23.270 24.922 0.496724 0.062800 0.062800 0.062800 0.062800 0.062800 0.062800 0.062800 0.062800 0.062800 0.062800 0.062800 0.062800 0.062800 0.062800
-129.3750 -69.2130 6.08285 0.426203 0.307037 0.139616 27.351 29.457 0.754454 0.062800 0.062800 0.062800 0.062800 0.062800 0.062800 0.062800 0.062800 0.062800 0.062800 0.062800 0.062800 0.062800 0.062800
-123.7500 -69.2130 6.13459 0.426795 0.308996 0.141444 31.879 34.708 1.000000 0.086230 0.062800 0.062800 0.062800 0.062800 0.062800 0.062800 0.062800 0.062800 0.062800 0.062800 0.062800 0.062800 0.062800
-118.1250 -69.2130 6.17184 0.427249 0.310456 0.142784 36.019 38.875 1.000000 0.331776 0.062800 0.062800 0.062800 0.062800 0.062800 0.062800 0.062800 0.062800 0.062800 0.062800 0.062800 0.062800 0.062800
-112.5000 -69.2130 6.12813 0.426724 0.308759 0.141219 39.916 42.740 1.000000 0.566076 0.062800 0.062800 0.062800 0.062800 0.062800 0.062800 0.062800 0.062800 0.062800 0.062800 0.062800 0.062800 0.062800
-106.8750 -69.2130 6.34035 0.430833 0.320076 0.150279 68.907 71.912 1.000000 1.000000 1.000000 0.367390 0.062800 0.062800 0.062800 0.062800 0.062800 0.062800 0.062800 0.062800 0.062800 0.062800 0.062800
-101.2500 -69.2130 6.79326 0.439085 0.342550 0.169146 36.600 39.983 1.000000 0.294288 0.062800 0.062800 0.062800 0.062800 0.062800 0.062800 0.062800 0.062800 0.062800 0.062800 0.062800 0.062800 0.062800
-95.6250 -69.2130 6.61884 0.434944 0.332011 0.160921 25.224 27.140 0.595130 0.062800 0.062800 0.062800 0.062800 0.062800 0.062800 0.062800 0.062800 0.062800 0.062800 0.062800 0.062800 0.062800 0.062800
-90.0000 -69.2130 6.24136 0.428041 0.313048 0.145227 22.823 24.220 0.480791 0.062800 0.062800 0.062800 0.062800 0.062800 0.062800 0.062800 0.062800 0.062800 0.062800 0.062800 0.062800 0.062800 0.062800
-84.3750 -69.2130 6.11532 0.425142 0.305390 0.139449 28.026 30.285 0.809748 0.062800 0.062800 0.062800 0.062800 0.062800 0.062800 0.062800 0.062800 0.062800 0.062800 0.062800 0.062800 0.062800 0.062800
-78.7500 -69.2130 7.10931 0.434087 0.335807 0.171100 28.652 31.596 0.860357 0.062800 0.062800 0.062800 0.062800 0.062800 0.062800 0.062800 0.062800 0.062800 0.062800 0.062800 0.062800 0.062800 0.062800
-73.1250 -69.2130 5.73204 0.420722 0.290424 0.125843 36.990 39.507 1.000000 0.431120 0.062800 0.062800 0.062800 0.062800 0.062800 0.062800 0.062800 0.062800 0.062800 0.062800 0.062800 0.062800 0.062800
-67.5000 -69.2130 5.33491 0.417962 0.277619 0.113034 48.189 50.450 1.000000 1.000000 0.174327 0.062800 0.062800 0.062800 0.062800 0.062800 0.062800 0.062800 0.062800 0.062800 0.062800 0.062800 0.062800
-61.8750 -69.2130 6.28947 0.424674 0.307003 0.143262 50.167 53.032 1.000000 1.000000 0.310221 0.062800 0.062800 0.062800 0.062800 0.062800 0.062800 0.062800 0.062800 0.062800 0.062800 0.062800 0.062800
-56.2500 -69.2130 5.68530 0.418763 0.285727 0.122960 49.167 51.626 1.000000 1.000000 0.267110 0.062800 0.062800 0.062800 0.062800 0.062800 0.062800 0.062800 0.062800 0.062800 0.062800 0.062800 0.062800
-50.6250 -69.2130 6.65933 0.432451 0.327422 0.159398 29.607 32.421 0.882850 0.062800 0.062800 0.062800 0.062800 0.062800 0.062800 0.062800 0.062800 0.062800 0.062800 0.062800 0.062800 0.062800 0.062800
-45.0000 -69.2130 7.40547 0.439840 0.350250 0.183337 21.980 23.585 0.437680 0.062800 0.062800 0.062800 0.062800 0.062800 0.062800 0.062800 0.062800 0.062800 0.062800 0.062800 0.062800 0.062800 0.062800
-39.3750 -69.2130 6.73939 0.433004 0.329496 0.161785 28.247 30.852 0.805062 0.062800 0.062800 0.062800 0.062800 0.062800 0.062800 0.062800 0.062800 0.062800 0.062800 0.062800 0.062800 0.062800 0.062800
-33.7500 -69.2130 6.60262 0.431000 0.323802 0.156663 27.696 30.134 0.777884 0.062800 0.062800 0.062800 0.062800 0.062800 0.062800 0.062800 0.062800 0.062800 0.062800 0.062800 0.062800 0.062800 0.062800
-28.1250 -69.2130 6.38724 0.428383 0.315748 0.149072 36.414 39.395 1.000000 0.236997 0.072900 0.072900 0.072900 0.072900 0.072900 0.072900 0.072900 0.072900 0.072900 0.072900 0.072900 0.072900 0.072900
-22.5000 -69.2130 6.23052 0.425898 0.308589 0.142967 48.411 51.270 1.000000 0.905065 0.078300 0.078300 0.078300 0.078300 0.078300 0.078300 0.078300 0.078300 0.078300 0.078300 0.078300 0.078300 0.078300
-16.8750 -69.2130 6.75764 0.438655 0.341267 0.167886 46.982 50.340 1.000000 0.739963 0.074600 0.074600 0.074600 0.074600 0.074600 0.074600 0.074600 0.074600 0.074600 0.074600 0.074600 0.074600 0.074600
-11.2500 -69.2130 6.56101 0.433710 0.328783 0.158342 24.713 26.521 0.570762 0.062800 0.062800 0.062800 0.062800 0.062800 0.062800 0.062800 0.062800 0.062800 0.062800 0.062800 0.062800 0.062800 0.062800
0.0000 -74.7445 6.49891 0.433442 0.327465 0.156610 23.716 25.310 0.508907 0.062800 0.062800 0.062800 0.062800 0.062800 0.062800 0.062800 0.062800 0.062800 0.062800 0.062800 0.062800 0.062800 0.062800
5.6250 -74.7445 6.79272 0.436589 0.337397 0.166592 25.535 27.586 0.615748 0.062800 0.062800 0.062800 0.062800 0.062800 0.062800 0.062800 0.062800 0.062800 0.062800 0.062800 0.062800 0.062800 0.062800
16.8750 -74.7445 6.51661 0.435099 0.331093 0.158663 32.031 35.136 0.978444 0.062800 0.062800 0.062800 0.062800 0.062800 0.062800 0.062800 0.062800 0.062800 0.062800 0.062800 0.062800 0.062800 0.062800
22.5000 -74.7445 7.14109 0.441662 0.351454 0.179611 29.555 32.575 0.840676 0.062800 0.062800 0.062800 0.062800 0.062800 0.062800 0.062800 0.062800 0.062800 0.062800 0.062800 0.062800 0.062800 0.062800
28.1250 -74.7445 6.42192 0.433595 0.326805 0.154919 31.769 34.772 0.969072 0.062800 0.062800 0.062800 0.062800 0.062800 0.062800 0.062800 0.062800 0.062800 0.062800 0.062800 0.062800 0.062800 0.062800
33.7500 -74.7445 6.15176 0.431934 0.319761 0.146691 47.851 50.785 1.000000 0.948454 0.062800 0.062800 0.062800 0.062800 0.062800 0.062800 0.062800 0.062800 0.062800 0.062800 0.062800 0.062800 0.062800
39.3750 -74.7445 6.34091 0.431845 0.322153 0.151264 61.694 64.720 1.000000 1.000000 0.856608 0.062800 0.062800 0.062800 0.062800 0.062800 0.062800 0.062800 0.062800 0.062800 0.062800 0.062800 0.062800
45.0000 -74.7445 6.70210 0.435518 0.334169 0.163431 65.496 68.765 1.000000 1.000000 1.000000 0.145274 0.062800 0.062800 0.062800 0.062800 0.062800 0.062800 0.062800 0.062800 0.062800 0.062800 0.062800
50.6250 -74.7445 6.63219 0.432301 0.326789 0.158621 43.533 46.705 1.000000 0.772260 0.062800 0.062800 0.062800 0.062800 0.062800 0.062800 0.062800 0.062800 0.062800 0.062800 0.062800 0.062800 0.062800
56.2500 -74.7445 6.69960 0.432841 0.328695 0.160711 34.795 38.009 1.000000 0.254926 0.062800 0.062800 0.062800 0.062800 0.062800 0.062800 0.062800 0.062800 0.062800 0.062800 0.062800 0.062800 0.062800
61.8750 -74.7445 7.63371 0.444810 0.362298 0.193350 30.403 33.962 0.920338 0.062800 0.062800 0.062800 0.062800 0.062800 0.062800 0.062800 0.062800 0.062800 0.062800 0.062800 0.062800 0.062800 0.062800
67.5000 -74.7445 7.25622 0.440891 0.350978 0.181288 38.281 41.907 1.000000 0.439554 0.062800 0.062800 0.062800 0.062800 0.062800 0.062800 0.062800 0.062800 0.062800 0.062800 0.062800 0.062800 0.062800
73.1250 -74.7445 7.42991 0.443193 0.357265 0.187408 36.059 39.807 1.000000 0.306472 0.062800 0.062800 0.062800 0.062800 0.062800 0.062800 0.062800 0.062800 0.062800 0.062800 0.062800 0.062800 0.062800
78.7500 -74.7445 7.51949 0.445265 0.362277 0.191503 37.373 41.204 1.000000 0.372076 0.062800 0.062800 0.062800 0.062800 0.062800 0.062800 0.062800 0.062800 0.062800 0.062800 0.062800 0.062800 0.062800
84.3750 -74.7445 7.66495 0.447648 0.368353 0.197085 39.697 43.638 1.000000 0.501410 0.062800 0.062800 0.062800 0.062800 0.062800 0.062800 0.062800 0.062800 0.062800 0.062800 0.062800 0.062800 0.062800
90.0000 -74.7445 6.09364 0.427576 0.309976 0.141150 50.491 53.314 1.000000 1.000000 0.237119 0.062800 0.062800 0.062800 0.062800 0.062800 0.062800 0.062800 0.062800 0.062800 0.062800 0.062800 0.062800
95.6250 -74.7445 6.54516 0.435916 0.333132 0.160153 60.309 63.512 1.000000 1.000000 0.732898 0.062800 0.062800 0.062800 0.062800 0.062800 0.062800 0.062800 0.062800 0.062800 0.062800 0.062800 0.062800
101.2500 -74.7445 6.93523 0.440563 0.347124 0.173898 55.979 59.457 1.000000 1.000000 0.477980 0.062800 0.062800 0.062800 0.062800 0.062800 0.062800 0.062800 0.062800 0.062800 0.062800 0.062800 0.062800
106.8750 -74.7445 6.83157 0.437054 0.338783 0.167949 46.865 50.224 1.000000 0.926898 0.062800 0.062800 0.062800 0.062800 0.062800 0.062800 0.062800 0.062800 0.062800 0.062800 0.062800 0.062800 0.062800
112.5000 -74.7445 5.62969 0.425302 0.297943 0.127154 49.718 52.261 1.000000 1.000000 0.157457 0.062800 0.062800 0.062800 0.062800 0.062800 0.062800 0.062800 0.062800 0.062800 0.062800 0.062800 0.062800
146.2500 -74.7445 6.36373 0.432191 0.323164 0.152151 28.434 30.819 0.783507 0.062800 0.062800 0.062800 0.062800 0.062800 0.062800 0.062800 0.062800 0.062800 0.062800 0.062800 0.062800 0.062800 0.062800
151.8750 -74.7445 6.20008 0.430907 0.318312 0.146916 28.916 31.290 0.807874 0.062800 0.062800 0.062800 0.062800 0.062800 0.062800 0.062800 0.062800 0.062800 0.062800 0.062800 0.062800 0.062800 0.062800
157.5000 -74.7445 6.45167 0.434981 0.330045 0.156994 28.660 31.099 0.776946 0.062800 0.062800 0.062800 0.062800 0.062800 0.062800 0.062800 0.062800 0.062800 0.062800 0.062800 0.062800 0.062800 0.062800
163.1250 -74.7445 6.07358 0.426296 0.307086 0.139471 29.849 32.364 0.901594 0.062800 0.062800 0.062800 0.062800 0.062800 0.062800 0.062800 0.062800 0.062800 0.062800 0.062800 0.062800 0.062800 0.062800
168.7500 -74.7445 6.07213 0.424116 0.302690 0.137448 31.424 34.173 1.000000 0.085293 0.062800 0.062800 0.062800 0.062800 0.062800 0.062800 0.062800 0.062800 0.062800 0.062800 0.062800 0.062800 0.062800
174.3750 -74.7445 5.77908 0.420583 0.290949 0.126932 32.836 35.374 1.000000 0.185573 0.062800 0.062800 0.062800 0.062800 0.062800 0.062800 0.062800 0.062800 0.062800 0.062800 0.062800 0.062800 0.062800
180.0000 -74.7445 6.61774 0.431436 0.324866 0.157439 30.600 33.586 0.948454 0.062800 0.062800 0.062800 0.062800 0.062800 0.062800 0.062800 0.062800 0.062800 0.062800 0.062800 0.062800 0.062800 0.062800
-174.3750 -74.7445 7.06066 0.437199 0.341534 0.173212 31.600 35.057 0.998126 0.062800 0.062800 0.062800 0.062800 0.062800 0.062800 0.062800 0.062800 0.062800 0.062800 0.062800 0.062800 0.062800 0.062800
-168.7500 -74.7445 6.62790 0.432511 0.327161 0.158728 33.010 36.184 1.000000 0.143399 0.062800 0.062800 0.062800 0.062800 0.062800 0.062800 0.062800 0.062800 0.062800 0.062800 0.062800 0.062800 0.062800
-163.1250 -74.7445 6.29174 0.428736 0.315155 0.147107 35.690 38.632 1.000000 0.307409 0.062800 0.062800 0.062800 0.062800 0.062800 0.062800 0.062800 0.062800 0.062800 0.062800 0.062800 0.062800 0.062800
-157.5000 -74.7445 6.30012 0.429715 0.317255 0.148237 30.590 33.349 0.930647 0.062800 0.062800 0.062800 0.062800 0.062800 0.062800 0.062800 0.062800 0.062800 0.062800 0.062800 0.062800 0.062800 0.062800
-151.8750 -74.7445 7.17437 0.440984 0.350384 0.179622 25.752 28.011 0.628869 0.062800 0.062800 0.062800 0.062800 0.062800 0.062800 0.062800 0.062800 0.062800 0.062800 0.062800 0.062800 0.062800 0.062800
-146.2500 -74.7445 7.10194 0.441055 0.349822 0.178117 23.722 25.511 0.502347 0.062800 0.062800 0.062800 0.062800 0.062800 0.062800 0.062800 0.062800 0.062800 0.062800 0.062800 0.062800 0.062800 0.062800
-140.6250 -74.7445 7.41989 0.445172 0.361237 0.189326 22.929 24.650 0.454550 0.062800 0.062800 0.062800 0.062800 0.062800 0.062800 0.062800 0.062800 0.062800 0.062800 0.062800 0.062800 0.062800 0.062800
-135.0000 -74.7445 7.97887 0.450604 0.376742 0.206594 23.012 24.968 0.473294 0.062800 0.062800 0.062800 0.062800 0.062800 0.062800 0.062800 0.062800 0.062800 0.062800 0.062800 0.062800 0.062800 0.062800
-129.3750 -74.7445 8.26170 0.453035 0.383574 0.214712 24.057 26.399 0.545458 0.062800 0.062800 0.062800 0.062800 0.062800 0.062800 0.062800 0.062800 0.062800 0.062800 0.062800 0.062800 0.062800 0.062800
-123.7500 -74.7445 8.31154 0.453474 0.384778 0.216137 25.084 27.714 0.608250 0.062800 0.062800 0.062800 0.062800 0.062800 0.062800 0.062800 0.062800 0.062800 0.062800 0.062800 0.062800 0.062800 0.062800
-118.1250 -74.7445 8.21594 0.452286 0.381759 0.213007 27.110 30.208 0.727275 0.062800 0.062800 0.062800 0.062800 0.062800 0.062800 0.062800 0.062800 0.062800 0.062800 0.062800 0.062800 0.062800 0.062800
-112.5000 -74.7445 7.91471 0.448615 0.372220 0.203123 30.414 34.149 0.919401 0.062800 0.062800 0.062800 0.062800 0.062800 0.062800 0.062800 0.062800 0.062800 0.062800 0.062800 0.062800 0.062800 0.062800
-106.8750 -74.7445 7.56427 0.444803 0.361706 0.191924 34.976 38.815 1.000000 0.243680 0.062800 0.062800 0.062800 0.062800 0.062800 0.062800 0.062800 0.062800 0.062800 0.062800 0.062800 0.062800 0.062800
-101.2500 -74.7445 7.69018 0.446147 0.365478 0.195948 39.469 43.388 1.000000 0.511719 0.062800 0.062800 0.062800 0.062800 0.062800 0.062800 0.062800 0.062800 0.062800 0.062800 0.062800 0.062800 0.062800
-95.6250 -74.7445 7.75919 0.446698 0.367144 0.197936 28.864 32.136 0.826618 0.062800 0.062800 0.062800 0.062800 0.062800 0.062800 0.062800 0.062800 0.062800 0.062800 0.062800 0.062800 0.062800 0.062800
-90.0000 -74.7445 7.00109 0.437382 0.341282 0.172087 25.849 28.081 0.648550 0.062800 0.062800 0.062800 0.062800 0.062800 0.062800 0.062800 0.062800 0.062800 0.062800 0.062800 0.062800 0.062800 0.062800
-84.3750 -74.7445 7.54807 0.443856 0.359641 0.190569 24.515 26.690 0.570762 0.062800 0.062800 0.062800 0.062800 0.062800 0.062800 0.062800 0.062800 0.062800 0.062800 0.062800 0.062800 0.062800 0.062800
-78.7500 -74.7445 7.15233 0.438767 0.345646 0.176829 25.285 27.472 0.618560 0.062800 0.062800 0.062800 0.062800 0.062800 0.062800 0.062800 0.062800 0.062800 0.062800 0.062800 0.062800 0.062800 0.062800
-73.1250 -74.7445 6.27553 0.428532 0.314517 0.146520 27.996 30.303 0.787256 0.062800 0.062800 0.062800 0.062800 0.062800 0.062800 0.062800 0.062800 0.062800 0.062800 0.062800 0.062800 0.062800 0.062800
-67.5000 -74.7445 6.40174 0.430018 0.319238 0.150976 31.872 34.892 1.000000 0.077795 0.062800 0.062800 0.062800 0.062800 0.062800 0.062800 0.062800 0.062800 0.062800 0.062800 0.062800 0.062800 0.062800
-61.8750 -74.7445 6.17187 0.427263 0.310485 0.142798 34.906 37.762 1.000000 0.265235 0.062800 0.062800 0.062800 0.062800 0.062800 0.062800 0.062800 0.062800 0.062800 0.062800 0.062800 0.062800 0.062800
-56.2500 -74.7445 7.16636 0.439433 0.347139 0.177826 28.279 31.092 0.791004 0.062800 0.062800 0.062800 0.062800 0.062800 0.062800 0.062800 0.062800 0.062800 0.062800 0.062800 0.062800 0.062800 0.062800
-50.6250 -74.7445 8.30955 0.453278 0.384368 0.215877 24.825 27.391 0.594192 0.062800 0.062800 0.062800 0.062800 0.062800 0.062800 0.062800 0.062800 0.062800 0.062800 0.062800 0.062800 0.062800 0.062800
-45.0000 -74.7445 7.81658 0.446977 0.368153 0.199382 23.775 25.887 0.529526 0.062800 0.062800 0.062800 0.062800 0.062800 0.062800 0.062800 0.062800 0.062800 0.062800 0.062800 0.062800 0.062800 0.062800
-39.3750 -74.7445 7.32483 0.439759 0.349331 0.181558 23.588 25.500 0.526714 0.062800 0.062800 0.062800 0.062800 0.062800 0.062800 0.062800 0.062800 0.062800 0.062800 0.062800 0.062800 0.062800 0.062800
-33.7500 -74.7445 7.03718 0.436541 0.339958 0.172022 21.737 23.166 0.415187 0.062800 0.062800 0.062800 0.062800 0.062800 0.062800 0.062800 0.062800 0.062800 0.062800 0.062800 0.062800 0.062800 0.062800
-28.1250 -74.7445 6.33701 0.427759 0.313812 0.147279 26.613 28.730 0.718840 0.062800 0.062800 0.062800 0.062800 0.062800 0.062800 0.062800 0.062800 0.062800 0.062800 0.062800 0.062800 0.062800 0.062800
-22.5000 -74.7445 6.00757 0.422684 0.298844 0.134555 28.733 31.073 0.869729 0.062800 0.062800 0.062800 0.062800 0.062800 0.062800 0.062800 0.062800 0.062800 0.062800 0.062800 0.062800 0.062800 0.062800
-16.8750 -74.7445 6.37045 0.433132 0.325186 0.153225 28.818 31.259 0.796628 0.062800 0.062800 0.062800 0.062800 0.062800 0.062800 0.062800 0.062800 0.062800 0.062800 0.062800 0.062800 0.062800 0.062800
-11.2500 -74.7445 6.46928 0.434354 0.328969 0.156799 26.352 28.394 0.651362 0.062800 0.062800 0.062800 0.062800 0.062800 0.062800 0.062800 0.062800 0.062800 0.062800 0.062800 0.062800 0.062800 0.062800
-5.6250 -74.7445 6.58191 0.435387 0.332481 0.160495 24.792 26.597 0.562328 0.062800 0.062800 0.062800 0.062800 0.062800 0.062800 0.062800 0.062800 0.062800 0.062800 0.062800 0.062800 0.062800 0.062800
0.0000 -80.2688 7.19104 0.440659 0.349881 0.179642 25.386 27.585 0.611999 0.062800 0.062800 0.062800 0.062800 0.062800 0.062800 0.062800 0.062800 0.062800 0.062800 0.062800 0.062800 0.062800 0.062800
5.6250 -80.2688 6.65923 0.435391 0.333407 0.162309 26.428 28.588 0.665420 0.062800 0.062800 0.062800 0.062800 0.062800 0.062800 0.062800 0.062800 0.062800 0.062800 0.062800 0.062800 0.062800 0.062800
11.2500 -80.2688 6.13192 0.427771 0.310934 0.142283 26.398 28.350 0.686038 0.062800 0.062800 0.062800 0.062800 0.062800 0.062800 0.062800 0.062800 0.062800 0.062800 0.062800 0.062800 0.062800 0.062800
16.8750 -80.2688 6.55393 0.430359 0.321900 0.154905 25.074 27.002 0.622308 0.062800 0.062800 0.062800 0.062800 0.062800 0.062800 0.062800 0.062800 0.062800 0.062800 0.062800 0.062800 0.062800 0.062800
22.5000 -80.2688 5.98464 0.423780 0.300668 0.134963 26.247 28.150 0.704782 0.062800 0.062800 0.062800 0.062800 0.062800 0.062800 0.062800 0.062800 0.062800 0.062800 0.062800 0.062800 0.062800 0.062800
28.1250 -80.2688 6.15038 0.426800 0.309238 0.141839 30.061 32.662 0.916589 0.062800 0.062800 0.062800 0.062800 0.062800 0.062800 0.062800 0.062800 0.062800 0.062800 0.062800 0.062800 0.062800 0.062800
33.7500 -80.2688 5.81343 0.421158 0.292670 0.128310 33.875 36.441 1.000000 0.244617 0.062800 0.062800 0.062800 0.062800 0.062800 0.062800 0.062800 0.062800 0.062800 0.062800 0.062800 0.062800 0.062800
39.3750 -80.2688 6.95676 0.433576 0.333132 0.167246 30.070 33.192 0.933459 0.062800 0.062800 0.062800 0.062800 0.062800 0.062800 0.062800 0.062800 0.062800 0.062800 0.062800 0.062800 0.062800 0.062800
45.0000 -80.2688 7.03936 0.436079 0.339049 0.171599 25.331 27.506 0.633555 0.062800 0.062800 0.062800 0.062800 0.062800 0.062800 0.062800 0.062800 0.062800 0.062800 0.062800 0.062800 0.062800 0.062800
50.6250 -80.2688 7.56077 0.442399 0.356797 0.189264 24.009 26.106 0.553893 0.062800 0.062800 0.062800 0.062800 0.062800 0.062800 0.062800 0.062800 0.062800 0.062800 0.062800 0.062800 0.062800 0.062800
56.2500 -80.2688 7.76163 0.444866 0.363446 0.195980 23.827 25.957 0.543584 0.062800 0.062800 0.062800 0.062800 0.062800 0.062800 0.062800 0.062800 0.062800 0.062800 0.062800 0.062800 0.062800 0.062800
61.8750 -80.2688 7.64612 0.442469 0.357668 0.191074 25.998 28.602 0.681352 0.062800 0.062800 0.062800 0.062800 0.062800 0.062800 0.062800 0.062800 0.062800 0.062800 0.062800 0.062800 0.062800 0.062800
67.5000 -80.2688 6.67985 0.433202 0.329188 0.160612 29.625 32.446 0.878164 0.062800 0.062800 0.062800 0.062800 0.062800 0.062800 0.062800 0.062800 0.062800 0.062800 0.062800 0.062800 0.062800 0.062800
73.1250 -80.2688 6.46335 0.430801 0.321629 0.153197 31.589 34.641 0.996251 0.062800 0.062800 0.062800 0.062800 0.062800 0.062800 0.062800 0.062800 0.062800 0.062800 0.062800 0.062800 0.062800 0.062800
78.7500 -80.2688 6.12813 0.426724 0.308759 0.141219 32.787 35.612 1.000000 0.140588 0.062800 0.062800 0.062800 0.062800 0.062800 0.062800 0.062800 0.062800 0.062800 0.062800 0.062800 0.062800 0.062800
84.3750 -80.2688 6.16538 0.427179 0.310220 0.142560 32.654 35.505 1.000000 0.131216 0.062800 0.062800 0.062800 0.062800 0.062800 0.062800 0.062800 0.062800 0.062800 0.062800 0.062800 0.062800 0.062800
90.0000 -80.2688 6.12982 0.426777 0.308891 0.141310 31.539 34.365 1.000000 0.065612 0.062800 0.062800 0.062800 0.062800 0.062800 0.062800 0.062800 0.062800 0.062800 0.062800 0.062800 0.062800 0.062800
95.6250 -80.2688 5.73967 0.421346 0.291799 0.126580 42.615 45.146 1.000000 0.762888 0.062800 0.062800 0.062800 0.062800 0.062800 0.062800 0.062800 0.062800 0.062800 0.062800 0.062800 0.062800 0.062800
101.2500 -80.2688 5.21595 0.413933 0.267231 0.106598 58.398 60.530 1.000000 1.000000 0.881913 0.062800 0.062800 0.062800 0.062800 0.062800 0.062800 0.062800 0.062800 0.062800 0.062800 0.062800 0.062800
106.8750 -80.2688 5.57617 0.417893 0.282051 0.119392 60.339 62.727 1.000000 1.000000 0.955952 0.062800 0.062800 0.062800 0.062800 0.062800 0.062800 0.062800 0.062800 0.062800 0.062800 0.062800 0.062800
112.5000 -80.2688 4.82366 0.408235 0.247378 0.091572 62.105 63.936 1.000000 1.000000 1.000000 0.295226 0.062800 0.062800 0.062800 0.062800 0.062800 0.062800 0.062800 0.062800 0.062800 0.062800 0.062800
118.1250 -80.2688 5.75157 0.421004 0.291320 0.126591 50.902 53.434 1.000000 1.000000 0.336462 0.062800 0.062800 0.062800 0.062800 0.062800 0.062800 0.062800 0.062800 0.062800 0.062800 0.062800 0.062800
123.7500 -80.2688 5.85222 0.426076 0.303215 0.133662 46.323 48.996 1.000000 0.915652 0.062800 0.062800 0.062800 0.062800 0.062800 0.062800 0.062800 0.062800 0.062800 0.062800 0.062800 0.062800 0.062800
129.3750 -80.2688 5.98803 0.427625 0.308497 0.138540 44.442 47.213 1.000000 0.798502 0.062800 0.062800 0.062800 0.062800 0.062800 0.062800 0.062800 0.062800 0.062800 0.062800 0.062800 0.062800 0.062800
135.0000 -80.2688 6.52637 0.434491 0.329959 0.158294 37.810 40.976 1.000000 0.386134 0.062800 0.062800 0.062800 0.062800 0.062800 0.062800 0.062800 0.062800 0.062800 0.062800 0.062800 0.062800 0.062800
140.6250 -80.2688 6.28799 0.431442 0.320617 0.149588 37.622 40.613 1.000000 0.383322 0.062800 0.062800 0.062800 0.062800 0.062800 0.062800 0.062800 0.062800 0.062800 0.062800 0.062800 0.062800 0.062800
146.2500 -80.2688 6.14684 0.427365 0.310328 0.142275 35.156 38.001 1.000000 0.275544 0.062800 0.062800 0.062800 0.062800 0.062800 0.062800 0.062800 0.062800 0.062800 0.062800 0.062800 0.062800 0.062800
151.8750 -80.2688 6.27679 0.426888 0.311227 0.145010 36.516 39.417 1.000000 0.380511 0.062800 0.062800 0.062800 0.062800 0.062800 0.062800 0.062800 0.062800 0.062800 0.062800 0.062800 0.062800 0.062800
157.5000 -80.2688 5.65580 0.418990 0.285653 0.122389 41.147 43.594 1.000000 0.703845 0.062800 0.062800 0.062800 0.062800 0.062800 0.062800 0.062800 0.062800 0.062800 0.062800 0.062800 0.062800 0.062800
163.1250 -80.2688 5.58767 0.418108 0.282687 0.119873 44.161 46.559 1.000000 0.895971 0.062800 0.062800 0.062800 0.062800 0.062800 0.062800 0.062800 0.062800 0.062800 0.062800 0.062800 0.062800 0.062800
168.7500 -80.2688 6.18134 0.425771 0.307623 0.141650 45.002 47.835 1.000000 0.895034 0.062800 0.062800 0.062800 0.062800 0.062800 0.062800 0.062800 0.062800 0.062800 0.062800 0.062800 0.062800 0.062800
174.3750 -80.2688 6.48344 0.429854 0.319980 0.152762 48.396 51.451 1.000000 1.000000 0.140588 0.062800 0.062800 0.062800 0.062800 0.062800 0.062800 0.062800 0.062800 0.062800 0.062800 0.062800 0.062800
180.0000 -80.2688 6.84168 0.435118 0.334949 0.166220 40.721 44.045 1.000000 0.597004 0.062800 0.062800 0.062800 0.062800 0.062800 0.062800 0.062800 0.062800 0.062800 0.062800 0.062800 0.062800 0.062800
-174.3750 -80.2688 7.29432 0.441001 0.351562 0.182217 40.092 43.736 1.000000 0.551081 0.062800 0.062800 0.062800 0.062800 0.062800 0.062800 0.062800 0.062800 0.062800 0.062800 0.062800 0.062800 0.062800
-168.7500 -80.2688 7.36728 0.441928 0.354124 0.184744 44.672 48.367 1.000000 0.820995 0.062800 0.062800 0.062800 0.062800 0.062800 0.062800 0.062800 0.062800 0.062800 0.062800 0.062800 0.062800 0.062800
-163.1250 -80.2688 7.71551 0.446187 0.365761 0.196502 41.373 45.303 1.000000 0.627932 0.062800 0.062800 0.062800 0.062800 0.062800 0.062800 0.062800 0.062800 0.062800 0.062800 0.062800 0.062800 0.062800
-157.5000 -80.2688 8.40065 0.454576 0.387560 0.219036 32.885 37.266 1.000000 0.134964 0.062800 0.062800 0.062800 0.062800 0.062800 0.062800 0.062800 0.062800 0.062800 0.062800 0.062800 0.062800 0.062800
-151.8750 -80.2688 8.27429 0.453019 0.383621 0.214928 28.096 31.476 0.786318 0.062800 0.062800 0.062800 0.062800 0.062800 0.062800 0.062800 0.062800 0.062800 0.062800 0.062800 0.062800 0.062800 0.062800
-146.2500 -80.2688 8.46543 0.455366 0.389544 0.221120 25.194 27.922 0.616685 0.062800 0.062800 0.062800 0.062800 0.062800 0.062800 0.062800 0.062800 0.062800 0.062800 0.062800 0.062800 0.062800 0.062800
-140.6250 -80.2688 8.56100 0.456539 0.392469 0.224194 23.847 26.260 0.537960 0.062800 0.062800 0.062800 0.062800 0.062800 0.062800 0.062800 0.062800 0.062800 0.062800 0.062800 0.062800 0.062800 0.062800
-135.0000 -80.2688 8.46437 0.455611 0.390038 0.221385 23.585 25.884 0.519216 0.062800 0.062800 0.062800 0.062800 0.062800 0.062800 0.062800 0.062800 0.062800 0.062800 0.062800 0.062800 0.062800 0.062800
-129.3750 -80.2688 8.55294 0.456458 0.392260 0.223956 23.820 26.221 0.536086 0.062800 0.062800 0.062800 0.062800 0.062800 0.062800 0.062800 0.062800 0.062800 0.062800 0.062800 0.062800 0.062800 0.062800
-123.7500 -80.2688 8.56746 0.456609 0.392648 0.224390 24.854 27.537 0.597941 0.062800 0.062800 0.062800 0.062800 0.062800 0.062800 0.062800 0.062800 0.062800 0.062800 0.062800 0.062800 0.062800 0.062800
-118.1250 -80.2688 8.56746 0.456609 0.392648 0.224390 26.731 29.915 0.709468 0.062800 0.062800 0.062800 0.062800 0.062800 0.062800 0.062800 0.062800 0.062800 0.062800 0.062800 0.062800 0.062800 0.062800
-112.5000 -80.2688 8.56746 0.456609 0.392648 0.224390 29.569 33.510 0.878164 0.062800 0.062800 0.062800 0.062800 0.062800 0.062800 0.062800 0.062800 0.062800 0.062800 0.062800 0.062800 0.062800 0.062800
-106.8750 -80.2688 8.56746 0.456609 0.392648 0.224390 33.448 37.936 1.000000 0.171515 0.062800 0.062800 0.062800 0.062800 0.062800 0.062800 0.062800 0.062800 0.062800 0.062800 0.062800 0.062800 0.062800
-101.2500 -80.2688 8.52698 0.456120 0.391428 0.223100 38.684 43.146 1.000000 0.481728 0.062800 0.062800 0.062800 0.062800 0.062800 0.062800 0.062800 0.062800 0.062800 0.062800 0.062800 0.062800 0.062800
-95.6250 -80.2688 8.47512 0.455471 0.389815 0.221417 46.954 51.382 1.000000 0.971884 0.062800 0.062800 0.062800 0.062800 0.062800 0.062800 0.062800 0.062800 0.062800 0.062800 0.062800 0.062800 0.062800
-90.0000 -80.2688 7.88555 0.448256 0.371274 0.202154 51.007 55.050 1.000000 1.000000 0.262424 0.062800 0.062800 0.062800 0.062800 0.062800 0.062800 0.062800 0.062800 0.062800 0.062800 0.062800 0.062800
-84.3750 -80.2688 7.70899 0.446089 0.365508 0.196263 40.592 44.517 1.000000 0.582009 0.062800 0.062800 0.062800 0.062800 0.062800 0.062800 0.062800 0.062800 0.062800 0.062800 0.062800 0.062800 0.062800
-78.7500 -80.2688 8.00059 0.449683 0.375010 0.205981 35.994 40.113 1.000000 0.313032 0.062800 0.062800 0.062800 0.062800 0.062800 0.062800 0.062800 0.062800 0.062800 0.062800 0.062800 0.062800 0.062800
-73.1250 -80.2688 8.17742 0.451977 0.380881 0.211934 34.789 39.027 1.000000 0.242742 0.062800 0.062800 0.062800 0.062800 0.062800 0.062800 0.062800 0.062800 0.062800 0.062800 0.062800 0.062800 0.062800
-67.5000 -80.2688 7.91715 0.449023 0.373070 0.203625 37.289 41.362 1.000000 0.384260 0.062800 0.062800 0.062800 0.062800 0.062800 0.062800 0.062800 0.062800 0.062800 0.062800 0.062800 0.062800 0.062800
-61.8750 -80.2688 7.87999 0.448611 0.371958 0.202440 45.344 49.393 1.000000 0.858483 0.062800 0.062800 0.062800 0.062800 0.062800 0.062800 0.062800 0.062800 0.062800 0.062800 0.062800 0.062800 0.062800
-56.2500 -80.2688 7.85272 0.449146 0.372853 0.202498 38.559 42.609 1.000000 0.447052 0.062800 0.062800 0.062800 0.062800 0.062800 0.062800 0.062800 0.062800 0.062800 0.062800 0.062800 0.062800 0.062800
-50.6250 -80.2688 8.06318 0.451676 0.379512 0.209425 34.529 38.718 1.000000 0.213689 0.062800 0.062800 0.062800 0.062800 0.062800 0.062800 0.062800 0.062800 0.062800 0.062800 0.062800 0.062800 0.062800
-45.0000 -80.2688 7.07865 0.439739 0.346890 0.176232 29.687 32.719 0.860357 0.062800 0.062800 0.062800 0.062800 0.062800 0.062800 0.062800 0.062800 0.062800 0.062800 0.062800 0.062800 0.062800 0.062800
-39.3750 -80.2688 6.46401 0.431113 0.322271 0.153514 24.485 26.240 0.571700 0.062800 0.062800 0.062800 0.062800 0.062800 0.062800 0.062800 0.062800 0.062800 0.062800 0.062800 0.062800 0.062800 0.062800
-33.7500 -80.2688 6.87787 0.435817 0.336772 0.167743 21.974 23.386 0.420810 0.062800 0.062800 0.062800 0.062800 0.062800 0.062800 0.062800 0.062800 0.062800 0.062800 0.062800 0.062800 0.062800 0.062800
-28.1250 -80.2688 7.43172 0.441062 0.352954 0.185176 20.475 21.738 0.341148 0.062800 0.062800 0.062800 0.062800 0.062800 0.062800 0.062800 0.062800 0.062800 0.062800 0.062800 0.062800 0.062800 0.062800
-22.5000 -80.2688 7.19361 0.438141 0.344792 0.177072 21.081 22.418 0.377699 0.062800 0.062800 0.062800 0.062800 0.062800 0.062800 0.062800 0.062800 0.062800 0.062800 0.062800 0.062800 0.062800 0.062800
-16.8750 -80.2688 6.22351 0.426314 0.309320 0.143182 25.101 26.910 0.631680 0.062800 0.062800 0.062800 0.062800 0.062800 0.062800 0.062800 0.062800 0.062800 0.062800 0.062800 0.062800 0.062800 0.062800
-11.2500 -80.2688 6.59845 0.431267 0.324287 0.156826 23.387 25.009 0.517342 0.062800 0.062800 0.062800 0.062800 0.062800 0.062800 0.062800 0.062800 0.062800 0.062800 0.062800 0.062800 0.062800 0.062800
-5.6250 -80.2688 6.33047 0.429144 0.316512 0.148430 26.986 29.142 0.726338 0.062800 0.062800 0.062800 0.062800 0.062800 0.062800 0.062800 0.062800 0.062800 0.062800 0.062800 0.062800 0.062800 0.062800
0.0000 -85.7606 7.69741 0.445088 0.363382 0.194938 19.861 21.031 0.299912 0.062800 0.062800 0.062800 0.062800 0.062800 0.062800 0.062800 0.062800 0.062800 0.062800 0.062800 0.062800 0.062800 0.062800
5.6250 -85.7606 6.98295 0.437011 0.340336 0.171305 19.994 21.034 0.303660 0.062800 0.062800 0.062800 0.062800 0.062800 0.062800 0.062800 0.062800 0.062800 0.062800 0.062800 0.062800 0.062800 0.062800
11.2500 -85.7606 7.42429 0.441280 0.353326 0.185251 19.897 21.025 0.304598 0.062800 0.062800 0.062800 0.062800 0.062800 0.062800 0.062800 0.062800 0.062800 0.062800 0.062800 0.062800 0.062800 0.062800
16.8750 -85.7606 7.51397 0.442652 0.356903 0.188574 20.021 21.191 0.310221 0.062800 0.062800 0.062800 0.062800 0.062800 0.062800 0.062800 0.062800 0.062800 0.062800 0.062800 0.062800 0.062800 0.062800
22.5000 -85.7606 7.63463 0.443752 0.360159 0.192223 20.148 21.380 0.320530 0.062800 0.062800 0.062800 0.062800 0.062800 0.062800 0.062800 0.062800 0.062800 0.062800 0.062800 0.062800 0.062800 0.062800
28.1250 -85.7606 7.74481 0.445119 0.363825 0.195921 20.459 21.788 0.339274 0.062800 0.062800 0.062800 0.062800 0.062800 0.062800 0.062800 0.062800 0.062800 0.062800 0.062800 0.062800 0.062800 0.062800
33.7500 -85.7606 8.01013 0.449717 0.375147 0.206203 21.029 22.536 0.365516 0.062800 0.062800 0.062800 0.062800 0.062800 0.062800 0.062800 0.062800 0.062800 0.062800 0.062800 0.062800 0.062800 0.062800
39.3750 -85.7606 8.02607 0.449794 0.375414 0.206595 20.554 21.952 0.338337 0.062800 0.062800 0.062800 0.062800 0.062800 0.062800 0.062800 0.062800 0.062800 0.062800 0.062800 0.062800 0.062800 0.062800
45.0000 -85.7606 8.12219 0.450481 0.377470 0.209200 21.197 22.789 0.380511 0.062800 0.062800 0.062800 0.062800 0.062800 0.062800 0.062800 0.062800 0.062800 0.062800 0.062800 0.062800 0.062800 0.062800
50.6250 -85.7606 7.96968 0.449242 0.373893 0.204890 22.446 24.285 0.448926 0.062800 0.062800 0.062800 0.062800 0.062800 0.062800 0.062800 0.062800 0.062800 0.062800 0.062800 0.062800 0.062800 0.062800
56.2500 -85.7606 7.79736 0.446094 0.366214 0.198032 23.944 26.101 0.544521 0.062800 0.062800 0.062800 0.062800 0.062800 0.062800 0.062800 0.062800 0.062800 0.062800 0.062800 0.062800 0.062800 0.062800
61.8750 -85.7606 7.11945 0.438887 0.345561 0.176239 26.931 29.439 0.711342 0.062800 0.062800 0.062800 0.062800 0.062800 0.062800 0.062800 0.062800 0.062800 0.062800 0.062800 0.062800 0.062800 0.062800
67.5000 -85.7606 6.96233 0.436960 0.340012 0.170794 30.118 33.195 0.900657 0.062800 0.062800 0.062800 0.062800 0.062800 0.062800 0.062800 0.062800 0.062800 0.062800 0.062800 0.062800 0.062800 0.062800
73.1250 -85.7606 7.05790 0.438133 0.343401 0.174112 27.196 29.728 0.727275 0.062800 0.062800 0.062800 0.062800 0.062800 0.062800 0.062800 0.062800 0.062800 0.062800 0.062800 0.062800 0.062800 0.062800
78.7500 -85.7606 7.20367 0.439916 0.348487 0.179136 25.206 27.389 0.609188 0.062800 0.062800 0.062800 0.062800 0.062800 0.062800 0.062800 0.062800 0.062800 0.062800 0.062800 0.062800 0.062800 0.062800
84.3750 -85.7606 7.35590 0.441769 0.353697 0.184335 23.763 25.695 0.523902 0.062800 0.062800 0.062800 0.062800 0.062800 0.062800 0.062800 0.062800 0.062800 0.062800 0.062800 0.062800 0.062800 0.062800
90.0000 -85.7606 7.59890 0.444764 0.361916 0.192591 22.647 24.412 0.458298 0.062800 0.062800 0.062800 0.062800 0.062800 0.062800 0.062800 0.062800 0.062800 0.062800 0.062800 0.062800 0.062800 0.062800
95.6250 -85.7606 7.84024 0.447720 0.369846 0.200670 21.755 23.388 0.406752 0.062800 0.062800 0.062800 0.062800 0.062800 0.062800 0.062800 0.062800 0.062800 0.062800 0.062800 0.062800 0.062800 0.062800
101.2500 -85.7606 8.07183 0.450542 0.377254 0.208312 21.044 22.571 0.366453 0.062800 0.062800 0.062800 0.062800 0.062800 0.062800 0.062800 0.062800 0.062800 0.062800 0.062800 0.062800 0.062800 0.062800
106.8750 -85.7606 8.20788 0.452205 0.381543 0.212764 20.486 21.910 0.334588 0.062800 0.062800 0.062800 0.062800 0.062800 0.062800 0.062800 0.062800 0.062800 0.062800 0.062800 0.062800 0.062800 0.062800
112.5000 -85.7606 7.94707 0.448995 0.373229 0.204177 20.440 21.787 0.329902 0.062800 0.062800 0.062800 0.062800 0.062800 0.062800 0.062800 0.062800 0.062800 0.062800 0.062800 0.062800 0.062800 0.062800
118.1250 -85.7606 7.46177 0.442590 0.356318 0.187427 23.286 25.158 0.499535 0.062800 0.062800 0.062800 0.062800 0.062800 0.062800 0.062800 0.062800 0.062800 0.062800 0.062800 0.062800 0.062800 0.062800
123.7500 -85.7606 7.89947 0.448123 0.371106 0.202279 21.568 23.179 0.398318 0.062800 0.062800 0.062800 0.062800 0.062800 0.062800 0.062800 0.062800 0.062800 0.062800 0.062800 0.062800 0.062800 0.062800
129.3750 -85.7606 8.55934 0.456500 0.392381 0.224119 19.099 20.246 0.255863 0.062800 0.062800 0.062800 0.062800 0.062800 0.062800 0.062800 0.062800 0.062800 0.062800 0.062800 0.062800 0.062800 0.062800
135.0000 -85.7606 8.54150 0.456271 0.391816 0.223535 19.101 20.245 0.255863 0.062800 0.062800 0.062800 0.062800 0.062800 0.062800 0.062800 0.062800 0.062800 0.062800 0.062800 0.062800 0.062800 0.062800
140.6250 -85.7606 8.58328 0.456629 0.392775 0.224694 18.984 20.108 0.250240 0.062800 0.062800 0.062800 0.062800 0.062800 0.062800 0.062800 0.062800 0.062800 0.062800 0.062800 0.062800 0.062800 0.062800
146.2500 -85.7606 8.57537 0.456619 0.392711 0.224543 18.994 20.117 0.250240 0.062800 0.062800 0.062800 0.062800 0.062800 0.062800 0.062800 0.062800 0.062800 0.062800 0.062800 0.062800 0.062800 0.062800
151.8750 -85.7606 8.56586 0.456599 0.392618 0.224350 19.005 20.128 0.250240 0.062800 0.062800 0.062800 0.062800 0.062800 0.062800 0.062800 0.062800 0.062800 0.062800 0.062800 0.062800 0.062800 0.062800
157.5000 -85.7606 8.53018 0.456141 0.391488 0.223181 19.009 20.126 0.250240 0.062800 0.062800 0.062800 0.062800 0.062800 0.062800 0.062800 0.062800 0.062800 0.062800 0.062800 0.062800 0.062800 0.062800
163.1250 -85.7606 8.51237 0.455926 0.390951 0.222613 19.013 20.127 0.250240 0.062800 0.062800 0.062800 0.062800 0.062800 0.062800 0.062800 0.062800 0.062800 0.062800 0.062800 0.062800 0.062800 0.062800
168.7500 -85.7606 8.50102 0.455781 0.390593 0.222242 19.014 20.127 0.250240 0.062800 0.062800 0.062800 0.062800 0.062800 0.062800 0.062800 0.062800 0.062800 0.062800 0.062800 0.062800 0.062800 0.062800
174.3750 -85.7606 8.56743 0.456595 0.392619 0.224373 19.002 20.125 0.250240 0.062800 0.062800 0.062800 0.062800 0.062800 0.062800 0.062800 0.062800 0.062800 0.062800 0.062800 0.062800 0.062800 0.062800
180.0000 -85.7606 8.56586 0.456599 0.392618 0.224350 19.005 20.128 0.250240 0.062800 0.062800 0.062800 0.062800 0.062800 0.062800 0.062800 0.062800 0.062800 0.062800 0.062800 0.062800 0.062800 0.062800
-174.3750 -85.7606 8.53184 0.456180 0.391577 0.223256 19.011 20.128 0.250240 0.062800 0.062800 0.062800 0.062800 0.062800 0.062800 0.062800 0.062800 0.062800 0.062800 0.062800 0.062800 0.062800 0.062800
-168.7500 -85.7606 8.52535 0.456095 0.391368 0.223042 19.011 20.128 0.250240 0.062800 0.062800 0.062800 0.062800 0.062800 0.062800 0.062800 0.062800 0.062800 0.062800 0.062800 0.062800 0.062800 0.062800
-163.1250 -85.7606 8.55937 0.456514 0.392410 0.224136 19.006 20.127 0.250240 0.062800 0.062800 0.062800 0.062800 0.062800 0.062800 0.062800 0.062800 0.062800 0.062800 0.062800 0.062800 0.062800 0.062800
-157.5000 -85.7606 8.56743 0.456595 0.392619 0.224373 19.002 20.125 0.250240 0.062800 0.062800 0.062800 0.062800 0.062800 0.062800 0.062800 0.062800 0.062800 0.062800 0.062800 0.062800 0.062800 0.062800
-151.8750 -85.7606 8.56743 0.456595 0.392619 0.224373 19.002 20.125 0.250240 0.062800 0.062800 0.062800 0.062800 0.062800 0.062800 0.062800 0.062800 0.062800 0.062800 0.062800 0.062800 0.062800 0.062800
-146.2500 -85.7606 8.56743 0.456595 0.392619 0.224373 19.002 20.125 0.250240 0.062800 0.062800 0.062800 0.062800 0.062800 0.062800 0.062800 0.062800 0.062800 0.062800 0.062800 0.062800 0.062800 0.062800
-140.6250 -85.7606 8.56743 0.456595 0.392619 0.224373 19.002 20.125 0.250240 0.062800 0.062800 0.062800 0.062800 0.062800 0.062800 0.062800 0.062800 0.062800 0.062800 0.062800 0.062800 0.062800 0.062800
-135.0000 -85.7606 8.56743 0.456595 0.392619 0.224373 19.002 20.125 0.250240 0.062800 0.062800 0.062800 0.062800 0.062800 0.062800 0.062800 0.062800 0.062800 0.062800 0.062800 0.062800 0.062800 0.062800
-129.3750 -85.7606 8.56743 0.456595 0.392619 0.224373 19.002 20.125 0.250240 0.062800 0.062800 0.062800 0.062800 0.062800 0.062800 0.062800 0.062800 0.062800 0.062800 0.062800 0.062800 0.062800 0.062800
-123.7500 -85.7606 8.56743 0.456595 0.392619 0.224373 19.002 20.125 0.250240 0.062800 0.062800 0.062800 0.062800 0.062800 0.062800 0.062800 0.062800 0.062800 0.062800 0.062800 0.062800 0.062800 0.062800
-118.1250 -85.7606 8.56743 0.456595 0.392619 0.224373 19.002 20.125 0.250240 0.062800 0.062800 0.062800 0.062800 0.062800 0.062800 0.062800 0.062800 0.062800 0.062800 0.062800 0.062800 0.062800 0.062800
-112.5000 -85.7606 8.55934 0.456500 0.392381 0.224119 19.004 20.126 0.250240 0.062800 0.062800 0.062800 0.062800 0.062800 0.062800 0.062800 0.062800 0.062800 0.062800 0.062800 0.062800 0.062800 0.062800
-106.8750 -85.7606 8.56743 0.456595 0.392619 0.224373 19.002 20.125 0.250240 0.062800 0.062800 0.062800 0.062800 0.062800 0.062800 0.062800 0.062800 0.062800 0.062800 0.062800 0.062800 0.062800 0.062800
-101.2500 -85.7606 8.56743 0.456595 0.392619 0.224373 19.002 20.125 0.250240 0.062800 0.062800 0.062800 0.062800 0.062800 0.062800 0.062800 0.062800 0.062800 0.062800 0.062800 0.062800 0.062800 0.062800
-95.6250 -85.7606 8.56743 0.456595 0.392619 0.224373 19.002 20.125 0.250240 0.062800 0.062800 0.062800 0.062800 0.062800 0.062800 0.062800 0.062800 0.062800 0.062800 0.062800 0.062800 0.062800 0.062800
-90.0000 -85.7606 8.55937 0.456514 0.392410 0.224136 19.006 20.127 0.250240 0.062800 0.062800 0.062800 0.062800 0.062800 0.062800 0.062800 0.062800 0.062800 0.062800 0.062800 0.062800 0.062800 0.062800
-84.3750 -85.7606 8.56743 0.456595 0.392619 0.224373 19.002 20.125 0.250240 0.062800 0.062800 0.062800 0.062800 0.062800 0.062800 0.062800 0.062800 0.062800 0.062800 0.062800 0.062800 0.062800 0.062800
-78.7500 -85.7606 8.53039 0.456240 0.391692 0.223300 19.019 20.136 0.250240 0.062800 0.062800 0.062800 0.062800 0.062800 0.062800 0.062800 0.062800 0.062800 0.062800 0.062800 0.062800 0.062800 0.062800
-73.1250 -85.7606 8.56743 0.456595 0.392619 0.224373 19.018 20.145 0.251177 0.062800 0.062800 0.062800 0.062800 0.062800 0.062800 0.062800 0.062800 0.062800 0.062800 0.062800 0.062800 0.062800 0.062800
-67.5000 -85.7606 8.56423 0.456574 0.392559 0.224292 19.336 20.547 0.269921 0.062800 0.062800 0.062800 0.062800 0.062800 0.062800 0.062800 0.062800 0.062800 0.062800 0.062800 0.062800 0.062800 0.062800
-61.8750 -85.7606 8.47240 0.455678 0.390220 0.221607 19.802 21.111 0.295226 0.062800 0.062800 0.062800 0.062800 0.062800 0.062800 0.062800 0.062800 0.062800 0.062800 0.062800 0.062800 0.062800 0.062800
-56.2500 -85.7606 8.40638 0.455048 0.388556 0.219684 20.403 21.848 0.328965 0.062800 0.062800 0.062800 0.062800 0.062800 0.062800 0.062800 0.062800 0.062800 0.062800 0.062800 0.062800 0.062800 0.062800
-50.6250 -85.7606 8.23887 0.453431 0.384241 0.214740 21.305 22.927 0.377699 0.062800 0.062800 0.062800 0.062800 0.062800 0.062800 0.062800 0.062800 0.062800 0.062800 0.062800 0.062800 0.062800 0.062800
-45.0000 -85.7606 7.85395 0.449729 0.374057 0.203172 22.696 24.520 0.448926 0.062800 0.062800 0.062800 0.062800 0.062800 0.062800 0.062800 0.062800 0.062800 0.062800 0.062800 0.062800 0.062800 0.062800
-39.3750 -85.7606 7.99547 0.450993 0.377654 0.207353 24.230 26.484 0.543584 0.062800 0.062800 0.062800 0.062800 0.062800 0.062800 0.062800 0.062800 0.062800 0.062800 0.062800 0.062800 0.062800 0.062800
-33.7500 -85.7606 7.57376 0.446307 0.364867 0.193755 22.598 24.308 0.441429 0.062800 0.062800 0.062800 0.062800 0.062800 0.062800 0.062800 0.062800 0.062800 0.062800 0.062800 0.062800 0.062800 0.062800
-28.1250 -85.7606 7.04571 0.439831 0.346746 0.175602 22.586 24.133 0.440492 0.062800 0.062800 0.062800 0.062800 0.062800 0.062800 0.062800 0.062800 0.062800 0.062800 0.062800 0.062800 0.062800 0.062800
-22.5000 -85.7606 7.15330 0.440720 0.349637 0.178887 21.398 22.735 0.373950 0.062800 0.062800 0.062800 0.062800 0.062800 0.062800 0.062800 0.062800 0.062800 0.062800 0.062800 0.062800 0.062800 0.062800
-16.8750 -85.7606 7.63102 0.445031 0.362724 0.193534 20.425 21.695 0.328028 0.062800 0.062800 0.062800 0.062800 0.062800 0.062800 0.062800 0.062800 0.062800 0.062800 0.062800 0.062800 0.062800 0.062800
-11.2500 -85.7606 7.49053 0.443507 0.358435 0.189006 20.136 21.306 0.309284 0.062800 0.062800 0.062800 0.062800 0.062800 0.062800 0.062800 0.062800 0.062800 0.062800 0.062800 0.062800 0.062800 0.062800
-5.6250 -85.7606 7.80185 0.446726 0.367531 0.198815 19.893 21.086 0.299912 0.062800 0.062800 0.062800 0.062800 0.062800 0.062800 0.062800 0.062800 0.062800 0.062800 0.062800 0.062800 0.062800 0.062800
