Lon Lat sand clay silt orgc ph bulkdensity cn soilc depth awc bedrockfrac andic pfixation
11.2500 85.7606 0.5931 0.1564 0.2506 0.00000 6.833 1500.0 12.0 0.0000 0.2105 23.56 0.0628 0.0000 0.0000
16.8750 85.7606 0.6255 0.1354 0.2390 0.00000 6.668 1500.0 12.0 0.0000 0.2545 27.79 0.0628 0.0000 0.0000
22.5000 85.7606 0.6180 0.1389 0.2431 0.00000 6.645 1500.0 12.0 0.0000 0.2594 28.52 0.0628 0.0000 0.0000
39.3750 85.7606 0.6431 0.1250 0.2319 0.00000 6.689 1500.0 12.0 0.0000 0.3744 40.30 0.0628 0.0000 0.0000
45.0000 85.7606 0.5312 0.1978 0.2710 0.00000 7.388 1500.0 12.0 0.0000 0.2775 32.49 0.0628 0.0000 0.0000
50.6250 85.7606 0.5397 0.1936 0.2666 0.00000 7.296 1500.0 12.0 0.0000 0.2764 32.14 0.0628 0.0000 0.0000
56.2500 85.7606 0.5059 0.2078 0.2863 0.00000 7.546 1500.0 12.0 0.0000 0.2377 28.45 0.0628 0.0000 0.0000
61.8750 85.7606 0.4426 0.2386 0.3188 0.00000 7.780 1500.0 12.0 0.0000 0.1367 17.19 0.0628 0.0000 0.0000
67.5000 85.7606 0.5050 0.2027 0.2923 0.00000 7.365 1500.0 12.0 0.0000 0.1773 21.31 0.0628 0.0000 0.0000
73.1250 85.7606 0.5030 0.2020 0.2950 0.00000 7.122 1500.0 12.0 0.0000 0.1256 15.14 0.0628 0.0000 0.0000
78.7500 85.7606 0.4713 0.2210 0.3077 0.00000 7.088 1500.0 12.0 0.0000 0.0647 10.00 0.0628 0.0000 0.0000
84.3750 85.7606 0.4784 0.2171 0.3045 0.00000 6.971 1500.0 12.0 0.0000 0.0534 10.00 0.0628 0.0000 0.0000
90.0000 85.7606 0.4812 0.2134 0.3054 0.00000 6.932 1500.0 12.0 0.0000 0.0480 10.00 0.0628 0.0000 0.0000
95.6250 85.7606 0.4622 0.2295 0.3083 0.00000 7.101 1500.0 12.0 0.0000 0.0410 10.00 0.0628 0.0000 0.0000
101.2500 85.7606 0.4448 0.2412 0.3141 0.00000 7.297 1500.0 12.0 0.0000 0.0356 10.00 0.0628 0.0000 0.0000
106.8750 85.7606 0.4498 0.2328 0.3174 0.00000 7.261 1500.0 12.0 0.0000 0.0331 10.00 0.0628 0.0000 0.0000
112.5000 85.7606 0.4572 0.2265 0.3164 0.00000 7.177 1500.0 12.0 0.0000 0.0307 10.00 0.0628 0.0000 0.0000
118.1250 85.7606 0.3722 0.2866 0.3411 0.00000 8.077 1500.0 12.0 0.0000 0.0259 10.00 0.0628 0.0000 0.0000
123.7500 85.7606 0.3763 0.2836 0.3401 0.00000 8.053 1500.0 12.0 0.0000 0.0242 10.00 0.0628 0.0000 0.0000
129.3750 85.7606 0.3926 0.2753 0.3321 0.00000 7.913 1500.0 12.0 0.0000 0.0224 10.00 0.0628 0.0000 0.0000
135.0000 85.7606 0.4409 0.2389 0.3202 0.00000 7.435 1500.0 12.0 0.0000 0.0215 10.00 0.0628 0.0000 0.0000
140.6250 85.7606 0.3690 0.2864 0.3445 0.00000 8.210 1500.0 12.0 0.0000 0.0200 10.00 0.0628 0.0000 0.0000
146.2500 85.7606 0.3960 0.2645 0.3396 0.00000 7.973 1500.0 12.0 0.0000 0.0204 10.00 0.0628 0.0000 0.0000
151.8750 85.7606 0.3754 0.2811 0.3435 0.00000 8.318 1500.0 12.0 0.0000 0.0269 10.00 0.0628 0.0000 0.0000
157.5000 85.7606 0.3797 0.2848 0.3355 0.00000 8.538 1500.0 12.0 0.0000 0.0395 10.00 0.0628 0.0000 0.0000
163.1250 85.7606 0.4250 0.2565 0.3184 0.00000 8.297 1500.0 12.0 0.0000 0.0485 10.00 0.0628 0.0000 0.0000
168.7500 85.7606 0.5564 0.1791 0.2645 0.00000 7.443 1500.0 12.0 0.0000 0.0706 10.00 0.0628 0.0000 0.0000
174.3750 85.7606 0.4644 0.2291 0.3066 0.00000 7.987 1500.0 12.0 0.0000 0.0549 10.00 0.0628 0.0000 0.0000
180.0000 85.7606 0.3818 0.2674 0.3509 0.00000 7.895 1500.0 12.0 0.0000 0.0533 10.00 0.0628 0.0000 0.0000
-174.3750 85.7606 0.3944 0.2512 0.3544 0.00000 7.419 1500.0 12.0 0.0000 0.0609 10.00 0.0628 0.0000 0.0000
-168.7500 85.7606 0.4432 0.2210 0.3358 0.00000 7.497 1499.9 12.0 0.0000 0.0570 10.00 0.0628 0.0001 0.0007
-163.1250 85.7606 0.4684 0.2102 0.3214 0.00000 7.270 1500.0 12.0 0.0000 0.0633 10.00 0.0628 0.0000 0.0001
-157.5000 85.7606 0.4223 0.2382 0.3395 0.00000 7.476 1500.0 12.0 0.0000 0.0565 10.00 0.0628 0.0000 0.0001
-151.8750 85.7606 0.4013 0.2498 0.3489 0.00000 7.522 1500.0 12.0 0.0000 0.0524 10.00 0.0628 0.0000 0.0003
-146.2500 85.7606 0.4338 0.2262 0.3400 0.00000 7.307 1500.0 12.0 0.0000 0.0608 10.00 0.0628 0.0000 0.0004
-140.6250 85.7606 0.4304 0.2205 0.3490 0.00000 6.904 1499.9 12.0 0.0000 0.0674 10.00 0.0628 0.0000 0.0005
-135.0000 85.7606 0.4360 0.2229 0.3411 0.00000 7.218 1499.9 12.0 0.0000 0.0584 10.00 0.0628 0.0000 0.0005
-129.3750 85.7606 0.4060 0.2451 0.3490 0.00000 7.394 1500.0 12.0 0.0000 0.0500 10.00 0.0628 0.0000 0.0002
-123.7500 85.7606 0.3905 0.2510 0.3585 0.00000 7.494 1499.9 12.0 0.0000 0.0500 10.00 0.0628 0.0000 0.0005
-118.1250 85.7606 0.3868 0.2474 0.3658 0.00000 7.506 1499.9 12.0 0.0000 0.0546 10.00 0.0628 0.0001 0.0012
-112.5000 85.7606 0.4347 0.2133 0.3520 0.00000 6.887 1499.8 12.0 0.0000 0.0678 10.00 0.0628 0.0001 0.0014
-106.8750 85.7606 0.5008 0.1923 0.3069 0.00000 7.026 1500.0 12.0 0.0000 0.0682 10.00 0.0628 0.0000 0.0004
-101.2500 85.7606 0.4900 0.2123 0.2978 0.00000 7.509 1500.0 12.0 0.0000 0.0668 10.00 0.0628 0.0000 0.0000
-95.6250 85.7606 0.5722 0.1675 0.2603 0.00000 7.261 1500.0 12.0 0.0000 0.0753 10.00 0.0628 0.0000 0.0000
-90.0000 85.7606 0.4820 0.2183 0.2996 0.00000 7.886 1500.0 12.0 0.0000 0.0630 10.00 0.0628 0.0000 0.0000
-84.3750 85.7606 0.5790 0.1632 0.2577 0.00000 7.195 1500.0 12.0 0.0000 0.0866 10.00 0.0628 0.0000 0.0000
-78.7500 85.7606 0.5633 0.1724 0.2643 0.00000 7.183 1500.0 12.0 0.0000 0.0770 10.00 0.0628 0.0000 0.0000
-73.1250 85.7606 0.4727 0.2222 0.3052 0.00000 7.465 1500.0 12.0 0.0000 0.0430 10.00 0.0628 0.0000 0.0000
-67.5000 85.7606 0.4305 0.2491 0.3204 0.00000 7.860 1500.0 12.0 0.0000 0.0421 10.00 0.0628 0.0000 0.0000
-61.8750 85.7606 0.4382 0.2460 0.3159 0.00000 7.788 1500.0 12.0 0.0000 0.0508 10.00 0.0628 0.0000 0.0000
-56.2500 85.7606 0.3802 0.2788 0.3410 0.00000 8.229 1500.0 12.0 0.0000 0.0408 10.00 0.0628 0.0000 0.0000
-50.6250 85.7606 0.3632 0.2873 0.3495 0.00000 8.298 1500.0 12.0 0.0000 0.0360 10.00 0.0628 0.0000 0.0000
-45.0000 85.7606 0.3928 0.2681 0.3392 0.00000 8.030 1500.0 12.0 0.0000 0.0497 10.00 0.0628 0.0000 0.0000
-39.3750 85.7606 0.4473 0.2341 0.3186 0.00000 7.499 1500.0 12.0 0.0000 0.0584 10.00 0.0628 0.0000 0.0000
50.6250 80.2688 0.4439 0.2310 0.3251 0.00000 7.113 1500.0 12.0 0.0000 0.1254 15.81 0.0628 0.0000 0.0001
56.2500 80.2688 0.4539 0.2089 0.3371 0.00000 7.486 1499.9 12.0 0.0000 0.1975 24.96 0.0628 0.0001 0.0009
61.8750 80.2688 0.4869 0.1905 0.3225 0.00000 7.292 1499.9 12.0 0.0000 0.2257 27.85 0.0628 0.0001 0.0009
67.5000 80.2688 0.4120 0.2326 0.3554 0.00000 6.780 1500.0 12.0 0.0000 0.2965 38.60 0.0628 0.0000 0.0001
73.1250 80.2688 0.3543 0.2797 0.3660 0.00000 7.504 1500.0 12.0 0.0000 0.2472 33.21 0.0628 0.0000 0.0000
78.7500 80.2688 0.4396 0.2277 0.3327 0.00000 7.086 1500.0 12.0 0.0000 0.2626 33.33 0.0628 0.0000 0.0000
84.3750 80.2688 0.4613 0.2107 0.3280 0.00000 6.654 1500.0 12.0 0.0000 0.2368 29.66 0.0628 0.0000 0.0000
90.0000 80.2688 0.4606 0.2173 0.3221 0.00000 6.754 1500.0 12.0 0.0000 0.1111 13.88 0.0628 0.0000 0.0000
95.6250 80.2688 0.4644 0.2169 0.3187 0.00000 6.800 1500.0 12.0 0.0000 0.0966 12.02 0.0628 0.0000 0.0000
101.2500 80.2688 0.4889 0.2063 0.3048 0.00000 6.790 1500.0 12.0 0.0000 0.0733 10.00 0.0628 0.0000 0.0000
106.8750 80.2688 0.4094 0.2647 0.3259 0.00000 7.730 1500.0 12.0 0.0000 0.0539 10.00 0.0628 0.0000 0.0000
112.5000 80.2688 0.3464 0.2984 0.3552 0.00000 8.471 1500.0 12.0 0.0000 0.0489 10.00 0.0628 0.0000 0.0000
118.1250 80.2688 0.3906 0.2673 0.3422 0.00000 7.867 1500.0 12.0 0.0000 0.0517 10.00 0.0628 0.0000 0.0000
123.7500 80.2688 0.4409 0.2355 0.3237 0.00000 7.313 1500.0 12.0 0.0000 0.0614 10.00 0.0628 0.0000 0.0000
129.3750 80.2688 0.4637 0.2239 0.3124 0.00000 7.180 1500.0 12.0 0.0000 0.0830 10.30 0.0628 0.0000 0.0000
135.0000 80.2688 0.4476 0.2346 0.3179 0.00000 7.365 1500.0 12.0 0.0000 0.1226 15.38 0.0628 0.0000 0.0000
140.6250 80.2688 0.4676 0.2247 0.3077 0.00000 7.503 1500.0 12.0 0.0000 0.1862 23.00 0.0628 0.0000 0.0000
146.2500 80.2688 0.5372 0.1886 0.2742 0.00000 7.515 1500.0 12.0 0.0000 0.2577 30.14 0.0628 0.0000 0.0000
151.8750 80.2688 0.5645 0.1735 0.2620 0.00000 7.421 1500.0 12.0 0.0000 0.2375 27.19 0.0628 0.0000 0.0000
157.5000 80.2688 0.4466 0.2274 0.3260 0.00000 7.520 1500.0 12.0 0.0000 0.2059 25.94 0.0628 0.0000 0.0000
163.1250 80.2688 0.4521 0.2127 0.3352 0.00000 7.347 1499.9 12.0 0.0000 0.1941 24.53 0.0628 0.0000 0.0005
168.7500 80.2688 0.4465 0.2201 0.3333 0.00000 7.263 1500.0 12.0 0.0000 0.1703 21.55 0.0628 0.0000 0.0003
174.3750 80.2688 0.3961 0.2538 0.3501 0.00000 7.573 1500.0 12.0 0.0000 0.1304 17.04 0.0628 0.0000 0.0004
180.0000 80.2688 0.3985 0.2509 0.3506 0.00000 7.325 1500.0 12.0 0.0000 0.1342 17.54 0.0628 0.0000 0.0001
-174.3750 80.2688 0.4930 0.1962 0.3108 0.00000 7.133 1500.0 12.0 0.0000 0.1167 14.26 0.0628 0.0000 0.0004
-168.7500 80.2688 0.4178 0.2462 0.3360 0.00000 7.250 1500.0 12.0 0.0000 0.0501 10.00 0.0628 0.0000 0.0003
-163.1250 80.2688 0.3918 0.2604 0.3478 0.00000 7.484 1500.0 12.0 0.0000 0.0317 10.00 0.0628 0.0000 0.0000
-146.2500 80.2688 0.4968 0.1966 0.3066 0.00000 7.059 1500.0 12.0 0.0000 0.0586 10.00 0.0628 0.0000 0.0000
-140.6250 80.2688 0.4313 0.2349 0.3338 0.00000 7.026 1500.0 12.0 0.0000 0.0339 10.00 0.0628 0.0000 0.0000
-135.0000 80.2688 0.4092 0.2548 0.3360 0.00000 7.175 1500.0 12.0 0.0000 0.0303 10.00 0.0628 0.0000 0.0000
-129.3750 80.2688 0.4154 0.2454 0.3392 0.00000 7.121 1500.0 12.0 0.0000 0.0330 10.00 0.0628 0.0000 0.0000
-118.1250 80.2688 0.5419 0.1660 0.2920 0.00000 6.682 1500.0 12.0 0.0000 0.1262 14.88 0.0628 0.0000 0.0000
-112.5000 80.2688 0.4742 0.2008 0.3250 0.00000 7.414 1499.9 12.0 0.0000 0.1536 19.10 0.0628 0.0000 0.0006
-106.8750 80.2688 0.3835 0.2498 0.3667 0.00000 7.560 1499.9 12.0 0.0000 0.2045 27.13 0.0628 0.0000 0.0006
-101.2500 80.2688 0.4536 0.2342 0.3122 0.00000 7.999 1500.0 12.0 0.0000 0.2532 31.55 0.0628 0.0000 0.0000
-95.6250 80.2688 0.4194 0.2553 0.3254 0.00000 8.432 1500.0 12.0 0.0000 0.2499 31.89 0.0628 0.0000 0.0000
-90.0000 80.2688 0.4949 0.2111 0.2940 0.00000 7.787 1500.0 12.0 0.0000 0.3391 40.99 0.0628 0.0000 0.0000
-84.3750 80.2688 0.5298 0.1883 0.2819 0.00000 6.974 1500.0 12.0 0.0000 0.2565 30.26 0.0628 0.0000 0.0000
-78.7500 80.2688 0.4417 0.2437 0.3146 0.00000 7.450 1500.0 12.0 0.0000 0.1277 16.03 0.0628 0.0000 0.0000
-73.1250 80.2688 0.4973 0.2032 0.2996 0.00000 6.813 1500.0 12.0 0.0000 0.1060 12.84 0.0628 0.0000 0.0000
-56.2500 80.2688 0.5837 0.1562 0.2601 0.00000 6.649 1500.0 12.0 0.0000 0.2096 23.72 0.0628 0.0000 0.0000
-50.6250 80.2688 0.6694 0.1097 0.2209 0.00000 6.487 1500.0 12.0 0.0000 0.2810 29.59 0.0628 0.0000 0.0000
-45.0000 80.2688 0.7055 0.0901 0.2044 0.00000 6.421 1500.0 12.0 0.0000 0.2840 28.97 0.0628 0.0000 0.0000
61.8750 74.7445 0.4274 0.2315 0.3411 0.00000 7.397 1500.0 12.0 0.0000 0.3696 47.40 0.0628 0.0000 0.0004
67.5000 74.7445 0.5018 0.1733 0.3249 0.00000 7.156 1499.8 12.0 0.0000 0.5309 65.12 0.0628 0.0001 0.0014
73.1250 74.7445 0.5250 0.1934 0.2816 0.00000 7.391 1500.0 12.0 0.0000 0.6473 76.52 0.0628 0.0000 0.0003
78.7500 74.7445 0.4367 0.2536 0.3097 0.00000 8.082 1500.0 12.0 0.0000 0.4224 53.00 0.0628 0.0000 0.0000
84.3750 74.7445 0.3944 0.2735 0.3320 0.00000 7.926 1500.0 12.0 0.0000 0.1849 23.96 0.0628 0.0000 0.0000
90.0000 74.7445 0.3854 0.2787 0.3360 0.00000 8.003 1500.0 12.0 0.0000 0.1824 23.79 0.0628 0.0000 0.0000
95.6250 74.7445 0.3318 0.3072 0.3610 0.00000 8.635 1500.0 12.0 0.0000 0.1189 16.10 0.0628 0.0000 0.0000
101.2500 74.7445 0.3531 0.2907 0.3562 0.00000 8.426 1500.0 12.0 0.0000 0.0933 12.48 0.0628 0.0000 0.0000
106.8750 74.7445 0.3700 0.2798 0.3501 0.00000 8.241 1500.0 12.0 0.0000 0.0805 10.65 0.0628 0.0000 0.0000
112.5000 74.7445 0.3453 0.2948 0.3599 0.00000 8.518 1500.0 12.0 0.0000 0.0741 10.00 0.0628 0.0000 0.0000
118.1250 74.7445 0.3436 0.2901 0.3662 0.00000 8.223 1500.0 12.0 0.0000 0.0756 10.20 0.0628 0.0000 0.0000
123.7500 74.7445 0.3137 0.3056 0.3808 0.00000 8.410 1500.0 12.0 0.0000 0.0793 10.94 0.0628 0.0000 0.0000
129.3750 74.7445 0.3413 0.2949 0.3638 0.00000 8.407 1500.0 12.0 0.0000 0.0786 10.62 0.0628 0.0000 0.0000
135.0000 74.7445 0.4167 0.2549 0.3284 0.00000 7.672 1500.0 12.0 0.0000 0.0735 10.00 0.0628 0.0000 0.0000
140.6250 74.7445 0.4525 0.2312 0.3163 0.00000 7.311 1500.0 12.0 0.0000 0.0704 10.00 0.0628 0.0000 0.0000
146.2500 74.7445 0.5166 0.1982 0.2853 0.00000 7.305 1500.0 12.0 0.0000 0.2145 25.52 0.0628 0.0000 0.0000
151.8750 74.7445 0.5756 0.1654 0.2590 0.00000 7.320 1500.0 12.0 0.0000 0.3859 43.83 0.0628 0.0000 0.0000
157.5000 74.7445 0.3878 0.2540 0.3581 0.00000 7.577 1500.0 12.0 0.0000 0.3157 41.61 0.0628 0.0000 0.0002
163.1250 74.7445 0.4295 0.2287 0.3419 0.00000 7.403 1500.0 12.0 0.0000 0.2101 26.92 0.0628 0.0000 0.0003
168.7500 74.7445 0.4337 0.2347 0.3316 0.00000 7.516 1500.0 12.0 0.0000 0.1106 14.07 0.0628 0.0000 0.0000
-118.1250 74.7445 0.5240 0.1703 0.3053 0.00000 6.640 1500.0 12.0 0.0000 0.1574 18.87 0.0628 0.0000 0.0001
-112.5000 74.7445 0.4072 0.2424 0.3504 0.00000 7.538 1500.0 12.0 0.0000 0.1330 17.30 0.0628 0.0000 0.0003
-106.8750 74.7445 0.3830 0.2594 0.3576 0.00000 7.608 1500.0 12.0 0.0000 0.1181 15.60 0.0628 0.0000 0.0000
-101.2500 74.7445 0.4744 0.2004 0.3252 0.00000 7.154 1500.0 12.0 0.0000 0.1587 19.73 0.0628 0.0000 0.0004
-95.6250 74.7445 0.5502 0.1660 0.2838 0.00000 7.117 1500.0 12.0 0.0000 0.2089 24.41 0.0628 0.0000 0.0004
-90.0000 74.7445 0.6093 0.1475 0.2431 0.00000 7.127 1500.0 12.0 0.0000 0.2565 28.33 0.0628 0.0000 0.0000
-84.3750 74.7445 0.5225 0.1949 0.2826 0.00000 7.307 1500.0 12.0 0.0000 0.2023 23.96 0.0628 0.0000 0.0000
-78.7500 74.7445 0.4517 0.2321 0.3162 0.00000 7.313 1500.0 12.0 0.0000 0.1022 12.77 0.0628 0.0000 0.0000
-73.1250 74.7445 0.5077 0.1974 0.2949 0.00000 6.783 1500.0 12.0 0.0000 0.1583 19.02 0.0628 0.0000 0.0000
56.2500 69.2130 0.4798 0.1909 0.3293 0.00000 6.986 1499.9 12.0 0.0000 0.6163 76.60 0.0628 0.0001 0.0010
61.8750 69.2130 0.4294 0.2238 0.3468 0.00000 7.830 1499.9 12.0 0.0000 0.5990 76.99 0.0628 0.0001 0.0010
67.5000 69.2130 0.5954 0.1555 0.2491 0.00000 7.179 1500.0 12.0 0.0000 0.7439 83.10 0.0628 0.0000 0.0000
73.1250 69.2130 0.5866 0.1586 0.2548 0.00000 6.983 1500.0 12.0 0.0000 0.5590 62.96 0.0628 0.0000 0.0000
78.7500 69.2130 0.5026 0.2001 0.2973 0.00000 6.786 1500.0 12.0 0.0000 0.1609 19.41 0.0628 0.0000 0.0000
84.3750 69.2130 0.4332 0.2418 0.3250 0.00000 7.522 1500.0 12.0 0.0000 0.1498 18.99 0.0628 0.0000 0.0000
90.0000 69.2130 0.4285 0.2447 0.3267 0.00000 7.567 1500.0 12.0 0.0000 0.1418 18.03 0.0628 0.0000 0.0000
95.6250 69.2130 0.4375 0.2401 0.3224 0.00000 7.462 1500.0 12.0 0.0000 0.1110 14.02 0.0628 0.0000 0.0000
101.2500 69.2130 0.4515 0.2316 0.3169 0.00000 7.312 1500.0 12.0 0.0000 0.1023 12.80 0.0628 0.0000 0.0000
106.8750 69.2130 0.4452 0.2345 0.3203 0.00000 7.394 1500.0 12.0 0.0000 0.1109 13.95 0.0628 0.0000 0.0000
112.5000 69.2130 0.4189 0.2488 0.3323 0.00000 7.629 1500.0 12.0 0.0000 0.1413 18.10 0.0628 0.0000 0.0000
118.1250 69.2130 0.4740 0.2174 0.3086 0.00000 7.069 1500.0 12.0 0.0000 0.1032 12.70 0.0628 0.0000 0.0000
123.7500 69.2130 0.4891 0.2079 0.3030 0.00000 6.896 1500.0 12.0 0.0000 0.0891 10.85 0.0628 0.0000 0.0000
129.3750 69.2130 0.4168 0.2539 0.3293 0.00000 7.643 1500.0 12.0 0.0000 0.0820 10.50 0.0628 0.0000 0.0000
135.0000 69.2130 0.3670 0.2858 0.3473 0.00000 8.242 1500.0 12.0 0.0000 0.0854 11.30 0.0628 0.0000 0.0000
140.6250 69.2130 0.3953 0.2677 0.3370 0.00000 7.936 1500.0 12.0 0.0000 0.0878 11.40 0.0628 0.0000 0.0000
146.2500 69.2130 0.5879 0.1582 0.2539 0.00000 7.102 1500.0 12.0 0.0000 0.3203 36.04 0.0628 0.0000 0.0000
151.8750 69.2130 0.4416 0.2254 0.3330 0.00000 7.210 1500.0 12.0 0.0000 0.2542 32.24 0.0628 0.0000 0.0003
157.5000 69.2130 0.4366 0.2291 0.3342 0.00000 7.243 1500.0 12.0 0.0000 0.1732 22.03 0.0649 0.0000 0.0001
163.1250 69.2130 0.4394 0.2297 0.3308 0.00000 6.964 1500.0 12.0 0.0000 0.0848 10.75 0.0644 0.0000 0.0000
-106.8750 69.2130 0.4776 0.1993 0.3231 0.00000 7.104 1499.9 12.0 0.0000 0.1486 18.42 0.0628 0.0000 0.0005
-101.2500 69.2130 0.5182 0.1811 0.3007 0.00000 7.133 1499.9 12.0 0.0000 0.1943 23.31 0.0628 0.0000 0.0005
-95.6250 69.2130 0.4749 0.2225 0.3026 0.00000 7.846 1500.0 12.0 0.0000 0.1981 24.31 0.0628 0.0000 0.0003
-90.0000 69.2130 0.5365 0.1893 0.2741 0.00000 7.473 1500.0 12.0 0.0000 0.2557 29.92 0.0628 0.0000 0.0000
-84.3750 69.2130 0.4668 0.2243 0.3089 0.00000 7.394 1500.0 12.0 0.0000 0.1517 18.76 0.0628 0.0000 0.0000
-78.7500 69.2130 0.3963 0.2606 0.3432 0.00000 7.633 1500.0 12.0 0.0000 0.1277 16.63 0.0628 0.0000 0.0000
-73.1250 69.2130 0.4459 0.2478 0.3063 0.00000 7.632 1500.0 12.0 0.0000 0.3647 45.47 0.0628 0.0000 0.0000
-67.5000 69.2130 0.7147 0.0853 0.2001 0.00000 6.416 1500.0 12.0 0.0000 1.3552 137.04 0.0628 0.0000 0.0000
-61.8750 69.2130 0.6252 0.1368 0.2380 0.00000 6.886 1500.0 12.0 0.0000 0.9059 98.88 0.0628 0.0000 0.0000
-56.2500 69.2130 0.5730 0.1507 0.2764 0.00000 6.886 1499.9 12.0 0.0000 0.7717 88.73 0.0628 0.0000 0.0006
0.0000 63.6786 0.4312 0.2376 0.3311 0.00000 7.070 1499.8 12.0 0.0000 0.2428 30.92 0.0854 0.0001 0.0008
5.6250 63.6786 0.4607 0.2217 0.3175 0.00000 7.219 1499.9 12.0 0.0000 0.3161 39.39 0.0759 0.0001 0.0007
11.2500 63.6786 0.5107 0.1905 0.2987 0.00000 7.429 1499.9 12.0 0.0000 0.3658 44.00 0.0628 0.0001 0.0009
16.8750 63.6786 0.5590 0.1635 0.2775 0.00000 6.988 1500.0 12.0 0.0000 0.5060 58.64 0.0628 0.0000 0.0004
22.5000 63.6786 0.4749 0.2120 0.3131 0.00000 7.777 1499.9 12.0 0.0000 0.6275 77.45 0.0628 0.0000 0.0005
28.1250 63.6786 0.5213 0.1937 0.2850 0.00000 7.533 1500.0 12.0 0.0000 1.0769 127.80 0.0628 0.0000 0.0002
33.7500 63.6786 0.4959 0.1980 0.3061 0.00000 7.456 1499.9 12.0 0.0000 1.1846 144.13 0.0628 0.0000 0.0005
39.3750 63.6786 0.4355 0.2225 0.3419 0.00000 7.678 1499.9 12.0 0.0000 1.1323 144.73 0.0628 0.0001 0.0009
45.0000 63.6786 0.4553 0.2110 0.3336 0.00000 7.174 1499.9 12.0 0.0000 0.6919 87.20 0.0628 0.0000 0.0006
67.5000 63.6786 0.5718 0.1431 0.2851 0.00000 6.795 1499.9 12.0 0.0000 0.6269 72.51 0.0628 0.0001 0.0010
73.1250 63.6786 0.6034 0.1346 0.2620 0.00000 6.777 1499.9 12.0 0.0000 0.6697 75.11 0.0628 0.0000 0.0006
78.7500 63.6786 0.5177 0.1920 0.2903 0.00000 6.764 1500.0 12.0 0.0000 0.2298 27.40 0.0628 0.0000 0.0000
84.3750 63.6786 0.4471 0.2351 0.3178 0.00000 7.361 1500.0 12.0 0.0000 0.1794 22.50 0.0628 0.0000 0.0000
90.0000 63.6786 0.4695 0.2203 0.3102 0.00000 7.121 1500.0 12.0 0.0000 0.1482 18.31 0.0628 0.0000 0.0000
95.6250 63.6786 0.4525 0.2265 0.3209 0.00000 7.115 1500.0 12.0 0.0000 0.1620 20.30 0.0628 0.0000 0.0000
101.2500 63.6786 0.4384 0.2323 0.3293 0.00000 7.133 1500.0 12.0 0.0000 0.1410 17.88 0.0628 0.0000 0.0000
106.8750 63.6786 0.3860 0.2648 0.3493 0.00000 7.595 1500.0 12.0 0.0000 0.1765 23.17 0.0628 0.0000 0.0000
112.5000 63.6786 0.4128 0.2396 0.3476 0.00000 7.253 1500.0 12.0 0.0000 0.2673 34.63 0.0628 0.0000 0.0000
118.1250 63.6786 0.3633 0.2804 0.3563 0.00000 7.677 1500.0 12.0 0.0000 0.1746 23.25 0.0628 0.0000 0.0000
123.7500 63.6786 0.4456 0.2333 0.3211 0.00000 7.250 1500.0 12.0 0.0000 0.2986 37.55 0.0628 0.0000 0.0000
129.3750 63.6786 0.4404 0.2380 0.3216 0.00000 7.434 1500.0 12.0 0.0000 0.1203 15.17 0.0628 0.0000 0.0000
135.0000 63.6786 0.3542 0.2895 0.3563 0.00000 8.409 1500.0 12.0 0.0000 0.0875 11.70 0.0628 0.0000 0.0000
140.6250 63.6786 0.3133 0.3170 0.3697 0.00000 8.666 1500.0 12.0 0.0000 0.0912 12.51 0.0709 0.0000 0.0000
146.2500 63.6786 0.5186 0.2026 0.2788 0.00000 7.029 1500.0 12.0 0.0000 0.4400 52.09 0.0962 0.0000 0.0000
151.8750 63.6786 0.4473 0.2308 0.3219 0.00000 6.708 1499.6 12.0 0.0000 0.5571 70.07 0.1078 0.0003 0.0009
157.5000 63.6786 0.4755 0.2103 0.3142 0.00000 6.352 1499.6 12.0 0.0000 0.3396 41.95 0.1057 0.0003 0.0011
-151.8750 63.6786 0.0994 0.5888 0.3118 0.00000 7.085 1500.0 12.0 0.0000 0.0273 10.00 0.0639 0.0000 0.0000
-118.1250 63.6786 0.4458 0.2169 0.3372 0.00000 7.214 1499.9 12.0 0.0000 0.1848 23.45 0.0628 0.0000 0.0006
-112.5000 63.6786 0.4978 0.1967 0.3055 0.00000 7.528 1499.9 12.0 0.0000 0.5411 65.76 0.0628 0.0000 0.0005
-106.8750 63.6786 0.5339 0.1809 0.2852 0.00000 7.376 1500.0 12.0 0.0000 0.2761 32.57 0.0628 0.0000 0.0003
-101.2500 63.6786 0.5963 0.1500 0.2537 0.00000 6.728 1500.0 12.0 0.0000 0.2055 23.01 0.0628 0.0000 0.0000
-95.6250 63.6786 0.5087 0.1979 0.2934 0.00000 6.938 1500.0 12.0 0.0000 0.0776 10.00 0.0628 0.0000 0.0000
-90.0000 63.6786 0.5010 0.2011 0.2979 0.00000 6.805 1500.0 12.0 0.0000 0.0819 10.00 0.0628 0.0000 0.0000
-78.7500 63.6786 0.5940 0.1583 0.2477 0.00000 7.067 1500.0 12.0 0.0000 0.8637 96.47 0.0628 0.0000 0.0000
-73.1250 63.6786 0.5561 0.1808 0.2630 0.00000 7.147 1500.0 12.0 0.0000 1.6003 172.58 0.0628 0.0000 0.0003
-67.5000 63.6786 0.4875 0.1942 0.3183 0.00000 7.387 1499.8 12.0 0.0000 0.7081 87.15 0.0628 0.0001 0.0016
-61.8750 63.6786 0.5201 0.1790 0.3009 0.00000 7.353 1499.8 12.0 0.0000 0.4868 58.36 0.0628 0.0001 0.0015
-56.2500 63.6786 0.5437 0.1714 0.2848 0.00000 7.205 1499.9 12.0 0.0000 0.4792 56.22 0.0628 0.0001 0.0013
-50.6250 63.6786 0.5406 0.1419 0.3175 0.00000 6.711 1499.7 12.0 0.0000 0.5159 61.83 0.0628 0.0002 0.0029
-5.6250 63.6786 0.5085 0.1760 0.3155 0.00000 6.380 1499.1 12.0 0.0000 0.2150 26.18 0.0857 0.0006 0.0033
0.0000 58.1430 0.5033 0.2091 0.2875 0.00000 6.649 1500.0 12.0 0.0000 0.2490 29.86 0.1070 0.0000 0.0000
5.6250 58.1430 0.4390 0.2435 0.3175 0.00000 7.017 1500.0 12.0 0.0000 0.1434 18.05 0.0928 0.0000 0.0000
11.2500 58.1430 0.4239 0.2500 0.3261 0.00000 7.458 1500.0 12.0 0.0000 0.0894 11.39 0.0658 0.0000 0.0000
16.8750 58.1430 0.3694 0.2852 0.3454 0.00000 7.993 1500.0 12.0 0.0000 0.0996 13.15 0.0628 0.0000 0.0000
22.5000 58.1430 0.4540 0.2355 0.3105 0.00000 7.466 1500.0 12.0 0.0000 0.2531 31.51 0.0628 0.0000 0.0000
28.1250 58.1430 0.3622 0.2894 0.3484 0.00000 8.721 1500.0 12.0 0.0000 0.4810 63.81 0.0628 0.0000 0.0000
33.7500 58.1430 0.4892 0.1865 0.3243 0.00000 7.380 1499.8 12.0 0.0000 1.1764 145.15 0.0628 0.0001 0.0014
90.0000 58.1430 0.4726 0.2110 0.3164 0.00000 7.046 1499.7 12.0 0.0000 0.3844 47.60 0.0755 0.0002 0.0013
95.6250 58.1430 0.4000 0.2557 0.3442 0.00000 7.669 1499.8 12.0 0.0000 0.3658 47.60 0.0728 0.0001 0.0010
101.2500 58.1430 0.4020 0.2433 0.3547 0.00000 6.999 1500.0 12.0 0.0000 0.1297 16.95 0.0628 0.0000 0.0002
106.8750 58.1430 0.3477 0.2817 0.3706 0.00000 7.731 1500.0 12.0 0.0000 0.0871 11.77 0.0628 0.0000 0.0000
112.5000 58.1430 0.3741 0.2619 0.3640 0.00000 7.543 1500.0 12.0 0.0000 0.1191 15.84 0.0628 0.0000 0.0003
118.1250 58.1430 0.3829 0.2601 0.3570 0.00000 7.771 1500.0 12.0 0.0000 0.2851 37.64 0.0628 0.0000 0.0003
123.7500 58.1430 0.3464 0.2827 0.3709 0.00000 7.903 1500.0 12.0 0.0000 0.4520 61.10 0.0628 0.0000 0.0000
129.3750 58.1430 0.4566 0.2271 0.3163 0.00000 6.840 1500.0 12.0 0.0000 0.4935 61.56 0.0830 0.0000 0.0000
135.0000 58.1430 0.4613 0.2315 0.3073 0.00000 6.475 1500.0 12.0 0.0000 0.3338 41.34 0.1151 0.0000 0.0000
140.6250 58.1430 0.4428 0.2394 0.3178 0.00000 6.296 1500.0 12.0 0.0000 0.2546 32.00 0.1350 0.0000 0.0000
146.2500 58.1430 0.4592 0.2356 0.3052 0.00000 6.424 1500.0 12.0 0.0000 0.2428 30.06 0.1397 0.0000 0.0000
151.8750 58.1430 0.4534 0.2459 0.3007 0.00000 7.311 1500.0 12.0 0.0000 0.6451 79.89 0.1315 0.0000 0.0000
157.5000 58.1430 0.4414 0.2387 0.3200 0.00000 7.019 1499.8 12.0 0.0000 0.6912 87.06 0.1153 0.0001 0.0004
-151.8750 58.1430 0.4501 0.2185 0.3313 0.00000 7.177 1499.8 12.0 0.0000 0.0970 12.24 0.0628 0.0001 0.0014
-146.2500 58.1430 0.4531 0.2237 0.3233 0.00000 7.395 1499.7 12.0 0.0000 0.1801 22.60 0.0801 0.0002 0.0012
-140.6250 58.1430 0.4707 0.2148 0.3145 0.00000 6.880 1499.7 12.0 0.0000 0.2259 27.97 0.0939 0.0002 0.0008
-135.0000 58.1430 0.4108 0.2473 0.3419 0.00000 7.204 1499.5 12.0 0.0000 0.1466 18.97 0.0955 0.0003 0.0015
-118.1250 58.1430 0.4613 0.2113 0.3270 0.00000 7.146 1499.9 12.0 0.0000 0.1395 17.46 0.0628 0.0000 0.0006
-112.5000 58.1430 0.4672 0.2129 0.3199 0.00000 7.538 1499.9 12.0 0.0000 0.2056 25.58 0.0628 0.0000 0.0006
-106.8750 58.1430 0.4934 0.2113 0.2953 0.00000 7.724 1500.0 12.0 0.0000 0.2937 35.56 0.0628 0.0000 0.0000
-101.2500 58.1430 0.5080 0.2008 0.2912 0.00000 7.299 1500.0 12.0 0.0000 0.4952 59.38 0.0628 0.0000 0.0000
-33.7500 58.1430 0.5122 0.1679 0.3199 0.00000 6.621 1499.0 12.0 0.0000 0.5189 63.23 0.0795 0.0007 0.0043
-28.1250 58.1430 0.5515 0.1639 0.2847 0.00000 6.822 1499.7 12.0 0.0000 0.4986 58.28 0.0723 0.0002 0.0016
-22.5000 58.1430 0.5984 0.1434 0.2581 0.00000 6.726 1499.8 12.0 0.0000 0.5172 58.03 0.0724 0.0001 0.0010
-16.8750 58.1430 0.5089 0.2038 0.2873 0.00000 7.257 1499.8 12.0 0.0000 0.5212 62.34 0.0848 0.0001 0.0007
-11.2500 58.1430 0.4621 0.2354 0.3025 0.00000 7.313 1499.9 12.0 0.0000 0.4304 53.14 0.1014 0.0001 0.0003
-5.6250 58.1430 0.4912 0.2201 0.2888 0.00000 6.864 1500.0 12.0 0.0000 0.3542 42.76 0.1111 0.0000 0.0000
0.0000 52.6065 0.2976 0.3320 0.3704 0.00000 8.236 1500.0 12.0 0.0000 0.2017 27.84 0.1225 0.0000 0.0000
5.6250 52.6065 0.3296 0.3058 0.3646 0.00000 7.737 1500.0 12.0 0.0000 0.1878 25.50 0.1178 0.0000 0.0000
11.2500 52.6065 0.3515 0.2920 0.3565 0.00000 7.494 1500.0 12.0 0.0000 0.1980 26.50 0.1091 0.0000 0.0000
16.8750 52.6065 0.3540 0.2845 0.3615 0.00000 7.554 1500.0 12.0 0.0000 0.2491 33.39 0.0946 0.0000 0.0000
22.5000 52.6065 0.4186 0.2463 0.3351 0.00000 7.044 1500.0 12.0 0.0000 0.3045 39.08 0.0795 0.0000 0.0000
28.1250 52.6065 0.4972 0.2156 0.2872 0.00000 7.602 1500.0 12.0 0.0000 1.6674 180.40 0.0806 0.0000 0.0000
33.7500 52.6065 0.4553 0.2210 0.3236 0.00000 7.381 1499.3 12.0 0.0000 2.5420 188.20 0.0844 0.0005 0.0025
39.3750 52.6065 0.4175 0.2399 0.3408 0.00000 7.327 1499.9 12.0 0.0000 2.5763 192.90 0.1018 0.0001 0.0003
95.6250 52.6065 0.4826 0.2143 0.3028 0.00000 6.310 1498.2 12.0 0.0000 1.4611 179.07 0.1719 0.0012 0.0026
101.2500 52.6065 0.4536 0.2339 0.3125 0.00000 6.473 1498.1 12.0 0.0000 1.2721 159.06 0.1653 0.0013 0.0029
106.8750 52.6065 0.3994 0.2675 0.3330 0.00000 6.965 1498.6 12.0 0.0000 1.2680 164.38 0.1616 0.0010 0.0022
112.5000 52.6065 0.4080 0.2646 0.3273 0.00000 6.837 1499.4 12.0 0.0000 1.1888 152.81 0.1638 0.0004 0.0009
123.7500 52.6065 0.4493 0.2376 0.3131 0.00000 6.483 1497.8 12.0 0.0000 1.7509 188.09 0.1797 0.0014 0.0030
-157.5000 52.6065 0.4539 0.2226 0.3235 0.00000 6.761 1499.4 12.0 0.0000 0.6218 78.05 0.1021 0.0004 0.0016
-151.8750 52.6065 0.4427 0.2304 0.3269 0.00000 7.680 1499.3 12.0 0.0000 0.5049 63.85 0.0872 0.0005 0.0025
-146.2500 52.6065 0.3668 0.2900 0.3432 0.00000 8.552 1500.0 12.0 0.0000 0.3831 50.57 0.0919 0.0000 0.0000
-140.6250 52.6065 0.3761 0.2865 0.3374 0.00000 8.235 1500.0 12.0 0.0000 0.3791 49.69 0.1045 0.0000 0.0000
-135.0000 52.6065 0.5052 0.2110 0.2838 0.00000 7.159 1500.0 12.0 0.0000 1.1471 137.14 0.1108 0.0000 0.0000
-129.3750 52.6065 0.4139 0.2481 0.3380 0.00000 7.021 1499.7 12.0 0.0000 0.6433 82.90 0.1144 0.0002 0.0007
-112.5000 52.6065 0.3966 0.2634 0.3393 0.00000 7.349 1499.7 12.0 0.0000 0.3374 43.84 0.1194 0.0002 0.0006
-106.8750 52.6065 0.4626 0.2191 0.3181 0.00000 6.830 1499.0 12.0 0.0000 0.7197 89.75 0.1124 0.0007 0.0023
-101.2500 52.6065 0.5209 0.1835 0.2957 0.00000 6.568 1498.9 12.0 0.0000 1.3624 163.03 0.1063 0.0007 0.0027
-95.6250 52.6065 0.5472 0.1640 0.2888 0.00000 6.274 1498.7 12.0 0.0000 1.2913 151.89 0.1041 0.0008 0.0032
-28.1250 52.6065 0.5169 0.1678 0.3153 0.00000 6.550 1498.3 12.0 0.0000 0.9966 120.99 0.0949 0.0012 0.0051
-22.5000 52.6065 0.6268 0.1433 0.2299 0.00000 6.466 1500.0 12.0 0.0000 1.2591 136.61 0.1075 0.0000 0.0001
-16.8750 52.6065 0.4666 0.2297 0.3037 0.00000 6.638 1500.0 12.0 0.0000 0.3976 49.01 0.1200 0.0000 0.0000
-11.2500 52.6065 0.3189 0.3195 0.3616 0.00000 7.764 1500.0 12.0 0.0000 0.2298 31.30 0.1304 0.0000 0.0000
-5.6250 52.6065 0.2953 0.3348 0.3699 0.00000 8.067 1500.0 12.0 0.0000 0.2305 31.85 0.1273 0.0000 0.0000
0.0000 47.0696 0.4273 0.2536 0.3191 0.00000 6.929 1500.0 12.0 0.0000 0.4501 57.03 0.1428 0.0000 0.0000
5.6250 47.0696 0.4791 0.2251 0.2958 0.00000 6.384 1500.0 12.0 0.0000 0.5706 69.58 0.1564 0.0000 0.0000
11.2500 47.0696 0.3568 0.3146 0.3286 0.00000 7.311 1500.0 12.0 0.0000 0.5730 75.41 0.1971 0.0000 0.0000
16.8750 47.0696 0.2961 0.3566 0.3473 0.00000 7.552 1500.0 12.0 0.0000 0.5625 76.80 0.2331 0.0000 0.0000
22.5000 47.0696 0.3966 0.2744 0.3290 0.00000 6.073 1500.0 12.0 0.0000 1.1526 148.95 0.2405 0.0000 0.0000
28.1250 47.0696 0.5947 0.1770 0.2283 0.00000 5.717 1500.0 12.0 0.0000 4.2978 165.45 0.2367 0.0000 0.0000
33.7500 47.0696 0.5239 0.1873 0.2888 0.00000 5.865 1487.3 12.0 0.0000 2.1387 181.98 0.2127 0.0085 0.0152
-151.8750 47.0696 0.4567 0.2416 0.3016 0.00000 6.398 1498.5 12.0 0.0000 0.6391 79.25 0.2126 0.0010 0.0018
-146.2500 47.0696 0.4292 0.2588 0.3120 0.00000 7.302 1497.2 12.0 0.0000 0.5538 70.14 0.1816 0.0019 0.0038
-140.6250 47.0696 0.2797 0.3524 0.3679 0.00000 8.642 1500.0 12.0 0.0000 0.2483 34.50 0.1612 0.0000 0.0000
-135.0000 47.0696 0.3285 0.3080 0.3635 0.00000 7.696 1500.0 12.0 0.0000 0.7435 100.93 0.1346 0.0000 0.0001
-129.3750 47.0696 0.4343 0.2376 0.3280 0.00000 6.827 1499.0 12.0 0.0000 0.7279 92.50 0.1321 0.0006 0.0018
-28.1250 47.0696 0.5088 0.1811 0.3101 0.00000 6.570 1496.5 12.0 0.0000 1.5237 182.81 0.1256 0.0024 0.0069
-22.5000 47.0696 0.4815 0.2341 0.2844 0.00000 6.949 1498.0 12.0 0.0000 1.4468 175.66 0.1839 0.0013 0.0026
-16.8750 47.0696 0.4515 0.2534 0.2951 0.00000 6.686 1500.0 12.0 0.0000 0.8750 108.12 0.2035 0.0000 0.0000
-11.2500 47.0696 0.3657 0.2936 0.3407 0.00000 6.945 1500.0 12.0 0.0000 0.3568 47.07 0.1897 0.0000 0.0000
-5.6250 47.0696 0.3947 0.2742 0.3311 0.00000 7.069 1500.0 12.0 0.0000 0.3001 38.86 0.1584 0.0000 0.0000
0.0000 41.5325 0.4792 0.2294 0.2914 0.00000 7.132 1498.4 12.0 0.0000 1.4703 179.31 0.1651 0.0010 0.0023
5.6250 41.5325 0.4877 0.2331 0.2792 0.00000 6.952 1498.5 12.0 0.0000 1.8791 180.86 0.2036 0.0010 0.0018
11.2500 41.5325 0.5016 0.2313 0.2670 0.00000 6.694 1499.8 12.0 0.0000 1.8780 177.96 0.2216 0.0002 0.0003
16.8750 41.5325 0.4119 0.2665 0.3217 0.00000 7.060 1500.0 12.0 0.0000 0.8234 105.23 0.1784 0.0000 0.0000
33.7500 41.5325 0.6161 0.1396 0.2442 0.00000 6.858 1500.0 12.0 0.0000 0.8286 91.26 0.0628 0.0000 0.0004
-163.1250 41.5325 0.5582 0.1693 0.2725 0.00000 7.180 1499.9 12.0 0.0000 0.5549 64.15 0.0628 0.0001 0.0008
-157.5000 41.5325 0.5105 0.1992 0.2903 0.00000 7.288 1499.9 12.0 0.0000 0.3874 46.37 0.0690 0.0001 0.0007
-151.8750 41.5325 0.3273 0.3356 0.3372 0.00000 7.601 1500.0 12.0 0.0000 0.8511 114.02 0.2531 0.0000 0.0000
-146.2500 41.5325 0.3772 0.2868 0.3360 0.00000 7.063 1499.7 12.0 0.0000 0.6746 88.34 0.2133 0.0002 0.0004
-140.6250 41.5325 0.3167 0.3248 0.3585 0.00000 8.255 1500.0 12.0 0.0000 0.2243 30.53 0.1568 0.0000 0.0000
-135.0000 41.5325 0.4478 0.2451 0.3072 0.00000 7.539 1499.9 12.0 0.0000 0.7741 96.49 0.1265 0.0000 0.0001
-129.3750 41.5325 0.4472 0.2336 0.3192 0.00000 6.787 1496.8 12.0 0.0000 0.7274 91.76 0.1543 0.0021 0.0050
-45.0000 41.5325 0.3954 0.2551 0.3495 0.00000 7.457 1499.7 12.0 0.0000 0.2140 27.99 0.0912 0.0002 0.0010
-39.3750 41.5325 0.3595 0.3117 0.3287 0.00000 7.294 1499.5 12.0 0.0000 0.3275 43.07 0.1388 0.0003 0.0008
-22.5000 41.5325 0.4567 0.2480 0.2954 0.00000 6.806 1492.9 12.0 0.0000 1.4978 186.77 0.2290 0.0047 0.0081
-16.8750 41.5325 0.4990 0.2393 0.2617 0.00000 6.678 1500.0 12.0 0.0000 1.3096 155.03 0.2491 0.0000 0.0000
-11.2500 41.5325 0.4714 0.2466 0.2819 0.00000 6.935 1500.0 12.0 0.0000 1.2814 155.62 0.2071 0.0000 0.0000
-5.6250 41.5325 0.4108 0.2713 0.3180 0.00000 7.448 1499.2 12.0 0.0000 1.0750 137.36 0.1639 0.0005 0.0012
11.2500 35.9951 0.5318 0.1763 0.2918 0.00000 7.202 1499.6 12.0 0.0000 0.6817 80.85 0.0628 0.0003 0.0038
16.8750 35.9951 0.5182 0.1939 0.2879 0.00000 6.945 1500.0 12.0 0.0000 0.4769 56.78 0.0628 0.0000 0.0000
22.5000 35.9951 0.4672 0.2149 0.3178 0.00000 6.800 1500.0 12.0 0.0000 0.1205 14.97 0.0628 0.0000 0.0000
28.1250 35.9951 0.4781 0.2106 0.3113 0.00000 6.800 1500.0 12.0 0.0000 0.1418 17.46 0.0628 0.0000 0.0000
33.7500 35.9951 0.5538 0.1724 0.2738 0.00000 6.698 1500.0 12.0 0.0000 0.5024 58.24 0.0628 0.0000 0.0000
39.3750 35.9951 0.5950 0.1498 0.2552 0.00000 6.614 1500.0 12.0 0.0000 0.3953 44.33 0.0641 0.0000 0.0000
45.0000 35.9951 0.5907 0.1424 0.2669 0.00000 6.696 1499.9 12.0 0.0000 0.3931 44.52 0.0628 0.0001 0.0008
84.3750 35.9951 0.3342 0.3325 0.3332 0.00000 7.310 1500.0 12.0 0.0000 0.3419 45.56 0.0628 0.0000 0.0000
90.0000 35.9951 0.4390 0.2271 0.3337 0.00000 7.254 1499.8 12.0 0.0000 0.5201 66.06 0.0628 0.0001 0.0014
95.6250 35.9951 0.4861 0.1991 0.3147 0.00000 7.475 1499.9 12.0 0.0000 0.3986 48.99 0.0628 0.0001 0.0012
101.2500 35.9951 0.5329 0.1717 0.2954 0.00000 7.245 1499.9 12.0 0.0000 0.3793 45.03 0.0628 0.0001 0.0012
129.3750 35.9951 0.3592 0.3069 0.3339 0.00000 7.475 1499.9 12.0 0.0000 0.0714 10.00 0.0628 0.0001 0.0008
-174.3750 35.9951 0.5029 0.1873 0.3097 0.00000 7.159 1499.8 12.0 0.0000 0.3369 40.95 0.0628 0.0001 0.0020
-163.1250 35.9951 0.5317 0.1871 0.2812 0.00000 7.016 1500.0 12.0 0.0000 0.1631 19.22 0.0628 0.0000 0.0000
-157.5000 35.9951 0.4524 0.2327 0.3148 0.00000 7.531 1500.0 12.0 0.0000 0.1184 14.78 0.0628 0.0000 0.0000
-151.8750 35.9951 0.4004 0.2482 0.3514 0.00000 7.536 1500.0 12.0 0.0000 0.1433 18.71 0.0628 0.0000 0.0000
-146.2500 35.9951 0.4429 0.2258 0.3313 0.00000 7.552 1500.0 12.0 0.0000 0.1299 16.45 0.0628 0.0000 0.0000
-140.6250 35.9951 0.3547 0.2748 0.3704 0.00000 7.711 1500.0 12.0 0.0000 0.1452 19.56 0.0628 0.0000 0.0000
-135.0000 35.9951 0.3842 0.2885 0.3273 0.00000 8.312 1500.0 12.0 0.0000 0.5269 68.43 0.1382 0.0000 0.0000
-129.3750 35.9951 0.3909 0.3008 0.3083 0.00000 6.790 1474.1 12.0 0.0000 0.7527 100.34 0.3378 0.0173 0.0237
-95.6250 35.9951 0.4712 0.2115 0.3173 0.00000 7.356 1499.9 12.0 0.0000 0.5700 70.65 0.0628 0.0001 0.0007
-90.0000 35.9951 0.4839 0.2024 0.3136 0.00000 7.357 1499.9 12.0 0.0000 0.6509 80.02 0.0628 0.0001 0.0007
-61.8750 35.9951 0.4693 0.2089 0.3217 0.00000 7.220 1499.9 12.0 0.0000 0.1052 13.08 0.0628 0.0001 0.0007
-56.2500 35.9951 0.4511 0.2192 0.3297 0.00000 7.326 1499.9 12.0 0.0000 0.1356 17.10 0.0628 0.0001 0.0008
-50.6250 35.9951 0.5051 0.1928 0.3021 0.00000 7.158 1499.8 12.0 0.0000 0.1394 16.85 0.0630 0.0001 0.0014
-45.0000 35.9951 0.4621 0.2756 0.2623 0.00000 6.608 1500.0 12.0 0.0000 1.1321 136.57 0.3736 0.0000 0.0000
-39.3750 35.9951 0.3664 0.3428 0.2907 0.00000 6.683 1470.7 12.0 0.0000 0.8594 115.35 0.4881 0.0195 0.0229
-22.5000 35.9951 0.4549 0.2519 0.2932 0.00000 6.760 1492.5 12.0 0.0000 2.2580 187.08 0.2714 0.0050 0.0076
-16.8750 35.9951 0.4015 0.2902 0.3082 0.00000 7.053 1493.2 12.0 0.0000 1.8034 193.25 0.2866 0.0045 0.0067
-11.2500 35.9951 0.4459 0.2396 0.3145 0.00000 7.019 1495.3 12.0 0.0000 1.4454 182.41 0.1763 0.0031 0.0065
-5.6250 35.9951 0.4218 0.2390 0.3392 0.00000 7.488 1499.9 12.0 0.0000 0.1409 18.10 0.0628 0.0001 0.0009
11.2500 30.4576 0.5283 0.1778 0.2939 0.00000 6.851 1499.7 12.0 0.0000 0.5353 63.67 0.0628 0.0002 0.0025
16.8750 30.4576 0.6021 0.1470 0.2509 0.00000 6.606 1500.0 12.0 0.0000 1.0093 112.47 0.0681 0.0000 0.0000
22.5000 30.4576 0.4971 0.2047 0.2982 0.00000 6.795 1500.0 12.0 0.0000 0.5139 62.21 0.0753 0.0000 0.0000
28.1250 30.4576 0.4375 0.2388 0.3238 0.00000 7.359 1500.0 12.0 0.0000 0.4717 59.63 0.0743 0.0000 0.0000
33.7500 30.4576 0.4815 0.2106 0.3078 0.00000 6.824 1500.0 12.0 0.0000 0.1309 16.06 0.0695 0.0000 0.0000
39.3750 30.4576 0.4531 0.2294 0.3175 0.00000 7.215 1500.0 12.0 0.0000 0.0707 10.00 0.0628 0.0000 0.0000
45.0000 30.4576 0.6138 0.1418 0.2445 0.00000 6.680 1500.0 12.0 0.0000 0.5789 63.84 0.0714 0.0000 0.0000
50.6250 30.4576 0.4891 0.2014 0.3094 0.00000 7.202 1499.5 12.0 0.0000 1.2070 147.73 0.0816 0.0003 0.0019
90.0000 30.4576 0.4495 0.2325 0.3180 0.00000 7.843 1500.0 12.0 0.0000 0.4777 59.85 0.0628 0.0000 0.0003
95.6250 30.4576 0.3832 0.2753 0.3416 0.00000 8.383 1500.0 12.0 0.0000 0.0968 12.68 0.0628 0.0000 0.0000
101.2500 30.4576 0.5029 0.2093 0.2878 0.00000 7.532 1500.0 12.0 0.0000 0.1727 20.72 0.0628 0.0000 0.0000
123.7500 30.4576 0.4368 0.2271 0.3360 0.00000 7.468 1499.8 12.0 0.0000 0.0913 11.63 0.0628 0.0001 0.0019
129.3750 30.4576 0.3850 0.2545 0.3604 0.00000 7.546 1499.9 12.0 0.0000 0.1246 16.47 0.0628 0.0001 0.0008
135.0000 30.4576 0.4260 0.2322 0.3418 0.00000 7.067 1495.2 12.0 0.0000 1.0973 141.91 0.1179 0.0032 0.0101
140.6250 30.4576 0.3804 0.3081 0.3115 0.00000 7.037 1486.7 12.0 0.0000 1.7847 197.46 0.3500 0.0089 0.0119
146.2500 30.4576 0.3304 0.3656 0.3033 0.00000 7.357 1500.0 12.0 0.0000 2.1586 196.98 0.3809 0.0000 0.0000
174.3750 30.4576 0.4898 0.2107 0.2995 0.00000 6.843 1500.0 12.0 0.0000 0.6739 81.93 0.0777 0.0000 0.0000
-174.3750 30.4576 0.5439 0.1806 0.2755 0.00000 6.975 1500.0 12.0 0.0000 0.1650 19.25 0.0628 0.0000 0.0000
-168.7500 30.4576 0.4868 0.2106 0.3026 0.00000 6.933 1500.0 12.0 0.0000 0.1072 13.07 0.0628 0.0000 0.0000
-163.1250 30.4576 0.4949 0.2068 0.2982 0.00000 7.118 1500.0 12.0 0.0000 0.2195 26.59 0.0628 0.0000 0.0000
-157.5000 30.4576 0.4152 0.2454 0.3394 0.00000 7.604 1500.0 12.0 0.0000 0.2160 27.84 0.0628 0.0000 0.0000
-151.8750 30.4576 0.4406 0.2318 0.3275 0.00000 7.279 1500.0 12.0 0.0000 0.1102 13.94 0.0628 0.0000 0.0000
-140.6250 30.4576 0.4032 0.2544 0.3423 0.00000 7.513 1499.9 12.0 0.0000 0.2219 28.80 0.0771 0.0001 0.0005
-135.0000 30.4576 0.4040 0.2879 0.3081 0.00000 7.518 1496.1 12.0 0.0000 1.0840 138.87 0.2540 0.0026 0.0041
-129.3750 30.4576 0.2911 0.4104 0.2984 0.00000 6.992 1486.7 12.0 0.0000 0.9447 128.53 0.5499 0.0089 0.0100
-101.2500 30.4576 0.4094 0.2722 0.3183 0.00000 7.113 1499.7 12.0 0.0000 0.5162 65.95 0.0628 0.0002 0.0029
-95.6250 30.4576 0.5800 0.1623 0.2577 0.00000 7.136 1500.0 12.0 0.0000 0.3430 38.84 0.0628 0.0000 0.0000
-90.0000 30.4576 0.5037 0.2043 0.2920 0.00000 7.417 1500.0 12.0 0.0000 0.2453 29.48 0.0628 0.0000 0.0000
-84.3750 30.4576 0.4313 0.2466 0.3221 0.00000 8.068 1500.0 12.0 0.0000 0.2004 25.38 0.0628 0.0000 0.0000
-78.7500 30.4576 0.4795 0.2109 0.3095 0.00000 7.472 1500.0 12.0 0.0000 0.1426 17.52 0.0684 0.0000 0.0003
-73.1250 30.4576 0.4051 0.2637 0.3312 0.00000 7.322 1499.9 12.0 0.0000 0.3068 39.54 0.0881 0.0000 0.0002
-67.5000 30.4576 0.4285 0.2364 0.3351 0.00000 7.357 1499.9 12.0 0.0000 0.5164 65.97 0.1012 0.0001 0.0003
-61.8750 30.4576 0.4388 0.2354 0.3259 0.00000 7.649 1500.0 12.0 0.0000 0.1210 15.31 0.0628 0.0000 0.0001
-56.2500 30.4576 0.4737 0.2199 0.3064 0.00000 7.558 1500.0 12.0 0.0000 0.0651 10.00 0.0628 0.0000 0.0000
-50.6250 30.4576 0.4466 0.2353 0.3181 0.00000 7.376 1500.0 12.0 0.0000 0.0293 10.00 0.0628 0.0000 0.0000
-45.0000 30.4576 0.3850 0.3111 0.3039 0.00000 7.333 1500.0 12.0 0.0000 0.4388 56.24 0.3310 0.0000 0.0000
-39.3750 30.4576 0.3958 0.3538 0.2504 0.00000 6.421 1486.1 12.0 0.0000 1.8039 189.85 0.6571 0.0093 0.0099
-33.7500 30.4576 0.3417 0.3729 0.2854 0.00000 6.690 1490.9 12.0 0.0000 2.0545 196.94 0.5800 0.0060 0.0067
16.8750 24.9199 0.5837 0.1654 0.2508 0.00000 6.959 1499.8 12.0 0.0000 3.2332 168.86 0.1170 0.0001 0.0004
22.5000 24.9199 0.4868 0.2138 0.2993 0.00000 7.170 1500.0 12.0 0.0000 0.5673 69.06 0.0675 0.0000 0.0000
28.1250 24.9199 0.3432 0.2959 0.3608 0.00000 8.096 1500.0 12.0 0.0000 0.0841 11.32 0.0628 0.0000 0.0000
33.7500 24.9199 0.3942 0.2639 0.3419 0.00000 7.618 1500.0 12.0 0.0000 0.0692 10.00 0.0628 0.0000 0.0000
39.3750 24.9199 0.4327 0.2437 0.3236 0.00000 7.446 1500.0 12.0 0.0000 0.0813 10.29 0.0628 0.0000 0.0000
45.0000 24.9199 0.4908 0.2278 0.2814 0.00000 7.602 1500.0 12.0 0.0000 1.5739 180.38 0.1358 0.0000 0.0000
50.6250 24.9199 0.4347 0.2433 0.3220 0.00000 7.409 1498.9 12.0 0.0000 0.8775 111.15 0.0951 0.0007 0.0031
84.3750 24.9199 0.3567 0.3136 0.3294 0.00000 7.651 1499.8 12.0 0.0000 1.2098 159.27 0.1261 0.0001 0.0003
90.0000 24.9199 0.5113 0.2023 0.2864 0.00000 7.289 1499.9 12.0 0.0000 0.8856 105.72 0.0909 0.0000 0.0002
95.6250 24.9199 0.3521 0.3016 0.3463 0.00000 8.389 1500.0 12.0 0.0000 0.3696 49.20 0.1191 0.0000 0.0000
101.2500 24.9199 0.4036 0.2612 0.3352 0.00000 8.130 1500.0 12.0 0.0000 0.0800 10.33 0.0628 0.0000 0.0000
106.8750 24.9199 0.6187 0.1407 0.2406 0.00000 6.727 1500.0 12.0 0.0000 0.0830 10.00 0.0628 0.0000 0.0001
112.5000 24.9199 0.4424 0.2450 0.3125 0.00000 7.811 1499.9 12.0 0.0000 0.0576 10.00 0.0628 0.0000 0.0005
118.1250 24.9199 0.5436 0.1813 0.2751 0.00000 7.297 1499.9 12.0 0.0000 0.0677 10.00 0.0628 0.0000 0.0006
123.7500 24.9199 0.4552 0.2207 0.3241 0.00000 7.401 1500.0 12.0 0.0000 0.1135 14.23 0.0628 0.0000 0.0003
168.7500 24.9199 0.4534 0.2310 0.3156 0.00000 7.275 1499.9 12.0 0.0000 0.3548 44.32 0.0628 0.0000 0.0005
174.3750 24.9199 0.4675 0.2175 0.3150 0.00000 6.941 1500.0 12.0 0.0000 0.0791 10.00 0.0628 0.0000 0.0000
180.0000 24.9199 0.4488 0.2350 0.3162 0.00000 7.428 1500.0 12.0 0.0000 0.1226 15.35 0.0675 0.0000 0.0000
-174.3750 24.9199 0.4743 0.2179 0.3077 0.00000 7.132 1500.0 12.0 0.0000 0.0910 11.21 0.0628 0.0000 0.0000
-168.7500 24.9199 0.4565 0.2292 0.3143 0.00000 7.234 1500.0 12.0 0.0000 0.0847 10.56 0.0628 0.0000 0.0000
-163.1250 24.9199 0.5667 0.1688 0.2645 0.00000 6.936 1500.0 12.0 0.0000 0.5799 66.41 0.0628 0.0000 0.0000
-157.5000 24.9199 0.3944 0.2697 0.3359 0.00000 7.511 1500.0 12.0 0.0000 0.1443 18.73 0.0628 0.0000 0.0002
-140.6250 24.9199 0.4323 0.2476 0.3201 0.00000 7.324 1499.4 12.0 0.0000 0.4534 57.40 0.1337 0.0004 0.0010
-135.0000 24.9199 0.3991 0.2867 0.3142 0.00000 7.304 1495.0 12.0 0.0000 0.9034 116.60 0.2356 0.0034 0.0056
-95.6250 24.9199 0.4741 0.2144 0.3114 0.00000 7.518 1499.9 12.0 0.0000 0.3073 37.91 0.0628 0.0000 0.0005
-90.0000 24.9199 0.6304 0.1314 0.2382 0.00000 6.704 1500.0 12.0 0.0000 0.3177 34.59 0.0628 0.0000 0.0002
-84.3750 24.9199 0.5094 0.2001 0.2905 0.00000 7.316 1500.0 12.0 0.0000 0.0906 10.86 0.0628 0.0000 0.0000
-78.7500 24.9199 0.4968 0.2084 0.2948 0.00000 7.491 1500.0 12.0 0.0000 0.1010 12.20 0.0675 0.0000 0.0000
-73.1250 24.9199 0.4889 0.2118 0.2993 0.00000 7.347 1500.0 12.0 0.0000 0.2458 29.89 0.0821 0.0000 0.0000
-67.5000 24.9199 0.4703 0.2203 0.3093 0.00000 7.431 1500.0 12.0 0.0000 0.1395 17.22 0.0628 0.0000 0.0000
-61.8750 24.9199 0.4267 0.2478 0.3255 0.00000 7.782 1500.0 12.0 0.0000 0.0404 10.00 0.0628 0.0000 0.0000
-56.2500 24.9199 0.3180 0.3126 0.3695 0.00000 8.816 1500.0 12.0 0.0000 0.0297 10.00 0.0628 0.0000 0.0000
-50.6250 24.9199 0.3527 0.2918 0.3555 0.00000 8.423 1500.0 12.0 0.0000 0.0298 10.00 0.0628 0.0000 0.0000
-45.0000 24.9199 0.4688 0.2255 0.3057 0.00000 7.674 1500.0 12.0 0.0000 0.0809 10.00 0.0628 0.0000 0.0000
-39.3750 24.9199 0.4761 0.2069 0.3170 0.00000 7.336 1499.0 12.0 0.0000 0.1664 20.60 0.0628 0.0007 0.0093
16.8750 19.3822 0.6097 0.1515 0.2388 0.00000 6.723 1499.9 12.0 0.0000 1.6029 165.23 0.0733 0.0000 0.0003
22.5000 19.3822 0.4109 0.2589 0.3302 0.00000 7.844 1500.0 12.0 0.0000 0.1246 16.00 0.0628 0.0000 0.0000
28.1250 19.3822 0.3998 0.2799 0.3203 0.00000 8.008 1500.0 12.0 0.0000 0.0702 10.00 0.0628 0.0000 0.0000
33.7500 19.3822 0.5691 0.1651 0.2658 0.00000 7.044 1500.0 12.0 0.0000 0.2374 27.17 0.0675 0.0000 0.0003
39.3750 19.3822 0.4732 0.2504 0.2764 0.00000 7.347 1498.9 12.0 0.0000 2.0511 181.76 0.2475 0.0007 0.0012
45.0000 19.3822 0.4446 0.2691 0.2863 0.00000 7.188 1496.0 12.0 0.0000 1.7819 186.26 0.2822 0.0027 0.0041
90.0000 19.3822 0.4154 0.2680 0.3166 0.00000 7.212 1499.7 12.0 0.0000 1.3654 173.80 0.1546 0.0002 0.0004
95.6250 19.3822 0.4796 0.2324 0.2880 0.00000 7.675 1500.0 12.0 0.0000 1.1563 140.35 0.1480 0.0000 0.0000
101.2500 19.3822 0.5087 0.2032 0.2881 0.00000 7.307 1500.0 12.0 0.0000 0.2097 25.09 0.0773 0.0000 0.0000
106.8750 19.3822 0.4623 0.2251 0.3126 0.00000 7.256 1500.0 12.0 0.0000 0.0224 10.00 0.0647 0.0000 0.0000
112.5000 19.3822 0.4567 0.2260 0.3172 0.00000 7.496 1500.0 12.0 0.0000 0.0488 10.00 0.0628 0.0000 0.0000
118.1250 19.3822 0.4032 0.2504 0.3463 0.00000 7.642 1500.0 12.0 0.0000 0.0585 10.00 0.0628 0.0000 0.0004
123.7500 19.3822 0.3942 0.2808 0.3249 0.00000 7.355 1499.2 12.0 0.0000 0.3065 39.62 0.1719 0.0005 0.0011
163.1250 19.3822 0.5047 0.2054 0.2900 0.00000 7.357 1499.9 12.0 0.0000 0.6679 80.17 0.0761 0.0001 0.0005
168.7500 19.3822 0.5579 0.1723 0.2699 0.00000 6.678 1500.0 12.0 0.0000 0.3388 39.10 0.0888 0.0000 0.0000
174.3750 19.3822 0.5367 0.1839 0.2794 0.00000 7.142 1500.0 12.0 0.0000 0.1231 14.45 0.0653 0.0000 0.0000
180.0000 19.3822 0.4393 0.2519 0.3087 0.00000 7.649 1499.5 12.0 0.0000 1.1901 149.18 0.1397 0.0003 0.0008
-174.3750 19.3822 0.4714 0.2124 0.3163 0.00000 7.370 1499.9 12.0 0.0000 0.3236 40.10 0.0628 0.0001 0.0012
-168.7500 19.3822 0.4860 0.2116 0.3023 0.00000 7.368 1499.8 12.0 0.0000 0.5409 66.01 0.0890 0.0001 0.0007
-163.1250 19.3822 0.4598 0.2295 0.3106 0.00000 7.287 1499.8 12.0 0.0000 0.8334 103.50 0.1246 0.0001 0.0004
-84.3750 19.3822 0.5469 0.1794 0.2737 0.00000 7.161 1500.0 12.0 0.0000 0.1130 13.15 0.0628 0.0000 0.0004
-78.7500 19.3822 0.4329 0.2455 0.3216 0.00000 7.955 1500.0 12.0 0.0000 0.0495 10.00 0.0628 0.0000 0.0000
-73.1250 19.3822 0.3809 0.2774 0.3417 0.00000 8.082 1500.0 12.0 0.0000 0.0867 11.37 0.0893 0.0000 0.0000
-67.5000 19.3822 0.3259 0.3050 0.3691 0.00000 8.558 1500.0 12.0 0.0000 0.0249 10.00 0.0628 0.0000 0.0000
-61.8750 19.3822 0.2511 0.3543 0.3946 0.00000 9.500 1500.0 12.0 0.0000 0.0200 10.00 0.0628 0.0000 0.0000
-56.2500 19.3822 0.2962 0.3354 0.3684 0.00000 8.970 1500.0 12.0 0.0000 0.0227 10.00 0.0628 0.0000 0.0000
-50.6250 19.3822 0.5210 0.1931 0.2859 0.00000 7.090 1500.0 12.0 0.0000 0.1015 12.05 0.0628 0.0000 0.0000
-45.0000 19.3822 0.4768 0.2164 0.3069 0.00000 7.513 1499.9 12.0 0.0000 0.1618 19.88 0.0628 0.0001 0.0007
16.8750 13.8445 0.5453 0.1839 0.2708 0.00000 7.167 1499.6 12.0 0.0000 1.5273 174.48 0.0956 0.0003 0.0012
22.5000 13.8445 0.4802 0.2163 0.3035 0.00000 7.058 1500.0 12.0 0.0000 0.2429 29.74 0.0887 0.0000 0.0000
28.1250 13.8445 0.5073 0.2080 0.2847 0.00000 7.289 1500.0 12.0 0.0000 0.4541 54.26 0.0840 0.0000 0.0000
33.7500 13.8445 0.4448 0.2900 0.2652 0.00000 7.030 1491.3 12.0 0.0000 2.4940 185.41 0.3221 0.0058 0.0081
95.6250 13.8445 0.3250 0.3788 0.2962 0.00000 7.255 1464.1 12.0 0.0000 2.6449 207.63 0.3845 0.0240 0.0309
101.2500 13.8445 0.4278 0.2679 0.3043 0.00000 7.052 1492.6 12.0 0.0000 2.3353 190.68 0.2119 0.0050 0.0089
106.8750 13.8445 0.3782 0.2799 0.3418 0.00000 8.215 1500.0 12.0 0.0000 0.1610 21.13 0.0936 0.0000 0.0000
112.5000 13.8445 0.4033 0.2865 0.3102 0.00000 7.240 1499.8 12.0 0.0000 0.8489 108.29 0.2877 0.0002 0.0002
118.1250 13.8445 0.3370 0.4050 0.2580 0.00000 6.683 1497.4 12.0 0.0000 0.8068 103.56 0.7475 0.0018 0.0018
163.1250 13.8445 0.4705 0.2248 0.3046 0.00000 7.343 1499.6 12.0 0.0000 0.7370 90.77 0.0970 0.0002 0.0011
168.7500 13.8445 0.5273 0.2055 0.2672 0.00000 7.286 1499.8 12.0 0.0000 1.0201 119.46 0.1539 0.0001 0.0003
174.3750 13.8445 0.4884 0.2668 0.2449 0.00000 7.039 1497.6 12.0 0.0000 1.8797 177.49 0.4237 0.0016 0.0020
180.0000 13.8445 0.3579 0.3244 0.3177 0.00000 7.498 1485.0 12.0 0.0000 1.8720 200.64 0.2920 0.0100 0.0147
-140.6250 13.8445 0.3258 0.3343 0.3400 0.00000 7.811 1499.9 12.0 0.0000 0.1062 14.25 0.0673 0.0000 0.0004
-135.0000 13.8445 0.3124 0.4139 0.2737 0.00000 6.902 1488.7 12.0 0.0000 1.5395 199.01 0.7254 0.0075 0.0079
-78.7500 13.8445 0.4017 0.2801 0.3182 0.00000 7.122 1499.1 12.0 0.0000 0.7511 96.40 0.2328 0.0006 0.0010
-73.1250 13.8445 0.4178 0.2706 0.3116 0.00000 7.488 1499.7 12.0 0.0000 0.7483 94.89 0.2199 0.0002 0.0004
-67.5000 13.8445 0.4654 0.2228 0.3119 0.00000 7.305 1500.0 12.0 0.0000 0.0317 10.00 0.0628 0.0000 0.0000
-61.8750 13.8445 0.3059 0.3157 0.3784 0.00000 8.574 1500.0 12.0 0.0000 0.0200 10.00 0.0628 0.0000 0.0000
-56.2500 13.8445 0.4074 0.2617 0.3309 0.00000 7.896 1500.0 12.0 0.0000 0.0412 10.00 0.0628 0.0000 0.0000
-50.6250 13.8445 0.4602 0.2239 0.3159 0.00000 7.444 1500.0 12.0 0.0000 0.1753 21.82 0.0689 0.0000 0.0001
16.8750 8.3067 0.4003 0.3524 0.2473 0.00000 6.859 1373.4 12.0 0.0000 3.3770 222.95 0.5947 0.0845 0.0931
22.5000 8.3067 0.4928 0.2808 0.2264 0.00000 6.893 1480.7 12.0 0.0000 2.8597 180.22 0.4689 0.0129 0.0154
28.1250 8.3067 0.5783 0.1977 0.2239 0.00000 6.706 1497.9 12.0 0.0000 3.2867 167.10 0.2499 0.0014 0.0023
101.2500 8.3067 0.3809 0.3864 0.2327 0.00000 6.971 1460.7 12.0 0.0000 3.5422 196.96 0.7394 0.0262 0.0273
106.8750 8.3067 0.3566 0.3628 0.2807 0.00000 7.763 1500.0 12.0 0.0000 1.7724 192.38 0.5567 0.0000 0.0000
168.7500 8.3067 0.2873 0.4841 0.2287 0.00000 6.479 1392.4 12.0 0.0000 1.9867 225.44 1.1406 0.0717 0.0682
174.3750 8.3067 0.3421 0.4646 0.1933 0.00000 5.761 1500.0 12.0 0.0000 1.6420 184.51 1.4692 0.0000 0.0000
180.0000 8.3067 0.2660 0.5162 0.2179 0.00000 5.830 1425.1 12.0 0.0000 1.4696 212.02 1.3127 0.0499 0.0464
-157.5000 8.3067 0.3079 0.4697 0.2224 0.00000 5.748 1471.9 12.0 0.0000 1.5392 199.09 1.2110 0.0188 0.0177
-151.8750 8.3067 0.2876 0.4427 0.2696 0.00000 7.287 1466.2 12.0 0.0000 1.2481 172.72 0.8040 0.0226 0.0230
-146.2500 8.3067 0.4015 0.2526 0.3459 0.00000 7.580 1499.9 12.0 0.0000 0.1407 18.31 0.0749 0.0001 0.0006
-140.6250 8.3067 0.3824 0.2840 0.3336 0.00000 7.802 1500.0 12.0 0.0000 0.5671 73.95 0.1556 0.0000 0.0000
-135.0000 8.3067 0.3672 0.4084 0.2244 0.00000 6.312 1499.8 12.0 0.0000 1.3154 162.74 1.0781 0.0001 0.0001
-129.3750 8.3067 0.2863 0.4971 0.2166 0.00000 5.865 1441.3 12.0 0.0000 1.6701 209.60 1.3413 0.0392 0.0363
-123.7500 8.3067 0.2587 0.5305 0.2108 0.00000 6.329 1481.9 12.0 0.0000 1.7693 199.28 1.1811 0.0121 0.0114
-73.1250 8.3067 0.2641 0.4901 0.2455 0.00000 6.576 1473.7 12.0 0.0000 0.8725 119.14 1.0484 0.0176 0.0170
-67.5000 8.3067 0.4905 0.2075 0.3020 0.00000 7.292 1500.0 12.0 0.0000 0.0451 10.00 0.0628 0.0000 0.0003
-61.8750 8.3067 0.3691 0.2790 0.3518 0.00000 7.929 1500.0 12.0 0.0000 0.0200 10.00 0.0628 0.0000 0.0000
-56.2500 8.3067 0.3802 0.2808 0.3389 0.00000 8.353 1500.0 12.0 0.0000 0.0985 12.90 0.0707 0.0000 0.0000
-50.6250 8.3067 0.4625 0.2168 0.3207 0.00000 7.120 1499.8 12.0 0.0000 0.5287 65.95 0.0968 0.0002 0.0007
-22.5000 8.3067 0.2585 0.5438 0.1977 0.00000 5.259 1265.9 12.0 0.0000 0.9953 174.36 1.6113 0.1561 0.1407
22.5000 2.7689 0.2765 0.5248 0.1986 0.00000 6.101 1297.3 12.0 0.0000 3.2589 251.81 1.2369 0.1352 0.1268
28.1250 2.7689 0.3798 0.3858 0.2344 0.00000 7.076 1454.1 12.0 0.0000 2.2981 199.21 0.7324 0.0306 0.0319
101.2500 2.7689 0.3457 0.4547 0.1997 0.00000 6.400 1434.0 12.0 0.0000 3.4619 204.66 1.2266 0.0440 0.0413
106.8750 2.7689 0.3444 0.4336 0.2220 0.00000 6.589 1495.4 12.0 0.0000 3.1029 188.71 1.1060 0.0031 0.0030
151.8750 2.7689 0.2552 0.5141 0.2306 0.00000 6.779 1324.0 12.0 0.0000 4.0926 249.04 0.9328 0.1174 0.1158
157.5000 2.7689 0.3684 0.3119 0.3196 0.00000 7.553 1497.9 12.0 0.0000 1.3443 175.68 0.1452 0.0014 0.0036
174.3750 2.7689 0.2418 0.5414 0.2168 0.00000 5.697 1426.9 12.0 0.0000 1.6393 217.94 1.5103 0.0487 0.0443
180.0000 2.7689 0.1938 0.6002 0.2059 0.00000 6.044 1429.2 12.0 0.0000 1.1033 162.10 1.4676 0.0472 0.0431
-157.5000 2.7689 0.2728 0.5342 0.1929 0.00000 5.266 1495.3 12.0 0.0000 0.8827 113.05 1.6142 0.0031 0.0028
-151.8750 2.7689 0.2547 0.5303 0.2150 0.00000 6.179 1500.0 12.0 0.0000 1.0284 133.45 1.4518 0.0000 0.0000
-146.2500 2.7689 0.3099 0.4352 0.2549 0.00000 7.096 1500.0 12.0 0.0000 1.2394 160.18 0.9593 0.0000 0.0000
-140.6250 2.7689 0.3314 0.3269 0.3418 0.00000 7.779 1500.0 12.0 0.0000 1.0933 146.54 0.3192 0.0000 0.0000
-135.0000 2.7689 0.3648 0.3474 0.2878 0.00000 7.355 1500.0 12.0 0.0000 2.0428 192.38 0.5386 0.0000 0.0000
-129.3750 2.7689 0.3514 0.4067 0.2419 0.00000 6.545 1484.4 12.0 0.0000 2.0957 193.46 0.8631 0.0104 0.0105
-73.1250 2.7689 0.2714 0.5127 0.2158 0.00000 5.822 1461.0 12.0 0.0000 1.0736 146.67 1.2823 0.0260 0.0243
-67.5000 2.7689 0.4003 0.3206 0.2791 0.00000 7.127 1499.9 12.0 0.0000 1.0257 128.77 0.4706 0.0000 0.0000
-61.8750 2.7689 0.3680 0.2816 0.3504 0.00000 8.273 1500.0 12.0 0.0000 0.0204 10.00 0.0628 0.0000 0.0000
-56.2500 2.7689 0.3987 0.2607 0.3406 0.00000 8.087 1500.0 12.0 0.0000 0.0916 11.90 0.0628 0.0000 0.0001
-33.7500 2.7689 0.4035 0.2657 0.3308 0.00000 7.443 1499.0 12.0 0.0000 0.0720 10.00 0.0628 0.0007 0.0093
-28.1250 2.7689 0.3375 0.4658 0.1967 0.00000 5.970 1371.4 12.0 0.0000 1.5978 223.88 1.2985 0.0858 0.0798
-22.5000 2.7689 0.3347 0.4747 0.1907 0.00000 5.658 1416.0 12.0 0.0000 1.1993 167.98 1.4674 0.0560 0.0512
-16.8750 2.7689 0.3145 0.4545 0.2310 0.00000 6.299 1374.4 12.0 0.0000 1.0794 164.52 1.0489 0.0837 0.0808
-11.2500 2.7689 0.3530 0.3707 0.2762 0.00000 7.039 1445.8 12.0 0.0000 1.1360 157.89 0.5341 0.0361 0.0411
-5.6250 2.7689 0.3212 0.4244 0.2544 0.00000 6.521 1456.6 12.0 0.0000 1.0903 149.60 0.8025 0.0290 0.0295
22.5000 -2.7689 0.2633 0.5297 0.2070 0.00000 5.602 1370.8 12.0 0.0000 2.2283 231.83 1.5059 0.0862 0.0785
28.1250 -2.7689 0.3114 0.4563 0.2323 0.00000 6.436 1344.7 12.0 0.0000 2.6624 237.97 1.0303 0.1036 0.1003
56.2500 -2.7689 0.3565 0.3778 0.2657 0.00000 6.861 1447.6 12.0 0.0000 2.9324 206.52 0.6685 0.0349 0.0372
61.8750 -2.7689 0.4516 0.3026 0.2458 0.00000 7.105 1480.6 12.0 0.0000 2.7205 185.98 0.5004 0.0129 0.0150
67.5000 -2.7689 0.3562 0.3812 0.2626 0.00000 7.057 1434.8 12.0 0.0000 2.2269 210.08 0.6098 0.0435 0.0475
101.2500 -2.7689 0.3421 0.4675 0.1904 0.00000 6.231 1358.3 12.0 0.0000 4.5661 226.74 1.2427 0.0945 0.0886
106.8750 -2.7689 0.3862 0.4271 0.1867 0.00000 5.632 1500.0 12.0 0.0000 3.3202 179.84 1.3859 0.0000 0.0000
112.5000 -2.7689 0.3017 0.4761 0.2222 0.00000 6.230 1472.6 12.0 0.0000 3.5377 199.40 1.1551 0.0183 0.0174
146.2500 -2.7689 0.3441 0.4575 0.1984 0.00000 6.001 1378.3 12.0 0.0000 2.6724 221.37 1.2506 0.0811 0.0760
151.8750 -2.7689 0.4652 0.3612 0.1736 0.00000 5.752 1500.0 12.0 0.0000 2.7727 171.36 1.0735 0.0000 0.0000
157.5000 -2.7689 0.3774 0.3192 0.3034 0.00000 7.480 1491.9 12.0 0.0000 1.2019 156.49 0.2167 0.0054 0.0096
163.1250 -2.7689 0.1400 0.5601 0.2995 0.00000 7.545 1500.0 12.0 0.0000 1.7135 213.77 0.3014 0.0000 0.0000
-151.8750 -2.7689 0.2954 0.4909 0.2132 0.00000 6.106 1500.0 12.0 0.0000 0.9651 122.69 1.3073 0.0000 0.0000
-146.2500 -2.7689 0.3370 0.3992 0.2639 0.00000 7.017 1492.5 12.0 0.0000 2.1749 194.63 0.8236 0.0050 0.0051
-140.6250 -2.7689 0.3146 0.3714 0.3139 0.00000 7.075 1498.6 12.0 0.0000 1.7281 200.05 0.5001 0.0009 0.0011
-135.0000 -2.7689 0.3822 0.3408 0.2770 0.00000 6.981 1500.0 12.0 0.0000 1.2360 156.30 0.5582 0.0000 0.0000
-129.3750 -2.7689 0.3698 0.3569 0.2733 0.00000 7.196 1467.6 12.0 0.0000 1.4913 199.00 0.5326 0.0216 0.0247
-67.5000 -2.7689 0.3279 0.4220 0.2500 0.00000 6.489 1499.2 12.0 0.0000 1.5392 191.97 0.9005 0.0005 0.0005
-61.8750 -2.7689 0.3123 0.3786 0.3091 0.00000 7.655 1500.0 12.0 0.0000 1.8452 199.34 0.5110 0.0000 0.0000
-56.2500 -2.7689 0.3962 0.2541 0.3497 0.00000 7.622 1499.9 12.0 0.0000 0.1260 16.47 0.0628 0.0001 0.0009
-33.7500 -2.7689 0.3727 0.3785 0.2487 0.00000 6.858 1418.1 12.0 0.0000 2.8825 212.15 0.6212 0.0546 0.0594
-28.1250 -2.7689 0.3427 0.4343 0.2230 0.00000 6.281 1500.0 12.0 0.0000 1.7724 187.57 1.2291 0.0000 0.0000
-22.5000 -2.7689 0.2796 0.4736 0.2469 0.00000 6.466 1500.0 12.0 0.0000 0.5779 75.42 1.2761 0.0000 0.0000
-16.8750 -2.7689 0.3634 0.3974 0.2393 0.00000 6.280 1500.0 12.0 0.0000 0.7084 88.52 1.0252 0.0000 0.0000
-11.2500 -2.7689 0.3987 0.3779 0.2233 0.00000 6.263 1500.0 12.0 0.0000 0.8831 107.48 0.9613 0.0000 0.0000
-5.6250 -2.7689 0.2947 0.4723 0.2331 0.00000 6.228 1484.9 12.0 0.0000 1.2580 165.64 1.1056 0.0101 0.0097
45.0000 -8.3067 0.3303 0.4272 0.2425 0.00000 6.173 1303.2 12.0 0.0000 0.8132 135.43 0.9064 0.1313 0.1303
50.6250 -8.3067 0.3594 0.4364 0.2041 0.00000 6.007 1374.4 12.0 0.0000 1.1809 174.59 1.0722 0.0838 0.0805
56.2500 -8.3067 0.4055 0.3751 0.2195 0.00000 6.481 1472.0 12.0 0.0000 1.2777 161.81 0.8726 0.0187 0.0187
61.8750 -8.3067 0.2759 0.4317 0.2924 0.00000 8.061 1500.0 12.0 0.0000 0.8596 115.12 0.7173 0.0000 0.0000
67.5000 -8.3067 0.4044 0.3637 0.2319 0.00000 6.703 1500.0 12.0 0.0000 1.5052 182.96 0.8045 0.0000 0.0000
73.1250 -8.3067 0.3118 0.3901 0.2982 0.00000 7.620 1467.1 12.0 0.0000 1.5494 208.12 0.4779 0.0219 0.0260
106.8750 -8.3067 0.4733 0.2152 0.3115 0.00000 7.258 1497.6 12.0 0.0000 0.5210 64.54 0.0780 0.0016 0.0105
112.5000 -8.3067 0.3989 0.2633 0.3376 0.00000 7.679 1499.5 12.0 0.0000 0.2070 26.87 0.0628 0.0003 0.0042
140.6250 -8.3067 0.3112 0.4534 0.2355 0.00000 7.023 1361.9 12.0 0.0000 1.8173 233.17 0.9489 0.0921 0.0906
146.2500 -8.3067 0.2801 0.4844 0.2355 0.00000 6.992 1491.3 12.0 0.0000 1.2314 161.84 1.2129 0.0058 0.0055
151.8750 -8.3067 0.2674 0.4888 0.2438 0.00000 7.120 1500.0 12.0 0.0000 1.1114 145.62 1.1945 0.0000 0.0000
157.5000 -8.3067 0.2864 0.4480 0.2656 0.00000 7.545 1451.7 12.0 0.0000 1.8720 211.61 0.7779 0.0322 0.0331
163.1250 -8.3067 0.2913 0.4089 0.2997 0.00000 7.377 1483.7 12.0 0.0000 2.3391 205.13 0.3900 0.0109 0.0139
168.7500 -8.3067 0.3317 0.3775 0.2908 0.00000 7.231 1498.9 12.0 0.0000 2.2956 196.02 0.2674 0.0008 0.0012
174.3750 -8.3067 0.3542 0.3378 0.3080 0.00000 7.443 1499.7 12.0 0.0000 1.4621 190.62 0.2436 0.0002 0.0004
-140.6250 -8.3067 0.2909 0.4323 0.2767 0.00000 7.254 1500.0 12.0 0.0000 1.3600 179.40 0.5917 0.0000 0.0000
-135.0000 -8.3067 0.2842 0.4629 0.2529 0.00000 6.235 1500.0 12.0 0.0000 0.9095 118.83 1.1166 0.0000 0.0000
-129.3750 -8.3067 0.2976 0.4543 0.2482 0.00000 6.464 1477.8 12.0 0.0000 0.5321 71.29 1.2114 0.0148 0.0140
-123.7500 -8.3067 0.3341 0.4087 0.2572 0.00000 6.869 1425.1 12.0 0.0000 1.5408 214.40 0.7613 0.0500 0.0516
-33.7500 -8.3067 0.4514 0.2823 0.2663 0.00000 7.316 1477.5 12.0 0.0000 2.2134 189.08 0.3847 0.0150 0.0193
-28.1250 -8.3067 0.4411 0.2782 0.2807 0.00000 7.522 1500.0 12.0 0.0000 1.4195 174.86 0.3167 0.0000 0.0000
-22.5000 -8.3067 0.4334 0.2584 0.3082 0.00000 7.300 1500.0 12.0 0.0000 0.3589 45.06 0.1941 0.0000 0.0000
-16.8750 -8.3067 0.3123 0.3518 0.3359 0.00000 8.190 1500.0 12.0 0.0000 0.2979 40.15 0.3344 0.0000 0.0000
-11.2500 -8.3067 0.3312 0.4464 0.2224 0.00000 6.204 1500.0 12.0 0.0000 0.8006 100.64 1.2831 0.0000 0.0000
-5.6250 -8.3067 0.3144 0.4775 0.2080 0.00000 5.940 1403.3 12.0 0.0000 1.6461 217.55 1.2355 0.0645 0.0605
39.3750 -13.8445 0.3207 0.3354 0.3438 0.00000 7.815 1500.0 12.0 0.0000 0.0341 10.00 0.0628 0.0000 0.0004
45.0000 -13.8445 0.4868 0.2042 0.3090 0.00000 7.272 1499.4 12.0 0.0000 0.0505 10.00 0.0628 0.0004 0.0057
50.6250 -13.8445 0.3677 0.3886 0.2436 0.00000 6.263 1500.0 12.0 0.0000 0.4448 55.60 0.9196 0.0000 0.0000
56.2500 -13.8445 0.2727 0.4522 0.2751 0.00000 7.016 1500.0 12.0 0.0000 0.2330 30.97 0.9934 0.0000 0.0000
61.8750 -13.8445 0.2067 0.4747 0.3186 0.00000 8.839 1500.0 12.0 0.0000 0.5787 80.96 0.6771 0.0000 0.0000
67.5000 -13.8445 0.3872 0.3566 0.2562 0.00000 6.979 1500.0 12.0 0.0000 1.2608 157.22 0.7037 0.0000 0.0000
73.1250 -13.8445 0.3523 0.3623 0.2855 0.00000 7.463 1466.1 12.0 0.0000 1.4142 191.80 0.4733 0.0226 0.0268
78.7500 -13.8445 0.2885 0.3748 0.3367 0.00000 7.923 1496.9 12.0 0.0000 0.5379 73.62 0.1087 0.0021 0.0073
84.3750 -13.8445 0.3096 0.3413 0.3490 0.00000 8.044 1499.8 12.0 0.0000 0.1069 14.52 0.0628 0.0001 0.0014
135.0000 -13.8445 0.4096 0.2699 0.3204 0.00000 7.313 1499.0 12.0 0.0000 0.6582 84.29 0.1238 0.0007 0.0021
140.6250 -13.8445 0.4034 0.2917 0.3049 0.00000 8.122 1496.9 12.0 0.0000 0.8416 107.53 0.2407 0.0021 0.0035
146.2500 -13.8445 0.2721 0.4770 0.2509 0.00000 7.305 1488.7 12.0 0.0000 1.2769 170.47 1.0502 0.0075 0.0073
151.8750 -13.8445 0.3485 0.4395 0.2121 0.00000 6.023 1386.2 12.0 0.0000 1.8841 220.06 1.1055 0.0759 0.0726
157.5000 -13.8445 0.3338 0.3698 0.2964 0.00000 7.407 1468.7 12.0 0.0000 1.3273 181.80 0.4884 0.0208 0.0245
163.1250 -13.8445 0.3349 0.3215 0.3436 0.00000 7.756 1498.5 12.0 0.0000 0.5715 76.72 0.0991 0.0010 0.0040
168.7500 -13.8445 0.3350 0.3080 0.3570 0.00000 8.361 1499.1 12.0 0.0000 1.0923 147.54 0.1461 0.0006 0.0016
174.3750 -13.8445 0.3974 0.2837 0.3190 0.00000 7.976 1499.4 12.0 0.0000 2.2840 192.90 0.1958 0.0004 0.0007
180.0000 -13.8445 0.3755 0.2891 0.3354 0.00000 8.067 1499.9 12.0 0.0000 1.4949 195.78 0.1647 0.0001 0.0002
-174.3750 -13.8445 0.3396 0.3158 0.3446 0.00000 7.802 1500.0 12.0 0.0000 0.2982 39.88 0.0628 0.0000 0.0002
-135.0000 -13.8445 0.3366 0.4122 0.2511 0.00000 6.150 1500.0 12.0 0.0000 0.8619 109.79 0.9557 0.0000 0.0000
-129.3750 -13.8445 0.3679 0.4118 0.2203 0.00000 5.282 1500.0 12.0 0.0000 0.5029 62.03 1.3990 0.0000 0.0000
-123.7500 -13.8445 0.3673 0.4529 0.1798 0.00000 5.560 1281.1 12.0 0.0000 1.9774 246.53 1.2508 0.1460 0.1367
-33.7500 -13.8445 0.4472 0.2348 0.3179 0.00000 7.449 1499.3 12.0 0.0000 0.2115 26.56 0.0628 0.0005 0.0063
-28.1250 -13.8445 0.5123 0.1909 0.2966 0.00000 7.231 1499.9 12.0 0.0000 0.1397 16.76 0.0628 0.0001 0.0011
-22.5000 -13.8445 0.5243 0.1896 0.2860 0.00000 7.308 1499.9 12.0 0.0000 0.1619 19.20 0.0628 0.0000 0.0006
-16.8750 -13.8445 0.4253 0.2542 0.3205 0.00000 8.067 1500.0 12.0 0.0000 0.1556 19.75 0.0628 0.0000 0.0000
-11.2500 -13.8445 0.5249 0.1933 0.2817 0.00000 7.024 1499.8 12.0 0.0000 0.1496 17.69 0.0628 0.0001 0.0019
-5.6250 -13.8445 0.2804 0.3995 0.3196 0.00000 7.664 1478.3 12.0 0.0000 1.0062 140.68 0.1882 0.0144 0.0285
16.8750 -19.3822 0.2917 0.4721 0.2361 0.00000 6.345 1442.0 12.0 0.0000 1.4893 209.42 0.9728 0.0387 0.0378
22.5000 -19.3822 0.4540 0.2677 0.2783 0.00000 6.968 1472.3 12.0 0.0000 1.2602 161.02 0.2927 0.0185 0.0272
45.0000 -19.3822 0.3786 0.2791 0.3424 0.00000 7.747 1500.0 12.0 0.0000 0.0387 10.00 0.0628 0.0000 0.0003
50.6250 -19.3822 0.4186 0.3185 0.2630 0.00000 6.856 1490.1 12.0 0.0000 0.5908 74.01 0.5070 0.0066 0.0077
56.2500 -19.3822 0.4057 0.3453 0.2490 0.00000 6.175 1500.0 12.0 0.0000 0.3658 45.02 0.8071 0.0000 0.0000
61.8750 -19.3822 0.2754 0.3344 0.3903 0.00000 9.159 1500.0 12.0 0.0000 0.0200 10.00 0.0628 0.0000 0.0000
67.5000 -19.3822 0.3786 0.2758 0.3456 0.00000 8.224 1500.0 12.0 0.0000 0.0402 10.00 0.0628 0.0000 0.0000
73.1250 -19.3822 0.4835 0.2203 0.2962 0.00000 7.722 1499.8 12.0 0.0000 0.1519 18.50 0.0628 0.0001 0.0019
78.7500 -19.3822 0.5002 0.2166 0.2832 0.00000 7.527 1499.2 12.0 0.0000 1.6137 179.95 0.0971 0.0005 0.0022
84.3750 -19.3822 0.4584 0.2261 0.3155 0.00000 7.715 1499.6 12.0 0.0000 0.1456 18.15 0.0628 0.0003 0.0037
135.0000 -19.3822 0.3047 0.3503 0.3444 0.00000 7.833 1500.0 12.0 0.0000 0.2653 36.01 0.0908 0.0000 0.0001
140.6250 -19.3822 0.3875 0.2690 0.3435 0.00000 7.883 1499.9 12.0 0.0000 0.3255 42.58 0.0905 0.0001 0.0004
146.2500 -19.3822 0.3782 0.2871 0.3348 0.00000 7.826 1490.7 12.0 0.0000 0.6428 85.23 0.1780 0.0062 0.0128
168.7500 -19.3822 0.4977 0.2114 0.2908 0.00000 7.370 1499.9 12.0 0.0000 0.3325 40.07 0.0628 0.0000 0.0006
174.3750 -19.3822 0.5375 0.1839 0.2787 0.00000 7.250 1500.0 12.0 0.0000 0.4401 51.61 0.0628 0.0000 0.0000
180.0000 -19.3822 0.4525 0.2367 0.3107 0.00000 7.536 1499.7 12.0 0.0000 1.4438 179.99 0.1151 0.0002 0.0007
-140.6250 -19.3822 0.4060 0.2419 0.3521 0.00000 7.372 1500.0 12.0 0.0000 0.0487 10.00 0.0628 0.0000 0.0000
-135.0000 -19.3822 0.4376 0.2357 0.3266 0.00000 7.753 1500.0 12.0 0.0000 0.0481 10.00 0.0628 0.0000 0.0000
-129.3750 -19.3822 0.3809 0.3776 0.2415 0.00000 6.252 1500.0 12.0 0.0000 1.0417 129.23 0.9355 0.0000 0.0000
-123.7500 -19.3822 0.3389 0.4617 0.1994 0.00000 6.086 1284.4 12.0 0.0000 1.7329 250.16 1.1004 0.1438 0.1376
-56.2500 -19.3822 0.4190 0.2551 0.3258 0.00000 7.392 1499.9 12.0 0.0000 0.2401 30.65 0.0628 0.0000 0.0005
-50.6250 -19.3822 0.4283 0.2401 0.3316 0.00000 7.502 1499.9 12.0 0.0000 0.1171 14.93 0.0628 0.0001 0.0010
-39.3750 -19.3822 0.4097 0.2657 0.3245 0.00000 7.225 1498.6 12.0 0.0000 0.1586 20.37 0.0628 0.0009 0.0122
-22.5000 -19.3822 0.3174 0.3412 0.3413 0.00000 7.855 1499.9 12.0 0.0000 0.3319 44.75 0.0628 0.0000 0.0006
-16.8750 -19.3822 0.4357 0.2512 0.3131 0.00000 8.040 1500.0 12.0 0.0000 0.2102 26.44 0.0628 0.0000 0.0000
-11.2500 -19.3822 0.5243 0.1912 0.2845 0.00000 7.541 1500.0 12.0 0.0000 0.7119 84.34 0.0628 0.0000 0.0004
-5.6250 -19.3822 0.4706 0.2158 0.3135 0.00000 6.972 1499.6 12.0 0.0000 0.7578 93.80 0.0718 0.0002 0.0020
11.2500 -24.9199 0.4163 0.2695 0.3142 0.00000 7.383 1495.8 12.0 0.0000 0.6602 84.41 0.2158 0.0028 0.0050
16.8750 -24.9199 0.4020 0.3594 0.2386 0.00000 6.493 1479.4 12.0 0.0000 1.3381 169.54 0.7499 0.0138 0.0142
22.5000 -24.9199 0.4881 0.2811 0.2309 0.00000 6.603 1499.6 12.0 0.0000 1.5335 175.45 0.4870 0.0003 0.0004
28.1250 -24.9199 0.4859 0.2140 0.3000 0.00000 7.186 1499.8 12.0 0.0000 0.1210 14.75 0.0628 0.0001 0.0020
50.6250 -24.9199 0.4211 0.2479 0.3310 0.00000 7.306 1498.9 12.0 0.0000 0.2059 26.38 0.1022 0.0007 0.0028
56.2500 -24.9199 0.4189 0.2922 0.2889 0.00000 7.299 1500.0 12.0 0.0000 0.5122 64.08 0.3402 0.0000 0.0000
61.8750 -24.9199 0.3174 0.3080 0.3746 0.00000 8.633 1500.0 12.0 0.0000 0.0202 10.00 0.0628 0.0000 0.0000
67.5000 -24.9199 0.3918 0.2669 0.3413 0.00000 7.925 1500.0 12.0 0.0000 0.0518 10.00 0.0628 0.0000 0.0000
73.1250 -24.9199 0.3421 0.2982 0.3597 0.00000 8.557 1500.0 12.0 0.0000 0.0588 10.00 0.0628 0.0000 0.0000
78.7500 -24.9199 0.3387 0.3026 0.3587 0.00000 8.658 1500.0 12.0 0.0000 0.0846 11.40 0.0628 0.0000 0.0000
84.3750 -24.9199 0.4724 0.2212 0.3064 0.00000 7.773 1499.6 12.0 0.0000 0.2198 27.07 0.0628 0.0003 0.0036
90.0000 -24.9199 0.3233 0.4041 0.2727 0.00000 6.725 1394.1 12.0 0.0000 2.3970 226.31 0.6386 0.0706 0.0762
95.6250 -24.9199 0.2942 0.4478 0.2580 0.00000 6.563 1451.3 12.0 0.0000 1.7229 210.22 0.7693 0.0325 0.0334
140.6250 -24.9199 0.3430 0.3161 0.3409 0.00000 7.761 1500.0 12.0 0.0000 0.1491 19.87 0.0699 0.0000 0.0000
168.7500 -24.9199 0.4054 0.2630 0.3316 0.00000 7.632 1500.0 12.0 0.0000 0.1689 21.76 0.0628 0.0000 0.0004
174.3750 -24.9199 0.4367 0.2359 0.3271 0.00000 7.402 1499.9 12.0 0.0000 0.3924 49.70 0.0714 0.0000 0.0004
-146.2500 -24.9199 0.4289 0.2294 0.3417 0.00000 7.183 1500.0 12.0 0.0000 0.0943 12.09 0.0628 0.0000 0.0000
-140.6250 -24.9199 0.5066 0.2067 0.2867 0.00000 7.277 1500.0 12.0 0.0000 0.1307 15.64 0.0628 0.0000 0.0001
-135.0000 -24.9199 0.4643 0.2003 0.3353 0.00000 7.621 1499.9 12.0 0.0000 0.0662 10.00 0.0628 0.0000 0.0005
-129.3750 -24.9199 0.4668 0.1686 0.3636 0.00000 8.020 1500.0 12.0 0.0000 0.0684 10.00 0.0628 0.0000 0.0000
-123.7500 -24.9199 0.3407 0.3561 0.3030 0.00000 7.365 1480.5 12.0 0.0000 1.6799 201.95 0.3428 0.0130 0.0176
-56.2500 -24.9199 0.4416 0.2339 0.3245 0.00000 7.517 1500.0 12.0 0.0000 0.1754 22.14 0.0628 0.0000 0.0004
-50.6250 -24.9199 0.5841 0.1608 0.2551 0.00000 7.148 1500.0 12.0 0.0000 0.2159 24.35 0.0628 0.0000 0.0000
-45.0000 -24.9199 0.5635 0.1711 0.2655 0.00000 7.053 1500.0 12.0 0.0000 0.3653 41.93 0.0772 0.0000 0.0000
-39.3750 -24.9199 0.4577 0.2164 0.3259 0.00000 7.134 1496.8 12.0 0.0000 0.3696 46.57 0.0906 0.0022 0.0103
-22.5000 -24.9199 0.3917 0.2840 0.3242 0.00000 7.342 1499.9 12.0 0.0000 0.4088 52.82 0.0628 0.0001 0.0010
-16.8750 -24.9199 0.5383 0.1890 0.2728 0.00000 7.455 1500.0 12.0 0.0000 0.3135 36.61 0.0628 0.0000 0.0000
-11.2500 -24.9199 0.4598 0.2303 0.3098 0.00000 7.822 1500.0 12.0 0.0000 0.3901 48.42 0.0628 0.0000 0.0000
-5.6250 -24.9199 0.5425 0.1948 0.2627 0.00000 6.866 1499.9 12.0 0.0000 0.3904 45.22 0.0636 0.0000 0.0006
5.6250 -30.4576 0.3926 0.2530 0.3545 0.00000 7.414 1499.9 12.0 0.0000 0.2348 30.82 0.0748 0.0000 0.0003
11.2500 -30.4576 0.4247 0.2479 0.3274 0.00000 7.375 1499.9 12.0 0.0000 0.3607 45.98 0.1153 0.0001 0.0003
16.8750 -30.4576 0.4186 0.2663 0.3151 0.00000 7.387 1500.0 12.0 0.0000 0.2367 30.05 0.1669 0.0000 0.0000
22.5000 -30.4576 0.3904 0.3035 0.3061 0.00000 7.566 1500.0 12.0 0.0000 0.5344 68.40 0.2759 0.0000 0.0000
28.1250 -30.4576 0.5041 0.2057 0.2902 0.00000 7.660 1499.9 12.0 0.0000 0.0944 11.33 0.0628 0.0000 0.0005
33.7500 -30.4576 0.4318 0.2447 0.3235 0.00000 7.081 1499.9 12.0 0.0000 0.1810 22.94 0.0628 0.0001 0.0012
50.6250 -30.4576 0.4869 0.2039 0.3092 0.00000 7.355 1499.7 12.0 0.0000 0.1211 14.84 0.0628 0.0002 0.0024
56.2500 -30.4576 0.4639 0.2271 0.3089 0.00000 7.522 1500.0 12.0 0.0000 0.1091 13.51 0.0628 0.0000 0.0000
61.8750 -30.4576 0.3767 0.2779 0.3454 0.00000 8.351 1500.0 12.0 0.0000 0.1011 13.30 0.0628 0.0000 0.0000
67.5000 -30.4576 0.4249 0.2494 0.3257 0.00000 7.947 1500.0 12.0 0.0000 0.1577 20.08 0.0628 0.0000 0.0000
73.1250 -30.4576 0.3263 0.3082 0.3655 0.00000 8.933 1500.0 12.0 0.0000 0.0732 10.00 0.0628 0.0000 0.0000
78.7500 -30.4576 0.3940 0.2680 0.3380 0.00000 8.197 1500.0 12.0 0.0000 0.0769 10.00 0.0628 0.0000 0.0000
84.3750 -30.4576 0.4117 0.2822 0.3061 0.00000 7.416 1498.3 12.0 0.0000 1.5401 190.59 0.2542 0.0011 0.0018
90.0000 -30.4576 0.3366 0.3684 0.2950 0.00000 6.646 1493.5 12.0 0.0000 1.3289 175.10 0.5030 0.0044 0.0051
-151.8750 -30.4576 0.4018 0.2572 0.3410 0.00000 7.537 1500.0 12.0 0.0000 0.1715 22.25 0.0628 0.0000 0.0000
-146.2500 -30.4576 0.3585 0.2709 0.3706 0.00000 8.193 1500.0 12.0 0.0000 0.4120 55.39 0.0628 0.0000 0.0000
-140.6250 -30.4576 0.4770 0.2120 0.3110 0.00000 7.196 1499.9 12.0 0.0000 0.2440 30.06 0.0628 0.0000 0.0006
-56.2500 -30.4576 0.3296 0.3223 0.3481 0.00000 7.850 1500.0 12.0 0.0000 0.0710 10.00 0.0628 0.0000 0.0000
-50.6250 -30.4576 0.4254 0.2385 0.3360 0.00000 7.805 1500.0 12.0 0.0000 0.1627 20.82 0.0628 0.0000 0.0003
-45.0000 -30.4576 0.5345 0.1881 0.2774 0.00000 7.414 1500.0 12.0 0.0000 0.2366 27.76 0.0628 0.0000 0.0000
-39.3750 -30.4576 0.4432 0.2314 0.3254 0.00000 7.508 1499.7 12.0 0.0000 0.5415 68.36 0.0813 0.0002 0.0010
-33.7500 -30.4576 0.3778 0.3181 0.3041 0.00000 7.124 1494.8 12.0 0.0000 1.1694 151.62 0.3640 0.0034 0.0045
-16.8750 -30.4576 0.5553 0.1785 0.2661 0.00000 7.237 1500.0 12.0 0.0000 0.3971 45.79 0.0628 0.0000 0.0001
-11.2500 -30.4576 0.5249 0.1893 0.2858 0.00000 6.927 1500.0 12.0 0.0000 0.3962 46.96 0.0628 0.0000 0.0000
-5.6250 -30.4576 0.5420 0.1746 0.2833 0.00000 6.780 1499.9 12.0 0.0000 0.4315 50.62 0.0628 0.0001 0.0010
0.0000 -35.9951 0.4593 0.2211 0.3196 0.00000 7.582 1499.9 12.0 0.0000 0.2505 31.27 0.0628 0.0000 0.0005
5.6250 -35.9951 0.4616 0.2284 0.3100 0.00000 7.625 1500.0 12.0 0.0000 0.1041 12.91 0.0639 0.0000 0.0000
11.2500 -35.9951 0.3921 0.2669 0.3410 0.00000 7.840 1500.0 12.0 0.0000 0.0345 10.00 0.0698 0.0000 0.0000
16.8750 -35.9951 0.4501 0.2370 0.3129 0.00000 7.434 1500.0 12.0 0.0000 0.0861 10.75 0.0898 0.0000 0.0000
22.5000 -35.9951 0.5985 0.1690 0.2324 0.00000 6.514 1500.0 12.0 0.0000 1.6589 165.55 0.1890 0.0000 0.0001
28.1250 -35.9951 0.5632 0.1475 0.2892 0.00000 6.883 1499.1 12.0 0.0000 0.2861 33.36 0.0628 0.0006 0.0079
50.6250 -35.9951 0.3968 0.2753 0.3279 0.00000 7.730 1499.2 12.0 0.0000 1.1757 152.03 0.1610 0.0005 0.0012
56.2500 -35.9951 0.4498 0.2423 0.3078 0.00000 7.739 1500.0 12.0 0.0000 0.9466 117.91 0.1060 0.0000 0.0000
61.8750 -35.9951 0.3891 0.2687 0.3422 0.00000 8.157 1500.0 12.0 0.0000 0.1885 24.62 0.0628 0.0000 0.0001
67.5000 -35.9951 0.4474 0.2260 0.3265 0.00000 7.327 1499.6 12.0 0.0000 0.4677 58.98 0.0834 0.0003 0.0017
73.1250 -35.9951 0.4030 0.2837 0.3133 0.00000 6.935 1497.9 12.0 0.0000 1.5765 192.25 0.2575 0.0014 0.0022
78.7500 -35.9951 0.4008 0.2934 0.3058 0.00000 6.825 1496.4 12.0 0.0000 1.2629 161.74 0.3058 0.0024 0.0034
84.3750 -35.9951 0.3783 0.2900 0.3314 0.00000 7.173 1498.2 12.0 0.0000 0.5975 78.18 0.2198 0.0012 0.0022
-151.8750 -35.9951 0.4486 0.2137 0.3367 0.00000 7.587 1500.0 12.0 0.0000 0.2466 31.20 0.0628 0.0000 0.0000
-146.2500 -35.9951 0.4026 0.2299 0.3675 0.00000 8.398 1500.0 12.0 0.0000 0.1874 24.66 0.0628 0.0000 0.0000
-140.6250 -35.9951 0.4153 0.2252 0.3595 0.00000 8.247 1500.0 12.0 0.0000 0.1265 16.47 0.0628 0.0000 0.0000
-45.0000 -35.9951 0.4679 0.2144 0.3176 0.00000 7.633 1499.9 12.0 0.0000 0.1614 20.04 0.0628 0.0001 0.0007
-39.3750 -35.9951 0.4807 0.2186 0.3006 0.00000 7.845 1500.0 12.0 0.0000 0.1423 17.38 0.0628 0.0000 0.0000
-33.7500 -35.9951 0.4156 0.2534 0.3309 0.00000 7.555 1499.2 12.0 0.0000 0.7547 96.90 0.1190 0.0006 0.0018
-22.5000 -35.9951 0.5802 0.1346 0.2852 0.00000 6.665 1499.6 12.0 0.0000 0.2638 30.40 0.0640 0.0002 0.0029
-16.8750 -35.9951 0.6130 0.1330 0.2540 0.00000 6.653 1499.9 12.0 0.0000 0.7347 81.57 0.0628 0.0001 0.0007
-11.2500 -35.9951 0.5961 0.1495 0.2544 0.00000 6.620 1500.0 12.0 0.0000 0.8993 100.76 0.0628 0.0000 0.0000
-5.6250 -35.9951 0.5439 0.1763 0.2799 0.00000 6.963 1500.0 12.0 0.0000 1.0145 118.66 0.0628 0.0000 0.0001
0.0000 -41.5325 0.4426 0.2433 0.3141 0.00000 7.819 1500.0 12.0 0.0000 0.8347 104.70 0.0872 0.0000 0.0000
5.6250 -41.5325 0.3198 0.3121 0.3681 0.00000 8.771 1500.0 12.0 0.0000 0.1373 18.75 0.0741 0.0000 0.0000
11.2500 -41.5325 0.3440 0.2973 0.3587 0.00000 8.485 1500.0 12.0 0.0000 0.1203 16.18 0.0744 0.0000 0.0000
16.8750 -41.5325 0.5809 0.1640 0.2551 0.00000 7.051 1499.8 12.0 0.0000 0.8420 95.19 0.0930 0.0001 0.0006
22.5000 -41.5325 0.4325 0.2749 0.2925 0.00000 6.584 1482.4 12.0 0.0000 2.9361 192.07 0.3317 0.0118 0.0162
50.6250 -41.5325 0.4132 0.2737 0.3129 0.00000 6.711 1496.0 12.0 0.0000 1.3557 173.38 0.2544 0.0026 0.0042
56.2500 -41.5325 0.3831 0.2898 0.3271 0.00000 7.148 1498.9 12.0 0.0000 1.5518 195.19 0.2203 0.0007 0.0012
61.8750 -41.5325 0.4299 0.2509 0.3191 0.00000 6.895 1499.1 12.0 0.0000 1.0747 136.18 0.1731 0.0006 0.0013
-151.8750 -41.5325 0.4679 0.2042 0.3277 0.00000 7.288 1500.0 12.0 0.0000 0.8858 110.60 0.1297 0.0000 0.0000
-146.2500 -41.5325 0.4632 0.1639 0.3721 0.00000 8.029 1500.0 12.0 0.0000 0.1385 17.75 0.0628 0.0000 0.0000
-140.6250 -41.5325 0.4809 0.1747 0.3444 0.00000 7.625 1500.0 12.0 0.0000 0.6754 84.59 0.1147 0.0000 0.0000
-39.3750 -41.5325 0.4759 0.2101 0.3140 0.00000 7.604 1499.9 12.0 0.0000 0.1722 21.25 0.0628 0.0001 0.0009
-33.7500 -41.5325 0.4398 0.2297 0.3305 0.00000 7.363 1499.5 12.0 0.0000 0.4362 55.33 0.0885 0.0003 0.0016
-16.8750 -41.5325 0.4872 0.1997 0.3131 0.00000 6.919 1497.2 12.0 0.0000 2.2895 184.86 0.1198 0.0018 0.0057
-11.2500 -41.5325 0.6418 0.1233 0.2349 0.00000 6.417 1498.8 12.0 0.0000 4.1524 162.25 0.1103 0.0008 0.0027
0.0000 -47.0696 0.4756 0.2379 0.2866 0.00000 7.494 1500.0 12.0 0.0000 2.6061 182.29 0.1646 0.0000 0.0000
5.6250 -47.0696 0.4400 0.2404 0.3195 0.00000 7.826 1500.0 12.0 0.0000 0.2126 26.77 0.0628 0.0000 0.0000
11.2500 -47.0696 0.4271 0.2474 0.3255 0.00000 7.913 1500.0 12.0 0.0000 0.1834 23.32 0.0628 0.0000 0.0000
16.8750 -47.0696 0.6101 0.1542 0.2358 0.00000 6.365 1499.4 12.0 0.0000 1.8950 165.04 0.1560 0.0004 0.0010
56.2500 -47.0696 0.4460 0.2544 0.2996 0.00000 6.480 1500.0 12.0 0.0000 0.7805 96.93 0.2211 0.0000 0.0000
180.0000 -47.0696 0.3512 0.3281 0.3148 0.00000 7.169 1500.0 12.0 0.0000 0.6926 90.17 0.1138 0.0000 0.0000
-157.5000 -47.0696 0.4997 0.1772 0.3172 0.00000 6.947 1500.0 12.0 0.0000 0.9544 115.92 0.2239 0.0000 0.0000
-151.8750 -47.0696 0.4678 0.2067 0.3187 0.00000 7.293 1500.0 12.0 0.0000 0.7155 88.27 0.2245 0.0000 0.0000
-90.0000 -47.0696 0.5062 0.2138 0.2800 0.00000 5.965 1495.7 12.0 0.0000 0.6099 73.25 0.2366 0.0029 0.0048
-5.6250 -47.0696 0.5439 0.1980 0.2581 0.00000 6.122 1482.4 12.0 0.0000 3.8714 178.44 0.2798 0.0118 0.0177
0.0000 -52.6065 0.4716 0.2465 0.2819 0.00000 6.768 1495.0 12.0 0.0000 2.9546 183.66 0.2586 0.0034 0.0053
5.6250 -52.6065 0.5838 0.1742 0.2420 0.00000 6.273 1496.3 12.0 0.0000 1.7992 168.96 0.2078 0.0024 0.0044
11.2500 -52.6065 0.4707 0.2369 0.2924 0.00000 7.291 1498.2 12.0 0.0000 0.7373 90.37 0.1704 0.0012 0.0025
16.8750 -52.6065 0.4727 0.2227 0.3045 0.00000 7.100 1498.2 12.0 0.0000 0.6093 75.13 0.1487 0.0012 0.0029
163.1250 -52.6065 0.4380 0.2601 0.3019 0.00000 6.543 1491.8 12.0 0.0000 0.2697 34.11 0.2575 0.0054 0.0086
168.7500 -52.6065 0.4376 0.2645 0.2980 0.00000 6.264 1490.7 12.0 0.0000 0.3553 44.93 0.2897 0.0062 0.0092
174.3750 -52.6065 0.4168 0.2723 0.3104 0.00000 6.357 1490.2 12.0 0.0000 0.4106 52.81 0.2913 0.0065 0.0096
180.0000 -52.6065 0.4271 0.2492 0.3190 0.00000 6.885 1499.9 12.0 0.0000 0.8327 105.01 0.2483 0.0001 0.0001
-140.6250 -52.6065 0.5532 0.1067 0.3301 0.00000 7.334 1500.0 12.0 0.0000 0.8641 102.50 0.1139 0.0000 0.0000
-95.6250 -52.6065 0.4589 0.2367 0.3044 0.00000 6.396 1493.5 12.0 0.0000 0.5647 70.63 0.2036 0.0043 0.0080
-90.0000 -52.6065 0.4687 0.2495 0.2818 0.00000 6.392 1495.4 12.0 0.0000 0.5630 68.98 0.2568 0.0031 0.0048
-84.3750 -52.6065 0.4058 0.2823 0.3117 0.00000 6.395 1492.7 12.0 0.0000 0.5168 66.63 0.2876 0.0049 0.0072
-45.0000 -52.6065 0.3507 0.3370 0.3070 0.00000 6.864 1486.3 12.0 0.0000 0.7606 100.79 0.2996 0.0092 0.0133
-5.6250 -52.6065 0.5061 0.2216 0.2723 0.00000 6.535 1492.3 12.0 0.0000 2.4223 180.36 0.2535 0.0052 0.0082
5.6250 -58.1430 0.4681 0.2094 0.3222 0.00000 7.002 1499.8 12.0 0.0000 0.2822 35.12 0.0783 0.0001 0.0010
95.6250 -58.1430 0.5043 0.1845 0.3113 0.00000 6.766 1499.1 12.0 0.0000 0.2230 27.14 0.0850 0.0006 0.0032
101.2500 -58.1430 0.5037 0.1810 0.3153 0.00000 6.831 1498.8 12.0 0.0000 0.3798 46.37 0.0910 0.0008 0.0039
106.8750 -58.1430 0.4512 0.2255 0.3234 0.00000 7.171 1499.9 12.0 0.0000 0.2903 36.46 0.0834 0.0001 0.0004
151.8750 -58.1430 0.4629 0.2146 0.3223 0.00000 6.926 1498.7 12.0 0.0000 0.1986 24.83 0.1169 0.0009 0.0028
157.5000 -58.1430 0.5364 0.1980 0.2656 0.00000 6.875 1499.9 12.0 0.0000 0.2606 30.34 0.1245 0.0001 0.0002
163.1250 -58.1430 0.4949 0.2226 0.2825 0.00000 6.972 1500.0 12.0 0.0000 0.1852 22.24 0.1336 0.0000 0.0000
168.7500 -58.1430 0.5399 0.1983 0.2618 0.00000 6.750 1500.0 12.0 0.0000 0.2820 32.69 0.1451 0.0000 0.0000
174.3750 -58.1430 0.5225 0.1993 0.2782 0.00000 6.632 1498.6 12.0 0.0000 0.3922 46.44 0.1480 0.0009 0.0023
180.0000 -58.1430 0.4283 0.2481 0.3236 0.00000 7.559 1499.2 12.0 0.0000 0.3403 43.26 0.1222 0.0005 0.0015
-174.3750 -58.1430 0.4792 0.1805 0.3403 0.00000 7.320 1500.0 12.0 0.0000 0.1447 18.10 0.0635 0.0000 0.0003
-168.7500 -58.1430 0.5240 0.1307 0.3401 0.00000 7.579 1500.0 12.0 0.0000 0.1619 19.70 0.0628 0.0000 0.0000
-157.5000 -58.1430 0.4850 0.1560 0.3515 0.00000 8.104 1500.0 12.0 0.0000 0.1873 23.32 0.0628 0.0000 0.0000
-151.8750 -58.1430 0.5278 0.1192 0.3441 0.00000 7.838 1500.0 12.0 0.0000 0.2107 25.55 0.0628 0.0000 0.0000
-140.6250 -58.1430 0.5331 0.1243 0.3355 0.00000 7.568 1500.0 12.0 0.0000 0.1833 22.10 0.0628 0.0000 0.0000
-123.7500 -58.1430 0.5252 0.1559 0.3182 0.00000 6.997 1499.9 12.0 0.0000 0.2169 26.17 0.0628 0.0000 0.0006
-118.1250 -58.1430 0.5113 0.1829 0.3057 0.00000 7.003 1499.9 12.0 0.0000 0.3333 40.24 0.0628 0.0001 0.0008
-112.5000 -58.1430 0.5591 0.1584 0.2824 0.00000 6.973 1499.9 12.0 0.0000 0.3981 46.28 0.0628 0.0001 0.0009
-106.8750 -58.1430 0.5790 0.1468 0.2742 0.00000 6.795 1499.9 12.0 0.0000 0.2245 25.70 0.0628 0.0001 0.0008
-101.2500 -58.1430 0.5362 0.1749 0.2889 0.00000 7.231 1499.9 12.0 0.0000 0.1839 21.71 0.0628 0.0001 0.0007
-95.6250 -58.1430 0.5461 0.1808 0.2731 0.00000 7.316 1500.0 12.0 0.0000 0.1732 20.15 0.0628 0.0000 0.0000
-90.0000 -58.1430 0.5235 0.1998 0.2767 0.00000 7.069 1499.7 12.0 0.0000 0.3704 43.72 0.1137 0.0002 0.0007
-84.3750 -58.1430 0.4552 0.2263 0.3182 0.00000 6.535 1497.9 12.0 0.0000 0.3523 44.15 0.1601 0.0014 0.0032
-61.8750 -58.1430 0.1784 0.5130 0.3086 0.00000 6.848 1500.0 12.0 0.0000 0.0860 12.12 0.0628 0.0000 0.0000
-56.2500 -58.1430 0.4667 0.2112 0.3219 0.00000 6.750 1498.7 12.0 0.0000 0.4738 59.11 0.1053 0.0009 0.0032
-50.6250 -58.1430 0.4068 0.2596 0.3335 0.00000 6.941 1497.3 12.0 0.0000 0.4438 57.46 0.1579 0.0018 0.0041
-45.0000 -58.1430 0.3497 0.2982 0.3517 0.00000 7.333 1496.8 12.0 0.0000 0.2113 28.37 0.1762 0.0021 0.0045
-39.3750 -58.1430 0.4307 0.2478 0.3212 0.00000 6.533 1498.3 12.0 0.0000 0.2105 26.73 0.1710 0.0012 0.0025
5.6250 -63.6786 0.2492 0.4219 0.3260 0.00000 7.519 1500.0 12.0 0.0000 0.0505 10.00 0.0628 0.0000 0.0000
61.8750 -63.6786 0.4016 0.2542 0.3440 0.00000 7.412 1500.0 12.0 0.0000 0.1063 13.82 0.0628 0.0000 0.0000
67.5000 -63.6786 0.4013 0.2487 0.3500 0.00000 7.719 1500.0 12.0 0.0000 0.2152 28.07 0.0628 0.0000 0.0003
73.1250 -63.6786 0.5513 0.1755 0.2732 0.00000 7.134 1500.0 12.0 0.0000 0.2430 28.20 0.0628 0.0000 0.0000
78.7500 -63.6786 0.6166 0.1362 0.2472 0.00000 6.687 1500.0 12.0 0.0000 0.2282 25.17 0.0628 0.0000 0.0002
95.6250 -63.6786 0.6551 0.1207 0.2242 0.00000 6.702 1500.0 12.0 0.0000 0.5050 53.72 0.0628 0.0000 0.0000
101.2500 -63.6786 0.5488 0.1674 0.2837 0.00000 7.011 1499.9 12.0 0.0000 0.4079 47.70 0.0628 0.0000 0.0006
106.8750 -63.6786 0.4637 0.2097 0.3265 0.00000 7.328 1499.9 12.0 0.0000 0.2958 36.99 0.0628 0.0000 0.0004
151.8750 -63.6786 0.4660 0.2070 0.3270 0.00000 6.973 1500.0 12.0 0.0000 0.1105 13.80 0.0628 0.0000 0.0001
157.5000 -63.6786 0.4120 0.2415 0.3465 0.00000 7.594 1500.0 12.0 0.0000 0.1228 15.90 0.0628 0.0000 0.0004
163.1250 -63.6786 0.5808 0.1607 0.2585 0.00000 7.157 1500.0 12.0 0.0000 0.1290 14.60 0.0628 0.0000 0.0001
168.7500 -63.6786 0.4855 0.2152 0.2993 0.00000 7.536 1500.0 12.0 0.0000 0.0772 10.00 0.0628 0.0000 0.0000
174.3750 -63.6786 0.4890 0.2108 0.3002 0.00000 7.194 1500.0 12.0 0.0000 0.0643 10.00 0.0628 0.0000 0.0000
180.0000 -63.6786 0.4748 0.2200 0.3052 0.00000 7.411 1500.0 12.0 0.0000 0.0930 11.43 0.0628 0.0000 0.0000
-174.3750 -63.6786 0.5401 0.1844 0.2755 0.00000 7.363 1500.0 12.0 0.0000 0.1817 21.24 0.0628 0.0000 0.0000
-168.7500 -63.6786 0.5275 0.1710 0.3015 0.00000 7.611 1500.0 12.0 0.0000 0.2780 33.21 0.0628 0.0000 0.0000
-163.1250 -63.6786 0.4756 0.1916 0.3315 0.00000 7.815 1500.0 12.0 0.0000 0.2321 28.89 0.0628 0.0000 0.0000
-157.5000 -63.6786 0.4124 0.2254 0.3611 0.00000 8.093 1500.0 12.0 0.0000 0.1543 20.12 0.0628 0.0000 0.0003
-151.8750 -63.6786 0.3928 0.2484 0.3576 0.00000 8.214 1500.0 12.0 0.0000 0.1399 18.37 0.0628 0.0000 0.0000
-146.2500 -63.6786 0.4782 0.1762 0.3446 0.00000 7.719 1500.0 12.0 0.0000 0.2050 25.69 0.0628 0.0000 0.0000
-140.6250 -63.6786 0.4957 0.1617 0.3426 0.00000 7.840 1500.0 12.0 0.0000 0.2339 29.07 0.0628 0.0000 0.0000
-135.0000 -63.6786 0.3528 0.2809 0.3664 0.00000 8.772 1500.0 12.0 0.0000 0.1175 15.81 0.0628 0.0000 0.0004
-129.3750 -63.6786 0.6128 0.1290 0.2582 0.00000 6.812 1499.8 12.0 0.0000 0.2874 32.00 0.0628 0.0001 0.0014
-123.7500 -63.6786 0.5795 0.1581 0.2624 0.00000 7.058 1500.0 12.0 0.0000 0.2583 29.35 0.0628 0.0000 0.0004
-118.1250 -63.6786 0.5576 0.1727 0.2697 0.00000 7.040 1500.0 12.0 0.0000 0.2648 30.56 0.0628 0.0000 0.0000
-112.5000 -63.6786 0.5656 0.1665 0.2679 0.00000 6.748 1500.0 12.0 0.0000 0.3895 44.72 0.0628 0.0000 0.0000
-106.8750 -63.6786 0.5294 0.1882 0.2824 0.00000 7.151 1500.0 12.0 0.0000 0.3008 35.50 0.0628 0.0000 0.0000
-101.2500 -63.6786 0.4655 0.2247 0.3098 0.00000 7.160 1500.0 12.0 0.0000 0.0986 12.21 0.0628 0.0000 0.0000
-95.6250 -63.6786 0.4472 0.2331 0.3197 0.00000 7.339 1500.0 12.0 0.0000 0.0489 10.00 0.0628 0.0000 0.0000
-90.0000 -63.6786 0.5229 0.1960 0.2812 0.00000 7.513 1500.0 12.0 0.0000 0.1235 14.61 0.0628 0.0000 0.0000
-84.3750 -63.6786 0.4557 0.2219 0.3224 0.00000 7.689 1499.9 12.0 0.0000 0.0838 10.50 0.0628 0.0000 0.0006
-78.7500 -63.6786 0.4463 0.2178 0.3358 0.00000 7.453 1499.9 12.0 0.0000 0.0778 10.00 0.0628 0.0001 0.0010
-61.8750 -63.6786 0.4359 0.2287 0.3354 0.00000 7.468 1499.9 12.0 0.0000 0.1384 17.63 0.0628 0.0001 0.0007
-56.2500 -63.6786 0.4879 0.1951 0.3169 0.00000 7.344 1499.9 12.0 0.0000 0.1834 22.55 0.0628 0.0001 0.0009
-50.6250 -63.6786 0.5035 0.2022 0.2943 0.00000 7.555 1500.0 12.0 0.0000 0.1661 19.99 0.0628 0.0000 0.0003
-45.0000 -63.6786 0.3254 0.3298 0.3449 0.00000 8.612 1500.0 12.0 0.0000 0.1163 15.66 0.0717 0.0000 0.0000
-39.3750 -63.6786 0.4768 0.2134 0.3098 0.00000 6.672 1499.9 12.0 0.0000 0.2317 28.53 0.0939 0.0001 0.0004
-33.7500 -63.6786 0.4563 0.2266 0.3171 0.00000 6.390 1499.5 12.0 0.0000 0.1658 20.72 0.1129 0.0003 0.0011
-28.1250 -63.6786 0.4413 0.2377 0.3210 0.00000 6.496 1499.1 12.0 0.0000 0.1530 19.30 0.1238 0.0006 0.0019
-22.5000 -63.6786 0.3928 0.2612 0.3460 0.00000 6.548 1499.8 12.0 0.0000 0.1185 15.49 0.1242 0.0002 0.0005
-16.8750 -63.6786 0.4365 0.2292 0.3343 0.00000 6.431 1499.5 12.0 0.0000 0.1284 16.34 0.1116 0.0003 0.0011
-11.2500 -63.6786 0.4822 0.2052 0.3125 0.00000 6.836 1500.0 12.0 0.0000 0.0945 11.62 0.0819 0.0000 0.0000
45.0000 -69.2130 0.5085 0.1813 0.3102 0.00000 6.851 1500.0 12.0 0.0000 0.1652 20.02 0.0628 0.0000 0.0004
50.6250 -69.2130 0.4005 0.2448 0.3547 0.00000 7.377 1500.0 12.0 0.0000 0.2019 26.41 0.0628 0.0000 0.0001
56.2500 -69.2130 0.4960 0.1970 0.3071 0.00000 7.331 1500.0 12.0 0.0000 0.2827 34.42 0.0628 0.0000 0.0002
61.8750 -69.2130 0.4445 0.2282 0.3273 0.00000 7.646 1500.0 12.0 0.0000 0.3144 39.69 0.0628 0.0000 0.0002
67.5000 -69.2130 0.4360 0.2379 0.3262 0.00000 7.804 1500.0 12.0 0.0000 0.3755 47.57 0.0628 0.0000 0.0001
73.1250 -69.2130 0.5644 0.1713 0.2643 0.00000 7.264 1500.0 12.0 0.0000 0.4592 52.64 0.0628 0.0000 0.0000
78.7500 -69.2130 0.4683 0.2226 0.3091 0.00000 7.403 1500.0 12.0 0.0000 0.2031 25.09 0.0628 0.0000 0.0000
84.3750 -69.2130 0.3233 0.3093 0.3674 0.00000 8.739 1500.0 12.0 0.0000 0.0947 12.92 0.0628 0.0000 0.0000
90.0000 -69.2130 0.3632 0.2905 0.3463 0.00000 8.569 1500.0 12.0 0.0000 0.1018 13.49 0.0628 0.0000 0.0000
95.6250 -69.2130 0.5601 0.1720 0.2679 0.00000 7.146 1500.0 12.0 0.0000 0.2201 25.34 0.0628 0.0000 0.0000
101.2500 -69.2130 0.4362 0.2254 0.3384 0.00000 7.252 1500.0 12.0 0.0000 0.2710 34.56 0.0628 0.0000 0.0002
106.8750 -69.2130 0.4211 0.2368 0.3421 0.00000 7.703 1500.0 12.0 0.0000 0.1938 24.94 0.0628 0.0000 0.0003
112.5000 -69.2130 0.4424 0.2257 0.3313 0.00000 7.225 1500.0 12.0 0.0000 0.1920 24.31 0.0628 0.0000 0.0000
146.2500 -69.2130 0.5148 0.1800 0.3052 0.00000 6.787 1500.0 12.0 0.0000 0.1249 15.05 0.0628 0.0000 0.0003
151.8750 -69.2130 0.4668 0.1989 0.3343 0.00000 7.213 1499.9 12.0 0.0000 0.0979 12.27 0.0628 0.0001 0.0011
157.5000 -69.2130 0.4584 0.2066 0.3350 0.00000 7.328 1499.9 12.0 0.0000 0.0833 10.49 0.0628 0.0001 0.0010
163.1250 -69.2130 0.4700 0.2228 0.3072 0.00000 7.919 1500.0 12.0 0.0000 0.0898 11.07 0.0628 0.0000 0.0001
168.7500 -69.2130 0.4875 0.2154 0.2972 0.00000 7.830 1500.0 12.0 0.0000 0.1053 12.81 0.0628 0.0000 0.0000
174.3750 -69.2130 0.4555 0.2290 0.3156 0.00000 7.335 1500.0 12.0 0.0000 0.0429 10.00 0.0628 0.0000 0.0000
180.0000 -69.2130 0.4987 0.2022 0.2991 0.00000 6.800 1500.0 12.0 0.0000 0.0555 10.00 0.0628 0.0000 0.0000
-174.3750 -69.2130 0.3901 0.2702 0.3396 0.00000 7.994 1500.0 12.0 0.0000 0.0854 11.14 0.0628 0.0000 0.0000
-168.7500 -69.2130 0.3623 0.2879 0.3498 0.00000 8.573 1500.0 12.0 0.0000 0.2105 27.94 0.0628 0.0000 0.0000
-163.1250 -69.2130 0.5560 0.1756 0.2685 0.00000 7.244 1500.0 12.0 0.0000 0.5351 61.77 0.0628 0.0000 0.0000
-157.5000 -69.2130 0.6448 0.1194 0.2358 0.00000 6.575 1500.0 12.0 0.0000 0.5043 54.38 0.0628 0.0000 0.0001
-151.8750 -69.2130 0.5395 0.1800 0.2805 0.00000 7.248 1500.0 12.0 0.0000 0.2827 33.15 0.0628 0.0000 0.0001
-146.2500 -69.2130 0.5299 0.1902 0.2799 0.00000 7.334 1500.0 12.0 0.0000 0.1893 22.30 0.0628 0.0000 0.0000
-140.6250 -69.2130 0.4153 0.2543 0.3305 0.00000 8.050 1500.0 12.0 0.0000 0.1023 13.11 0.0628 0.0000 0.0000
-135.0000 -69.2130 0.4259 0.2460 0.3281 0.00000 7.576 1500.0 12.0 0.0000 0.0463 10.00 0.0628 0.0000 0.0000
-129.3750 -69.2130 0.5029 0.1996 0.2975 0.00000 6.771 1500.0 12.0 0.0000 0.0738 10.00 0.0628 0.0000 0.0000
-123.7500 -69.2130 0.4979 0.2028 0.2994 0.00000 6.783 1500.0 12.0 0.0000 0.1025 12.41 0.0628 0.0000 0.0000
-118.1250 -69.2130 0.4941 0.2051 0.3009 0.00000 6.833 1500.0 12.0 0.0000 0.1287 15.63 0.0628 0.0000 0.0000
-112.5000 -69.2130 0.4985 0.2024 0.2991 0.00000 6.794 1500.0 12.0 0.0000 0.1537 18.60 0.0628 0.0000 0.0000
-106.8750 -69.2130 0.4662 0.2153 0.3184 0.00000 6.798 1500.0 12.0 0.0000 0.3325 41.34 0.0628 0.0000 0.0000
-101.2500 -69.2130 0.4009 0.2429 0.3561 0.00000 6.875 1500.0 12.0 0.0000 0.1247 16.32 0.0628 0.0000 0.0000
-95.6250 -69.2130 0.4328 0.2324 0.3348 0.00000 7.004 1500.0 12.0 0.0000 0.0568 10.00 0.0628 0.0000 0.0000
-90.0000 -69.2130 0.4874 0.2094 0.3032 0.00000 7.026 1500.0 12.0 0.0000 0.0446 10.00 0.0628 0.0000 0.0000
-84.3750 -69.2130 0.5098 0.2018 0.2884 0.00000 7.370 1500.0 12.0 0.0000 0.0797 10.00 0.0628 0.0000 0.0000
-78.7500 -69.2130 0.4307 0.2636 0.3057 0.00000 8.152 1500.0 12.0 0.0000 0.0851 10.68 0.0628 0.0000 0.0000
-73.1250 -69.2130 0.5471 0.1781 0.2748 0.00000 7.249 1500.0 12.0 0.0000 0.1393 16.22 0.0628 0.0000 0.0001
-67.5000 -69.2130 0.5730 0.1533 0.2737 0.00000 7.111 1499.9 12.0 0.0000 0.2119 24.33 0.0628 0.0000 0.0005
-61.8750 -69.2130 0.5102 0.2129 0.2769 0.00000 7.591 1500.0 12.0 0.0000 0.2264 26.89 0.0628 0.0000 0.0000
-56.2500 -69.2130 0.5616 0.1754 0.2630 0.00000 7.149 1500.0 12.0 0.0000 0.2218 25.44 0.0628 0.0000 0.0000
-50.6250 -69.2130 0.4496 0.2353 0.3151 0.00000 7.703 1500.0 12.0 0.0000 0.0875 10.94 0.0628 0.0000 0.0000
-45.0000 -69.2130 0.3855 0.2816 0.3330 0.00000 7.963 1500.0 12.0 0.0000 0.0400 10.00 0.0628 0.0000 0.0000
-39.3750 -69.2130 0.4444 0.2403 0.3153 0.00000 7.579 1500.0 12.0 0.0000 0.0792 10.00 0.0628 0.0000 0.0000
-33.7500 -69.2130 0.4607 0.2319 0.3074 0.00000 7.525 1500.0 12.0 0.0000 0.0763 10.00 0.0628 0.0000 0.0000
-28.1250 -69.2130 0.4826 0.2186 0.2987 0.00000 7.191 1500.0 12.0 0.0000 0.1177 14.36 0.0729 0.0000 0.0000
-22.5000 -69.2130 0.5026 0.2090 0.2884 0.00000 7.374 1500.0 12.0 0.0000 0.1897 22.77 0.0783 0.0000 0.0000
-16.8750 -69.2130 0.4045 0.2407 0.3547 0.00000 7.224 1499.7 12.0 0.0000 0.1719 22.46 0.0746 0.0002 0.0014
-11.2500 -69.2130 0.4424 0.2289 0.3287 0.00000 7.236 1500.0 12.0 0.0000 0.0542 10.00 0.0628 0.0000 0.0001
0.0000 -74.7445 0.4453 0.2250 0.3296 0.00000 7.339 1500.0 12.0 0.0000 0.0476 10.00 0.0628 0.0000 0.0001
5.6250 -74.7445 0.4184 0.2432 0.3384 0.00000 7.544 1500.0 12.0 0.0000 0.0590 10.00 0.0628 0.0000 0.0000
16.8750 -74.7445 0.4334 0.2259 0.3407 0.00000 7.181 1500.0 12.0 0.0000 0.0977 12.49 0.0628 0.0000 0.0001
22.5000 -74.7445 0.3771 0.2646 0.3584 0.00000 7.552 1500.0 12.0 0.0000 0.0830 11.00 0.0628 0.0000 0.0000
28.1250 -74.7445 0.4455 0.2201 0.3344 0.00000 6.966 1500.0 12.0 0.0000 0.0967 12.25 0.0628 0.0000 0.0001
33.7500 -74.7445 0.4616 0.2032 0.3352 0.00000 6.972 1500.0 12.0 0.0000 0.1945 24.46 0.0628 0.0000 0.0003
39.3750 -74.7445 0.4591 0.2152 0.3257 0.00000 7.401 1500.0 12.0 0.0000 0.2847 35.66 0.0628 0.0000 0.0001
45.0000 -74.7445 0.4274 0.2376 0.3350 0.00000 7.625 1500.0 12.0 0.0000 0.3088 39.47 0.0628 0.0000 0.0001
50.6250 -74.7445 0.4511 0.2336 0.3154 0.00000 7.674 1500.0 12.0 0.0000 0.1757 21.96 0.0628 0.0000 0.0000
56.2500 -74.7445 0.4462 0.2378 0.3161 0.00000 7.729 1500.0 12.0 0.0000 0.1205 15.10 0.0628 0.0000 0.0000
61.8750 -74.7445 0.3469 0.2954 0.3577 0.00000 8.498 1500.0 12.0 0.0000 0.0915 12.29 0.0628 0.0000 0.0000
67.5000 -74.7445 0.3806 0.2720 0.3475 0.00000 8.097 1500.0 12.0 0.0000 0.1402 18.43 0.0628 0.0000 0.0000
73.1250 -74.7445 0.3616 0.2827 0.3558 0.00000 8.214 1500.0 12.0 0.0000 0.1260 16.78 0.0628 0.0000 0.0000
78.7500 -74.7445 0.3456 0.2881 0.3664 0.00000 8.115 1500.0 12.0 0.0000 0.1330 17.94 0.0628 0.0000 0.0000
84.3750 -74.7445 0.3265 0.2970 0.3765 0.00000 8.180 1500.0 12.0 0.0000 0.1468 20.07 0.0628 0.0000 0.0000
90.0000 -74.7445 0.4931 0.2001 0.3068 0.00000 6.847 1500.0 12.0 0.0000 0.2186 26.65 0.0628 0.0000 0.0000
95.6250 -74.7445 0.4272 0.2276 0.3453 0.00000 6.868 1500.0 12.0 0.0000 0.2715 34.90 0.0628 0.0000 0.0000
101.2500 -74.7445 0.3882 0.2517 0.3601 0.00000 7.251 1500.0 12.0 0.0000 0.2443 32.23 0.0628 0.0000 0.0000
106.8750 -74.7445 0.4145 0.2456 0.3399 0.00000 7.825 1500.0 12.0 0.0000 0.1922 24.79 0.0628 0.0000 0.0002
112.5000 -74.7445 0.5167 0.1710 0.3123 0.00000 7.069 1499.9 12.0 0.0000 0.2101 25.39 0.0628 0.0001 0.0007
146.2500 -74.7445 0.4563 0.2166 0.3271 0.00000 7.198 1500.0 12.0 0.0000 0.0769 10.00 0.0628 0.0000 0.0002
151.8750 -74.7445 0.4680 0.2064 0.3255 0.00000 7.212 1500.0 12.0 0.0000 0.0795 10.00 0.0628 0.0000 0.0004
157.5000 -74.7445 0.4353 0.2218 0.3429 0.00000 7.604 1499.9 12.0 0.0000 0.0762 10.00 0.0628 0.0001 0.0007
163.1250 -74.7445 0.5024 0.1990 0.2986 0.00000 7.513 1500.0 12.0 0.0000 0.0895 10.81 0.0628 0.0000 0.0003
168.7500 -74.7445 0.5177 0.1992 0.2831 0.00000 7.760 1500.0 12.0 0.0000 0.1024 12.17 0.0628 0.0000 0.0000
174.3750 -74.7445 0.5473 0.1811 0.2716 0.00000 7.295 1500.0 12.0 0.0000 0.1131 13.14 0.0628 0.0000 0.0000
180.0000 -74.7445 0.4574 0.2328 0.3098 0.00000 7.725 1500.0 12.0 0.0000 0.0945 11.75 0.0628 0.0000 0.0000
-174.3750 -74.7445 0.4097 0.2601 0.3303 0.00000 7.842 1500.0 12.0 0.0000 0.0998 12.83 0.0628 0.0000 0.0000
-168.7500 -74.7445 0.4497 0.2333 0.3170 0.00000 7.337 1500.0 12.0 0.0000 0.1086 13.60 0.0628 0.0000 0.0000
-163.1250 -74.7445 0.4817 0.2125 0.3058 0.00000 6.987 1500.0 12.0 0.0000 0.1261 15.45 0.0628 0.0000 0.0000
-157.5000 -74.7445 0.4747 0.2129 0.3124 0.00000 6.857 1500.0 12.0 0.0000 0.0926 11.43 0.0628 0.0000 0.0000
-151.8750 -74.7445 0.3813 0.2668 0.3519 0.00000 7.716 1500.0 12.0 0.0000 0.0604 10.00 0.0628 0.0000 0.0000
-146.2500 -74.7445 0.3820 0.2622 0.3558 0.00000 7.528 1500.0 12.0 0.0000 0.0469 10.00 0.0628 0.0000 0.0000
-140.6250 -74.7445 0.3479 0.2818 0.3703 0.00000 7.852 1500.0 12.0 0.0000 0.0418 10.00 0.0628 0.0000 0.0000
-135.0000 -74.7445 0.3006 0.3165 0.3829 0.00000 8.719 1500.0 12.0 0.0000 0.0438 10.00 0.0628 0.0000 0.0000
-129.3750 -74.7445 0.2789 0.3341 0.3870 0.00000 9.208 1500.0 12.0 0.0000 0.0515 10.00 0.0628 0.0000 0.0000
-123.7500 -74.7445 0.2750 0.3372 0.3878 0.00000 9.295 1500.0 12.0 0.0000 0.0582 10.00 0.0628 0.0000 0.0000
-118.1250 -74.7445 0.2849 0.3313 0.3839 0.00000 9.187 1500.0 12.0 0.0000 0.0709 10.00 0.0628 0.0000 0.0000
-112.5000 -74.7445 0.3156 0.3127 0.3717 0.00000 8.846 1500.0 12.0 0.0000 0.0914 12.52 0.0628 0.0000 0.0000
-106.8750 -74.7445 0.3481 0.2910 0.3609 0.00000 8.368 1500.0 12.0 0.0000 0.1193 16.04 0.0628 0.0000 0.0000
-101.2500 -74.7445 0.3366 0.2988 0.3646 0.00000 8.547 1500.0 12.0 0.0000 0.1479 20.02 0.0628 0.0000 0.0000
-95.6250 -74.7445 0.3316 0.3031 0.3654 0.00000 8.671 1500.0 12.0 0.0000 0.0815 11.06 0.0628 0.0000 0.0000
-90.0000 -74.7445 0.4094 0.2563 0.3344 0.00000 7.798 1500.0 12.0 0.0000 0.0625 10.00 0.0628 0.0000 0.0000
-84.3750 -74.7445 0.3550 0.2901 0.3549 0.00000 8.399 1500.0 12.0 0.0000 0.0542 10.00 0.0628 0.0000 0.0000
-78.7500 -74.7445 0.3972 0.2657 0.3371 0.00000 7.919 1500.0 12.0 0.0000 0.0593 10.00 0.0628 0.0000 0.0000
-73.1250 -74.7445 0.4834 0.2115 0.3051 0.00000 6.969 1500.0 12.0 0.0000 0.0773 10.00 0.0628 0.0000 0.0000
-67.5000 -74.7445 0.4709 0.2193 0.3098 0.00000 7.107 1500.0 12.0 0.0000 0.1016 12.55 0.0628 0.0000 0.0000
-61.8750 -74.7445 0.4940 0.2051 0.3009 0.00000 6.851 1500.0 12.0 0.0000 0.1216 14.77 0.0628 0.0000 0.0000
-56.2500 -74.7445 0.3923 0.2665 0.3413 0.00000 7.990 1500.0 12.0 0.0000 0.0777 10.13 0.0628 0.0000 0.0000
-50.6250 -74.7445 0.2764 0.3371 0.3865 0.00000 9.154 1500.0 12.0 0.0000 0.0567 10.00 0.0628 0.0000 0.0000
-45.0000 -74.7445 0.3287 0.3067 0.3646 0.00000 8.412 1500.0 12.0 0.0000 0.0498 10.00 0.0628 0.0000 0.0000
-39.3750 -74.7445 0.3874 0.2765 0.3362 0.00000 7.984 1500.0 12.0 0.0000 0.0495 10.00 0.0628 0.0000 0.0000
-33.7500 -74.7445 0.4147 0.2587 0.3266 0.00000 7.694 1500.0 12.0 0.0000 0.0376 10.00 0.0628 0.0000 0.0000
-28.1250 -74.7445 0.4878 0.2155 0.2966 0.00000 7.422 1500.0 12.0 0.0000 0.0700 10.00 0.0628 0.0000 0.0000
-22.5000 -74.7445 0.5288 0.1953 0.2759 0.00000 7.605 1500.0 12.0 0.0000 0.0861 10.12 0.0628 0.0000 0.0000
-16.8750 -74.7445 0.4496 0.2169 0.3334 0.00000 7.266 1500.0 12.0 0.0000 0.0783 10.00 0.0628 0.0000 0.0004
-11.2500 -74.7445 0.4394 0.2230 0.3377 0.00000 7.191 1500.0 12.0 0.0000 0.0628 10.00 0.0628 0.0000 0.0001
-5.6250 -74.7445 0.4303 0.2300 0.3397 0.00000 7.406 1500.0 12.0 0.0000 0.0533 10.00 0.0628 0.0000 0.0003
0.0000 -80.2688 0.3833 0.2679 0.3488 0.00000 7.929 1500.0 12.0 0.0000 0.0586 10.00 0.0628 0.0000 0.0000
5.6250 -80.2688 0.4290 0.2349 0.3362 0.00000 7.402 1500.0 12.0 0.0000 0.0643 10.00 0.0628 0.0000 0.0000
11.2500 -80.2688 0.4911 0.2025 0.3064 0.00000 7.155 1500.0 12.0 0.0000 0.0665 10.00 0.0628 0.0000 0.0000
16.8750 -80.2688 0.4660 0.2289 0.3051 0.00000 7.499 1500.0 12.0 0.0000 0.0597 10.00 0.0628 0.0000 0.0000
22.5000 -80.2688 0.5215 0.1937 0.2849 0.00000 7.140 1500.0 12.0 0.0000 0.0685 10.00 0.0628 0.0000 0.0000
28.1250 -80.2688 0.4976 0.2038 0.2986 0.00000 7.128 1500.0 12.0 0.0000 0.0911 11.03 0.0628 0.0000 0.0000
33.7500 -80.2688 0.5427 0.1832 0.2741 0.00000 7.063 1500.0 12.0 0.0000 0.1194 13.92 0.0628 0.0000 0.0000
39.3750 -80.2688 0.4368 0.2540 0.3092 0.00000 7.977 1500.0 12.0 0.0000 0.0929 11.66 0.0628 0.0000 0.0000
45.0000 -80.2688 0.4179 0.2589 0.3232 0.00000 7.794 1500.0 12.0 0.0000 0.0609 10.00 0.0628 0.0000 0.0000
50.6250 -80.2688 0.3650 0.2911 0.3439 0.00000 8.231 1500.0 12.0 0.0000 0.0524 10.00 0.0628 0.0000 0.0000
56.2500 -80.2688 0.3444 0.3035 0.3521 0.00000 8.462 1500.0 12.0 0.0000 0.0513 10.00 0.0628 0.0000 0.0000
61.8750 -80.2688 0.3631 0.2965 0.3404 0.00000 8.218 1500.0 12.0 0.0000 0.0660 10.00 0.0628 0.0000 0.0000
67.5000 -80.2688 0.4440 0.2365 0.3195 0.00000 7.401 1500.0 12.0 0.0000 0.0870 10.93 0.0628 0.0000 0.0000
73.1250 -80.2688 0.4644 0.2231 0.3125 0.00000 7.181 1500.0 12.0 0.0000 0.0996 12.35 0.0628 0.0000 0.0000
78.7500 -80.2688 0.4985 0.2024 0.2991 0.00000 6.800 1500.0 12.0 0.0000 0.1083 13.11 0.0628 0.0000 0.0000
84.3750 -80.2688 0.4947 0.2047 0.3005 0.00000 6.838 1500.0 12.0 0.0000 0.1073 13.02 0.0628 0.0000 0.0000
90.0000 -80.2688 0.4981 0.2025 0.2994 0.00000 6.800 1500.0 12.0 0.0000 0.1003 12.14 0.0628 0.0000 0.0000
95.6250 -80.2688 0.5426 0.1785 0.2789 0.00000 6.719 1500.0 12.0 0.0000 0.1747 20.44 0.0628 0.0000 0.0000
101.2500 -80.2688 0.6032 0.1463 0.2505 0.00000 6.722 1500.0 12.0 0.0000 0.2874 32.00 0.0628 0.0000 0.0000
106.8750 -80.2688 0.5695 0.1686 0.2619 0.00000 7.332 1500.0 12.0 0.0000 0.2953 33.71 0.0628 0.0000 0.0000
112.5000 -80.2688 0.6496 0.1222 0.2282 0.00000 6.751 1500.0 12.0 0.0000 0.3248 34.75 0.0628 0.0000 0.0000
118.1250 -80.2688 0.5448 0.1793 0.2759 0.00000 7.307 1500.0 12.0 0.0000 0.2292 26.73 0.0628 0.0000 0.0001
123.7500 -80.2688 0.5076 0.1850 0.3074 0.00000 7.396 1499.9 12.0 0.0000 0.1910 23.12 0.0628 0.0000 0.0006
129.3750 -80.2688 0.4945 0.1934 0.3121 0.00000 7.455 1499.9 12.0 0.0000 0.1785 21.81 0.0628 0.0000 0.0005
135.0000 -80.2688 0.4375 0.2266 0.3360 0.00000 7.920 1499.9 12.0 0.0000 0.1345 17.12 0.0628 0.0000 0.0006
140.6250 -80.2688 0.4628 0.2119 0.3253 0.00000 7.773 1499.9 12.0 0.0000 0.1342 16.77 0.0628 0.0000 0.0006
146.2500 -80.2688 0.4937 0.2035 0.3028 0.00000 7.448 1500.0 12.0 0.0000 0.1227 14.92 0.0628 0.0000 0.0001
151.8750 -80.2688 0.4949 0.2118 0.2933 0.00000 7.766 1500.0 12.0 0.0000 0.1339 16.17 0.0628 0.0000 0.0000
157.5000 -80.2688 0.5605 0.1735 0.2660 0.00000 7.393 1500.0 12.0 0.0000 0.1684 19.37 0.0628 0.0000 0.0000
163.1250 -80.2688 0.5678 0.1693 0.2629 0.00000 7.379 1500.0 12.0 0.0000 0.1889 21.60 0.0628 0.0000 0.0000
168.7500 -80.2688 0.5043 0.2059 0.2898 0.00000 7.812 1500.0 12.0 0.0000 0.1888 22.66 0.0628 0.0000 0.0000
174.3750 -80.2688 0.4707 0.2245 0.3047 0.00000 7.959 1500.0 12.0 0.0000 0.2083 25.63 0.0628 0.0000 0.0000
180.0000 -80.2688 0.4279 0.2465 0.3256 0.00000 7.835 1500.0 12.0 0.0000 0.1570 19.96 0.0628 0.0000 0.0000
-174.3750 -80.2688 0.3792 0.2744 0.3464 0.00000 8.154 1500.0 12.0 0.0000 0.1521 20.00 0.0628 0.0000 0.0000
-168.7500 -80.2688 0.3715 0.2789 0.3495 0.00000 8.223 1500.0 12.0 0.0000 0.1809 23.91 0.0628 0.0000 0.0000
-163.1250 -80.2688 0.3359 0.3004 0.3637 0.00000 8.622 1500.0 12.0 0.0000 0.1603 21.69 0.0628 0.0000 0.0000
-157.5000 -80.2688 0.2658 0.3427 0.3914 0.00000 9.406 1500.0 12.0 0.0000 0.1077 15.24 0.0628 0.0000 0.0000
-151.8750 -80.2688 0.2788 0.3349 0.3863 0.00000 9.260 1500.0 12.0 0.0000 0.0772 10.83 0.0628 0.0000 0.0000
-146.2500 -80.2688 0.2592 0.3467 0.3940 0.00000 9.478 1500.0 12.0 0.0000 0.0591 10.00 0.0628 0.0000 0.0000
-140.6250 -80.2688 0.2494 0.3526 0.3980 0.00000 9.500 1500.0 12.0 0.0000 0.0507 10.00 0.0628 0.0000 0.0000
-135.0000 -80.2688 0.2575 0.3466 0.3959 0.00000 9.430 1500.0 12.0 0.0000 0.0487 10.00 0.0628 0.0000 0.0000
-129.3750 -80.2688 0.2501 0.3521 0.3978 0.00000 9.500 1500.0 12.0 0.0000 0.0505 10.00 0.0628 0.0000 0.0000
-123.7500 -80.2688 0.2488 0.3530 0.3981 0.00000 9.500 1500.0 12.0 0.0000 0.0571 10.00 0.0628 0.0000 0.0000
-118.1250 -80.2688 0.2488 0.3530 0.3981 0.00000 9.500 1500.0 12.0 0.0000 0.0690 10.00 0.0628 0.0000 0.0000
-112.5000 -80.2688 0.2488 0.3530 0.3981 0.00000 9.500 1500.0 12.0 0.0000 0.0870 12.44 0.0628 0.0000 0.0000
-106.8750 -80.2688 0.2488 0.3530 0.3981 0.00000 9.500 1500.0 12.0 0.0000 0.1116 15.95 0.0628 0.0000 0.0000
-101.2500 -80.2688 0.2529 0.3505 0.3965 0.00000 9.500 1500.0 12.0 0.0000 0.1447 20.63 0.0628 0.0000 0.0000
-95.6250 -80.2688 0.2583 0.3473 0.3944 0.00000 9.491 1500.0 12.0 0.0000 0.1970 28.00 0.0628 0.0000 0.0000
-90.0000 -80.2688 0.3186 0.3109 0.3705 0.00000 8.817 1500.0 12.0 0.0000 0.2213 30.27 0.0628 0.0000 0.0000
-84.3750 -80.2688 0.3367 0.3000 0.3634 0.00000 8.615 1500.0 12.0 0.0000 0.1554 21.02 0.0628 0.0000 0.0000
-78.7500 -80.2688 0.3067 0.3180 0.3754 0.00000 8.945 1500.0 12.0 0.0000 0.1267 17.46 0.0628 0.0000 0.0000
-73.1250 -80.2688 0.2877 0.3289 0.3834 0.00000 9.129 1500.0 12.0 0.0000 0.1192 16.63 0.0628 0.0000 0.0000
-67.5000 -80.2688 0.3127 0.3128 0.3745 0.00000 8.790 1500.0 12.0 0.0000 0.1343 18.46 0.0628 0.0000 0.0000
-61.8750 -80.2688 0.3162 0.3105 0.3733 0.00000 8.743 1500.0 12.0 0.0000 0.1849 25.36 0.0628 0.0000 0.0000
-56.2500 -80.2688 0.3129 0.3087 0.3784 0.00000 8.571 1500.0 12.0 0.0000 0.1410 19.42 0.0628 0.0000 0.0000
-50.6250 -80.2688 0.2917 0.3217 0.3867 0.00000 8.797 1500.0 12.0 0.0000 0.1161 16.21 0.0628 0.0000 0.0000
-45.0000 -80.2688 0.3916 0.2609 0.3475 0.00000 7.648 1500.0 12.0 0.0000 0.0851 11.14 0.0628 0.0000 0.0000
-39.3750 -80.2688 0.4622 0.2231 0.3146 0.00000 7.113 1500.0 12.0 0.0000 0.0543 10.00 0.0628 0.0000 0.0000
-33.7500 -80.2688 0.4224 0.2487 0.3288 0.00000 7.638 1500.0 12.0 0.0000 0.0382 10.00 0.0628 0.0000 0.0000
-28.1250 -80.2688 0.3765 0.2831 0.3404 0.00000 8.110 1500.0 12.0 0.0000 0.0297 10.00 0.0628 0.0000 0.0000
-22.5000 -80.2688 0.4009 0.2684 0.3307 0.00000 7.950 1500.0 12.0 0.0000 0.0336 10.00 0.0628 0.0000 0.0000
-16.8750 -80.2688 0.4998 0.2085 0.2918 0.00000 7.596 1500.0 12.0 0.0000 0.0607 10.00 0.0628 0.0000 0.0000
-11.2500 -80.2688 0.4589 0.2316 0.3095 0.00000 7.665 1500.0 12.0 0.0000 0.0485 10.00 0.0628 0.0000 0.0000
-5.6250 -80.2688 0.4782 0.2149 0.3069 0.00000 7.373 1500.0 12.0 0.0000 0.0708 10.00 0.0628 0.0000 0.0000
0.0000 -85.7606 0.3439 0.2994 0.3567 0.00000 8.373 1500.0 12.0 0.0000 0.0253 10.00 0.0628 0.0000 0.0000
5.6250 -85.7606 0.4123 0.2552 0.3325 0.00000 7.662 1500.0 12.0 0.0000 0.0257 10.00 0.0628 0.0000 0.0000
11.2500 -85.7606 0.3751 0.2826 0.3422 0.00000 8.046 1500.0 12.0 0.0000 0.0258 10.00 0.0628 0.0000 0.0000
16.8750 -85.7606 0.3640 0.2881 0.3479 0.00000 8.182 1500.0 12.0 0.0000 0.0264 10.00 0.0628 0.0000 0.0000
22.5000 -85.7606 0.3543 0.2956 0.3501 0.00000 8.253 1500.0 12.0 0.0000 0.0275 10.00 0.0628 0.0000 0.0000
28.1250 -85.7606 0.3429 0.3024 0.3546 0.00000 8.342 1500.0 12.0 0.0000 0.0295 10.00 0.0628 0.0000 0.0000
33.7500 -85.7606 0.3063 0.3186 0.3751 0.00000 8.911 1500.0 12.0 0.0000 0.0323 10.00 0.0628 0.0000 0.0000
39.3750 -85.7606 0.3055 0.3196 0.3748 0.00000 8.939 1500.0 12.0 0.0000 0.0294 10.00 0.0628 0.0000 0.0000
45.0000 -85.7606 0.2991 0.3256 0.3753 0.00000 8.983 1500.0 12.0 0.0000 0.0339 10.00 0.0628 0.0000 0.0000
50.6250 -85.7606 0.3103 0.3161 0.3736 0.00000 8.852 1500.0 12.0 0.0000 0.0412 10.00 0.0628 0.0000 0.0000
56.2500 -85.7606 0.3352 0.3056 0.3592 0.00000 8.591 1500.0 12.0 0.0000 0.0514 10.00 0.0628 0.0000 0.0000
61.8750 -85.7606 0.3969 0.2636 0.3395 0.00000 7.939 1500.0 12.0 0.0000 0.0692 10.00 0.0628 0.0000 0.0000
67.5000 -85.7606 0.4130 0.2539 0.3331 0.00000 7.759 1500.0 12.0 0.0000 0.0894 11.49 0.0628 0.0000 0.0000
73.1250 -85.7606 0.4032 0.2598 0.3370 0.00000 7.868 1500.0 12.0 0.0000 0.0709 10.00 0.0628 0.0000 0.0000
78.7500 -85.7606 0.3883 0.2688 0.3429 0.00000 8.035 1500.0 12.0 0.0000 0.0583 10.00 0.0628 0.0000 0.0000
84.3750 -85.7606 0.3728 0.2782 0.3490 0.00000 8.208 1500.0 12.0 0.0000 0.0492 10.00 0.0628 0.0000 0.0000
90.0000 -85.7606 0.3478 0.2932 0.3589 0.00000 8.488 1500.0 12.0 0.0000 0.0422 10.00 0.0628 0.0000 0.0000
95.6250 -85.7606 0.3231 0.3081 0.3687 0.00000 8.764 1500.0 12.0 0.0000 0.0367 10.00 0.0628 0.0000 0.0000
101.2500 -85.7606 0.2995 0.3224 0.3781 0.00000 9.028 1500.0 12.0 0.0000 0.0324 10.00 0.0628 0.0000 0.0000
106.8750 -85.7606 0.2856 0.3308 0.3836 0.00000 9.184 1500.0 12.0 0.0000 0.0290 10.00 0.0628 0.0000 0.0000
112.5000 -85.7606 0.3124 0.3147 0.3729 0.00000 8.905 1500.0 12.0 0.0000 0.0285 10.00 0.0628 0.0000 0.0000
118.1250 -85.7606 0.3653 0.2848 0.3499 0.00000 8.617 1500.0 12.0 0.0000 0.0466 10.00 0.0628 0.0000 0.0000
123.7500 -85.7606 0.3193 0.3118 0.3689 0.00000 9.021 1500.0 12.0 0.0000 0.0358 10.00 0.0628 0.0000 0.0000
129.3750 -85.7606 0.2497 0.3525 0.3978 0.00000 9.500 1500.0 12.0 0.0000 0.0206 10.00 0.0628 0.0000 0.0000
135.0000 -85.7606 0.2516 0.3514 0.3970 0.00000 9.500 1500.0 12.0 0.0000 0.0206 10.00 0.0628 0.0000 0.0000
140.6250 -85.7606 0.2484 0.3540 0.3976 0.00000 9.500 1500.0 12.0 0.0000 0.0200 10.00 0.0628 0.0000 0.0000
146.2500 -85.7606 0.2486 0.3535 0.3978 0.00000 9.500 1500.0 12.0 0.0000 0.0200 10.00 0.0628 0.0000 0.0000
151.8750 -85.7606 0.2489 0.3529 0.3981 0.00000 9.500 1500.0 12.0 0.0000 0.0200 10.00 0.0628 0.0000 0.0000
157.5000 -85.7606 0.2527 0.3507 0.3967 0.00000 9.500 1500.0 12.0 0.0000 0.0200 10.00 0.0628 0.0000 0.0000
163.1250 -85.7606 0.2545 0.3496 0.3959 0.00000 9.500 1500.0 12.0 0.0000 0.0200 10.00 0.0628 0.0000 0.0000
168.7500 -85.7606 0.2557 0.3489 0.3955 0.00000 9.500 1500.0 12.0 0.0000 0.0200 10.00 0.0628 0.0000 0.0000
174.3750 -85.7606 0.2489 0.3530 0.3981 0.00000 9.500 1500.0 12.0 0.0000 0.0200 10.00 0.0628 0.0000 0.0000
180.0000 -85.7606 0.2489 0.3529 0.3981 0.00000 9.500 1500.0 12.0 0.0000 0.0200 10.00 0.0628 0.0000 0.0000
-174.3750 -85.7606 0.2524 0.3508 0.3968 0.00000 9.500 1500.0 12.0 0.0000 0.0200 10.00 0.0628 0.0000 0.0000
-168.7500 -85.7606 0.2531 0.3504 0.3965 0.00000 9.500 1500.0 12.0 0.0000 0.0200 10.00 0.0628 0.0000 0.0000
-163.1250 -85.7606 0.2496 0.3525 0.3979 0.00000 9.500 1500.0 12.0 0.0000 0.0200 10.00 0.0628 0.0000 0.0000
-157.5000 -85.7606 0.2489 0.3530 0.3981 0.00000 9.500 1500.0 12.0 0.0000 0.0200 10.00 0.0628 0.0000 0.0000
-151.8750 -85.7606 0.2489 0.3530 0.3981 0.00000 9.500 1500.0 12.0 0.0000 0.0200 10.00 0.0628 0.0000 0.0000
-146.2500 -85.7606 0.2489 0.3530 0.3981 0.00000 9.500 1500.0 12.0 0.0000 0.0200 10.00 0.0628 0.0000 0.0000
-140.6250 -85.7606 0.2489 0.3530 0.3981 0.00000 9.500 1500.0 12.0 0.0000 0.0200 10.00 0.0628 0.0000 0.0000
-135.0000 -85.7606 0.2489 0.3530 0.3981 0.00000 9.500 1500.0 12.0 0.0000 0.0200 10.00 0.0628 0.0000 0.0000
-129.3750 -85.7606 0.2489 0.3530 0.3981 0.00000 9.500 1500.0 12.0 0.0000 0.0200 10.00 0.0628 0.0000 0.0000
-123.7500 -85.7606 0.2489 0.3530 0.3981 0.00000 9.500 1500.0 12.0 0.0000 0.0200 10.00 0.0628 0.0000 0.0000
-118.1250 -85.7606 0.2489 0.3530 0.3981 0.00000 9.500 1500.0 12.0 0.0000 0.0200 10.00 0.0628 0.0000 0.0000
-112.5000 -85.7606 0.2497 0.3525 0.3978 0.00000 9.500 1500.0 12.0 0.0000 0.0200 10.00 0.0628 0.0000 0.0000
-106.8750 -85.7606 0.2489 0.3530 0.3981 0.00000 9.500 1500.0 12.0 0.0000 0.0200 10.00 0.0628 0.0000 0.0000
-101.2500 -85.7606 0.2489 0.3530 0.3981 0.00000 9.500 1500.0 12.0 0.0000 0.0200 10.00 0.0628 0.0000 0.0000
-95.6250 -85.7606 0.2489 0.3530 0.3981 0.00000 9.500 1500.0 12.0 0.0000 0.0200 10.00 0.0628 0.0000 0.0000
-90.0000 -85.7606 0.2496 0.3525 0.3978 0.00000 9.500 1500.0 12.0 0.0000 0.0200 10.00 0.0628 0.0000 0.0000
-84.3750 -85.7606 0.2489 0.3530 0.3981 0.00000 9.500 1500.0 12.0 0.0000 0.0200 10.00 0.0628 0.0000 0.0000
-78.7500 -85.7606 0.2520 0.3507 0.3973 0.00000 9.500 1500.0 12.0 0.0000 0.0200 10.00 0.0628 0.0000 0.0000
-73.1250 -85.7606 0.2489 0.3530 0.3981 0.00000 9.500 1500.0 12.0 0.0000 0.0201 10.00 0.0628 0.0000 0.0000
-67.5000 -85.7606 0.2491 0.3528 0.3981 0.00000 9.500 1500.0 12.0 0.0000 0.0221 10.00 0.0628 0.0000 0.0000
-61.8750 -85.7606 0.2569 0.3471 0.3961 0.00000 9.444 1500.0 12.0 0.0000 0.0248 10.00 0.0628 0.0000 0.0000
-56.2500 -85.7606 0.2624 0.3430 0.3946 0.00000 9.342 1500.0 12.0 0.0000 0.0284 10.00 0.0628 0.0000 0.0000
-50.6250 -85.7606 0.2765 0.3326 0.3909 0.00000 9.080 1500.0 12.0 0.0000 0.0336 10.00 0.0628 0.0000 0.0000
-45.0000 -85.7606 0.3088 0.3087 0.3824 0.00000 8.478 1500.0 12.0 0.0000 0.0412 10.00 0.0628 0.0000 0.0000
-39.3750 -85.7606 0.2976 0.3175 0.3849 0.00000 8.680 1500.0 12.0 0.0000 0.0513 10.00 0.0628 0.0000 0.0000
-33.7500 -85.7606 0.3374 0.2914 0.3711 0.00000 8.156 1500.0 12.0 0.0000 0.0404 10.00 0.0628 0.0000 0.0000
-28.1250 -85.7606 0.3915 0.2588 0.3497 0.00000 7.549 1500.0 12.0 0.0000 0.0403 10.00 0.0628 0.0000 0.0000
-22.5000 -85.7606 0.3835 0.2655 0.3510 0.00000 7.744 1500.0 12.0 0.0000 0.0332 10.00 0.0628 0.0000 0.0000
-16.8750 -85.7606 0.3454 0.2952 0.3594 0.00000 8.301 1500.0 12.0 0.0000 0.0283 10.00 0.0628 0.0000 0.0000
-11.2500 -85.7606 0.3584 0.2865 0.3551 0.00000 8.061 1500.0 12.0 0.0000 0.0263 10.00 0.0628 0.0000 0.0000
-5.6250 -85.7606 0.3307 0.3058 0.3635 0.00000 8.422 1500.0 12.0 0.0000 0.0253 10.00 0.0628 0.0000 0.0000
