Lon Lat sand clay silt orgc ph bulkdensity cn soilc depth awc bedrockfrac
0.0000 87.8638 0.5169 0.1931 0.2900 0.00000 6.762 1500.0 12.0 0.0000 0.3053 36.42 0.0628
2.8125 87.8638 0.5082 0.1974 0.2944 0.00000 6.780 1500.0 12.0 0.0000 0.3071 36.89 0.0628
5.6250 87.8638 0.4982 0.2024 0.2994 0.00000 6.800 1500.0 12.0 0.0000 0.3087 37.37 0.0628
8.4375 87.8638 0.5157 0.1937 0.2906 0.00000 6.765 1500.0 12.0 0.0000 0.3468 41.41 0.0628
11.2500 87.8638 0.5071 0.1980 0.2950 0.00000 6.782 1500.0 12.0 0.0000 0.3515 42.26 0.0628
14.0625 87.8638 0.5240 0.1895 0.2865 0.00000 6.748 1500.0 12.0 0.0000 0.3967 47.06 0.0628
16.8750 87.8638 0.4961 0.2052 0.2986 0.00000 6.964 1500.0 12.0 0.0000 0.3966 48.04 0.0628
19.6875 87.8638 0.4709 0.2188 0.3103 0.00000 7.105 1500.0 12.0 0.0000 0.3931 48.54 0.0628
22.5000 87.8638 0.5313 0.1859 0.2828 0.00000 6.733 1500.0 12.0 0.0000 0.4873 57.47 0.0628
25.3125 87.8638 0.4872 0.2105 0.3023 0.00000 7.056 1500.0 12.0 0.0000 0.4740 57.80 0.0628
28.1250 87.8638 0.4203 0.2493 0.3304 0.00000 7.672 1500.0 12.0 0.0000 0.4679 59.85 0.0628
36.5625 87.8638 0.4503 0.2312 0.3185 0.00000 7.336 1500.0 12.0 0.0000 0.6198 77.64 0.0628
39.3750 87.8638 0.4044 0.2589 0.3368 0.00000 7.851 1500.0 12.0 0.0000 0.6733 87.06 0.0628
42.1875 87.8638 0.3698 0.2898 0.3404 0.00000 8.158 1500.0 12.0 0.0000 0.7249 95.43 0.0628
47.8125 87.8638 0.4539 0.2291 0.3171 0.00000 7.296 1500.0 12.0 0.0000 0.8394 104.89 0.0628
50.6250 87.8638 0.4104 0.2647 0.3249 0.00000 7.708 1500.0 12.0 0.0000 0.8048 103.11 0.0628
53.4375 87.8638 0.4407 0.2370 0.3223 0.00000 7.444 1500.0 12.0 0.0000 0.8427 106.28 0.0628
56.2500 87.8638 0.4381 0.2427 0.3191 0.00000 7.439 1500.0 12.0 0.0000 0.8247 103.96 0.0628
59.0625 87.8638 0.3845 0.2708 0.3446 0.00000 8.073 1500.0 12.0 0.0000 0.7981 104.60 0.0628
61.8750 87.8638 0.4280 0.2471 0.3249 0.00000 7.801 1500.0 12.0 0.0000 0.8525 108.32 0.0628
64.6875 87.8638 0.3541 0.2911 0.3548 0.00000 8.580 1500.0 12.0 0.0000 0.7779 103.92 0.0628
67.5000 87.8638 0.3461 0.2972 0.3567 0.00000 8.782 1500.0 12.0 0.0000 0.7682 103.09 0.0628
70.3125 87.8638 0.3936 0.2672 0.3392 0.00000 8.132 1500.0 12.0 0.0000 0.7213 93.87 0.0628
73.1250 87.8638 0.3900 0.2693 0.3407 0.00000 8.166 1500.0 12.0 0.0000 0.6780 88.44 0.0628
75.9375 87.8638 0.3665 0.2830 0.3506 0.00000 8.381 1500.0 12.0 0.0000 0.6188 82.02 0.0628
78.7500 87.8638 0.3302 0.3094 0.3604 0.00000 8.635 1500.0 12.0 0.0000 0.5399 73.11 0.0628
81.5625 87.8638 0.3606 0.2983 0.3411 0.00000 8.237 1500.0 12.0 0.0000 0.5021 66.40 0.0628
84.3750 87.8638 0.3605 0.3008 0.3387 0.00000 8.333 1500.0 12.0 0.0000 0.4824 63.71 0.0628
87.1875 87.8638 0.3735 0.2844 0.3421 0.00000 8.231 1500.0 12.0 0.0000 0.4641 61.05 0.0628
90.0000 87.8638 0.3720 0.2761 0.3518 0.00000 8.075 1500.0 12.0 0.0000 0.4527 59.90 0.0628
92.8125 87.8638 0.3169 0.3202 0.3629 0.00000 8.446 1500.0 12.0 0.0000 0.4152 56.63 0.0628
95.6250 87.8638 0.2832 0.3427 0.3741 0.00000 8.671 1500.0 12.0 0.0000 0.3964 55.17 0.0628
98.4375 87.8638 0.2786 0.3463 0.3751 0.00000 9.169 1500.0 12.0 0.0000 0.3371 47.04 0.0628
101.2500 87.8638 0.2403 0.3694 0.3904 0.00000 9.500 1500.0 12.0 0.0000 0.3170 45.30 0.0628
104.0625 87.8638 0.2619 0.3526 0.3856 0.00000 9.387 1500.0 12.0 0.0000 0.3142 44.40 0.0628
106.8750 87.8638 0.2803 0.3379 0.3818 0.00000 9.208 1500.0 12.0 0.0000 0.3146 44.01 0.0628
109.6875 87.8638 0.2871 0.3392 0.3737 0.00000 9.088 1500.0 12.0 0.0000 0.3065 42.58 0.0628
112.5000 87.8638 0.3224 0.3170 0.3606 0.00000 8.700 1500.0 12.0 0.0000 0.3119 42.39 0.0628
115.3125 87.8638 0.3169 0.3107 0.3725 0.00000 8.778 1500.0 12.0 0.0000 0.3226 44.22 0.0628
118.1250 87.8638 0.3153 0.3113 0.3733 0.00000 8.776 1500.0 12.0 0.0000 0.3370 46.24 0.0628
120.9375 87.8638 0.3143 0.3188 0.3669 0.00000 8.556 1500.0 12.0 0.0000 0.3568 48.82 0.0628
123.7500 87.8638 0.4474 0.2313 0.3213 0.00000 7.278 1500.0 12.0 0.0000 0.3891 48.89 0.0628
126.5625 87.8638 0.4490 0.2277 0.3233 0.00000 7.091 1500.0 12.0 0.0000 0.4591 57.70 0.0628
129.3750 87.8638 0.4243 0.2469 0.3288 0.00000 7.627 1500.0 12.0 0.0000 0.4586 58.49 0.0628
132.1875 87.8638 0.4724 0.2178 0.3097 0.00000 7.090 1500.0 12.0 0.0000 0.5346 65.94 0.0628
135.0000 87.8638 0.4493 0.2318 0.3189 0.00000 7.348 1500.0 12.0 0.0000 0.6294 78.91 0.0628
137.8125 87.8638 0.4546 0.2286 0.3168 0.00000 7.290 1500.0 12.0 0.0000 0.7286 91.01 0.0628
140.6250 87.8638 0.4550 0.2284 0.3167 0.00000 7.284 1500.0 12.0 0.0000 0.6042 75.44 0.0628
143.4375 87.8638 0.4781 0.2144 0.3075 0.00000 7.026 1500.0 12.0 0.0000 0.5168 63.49 0.0628
146.2500 87.8638 0.4751 0.2163 0.3087 0.00000 7.060 1500.0 12.0 0.0000 0.4451 54.79 0.0628
149.0625 87.8638 0.4790 0.2139 0.3071 0.00000 7.016 1500.0 12.0 0.0000 0.3914 48.05 0.0628
151.8750 87.8638 0.4982 0.2023 0.2994 0.00000 6.800 1500.0 12.0 0.0000 0.3521 42.63 0.0628
154.6875 87.8638 0.4504 0.2312 0.3185 0.00000 7.336 1500.0 12.0 0.0000 0.3075 38.52 0.0628
157.5000 87.8638 0.4574 0.2269 0.3157 0.00000 7.257 1500.0 12.0 0.0000 0.2799 34.89 0.0628
160.3125 87.8638 0.4055 0.2582 0.3363 0.00000 7.839 1500.0 12.0 0.0000 0.2476 31.99 0.0628
163.1250 87.8638 0.3853 0.2703 0.3444 0.00000 8.066 1500.0 12.0 0.0000 0.2244 29.39 0.0628
165.9375 87.8638 0.4176 0.2509 0.3315 0.00000 7.702 1500.0 12.0 0.0000 0.2132 27.32 0.0628
168.7500 87.8638 0.4468 0.2332 0.3200 0.00000 7.378 1500.0 12.0 0.0000 0.2003 25.16 0.0628
171.5625 87.8638 0.4313 0.2426 0.3261 0.00000 7.551 1500.0 12.0 0.0000 0.1869 23.73 0.0628
174.3750 87.8638 0.3776 0.2749 0.3476 0.00000 8.156 1500.0 12.0 0.0000 0.1683 22.17 0.0628
177.1875 87.8638 0.3572 0.2872 0.3556 0.00000 8.381 1500.0 12.0 0.0000 0.1588 21.19 0.0628
180.0000 87.8638 0.3721 0.2812 0.3468 0.00000 8.192 1500.0 12.0 0.0000 0.1504 19.85 0.0628
-177.1875 87.8638 0.3999 0.2693 0.3308 0.00000 7.840 1500.0 12.0 0.0000 0.1440 18.60 0.0628
-174.3750 87.8638 0.4085 0.2563 0.3352 0.00000 7.808 1500.0 12.0 0.0000 0.1411 18.19 0.0628
-171.5625 87.8638 0.3736 0.2774 0.3490 0.00000 8.197 1500.0 12.0 0.0000 0.1335 17.62 0.0628
-168.7500 87.8638 0.4072 0.2510 0.3418 0.00000 7.450 1500.0 12.0 0.0000 0.1507 19.52 0.0628
-165.9375 87.8638 0.3629 0.2697 0.3674 0.00000 7.453 1500.0 12.0 0.0000 0.1760 23.58 0.0628
-163.1250 87.8638 0.3883 0.2550 0.3566 0.00000 7.210 1500.0 12.0 0.0000 0.1704 22.44 0.0628
-160.3125 87.8638 0.3134 0.2834 0.4032 0.00000 7.021 1500.0 12.0 0.0000 0.2996 41.77 0.0628
-157.5000 87.8638 0.3464 0.2778 0.3758 0.00000 7.529 1500.0 12.0 0.0000 0.1679 22.75 0.0628
-154.6875 87.8638 0.3614 0.2596 0.3790 0.00000 6.804 1500.0 12.0 0.0000 0.2337 31.51 0.0628
-151.8750 87.8638 0.3342 0.2929 0.3729 0.00000 7.599 1500.0 12.0 0.0000 0.1553 21.13 0.0628
-149.0625 87.8638 0.3701 0.2561 0.3738 0.00000 6.831 1500.0 12.0 0.0000 0.2042 27.35 0.0628
-146.2500 87.8638 0.3254 0.2883 0.3862 0.00000 7.031 1500.0 12.0 0.0000 0.2093 28.78 0.0628
-143.4375 87.8638 0.3291 0.2770 0.3939 0.00000 6.807 1500.0 12.0 0.0000 0.2534 34.93 0.0628
-140.6250 87.8638 0.2999 0.2947 0.4054 0.00000 7.051 1500.0 12.0 0.0000 0.2594 36.42 0.0628
-137.8125 87.8638 0.3624 0.2603 0.3773 0.00000 6.894 1500.0 12.0 0.0000 0.1943 26.16 0.0628
-135.0000 87.8638 0.3463 0.2629 0.3908 0.00000 6.647 1500.0 12.0 0.0000 0.2649 36.18 0.0628
-132.1875 87.8638 0.3635 0.2562 0.3803 0.00000 6.665 1500.0 12.0 0.0000 0.2273 30.64 0.0628
-129.3750 87.8638 0.3238 0.2766 0.3996 0.00000 6.735 1500.0 12.0 0.0000 0.2850 39.49 0.0628
-126.5625 87.8638 0.3271 0.2829 0.3899 0.00000 7.110 1500.0 12.0 0.0000 0.1973 27.16 0.0628
-123.7500 87.8638 0.3156 0.2915 0.3929 0.00000 7.608 1500.0 12.0 0.0000 0.1637 22.68 0.0628
-120.9375 87.8638 0.3135 0.3036 0.3829 0.00000 7.948 1500.0 12.0 0.0000 0.1288 17.78 0.0628
-118.1250 87.8638 0.3250 0.2950 0.3799 0.00000 7.718 1500.0 12.0 0.0000 0.1315 18.02 0.0628
-115.3125 87.8638 0.2924 0.3174 0.3902 0.00000 8.177 1500.0 12.0 0.0000 0.1254 17.52 0.0628
-112.5000 87.8638 0.3063 0.3022 0.3916 0.00000 7.519 1500.0 12.0 0.0000 0.1670 23.21 0.0628
-109.6875 87.8638 0.3313 0.2889 0.3798 0.00000 7.885 1500.0 12.0 0.0000 0.1261 17.24 0.0628
-106.8750 87.8638 0.3708 0.2573 0.3720 0.00000 6.944 1500.0 12.0 0.0000 0.1992 26.66 0.0628
-104.0625 87.8638 0.3778 0.2506 0.3716 0.00000 6.782 1500.0 12.0 0.0000 0.2480 33.08 0.0628
-101.2500 87.8638 0.4332 0.2237 0.3431 0.00000 6.656 1500.0 12.0 0.0000 0.3108 39.79 0.0628
-98.4375 87.8638 0.4310 0.2219 0.3471 0.00000 6.574 1500.0 12.0 0.0000 0.3067 39.39 0.0628
-95.6250 87.8638 0.3694 0.2510 0.3796 0.00000 6.650 1500.0 12.0 0.0000 0.2265 30.44 0.0628
-92.8125 87.8638 0.3383 0.2725 0.3892 0.00000 6.842 1500.0 12.0 0.0000 0.2698 36.94 0.0628
-90.0000 87.8638 0.4098 0.2486 0.3416 0.00000 7.153 1500.0 12.0 0.0000 0.2345 30.33 0.0628
-87.1875 87.8638 0.3925 0.2714 0.3361 0.00000 8.034 1500.0 12.0 0.0000 0.1574 20.46 0.0628
-84.3750 87.8638 0.4946 0.2062 0.2991 0.00000 6.915 1500.0 12.0 0.0000 0.2006 24.32 0.0628
-81.5625 87.8638 0.5079 0.2021 0.2900 0.00000 7.360 1500.0 12.0 0.0000 0.1612 19.32 0.0628
-78.7500 87.8638 0.5277 0.1878 0.2844 0.00000 6.831 1500.0 12.0 0.0000 0.1376 16.27 0.0628
-75.9375 87.8638 0.4760 0.2160 0.3080 0.00000 7.111 1500.0 12.0 0.0000 0.1272 15.65 0.0628
-73.1250 87.8638 0.4805 0.2127 0.3067 0.00000 7.005 1500.0 12.0 0.0000 0.1287 15.78 0.0628
-70.3125 87.8638 0.4294 0.2433 0.3273 0.00000 7.584 1500.0 12.0 0.0000 0.1247 15.86 0.0628
-67.5000 87.8638 0.3788 0.2758 0.3454 0.00000 8.137 1500.0 12.0 0.0000 0.1222 16.06 0.0628
-64.6875 87.8638 0.3376 0.2985 0.3639 0.00000 8.616 1500.0 12.0 0.0000 0.1230 16.63 0.0628
-61.8750 87.8638 0.3097 0.3210 0.3693 0.00000 8.877 1500.0 12.0 0.0000 0.1261 17.32 0.0628
-59.0625 87.8638 0.3154 0.3328 0.3518 0.00000 8.690 1500.0 12.0 0.0000 0.1240 16.82 0.0628
-56.2500 87.8638 0.2693 0.3608 0.3699 0.00000 9.204 1500.0 12.0 0.0000 0.1250 17.47 0.0628
-53.4375 87.8638 0.2720 0.3592 0.3688 0.00000 9.172 1500.0 12.0 0.0000 0.1289 17.98 0.0628
-50.6250 87.8638 0.2755 0.3484 0.3761 0.00000 9.202 1500.0 12.0 0.0000 0.1361 19.03 0.0628
-47.8125 87.8638 0.2912 0.3462 0.3626 0.00000 8.968 1500.0 12.0 0.0000 0.1376 18.98 0.0628
-45.0000 87.8638 0.2570 0.3749 0.3681 0.00000 9.287 1500.0 12.0 0.0000 0.1357 19.04 0.0628
-42.1875 87.8638 0.3029 0.3200 0.3771 0.00000 8.989 1500.0 12.0 0.0000 0.1556 21.50 0.0628
-39.3750 87.8638 0.3834 0.2715 0.3451 0.00000 8.086 1500.0 12.0 0.0000 0.1677 21.99 0.0628
-36.5625 87.8638 0.3253 0.3065 0.3681 0.00000 8.737 1500.0 12.0 0.0000 0.1667 22.71 0.0628
-33.7500 87.8638 0.4356 0.2401 0.3243 0.00000 7.501 1500.0 12.0 0.0000 0.1829 23.15 0.0628
-30.9375 87.8638 0.4126 0.2539 0.3335 0.00000 7.759 1500.0 12.0 0.0000 0.1849 23.78 0.0628
-28.1250 87.8638 0.3955 0.2642 0.3403 0.00000 7.951 1500.0 12.0 0.0000 0.1887 24.55 0.0628
-25.3125 87.8638 0.3494 0.2920 0.3586 0.00000 8.466 1500.0 12.0 0.0000 0.1897 25.44 0.0628
-22.5000 87.8638 0.3935 0.2654 0.3411 0.00000 7.972 1500.0 12.0 0.0000 0.2006 26.13 0.0628
-19.6875 87.8638 0.4429 0.2357 0.3215 0.00000 7.420 1500.0 12.0 0.0000 0.2130 26.83 0.0628
-16.8750 87.8638 0.4161 0.2518 0.3321 0.00000 7.719 1500.0 12.0 0.0000 0.2165 27.78 0.0628
-11.2500 87.8638 0.4696 0.2196 0.3108 0.00000 7.121 1500.0 12.0 0.0000 0.2389 29.53 0.0628
-8.4375 87.8638 0.4982 0.2024 0.2994 0.00000 6.800 1500.0 12.0 0.0000 0.2527 30.60 0.0628
-5.6250 87.8638 0.4982 0.2023 0.2994 0.00000 6.800 1500.0 12.0 0.0000 0.2615 31.66 0.0628
-2.8125 87.8638 0.4982 0.2024 0.2994 0.00000 6.800 1500.0 12.0 0.0000 0.2722 32.96 0.0628
39.3750 85.0965 0.6145 0.1446 0.2409 0.00000 6.566 1500.0 12.0 0.0000 1.3634 149.96 0.0628
42.1875 85.0965 0.6569 0.1235 0.2196 0.00000 6.480 1500.0 12.0 0.0000 1.8610 197.19 0.0628
45.0000 85.0965 0.5928 0.1657 0.2415 0.00000 6.833 1500.0 12.0 0.0000 1.3382 149.00 0.0628
47.8125 85.0965 0.5226 0.2170 0.2604 0.00000 7.360 1500.0 12.0 0.0000 1.0080 117.80 0.0628
50.6250 85.0965 0.4868 0.2402 0.2730 0.00000 7.614 1500.0 12.0 0.0000 0.8431 101.09 0.0628
53.4375 85.0965 0.5189 0.2110 0.2701 0.00000 7.443 1500.0 12.0 0.0000 0.8768 103.26 0.0628
56.2500 85.0965 0.6487 0.1276 0.2237 0.00000 6.497 1500.0 12.0 0.0000 1.2898 137.67 0.0628
59.0625 85.0965 0.6500 0.1270 0.2231 0.00000 6.494 1500.0 12.0 0.0000 1.2303 131.17 0.0628
61.8750 85.0965 0.6195 0.1442 0.2364 0.00000 6.733 1500.0 12.0 0.0000 1.0390 113.64 0.0628
64.6875 85.0965 0.5781 0.1675 0.2544 0.00000 7.057 1500.0 12.0 0.0000 0.8624 97.55 0.0628
67.5000 85.0965 0.5010 0.2104 0.2885 0.00000 7.621 1500.0 12.0 0.0000 0.6516 78.28 0.0628
70.3125 85.0965 0.4416 0.2423 0.3161 0.00000 7.946 1500.0 12.0 0.0000 0.5195 65.26 0.0628
73.1250 85.0965 0.3941 0.2670 0.3389 0.00000 8.133 1500.0 12.0 0.0000 0.4358 56.70 0.0628
75.9375 85.0965 0.3275 0.3078 0.3646 0.00000 8.940 1500.0 12.0 0.0000 0.4261 57.90 0.0628
78.7500 85.0965 0.3200 0.3103 0.3696 0.00000 8.849 1500.0 12.0 0.0000 0.4041 55.23 0.0628
81.5625 85.0965 0.3962 0.2652 0.3386 0.00000 8.061 1500.0 12.0 0.0000 0.4415 57.36 0.0628
84.3750 85.0965 0.4491 0.2326 0.3183 0.00000 7.410 1500.0 12.0 0.0000 0.4622 57.92 0.0628
87.1875 85.0965 0.3952 0.2644 0.3404 0.00000 7.954 1500.0 12.0 0.0000 0.4618 60.09 0.0628
90.0000 85.0965 0.4205 0.2492 0.3304 0.00000 7.671 1500.0 12.0 0.0000 0.4430 56.66 0.0628
92.8125 85.0965 0.3954 0.2643 0.3404 0.00000 7.953 1500.0 12.0 0.0000 0.4115 53.53 0.0628
95.6250 85.0965 0.4119 0.2570 0.3311 0.00000 7.745 1500.0 12.0 0.0000 0.3917 50.32 0.0628
98.4375 85.0965 0.4042 0.2623 0.3335 0.00000 7.826 1500.0 12.0 0.0000 0.3715 47.96 0.0628
101.2500 85.0965 0.4383 0.2491 0.3126 0.00000 7.385 1500.0 12.0 0.0000 0.3551 44.59 0.0628
104.0625 85.0965 0.4558 0.2352 0.3090 0.00000 7.216 1500.0 12.0 0.0000 0.3514 43.67 0.0628
106.8750 85.0965 0.4982 0.2024 0.2994 0.00000 6.800 1500.0 12.0 0.0000 0.3614 43.75 0.0628
109.6875 85.0965 0.4911 0.2066 0.3022 0.00000 6.879 1500.0 12.0 0.0000 0.3550 43.20 0.0628
112.5000 85.0965 0.4394 0.2378 0.3228 0.00000 7.458 1500.0 12.0 0.0000 0.3431 43.31 0.0628
115.3125 85.0965 0.4273 0.2450 0.3276 0.00000 7.593 1500.0 12.0 0.0000 0.3439 43.78 0.0628
118.1250 85.0965 0.3878 0.2689 0.3433 0.00000 8.036 1500.0 12.0 0.0000 0.3438 44.96 0.0628
120.9375 85.0965 0.3503 0.3042 0.3455 0.00000 8.354 1500.0 12.0 0.0000 0.3350 44.61 0.0628
123.7500 85.0965 0.3643 0.2947 0.3410 0.00000 8.207 1500.0 12.0 0.0000 0.3578 47.23 0.0628
126.5625 85.0965 0.4708 0.2200 0.3092 0.00000 7.097 1500.0 12.0 0.0000 0.4246 52.40 0.0628
129.3750 85.0965 0.4736 0.2180 0.3084 0.00000 7.069 1500.0 12.0 0.0000 0.4707 57.98 0.0628
132.1875 85.0965 0.4636 0.2286 0.3078 0.00000 7.144 1500.0 12.0 0.0000 0.5254 65.01 0.0628
135.0000 85.0965 0.4982 0.2024 0.2994 0.00000 6.800 1500.0 12.0 0.0000 0.4797 58.07 0.0628
137.8125 85.0965 0.4890 0.2079 0.3031 0.00000 6.903 1500.0 12.0 0.0000 0.3870 47.16 0.0628
140.6250 85.0965 0.4101 0.2554 0.3345 0.00000 7.787 1500.0 12.0 0.0000 0.3070 39.55 0.0628
143.4375 85.0965 0.3721 0.2783 0.3496 0.00000 8.212 1500.0 12.0 0.0000 0.2566 33.91 0.0628
146.2500 85.0965 0.3920 0.2708 0.3372 0.00000 7.954 1500.0 12.0 0.0000 0.2228 28.99 0.0628
149.0625 85.0965 0.4846 0.2105 0.3049 0.00000 6.953 1500.0 12.0 0.0000 0.2135 26.10 0.0628
151.8750 85.0965 0.4531 0.2288 0.3181 0.00000 7.267 1500.0 12.0 0.0000 0.1939 24.25 0.0628
154.6875 85.0965 0.3980 0.2605 0.3414 0.00000 7.794 1500.0 12.0 0.0000 0.1815 23.59 0.0628
157.5000 85.0965 0.3394 0.2937 0.3668 0.00000 8.316 1500.0 12.0 0.0000 0.1765 23.88 0.0628
160.3125 85.0965 0.3190 0.3160 0.3650 0.00000 8.696 1500.0 12.0 0.0000 0.1547 21.10 0.0628
163.1250 85.0965 0.3724 0.2784 0.3492 0.00000 8.036 1500.0 12.0 0.0000 0.1654 21.84 0.0628
165.9375 85.0965 0.4057 0.2578 0.3364 0.00000 7.625 1500.0 12.0 0.0000 0.1783 23.03 0.0628
168.7500 85.0965 0.3985 0.2428 0.3587 0.00000 6.754 1500.0 12.0 0.0000 0.3330 43.69 0.0628
171.5625 85.0965 0.3638 0.2610 0.3752 0.00000 6.953 1500.0 12.0 0.0000 0.3304 44.42 0.0628
174.3750 85.0965 0.3334 0.2868 0.3797 0.00000 7.746 1500.0 12.0 0.0000 0.2758 37.66 0.0628
177.1875 85.0965 0.2848 0.3138 0.4014 0.00000 8.163 1500.0 12.0 0.0000 0.3132 44.17 0.0628
180.0000 85.0965 0.2670 0.3348 0.3983 0.00000 8.532 1500.0 12.0 0.0000 0.2678 37.99 0.0628
-177.1875 85.0965 0.2801 0.3102 0.4096 0.00000 7.592 1500.0 12.0 0.0000 0.4000 56.75 0.0628
-174.3750 85.0965 0.2760 0.3244 0.3995 0.00000 8.011 1500.0 12.0 0.0000 0.2982 42.16 0.0628
-171.5625 85.0965 0.2578 0.3425 0.3997 0.00000 8.784 1500.0 12.0 0.0000 0.2228 31.75 0.0628
-168.7500 85.0965 0.2660 0.3295 0.4046 0.00000 8.465 1500.0 12.0 0.0000 0.2450 34.87 0.0628
-165.9375 85.0965 0.2719 0.3227 0.4054 0.00000 8.000 1500.0 12.0 0.0000 0.2793 39.68 0.0628
-163.1250 85.0965 0.2622 0.3377 0.4001 0.00000 8.379 1500.0 12.0 0.0000 0.2324 33.06 0.0628
-160.3125 85.0965 0.2588 0.3384 0.4029 0.00000 8.973 1500.0 12.0 0.0000 0.1932 27.57 0.0628
-157.5000 85.0965 0.2583 0.3396 0.4021 0.00000 8.948 1500.0 12.0 0.0000 0.1891 26.97 0.0628
-154.6875 85.0965 0.2687 0.3269 0.4044 0.00000 8.528 1500.0 12.0 0.0000 0.2131 30.30 0.0628
-151.8750 85.0965 0.2763 0.3138 0.4099 0.00000 7.923 1500.0 12.0 0.0000 0.2737 38.89 0.0628
-149.0625 85.0965 0.2833 0.3040 0.4126 0.00000 7.510 1500.0 12.0 0.0000 0.3356 47.61 0.0628
-146.2500 85.0965 0.3000 0.2887 0.4113 0.00000 7.023 1500.0 12.0 0.0000 0.4671 65.76 0.0628
-143.4375 85.0965 0.3081 0.2779 0.4140 0.00000 6.600 1500.0 12.0 0.0000 0.7198 101.12 0.0628
-140.6250 85.0965 0.2991 0.2859 0.4150 0.00000 6.847 1500.0 12.0 0.0000 0.5249 74.06 0.0628
-137.8125 85.0965 0.2978 0.3057 0.3965 0.00000 7.780 1500.0 12.0 0.0000 0.2385 33.37 0.0628
-135.0000 85.0965 0.3217 0.2863 0.3921 0.00000 7.364 1500.0 12.0 0.0000 0.3020 41.72 0.0628
-132.1875 85.0965 0.3079 0.2916 0.4005 0.00000 7.274 1500.0 12.0 0.0000 0.3148 43.94 0.0628
-129.3750 85.0965 0.2954 0.2892 0.4155 0.00000 7.069 1500.0 12.0 0.0000 0.3167 44.77 0.0628
-126.5625 85.0965 0.3201 0.2763 0.4036 0.00000 6.844 1500.0 12.0 0.0000 0.3824 53.17 0.0666
-123.7500 85.0965 0.3005 0.2997 0.3998 0.00000 7.514 1500.0 12.0 0.0000 0.2433 34.04 0.0733
-120.9375 85.0965 0.2901 0.2982 0.4117 0.00000 7.373 1500.0 12.0 0.0000 0.2672 37.78 0.0753
-118.1250 85.0965 0.2856 0.3057 0.4088 0.00000 7.212 1500.0 12.0 0.0000 0.3137 44.38 0.0797
-115.3125 85.0965 0.2948 0.2958 0.4094 0.00000 6.714 1500.0 12.0 0.0000 0.4449 62.72 0.0812
-112.5000 85.0965 0.2899 0.2999 0.4102 0.00000 7.203 1500.0 12.0 0.0000 0.3085 43.60 0.0816
-109.6875 85.0965 0.2886 0.3022 0.4092 0.00000 7.254 1500.0 12.0 0.0000 0.3039 42.95 0.0826
-106.8750 85.0965 0.2959 0.2924 0.4117 0.00000 6.903 1500.0 12.0 0.0000 0.4467 63.02 0.0834
-104.0625 85.0965 0.3016 0.3047 0.3936 0.00000 7.813 1500.0 12.0 0.0000 0.2508 34.98 0.0815
-101.2500 85.0965 0.3098 0.3032 0.3870 0.00000 7.784 1500.0 12.0 0.0000 0.2641 36.57 0.0790
-98.4375 85.0965 0.3107 0.2857 0.4036 0.00000 7.030 1500.0 12.0 0.0000 0.4922 68.71 0.0772
-95.6250 85.0965 0.3788 0.2505 0.3708 0.00000 6.658 1500.0 12.0 0.0000 0.7708 102.69 0.0757
-92.8125 85.0965 0.4685 0.2156 0.3159 0.00000 6.904 1500.0 12.0 0.0000 0.6009 74.51 0.0695
-90.0000 85.0965 0.4707 0.2274 0.3019 0.00000 7.756 1500.0 12.0 0.0000 0.3499 43.00 0.0650
-87.1875 85.0965 0.5304 0.2006 0.2690 0.00000 7.501 1500.0 12.0 0.0000 0.4599 53.81 0.0639
-84.3750 85.0965 0.6541 0.1283 0.2176 0.00000 6.535 1500.0 12.0 0.0000 1.1736 124.38 0.0734
-81.5625 85.0965 0.6797 0.1125 0.2078 0.00000 6.368 1500.0 12.0 0.0000 1.0341 107.30 0.0665
-78.7500 85.0965 0.6345 0.1348 0.2307 0.00000 6.470 1500.0 12.0 0.0000 0.5588 60.40 0.0648
-75.9375 85.0965 0.5617 0.1740 0.2643 0.00000 6.869 1500.0 12.0 0.0000 0.3709 42.58 0.0652
-73.1250 85.0965 0.5220 0.1956 0.2824 0.00000 7.181 1500.0 12.0 0.0000 0.3399 40.26 0.0628
-70.3125 85.0965 0.4546 0.2307 0.3147 0.00000 7.479 1500.0 12.0 0.0000 0.2675 33.37 0.0628
-67.5000 85.0965 0.4769 0.2163 0.3068 0.00000 7.035 1500.0 12.0 0.0000 0.2371 29.13 0.0628
-64.6875 85.0965 0.4782 0.2176 0.3042 0.00000 6.988 1500.0 12.0 0.0000 0.2110 25.87 0.0628
-61.8750 85.0965 0.4689 0.2200 0.3112 0.00000 7.120 1500.0 12.0 0.0000 0.2212 27.35 0.0628
-59.0625 85.0965 0.4797 0.2135 0.3068 0.00000 7.004 1500.0 12.0 0.0000 0.2354 28.88 0.0628
-56.2500 85.0965 0.4638 0.2231 0.3131 0.00000 7.186 1500.0 12.0 0.0000 0.2436 30.23 0.0628
-53.4375 85.0965 0.4576 0.2268 0.3156 0.00000 7.255 1500.0 12.0 0.0000 0.2493 31.07 0.0628
-50.6250 85.0965 0.4189 0.2572 0.3239 0.00000 7.632 1500.0 12.0 0.0000 0.2458 31.35 0.0628
-47.8125 85.0965 0.4183 0.2591 0.3225 0.00000 7.625 1500.0 12.0 0.0000 0.2556 32.59 0.0628
-45.0000 85.0965 0.4183 0.2505 0.3312 0.00000 7.695 1500.0 12.0 0.0000 0.2783 35.65 0.0628
-42.1875 85.0965 0.4548 0.2285 0.3167 0.00000 7.286 1500.0 12.0 0.0000 0.3026 37.79 0.0628
-39.3750 85.0965 0.4982 0.2024 0.2994 0.00000 6.800 1500.0 12.0 0.0000 0.3328 40.29 0.0628
-36.5625 85.0965 0.4982 0.2024 0.2994 0.00000 6.800 1500.0 12.0 0.0000 0.3583 43.37 0.0628
-33.7500 85.0965 0.4982 0.2024 0.2994 0.00000 6.800 1500.0 12.0 0.0000 0.3824 46.29 0.0628
42.1875 82.3129 0.5446 0.1763 0.2790 0.00000 6.645 1500.0 12.0 0.0000 1.2739 148.87 0.0628
45.0000 82.3129 0.5157 0.1901 0.2942 0.00000 6.692 1500.0 12.0 0.0000 1.0541 126.13 0.0628
47.8125 82.3129 0.4794 0.2074 0.3132 0.00000 6.750 1500.0 12.0 0.0000 0.8582 105.69 0.0628
50.6250 82.3129 0.4933 0.2008 0.3059 0.00000 6.728 1500.0 12.0 0.0000 0.8224 100.18 0.0628
53.4375 82.3129 0.5182 0.1889 0.2929 0.00000 6.688 1500.0 12.0 0.0000 0.8256 98.59 0.0628
56.2500 82.3129 0.5356 0.1806 0.2838 0.00000 6.659 1500.0 12.0 0.0000 0.8191 96.43 0.0628
59.0625 82.3129 0.6175 0.1415 0.2410 0.00000 6.528 1500.0 12.0 0.0000 1.1293 124.01 0.0628
61.8750 82.3129 0.6385 0.1329 0.2286 0.00000 6.592 1500.0 12.0 0.0000 1.2623 135.94 0.0628
64.6875 82.3129 0.5872 0.1563 0.2565 0.00000 6.656 1500.0 12.0 0.0000 1.4123 159.20 0.0628
67.5000 82.3129 0.5453 0.1782 0.2765 0.00000 6.877 1500.0 12.0 0.0000 1.2352 144.07 0.0628
70.3125 82.3129 0.4628 0.2311 0.3061 0.00000 7.906 1500.0 12.0 0.0000 0.6655 82.30 0.0628
73.1250 82.3129 0.3965 0.2696 0.3339 0.00000 8.484 1500.0 12.0 0.0000 0.5253 68.07 0.0628
75.9375 82.3129 0.3094 0.3150 0.3756 0.00000 8.911 1500.0 12.0 0.0000 0.4569 62.93 0.0628
78.7500 82.3129 0.2710 0.3331 0.3959 0.00000 8.967 1500.0 12.0 0.0000 0.4382 61.98 0.0628
81.5625 82.3129 0.2967 0.3075 0.3958 0.00000 8.080 1500.0 12.0 0.0000 0.5779 80.85 0.0628
84.3750 82.3129 0.4048 0.2418 0.3534 0.00000 6.830 1500.0 12.0 0.0000 0.6378 83.20 0.0628
87.1875 82.3129 0.4182 0.2344 0.3475 0.00000 6.714 1500.0 12.0 0.0000 0.6702 86.61 0.0628
90.0000 82.3129 0.4262 0.2345 0.3393 0.00000 6.922 1500.0 12.0 0.0000 0.5979 76.64 0.0628
92.8125 82.3129 0.3729 0.2692 0.3579 0.00000 7.648 1500.0 12.0 0.0000 0.5668 75.20 0.0628
95.6250 82.3129 0.3283 0.3083 0.3634 0.00000 8.318 1500.0 12.0 0.0000 0.5181 70.33 0.0628
98.4375 82.3129 0.3034 0.3196 0.3770 0.00000 8.757 1500.0 12.0 0.0000 0.5333 73.69 0.0628
101.2500 82.3129 0.3960 0.2654 0.3386 0.00000 7.741 1500.0 12.0 0.0000 0.5968 77.55 0.0628
104.0625 82.3129 0.3581 0.2868 0.3552 0.00000 8.370 1500.0 12.0 0.0000 0.6137 81.85 0.0628
106.8750 82.3129 0.3739 0.2828 0.3433 0.00000 8.147 1500.0 12.0 0.0000 0.6748 88.80 0.0628
109.6875 82.3129 0.4200 0.2532 0.3269 0.00000 7.647 1500.0 12.0 0.0000 0.7811 99.74 0.0628
112.5000 82.3129 0.4555 0.2281 0.3164 0.00000 7.278 1500.0 12.0 0.0000 0.9064 113.13 0.0628
115.3125 82.3129 0.4103 0.2561 0.3336 0.00000 7.778 1500.0 12.0 0.0000 0.9815 126.35 0.0628
118.1250 82.3129 0.4096 0.2565 0.3339 0.00000 7.786 1500.0 12.0 0.0000 1.0428 134.31 0.0628
120.9375 82.3129 0.3684 0.2836 0.3480 0.00000 8.229 1500.0 12.0 0.0000 1.0014 132.44 0.0628
123.7500 82.3129 0.3235 0.3132 0.3633 0.00000 8.713 1500.0 12.0 0.0000 0.8712 118.50 0.0628
126.5625 82.3129 0.3414 0.2973 0.3613 0.00000 8.552 1500.0 12.0 0.0000 0.7343 98.98 0.0628
129.3750 82.3129 0.3915 0.2666 0.3419 0.00000 7.997 1500.0 12.0 0.0000 0.5880 76.70 0.0628
132.1875 82.3129 0.4434 0.2411 0.3155 0.00000 7.373 1500.0 12.0 0.0000 0.4470 56.09 0.0628
135.0000 82.3129 0.4906 0.2067 0.3026 0.00000 6.890 1500.0 12.0 0.0000 0.3633 44.23 0.0628
137.8125 82.3129 0.4655 0.2217 0.3128 0.00000 7.175 1500.0 12.0 0.0000 0.2795 34.65 0.0628
140.6250 82.3129 0.4440 0.2364 0.3196 0.00000 7.404 1500.0 12.0 0.0000 0.2214 27.84 0.0628
143.4375 82.3129 0.4661 0.2224 0.3115 0.00000 7.319 1500.0 12.0 0.0000 0.2288 28.34 0.0628
146.2500 82.3129 0.4807 0.2165 0.3027 0.00000 7.252 1500.0 12.0 0.0000 0.2285 27.96 0.0628
149.0625 82.3129 0.4142 0.2468 0.3390 0.00000 7.503 1500.0 12.0 0.0000 0.2141 27.59 0.0628
151.8750 82.3129 0.3399 0.2938 0.3663 0.00000 8.240 1500.0 12.0 0.0000 0.1758 23.77 0.0628
154.6875 82.3129 0.2649 0.3332 0.4019 0.00000 8.287 1500.0 12.0 0.0000 0.1710 24.32 0.0628
157.5000 82.3129 0.2729 0.3204 0.4066 0.00000 8.169 1500.0 12.0 0.0000 0.1821 25.88 0.0628
160.3125 82.3129 0.2859 0.3016 0.4125 0.00000 7.301 1500.0 12.0 0.0000 0.2892 40.98 0.0628
163.1250 82.3129 0.2933 0.2916 0.4151 0.00000 7.103 1500.0 12.0 0.0000 0.3235 45.77 0.0628
165.9375 82.3129 0.2825 0.3107 0.4067 0.00000 7.544 1500.0 12.0 0.0000 0.2284 32.32 0.0628
168.7500 82.3129 0.2861 0.3028 0.4111 0.00000 7.620 1500.0 12.0 0.0000 0.2603 36.86 0.0628
171.5625 82.3129 0.2903 0.2975 0.4122 0.00000 7.303 1500.0 12.0 0.0000 0.3591 50.79 0.0628
174.3750 82.3129 0.2863 0.3032 0.4105 0.00000 7.501 1500.0 12.0 0.0000 0.3483 49.30 0.0628
177.1875 82.3129 0.2719 0.3261 0.4019 0.00000 8.168 1500.0 12.0 0.0000 0.2674 37.92 0.0628
180.0000 82.3129 0.3067 0.2912 0.4021 0.00000 7.409 1500.0 12.0 0.0000 0.4950 69.17 0.0628
-177.1875 82.3129 0.3036 0.2860 0.4104 0.00000 7.025 1500.0 12.0 0.0000 0.7648 107.46 0.0628
-174.3750 82.3129 0.3215 0.2694 0.4090 0.00000 6.600 1500.0 12.0 0.0000 1.3523 188.42 0.0628
-171.5625 82.3129 0.3797 0.2487 0.3716 0.00000 6.762 1500.0 12.0 0.0000 0.7889 105.10 0.0628
-168.7500 82.3129 0.4299 0.2357 0.3344 0.00000 7.193 1500.0 12.0 0.0000 0.4214 53.78 0.0628
-165.9375 82.3129 0.5199 0.1880 0.2922 0.00000 6.698 1500.0 12.0 0.0000 0.6800 81.09 0.0628
-163.1250 82.3129 0.5538 0.1721 0.2741 0.00000 6.605 1500.0 12.0 0.0000 0.6505 75.43 0.0628
-160.3125 82.3129 0.5826 0.1623 0.2552 0.00000 6.743 1500.0 12.0 0.0000 0.3387 38.24 0.0628
-157.5000 82.3129 0.6067 0.1493 0.2440 0.00000 6.583 1500.0 12.0 0.0000 0.4658 51.56 0.0628
-154.6875 82.3129 0.5545 0.1753 0.2702 0.00000 6.485 1500.0 12.0 0.0000 0.5604 64.81 0.0818
-151.8750 82.3129 0.4433 0.2270 0.3297 0.00000 6.436 1500.0 12.0 0.0000 0.3996 50.54 0.0964
-149.0625 82.3129 0.5585 0.1774 0.2640 0.00000 6.349 1500.0 12.0 0.0000 0.7686 88.36 0.1017
-146.2500 82.3129 0.5857 0.1692 0.2451 0.00000 6.453 1500.0 12.0 0.0000 0.6476 72.54 0.1069
-143.4375 82.3129 0.5395 0.1976 0.2630 0.00000 6.842 1500.0 12.0 0.0000 0.4005 46.47 0.1105
-140.6250 82.3129 0.5447 0.1944 0.2609 0.00000 6.871 1500.0 12.0 0.0000 0.3868 44.71 0.1123
-137.8125 82.3129 0.5672 0.1844 0.2483 0.00000 6.777 1500.0 12.0 0.0000 0.4371 49.55 0.1155
-135.0000 82.3129 0.4690 0.2384 0.2926 0.00000 7.348 1500.0 12.0 0.0000 0.2499 30.57 0.1176
-132.1875 82.3129 0.5131 0.1993 0.2876 0.00000 6.348 1500.0 12.0 0.0000 0.2430 29.00 0.1195
-129.3750 82.3129 0.4779 0.2139 0.3083 0.00000 6.342 1500.0 12.0 0.0000 0.2272 27.93 0.1219
-126.5625 82.3129 0.4889 0.2115 0.2996 0.00000 6.354 1500.0 12.0 0.0000 0.2508 30.50 0.1245
-123.7500 82.3129 0.4804 0.2233 0.2963 0.00000 6.696 1500.0 12.0 0.0000 0.2798 34.11 0.1266
-120.9375 82.3129 0.4222 0.2484 0.3293 0.00000 6.756 1500.0 12.0 0.0000 0.3537 45.17 0.1284
-118.1250 82.3129 0.4202 0.2495 0.3303 0.00000 6.714 1500.0 12.0 0.0000 0.6095 77.96 0.1286
-115.3125 82.3129 0.4504 0.2387 0.3109 0.00000 6.672 1500.0 12.0 0.0000 0.6897 86.03 0.1288
-112.5000 82.3129 0.3547 0.2780 0.3673 0.00000 6.568 1500.0 12.0 0.0000 0.8756 117.71 0.1277
-109.6875 82.3129 0.2840 0.3129 0.4031 0.00000 6.935 1500.0 12.0 0.0000 0.7817 110.35 0.1255
-106.8750 82.3129 0.2988 0.2946 0.4066 0.00000 6.398 1500.0 12.0 0.0000 1.2347 173.52 0.1223
-104.0625 82.3129 0.2892 0.3043 0.4065 0.00000 6.645 1500.0 12.0 0.0000 1.2276 173.22 0.1189
-101.2500 82.3129 0.2893 0.2992 0.4116 0.00000 6.442 1500.0 12.0 0.0000 1.6970 240.04 0.1162
-98.4375 82.3129 0.2896 0.2984 0.4120 0.00000 6.449 1500.0 12.0 0.0000 1.7803 251.85 0.1127
-95.6250 82.3129 0.2947 0.3075 0.3978 0.00000 6.857 1500.0 12.0 0.0000 1.3539 189.76 0.1107
-92.8125 82.3129 0.3483 0.2829 0.3689 0.00000 6.936 1500.0 12.0 0.0000 1.2523 168.97 0.1103
-90.0000 82.3129 0.5691 0.1704 0.2605 0.00000 6.212 1500.0 12.0 0.0000 1.9007 216.85 0.1059
-87.1875 82.3129 0.6096 0.1618 0.2286 0.00000 6.591 1500.0 12.0 0.0000 1.1699 128.02 0.1005
-84.3750 82.3129 0.6528 0.1327 0.2144 0.00000 6.382 1500.0 12.0 0.0000 1.3143 139.11 0.0949
-81.5625 82.3129 0.6764 0.1187 0.2049 0.00000 6.261 1500.0 12.0 0.0000 1.3852 143.72 0.0892
-78.7500 82.3129 0.5762 0.1728 0.2510 0.00000 6.873 1500.0 12.0 0.0000 0.5842 66.01 0.0791
-75.9375 82.3129 0.4188 0.2601 0.3211 0.00000 7.922 1500.0 12.0 0.0000 0.2700 34.38 0.0674
-73.1250 82.3129 0.3597 0.2915 0.3488 0.00000 8.298 1500.0 12.0 0.0000 0.1937 25.73 0.0633
-70.3125 82.3129 0.4639 0.2230 0.3131 0.00000 7.147 1500.0 12.0 0.0000 0.2006 24.89 0.0628
-67.5000 82.3129 0.4982 0.2024 0.2994 0.00000 6.768 1500.0 12.0 0.0000 0.2041 24.71 0.0628
-64.6875 82.3129 0.4982 0.2024 0.2994 0.00000 6.774 1500.0 12.0 0.0000 0.2077 25.15 0.0628
-61.8750 82.3129 0.4982 0.2024 0.2994 0.00000 6.782 1500.0 12.0 0.0000 0.2160 26.15 0.0628
-59.0625 82.3129 0.4982 0.2024 0.2994 0.00000 6.790 1500.0 12.0 0.0000 0.2285 27.67 0.0628
-56.2500 82.3129 0.4982 0.2024 0.2994 0.00000 6.796 1500.0 12.0 0.0000 0.2414 29.23 0.0628
-53.4375 82.3129 0.4982 0.2024 0.2994 0.00000 6.800 1500.0 12.0 0.0000 0.2558 30.97 0.0628
-50.6250 82.3129 0.4659 0.2218 0.3123 0.00000 7.162 1500.0 12.0 0.0000 0.2597 32.18 0.0628
-47.8125 82.3129 0.4203 0.2582 0.3214 0.00000 7.600 1500.0 12.0 0.0000 0.2563 32.62 0.0628
-45.0000 82.3129 0.4537 0.2320 0.3143 0.00000 7.383 1500.0 12.0 0.0000 0.2929 36.55 0.0628
56.2500 79.5256 0.4226 0.2387 0.3387 0.00000 6.995 1500.0 12.0 0.0000 0.7689 98.69 0.0628
59.0625 79.5256 0.3920 0.2599 0.3481 0.00000 7.583 1500.0 12.0 0.0000 0.6205 81.20 0.0628
61.8750 79.5256 0.4383 0.2321 0.3296 0.00000 7.030 1500.0 12.0 0.0000 0.5960 75.56 0.0628
64.6875 79.5256 0.4026 0.2502 0.3472 0.00000 7.236 1500.0 12.0 0.0000 0.6456 84.02 0.0628
67.5000 79.5256 0.2978 0.2962 0.4060 0.00000 7.370 1500.0 12.0 0.0000 0.8806 123.77 0.0628
70.3125 79.5256 0.2882 0.2978 0.4140 0.00000 7.199 1500.0 12.0 0.0000 1.0130 143.53 0.0628
73.1250 79.5256 0.2847 0.3029 0.4124 0.00000 7.386 1500.0 12.0 0.0000 0.8795 124.70 0.0628
75.9375 79.5256 0.2813 0.3098 0.4089 0.00000 7.627 1500.0 12.0 0.0000 0.7505 106.38 0.0628
78.7500 79.5256 0.2910 0.2936 0.4154 0.00000 7.052 1500.0 12.0 0.0000 1.0904 154.42 0.0628
81.5625 79.5256 0.3053 0.2879 0.4069 0.00000 7.099 1500.0 12.0 0.0000 0.9791 137.23 0.0628
84.3750 79.5256 0.3057 0.2956 0.3988 0.00000 7.502 1500.0 12.0 0.0000 0.7232 100.94 0.0628
87.1875 79.5256 0.3671 0.2675 0.3654 0.00000 7.307 1500.0 12.0 0.0000 0.6090 81.33 0.0628
90.0000 79.5256 0.4467 0.2272 0.3261 0.00000 6.977 1500.0 12.0 0.0000 0.5350 67.42 0.0628
92.8125 79.5256 0.4278 0.2312 0.3411 0.00000 6.763 1500.0 12.0 0.0000 0.6590 84.49 0.0628
95.6250 79.5256 0.4053 0.2486 0.3461 0.00000 7.246 1500.0 12.0 0.0000 0.6204 80.59 0.0628
98.4375 79.5256 0.4532 0.2242 0.3225 0.00000 6.987 1500.0 12.0 0.0000 0.6116 76.69 0.0628
101.2500 79.5256 0.4393 0.2375 0.3232 0.00000 7.403 1500.0 12.0 0.0000 0.5954 75.19 0.0628
104.0625 79.5256 0.4836 0.2112 0.3053 0.00000 6.964 1500.0 12.0 0.0000 0.6572 80.42 0.0628
106.8750 79.5256 0.4054 0.2598 0.3348 0.00000 7.827 1500.0 12.0 0.0000 0.6944 89.66 0.0628
109.6875 79.5256 0.3502 0.2940 0.3559 0.00000 8.439 1500.0 12.0 0.0000 0.7559 101.21 0.0628
112.5000 79.5256 0.4250 0.2473 0.3277 0.00000 7.613 1500.0 12.0 0.0000 0.8887 113.26 0.0628
115.3125 79.5256 0.4664 0.2215 0.3121 0.00000 7.157 1500.0 12.0 0.0000 1.0108 125.21 0.0628
118.1250 79.5256 0.4636 0.2231 0.3132 0.00000 7.188 1500.0 12.0 0.0000 1.0678 132.52 0.0628
120.9375 79.5256 0.4308 0.2429 0.3263 0.00000 7.555 1500.0 12.0 0.0000 1.0235 129.98 0.0628
123.7500 79.5256 0.4099 0.2561 0.3340 0.00000 7.785 1500.0 12.0 0.0000 0.8079 104.05 0.0628
126.5625 79.5256 0.4664 0.2246 0.3090 0.00000 7.132 1500.0 12.0 0.0000 0.7283 90.06 0.0628
129.3750 79.5256 0.4077 0.2582 0.3341 0.00000 7.803 1500.0 12.0 0.0000 0.5911 76.21 0.0628
132.1875 79.5256 0.4332 0.2460 0.3207 0.00000 7.492 1500.0 12.0 0.0000 0.4556 57.62 0.0628
135.0000 79.5256 0.4672 0.2221 0.3106 0.00000 7.141 1500.0 12.0 0.0000 0.3581 44.30 0.0628
137.8125 79.5256 0.4575 0.2271 0.3154 0.00000 7.261 1500.0 12.0 0.0000 0.2772 34.54 0.0628
140.6250 79.5256 0.4951 0.2040 0.3009 0.00000 6.842 1500.0 12.0 0.0000 0.2324 28.21 0.0628
143.4375 79.5256 0.5678 0.1682 0.2640 0.00000 6.706 1500.0 12.0 0.0000 0.2919 33.40 0.0628
146.2500 79.5256 0.5528 0.1774 0.2699 0.00000 6.861 1500.0 12.0 0.0000 0.4397 50.89 0.0628
149.0625 79.5256 0.3788 0.2618 0.3593 0.00000 7.239 1500.0 12.0 0.0000 0.3145 41.64 0.0628
151.8750 79.5256 0.2831 0.3088 0.4081 0.00000 7.617 1500.0 12.0 0.0000 0.2452 34.72 0.0628
154.6875 79.5256 0.2927 0.2921 0.4152 0.00000 7.122 1500.0 12.0 0.0000 0.3178 44.97 0.0628
157.5000 79.5256 0.2953 0.2918 0.4129 0.00000 7.062 1500.0 12.0 0.0000 0.3232 45.64 0.0628
160.3125 79.5256 0.2847 0.3043 0.4110 0.00000 7.399 1500.0 12.0 0.0000 0.2546 36.07 0.0628
163.1250 79.5256 0.2939 0.2923 0.4138 0.00000 7.222 1500.0 12.0 0.0000 0.2647 37.41 0.0628
165.9375 79.5256 0.3152 0.2802 0.4046 0.00000 7.078 1500.0 12.0 0.0000 0.3355 46.77 0.0628
168.7500 79.5256 0.3939 0.2628 0.3433 0.00000 7.901 1500.0 12.0 0.0000 0.1953 25.47 0.0628
171.5625 79.5256 0.4728 0.2293 0.2979 0.00000 7.524 1500.0 12.0 0.0000 0.3737 45.77 0.0805
174.3750 79.5256 0.4390 0.2516 0.3094 0.00000 7.561 1500.0 12.0 0.0000 0.4015 50.31 0.1006
177.1875 79.5256 0.4323 0.2482 0.3195 0.00000 7.247 1500.0 12.0 0.0000 0.5911 74.73 0.1167
180.0000 79.5256 0.4726 0.2251 0.3023 0.00000 6.740 1500.0 12.0 0.0000 0.4484 55.06 0.1244
-177.1875 79.5256 0.5333 0.2011 0.2657 0.00000 6.689 1500.0 12.0 0.0000 0.6313 73.61 0.1307
-143.4375 79.5256 0.4349 0.2567 0.3084 0.00000 7.272 1500.0 12.0 0.0000 0.2431 30.51 0.0942
-140.6250 79.5256 0.4476 0.2394 0.3130 0.00000 6.529 1500.0 12.0 0.0000 0.2694 33.69 0.1111
-137.8125 79.5256 0.3920 0.2666 0.3415 0.00000 7.315 1500.0 12.0 0.0000 0.1903 24.82 0.1114
-135.0000 79.5256 0.3322 0.3160 0.3518 0.00000 7.746 1500.0 12.0 0.0000 0.1938 26.10 0.1226
-132.1875 79.5256 0.3404 0.3402 0.3194 0.00000 6.509 1500.0 12.0 0.0000 0.2101 27.72 0.1236
-115.3125 79.5256 0.4861 0.2143 0.2997 0.00000 6.188 1500.0 12.0 0.0000 1.0858 132.27 0.1331
-112.5000 79.5256 0.3019 0.2969 0.4012 0.00000 6.344 1500.0 12.0 0.0000 1.3247 185.42 0.1341
-109.6875 79.5256 0.2945 0.3050 0.4005 0.00000 6.640 1500.0 12.0 0.0000 1.0831 152.03 0.1334
-106.8750 79.5256 0.3030 0.3118 0.3852 0.00000 7.316 1500.0 12.0 0.0000 0.7952 110.36 0.1323
-104.0625 79.5256 0.2841 0.3316 0.3843 0.00000 7.832 1500.0 12.0 0.0000 0.7755 108.45 0.1289
-101.2500 79.5256 0.2480 0.3590 0.3930 0.00000 8.421 1500.0 12.0 0.0000 0.7811 111.41 0.1257
-98.4375 79.5256 0.2418 0.3694 0.3889 0.00000 8.694 1500.0 12.0 0.0000 0.7362 105.07 0.1210
-95.6250 79.5256 0.2554 0.3540 0.3906 0.00000 8.434 1500.0 12.0 0.0000 0.7186 102.05 0.1140
-92.8125 79.5256 0.4102 0.2651 0.3247 0.00000 7.653 1500.0 12.0 0.0000 0.7603 97.41 0.1100
-90.0000 79.5256 0.5099 0.2082 0.2818 0.00000 6.992 1500.0 12.0 0.0000 0.8074 96.19 0.1011
-87.1875 79.5256 0.5954 0.1581 0.2465 0.00000 6.429 1500.0 12.0 0.0000 0.8554 95.41 0.0889
-84.3750 79.5256 0.5827 0.1664 0.2509 0.00000 6.716 1500.0 12.0 0.0000 0.7095 79.89 0.0743
-81.5625 79.5256 0.4789 0.2263 0.2948 0.00000 7.608 1500.0 12.0 0.0000 0.4859 59.24 0.0628
-78.7500 79.5256 0.3643 0.2904 0.3453 0.00000 8.243 1500.0 12.0 0.0000 0.2627 34.76 0.0628
-75.9375 79.5256 0.4054 0.2631 0.3315 0.00000 7.772 1500.0 12.0 0.0000 0.2609 33.62 0.0628
-73.1250 79.5256 0.4046 0.2587 0.3367 0.00000 7.833 1500.0 12.0 0.0000 0.2767 35.77 0.0628
-70.3125 79.5256 0.4649 0.2224 0.3127 0.00000 7.172 1500.0 12.0 0.0000 0.3117 38.65 0.0628
-67.5000 79.5256 0.4982 0.2024 0.2994 0.00000 6.800 1500.0 12.0 0.0000 0.3199 38.74 0.0628
-53.4375 79.5256 0.4911 0.2066 0.3023 0.00000 6.879 1500.0 12.0 0.0000 0.4573 55.65 0.0628
-50.6250 79.5256 0.4472 0.2331 0.3197 0.00000 7.371 1500.0 12.0 0.0000 0.5141 64.55 0.0628
-47.8125 79.5256 0.4165 0.2607 0.3228 0.00000 7.642 1500.0 12.0 0.0000 0.5825 74.33 0.0628
-45.0000 79.5256 0.4322 0.2511 0.3167 0.00000 7.467 1500.0 12.0 0.0000 0.7240 91.40 0.0628
64.6875 76.7369 0.3202 0.2753 0.4045 0.00000 6.700 1500.0 12.0 0.0000 1.4296 198.87 0.0628
67.5000 76.7369 0.3445 0.2794 0.3762 0.00000 7.375 1500.0 12.0 0.0000 0.8040 109.07 0.0628
70.3125 76.7369 0.3536 0.2786 0.3678 0.00000 7.460 1500.0 12.0 0.0000 0.9892 133.08 0.0628
73.1250 76.7369 0.3307 0.2897 0.3796 0.00000 7.622 1500.0 12.0 0.0000 1.1763 160.83 0.0628
75.9375 76.7369 0.3842 0.2638 0.3520 0.00000 7.771 1500.0 12.0 0.0000 1.5809 208.03 0.0628
78.7500 76.7369 0.4075 0.2685 0.3240 0.00000 8.088 1500.0 12.0 0.0000 1.6436 210.77 0.0628
81.5625 76.7369 0.3983 0.2762 0.3255 0.00000 7.725 1500.0 12.0 0.0000 2.0976 270.35 0.0628
84.3750 76.7369 0.3950 0.2784 0.3266 0.00000 7.764 1500.0 12.0 0.0000 1.3828 178.60 0.0628
87.1875 76.7369 0.4187 0.2579 0.3234 0.00000 7.631 1500.0 12.0 0.0000 1.0903 139.04 0.0628
90.0000 76.7369 0.4357 0.2406 0.3236 0.00000 7.495 1500.0 12.0 0.0000 1.0403 131.61 0.0628
92.8125 76.7369 0.4070 0.2573 0.3357 0.00000 7.821 1500.0 12.0 0.0000 1.0701 138.14 0.0628
95.6250 76.7369 0.3535 0.2995 0.3470 0.00000 8.341 1500.0 12.0 0.0000 1.1965 159.23 0.0628
98.4375 76.7369 0.3763 0.2951 0.3286 0.00000 8.011 1500.0 12.0 0.0000 1.6555 215.92 0.0628
101.2500 76.7369 0.4441 0.2463 0.3097 0.00000 7.316 1500.0 12.0 0.0000 2.5161 314.60 0.0628
104.0625 76.7369 0.4953 0.2041 0.3006 0.00000 6.832 1500.0 12.0 0.0000 2.6890 326.24 0.0628
106.8750 76.7369 0.4871 0.2090 0.3038 0.00000 6.924 1500.0 12.0 0.0000 1.9118 233.32 0.0628
109.6875 76.7369 0.3784 0.2745 0.3471 0.00000 8.142 1500.0 12.0 0.0000 1.4309 188.29 0.0628
112.5000 76.7369 0.3738 0.2773 0.3489 0.00000 8.193 1500.0 12.0 0.0000 1.3972 184.43 0.0628
115.3125 76.7369 0.3392 0.2982 0.3626 0.00000 8.581 1500.0 12.0 0.0000 1.7321 233.89 0.0628
118.1250 76.7369 0.4051 0.2584 0.3365 0.00000 7.842 1500.0 12.0 0.0000 1.7524 226.48 0.0628
120.9375 76.7369 0.3904 0.2683 0.3413 0.00000 7.999 1500.0 12.0 0.0000 1.2508 163.19 0.0628
123.7500 76.7369 0.4289 0.2451 0.3261 0.00000 7.569 1500.0 12.0 0.0000 0.7254 92.20 0.0628
126.5625 76.7369 0.4025 0.2634 0.3341 0.00000 7.845 1500.0 12.0 0.0000 0.4551 58.82 0.0628
129.3750 76.7369 0.4023 0.2618 0.3359 0.00000 7.861 1500.0 12.0 0.0000 0.3418 44.22 0.0628
132.1875 76.7369 0.4395 0.2377 0.3228 0.00000 7.458 1500.0 12.0 0.0000 0.2922 36.89 0.0628
135.0000 76.7369 0.3828 0.2755 0.3417 0.00000 8.064 1500.0 12.0 0.0000 0.2542 33.29 0.0628
137.8125 76.7369 0.3838 0.2712 0.3450 0.00000 8.082 1500.0 12.0 0.0000 0.2544 33.35 0.0628
140.6250 76.7369 0.4138 0.2544 0.3318 0.00000 7.738 1500.0 12.0 0.0000 0.2727 35.01 0.0628
143.4375 76.7369 0.4598 0.2306 0.3096 0.00000 7.348 1500.0 12.0 0.0000 0.3290 40.82 0.0628
146.2500 76.7369 0.4077 0.2498 0.3425 0.00000 7.324 1500.0 12.0 0.0000 0.4516 58.48 0.0628
149.0625 76.7369 0.4004 0.2425 0.3571 0.00000 6.956 1500.0 12.0 0.0000 0.4112 53.86 0.0628
151.8750 76.7369 0.3371 0.2661 0.3968 0.00000 6.528 1500.0 12.0 0.0000 0.8381 115.28 0.0740
154.6875 76.7369 0.2897 0.3000 0.4103 0.00000 6.806 1500.0 12.0 0.0000 0.6260 88.48 0.1065
157.5000 76.7369 0.2773 0.3183 0.4044 0.00000 7.258 1500.0 12.0 0.0000 0.3884 55.02 0.1325
160.3125 76.7369 0.2811 0.3142 0.4047 0.00000 6.862 1500.0 12.0 0.0000 0.4399 62.23 0.1502
163.1250 76.7369 0.2645 0.3431 0.3925 0.00000 7.460 1500.0 12.0 0.0000 0.3018 42.73 0.1650
165.9375 76.7369 0.2611 0.3499 0.3890 0.00000 7.660 1500.0 12.0 0.0000 0.3715 52.59 0.1780
168.7500 76.7369 0.3552 0.2928 0.3521 0.00000 6.554 1500.0 12.0 0.0000 0.5616 74.89 0.1870
171.5625 76.7369 0.4875 0.2419 0.2706 0.00000 6.676 1500.0 12.0 0.0000 0.4121 49.33 0.1928
174.3750 76.7369 0.5195 0.2181 0.2624 0.00000 6.284 1500.0 12.0 0.0000 0.4685 54.91 0.1948
-123.7500 76.7369 0.6356 0.1444 0.2200 0.00000 6.438 1500.0 12.0 0.0000 1.5328 164.42 0.0997
-120.9375 76.7369 0.6422 0.1398 0.2179 0.00000 6.427 1500.0 12.0 0.0000 1.3350 142.47 0.1001
-118.1250 76.7369 0.4753 0.2246 0.3000 0.00000 6.932 1500.0 12.0 0.0000 0.7954 97.43 0.1179
-115.3125 76.7369 0.4318 0.2406 0.3276 0.00000 6.604 1500.0 12.0 0.0000 1.1942 151.70 0.1279
-112.5000 76.7369 0.3116 0.2945 0.3940 0.00000 6.760 1500.0 12.0 0.0000 1.2283 170.59 0.1300
-109.6875 76.7369 0.3040 0.3016 0.3945 0.00000 6.934 1500.0 12.0 0.0000 1.4418 200.96 0.1306
-106.8750 76.7369 0.2876 0.3226 0.3898 0.00000 7.656 1500.0 12.0 0.0000 1.8741 262.42 0.1261
-104.0625 76.7369 0.2521 0.3527 0.3952 0.00000 8.583 1500.0 12.0 0.0000 1.9402 276.54 0.1230
-101.2500 76.7369 0.2739 0.3228 0.4033 0.00000 7.584 1500.0 12.0 0.0000 1.1934 169.21 0.1196
-98.4375 76.7369 0.2833 0.3081 0.4086 0.00000 6.908 1500.0 12.0 0.0000 1.3583 192.35 0.1140
-95.6250 76.7369 0.3204 0.2815 0.3981 0.00000 6.494 1500.0 12.0 0.0000 1.4003 194.13 0.1066
-92.8125 76.7369 0.4038 0.2452 0.3511 0.00000 6.609 1500.0 12.0 0.0000 1.3872 180.82 0.0994
-90.0000 76.7369 0.5555 0.1830 0.2615 0.00000 6.851 1500.0 12.0 0.0000 1.0844 124.69 0.0919
-87.1875 76.7369 0.4350 0.2574 0.3076 0.00000 7.682 1500.0 12.0 0.0000 0.6473 81.18 0.0821
-84.3750 76.7369 0.4647 0.2355 0.2998 0.00000 7.365 1500.0 12.0 0.0000 0.4623 56.91 0.0628
-81.5625 76.7369 0.4071 0.2678 0.3251 0.00000 7.751 1500.0 12.0 0.0000 0.4229 54.28 0.0628
-78.7500 76.7369 0.3548 0.3018 0.3433 0.00000 8.292 1500.0 12.0 0.0000 0.4835 64.18 0.0628
-75.9375 76.7369 0.4755 0.2171 0.3074 0.00000 7.046 1500.0 12.0 0.0000 0.6315 77.67 0.0628
-73.1250 76.7369 0.4982 0.2024 0.2994 0.00000 6.800 1500.0 12.0 0.0000 0.7362 89.13 0.0628
-70.3125 76.7369 0.4821 0.2120 0.3058 0.00000 6.979 1500.0 12.0 0.0000 0.8706 106.63 0.0628
59.0625 73.9475 0.3743 0.2490 0.3768 0.00000 6.650 1500.0 12.0 0.0000 1.2029 161.09 0.0628
61.8750 73.9475 0.4244 0.2285 0.3471 0.00000 6.737 1500.0 12.0 0.0000 0.8738 112.57 0.0628
64.6875 73.9475 0.3572 0.2750 0.3677 0.00000 7.449 1500.0 12.0 0.0000 0.7524 101.06 0.0628
67.5000 73.9475 0.3605 0.2772 0.3623 0.00000 7.619 1500.0 12.0 0.0000 0.7511 100.44 0.0628
70.3125 73.9475 0.4394 0.2281 0.3325 0.00000 7.002 1500.0 12.0 0.0000 0.8762 111.19 0.0628
73.1250 73.9475 0.5959 0.1526 0.2515 0.00000 6.653 1500.0 12.0 0.0000 1.8958 212.06 0.0628
75.9375 73.9475 0.4609 0.2457 0.2934 0.00000 8.030 1500.0 12.0 0.0000 1.6278 200.03 0.0628
78.7500 73.9475 0.4388 0.2644 0.2969 0.00000 8.139 1500.0 12.0 0.0000 1.4807 184.28 0.0628
81.5625 73.9475 0.3271 0.3247 0.3482 0.00000 8.933 1500.0 12.0 0.0000 1.1988 161.54 0.0628
84.3750 73.9475 0.3492 0.2998 0.3510 0.00000 8.557 1500.0 12.0 0.0000 1.2337 164.85 0.0628
87.1875 73.9475 0.4350 0.2435 0.3215 0.00000 7.483 1500.0 12.0 0.0000 1.1216 141.78 0.0628
90.0000 73.9475 0.3731 0.2787 0.3481 0.00000 8.192 1500.0 12.0 0.0000 1.0068 132.88 0.0628
92.8125 73.9475 0.4045 0.2644 0.3311 0.00000 7.805 1500.0 12.0 0.0000 1.0486 135.17 0.0628
95.6250 73.9475 0.3745 0.2769 0.3486 0.00000 8.186 1500.0 12.0 0.0000 1.2428 163.97 0.0628
98.4375 73.9475 0.3546 0.3017 0.3437 0.00000 8.306 1500.0 12.0 0.0000 1.6678 221.46 0.0628
101.2500 73.9475 0.3239 0.3325 0.3436 0.00000 8.551 1500.0 12.0 0.0000 1.0650 143.37 0.0628
104.0625 73.9475 0.3283 0.3319 0.3398 0.00000 8.486 1500.0 12.0 0.0000 0.7672 102.87 0.0628
106.8750 73.9475 0.3324 0.3266 0.3410 0.00000 8.463 1500.0 12.0 0.0000 0.6069 81.28 0.0628
109.6875 73.9475 0.4702 0.2215 0.3083 0.00000 7.095 1500.0 12.0 0.0000 0.5878 72.52 0.0628
112.5000 73.9475 0.3951 0.2686 0.3363 0.00000 7.921 1500.0 12.0 0.0000 0.5033 65.35 0.0628
115.3125 73.9475 0.4077 0.2569 0.3354 0.00000 7.813 1500.0 12.0 0.0000 0.4986 64.32 0.0628
118.1250 73.9475 0.3637 0.2834 0.3529 0.00000 8.306 1500.0 12.0 0.0000 0.5184 68.88 0.0628
120.9375 73.9475 0.4217 0.2484 0.3299 0.00000 7.656 1500.0 12.0 0.0000 0.6536 83.52 0.0628
123.7500 73.9475 0.4099 0.2555 0.3345 0.00000 7.788 1500.0 12.0 0.0000 0.9007 116.03 0.0628
126.5625 73.9475 0.4041 0.2606 0.3353 0.00000 7.841 1500.0 12.0 0.0000 0.5733 74.08 0.0628
129.3750 73.9475 0.3650 0.2863 0.3487 0.00000 8.263 1500.0 12.0 0.0000 0.4994 66.17 0.0628
132.1875 73.9475 0.3750 0.2769 0.3481 0.00000 8.177 1500.0 12.0 0.0000 0.4228 55.75 0.0628
135.0000 73.9475 0.4134 0.2544 0.3322 0.00000 7.743 1500.0 12.0 0.0000 0.3265 41.95 0.0628
137.8125 73.9475 0.4382 0.2403 0.3215 0.00000 7.459 1500.0 12.0 0.0000 0.3247 40.98 0.0628
140.6250 73.9475 0.4988 0.2018 0.2994 0.00000 6.800 1500.0 12.0 0.0000 0.2755 33.35 0.0628
143.4375 73.9475 0.4762 0.2155 0.3083 0.00000 7.054 1500.0 12.0 0.0000 0.2535 31.18 0.0628
146.2500 73.9475 0.3863 0.2816 0.3321 0.00000 8.088 1500.0 12.0 0.0000 0.2588 33.67 0.0628
149.0625 73.9475 0.4159 0.2477 0.3364 0.00000 6.723 1500.0 12.0 0.0000 0.5715 73.48 0.1116
151.8750 73.9475 0.3073 0.3044 0.3883 0.00000 6.818 1500.0 12.0 0.0000 0.6172 85.64 0.1417
154.6875 73.9475 0.2737 0.3241 0.4023 0.00000 6.696 1500.0 12.0 0.0000 0.8475 120.13 0.1666
157.5000 73.9475 0.2790 0.3179 0.4030 0.00000 6.323 1500.0 12.0 0.0000 0.8736 123.59 0.1847
160.3125 73.9475 0.2973 0.3105 0.3921 0.00000 6.204 1500.0 12.0 0.0000 0.6888 96.16 0.2010
163.1250 73.9475 0.3163 0.3215 0.3622 0.00000 6.738 1500.0 12.0 0.0000 0.3774 51.46 0.2146
165.9375 73.9475 0.4537 0.2533 0.2930 0.00000 6.413 1500.0 12.0 0.0000 0.4298 52.99 0.2227
168.7500 73.9475 0.5625 0.2013 0.2362 0.00000 5.893 1500.0 12.0 0.0000 0.6584 74.25 0.2267
-112.5000 73.9475 0.4395 0.2431 0.3174 0.00000 7.202 1500.0 12.0 0.0000 0.5232 65.84 0.1196
-109.6875 73.9475 0.5677 0.1753 0.2569 0.00000 6.378 1500.0 12.0 0.0000 0.8797 100.22 0.1197
-106.8750 73.9475 0.5267 0.1991 0.2742 0.00000 6.680 1500.0 12.0 0.0000 0.8504 100.00 0.1245
-104.0625 73.9475 0.5041 0.2062 0.2897 0.00000 6.438 1500.0 12.0 0.0000 1.1198 134.41 0.1252
-101.2500 73.9475 0.4019 0.2584 0.3396 0.00000 6.871 1500.0 12.0 0.0000 1.3072 169.49 0.1241
-98.4375 73.9475 0.3083 0.3094 0.3823 0.00000 7.547 1500.0 12.0 0.0000 0.8849 122.35 0.1231
-95.6250 73.9475 0.2965 0.2983 0.4052 0.00000 6.519 1500.0 12.0 0.0000 1.4121 198.51 0.1188
-92.8125 73.9475 0.2941 0.3026 0.4033 0.00000 6.887 1500.0 12.0 0.0000 1.1972 168.30 0.1133
-90.0000 73.9475 0.3332 0.2979 0.3689 0.00000 7.507 1500.0 12.0 0.0000 0.8349 113.40 0.1056
-87.1875 73.9475 0.5036 0.2205 0.2759 0.00000 7.501 1500.0 12.0 0.0000 0.8966 106.77 0.0965
-84.3750 73.9475 0.5316 0.1964 0.2720 0.00000 7.014 1500.0 12.0 0.0000 0.7222 84.60 0.0818
-81.5625 73.9475 0.5343 0.1835 0.2822 0.00000 6.731 1500.0 12.0 0.0000 0.5017 59.05 0.0628
-78.7500 73.9475 0.4973 0.2028 0.2998 0.00000 6.811 1500.0 12.0 0.0000 0.5199 62.99 0.0628
-75.9375 73.9475 0.4982 0.2024 0.2994 0.00000 6.800 1500.0 12.0 0.0000 0.7503 90.84 0.0628
-73.1250 73.9475 0.4930 0.2055 0.3015 0.00000 6.858 1500.0 12.0 0.0000 0.9121 110.85 0.0628
-70.3125 73.9475 0.4576 0.2272 0.3152 0.00000 7.251 1500.0 12.0 0.0000 1.1551 143.93 0.0628
-67.5000 73.9475 0.5401 0.1853 0.2746 0.00000 6.797 1500.0 12.0 0.0000 1.8970 221.60 0.0628
56.2500 71.1578 0.4089 0.2382 0.3530 0.00000 6.768 1500.0 12.0 0.0000 0.9300 121.07 0.0628
59.0625 71.1578 0.3662 0.2551 0.3788 0.00000 6.696 1500.0 12.0 0.0000 1.1291 151.91 0.0628
61.8750 71.1578 0.3492 0.2730 0.3778 0.00000 7.375 1500.0 12.0 0.0000 0.8080 109.48 0.0628
64.6875 71.1578 0.3443 0.2819 0.3738 0.00000 7.674 1500.0 12.0 0.0000 0.8838 119.76 0.0628
67.5000 71.1578 0.4164 0.2548 0.3288 0.00000 7.792 1500.0 12.0 0.0000 0.8690 111.26 0.0628
70.3125 71.1578 0.5906 0.1669 0.2425 0.00000 7.128 1500.0 12.0 0.0000 1.3523 150.83 0.0628
73.1250 71.1578 0.5709 0.1812 0.2479 0.00000 7.262 1500.0 12.0 0.0000 1.4297 161.70 0.0628
75.9375 71.1578 0.6268 0.1446 0.2286 0.00000 6.837 1500.0 12.0 0.0000 2.0687 224.23 0.0628
78.7500 71.1578 0.4930 0.2088 0.2982 0.00000 7.153 1500.0 12.0 0.0000 1.2059 146.27 0.0628
81.5625 71.1578 0.3284 0.3176 0.3539 0.00000 8.599 1500.0 12.0 0.0000 0.9831 132.79 0.0628
84.3750 71.1578 0.4299 0.2435 0.3266 0.00000 7.564 1500.0 12.0 0.0000 1.2005 152.55 0.0628
87.1875 71.1578 0.4982 0.2024 0.2994 0.00000 6.800 1500.0 12.0 0.0000 1.5277 184.96 0.0628
90.0000 71.1578 0.4691 0.2200 0.3109 0.00000 7.124 1500.0 12.0 0.0000 1.4076 173.99 0.0628
92.8125 71.1578 0.4456 0.2340 0.3204 0.00000 7.389 1500.0 12.0 0.0000 1.2688 159.47 0.0628
95.6250 71.1578 0.4101 0.2554 0.3345 0.00000 7.786 1500.0 12.0 0.0000 1.3061 168.24 0.0628
98.4375 71.1578 0.3687 0.2804 0.3509 0.00000 8.250 1500.0 12.0 0.0000 1.4912 197.49 0.0628
101.2500 71.1578 0.4335 0.2413 0.3252 0.00000 7.524 1500.0 12.0 0.0000 1.2048 152.71 0.0628
104.0625 71.1578 0.3508 0.2986 0.3506 0.00000 8.391 1500.0 12.0 0.0000 0.8203 109.50 0.0628
106.8750 71.1578 0.4146 0.2686 0.3168 0.00000 7.610 1500.0 12.0 0.0000 0.6489 82.61 0.0628
109.6875 71.1578 0.4281 0.2467 0.3252 0.00000 7.568 1500.0 12.0 0.0000 0.5741 72.96 0.0628
112.5000 71.1578 0.2861 0.3456 0.3684 0.00000 9.054 1500.0 12.0 0.0000 0.4588 63.60 0.0628
115.3125 71.1578 0.3087 0.3325 0.3588 0.00000 8.795 1500.0 12.0 0.0000 0.4494 61.38 0.0628
118.1250 71.1578 0.4194 0.2479 0.3326 0.00000 7.577 1500.0 12.0 0.0000 0.5345 68.48 0.0628
120.9375 71.1578 0.3711 0.2832 0.3457 0.00000 8.189 1500.0 12.0 0.0000 0.5671 74.82 0.0628
123.7500 71.1578 0.3842 0.2715 0.3443 0.00000 8.073 1500.0 12.0 0.0000 0.6731 88.21 0.0628
126.5625 71.1578 0.3787 0.2776 0.3438 0.00000 8.113 1500.0 12.0 0.0000 0.7351 96.56 0.0628
129.3750 71.1578 0.4842 0.2108 0.3050 0.00000 6.957 1500.0 12.0 0.0000 1.0358 126.68 0.0628
132.1875 71.1578 0.3939 0.2652 0.3409 0.00000 7.968 1500.0 12.0 0.0000 0.7058 91.92 0.0628
135.0000 71.1578 0.3937 0.2659 0.3404 0.00000 7.966 1500.0 12.0 0.0000 0.5036 65.57 0.0628
137.8125 71.1578 0.4489 0.2341 0.3170 0.00000 7.338 1500.0 12.0 0.0000 0.4311 53.99 0.0628
140.6250 71.1578 0.4329 0.2439 0.3231 0.00000 7.517 1500.0 12.0 0.0000 0.3834 48.55 0.0628
143.4375 71.1578 0.4107 0.2565 0.3328 0.00000 7.773 1500.0 12.0 0.0000 0.2830 36.41 0.0628
146.2500 71.1578 0.4837 0.2132 0.3031 0.00000 6.938 1500.0 12.0 0.0000 0.4561 55.73 0.0817
149.0625 71.1578 0.2900 0.3173 0.3927 0.00000 6.944 1500.0 12.0 0.0000 0.5830 81.67 0.1374
151.8750 71.1578 0.2669 0.3338 0.3992 0.00000 6.857 1500.0 12.0 0.0000 0.6112 86.75 0.1700
154.6875 71.1578 0.2781 0.3186 0.4033 0.00000 6.171 1500.0 12.0 0.0000 1.1029 156.11 0.1898
157.5000 71.1578 0.2693 0.3395 0.3913 0.00000 6.814 1500.0 12.0 0.0000 0.6685 94.41 0.2062
160.3125 71.1578 0.3518 0.3135 0.3347 0.00000 7.179 1500.0 12.0 0.0000 0.4616 61.08 0.2179
163.1250 71.1578 0.4626 0.2555 0.2819 0.00000 6.746 1500.0 12.0 0.0000 0.4828 58.89 0.2251
165.9375 71.1578 0.4974 0.2352 0.2674 0.00000 6.441 1500.0 12.0 0.0000 0.3841 45.66 0.2286
-104.0625 71.1578 0.3889 0.2595 0.3516 0.00000 6.620 1500.0 12.0 0.0000 0.4975 65.31 0.1331
-101.2500 71.1578 0.4279 0.2431 0.3290 0.00000 6.452 1500.0 12.0 0.0000 0.9314 118.62 0.1350
-98.4375 71.1578 0.3524 0.2801 0.3675 0.00000 6.742 1500.0 12.0 0.0000 0.6448 86.77 0.1340
-95.6250 71.1578 0.3319 0.2941 0.3739 0.00000 7.066 1500.0 12.0 0.0000 0.4408 60.06 0.1335
-92.8125 71.1578 0.3902 0.2636 0.3462 0.00000 6.771 1500.0 12.0 0.0000 0.6540 85.56 0.1279
-90.0000 71.1578 0.5733 0.1787 0.2480 0.00000 6.692 1500.0 12.0 0.0000 0.7680 86.76 0.1218
-87.1875 71.1578 0.6780 0.1211 0.2009 0.00000 6.165 1500.0 12.0 0.0000 1.7135 177.14 0.1124
-84.3750 71.1578 0.5431 0.1997 0.2573 0.00000 7.084 1500.0 12.0 0.0000 1.0193 117.65 0.1037
-81.5625 71.1578 0.4267 0.2569 0.3165 0.00000 7.465 1500.0 12.0 0.0000 0.6548 82.87 0.0918
-78.7500 71.1578 0.4961 0.2051 0.2988 0.00000 6.713 1500.0 12.0 0.0000 0.8081 97.91 0.0780
-75.9375 71.1578 0.4982 0.2024 0.2994 0.00000 6.782 1500.0 12.0 0.0000 0.9335 113.02 0.0628
-73.1250 71.1578 0.4982 0.2024 0.2994 0.00000 6.800 1500.0 12.0 0.0000 1.7757 214.99 0.0628
-70.3125 71.1578 0.5312 0.1860 0.2828 0.00000 6.734 1500.0 12.0 0.0000 1.4689 173.23 0.0628
-67.5000 71.1578 0.6917 0.1062 0.2021 0.00000 6.410 1500.0 12.0 0.0000 2.6339 270.34 0.0628
-64.6875 71.1578 0.6968 0.1037 0.1995 0.00000 6.400 1500.0 12.0 0.0000 1.9073 194.86 0.0628
-61.8750 71.1578 0.6785 0.1124 0.2091 0.00000 6.429 1500.0 12.0 0.0000 1.3733 142.73 0.0628
-59.0625 71.1578 0.4527 0.2254 0.3218 0.00000 6.880 1500.0 12.0 0.0000 0.5808 72.81 0.0830
-56.2500 71.1578 0.3904 0.2714 0.3382 0.00000 7.311 1500.0 12.0 0.0000 0.5760 75.02 0.0933
59.0625 68.3678 0.4121 0.2405 0.3474 0.00000 6.941 1500.0 12.0 0.0000 0.6576 85.21 0.0628
61.8750 68.3678 0.3590 0.2765 0.3645 0.00000 7.600 1500.0 12.0 0.0000 0.5558 74.46 0.0628
64.6875 68.3678 0.4098 0.2574 0.3328 0.00000 7.908 1500.0 12.0 0.0000 0.5046 64.94 0.0628
67.5000 68.3678 0.6774 0.1136 0.2089 0.00000 6.508 1500.0 12.0 0.0000 1.5659 162.82 0.0628
70.3125 68.3678 0.6971 0.1033 0.1995 0.00000 6.400 1500.0 12.0 0.0000 2.0207 206.39 0.0628
73.1250 68.3678 0.6275 0.1423 0.2301 0.00000 6.821 1500.0 12.0 0.0000 1.3204 143.21 0.0628
75.9375 68.3678 0.5082 0.2015 0.2903 0.00000 7.181 1500.0 12.0 0.0000 0.8238 98.72 0.0628
78.7500 68.3678 0.4533 0.2299 0.3167 0.00000 7.299 1500.0 12.0 0.0000 1.1147 139.31 0.0628
81.5625 68.3678 0.3808 0.2763 0.3430 0.00000 8.090 1500.0 12.0 0.0000 1.6796 220.29 0.0628
84.3750 68.3678 0.3699 0.2820 0.3481 0.00000 8.218 1500.0 12.0 0.0000 1.9779 261.43 0.0628
87.1875 68.3678 0.4258 0.2495 0.3247 0.00000 7.583 1500.0 12.0 0.0000 1.8430 234.39 0.0628
90.0000 68.3678 0.4982 0.2023 0.2994 0.00000 6.800 1500.0 12.0 0.0000 1.4276 172.84 0.0628
92.8125 68.3678 0.4982 0.2024 0.2994 0.00000 6.800 1500.0 12.0 0.0000 1.3026 157.71 0.0628
95.6250 68.3678 0.4736 0.2172 0.3092 0.00000 7.075 1500.0 12.0 0.0000 1.3483 166.15 0.0628
98.4375 68.3678 0.3736 0.2783 0.3482 0.00000 8.189 1500.0 12.0 0.0000 1.1411 150.58 0.0628
101.2500 68.3678 0.4103 0.2584 0.3313 0.00000 7.760 1500.0 12.0 0.0000 0.7883 101.36 0.0628
104.0625 68.3678 0.4312 0.2438 0.3250 0.00000 7.542 1500.0 12.0 0.0000 0.6386 81.03 0.0628
106.8750 68.3678 0.4427 0.2374 0.3199 0.00000 7.409 1500.0 12.0 0.0000 0.5620 70.72 0.0628
109.6875 68.3678 0.4560 0.2278 0.3162 0.00000 7.273 1500.0 12.0 0.0000 0.5374 67.06 0.0628
112.5000 68.3678 0.4683 0.2197 0.3120 0.00000 7.100 1500.0 12.0 0.0000 0.5534 68.47 0.0628
115.3125 68.3678 0.3905 0.2671 0.3423 0.00000 8.003 1500.0 12.0 0.0000 0.5963 77.83 0.0628
118.1250 68.3678 0.3725 0.2815 0.3460 0.00000 8.167 1500.0 12.0 0.0000 0.6339 83.59 0.0628
120.9375 68.3678 0.3885 0.2782 0.3333 0.00000 7.951 1500.0 12.0 0.0000 0.5610 72.94 0.0628
123.7500 68.3678 0.3870 0.2706 0.3424 0.00000 8.035 1500.0 12.0 0.0000 0.5606 73.29 0.0628
126.5625 68.3678 0.4268 0.2467 0.3265 0.00000 7.588 1500.0 12.0 0.0000 0.7602 96.74 0.0628
129.3750 68.3678 0.4982 0.2024 0.2994 0.00000 6.800 1500.0 12.0 0.0000 1.0445 126.46 0.0628
132.1875 68.3678 0.4605 0.2250 0.3144 0.00000 7.221 1500.0 12.0 0.0000 1.1203 139.34 0.0628
135.0000 68.3678 0.4203 0.2541 0.3256 0.00000 7.634 1500.0 12.0 0.0000 1.0110 128.98 0.0628
137.8125 68.3678 0.3790 0.2744 0.3466 0.00000 8.135 1500.0 12.0 0.0000 0.5418 71.26 0.0628
140.6250 68.3678 0.3375 0.3009 0.3616 0.00000 8.587 1500.0 12.0 0.0000 0.3782 51.08 0.0628
143.4375 68.3678 0.4310 0.2468 0.3221 0.00000 7.449 1500.0 12.0 0.0000 0.5206 65.96 0.0909
146.2500 68.3678 0.3852 0.2852 0.3296 0.00000 7.238 1500.0 12.0 0.0000 0.6725 87.40 0.1581
149.0625 68.3678 0.2665 0.3390 0.3944 0.00000 6.789 1500.0 12.0 0.0000 0.6748 95.57 0.1925
151.8750 68.3678 0.2639 0.3420 0.3941 0.00000 6.679 1500.0 12.0 0.0000 0.5460 77.39 0.2125
154.6875 68.3678 0.2817 0.3274 0.3909 0.00000 6.514 1500.0 12.0 0.0000 0.7477 105.02 0.2249
157.5000 68.3678 0.3312 0.3134 0.3554 0.00000 6.791 1500.0 12.0 0.0000 0.7797 105.26 0.2336
160.3125 68.3678 0.4619 0.2463 0.2917 0.00000 6.147 1500.0 12.0 0.0000 0.8692 106.65 0.2353
163.1250 68.3678 0.4248 0.2865 0.2886 0.00000 7.116 1500.0 12.0 0.0000 0.6534 81.49 0.2438
165.9375 68.3678 0.5214 0.2196 0.2590 0.00000 6.138 1500.0 12.0 0.0000 0.9476 110.72 0.2396
168.7500 68.3678 0.4455 0.2461 0.3084 0.00000 6.049 1500.0 12.0 0.0000 0.6561 81.92 0.2491
-106.8750 68.3678 0.5044 0.2147 0.2809 0.00000 7.086 1500.0 12.0 0.0000 1.1594 138.43 0.1034
-104.0625 68.3678 0.3051 0.3028 0.3921 0.00000 7.060 1500.0 12.0 0.0000 0.9295 129.33 0.1180
-101.2500 68.3678 0.3073 0.2931 0.3996 0.00000 6.521 1500.0 12.0 0.0000 1.1171 155.88 0.1272
-98.4375 68.3678 0.3669 0.2724 0.3607 0.00000 6.634 1500.0 12.0 0.0000 0.7790 103.79 0.1311
-95.6250 68.3678 0.4349 0.2416 0.3235 0.00000 6.738 1500.0 12.0 0.0000 0.9276 117.38 0.1303
-92.8125 68.3678 0.3443 0.3086 0.3471 0.00000 8.458 1500.0 12.0 0.0000 0.4700 62.81 0.1268
-90.0000 68.3678 0.2970 0.3363 0.3668 0.00000 8.818 1500.0 12.0 0.0000 0.5081 70.05 0.1191
-87.1875 68.3678 0.4276 0.2581 0.3143 0.00000 7.641 1500.0 12.0 0.0000 0.6196 78.28 0.1077
-84.3750 68.3678 0.3926 0.2757 0.3318 0.00000 7.698 1500.0 12.0 0.0000 0.5681 73.67 0.1009
-81.5625 68.3678 0.4334 0.2475 0.3191 0.00000 7.276 1500.0 12.0 0.0000 0.6712 84.79 0.0961
-78.7500 68.3678 0.4779 0.2181 0.3040 0.00000 6.791 1500.0 12.0 0.0000 0.9043 110.87 0.0973
-75.9375 68.3678 0.5160 0.1985 0.2855 0.00000 6.537 1500.0 12.0 0.0000 1.6164 192.38 0.1041
-73.1250 68.3678 0.5523 0.1857 0.2620 0.00000 6.601 1500.0 12.0 0.0000 2.1790 251.04 0.1166
-70.3125 68.3678 0.5523 0.1888 0.2589 0.00000 6.584 1500.0 12.0 0.0000 1.4128 162.45 0.1295
-67.5000 68.3678 0.5964 0.1644 0.2393 0.00000 6.184 1500.0 12.0 0.0000 1.2359 137.15 0.1388
-64.6875 68.3678 0.6736 0.1281 0.1982 0.00000 5.998 1500.0 12.0 0.0000 2.4272 251.11 0.1433
-61.8750 68.3678 0.6721 0.1292 0.1987 0.00000 6.056 1500.0 12.0 0.0000 1.8737 194.07 0.1384
-59.0625 68.3678 0.6672 0.1288 0.2039 0.00000 6.094 1500.0 12.0 0.0000 1.8134 189.03 0.1296
-56.2500 68.3678 0.5720 0.1795 0.2485 0.00000 6.702 1500.0 12.0 0.0000 1.1013 124.53 0.1211
-53.4375 68.3678 0.5363 0.1924 0.2713 0.00000 6.647 1500.0 12.0 0.0000 1.0551 123.25 0.1168
-50.6250 68.3678 0.4390 0.2337 0.3273 0.00000 6.450 1500.0 12.0 0.0000 0.9791 123.92 0.1259
2.8125 65.5776 0.4460 0.2281 0.3259 0.00000 6.418 1500.0 12.0 0.0000 0.5189 65.41 0.1092
5.6250 65.5776 0.3685 0.2640 0.3675 0.00000 6.644 1500.0 12.0 0.0000 0.4593 61.37 0.1059
8.4375 65.5776 0.3700 0.2780 0.3519 0.00000 7.365 1500.0 12.0 0.0000 0.2923 38.70 0.0974
11.2500 65.5776 0.3221 0.3032 0.3746 0.00000 7.524 1500.0 12.0 0.0000 0.4302 58.89 0.0983
14.0625 65.5776 0.3002 0.2977 0.4022 0.00000 7.055 1500.0 12.0 0.0000 0.7520 105.38 0.0912
16.8750 65.5776 0.2985 0.2934 0.4081 0.00000 6.889 1500.0 12.0 0.0000 0.9982 140.40 0.0800
19.6875 65.5776 0.3046 0.2880 0.4074 0.00000 7.100 1500.0 12.0 0.0000 0.7330 102.79 0.0629
22.5000 65.5776 0.3169 0.2913 0.3918 0.00000 7.478 1500.0 12.0 0.0000 0.8190 113.36 0.0628
25.3125 65.5776 0.3189 0.2898 0.3914 0.00000 7.522 1500.0 12.0 0.0000 0.9436 130.46 0.0628
30.9375 65.5776 0.3489 0.2775 0.3736 0.00000 7.375 1500.0 12.0 0.0000 1.1213 151.61 0.0628
33.7500 65.5776 0.3398 0.2836 0.3766 0.00000 7.282 1500.0 12.0 0.0000 1.3832 188.08 0.0628
39.3750 65.5776 0.4164 0.2363 0.3473 0.00000 6.672 1500.0 12.0 0.0000 2.6324 340.45 0.0737
59.0625 65.5776 0.3782 0.2858 0.3360 0.00000 7.303 1500.0 12.0 0.0000 0.7513 98.30 0.1066
61.8750 65.5776 0.4088 0.2533 0.3380 0.00000 6.931 1500.0 12.0 0.0000 0.6903 89.14 0.0973
64.6875 65.5776 0.4215 0.2433 0.3351 0.00000 6.965 1500.0 12.0 0.0000 0.6370 81.64 0.0911
67.5000 65.5776 0.5767 0.1673 0.2560 0.00000 6.618 1500.0 12.0 0.0000 1.1029 124.98 0.0874
70.3125 65.5776 0.5190 0.2045 0.2765 0.00000 7.089 1500.0 12.0 0.0000 0.9197 108.73 0.0898
73.1250 65.5776 0.4836 0.2216 0.2948 0.00000 7.092 1500.0 12.0 0.0000 0.8473 103.05 0.0928
75.9375 65.5776 0.4944 0.2079 0.2977 0.00000 6.619 1500.0 12.0 0.0000 0.9946 120.52 0.0943
78.7500 65.5776 0.4940 0.2079 0.2982 0.00000 6.640 1500.0 12.0 0.0000 1.5384 186.51 0.0924
81.5625 65.5776 0.4901 0.2093 0.3006 0.00000 6.750 1500.0 12.0 0.0000 3.1035 377.49 0.0836
84.3750 65.5776 0.4982 0.2024 0.2994 0.00000 6.800 1500.0 12.0 0.0000 3.2775 396.80 0.0628
87.1875 65.5776 0.4982 0.2024 0.2994 0.00000 6.800 1500.0 12.0 0.0000 2.0131 243.72 0.0628
90.0000 65.5776 0.4506 0.2310 0.3184 0.00000 7.333 1500.0 12.0 0.0000 1.4954 187.30 0.0628
92.8125 65.5776 0.3586 0.2865 0.3549 0.00000 8.364 1500.0 12.0 0.0000 1.0939 145.85 0.0628
95.6250 65.5776 0.4961 0.2036 0.3003 0.00000 6.824 1500.0 12.0 0.0000 1.1910 144.41 0.0628
98.4375 65.5776 0.4414 0.2377 0.3209 0.00000 7.427 1500.0 12.0 0.0000 1.4141 178.14 0.0628
101.2500 65.5776 0.4369 0.2381 0.3249 0.00000 7.397 1500.0 12.0 0.0000 0.8271 104.65 0.0628
104.0625 65.5776 0.4719 0.2180 0.3101 0.00000 7.085 1500.0 12.0 0.0000 0.7655 94.45 0.0628
106.8750 65.5776 0.4532 0.2270 0.3198 0.00000 7.143 1500.0 12.0 0.0000 0.7124 89.18 0.0628
109.6875 65.5776 0.4453 0.2279 0.3267 0.00000 7.018 1500.0 12.0 0.0000 0.8103 102.23 0.0628
112.5000 65.5776 0.4362 0.2370 0.3268 0.00000 7.229 1500.0 12.0 0.0000 1.0819 137.08 0.0628
115.3125 65.5776 0.4499 0.2255 0.3246 0.00000 7.051 1500.0 12.0 0.0000 1.5852 199.31 0.0628
118.1250 65.5776 0.3635 0.2757 0.3608 0.00000 7.699 1500.0 12.0 0.0000 1.1401 152.14 0.0628
120.9375 65.5776 0.4569 0.2240 0.3191 0.00000 7.072 1500.0 12.0 0.0000 0.9540 119.17 0.0628
123.7500 65.5776 0.4427 0.2371 0.3202 0.00000 7.414 1500.0 12.0 0.0000 0.8608 108.33 0.0628
126.5625 65.5776 0.4982 0.2023 0.2994 0.00000 6.800 1500.0 12.0 0.0000 1.2372 149.79 0.0628
129.3750 65.5776 0.4982 0.2023 0.2994 0.00000 6.800 1500.0 12.0 0.0000 1.2100 146.50 0.0628
132.1875 65.5776 0.4965 0.2034 0.3001 0.00000 6.820 1500.0 12.0 0.0000 1.1398 138.17 0.0628
135.0000 65.5776 0.3850 0.2705 0.3444 0.00000 8.067 1500.0 12.0 0.0000 1.2873 168.65 0.0628
137.8125 65.5776 0.3363 0.2999 0.3638 0.00000 8.614 1500.0 12.0 0.0000 0.6410 86.73 0.0628
140.6250 65.5776 0.2878 0.3428 0.3694 0.00000 8.720 1500.0 12.0 0.0000 0.6686 92.66 0.1290
143.4375 65.5776 0.3414 0.3162 0.3424 0.00000 7.733 1500.0 12.0 0.0000 0.4985 66.54 0.1895
146.2500 65.5776 0.4592 0.2520 0.2887 0.00000 6.472 1500.0 12.0 0.0000 0.7027 86.19 0.2271
149.0625 65.5776 0.2836 0.3369 0.3795 0.00000 6.510 1500.0 12.0 0.0000 0.8325 116.17 0.2521
151.8750 65.5776 0.2721 0.3316 0.3963 0.00000 6.052 1500.0 12.0 0.0000 0.7290 103.08 0.2635
154.6875 65.5776 0.2692 0.3486 0.3822 0.00000 6.848 1500.0 12.0 0.0000 0.3946 55.48 0.2691
157.5000 65.5776 0.4438 0.2660 0.2902 0.00000 6.466 1500.0 12.0 0.0000 0.5006 61.91 0.2689
-149.0625 65.5776 0.0496 0.6595 0.2909 0.00000 6.612 1500.0 12.0 0.0000 2.5181 371.12 0.1671
-120.9375 65.5776 0.1846 0.5062 0.3092 0.00000 6.800 1500.0 12.0 0.0000 0.6736 94.68 0.0628
-118.1250 65.5776 0.4609 0.2189 0.3202 0.00000 6.774 1500.0 12.0 0.0000 0.9099 113.52 0.0628
-115.3125 65.5776 0.3993 0.2495 0.3512 0.00000 6.923 1500.0 12.0 0.0000 0.8868 115.85 0.0628
-112.5000 65.5776 0.4279 0.2303 0.3418 0.00000 6.772 1500.0 12.0 0.0000 0.9373 120.21 0.0628
-109.6875 65.5776 0.4293 0.2314 0.3392 0.00000 6.885 1500.0 12.0 0.0000 1.4090 180.34 0.0628
-106.8750 65.5776 0.3773 0.2658 0.3569 0.00000 7.164 1500.0 12.0 0.0000 1.6738 221.52 0.0798
-104.0625 65.5776 0.4172 0.2479 0.3348 0.00000 6.892 1500.0 12.0 0.0000 1.3420 172.32 0.1116
-101.2500 65.5776 0.5642 0.1782 0.2577 0.00000 6.506 1500.0 12.0 0.0000 1.6006 182.77 0.1190
-98.4375 65.5776 0.6729 0.1236 0.2035 0.00000 6.141 1500.0 12.0 0.0000 2.1930 227.80 0.1202
-95.6250 65.5776 0.6090 0.1612 0.2298 0.00000 6.676 1500.0 12.0 0.0000 1.3737 150.49 0.1183
-92.8125 65.5776 0.4138 0.2608 0.3254 0.00000 7.789 1500.0 12.0 0.0000 0.6094 77.97 0.0992
-90.0000 65.5776 0.3704 0.2830 0.3467 0.00000 8.100 1500.0 12.0 0.0000 0.5344 70.57 0.0827
-87.1875 65.5776 0.4590 0.2275 0.3135 0.00000 7.141 1500.0 12.0 0.0000 0.6091 75.77 0.0778
-84.3750 65.5776 0.4411 0.2385 0.3204 0.00000 7.334 1500.0 12.0 0.0000 0.7525 94.79 0.0787
-81.5625 65.5776 0.4348 0.2439 0.3213 0.00000 7.322 1500.0 12.0 0.0000 1.1371 143.74 0.0913
-78.7500 65.5776 0.4304 0.2583 0.3113 0.00000 7.668 1500.0 12.0 0.0000 2.3311 293.66 0.1102
-75.9375 65.5776 0.6541 0.1376 0.2083 0.00000 6.219 1500.0 12.0 0.0000 3.6445 383.89 0.1324
-73.1250 65.5776 0.4380 0.2646 0.2974 0.00000 7.599 1500.0 12.0 0.0000 1.3754 171.28 0.1594
-70.3125 65.5776 0.5051 0.2248 0.2701 0.00000 6.715 1500.0 12.0 0.0000 1.3955 165.51 0.1839
-67.5000 65.5776 0.5106 0.2246 0.2648 0.00000 6.551 1500.0 12.0 0.0000 0.9969 117.53 0.1988
-64.6875 65.5776 0.5276 0.2144 0.2580 0.00000 6.355 1500.0 12.0 0.0000 0.7480 87.07 0.2084
-61.8750 65.5776 0.5113 0.2277 0.2610 0.00000 6.627 1500.0 12.0 0.0000 0.6586 77.44 0.2059
-59.0625 65.5776 0.6304 0.1619 0.2076 0.00000 5.986 1500.0 12.0 0.0000 1.4042 149.84 0.1963
-56.2500 65.5776 0.5824 0.1863 0.2313 0.00000 6.440 1500.0 12.0 0.0000 1.2481 138.86 0.1799
-53.4375 65.5776 0.5546 0.1958 0.2497 0.00000 6.624 1500.0 12.0 0.0000 1.2761 145.73 0.1629
-50.6250 65.5776 0.4977 0.2155 0.2868 0.00000 6.357 1500.0 12.0 0.0000 1.2122 145.72 0.1586
-47.8125 65.5776 0.4235 0.2491 0.3274 0.00000 6.467 1500.0 12.0 0.0000 1.2456 158.82 0.1589
0.0000 62.7874 0.3174 0.2989 0.3836 0.00000 6.837 1500.0 12.0 0.0000 0.2764 38.10 0.1404
2.8125 62.7874 0.2825 0.3168 0.4007 0.00000 6.857 1500.0 12.0 0.0000 0.3290 46.42 0.1431
5.6250 62.7874 0.2824 0.3163 0.4013 0.00000 6.774 1500.0 12.0 0.0000 0.4152 58.60 0.1403
8.4375 62.7874 0.2846 0.3145 0.4009 0.00000 6.916 1500.0 12.0 0.0000 0.5936 83.68 0.1327
11.2500 62.7874 0.2728 0.3339 0.3932 0.00000 7.803 1500.0 12.0 0.0000 0.5547 78.30 0.1223
14.0625 62.7874 0.3223 0.2942 0.3835 0.00000 7.029 1500.0 12.0 0.0000 0.8069 110.95 0.1121
16.8750 62.7874 0.4450 0.2324 0.3226 0.00000 6.795 1500.0 12.0 0.0000 0.8900 112.03 0.1017
19.6875 62.7874 0.4233 0.2441 0.3326 0.00000 7.027 1500.0 12.0 0.0000 1.0082 128.94 0.0907
22.5000 62.7874 0.4540 0.2319 0.3141 0.00000 7.309 1500.0 12.0 0.0000 1.0140 126.50 0.0749
25.3125 62.7874 0.4623 0.2192 0.3185 0.00000 7.115 1500.0 12.0 0.0000 1.3480 167.90 0.0628
28.1250 62.7874 0.5063 0.2033 0.2904 0.00000 7.181 1500.0 12.0 0.0000 1.5384 184.52 0.0628
30.9375 62.7874 0.4759 0.2084 0.3158 0.00000 6.834 1500.0 12.0 0.0000 2.5754 318.20 0.0628
70.3125 62.7874 0.4361 0.2353 0.3286 0.00000 6.450 1500.0 12.0 0.0000 1.1954 151.63 0.1264
73.1250 62.7874 0.4471 0.2327 0.3202 0.00000 6.548 1500.0 12.0 0.0000 1.3253 166.45 0.1281
75.9375 62.7874 0.4216 0.2590 0.3194 0.00000 7.084 1500.0 12.0 0.0000 1.6185 205.65 0.1353
78.7500 62.7874 0.4866 0.2174 0.2960 0.00000 6.394 1500.0 12.0 0.0000 2.5134 305.43 0.1443
81.5625 62.7874 0.4852 0.2192 0.2955 0.00000 6.359 1500.0 12.0 0.0000 2.9381 357.21 0.1544
84.3750 62.7874 0.4852 0.2192 0.2955 0.00000 6.381 1500.0 12.0 0.0000 2.7790 337.86 0.1546
87.1875 62.7874 0.4070 0.2711 0.3219 0.00000 7.333 1500.0 12.0 0.0000 1.7836 228.50 0.1399
90.0000 62.7874 0.4039 0.2657 0.3304 0.00000 7.579 1500.0 12.0 0.0000 1.5707 202.45 0.1137
92.8125 62.7874 0.3284 0.3076 0.3640 0.00000 8.594 1500.0 12.0 0.0000 1.6948 230.11 0.0849
95.6250 62.7874 0.4328 0.2338 0.3335 0.00000 7.054 1500.0 12.0 0.0000 1.3915 177.25 0.0628
98.4375 62.7874 0.3439 0.2875 0.3687 0.00000 8.072 1500.0 12.0 0.0000 0.4517 61.06 0.0628
101.2500 62.7874 0.3890 0.2534 0.3577 0.00000 7.081 1500.0 12.0 0.0000 0.2463 32.44 0.0628
104.0625 62.7874 0.3507 0.2897 0.3597 0.00000 8.235 1500.0 12.0 0.0000 0.1185 15.89 0.0628
106.8750 62.7874 0.3381 0.2926 0.3693 0.00000 8.155 1500.0 12.0 0.0000 0.0986 13.37 0.0628
109.6875 62.7874 0.3215 0.3072 0.3713 0.00000 8.423 1500.0 12.0 0.0000 0.1035 14.15 0.0628
112.5000 62.7874 0.3893 0.2586 0.3522 0.00000 7.508 1500.0 12.0 0.0000 0.1411 18.53 0.0628
115.3125 62.7874 0.4311 0.2407 0.3282 0.00000 7.304 1500.0 12.0 0.0000 0.2211 28.10 0.0628
118.1250 62.7874 0.3641 0.2683 0.3676 0.00000 7.336 1500.0 12.0 0.0000 0.3939 52.74 0.0628
120.9375 62.7874 0.3207 0.3034 0.3759 0.00000 8.156 1500.0 12.0 0.0000 0.7412 101.59 0.0628
123.7500 62.7874 0.4504 0.2304 0.3192 0.00000 7.339 1500.0 12.0 0.0000 1.0673 133.76 0.0628
126.5625 62.7874 0.4796 0.2145 0.3059 0.00000 6.969 1500.0 12.0 0.0000 1.2233 150.02 0.0628
129.3750 62.7874 0.4126 0.2559 0.3315 0.00000 7.743 1500.0 12.0 0.0000 1.5369 197.42 0.0628
132.1875 62.7874 0.4475 0.2339 0.3186 0.00000 7.359 1500.0 12.0 0.0000 3.1867 399.76 0.0628
135.0000 62.7874 0.4324 0.2420 0.3256 0.00000 7.537 1500.0 12.0 0.0000 2.2935 290.94 0.0628
137.8125 62.7874 0.3735 0.2847 0.3417 0.00000 7.844 1500.0 12.0 0.0000 1.6343 214.93 0.1228
140.6250 62.7874 0.2778 0.3537 0.3686 0.00000 8.509 1500.0 12.0 0.0000 0.8659 120.48 0.1843
143.4375 62.7874 0.2737 0.3605 0.3658 0.00000 8.287 1500.0 12.0 0.0000 0.6087 84.72 0.2280
146.2500 62.7874 0.3146 0.3399 0.3454 0.00000 7.596 1500.0 12.0 0.0000 0.4393 59.45 0.2583
149.0625 62.7874 0.3056 0.3425 0.3519 0.00000 7.064 1500.0 12.0 0.0000 0.4798 65.39 0.2773
151.8750 62.7874 0.2693 0.3478 0.3829 0.00000 6.532 1500.0 12.0 0.0000 0.5362 75.41 0.2833
154.6875 62.7874 0.2649 0.3432 0.3919 0.00000 6.225 1500.0 12.0 0.0000 0.5481 77.58 0.2867
157.5000 62.7874 0.3603 0.2964 0.3433 0.00000 5.823 1500.0 12.0 0.0000 0.9158 121.27 0.2880
160.3125 62.7874 0.4382 0.2621 0.2997 0.00000 5.701 1500.0 12.0 0.0000 1.3506 168.40 0.2968
-151.8750 62.7874 0.0483 0.6640 0.2877 0.00000 6.503 1500.0 12.0 0.0000 2.2710 334.38 0.2108
-149.0625 62.7874 0.1219 0.5596 0.3185 0.00000 7.475 1500.0 12.0 0.0000 1.3797 200.02 0.2077
-118.1250 62.7874 0.3723 0.2595 0.3681 0.00000 7.106 1500.0 12.0 0.0000 0.9937 132.59 0.0628
-115.3125 62.7874 0.3469 0.2713 0.3818 0.00000 7.193 1500.0 12.0 0.0000 0.9973 135.55 0.0628
-112.5000 62.7874 0.3171 0.2908 0.3921 0.00000 7.170 1500.0 12.0 0.0000 2.1340 295.38 0.0895
-109.6875 62.7874 0.3276 0.2981 0.3743 0.00000 7.496 1500.0 12.0 0.0000 2.7760 379.04 0.1129
-106.8750 62.7874 0.4246 0.2622 0.3133 0.00000 7.645 1500.0 12.0 0.0000 2.0501 259.24 0.1193
-104.0625 62.7874 0.5360 0.1996 0.2643 0.00000 7.035 1500.0 12.0 0.0000 2.2020 256.19 0.1236
-101.2500 62.7874 0.6043 0.1633 0.2324 0.00000 6.481 1500.0 12.0 0.0000 1.7871 196.61 0.1260
-98.4375 62.7874 0.5240 0.2019 0.2741 0.00000 6.784 1500.0 12.0 0.0000 1.0819 127.39 0.1249
-95.6250 62.7874 0.4003 0.2755 0.3242 0.00000 7.626 1500.0 12.0 0.0000 0.7903 101.70 0.1256
-92.8125 62.7874 0.4524 0.2429 0.3047 0.00000 6.956 1500.0 12.0 0.0000 0.8742 108.56 0.1180
-90.0000 62.7874 0.4929 0.2092 0.2979 0.00000 6.663 1500.0 12.0 0.0000 1.1122 134.88 0.0999
-87.1875 62.7874 0.4537 0.2305 0.3158 0.00000 7.226 1500.0 12.0 0.0000 1.2476 155.80 0.0752
-84.3750 62.7874 0.3467 0.3088 0.3445 0.00000 8.537 1500.0 12.0 0.0000 2.2971 306.24 0.0797
-81.5625 62.7874 0.4479 0.2460 0.3062 0.00000 7.671 1500.0 12.0 0.0000 3.2152 400.49 0.0975
-78.7500 62.7874 0.3449 0.3072 0.3479 0.00000 8.441 1500.0 12.0 0.0000 1.8392 245.82 0.1235
-75.9375 62.7874 0.5208 0.2165 0.2627 0.00000 7.056 1500.0 12.0 0.0000 2.0978 245.73 0.1565
-73.1250 62.7874 0.4955 0.2373 0.2672 0.00000 6.970 1500.0 12.0 0.0000 1.6708 198.79 0.1887
-70.3125 62.7874 0.4821 0.2349 0.2830 0.00000 6.493 1500.0 12.0 0.0000 1.4792 178.82 0.2160
-67.5000 62.7874 0.3628 0.3028 0.3344 0.00000 7.131 1500.0 12.0 0.0000 0.7332 96.52 0.2333
-64.6875 62.7874 0.3376 0.3118 0.3506 0.00000 6.947 1500.0 12.0 0.0000 0.4982 66.91 0.2394
-61.8750 62.7874 0.3922 0.2736 0.3342 0.00000 6.335 1500.0 12.0 0.0000 0.5034 65.38 0.2326
-59.0625 62.7874 0.4288 0.2580 0.3132 0.00000 6.488 1500.0 12.0 0.0000 0.5116 64.56 0.2223
-56.2500 62.7874 0.5310 0.2008 0.2682 0.00000 5.980 1500.0 12.0 0.0000 0.7067 82.63 0.2069
-53.4375 62.7874 0.4384 0.2515 0.3100 0.00000 6.604 1500.0 12.0 0.0000 0.8439 105.82 0.2014
-50.6250 62.7874 0.4102 0.2649 0.3249 0.00000 6.474 1500.0 12.0 0.0000 1.0324 132.29 0.1959
-8.4375 62.7874 0.3312 0.2900 0.3788 0.00000 6.511 1500.0 12.0 0.0000 0.2817 38.49 0.1477
-5.6250 62.7874 0.3122 0.2996 0.3882 0.00000 6.824 1500.0 12.0 0.0000 0.1862 25.77 0.1375
-2.8125 62.7874 0.3368 0.2757 0.3875 0.00000 6.221 1500.0 12.0 0.0000 0.3482 47.68 0.1368
0.0000 59.9970 0.5396 0.1919 0.2685 0.00000 5.997 1500.0 12.0 0.0000 0.6222 72.44 0.1638
2.8125 59.9970 0.5360 0.1955 0.2684 0.00000 6.072 1500.0 12.0 0.0000 0.5515 64.32 0.1633
5.6250 59.9970 0.5198 0.2075 0.2727 0.00000 6.282 1500.0 12.0 0.0000 0.4605 54.29 0.1586
8.4375 59.9970 0.4188 0.2641 0.3170 0.00000 7.067 1500.0 12.0 0.0000 0.2584 32.83 0.1499
11.2500 59.9970 0.4015 0.2777 0.3209 0.00000 7.540 1500.0 12.0 0.0000 0.2751 35.32 0.1372
14.0625 59.9970 0.3831 0.2817 0.3352 0.00000 7.763 1500.0 12.0 0.0000 0.3271 42.68 0.1243
16.8750 59.9970 0.4271 0.2533 0.3196 0.00000 7.337 1500.0 12.0 0.0000 0.4023 50.99 0.1124
19.6875 59.9970 0.3702 0.2854 0.3443 0.00000 8.113 1500.0 12.0 0.0000 0.4620 60.94 0.0963
22.5000 59.9970 0.5165 0.2045 0.2790 0.00000 7.093 1500.0 12.0 0.0000 0.7488 88.76 0.0885
25.3125 59.9970 0.5105 0.1998 0.2897 0.00000 6.921 1500.0 12.0 0.0000 0.6748 80.75 0.0716
73.1250 59.9970 0.4179 0.2517 0.3304 0.00000 6.565 1500.0 12.0 0.0000 3.3599 430.25 0.1578
75.9375 59.9970 0.4494 0.2351 0.3154 0.00000 6.367 1500.0 12.0 0.0000 3.1847 398.44 0.1643
87.1875 59.9970 0.4727 0.2271 0.3002 0.00000 6.563 1500.0 12.0 0.0000 2.0281 248.75 0.1587
90.0000 59.9970 0.4759 0.2250 0.2990 0.00000 6.662 1500.0 12.0 0.0000 1.7699 216.59 0.1373
92.8125 59.9970 0.4323 0.2530 0.3147 0.00000 7.154 1500.0 12.0 0.0000 1.9290 243.24 0.1371
95.6250 59.9970 0.3350 0.3155 0.3495 0.00000 8.102 1500.0 12.0 0.0000 0.8795 118.17 0.1645
98.4375 59.9970 0.3517 0.3086 0.3397 0.00000 7.682 1500.0 12.0 0.0000 0.3491 46.32 0.2047
101.2500 59.9970 0.4564 0.2443 0.2994 0.00000 6.332 1500.0 12.0 0.0000 0.1846 22.81 0.2335
104.0625 59.9970 0.4432 0.2543 0.3025 0.00000 6.343 1500.0 12.0 0.0000 0.1170 14.58 0.2484
106.8750 59.9970 0.4175 0.2711 0.3114 0.00000 6.646 1500.0 12.0 0.0000 0.0921 11.67 0.2436
109.6875 59.9970 0.4289 0.2658 0.3053 0.00000 6.672 1500.0 12.0 0.0000 0.0959 12.04 0.2269
112.5000 59.9970 0.4037 0.2754 0.3208 0.00000 6.860 1500.0 12.0 0.0000 0.1166 14.95 0.2058
115.3125 59.9970 0.3622 0.2939 0.3440 0.00000 7.114 1500.0 12.0 0.0000 0.1952 25.84 0.1856
118.1250 59.9970 0.2672 0.3478 0.3850 0.00000 7.875 1500.0 12.0 0.0000 0.3114 43.88 0.1517
120.9375 59.9970 0.3161 0.3031 0.3809 0.00000 7.656 1500.0 12.0 0.0000 0.9016 124.14 0.1001
123.7500 59.9970 0.4030 0.2573 0.3398 0.00000 7.624 1500.0 12.0 0.0000 1.0352 134.17 0.0628
126.5625 59.9970 0.2882 0.3274 0.3844 0.00000 8.357 1500.0 12.0 0.0000 1.5294 213.53 0.0628
129.3750 59.9970 0.3833 0.2769 0.3399 0.00000 8.033 1500.0 12.0 0.0000 1.5041 196.73 0.0628
132.1875 59.9970 0.4081 0.2566 0.3353 0.00000 7.809 1500.0 12.0 0.0000 2.5012 322.60 0.0628
135.0000 59.9970 0.4544 0.2349 0.3106 0.00000 6.972 1500.0 12.0 0.0000 2.4178 300.95 0.1205
137.8125 59.9970 0.4612 0.2351 0.3038 0.00000 6.622 1500.0 12.0 0.0000 2.4867 307.33 0.1644
140.6250 59.9970 0.3717 0.2941 0.3342 0.00000 7.443 1500.0 12.0 0.0000 1.4656 192.14 0.1929
143.4375 59.9970 0.3763 0.2950 0.3287 0.00000 7.248 1500.0 12.0 0.0000 0.7684 100.22 0.2139
146.2500 59.9970 0.3342 0.3227 0.3431 0.00000 7.632 1500.0 12.0 0.0000 0.4894 65.56 0.2317
149.0625 59.9970 0.4190 0.2777 0.3033 0.00000 6.984 1500.0 12.0 0.0000 0.4632 58.40 0.2442
151.8750 59.9970 0.3645 0.3151 0.3204 0.00000 7.453 1500.0 12.0 0.0000 0.4643 60.62 0.2528
154.6875 59.9970 0.2387 0.3775 0.3837 0.00000 7.890 1500.0 12.0 0.0000 0.3662 52.19 0.2639
157.5000 59.9970 0.2572 0.3539 0.3890 0.00000 6.640 1500.0 12.0 0.0000 0.6966 98.77 0.2737
160.3125 59.9970 0.3899 0.2853 0.3249 0.00000 6.237 1500.0 12.0 0.0000 1.2288 158.95 0.2758
-149.0625 59.9970 0.3509 0.3069 0.3423 0.00000 7.123 1500.0 12.0 0.0000 1.4136 187.87 0.2332
-146.2500 59.9970 0.3900 0.2717 0.3382 0.00000 6.324 1500.0 12.0 0.0000 1.0032 130.69 0.2460
-143.4375 59.9970 0.3767 0.2780 0.3453 0.00000 6.329 1500.0 12.0 0.0000 0.8311 109.35 0.2363
-140.6250 59.9970 0.2886 0.3285 0.3828 0.00000 7.091 1500.0 12.0 0.0000 0.6348 88.54 0.2119
-137.8125 59.9970 0.4284 0.2430 0.3286 0.00000 6.331 1500.0 12.0 0.0000 0.9864 125.56 0.1787
-120.9375 59.9970 0.4301 0.2446 0.3253 0.00000 6.959 1500.0 12.0 0.0000 2.1386 271.52 0.1279
-118.1250 59.9970 0.4697 0.2197 0.3106 0.00000 6.878 1500.0 12.0 0.0000 2.2627 279.59 0.0966
-115.3125 59.9970 0.3477 0.2845 0.3678 0.00000 6.725 1500.0 12.0 0.0000 2.4804 334.56 0.1483
-112.5000 59.9970 0.2791 0.3209 0.4001 0.00000 7.025 1500.0 12.0 0.0000 2.6004 367.33 0.1563
-109.6875 59.9970 0.2886 0.3287 0.3828 0.00000 7.663 1500.0 12.0 0.0000 2.3662 330.05 0.1573
-106.8750 59.9970 0.5193 0.2122 0.2685 0.00000 6.852 1500.0 12.0 0.0000 1.7131 201.53 0.1580
-104.0625 59.9970 0.5228 0.2069 0.2703 0.00000 6.543 1500.0 12.0 0.0000 1.2800 150.46 0.1594
-101.2500 59.9970 0.4296 0.2558 0.3146 0.00000 6.973 1500.0 12.0 0.0000 0.9799 123.70 0.1615
-98.4375 59.9970 0.3552 0.3017 0.3431 0.00000 7.793 1500.0 12.0 0.0000 1.1924 158.24 0.1712
-95.6250 59.9970 0.4134 0.2691 0.3175 0.00000 7.117 1500.0 12.0 0.0000 1.5877 202.30 0.1752
-84.3750 59.9970 0.6041 0.1696 0.2263 0.00000 6.603 1500.0 12.0 0.0000 4.7286 518.23 0.1347
-81.5625 59.9970 0.5266 0.2156 0.2578 0.00000 6.943 1500.0 12.0 0.0000 4.1626 484.72 0.1422
-78.7500 59.9970 0.4007 0.2845 0.3148 0.00000 7.498 1500.0 12.0 0.0000 3.2372 414.34 0.1572
-75.9375 59.9970 0.3988 0.2811 0.3200 0.00000 7.178 1500.0 12.0 0.0000 2.5582 328.66 0.1787
-73.1250 59.9970 0.3603 0.3016 0.3381 0.00000 7.281 1500.0 12.0 0.0000 1.4409 190.28 0.2025
-70.3125 59.9970 0.3837 0.2787 0.3376 0.00000 6.721 1500.0 12.0 0.0000 1.0374 135.50 0.2181
-33.7500 59.9970 0.3627 0.2792 0.3581 0.00000 6.551 1500.0 12.0 0.0000 1.4437 192.45 0.1722
-30.9375 59.9970 0.3469 0.2949 0.3582 0.00000 6.814 1500.0 12.0 0.0000 0.9972 133.89 0.1770
-28.1250 59.9970 0.3911 0.2741 0.3348 0.00000 6.856 1500.0 12.0 0.0000 0.6922 89.97 0.1725
-25.3125 59.9970 0.4356 0.2434 0.3210 0.00000 6.488 1500.0 12.0 0.0000 0.5510 69.62 0.1607
-22.5000 59.9970 0.3104 0.3019 0.3878 0.00000 6.613 1500.0 12.0 0.0000 0.3784 52.42 0.1554
-19.6875 59.9970 0.3371 0.2825 0.3805 0.00000 6.381 1500.0 12.0 0.0000 0.3570 48.69 0.1501
-16.8750 59.9970 0.3511 0.2929 0.3561 0.00000 7.127 1500.0 12.0 0.0000 0.2676 35.82 0.1510
-14.0625 59.9970 0.3141 0.3266 0.3594 0.00000 7.884 1500.0 12.0 0.0000 0.2744 37.41 0.1551
-11.2500 59.9970 0.3674 0.2834 0.3492 0.00000 6.962 1500.0 12.0 0.0000 0.4319 57.18 0.1484
-8.4375 59.9970 0.3829 0.2749 0.3422 0.00000 6.628 1500.0 12.0 0.0000 0.5880 77.01 0.1510
-5.6250 59.9970 0.4738 0.2189 0.3073 0.00000 6.000 1500.0 12.0 0.0000 0.9216 113.43 0.1576
-2.8125 59.9970 0.4424 0.2463 0.3113 0.00000 6.535 1500.0 12.0 0.0000 0.4082 51.13 0.1624
0.0000 57.2066 0.4585 0.2448 0.2968 0.00000 6.459 1500.0 12.0 0.0000 0.1748 21.55 0.1949
2.8125 57.2066 0.4306 0.2579 0.3115 0.00000 6.691 1500.0 12.0 0.0000 0.1917 24.14 0.1848
5.6250 57.2066 0.3689 0.2966 0.3345 0.00000 7.430 1500.0 12.0 0.0000 0.1683 22.10 0.1717
8.4375 57.2066 0.3846 0.2819 0.3336 0.00000 7.374 1500.0 12.0 0.0000 0.1961 25.55 0.1580
11.2500 57.2066 0.2741 0.3493 0.3766 0.00000 8.705 1500.0 12.0 0.0000 0.2251 31.50 0.1460
14.0625 57.2066 0.2622 0.3574 0.3803 0.00000 8.892 1500.0 12.0 0.0000 0.2860 40.30 0.1373
16.8750 57.2066 0.3336 0.3104 0.3560 0.00000 8.169 1500.0 12.0 0.0000 0.4929 66.49 0.1288
19.6875 57.2066 0.4092 0.2625 0.3283 0.00000 7.397 1500.0 12.0 0.0000 0.7221 92.74 0.1200
22.5000 57.2066 0.3948 0.2707 0.3345 0.00000 7.606 1500.0 12.0 0.0000 0.9814 127.31 0.1144
25.3125 57.2066 0.4860 0.2142 0.2997 0.00000 6.636 1500.0 12.0 0.0000 1.4181 172.76 0.1082
28.1250 57.2066 0.5638 0.1757 0.2605 0.00000 6.430 1500.0 12.0 0.0000 2.4501 280.29 0.1076
33.7500 57.2066 0.6082 0.1544 0.2374 0.00000 6.184 1500.0 12.0 0.0000 3.1697 349.07 0.1211
36.5625 57.2066 0.4322 0.2378 0.3300 0.00000 6.394 1500.0 12.0 0.0000 1.4465 183.95 0.1360
87.1875 57.2066 0.3582 0.2935 0.3483 0.00000 7.228 1500.0 12.0 0.0000 2.7639 367.30 0.1938
90.0000 57.2066 0.4182 0.2519 0.3299 0.00000 6.510 1500.0 12.0 0.0000 3.4588 442.72 0.1802
92.8125 57.2066 0.3818 0.2812 0.3370 0.00000 6.711 1500.0 12.0 0.0000 1.1584 151.38 0.2185
98.4375 57.2066 0.4242 0.2627 0.3131 0.00000 5.784 1500.0 12.0 0.0000 0.3378 42.72 0.3054
101.2500 57.2066 0.3640 0.2937 0.3422 0.00000 5.842 1500.0 12.0 0.0000 0.2510 33.15 0.3000
104.0625 57.2066 0.3362 0.3138 0.3499 0.00000 6.470 1500.0 12.0 0.0000 0.1182 15.88 0.2729
106.8750 57.2066 0.2786 0.3535 0.3680 0.00000 7.614 1500.0 12.0 0.0000 0.0775 10.78 0.2429
109.6875 57.2066 0.3048 0.3149 0.3803 0.00000 6.491 1500.0 12.0 0.0000 0.1276 17.65 0.2152
112.5000 57.2066 0.2822 0.3175 0.4003 0.00000 6.248 1500.0 12.0 0.0000 0.2109 29.76 0.2105
115.3125 57.2066 0.2869 0.3202 0.3929 0.00000 6.077 1500.0 12.0 0.0000 0.3872 54.32 0.2279
118.1250 57.2066 0.3579 0.2901 0.3519 0.00000 5.901 1500.0 12.0 0.0000 0.8103 107.89 0.2471
120.9375 57.2066 0.3410 0.3137 0.3454 0.00000 6.758 1500.0 12.0 0.0000 0.5276 70.55 0.2407
123.7500 57.2066 0.2756 0.3464 0.3780 0.00000 7.276 1500.0 12.0 0.0000 0.6394 89.47 0.2019
126.5625 57.2066 0.2796 0.3399 0.3806 0.00000 7.780 1500.0 12.0 0.0000 1.2248 171.31 0.1641
129.3750 57.2066 0.3728 0.2893 0.3378 0.00000 7.552 1500.0 12.0 0.0000 2.8893 379.30 0.1636
132.1875 57.2066 0.3756 0.2975 0.3269 0.00000 7.461 1500.0 12.0 0.0000 2.6763 348.83 0.1931
135.0000 57.2066 0.4033 0.2840 0.3127 0.00000 6.967 1500.0 12.0 0.0000 2.6710 341.07 0.2250
137.8125 57.2066 0.4272 0.2693 0.3034 0.00000 6.599 1500.0 12.0 0.0000 2.4443 307.02 0.2447
140.6250 57.2066 0.4626 0.2425 0.2949 0.00000 6.202 1500.0 12.0 0.0000 2.8244 347.07 0.2528
143.4375 57.2066 0.4053 0.2791 0.3156 0.00000 6.860 1500.0 12.0 0.0000 2.2206 283.74 0.2488
146.2500 57.2066 0.4239 0.2683 0.3079 0.00000 6.714 1500.0 12.0 0.0000 1.1873 149.74 0.2354
149.0625 57.2066 0.3641 0.3027 0.3332 0.00000 7.488 1500.0 12.0 0.0000 0.8265 108.66 0.2217
151.8750 57.2066 0.4149 0.2754 0.3098 0.00000 7.046 1500.0 12.0 0.0000 0.8494 107.70 0.2240
154.6875 57.2066 0.2957 0.3323 0.3720 0.00000 6.873 1500.0 12.0 0.0000 1.2457 172.27 0.2416
157.5000 57.2066 0.2571 0.3509 0.3920 0.00000 6.756 1500.0 12.0 0.0000 1.7196 244.21 0.2663
160.3125 57.2066 0.2565 0.3528 0.3907 0.00000 6.666 1500.0 12.0 0.0000 2.3773 337.49 0.2860
-149.0625 57.2066 0.3185 0.3348 0.3467 0.00000 7.076 1500.0 12.0 0.0000 1.2928 174.74 0.2930
-146.2500 57.2066 0.3653 0.3171 0.3176 0.00000 6.973 1500.0 12.0 0.0000 1.0444 136.10 0.3124
-143.4375 57.2066 0.4077 0.2874 0.3048 0.00000 6.715 1500.0 12.0 0.0000 1.0129 128.51 0.3017
-140.6250 57.2066 0.3663 0.2986 0.3351 0.00000 6.454 1500.0 12.0 0.0000 1.2568 165.24 0.2744
-137.8125 57.2066 0.3074 0.3120 0.3807 0.00000 6.441 1500.0 12.0 0.0000 1.0143 140.19 0.2380
-135.0000 57.2066 0.3325 0.2907 0.3768 0.00000 6.302 1500.0 12.0 0.0000 1.2341 168.37 0.1992
-132.1875 57.2066 0.3210 0.3067 0.3723 0.00000 6.872 1500.0 12.0 0.0000 0.9816 134.29 0.1915
-115.3125 57.2066 0.4214 0.2598 0.3188 0.00000 6.967 1500.0 12.0 0.0000 1.5143 192.37 0.1770
-112.5000 57.2066 0.3437 0.2899 0.3664 0.00000 6.457 1500.0 12.0 0.0000 2.4166 326.31 0.1888
-109.6875 57.2066 0.2870 0.3225 0.3905 0.00000 6.788 1500.0 12.0 0.0000 3.2193 451.09 0.1951
-106.8750 57.2066 0.3366 0.3106 0.3528 0.00000 7.244 1500.0 12.0 0.0000 1.6753 225.32 0.1976
-104.0625 57.2066 0.4484 0.2519 0.2996 0.00000 6.718 1500.0 12.0 0.0000 1.6471 204.35 0.1987
-101.2500 57.2066 0.4074 0.2793 0.3133 0.00000 7.329 1500.0 12.0 0.0000 1.0567 134.71 0.2030
-98.4375 57.2066 0.4546 0.2495 0.2958 0.00000 6.811 1500.0 12.0 0.0000 1.2596 155.47 0.2065
-95.6250 57.2066 0.5479 0.1987 0.2533 0.00000 6.238 1500.0 12.0 0.0000 2.0760 238.45 0.2068
-78.7500 57.2066 0.3616 0.2798 0.3586 0.00000 6.285 1500.0 12.0 0.0000 5.0000 667.04 0.2095
-75.9375 57.2066 0.3157 0.3168 0.3676 0.00000 6.889 1500.0 12.0 0.0000 4.7166 645.18 0.2054
-30.9375 57.2066 0.3629 0.2839 0.3532 0.00000 6.395 1500.0 12.0 0.0000 0.9392 124.87 0.2111
-28.1250 57.2066 0.4590 0.2395 0.3015 0.00000 6.362 1500.0 12.0 0.0000 0.6757 83.49 0.2113
-25.3125 57.2066 0.5455 0.2048 0.2497 0.00000 6.291 1500.0 12.0 0.0000 0.8793 100.90 0.2113
-22.5000 57.2066 0.5236 0.2208 0.2556 0.00000 6.610 1500.0 12.0 0.0000 0.7775 90.56 0.2047
-19.6875 57.2066 0.5776 0.1872 0.2352 0.00000 6.282 1500.0 12.0 0.0000 0.9372 104.79 0.1954
-16.8750 57.2066 0.6394 0.1531 0.2075 0.00000 5.937 1500.0 12.0 0.0000 1.7660 187.49 0.1898
-14.0625 57.2066 0.4931 0.2356 0.2713 0.00000 6.898 1500.0 12.0 0.0000 0.5412 64.63 0.1894
-11.2500 57.2066 0.4672 0.2487 0.2842 0.00000 6.795 1500.0 12.0 0.0000 0.3095 37.72 0.1932
-8.4375 57.2066 0.4806 0.2452 0.2743 0.00000 6.794 1500.0 12.0 0.0000 0.2536 30.53 0.1958
-5.6250 57.2066 0.4213 0.2729 0.3058 0.00000 7.012 1500.0 12.0 0.0000 0.1730 21.81 0.2000
-2.8125 57.2066 0.4553 0.2510 0.2936 0.00000 6.612 1500.0 12.0 0.0000 0.1748 21.54 0.2006
0.0000 54.4162 0.4292 0.2610 0.3097 0.00000 6.588 1500.0 12.0 0.0000 0.2050 25.82 0.2263
2.8125 54.4162 0.4708 0.2336 0.2956 0.00000 6.197 1500.0 12.0 0.0000 0.2446 29.95 0.2121
5.6250 54.4162 0.3617 0.3002 0.3380 0.00000 7.522 1500.0 12.0 0.0000 0.2935 38.73 0.1938
8.4375 54.4162 0.4016 0.2734 0.3250 0.00000 7.175 1500.0 12.0 0.0000 0.4338 55.81 0.1769
11.2500 54.4162 0.3065 0.3310 0.3625 0.00000 8.346 1500.0 12.0 0.0000 0.6880 94.25 0.1611
14.0625 54.4162 0.2953 0.3365 0.3682 0.00000 8.551 1500.0 12.0 0.0000 1.3064 180.36 0.1491
16.8750 54.4162 0.2561 0.3601 0.3837 0.00000 9.039 1500.0 12.0 0.0000 1.2479 176.58 0.1427
19.6875 54.4162 0.3813 0.2823 0.3364 0.00000 7.633 1500.0 12.0 0.0000 1.5910 207.89 0.1412
22.5000 54.4162 0.3777 0.2979 0.3243 0.00000 7.568 1500.0 12.0 0.0000 1.9408 252.38 0.1404
25.3125 54.4162 0.3710 0.2901 0.3389 0.00000 7.759 1500.0 12.0 0.0000 2.0694 272.04 0.1364
28.1250 54.4162 0.5016 0.2216 0.2768 0.00000 7.153 1500.0 12.0 0.0000 2.3235 277.14 0.1359
30.9375 54.4162 0.6135 0.1624 0.2241 0.00000 6.529 1500.0 12.0 0.0000 2.8109 306.05 0.1342
33.7500 54.4162 0.5012 0.2059 0.2930 0.00000 6.262 1500.0 12.0 0.0000 1.8698 225.20 0.1383
36.5625 54.4162 0.3705 0.2706 0.3589 0.00000 6.515 1500.0 12.0 0.0000 1.2318 163.71 0.1476
39.3750 54.4162 0.3806 0.2795 0.3399 0.00000 6.789 1500.0 12.0 0.0000 1.3101 171.57 0.1649
98.4375 54.4162 0.2991 0.3381 0.3628 0.00000 5.624 1500.0 12.0 0.0000 0.3291 45.23 0.3941
101.2500 54.4162 0.2863 0.3476 0.3661 0.00000 6.024 1500.0 12.0 0.0000 0.2009 27.82 0.3596
104.0625 54.4162 0.3094 0.3234 0.3672 0.00000 6.073 1500.0 12.0 0.0000 0.2352 32.26 0.2796
106.8750 54.4162 0.3131 0.3065 0.3804 0.00000 6.443 1500.0 12.0 0.0000 0.2432 33.52 0.1986
109.6875 54.4162 0.3336 0.2856 0.3808 0.00000 6.501 1500.0 12.0 0.0000 0.3619 49.45 0.1450
112.5000 54.4162 0.4695 0.2278 0.3026 0.00000 6.515 1500.0 12.0 0.0000 0.4211 51.81 0.1469
115.3125 54.4162 0.4744 0.2437 0.2819 0.00000 6.497 1500.0 12.0 0.0000 0.2022 24.52 0.2090
118.1250 54.4162 0.3433 0.3151 0.3416 0.00000 6.511 1500.0 12.0 0.0000 0.3110 41.46 0.2865
120.9375 54.4162 0.3333 0.3256 0.3411 0.00000 6.642 1500.0 12.0 0.0000 0.4241 56.78 0.3092
123.7500 54.4162 0.3779 0.3113 0.3109 0.00000 6.973 1500.0 12.0 0.0000 0.7943 102.53 0.2855
126.5625 54.4162 0.3526 0.3109 0.3365 0.00000 6.885 1500.0 12.0 0.0000 2.4936 330.13 0.2652
129.3750 54.4162 0.3486 0.3059 0.3455 0.00000 6.659 1500.0 12.0 0.0000 2.8173 375.45 0.2731
157.5000 54.4162 0.3643 0.2945 0.3413 0.00000 6.246 1500.0 12.0 0.0000 4.9253 650.30 0.3023
168.7500 54.4162 0.4984 0.2246 0.2770 0.00000 6.294 1500.0 12.0 0.0000 5.0000 597.42 0.2359
-154.6875 54.4162 0.3901 0.2776 0.3323 0.00000 6.453 1500.0 12.0 0.0000 3.7232 483.49 0.2692
-151.8750 54.4162 0.3047 0.3322 0.3631 0.00000 6.699 1500.0 12.0 0.0000 3.0892 423.64 0.3164
-149.0625 54.4162 0.2968 0.3589 0.3443 0.00000 7.095 1500.0 12.0 0.0000 2.2139 301.74 0.3351
-146.2500 54.4162 0.4319 0.2953 0.2728 0.00000 6.982 1500.0 12.0 0.0000 1.1673 143.80 0.3362
-143.4375 54.4162 0.4242 0.2869 0.2889 0.00000 6.721 1500.0 12.0 0.0000 0.5509 68.73 0.3319
-140.6250 54.4162 0.4703 0.2650 0.2647 0.00000 6.686 1500.0 12.0 0.0000 0.4842 58.25 0.3140
-137.8125 54.4162 0.4663 0.2516 0.2821 0.00000 6.192 1500.0 12.0 0.0000 0.8716 106.13 0.2867
-135.0000 54.4162 0.4522 0.2530 0.2948 0.00000 6.310 1500.0 12.0 0.0000 1.7828 220.18 0.2594
-132.1875 54.4162 0.2937 0.3183 0.3879 0.00000 6.354 1500.0 12.0 0.0000 1.4648 204.39 0.2304
-129.3750 54.4162 0.2853 0.3240 0.3907 0.00000 6.780 1500.0 12.0 0.0000 1.0534 147.72 0.2020
-126.5625 54.4162 0.4040 0.2596 0.3364 0.00000 6.655 1500.0 12.0 0.0000 1.6593 214.55 0.1627
-123.7500 54.4162 0.4652 0.2305 0.3043 0.00000 6.800 1500.0 12.0 0.0000 1.2159 150.03 0.1484
-115.3125 54.4162 0.4103 0.2610 0.3287 0.00000 6.659 1500.0 12.0 0.0000 1.8111 232.53 0.2036
-112.5000 54.4162 0.3791 0.2851 0.3357 0.00000 6.853 1500.0 12.0 0.0000 1.5031 196.54 0.2109
-109.6875 54.4162 0.3374 0.3012 0.3614 0.00000 6.655 1500.0 12.0 0.0000 1.7888 241.58 0.2139
-106.8750 54.4162 0.3130 0.3154 0.3717 0.00000 6.659 1500.0 12.0 0.0000 1.9402 266.27 0.2077
-104.0625 54.4162 0.2900 0.3216 0.3885 0.00000 6.575 1500.0 12.0 0.0000 2.0679 289.08 0.2125
-101.2500 54.4162 0.3718 0.2883 0.3399 0.00000 6.632 1500.0 12.0 0.0000 1.9169 252.05 0.2220
-98.4375 54.4162 0.4404 0.2581 0.3015 0.00000 6.474 1500.0 12.0 0.0000 2.0369 253.97 0.2279
-95.6250 54.4162 0.3417 0.3183 0.3400 0.00000 7.345 1500.0 12.0 0.0000 1.6471 219.56 0.2235
-92.8125 54.4162 0.4029 0.2711 0.3260 0.00000 6.382 1500.0 12.0 0.0000 3.3395 429.61 0.2170
-87.1875 54.4162 0.3717 0.2822 0.3461 0.00000 6.409 1500.0 12.0 0.0000 4.1617 549.02 0.2294
-84.3750 54.4162 0.3416 0.3045 0.3539 0.00000 6.489 1500.0 12.0 0.0000 4.2220 566.91 0.2480
-25.3125 54.4162 0.3907 0.2764 0.3329 0.00000 6.321 1500.0 12.0 0.0000 0.6677 86.71 0.2534
-22.5000 54.4162 0.5534 0.2073 0.2393 0.00000 6.223 1500.0 12.0 0.0000 1.4396 163.47 0.2477
-19.6875 54.4162 0.4981 0.2394 0.2624 0.00000 6.785 1500.0 12.0 0.0000 1.2651 149.89 0.2359
-16.8750 54.4162 0.3878 0.2913 0.3209 0.00000 7.314 1500.0 12.0 0.0000 0.5891 76.11 0.2246
-14.0625 54.4162 0.4212 0.2660 0.3128 0.00000 6.770 1500.0 12.0 0.0000 0.4405 55.78 0.2213
-11.2500 54.4162 0.3995 0.2833 0.3173 0.00000 6.927 1500.0 12.0 0.0000 0.2874 36.85 0.2282
-8.4375 54.4162 0.4235 0.2650 0.3114 0.00000 6.666 1500.0 12.0 0.0000 0.2196 27.76 0.2325
-5.6250 54.4162 0.3948 0.2861 0.3191 0.00000 6.927 1500.0 12.0 0.0000 0.1960 25.22 0.2368
-2.8125 54.4162 0.3796 0.2945 0.3259 0.00000 7.097 1500.0 12.0 0.0000 0.1909 24.83 0.2354
0.0000 51.6257 0.3255 0.3288 0.3457 0.00000 7.852 1500.0 12.0 0.0000 0.4359 58.70 0.2416
2.8125 51.6257 0.3806 0.2933 0.3261 0.00000 7.220 1500.0 12.0 0.0000 0.5790 75.27 0.2396
5.6250 51.6257 0.2899 0.3494 0.3607 0.00000 8.320 1500.0 12.0 0.0000 1.0923 150.58 0.2230
8.4375 51.6257 0.2840 0.3506 0.3653 0.00000 8.485 1500.0 12.0 0.0000 2.2047 305.42 0.2031
11.2500 51.6257 0.2411 0.3755 0.3834 0.00000 9.021 1500.0 12.0 0.0000 1.8424 262.30 0.1879
14.0625 51.6257 0.2418 0.3753 0.3829 0.00000 9.047 1500.0 12.0 0.0000 1.4904 212.07 0.1859
16.8750 51.6257 0.3184 0.3270 0.3546 0.00000 8.139 1500.0 12.0 0.0000 1.4507 196.88 0.1899
19.6875 51.6257 0.3650 0.2988 0.3362 0.00000 7.557 1500.0 12.0 0.0000 1.7202 226.44 0.1990
22.5000 51.6257 0.4088 0.2746 0.3166 0.00000 6.962 1500.0 12.0 0.0000 2.1118 269.55 0.2112
25.3125 51.6257 0.2699 0.3658 0.3643 0.00000 8.441 1500.0 12.0 0.0000 1.6518 230.11 0.2208
28.1250 51.6257 0.2644 0.3689 0.3666 0.00000 8.526 1500.0 12.0 0.0000 1.4230 198.93 0.2275
30.9375 51.6257 0.3609 0.3254 0.3137 0.00000 7.809 1500.0 12.0 0.0000 1.2823 167.09 0.2257
33.7500 51.6257 0.3629 0.2961 0.3410 0.00000 6.950 1500.0 12.0 0.0000 1.1475 151.58 0.2109
36.5625 51.6257 0.3125 0.3238 0.3637 0.00000 7.186 1500.0 12.0 0.0000 0.9981 136.44 0.2010
39.3750 51.6257 0.3962 0.2820 0.3218 0.00000 6.776 1500.0 12.0 0.0000 1.2364 159.19 0.2009
95.6250 51.6257 0.4251 0.2827 0.2922 0.00000 5.632 1500.0 12.0 0.0000 1.0269 128.31 0.4320
98.4375 51.6257 0.4314 0.2969 0.2717 0.00000 5.661 1500.0 12.0 0.0000 0.4380 53.93 0.4907
104.0625 51.6257 0.5098 0.2419 0.2483 0.00000 5.620 1500.0 12.0 0.0000 0.1409 16.45 0.3613
106.8750 51.6257 0.5111 0.2198 0.2691 0.00000 5.760 1500.0 12.0 0.0000 0.1018 12.03 0.2581
109.6875 51.6257 0.5359 0.2030 0.2611 0.00000 6.343 1500.0 12.0 0.0000 0.1516 17.60 0.1798
112.5000 51.6257 0.4892 0.2244 0.2864 0.00000 6.653 1500.0 12.0 0.0000 0.1393 16.81 0.1641
123.7500 51.6257 0.2864 0.3290 0.3846 0.00000 6.718 1500.0 12.0 0.0000 2.9862 417.29 0.2415
126.5625 51.6257 0.3497 0.2928 0.3575 0.00000 6.490 1500.0 12.0 0.0000 5.0000 670.20 0.2422
168.7500 51.6257 0.5511 0.2110 0.2378 0.00000 6.399 1500.0 12.0 0.0000 5.0000 567.90 0.2683
-154.6875 51.6257 0.3437 0.3125 0.3437 0.00000 7.246 1500.0 12.0 0.0000 2.5498 340.25 0.2805
-151.8750 51.6257 0.3497 0.2997 0.3506 0.00000 6.907 1500.0 12.0 0.0000 2.6696 356.55 0.2490
-149.0625 51.6257 0.3492 0.2922 0.3586 0.00000 6.779 1500.0 12.0 0.0000 3.3850 454.08 0.2119
-146.2500 51.6257 0.5640 0.1940 0.2421 0.00000 6.678 1500.0 12.0 0.0000 2.0890 236.29 0.1950
-143.4375 51.6257 0.4882 0.2418 0.2700 0.00000 7.143 1500.0 12.0 0.0000 0.8847 105.82 0.2183
-140.6250 51.6257 0.3649 0.3108 0.3243 0.00000 7.473 1500.0 12.0 0.0000 0.5755 75.28 0.2701
-137.8125 51.6257 0.3354 0.3308 0.3338 0.00000 7.517 1500.0 12.0 0.0000 0.4959 66.08 0.2960
-135.0000 51.6257 0.4602 0.2627 0.2771 0.00000 6.767 1500.0 12.0 0.0000 0.6553 79.81 0.2914
-132.1875 51.6257 0.3518 0.3033 0.3449 0.00000 6.427 1500.0 12.0 0.0000 1.2720 169.22 0.2739
-129.3750 51.6257 0.2811 0.3237 0.3952 0.00000 6.345 1500.0 12.0 0.0000 1.3644 192.10 0.2464
-126.5625 51.6257 0.4610 0.2443 0.2947 0.00000 6.678 1500.0 12.0 0.0000 1.0560 129.86 0.1994
-123.7500 51.6257 0.4910 0.2235 0.2855 0.00000 6.955 1500.0 12.0 0.0000 1.2471 150.31 0.1334
-112.5000 51.6257 0.3854 0.2826 0.3321 0.00000 7.166 1500.0 12.0 0.0000 1.2530 163.04 0.2164
-109.6875 51.6257 0.4519 0.2446 0.3035 0.00000 6.546 1500.0 12.0 0.0000 1.3533 167.99 0.2221
-104.0625 51.6257 0.3493 0.2918 0.3589 0.00000 6.418 1500.0 12.0 0.0000 1.2090 162.21 0.2280
-101.2500 51.6257 0.3431 0.2956 0.3613 0.00000 6.496 1500.0 12.0 0.0000 1.2590 169.59 0.2307
-98.4375 51.6257 0.3325 0.3066 0.3609 0.00000 6.736 1500.0 12.0 0.0000 1.4386 194.66 0.2415
-95.6250 51.6257 0.3193 0.3134 0.3672 0.00000 6.602 1500.0 12.0 0.0000 2.2368 305.43 0.2462
-92.8125 51.6257 0.3258 0.3137 0.3605 0.00000 6.830 1500.0 12.0 0.0000 2.8335 384.47 0.2394
-90.0000 51.6257 0.3537 0.2843 0.3620 0.00000 6.227 1500.0 12.0 0.0000 4.7673 639.40 0.2277
-87.1875 51.6257 0.3523 0.3015 0.3462 0.00000 6.799 1500.0 12.0 0.0000 4.4016 585.81 0.2484
-25.3125 51.6257 0.3294 0.3061 0.3644 0.00000 6.380 1500.0 12.0 0.0000 1.1885 161.33 0.2703
-22.5000 51.6257 0.4441 0.2577 0.2982 0.00000 6.569 1500.0 12.0 0.0000 2.0969 260.51 0.2392
-19.6875 51.6257 0.5602 0.1977 0.2421 0.00000 6.664 1500.0 12.0 0.0000 1.8249 206.83 0.1884
-16.8750 51.6257 0.4289 0.2600 0.3111 0.00000 7.457 1500.0 12.0 0.0000 0.7073 89.15 0.1324
-14.0625 51.6257 0.4261 0.2532 0.3207 0.00000 7.360 1500.0 12.0 0.0000 0.5932 75.27 0.1205
-11.2500 51.6257 0.4693 0.2276 0.3031 0.00000 6.815 1500.0 12.0 0.0000 0.5668 69.75 0.1361
-8.4375 51.6257 0.4570 0.2375 0.3055 0.00000 6.829 1500.0 12.0 0.0000 0.5344 66.25 0.1626
-5.6250 51.6257 0.3613 0.3008 0.3379 0.00000 7.725 1500.0 12.0 0.0000 0.4846 63.95 0.1960
-2.8125 51.6257 0.3105 0.3367 0.3527 0.00000 8.119 1500.0 12.0 0.0000 0.3913 53.24 0.2273
0.0000 48.8352 0.2629 0.3692 0.3679 0.00000 8.697 1500.0 12.0 0.0000 1.1629 162.79 0.2411
2.8125 48.8352 0.3230 0.3320 0.3450 0.00000 7.920 1500.0 12.0 0.0000 1.5497 208.85 0.2555
5.6250 48.8352 0.3479 0.3150 0.3371 0.00000 7.660 1500.0 12.0 0.0000 2.0041 265.99 0.2472
8.4375 48.8352 0.3437 0.3170 0.3393 0.00000 7.739 1500.0 12.0 0.0000 2.2206 295.63 0.2370
11.2500 48.8352 0.2549 0.3742 0.3709 0.00000 8.727 1500.0 12.0 0.0000 1.7132 240.99 0.2399
14.0625 48.8352 0.2926 0.3502 0.3572 0.00000 8.189 1500.0 12.0 0.0000 1.8394 252.82 0.2503
16.8750 48.8352 0.2969 0.3485 0.3546 0.00000 8.047 1500.0 12.0 0.0000 2.5586 350.53 0.2627
19.6875 48.8352 0.3972 0.2869 0.3159 0.00000 6.897 1500.0 12.0 0.0000 3.4746 445.73 0.2727
22.5000 48.8352 0.3860 0.2947 0.3193 0.00000 6.948 1500.0 12.0 0.0000 2.3272 300.65 0.2850
25.3125 48.8352 0.3689 0.3077 0.3234 0.00000 7.103 1500.0 12.0 0.0000 1.3517 176.41 0.2933
28.1250 48.8352 0.4432 0.2763 0.2805 0.00000 6.882 1500.0 12.0 0.0000 1.5774 194.09 0.2996
30.9375 48.8352 0.5703 0.2063 0.2235 0.00000 6.084 1500.0 12.0 0.0000 2.9872 332.86 0.2865
33.7500 48.8352 0.3959 0.2717 0.3324 0.00000 6.025 1500.0 12.0 0.0000 2.1755 281.75 0.2637
36.5625 48.8352 0.3613 0.2848 0.3540 0.00000 6.331 1500.0 12.0 0.0000 1.8179 241.97 0.2352
39.3750 48.8352 0.4094 0.2685 0.3221 0.00000 6.551 1500.0 12.0 0.0000 1.4150 181.09 0.2231
95.6250 48.8352 0.4043 0.2955 0.3001 0.00000 6.038 1500.0 12.0 0.0000 3.6281 459.86 0.4137
98.4375 48.8352 0.3687 0.3200 0.3113 0.00000 5.887 1500.0 12.0 0.0000 0.9251 119.96 0.5069
106.8750 48.8352 0.1131 0.5991 0.2878 0.00000 6.062 1500.0 12.0 0.0000 0.1160 16.63 0.3642
129.3750 48.8352 0.4272 0.2580 0.3148 0.00000 6.579 1500.0 12.0 0.0000 3.6257 458.29 0.2639
-151.8750 48.8352 0.4060 0.2564 0.3376 0.00000 7.128 1500.0 12.0 0.0000 0.6317 81.67 0.0628
-149.0625 48.8352 0.3811 0.2599 0.3590 0.00000 7.325 1500.0 12.0 0.0000 0.5632 74.49 0.0628
-146.2500 48.8352 0.4799 0.2147 0.3054 0.00000 7.253 1500.0 12.0 0.0000 0.5065 62.09 0.0628
-143.4375 48.8352 0.4013 0.2678 0.3309 0.00000 8.509 1500.0 12.0 0.0000 0.3655 47.18 0.0628
-140.6250 48.8352 0.3541 0.2913 0.3546 0.00000 8.603 1500.0 12.0 0.0000 0.2313 30.89 0.0628
-137.8125 48.8352 0.3138 0.3152 0.3710 0.00000 8.827 1500.0 12.0 0.0000 0.2513 34.47 0.0748
-135.0000 48.8352 0.2970 0.3474 0.3556 0.00000 8.574 1500.0 12.0 0.0000 0.5113 70.09 0.2176
-132.1875 48.8352 0.2768 0.3366 0.3866 0.00000 6.953 1500.0 12.0 0.0000 0.9026 126.78 0.2470
-129.3750 48.8352 0.2743 0.3312 0.3945 0.00000 6.686 1500.0 12.0 0.0000 1.7517 247.27 0.2307
-126.5625 48.8352 0.4474 0.2570 0.2956 0.00000 7.026 1500.0 12.0 0.0000 1.1036 136.68 0.2005
-25.3125 48.8352 0.3650 0.2764 0.3586 0.00000 7.266 1500.0 12.0 0.0000 2.0035 266.86 0.1306
-22.5000 48.8352 0.4567 0.2371 0.3061 0.00000 7.989 1500.0 12.0 0.0000 1.0141 125.77 0.0628
-19.6875 48.8352 0.4973 0.2145 0.2882 0.00000 7.725 1500.0 12.0 0.0000 0.6997 84.20 0.0628
-16.8750 48.8352 0.4189 0.2531 0.3280 0.00000 7.868 1500.0 12.0 0.0000 0.4302 54.99 0.0628
-14.0625 48.8352 0.4302 0.2454 0.3244 0.00000 7.551 1500.0 12.0 0.0000 0.4031 51.15 0.0628
-11.2500 48.8352 0.4924 0.2060 0.3016 0.00000 6.866 1500.0 12.0 0.0000 0.4600 55.92 0.0628
-8.4375 48.8352 0.4197 0.2496 0.3307 0.00000 7.679 1500.0 12.0 0.0000 0.5449 69.73 0.0628
-5.6250 48.8352 0.3824 0.2733 0.3443 0.00000 8.062 1500.0 12.0 0.0000 0.6664 87.40 0.0727
-2.8125 48.8352 0.3427 0.3102 0.3472 0.00000 8.108 1500.0 12.0 0.0000 1.0895 145.71 0.1757
0.0000 46.0447 0.4095 0.2765 0.3141 0.00000 7.082 1500.0 12.0 0.0000 1.0234 130.40 0.2489
2.8125 46.0447 0.4668 0.2405 0.2927 0.00000 6.349 1500.0 12.0 0.0000 1.0611 129.96 0.2593
5.6250 46.0447 0.3802 0.2962 0.3235 0.00000 7.277 1500.0 12.0 0.0000 1.1306 146.79 0.2653
8.4375 46.0447 0.3774 0.2992 0.3234 0.00000 7.253 1500.0 12.0 0.0000 1.1385 148.00 0.2755
11.2500 46.0447 0.3022 0.3545 0.3434 0.00000 7.969 1500.0 12.0 0.0000 1.0987 149.32 0.2968
14.0625 46.0447 0.3205 0.3433 0.3361 0.00000 7.672 1500.0 12.0 0.0000 1.5313 205.65 0.3177
16.8750 46.0447 0.3902 0.2972 0.3125 0.00000 6.855 1500.0 12.0 0.0000 2.2424 288.07 0.3257
19.6875 46.0447 0.4324 0.2676 0.2999 0.00000 6.327 1500.0 12.0 0.0000 3.6682 458.71 0.3248
22.5000 46.0447 0.4184 0.2769 0.3047 0.00000 6.565 1500.0 12.0 0.0000 4.0529 511.55 0.3196
25.3125 46.0447 0.4351 0.2693 0.2955 0.00000 6.489 1500.0 12.0 0.0000 2.5977 323.62 0.3075
28.1250 46.0447 0.4599 0.2734 0.2667 0.00000 6.989 1500.0 12.0 0.0000 3.2508 393.57 0.2949
30.9375 46.0447 0.6009 0.1803 0.2188 0.00000 6.027 1500.0 12.0 0.0000 4.7130 514.97 0.2529
33.7500 46.0447 0.4336 0.2446 0.3218 0.00000 6.376 1500.0 12.0 0.0000 2.6110 330.33 0.2032
-160.3125 46.0447 0.3328 0.2831 0.3841 0.00000 7.484 1500.0 12.0 0.0000 1.1941 163.49 0.0628
-157.5000 46.0447 0.4688 0.2143 0.3169 0.00000 6.930 1500.0 12.0 0.0000 1.3977 173.40 0.0628
-151.8750 46.0447 0.4867 0.2005 0.3128 0.00000 6.595 1500.0 12.0 0.0000 2.9108 357.14 0.0690
-149.0625 46.0447 0.4517 0.2207 0.3276 0.00000 6.914 1500.0 12.0 0.0000 1.4711 185.10 0.0628
-146.2500 46.0447 0.3424 0.2856 0.3719 0.00000 7.941 1500.0 12.0 0.0000 0.2969 40.23 0.0628
-143.4375 46.0447 0.4922 0.2160 0.2918 0.00000 7.767 1500.0 12.0 0.0000 0.2871 34.71 0.0628
-140.6250 46.0447 0.2884 0.3300 0.3817 0.00000 9.270 1500.0 12.0 0.0000 0.1915 26.70 0.0628
-137.8125 46.0447 0.2717 0.3378 0.3906 0.00000 9.274 1500.0 12.0 0.0000 0.1794 25.30 0.0628
-135.0000 46.0447 0.3138 0.3051 0.3811 0.00000 8.363 1500.0 12.0 0.0000 0.2065 28.47 0.0628
-132.1875 46.0447 0.2865 0.3033 0.4103 0.00000 7.648 1500.0 12.0 0.0000 0.3163 44.76 0.0628
-129.3750 46.0447 0.3034 0.2884 0.4082 0.00000 6.768 1500.0 12.0 0.0000 1.7121 240.34 0.1117
-126.5625 46.0447 0.3325 0.2787 0.3888 0.00000 7.060 1500.0 12.0 0.0000 0.9188 126.12 0.0782
-25.3125 46.0447 0.4248 0.2316 0.3436 0.00000 6.850 1500.0 12.0 0.0000 0.5114 65.76 0.0628
-22.5000 46.0447 0.3979 0.2599 0.3422 0.00000 7.898 1500.0 12.0 0.0000 0.7976 103.75 0.0628
-19.6875 46.0447 0.4741 0.2288 0.2971 0.00000 7.892 1500.0 12.0 0.0000 0.9486 116.07 0.0628
-16.8750 46.0447 0.5544 0.1820 0.2636 0.00000 7.309 1500.0 12.0 0.0000 0.9583 110.39 0.0628
-14.0625 46.0447 0.4598 0.2286 0.3116 0.00000 7.339 1500.0 12.0 0.0000 0.4854 60.29 0.0628
-11.2500 46.0447 0.4825 0.2116 0.3059 0.00000 6.982 1500.0 12.0 0.0000 0.5057 61.93 0.0628
-8.4375 46.0447 0.3929 0.2677 0.3393 0.00000 7.963 1500.0 12.0 0.0000 0.3194 41.58 0.0628
-5.6250 46.0447 0.3979 0.2627 0.3394 0.00000 7.924 1500.0 12.0 0.0000 0.2840 36.89 0.0628
-2.8125 46.0447 0.3810 0.2898 0.3292 0.00000 7.589 1500.0 12.0 0.0000 0.9266 120.62 0.2025
0.0000 43.2542 0.4425 0.2717 0.2857 0.00000 6.842 1500.0 12.0 0.0000 1.7620 217.52 0.2933
2.8125 43.2542 0.4006 0.2974 0.3020 0.00000 7.377 1500.0 12.0 0.0000 1.4744 187.40 0.2908
5.6250 43.2542 0.3968 0.2977 0.3055 0.00000 7.355 1500.0 12.0 0.0000 1.4136 180.33 0.2999
8.4375 43.2542 0.3693 0.3208 0.3098 0.00000 7.467 1500.0 12.0 0.0000 1.2387 160.45 0.3206
11.2500 43.2542 0.2908 0.3755 0.3337 0.00000 8.059 1500.0 12.0 0.0000 1.1552 157.00 0.3325
14.0625 43.2542 0.3361 0.3359 0.3280 0.00000 7.617 1500.0 12.0 0.0000 1.4894 197.78 0.3207
16.8750 43.2542 0.4430 0.2579 0.2991 0.00000 6.574 1500.0 12.0 0.0000 2.4399 303.42 0.2850
19.6875 43.2542 0.4025 0.2776 0.3199 0.00000 7.358 1500.0 12.0 0.0000 3.0278 388.31 0.2037
22.5000 43.2542 0.4055 0.2640 0.3305 0.00000 7.710 1500.0 12.0 0.0000 4.0069 516.12 0.1026
25.3125 43.2542 0.4694 0.2204 0.3101 0.00000 7.119 1500.0 12.0 0.0000 1.8708 231.13 0.0628
28.1250 43.2542 0.4999 0.2087 0.2913 0.00000 7.201 1500.0 12.0 0.0000 2.0431 245.98 0.0628
30.9375 43.2542 0.6485 0.1276 0.2238 0.00000 6.497 1500.0 12.0 0.0000 2.8467 303.90 0.0628
39.3750 43.2542 0.4651 0.2136 0.3213 0.00000 6.755 1500.0 12.0 0.0000 1.7633 219.68 0.0628
-163.1250 43.2542 0.4550 0.2274 0.3175 0.00000 7.150 1500.0 12.0 0.0000 1.1739 146.64 0.0628
-160.3125 43.2542 0.4532 0.2242 0.3227 0.00000 7.117 1500.0 12.0 0.0000 1.7895 224.39 0.0628
-157.5000 43.2542 0.4369 0.2347 0.3284 0.00000 7.281 1500.0 12.0 0.0000 0.8880 112.57 0.0628
-154.6875 43.2542 0.4735 0.2184 0.3081 0.00000 7.277 1500.0 12.0 0.0000 1.1454 141.07 0.0741
-151.8750 43.2542 0.4585 0.2331 0.3083 0.00000 7.733 1500.0 12.0 0.0000 0.6858 85.09 0.0774
-149.0625 43.2542 0.2623 0.3378 0.3998 0.00000 8.813 1500.0 12.0 0.0000 0.2768 39.38 0.0719
-146.2500 43.2542 0.4750 0.2159 0.3091 0.00000 7.134 1500.0 12.0 0.0000 0.3058 37.65 0.0628
-143.4375 43.2542 0.3208 0.2897 0.3895 0.00000 7.535 1500.0 12.0 0.0000 0.1705 23.54 0.0628
-140.6250 43.2542 0.3630 0.2787 0.3583 0.00000 8.025 1500.0 12.0 0.0000 0.1094 14.59 0.0628
-137.8125 43.2542 0.3859 0.2698 0.3442 0.00000 8.061 1500.0 12.0 0.0000 0.1958 25.63 0.0628
-135.0000 43.2542 0.5446 0.1768 0.2786 0.00000 6.686 1500.0 12.0 0.0000 0.6407 74.85 0.0628
-132.1875 43.2542 0.4200 0.2333 0.3467 0.00000 6.863 1500.0 12.0 0.0000 0.9722 125.48 0.0628
-129.3750 43.2542 0.3152 0.2811 0.4037 0.00000 7.133 1500.0 12.0 0.0000 0.4908 68.39 0.0628
-45.0000 43.2542 0.5093 0.2015 0.2892 0.00000 7.252 1500.0 12.0 0.0000 0.1009 12.07 0.0628
-42.1875 43.2542 0.4583 0.2241 0.3176 0.00000 7.198 1500.0 12.0 0.0000 0.0932 11.62 0.0628
-39.3750 43.2542 0.2944 0.3800 0.3256 0.00000 7.084 1500.0 12.0 0.0000 0.1086 14.68 0.0628
-22.5000 43.2542 0.3708 0.2619 0.3672 0.00000 7.091 1500.0 12.0 0.0000 0.6794 90.67 0.0628
-19.6875 43.2542 0.5438 0.1770 0.2792 0.00000 6.748 1500.0 12.0 0.0000 1.7253 201.71 0.0628
-16.8750 43.2542 0.5543 0.1855 0.2602 0.00000 7.409 1500.0 12.0 0.0000 1.2118 139.31 0.0628
-14.0625 43.2542 0.4272 0.2463 0.3265 0.00000 7.731 1500.0 12.0 0.0000 0.6711 85.39 0.0628
-11.2500 43.2542 0.4179 0.2521 0.3301 0.00000 7.694 1500.0 12.0 0.0000 0.4855 62.16 0.0628
-8.4375 43.2542 0.3352 0.3197 0.3451 0.00000 8.203 1500.0 12.0 0.0000 1.2605 168.96 0.1815
-5.6250 43.2542 0.3968 0.2931 0.3101 0.00000 7.296 1500.0 12.0 0.0000 1.2438 159.08 0.2769
-2.8125 43.2542 0.3761 0.3079 0.3160 0.00000 7.141 1500.0 12.0 0.0000 1.2212 158.21 0.3040
0.0000 40.4636 0.3275 0.3256 0.3470 0.00000 6.668 1500.0 12.0 0.0000 1.9979 269.00 0.3334
2.8125 40.4636 0.2987 0.3463 0.3549 0.00000 7.301 1500.0 12.0 0.0000 1.8911 258.93 0.3360
5.6250 40.4636 0.3387 0.3375 0.3238 0.00000 7.449 1500.0 12.0 0.0000 1.9767 261.60 0.3617
8.4375 40.4636 0.4611 0.2705 0.2683 0.00000 6.846 1500.0 12.0 0.0000 2.2363 270.86 0.3444
11.2500 40.4636 0.5044 0.2414 0.2543 0.00000 7.075 1500.0 12.0 0.0000 2.5951 305.02 0.2625
14.0625 40.4636 0.5913 0.1652 0.2435 0.00000 6.891 1500.0 12.0 0.0000 2.2128 246.87 0.0917
16.8750 40.4636 0.3775 0.2778 0.3447 0.00000 8.216 1500.0 12.0 0.0000 0.6595 86.71 0.0628
19.6875 40.4636 0.4467 0.2339 0.3194 0.00000 7.372 1500.0 12.0 0.0000 0.7064 88.69 0.0628
22.5000 40.4636 0.4921 0.2063 0.3017 0.00000 6.848 1500.0 12.0 0.0000 1.2339 150.03 0.0628
25.3125 40.4636 0.4375 0.2397 0.3228 0.00000 7.444 1500.0 12.0 0.0000 2.0456 258.45 0.0628
28.1250 40.4636 0.4977 0.2026 0.2998 0.00000 6.809 1500.0 12.0 0.0000 2.3212 281.16 0.0628
30.9375 40.4636 0.4825 0.2124 0.3051 0.00000 6.971 1500.0 12.0 0.0000 1.8293 223.92 0.0628
33.7500 40.4636 0.5370 0.1841 0.2789 0.00000 6.816 1500.0 12.0 0.0000 2.0237 237.38 0.0628
36.5625 40.4636 0.6246 0.1449 0.2305 0.00000 6.908 1500.0 12.0 0.0000 4.7785 519.24 0.0628
39.3750 40.4636 0.5155 0.1944 0.2900 0.00000 7.072 1500.0 12.0 0.0000 2.5332 302.40 0.0628
-165.9375 40.4636 0.3381 0.2975 0.3643 0.00000 8.074 1500.0 12.0 0.0000 1.5408 208.34 0.0628
-163.1250 40.4636 0.4620 0.2492 0.2889 0.00000 7.882 1500.0 12.0 0.0000 1.3674 167.52 0.0628
-160.3125 40.4636 0.4517 0.2411 0.3072 0.00000 7.927 1500.0 12.0 0.0000 1.3355 166.14 0.0642
-157.5000 40.4636 0.6069 0.1513 0.2418 0.00000 6.751 1500.0 12.0 0.0000 0.7182 79.36 0.0666
-154.6875 40.4636 0.5061 0.2060 0.2879 0.00000 7.360 1500.0 12.0 0.0000 0.2782 33.32 0.0680
-151.8750 40.4636 0.3211 0.3144 0.3645 0.00000 8.977 1500.0 12.0 0.0000 0.1270 17.31 0.0650
-149.0625 40.4636 0.2898 0.3150 0.3952 0.00000 8.251 1500.0 12.0 0.0000 0.1905 26.72 0.0664
-146.2500 40.4636 0.5376 0.1925 0.2699 0.00000 7.249 1500.0 12.0 0.0000 0.2931 34.18 0.0647
-143.4375 40.4636 0.3508 0.2655 0.3837 0.00000 7.041 1500.0 12.0 0.0000 0.2545 34.56 0.0628
-140.6250 40.4636 0.4297 0.2349 0.3354 0.00000 7.160 1500.0 12.0 0.0000 0.1154 14.74 0.0628
-137.8125 40.4636 0.3518 0.2901 0.3581 0.00000 8.452 1500.0 12.0 0.0000 0.1869 25.03 0.0628
-135.0000 40.4636 0.4295 0.2466 0.3239 0.00000 7.824 1500.0 12.0 0.0000 0.4112 52.18 0.0628
-132.1875 40.4636 0.4514 0.2312 0.3175 0.00000 7.618 1500.0 12.0 0.0000 0.7886 98.68 0.0628
-129.3750 40.4636 0.3639 0.2680 0.3682 0.00000 7.448 1500.0 12.0 0.0000 0.5050 67.64 0.0628
-126.5625 40.4636 0.3155 0.2874 0.3971 0.00000 7.166 1500.0 12.0 0.0000 1.5024 208.63 0.0722
-104.0625 40.4636 0.4755 0.2201 0.3044 0.00000 7.758 1500.0 12.0 0.0000 2.2125 271.65 0.0628
-47.8125 40.4636 0.6014 0.1529 0.2458 0.00000 6.799 1500.0 12.0 0.0000 0.2010 22.33 0.0628
-45.0000 40.4636 0.3539 0.2663 0.3798 0.00000 7.158 1500.0 12.0 0.0000 0.1729 23.40 0.0628
-42.1875 40.4636 0.3692 0.2615 0.3693 0.00000 7.234 1500.0 12.0 0.0000 0.1851 24.74 0.0628
-39.3750 40.4636 0.3432 0.3327 0.3242 0.00000 6.293 1500.0 12.0 0.0000 0.3145 41.55 0.4569
-36.5625 40.4636 0.3147 0.3864 0.2988 0.00000 5.992 1500.0 12.0 0.0000 0.2896 38.24 0.7509
-33.7500 40.4636 0.2487 0.4743 0.2771 0.00000 6.767 1500.0 12.0 0.0000 0.5675 76.31 0.6743
-22.5000 40.4636 0.3283 0.2767 0.3950 0.00000 7.145 1500.0 12.0 0.0000 0.7045 97.20 0.0628
-19.6875 40.4636 0.2989 0.3244 0.3767 0.00000 7.292 1500.0 12.0 0.0000 4.0433 559.71 0.2256
-16.8750 40.4636 0.3821 0.3125 0.3054 0.00000 7.362 1500.0 12.0 0.0000 2.8606 367.43 0.3048
-14.0625 40.4636 0.4054 0.3004 0.2942 0.00000 7.176 1500.0 12.0 0.0000 2.4060 303.80 0.3502
-11.2500 40.4636 0.4870 0.2525 0.2605 0.00000 6.264 1500.0 12.0 0.0000 3.8750 461.18 0.3706
-8.4375 40.4636 0.3788 0.3193 0.3019 0.00000 6.906 1500.0 12.0 0.0000 2.2643 290.74 0.4143
-5.6250 40.4636 0.2432 0.3872 0.3695 0.00000 7.008 1500.0 12.0 0.0000 1.6429 232.10 0.4218
-2.8125 40.4636 0.2598 0.3652 0.3750 0.00000 6.623 1500.0 12.0 0.0000 1.9758 277.91 0.3865
0.0000 37.6731 0.3507 0.3162 0.3331 0.00000 7.282 1500.0 12.0 0.0000 1.6162 213.79 0.3249
2.8125 37.6731 0.3605 0.3090 0.3305 0.00000 6.676 1500.0 12.0 0.0000 2.1664 284.88 0.3719
5.6250 37.6731 0.3693 0.3091 0.3216 0.00000 6.675 1500.0 12.0 0.0000 3.2341 421.59 0.3605
8.4375 37.6731 0.3668 0.2672 0.3660 0.00000 6.638 1500.0 12.0 0.0000 4.0067 535.33 0.1556
11.2500 37.6731 0.4783 0.2136 0.3081 0.00000 7.121 1500.0 12.0 0.0000 0.9628 118.29 0.0628
14.0625 37.6731 0.5477 0.1948 0.2575 0.00000 7.373 1500.0 12.0 0.0000 1.4667 168.90 0.0628
16.8750 37.6731 0.4485 0.2384 0.3131 0.00000 7.501 1500.0 12.0 0.0000 0.7692 96.15 0.0628
19.6875 37.6731 0.4393 0.2384 0.3224 0.00000 7.455 1500.0 12.0 0.0000 0.7908 99.80 0.0628
22.5000 37.6731 0.4894 0.2084 0.3022 0.00000 6.893 1500.0 12.0 0.0000 1.4745 179.58 0.0628
25.3125 37.6731 0.3200 0.3405 0.3395 0.00000 8.545 1500.0 12.0 0.0000 2.3427 315.25 0.0628
28.1250 37.6731 0.3143 0.3364 0.3494 0.00000 8.675 1500.0 12.0 0.0000 2.3145 313.85 0.0628
30.9375 37.6731 0.3868 0.2695 0.3437 0.00000 8.048 1500.0 12.0 0.0000 2.2351 292.46 0.0628
33.7500 37.6731 0.4632 0.2241 0.3127 0.00000 7.220 1500.0 12.0 0.0000 2.2604 280.51 0.0628
36.5625 37.6731 0.5584 0.1775 0.2641 0.00000 7.026 1500.0 12.0 0.0000 4.7358 544.53 0.0628
39.3750 37.6731 0.6908 0.1065 0.2027 0.00000 6.410 1500.0 12.0 0.0000 5.0000 513.70 0.0628
87.1875 37.6731 0.1584 0.5063 0.3352 0.00000 7.755 1500.0 12.0 0.0000 0.4660 67.09 0.0628
90.0000 37.6731 0.3588 0.3033 0.3379 0.00000 7.277 1500.0 12.0 0.0000 0.6527 86.24 0.0628
92.8125 37.6731 0.4058 0.2443 0.3499 0.00000 6.879 1500.0 12.0 0.0000 0.8805 114.59 0.0628
98.4375 37.6731 0.4073 0.2411 0.3516 0.00000 6.907 1500.0 12.0 0.0000 1.3324 173.44 0.0628
101.2500 37.6731 0.4334 0.2382 0.3284 0.00000 7.183 1500.0 12.0 0.0000 1.0518 133.56 0.0628
132.1875 37.6731 0.1034 0.5906 0.3059 0.00000 6.904 1500.0 12.0 0.0000 0.0857 12.44 0.0628
-168.7500 37.6731 0.4527 0.2247 0.3226 0.00000 7.019 1500.0 12.0 0.0000 1.1524 144.53 0.0628
-165.9375 37.6731 0.4158 0.2545 0.3296 0.00000 7.311 1500.0 12.0 0.0000 1.9780 253.44 0.0628
-163.1250 37.6731 0.4323 0.2562 0.3115 0.00000 7.856 1500.0 12.0 0.0000 0.7614 95.83 0.0638
-160.3125 37.6731 0.3915 0.2736 0.3348 0.00000 7.937 1500.0 12.0 0.0000 0.3564 46.32 0.0649
-157.5000 37.6731 0.4644 0.2230 0.3126 0.00000 7.199 1500.0 12.0 0.0000 0.2050 25.42 0.0628
-154.6875 37.6731 0.4093 0.2537 0.3370 0.00000 7.596 1500.0 12.0 0.0000 0.1579 20.38 0.0628
-151.8750 37.6731 0.3243 0.2923 0.3834 0.00000 7.777 1500.0 12.0 0.0000 0.1825 25.07 0.0628
-149.0625 37.6731 0.2920 0.2978 0.4103 0.00000 7.326 1500.0 12.0 0.0000 0.2382 33.63 0.0628
-146.2500 37.6731 0.3797 0.2701 0.3502 0.00000 7.822 1500.0 12.0 0.0000 0.1783 23.48 0.0628
-143.4375 37.6731 0.5517 0.1806 0.2678 0.00000 7.078 1500.0 12.0 0.0000 0.2821 32.62 0.0628
-140.6250 37.6731 0.3505 0.2588 0.3907 0.00000 6.696 1500.0 12.0 0.0000 0.4049 55.20 0.0628
-137.8125 37.6731 0.3946 0.2631 0.3423 0.00000 7.880 1500.0 12.0 0.0000 0.1620 21.11 0.0628
-135.0000 37.6731 0.3238 0.3077 0.3684 0.00000 8.772 1500.0 12.0 0.0000 0.1817 24.77 0.0636
-132.1875 37.6731 0.4527 0.2376 0.3097 0.00000 8.068 1500.0 12.0 0.0000 0.4376 54.49 0.0628
-129.3750 37.6731 0.4840 0.2216 0.2944 0.00000 7.118 1500.0 12.0 0.0000 2.8025 340.69 0.1353
-126.5625 37.6731 0.3438 0.2849 0.3712 0.00000 7.325 1500.0 12.0 0.0000 2.7383 370.65 0.1155
-118.1250 37.6731 0.0737 0.6190 0.3072 0.00000 7.089 1500.0 12.0 0.0000 0.2988 43.95 0.0628
-98.4375 37.6731 0.3737 0.2580 0.3683 0.00000 7.039 1500.0 12.0 0.0000 2.7620 368.35 0.0628
-95.6250 37.6731 0.4309 0.2341 0.3350 0.00000 6.967 1500.0 12.0 0.0000 2.4013 306.39 0.0628
-92.8125 37.6731 0.3831 0.2599 0.3570 0.00000 7.341 1500.0 12.0 0.0000 1.8540 244.74 0.0628
-87.1875 37.6731 0.4967 0.1971 0.3062 0.00000 6.602 1500.0 12.0 0.0000 2.1333 259.49 0.0628
-56.2500 37.6731 0.5546 0.1750 0.2704 0.00000 6.893 1500.0 12.0 0.0000 0.3229 37.34 0.0628
-53.4375 37.6731 0.3073 0.2905 0.4021 0.00000 7.398 1500.0 12.0 0.0000 0.3018 42.17 0.0628
-50.6250 37.6731 0.3177 0.2803 0.4020 0.00000 7.180 1500.0 12.0 0.0000 0.2646 36.81 0.0628
-47.8125 37.6731 0.3271 0.2801 0.3928 0.00000 7.417 1500.0 12.0 0.0000 0.1620 22.34 0.0628
-45.0000 37.6731 0.2974 0.2935 0.4091 0.00000 7.430 1500.0 12.0 0.0000 0.1374 19.35 0.0628
-42.1875 37.6731 0.3974 0.2457 0.3569 0.00000 7.152 1500.0 12.0 0.0000 0.1474 19.33 0.0628
-39.3750 37.6731 0.2759 0.3820 0.3421 0.00000 6.065 1500.0 12.0 0.0000 0.3977 54.64 0.6402
-36.5625 37.6731 0.2976 0.3965 0.3059 0.00000 5.142 1500.0 12.0 0.0000 0.3986 53.23 0.9958
-22.5000 37.6731 0.3307 0.3245 0.3448 0.00000 7.335 1500.0 12.0 0.0000 2.9279 393.19 0.2825
-19.6875 37.6731 0.2643 0.3608 0.3749 0.00000 6.393 1500.0 12.0 0.0000 4.3365 608.77 0.4170
-16.8750 37.6731 0.2463 0.3949 0.3588 0.00000 7.073 1500.0 12.0 0.0000 2.9236 410.30 0.4996
-14.0625 37.6731 0.2755 0.3729 0.3516 0.00000 6.480 1500.0 12.0 0.0000 4.1068 567.06 0.4978
-11.2500 37.6731 0.2546 0.3744 0.3710 0.00000 6.109 1500.0 12.0 0.0000 4.3975 618.70 0.4841
-8.4375 37.6731 0.2644 0.3737 0.3619 0.00000 6.540 1500.0 12.0 0.0000 2.8031 390.95 0.4758
-5.6250 37.6731 0.2660 0.3730 0.3610 0.00000 6.805 1500.0 12.0 0.0000 2.4952 347.60 0.4292
-2.8125 37.6731 0.4097 0.2944 0.2959 0.00000 7.141 1500.0 12.0 0.0000 1.9599 247.21 0.3260
11.2500 34.8825 0.4268 0.2344 0.3388 0.00000 6.940 1500.0 12.0 0.0000 0.6777 86.82 0.0628
14.0625 34.8825 0.5069 0.2063 0.2869 0.00000 7.528 1500.0 12.0 0.0000 1.1931 142.77 0.0628
16.8750 34.8825 0.4407 0.2433 0.3160 0.00000 7.894 1500.0 12.0 0.0000 1.0684 134.27 0.0628
19.6875 34.8825 0.4527 0.2298 0.3175 0.00000 7.309 1500.0 12.0 0.0000 1.0319 129.05 0.0628
22.5000 34.8825 0.4802 0.2134 0.3065 0.00000 7.000 1500.0 12.0 0.0000 2.0287 248.81 0.0628
25.3125 34.8825 0.3266 0.3210 0.3524 0.00000 8.601 1500.0 12.0 0.0000 2.2179 299.58 0.0628
28.1250 34.8825 0.2176 0.4171 0.3653 0.00000 9.500 1500.0 12.0 0.0000 1.7983 256.28 0.0628
30.9375 34.8825 0.2885 0.3458 0.3657 0.00000 8.942 1500.0 12.0 0.0000 1.9453 269.01 0.0628
33.7500 34.8825 0.3506 0.3103 0.3391 0.00000 8.249 1500.0 12.0 0.0000 1.4828 196.76 0.0628
36.5625 34.8825 0.3625 0.2986 0.3389 0.00000 8.624 1500.0 12.0 0.0000 1.2262 161.82 0.0628
39.3750 34.8825 0.5156 0.1997 0.2847 0.00000 7.289 1500.0 12.0 0.0000 1.5036 178.92 0.0628
42.1875 34.8825 0.5757 0.1638 0.2605 0.00000 6.644 1500.0 12.0 0.0000 2.0584 234.02 0.0628
45.0000 34.8825 0.6361 0.1336 0.2303 0.00000 6.517 1500.0 12.0 0.0000 4.6897 506.30 0.0628
47.8125 34.8825 0.5103 0.2000 0.2897 0.00000 7.223 1500.0 12.0 0.0000 1.5338 183.53 0.0628
50.6250 34.8825 0.4301 0.2309 0.3390 0.00000 6.862 1500.0 12.0 0.0000 0.7596 97.16 0.0628
87.1875 34.8825 0.4507 0.2340 0.3154 0.00000 7.567 1500.0 12.0 0.0000 0.5236 65.47 0.0628
90.0000 34.8825 0.3440 0.2735 0.3825 0.00000 7.283 1500.0 12.0 0.0000 0.9065 123.40 0.0628
92.8125 34.8825 0.3299 0.2844 0.3857 0.00000 7.401 1500.0 12.0 0.0000 1.2102 166.05 0.0628
95.6250 34.8825 0.4133 0.2477 0.3390 0.00000 7.424 1500.0 12.0 0.0000 1.0127 130.57 0.0628
98.4375 34.8825 0.5103 0.2035 0.2861 0.00000 7.370 1500.0 12.0 0.0000 1.3330 159.17 0.0628
101.2500 34.8825 0.6047 0.1547 0.2405 0.00000 6.955 1500.0 12.0 0.0000 2.1366 236.21 0.0700
104.0625 34.8825 0.4991 0.2024 0.2985 0.00000 6.665 1500.0 12.0 0.0000 2.5843 312.57 0.1017
123.7500 34.8825 0.3869 0.2457 0.3674 0.00000 6.682 1500.0 12.0 0.0000 0.2270 30.08 0.0628
126.5625 34.8825 0.4327 0.2291 0.3382 0.00000 6.812 1500.0 12.0 0.0000 0.0845 10.79 0.0655
129.3750 34.8825 0.4412 0.2269 0.3319 0.00000 6.903 1500.0 12.0 0.0000 0.0783 10.00 0.0641
132.1875 34.8825 0.3362 0.3086 0.3552 0.00000 7.607 1500.0 12.0 0.0000 0.0485 10.00 0.0628
135.0000 34.8825 0.3873 0.2739 0.3389 0.00000 7.434 1500.0 12.0 0.0000 0.0437 10.00 0.0628
143.4375 34.8825 0.3785 0.2740 0.3474 0.00000 7.486 1500.0 12.0 0.0000 0.0530 10.00 0.0628
146.2500 34.8825 0.2295 0.4285 0.3419 0.00000 8.163 1500.0 12.0 0.0000 0.0697 10.00 0.0628
-177.1875 34.8825 0.4532 0.2209 0.3259 0.00000 6.770 1500.0 12.0 0.0000 2.1078 264.79 0.0791
-174.3750 34.8825 0.4780 0.2157 0.3063 0.00000 7.018 1500.0 12.0 0.0000 1.5935 195.62 0.0779
-165.9375 34.8825 0.5428 0.1928 0.2644 0.00000 7.206 1500.0 12.0 0.0000 1.1348 131.57 0.0628
-163.1250 34.8825 0.3967 0.2693 0.3339 0.00000 8.130 1500.0 12.0 0.0000 0.3484 45.14 0.0628
-160.3125 34.8825 0.4080 0.2575 0.3345 0.00000 7.810 1500.0 12.0 0.0000 0.1612 20.78 0.0628
-157.5000 34.8825 0.4527 0.2271 0.3202 0.00000 7.227 1500.0 12.0 0.0000 0.2343 29.35 0.0628
-154.6875 34.8825 0.3085 0.2813 0.4101 0.00000 6.887 1500.0 12.0 0.0000 0.4491 62.96 0.0628
-151.8750 34.8825 0.3352 0.2891 0.3757 0.00000 7.027 1500.0 12.0 0.0000 1.8578 253.01 0.1569
-149.0625 34.8825 0.4328 0.2646 0.3026 0.00000 6.831 1500.0 12.0 0.0000 2.0420 255.69 0.2544
-146.2500 34.8825 0.4907 0.2417 0.2676 0.00000 6.991 1500.0 12.0 0.0000 0.9669 115.33 0.2505
-143.4375 34.8825 0.5261 0.2213 0.2526 0.00000 6.984 1500.0 12.0 0.0000 1.4715 170.86 0.2064
-140.6250 34.8825 0.2978 0.3227 0.3794 0.00000 7.302 1500.0 12.0 0.0000 1.2284 170.37 0.1927
-137.8125 34.8825 0.2840 0.3120 0.4040 0.00000 7.086 1500.0 12.0 0.0000 1.4446 204.04 0.1460
-135.0000 34.8825 0.2988 0.3152 0.3859 0.00000 8.619 1500.0 12.0 0.0000 0.1619 22.52 0.0628
-132.1875 34.8825 0.2883 0.3515 0.3603 0.00000 9.034 1500.0 12.0 0.0000 1.1163 153.97 0.1644
-129.3750 34.8825 0.2841 0.3355 0.3804 0.00000 8.322 1500.0 12.0 0.0000 2.3091 322.30 0.0954
-126.5625 34.8825 0.3138 0.3048 0.3814 0.00000 7.104 1500.0 12.0 0.0000 4.5285 624.33 0.1802
-98.4375 34.8825 0.3766 0.2502 0.3732 0.00000 6.694 1500.0 12.0 0.0000 1.5364 205.15 0.0628
-95.6250 34.8825 0.3856 0.2552 0.3592 0.00000 7.147 1500.0 12.0 0.0000 2.2049 291.08 0.0628
-92.8125 34.8825 0.3994 0.2533 0.3473 0.00000 7.387 1500.0 12.0 0.0000 2.7364 356.68 0.0628
-90.0000 34.8825 0.2954 0.3217 0.3829 0.00000 8.772 1500.0 12.0 0.0000 1.6711 232.42 0.0628
-87.1875 34.8825 0.3347 0.2799 0.3854 0.00000 7.428 1500.0 12.0 0.0000 1.8250 249.83 0.0628
-84.3750 34.8825 0.3836 0.2520 0.3645 0.00000 6.922 1500.0 12.0 0.0000 1.5221 201.68 0.0628
-81.5625 34.8825 0.3609 0.2645 0.3747 0.00000 7.062 1500.0 12.0 0.0000 0.7636 102.76 0.0628
-64.6875 34.8825 0.6167 0.1487 0.2345 0.00000 6.808 1500.0 12.0 0.0000 0.3070 33.59 0.0628
-61.8750 34.8825 0.3494 0.2766 0.3740 0.00000 7.579 1500.0 12.0 0.0000 0.1695 22.93 0.0628
-59.0625 34.8825 0.4514 0.2309 0.3177 0.00000 7.379 1500.0 12.0 0.0000 0.1784 22.32 0.0628
-56.2500 34.8825 0.4890 0.2016 0.3095 0.00000 6.841 1500.0 12.0 0.0000 0.6704 82.00 0.0628
-53.4375 34.8825 0.2902 0.3004 0.4094 0.00000 7.547 1500.0 12.0 0.0000 0.2317 32.72 0.0628
-50.6250 34.8825 0.4335 0.2306 0.3359 0.00000 7.078 1500.0 12.0 0.0000 0.1512 19.27 0.0628
-47.8125 34.8825 0.4663 0.2154 0.3183 0.00000 7.091 1500.0 12.0 0.0000 0.0799 10.00 0.0628
-45.0000 34.8825 0.4391 0.2313 0.3296 0.00000 7.151 1500.0 12.0 0.0000 0.0588 10.00 0.0628
-42.1875 34.8825 0.5850 0.1662 0.2488 0.00000 7.123 1500.0 12.0 0.0000 0.1465 16.45 0.0628
-39.3750 34.8825 0.3784 0.2918 0.3298 0.00000 8.381 1500.0 12.0 0.0000 0.4355 56.78 0.1033
-36.5625 34.8825 0.3268 0.3585 0.3147 0.00000 6.634 1500.0 12.0 0.0000 1.3854 183.46 0.5891
-19.6875 34.8825 0.4267 0.2671 0.3063 0.00000 6.424 1500.0 12.0 0.0000 3.8083 479.22 0.3229
-16.8750 34.8825 0.3189 0.3540 0.3271 0.00000 7.075 1500.0 12.0 0.0000 3.7355 499.67 0.4539
11.2500 32.0919 0.4288 0.2331 0.3381 0.00000 6.880 1500.0 12.0 0.0000 0.5530 70.75 0.0628
14.0625 32.0919 0.5027 0.2083 0.2890 0.00000 7.440 1500.0 12.0 0.0000 1.0498 126.05 0.0628
16.8750 32.0919 0.5106 0.2026 0.2868 0.00000 7.317 1500.0 12.0 0.0000 1.5256 182.22 0.0628
19.6875 32.0919 0.4333 0.2416 0.3251 0.00000 7.525 1500.0 12.0 0.0000 1.8705 237.09 0.0628
22.5000 32.0919 0.4917 0.2063 0.3020 0.00000 6.872 1500.0 12.0 0.0000 1.4924 181.54 0.0628
25.3125 32.0919 0.3603 0.2943 0.3454 0.00000 8.274 1500.0 12.0 0.0000 1.6083 213.20 0.0628
28.1250 32.0919 0.2192 0.4114 0.3694 0.00000 9.500 1500.0 12.0 0.0000 2.8981 413.56 0.0628
30.9375 32.0919 0.2126 0.4246 0.3628 0.00000 9.500 1500.0 12.0 0.0000 1.5409 219.79 0.0628
33.7500 32.0919 0.2208 0.4082 0.3710 0.00000 9.500 1500.0 12.0 0.0000 0.9789 139.71 0.0628
36.5625 32.0919 0.3124 0.3427 0.3449 0.00000 8.628 1500.0 12.0 0.0000 0.8796 119.10 0.0628
39.3750 32.0919 0.4943 0.2052 0.3005 0.00000 6.840 1500.0 12.0 0.0000 0.8366 101.54 0.0628
42.1875 32.0919 0.4982 0.2024 0.2994 0.00000 6.800 1500.0 12.0 0.0000 0.9349 113.19 0.0628
45.0000 32.0919 0.6179 0.1429 0.2393 0.00000 6.559 1500.0 12.0 0.0000 2.0324 222.91 0.0628
47.8125 32.0919 0.6639 0.1199 0.2162 0.00000 6.504 1500.0 12.0 0.0000 2.9025 305.63 0.0628
50.6250 32.0919 0.4697 0.2168 0.3135 0.00000 7.047 1500.0 12.0 0.0000 0.7769 96.16 0.0628
53.4375 32.0919 0.3786 0.2542 0.3672 0.00000 7.007 1500.0 12.0 0.0000 0.6779 90.15 0.0628
90.0000 32.0919 0.3597 0.2724 0.3679 0.00000 7.539 1500.0 12.0 0.0000 1.1935 160.13 0.0628
92.8125 32.0919 0.3311 0.2766 0.3923 0.00000 7.125 1500.0 12.0 0.0000 1.1500 158.24 0.0628
95.6250 32.0919 0.4741 0.2236 0.3023 0.00000 7.684 1500.0 12.0 0.0000 1.0592 129.98 0.0628
98.4375 32.0919 0.4770 0.2289 0.2942 0.00000 7.860 1500.0 12.0 0.0000 0.8158 99.51 0.0628
101.2500 32.0919 0.5243 0.2036 0.2721 0.00000 7.506 1500.0 12.0 0.0000 1.2880 151.45 0.0628
123.7500 32.0919 0.3612 0.2611 0.3777 0.00000 6.968 1500.0 12.0 0.0000 0.1971 26.56 0.0628
126.5625 32.0919 0.3246 0.2835 0.3919 0.00000 7.341 1500.0 12.0 0.0000 0.0883 12.19 0.0628
129.3750 32.0919 0.3218 0.2867 0.3915 0.00000 7.292 1500.0 12.0 0.0000 0.2434 33.61 0.0737
132.1875 32.0919 0.3167 0.2865 0.3969 0.00000 7.293 1500.0 12.0 0.0000 0.1608 22.32 0.0628
135.0000 32.0919 0.3430 0.2784 0.3786 0.00000 7.517 1500.0 12.0 0.0000 0.0984 13.37 0.0628
137.8125 32.0919 0.4077 0.2400 0.3522 0.00000 6.809 1500.0 12.0 0.0000 0.1151 14.98 0.0628
140.6250 32.0919 0.3382 0.2700 0.3918 0.00000 7.008 1500.0 12.0 0.0000 0.1045 14.33 0.0628
143.4375 32.0919 0.4151 0.2522 0.3327 0.00000 7.661 1500.0 12.0 0.0000 0.1004 12.89 0.0628
146.2500 32.0919 0.3938 0.2691 0.3372 0.00000 8.160 1500.0 12.0 0.0000 0.1150 14.95 0.0628
149.0625 32.0919 0.3936 0.2872 0.3191 0.00000 7.129 1500.0 12.0 0.0000 0.1144 14.73 0.0628
-177.1875 32.0919 0.5557 0.1935 0.2509 0.00000 7.059 1500.0 12.0 0.0000 1.6026 183.05 0.0856
-174.3750 32.0919 0.5985 0.1587 0.2429 0.00000 6.883 1500.0 12.0 0.0000 1.4505 161.14 0.0790
-168.7500 32.0919 0.4644 0.2321 0.3035 0.00000 7.166 1500.0 12.0 0.0000 0.4402 54.31 0.0642
-165.9375 32.0919 0.4463 0.2345 0.3193 0.00000 7.209 1500.0 12.0 0.0000 0.6904 86.70 0.0628
-163.1250 32.0919 0.4162 0.2575 0.3263 0.00000 7.843 1500.0 12.0 0.0000 0.2370 30.31 0.0628
-160.3125 32.0919 0.3662 0.2864 0.3475 0.00000 8.237 1500.0 12.0 0.0000 0.2350 31.11 0.0705
-157.5000 32.0919 0.3286 0.2967 0.3747 0.00000 7.838 1500.0 12.0 0.0000 0.2889 39.44 0.0654
-154.6875 32.0919 0.2965 0.2947 0.4088 0.00000 7.453 1500.0 12.0 0.0000 0.3458 48.70 0.0628
-151.8750 32.0919 0.5223 0.1962 0.2815 0.00000 7.126 1500.0 12.0 0.0000 0.3743 44.31 0.0689
-149.0625 32.0919 0.4994 0.2064 0.2942 0.00000 7.011 1500.0 12.0 0.0000 0.2656 32.04 0.0810
-143.4375 32.0919 0.5514 0.2140 0.2347 0.00000 6.426 1500.0 12.0 0.0000 1.8893 214.14 0.3032
-140.6250 32.0919 0.4152 0.3065 0.2783 0.00000 6.617 1500.0 12.0 0.0000 1.3981 174.17 0.4891
-137.8125 32.0919 0.2697 0.3763 0.3539 0.00000 6.635 1500.0 12.0 0.0000 1.9385 268.65 0.5013
-135.0000 32.0919 0.2738 0.3742 0.3520 0.00000 7.331 1500.0 12.0 0.0000 1.3216 182.67 0.4334
-132.1875 32.0919 0.3145 0.3356 0.3500 0.00000 7.956 1500.0 12.0 0.0000 1.4876 201.75 0.2699
-129.3750 32.0919 0.2978 0.3071 0.3950 0.00000 7.830 1500.0 12.0 0.0000 1.8764 262.28 0.0876
-126.5625 32.0919 0.3218 0.3055 0.3727 0.00000 7.474 1500.0 12.0 0.0000 4.0060 547.96 0.1615
-98.4375 32.0919 0.4206 0.2321 0.3473 0.00000 6.716 1500.0 12.0 0.0000 1.5624 201.66 0.0628
-95.6250 32.0919 0.5272 0.1921 0.2807 0.00000 7.064 1500.0 12.0 0.0000 1.7851 210.68 0.0628
-92.8125 32.0919 0.5317 0.1944 0.2739 0.00000 7.399 1500.0 12.0 0.0000 1.3572 159.16 0.0628
-90.0000 32.0919 0.3660 0.2851 0.3489 0.00000 8.395 1500.0 12.0 0.0000 1.3102 173.56 0.0735
-87.1875 32.0919 0.4920 0.2158 0.2922 0.00000 7.439 1500.0 12.0 0.0000 1.4869 179.81 0.0686
-84.3750 32.0919 0.4470 0.2418 0.3112 0.00000 8.078 1500.0 12.0 0.0000 0.6723 84.01 0.0628
-81.5625 32.0919 0.3756 0.2762 0.3483 0.00000 8.270 1500.0 12.0 0.0000 0.6532 86.12 0.0628
-78.7500 32.0919 0.3513 0.2802 0.3685 0.00000 7.722 1500.0 12.0 0.0000 0.5017 67.58 0.0628
-75.9375 32.0919 0.3991 0.2507 0.3503 0.00000 7.210 1500.0 12.0 0.0000 0.1538 20.08 0.0628
-64.6875 32.0919 0.4579 0.2320 0.3100 0.00000 7.607 1500.0 12.0 0.0000 0.1379 17.13 0.0628
-61.8750 32.0919 0.2953 0.2941 0.4107 0.00000 7.329 1500.0 12.0 0.0000 0.3432 48.40 0.0628
-59.0625 32.0919 0.2934 0.2960 0.4106 0.00000 7.347 1500.0 12.0 0.0000 0.2755 38.88 0.0628
-56.2500 32.0919 0.3209 0.2849 0.3943 0.00000 7.314 1500.0 12.0 0.0000 0.1664 23.02 0.0628
-53.4375 32.0919 0.3772 0.2626 0.3603 0.00000 7.500 1500.0 12.0 0.0000 0.0971 12.88 0.0628
-50.6250 32.0919 0.4060 0.2589 0.3351 0.00000 7.856 1500.0 12.0 0.0000 0.0408 10.00 0.0628
-47.8125 32.0919 0.4000 0.2629 0.3370 0.00000 7.892 1500.0 12.0 0.0000 0.0269 10.00 0.0628
-45.0000 32.0919 0.4224 0.2478 0.3297 0.00000 7.670 1500.0 12.0 0.0000 0.0252 10.00 0.0628
-42.1875 32.0919 0.4952 0.2107 0.2941 0.00000 7.459 1500.0 12.0 0.0000 0.0481 10.00 0.0628
-39.3750 32.0919 0.5377 0.1903 0.2720 0.00000 7.294 1500.0 12.0 0.0000 0.1802 21.04 0.0628
-36.5625 32.0919 0.3521 0.2670 0.3809 0.00000 7.217 1500.0 12.0 0.0000 0.3367 45.63 0.0628
-33.7500 32.0919 0.3252 0.2857 0.3891 0.00000 7.557 1500.0 12.0 0.0000 0.2296 31.63 0.0628
-30.9375 32.0919 0.4867 0.2115 0.3017 0.00000 6.976 1500.0 12.0 0.0000 0.5885 71.75 0.0905
-16.8750 32.0919 0.4657 0.2247 0.3095 0.00000 7.421 1500.0 12.0 0.0000 0.5163 63.87 0.0628
14.0625 29.3014 0.3039 0.3465 0.3497 0.00000 8.344 1500.0 12.0 0.0000 1.3877 189.06 0.0628
16.8750 29.3014 0.4445 0.2426 0.3129 0.00000 8.051 1500.0 12.0 0.0000 3.8932 487.55 0.0628
19.6875 29.3014 0.5091 0.1969 0.2939 0.00000 6.778 1500.0 12.0 0.0000 2.1230 254.82 0.0628
22.5000 29.3014 0.4982 0.2024 0.2994 0.00000 6.800 1500.0 12.0 0.0000 1.2834 155.38 0.0628
25.3125 29.3014 0.4351 0.2420 0.3229 0.00000 7.494 1500.0 12.0 0.0000 1.4607 184.78 0.0628
28.1250 29.3014 0.2501 0.3567 0.3932 0.00000 9.500 1500.0 12.0 0.0000 1.4689 209.35 0.0628
30.9375 29.3014 0.2710 0.3454 0.3835 0.00000 9.297 1500.0 12.0 0.0000 1.4775 207.72 0.0628
33.7500 29.3014 0.3760 0.2797 0.3442 0.00000 8.131 1500.0 12.0 0.0000 0.9040 118.90 0.0628
36.5625 29.3014 0.4338 0.2412 0.3250 0.00000 7.522 1500.0 12.0 0.0000 0.4962 62.89 0.0628
39.3750 29.3014 0.4976 0.2027 0.2997 0.00000 6.807 1500.0 12.0 0.0000 0.3910 47.36 0.0628
42.1875 29.3014 0.4966 0.2032 0.3002 0.00000 6.820 1500.0 12.0 0.0000 0.4168 50.52 0.0628
45.0000 29.3014 0.4636 0.2313 0.3052 0.00000 7.306 1500.0 12.0 0.0000 1.4870 183.72 0.0995
47.8125 29.3014 0.6282 0.1474 0.2245 0.00000 6.796 1500.0 12.0 0.0000 3.7445 404.48 0.1028
50.6250 29.3014 0.5598 0.1801 0.2600 0.00000 6.821 1500.0 12.0 0.0000 1.6029 183.71 0.0628
53.4375 29.3014 0.2234 0.4248 0.3518 0.00000 7.982 1500.0 12.0 0.0000 0.7441 105.08 0.0628
87.1875 29.3014 0.2829 0.3281 0.3890 0.00000 7.218 1500.0 12.0 0.0000 1.1497 161.25 0.0628
90.0000 29.3014 0.2753 0.3274 0.3974 0.00000 7.919 1500.0 12.0 0.0000 0.8818 124.60 0.0628
92.8125 29.3014 0.4569 0.2336 0.3096 0.00000 7.804 1500.0 12.0 0.0000 0.7560 93.94 0.0628
95.6250 29.3014 0.4652 0.2295 0.3053 0.00000 7.570 1500.0 12.0 0.0000 0.6832 84.35 0.0689
98.4375 29.3014 0.4258 0.2569 0.3172 0.00000 7.555 1500.0 12.0 0.0000 0.5029 63.70 0.0628
101.2500 29.3014 0.4272 0.2701 0.3027 0.00000 7.718 1500.0 12.0 0.0000 1.3586 170.59 0.0709
123.7500 29.3014 0.2628 0.3742 0.3630 0.00000 7.800 1500.0 12.0 0.0000 0.1042 14.56 0.0628
126.5625 29.3014 0.2944 0.3048 0.4008 0.00000 7.471 1500.0 12.0 0.0000 0.1498 21.03 0.0628
129.3750 29.3014 0.4150 0.2374 0.3476 0.00000 6.960 1500.0 12.0 0.0000 0.3201 41.44 0.0668
132.1875 29.3014 0.5349 0.1949 0.2702 0.00000 7.033 1500.0 12.0 0.0000 0.4084 47.71 0.0715
135.0000 29.3014 0.4536 0.2240 0.3224 0.00000 7.166 1500.0 12.0 0.0000 0.2363 29.62 0.0628
137.8125 29.3014 0.3345 0.3049 0.3606 0.00000 6.562 1500.0 12.0 0.0000 1.7072 230.77 0.2842
140.6250 29.3014 0.2590 0.4002 0.3408 0.00000 6.543 1500.0 12.0 0.0000 0.9339 129.18 0.6242
143.4375 29.3014 0.4335 0.3275 0.2389 0.00000 6.459 1500.0 12.0 0.0000 1.3118 158.35 0.6423
146.2500 29.3014 0.4371 0.3152 0.2477 0.00000 6.904 1500.0 12.0 0.0000 0.9423 114.13 0.5540
149.0625 29.3014 0.2304 0.4423 0.3274 0.00000 7.867 1500.0 12.0 0.0000 0.8759 121.83 0.2388
171.5625 29.3014 0.2825 0.3859 0.3316 0.00000 7.492 1500.0 12.0 0.0000 4.5079 614.22 0.0884
174.3750 29.3014 0.4658 0.2245 0.3097 0.00000 7.125 1500.0 12.0 0.0000 2.1616 267.45 0.0799
-177.1875 29.3014 0.4442 0.2366 0.3192 0.00000 7.392 1500.0 12.0 0.0000 0.4572 57.47 0.0628
-174.3750 29.3014 0.4264 0.2456 0.3280 0.00000 7.604 1500.0 12.0 0.0000 0.3677 46.83 0.0628
-171.5625 29.3014 0.3088 0.3501 0.3411 0.00000 8.653 1500.0 12.0 0.0000 0.2908 39.36 0.0628
-168.7500 29.3014 0.2838 0.3764 0.3398 0.00000 8.843 1500.0 12.0 0.0000 0.3237 44.27 0.0628
-165.9375 29.3014 0.4273 0.2541 0.3186 0.00000 7.521 1500.0 12.0 0.0000 0.5484 69.46 0.0628
-163.1250 29.3014 0.4690 0.2178 0.3133 0.00000 6.965 1500.0 12.0 0.0000 0.2103 26.04 0.0628
-160.3125 29.3014 0.3892 0.2675 0.3433 0.00000 7.648 1500.0 12.0 0.0000 0.1588 20.75 0.0628
-157.5000 29.3014 0.3333 0.2802 0.3864 0.00000 7.285 1500.0 12.0 0.0000 0.2262 31.00 0.0628
-154.6875 29.3014 0.2937 0.3042 0.4021 0.00000 7.816 1500.0 12.0 0.0000 0.3087 43.39 0.0628
-151.8750 29.3014 0.5272 0.1945 0.2783 0.00000 7.148 1500.0 12.0 0.0000 0.2442 28.78 0.0642
-140.6250 29.3014 0.3093 0.3597 0.3310 0.00000 7.588 1500.0 12.0 0.0000 0.9458 127.31 0.2460
-137.8125 29.3014 0.2326 0.4228 0.3446 0.00000 7.246 1500.0 12.0 0.0000 1.9979 280.03 0.5606
-135.0000 29.3014 0.2109 0.4318 0.3572 0.00000 7.521 1500.0 12.0 0.0000 1.8680 265.92 0.5840
-132.1875 29.3014 0.2661 0.3742 0.3598 0.00000 7.136 1500.0 12.0 0.0000 2.2408 311.96 0.4414
-129.3750 29.3014 0.2879 0.3457 0.3664 0.00000 8.295 1500.0 12.0 0.0000 0.3131 43.32 0.0628
-101.2500 29.3014 0.2960 0.3506 0.3534 0.00000 7.343 1500.0 12.0 0.0000 1.5924 218.13 0.0628
-98.4375 29.3014 0.2748 0.3665 0.3587 0.00000 7.689 1500.0 12.0 0.0000 1.7125 237.39 0.0628
-95.6250 29.3014 0.5367 0.1962 0.2671 0.00000 7.158 1500.0 12.0 0.0000 1.6570 193.03 0.0628
-92.8125 29.3014 0.5088 0.2067 0.2846 0.00000 7.536 1500.0 12.0 0.0000 1.1368 135.73 0.0684
-90.0000 29.3014 0.3329 0.3074 0.3596 0.00000 8.606 1500.0 12.0 0.0000 0.5281 71.39 0.0668
-87.1875 29.3014 0.4400 0.2377 0.3223 0.00000 7.450 1500.0 12.0 0.0000 0.4134 52.15 0.0628
-84.3750 29.3014 0.4343 0.2431 0.3226 0.00000 7.506 1500.0 12.0 0.0000 0.4876 61.70 0.0628
-81.5625 29.3014 0.4223 0.2545 0.3232 0.00000 8.097 1500.0 12.0 0.0000 0.5788 73.67 0.0628
-78.7500 29.3014 0.5029 0.2154 0.2817 0.00000 7.684 1500.0 12.0 0.0000 0.2353 28.13 0.0628
-75.9375 29.3014 0.3733 0.3046 0.3221 0.00000 7.674 1500.0 12.0 0.0000 0.1595 20.75 0.0628
-73.1250 29.3014 0.3391 0.2851 0.3758 0.00000 7.376 1500.0 12.0 0.0000 0.1293 17.57 0.0628
-70.3125 29.3014 0.3406 0.2914 0.3680 0.00000 7.434 1500.0 12.0 0.0000 0.1082 14.64 0.0628
-67.5000 29.3014 0.3892 0.2450 0.3657 0.00000 6.828 1500.0 12.0 0.0000 0.1550 20.51 0.0628
-64.6875 29.3014 0.3640 0.2645 0.3715 0.00000 7.157 1500.0 12.0 0.0000 0.2046 27.46 0.0628
-61.8750 29.3014 0.2907 0.3170 0.3924 0.00000 8.154 1500.0 12.0 0.0000 0.2317 32.44 0.0628
-59.0625 29.3014 0.4079 0.2568 0.3353 0.00000 7.729 1500.0 12.0 0.0000 0.1601 20.65 0.0628
-56.2500 29.3014 0.4939 0.2112 0.2950 0.00000 7.343 1500.0 12.0 0.0000 0.0910 11.01 0.0628
-53.4375 29.3014 0.3736 0.2788 0.3476 0.00000 8.210 1500.0 12.0 0.0000 0.0541 10.00 0.0628
-50.6250 29.3014 0.3074 0.3172 0.3754 0.00000 8.943 1500.0 12.0 0.0000 0.0451 10.00 0.0628
-47.8125 29.3014 0.2859 0.3303 0.3838 0.00000 9.179 1500.0 12.0 0.0000 0.0461 10.00 0.0628
-45.0000 29.3014 0.2756 0.3364 0.3879 0.00000 9.296 1500.0 12.0 0.0000 0.0618 10.00 0.0628
-42.1875 29.3014 0.3373 0.2995 0.3632 0.00000 8.630 1500.0 12.0 0.0000 0.0807 10.90 0.0628
-39.3750 29.3014 0.3468 0.2950 0.3582 0.00000 8.681 1500.0 12.0 0.0000 0.0881 11.83 0.0628
-36.5625 29.3014 0.3354 0.2864 0.3782 0.00000 7.832 1500.0 12.0 0.0000 0.2018 27.51 0.0628
-33.7500 29.3014 0.3348 0.2767 0.3886 0.00000 7.332 1500.0 12.0 0.0000 0.1867 25.59 0.0628
-30.9375 29.3014 0.5250 0.1987 0.2763 0.00000 7.144 1500.0 12.0 0.0000 0.2448 28.84 0.0628
14.0625 26.5108 0.2345 0.4315 0.3340 0.00000 7.953 1500.0 12.0 0.0000 3.9186 545.91 0.0628
16.8750 26.5108 0.5323 0.2078 0.2599 0.00000 7.269 1500.0 12.0 0.0000 2.9820 346.68 0.0628
19.6875 26.5108 0.6308 0.1368 0.2324 0.00000 6.560 1500.0 12.0 0.0000 2.3167 251.18 0.0628
22.5000 26.5108 0.5008 0.2011 0.2981 0.00000 6.795 1500.0 12.0 0.0000 1.3142 158.78 0.0628
25.3125 26.5108 0.4327 0.2500 0.3173 0.00000 7.452 1500.0 12.0 0.0000 1.8546 234.15 0.0823
28.1250 26.5108 0.3956 0.2673 0.3371 0.00000 7.925 1500.0 12.0 0.0000 0.9361 121.56 0.0628
30.9375 26.5108 0.4766 0.2154 0.3079 0.00000 7.046 1500.0 12.0 0.0000 0.4623 56.84 0.0628
33.7500 26.5108 0.4729 0.2180 0.3090 0.00000 7.081 1500.0 12.0 0.0000 0.1712 21.10 0.0628
36.5625 26.5108 0.4104 0.2586 0.3310 0.00000 7.760 1500.0 12.0 0.0000 0.1014 13.04 0.0628
39.3750 26.5108 0.4580 0.2274 0.3146 0.00000 7.245 1500.0 12.0 0.0000 0.0976 12.15 0.0628
42.1875 26.5108 0.4232 0.2510 0.3259 0.00000 7.596 1500.0 12.0 0.0000 0.3492 44.50 0.0892
45.0000 26.5108 0.4303 0.2615 0.3082 0.00000 7.454 1500.0 12.0 0.0000 1.7154 215.71 0.2060
47.8125 26.5108 0.5040 0.2384 0.2576 0.00000 7.451 1500.0 12.0 0.0000 3.2605 384.07 0.2530
50.6250 26.5108 0.2571 0.3999 0.3430 0.00000 8.201 1500.0 12.0 0.0000 2.1593 299.23 0.1179
53.4375 26.5108 0.2508 0.3569 0.3923 0.00000 7.266 1500.0 12.0 0.0000 0.9495 135.22 0.0628
84.3750 26.5108 0.2545 0.3846 0.3609 0.00000 7.671 1500.0 12.0 0.0000 1.0058 140.80 0.0628
87.1875 26.5108 0.2890 0.3194 0.3916 0.00000 7.858 1500.0 12.0 0.0000 0.8548 119.73 0.0628
90.0000 26.5108 0.2761 0.3292 0.3947 0.00000 8.231 1500.0 12.0 0.0000 0.4575 64.53 0.0628
92.8125 26.5108 0.4337 0.2516 0.3147 0.00000 7.763 1500.0 12.0 0.0000 0.3836 48.33 0.0628
95.6250 26.5108 0.3819 0.2809 0.3372 0.00000 8.035 1500.0 12.0 0.0000 0.3897 50.93 0.0628
98.4375 26.5108 0.3671 0.2847 0.3482 0.00000 8.242 1500.0 12.0 0.0000 0.4953 65.56 0.0628
101.2500 26.5108 0.4258 0.2511 0.3231 0.00000 7.678 1500.0 12.0 0.0000 0.7444 94.59 0.0628
104.0625 26.5108 0.4751 0.2311 0.2938 0.00000 7.688 1500.0 12.0 0.0000 0.6599 80.56 0.0628
106.8750 26.5108 0.6014 0.1672 0.2314 0.00000 6.844 1500.0 12.0 0.0000 1.8735 206.29 0.0628
109.6875 26.5108 0.5042 0.2376 0.2582 0.00000 7.108 1500.0 12.0 0.0000 0.9403 110.79 0.0628
112.5000 26.5108 0.3393 0.3452 0.3154 0.00000 7.939 1500.0 12.0 0.0000 0.2850 37.54 0.0628
115.3125 26.5108 0.1824 0.4745 0.3431 0.00000 7.991 1500.0 12.0 0.0000 0.2979 42.63 0.0628
118.1250 26.5108 0.3676 0.3354 0.2970 0.00000 7.522 1500.0 12.0 0.0000 0.1966 25.31 0.0628
120.9375 26.5108 0.4045 0.2955 0.3000 0.00000 7.790 1500.0 12.0 0.0000 0.1031 13.06 0.0628
123.7500 26.5108 0.3527 0.2862 0.3611 0.00000 8.021 1500.0 12.0 0.0000 0.0687 10.00 0.0628
126.5625 26.5108 0.2991 0.2908 0.4101 0.00000 7.365 1500.0 12.0 0.0000 0.1319 18.57 0.0628
129.3750 26.5108 0.5349 0.1992 0.2659 0.00000 6.801 1500.0 12.0 0.0000 0.5415 63.09 0.0628
135.0000 26.5108 0.5054 0.2760 0.2186 0.00000 6.380 1500.0 12.0 0.0000 0.9593 110.30 0.5303
137.8125 26.5108 0.4462 0.3585 0.1953 0.00000 5.463 1500.0 12.0 0.0000 0.5833 68.18 1.0351
140.6250 26.5108 0.4268 0.3730 0.2002 0.00000 5.509 1500.0 12.0 0.0000 0.4777 56.56 1.0611
143.4375 26.5108 0.2816 0.4739 0.2446 0.00000 6.417 1500.0 12.0 0.0000 0.4812 62.67 0.9541
165.9375 26.5108 0.2086 0.4593 0.3322 0.00000 7.711 1500.0 12.0 0.0000 4.3593 613.51 0.1640
168.7500 26.5108 0.1698 0.4826 0.3476 0.00000 8.116 1500.0 12.0 0.0000 4.2493 612.53 0.1381
171.5625 26.5108 0.2574 0.4056 0.3370 0.00000 7.907 1500.0 12.0 0.0000 3.4638 478.51 0.1112
174.3750 26.5108 0.4925 0.2098 0.2977 0.00000 6.795 1500.0 12.0 0.0000 2.6856 325.74 0.1028
177.1875 26.5108 0.4935 0.2085 0.2980 0.00000 6.796 1500.0 12.0 0.0000 1.3296 161.22 0.0958
180.0000 26.5108 0.4828 0.2116 0.3056 0.00000 6.972 1500.0 12.0 0.0000 0.2002 24.51 0.0628
-177.1875 26.5108 0.3931 0.2709 0.3360 0.00000 7.935 1500.0 12.0 0.0000 0.1193 15.50 0.0628
-174.3750 26.5108 0.4365 0.2395 0.3240 0.00000 7.491 1500.0 12.0 0.0000 0.1074 13.58 0.0628
-171.5625 26.5108 0.3872 0.2747 0.3381 0.00000 8.000 1500.0 12.0 0.0000 0.1102 14.37 0.0628
-168.7500 26.5108 0.3934 0.2661 0.3405 0.00000 7.969 1500.0 12.0 0.0000 0.1421 18.50 0.0628
-165.9375 26.5108 0.4208 0.2510 0.3283 0.00000 7.652 1500.0 12.0 0.0000 0.2028 25.91 0.0628
-163.1250 26.5108 0.4692 0.2253 0.3056 0.00000 7.301 1500.0 12.0 0.0000 0.2971 36.61 0.0628
-160.3125 26.5108 0.4042 0.2447 0.3511 0.00000 6.929 1500.0 12.0 0.0000 0.4819 62.80 0.0628
-157.5000 26.5108 0.3090 0.2909 0.4001 0.00000 7.232 1500.0 12.0 0.0000 0.3742 52.18 0.0628
-154.6875 26.5108 0.4805 0.2239 0.2956 0.00000 7.453 1500.0 12.0 0.0000 0.2113 25.75 0.0628
-140.6250 26.5108 0.3059 0.3064 0.3877 0.00000 7.430 1500.0 12.0 0.0000 0.5784 80.27 0.0962
-137.8125 26.5108 0.2274 0.4114 0.3612 0.00000 7.667 1500.0 12.0 0.0000 1.0469 148.29 0.4708
-135.0000 26.5108 0.2477 0.4147 0.3376 0.00000 6.401 1500.0 12.0 0.0000 1.6556 229.76 0.7150
-132.1875 26.5108 0.2776 0.4125 0.3099 0.00000 6.638 1500.0 12.0 0.0000 1.1531 155.71 0.7381
-98.4375 26.5108 0.2742 0.3351 0.3907 0.00000 7.502 1500.0 12.0 0.0000 1.6929 238.53 0.0628
-95.6250 26.5108 0.3040 0.3172 0.3788 0.00000 7.669 1500.0 12.0 0.0000 2.0929 289.39 0.0753
-92.8125 26.5108 0.4310 0.2438 0.3252 0.00000 7.499 1500.0 12.0 0.0000 1.9816 251.47 0.0849
-90.0000 26.5108 0.4454 0.2344 0.3202 0.00000 7.447 1500.0 12.0 0.0000 0.7057 88.70 0.0653
-87.1875 26.5108 0.5225 0.1960 0.2815 0.00000 7.187 1500.0 12.0 0.0000 0.5222 61.81 0.0628
-84.3750 26.5108 0.4886 0.2143 0.2971 0.00000 7.274 1500.0 12.0 0.0000 0.4330 52.60 0.0628
-81.5625 26.5108 0.4219 0.2504 0.3277 0.00000 7.639 1500.0 12.0 0.0000 0.3720 47.48 0.0628
-78.7500 26.5108 0.4815 0.2213 0.2972 0.00000 7.645 1500.0 12.0 0.0000 0.1472 17.94 0.0628
-75.9375 26.5108 0.6077 0.1504 0.2419 0.00000 6.810 1500.0 12.0 0.0000 0.2251 24.86 0.0628
-73.1250 26.5108 0.3708 0.2621 0.3671 0.00000 7.273 1500.0 12.0 0.0000 0.1322 17.65 0.0628
-70.3125 26.5108 0.3651 0.2637 0.3712 0.00000 7.295 1500.0 12.0 0.0000 0.1270 17.03 0.0628
-67.5000 26.5108 0.3394 0.2686 0.3919 0.00000 7.089 1500.0 12.0 0.0000 0.1947 26.69 0.0686
-64.6875 26.5108 0.3958 0.2529 0.3513 0.00000 7.401 1500.0 12.0 0.0000 0.1322 17.30 0.0628
-61.8750 26.5108 0.4108 0.2552 0.3341 0.00000 7.782 1500.0 12.0 0.0000 0.0923 11.88 0.0628
-59.0625 26.5108 0.4460 0.2353 0.3187 0.00000 7.385 1500.0 12.0 0.0000 0.1033 12.97 0.0628
-56.2500 26.5108 0.4108 0.2574 0.3319 0.00000 7.764 1500.0 12.0 0.0000 0.1083 13.93 0.0628
-53.4375 26.5108 0.4416 0.2369 0.3215 0.00000 7.434 1500.0 12.0 0.0000 0.1429 18.01 0.0628
-50.6250 26.5108 0.3751 0.2772 0.3476 0.00000 8.173 1500.0 12.0 0.0000 0.2179 28.73 0.0628
-47.8125 26.5108 0.3030 0.3200 0.3771 0.00000 8.989 1500.0 12.0 0.0000 0.1184 16.37 0.0628
-45.0000 26.5108 0.2641 0.3440 0.3919 0.00000 9.421 1500.0 12.0 0.0000 0.0760 10.76 0.0628
-42.1875 26.5108 0.3095 0.3179 0.3726 0.00000 9.099 1500.0 12.0 0.0000 0.0822 11.31 0.0628
-39.3750 26.5108 0.3516 0.2719 0.3765 0.00000 7.363 1500.0 12.0 0.0000 0.1399 18.92 0.0628
-36.5625 26.5108 0.3482 0.2705 0.3813 0.00000 6.940 1500.0 12.0 0.0000 0.3341 45.37 0.0628
-33.7500 26.5108 0.5047 0.2141 0.2812 0.00000 6.791 1500.0 12.0 0.0000 0.4797 57.28 0.0628
16.8750 23.7202 0.1776 0.4705 0.3518 0.00000 8.298 1500.0 12.0 0.0000 2.1524 309.89 0.0628
19.6875 23.7202 0.6420 0.1353 0.2226 0.00000 6.599 1500.0 12.0 0.0000 3.1423 336.42 0.0628
22.5000 23.7202 0.4990 0.2019 0.2990 0.00000 6.798 1500.0 12.0 0.0000 1.4090 170.47 0.0628
25.3125 23.7202 0.4763 0.2190 0.3046 0.00000 7.017 1500.0 12.0 0.0000 1.3807 169.47 0.0628
28.1250 23.7202 0.4964 0.2033 0.3003 0.00000 6.823 1500.0 12.0 0.0000 0.5542 67.19 0.0628
30.9375 23.7202 0.4041 0.2591 0.3368 0.00000 7.857 1500.0 12.0 0.0000 0.2003 25.91 0.0628
33.7500 23.7202 0.3035 0.3219 0.3746 0.00000 8.966 1500.0 12.0 0.0000 0.1403 19.36 0.0628
36.5625 23.7202 0.3266 0.3174 0.3560 0.00000 8.633 1500.0 12.0 0.0000 0.0887 12.01 0.0628
39.3750 23.7202 0.4597 0.2279 0.3125 0.00000 7.458 1500.0 12.0 0.0000 0.1005 12.49 0.0628
42.1875 23.7202 0.3804 0.2768 0.3427 0.00000 8.279 1500.0 12.0 0.0000 0.1256 16.47 0.0628
45.0000 23.7202 0.3687 0.3155 0.3158 0.00000 8.317 1500.0 12.0 0.0000 2.0476 266.17 0.2556
47.8125 23.7202 0.4682 0.2604 0.2714 0.00000 7.623 1500.0 12.0 0.0000 3.6544 441.86 0.2618
50.6250 23.7202 0.3157 0.3694 0.3149 0.00000 7.625 1500.0 12.0 0.0000 3.8905 517.81 0.1575
84.3750 23.7202 0.2414 0.4180 0.3406 0.00000 8.158 1500.0 12.0 0.0000 0.9156 127.60 0.0628
87.1875 23.7202 0.3753 0.2714 0.3533 0.00000 7.031 1500.0 12.0 0.0000 1.4173 187.39 0.0628
90.0000 23.7202 0.3073 0.3021 0.3905 0.00000 7.300 1500.0 12.0 0.0000 0.8861 123.08 0.0628
92.8125 23.7202 0.4685 0.2305 0.3010 0.00000 7.752 1500.0 12.0 0.0000 0.3684 45.30 0.0628
95.6250 23.7202 0.3716 0.2837 0.3448 0.00000 8.213 1500.0 12.0 0.0000 0.1400 18.45 0.0628
98.4375 23.7202 0.3184 0.3123 0.3693 0.00000 8.802 1500.0 12.0 0.0000 0.1421 19.44 0.0628
101.2500 23.7202 0.3609 0.2855 0.3536 0.00000 8.334 1500.0 12.0 0.0000 0.3105 41.33 0.0628
104.0625 23.7202 0.3551 0.2896 0.3553 0.00000 8.399 1500.0 12.0 0.0000 0.4885 65.25 0.0628
106.8750 23.7202 0.5144 0.1993 0.2863 0.00000 7.069 1500.0 12.0 0.0000 0.4597 54.79 0.0628
109.6875 23.7202 0.4816 0.2163 0.3021 0.00000 7.332 1500.0 12.0 0.0000 0.2183 26.69 0.0628
112.5000 23.7202 0.5220 0.1988 0.2792 0.00000 7.468 1500.0 12.0 0.0000 0.1034 12.22 0.0628
115.3125 23.7202 0.5215 0.2057 0.2728 0.00000 7.443 1500.0 12.0 0.0000 0.0689 10.00 0.0628
118.1250 23.7202 0.5825 0.1662 0.2513 0.00000 7.015 1500.0 12.0 0.0000 0.0726 10.00 0.0628
120.9375 23.7202 0.5111 0.1972 0.2918 0.00000 7.101 1500.0 12.0 0.0000 0.0970 11.62 0.0628
123.7500 23.7202 0.3331 0.2719 0.3949 0.00000 7.086 1500.0 12.0 0.0000 0.1472 20.26 0.0628
126.5625 23.7202 0.4207 0.2395 0.3398 0.00000 7.278 1500.0 12.0 0.0000 0.2031 26.10 0.0628
129.3750 23.7202 0.3809 0.3291 0.2899 0.00000 7.339 1500.0 12.0 0.0000 0.2358 30.05 0.0628
165.9375 23.7202 0.4340 0.3051 0.2610 0.00000 7.052 1500.0 12.0 0.0000 4.6140 563.97 0.1999
168.7500 23.7202 0.4346 0.2746 0.2908 0.00000 7.263 1500.0 12.0 0.0000 3.5355 439.40 0.1538
177.1875 23.7202 0.4144 0.2579 0.3277 0.00000 7.698 1500.0 12.0 0.0000 0.2929 37.51 0.0628
180.0000 23.7202 0.4308 0.2509 0.3183 0.00000 7.576 1500.0 12.0 0.0000 0.1425 18.01 0.0628
-177.1875 23.7202 0.4709 0.2212 0.3079 0.00000 7.253 1500.0 12.0 0.0000 0.1007 12.42 0.0628
-174.3750 23.7202 0.5236 0.1901 0.2863 0.00000 6.777 1500.0 12.0 0.0000 0.0893 10.59 0.0628
-171.5625 23.7202 0.4542 0.2304 0.3154 0.00000 7.282 1500.0 12.0 0.0000 0.0796 10.00 0.0628
-168.7500 23.7202 0.4433 0.2360 0.3208 0.00000 7.412 1500.0 12.0 0.0000 0.0918 11.55 0.0628
-165.9375 23.7202 0.4283 0.2491 0.3227 0.00000 7.548 1500.0 12.0 0.0000 0.1171 14.86 0.0628
-163.1250 23.7202 0.5742 0.1674 0.2583 0.00000 6.831 1500.0 12.0 0.0000 0.3296 37.46 0.0628
-140.6250 23.7202 0.4167 0.2506 0.3326 0.00000 7.225 1500.0 12.0 0.0000 0.6921 88.78 0.0918
-137.8125 23.7202 0.3178 0.3019 0.3803 0.00000 7.493 1500.0 12.0 0.0000 0.2232 30.71 0.0628
-135.0000 23.7202 0.2313 0.4216 0.3472 0.00000 6.539 1500.0 12.0 0.0000 1.6639 233.66 0.6752
-132.1875 23.7202 0.3134 0.4051 0.2815 0.00000 6.243 1500.0 12.0 0.0000 1.8995 248.65 0.8100
-98.4375 23.7202 0.2025 0.4380 0.3596 0.00000 8.066 1500.0 12.0 0.0000 1.3024 186.27 0.0628
-95.6250 23.7202 0.2559 0.3537 0.3903 0.00000 7.813 1500.0 12.0 0.0000 1.0436 148.16 0.0628
-92.8125 23.7202 0.2802 0.3209 0.3989 0.00000 7.473 1500.0 12.0 0.0000 1.1909 168.05 0.0654
-90.0000 23.7202 0.2715 0.3383 0.3902 0.00000 7.403 1500.0 12.0 0.0000 1.5221 214.66 0.0707
-87.1875 23.7202 0.3323 0.2842 0.3836 0.00000 7.148 1500.0 12.0 0.0000 1.3008 178.10 0.0628
-84.3750 23.7202 0.5650 0.1697 0.2653 0.00000 6.845 1500.0 12.0 0.0000 0.7605 87.21 0.0628
-81.5625 23.7202 0.4837 0.2181 0.2982 0.00000 7.559 1500.0 12.0 0.0000 0.3497 42.61 0.0628
-78.7500 23.7202 0.4027 0.2599 0.3375 0.00000 7.870 1500.0 12.0 0.0000 0.1933 25.03 0.0628
-75.9375 23.7202 0.2923 0.3274 0.3803 0.00000 9.196 1500.0 12.0 0.0000 0.0902 12.54 0.0628
-73.1250 23.7202 0.4754 0.2226 0.3019 0.00000 7.478 1500.0 12.0 0.0000 0.0912 11.19 0.0628
-70.3125 23.7202 0.5612 0.1729 0.2659 0.00000 6.935 1500.0 12.0 0.0000 0.0750 10.00 0.0628
-67.5000 23.7202 0.5408 0.1822 0.2771 0.00000 6.877 1500.0 12.0 0.0000 0.0753 10.00 0.0628
-64.6875 23.7202 0.4253 0.2566 0.3182 0.00000 7.700 1500.0 12.0 0.0000 0.3235 41.01 0.1153
-61.8750 23.7202 0.4103 0.2566 0.3331 0.00000 7.786 1500.0 12.0 0.0000 0.0826 10.63 0.0628
-59.0625 23.7202 0.3332 0.3109 0.3558 0.00000 8.578 1500.0 12.0 0.0000 0.1220 16.46 0.0628
-56.2500 23.7202 0.4682 0.2202 0.3115 0.00000 7.141 1500.0 12.0 0.0000 0.2914 36.05 0.0628
-53.4375 23.7202 0.3825 0.2838 0.3337 0.00000 7.935 1500.0 12.0 0.0000 1.9827 258.57 0.1595
-50.6250 23.7202 0.3182 0.3245 0.3574 0.00000 8.654 1500.0 12.0 0.0000 1.3468 183.07 0.1567
-47.8125 23.7202 0.3055 0.3236 0.3709 0.00000 8.901 1500.0 12.0 0.0000 0.3595 49.48 0.0964
-45.0000 23.7202 0.3603 0.2960 0.3437 0.00000 8.330 1500.0 12.0 0.0000 0.4984 66.01 0.1382
-42.1875 23.7202 0.4178 0.2565 0.3257 0.00000 7.704 1500.0 12.0 0.0000 0.5771 73.72 0.1113
-39.3750 23.7202 0.3064 0.2918 0.4018 0.00000 7.162 1500.0 12.0 0.0000 0.3126 43.69 0.0628
-36.5625 23.7202 0.4276 0.2464 0.3260 0.00000 7.086 1500.0 12.0 0.0000 0.2276 28.94 0.0628
16.8750 20.9296 0.1863 0.4684 0.3454 0.00000 8.090 1500.0 12.0 0.0000 2.1407 306.12 0.0628
19.6875 20.9296 0.6230 0.1549 0.2220 0.00000 6.614 1500.0 12.0 0.0000 2.9860 322.96 0.0628
22.5000 20.9296 0.4473 0.2340 0.3187 0.00000 7.435 1500.0 12.0 0.0000 0.8984 112.73 0.0628
25.3125 20.9296 0.4415 0.2370 0.3215 0.00000 7.432 1500.0 12.0 0.0000 0.8776 110.59 0.0628
28.1250 20.9296 0.4317 0.2423 0.3259 0.00000 7.546 1500.0 12.0 0.0000 0.2376 30.15 0.0628
30.9375 20.9296 0.4292 0.2449 0.3260 0.00000 7.665 1500.0 12.0 0.0000 0.1165 14.80 0.0628
33.7500 20.9296 0.5097 0.2024 0.2879 0.00000 7.213 1500.0 12.0 0.0000 0.1472 17.60 0.0628
36.5625 20.9296 0.4594 0.2268 0.3139 0.00000 7.382 1500.0 12.0 0.0000 0.1076 13.39 0.0628
39.3750 20.9296 0.4454 0.2276 0.3270 0.00000 7.175 1500.0 12.0 0.0000 0.1546 19.51 0.0628
42.1875 20.9296 0.3347 0.2797 0.3856 0.00000 7.357 1500.0 12.0 0.0000 0.2476 33.90 0.0628
45.0000 20.9296 0.2982 0.3448 0.3570 0.00000 7.615 1500.0 12.0 0.0000 2.0211 277.10 0.3159
47.8125 20.9296 0.2662 0.3747 0.3591 0.00000 7.917 1500.0 12.0 0.0000 2.6131 363.65 0.2711
50.6250 20.9296 0.2448 0.4078 0.3474 0.00000 7.601 1500.0 12.0 0.0000 2.8473 397.56 0.2421
53.4375 20.9296 0.2165 0.4429 0.3407 0.00000 7.749 1500.0 12.0 0.0000 3.2146 452.81 0.1330
90.0000 20.9296 0.3654 0.2713 0.3633 0.00000 7.045 1500.0 12.0 0.0000 1.6129 215.32 0.0628
92.8125 20.9296 0.3981 0.2545 0.3474 0.00000 7.121 1500.0 12.0 0.0000 0.4253 55.47 0.0628
95.6250 20.9296 0.4804 0.2201 0.2996 0.00000 7.516 1500.0 12.0 0.0000 0.1208 14.76 0.0628
98.4375 20.9296 0.3581 0.2880 0.3539 0.00000 8.449 1500.0 12.0 0.0000 0.0948 12.64 0.0628
101.2500 20.9296 0.4564 0.2296 0.3140 0.00000 7.292 1500.0 12.0 0.0000 0.1683 20.97 0.0628
104.0625 20.9296 0.4593 0.2267 0.3141 0.00000 7.229 1500.0 12.0 0.0000 0.2580 32.10 0.0628
106.8750 20.9296 0.4674 0.2215 0.3111 0.00000 7.142 1500.0 12.0 0.0000 0.1148 14.21 0.0628
109.6875 20.9296 0.4760 0.2152 0.3088 0.00000 7.067 1500.0 12.0 0.0000 0.0723 10.00 0.0628
112.5000 20.9296 0.4719 0.2185 0.3096 0.00000 7.114 1500.0 12.0 0.0000 0.0561 10.00 0.0628
115.3125 20.9296 0.4626 0.2161 0.3213 0.00000 6.891 1500.0 12.0 0.0000 0.0366 10.00 0.0628
118.1250 20.9296 0.3658 0.2732 0.3609 0.00000 7.598 1500.0 12.0 0.0000 0.0376 10.00 0.0628
120.9375 20.9296 0.2947 0.3027 0.4026 0.00000 7.660 1500.0 12.0 0.0000 0.0618 10.00 0.0628
123.7500 20.9296 0.4057 0.2451 0.3492 0.00000 7.263 1500.0 12.0 0.0000 0.1733 22.55 0.0628
126.5625 20.9296 0.5096 0.2196 0.2708 0.00000 7.262 1500.0 12.0 0.0000 0.1173 13.89 0.0628
165.9375 20.9296 0.5712 0.2038 0.2249 0.00000 6.781 1500.0 12.0 0.0000 4.2414 472.79 0.1994
168.7500 20.9296 0.5338 0.2028 0.2634 0.00000 6.870 1500.0 12.0 0.0000 3.3633 391.53 0.1789
171.5625 20.9296 0.4755 0.2288 0.2957 0.00000 6.839 1500.0 12.0 0.0000 3.1035 379.16 0.1917
174.3750 20.9296 0.4469 0.2410 0.3121 0.00000 7.288 1500.0 12.0 0.0000 0.9354 116.95 0.1054
177.1875 20.9296 0.4475 0.2405 0.3121 0.00000 7.795 1500.0 12.0 0.0000 0.1660 20.75 0.0628
180.0000 20.9296 0.4207 0.2444 0.3349 0.00000 7.448 1500.0 12.0 0.0000 0.2571 32.95 0.0628
-177.1875 20.9296 0.3699 0.2557 0.3744 0.00000 6.904 1500.0 12.0 0.0000 0.2574 34.49 0.0628
-174.3750 20.9296 0.3953 0.2602 0.3445 0.00000 7.787 1500.0 12.0 0.0000 0.1148 14.97 0.0628
-171.5625 20.9296 0.3727 0.2748 0.3525 0.00000 7.865 1500.0 12.0 0.0000 0.1026 13.57 0.0628
-168.7500 20.9296 0.4443 0.2314 0.3244 0.00000 7.271 1500.0 12.0 0.0000 0.1307 16.47 0.0628
-165.9375 20.9296 0.4210 0.2449 0.3340 0.00000 7.467 1500.0 12.0 0.0000 0.1781 22.82 0.0628
-163.1250 20.9296 0.4344 0.2340 0.3315 0.00000 7.082 1500.0 12.0 0.0000 0.2958 37.61 0.0628
-90.0000 20.9296 0.2672 0.3748 0.3580 0.00000 7.295 1500.0 12.0 0.0000 2.0385 283.41 0.0740
-87.1875 20.9296 0.2774 0.3346 0.3880 0.00000 7.602 1500.0 12.0 0.0000 0.7318 102.83 0.0628
-84.3750 20.9296 0.3598 0.3006 0.3396 0.00000 7.093 1500.0 12.0 0.0000 1.1283 149.15 0.0628
-81.5625 20.9296 0.5289 0.1961 0.2751 0.00000 7.459 1500.0 12.0 0.0000 0.5462 64.19 0.0628
-78.7500 20.9296 0.4062 0.2594 0.3344 0.00000 7.962 1500.0 12.0 0.0000 0.1640 21.17 0.0628
-75.9375 20.9296 0.2584 0.3477 0.3940 0.00000 9.483 1500.0 12.0 0.0000 0.1183 16.80 0.0628
-73.1250 20.9296 0.3207 0.3117 0.3676 0.00000 8.771 1500.0 12.0 0.0000 0.0777 10.61 0.0628
-70.3125 20.9296 0.4258 0.2460 0.3282 0.00000 7.613 1500.0 12.0 0.0000 0.0576 10.00 0.0628
-67.5000 20.9296 0.4016 0.2636 0.3348 0.00000 7.858 1500.0 12.0 0.0000 0.0527 10.00 0.0628
-64.6875 20.9296 0.2888 0.3337 0.3775 0.00000 9.098 1500.0 12.0 0.0000 0.1444 20.08 0.0813
-61.8750 20.9296 0.2832 0.3417 0.3751 0.00000 9.110 1500.0 12.0 0.0000 0.4409 61.40 0.1128
-59.0625 20.9296 0.3293 0.3040 0.3666 0.00000 8.694 1500.0 12.0 0.0000 0.2321 31.54 0.0628
-56.2500 20.9296 0.3340 0.3029 0.3631 0.00000 8.628 1500.0 12.0 0.0000 0.3820 51.71 0.0628
-53.4375 20.9296 0.4097 0.2730 0.3174 0.00000 7.535 1500.0 12.0 0.0000 1.9353 247.02 0.2139
-50.6250 20.9296 0.2827 0.3638 0.3535 0.00000 8.831 1500.0 12.0 0.0000 1.9765 272.32 0.2870
-47.8125 20.9296 0.3653 0.3118 0.3228 0.00000 8.016 1500.0 12.0 0.0000 1.4501 189.50 0.2846
-45.0000 20.9296 0.5035 0.2318 0.2647 0.00000 7.193 1500.0 12.0 0.0000 1.5012 177.61 0.2393
-42.1875 20.9296 0.3250 0.2867 0.3882 0.00000 7.361 1500.0 12.0 0.0000 0.2131 29.33 0.0628
-39.3750 20.9296 0.3732 0.2736 0.3532 0.00000 7.437 1500.0 12.0 0.0000 0.1514 20.04 0.0628
14.0625 18.1390 0.1732 0.4699 0.3568 0.00000 7.812 1500.0 12.0 0.0000 2.4732 357.59 0.0628
16.8750 18.1390 0.4172 0.2964 0.2864 0.00000 7.590 1500.0 12.0 0.0000 1.9292 241.18 0.0628
19.6875 18.1390 0.6406 0.1339 0.2255 0.00000 6.701 1500.0 12.0 0.0000 2.2235 238.69 0.0628
22.5000 18.1390 0.4484 0.2327 0.3189 0.00000 7.387 1500.0 12.0 0.0000 0.6415 80.46 0.0628
25.3125 18.1390 0.4389 0.2388 0.3223 0.00000 7.459 1500.0 12.0 0.0000 0.6277 79.23 0.0628
28.1250 18.1390 0.4313 0.2426 0.3261 0.00000 7.551 1500.0 12.0 0.0000 0.2192 27.82 0.0628
30.9375 18.1390 0.4578 0.2440 0.2983 0.00000 7.881 1500.0 12.0 0.0000 0.1358 16.75 0.0628
33.7500 18.1390 0.4948 0.2212 0.2841 0.00000 7.269 1500.0 12.0 0.0000 0.2492 29.95 0.0628
36.5625 18.1390 0.3005 0.2915 0.4080 0.00000 7.079 1500.0 12.0 0.0000 0.2433 34.19 0.0628
39.3750 18.1390 0.3314 0.2776 0.3909 0.00000 7.149 1500.0 12.0 0.0000 0.2103 28.91 0.0628
42.1875 18.1390 0.3430 0.3081 0.3489 0.00000 7.374 1500.0 12.0 0.0000 1.5810 211.60 0.2351
45.0000 18.1390 0.3585 0.3177 0.3237 0.00000 7.286 1500.0 12.0 0.0000 2.0201 264.93 0.3432
92.8125 18.1390 0.2827 0.3112 0.4060 0.00000 7.045 1500.0 12.0 0.0000 1.0188 144.12 0.0822
95.6250 18.1390 0.4084 0.2500 0.3416 0.00000 7.436 1500.0 12.0 0.0000 0.1715 22.19 0.0628
98.4375 18.1390 0.5659 0.1753 0.2588 0.00000 7.173 1500.0 12.0 0.0000 0.2615 29.86 0.0649
101.2500 18.1390 0.5233 0.2007 0.2760 0.00000 7.546 1500.0 12.0 0.0000 0.3276 38.63 0.0722
104.0625 18.1390 0.4958 0.2127 0.2916 0.00000 7.608 1500.0 12.0 0.0000 0.1621 19.56 0.0628
106.8750 18.1390 0.3887 0.2691 0.3422 0.00000 8.066 1500.0 12.0 0.0000 0.0729 10.00 0.0628
109.6875 18.1390 0.4393 0.2389 0.3218 0.00000 7.466 1500.0 12.0 0.0000 0.0439 10.00 0.0628
112.5000 18.1390 0.4381 0.2343 0.3277 0.00000 7.311 1500.0 12.0 0.0000 0.0661 10.00 0.0628
115.3125 18.1390 0.3180 0.2760 0.4060 0.00000 6.890 1500.0 12.0 0.0000 0.1521 21.19 0.0628
118.1250 18.1390 0.3328 0.2871 0.3801 0.00000 7.578 1500.0 12.0 0.0000 0.2254 30.80 0.0830
120.9375 18.1390 0.3256 0.2956 0.3789 0.00000 7.515 1500.0 12.0 0.0000 0.0892 12.22 0.0628
123.7500 18.1390 0.4319 0.3469 0.2211 0.00000 6.327 1500.0 12.0 0.0000 0.8763 104.77 0.7187
165.9375 18.1390 0.4372 0.3016 0.2613 0.00000 7.454 1500.0 12.0 0.0000 3.8745 472.92 0.3201
168.7500 18.1390 0.3987 0.2904 0.3108 0.00000 8.110 1500.0 12.0 0.0000 2.6378 337.19 0.2131
171.5625 18.1390 0.3343 0.3194 0.3463 0.00000 8.399 1500.0 12.0 0.0000 2.3168 310.86 0.2065
174.3750 18.1390 0.2945 0.3448 0.3608 0.00000 9.002 1500.0 12.0 0.0000 1.1395 156.78 0.1454
177.1875 18.1390 0.4594 0.2255 0.3151 0.00000 7.003 1500.0 12.0 0.0000 0.8706 108.39 0.0914
180.0000 18.1390 0.3031 0.3079 0.3891 0.00000 7.585 1500.0 12.0 0.0000 0.2082 28.96 0.0628
-177.1875 18.1390 0.4024 0.2592 0.3384 0.00000 7.109 1500.0 12.0 0.0000 0.3193 41.37 0.0628
-174.3750 18.1390 0.2578 0.4663 0.2759 0.00000 6.326 1500.0 12.0 0.0000 1.5110 202.24 1.1555
-171.5625 18.1390 0.2096 0.4963 0.2941 0.00000 6.052 1500.0 12.0 0.0000 1.2397 171.09 1.2954
-168.7500 18.1390 0.2121 0.4392 0.3487 0.00000 6.674 1500.0 12.0 0.0000 1.8114 256.65 0.7978
-165.9375 18.1390 0.2978 0.3010 0.4012 0.00000 7.680 1500.0 12.0 0.0000 0.2684 37.63 0.0628
-163.1250 18.1390 0.2891 0.3004 0.4105 0.00000 7.382 1500.0 12.0 0.0000 0.3349 47.35 0.0628
-160.3125 18.1390 0.4113 0.2355 0.3531 0.00000 6.724 1500.0 12.0 0.0000 0.7734 100.58 0.0628
-157.5000 18.1390 0.3486 0.3060 0.3453 0.00000 7.085 1500.0 12.0 0.0000 0.9902 131.94 0.0628
-84.3750 18.1390 0.2535 0.3632 0.3832 0.00000 7.562 1500.0 12.0 0.0000 1.1162 158.06 0.0628
-81.5625 18.1390 0.3590 0.2843 0.3567 0.00000 7.210 1500.0 12.0 0.0000 0.8132 108.50 0.0628
-78.7500 18.1390 0.4559 0.2337 0.3104 0.00000 7.754 1500.0 12.0 0.0000 0.1990 24.76 0.0628
-75.9375 18.1390 0.3472 0.2956 0.3571 0.00000 8.586 1500.0 12.0 0.0000 0.0657 10.00 0.0628
-73.1250 18.1390 0.3424 0.3047 0.3529 0.00000 8.482 1500.0 12.0 0.0000 0.0435 10.00 0.0628
-70.3125 18.1390 0.3921 0.2662 0.3417 0.00000 7.991 1500.0 12.0 0.0000 0.0447 10.00 0.0628
-67.5000 18.1390 0.3999 0.2615 0.3386 0.00000 7.904 1500.0 12.0 0.0000 0.0575 10.00 0.0628
-64.6875 18.1390 0.4935 0.2050 0.3016 0.00000 6.860 1500.0 12.0 0.0000 0.1063 12.92 0.0628
-61.8750 18.1390 0.4006 0.2644 0.3350 0.00000 7.849 1500.0 12.0 0.0000 0.7619 98.61 0.0913
-59.0625 18.1390 0.2984 0.3227 0.3788 0.00000 9.039 1500.0 12.0 0.0000 0.2166 30.03 0.0628
-56.2500 18.1390 0.4134 0.2534 0.3332 0.00000 7.752 1500.0 12.0 0.0000 0.2298 29.53 0.0628
-53.4375 18.1390 0.4388 0.2388 0.3224 0.00000 7.464 1500.0 12.0 0.0000 0.1906 24.07 0.0628
-50.6250 18.1390 0.3524 0.3086 0.3390 0.00000 8.267 1500.0 12.0 0.0000 1.3302 176.37 0.2032
-47.8125 18.1390 0.4795 0.2425 0.2779 0.00000 7.157 1500.0 12.0 0.0000 3.2002 386.21 0.2395
-45.0000 18.1390 0.3212 0.3056 0.3732 0.00000 7.737 1500.0 12.0 0.0000 0.3987 54.57 0.0628
-42.1875 18.1390 0.3119 0.3062 0.3818 0.00000 6.977 1500.0 12.0 0.0000 1.4131 195.02 0.1644
14.0625 15.3484 0.2300 0.4101 0.3599 0.00000 7.878 1500.0 12.0 0.0000 1.7359 245.44 0.0628
16.8750 15.3484 0.2337 0.4116 0.3547 0.00000 8.550 1500.0 12.0 0.0000 1.2803 180.28 0.0628
19.6875 15.3484 0.5714 0.1688 0.2598 0.00000 6.908 1500.0 12.0 0.0000 1.4063 160.18 0.0628
22.5000 15.3484 0.4955 0.2039 0.3005 0.00000 6.830 1500.0 12.0 0.0000 0.5925 71.88 0.0628
25.3125 15.3484 0.4482 0.2325 0.3193 0.00000 7.360 1500.0 12.0 0.0000 0.5780 72.51 0.0628
28.1250 15.3484 0.4412 0.2367 0.3221 0.00000 7.438 1500.0 12.0 0.0000 0.3680 46.40 0.0628
30.9375 15.3484 0.3878 0.2899 0.3223 0.00000 8.463 1500.0 12.0 0.0000 0.1770 22.88 0.0628
33.7500 15.3484 0.4401 0.2713 0.2886 0.00000 7.692 1500.0 12.0 0.0000 0.3264 40.41 0.0628
36.5625 15.3484 0.3900 0.3169 0.2931 0.00000 7.094 1500.0 12.0 0.0000 2.0584 261.66 0.2364
92.8125 15.3484 0.2838 0.3266 0.3896 0.00000 7.026 1500.0 12.0 0.0000 1.4094 197.67 0.1357
95.6250 15.3484 0.2303 0.3938 0.3759 0.00000 7.764 1500.0 12.0 0.0000 0.7718 109.97 0.0925
98.4375 15.3484 0.2671 0.3530 0.3799 0.00000 7.584 1500.0 12.0 0.0000 0.4724 66.41 0.0834
101.2500 15.3484 0.2949 0.3730 0.3320 0.00000 7.944 1500.0 12.0 0.0000 0.5345 72.45 0.0885
104.0625 15.3484 0.3935 0.2675 0.3389 0.00000 7.751 1500.0 12.0 0.0000 0.4640 60.38 0.0921
106.8750 15.3484 0.2671 0.3385 0.3944 0.00000 9.082 1500.0 12.0 0.0000 0.1454 20.59 0.0747
109.6875 15.3484 0.2778 0.3357 0.3865 0.00000 9.253 1500.0 12.0 0.0000 0.0628 10.00 0.0682
112.5000 15.3484 0.3113 0.2886 0.4001 0.00000 7.066 1500.0 12.0 0.0000 0.3073 42.82 0.0889
115.3125 15.3484 0.4059 0.2546 0.3395 0.00000 7.336 1500.0 12.0 0.0000 0.3893 50.38 0.1081
118.1250 15.3484 0.4616 0.2550 0.2834 0.00000 7.566 1500.0 12.0 0.0000 0.3036 37.08 0.1183
120.9375 15.3484 0.3599 0.3782 0.2619 0.00000 6.051 1500.0 12.0 0.0000 0.6812 86.33 0.8755
163.1250 15.3484 0.1553 0.5286 0.3161 0.00000 7.758 1500.0 12.0 0.0000 4.4098 629.75 0.3943
165.9375 15.3484 0.3956 0.3258 0.2786 0.00000 7.406 1500.0 12.0 0.0000 3.8856 488.66 0.4310
168.7500 15.3484 0.3831 0.3205 0.2964 0.00000 8.116 1500.0 12.0 0.0000 2.7974 357.40 0.3662
171.5625 15.3484 0.3030 0.3500 0.3470 0.00000 8.741 1500.0 12.0 0.0000 1.6409 223.34 0.2478
174.3750 15.3484 0.3657 0.3072 0.3272 0.00000 8.121 1500.0 12.0 0.0000 1.8766 245.76 0.2486
177.1875 15.3484 0.4332 0.2424 0.3243 0.00000 6.755 1500.0 12.0 0.0000 2.3514 297.94 0.1498
180.0000 15.3484 0.2659 0.3542 0.3799 0.00000 7.484 1500.0 12.0 0.0000 0.4069 57.23 0.0628
-177.1875 15.3484 0.3523 0.3197 0.3280 0.00000 7.869 1500.0 12.0 0.0000 0.2143 28.25 0.0628
-163.1250 15.3484 0.5248 0.1950 0.2801 0.00000 7.028 1500.0 12.0 0.0000 0.5643 66.66 0.0628
-160.3125 15.3484 0.2873 0.4172 0.2955 0.00000 7.864 1500.0 12.0 0.0000 3.6681 489.50 0.3669
-135.0000 15.3484 0.4472 0.3167 0.2361 0.00000 6.744 1500.0 12.0 0.0000 2.9031 347.50 0.6186
-132.1875 15.3484 0.2750 0.3895 0.3355 0.00000 7.635 1500.0 12.0 0.0000 2.8624 392.10 0.2145
-84.3750 15.3484 0.1940 0.4511 0.3549 0.00000 7.737 1500.0 12.0 0.0000 1.1056 158.33 0.0628
-81.5625 15.3484 0.2612 0.3532 0.3856 0.00000 7.629 1500.0 12.0 0.0000 0.3935 55.60 0.0628
-78.7500 15.3484 0.2952 0.3000 0.4048 0.00000 7.344 1500.0 12.0 0.0000 0.2088 29.37 0.0628
-75.9375 15.3484 0.3096 0.2902 0.4002 0.00000 7.409 1500.0 12.0 0.0000 0.1056 14.72 0.0628
-73.1250 15.3484 0.3522 0.2665 0.3814 0.00000 7.065 1500.0 12.0 0.0000 0.0712 10.00 0.0628
-70.3125 15.3484 0.3764 0.2632 0.3604 0.00000 7.501 1500.0 12.0 0.0000 0.0575 10.00 0.0628
-67.5000 15.3484 0.4553 0.2282 0.3165 0.00000 7.324 1500.0 12.0 0.0000 0.0543 10.00 0.0628
-64.6875 15.3484 0.4394 0.2386 0.3220 0.00000 7.461 1500.0 12.0 0.0000 0.0722 10.00 0.0628
-61.8750 15.3484 0.4261 0.2469 0.3270 0.00000 7.599 1500.0 12.0 0.0000 0.1193 15.18 0.0628
-59.0625 15.3484 0.3743 0.2771 0.3486 0.00000 8.183 1500.0 12.0 0.0000 0.1781 23.50 0.0628
-56.2500 15.3484 0.4107 0.2561 0.3331 0.00000 7.773 1500.0 12.0 0.0000 0.1556 20.02 0.0628
-53.4375 15.3484 0.4131 0.2551 0.3318 0.00000 7.753 1500.0 12.0 0.0000 0.1531 19.66 0.0628
-50.6250 15.3484 0.5543 0.1748 0.2709 0.00000 6.973 1500.0 12.0 0.0000 0.3447 39.88 0.0628
-47.8125 15.3484 0.3027 0.2943 0.4030 0.00000 7.329 1500.0 12.0 0.0000 0.3968 55.57 0.0628
16.8750 12.5578 0.2469 0.4025 0.3506 0.00000 8.452 1500.0 12.0 0.0000 1.2684 177.23 0.0628
19.6875 12.5578 0.5895 0.1603 0.2501 0.00000 6.911 1500.0 12.0 0.0000 1.2771 143.22 0.0628
22.5000 12.5578 0.4724 0.2223 0.3053 0.00000 7.166 1500.0 12.0 0.0000 0.7857 96.65 0.0628
25.3125 12.5578 0.4839 0.2115 0.3046 0.00000 6.955 1500.0 12.0 0.0000 0.7743 94.69 0.0628
28.1250 12.5578 0.4204 0.2504 0.3292 0.00000 7.734 1500.0 12.0 0.0000 1.0169 129.97 0.0628
30.9375 12.5578 0.5563 0.1838 0.2599 0.00000 7.330 1500.0 12.0 0.0000 0.8416 96.64 0.0628
33.7500 12.5578 0.3756 0.3298 0.2946 0.00000 7.516 1500.0 12.0 0.0000 2.6041 333.55 0.2429
95.6250 12.5578 0.1666 0.4833 0.3501 0.00000 7.969 1500.0 12.0 0.0000 0.7529 108.80 0.1237
98.4375 12.5578 0.2015 0.4377 0.3608 0.00000 7.417 1500.0 12.0 0.0000 2.2068 315.95 0.2129
101.2500 12.5578 0.1787 0.4590 0.3623 0.00000 8.124 1500.0 12.0 0.0000 0.6102 88.25 0.0758
104.0625 12.5578 0.2818 0.3371 0.3811 0.00000 7.574 1500.0 12.0 0.0000 1.0781 150.67 0.1185
106.8750 12.5578 0.2684 0.3495 0.3821 0.00000 9.167 1500.0 12.0 0.0000 0.5394 75.86 0.1335
109.6875 12.5578 0.3121 0.3123 0.3756 0.00000 8.462 1500.0 12.0 0.0000 0.2813 38.70 0.0949
112.5000 12.5578 0.3099 0.2879 0.4022 0.00000 7.012 1500.0 12.0 0.0000 0.5950 83.03 0.0971
115.3125 12.5578 0.4704 0.2656 0.2639 0.00000 7.453 1500.0 12.0 0.0000 0.9759 117.35 0.3224
165.9375 12.5578 0.2409 0.3989 0.3602 0.00000 7.042 1500.0 12.0 0.0000 3.4795 489.76 0.5092
168.7500 12.5578 0.2992 0.3687 0.3320 0.00000 7.048 1500.0 12.0 0.0000 3.3837 457.78 0.4970
171.5625 12.5578 0.2987 0.3502 0.3511 0.00000 7.615 1500.0 12.0 0.0000 1.7608 240.63 0.3436
174.3750 12.5578 0.4121 0.2645 0.3234 0.00000 7.926 1500.0 12.0 0.0000 0.2330 29.80 0.0889
177.1875 12.5578 0.3581 0.2928 0.3491 0.00000 8.373 1500.0 12.0 0.0000 0.0680 10.00 0.0628
180.0000 12.5578 0.2731 0.3212 0.4057 0.00000 8.086 1500.0 12.0 0.0000 0.2046 29.06 0.0628
-177.1875 12.5578 0.4281 0.2502 0.3217 0.00000 7.282 1500.0 12.0 0.0000 0.2652 33.63 0.0628
-154.6875 12.5578 0.4156 0.3641 0.2203 0.00000 6.565 1500.0 12.0 0.0000 2.4598 296.38 0.7722
-143.4375 12.5578 0.5474 0.1922 0.2605 0.00000 7.083 1500.0 12.0 0.0000 0.7602 87.72 0.0628
-140.6250 12.5578 0.2116 0.4618 0.3266 0.00000 7.662 1500.0 12.0 0.0000 2.9893 419.01 0.5249
-137.8125 12.5578 0.2475 0.4426 0.3099 0.00000 6.719 1500.0 12.0 0.0000 2.8832 394.54 0.7810
-135.0000 12.5578 0.2018 0.4660 0.3322 0.00000 6.858 1500.0 12.0 0.0000 2.8565 403.21 0.8919
-132.1875 12.5578 0.2005 0.4682 0.3313 0.00000 6.919 1500.0 12.0 0.0000 2.6819 378.58 0.8581
-81.5625 12.5578 0.3808 0.3237 0.2955 0.00000 6.894 1500.0 12.0 0.0000 3.3575 429.22 0.3241
-78.7500 12.5578 0.4802 0.2466 0.2732 0.00000 6.834 1500.0 12.0 0.0000 2.0522 246.91 0.2692
-75.9375 12.5578 0.4077 0.2753 0.3170 0.00000 7.493 1500.0 12.0 0.0000 0.8637 110.32 0.2172
-73.1250 12.5578 0.4328 0.2526 0.3145 0.00000 7.432 1500.0 12.0 0.0000 0.6342 79.94 0.1596
-70.3125 12.5578 0.3074 0.2937 0.3990 0.00000 7.574 1500.0 12.0 0.0000 0.0865 12.06 0.0628
-67.5000 12.5578 0.4208 0.2399 0.3393 0.00000 7.175 1500.0 12.0 0.0000 0.0522 10.00 0.0628
-64.6875 12.5578 0.3824 0.2776 0.3400 0.00000 8.061 1500.0 12.0 0.0000 0.0437 10.00 0.0628
-61.8750 12.5578 0.3710 0.2792 0.3498 0.00000 8.225 1500.0 12.0 0.0000 0.0620 10.00 0.0628
-59.0625 12.5578 0.4060 0.2578 0.3362 0.00000 7.829 1500.0 12.0 0.0000 0.1328 17.16 0.0628
-56.2500 12.5578 0.4348 0.2408 0.3243 0.00000 7.509 1500.0 12.0 0.0000 0.1051 13.31 0.0628
-53.4375 12.5578 0.4062 0.2589 0.3349 0.00000 7.890 1500.0 12.0 0.0000 0.1056 13.63 0.0628
-50.6250 12.5578 0.2724 0.3584 0.3692 0.00000 6.934 1500.0 12.0 0.0000 2.3122 322.55 0.4125
-47.8125 12.5578 0.2406 0.4808 0.2786 0.00000 6.465 1500.0 12.0 0.0000 1.5250 205.98 1.2156
16.8750 9.7671 0.2318 0.4176 0.3506 0.00000 7.675 1500.0 12.0 0.0000 3.5565 500.16 0.1030
19.6875 9.7671 0.3365 0.3330 0.3305 0.00000 8.278 1500.0 12.0 0.0000 1.0867 144.47 0.0628
22.5000 9.7671 0.5057 0.2143 0.2800 0.00000 7.679 1500.0 12.0 0.0000 1.1770 140.36 0.0628
25.3125 9.7671 0.5010 0.2175 0.2815 0.00000 7.279 1500.0 12.0 0.0000 1.7357 207.66 0.0628
28.1250 9.7671 0.5255 0.1940 0.2804 0.00000 7.072 1500.0 12.0 0.0000 1.1275 133.15 0.0628
30.9375 9.7671 0.5810 0.1763 0.2426 0.00000 7.065 1500.0 12.0 0.0000 1.6702 187.27 0.0628
33.7500 9.7671 0.2140 0.4368 0.3492 0.00000 7.829 1500.0 12.0 0.0000 3.7195 526.70 0.1422
98.4375 9.7671 0.1410 0.5154 0.3436 0.00000 7.792 1500.0 12.0 0.0000 0.2886 42.01 0.0628
101.2500 9.7671 0.2248 0.4192 0.3560 0.00000 8.091 1500.0 12.0 0.0000 0.3882 54.91 0.0628
104.0625 9.7671 0.3031 0.3395 0.3574 0.00000 8.629 1500.0 12.0 0.0000 0.3892 53.26 0.0628
106.8750 9.7671 0.3008 0.3223 0.3770 0.00000 9.094 1500.0 12.0 0.0000 0.1474 20.39 0.0628
109.6875 9.7671 0.3481 0.2779 0.3739 0.00000 7.735 1500.0 12.0 0.0000 0.2386 32.28 0.0628
112.5000 9.7671 0.3241 0.2944 0.3815 0.00000 7.062 1500.0 12.0 0.0000 1.4523 199.34 0.1472
165.9375 9.7671 0.3977 0.2793 0.3231 0.00000 7.329 1500.0 12.0 0.0000 1.3059 168.14 0.1169
168.7500 9.7671 0.2807 0.3583 0.3610 0.00000 7.664 1500.0 12.0 0.0000 1.5862 219.57 0.1510
171.5625 9.7671 0.2831 0.3096 0.4073 0.00000 7.595 1500.0 12.0 0.0000 0.1328 18.79 0.0628
174.3750 9.7671 0.4573 0.2260 0.3166 0.00000 7.254 1500.0 12.0 0.0000 0.0713 10.00 0.0628
177.1875 9.7671 0.3979 0.2524 0.3497 0.00000 7.389 1500.0 12.0 0.0000 0.0662 10.00 0.0628
180.0000 9.7671 0.3015 0.2904 0.4081 0.00000 7.172 1500.0 12.0 0.0000 0.1494 20.98 0.0628
-177.1875 9.7671 0.4332 0.2790 0.2878 0.00000 7.185 1500.0 12.0 0.0000 0.5689 70.63 0.0628
-157.5000 9.7671 0.4165 0.3707 0.2128 0.00000 6.275 1500.0 12.0 0.0000 2.2295 267.34 0.9832
-154.6875 9.7671 0.2573 0.4205 0.3222 0.00000 6.383 1500.0 12.0 0.0000 2.1755 298.30 0.8413
-151.8750 9.7671 0.2459 0.4133 0.3408 0.00000 6.771 1500.0 12.0 0.0000 2.1271 295.88 0.6901
-149.0625 9.7671 0.4005 0.2626 0.3369 0.00000 7.141 1500.0 12.0 0.0000 0.3461 44.84 0.0628
-146.2500 9.7671 0.5299 0.1849 0.2852 0.00000 6.717 1500.0 12.0 0.0000 0.8355 98.72 0.0628
-143.4375 9.7671 0.3535 0.2789 0.3677 0.00000 7.566 1500.0 12.0 0.0000 0.4733 63.67 0.0628
-140.6250 9.7671 0.2760 0.3168 0.4072 0.00000 7.751 1500.0 12.0 0.0000 0.2835 40.25 0.0628
-137.8125 9.7671 0.3474 0.2811 0.3715 0.00000 7.546 1500.0 12.0 0.0000 0.2634 35.60 0.0628
-135.0000 9.7671 0.3826 0.2703 0.3471 0.00000 7.895 1500.0 12.0 0.0000 0.2212 29.05 0.0628
-132.1875 9.7671 0.4341 0.2421 0.3238 0.00000 7.404 1500.0 12.0 0.0000 0.2379 30.12 0.0628
-129.3750 9.7671 0.2572 0.4358 0.3070 0.00000 7.630 1500.0 12.0 0.0000 2.8990 394.43 0.5596
-126.5625 9.7671 0.1301 0.5725 0.2975 0.00000 7.882 1500.0 12.0 0.0000 3.7847 541.27 0.8333
-123.7500 9.7671 0.1796 0.4741 0.3462 0.00000 7.774 1500.0 12.0 0.0000 4.6324 664.55 0.1772
-73.1250 9.7671 0.2768 0.4927 0.2305 0.00000 6.399 1500.0 12.0 0.0000 0.6777 87.78 1.1789
-70.3125 9.7671 0.2748 0.3814 0.3437 0.00000 7.558 1500.0 12.0 0.0000 0.8453 116.29 0.4866
-67.5000 9.7671 0.3189 0.2848 0.3963 0.00000 7.373 1500.0 12.0 0.0000 0.0702 10.00 0.0628
-64.6875 9.7671 0.4616 0.2227 0.3157 0.00000 7.128 1500.0 12.0 0.0000 0.0446 10.00 0.0628
-61.8750 9.7671 0.3237 0.3075 0.3689 0.00000 8.757 1500.0 12.0 0.0000 0.0480 10.00 0.0628
-59.0625 9.7671 0.3780 0.2747 0.3472 0.00000 8.146 1500.0 12.0 0.0000 0.0968 12.74 0.0628
-56.2500 9.7671 0.3337 0.3014 0.3649 0.00000 8.645 1500.0 12.0 0.0000 0.0768 10.41 0.0628
-53.4375 9.7671 0.3955 0.2620 0.3426 0.00000 7.907 1500.0 12.0 0.0000 0.0991 12.91 0.0628
-50.6250 9.7671 0.2226 0.4219 0.3554 0.00000 6.534 1500.0 12.0 0.0000 1.9516 276.19 0.7402
-47.8125 9.7671 0.2944 0.4457 0.2599 0.00000 6.489 1500.0 12.0 0.0000 1.7137 223.69 1.1107
-22.5000 9.7671 0.1615 0.5397 0.2987 0.00000 5.735 1500.0 12.0 0.0000 2.1470 303.20 1.3999
19.6875 6.9765 0.2010 0.4315 0.3675 0.00000 7.640 1500.0 12.0 0.0000 2.2543 323.87 0.0628
22.5000 6.9765 0.2606 0.4084 0.3311 0.00000 7.696 1500.0 12.0 0.0000 1.2998 178.78 0.0628
28.1250 6.9765 0.4854 0.2297 0.2848 0.00000 7.502 1500.0 12.0 0.0000 0.4775 57.69 0.0628
30.9375 6.9765 0.4847 0.2538 0.2614 0.00000 7.132 1500.0 12.0 0.0000 2.0511 244.53 0.0628
98.4375 6.9765 0.2132 0.4411 0.3457 0.00000 7.973 1500.0 12.0 0.0000 0.4865 68.79 0.0628
101.2500 6.9765 0.5277 0.2011 0.2713 0.00000 7.387 1500.0 12.0 0.0000 0.7589 89.03 0.0628
104.0625 6.9765 0.4025 0.2665 0.3311 0.00000 8.264 1500.0 12.0 0.0000 0.3585 46.26 0.0628
106.8750 6.9765 0.4412 0.2392 0.3196 0.00000 7.697 1500.0 12.0 0.0000 0.3314 41.73 0.0628
109.6875 6.9765 0.2913 0.3071 0.4016 0.00000 7.707 1500.0 12.0 0.0000 0.4384 61.65 0.0628
112.5000 6.9765 0.3498 0.3540 0.2962 0.00000 7.023 1500.0 12.0 0.0000 2.5646 332.74 0.5774
168.7500 6.9765 0.2582 0.5233 0.2185 0.00000 5.811 1500.0 12.0 0.0000 1.0335 134.16 1.7058
171.5625 6.9765 0.1456 0.5582 0.2962 0.00000 5.962 1500.0 12.0 0.0000 0.6880 97.70 1.6191
174.3750 6.9765 0.1821 0.5109 0.3070 0.00000 5.993 1500.0 12.0 0.0000 0.5035 70.77 1.3333
177.1875 6.9765 0.2566 0.4039 0.3395 0.00000 6.721 1500.0 12.0 0.0000 0.7437 102.91 0.6781
180.0000 6.9765 0.3047 0.2988 0.3965 0.00000 7.406 1500.0 12.0 0.0000 0.1162 16.20 0.0628
-177.1875 6.9765 0.3398 0.3482 0.3120 0.00000 7.740 1500.0 12.0 0.0000 0.1364 17.93 0.0628
-154.6875 6.9765 0.3239 0.3988 0.2773 0.00000 6.992 1500.0 12.0 0.0000 1.6689 216.93 0.7911
-151.8750 6.9765 0.2118 0.4295 0.3587 0.00000 7.309 1500.0 12.0 0.0000 1.6578 236.07 0.6151
-149.0625 6.9765 0.2735 0.3292 0.3973 0.00000 7.746 1500.0 12.0 0.0000 0.2055 29.06 0.0628
-146.2500 6.9765 0.2991 0.3041 0.3968 0.00000 7.272 1500.0 12.0 0.0000 1.1658 163.00 0.1084
-143.4375 6.9765 0.2876 0.3156 0.3968 0.00000 7.385 1500.0 12.0 0.0000 1.9122 268.70 0.1278
-140.6250 6.9765 0.3279 0.2885 0.3836 0.00000 7.670 1500.0 12.0 0.0000 0.2375 32.58 0.0628
-137.8125 6.9765 0.3648 0.2869 0.3483 0.00000 8.328 1500.0 12.0 0.0000 0.1669 22.11 0.0628
-135.0000 6.9765 0.4193 0.2547 0.3259 0.00000 7.653 1500.0 12.0 0.0000 0.1487 18.98 0.0628
-132.1875 6.9765 0.4283 0.2485 0.3232 0.00000 7.551 1500.0 12.0 0.0000 0.2383 30.25 0.0628
-129.3750 6.9765 0.4243 0.2523 0.3234 0.00000 7.585 1500.0 12.0 0.0000 0.5735 72.94 0.0628
-126.5625 6.9765 0.1664 0.5558 0.2778 0.00000 7.363 1500.0 12.0 0.0000 4.1423 577.70 1.2463
-70.3125 6.9765 0.2324 0.4997 0.2679 0.00000 6.396 1500.0 12.0 0.0000 0.4611 62.15 1.2174
-67.5000 6.9765 0.3425 0.2737 0.3838 0.00000 7.055 1500.0 12.0 0.0000 0.1070 14.59 0.0628
-64.6875 6.9765 0.4096 0.2590 0.3314 0.00000 8.083 1500.0 12.0 0.0000 0.0473 10.00 0.0628
-61.8750 6.9765 0.2906 0.3275 0.3820 0.00000 9.127 1500.0 12.0 0.0000 0.0452 10.00 0.0628
-59.0625 6.9765 0.2534 0.3499 0.3967 0.00000 9.500 1500.0 12.0 0.0000 0.0779 11.10 0.0628
-56.2500 6.9765 0.2544 0.3491 0.3965 0.00000 9.500 1500.0 12.0 0.0000 0.0655 10.00 0.0628
-53.4375 6.9765 0.2716 0.3340 0.3944 0.00000 9.059 1500.0 12.0 0.0000 0.0725 10.24 0.0628
-50.6250 6.9765 0.3039 0.3506 0.3455 0.00000 7.833 1500.0 12.0 0.0000 1.4619 198.75 0.3680
-22.5000 6.9765 0.1498 0.5604 0.2898 0.00000 5.771 1500.0 12.0 0.0000 1.0257 144.92 1.4886
-19.6875 6.9765 0.1876 0.5229 0.2895 0.00000 5.658 1500.0 12.0 0.0000 0.5570 77.42 1.4421
-16.8750 6.9765 0.2289 0.5088 0.2623 0.00000 5.448 1500.0 12.0 0.0000 0.5360 72.17 1.4357
-5.6250 6.9765 0.3763 0.3457 0.2779 0.00000 6.590 1500.0 12.0 0.0000 1.4273 181.09 0.6160
19.6875 4.1859 0.3184 0.3736 0.3080 0.00000 7.467 1500.0 12.0 0.0000 0.8361 110.74 0.0628
22.5000 4.1859 0.1650 0.4837 0.3513 0.00000 8.147 1500.0 12.0 0.0000 0.5611 81.18 0.0628
25.3125 4.1859 0.4607 0.2630 0.2763 0.00000 7.265 1500.0 12.0 0.0000 0.4306 52.40 0.0628
28.1250 4.1859 0.6085 0.1526 0.2389 0.00000 6.935 1500.0 12.0 0.0000 0.4857 53.53 0.0628
30.9375 4.1859 0.2627 0.4498 0.2875 0.00000 6.719 1500.0 12.0 0.0000 4.0724 547.18 0.8681
33.7500 4.1859 0.0714 0.6804 0.2482 0.00000 6.704 1500.0 12.0 0.0000 4.0117 574.03 1.5895
98.4375 4.1859 0.1710 0.4707 0.3582 0.00000 8.026 1500.0 12.0 0.0000 1.2580 182.18 0.0628
101.2500 4.1859 0.4058 0.3087 0.2855 0.00000 7.427 1500.0 12.0 0.0000 1.8444 231.73 0.0628
104.0625 4.1859 0.5535 0.1820 0.2646 0.00000 7.201 1500.0 12.0 0.0000 1.1223 129.41 0.0628
106.8750 4.1859 0.5473 0.1810 0.2716 0.00000 6.940 1500.0 12.0 0.0000 0.4254 49.42 0.0628
109.6875 4.1859 0.2811 0.3261 0.3928 0.00000 7.812 1500.0 12.0 0.0000 0.3706 52.12 0.0628
112.5000 4.1859 0.3008 0.4420 0.2572 0.00000 6.887 1500.0 12.0 0.0000 3.3822 439.54 0.9255
157.5000 4.1859 0.1892 0.5017 0.3091 0.00000 6.563 1500.0 12.0 0.0000 2.7373 384.00 0.9592
160.3125 4.1859 0.1257 0.5839 0.2904 0.00000 7.130 1500.0 12.0 0.0000 3.1138 444.61 0.9182
171.5625 4.1859 0.2002 0.5490 0.2509 0.00000 5.524 1500.0 12.0 0.0000 0.6161 83.51 1.6810
174.3750 4.1859 0.1714 0.5215 0.3071 0.00000 6.407 1500.0 12.0 0.0000 0.4872 68.81 1.2722
177.1875 4.1859 0.2213 0.4209 0.3578 0.00000 6.946 1500.0 12.0 0.0000 0.7150 101.37 0.6391
180.0000 4.1859 0.2984 0.3537 0.3479 0.00000 6.997 1500.0 12.0 0.0000 0.9469 129.20 0.4240
-177.1875 4.1859 0.1719 0.5043 0.3238 0.00000 8.016 1500.0 12.0 0.0000 0.6919 98.49 0.2458
-174.3750 4.1859 0.0499 0.6512 0.2989 0.00000 6.800 1500.0 12.0 0.0000 0.0720 10.65 0.0628
-154.6875 4.1859 0.3113 0.4101 0.2786 0.00000 6.541 1500.0 12.0 0.0000 1.7507 229.04 0.8426
-151.8750 4.1859 0.2607 0.4222 0.3171 0.00000 7.220 1500.0 12.0 0.0000 1.4531 198.44 0.6529
-149.0625 4.1859 0.4154 0.2517 0.3329 0.00000 7.846 1500.0 12.0 0.0000 0.1444 18.54 0.0628
-146.2500 4.1859 0.4279 0.2553 0.3168 0.00000 7.826 1500.0 12.0 0.0000 0.5892 74.54 0.1033
-143.4375 4.1859 0.3442 0.2987 0.3571 0.00000 8.525 1500.0 12.0 0.0000 0.1796 24.12 0.0628
-140.6250 4.1859 0.3259 0.2920 0.3821 0.00000 7.914 1500.0 12.0 0.0000 0.2790 38.27 0.0628
-137.8125 4.1859 0.2955 0.3355 0.3690 0.00000 8.923 1500.0 12.0 0.0000 0.1602 22.13 0.0628
-135.0000 4.1859 0.3998 0.2638 0.3365 0.00000 7.912 1500.0 12.0 0.0000 0.1730 22.41 0.0628
-132.1875 4.1859 0.3952 0.2665 0.3383 0.00000 7.937 1500.0 12.0 0.0000 0.2363 30.72 0.0628
-129.3750 4.1859 0.3511 0.2925 0.3564 0.00000 8.062 1500.0 12.0 0.0000 0.3982 53.31 0.0628
-126.5625 4.1859 0.1786 0.5314 0.2899 0.00000 6.627 1500.0 12.0 0.0000 3.3840 472.33 1.3804
-123.7500 4.1859 0.0724 0.6766 0.2510 0.00000 6.718 1500.0 12.0 0.0000 4.3492 622.92 1.6065
-70.3125 4.1859 0.2681 0.4693 0.2626 0.00000 5.456 1500.0 12.0 0.0000 0.8127 107.52 1.3473
-67.5000 4.1859 0.3173 0.2913 0.3914 0.00000 7.488 1500.0 12.0 0.0000 0.1057 14.63 0.0628
-64.6875 4.1859 0.4220 0.2476 0.3304 0.00000 7.693 1500.0 12.0 0.0000 0.0567 10.00 0.0628
-61.8750 4.1859 0.2816 0.3328 0.3856 0.00000 9.230 1500.0 12.0 0.0000 0.0475 10.00 0.0628
-59.0625 4.1859 0.2537 0.3496 0.3967 0.00000 9.500 1500.0 12.0 0.0000 0.0863 12.30 0.0628
-56.2500 4.1859 0.3054 0.3182 0.3764 0.00000 8.992 1500.0 12.0 0.0000 0.0791 10.92 0.0628
-53.4375 4.1859 0.2977 0.2994 0.4029 0.00000 7.653 1500.0 12.0 0.0000 0.1213 17.03 0.0628
-50.6250 4.1859 0.3265 0.3632 0.3103 0.00000 6.904 1500.0 12.0 0.0000 1.8379 242.85 0.5867
-28.1250 4.1859 0.2052 0.4933 0.3015 0.00000 6.173 1500.0 12.0 0.0000 3.2236 447.43 1.1600
-25.3125 4.1859 0.1757 0.5220 0.3023 0.00000 6.692 1500.0 12.0 0.0000 1.0346 145.49 1.2496
-22.5000 4.1859 0.2608 0.5005 0.2387 0.00000 5.962 1500.0 12.0 0.0000 0.6450 84.54 1.4417
-19.6875 4.1859 0.2275 0.4912 0.2814 0.00000 5.543 1500.0 12.0 0.0000 0.4166 56.68 1.4011
-16.8750 4.1859 0.1669 0.5169 0.3161 0.00000 5.525 1500.0 12.0 0.0000 0.5381 76.47 1.3252
-14.0625 4.1859 0.2023 0.5133 0.2844 0.00000 5.764 1500.0 12.0 0.0000 0.3796 52.30 1.3613
-11.2500 4.1859 0.1090 0.6273 0.2638 0.00000 7.083 1500.0 12.0 0.0000 0.3485 49.47 1.3276
-8.4375 4.1859 0.1990 0.5136 0.2873 0.00000 5.996 1500.0 12.0 0.0000 0.7206 99.57 1.1801
-5.6250 4.1859 0.2743 0.4491 0.2766 0.00000 6.277 1500.0 12.0 0.0000 0.5754 76.47 1.0727
22.5000 1.3953 0.1769 0.4660 0.3571 0.00000 8.177 1500.0 12.0 0.0000 0.4733 68.34 0.0628
25.3125 1.3953 0.2893 0.3288 0.3819 0.00000 7.283 1500.0 12.0 0.0000 0.4418 61.58 0.0628
28.1250 1.3953 0.3156 0.3683 0.3161 0.00000 7.901 1500.0 12.0 0.0000 2.5909 345.07 0.3757
30.9375 1.3953 0.1162 0.6295 0.2543 0.00000 6.847 1500.0 12.0 0.0000 2.9162 410.68 1.4671
59.0625 1.3953 0.1672 0.5645 0.2683 0.00000 5.713 1500.0 12.0 0.0000 2.1490 298.16 1.6607
61.8750 1.3953 0.0930 0.6393 0.2677 0.00000 6.025 1500.0 12.0 0.0000 2.0872 298.79 1.7124
64.6875 1.3953 0.1815 0.5726 0.2459 0.00000 5.672 1500.0 12.0 0.0000 2.4398 332.60 1.7174
98.4375 1.3953 0.1639 0.4940 0.3421 0.00000 7.987 1500.0 12.0 0.0000 3.8648 556.95 0.1961
101.2500 1.3953 0.4570 0.2692 0.2738 0.00000 7.320 1500.0 12.0 0.0000 1.7539 213.53 0.0628
104.0625 1.3953 0.3970 0.2775 0.3255 0.00000 8.345 1500.0 12.0 0.0000 0.7328 94.50 0.0628
106.8750 1.3953 0.4126 0.2595 0.3279 0.00000 7.913 1500.0 12.0 0.0000 0.3059 39.22 0.0628
109.6875 1.3953 0.4499 0.2344 0.3156 0.00000 7.407 1500.0 12.0 0.0000 0.4432 55.44 0.0628
112.5000 1.3953 0.2836 0.3981 0.3183 0.00000 7.607 1500.0 12.0 0.0000 3.3672 455.46 0.3742
149.0625 1.3953 0.0863 0.6515 0.2622 0.00000 7.257 1500.0 12.0 0.0000 3.2935 471.54 1.2975
151.8750 1.3953 0.0974 0.6327 0.2699 0.00000 7.695 1500.0 12.0 0.0000 2.6389 377.49 1.0725
154.6875 1.3953 0.1620 0.5440 0.2941 0.00000 7.345 1500.0 12.0 0.0000 2.7077 381.43 0.8398
157.5000 1.3953 0.2797 0.3439 0.3763 0.00000 7.607 1500.0 12.0 0.0000 0.2876 40.13 0.0628
160.3125 1.3953 0.2443 0.4001 0.3556 0.00000 7.157 1500.0 12.0 0.0000 2.4402 342.21 0.2654
174.3750 1.3953 0.2076 0.5436 0.2488 0.00000 6.575 1500.0 12.0 0.0000 1.1534 155.67 1.0651
177.1875 1.3953 0.3234 0.3424 0.3341 0.00000 6.978 1500.0 12.0 0.0000 0.8001 107.20 0.4174
180.0000 1.3953 0.3194 0.3560 0.3246 0.00000 7.269 1500.0 12.0 0.0000 0.9247 123.51 0.4396
-157.5000 1.3953 0.2954 0.4784 0.2263 0.00000 5.679 1500.0 12.0 0.0000 1.3911 178.23 1.5188
-154.6875 1.3953 0.2371 0.4642 0.2987 0.00000 6.274 1500.0 12.0 0.0000 1.2415 169.70 1.0349
-151.8750 1.3953 0.2431 0.4534 0.3035 0.00000 7.742 1500.0 12.0 0.0000 0.9990 136.51 0.7130
-149.0625 1.3953 0.3226 0.3558 0.3215 0.00000 8.211 1500.0 12.0 0.0000 1.0703 142.52 0.3331
-146.2500 1.3953 0.4277 0.2456 0.3266 0.00000 7.809 1500.0 12.0 0.0000 0.1846 23.49 0.0628
-143.4375 1.3953 0.4122 0.2533 0.3345 0.00000 7.764 1500.0 12.0 0.0000 0.1175 15.13 0.0628
-140.6250 1.3953 0.3501 0.2729 0.3769 0.00000 7.277 1500.0 12.0 0.0000 0.1000 13.54 0.0628
-137.8125 1.3953 0.3452 0.2814 0.3734 0.00000 7.681 1500.0 12.0 0.0000 0.0782 10.59 0.0628
-135.0000 1.3953 0.4792 0.2164 0.3044 0.00000 7.315 1500.0 12.0 0.0000 0.0779 10.00 0.0628
-132.1875 1.3953 0.4305 0.2488 0.3207 0.00000 7.513 1500.0 12.0 0.0000 0.1302 16.48 0.0628
-129.3750 1.3953 0.3799 0.2670 0.3530 0.00000 7.519 1500.0 12.0 0.0000 0.3374 44.51 0.0628
-126.5625 1.3953 0.1853 0.5198 0.2949 0.00000 6.993 1500.0 12.0 0.0000 2.7128 378.51 1.3836
-70.3125 1.3953 0.3404 0.4434 0.2162 0.00000 5.616 1500.0 12.0 0.0000 0.9441 117.74 1.4072
-67.5000 1.3953 0.2440 0.3841 0.3719 0.00000 7.248 1500.0 12.0 0.0000 1.3967 197.49 0.4595
-64.6875 1.3953 0.3404 0.2831 0.3766 0.00000 7.771 1500.0 12.0 0.0000 0.0742 10.09 0.0628
-61.8750 1.3953 0.2627 0.3460 0.3913 0.00000 9.424 1500.0 12.0 0.0000 0.0585 10.00 0.0628
-59.0625 1.3953 0.2947 0.3209 0.3844 0.00000 8.844 1500.0 12.0 0.0000 0.1023 14.24 0.0628
-56.2500 1.3953 0.3014 0.3125 0.3861 0.00000 8.253 1500.0 12.0 0.0000 0.1419 19.72 0.0628
-53.4375 1.3953 0.3121 0.2973 0.3906 0.00000 7.679 1500.0 12.0 0.0000 0.1910 26.47 0.0628
-50.6250 1.3953 0.3822 0.4022 0.2156 0.00000 6.035 1500.0 12.0 0.0000 2.1226 259.29 1.1204
-33.7500 1.3953 0.1530 0.5679 0.2791 0.00000 6.697 1500.0 12.0 0.0000 3.3964 476.70 1.3922
-30.9375 1.3953 0.1703 0.5160 0.3136 0.00000 6.886 1500.0 12.0 0.0000 3.3334 472.46 1.0906
-28.1250 1.3953 0.3407 0.2781 0.3812 0.00000 7.268 1500.0 12.0 0.0000 1.0811 147.29 0.0628
-25.3125 1.3953 0.4473 0.2472 0.3055 0.00000 7.315 1500.0 12.0 0.0000 1.1475 142.91 0.1614
-22.5000 1.3953 0.3520 0.4010 0.2470 0.00000 6.270 1500.0 12.0 0.0000 0.5855 73.87 1.1905
-19.6875 1.3953 0.3363 0.4206 0.2431 0.00000 5.645 1500.0 12.0 0.0000 0.3064 38.86 1.4157
-16.8750 1.3953 0.2598 0.4837 0.2566 0.00000 5.515 1500.0 12.0 0.0000 0.3526 46.67 1.4422
-14.0625 1.3953 0.1689 0.5223 0.3089 0.00000 5.715 1500.0 12.0 0.0000 0.3672 51.96 1.3848
-11.2500 1.3953 0.1869 0.5090 0.3041 0.00000 5.916 1500.0 12.0 0.0000 0.6650 93.16 1.2130
-8.4375 1.3953 0.2122 0.4693 0.3185 0.00000 6.356 1500.0 12.0 0.0000 0.6836 95.41 0.8979
-5.6250 1.3953 0.2372 0.4150 0.3478 0.00000 6.885 1500.0 12.0 0.0000 0.5255 73.63 0.6388
-2.8125 1.3953 0.3865 0.3812 0.2323 0.00000 6.217 1500.0 12.0 0.0000 0.7066 86.96 0.8690
0.0000 -1.3953 0.3023 0.4668 0.2309 0.00000 6.376 1500.0 12.0 0.0000 1.1589 148.37 1.0096
22.5000 -1.3953 0.2535 0.4599 0.2866 0.00000 6.887 1500.0 12.0 0.0000 2.2574 304.41 0.8570
25.3125 -1.3953 0.3032 0.3955 0.3013 0.00000 6.912 1500.0 12.0 0.0000 2.3541 312.86 0.7196
28.1250 -1.3953 0.1637 0.5171 0.3193 0.00000 6.890 1500.0 12.0 0.0000 1.8077 257.65 1.0902
30.9375 -1.3953 0.0790 0.6717 0.2493 0.00000 6.616 1500.0 12.0 0.0000 2.5396 362.43 1.4788
59.0625 -1.3953 0.1914 0.5188 0.2898 0.00000 6.059 1500.0 12.0 0.0000 1.4593 202.55 1.3886
61.8750 -1.3953 0.1747 0.5432 0.2820 0.00000 6.381 1500.0 12.0 0.0000 1.0989 153.04 1.5279
64.6875 -1.3953 0.1205 0.6091 0.2703 0.00000 6.218 1500.0 12.0 0.0000 1.8502 262.16 1.6099
67.5000 -1.3953 0.1184 0.6206 0.2610 0.00000 6.161 1500.0 12.0 0.0000 2.0548 290.07 1.6277
98.4375 -1.3953 0.1171 0.5967 0.2862 0.00000 7.636 1500.0 12.0 0.0000 3.8298 547.68 0.9140
101.2500 -1.3953 0.3197 0.4028 0.2775 0.00000 7.496 1500.0 12.0 0.0000 3.7239 485.01 0.3891
104.0625 -1.3953 0.2986 0.3312 0.3703 0.00000 9.163 1500.0 12.0 0.0000 0.5054 69.75 0.0628
106.8750 -1.3953 0.4057 0.2761 0.3182 0.00000 7.586 1500.0 12.0 0.0000 2.3587 301.76 0.2171
109.6875 -1.3953 0.5219 0.1987 0.2794 0.00000 7.015 1500.0 12.0 0.0000 0.5423 64.13 0.0628
112.5000 -1.3953 0.2793 0.3187 0.4020 0.00000 7.330 1500.0 12.0 0.0000 1.1191 158.23 0.0628
115.3125 -1.3953 0.3537 0.3771 0.2692 0.00000 6.772 1500.0 12.0 0.0000 4.6685 595.81 0.6746
146.2500 -1.3953 0.1539 0.5816 0.2645 0.00000 6.711 1500.0 12.0 0.0000 3.6276 505.27 1.1562
149.0625 -1.3953 0.4234 0.2972 0.2794 0.00000 7.832 1500.0 12.0 0.0000 2.7246 338.27 0.2706
151.8750 -1.3953 0.6027 0.1588 0.2386 0.00000 7.003 1500.0 12.0 0.0000 0.5057 55.90 0.0628
154.6875 -1.3953 0.4333 0.2573 0.3094 0.00000 8.112 1500.0 12.0 0.0000 0.1902 23.91 0.0628
157.5000 -1.3953 0.3083 0.3307 0.3609 0.00000 7.546 1500.0 12.0 0.0000 0.2578 35.26 0.0628
160.3125 -1.3953 0.3925 0.2988 0.3087 0.00000 7.744 1500.0 12.0 0.0000 0.2222 28.46 0.0667
163.1250 -1.3953 0.1471 0.5229 0.3299 0.00000 7.829 1500.0 12.0 0.0000 0.6101 88.01 0.1239
177.1875 -1.3953 0.5236 0.2112 0.2652 0.00000 6.943 1500.0 12.0 0.0000 0.1921 22.51 0.0628
-157.5000 -1.3953 0.3140 0.4836 0.2024 0.00000 5.499 1500.0 12.0 0.0000 1.2924 161.98 1.6751
-154.6875 -1.3953 0.2997 0.4684 0.2319 0.00000 6.051 1500.0 12.0 0.0000 0.9266 118.84 1.3504
-151.8750 -1.3953 0.2427 0.4661 0.2912 0.00000 6.647 1500.0 12.0 0.0000 0.8979 121.96 1.0408
-149.0625 -1.3953 0.2350 0.4828 0.2821 0.00000 7.369 1500.0 12.0 0.0000 0.9706 131.66 0.8786
-146.2500 -1.3953 0.3131 0.3882 0.2987 0.00000 7.833 1500.0 12.0 0.0000 1.2448 164.46 0.4870
-143.4375 -1.3953 0.3629 0.2671 0.3700 0.00000 7.444 1500.0 12.0 0.0000 0.1651 22.15 0.0628
-140.6250 -1.3953 0.2886 0.3031 0.4083 0.00000 7.368 1500.0 12.0 0.0000 0.1041 14.71 0.0628
-137.8125 -1.3953 0.2790 0.3217 0.3993 0.00000 7.364 1500.0 12.0 0.0000 0.4219 59.58 0.1412
-135.0000 -1.3953 0.3753 0.2961 0.3286 0.00000 7.028 1500.0 12.0 0.0000 0.4772 62.26 0.3254
-132.1875 -1.3953 0.3964 0.2710 0.3326 0.00000 7.885 1500.0 12.0 0.0000 0.0601 10.00 0.0628
-129.3750 -1.3953 0.2811 0.3785 0.3404 0.00000 8.137 1500.0 12.0 0.0000 1.3645 186.89 0.2197
-67.5000 -1.3953 0.3146 0.4182 0.2673 0.00000 6.964 1500.0 12.0 0.0000 0.9513 123.52 0.9383
-64.6875 -1.3953 0.3418 0.2660 0.3921 0.00000 6.982 1500.0 12.0 0.0000 0.2706 37.05 0.0628
-61.8750 -1.3953 0.2729 0.3304 0.3966 0.00000 8.883 1500.0 12.0 0.0000 0.1103 15.60 0.0628
-59.0625 -1.3953 0.2937 0.3021 0.4043 0.00000 7.647 1500.0 12.0 0.0000 0.1597 22.46 0.0628
-56.2500 -1.3953 0.3403 0.2765 0.3832 0.00000 7.319 1500.0 12.0 0.0000 0.4312 58.81 0.0628
-53.4375 -1.3953 0.3365 0.4201 0.2434 0.00000 6.294 1500.0 12.0 0.0000 2.3733 301.06 1.0872
-50.6250 -1.3953 0.3804 0.4221 0.1975 0.00000 6.016 1500.0 12.0 0.0000 2.1049 254.69 1.3037
-30.9375 -1.3953 0.2395 0.3957 0.3648 0.00000 7.524 1500.0 12.0 0.0000 3.1233 440.92 0.1436
-28.1250 -1.3953 0.4462 0.2482 0.3056 0.00000 7.699 1500.0 12.0 0.0000 1.4058 175.20 0.1347
-25.3125 -1.3953 0.3765 0.2879 0.3356 0.00000 8.133 1500.0 12.0 0.0000 0.9469 123.95 0.1456
-22.5000 -1.3953 0.2844 0.3639 0.3517 0.00000 8.777 1500.0 12.0 0.0000 0.8591 118.17 0.2979
-19.6875 -1.3953 0.3269 0.4037 0.2694 0.00000 6.395 1500.0 12.0 0.0000 0.4877 63.03 1.2099
-16.8750 -1.3953 0.3457 0.4299 0.2243 0.00000 5.553 1500.0 12.0 0.0000 0.3441 43.00 1.5371
-14.0625 -1.3953 0.2622 0.4918 0.2460 0.00000 6.051 1500.0 12.0 0.0000 0.3242 42.63 1.5168
-11.2500 -1.3953 0.2714 0.4706 0.2580 0.00000 6.107 1500.0 12.0 0.0000 0.4480 59.03 1.2779
-8.4375 -1.3953 0.3042 0.4136 0.2822 0.00000 6.937 1500.0 12.0 0.0000 0.4694 61.73 0.8514
-5.6250 -1.3953 0.2526 0.3685 0.3789 0.00000 6.697 1500.0 12.0 0.0000 1.0599 149.84 0.4379
-2.8125 -1.3953 0.3549 0.3760 0.2691 0.00000 6.739 1500.0 12.0 0.0000 0.5273 67.25 0.6813
25.3125 -4.1859 0.3653 0.3918 0.2430 0.00000 7.043 1500.0 12.0 0.0000 2.3122 289.24 0.7152
28.1250 -4.1859 0.2673 0.4472 0.2855 0.00000 6.269 1500.0 12.0 0.0000 2.6731 358.06 1.0499
30.9375 -4.1859 0.3196 0.4502 0.2302 0.00000 5.612 1500.0 12.0 0.0000 2.9754 377.68 1.3695
56.2500 -4.1859 0.2734 0.4296 0.2970 0.00000 6.853 1500.0 12.0 0.0000 2.1866 293.85 0.7670
59.0625 -4.1859 0.2647 0.3730 0.3623 0.00000 6.943 1500.0 12.0 0.0000 2.1476 299.55 0.4556
61.8750 -4.1859 0.3909 0.3364 0.2727 0.00000 7.332 1500.0 12.0 0.0000 2.3899 300.25 0.5549
64.6875 -4.1859 0.3306 0.4205 0.2489 0.00000 7.332 1500.0 12.0 0.0000 1.9026 242.74 0.9531
67.5000 -4.1859 0.2173 0.4966 0.2861 0.00000 6.249 1500.0 12.0 0.0000 2.6261 359.76 1.2720
70.3125 -4.1859 0.1520 0.5605 0.2875 0.00000 6.427 1500.0 12.0 0.0000 1.9914 280.80 1.3337
101.2500 -4.1859 0.1618 0.4910 0.3473 0.00000 8.027 1500.0 12.0 0.0000 2.2332 322.93 0.0628
104.0625 -4.1859 0.3407 0.3491 0.3101 0.00000 8.260 1500.0 12.0 0.0000 3.9022 512.23 0.3323
106.8750 -4.1859 0.5204 0.2299 0.2497 0.00000 6.763 1500.0 12.0 0.0000 3.3058 384.32 0.3322
109.6875 -4.1859 0.5141 0.1959 0.2900 0.00000 6.954 1500.0 12.0 0.0000 0.7514 89.75 0.0628
112.5000 -4.1859 0.3421 0.2911 0.3668 0.00000 7.177 1500.0 12.0 0.0000 3.2372 437.53 0.1363
115.3125 -4.1859 0.3370 0.4428 0.2201 0.00000 6.663 1500.0 12.0 0.0000 4.2595 533.24 1.0095
143.4375 -4.1859 0.2753 0.4114 0.3133 0.00000 6.747 1500.0 12.0 0.0000 2.8174 381.51 0.6947
146.2500 -4.1859 0.3643 0.2651 0.3706 0.00000 7.227 1500.0 12.0 0.0000 0.3873 51.93 0.0628
149.0625 -4.1859 0.6704 0.1168 0.2128 0.00000 6.457 1500.0 12.0 0.0000 0.6685 69.97 0.0628
151.8750 -4.1859 0.5739 0.1651 0.2610 0.00000 6.688 1500.0 12.0 0.0000 0.4128 47.00 0.0628
154.6875 -4.1859 0.5508 0.1873 0.2619 0.00000 7.420 1500.0 12.0 0.0000 0.3085 35.57 0.0628
157.5000 -4.1859 0.3081 0.3567 0.3352 0.00000 7.913 1500.0 12.0 0.0000 0.2828 38.18 0.0628
160.3125 -4.1859 0.3611 0.3184 0.3205 0.00000 8.066 1500.0 12.0 0.0000 0.2599 33.99 0.0628
163.1250 -4.1859 0.2372 0.4147 0.3480 0.00000 8.392 1500.0 12.0 0.0000 0.4870 68.25 0.0874
165.9375 -4.1859 0.0840 0.6056 0.3104 0.00000 7.296 1500.0 12.0 0.0000 0.4142 60.76 0.1077
-151.8750 -4.1859 0.2798 0.5081 0.2121 0.00000 5.657 1500.0 12.0 0.0000 0.7512 96.19 1.5870
-149.0625 -4.1859 0.2468 0.5045 0.2487 0.00000 5.950 1500.0 12.0 0.0000 0.6071 80.51 1.4959
-146.2500 -4.1859 0.2234 0.5045 0.2721 0.00000 5.756 1500.0 12.0 0.0000 1.0500 142.42 1.3494
-143.4375 -4.1859 0.1776 0.5332 0.2892 0.00000 6.393 1500.0 12.0 0.0000 0.9770 136.37 1.3142
-140.6250 -4.1859 0.2722 0.4719 0.2559 0.00000 5.757 1500.0 12.0 0.0000 0.5130 67.51 1.3036
-137.8125 -4.1859 0.2744 0.4609 0.2647 0.00000 6.083 1500.0 12.0 0.0000 0.2498 32.99 1.2009
-135.0000 -4.1859 0.2370 0.4654 0.2975 0.00000 5.966 1500.0 12.0 0.0000 0.1941 26.51 1.2629
-132.1875 -4.1859 0.2755 0.4459 0.2786 0.00000 6.344 1500.0 12.0 0.0000 0.3109 41.35 1.3057
-129.3750 -4.1859 0.2838 0.4053 0.3109 0.00000 7.525 1500.0 12.0 0.0000 0.8686 117.04 0.6407
-64.6875 -4.1859 0.4744 0.2843 0.2413 0.00000 6.800 1500.0 12.0 0.0000 1.7096 202.46 0.5147
-61.8750 -4.1859 0.3860 0.2692 0.3448 0.00000 7.876 1500.0 12.0 0.0000 0.2102 27.53 0.0628
-59.0625 -4.1859 0.4670 0.2262 0.3069 0.00000 7.361 1500.0 12.0 0.0000 0.3215 39.69 0.0628
-56.2500 -4.1859 0.4373 0.3554 0.2073 0.00000 6.415 1500.0 12.0 0.0000 2.5652 303.39 0.9076
-33.7500 -4.1859 0.3798 0.2730 0.3472 0.00000 6.998 1500.0 12.0 0.0000 1.8257 240.11 0.0628
-30.9375 -4.1859 0.3040 0.3368 0.3591 0.00000 7.610 1500.0 12.0 0.0000 2.6364 360.92 0.1259
-28.1250 -4.1859 0.5427 0.1971 0.2603 0.00000 7.139 1500.0 12.0 0.0000 1.7516 202.59 0.1371
-25.3125 -4.1859 0.4123 0.2574 0.3302 0.00000 7.713 1500.0 12.0 0.0000 0.6396 82.11 0.0925
-22.5000 -4.1859 0.3640 0.2893 0.3468 0.00000 8.234 1500.0 12.0 0.0000 0.5161 68.34 0.0949
-19.6875 -4.1859 0.3787 0.2985 0.3228 0.00000 7.782 1500.0 12.0 0.0000 0.8774 113.95 0.2617
-16.8750 -4.1859 0.4118 0.2797 0.3086 0.00000 7.359 1500.0 12.0 0.0000 0.5777 73.31 0.2849
-14.0625 -4.1859 0.2919 0.4314 0.2767 0.00000 6.895 1500.0 12.0 0.0000 0.4653 61.35 1.1785
-11.2500 -4.1859 0.3504 0.3857 0.2639 0.00000 6.245 1500.0 12.0 0.0000 0.4025 51.29 1.1742
-8.4375 -4.1859 0.3523 0.3828 0.2649 0.00000 6.178 1500.0 12.0 0.0000 0.4986 63.52 1.0341
-5.6250 -4.1859 0.2115 0.4444 0.3441 0.00000 6.327 1500.0 12.0 0.0000 0.8155 115.31 0.8411
-2.8125 -4.1859 0.3000 0.4362 0.2637 0.00000 6.733 1500.0 12.0 0.0000 0.6620 86.37 0.8527
28.1250 -6.9765 0.2993 0.4418 0.2589 0.00000 7.328 1500.0 12.0 0.0000 2.7445 357.25 0.6643
47.8125 -6.9765 0.2596 0.3733 0.3670 0.00000 7.336 1500.0 12.0 0.0000 1.0918 152.98 0.1268
50.6250 -6.9765 0.1719 0.5269 0.3012 0.00000 7.372 1500.0 12.0 0.0000 3.1934 449.54 0.7092
53.4375 -6.9765 0.1888 0.4809 0.3303 0.00000 7.651 1500.0 12.0 0.0000 2.5701 364.41 0.5531
56.2500 -6.9765 0.4691 0.2632 0.2677 0.00000 7.077 1500.0 12.0 0.0000 1.1442 137.98 0.0952
59.0625 -6.9765 0.5289 0.1901 0.2809 0.00000 7.161 1500.0 12.0 0.0000 0.2137 25.21 0.0628
61.8750 -6.9765 0.4227 0.2539 0.3234 0.00000 8.131 1500.0 12.0 0.0000 0.1311 16.68 0.0628
64.6875 -6.9765 0.3641 0.2835 0.3524 0.00000 8.344 1500.0 12.0 0.0000 0.1387 18.42 0.0628
67.5000 -6.9765 0.6150 0.1472 0.2378 0.00000 6.764 1500.0 12.0 0.0000 0.2516 27.61 0.0628
70.3125 -6.9765 0.3469 0.4076 0.2455 0.00000 6.786 1500.0 12.0 0.0000 1.5814 199.84 0.9464
73.1250 -6.9765 0.2114 0.4384 0.3503 0.00000 6.672 1500.0 12.0 0.0000 1.9174 271.96 0.7445
75.9375 -6.9765 0.3209 0.3081 0.3711 0.00000 7.662 1500.0 12.0 0.0000 0.1468 20.06 0.0628
104.0625 -6.9765 0.4150 0.3066 0.2784 0.00000 7.303 1500.0 12.0 0.0000 3.4264 426.88 0.1729
106.8750 -6.9765 0.3673 0.3173 0.3154 0.00000 7.223 1500.0 12.0 0.0000 3.3345 433.61 0.2673
109.6875 -6.9765 0.2572 0.4337 0.3090 0.00000 7.643 1500.0 12.0 0.0000 3.3744 459.59 0.4605
112.5000 -6.9765 0.2155 0.4628 0.3216 0.00000 7.148 1500.0 12.0 0.0000 3.9736 554.63 0.7744
140.6250 -6.9765 0.1643 0.5217 0.3140 0.00000 7.555 1500.0 12.0 0.0000 2.7178 386.26 0.6288
143.4375 -6.9765 0.2553 0.4042 0.3405 0.00000 8.375 1500.0 12.0 0.0000 1.7581 243.53 0.1717
146.2500 -6.9765 0.4272 0.2627 0.3101 0.00000 8.175 1500.0 12.0 0.0000 0.2297 28.96 0.0628
149.0625 -6.9765 0.3950 0.2681 0.3369 0.00000 8.228 1500.0 12.0 0.0000 0.2309 29.99 0.0628
151.8750 -6.9765 0.4064 0.2579 0.3357 0.00000 7.827 1500.0 12.0 0.0000 0.1176 15.18 0.0628
154.6875 -6.9765 0.5540 0.1828 0.2632 0.00000 7.300 1500.0 12.0 0.0000 0.1916 22.07 0.0628
157.5000 -6.9765 0.3187 0.3577 0.3236 0.00000 7.949 1500.0 12.0 0.0000 0.3843 51.32 0.0628
160.3125 -6.9765 0.3119 0.3535 0.3346 0.00000 7.775 1500.0 12.0 0.0000 0.4055 54.62 0.0628
163.1250 -6.9765 0.3273 0.3168 0.3559 0.00000 7.653 1500.0 12.0 0.0000 0.9232 124.89 0.0628
165.9375 -6.9765 0.1334 0.5267 0.3399 0.00000 7.849 1500.0 12.0 0.0000 0.2925 42.64 0.0635
-149.0625 -6.9765 0.1847 0.5886 0.2267 0.00000 6.594 1500.0 12.0 0.0000 0.6714 90.49 1.6581
-146.2500 -6.9765 0.2795 0.5178 0.2026 0.00000 5.863 1500.0 12.0 0.0000 0.8689 110.70 1.5954
-140.6250 -6.9765 0.2181 0.5591 0.2228 0.00000 5.529 1500.0 12.0 0.0000 0.2986 39.57 1.5970
-137.8125 -6.9765 0.3470 0.4261 0.2269 0.00000 5.717 1500.0 12.0 0.0000 0.2266 28.34 1.1749
-135.0000 -6.9765 0.2077 0.4712 0.3212 0.00000 6.467 1500.0 12.0 0.0000 0.1606 22.49 0.9517
-132.1875 -6.9765 0.2533 0.4482 0.2985 0.00000 5.893 1500.0 12.0 0.0000 0.1891 25.66 1.2092
-129.3750 -6.9765 0.3596 0.3528 0.2877 0.00000 6.590 1500.0 12.0 0.0000 0.4180 53.73 0.7973
-126.5625 -6.9765 0.3050 0.3167 0.3783 0.00000 7.998 1500.0 12.0 0.0000 0.4721 65.23 0.1095
-61.8750 -6.9765 0.4061 0.3490 0.2449 0.00000 7.071 1500.0 12.0 0.0000 2.1756 267.12 0.5370
-36.5625 -6.9765 0.3153 0.3274 0.3573 0.00000 7.070 1500.0 12.0 0.0000 3.6174 492.28 0.1449
-33.7500 -6.9765 0.2931 0.3079 0.3989 0.00000 7.501 1500.0 12.0 0.0000 0.3578 50.22 0.0628
-30.9375 -6.9765 0.2846 0.3598 0.3556 0.00000 8.341 1500.0 12.0 0.0000 1.7540 241.74 0.3026
-28.1250 -6.9765 0.4547 0.2555 0.2897 0.00000 7.594 1500.0 12.0 0.0000 1.5054 185.15 0.1910
-25.3125 -6.9765 0.4949 0.2059 0.2992 0.00000 6.811 1500.0 12.0 0.0000 0.4507 54.64 0.0792
-22.5000 -6.9765 0.4552 0.2296 0.3152 0.00000 7.273 1500.0 12.0 0.0000 0.2421 30.21 0.0628
-19.6875 -6.9765 0.4632 0.2239 0.3129 0.00000 7.190 1500.0 12.0 0.0000 0.3107 38.56 0.0628
-16.8750 -6.9765 0.3755 0.2828 0.3417 0.00000 8.084 1500.0 12.0 0.0000 0.6262 82.28 0.1170
-14.0625 -6.9765 0.3228 0.3089 0.3683 0.00000 8.759 1500.0 12.0 0.0000 0.0810 11.05 0.0628
-11.2500 -6.9765 0.4053 0.2583 0.3364 0.00000 7.840 1500.0 12.0 0.0000 0.0724 10.00 0.0628
-8.4375 -6.9765 0.3501 0.3558 0.2941 0.00000 7.178 1500.0 12.0 0.0000 0.9040 117.14 0.6642
-5.6250 -6.9765 0.2263 0.4512 0.3226 0.00000 5.828 1500.0 12.0 0.0000 1.2310 171.11 1.0447
-2.8125 -6.9765 0.2892 0.4369 0.2739 0.00000 6.340 1500.0 12.0 0.0000 0.9939 131.02 1.0423
42.1875 -9.7671 0.2860 0.3739 0.3401 0.00000 7.524 1500.0 12.0 0.0000 0.7400 101.13 0.1150
45.0000 -9.7671 0.2712 0.3972 0.3315 0.00000 7.653 1500.0 12.0 0.0000 0.1618 22.15 0.0628
47.8125 -9.7671 0.2728 0.3730 0.3542 0.00000 6.785 1500.0 12.0 0.0000 0.9869 136.61 0.4592
50.6250 -9.7671 0.3954 0.3601 0.2445 0.00000 6.441 1500.0 12.0 0.0000 1.3677 168.76 0.8245
53.4375 -9.7671 0.3804 0.2790 0.3406 0.00000 8.641 1500.0 12.0 0.0000 0.1686 22.09 0.0628
56.2500 -9.7671 0.3588 0.2912 0.3499 0.00000 8.809 1500.0 12.0 0.0000 0.1088 14.46 0.0628
59.0625 -9.7671 0.3858 0.2788 0.3354 0.00000 8.467 1500.0 12.0 0.0000 0.0965 12.57 0.0628
61.8750 -9.7671 0.2696 0.3458 0.3846 0.00000 9.318 1500.0 12.0 0.0000 0.1043 14.68 0.0628
64.6875 -9.7671 0.3446 0.2949 0.3606 0.00000 8.523 1500.0 12.0 0.0000 0.1358 18.28 0.0628
67.5000 -9.7671 0.4208 0.2514 0.3278 0.00000 7.727 1500.0 12.0 0.0000 0.0794 10.14 0.0628
70.3125 -9.7671 0.3266 0.4150 0.2585 0.00000 7.237 1500.0 12.0 0.0000 1.0110 129.91 0.9494
73.1250 -9.7671 0.2085 0.4451 0.3464 0.00000 7.200 1500.0 12.0 0.0000 1.5301 216.88 0.6534
75.9375 -9.7671 0.2758 0.3569 0.3673 0.00000 7.772 1500.0 12.0 0.0000 0.1511 21.02 0.0628
106.8750 -9.7671 0.2357 0.3841 0.3802 0.00000 7.431 1500.0 12.0 0.0000 2.8196 401.72 0.1820
112.5000 -9.7671 0.2267 0.4235 0.3497 0.00000 7.878 1500.0 12.0 0.0000 3.7036 521.74 0.3351
115.3125 -9.7671 0.3186 0.4022 0.2792 0.00000 7.769 1500.0 12.0 0.0000 3.6896 481.22 0.5411
137.8125 -9.7671 0.1857 0.5227 0.2916 0.00000 6.739 1500.0 12.0 0.0000 1.7255 240.30 1.0487
140.6250 -9.7671 0.2623 0.3709 0.3668 0.00000 7.389 1500.0 12.0 0.0000 1.6432 229.95 0.2841
143.4375 -9.7671 0.3368 0.3155 0.3477 0.00000 8.809 1500.0 12.0 0.0000 0.5946 79.75 0.1293
146.2500 -9.7671 0.4034 0.2657 0.3309 0.00000 8.231 1500.0 12.0 0.0000 0.1548 19.97 0.0628
149.0625 -9.7671 0.3861 0.2720 0.3418 0.00000 8.052 1500.0 12.0 0.0000 0.0876 11.46 0.0628
151.8750 -9.7671 0.3676 0.2843 0.3481 0.00000 8.335 1500.0 12.0 0.0000 0.0562 10.00 0.0628
154.6875 -9.7671 0.4958 0.2140 0.2902 0.00000 7.544 1500.0 12.0 0.0000 0.0816 10.00 0.0628
157.5000 -9.7671 0.3326 0.3034 0.3640 0.00000 8.837 1500.0 12.0 0.0000 0.0870 11.79 0.0628
160.3125 -9.7671 0.2897 0.3008 0.4095 0.00000 7.567 1500.0 12.0 0.0000 0.2624 37.07 0.0628
163.1250 -9.7671 0.2533 0.3493 0.3974 0.00000 7.679 1500.0 12.0 0.0000 0.8419 120.08 0.0628
165.9375 -9.7671 0.2285 0.3973 0.3743 0.00000 7.901 1500.0 12.0 0.0000 0.5247 74.77 0.0628
168.7500 -9.7671 0.3891 0.2903 0.3205 0.00000 7.648 1500.0 12.0 0.0000 0.2921 37.71 0.0628
171.5625 -9.7671 0.4555 0.2536 0.2909 0.00000 7.397 1500.0 12.0 0.0000 0.3946 48.55 0.0628
174.3750 -9.7671 0.5468 0.1779 0.2753 0.00000 6.831 1500.0 12.0 0.0000 0.5704 66.44 0.0628
177.1875 -9.7671 0.3136 0.3479 0.3385 0.00000 7.586 1500.0 12.0 0.0000 0.5616 75.75 0.0628
-177.1875 -9.7671 0.5465 0.1856 0.2679 0.00000 7.067 1500.0 12.0 0.0000 0.3147 36.50 0.0628
-174.3750 -9.7671 0.4640 0.2245 0.3115 0.00000 6.987 1500.0 12.0 0.0000 0.4778 59.23 0.0628
-140.6250 -9.7671 0.1175 0.6538 0.2287 0.00000 5.709 1500.0 12.0 0.0000 0.2482 34.49 1.6543
-137.8125 -9.7671 0.2556 0.5071 0.2372 0.00000 5.839 1500.0 12.0 0.0000 0.1725 22.64 1.1300
-135.0000 -9.7671 0.3253 0.3649 0.3099 0.00000 6.495 1500.0 12.0 0.0000 0.3735 49.37 0.5922
-132.1875 -9.7671 0.2399 0.4483 0.3117 0.00000 6.128 1500.0 12.0 0.0000 0.1365 18.76 1.0529
-129.3750 -9.7671 0.2871 0.4296 0.2833 0.00000 6.960 1500.0 12.0 0.0000 0.2315 30.70 1.0804
-126.5625 -9.7671 0.4002 0.2613 0.3384 0.00000 7.835 1500.0 12.0 0.0000 0.0571 10.00 0.0628
-123.7500 -9.7671 0.3044 0.3363 0.3594 0.00000 7.609 1500.0 12.0 0.0000 2.3431 320.76 0.2643
-120.9375 -9.7671 0.2332 0.4725 0.2943 0.00000 7.097 1500.0 12.0 0.0000 3.4080 465.55 0.8585
-36.5625 -9.7671 0.1609 0.5395 0.2996 0.00000 7.460 1500.0 12.0 0.0000 3.4378 485.82 0.6297
-33.7500 -9.7671 0.1342 0.5691 0.2967 0.00000 8.162 1500.0 12.0 0.0000 1.4396 205.46 1.0153
-30.9375 -9.7671 0.4292 0.3191 0.2516 0.00000 7.155 1500.0 12.0 0.0000 1.6026 195.29 0.5969
-28.1250 -9.7671 0.4878 0.2489 0.2633 0.00000 7.324 1500.0 12.0 0.0000 1.7619 209.96 0.2919
-25.3125 -9.7671 0.5828 0.1621 0.2551 0.00000 6.785 1500.0 12.0 0.0000 0.3491 39.41 0.0628
-22.5000 -9.7671 0.5091 0.1989 0.2920 0.00000 6.950 1500.0 12.0 0.0000 0.2788 33.43 0.0628
-19.6875 -9.7671 0.5058 0.1986 0.2956 0.00000 6.793 1500.0 12.0 0.0000 0.3289 39.58 0.0628
-16.8750 -9.7671 0.4161 0.2587 0.3252 0.00000 7.617 1500.0 12.0 0.0000 1.2478 159.47 0.1241
-14.0625 -9.7671 0.2531 0.3511 0.3958 0.00000 9.500 1500.0 12.0 0.0000 0.2500 35.64 0.0628
-11.2500 -9.7671 0.4190 0.2527 0.3282 0.00000 7.887 1500.0 12.0 0.0000 0.1384 17.69 0.0628
-8.4375 -9.7671 0.2901 0.3649 0.3451 0.00000 8.894 1500.0 12.0 0.0000 0.1327 18.15 0.0685
-5.6250 -9.7671 0.2825 0.4578 0.2597 0.00000 6.599 1500.0 12.0 0.0000 1.7145 224.99 0.9379
-2.8125 -9.7671 0.1663 0.5332 0.3005 0.00000 6.953 1500.0 12.0 0.0000 0.9907 139.74 1.1334
42.1875 -12.5578 0.4268 0.2355 0.3377 0.00000 7.057 1500.0 12.0 0.0000 0.1055 13.51 0.0628
45.0000 -12.5578 0.2468 0.3720 0.3812 0.00000 7.254 1500.0 12.0 0.0000 0.6469 91.78 0.2091
47.8125 -12.5578 0.3139 0.3736 0.3125 0.00000 7.219 1500.0 12.0 0.0000 0.4713 62.70 0.5028
50.6250 -12.5578 0.3399 0.4105 0.2496 0.00000 6.956 1500.0 12.0 0.0000 0.4076 51.80 0.9446
53.4375 -12.5578 0.4310 0.2439 0.3251 0.00000 7.691 1500.0 12.0 0.0000 0.0497 10.00 0.0628
56.2500 -12.5578 0.2495 0.3523 0.3983 0.00000 9.500 1500.0 12.0 0.0000 0.1130 16.14 0.0628
59.0625 -12.5578 0.2451 0.3605 0.3944 0.00000 9.500 1500.0 12.0 0.0000 0.0981 14.01 0.0628
61.8750 -12.5578 0.3060 0.3188 0.3752 0.00000 8.949 1500.0 12.0 0.0000 0.1776 24.49 0.0628
64.6875 -12.5578 0.4068 0.2573 0.3359 0.00000 7.826 1500.0 12.0 0.0000 0.2159 27.88 0.0628
67.5000 -12.5578 0.3009 0.3718 0.3274 0.00000 8.213 1500.0 12.0 0.0000 1.0716 144.51 0.4897
70.3125 -12.5578 0.2947 0.4593 0.2459 0.00000 6.929 1500.0 12.0 0.0000 0.8588 111.24 1.2325
73.1250 -12.5578 0.2256 0.4711 0.3032 0.00000 6.859 1500.0 12.0 0.0000 1.2723 175.19 0.9330
75.9375 -12.5578 0.3155 0.3239 0.3607 0.00000 7.934 1500.0 12.0 0.0000 0.1409 19.20 0.0628
137.8125 -12.5578 0.2267 0.4563 0.3170 0.00000 6.869 1500.0 12.0 0.0000 1.8282 253.36 0.7554
140.6250 -12.5578 0.4110 0.2394 0.3496 0.00000 7.082 1500.0 12.0 0.0000 0.2086 27.08 0.0628
143.4375 -12.5578 0.3998 0.2771 0.3231 0.00000 8.092 1500.0 12.0 0.0000 0.7011 90.18 0.1536
146.2500 -12.5578 0.3712 0.2800 0.3488 0.00000 8.237 1500.0 12.0 0.0000 0.1140 15.07 0.0628
149.0625 -12.5578 0.4765 0.2288 0.2947 0.00000 7.653 1500.0 12.0 0.0000 0.0968 11.82 0.0628
151.8750 -12.5578 0.5080 0.2062 0.2858 0.00000 7.163 1500.0 12.0 0.0000 0.4774 57.06 0.1080
154.6875 -12.5578 0.3370 0.3035 0.3595 0.00000 7.446 1500.0 12.0 0.0000 0.6615 89.27 0.1642
157.5000 -12.5578 0.2876 0.3213 0.3911 0.00000 7.509 1500.0 12.0 0.0000 0.8390 117.57 0.1721
160.3125 -12.5578 0.2611 0.3485 0.3904 0.00000 7.744 1500.0 12.0 0.0000 0.7507 106.34 0.1006
163.1250 -12.5578 0.2932 0.3396 0.3672 0.00000 7.308 1500.0 12.0 0.0000 1.3903 192.01 0.0969
165.9375 -12.5578 0.2761 0.3267 0.3971 0.00000 7.455 1500.0 12.0 0.0000 0.5216 73.67 0.0628
168.7500 -12.5578 0.2576 0.3446 0.3978 0.00000 7.667 1500.0 12.0 0.0000 0.3493 49.73 0.0628
171.5625 -12.5578 0.2724 0.3239 0.4036 0.00000 8.442 1500.0 12.0 0.0000 0.2081 29.53 0.0628
174.3750 -12.5578 0.2713 0.3223 0.4063 0.00000 8.306 1500.0 12.0 0.0000 0.3306 46.99 0.0628
177.1875 -12.5578 0.2822 0.3267 0.3911 0.00000 7.457 1500.0 12.0 0.0000 0.8065 113.27 0.0628
180.0000 -12.5578 0.3649 0.2746 0.3605 0.00000 7.627 1500.0 12.0 0.0000 0.4258 56.78 0.0628
-177.1875 -12.5578 0.3329 0.2839 0.3832 0.00000 7.817 1500.0 12.0 0.0000 0.3141 42.99 0.0628
-174.3750 -12.5578 0.2800 0.3229 0.3971 0.00000 7.490 1500.0 12.0 0.0000 0.3253 45.86 0.0628
-137.8125 -12.5578 0.4332 0.3717 0.1950 0.00000 5.192 1500.0 12.0 0.0000 0.2622 30.85 1.0856
-135.0000 -12.5578 0.3734 0.3645 0.2621 0.00000 5.769 1500.0 12.0 0.0000 0.4934 62.14 0.7755
-132.1875 -12.5578 0.2520 0.4371 0.3109 0.00000 5.382 1500.0 12.0 0.0000 0.1782 24.36 1.1033
-129.3750 -12.5578 0.2913 0.4313 0.2774 0.00000 6.519 1500.0 12.0 0.0000 0.2032 26.81 1.2363
-126.5625 -12.5578 0.4348 0.2469 0.3183 0.00000 7.417 1500.0 12.0 0.0000 0.2381 30.05 0.1135
-123.7500 -12.5578 0.3773 0.2917 0.3309 0.00000 6.981 1500.0 12.0 0.0000 2.4383 318.26 0.2800
-120.9375 -12.5578 0.1456 0.5395 0.3149 0.00000 7.269 1500.0 12.0 0.0000 3.7595 538.77 0.7139
-118.1250 -12.5578 0.3277 0.3752 0.2972 0.00000 6.664 1500.0 12.0 0.0000 4.5343 594.65 0.5943
-115.3125 -12.5578 0.4993 0.2836 0.2171 0.00000 6.535 1500.0 12.0 0.0000 4.5564 525.08 0.5798
-112.5000 -12.5578 0.4554 0.3213 0.2233 0.00000 6.691 1500.0 12.0 0.0000 4.1966 496.48 0.5477
-33.7500 -12.5578 0.1098 0.6270 0.2632 0.00000 7.355 1500.0 12.0 0.0000 1.4485 205.45 1.1575
-30.9375 -12.5578 0.3582 0.4048 0.2370 0.00000 6.184 1500.0 12.0 0.0000 1.5865 198.46 1.0352
-28.1250 -12.5578 0.3748 0.3039 0.3213 0.00000 7.866 1500.0 12.0 0.0000 0.2153 27.99 0.0628
-25.3125 -12.5578 0.4183 0.2853 0.2963 0.00000 7.895 1500.0 12.0 0.0000 1.1117 139.67 0.1358
-22.5000 -12.5578 0.5056 0.2186 0.2758 0.00000 7.673 1500.0 12.0 0.0000 1.1491 136.71 0.1141
-19.6875 -12.5578 0.5566 0.1936 0.2499 0.00000 7.187 1500.0 12.0 0.0000 3.4415 392.66 0.1346
-16.8750 -12.5578 0.4148 0.2637 0.3216 0.00000 7.732 1500.0 12.0 0.0000 1.9207 245.13 0.1340
-14.0625 -12.5578 0.2822 0.3562 0.3616 0.00000 8.925 1500.0 12.0 0.0000 2.0010 276.90 0.2259
-11.2500 -12.5578 0.5338 0.2191 0.2471 0.00000 7.003 1500.0 12.0 0.0000 3.6900 425.33 0.2541
-8.4375 -12.5578 0.4364 0.2983 0.2652 0.00000 7.487 1500.0 12.0 0.0000 3.1113 380.76 0.2752
-5.6250 -12.5578 0.1445 0.5443 0.3112 0.00000 8.270 1500.0 12.0 0.0000 2.1620 309.41 0.5469
-2.8125 -12.5578 0.1052 0.6409 0.2540 0.00000 7.337 1500.0 12.0 0.0000 2.1939 310.37 1.1292
42.1875 -15.3484 0.3462 0.3415 0.3123 0.00000 7.721 1500.0 12.0 0.0000 0.0751 10.00 0.0628
45.0000 -15.3484 0.3204 0.3024 0.3772 0.00000 7.787 1500.0 12.0 0.0000 0.4154 56.98 0.1353
47.8125 -15.3484 0.3348 0.2921 0.3732 0.00000 7.165 1500.0 12.0 0.0000 0.5316 72.32 0.1688
50.6250 -15.3484 0.3335 0.3871 0.2795 0.00000 6.739 1500.0 12.0 0.0000 0.1821 23.60 0.8619
53.4375 -15.3484 0.3579 0.3779 0.2642 0.00000 6.302 1500.0 12.0 0.0000 0.2802 35.59 1.0340
56.2500 -15.3484 0.4030 0.2605 0.3365 0.00000 7.863 1500.0 12.0 0.0000 0.0509 10.00 0.0628
59.0625 -15.3484 0.4465 0.2345 0.3190 0.00000 7.372 1500.0 12.0 0.0000 0.1955 24.54 0.0628
61.8750 -15.3484 0.4766 0.2153 0.3081 0.00000 7.043 1500.0 12.0 0.0000 0.4253 52.30 0.0628
64.6875 -15.3484 0.4277 0.2453 0.3270 0.00000 7.588 1500.0 12.0 0.0000 0.2399 30.53 0.0628
67.5000 -15.3484 0.3143 0.4156 0.2701 0.00000 6.379 1500.0 12.0 0.0000 1.0832 140.87 1.2791
70.3125 -15.3484 0.3239 0.4505 0.2256 0.00000 6.020 1500.0 12.0 0.0000 1.1377 143.75 1.4461
73.1250 -15.3484 0.1926 0.5104 0.2970 0.00000 6.201 1500.0 12.0 0.0000 1.4529 202.29 1.2172
75.9375 -15.3484 0.1952 0.4764 0.3284 0.00000 7.308 1500.0 12.0 0.0000 1.2966 183.19 0.7165
78.7500 -15.3484 0.2193 0.4046 0.3761 0.00000 8.149 1500.0 12.0 0.0000 0.2490 35.65 0.0628
81.5625 -15.3484 0.2140 0.4175 0.3685 0.00000 7.992 1500.0 12.0 0.0000 0.3181 45.47 0.0628
84.3750 -15.3484 0.2133 0.4151 0.3715 0.00000 8.000 1500.0 12.0 0.0000 0.6114 87.55 0.0628
87.1875 -15.3484 0.2764 0.3454 0.3781 0.00000 7.814 1500.0 12.0 0.0000 0.6347 88.79 0.0628
137.8125 -15.3484 0.3233 0.2937 0.3831 0.00000 7.267 1500.0 12.0 0.0000 0.3539 48.63 0.0628
140.6250 -15.3484 0.3032 0.2932 0.4036 0.00000 7.319 1500.0 12.0 0.0000 0.4211 58.98 0.0628
143.4375 -15.3484 0.3946 0.2691 0.3363 0.00000 8.054 1500.0 12.0 0.0000 0.4672 60.67 0.0791
146.2500 -15.3484 0.5055 0.2103 0.2842 0.00000 7.679 1500.0 12.0 0.0000 0.1389 16.60 0.0628
149.0625 -15.3484 0.3238 0.3391 0.3371 0.00000 6.885 1500.0 12.0 0.0000 1.5800 212.00 0.4212
151.8750 -15.3484 0.1948 0.4775 0.3277 0.00000 6.025 1500.0 12.0 0.0000 1.2165 171.84 1.0692
154.6875 -15.3484 0.1904 0.5256 0.2839 0.00000 6.196 1500.0 12.0 0.0000 1.0810 149.66 1.2000
157.5000 -15.3484 0.2074 0.5011 0.2915 0.00000 5.967 1500.0 12.0 0.0000 0.9994 137.89 1.2460
160.3125 -15.3484 0.1945 0.5192 0.2863 0.00000 7.041 1500.0 12.0 0.0000 1.3335 184.51 0.9916
163.1250 -15.3484 0.1777 0.4778 0.3445 0.00000 8.108 1500.0 12.0 0.0000 0.2821 40.47 0.0628
168.7500 -15.3484 0.2561 0.3487 0.3952 0.00000 8.715 1500.0 12.0 0.0000 0.1891 26.90 0.0628
171.5625 -15.3484 0.3203 0.3129 0.3668 0.00000 9.041 1500.0 12.0 0.0000 0.1680 22.92 0.0628
174.3750 -15.3484 0.3250 0.3066 0.3684 0.00000 8.725 1500.0 12.0 0.0000 0.2414 32.89 0.0628
177.1875 -15.3484 0.4201 0.2498 0.3300 0.00000 7.585 1500.0 12.0 0.0000 0.3893 49.79 0.0628
180.0000 -15.3484 0.3387 0.2867 0.3746 0.00000 7.962 1500.0 12.0 0.0000 0.4041 54.91 0.0628
-177.1875 -15.3484 0.2613 0.3369 0.4018 0.00000 8.972 1500.0 12.0 0.0000 0.3086 43.96 0.0628
-174.3750 -15.3484 0.3199 0.2898 0.3903 0.00000 7.487 1500.0 12.0 0.0000 0.3546 48.98 0.0628
-171.5625 -15.3484 0.3333 0.3515 0.3152 0.00000 7.804 1500.0 12.0 0.0000 0.4463 58.94 0.0628
-137.8125 -15.3484 0.5758 0.1742 0.2500 0.00000 7.083 1500.0 12.0 0.0000 0.0770 10.00 0.0628
-135.0000 -15.3484 0.3620 0.3137 0.3243 0.00000 6.631 1500.0 12.0 0.0000 0.7118 93.23 0.3882
-132.1875 -15.3484 0.3106 0.3730 0.3164 0.00000 6.670 1500.0 12.0 0.0000 0.2271 30.32 0.6893
-129.3750 -15.3484 0.3992 0.3244 0.2764 0.00000 6.438 1500.0 12.0 0.0000 0.3274 41.06 0.7613
-126.5625 -15.3484 0.5172 0.2161 0.2667 0.00000 6.810 1500.0 12.0 0.0000 0.8183 96.26 0.2223
-123.7500 -15.3484 0.3946 0.3738 0.2316 0.00000 7.017 1500.0 12.0 0.0000 3.4347 420.86 0.7205
-36.5625 -15.3484 0.2275 0.3946 0.3780 0.00000 7.688 1500.0 12.0 0.0000 1.4850 212.08 0.1857
-33.7500 -15.3484 0.1566 0.5245 0.3189 0.00000 7.711 1500.0 12.0 0.0000 1.6566 236.78 0.6728
-30.9375 -15.3484 0.2232 0.4385 0.3383 0.00000 6.749 1500.0 12.0 0.0000 1.8471 259.14 0.7396
-28.1250 -15.3484 0.4343 0.2500 0.3157 0.00000 7.254 1500.0 12.0 0.0000 0.2320 29.24 0.0628
-22.5000 -15.3484 0.2423 0.4124 0.3453 0.00000 7.732 1500.0 12.0 0.0000 1.5774 220.26 0.1090
-19.6875 -15.3484 0.2715 0.4010 0.3274 0.00000 7.988 1500.0 12.0 0.0000 2.4164 330.15 0.0755
-16.8750 -15.3484 0.3335 0.3400 0.3266 0.00000 8.610 1500.0 12.0 0.0000 3.3738 448.21 0.1642
-14.0625 -15.3484 0.3574 0.3025 0.3401 0.00000 8.369 1500.0 12.0 0.0000 2.2332 295.59 0.1543
-11.2500 -15.3484 0.4596 0.2336 0.3068 0.00000 6.630 1500.0 12.0 0.0000 3.5537 440.30 0.1885
-8.4375 -15.3484 0.2960 0.3857 0.3183 0.00000 7.267 1500.0 12.0 0.0000 4.2318 569.26 0.1965
19.6875 -18.1390 0.4530 0.2368 0.3102 0.00000 6.773 1500.0 12.0 0.0000 0.9348 116.41 0.0853
22.5000 -18.1390 0.3448 0.2859 0.3693 0.00000 7.108 1500.0 12.0 0.0000 0.2849 38.50 0.0628
45.0000 -18.1390 0.4081 0.2900 0.3019 0.00000 6.962 1500.0 12.0 0.0000 0.9157 115.97 0.2634
47.8125 -18.1390 0.2681 0.3470 0.3849 0.00000 7.349 1500.0 12.0 0.0000 1.1079 156.07 0.2759
50.6250 -18.1390 0.2890 0.3916 0.3194 0.00000 5.961 1500.0 12.0 0.0000 0.5757 77.72 0.7213
53.4375 -18.1390 0.2379 0.4613 0.3008 0.00000 5.745 1500.0 12.0 0.0000 0.3117 42.64 1.1377
56.2500 -18.1390 0.2970 0.4222 0.2808 0.00000 6.840 1500.0 12.0 0.0000 0.3185 41.99 1.0560
59.0625 -18.1390 0.4262 0.2483 0.3256 0.00000 7.589 1500.0 12.0 0.0000 0.0689 10.00 0.0628
61.8750 -18.1390 0.4537 0.2299 0.3164 0.00000 7.294 1500.0 12.0 0.0000 0.3720 46.47 0.0628
64.6875 -18.1390 0.4084 0.2672 0.3244 0.00000 7.639 1500.0 12.0 0.0000 1.5289 196.00 0.1551
67.5000 -18.1390 0.2163 0.4909 0.2928 0.00000 7.558 1500.0 12.0 0.0000 1.6466 226.43 1.2258
70.3125 -18.1390 0.2170 0.5109 0.2721 0.00000 7.005 1500.0 12.0 0.0000 1.3732 186.79 1.4493
73.1250 -18.1390 0.3238 0.4437 0.2325 0.00000 5.796 1500.0 12.0 0.0000 1.5161 192.31 1.3095
75.9375 -18.1390 0.1724 0.5257 0.3019 0.00000 6.971 1500.0 12.0 0.0000 1.4791 208.23 1.0024
78.7500 -18.1390 0.2040 0.4588 0.3372 0.00000 8.790 1500.0 12.0 0.0000 1.8272 258.30 0.5367
81.5625 -18.1390 0.3505 0.3536 0.2958 0.00000 7.685 1500.0 12.0 0.0000 3.0511 395.65 0.3525
84.3750 -18.1390 0.2481 0.4361 0.3158 0.00000 7.845 1500.0 12.0 0.0000 2.8579 392.17 0.6388
87.1875 -18.1390 0.2259 0.4032 0.3708 0.00000 7.632 1500.0 12.0 0.0000 3.1055 442.23 0.3209
137.8125 -18.1390 0.3184 0.3425 0.3392 0.00000 7.666 1500.0 12.0 0.0000 0.3848 51.80 0.0628
140.6250 -18.1390 0.2896 0.3108 0.3996 0.00000 7.894 1500.0 12.0 0.0000 0.5972 83.96 0.0628
143.4375 -18.1390 0.3629 0.2766 0.3605 0.00000 7.816 1500.0 12.0 0.0000 0.2744 36.62 0.0628
146.2500 -18.1390 0.3173 0.3891 0.2936 0.00000 6.857 1500.0 12.0 0.0000 1.6942 222.81 0.7255
149.0625 -18.1390 0.1658 0.5363 0.2979 0.00000 5.795 1500.0 12.0 0.0000 1.7949 252.92 1.2582
154.6875 -18.1390 0.1125 0.6489 0.2386 0.00000 6.440 1500.0 12.0 0.0000 1.1803 165.18 1.3271
168.7500 -18.1390 0.1894 0.4476 0.3629 0.00000 7.821 1500.0 12.0 0.0000 0.9869 142.16 0.0628
171.5625 -18.1390 0.6037 0.1532 0.2431 0.00000 6.710 1500.0 12.0 0.0000 0.7673 85.01 0.0628
174.3750 -18.1390 0.5311 0.1918 0.2770 0.00000 7.113 1500.0 12.0 0.0000 0.3117 36.63 0.0628
177.1875 -18.1390 0.4148 0.2561 0.3291 0.00000 7.501 1500.0 12.0 0.0000 1.0706 137.19 0.1103
180.0000 -18.1390 0.4689 0.2106 0.3205 0.00000 6.854 1500.0 12.0 0.0000 1.2670 157.50 0.0628
-177.1875 -18.1390 0.3099 0.2960 0.3941 0.00000 7.571 1500.0 12.0 0.0000 0.4329 60.17 0.0628
-174.3750 -18.1390 0.4697 0.2462 0.2841 0.00000 7.432 1500.0 12.0 0.0000 1.7469 212.61 0.1110
-140.6250 -18.1390 0.5848 0.1690 0.2462 0.00000 6.976 1500.0 12.0 0.0000 0.1446 16.21 0.0628
-137.8125 -18.1390 0.4399 0.2278 0.3322 0.00000 7.056 1500.0 12.0 0.0000 0.1063 13.48 0.0628
-135.0000 -18.1390 0.3282 0.2753 0.3965 0.00000 7.043 1500.0 12.0 0.0000 0.0731 10.09 0.0628
-132.1875 -18.1390 0.4376 0.2386 0.3238 0.00000 7.436 1500.0 12.0 0.0000 0.0476 10.00 0.0628
-129.3750 -18.1390 0.4588 0.2262 0.3149 0.00000 7.252 1500.0 12.0 0.0000 0.0535 10.00 0.0628
-126.5625 -18.1390 0.4905 0.2274 0.2821 0.00000 7.125 1500.0 12.0 0.0000 1.1583 139.36 0.1633
-123.7500 -18.1390 0.2606 0.4630 0.2764 0.00000 7.866 1500.0 12.0 0.0000 2.2599 302.17 0.7247
-53.4375 -18.1390 0.2509 0.3899 0.3592 0.00000 7.128 1500.0 12.0 0.0000 3.5452 496.66 0.3593
-36.5625 -18.1390 0.2610 0.3710 0.3680 0.00000 7.540 1500.0 12.0 0.0000 0.6839 95.82 0.0628
-33.7500 -18.1390 0.3793 0.2844 0.3363 0.00000 7.494 1500.0 12.0 0.0000 0.2265 29.62 0.0628
-19.6875 -18.1390 0.1817 0.4594 0.3589 0.00000 8.023 1500.0 12.0 0.0000 1.9957 287.82 0.0628
-16.8750 -18.1390 0.5326 0.2219 0.2454 0.00000 7.018 1500.0 12.0 0.0000 3.9583 456.09 0.1220
-14.0625 -18.1390 0.4972 0.2250 0.2778 0.00000 7.397 1500.0 12.0 0.0000 3.1707 379.26 0.1626
-11.2500 -18.1390 0.5592 0.1865 0.2543 0.00000 6.847 1500.0 12.0 0.0000 3.1855 363.93 0.1465
-8.4375 -18.1390 0.3888 0.3227 0.2886 0.00000 7.669 1500.0 12.0 0.0000 3.6387 461.66 0.1831
11.2500 -20.9296 0.3493 0.3163 0.3343 0.00000 7.235 1500.0 12.0 0.0000 0.9971 132.07 0.1581
14.0625 -20.9296 0.3568 0.2860 0.3572 0.00000 7.101 1500.0 12.0 0.0000 1.0153 135.64 0.1223
16.8750 -20.9296 0.2941 0.3434 0.3626 0.00000 7.740 1500.0 12.0 0.0000 0.8296 114.26 0.1177
19.6875 -20.9296 0.3227 0.2959 0.3814 0.00000 7.192 1500.0 12.0 0.0000 1.4073 193.26 0.1299
22.5000 -20.9296 0.3330 0.2851 0.3819 0.00000 7.117 1500.0 12.0 0.0000 0.8167 111.68 0.1003
25.3125 -20.9296 0.3178 0.3634 0.3188 0.00000 7.414 1500.0 12.0 0.0000 1.0276 136.92 0.0841
45.0000 -20.9296 0.2446 0.4805 0.2749 0.00000 7.040 1500.0 12.0 0.0000 0.4471 60.17 0.6496
47.8125 -20.9296 0.3388 0.3721 0.2891 0.00000 6.164 1500.0 12.0 0.0000 0.6316 82.05 0.6750
50.6250 -20.9296 0.2913 0.4069 0.3018 0.00000 6.293 1500.0 12.0 0.0000 0.7206 96.30 0.7344
53.4375 -20.9296 0.1950 0.4708 0.3342 0.00000 5.817 1500.0 12.0 0.0000 0.2871 40.68 0.9884
56.2500 -20.9296 0.3570 0.3690 0.2741 0.00000 6.149 1500.0 12.0 0.0000 0.2912 37.21 0.9107
59.0625 -20.9296 0.4002 0.2617 0.3380 0.00000 7.899 1500.0 12.0 0.0000 0.0443 10.00 0.0628
61.8750 -20.9296 0.3304 0.3062 0.3634 0.00000 8.660 1500.0 12.0 0.0000 0.1173 15.90 0.0628
64.6875 -20.9296 0.3423 0.2982 0.3595 0.00000 8.532 1500.0 12.0 0.0000 0.2775 37.36 0.0628
67.5000 -20.9296 0.3956 0.2930 0.3114 0.00000 7.435 1500.0 12.0 0.0000 2.2557 288.87 0.3343
70.3125 -20.9296 0.3414 0.3758 0.2828 0.00000 6.865 1500.0 12.0 0.0000 1.7408 225.11 0.8652
73.1250 -20.9296 0.3432 0.3899 0.2669 0.00000 6.988 1500.0 12.0 0.0000 1.4117 180.83 0.8928
75.9375 -20.9296 0.3752 0.3186 0.3062 0.00000 8.243 1500.0 12.0 0.0000 1.5524 200.13 0.3016
78.7500 -20.9296 0.3171 0.3507 0.3323 0.00000 8.741 1500.0 12.0 0.0000 1.8045 242.23 0.3032
81.5625 -20.9296 0.4136 0.2831 0.3032 0.00000 7.995 1500.0 12.0 0.0000 2.2336 282.36 0.2280
84.3750 -20.9296 0.4352 0.2687 0.2961 0.00000 7.389 1500.0 12.0 0.0000 3.0224 376.64 0.2540
87.1875 -20.9296 0.1920 0.4669 0.3411 0.00000 7.352 1500.0 12.0 0.0000 3.2170 457.95 0.6100
90.0000 -20.9296 0.2447 0.3963 0.3590 0.00000 6.840 1500.0 12.0 0.0000 3.2306 453.75 0.4065
135.0000 -20.9296 0.2150 0.4394 0.3456 0.00000 8.215 1500.0 12.0 0.0000 0.4214 59.53 0.0628
137.8125 -20.9296 0.4503 0.2600 0.2897 0.00000 7.478 1500.0 12.0 0.0000 0.4242 52.29 0.0628
140.6250 -20.9296 0.3609 0.3068 0.3323 0.00000 7.609 1500.0 12.0 0.0000 2.4251 319.16 0.1767
143.4375 -20.9296 0.2910 0.2978 0.4112 0.00000 7.260 1500.0 12.0 0.0000 0.6399 90.43 0.0628
146.2500 -20.9296 0.1843 0.4840 0.3317 0.00000 6.395 1500.0 12.0 0.0000 1.6472 234.17 1.0278
149.0625 -20.9296 0.2111 0.5014 0.2875 0.00000 5.925 1500.0 12.0 0.0000 1.1701 160.85 1.2984
171.5625 -20.9296 0.4954 0.2077 0.2969 0.00000 7.098 1500.0 12.0 0.0000 0.4486 54.31 0.0628
174.3750 -20.9296 0.4396 0.2433 0.3171 0.00000 7.498 1500.0 12.0 0.0000 1.0024 126.12 0.0996
177.1875 -20.9296 0.3168 0.2982 0.3851 0.00000 6.961 1500.0 12.0 0.0000 2.3277 321.10 0.1804
180.0000 -20.9296 0.2993 0.3370 0.3637 0.00000 8.132 1500.0 12.0 0.0000 1.7448 239.91 0.1912
-177.1875 -20.9296 0.3801 0.2869 0.3330 0.00000 6.843 1500.0 12.0 0.0000 2.9549 385.62 0.1378
-143.4375 -20.9296 0.5843 0.1668 0.2489 0.00000 7.072 1500.0 12.0 0.0000 0.2509 28.19 0.0628
-140.6250 -20.9296 0.3993 0.2478 0.3529 0.00000 7.215 1500.0 12.0 0.0000 0.3309 43.27 0.0628
-137.8125 -20.9296 0.2975 0.2960 0.4064 0.00000 7.317 1500.0 12.0 0.0000 0.0986 13.86 0.0628
-135.0000 -20.9296 0.3727 0.2653 0.3620 0.00000 7.587 1500.0 12.0 0.0000 0.0614 10.00 0.0628
-132.1875 -20.9296 0.4031 0.2530 0.3439 0.00000 7.476 1500.0 12.0 0.0000 0.1155 15.00 0.0628
-129.3750 -20.9296 0.4040 0.2609 0.3351 0.00000 8.007 1500.0 12.0 0.0000 0.3757 48.54 0.0628
-126.5625 -20.9296 0.4364 0.2408 0.3228 0.00000 7.720 1500.0 12.0 0.0000 0.3146 39.77 0.0628
-123.7500 -20.9296 0.4341 0.2801 0.2858 0.00000 7.568 1500.0 12.0 0.0000 0.3721 46.12 0.0628
-56.2500 -20.9296 0.2184 0.4147 0.3669 0.00000 7.747 1500.0 12.0 0.0000 3.0458 434.27 0.1863
-53.4375 -20.9296 0.2342 0.4002 0.3656 0.00000 7.994 1500.0 12.0 0.0000 2.6018 368.26 0.2694
-50.6250 -20.9296 0.2380 0.3850 0.3769 0.00000 7.934 1500.0 12.0 0.0000 2.0281 288.20 0.2060
-47.8125 -20.9296 0.2501 0.3894 0.3605 0.00000 8.405 1500.0 12.0 0.0000 1.1169 156.62 0.1286
-45.0000 -20.9296 0.2621 0.3634 0.3745 0.00000 7.367 1500.0 12.0 0.0000 2.0555 288.79 0.1433
-42.1875 -20.9296 0.2591 0.3432 0.3977 0.00000 8.125 1500.0 12.0 0.0000 0.3222 45.85 0.0628
-39.3750 -20.9296 0.2920 0.3166 0.3914 0.00000 7.562 1500.0 12.0 0.0000 0.9205 128.76 0.0728
-36.5625 -20.9296 0.3772 0.2590 0.3638 0.00000 7.123 1500.0 12.0 0.0000 0.6629 88.06 0.0628
-19.6875 -20.9296 0.1676 0.4795 0.3528 0.00000 8.119 1500.0 12.0 0.0000 1.4699 212.60 0.0628
-16.8750 -20.9296 0.5011 0.2328 0.2661 0.00000 7.296 1500.0 12.0 0.0000 1.5907 188.59 0.0628
-14.0625 -20.9296 0.3656 0.2973 0.3371 0.00000 8.547 1500.0 12.0 0.0000 2.3380 307.82 0.1158
-11.2500 -20.9296 0.3740 0.2932 0.3328 0.00000 8.416 1500.0 12.0 0.0000 1.4143 185.07 0.0862
-8.4375 -20.9296 0.5216 0.2134 0.2650 0.00000 7.518 1500.0 12.0 0.0000 2.5080 294.07 0.1174
-5.6250 -20.9296 0.2933 0.3739 0.3328 0.00000 7.513 1500.0 12.0 0.0000 3.0497 413.84 0.1454
-2.8125 -20.9296 0.3605 0.2990 0.3404 0.00000 6.903 1500.0 12.0 0.0000 2.9302 387.37 0.1238
11.2500 -23.7202 0.3505 0.3042 0.3453 0.00000 6.925 1500.0 12.0 0.0000 0.9175 122.16 0.2840
14.0625 -23.7202 0.2760 0.3460 0.3780 0.00000 7.419 1500.0 12.0 0.0000 1.1142 155.88 0.2689
16.8750 -23.7202 0.4351 0.2443 0.3207 0.00000 7.404 1500.0 12.0 0.0000 0.3376 42.65 0.0628
19.6875 -23.7202 0.4007 0.2790 0.3203 0.00000 7.679 1500.0 12.0 0.0000 0.9266 118.95 0.1839
22.5000 -23.7202 0.4725 0.2160 0.3115 0.00000 6.686 1500.0 12.0 0.0000 0.8356 103.16 0.1144
25.3125 -23.7202 0.6422 0.1405 0.2173 0.00000 6.522 1500.0 12.0 0.0000 1.1552 123.23 0.0840
28.1250 -23.7202 0.2165 0.4429 0.3407 0.00000 8.006 1500.0 12.0 0.0000 0.6693 94.28 0.0628
50.6250 -23.7202 0.2935 0.3993 0.3072 0.00000 6.816 1500.0 12.0 0.0000 0.7662 102.58 0.6332
53.4375 -23.7202 0.2477 0.3767 0.3756 0.00000 6.582 1500.0 12.0 0.0000 0.9181 129.85 0.4751
56.2500 -23.7202 0.4141 0.2473 0.3385 0.00000 7.254 1500.0 12.0 0.0000 0.1489 19.19 0.0853
59.0625 -23.7202 0.4665 0.2226 0.3109 0.00000 7.148 1500.0 12.0 0.0000 0.0433 10.00 0.0628
61.8750 -23.7202 0.4246 0.2477 0.3277 0.00000 7.616 1500.0 12.0 0.0000 0.0930 11.86 0.0628
64.6875 -23.7202 0.4201 0.2544 0.3254 0.00000 7.597 1500.0 12.0 0.0000 1.0257 130.86 0.1079
67.5000 -23.7202 0.4756 0.2214 0.3030 0.00000 6.963 1500.0 12.0 0.0000 1.1507 141.16 0.1162
70.3125 -23.7202 0.4030 0.2794 0.3175 0.00000 7.531 1500.0 12.0 0.0000 2.2631 289.77 0.2442
73.1250 -23.7202 0.4075 0.2859 0.3066 0.00000 7.295 1500.0 12.0 0.0000 1.9090 242.46 0.3347
75.9375 -23.7202 0.3559 0.3013 0.3428 0.00000 8.319 1500.0 12.0 0.0000 1.1019 146.16 0.1582
78.7500 -23.7202 0.3128 0.3142 0.3729 0.00000 8.903 1500.0 12.0 0.0000 0.1878 25.79 0.0628
81.5625 -23.7202 0.3540 0.2902 0.3558 0.00000 8.467 1500.0 12.0 0.0000 0.2611 34.91 0.0658
84.3750 -23.7202 0.4516 0.2612 0.2871 0.00000 7.710 1500.0 12.0 0.0000 2.1505 264.51 0.2241
87.1875 -23.7202 0.2342 0.4171 0.3487 0.00000 6.991 1500.0 12.0 0.0000 2.3339 327.58 0.4603
90.0000 -23.7202 0.2004 0.4795 0.3201 0.00000 6.775 1500.0 12.0 0.0000 1.8745 263.16 0.7598
95.6250 -23.7202 0.2564 0.4041 0.3395 0.00000 6.921 1500.0 12.0 0.0000 2.3621 326.86 0.6079
140.6250 -23.7202 0.4399 0.2616 0.2985 0.00000 7.644 1500.0 12.0 0.0000 0.3387 42.16 0.0628
143.4375 -23.7202 0.4690 0.2419 0.2891 0.00000 7.239 1500.0 12.0 0.0000 1.4725 179.79 0.1302
146.2500 -23.7202 0.3415 0.3685 0.2900 0.00000 6.583 1500.0 12.0 0.0000 2.0623 267.72 0.6840
168.7500 -23.7202 0.2236 0.3956 0.3808 0.00000 7.363 1500.0 12.0 0.0000 0.9234 132.27 0.0628
171.5625 -23.7202 0.2658 0.3529 0.3813 0.00000 7.632 1500.0 12.0 0.0000 0.4395 61.86 0.0628
174.3750 -23.7202 0.2798 0.3173 0.4029 0.00000 7.947 1500.0 12.0 0.0000 0.3026 42.79 0.0628
177.1875 -23.7202 0.4514 0.2394 0.3092 0.00000 7.036 1500.0 12.0 0.0000 1.4463 180.16 0.1128
180.0000 -23.7202 0.4515 0.3080 0.2405 0.00000 6.973 1500.0 12.0 0.0000 2.3930 286.55 0.5355
-146.2500 -23.7202 0.5926 0.1649 0.2425 0.00000 6.991 1500.0 12.0 0.0000 0.2078 23.16 0.0628
-143.4375 -23.7202 0.4325 0.2395 0.3280 0.00000 7.450 1500.0 12.0 0.0000 0.2388 30.33 0.0628
-140.6250 -23.7202 0.3233 0.2788 0.3979 0.00000 7.001 1500.0 12.0 0.0000 0.1938 26.83 0.0628
-137.8125 -23.7202 0.4077 0.2507 0.3416 0.00000 6.901 1500.0 12.0 0.0000 0.2000 25.89 0.0628
-135.0000 -23.7202 0.3239 0.3298 0.3463 0.00000 7.446 1500.0 12.0 0.0000 0.1860 25.07 0.0628
-132.1875 -23.7202 0.3491 0.2789 0.3720 0.00000 7.673 1500.0 12.0 0.0000 0.3150 42.55 0.0628
-129.3750 -23.7202 0.3267 0.3109 0.3624 0.00000 8.770 1500.0 12.0 0.0000 0.2021 27.44 0.0628
-126.5625 -23.7202 0.4218 0.2476 0.3306 0.00000 7.881 1500.0 12.0 0.0000 0.2696 34.46 0.0628
-123.7500 -23.7202 0.2678 0.3891 0.3432 0.00000 7.910 1500.0 12.0 0.0000 0.4510 62.22 0.0628
-120.9375 -23.7202 0.1032 0.6068 0.2900 0.00000 7.636 1500.0 12.0 0.0000 2.5303 364.64 0.6510
-56.2500 -23.7202 0.2912 0.3273 0.3816 0.00000 7.489 1500.0 12.0 0.0000 0.5834 81.24 0.0659
-53.4375 -23.7202 0.2934 0.3485 0.3581 0.00000 7.864 1500.0 12.0 0.0000 1.5959 219.38 0.1362
-50.6250 -23.7202 0.5191 0.2033 0.2776 0.00000 7.171 1500.0 12.0 0.0000 0.8922 105.53 0.1003
-47.8125 -23.7202 0.5356 0.2066 0.2578 0.00000 7.225 1500.0 12.0 0.0000 1.1272 130.65 0.1488
-45.0000 -23.7202 0.5851 0.1729 0.2420 0.00000 6.813 1500.0 12.0 0.0000 1.4920 166.84 0.1322
-42.1875 -23.7202 0.3063 0.3057 0.3880 0.00000 8.156 1500.0 12.0 0.0000 0.2265 31.43 0.0628
-39.3750 -23.7202 0.3415 0.2766 0.3819 0.00000 7.329 1500.0 12.0 0.0000 0.3651 49.74 0.0628
-19.6875 -23.7202 0.2300 0.4175 0.3526 0.00000 7.885 1500.0 12.0 0.0000 1.0568 148.89 0.0628
-16.8750 -23.7202 0.5077 0.2149 0.2774 0.00000 7.624 1500.0 12.0 0.0000 1.1561 137.52 0.0676
-14.0625 -23.7202 0.4438 0.2450 0.3112 0.00000 7.835 1500.0 12.0 0.0000 1.3202 165.23 0.0840
-11.2500 -23.7202 0.2618 0.3571 0.3811 0.00000 9.352 1500.0 12.0 0.0000 0.4672 65.87 0.0628
-8.4375 -23.7202 0.5392 0.1911 0.2697 0.00000 7.332 1500.0 12.0 0.0000 1.0775 125.56 0.0668
-5.6250 -23.7202 0.5097 0.2128 0.2775 0.00000 6.655 1500.0 12.0 0.0000 2.8656 340.56 0.1052
8.4375 -26.5108 0.2612 0.4639 0.2749 0.00000 7.143 1500.0 12.0 0.0000 0.8931 119.29 0.6079
11.2500 -26.5108 0.2998 0.3953 0.3050 0.00000 6.404 1500.0 12.0 0.0000 1.0395 138.63 0.7407
14.0625 -26.5108 0.2451 0.3810 0.3739 0.00000 6.979 1500.0 12.0 0.0000 1.2790 180.93 0.4488
16.8750 -26.5108 0.5289 0.1939 0.2772 0.00000 7.051 1500.0 12.0 0.0000 0.3115 36.65 0.0790
19.6875 -26.5108 0.4282 0.2580 0.3138 0.00000 7.520 1500.0 12.0 0.0000 0.7991 100.90 0.1635
22.5000 -26.5108 0.5064 0.2039 0.2898 0.00000 6.764 1500.0 12.0 0.0000 0.5978 71.67 0.1098
25.3125 -26.5108 0.6343 0.1407 0.2250 0.00000 6.788 1500.0 12.0 0.0000 0.9409 101.33 0.0676
28.1250 -26.5108 0.3796 0.3149 0.3055 0.00000 7.803 1500.0 12.0 0.0000 0.8962 115.26 0.0628
30.9375 -26.5108 0.2267 0.4141 0.3592 0.00000 7.974 1500.0 12.0 0.0000 0.8229 116.48 0.0628
50.6250 -26.5108 0.3875 0.2727 0.3398 0.00000 7.448 1500.0 12.0 0.0000 0.2661 34.74 0.0897
53.4375 -26.5108 0.3075 0.2849 0.4076 0.00000 7.118 1500.0 12.0 0.0000 0.1263 17.69 0.0628
56.2500 -26.5108 0.4233 0.2425 0.3342 0.00000 7.348 1500.0 12.0 0.0000 0.0765 10.00 0.0674
59.0625 -26.5108 0.3814 0.2781 0.3404 0.00000 8.065 1500.0 12.0 0.0000 0.0480 10.00 0.0628
61.8750 -26.5108 0.4081 0.2569 0.3350 0.00000 7.808 1500.0 12.0 0.0000 0.1040 13.41 0.0628
64.6875 -26.5108 0.3498 0.2900 0.3602 0.00000 8.426 1500.0 12.0 0.0000 0.2938 39.44 0.0628
67.5000 -26.5108 0.3415 0.2945 0.3639 0.00000 8.430 1500.0 12.0 0.0000 0.2825 38.13 0.0628
70.3125 -26.5108 0.3578 0.2914 0.3508 0.00000 8.318 1500.0 12.0 0.0000 1.0044 133.67 0.0893
73.1250 -26.5108 0.3242 0.3080 0.3677 0.00000 8.739 1500.0 12.0 0.0000 0.4228 57.62 0.0695
75.9375 -26.5108 0.2844 0.3323 0.3833 0.00000 9.185 1500.0 12.0 0.0000 0.4350 60.80 0.0706
78.7500 -26.5108 0.3238 0.3082 0.3680 0.00000 8.746 1500.0 12.0 0.0000 0.3283 44.76 0.0670
81.5625 -26.5108 0.3732 0.2778 0.3491 0.00000 8.202 1500.0 12.0 0.0000 0.1259 16.63 0.0628
84.3750 -26.5108 0.3120 0.3274 0.3606 0.00000 8.853 1500.0 12.0 0.0000 0.8898 121.48 0.1390
87.1875 -26.5108 0.3758 0.2918 0.3324 0.00000 7.289 1500.0 12.0 0.0000 2.2505 294.19 0.2484
90.0000 -26.5108 0.1975 0.4579 0.3445 0.00000 6.409 1500.0 12.0 0.0000 2.3033 327.69 0.7794
92.8125 -26.5108 0.1676 0.5174 0.3150 0.00000 6.791 1500.0 12.0 0.0000 1.5963 226.67 0.8930
95.6250 -26.5108 0.3076 0.4103 0.2821 0.00000 6.236 1500.0 12.0 0.0000 2.0186 265.03 0.8489
98.4375 -26.5108 0.2172 0.5096 0.2732 0.00000 7.350 1500.0 12.0 0.0000 2.4128 328.38 0.7047
168.7500 -26.5108 0.2279 0.3869 0.3852 0.00000 7.287 1500.0 12.0 0.0000 1.4440 206.92 0.0628
171.5625 -26.5108 0.3831 0.2823 0.3346 0.00000 7.461 1500.0 12.0 0.0000 0.5916 77.16 0.0628
174.3750 -26.5108 0.4168 0.2746 0.3086 0.00000 7.540 1500.0 12.0 0.0000 0.4073 51.56 0.0628
-146.2500 -26.5108 0.4681 0.2240 0.3080 0.00000 7.523 1500.0 12.0 0.0000 0.1330 16.42 0.0628
-143.4375 -26.5108 0.3035 0.2836 0.4130 0.00000 6.982 1500.0 12.0 0.0000 0.2075 29.20 0.0628
-140.6250 -26.5108 0.3397 0.3002 0.3601 0.00000 7.674 1500.0 12.0 0.0000 0.1654 22.30 0.0713
-132.1875 -26.5108 0.3973 0.2467 0.3560 0.00000 7.040 1500.0 12.0 0.0000 0.6660 87.30 0.0743
-129.3750 -26.5108 0.3665 0.2668 0.3667 0.00000 7.588 1500.0 12.0 0.0000 0.3206 42.85 0.0628
-126.5625 -26.5108 0.4179 0.2483 0.3338 0.00000 7.643 1500.0 12.0 0.0000 0.2622 33.64 0.0628
-123.7500 -26.5108 0.2824 0.3708 0.3468 0.00000 7.511 1500.0 12.0 0.0000 0.3746 51.45 0.0628
-56.2500 -26.5108 0.3688 0.2771 0.3541 0.00000 6.938 1500.0 12.0 0.0000 0.7951 105.48 0.0681
-53.4375 -26.5108 0.3049 0.3102 0.3849 0.00000 7.384 1500.0 12.0 0.0000 0.9802 135.90 0.0999
-50.6250 -26.5108 0.3508 0.2724 0.3768 0.00000 7.024 1500.0 12.0 0.0000 0.9156 123.90 0.0973
-47.8125 -26.5108 0.4895 0.2208 0.2897 0.00000 7.485 1500.0 12.0 0.0000 0.4081 49.34 0.0905
-45.0000 -26.5108 0.3788 0.2904 0.3308 0.00000 8.061 1500.0 12.0 0.0000 0.7887 102.87 0.1684
-42.1875 -26.5108 0.3477 0.2847 0.3676 0.00000 7.247 1500.0 12.0 0.0000 1.4737 198.75 0.1431
-39.3750 -26.5108 0.3317 0.2808 0.3875 0.00000 7.209 1500.0 12.0 0.0000 0.3439 47.20 0.0628
-19.6875 -26.5108 0.3154 0.3687 0.3159 0.00000 7.424 1500.0 12.0 0.0000 1.3471 179.41 0.0628
-16.8750 -26.5108 0.5984 0.1752 0.2265 0.00000 6.690 1500.0 12.0 0.0000 2.1144 232.48 0.0628
-14.0625 -26.5108 0.5392 0.1910 0.2698 0.00000 7.262 1500.0 12.0 0.0000 0.8197 95.53 0.0628
-11.2500 -26.5108 0.4514 0.2312 0.3173 0.00000 7.320 1500.0 12.0 0.0000 0.9739 121.86 0.0628
-8.4375 -26.5108 0.4808 0.2149 0.3043 0.00000 7.136 1500.0 12.0 0.0000 1.2449 152.44 0.0628
-5.6250 -26.5108 0.4638 0.2400 0.2962 0.00000 7.083 1500.0 12.0 0.0000 0.7367 90.55 0.0764
5.6250 -29.3014 0.5218 0.2247 0.2535 0.00000 6.877 1500.0 12.0 0.0000 0.8040 93.61 0.2628
8.4375 -29.3014 0.2571 0.4046 0.3383 0.00000 6.217 1500.0 12.0 0.0000 1.1994 165.82 0.7051
11.2500 -29.3014 0.2034 0.4510 0.3456 0.00000 6.502 1500.0 12.0 0.0000 1.0635 151.00 0.8034
14.0625 -29.3014 0.4102 0.2470 0.3427 0.00000 7.380 1500.0 12.0 0.0000 0.1291 16.70 0.0628
16.8750 -29.3014 0.4073 0.2651 0.3276 0.00000 7.688 1500.0 12.0 0.0000 0.4073 52.33 0.1320
19.6875 -29.3014 0.4556 0.2316 0.3127 0.00000 7.219 1500.0 12.0 0.0000 0.4548 56.64 0.0982
22.5000 -29.3014 0.4939 0.2079 0.2981 0.00000 6.797 1500.0 12.0 0.0000 0.8677 105.20 0.0932
25.3125 -29.3014 0.4182 0.2569 0.3249 0.00000 8.024 1500.0 12.0 0.0000 0.5008 63.93 0.0628
28.1250 -29.3014 0.5184 0.2035 0.2782 0.00000 7.633 1500.0 12.0 0.0000 0.7868 93.13 0.0628
30.9375 -29.3014 0.3388 0.3352 0.3260 0.00000 7.613 1500.0 12.0 0.0000 0.9425 124.87 0.0628
33.7500 -29.3014 0.3207 0.3129 0.3664 0.00000 7.583 1500.0 12.0 0.0000 0.8313 113.39 0.0698
47.8125 -29.3014 0.3271 0.3520 0.3209 0.00000 7.522 1500.0 12.0 0.0000 0.6264 83.21 0.1372
50.6250 -29.3014 0.3686 0.2847 0.3467 0.00000 7.396 1500.0 12.0 0.0000 0.6603 87.26 0.1332
53.4375 -29.3014 0.3046 0.3073 0.3881 0.00000 7.368 1500.0 12.0 0.0000 0.6701 93.08 0.1438
56.2500 -29.3014 0.4088 0.2452 0.3460 0.00000 7.128 1500.0 12.0 0.0000 0.1210 15.69 0.0686
59.0625 -29.3014 0.4620 0.2270 0.3110 0.00000 7.175 1500.0 12.0 0.0000 0.1491 18.50 0.0800
61.8750 -29.3014 0.3576 0.2907 0.3517 0.00000 8.337 1500.0 12.0 0.0000 0.4914 65.43 0.0913
64.6875 -29.3014 0.3521 0.2956 0.3524 0.00000 8.300 1500.0 12.0 0.0000 0.7498 100.14 0.0878
67.5000 -29.3014 0.3660 0.2816 0.3524 0.00000 8.273 1500.0 12.0 0.0000 0.2794 37.08 0.0628
70.3125 -29.3014 0.2879 0.3322 0.3798 0.00000 9.119 1500.0 12.0 0.0000 1.1378 158.50 0.0850
73.1250 -29.3014 0.2785 0.3349 0.3866 0.00000 9.260 1500.0 12.0 0.0000 0.5065 71.09 0.0641
75.9375 -29.3014 0.2604 0.3456 0.3940 0.00000 9.466 1500.0 12.0 0.0000 0.3270 46.42 0.0628
78.7500 -29.3014 0.2489 0.3566 0.3945 0.00000 9.500 1500.0 12.0 0.0000 0.4779 68.19 0.0834
81.5625 -29.3014 0.3072 0.3243 0.3685 0.00000 8.903 1500.0 12.0 0.0000 0.6241 85.72 0.1062
84.3750 -29.3014 0.3851 0.2857 0.3292 0.00000 8.190 1500.0 12.0 0.0000 1.1061 143.73 0.1352
87.1875 -29.3014 0.2819 0.3515 0.3665 0.00000 6.970 1500.0 12.0 0.0000 2.1247 294.78 0.3762
90.0000 -29.3014 0.2336 0.4343 0.3321 0.00000 6.760 1500.0 12.0 0.0000 1.5014 209.04 0.7199
92.8125 -29.3014 0.2966 0.4306 0.2728 0.00000 6.609 1500.0 12.0 0.0000 1.7136 224.99 0.8008
-149.0625 -29.3014 0.4967 0.2312 0.2721 0.00000 7.415 1500.0 12.0 0.0000 0.2480 29.58 0.0670
-146.2500 -29.3014 0.3884 0.2614 0.3502 0.00000 7.477 1500.0 12.0 0.0000 0.3061 40.16 0.0661
-143.4375 -29.3014 0.2843 0.3258 0.3899 0.00000 7.991 1500.0 12.0 0.0000 0.9308 130.53 0.1368
-140.6250 -29.3014 0.2500 0.3782 0.3718 0.00000 7.524 1500.0 12.0 0.0000 2.2972 323.95 0.2178
-137.8125 -29.3014 0.2630 0.3771 0.3599 0.00000 7.396 1500.0 12.0 0.0000 1.7163 239.27 0.2557
-129.3750 -29.3014 0.4830 0.2128 0.3043 0.00000 7.708 1500.0 12.0 0.0000 0.4253 52.02 0.0628
-126.5625 -29.3014 0.4964 0.2047 0.2989 0.00000 7.600 1500.0 12.0 0.0000 0.3883 47.04 0.0628
-56.2500 -29.3014 0.3126 0.3571 0.3303 0.00000 7.949 1500.0 12.0 0.0000 0.2104 28.26 0.0632
-53.4375 -29.3014 0.4221 0.2709 0.3070 0.00000 7.425 1500.0 12.0 0.0000 0.3985 50.28 0.0749
-50.6250 -29.3014 0.3040 0.2994 0.3966 0.00000 7.305 1500.0 12.0 0.0000 0.9047 126.22 0.0934
-47.8125 -29.3014 0.3503 0.2725 0.3772 0.00000 7.241 1500.0 12.0 0.0000 0.9465 128.14 0.0827
-45.0000 -29.3014 0.3480 0.2997 0.3523 0.00000 8.328 1500.0 12.0 0.0000 0.8322 111.34 0.1079
-42.1875 -29.3014 0.4094 0.2543 0.3363 0.00000 7.477 1500.0 12.0 0.0000 1.3690 176.57 0.1064
-39.3750 -29.3014 0.3134 0.2918 0.3948 0.00000 7.387 1500.0 12.0 0.0000 0.4243 58.91 0.0628
-36.5625 -29.3014 0.3262 0.2840 0.3898 0.00000 7.407 1500.0 12.0 0.0000 0.3108 42.80 0.0628
-33.7500 -29.3014 0.4965 0.2110 0.2926 0.00000 7.320 1500.0 12.0 0.0000 0.1969 23.76 0.0628
-16.8750 -29.3014 0.4300 0.2721 0.2979 0.00000 7.840 1500.0 12.0 0.0000 1.4424 180.38 0.0668
-14.0625 -29.3014 0.5713 0.1746 0.2540 0.00000 7.225 1500.0 12.0 0.0000 1.2313 139.75 0.0628
-11.2500 -29.3014 0.4432 0.2392 0.3176 0.00000 7.422 1500.0 12.0 0.0000 0.6921 86.95 0.0628
-8.4375 -29.3014 0.5137 0.2008 0.2855 0.00000 7.004 1500.0 12.0 0.0000 0.6725 80.14 0.0628
5.6250 -32.0919 0.4097 0.2460 0.3444 0.00000 7.002 1500.0 12.0 0.0000 0.9284 120.25 0.0960
8.4375 -32.0919 0.2749 0.3276 0.3975 0.00000 6.974 1500.0 12.0 0.0000 1.4803 209.22 0.2369
11.2500 -32.0919 0.3532 0.2726 0.3741 0.00000 7.082 1500.0 12.0 0.0000 0.5400 72.90 0.1034
14.0625 -32.0919 0.3667 0.2952 0.3380 0.00000 8.105 1500.0 12.0 0.0000 0.6840 90.06 0.1320
16.8750 -32.0919 0.3017 0.3307 0.3676 0.00000 8.885 1500.0 12.0 0.0000 0.4790 65.93 0.1196
19.6875 -32.0919 0.3566 0.2906 0.3527 0.00000 8.346 1500.0 12.0 0.0000 0.5803 77.36 0.0868
22.5000 -32.0919 0.4705 0.2199 0.3096 0.00000 7.098 1500.0 12.0 0.0000 0.4354 53.74 0.0728
25.3125 -32.0919 0.4821 0.2189 0.2990 0.00000 7.467 1500.0 12.0 0.0000 0.3866 47.17 0.0628
28.1250 -32.0919 0.5703 0.1749 0.2549 0.00000 7.263 1500.0 12.0 0.0000 1.4526 165.05 0.0628
30.9375 -32.0919 0.5398 0.1848 0.2754 0.00000 7.080 1500.0 12.0 0.0000 1.6463 192.43 0.0628
33.7500 -32.0919 0.4166 0.2434 0.3400 0.00000 7.223 1500.0 12.0 0.0000 0.2864 36.89 0.0628
47.8125 -32.0919 0.4283 0.2405 0.3311 0.00000 7.189 1500.0 12.0 0.0000 0.3638 46.38 0.0882
50.6250 -32.0919 0.2980 0.3017 0.4004 0.00000 7.087 1500.0 12.0 0.0000 1.8808 263.59 0.1355
53.4375 -32.0919 0.4424 0.2508 0.3069 0.00000 7.375 1500.0 12.0 0.0000 1.3990 174.79 0.1622
56.2500 -32.0919 0.4826 0.2254 0.2920 0.00000 7.148 1500.0 12.0 0.0000 0.7747 94.12 0.1432
59.0625 -32.0919 0.4221 0.2568 0.3211 0.00000 7.536 1500.0 12.0 0.0000 0.4822 61.32 0.1203
61.8750 -32.0919 0.3764 0.2848 0.3387 0.00000 8.043 1500.0 12.0 0.0000 0.8782 115.16 0.1265
64.6875 -32.0919 0.3832 0.2810 0.3359 0.00000 7.951 1500.0 12.0 0.0000 1.2399 161.84 0.1368
67.5000 -32.0919 0.5150 0.2079 0.2772 0.00000 7.152 1500.0 12.0 0.0000 1.7381 205.97 0.1226
70.3125 -32.0919 0.3972 0.2773 0.3255 0.00000 8.311 1500.0 12.0 0.0000 1.9907 256.70 0.1279
73.1250 -32.0919 0.2603 0.3511 0.3887 0.00000 9.291 1500.0 12.0 0.0000 1.3826 195.77 0.1040
75.9375 -32.0919 0.2624 0.3479 0.3897 0.00000 9.176 1500.0 12.0 0.0000 1.2588 178.16 0.0993
78.7500 -32.0919 0.2778 0.3419 0.3802 0.00000 9.082 1500.0 12.0 0.0000 0.9545 133.57 0.1196
81.5625 -32.0919 0.3648 0.2965 0.3387 0.00000 8.184 1500.0 12.0 0.0000 1.3239 174.51 0.1492
84.3750 -32.0919 0.3339 0.2916 0.3745 0.00000 7.381 1500.0 12.0 0.0000 1.5281 208.09 0.1265
87.1875 -32.0919 0.2549 0.3884 0.3566 0.00000 6.892 1500.0 12.0 0.0000 2.4931 348.20 0.5113
90.0000 -32.0919 0.3383 0.3660 0.2957 0.00000 6.975 1500.0 12.0 0.0000 1.0774 140.49 0.5951
92.8125 -32.0919 0.3297 0.3700 0.3003 0.00000 6.563 1500.0 12.0 0.0000 0.8594 112.79 0.5435
-149.0625 -32.0919 0.4740 0.2317 0.2943 0.00000 7.784 1500.0 12.0 0.0000 0.3379 41.28 0.0749
-146.2500 -32.0919 0.3221 0.2931 0.3848 0.00000 7.580 1500.0 12.0 0.0000 0.4215 58.00 0.0714
-143.4375 -32.0919 0.4277 0.2370 0.3353 0.00000 7.029 1500.0 12.0 0.0000 0.6024 76.99 0.0819
-140.6250 -32.0919 0.3077 0.2884 0.4039 0.00000 6.796 1500.0 12.0 0.0000 2.5611 358.08 0.1177
-137.8125 -32.0919 0.3252 0.3062 0.3685 0.00000 7.086 1500.0 12.0 0.0000 3.1371 427.53 0.2252
-135.0000 -32.0919 0.4780 0.2438 0.2781 0.00000 6.978 1500.0 12.0 0.0000 2.9618 357.75 0.2497
-50.6250 -32.0919 0.4278 0.2434 0.3288 0.00000 7.249 1500.0 12.0 0.0000 0.6254 79.65 0.0998
-47.8125 -32.0919 0.2981 0.3013 0.4006 0.00000 7.328 1500.0 12.0 0.0000 0.7529 105.52 0.1126
-45.0000 -32.0919 0.3355 0.2881 0.3764 0.00000 7.547 1500.0 12.0 0.0000 0.8674 118.16 0.1140
-42.1875 -32.0919 0.4777 0.2305 0.2917 0.00000 7.657 1500.0 12.0 0.0000 0.9619 117.13 0.1109
-39.3750 -32.0919 0.4468 0.2400 0.3132 0.00000 7.652 1500.0 12.0 0.0000 0.6586 82.41 0.0704
-36.5625 -32.0919 0.2978 0.2986 0.4036 0.00000 7.507 1500.0 12.0 0.0000 0.6362 89.32 0.0628
-33.7500 -32.0919 0.4151 0.2487 0.3362 0.00000 7.452 1500.0 12.0 0.0000 0.3119 40.13 0.0628
-19.6875 -32.0919 0.4475 0.2559 0.2965 0.00000 6.967 1500.0 12.0 0.0000 3.1259 387.32 0.2614
-16.8750 -32.0919 0.5755 0.1975 0.2270 0.00000 6.927 1500.0 12.0 0.0000 3.5489 395.22 0.2279
-14.0625 -32.0919 0.4723 0.2410 0.2867 0.00000 7.326 1500.0 12.0 0.0000 3.0611 372.62 0.1735
-11.2500 -32.0919 0.4579 0.2361 0.3060 0.00000 7.100 1500.0 12.0 0.0000 2.9532 366.03 0.1427
-8.4375 -32.0919 0.4975 0.2224 0.2801 0.00000 7.187 1500.0 12.0 0.0000 2.4630 294.97 0.1310
-5.6250 -32.0919 0.5484 0.1947 0.2568 0.00000 7.014 1500.0 12.0 0.0000 2.8794 331.34 0.1248
-2.8125 -32.0919 0.4156 0.2444 0.3400 0.00000 7.009 1500.0 12.0 0.0000 1.2722 163.95 0.0944
0.0000 -34.8825 0.3894 0.2575 0.3531 0.00000 6.893 1500.0 12.0 0.0000 1.6494 216.66 0.0962
2.8125 -34.8825 0.3685 0.2592 0.3723 0.00000 6.812 1500.0 12.0 0.0000 1.9258 257.97 0.0824
5.6250 -34.8825 0.2990 0.3056 0.3954 0.00000 7.252 1500.0 12.0 0.0000 1.1172 156.12 0.0980
8.4375 -34.8825 0.3660 0.2896 0.3444 0.00000 7.866 1500.0 12.0 0.0000 0.5658 74.77 0.1023
11.2500 -34.8825 0.3353 0.3073 0.3574 0.00000 7.931 1500.0 12.0 0.0000 0.4300 58.01 0.1026
14.0625 -34.8825 0.4526 0.2360 0.3114 0.00000 7.209 1500.0 12.0 0.0000 0.6101 76.05 0.1149
16.8750 -34.8825 0.3797 0.2826 0.3377 0.00000 8.004 1500.0 12.0 0.0000 1.5229 199.28 0.1250
19.6875 -34.8825 0.3835 0.2765 0.3400 0.00000 8.009 1500.0 12.0 0.0000 1.2290 160.74 0.1052
22.5000 -34.8825 0.5075 0.2052 0.2873 0.00000 7.073 1500.0 12.0 0.0000 0.9621 115.12 0.0834
25.3125 -34.8825 0.6039 0.1576 0.2385 0.00000 6.987 1500.0 12.0 0.0000 0.9960 110.02 0.0628
28.1250 -34.8825 0.5192 0.1946 0.2862 0.00000 7.054 1500.0 12.0 0.0000 1.1149 132.53 0.0628
30.9375 -34.8825 0.3745 0.2578 0.3678 0.00000 7.085 1500.0 12.0 0.0000 0.9012 120.11 0.0628
47.8125 -34.8825 0.5043 0.2091 0.2866 0.00000 7.396 1500.0 12.0 0.0000 0.4103 49.15 0.0698
50.6250 -34.8825 0.3057 0.2902 0.4042 0.00000 6.905 1500.0 12.0 0.0000 2.1579 302.00 0.0998
53.4375 -34.8825 0.3216 0.3058 0.3726 0.00000 8.299 1500.0 12.0 0.0000 0.7488 102.42 0.0942
56.2500 -34.8825 0.3245 0.3215 0.3541 0.00000 8.603 1500.0 12.0 0.0000 0.5941 80.39 0.1040
59.0625 -34.8825 0.3958 0.2752 0.3290 0.00000 7.798 1500.0 12.0 0.0000 1.1915 154.03 0.1342
61.8750 -34.8825 0.4381 0.2451 0.3168 0.00000 7.151 1500.0 12.0 0.0000 1.2887 162.23 0.1468
64.6875 -34.8825 0.3459 0.2992 0.3549 0.00000 7.589 1500.0 12.0 0.0000 2.2119 296.59 0.1497
67.5000 -34.8825 0.2960 0.3109 0.3931 0.00000 7.450 1500.0 12.0 0.0000 2.3522 328.74 0.1349
70.3125 -34.8825 0.3203 0.3034 0.3764 0.00000 7.460 1500.0 12.0 0.0000 2.5916 355.39 0.1319
73.1250 -34.8825 0.2863 0.3094 0.4043 0.00000 7.468 1500.0 12.0 0.0000 2.1864 308.56 0.1037
75.9375 -34.8825 0.2758 0.3183 0.4059 0.00000 7.575 1500.0 12.0 0.0000 2.8590 405.58 0.1228
78.7500 -34.8825 0.2709 0.3243 0.4048 0.00000 8.442 1500.0 12.0 0.0000 0.3390 48.16 0.0628
81.5625 -34.8825 0.2586 0.3619 0.3795 0.00000 6.935 1500.0 12.0 0.0000 2.5293 356.75 0.3723
84.3750 -34.8825 0.2858 0.3739 0.3402 0.00000 6.931 1500.0 12.0 0.0000 1.1264 153.94 0.4934
87.1875 -34.8825 0.3783 0.3222 0.2995 0.00000 6.804 1500.0 12.0 0.0000 1.1758 150.82 0.4596
90.0000 -34.8825 0.2716 0.4134 0.3150 0.00000 6.919 1500.0 12.0 0.0000 0.9496 128.91 0.3276
-151.8750 -34.8825 0.5164 0.2050 0.2785 0.00000 7.462 1500.0 12.0 0.0000 0.4954 58.72 0.0810
-149.0625 -34.8825 0.5065 0.2118 0.2817 0.00000 7.499 1500.0 12.0 0.0000 0.8728 104.15 0.0850
-146.2500 -34.8825 0.3238 0.2919 0.3843 0.00000 7.716 1500.0 12.0 0.0000 0.8120 111.64 0.0762
-143.4375 -34.8825 0.3646 0.2770 0.3584 0.00000 7.736 1500.0 12.0 0.0000 0.6864 91.43 0.0854
-140.6250 -34.8825 0.3632 0.2912 0.3456 0.00000 8.272 1500.0 12.0 0.0000 1.8508 245.06 0.1187
-137.8125 -34.8825 0.3352 0.3044 0.3604 0.00000 8.168 1500.0 12.0 0.0000 3.2191 434.97 0.1310
-135.0000 -34.8825 0.4194 0.2647 0.3159 0.00000 7.359 1500.0 12.0 0.0000 4.7233 599.62 0.1757
-129.3750 -34.8825 0.3996 0.2840 0.3163 0.00000 7.808 1500.0 12.0 0.0000 2.5448 326.15 0.1449
-47.8125 -34.8825 0.4518 0.2356 0.3127 0.00000 7.033 1500.0 12.0 0.0000 0.8438 105.28 0.1248
-45.0000 -34.8825 0.2939 0.3096 0.3966 0.00000 7.282 1500.0 12.0 0.0000 0.9502 133.14 0.1481
-42.1875 -34.8825 0.3869 0.2805 0.3326 0.00000 7.872 1500.0 12.0 0.0000 1.4001 182.10 0.1454
-39.3750 -34.8825 0.4525 0.2453 0.3022 0.00000 7.720 1500.0 12.0 0.0000 1.4502 179.84 0.1263
-36.5625 -34.8825 0.3358 0.2778 0.3864 0.00000 7.294 1500.0 12.0 0.0000 0.5774 79.04 0.0628
-33.7500 -34.8825 0.3631 0.2698 0.3672 0.00000 7.396 1500.0 12.0 0.0000 0.4789 64.14 0.0628
-30.9375 -34.8825 0.4784 0.2160 0.3056 0.00000 7.250 1500.0 12.0 0.0000 0.2045 25.09 0.0628
-19.6875 -34.8825 0.5901 0.1750 0.2349 0.00000 6.530 1500.0 12.0 0.0000 3.6433 404.55 0.1903
-16.8750 -34.8825 0.5790 0.1918 0.2292 0.00000 6.846 1500.0 12.0 0.0000 3.6418 405.34 0.2308
-14.0625 -34.8825 0.4510 0.2563 0.2927 0.00000 7.630 1500.0 12.0 0.0000 5.0000 617.14 0.2064
-11.2500 -34.8825 0.3761 0.2922 0.3317 0.00000 7.932 1500.0 12.0 0.0000 4.9284 643.89 0.1873
-8.4375 -34.8825 0.4229 0.2643 0.3128 0.00000 7.761 1500.0 12.0 0.0000 4.8204 609.91 0.1533
-5.6250 -34.8825 0.3378 0.3351 0.3272 0.00000 8.752 1500.0 12.0 0.0000 4.5196 599.47 0.1238
-2.8125 -34.8825 0.4493 0.2317 0.3190 0.00000 6.904 1500.0 12.0 0.0000 4.7056 589.97 0.1091
0.0000 -37.6731 0.5869 0.1721 0.2410 0.00000 6.837 1500.0 12.0 0.0000 5.0000 558.28 0.1179
2.8125 -37.6731 0.4105 0.2543 0.3352 0.00000 7.131 1500.0 12.0 0.0000 2.3980 308.93 0.1052
5.6250 -37.6731 0.4089 0.2634 0.3277 0.00000 7.627 1500.0 12.0 0.0000 1.0083 129.47 0.1042
8.4375 -37.6731 0.4745 0.2323 0.2932 0.00000 7.291 1500.0 12.0 0.0000 0.6966 85.03 0.1078
11.2500 -37.6731 0.3502 0.2948 0.3550 0.00000 8.048 1500.0 12.0 0.0000 0.7467 99.94 0.1117
14.0625 -37.6731 0.4427 0.2413 0.3159 0.00000 7.218 1500.0 12.0 0.0000 1.5745 197.68 0.1216
16.8750 -37.6731 0.4382 0.2473 0.3145 0.00000 7.424 1500.0 12.0 0.0000 1.8223 229.10 0.1142
19.6875 -37.6731 0.5560 0.1831 0.2608 0.00000 6.968 1500.0 12.0 0.0000 1.8997 218.27 0.1041
22.5000 -37.6731 0.6357 0.1383 0.2260 0.00000 6.523 1500.0 12.0 0.0000 1.7227 185.50 0.0887
25.3125 -37.6731 0.5328 0.1965 0.2707 0.00000 7.111 1500.0 12.0 0.0000 2.0842 243.83 0.0879
28.1250 -37.6731 0.4369 0.2305 0.3326 0.00000 6.751 1500.0 12.0 0.0000 1.5819 201.00 0.0982
47.8125 -37.6731 0.4933 0.1999 0.3068 0.00000 6.787 1500.0 12.0 0.0000 0.3591 43.77 0.0628
50.6250 -37.6731 0.2876 0.3051 0.4073 0.00000 7.735 1500.0 12.0 0.0000 0.6928 97.87 0.0628
53.4375 -37.6731 0.2830 0.3140 0.4030 0.00000 7.906 1500.0 12.0 0.0000 0.6409 90.52 0.0628
56.2500 -37.6731 0.2889 0.3152 0.3959 0.00000 8.266 1500.0 12.0 0.0000 0.3997 56.10 0.0628
59.0625 -37.6731 0.3505 0.2843 0.3651 0.00000 8.033 1500.0 12.0 0.0000 0.3618 48.67 0.0628
61.8750 -37.6731 0.3220 0.2862 0.3919 0.00000 7.449 1500.0 12.0 0.0000 0.6580 90.87 0.0717
64.6875 -37.6731 0.2883 0.3005 0.4111 0.00000 7.258 1500.0 12.0 0.0000 1.2181 172.33 0.0790
67.5000 -37.6731 0.4288 0.2414 0.3297 0.00000 7.253 1500.0 12.0 0.0000 0.9645 122.83 0.0628
70.3125 -37.6731 0.5442 0.1895 0.2663 0.00000 6.869 1500.0 12.0 0.0000 2.0273 235.14 0.1071
75.9375 -37.6731 0.4967 0.2195 0.2839 0.00000 7.165 1500.0 12.0 0.0000 3.4303 411.88 0.1191
78.7500 -37.6731 0.3763 0.3053 0.3184 0.00000 6.756 1500.0 12.0 0.0000 3.3160 430.11 0.3506
81.5625 -37.6731 0.4267 0.2863 0.2871 0.00000 6.254 1500.0 12.0 0.0000 2.1512 267.81 0.4275
84.3750 -37.6731 0.3519 0.3299 0.3181 0.00000 7.281 1500.0 12.0 0.0000 0.9463 124.11 0.3970
87.1875 -37.6731 0.3782 0.2886 0.3332 0.00000 7.375 1500.0 12.0 0.0000 1.0052 131.31 0.2186
-154.6875 -37.6731 0.5290 0.1916 0.2794 0.00000 7.415 1500.0 12.0 0.0000 0.2291 27.00 0.0628
-151.8750 -37.6731 0.5619 0.1790 0.2591 0.00000 7.233 1500.0 12.0 0.0000 0.3765 43.08 0.0628
-149.0625 -37.6731 0.4320 0.2501 0.3179 0.00000 8.111 1500.0 12.0 0.0000 0.2260 28.55 0.0628
-146.2500 -37.6731 0.3239 0.2970 0.3791 0.00000 8.087 1500.0 12.0 0.0000 0.5580 76.50 0.0708
-143.4375 -37.6731 0.3667 0.2864 0.3469 0.00000 8.236 1500.0 12.0 0.0000 1.3239 175.12 0.0803
-140.6250 -37.6731 0.3523 0.2968 0.3509 0.00000 8.508 1500.0 12.0 0.0000 2.5503 340.28 0.0953
-137.8125 -37.6731 0.3498 0.2930 0.3572 0.00000 7.887 1500.0 12.0 0.0000 3.7802 506.62 0.1142
-45.0000 -37.6731 0.3508 0.2721 0.3771 0.00000 6.987 1500.0 12.0 0.0000 0.5293 71.64 0.0775
-42.1875 -37.6731 0.3284 0.2984 0.3732 0.00000 7.830 1500.0 12.0 0.0000 0.5792 79.02 0.1002
-39.3750 -37.6731 0.5279 0.2079 0.2642 0.00000 7.336 1500.0 12.0 0.0000 2.1217 247.86 0.1340
-36.5625 -37.6731 0.4516 0.2404 0.3081 0.00000 7.632 1500.0 12.0 0.0000 1.6396 204.09 0.1077
-33.7500 -37.6731 0.2859 0.3055 0.4086 0.00000 7.576 1500.0 12.0 0.0000 0.6174 87.33 0.0628
-30.9375 -37.6731 0.4110 0.2435 0.3455 0.00000 7.215 1500.0 12.0 0.0000 0.5030 65.15 0.0628
-22.5000 -37.6731 0.4645 0.2144 0.3211 0.00000 6.773 1500.0 12.0 0.0000 0.6723 83.78 0.0628
-19.6875 -37.6731 0.4527 0.2202 0.3271 0.00000 6.814 1500.0 12.0 0.0000 1.0002 125.76 0.0628
-16.8750 -37.6731 0.3743 0.2896 0.3361 0.00000 7.789 1500.0 12.0 0.0000 2.4388 319.65 0.1412
-14.0625 -37.6731 0.4865 0.2285 0.2850 0.00000 7.295 1500.0 12.0 0.0000 3.8635 466.57 0.1667
-11.2500 -37.6731 0.5118 0.2207 0.2675 0.00000 7.407 1500.0 12.0 0.0000 5.0000 590.07 0.1688
-8.4375 -37.6731 0.4344 0.2554 0.3101 0.00000 7.501 1500.0 12.0 0.0000 5.0000 628.21 0.1566
-5.6250 -37.6731 0.3052 0.3408 0.3541 0.00000 8.773 1500.0 12.0 0.0000 5.0000 682.37 0.1424
-2.8125 -37.6731 0.4517 0.2456 0.3027 0.00000 7.587 1500.0 12.0 0.0000 5.0000 620.43 0.1298
0.0000 -40.4636 0.3880 0.2789 0.3331 0.00000 8.003 1500.0 12.0 0.0000 3.2742 425.76 0.1079
2.8125 -40.4636 0.3324 0.3158 0.3518 0.00000 8.563 1500.0 12.0 0.0000 3.6591 492.80 0.1087
5.6250 -40.4636 0.3694 0.2897 0.3409 0.00000 8.133 1500.0 12.0 0.0000 2.2396 294.95 0.1111
8.4375 -40.4636 0.2667 0.3699 0.3634 0.00000 9.182 1500.0 12.0 0.0000 1.5745 219.55 0.1081
11.2500 -40.4636 0.2649 0.3551 0.3801 0.00000 9.227 1500.0 12.0 0.0000 2.1305 299.78 0.1062
14.0625 -40.4636 0.4518 0.2345 0.3137 0.00000 7.208 1500.0 12.0 0.0000 1.2807 159.91 0.1047
16.8750 -40.4636 0.5230 0.2007 0.2763 0.00000 7.126 1500.0 12.0 0.0000 1.3772 162.46 0.0985
19.6875 -40.4636 0.4130 0.2660 0.3211 0.00000 8.366 1500.0 12.0 0.0000 1.2525 159.94 0.0935
22.5000 -40.4636 0.4936 0.2056 0.3008 0.00000 6.880 1500.0 12.0 0.0000 2.1771 264.39 0.0941
25.3125 -40.4636 0.3657 0.2742 0.3601 0.00000 7.246 1500.0 12.0 0.0000 1.6704 222.62 0.1149
28.1250 -40.4636 0.4331 0.2374 0.3295 0.00000 6.808 1500.0 12.0 0.0000 1.8957 240.91 0.1294
50.6250 -40.4636 0.4683 0.2110 0.3208 0.00000 6.813 1500.0 12.0 0.0000 1.4899 185.29 0.0628
53.4375 -40.4636 0.3071 0.2995 0.3933 0.00000 7.781 1500.0 12.0 0.0000 1.3797 191.92 0.0628
56.2500 -40.4636 0.2809 0.3091 0.4100 0.00000 7.658 1500.0 12.0 0.0000 0.5613 79.61 0.0628
59.0625 -40.4636 0.2659 0.3334 0.4007 0.00000 8.406 1500.0 12.0 0.0000 0.2851 40.51 0.0628
61.8750 -40.4636 0.3635 0.2729 0.3636 0.00000 7.537 1500.0 12.0 0.0000 0.5364 71.69 0.0628
64.6875 -40.4636 0.4776 0.2124 0.3100 0.00000 7.098 1500.0 12.0 0.0000 0.5368 66.05 0.0628
67.5000 -40.4636 0.5212 0.2020 0.2768 0.00000 7.471 1500.0 12.0 0.0000 0.5366 63.38 0.0628
-168.7500 -40.4636 0.3872 0.3139 0.2989 0.00000 7.404 1500.0 12.0 0.0000 0.9576 122.28 0.0628
-154.6875 -40.4636 0.4384 0.2812 0.2804 0.00000 7.322 1500.0 12.0 0.0000 1.9814 244.37 0.2844
-151.8750 -40.4636 0.5290 0.1979 0.2731 0.00000 7.457 1500.0 12.0 0.0000 0.3037 35.65 0.0628
-149.0625 -40.4636 0.4027 0.2506 0.3466 0.00000 7.341 1500.0 12.0 0.0000 0.4057 52.78 0.0628
-146.2500 -40.4636 0.3604 0.2728 0.3668 0.00000 7.591 1500.0 12.0 0.0000 0.5562 74.56 0.0628
-143.4375 -40.4636 0.3729 0.2819 0.3452 0.00000 8.324 1500.0 12.0 0.0000 0.5791 76.32 0.0716
-140.6250 -40.4636 0.3447 0.2898 0.3655 0.00000 7.754 1500.0 12.0 0.0000 1.7253 232.74 0.0958
-137.8125 -40.4636 0.3233 0.2832 0.3934 0.00000 6.796 1500.0 12.0 0.0000 4.9473 683.41 0.1094
-135.0000 -40.4636 0.4299 0.2568 0.3132 0.00000 7.572 1500.0 12.0 0.0000 5.0000 630.66 0.1271
-42.1875 -40.4636 0.3487 0.2749 0.3764 0.00000 7.467 1500.0 12.0 0.0000 0.3037 41.13 0.0628
-39.3750 -40.4636 0.3637 0.2735 0.3628 0.00000 7.439 1500.0 12.0 0.0000 1.5572 208.00 0.0781
-36.5625 -40.4636 0.4260 0.2550 0.3190 0.00000 7.688 1500.0 12.0 0.0000 2.7193 344.74 0.1214
-33.7500 -40.4636 0.3667 0.2777 0.3556 0.00000 7.605 1500.0 12.0 0.0000 1.3122 174.37 0.0875
-30.9375 -40.4636 0.3104 0.2876 0.4020 0.00000 7.117 1500.0 12.0 0.0000 0.7364 102.73 0.0628
-16.8750 -40.4636 0.3979 0.2479 0.3542 0.00000 7.043 1500.0 12.0 0.0000 0.7554 98.90 0.0628
-14.0625 -40.4636 0.4410 0.2419 0.3170 0.00000 7.370 1500.0 12.0 0.0000 2.0103 252.75 0.1051
-11.2500 -40.4636 0.6254 0.1520 0.2226 0.00000 6.677 1500.0 12.0 0.0000 4.9089 530.45 0.1288
-8.4375 -40.4636 0.5928 0.1671 0.2400 0.00000 6.705 1500.0 12.0 0.0000 4.8917 544.12 0.1302
-2.8125 -40.4636 0.4876 0.2150 0.2974 0.00000 6.832 1500.0 12.0 0.0000 2.9369 357.02 0.1180
0.0000 -43.2542 0.4656 0.2415 0.2929 0.00000 7.343 1500.0 12.0 0.0000 3.2725 401.11 0.1014
2.8125 -43.2542 0.3753 0.2882 0.3365 0.00000 8.039 1500.0 12.0 0.0000 3.7585 492.51 0.1006
5.6250 -43.2542 0.3638 0.2886 0.3477 0.00000 8.236 1500.0 12.0 0.0000 3.9355 521.49 0.1034
8.4375 -43.2542 0.2958 0.3320 0.3722 0.00000 8.976 1500.0 12.0 0.0000 4.0142 555.17 0.1001
11.2500 -43.2542 0.2724 0.3436 0.3840 0.00000 9.264 1500.0 12.0 0.0000 1.4815 208.20 0.0893
14.0625 -43.2542 0.3708 0.2825 0.3467 0.00000 8.301 1500.0 12.0 0.0000 0.8291 109.45 0.0816
16.8750 -43.2542 0.5627 0.1783 0.2590 0.00000 7.176 1500.0 12.0 0.0000 1.6278 186.18 0.0748
19.6875 -43.2542 0.5824 0.1595 0.2580 0.00000 6.624 1500.0 12.0 0.0000 0.8439 95.46 0.0628
22.5000 -43.2542 0.4569 0.2136 0.3296 0.00000 6.760 1500.0 12.0 0.0000 0.4312 54.19 0.0628
25.3125 -43.2542 0.3152 0.2893 0.3955 0.00000 7.378 1500.0 12.0 0.0000 1.0753 149.22 0.0779
53.4375 -43.2542 0.3474 0.3080 0.3445 0.00000 7.082 1500.0 12.0 0.0000 2.2526 300.21 0.2698
56.2500 -43.2542 0.2847 0.3301 0.3852 0.00000 7.022 1500.0 12.0 0.0000 2.6232 366.94 0.2338
59.0625 -43.2542 0.3971 0.2805 0.3224 0.00000 7.604 1500.0 12.0 0.0000 1.7851 229.81 0.1815
61.8750 -43.2542 0.5186 0.2065 0.2749 0.00000 7.018 1500.0 12.0 0.0000 1.6913 199.79 0.1334
-154.6875 -43.2542 0.4870 0.2833 0.2297 0.00000 6.094 1500.0 12.0 0.0000 1.9768 231.01 0.5175
-151.8750 -43.2542 0.4493 0.2682 0.2824 0.00000 6.914 1500.0 12.0 0.0000 1.5455 189.80 0.2948
-149.0625 -43.2542 0.3700 0.2659 0.3641 0.00000 7.494 1500.0 12.0 0.0000 0.4219 56.23 0.0628
-146.2500 -43.2542 0.4014 0.2531 0.3454 0.00000 7.697 1500.0 12.0 0.0000 0.5005 65.11 0.0628
-143.4375 -43.2542 0.4294 0.2448 0.3258 0.00000 7.839 1500.0 12.0 0.0000 0.3848 48.88 0.0628
-140.6250 -43.2542 0.4504 0.2279 0.3217 0.00000 7.226 1500.0 12.0 0.0000 0.9337 117.18 0.0628
-137.8125 -43.2542 0.3765 0.2736 0.3499 0.00000 7.896 1500.0 12.0 0.0000 1.0220 134.81 0.0628
-42.1875 -43.2542 0.3880 0.3053 0.3067 0.00000 6.336 1500.0 12.0 0.0000 3.0706 393.62 0.4298
-39.3750 -43.2542 0.3987 0.2515 0.3497 0.00000 7.371 1500.0 12.0 0.0000 0.9778 127.66 0.0628
-36.5625 -43.2542 0.3549 0.2705 0.3746 0.00000 7.361 1500.0 12.0 0.0000 1.3489 182.01 0.0628
-33.7500 -43.2542 0.4007 0.2487 0.3505 0.00000 7.032 1500.0 12.0 0.0000 1.5356 200.39 0.0859
-30.9375 -43.2542 0.3627 0.2664 0.3709 0.00000 7.048 1500.0 12.0 0.0000 1.4997 201.26 0.0852
-28.1250 -43.2542 0.4309 0.2478 0.3213 0.00000 6.916 1500.0 12.0 0.0000 1.0492 132.87 0.0830
-14.0625 -43.2542 0.3743 0.2651 0.3606 0.00000 7.379 1500.0 12.0 0.0000 0.6516 86.52 0.0628
-11.2500 -43.2542 0.4529 0.2351 0.3121 0.00000 7.415 1500.0 12.0 0.0000 1.1251 140.26 0.0876
-8.4375 -43.2542 0.5848 0.1572 0.2580 0.00000 6.580 1500.0 12.0 0.0000 0.6700 75.69 0.0628
0.0000 -46.0447 0.5137 0.2036 0.2827 0.00000 7.548 1500.0 12.0 0.0000 2.0274 241.20 0.0628
2.8125 -46.0447 0.3393 0.3020 0.3587 0.00000 8.547 1500.0 12.0 0.0000 2.8353 382.07 0.0884
5.6250 -46.0447 0.3492 0.2946 0.3563 0.00000 8.427 1500.0 12.0 0.0000 2.7024 362.09 0.0816
8.4375 -46.0447 0.4360 0.2431 0.3209 0.00000 7.462 1500.0 12.0 0.0000 1.5830 199.93 0.0672
11.2500 -46.0447 0.4210 0.2492 0.3297 0.00000 7.699 1500.0 12.0 0.0000 1.1061 141.38 0.0628
14.0625 -46.0447 0.4342 0.2606 0.3053 0.00000 8.001 1500.0 12.0 0.0000 0.8952 112.19 0.0628
16.8750 -46.0447 0.5264 0.1996 0.2740 0.00000 7.507 1500.0 12.0 0.0000 1.2150 142.89 0.0628
19.6875 -46.0447 0.5517 0.1820 0.2663 0.00000 7.213 1500.0 12.0 0.0000 0.8399 97.05 0.0628
22.5000 -46.0447 0.4502 0.2213 0.3285 0.00000 6.797 1500.0 12.0 0.0000 0.4213 53.07 0.0628
53.4375 -46.0447 0.5328 0.2199 0.2473 0.00000 6.604 1500.0 12.0 0.0000 2.9839 344.17 0.2573
56.2500 -46.0447 0.5315 0.2179 0.2505 0.00000 6.520 1500.0 12.0 0.0000 2.8035 324.21 0.2563
59.0625 -46.0447 0.5295 0.2231 0.2474 0.00000 6.743 1500.0 12.0 0.0000 3.0763 355.48 0.2480
-157.5000 -46.0447 0.3394 0.3926 0.2679 0.00000 6.562 1500.0 12.0 0.0000 2.9183 374.68 0.5940
-154.6875 -46.0447 0.4521 0.3108 0.2371 0.00000 6.146 1500.0 12.0 0.0000 1.6712 199.66 0.5506
-151.8750 -46.0447 0.3757 0.3392 0.2850 0.00000 6.682 1500.0 12.0 0.0000 1.2574 160.20 0.4697
-149.0625 -46.0447 0.3839 0.3338 0.2823 0.00000 7.201 1500.0 12.0 0.0000 1.4595 184.95 0.3864
-146.2500 -46.0447 0.3757 0.3289 0.2954 0.00000 7.650 1500.0 12.0 0.0000 1.7381 222.72 0.3070
-132.1875 -46.0447 0.0476 0.6775 0.2748 0.00000 6.415 1500.0 12.0 0.0000 5.0000 731.90 0.3578
-39.3750 -46.0447 0.3395 0.3294 0.3311 0.00000 6.376 1500.0 12.0 0.0000 2.5141 333.89 0.4450
-36.5625 -46.0447 0.3706 0.2706 0.3587 0.00000 6.867 1500.0 12.0 0.0000 2.7664 367.58 0.1613
-2.8125 -46.0447 0.5340 0.2156 0.2504 0.00000 6.346 1500.0 12.0 0.0000 5.0000 577.45 0.2982
0.0000 -48.8352 0.2791 0.3927 0.3282 0.00000 8.260 1500.0 12.0 0.0000 4.6235 629.86 0.4537
2.8125 -48.8352 0.3422 0.3481 0.3097 0.00000 7.797 1500.0 12.0 0.0000 4.7804 626.92 0.4118
5.6250 -48.8352 0.5299 0.2230 0.2470 0.00000 6.172 1500.0 12.0 0.0000 3.7796 436.52 0.3419
8.4375 -48.8352 0.4818 0.2355 0.2827 0.00000 6.419 1500.0 12.0 0.0000 2.5280 305.59 0.2803
11.2500 -48.8352 0.4733 0.2337 0.2930 0.00000 6.564 1500.0 12.0 0.0000 2.3393 285.66 0.2302
14.0625 -48.8352 0.3735 0.2975 0.3290 0.00000 7.726 1500.0 12.0 0.0000 2.6950 352.01 0.2184
16.8750 -48.8352 0.4364 0.2599 0.3037 0.00000 7.449 1500.0 12.0 0.0000 3.1495 393.93 0.1857
19.6875 -48.8352 0.4262 0.2506 0.3232 0.00000 7.452 1500.0 12.0 0.0000 2.2147 281.39 0.1170
22.5000 -48.8352 0.4392 0.2289 0.3319 0.00000 6.954 1500.0 12.0 0.0000 0.4864 61.72 0.0628
180.0000 -48.8352 0.4085 0.3157 0.2759 0.00000 6.977 1500.0 12.0 0.0000 3.5239 439.79 0.3507
-177.1875 -48.8352 0.3143 0.4124 0.2733 0.00000 6.770 1500.0 12.0 0.0000 4.8827 636.06 0.3841
-154.6875 -48.8352 0.3912 0.3414 0.2673 0.00000 6.821 1500.0 12.0 0.0000 2.2561 282.56 0.4663
-151.8750 -48.8352 0.3955 0.3358 0.2686 0.00000 6.846 1500.0 12.0 0.0000 1.8827 235.48 0.4483
-149.0625 -48.8352 0.4062 0.3219 0.2719 0.00000 6.953 1500.0 12.0 0.0000 2.0099 250.54 0.4045
-90.0000 -48.8352 0.4575 0.2732 0.2693 0.00000 5.707 1500.0 12.0 0.0000 0.6480 78.66 0.4249
-87.1875 -48.8352 0.2771 0.3509 0.3721 0.00000 6.242 1500.0 12.0 0.0000 0.3972 55.37 0.3815
-84.3750 -48.8352 0.3662 0.3088 0.3250 0.00000 6.516 1500.0 12.0 0.0000 0.3558 46.53 0.3571
-81.5625 -48.8352 0.4354 0.2668 0.2977 0.00000 6.002 1500.0 12.0 0.0000 0.5541 69.10 0.3570
-36.5625 -48.8352 0.3671 0.3117 0.3211 0.00000 7.664 1500.0 12.0 0.0000 2.0923 272.94 0.2346
-8.4375 -48.8352 0.3384 0.3166 0.3451 0.00000 6.310 1500.0 12.0 0.0000 5.0000 669.25 0.3624
-5.6250 -48.8352 0.3739 0.2994 0.3267 0.00000 6.075 1500.0 12.0 0.0000 3.8876 507.09 0.4370
-2.8125 -48.8352 0.4883 0.2706 0.2411 0.00000 6.381 1500.0 12.0 0.0000 5.0000 587.90 0.4627
0.0000 -51.6257 0.3723 0.3361 0.2915 0.00000 7.294 1500.0 12.0 0.0000 5.0000 640.34 0.4583
2.8125 -51.6257 0.4310 0.3033 0.2657 0.00000 6.663 1500.0 12.0 0.0000 4.1757 512.51 0.4788
5.6250 -51.6257 0.4456 0.2974 0.2570 0.00000 6.542 1500.0 12.0 0.0000 3.1544 382.48 0.4863
8.4375 -51.6257 0.5562 0.2342 0.2096 0.00000 5.698 1500.0 12.0 0.0000 3.0837 343.22 0.4759
11.2500 -51.6257 0.3767 0.3333 0.2901 0.00000 7.173 1500.0 12.0 0.0000 1.7257 220.38 0.4562
14.0625 -51.6257 0.4195 0.3068 0.2737 0.00000 7.133 1500.0 12.0 0.0000 2.4095 298.76 0.4119
16.8750 -51.6257 0.4128 0.3014 0.2859 0.00000 7.374 1500.0 12.0 0.0000 3.3866 424.16 0.3554
19.6875 -51.6257 0.4514 0.2522 0.2964 0.00000 6.644 1500.0 12.0 0.0000 4.7517 587.59 0.2786
143.4375 -51.6257 0.0682 0.6385 0.2933 0.00000 6.755 1500.0 12.0 0.0000 3.2595 477.32 0.2700
146.2500 -51.6257 0.0632 0.6468 0.2900 0.00000 6.661 1500.0 12.0 0.0000 3.0290 443.78 0.2824
165.9375 -51.6257 0.3685 0.2999 0.3316 0.00000 6.050 1500.0 12.0 0.0000 1.8703 245.19 0.3713
168.7500 -51.6257 0.3243 0.3251 0.3506 0.00000 6.118 1500.0 12.0 0.0000 2.8665 387.23 0.3694
171.5625 -51.6257 0.3654 0.3068 0.3277 0.00000 6.360 1500.0 12.0 0.0000 1.5831 207.42 0.3709
174.3750 -51.6257 0.3717 0.2947 0.3336 0.00000 5.896 1500.0 12.0 0.0000 1.4543 190.59 0.3761
177.1875 -51.6257 0.3810 0.3047 0.3143 0.00000 6.309 1500.0 12.0 0.0000 1.1722 151.39 0.3797
180.0000 -51.6257 0.3469 0.3763 0.2768 0.00000 6.601 1500.0 12.0 0.0000 2.6550 341.33 0.3779
-177.1875 -51.6257 0.4157 0.3077 0.2766 0.00000 6.846 1500.0 12.0 0.0000 4.2932 534.14 0.3556
-174.3750 -51.6257 0.4306 0.2926 0.2768 0.00000 6.953 1500.0 12.0 0.0000 4.1888 517.48 0.3383
-154.6875 -51.6257 0.4705 0.2384 0.2911 0.00000 7.483 1500.0 12.0 0.0000 4.2886 523.85 0.1568
-151.8750 -51.6257 0.4728 0.2354 0.2918 0.00000 7.496 1500.0 12.0 0.0000 3.7399 456.50 0.1484
-149.0625 -51.6257 0.4636 0.2474 0.2891 0.00000 7.439 1500.0 12.0 0.0000 3.8321 469.13 0.1823
-120.9375 -51.6257 0.0401 0.6898 0.2701 0.00000 6.090 1500.0 12.0 0.0000 2.8504 417.60 0.4117
-98.4375 -51.6257 0.3510 0.3244 0.3247 0.00000 5.839 1500.0 12.0 0.0000 0.7558 99.52 0.3959
-95.6250 -51.6257 0.3370 0.3289 0.3341 0.00000 6.048 1500.0 12.0 0.0000 0.2920 38.89 0.4434
-92.8125 -51.6257 0.3600 0.3170 0.3230 0.00000 6.084 1500.0 12.0 0.0000 0.1995 26.13 0.4235
-90.0000 -51.6257 0.3825 0.3050 0.3125 0.00000 6.408 1500.0 12.0 0.0000 0.1595 20.56 0.3631
-87.1875 -51.6257 0.2894 0.3494 0.3612 0.00000 6.736 1500.0 12.0 0.0000 0.2210 30.48 0.3188
-84.3750 -51.6257 0.3142 0.3205 0.3653 0.00000 6.146 1500.0 12.0 0.0000 0.2229 30.48 0.2989
-81.5625 -51.6257 0.3707 0.3068 0.3224 0.00000 6.553 1500.0 12.0 0.0000 0.2926 38.13 0.3221
-78.7500 -51.6257 0.4214 0.2742 0.3045 0.00000 5.929 1500.0 12.0 0.0000 0.3153 39.73 0.3408
-47.8125 -51.6257 0.2476 0.4603 0.2921 0.00000 6.998 1500.0 12.0 0.0000 2.8657 388.57 0.1436
-39.3750 -51.6257 0.4352 0.2659 0.2989 0.00000 7.603 1500.0 12.0 0.0000 2.3477 293.01 0.1463
-8.4375 -51.6257 0.3607 0.2982 0.3412 0.00000 6.223 1500.0 12.0 0.0000 3.7646 497.85 0.3571
-5.6250 -51.6257 0.4136 0.2909 0.2956 0.00000 6.535 1500.0 12.0 0.0000 3.9180 493.18 0.3968
-2.8125 -51.6257 0.4687 0.2752 0.2562 0.00000 6.239 1500.0 12.0 0.0000 5.0000 599.05 0.4419
0.0000 -54.4162 0.3392 0.3278 0.3330 0.00000 6.824 1500.0 12.0 0.0000 4.2139 560.26 0.3966
2.8125 -54.4162 0.3190 0.3447 0.3363 0.00000 7.249 1500.0 12.0 0.0000 2.6440 355.35 0.4000
5.6250 -54.4162 0.3973 0.2992 0.3034 0.00000 6.455 1500.0 12.0 0.0000 2.1176 269.79 0.4101
8.4375 -54.4162 0.5526 0.2226 0.2248 0.00000 5.669 1500.0 12.0 0.0000 2.9197 328.72 0.4093
11.2500 -54.4162 0.4136 0.2976 0.2888 0.00000 6.607 1500.0 12.0 0.0000 1.8142 227.49 0.3943
14.0625 -54.4162 0.3606 0.3173 0.3221 0.00000 6.964 1500.0 12.0 0.0000 1.9397 253.93 0.3712
16.8750 -54.4162 0.3833 0.2961 0.3206 0.00000 6.822 1500.0 12.0 0.0000 2.1954 284.17 0.3265
140.6250 -54.4162 0.0458 0.6671 0.2871 0.00000 6.434 1500.0 12.0 0.0000 3.1504 464.21 0.2001
143.4375 -54.4162 0.0553 0.6512 0.2935 0.00000 6.640 1500.0 12.0 0.0000 2.4653 362.96 0.1802
154.6875 -54.4162 0.3811 0.2824 0.3365 0.00000 6.100 1500.0 12.0 0.0000 0.7374 96.37 0.2991
157.5000 -54.4162 0.3892 0.2825 0.3283 0.00000 5.861 1500.0 12.0 0.0000 0.5451 70.66 0.3269
160.3125 -54.4162 0.5060 0.2302 0.2638 0.00000 5.789 1500.0 12.0 0.0000 0.5111 60.37 0.3259
163.1250 -54.4162 0.5291 0.2186 0.2522 0.00000 5.791 1500.0 12.0 0.0000 0.6128 71.03 0.3141
165.9375 -54.4162 0.4456 0.2680 0.2864 0.00000 6.440 1500.0 12.0 0.0000 0.8063 99.42 0.3075
168.7500 -54.4162 0.3820 0.2990 0.3189 0.00000 6.488 1500.0 12.0 0.0000 1.7803 230.38 0.3086
171.5625 -54.4162 0.3706 0.3019 0.3276 0.00000 6.399 1500.0 12.0 0.0000 1.7462 228.21 0.3209
174.3750 -54.4162 0.3331 0.3254 0.3415 0.00000 6.810 1500.0 12.0 0.0000 1.7922 240.00 0.3331
177.1875 -54.4162 0.3708 0.3045 0.3248 0.00000 6.518 1500.0 12.0 0.0000 1.5224 198.66 0.3385
180.0000 -54.4162 0.4841 0.2426 0.2733 0.00000 5.954 1500.0 12.0 0.0000 1.7020 204.38 0.3337
-165.9375 -54.4162 0.4277 0.2941 0.2782 0.00000 6.996 1500.0 12.0 0.0000 5.0000 619.05 0.3202
-163.1250 -54.4162 0.4157 0.2845 0.2999 0.00000 7.578 1500.0 12.0 0.0000 5.0000 630.25 0.2319
-151.8750 -54.4162 0.4964 0.2047 0.2989 0.00000 7.600 1500.0 12.0 0.0000 3.3262 402.93 0.0628
-137.8125 -54.4162 0.4592 0.2530 0.2878 0.00000 7.366 1500.0 12.0 0.0000 5.0000 612.94 0.1984
-135.0000 -54.4162 0.4593 0.2456 0.2951 0.00000 7.446 1500.0 12.0 0.0000 5.0000 615.46 0.1597
-132.1875 -54.4162 0.4101 0.2814 0.3085 0.00000 7.398 1500.0 12.0 0.0000 5.0000 634.95 0.1721
-98.4375 -54.4162 0.4129 0.2784 0.3087 0.00000 5.878 1500.0 12.0 0.0000 0.4058 51.47 0.3298
-95.6250 -54.4162 0.2800 0.3346 0.3854 0.00000 5.410 1500.0 12.0 0.0000 0.6293 88.21 0.3608
-92.8125 -54.4162 0.2807 0.3408 0.3785 0.00000 5.726 1500.0 12.0 0.0000 0.4404 61.50 0.3440
-90.0000 -54.4162 0.3085 0.3330 0.3585 0.00000 6.262 1500.0 12.0 0.0000 0.3214 43.90 0.3045
-87.1875 -54.4162 0.2817 0.3195 0.3988 0.00000 5.751 1500.0 12.0 0.0000 0.5365 75.65 0.2586
-84.3750 -54.4162 0.3610 0.2923 0.3467 0.00000 6.226 1500.0 12.0 0.0000 0.4488 59.51 0.2437
-81.5625 -54.4162 0.5578 0.2081 0.2341 0.00000 5.983 1500.0 12.0 0.0000 0.4641 52.40 0.2679
-61.8750 -54.4162 0.0458 0.6674 0.2869 0.00000 6.406 1500.0 12.0 0.0000 1.2321 181.53 0.2029
-50.6250 -54.4162 0.3307 0.3684 0.3009 0.00000 6.280 1500.0 12.0 0.0000 0.6327 83.02 0.2691
-47.8125 -54.4162 0.2728 0.4168 0.3104 0.00000 6.500 1500.0 12.0 0.0000 0.4209 56.98 0.2537
-45.0000 -54.4162 0.3008 0.3989 0.3003 0.00000 6.786 1500.0 12.0 0.0000 0.4252 56.54 0.2378
-42.1875 -54.4162 0.3115 0.3819 0.3065 0.00000 7.273 1500.0 12.0 0.0000 0.3579 47.51 0.2389
-39.3750 -54.4162 0.3748 0.3277 0.2975 0.00000 6.998 1500.0 12.0 0.0000 0.4152 53.28 0.2452
-36.5625 -54.4162 0.4304 0.2732 0.2964 0.00000 6.746 1500.0 12.0 0.0000 0.5781 72.21 0.2462
5.6250 -57.2066 0.3116 0.3129 0.3754 0.00000 6.482 1500.0 12.0 0.0000 4.1672 573.33 0.2644
8.4375 -57.2066 0.3638 0.2825 0.3536 0.00000 6.203 1500.0 12.0 0.0000 3.8471 511.38 0.2627
11.2500 -57.2066 0.3865 0.2835 0.3300 0.00000 6.765 1500.0 12.0 0.0000 2.7034 351.21 0.2699
14.0625 -57.2066 0.3856 0.2898 0.3246 0.00000 6.849 1500.0 12.0 0.0000 2.8808 373.30 0.2729
115.3125 -57.2066 0.3445 0.3698 0.2856 0.00000 6.764 1500.0 12.0 0.0000 1.2295 159.01 0.2244
151.8750 -57.2066 0.3733 0.2945 0.3322 0.00000 6.708 1500.0 12.0 0.0000 0.3029 39.64 0.2497
154.6875 -57.2066 0.3340 0.3117 0.3543 0.00000 6.724 1500.0 12.0 0.0000 0.1416 19.08 0.2561
157.5000 -57.2066 0.5613 0.2033 0.2354 0.00000 5.892 1500.0 12.0 0.0000 0.3603 40.65 0.2541
160.3125 -57.2066 0.4631 0.2684 0.2686 0.00000 6.994 1500.0 12.0 0.0000 0.1540 18.64 0.2368
163.1250 -57.2066 0.4548 0.2669 0.2782 0.00000 6.919 1500.0 12.0 0.0000 0.1811 22.13 0.2265
165.9375 -57.2066 0.3294 0.3321 0.3385 0.00000 7.861 1500.0 12.0 0.0000 0.1382 18.51 0.2273
168.7500 -57.2066 0.5760 0.1899 0.2341 0.00000 5.971 1500.0 12.0 0.0000 0.3999 44.72 0.2321
171.5625 -57.2066 0.5455 0.2142 0.2403 0.00000 6.449 1500.0 12.0 0.0000 0.7481 85.35 0.2408
174.3750 -57.2066 0.5163 0.2237 0.2600 0.00000 6.284 1500.0 12.0 0.0000 1.1042 129.44 0.2531
177.1875 -57.2066 0.4395 0.2653 0.2952 0.00000 6.579 1500.0 12.0 0.0000 1.7139 213.03 0.2675
180.0000 -57.2066 0.3418 0.3144 0.3438 0.00000 6.918 1500.0 12.0 0.0000 2.3153 309.23 0.2740
-177.1875 -57.2066 0.3710 0.2995 0.3296 0.00000 6.621 1500.0 12.0 0.0000 1.2473 163.16 0.2864
-165.9375 -57.2066 0.4331 0.2773 0.2895 0.00000 7.201 1500.0 12.0 0.0000 2.7862 346.28 0.2478
-163.1250 -57.2066 0.4546 0.2485 0.2969 0.00000 7.512 1500.0 12.0 0.0000 3.1928 394.34 0.1587
-154.6875 -57.2066 0.4690 0.2314 0.2996 0.00000 7.651 1500.0 12.0 0.0000 3.0872 379.21 0.1048
-151.8750 -57.2066 0.4355 0.2726 0.2919 0.00000 7.401 1500.0 12.0 0.0000 2.1853 271.63 0.2218
-140.6250 -57.2066 0.4355 0.2838 0.2806 0.00000 7.002 1500.0 12.0 0.0000 0.9388 115.96 0.2886
-123.7500 -57.2066 0.4552 0.2688 0.2760 0.00000 6.710 1500.0 12.0 0.0000 2.6346 321.43 0.2698
-120.9375 -57.2066 0.4271 0.2657 0.3072 0.00000 5.959 1500.0 12.0 0.0000 1.9031 239.55 0.2873
-118.1250 -57.2066 0.3702 0.2879 0.3419 0.00000 6.267 1500.0 12.0 0.0000 0.6181 81.42 0.2772
-115.3125 -57.2066 0.3630 0.2897 0.3473 0.00000 6.670 1500.0 12.0 0.0000 0.6671 88.41 0.2320
-106.8750 -57.2066 0.4309 0.2462 0.3229 0.00000 6.318 1500.0 12.0 0.0000 1.3510 171.24 0.2014
-104.0625 -57.2066 0.4084 0.2577 0.3339 0.00000 6.417 1500.0 12.0 0.0000 0.9454 121.82 0.1975
-101.2500 -57.2066 0.3461 0.3023 0.3516 0.00000 6.847 1500.0 12.0 0.0000 0.4169 55.80 0.2371
-98.4375 -57.2066 0.3448 0.3243 0.3308 0.00000 6.991 1500.0 12.0 0.0000 0.2383 31.57 0.2846
-95.6250 -57.2066 0.5449 0.2113 0.2439 0.00000 5.438 1500.0 12.0 0.0000 0.5952 68.08 0.3105
-92.8125 -57.2066 0.4934 0.2518 0.2548 0.00000 6.198 1500.0 12.0 0.0000 0.3855 45.57 0.3130
-90.0000 -57.2066 0.4929 0.2422 0.2649 0.00000 5.960 1500.0 12.0 0.0000 0.4030 47.95 0.2899
-87.1875 -57.2066 0.3058 0.3128 0.3813 0.00000 5.988 1500.0 12.0 0.0000 0.3010 41.64 0.2575
-84.3750 -57.2066 0.3854 0.2784 0.3362 0.00000 6.216 1500.0 12.0 0.0000 0.2937 38.30 0.2391
-81.5625 -57.2066 0.4186 0.2680 0.3134 0.00000 6.293 1500.0 12.0 0.0000 0.2228 28.25 0.2545
-64.6875 -57.2066 0.0577 0.6463 0.2960 0.00000 6.601 1500.0 12.0 0.0000 0.8837 130.13 0.1594
-61.8750 -57.2066 0.0670 0.6321 0.3009 0.00000 6.940 1500.0 12.0 0.0000 0.7846 115.38 0.1227
-53.4375 -57.2066 0.4079 0.2531 0.3390 0.00000 6.297 1500.0 12.0 0.0000 0.7500 96.94 0.1806
-50.6250 -57.2066 0.3639 0.2863 0.3498 0.00000 6.351 1500.0 12.0 0.0000 0.8020 106.39 0.2184
-47.8125 -57.2066 0.3686 0.3114 0.3200 0.00000 7.270 1500.0 12.0 0.0000 0.3821 49.79 0.2443
-45.0000 -57.2066 0.2897 0.3533 0.3570 0.00000 7.747 1500.0 12.0 0.0000 0.2269 31.22 0.2635
-42.1875 -57.2066 0.3317 0.3300 0.3383 0.00000 6.938 1500.0 12.0 0.0000 0.2291 30.65 0.2823
-39.3750 -57.2066 0.4293 0.2654 0.3053 0.00000 5.811 1500.0 12.0 0.0000 0.2876 36.13 0.3024
-36.5625 -57.2066 0.5081 0.2374 0.2544 0.00000 6.035 1500.0 12.0 0.0000 0.3915 45.93 0.3031
0.0000 -59.9970 0.4327 0.2707 0.2966 0.00000 7.753 1500.0 12.0 0.0000 2.4521 306.02 0.2012
2.8125 -59.9970 0.5244 0.2039 0.2717 0.00000 6.913 1500.0 12.0 0.0000 4.6866 550.93 0.1397
8.4375 -59.9970 0.4431 0.2361 0.3208 0.00000 6.908 1500.0 12.0 0.0000 1.9446 244.76 0.1280
70.3125 -59.9970 0.3409 0.2840 0.3751 0.00000 6.460 1500.0 12.0 0.0000 1.9128 259.77 0.1603
73.1250 -59.9970 0.3819 0.2674 0.3507 0.00000 6.836 1500.0 12.0 0.0000 1.4011 184.43 0.1401
75.9375 -59.9970 0.3425 0.2980 0.3595 0.00000 8.023 1500.0 12.0 0.0000 1.7085 229.99 0.1105
78.7500 -59.9970 0.4278 0.2452 0.3271 0.00000 7.253 1500.0 12.0 0.0000 2.2382 284.76 0.0946
81.5625 -59.9970 0.3749 0.2604 0.3647 0.00000 6.847 1500.0 12.0 0.0000 2.1815 290.22 0.0797
90.0000 -59.9970 0.3189 0.2815 0.3997 0.00000 6.411 1500.0 12.0 0.0000 1.8248 253.37 0.1030
92.8125 -59.9970 0.4065 0.2471 0.3465 0.00000 6.380 1500.0 12.0 0.0000 0.6214 80.70 0.1251
95.6250 -59.9970 0.4823 0.2211 0.2965 0.00000 6.554 1500.0 12.0 0.0000 0.5260 64.08 0.1397
98.4375 -59.9970 0.4409 0.2536 0.3055 0.00000 6.860 1500.0 12.0 0.0000 0.2857 35.70 0.1605
101.2500 -59.9970 0.3145 0.3117 0.3738 0.00000 6.912 1500.0 12.0 0.0000 0.2485 34.12 0.1725
104.0625 -59.9970 0.3027 0.3024 0.3949 0.00000 6.276 1500.0 12.0 0.0000 0.3702 51.63 0.1769
106.8750 -59.9970 0.4619 0.2336 0.3045 0.00000 6.165 1500.0 12.0 0.0000 0.4535 56.05 0.1795
109.6875 -59.9970 0.4113 0.2738 0.3148 0.00000 7.475 1500.0 12.0 0.0000 0.2170 27.63 0.1819
112.5000 -59.9970 0.3753 0.2867 0.3380 0.00000 7.169 1500.0 12.0 0.0000 0.2529 33.17 0.1877
151.8750 -59.9970 0.3540 0.2893 0.3567 0.00000 6.145 1500.0 12.0 0.0000 0.2602 34.80 0.2166
154.6875 -59.9970 0.3390 0.2946 0.3664 0.00000 6.321 1500.0 12.0 0.0000 0.1446 19.57 0.2052
157.5000 -59.9970 0.3885 0.2695 0.3420 0.00000 6.100 1500.0 12.0 0.0000 0.2446 31.95 0.1944
160.3125 -59.9970 0.4979 0.2238 0.2783 0.00000 6.363 1500.0 12.0 0.0000 0.1934 23.13 0.1859
163.1250 -59.9970 0.5048 0.2228 0.2724 0.00000 6.714 1500.0 12.0 0.0000 0.1412 16.77 0.1831
165.9375 -59.9970 0.4715 0.2333 0.2952 0.00000 6.469 1500.0 12.0 0.0000 0.1222 14.95 0.1868
168.7500 -59.9970 0.4430 0.2527 0.3044 0.00000 6.611 1500.0 12.0 0.0000 0.2025 25.26 0.1911
171.5625 -59.9970 0.3922 0.2906 0.3172 0.00000 7.668 1500.0 12.0 0.0000 0.3741 48.13 0.1949
174.3750 -59.9970 0.5248 0.2172 0.2580 0.00000 6.711 1500.0 12.0 0.0000 1.2357 144.05 0.2000
177.1875 -59.9970 0.5493 0.2057 0.2451 0.00000 6.623 1500.0 12.0 0.0000 2.1404 244.43 0.2078
180.0000 -59.9970 0.4651 0.2582 0.2767 0.00000 7.008 1500.0 12.0 0.0000 1.7874 217.11 0.2088
-177.1875 -59.9970 0.3561 0.2898 0.3541 0.00000 6.640 1500.0 12.0 0.0000 1.2816 170.99 0.2101
-174.3750 -59.9970 0.3102 0.2981 0.3917 0.00000 6.057 1500.0 12.0 0.0000 2.3699 328.95 0.2086
-171.5625 -59.9970 0.3062 0.3113 0.3825 0.00000 6.688 1500.0 12.0 0.0000 1.6552 229.08 0.2012
-168.7500 -59.9970 0.3159 0.3265 0.3576 0.00000 7.505 1500.0 12.0 0.0000 1.1786 160.39 0.1975
-165.9375 -59.9970 0.3099 0.3337 0.3564 0.00000 8.292 1500.0 12.0 0.0000 1.0103 137.75 0.1832
-163.1250 -59.9970 0.3471 0.3123 0.3405 0.00000 8.308 1500.0 12.0 0.0000 1.2225 162.60 0.1694
-160.3125 -59.9970 0.3949 0.2890 0.3161 0.00000 7.856 1500.0 12.0 0.0000 1.2208 156.79 0.1752
-151.8750 -59.9970 0.4302 0.2896 0.2801 0.00000 6.829 1500.0 12.0 0.0000 0.6842 84.70 0.3034
-149.0625 -59.9970 0.4070 0.3084 0.2846 0.00000 6.909 1500.0 12.0 0.0000 0.4620 57.98 0.3206
-146.2500 -59.9970 0.4288 0.2926 0.2786 0.00000 6.721 1500.0 12.0 0.0000 0.5136 63.58 0.3147
-140.6250 -59.9970 0.4418 0.2638 0.2943 0.00000 6.413 1500.0 12.0 0.0000 0.5996 74.41 0.2582
-137.8125 -59.9970 0.4139 0.2760 0.3101 0.00000 6.730 1500.0 12.0 0.0000 0.3196 40.55 0.2370
-135.0000 -59.9970 0.3509 0.3118 0.3373 0.00000 7.130 1500.0 12.0 0.0000 0.5008 66.39 0.2352
-132.1875 -59.9970 0.3611 0.3018 0.3371 0.00000 7.097 1500.0 12.0 0.0000 0.3610 47.63 0.2273
-129.3750 -59.9970 0.4166 0.2554 0.3280 0.00000 6.283 1500.0 12.0 0.0000 0.6886 88.12 0.2079
-123.7500 -59.9970 0.4286 0.2524 0.3190 0.00000 6.625 1500.0 12.0 0.0000 1.5816 200.25 0.1804
-120.9375 -59.9970 0.3251 0.2910 0.3839 0.00000 6.486 1500.0 12.0 0.0000 1.6891 232.03 0.1680
-118.1250 -59.9970 0.2871 0.3204 0.3925 0.00000 7.146 1500.0 12.0 0.0000 1.0745 150.70 0.1565
-115.3125 -59.9970 0.4711 0.2201 0.3088 0.00000 6.514 1500.0 12.0 0.0000 1.2050 148.63 0.1306
-112.5000 -59.9970 0.6533 0.1314 0.2153 0.00000 6.309 1500.0 12.0 0.0000 1.9008 201.25 0.1081
-109.6875 -59.9970 0.6640 0.1233 0.2127 0.00000 6.366 1500.0 12.0 0.0000 2.2429 235.61 0.0875
-106.8750 -59.9970 0.6548 0.1261 0.2191 0.00000 6.410 1500.0 12.0 0.0000 1.8187 192.88 0.0783
-104.0625 -59.9970 0.5725 0.1794 0.2481 0.00000 6.899 1500.0 12.0 0.0000 2.2536 254.70 0.1089
-101.2500 -59.9970 0.4901 0.2342 0.2757 0.00000 7.367 1500.0 12.0 0.0000 0.9318 111.71 0.1526
-98.4375 -59.9970 0.4480 0.2623 0.2897 0.00000 7.419 1500.0 12.0 0.0000 0.4714 58.16 0.1969
-95.6250 -59.9970 0.4926 0.2407 0.2666 0.00000 6.811 1500.0 12.0 0.0000 0.4314 51.38 0.2279
-92.8125 -59.9970 0.5432 0.2082 0.2486 0.00000 5.975 1500.0 12.0 0.0000 0.3585 41.16 0.2453
-90.0000 -59.9970 0.4732 0.2530 0.2738 0.00000 6.810 1500.0 12.0 0.0000 0.2568 31.02 0.2380
-87.1875 -59.9970 0.3849 0.2818 0.3333 0.00000 6.493 1500.0 12.0 0.0000 0.4070 53.01 0.2106
-84.3750 -59.9970 0.3033 0.3059 0.3908 0.00000 6.445 1500.0 12.0 0.0000 0.3999 55.65 0.1873
-81.5625 -59.9970 0.3750 0.2710 0.3540 0.00000 6.259 1500.0 12.0 0.0000 0.7661 101.34 0.1837
-78.7500 -59.9970 0.6228 0.1588 0.2185 0.00000 6.125 1500.0 12.0 0.0000 1.1856 127.95 0.1638
-56.2500 -59.9970 0.4261 0.2383 0.3356 0.00000 6.872 1500.0 12.0 0.0000 1.0296 131.72 0.0761
-53.4375 -59.9970 0.3349 0.2769 0.3882 0.00000 6.800 1500.0 12.0 0.0000 1.3192 180.83 0.0888
-50.6250 -59.9970 0.3142 0.2928 0.3930 0.00000 6.656 1500.0 12.0 0.0000 0.8357 115.88 0.1331
-47.8125 -59.9970 0.3372 0.2967 0.3660 0.00000 6.699 1500.0 12.0 0.0000 0.3623 49.06 0.1859
-45.0000 -59.9970 0.3372 0.3007 0.3621 0.00000 6.410 1500.0 12.0 0.0000 0.2477 33.46 0.2183
-42.1875 -59.9970 0.3091 0.3128 0.3780 0.00000 6.102 1500.0 12.0 0.0000 0.2448 33.75 0.2449
-39.3750 -59.9970 0.2802 0.3281 0.3917 0.00000 5.955 1500.0 12.0 0.0000 0.2944 41.39 0.2715
-36.5625 -59.9970 0.4011 0.2768 0.3221 0.00000 5.721 1500.0 12.0 0.0000 0.4420 56.79 0.2987
-33.7500 -59.9970 0.4899 0.2458 0.2643 0.00000 6.027 1500.0 12.0 0.0000 0.2461 29.31 0.3186
-2.8125 -59.9970 0.5900 0.1927 0.2173 0.00000 6.221 1500.0 12.0 0.0000 3.5265 387.26 0.2682
64.6875 -62.7874 0.4644 0.2431 0.2924 0.00000 6.682 1500.0 12.0 0.0000 0.7416 90.92 0.1930
67.5000 -62.7874 0.3417 0.3127 0.3455 0.00000 7.830 1500.0 12.0 0.0000 0.7702 102.96 0.1793
70.3125 -62.7874 0.2640 0.3397 0.3962 0.00000 7.832 1500.0 12.0 0.0000 0.7828 111.07 0.1501
73.1250 -62.7874 0.2869 0.3061 0.4070 0.00000 6.879 1500.0 12.0 0.0000 1.8595 262.69 0.1121
75.9375 -62.7874 0.4453 0.2333 0.3214 0.00000 7.506 1500.0 12.0 0.0000 1.1744 147.71 0.0628
78.7500 -62.7874 0.4324 0.2495 0.3181 0.00000 8.143 1500.0 12.0 0.0000 0.9395 118.67 0.0628
81.5625 -62.7874 0.3745 0.2785 0.3471 0.00000 8.355 1500.0 12.0 0.0000 0.7972 105.09 0.0628
84.3750 -62.7874 0.4950 0.2104 0.2946 0.00000 7.360 1500.0 12.0 0.0000 1.6442 198.82 0.0628
95.6250 -62.7874 0.6187 0.1615 0.2198 0.00000 6.341 1500.0 12.0 0.0000 0.8133 88.05 0.1392
98.4375 -62.7874 0.6650 0.1346 0.2003 0.00000 5.773 1500.0 12.0 0.0000 1.1433 119.04 0.1635
101.2500 -62.7874 0.4418 0.2347 0.3235 0.00000 5.841 1500.0 12.0 0.0000 1.1064 139.57 0.1768
104.0625 -62.7874 0.3260 0.3019 0.3721 0.00000 6.654 1500.0 12.0 0.0000 0.4602 62.81 0.1839
106.8750 -62.7874 0.4663 0.2359 0.2977 0.00000 6.406 1500.0 12.0 0.0000 0.6225 76.48 0.1864
109.6875 -62.7874 0.4361 0.2585 0.3054 0.00000 6.842 1500.0 12.0 0.0000 0.3935 49.27 0.1882
112.5000 -62.7874 0.3831 0.2816 0.3353 0.00000 6.968 1500.0 12.0 0.0000 0.3474 45.32 0.1857
151.8750 -62.7874 0.5173 0.2075 0.2752 0.00000 5.934 1500.0 12.0 0.0000 0.6220 73.54 0.1781
154.6875 -62.7874 0.4236 0.2521 0.3244 0.00000 6.334 1500.0 12.0 0.0000 0.2672 34.02 0.1711
157.5000 -62.7874 0.3182 0.3032 0.3786 0.00000 6.667 1500.0 12.0 0.0000 0.1894 26.03 0.1707
160.3125 -62.7874 0.2775 0.3337 0.3888 0.00000 7.292 1500.0 12.0 0.0000 0.1199 16.86 0.1724
163.1250 -62.7874 0.5235 0.2084 0.2681 0.00000 6.245 1500.0 12.0 0.0000 0.2507 29.42 0.1742
165.9375 -62.7874 0.5570 0.1947 0.2483 0.00000 6.414 1500.0 12.0 0.0000 0.2374 27.06 0.1728
168.7500 -62.7874 0.4077 0.2737 0.3185 0.00000 7.140 1500.0 12.0 0.0000 0.2072 26.49 0.1735
171.5625 -62.7874 0.3851 0.2831 0.3317 0.00000 7.318 1500.0 12.0 0.0000 0.2135 27.78 0.1725
174.3750 -62.7874 0.5658 0.1813 0.2529 0.00000 6.125 1500.0 12.0 0.0000 0.4205 47.83 0.1646
177.1875 -62.7874 0.4692 0.2351 0.2958 0.00000 7.101 1500.0 12.0 0.0000 0.5935 72.73 0.1448
180.0000 -62.7874 0.4913 0.2252 0.2836 0.00000 7.459 1500.0 12.0 0.0000 0.6608 79.54 0.1049
-177.1875 -62.7874 0.5988 0.1565 0.2447 0.00000 6.676 1500.0 12.0 0.0000 0.6561 72.96 0.0831
-174.3750 -62.7874 0.4388 0.2350 0.3262 0.00000 7.237 1500.0 12.0 0.0000 0.4264 53.94 0.0718
-171.5625 -62.7874 0.3293 0.3042 0.3665 0.00000 8.072 1500.0 12.0 0.0000 0.5531 75.17 0.0756
-168.7500 -62.7874 0.3779 0.2763 0.3458 0.00000 7.994 1500.0 12.0 0.0000 1.0742 141.28 0.0815
-165.9375 -62.7874 0.3753 0.2822 0.3426 0.00000 7.806 1500.0 12.0 0.0000 1.6545 217.51 0.0983
-163.1250 -62.7874 0.4117 0.2613 0.3270 0.00000 6.934 1500.0 12.0 0.0000 2.1951 281.38 0.1548
-160.3125 -62.7874 0.4111 0.2772 0.3116 0.00000 6.904 1500.0 12.0 0.0000 1.2231 155.51 0.2090
-157.5000 -62.7874 0.4027 0.2939 0.3034 0.00000 6.767 1500.0 12.0 0.0000 0.7576 96.27 0.2614
-149.0625 -62.7874 0.5004 0.2512 0.2483 0.00000 6.075 1500.0 12.0 0.0000 0.5370 63.02 0.3140
-146.2500 -62.7874 0.4468 0.2659 0.2872 0.00000 6.011 1500.0 12.0 0.0000 0.4261 52.53 0.2948
-143.4375 -62.7874 0.3886 0.2772 0.3342 0.00000 5.746 1500.0 12.0 0.0000 0.4849 63.08 0.2672
-140.6250 -62.7874 0.3120 0.3314 0.3566 0.00000 7.108 1500.0 12.0 0.0000 0.2074 28.25 0.2393
-137.8125 -62.7874 0.3907 0.2875 0.3218 0.00000 6.904 1500.0 12.0 0.0000 0.3961 51.13 0.2109
-135.0000 -62.7874 0.2658 0.3624 0.3718 0.00000 8.667 1500.0 12.0 0.0000 0.1797 25.17 0.1902
-132.1875 -62.7874 0.3743 0.2940 0.3317 0.00000 8.024 1500.0 12.0 0.0000 0.3282 42.91 0.1558
-129.3750 -62.7874 0.4940 0.2160 0.2900 0.00000 7.068 1500.0 12.0 0.0000 0.7921 95.57 0.1080
-126.5625 -62.7874 0.4672 0.2222 0.3105 0.00000 7.359 1500.0 12.0 0.0000 0.5261 65.08 0.0628
-123.7500 -62.7874 0.3929 0.2687 0.3383 0.00000 8.038 1500.0 12.0 0.0000 0.3563 46.36 0.0628
-120.9375 -62.7874 0.4116 0.2535 0.3349 0.00000 7.620 1500.0 12.0 0.0000 0.3636 46.81 0.0632
-118.1250 -62.7874 0.4363 0.2429 0.3208 0.00000 7.648 1500.0 12.0 0.0000 0.4054 51.19 0.0676
-115.3125 -62.7874 0.6065 0.1521 0.2413 0.00000 6.789 1500.0 12.0 0.0000 0.5964 65.91 0.0685
-112.5000 -62.7874 0.6066 0.1531 0.2403 0.00000 6.749 1500.0 12.0 0.0000 0.7215 79.67 0.0708
-109.6875 -62.7874 0.5276 0.1935 0.2789 0.00000 7.132 1500.0 12.0 0.0000 0.8061 95.01 0.0695
-106.8750 -62.7874 0.5659 0.1702 0.2638 0.00000 6.704 1500.0 12.0 0.0000 0.6698 76.70 0.0645
-104.0625 -62.7874 0.5252 0.1930 0.2817 0.00000 7.117 1500.0 12.0 0.0000 0.7422 87.73 0.0628
-101.2500 -62.7874 0.5419 0.1832 0.2750 0.00000 6.939 1500.0 12.0 0.0000 0.9433 110.11 0.0628
-98.4375 -62.7874 0.3910 0.2687 0.3403 0.00000 8.085 1500.0 12.0 0.0000 0.3163 41.23 0.0628
-95.6250 -62.7874 0.4637 0.2233 0.3130 0.00000 7.232 1500.0 12.0 0.0000 0.1920 23.82 0.0628
-92.8125 -62.7874 0.4855 0.2146 0.2999 0.00000 7.291 1500.0 12.0 0.0000 0.1495 18.22 0.0628
-90.0000 -62.7874 0.5505 0.1847 0.2647 0.00000 7.319 1500.0 12.0 0.0000 0.2057 23.75 0.0628
-87.1875 -62.7874 0.4428 0.2196 0.3376 0.00000 6.731 1500.0 12.0 0.0000 0.3580 45.49 0.0628
-84.3750 -62.7874 0.3035 0.2864 0.4102 0.00000 7.132 1500.0 12.0 0.0000 0.2100 29.50 0.0628
-81.5625 -62.7874 0.3178 0.2902 0.3920 0.00000 7.526 1500.0 12.0 0.0000 0.2421 33.50 0.0628
-78.7500 -62.7874 0.4634 0.2153 0.3213 0.00000 6.742 1500.0 12.0 0.0000 0.8481 105.74 0.0628
-59.0625 -62.7874 0.4317 0.2267 0.3416 0.00000 6.756 1500.0 12.0 0.0000 0.9335 119.50 0.0628
-56.2500 -62.7874 0.3895 0.2527 0.3578 0.00000 7.170 1500.0 12.0 0.0000 0.4986 65.65 0.0628
-53.4375 -62.7874 0.3988 0.2431 0.3581 0.00000 6.974 1500.0 12.0 0.0000 0.3377 44.28 0.0628
-50.6250 -62.7874 0.4353 0.2375 0.3272 0.00000 7.284 1500.0 12.0 0.0000 0.2399 30.41 0.0628
-47.8125 -62.7874 0.5294 0.1910 0.2795 0.00000 7.206 1500.0 12.0 0.0000 0.4006 47.19 0.0628
-45.0000 -62.7874 0.3662 0.2855 0.3483 0.00000 7.658 1500.0 12.0 0.0000 0.3314 43.88 0.1114
-42.1875 -62.7874 0.2762 0.3325 0.3913 0.00000 7.654 1500.0 12.0 0.0000 0.2478 34.89 0.1511
-39.3750 -62.7874 0.2854 0.3101 0.4045 0.00000 6.437 1500.0 12.0 0.0000 0.4078 57.58 0.1679
-36.5625 -62.7874 0.3428 0.2986 0.3586 0.00000 6.494 1500.0 12.0 0.0000 0.3179 42.77 0.2084
-33.7500 -62.7874 0.4043 0.2698 0.3259 0.00000 6.022 1500.0 12.0 0.0000 0.6828 87.78 0.2506
-30.9375 -62.7874 0.4195 0.2747 0.3059 0.00000 6.045 1500.0 12.0 0.0000 0.4458 56.28 0.2919
-28.1250 -62.7874 0.3295 0.3274 0.3430 0.00000 6.406 1500.0 12.0 0.0000 0.2814 37.77 0.3248
-25.3125 -62.7874 0.3357 0.3305 0.3338 0.00000 6.270 1500.0 12.0 0.0000 0.2835 37.76 0.3541
-22.5000 -62.7874 0.3344 0.3395 0.3261 0.00000 6.564 1500.0 12.0 0.0000 0.2119 28.14 0.3667
-19.6875 -62.7874 0.5000 0.2581 0.2419 0.00000 5.968 1500.0 12.0 0.0000 0.3251 38.02 0.3599
-14.0625 -62.7874 0.4839 0.2454 0.2707 0.00000 5.692 1500.0 12.0 0.0000 0.4333 51.96 0.3257
-11.2500 -62.7874 0.5245 0.2221 0.2534 0.00000 5.776 1500.0 12.0 0.0000 0.4384 50.98 0.3093
-8.4375 -62.7874 0.6001 0.1895 0.2104 0.00000 5.849 1500.0 12.0 0.0000 1.0174 110.61 0.2917
-5.6250 -62.7874 0.5926 0.1877 0.2197 0.00000 6.036 1500.0 12.0 0.0000 1.2227 134.28 0.2595
-2.8125 -62.7874 0.5218 0.2205 0.2577 0.00000 6.630 1500.0 12.0 0.0000 1.6103 187.97 0.2177
61.8750 -65.5776 0.4308 0.2634 0.3058 0.00000 6.695 1500.0 12.0 0.0000 0.4926 61.85 0.2217
64.6875 -65.5776 0.4755 0.2292 0.2953 0.00000 6.307 1500.0 12.0 0.0000 0.4802 58.66 0.1910
67.5000 -65.5776 0.4351 0.2556 0.3093 0.00000 6.972 1500.0 12.0 0.0000 0.8009 100.55 0.1573
70.3125 -65.5776 0.2751 0.3253 0.3996 0.00000 7.530 1500.0 12.0 0.0000 0.8492 120.14 0.1209
73.1250 -65.5776 0.2784 0.3197 0.4019 0.00000 7.838 1500.0 12.0 0.0000 0.8998 127.26 0.0733
75.9375 -65.5776 0.3746 0.2677 0.3577 0.00000 7.566 1500.0 12.0 0.0000 0.8725 115.67 0.0628
78.7500 -65.5776 0.3488 0.3004 0.3507 0.00000 8.734 1500.0 12.0 0.0000 0.5065 67.68 0.0628
81.5625 -65.5776 0.3411 0.3008 0.3581 0.00000 8.888 1500.0 12.0 0.0000 0.6223 83.76 0.0628
84.3750 -65.5776 0.5481 0.1851 0.2667 0.00000 7.367 1500.0 12.0 0.0000 1.7782 205.89 0.0628
87.1875 -65.5776 0.5975 0.1550 0.2475 0.00000 6.773 1500.0 12.0 0.0000 1.0116 112.76 0.0628
95.6250 -65.5776 0.5039 0.2090 0.2871 0.00000 7.060 1500.0 12.0 0.0000 0.4178 50.07 0.0836
98.4375 -65.5776 0.5484 0.2013 0.2503 0.00000 6.943 1500.0 12.0 0.0000 0.5994 68.70 0.1159
101.2500 -65.5776 0.5311 0.2024 0.2664 0.00000 6.675 1500.0 12.0 0.0000 0.5638 65.84 0.1363
104.0625 -65.5776 0.3120 0.3024 0.3856 0.00000 6.803 1500.0 12.0 0.0000 0.3784 52.32 0.1492
106.8750 -65.5776 0.3219 0.3037 0.3743 0.00000 6.945 1500.0 12.0 0.0000 0.3586 49.09 0.1586
109.6875 -65.5776 0.3561 0.2779 0.3659 0.00000 6.337 1500.0 12.0 0.0000 0.5965 80.08 0.1553
112.5000 -65.5776 0.4147 0.2609 0.3244 0.00000 6.810 1500.0 12.0 0.0000 0.5481 70.06 0.1384
115.3125 -65.5776 0.2454 0.4441 0.3105 0.00000 6.760 1500.0 12.0 0.0000 0.5275 72.28 0.1135
120.9375 -65.5776 0.0751 0.6147 0.3103 0.00000 7.111 1500.0 12.0 0.0000 0.4693 69.08 0.0778
123.7500 -65.5776 0.0804 0.6059 0.3137 0.00000 7.227 1500.0 12.0 0.0000 0.4195 61.73 0.0641
151.8750 -65.5776 0.4607 0.2414 0.2979 0.00000 6.841 1500.0 12.0 0.0000 0.2935 36.16 0.1511
154.6875 -65.5776 0.4133 0.2713 0.3154 0.00000 7.566 1500.0 12.0 0.0000 0.1306 16.63 0.1451
157.5000 -65.5776 0.3665 0.2844 0.3491 0.00000 7.322 1500.0 12.0 0.0000 0.1154 15.29 0.1509
160.3125 -65.5776 0.3056 0.3085 0.3858 0.00000 6.779 1500.0 12.0 0.0000 0.1429 19.82 0.1535
163.1250 -65.5776 0.4180 0.2623 0.3198 0.00000 7.231 1500.0 12.0 0.0000 0.1126 14.34 0.1462
165.9375 -65.5776 0.6257 0.1535 0.2207 0.00000 6.318 1500.0 12.0 0.0000 0.3085 33.29 0.1361
168.7500 -65.5776 0.5484 0.1958 0.2559 0.00000 6.846 1500.0 12.0 0.0000 0.2473 28.45 0.1240
171.5625 -65.5776 0.5183 0.2029 0.2788 0.00000 7.002 1500.0 12.0 0.0000 0.2524 29.88 0.0924
174.3750 -65.5776 0.4218 0.2495 0.3287 0.00000 7.612 1500.0 12.0 0.0000 0.1665 21.26 0.0668
177.1875 -65.5776 0.3255 0.3067 0.3678 0.00000 8.733 1500.0 12.0 0.0000 0.1842 25.09 0.0628
180.0000 -65.5776 0.4326 0.2418 0.3257 0.00000 7.538 1500.0 12.0 0.0000 0.2184 27.70 0.0628
-177.1875 -65.5776 0.3379 0.2989 0.3632 0.00000 8.598 1500.0 12.0 0.0000 0.1883 25.45 0.0628
-174.3750 -65.5776 0.4706 0.2237 0.3058 0.00000 7.501 1500.0 12.0 0.0000 0.2337 28.78 0.0628
-171.5625 -65.5776 0.5943 0.1611 0.2446 0.00000 7.047 1500.0 12.0 0.0000 0.5191 57.86 0.0628
-168.7500 -65.5776 0.6225 0.1447 0.2328 0.00000 6.942 1500.0 12.0 0.0000 1.1135 121.31 0.0628
-165.9375 -65.5776 0.6120 0.1515 0.2364 0.00000 6.992 1500.0 12.0 0.0000 1.9171 210.56 0.0628
-163.1250 -65.5776 0.4984 0.2103 0.2914 0.00000 7.430 1500.0 12.0 0.0000 0.9069 109.27 0.0714
-160.3125 -65.5776 0.4182 0.2591 0.3227 0.00000 7.131 1500.0 12.0 0.0000 0.5718 72.90 0.1547
-157.5000 -65.5776 0.3783 0.2872 0.3346 0.00000 6.787 1500.0 12.0 0.0000 0.3085 40.33 0.2323
-154.6875 -65.5776 0.4202 0.2606 0.3193 0.00000 5.917 1500.0 12.0 0.0000 0.2548 32.39 0.2713
-151.8750 -65.5776 0.4123 0.2771 0.3106 0.00000 6.053 1500.0 12.0 0.0000 0.3341 42.43 0.2838
-149.0625 -65.5776 0.3347 0.3066 0.3587 0.00000 5.950 1500.0 12.0 0.0000 0.3542 47.82 0.2847
-146.2500 -65.5776 0.3200 0.3128 0.3672 0.00000 5.918 1500.0 12.0 0.0000 0.4905 66.95 0.2711
-143.4375 -65.5776 0.3552 0.3062 0.3385 0.00000 6.663 1500.0 12.0 0.0000 0.3640 48.19 0.2444
-140.6250 -65.5776 0.3808 0.2945 0.3248 0.00000 7.235 1500.0 12.0 0.0000 0.2558 33.23 0.2097
-137.8125 -65.5776 0.5188 0.2092 0.2721 0.00000 6.368 1500.0 12.0 0.0000 0.3871 45.64 0.1752
-135.0000 -65.5776 0.2879 0.3398 0.3723 0.00000 8.734 1500.0 12.0 0.0000 0.2493 34.60 0.1375
-132.1875 -65.5776 0.3228 0.3126 0.3645 0.00000 8.787 1500.0 12.0 0.0000 0.2542 34.60 0.0840
-129.3750 -65.5776 0.4124 0.2604 0.3272 0.00000 8.149 1500.0 12.0 0.0000 0.2377 30.46 0.0628
-126.5625 -65.5776 0.3613 0.2895 0.3492 0.00000 8.750 1500.0 12.0 0.0000 0.2879 38.23 0.0628
-123.7500 -65.5776 0.2510 0.3513 0.3977 0.00000 9.500 1500.0 12.0 0.0000 0.2738 39.09 0.0628
-120.9375 -65.5776 0.3137 0.3138 0.3725 0.00000 8.911 1500.0 12.0 0.0000 0.2289 31.41 0.0628
-118.1250 -65.5776 0.3227 0.3093 0.3680 0.00000 8.875 1500.0 12.0 0.0000 0.2146 29.28 0.0628
-115.3125 -65.5776 0.3353 0.3003 0.3645 0.00000 8.627 1500.0 12.0 0.0000 0.2125 28.77 0.0628
-112.5000 -65.5776 0.3895 0.2677 0.3427 0.00000 8.021 1500.0 12.0 0.0000 0.2655 34.68 0.0628
-109.6875 -65.5776 0.4059 0.2585 0.3356 0.00000 7.820 1500.0 12.0 0.0000 0.4369 56.42 0.0628
-106.8750 -65.5776 0.3763 0.2781 0.3456 0.00000 8.147 1500.0 12.0 0.0000 0.8010 105.43 0.0628
-104.0625 -65.5776 0.4112 0.2590 0.3298 0.00000 7.739 1500.0 12.0 0.0000 0.9825 126.17 0.0628
-101.2500 -65.5776 0.3997 0.2629 0.3374 0.00000 7.892 1500.0 12.0 0.0000 1.6927 219.43 0.0628
-98.4375 -65.5776 0.4718 0.2182 0.3100 0.00000 7.093 1500.0 12.0 0.0000 0.7076 87.32 0.0628
-95.6250 -65.5776 0.3578 0.2869 0.3553 0.00000 8.373 1500.0 12.0 0.0000 0.3946 52.63 0.0628
-92.8125 -65.5776 0.3828 0.2760 0.3412 0.00000 8.183 1500.0 12.0 0.0000 0.2291 29.99 0.0628
-90.0000 -65.5776 0.5383 0.1865 0.2752 0.00000 6.951 1500.0 12.0 0.0000 0.2183 25.54 0.0628
-87.1875 -65.5776 0.5127 0.2058 0.2815 0.00000 7.538 1500.0 12.0 0.0000 0.2267 26.96 0.0628
-84.3750 -65.5776 0.5497 0.1765 0.2738 0.00000 6.936 1500.0 12.0 0.0000 0.3561 41.37 0.0628
-81.5625 -65.5776 0.3819 0.2648 0.3533 0.00000 7.610 1500.0 12.0 0.0000 0.2511 33.11 0.0628
-78.7500 -65.5776 0.2739 0.3317 0.3944 0.00000 8.577 1500.0 12.0 0.0000 0.2780 39.25 0.0628
-75.9375 -65.5776 0.3420 0.2755 0.3825 0.00000 7.278 1500.0 12.0 0.0000 0.6933 94.47 0.0628
-73.1250 -65.5776 0.4107 0.2545 0.3349 0.00000 7.434 1500.0 12.0 0.0000 0.6140 79.08 0.0628
-70.3125 -65.5776 0.3926 0.2564 0.3510 0.00000 7.297 1500.0 12.0 0.0000 0.6649 87.11 0.0628
-67.5000 -65.5776 0.4253 0.2305 0.3441 0.00000 6.758 1500.0 12.0 0.0000 0.7573 97.37 0.0628
-64.6875 -65.5776 0.4486 0.2217 0.3297 0.00000 6.785 1500.0 12.0 0.0000 1.3165 166.09 0.0628
-59.0625 -65.5776 0.4653 0.2142 0.3206 0.00000 6.773 1500.0 12.0 0.0000 0.7123 88.69 0.0628
-56.2500 -65.5776 0.5630 0.1678 0.2692 0.00000 6.661 1500.0 12.0 0.0000 0.7780 89.52 0.0628
-53.4375 -65.5776 0.5534 0.1857 0.2609 0.00000 7.191 1500.0 12.0 0.0000 0.5171 59.50 0.0628
-50.6250 -65.5776 0.3946 0.2944 0.3110 0.00000 8.361 1500.0 12.0 0.0000 0.2303 29.50 0.0628
-47.8125 -65.5776 0.5152 0.2111 0.2737 0.00000 7.580 1500.0 12.0 0.0000 0.2420 28.61 0.0628
-45.0000 -65.5776 0.4672 0.2448 0.2880 0.00000 7.825 1500.0 12.0 0.0000 0.1512 18.47 0.0628
-42.1875 -65.5776 0.4336 0.2475 0.3189 0.00000 7.428 1500.0 12.0 0.0000 0.0988 12.48 0.0628
-39.3750 -65.5776 0.3446 0.2945 0.3609 0.00000 7.643 1500.0 12.0 0.0000 0.1062 14.30 0.0628
-36.5625 -65.5776 0.3557 0.2690 0.3754 0.00000 7.319 1500.0 12.0 0.0000 0.1704 23.00 0.0628
-33.7500 -65.5776 0.2942 0.2977 0.4081 0.00000 7.015 1500.0 12.0 0.0000 0.3085 43.47 0.0929
-30.9375 -65.5776 0.2823 0.3185 0.3993 0.00000 7.223 1500.0 12.0 0.0000 0.2186 30.83 0.1597
-28.1250 -65.5776 0.2832 0.3432 0.3736 0.00000 7.240 1500.0 12.0 0.0000 0.2096 29.17 0.2128
-25.3125 -65.5776 0.2823 0.3337 0.3840 0.00000 6.476 1500.0 12.0 0.0000 0.3643 50.98 0.2464
-22.5000 -65.5776 0.2646 0.3436 0.3918 0.00000 6.507 1500.0 12.0 0.0000 0.2613 36.98 0.2625
-19.6875 -65.5776 0.2934 0.3208 0.3858 0.00000 5.868 1500.0 12.0 0.0000 0.3248 45.28 0.2640
-16.8750 -65.5776 0.3285 0.3026 0.3689 0.00000 6.004 1500.0 12.0 0.0000 0.3028 41.22 0.2535
-14.0625 -65.5776 0.3032 0.3102 0.3866 0.00000 5.963 1500.0 12.0 0.0000 0.4125 57.28 0.2404
-11.2500 -65.5776 0.3549 0.2907 0.3543 0.00000 6.379 1500.0 12.0 0.0000 0.4017 53.63 0.2280
-8.4375 -65.5776 0.5451 0.2049 0.2500 0.00000 6.223 1500.0 12.0 0.0000 0.8183 93.94 0.2185
50.6250 -68.3678 0.3543 0.3201 0.3257 0.00000 7.646 1500.0 12.0 0.0000 0.4351 57.23 0.2473
53.4375 -68.3678 0.2986 0.3289 0.3725 0.00000 7.111 1500.0 12.0 0.0000 0.4545 62.80 0.2354
56.2500 -68.3678 0.2800 0.3256 0.3944 0.00000 6.678 1500.0 12.0 0.0000 0.5401 76.04 0.2310
59.0625 -68.3678 0.2741 0.3306 0.3954 0.00000 6.666 1500.0 12.0 0.0000 0.6853 96.79 0.2151
61.8750 -68.3678 0.2971 0.3129 0.3900 0.00000 6.593 1500.0 12.0 0.0000 0.9629 134.30 0.1879
64.6875 -68.3678 0.3007 0.3209 0.3784 0.00000 7.541 1500.0 12.0 0.0000 0.9082 125.74 0.1564
67.5000 -68.3678 0.2699 0.3268 0.4033 0.00000 7.834 1500.0 12.0 0.0000 0.9585 136.14 0.1052
70.3125 -68.3678 0.2799 0.3145 0.4056 0.00000 7.592 1500.0 12.0 0.0000 0.6248 88.47 0.0628
73.1250 -68.3678 0.3495 0.2658 0.3847 0.00000 6.908 1500.0 12.0 0.0000 1.2555 170.69 0.0628
75.9375 -68.3678 0.4232 0.2512 0.3257 0.00000 7.840 1500.0 12.0 0.0000 0.5313 67.69 0.0628
78.7500 -68.3678 0.4384 0.2408 0.3208 0.00000 7.553 1500.0 12.0 0.0000 0.4864 61.36 0.0628
81.5625 -68.3678 0.4222 0.2491 0.3287 0.00000 7.644 1500.0 12.0 0.0000 0.6306 80.51 0.0628
84.3750 -68.3678 0.3716 0.2786 0.3498 0.00000 8.218 1500.0 12.0 0.0000 1.1893 157.22 0.0628
87.1875 -68.3678 0.3203 0.3095 0.3701 0.00000 8.793 1500.0 12.0 0.0000 0.6852 93.66 0.0628
90.0000 -68.3678 0.2988 0.3276 0.3736 0.00000 8.994 1500.0 12.0 0.0000 0.4201 58.06 0.0628
92.8125 -68.3678 0.3757 0.2768 0.3475 0.00000 8.230 1500.0 12.0 0.0000 0.3761 49.56 0.0628
95.6250 -68.3678 0.5388 0.1884 0.2728 0.00000 7.239 1500.0 12.0 0.0000 0.5704 66.61 0.0628
98.4375 -68.3678 0.4575 0.2190 0.3234 0.00000 6.916 1500.0 12.0 0.0000 0.7066 88.46 0.0628
101.2500 -68.3678 0.3573 0.2589 0.3838 0.00000 6.768 1500.0 12.0 0.0000 0.6381 86.42 0.0628
104.0625 -68.3678 0.3030 0.2882 0.4087 0.00000 7.080 1500.0 12.0 0.0000 0.3731 52.39 0.0628
106.8750 -68.3678 0.3112 0.2834 0.4054 0.00000 7.184 1500.0 12.0 0.0000 0.3177 44.38 0.0628
109.6875 -68.3678 0.3989 0.2527 0.3484 0.00000 7.525 1500.0 12.0 0.0000 0.3438 44.85 0.0628
112.5000 -68.3678 0.5652 0.1706 0.2642 0.00000 6.852 1500.0 12.0 0.0000 0.5517 63.22 0.0628
149.0625 -68.3678 0.4871 0.2036 0.3093 0.00000 6.794 1500.0 12.0 0.0000 0.3895 47.68 0.0628
151.8750 -68.3678 0.3635 0.2750 0.3615 0.00000 7.880 1500.0 12.0 0.0000 0.1603 21.40 0.0628
154.6875 -68.3678 0.3215 0.3004 0.3781 0.00000 8.400 1500.0 12.0 0.0000 0.0958 13.15 0.0628
157.5000 -68.3678 0.3296 0.2991 0.3712 0.00000 8.428 1500.0 12.0 0.0000 0.0782 10.66 0.0628
160.3125 -68.3678 0.4170 0.2465 0.3366 0.00000 7.526 1500.0 12.0 0.0000 0.0766 10.00 0.0628
163.1250 -68.3678 0.5961 0.1582 0.2457 0.00000 7.068 1500.0 12.0 0.0000 0.1630 18.16 0.0628
165.9375 -68.3678 0.6501 0.1289 0.2210 0.00000 6.745 1500.0 12.0 0.0000 0.2851 30.36 0.0628
168.7500 -68.3678 0.5476 0.1873 0.2650 0.00000 7.464 1500.0 12.0 0.0000 0.2058 23.81 0.0628
171.5625 -68.3678 0.4015 0.2656 0.3329 0.00000 8.335 1500.0 12.0 0.0000 0.1519 19.63 0.0628
174.3750 -68.3678 0.3599 0.2856 0.3545 0.00000 8.351 1500.0 12.0 0.0000 0.1257 16.74 0.0628
177.1875 -68.3678 0.4054 0.2582 0.3364 0.00000 7.840 1500.0 12.0 0.0000 0.1550 20.02 0.0628
180.0000 -68.3678 0.4042 0.2589 0.3369 0.00000 7.854 1500.0 12.0 0.0000 0.2172 28.09 0.0628
-177.1875 -68.3678 0.4905 0.2069 0.3025 0.00000 6.887 1500.0 12.0 0.0000 0.2490 30.31 0.0628
-174.3750 -68.3678 0.4879 0.2085 0.3036 0.00000 6.917 1500.0 12.0 0.0000 0.2771 33.80 0.0628
-171.5625 -68.3678 0.4237 0.2478 0.3286 0.00000 7.686 1500.0 12.0 0.0000 0.3351 42.75 0.0628
-168.7500 -68.3678 0.3015 0.3245 0.3740 0.00000 9.165 1500.0 12.0 0.0000 0.5855 80.84 0.0628
-165.9375 -68.3678 0.2698 0.3406 0.3897 0.00000 9.405 1500.0 12.0 0.0000 0.4648 65.58 0.0628
-163.1250 -68.3678 0.2722 0.3396 0.3882 0.00000 9.421 1500.0 12.0 0.0000 0.3506 49.38 0.0628
-160.3125 -68.3678 0.3497 0.2987 0.3516 0.00000 8.866 1500.0 12.0 0.0000 0.3322 44.40 0.0628
-157.5000 -68.3678 0.4132 0.2630 0.3239 0.00000 8.360 1500.0 12.0 0.0000 0.4734 60.54 0.0740
-154.6875 -68.3678 0.5136 0.2125 0.2739 0.00000 7.161 1500.0 12.0 0.0000 0.4618 54.65 0.1297
-151.8750 -68.3678 0.5693 0.1780 0.2528 0.00000 6.028 1500.0 12.0 0.0000 0.6675 75.79 0.1623
-149.0625 -68.3678 0.4689 0.2238 0.3073 0.00000 6.043 1500.0 12.0 0.0000 0.5134 63.34 0.1747
-146.2500 -68.3678 0.4865 0.2284 0.2850 0.00000 6.645 1500.0 12.0 0.0000 0.2407 29.07 0.1687
-143.4375 -68.3678 0.5069 0.2168 0.2763 0.00000 6.923 1500.0 12.0 0.0000 0.1689 20.08 0.1542
-140.6250 -68.3678 0.5361 0.1933 0.2706 0.00000 6.594 1500.0 12.0 0.0000 0.1618 18.90 0.1273
-137.8125 -68.3678 0.4275 0.2479 0.3246 0.00000 7.421 1500.0 12.0 0.0000 0.1488 18.90 0.0942
-135.0000 -68.3678 0.3232 0.3074 0.3694 0.00000 8.753 1500.0 12.0 0.0000 0.0959 13.09 0.0628
-132.1875 -68.3678 0.2983 0.3228 0.3789 0.00000 9.025 1500.0 12.0 0.0000 0.1385 19.21 0.0628
-129.3750 -68.3678 0.2920 0.3266 0.3814 0.00000 9.098 1500.0 12.0 0.0000 0.1485 20.67 0.0628
-126.5625 -68.3678 0.3062 0.3180 0.3758 0.00000 8.945 1500.0 12.0 0.0000 0.2551 35.19 0.0628
-123.7500 -68.3678 0.3928 0.2657 0.3416 0.00000 7.984 1500.0 12.0 0.0000 0.2888 37.64 0.0628
-120.9375 -68.3678 0.3417 0.2994 0.3589 0.00000 8.532 1500.0 12.0 0.0000 0.2676 36.03 0.0628
-118.1250 -68.3678 0.3469 0.2940 0.3591 0.00000 8.492 1500.0 12.0 0.0000 0.2590 34.79 0.0628
-115.3125 -68.3678 0.3502 0.2912 0.3586 0.00000 8.464 1500.0 12.0 0.0000 0.2604 34.91 0.0628
-112.5000 -68.3678 0.3613 0.2864 0.3522 0.00000 8.319 1500.0 12.0 0.0000 0.2982 39.65 0.0628
-109.6875 -68.3678 0.4011 0.2629 0.3360 0.00000 7.864 1500.0 12.0 0.0000 0.4359 56.42 0.0628
-106.8750 -68.3678 0.4893 0.2081 0.3026 0.00000 6.893 1500.0 12.0 0.0000 0.8439 102.80 0.0628
-104.0625 -68.3678 0.4589 0.2261 0.3151 0.00000 7.203 1500.0 12.0 0.0000 1.5127 188.37 0.0628
-101.2500 -68.3678 0.4962 0.2031 0.3007 0.00000 6.800 1500.0 12.0 0.0000 1.3844 167.90 0.0628
-98.4375 -68.3678 0.4665 0.2219 0.3116 0.00000 7.140 1500.0 12.0 0.0000 0.9598 118.84 0.0628
-95.6250 -68.3678 0.4722 0.2187 0.3091 0.00000 7.086 1500.0 12.0 0.0000 0.6334 78.10 0.0628
-92.8125 -68.3678 0.4831 0.2118 0.3051 0.00000 6.966 1500.0 12.0 0.0000 0.3892 47.63 0.0628
-90.0000 -68.3678 0.4719 0.2197 0.3083 0.00000 7.081 1500.0 12.0 0.0000 0.2639 32.54 0.0628
-87.1875 -68.3678 0.4348 0.2440 0.3212 0.00000 7.548 1500.0 12.0 0.0000 0.2186 27.62 0.0628
-84.3750 -68.3678 0.5907 0.1573 0.2519 0.00000 6.701 1500.0 12.0 0.0000 0.2924 32.81 0.0628
-81.5625 -68.3678 0.6366 0.1368 0.2266 0.00000 6.780 1500.0 12.0 0.0000 0.5451 58.68 0.0628
-78.7500 -68.3678 0.5863 0.1651 0.2486 0.00000 7.174 1500.0 12.0 0.0000 0.5611 62.97 0.0628
-75.9375 -68.3678 0.5220 0.2008 0.2772 0.00000 7.468 1500.0 12.0 0.0000 0.6846 80.85 0.0628
-73.1250 -68.3678 0.5392 0.1880 0.2728 0.00000 7.223 1500.0 12.0 0.0000 0.9994 116.68 0.0628
-70.3125 -68.3678 0.5072 0.2096 0.2831 0.00000 7.564 1500.0 12.0 0.0000 1.6566 197.78 0.0628
-67.5000 -68.3678 0.4141 0.2559 0.3301 0.00000 7.995 1500.0 12.0 0.0000 1.4710 188.67 0.0628
-64.6875 -68.3678 0.4088 0.2602 0.3310 0.00000 7.958 1500.0 12.0 0.0000 1.5537 199.87 0.0628
-61.8750 -68.3678 0.5149 0.2028 0.2823 0.00000 7.558 1500.0 12.0 0.0000 1.7531 208.39 0.0628
-59.0625 -68.3678 0.6591 0.1252 0.2157 0.00000 6.661 1500.0 12.0 0.0000 2.7046 285.48 0.0628
-56.2500 -68.3678 0.6559 0.1240 0.2201 0.00000 6.482 1500.0 12.0 0.0000 1.3607 144.31 0.0628
-53.4375 -68.3678 0.5566 0.1740 0.2694 0.00000 6.739 1500.0 12.0 0.0000 0.4303 49.68 0.0628
-50.6250 -68.3678 0.4260 0.2465 0.3275 0.00000 7.631 1500.0 12.0 0.0000 0.2050 26.11 0.0628
-47.8125 -68.3678 0.2756 0.3530 0.3714 0.00000 9.164 1500.0 12.0 0.0000 0.1265 17.65 0.0628
-45.0000 -68.3678 0.3345 0.3136 0.3519 0.00000 8.533 1500.0 12.0 0.0000 0.1011 13.60 0.0628
-42.1875 -68.3678 0.4507 0.2389 0.3104 0.00000 7.266 1500.0 12.0 0.0000 0.0902 11.24 0.0628
-39.3750 -68.3678 0.4504 0.2373 0.3123 0.00000 7.340 1500.0 12.0 0.0000 0.0837 10.45 0.0628
-36.5625 -68.3678 0.4325 0.2467 0.3208 0.00000 7.652 1500.0 12.0 0.0000 0.0915 11.58 0.0628
-33.7500 -68.3678 0.4438 0.2496 0.3066 0.00000 7.655 1500.0 12.0 0.0000 0.1027 12.82 0.0628
-30.9375 -68.3678 0.4950 0.2145 0.2905 0.00000 7.299 1500.0 12.0 0.0000 0.1338 16.14 0.0628
-28.1250 -68.3678 0.5174 0.1994 0.2832 0.00000 7.342 1500.0 12.0 0.0000 0.1898 22.55 0.0628
-25.3125 -68.3678 0.5061 0.2133 0.2805 0.00000 6.901 1500.0 12.0 0.0000 0.2803 33.43 0.1297
-22.5000 -68.3678 0.3432 0.3095 0.3474 0.00000 7.475 1500.0 12.0 0.0000 0.2432 32.52 0.1715
-19.6875 -68.3678 0.2835 0.3452 0.3713 0.00000 7.685 1500.0 12.0 0.0000 0.2772 38.53 0.1927
-16.8750 -68.3678 0.2570 0.3487 0.3943 0.00000 7.471 1500.0 12.0 0.0000 0.3684 52.38 0.1975
-14.0625 -68.3678 0.2692 0.3345 0.3963 0.00000 6.701 1500.0 12.0 0.0000 0.7165 101.45 0.1972
-11.2500 -68.3678 0.3805 0.2830 0.3365 0.00000 6.720 1500.0 12.0 0.0000 0.4379 57.24 0.1968
-8.4375 -68.3678 0.5394 0.2011 0.2595 0.00000 6.186 1500.0 12.0 0.0000 0.3684 42.67 0.1978
42.1875 -71.1578 0.4892 0.2353 0.2754 0.00000 6.666 1500.0 12.0 0.0000 0.5730 68.71 0.2253
45.0000 -71.1578 0.4525 0.2489 0.2985 0.00000 6.359 1500.0 12.0 0.0000 0.7671 94.93 0.2261
47.8125 -71.1578 0.3391 0.2939 0.3670 0.00000 6.339 1500.0 12.0 0.0000 0.9173 124.16 0.2170
50.6250 -71.1578 0.2720 0.3319 0.3961 0.00000 6.873 1500.0 12.0 0.0000 0.7597 107.42 0.2038
53.4375 -71.1578 0.2780 0.3186 0.4034 0.00000 6.512 1500.0 12.0 0.0000 1.3612 192.69 0.1878
56.2500 -71.1578 0.3360 0.3035 0.3605 0.00000 7.135 1500.0 12.0 0.0000 0.7772 104.99 0.1719
59.0625 -71.1578 0.2946 0.3402 0.3652 0.00000 8.081 1500.0 12.0 0.0000 0.4419 60.93 0.1537
61.8750 -71.1578 0.4462 0.2335 0.3203 0.00000 6.979 1500.0 12.0 0.0000 0.7772 97.66 0.0991
64.6875 -71.1578 0.4315 0.2309 0.3376 0.00000 6.934 1500.0 12.0 0.0000 0.5010 64.00 0.0628
67.5000 -71.1578 0.3271 0.2894 0.3835 0.00000 7.672 1500.0 12.0 0.0000 0.3415 46.85 0.0628
70.3125 -71.1578 0.2890 0.3013 0.4096 0.00000 7.488 1500.0 12.0 0.0000 0.4881 68.98 0.0628
73.1250 -71.1578 0.3369 0.2825 0.3806 0.00000 7.590 1500.0 12.0 0.0000 0.5105 69.65 0.0628
75.9375 -71.1578 0.4703 0.2256 0.3042 0.00000 7.356 1500.0 12.0 0.0000 0.4948 60.89 0.0628
78.7500 -71.1578 0.4858 0.2115 0.3027 0.00000 7.052 1500.0 12.0 0.0000 0.8197 100.05 0.0628
81.5625 -71.1578 0.3511 0.2937 0.3552 0.00000 8.496 1500.0 12.0 0.0000 1.0614 142.01 0.0628
84.3750 -71.1578 0.2531 0.3545 0.3924 0.00000 9.500 1500.0 12.0 0.0000 1.5468 220.07 0.0628
87.1875 -71.1578 0.2643 0.3441 0.3916 0.00000 9.487 1500.0 12.0 0.0000 0.8184 115.85 0.0628
90.0000 -71.1578 0.3602 0.3050 0.3348 0.00000 8.719 1500.0 12.0 0.0000 0.6959 91.74 0.0628
92.8125 -71.1578 0.4784 0.2229 0.2988 0.00000 7.706 1500.0 12.0 0.0000 0.7681 93.86 0.0628
95.6250 -71.1578 0.6311 0.1346 0.2343 0.00000 6.522 1500.0 12.0 0.0000 2.0220 219.47 0.0628
98.4375 -71.1578 0.3876 0.2443 0.3681 0.00000 6.661 1500.0 12.0 0.0000 1.5013 198.93 0.0628
101.2500 -71.1578 0.2866 0.3009 0.4124 0.00000 7.290 1500.0 12.0 0.0000 0.6612 93.68 0.0628
104.0625 -71.1578 0.3009 0.2910 0.4081 0.00000 7.237 1500.0 12.0 0.0000 0.5415 76.09 0.0628
106.8750 -71.1578 0.3576 0.2813 0.3611 0.00000 8.056 1500.0 12.0 0.0000 0.3878 51.89 0.0628
109.6875 -71.1578 0.4504 0.2330 0.3166 0.00000 7.335 1500.0 12.0 0.0000 0.5140 64.32 0.0628
112.5000 -71.1578 0.3582 0.2879 0.3539 0.00000 8.042 1500.0 12.0 0.0000 0.5652 75.33 0.0628
115.3125 -71.1578 0.3982 0.2682 0.3336 0.00000 7.155 1500.0 12.0 0.0000 0.8167 105.72 0.0628
118.1250 -71.1578 0.3708 0.3058 0.3234 0.00000 6.800 1500.0 12.0 0.0000 0.7678 100.11 0.0628
146.2500 -71.1578 0.4985 0.1980 0.3035 0.00000 6.721 1500.0 12.0 0.0000 0.6811 82.64 0.0628
149.0625 -71.1578 0.3897 0.2466 0.3637 0.00000 6.828 1500.0 12.0 0.0000 0.8171 107.92 0.0628
151.8750 -71.1578 0.3360 0.2885 0.3755 0.00000 7.714 1500.0 12.0 0.0000 0.2271 30.91 0.0628
154.6875 -71.1578 0.2872 0.3041 0.4087 0.00000 7.656 1500.0 12.0 0.0000 0.1998 28.25 0.0628
157.5000 -71.1578 0.2997 0.2861 0.4141 0.00000 6.865 1500.0 12.0 0.0000 0.3097 43.68 0.0628
160.3125 -71.1578 0.3122 0.2947 0.3931 0.00000 7.614 1500.0 12.0 0.0000 0.1730 24.02 0.0628
163.1250 -71.1578 0.5222 0.1930 0.2847 0.00000 7.167 1500.0 12.0 0.0000 0.2488 29.50 0.0628
165.9375 -71.1578 0.5963 0.1607 0.2431 0.00000 7.112 1500.0 12.0 0.0000 0.2330 25.92 0.0628
168.7500 -71.1578 0.4673 0.2294 0.3033 0.00000 7.889 1500.0 12.0 0.0000 0.1619 19.94 0.0628
171.5625 -71.1578 0.3627 0.2890 0.3484 0.00000 8.754 1500.0 12.0 0.0000 0.1851 24.55 0.0628
174.3750 -71.1578 0.2692 0.3436 0.3872 0.00000 9.341 1500.0 12.0 0.0000 0.2406 33.91 0.0628
177.1875 -71.1578 0.3599 0.2869 0.3532 0.00000 8.340 1500.0 12.0 0.0000 0.3156 42.01 0.0628
180.0000 -71.1578 0.4726 0.2177 0.3097 0.00000 7.090 1500.0 12.0 0.0000 0.2758 34.01 0.0628
-177.1875 -71.1578 0.4468 0.2331 0.3200 0.00000 7.380 1500.0 12.0 0.0000 0.3180 39.94 0.0628
-174.3750 -71.1578 0.4702 0.2195 0.3103 0.00000 7.113 1500.0 12.0 0.0000 0.4091 50.53 0.0628
-171.5625 -71.1578 0.4688 0.2199 0.3113 0.00000 7.133 1500.0 12.0 0.0000 0.4748 58.72 0.0628
-168.7500 -71.1578 0.3957 0.2651 0.3392 0.00000 7.943 1500.0 12.0 0.0000 0.6227 80.96 0.0628
-165.9375 -71.1578 0.4301 0.2452 0.3247 0.00000 7.551 1500.0 12.0 0.0000 0.7283 92.44 0.0628
-163.1250 -71.1578 0.3803 0.2771 0.3427 0.00000 8.094 1500.0 12.0 0.0000 0.5848 76.71 0.0628
-160.3125 -71.1578 0.3772 0.2788 0.3441 0.00000 8.276 1500.0 12.0 0.0000 0.4763 62.61 0.0628
-157.5000 -71.1578 0.4380 0.2406 0.3214 0.00000 7.658 1500.0 12.0 0.0000 0.2467 31.14 0.0628
-154.6875 -71.1578 0.5399 0.1842 0.2759 0.00000 6.965 1500.0 12.0 0.0000 0.2108 24.64 0.0628
-151.8750 -71.1578 0.5382 0.1872 0.2746 0.00000 7.162 1500.0 12.0 0.0000 0.1713 20.02 0.0628
-149.0625 -71.1578 0.4340 0.2486 0.3174 0.00000 8.094 1500.0 12.0 0.0000 0.1089 13.75 0.0628
-146.2500 -71.1578 0.3951 0.2704 0.3346 0.00000 8.188 1500.0 12.0 0.0000 0.0842 10.92 0.0628
-143.4375 -71.1578 0.3484 0.2959 0.3557 0.00000 8.468 1500.0 12.0 0.0000 0.0732 10.00 0.0628
-140.6250 -71.1578 0.4147 0.2547 0.3306 0.00000 7.722 1500.0 12.0 0.0000 0.0806 10.34 0.0628
-137.8125 -71.1578 0.4651 0.2227 0.3122 0.00000 7.170 1500.0 12.0 0.0000 0.0961 11.92 0.0628
-135.0000 -71.1578 0.3822 0.2742 0.3435 0.00000 8.079 1500.0 12.0 0.0000 0.1099 14.41 0.0628
-132.1875 -71.1578 0.4072 0.2587 0.3341 0.00000 7.800 1500.0 12.0 0.0000 0.1492 19.24 0.0628
-129.3750 -71.1578 0.4173 0.2526 0.3301 0.00000 7.686 1500.0 12.0 0.0000 0.1904 24.39 0.0628
-126.5625 -71.1578 0.4097 0.2576 0.3327 0.00000 7.772 1500.0 12.0 0.0000 0.3379 43.49 0.0628
-123.7500 -71.1578 0.4785 0.2140 0.3075 0.00000 7.022 1500.0 12.0 0.0000 0.8618 105.84 0.0628
-120.9375 -71.1578 0.4497 0.2338 0.3164 0.00000 7.313 1500.0 12.0 0.0000 0.6739 84.36 0.0628
-118.1250 -71.1578 0.4465 0.2264 0.3271 0.00000 7.000 1500.0 12.0 0.0000 0.6874 86.69 0.0628
-115.3125 -71.1578 0.4317 0.2332 0.3351 0.00000 6.937 1500.0 12.0 0.0000 0.8496 108.37 0.0628
-112.5000 -71.1578 0.4416 0.2248 0.3336 0.00000 6.791 1500.0 12.0 0.0000 1.1665 147.98 0.0628
-109.6875 -71.1578 0.4281 0.2304 0.3414 0.00000 6.793 1500.0 12.0 0.0000 1.4265 182.89 0.0628
-106.8750 -71.1578 0.4250 0.2317 0.3433 0.00000 6.797 1500.0 12.0 0.0000 1.3557 174.25 0.0628
-104.0625 -71.1578 0.4560 0.2230 0.3210 0.00000 7.006 1500.0 12.0 0.0000 1.5237 190.64 0.0628
-101.2500 -71.1578 0.4107 0.2550 0.3343 0.00000 7.633 1500.0 12.0 0.0000 1.3250 170.60 0.0628
-98.4375 -71.1578 0.4567 0.2244 0.3189 0.00000 7.101 1500.0 12.0 0.0000 0.9563 119.46 0.0628
-95.6250 -71.1578 0.4048 0.2581 0.3371 0.00000 7.702 1500.0 12.0 0.0000 0.6028 77.95 0.0628
-92.8125 -71.1578 0.4401 0.2340 0.3259 0.00000 7.163 1500.0 12.0 0.0000 0.4191 52.98 0.0628
-90.0000 -71.1578 0.4311 0.2366 0.3323 0.00000 7.213 1500.0 12.0 0.0000 0.3224 41.07 0.0628
-87.1875 -71.1578 0.4107 0.2646 0.3248 0.00000 7.593 1500.0 12.0 0.0000 0.2641 33.83 0.0628
-84.3750 -71.1578 0.4864 0.2097 0.3039 0.00000 6.929 1500.0 12.0 0.0000 0.2751 33.59 0.0628
-81.5625 -71.1578 0.4839 0.2112 0.3049 0.00000 6.994 1500.0 12.0 0.0000 0.2973 36.36 0.0628
-78.7500 -71.1578 0.3863 0.2912 0.3225 0.00000 8.171 1500.0 12.0 0.0000 0.2770 35.84 0.0628
-75.9375 -71.1578 0.3994 0.2875 0.3131 0.00000 8.087 1500.0 12.0 0.0000 0.3839 49.12 0.0628
-73.1250 -71.1578 0.5329 0.1940 0.2731 0.00000 7.218 1500.0 12.0 0.0000 0.8620 100.97 0.0628
-70.3125 -71.1578 0.5790 0.1641 0.2569 0.00000 6.801 1500.0 12.0 0.0000 1.7261 195.47 0.0628
-67.5000 -71.1578 0.4285 0.2512 0.3202 0.00000 8.183 1500.0 12.0 0.0000 1.8643 236.22 0.0628
-64.6875 -71.1578 0.3881 0.2742 0.3378 0.00000 8.283 1500.0 12.0 0.0000 1.2453 162.33 0.0628
-61.8750 -71.1578 0.4008 0.2656 0.3335 0.00000 8.291 1500.0 12.0 0.0000 0.8575 110.88 0.0628
-59.0625 -71.1578 0.4972 0.2140 0.2888 0.00000 7.319 1500.0 12.0 0.0000 0.7225 86.98 0.0628
-56.2500 -71.1578 0.4782 0.2166 0.3052 0.00000 7.214 1500.0 12.0 0.0000 0.6859 84.14 0.0628
-53.4375 -71.1578 0.3446 0.2953 0.3601 0.00000 8.517 1500.0 12.0 0.0000 0.5858 78.81 0.0628
-50.6250 -71.1578 0.3065 0.3195 0.3740 0.00000 8.935 1500.0 12.0 0.0000 0.4927 67.89 0.0628
-47.8125 -71.1578 0.2896 0.3281 0.3823 0.00000 9.133 1500.0 12.0 0.0000 0.3653 50.92 0.0628
-45.0000 -71.1578 0.3742 0.2775 0.3483 0.00000 8.180 1500.0 12.0 0.0000 0.2688 35.47 0.0628
-42.1875 -71.1578 0.3790 0.2766 0.3444 0.00000 8.107 1500.0 12.0 0.0000 0.1722 22.62 0.0628
-39.3750 -71.1578 0.3929 0.2673 0.3399 0.00000 7.963 1500.0 12.0 0.0000 0.1502 19.56 0.0628
-36.5625 -71.1578 0.4048 0.2598 0.3355 0.00000 7.836 1500.0 12.0 0.0000 0.1424 18.40 0.0628
-33.7500 -71.1578 0.3527 0.2942 0.3531 0.00000 8.397 1500.0 12.0 0.0000 0.1341 17.91 0.0628
-30.9375 -71.1578 0.3604 0.2886 0.3510 0.00000 8.318 1500.0 12.0 0.0000 0.1388 18.45 0.0628
-28.1250 -71.1578 0.4453 0.2349 0.3198 0.00000 7.417 1500.0 12.0 0.0000 0.1569 19.71 0.0628
-25.3125 -71.1578 0.4750 0.2239 0.3011 0.00000 7.551 1500.0 12.0 0.0000 0.2317 28.40 0.0628
-22.5000 -71.1578 0.3896 0.2546 0.3558 0.00000 7.361 1500.0 12.0 0.0000 0.2919 38.39 0.0628
-19.6875 -71.1578 0.2835 0.3077 0.4088 0.00000 7.201 1500.0 12.0 0.0000 0.5028 71.19 0.0835
-16.8750 -71.1578 0.2971 0.2900 0.4129 0.00000 6.410 1500.0 12.0 0.0000 0.9594 135.35 0.1145
-14.0625 -71.1578 0.3413 0.2837 0.3750 0.00000 6.568 1500.0 12.0 0.0000 0.8987 122.02 0.1448
-11.2500 -71.1578 0.5458 0.1947 0.2595 0.00000 6.113 1500.0 12.0 0.0000 1.3270 153.17 0.1702
-8.4375 -71.1578 0.4509 0.2475 0.3016 0.00000 6.608 1500.0 12.0 0.0000 0.2623 32.53 0.1903
30.9375 -73.9475 0.4864 0.2245 0.2891 0.00000 6.090 1500.0 12.0 0.0000 0.8986 108.78 0.2116
33.7500 -73.9475 0.4350 0.2517 0.3133 0.00000 6.543 1500.0 12.0 0.0000 0.6566 82.62 0.1994
36.5625 -73.9475 0.3765 0.2771 0.3464 0.00000 6.790 1500.0 12.0 0.0000 0.7850 103.35 0.1854
39.3750 -73.9475 0.3440 0.2941 0.3619 0.00000 7.190 1500.0 12.0 0.0000 0.8343 112.37 0.1615
42.1875 -73.9475 0.2969 0.2984 0.4047 0.00000 6.709 1500.0 12.0 0.0000 1.0000 140.51 0.1363
45.0000 -73.9475 0.2666 0.3407 0.3927 0.00000 7.892 1500.0 12.0 0.0000 0.5002 70.77 0.1263
47.8125 -73.9475 0.2961 0.2890 0.4149 0.00000 6.785 1500.0 12.0 0.0000 0.8148 115.12 0.0823
50.6250 -73.9475 0.2984 0.2900 0.4115 0.00000 7.136 1500.0 12.0 0.0000 0.3765 53.05 0.0628
53.4375 -73.9475 0.2848 0.3165 0.3987 0.00000 8.094 1500.0 12.0 0.0000 0.2278 32.09 0.0628
56.2500 -73.9475 0.3831 0.2706 0.3463 0.00000 7.978 1500.0 12.0 0.0000 0.1956 25.67 0.0628
59.0625 -73.9475 0.4138 0.2545 0.3316 0.00000 7.737 1500.0 12.0 0.0000 0.1715 22.01 0.0628
61.8750 -73.9475 0.3909 0.2670 0.3421 0.00000 8.002 1500.0 12.0 0.0000 0.1885 24.60 0.0628
64.6875 -73.9475 0.4006 0.2633 0.3360 0.00000 7.875 1500.0 12.0 0.0000 0.2050 26.54 0.0628
67.5000 -73.9475 0.3832 0.2694 0.3474 0.00000 7.879 1500.0 12.0 0.0000 0.2293 30.11 0.0628
70.3125 -73.9475 0.3377 0.2834 0.3789 0.00000 7.607 1500.0 12.0 0.0000 0.3574 48.71 0.0628
73.1250 -73.9475 0.3227 0.2940 0.3834 0.00000 7.720 1500.0 12.0 0.0000 0.4420 60.76 0.0628
75.9375 -73.9475 0.3570 0.2821 0.3609 0.00000 7.891 1500.0 12.0 0.0000 0.4849 64.90 0.0628
78.7500 -73.9475 0.3181 0.2894 0.3924 0.00000 7.426 1500.0 12.0 0.0000 0.9793 135.52 0.0628
81.5625 -73.9475 0.3709 0.2753 0.3538 0.00000 8.010 1500.0 12.0 0.0000 1.6654 220.68 0.0628
84.3750 -73.9475 0.4551 0.2315 0.3134 0.00000 7.561 1500.0 12.0 0.0000 1.6194 201.83 0.0628
87.1875 -73.9475 0.3068 0.3023 0.3909 0.00000 8.032 1500.0 12.0 0.0000 1.2366 171.82 0.0628
90.0000 -73.9475 0.3565 0.2670 0.3765 0.00000 7.198 1500.0 12.0 0.0000 1.6582 223.80 0.0628
92.8125 -73.9475 0.3991 0.2410 0.3598 0.00000 6.755 1500.0 12.0 0.0000 2.1582 283.25 0.0628
95.6250 -73.9475 0.3176 0.2742 0.4082 0.00000 6.594 1500.0 12.0 0.0000 2.6164 365.04 0.0628
98.4375 -73.9475 0.2959 0.2897 0.4144 0.00000 6.854 1500.0 12.0 0.0000 2.2385 316.20 0.0628
101.2500 -73.9475 0.2919 0.2924 0.4157 0.00000 7.050 1500.0 12.0 0.0000 1.7263 244.42 0.0628
104.0625 -73.9475 0.2795 0.3105 0.4100 0.00000 7.768 1500.0 12.0 0.0000 1.0218 145.03 0.0628
106.8750 -73.9475 0.2926 0.3027 0.4047 0.00000 7.579 1500.0 12.0 0.0000 1.0302 145.02 0.0628
109.6875 -73.9475 0.3147 0.2869 0.3984 0.00000 7.287 1500.0 12.0 0.0000 1.0516 146.17 0.0628
112.5000 -73.9475 0.2947 0.2965 0.4088 0.00000 7.469 1500.0 12.0 0.0000 1.2040 169.69 0.0628
115.3125 -73.9475 0.4427 0.2193 0.3380 0.00000 6.621 1500.0 12.0 0.0000 2.0976 266.60 0.0628
146.2500 -73.9475 0.4875 0.2045 0.3080 0.00000 6.753 1500.0 12.0 0.0000 0.6640 81.21 0.0628
149.0625 -73.9475 0.5192 0.1932 0.2876 0.00000 6.713 1500.0 12.0 0.0000 0.6366 75.74 0.0628
151.8750 -73.9475 0.5053 0.2008 0.2939 0.00000 7.030 1500.0 12.0 0.0000 0.6028 72.49 0.0628
154.6875 -73.9475 0.4818 0.2213 0.2969 0.00000 7.522 1500.0 12.0 0.0000 0.5167 62.98 0.0628
157.5000 -73.9475 0.3656 0.2658 0.3686 0.00000 7.306 1500.0 12.0 0.0000 0.5515 73.83 0.0628
160.3125 -73.9475 0.3655 0.2574 0.3772 0.00000 6.833 1500.0 12.0 0.0000 0.4469 60.10 0.0628
163.1250 -73.9475 0.3921 0.2639 0.3439 0.00000 7.939 1500.0 12.0 0.0000 0.3636 47.47 0.0628
165.9375 -73.9475 0.4621 0.2337 0.3042 0.00000 8.065 1500.0 12.0 0.0000 0.6017 74.34 0.0628
168.7500 -73.9475 0.5693 0.1744 0.2563 0.00000 7.312 1500.0 12.0 0.0000 1.6282 185.27 0.0628
171.5625 -73.9475 0.5472 0.1878 0.2650 0.00000 7.464 1500.0 12.0 0.0000 1.9090 220.90 0.0628
174.3750 -73.9475 0.5315 0.1959 0.2726 0.00000 7.413 1500.0 12.0 0.0000 0.9541 111.82 0.0628
177.1875 -73.9475 0.5217 0.1961 0.2822 0.00000 7.189 1500.0 12.0 0.0000 0.5419 64.19 0.0628
180.0000 -73.9475 0.4121 0.2575 0.3304 0.00000 7.815 1500.0 12.0 0.0000 0.3245 41.67 0.0628
-177.1875 -73.9475 0.4718 0.2181 0.3101 0.00000 7.100 1500.0 12.0 0.0000 0.3226 39.81 0.0628
-174.3750 -73.9475 0.4564 0.2285 0.3151 0.00000 7.265 1500.0 12.0 0.0000 0.3313 41.31 0.0628
-171.5625 -73.9475 0.4664 0.2218 0.3117 0.00000 7.162 1500.0 12.0 0.0000 0.3770 46.68 0.0628
-168.7500 -73.9475 0.4679 0.2204 0.3117 0.00000 7.162 1500.0 12.0 0.0000 0.5269 65.20 0.0628
-165.9375 -73.9475 0.3904 0.2723 0.3373 0.00000 7.994 1500.0 12.0 0.0000 1.0469 136.29 0.0628
-163.1250 -73.9475 0.4804 0.2128 0.3067 0.00000 7.006 1500.0 12.0 0.0000 1.5812 193.93 0.0628
-160.3125 -73.9475 0.4480 0.2337 0.3184 0.00000 7.337 1500.0 12.0 0.0000 0.4691 58.83 0.0628
-157.5000 -73.9475 0.4576 0.2272 0.3152 0.00000 7.252 1500.0 12.0 0.0000 0.2691 33.53 0.0628
-154.6875 -73.9475 0.4305 0.2456 0.3240 0.00000 7.542 1500.0 12.0 0.0000 0.1783 22.62 0.0628
-151.8750 -73.9475 0.4958 0.2036 0.3007 0.00000 6.834 1500.0 12.0 0.0000 0.1423 17.26 0.0628
-149.0625 -73.9475 0.4709 0.2186 0.3106 0.00000 7.113 1500.0 12.0 0.0000 0.1196 14.77 0.0628
-146.2500 -73.9475 0.4252 0.2466 0.3283 0.00000 7.620 1500.0 12.0 0.0000 0.1085 13.83 0.0628
-143.4375 -73.9475 0.4858 0.2095 0.3047 0.00000 6.949 1500.0 12.0 0.0000 0.1109 13.54 0.0628
-140.6250 -73.9475 0.4886 0.2087 0.3027 0.00000 6.912 1500.0 12.0 0.0000 0.1198 14.60 0.0628
-137.8125 -73.9475 0.4778 0.2169 0.3053 0.00000 7.019 1500.0 12.0 0.0000 0.1422 17.45 0.0628
-135.0000 -73.9475 0.4623 0.2237 0.3140 0.00000 7.210 1500.0 12.0 0.0000 0.1945 24.16 0.0628
-132.1875 -73.9475 0.4011 0.2628 0.3361 0.00000 7.870 1500.0 12.0 0.0000 0.2961 38.34 0.0628
-129.3750 -73.9475 0.4623 0.2230 0.3148 0.00000 7.180 1500.0 12.0 0.0000 0.6466 80.37 0.0628
-126.5625 -73.9475 0.4802 0.2129 0.3068 0.00000 7.008 1500.0 12.0 0.0000 1.4301 175.43 0.0628
-123.7500 -73.9475 0.4628 0.2230 0.3141 0.00000 7.162 1500.0 12.0 0.0000 0.9871 122.62 0.0628
-120.9375 -73.9475 0.3541 0.2803 0.3656 0.00000 7.919 1500.0 12.0 0.0000 0.6811 91.50 0.0628
-118.1250 -73.9475 0.3180 0.3018 0.3801 0.00000 8.312 1500.0 12.0 0.0000 0.6784 93.30 0.0628
-115.3125 -73.9475 0.2918 0.3209 0.3873 0.00000 8.787 1500.0 12.0 0.0000 0.8372 116.87 0.0628
-112.5000 -73.9475 0.3013 0.3139 0.3848 0.00000 8.609 1500.0 12.0 0.0000 1.2829 178.13 0.0628
-109.6875 -73.9475 0.3043 0.3117 0.3840 0.00000 8.552 1500.0 12.0 0.0000 2.7124 375.99 0.0628
-106.8750 -73.9475 0.3362 0.2910 0.3727 0.00000 8.114 1500.0 12.0 0.0000 2.4208 329.04 0.0628
-104.0625 -73.9475 0.3869 0.2544 0.3587 0.00000 7.208 1500.0 12.0 0.0000 1.8509 244.13 0.0628
-101.2500 -73.9475 0.3423 0.2878 0.3699 0.00000 8.003 1500.0 12.0 0.0000 1.3906 188.22 0.0628
-98.4375 -73.9475 0.3653 0.2668 0.3679 0.00000 7.412 1500.0 12.0 0.0000 1.1186 149.71 0.0628
-95.6250 -73.9475 0.3034 0.3193 0.3773 0.00000 8.464 1500.0 12.0 0.0000 0.8755 120.99 0.0628
-92.8125 -73.9475 0.3092 0.3127 0.3780 0.00000 8.390 1500.0 12.0 0.0000 0.7486 103.23 0.0628
-90.0000 -73.9475 0.3635 0.2722 0.3643 0.00000 7.387 1500.0 12.0 0.0000 0.6766 90.46 0.0628
-87.1875 -73.9475 0.3693 0.2719 0.3588 0.00000 7.222 1500.0 12.0 0.0000 0.6196 82.38 0.0628
-84.3750 -73.9475 0.4073 0.2454 0.3473 0.00000 7.145 1500.0 12.0 0.0000 0.6424 83.43 0.0628
-81.5625 -73.9475 0.3882 0.2839 0.3279 0.00000 7.910 1500.0 12.0 0.0000 0.6374 82.65 0.0628
-78.7500 -73.9475 0.4392 0.2467 0.3140 0.00000 7.390 1500.0 12.0 0.0000 0.7427 93.31 0.0628
-75.9375 -73.9475 0.4867 0.2093 0.3040 0.00000 6.929 1500.0 12.0 0.0000 0.9262 113.08 0.0628
-73.1250 -73.9475 0.4796 0.2136 0.3068 0.00000 7.008 1500.0 12.0 0.0000 1.1462 140.64 0.0628
-70.3125 -73.9475 0.4435 0.2362 0.3203 0.00000 7.405 1500.0 12.0 0.0000 1.3432 168.99 0.0628
-67.5000 -73.9475 0.4297 0.2460 0.3243 0.00000 7.548 1500.0 12.0 0.0000 1.0666 135.38 0.0628
-64.6875 -73.9475 0.4878 0.2092 0.3030 0.00000 6.911 1500.0 12.0 0.0000 1.0288 125.45 0.0628
-61.8750 -73.9475 0.4697 0.2195 0.3108 0.00000 7.119 1500.0 12.0 0.0000 1.1145 137.72 0.0628
-59.0625 -73.9475 0.4324 0.2420 0.3256 0.00000 7.537 1500.0 12.0 0.0000 0.8867 112.48 0.0628
-56.2500 -73.9475 0.3590 0.2862 0.3548 0.00000 8.360 1500.0 12.0 0.0000 0.7298 97.28 0.0628
-53.4375 -73.9475 0.3403 0.2975 0.3622 0.00000 8.568 1500.0 12.0 0.0000 0.7101 95.82 0.0628
-50.6250 -73.9475 0.3386 0.2985 0.3629 0.00000 8.588 1500.0 12.0 0.0000 0.6558 88.58 0.0628
-47.8125 -73.9475 0.3894 0.2679 0.3427 0.00000 8.018 1500.0 12.0 0.0000 0.4475 58.45 0.0628
-45.0000 -73.9475 0.4036 0.2593 0.3371 0.00000 7.859 1500.0 12.0 0.0000 0.3433 44.42 0.0628
-42.1875 -73.9475 0.4111 0.2548 0.3341 0.00000 7.773 1500.0 12.0 0.0000 0.2940 37.85 0.0628
-39.3750 -73.9475 0.4044 0.2613 0.3343 0.00000 7.828 1500.0 12.0 0.0000 0.2735 35.32 0.0628
-36.5625 -73.9475 0.4395 0.2382 0.3223 0.00000 7.451 1500.0 12.0 0.0000 0.2929 36.96 0.0628
-33.7500 -73.9475 0.2921 0.3302 0.3777 0.00000 9.079 1500.0 12.0 0.0000 0.2393 33.24 0.0628
-30.9375 -73.9475 0.4492 0.2328 0.3180 0.00000 7.362 1500.0 12.0 0.0000 0.2296 28.77 0.0628
-28.1250 -73.9475 0.5798 0.1613 0.2589 0.00000 6.654 1500.0 12.0 0.0000 0.3372 38.22 0.0628
-25.3125 -73.9475 0.4313 0.2244 0.3443 0.00000 6.634 1500.0 12.0 0.0000 0.7667 98.31 0.0628
-22.5000 -73.9475 0.2859 0.3139 0.4002 0.00000 7.840 1500.0 12.0 0.0000 0.2459 34.63 0.0628
-19.6875 -73.9475 0.2929 0.2928 0.4143 0.00000 7.086 1500.0 12.0 0.0000 0.4112 58.16 0.0628
-16.8750 -73.9475 0.3045 0.2768 0.4187 0.00000 6.588 1500.0 12.0 0.0000 0.7970 112.41 0.0628
-14.0625 -73.9475 0.3037 0.2936 0.4027 0.00000 7.285 1500.0 12.0 0.0000 0.6316 88.40 0.0711
-11.2500 -73.9475 0.3521 0.2749 0.3730 0.00000 7.388 1500.0 12.0 0.0000 0.8070 108.93 0.0838
-8.4375 -73.9475 0.4395 0.2442 0.3163 0.00000 7.082 1500.0 12.0 0.0000 0.3985 50.11 0.1258
-5.6250 -73.9475 0.3639 0.3080 0.3282 0.00000 8.011 1500.0 12.0 0.0000 0.2020 26.49 0.1654
0.0000 -76.7369 0.4874 0.2094 0.3032 0.00000 7.148 1500.0 12.0 0.0000 0.2071 25.26 0.0628
2.8125 -76.7369 0.4799 0.2099 0.3102 0.00000 7.063 1500.0 12.0 0.0000 0.1957 24.06 0.0628
5.6250 -76.7369 0.4402 0.2358 0.3240 0.00000 7.204 1500.0 12.0 0.0000 0.2295 28.98 0.0884
8.4375 -76.7369 0.4999 0.2158 0.2843 0.00000 7.128 1500.0 12.0 0.0000 0.1939 23.25 0.1082
11.2500 -76.7369 0.4575 0.2263 0.3161 0.00000 6.526 1500.0 12.0 0.0000 0.4039 50.36 0.1217
14.0625 -76.7369 0.3937 0.2556 0.3506 0.00000 6.604 1500.0 12.0 0.0000 0.3826 50.08 0.1262
16.8750 -76.7369 0.3140 0.3014 0.3846 0.00000 7.224 1500.0 12.0 0.0000 0.2376 32.81 0.1210
19.6875 -76.7369 0.3490 0.2705 0.3804 0.00000 6.670 1500.0 12.0 0.0000 0.4989 67.70 0.1083
22.5000 -76.7369 0.3281 0.2844 0.3875 0.00000 7.141 1500.0 12.0 0.0000 0.3654 50.22 0.0913
25.3125 -76.7369 0.3264 0.2948 0.3788 0.00000 7.831 1500.0 12.0 0.0000 0.2032 27.82 0.0628
28.1250 -76.7369 0.3977 0.2569 0.3453 0.00000 7.615 1500.0 12.0 0.0000 0.2326 30.31 0.0628
30.9375 -76.7369 0.2929 0.2936 0.4135 0.00000 7.375 1500.0 12.0 0.0000 0.2500 35.35 0.0628
33.7500 -76.7369 0.2841 0.3051 0.4108 0.00000 7.701 1500.0 12.0 0.0000 0.2078 29.45 0.0628
36.5625 -76.7369 0.2933 0.3076 0.3991 0.00000 7.870 1500.0 12.0 0.0000 0.2383 33.44 0.0628
39.3750 -76.7369 0.3045 0.3004 0.3950 0.00000 7.817 1500.0 12.0 0.0000 0.2509 34.97 0.0628
42.1875 -76.7369 0.3176 0.3006 0.3818 0.00000 8.053 1500.0 12.0 0.0000 0.2300 31.67 0.0628
45.0000 -76.7369 0.3235 0.3068 0.3697 0.00000 8.459 1500.0 12.0 0.0000 0.1924 26.25 0.0628
47.8125 -76.7369 0.4440 0.2362 0.3198 0.00000 7.630 1500.0 12.0 0.0000 0.2811 35.35 0.0628
50.6250 -76.7369 0.4329 0.2455 0.3216 0.00000 7.599 1500.0 12.0 0.0000 0.1884 23.84 0.0628
53.4375 -76.7369 0.4352 0.2415 0.3233 0.00000 7.498 1500.0 12.0 0.0000 0.1647 20.83 0.0628
56.2500 -76.7369 0.4288 0.2463 0.3249 0.00000 7.562 1500.0 12.0 0.0000 0.1654 21.01 0.0628
59.0625 -76.7369 0.3866 0.2761 0.3373 0.00000 7.998 1500.0 12.0 0.0000 0.1682 21.93 0.0628
61.8750 -76.7369 0.3903 0.2718 0.3379 0.00000 7.972 1500.0 12.0 0.0000 0.1857 24.18 0.0628
64.6875 -76.7369 0.3509 0.3009 0.3482 0.00000 8.371 1500.0 12.0 0.0000 0.2027 27.02 0.0628
67.5000 -76.7369 0.4087 0.2601 0.3312 0.00000 7.772 1500.0 12.0 0.0000 0.2567 33.03 0.0628
70.3125 -76.7369 0.4152 0.2545 0.3304 0.00000 7.713 1500.0 12.0 0.0000 0.3286 42.14 0.0628
73.1250 -76.7369 0.4359 0.2407 0.3234 0.00000 7.491 1500.0 12.0 0.0000 0.4546 57.50 0.0628
75.9375 -76.7369 0.4392 0.2383 0.3225 0.00000 7.458 1500.0 12.0 0.0000 0.6826 86.16 0.0628
78.7500 -76.7369 0.4157 0.2520 0.3322 0.00000 7.511 1500.0 12.0 0.0000 1.2119 155.51 0.0628
81.5625 -76.7369 0.3997 0.2455 0.3548 0.00000 6.912 1500.0 12.0 0.0000 1.7209 225.20 0.0628
84.3750 -76.7369 0.3559 0.2638 0.3804 0.00000 6.901 1500.0 12.0 0.0000 1.8251 246.89 0.0628
87.1875 -76.7369 0.3354 0.2794 0.3853 0.00000 7.269 1500.0 12.0 0.0000 1.5414 210.93 0.0628
90.0000 -76.7369 0.4015 0.2465 0.3520 0.00000 6.950 1500.0 12.0 0.0000 1.3200 172.33 0.0628
92.8125 -76.7369 0.4616 0.2206 0.3177 0.00000 6.980 1500.0 12.0 0.0000 1.0610 132.13 0.0628
95.6250 -76.7369 0.4624 0.2138 0.3238 0.00000 6.669 1500.0 12.0 0.0000 1.5781 197.14 0.0628
98.4375 -76.7369 0.4860 0.1996 0.3144 0.00000 6.541 1500.0 12.0 0.0000 2.1587 265.19 0.0628
101.2500 -76.7369 0.5294 0.1790 0.2916 0.00000 6.483 1500.0 12.0 0.0000 2.4675 292.75 0.0628
104.0625 -76.7369 0.4415 0.2248 0.3337 0.00000 6.921 1500.0 12.0 0.0000 1.4906 189.11 0.0628
106.8750 -76.7369 0.4128 0.2447 0.3425 0.00000 7.371 1500.0 12.0 0.0000 0.8559 110.58 0.0628
109.6875 -76.7369 0.4336 0.2392 0.3272 0.00000 7.416 1500.0 12.0 0.0000 0.5654 71.75 0.0628
112.5000 -76.7369 0.4456 0.2297 0.3247 0.00000 7.209 1500.0 12.0 0.0000 0.5295 66.72 0.0628
115.3125 -76.7369 0.4515 0.2204 0.3280 0.00000 6.818 1500.0 12.0 0.0000 0.4895 61.62 0.0628
118.1250 -76.7369 0.4167 0.2425 0.3408 0.00000 7.168 1500.0 12.0 0.0000 0.4439 57.20 0.0628
120.9375 -76.7369 0.4257 0.2312 0.3430 0.00000 6.791 1500.0 12.0 0.0000 0.4463 57.34 0.0628
123.7500 -76.7369 0.3360 0.2719 0.3920 0.00000 6.923 1500.0 12.0 0.0000 0.6392 87.75 0.0628
126.5625 -76.7369 0.3817 0.2441 0.3743 0.00000 6.607 1500.0 12.0 0.0000 0.9430 125.70 0.0628
151.8750 -76.7369 0.4399 0.2277 0.3324 0.00000 6.935 1500.0 12.0 0.0000 0.2774 35.20 0.0628
154.6875 -76.7369 0.4443 0.2266 0.3291 0.00000 6.986 1500.0 12.0 0.0000 0.2959 37.40 0.0628
157.5000 -76.7369 0.4396 0.2336 0.3268 0.00000 7.292 1500.0 12.0 0.0000 0.3199 40.46 0.0628
160.3125 -76.7369 0.4362 0.2370 0.3268 0.00000 7.449 1500.0 12.0 0.0000 0.3477 44.06 0.0628
163.1250 -76.7369 0.4997 0.2041 0.2962 0.00000 7.168 1500.0 12.0 0.0000 0.4607 55.63 0.0628
165.9375 -76.7369 0.6450 0.1318 0.2232 0.00000 6.731 1500.0 12.0 0.0000 1.0796 115.43 0.0628
168.7500 -76.7369 0.6970 0.1034 0.1995 0.00000 6.400 1500.0 12.0 0.0000 1.7581 179.58 0.0628
171.5625 -76.7369 0.6969 0.1036 0.1995 0.00000 6.400 1500.0 12.0 0.0000 1.9100 195.11 0.0628
174.3750 -76.7369 0.6862 0.1095 0.2044 0.00000 6.477 1500.0 12.0 0.0000 1.8379 189.55 0.0628
177.1875 -76.7369 0.5750 0.1684 0.2565 0.00000 7.048 1500.0 12.0 0.0000 0.8800 99.84 0.0628
180.0000 -76.7369 0.4564 0.2303 0.3132 0.00000 7.333 1500.0 12.0 0.0000 0.5389 67.11 0.0628
-177.1875 -76.7369 0.4196 0.2569 0.3235 0.00000 7.876 1500.0 12.0 0.0000 0.5368 68.43 0.0628
-174.3750 -76.7369 0.4706 0.2241 0.3053 0.00000 7.463 1500.0 12.0 0.0000 0.6054 74.54 0.0628
-171.5625 -76.7369 0.4939 0.2119 0.2942 0.00000 7.310 1500.0 12.0 0.0000 0.7433 89.91 0.0628
-168.7500 -76.7369 0.5194 0.2011 0.2795 0.00000 7.251 1500.0 12.0 0.0000 1.0382 122.93 0.0628
-165.9375 -76.7369 0.4824 0.2118 0.3058 0.00000 6.957 1500.0 12.0 0.0000 0.9421 115.37 0.0628
-163.1250 -76.7369 0.4522 0.2204 0.3274 0.00000 6.796 1500.0 12.0 0.0000 0.9427 118.59 0.0628
-160.3125 -76.7369 0.4066 0.2391 0.3542 0.00000 6.800 1500.0 12.0 0.0000 1.0117 131.93 0.0628
-157.5000 -76.7369 0.4137 0.2409 0.3454 0.00000 7.057 1500.0 12.0 0.0000 0.7727 99.96 0.0628
-154.6875 -76.7369 0.4045 0.2507 0.3448 0.00000 7.397 1500.0 12.0 0.0000 0.5155 66.94 0.0628
-151.8750 -76.7369 0.3435 0.2919 0.3646 0.00000 8.329 1500.0 12.0 0.0000 0.3890 52.48 0.0628
-149.0625 -76.7369 0.2851 0.3292 0.3857 0.00000 9.099 1500.0 12.0 0.0000 0.3265 45.68 0.0628
-146.2500 -76.7369 0.3307 0.3005 0.3688 0.00000 8.465 1500.0 12.0 0.0000 0.3118 42.39 0.0628
-143.4375 -76.7369 0.4067 0.2466 0.3468 0.00000 7.239 1500.0 12.0 0.0000 0.3315 43.06 0.0628
-140.6250 -76.7369 0.3869 0.2700 0.3431 0.00000 7.708 1500.0 12.0 0.0000 0.3674 48.05 0.0628
-137.8125 -76.7369 0.4048 0.2515 0.3437 0.00000 7.228 1500.0 12.0 0.0000 0.4772 61.92 0.0628
-135.0000 -76.7369 0.4163 0.2351 0.3485 0.00000 6.809 1500.0 12.0 0.0000 0.7444 96.33 0.0628
-132.1875 -76.7369 0.3452 0.2897 0.3651 0.00000 7.990 1500.0 12.0 0.0000 1.5174 204.61 0.0628
-129.3750 -76.7369 0.3674 0.2726 0.3600 0.00000 7.678 1500.0 12.0 0.0000 3.4672 461.68 0.0628
-126.5625 -76.7369 0.3002 0.3147 0.3851 0.00000 8.632 1500.0 12.0 0.0000 1.3495 187.50 0.0628
-123.7500 -76.7369 0.2737 0.3365 0.3897 0.00000 9.252 1500.0 12.0 0.0000 1.0232 144.12 0.0628
-120.9375 -76.7369 0.2531 0.3494 0.3974 0.00000 9.500 1500.0 12.0 0.0000 0.9986 142.44 0.0628
-118.1250 -76.7369 0.2512 0.3509 0.3979 0.00000 9.500 1500.0 12.0 0.0000 1.1803 168.53 0.0628
-115.3125 -76.7369 0.2483 0.3530 0.3987 0.00000 9.500 1500.0 12.0 0.0000 1.6719 239.09 0.0628
-112.5000 -76.7369 0.2483 0.3530 0.3987 0.00000 9.500 1500.0 12.0 0.0000 1.7355 248.18 0.0628
-109.6875 -76.7369 0.2483 0.3530 0.3987 0.00000 9.500 1500.0 12.0 0.0000 1.9569 279.85 0.0628
-106.8750 -76.7369 0.2483 0.3530 0.3987 0.00000 9.500 1500.0 12.0 0.0000 2.3592 337.38 0.0628
-104.0625 -76.7369 0.2625 0.3426 0.3950 0.00000 9.335 1500.0 12.0 0.0000 2.1254 301.60 0.0628
-101.2500 -76.7369 0.2876 0.3240 0.3884 0.00000 8.864 1500.0 12.0 0.0000 2.0999 293.84 0.0628
-98.4375 -76.7369 0.2910 0.3215 0.3875 0.00000 8.798 1500.0 12.0 0.0000 1.5961 222.92 0.0628
-95.6250 -76.7369 0.3244 0.2969 0.3787 0.00000 8.174 1500.0 12.0 0.0000 1.1921 163.37 0.0628
-92.8125 -76.7369 0.3418 0.2850 0.3733 0.00000 7.839 1500.0 12.0 0.0000 1.0108 137.09 0.0628
-90.0000 -76.7369 0.3587 0.2716 0.3697 0.00000 7.537 1500.0 12.0 0.0000 0.9565 128.52 0.0628
-87.1875 -76.7369 0.3798 0.2615 0.3588 0.00000 7.444 1500.0 12.0 0.0000 1.0063 133.17 0.0628
-84.3750 -76.7369 0.3867 0.2674 0.3460 0.00000 7.928 1500.0 12.0 0.0000 1.1656 152.71 0.0628
-81.5625 -76.7369 0.3369 0.3021 0.3610 0.00000 8.587 1500.0 12.0 0.0000 1.5267 206.20 0.0628
-78.7500 -76.7369 0.3898 0.2711 0.3390 0.00000 7.986 1500.0 12.0 0.0000 1.9496 254.13 0.0628
-75.9375 -76.7369 0.4982 0.2024 0.2994 0.00000 6.800 1500.0 12.0 0.0000 2.0599 249.39 0.0628
-73.1250 -76.7369 0.4807 0.2129 0.3064 0.00000 6.996 1500.0 12.0 0.0000 1.5245 186.91 0.0628
-70.3125 -76.7369 0.4944 0.2047 0.3010 0.00000 6.843 1500.0 12.0 0.0000 1.0472 127.14 0.0628
-67.5000 -76.7369 0.4982 0.2024 0.2994 0.00000 6.800 1500.0 12.0 0.0000 0.8433 102.10 0.0628
-64.6875 -76.7369 0.4922 0.2060 0.3018 0.00000 6.867 1500.0 12.0 0.0000 0.7570 92.05 0.0628
-61.8750 -76.7369 0.4620 0.2242 0.3138 0.00000 7.205 1500.0 12.0 0.0000 0.7416 92.14 0.0628
-59.0625 -76.7369 0.4012 0.2608 0.3380 0.00000 7.887 1500.0 12.0 0.0000 0.7964 103.21 0.0628
-56.2500 -76.7369 0.3558 0.2871 0.3570 0.00000 8.338 1500.0 12.0 0.0000 0.9870 131.90 0.0628
-53.4375 -76.7369 0.3855 0.2698 0.3447 0.00000 8.039 1500.0 12.0 0.0000 1.3283 174.01 0.0628
-50.6250 -76.7369 0.3503 0.2915 0.3582 0.00000 8.457 1500.0 12.0 0.0000 0.6600 88.48 0.0628
-47.8125 -76.7369 0.4038 0.2592 0.3370 0.00000 7.857 1500.0 12.0 0.0000 0.4508 58.31 0.0628
-45.0000 -76.7369 0.4056 0.2581 0.3363 0.00000 7.836 1500.0 12.0 0.0000 0.3456 44.65 0.0628
-42.1875 -76.7369 0.3448 0.2948 0.3604 0.00000 8.516 1500.0 12.0 0.0000 0.2836 38.15 0.0628
-39.3750 -76.7369 0.4027 0.2633 0.3340 0.00000 7.839 1500.0 12.0 0.0000 0.2705 34.96 0.0628
-36.5625 -76.7369 0.3205 0.3200 0.3596 0.00000 8.703 1500.0 12.0 0.0000 0.2596 35.28 0.0628
-33.7500 -76.7369 0.3445 0.3002 0.3554 0.00000 8.475 1500.0 12.0 0.0000 0.3030 40.66 0.0628
-30.9375 -76.7369 0.3835 0.2723 0.3442 0.00000 8.072 1500.0 12.0 0.0000 0.2766 36.26 0.0628
-28.1250 -76.7369 0.4006 0.2643 0.3351 0.00000 7.905 1500.0 12.0 0.0000 0.2590 33.52 0.0628
-25.3125 -76.7369 0.4654 0.2270 0.3076 0.00000 7.202 1500.0 12.0 0.0000 0.1492 18.44 0.0628
-22.5000 -76.7369 0.5339 0.1925 0.2735 0.00000 7.233 1500.0 12.0 0.0000 0.2185 25.59 0.0628
-19.6875 -76.7369 0.4719 0.2138 0.3144 0.00000 7.066 1500.0 12.0 0.0000 0.2319 28.68 0.0628
-16.8750 -76.7369 0.3188 0.2825 0.3987 0.00000 7.075 1500.0 12.0 0.0000 0.1965 27.27 0.0628
-14.0625 -76.7369 0.3077 0.2810 0.4114 0.00000 6.873 1500.0 12.0 0.0000 0.2195 30.80 0.0628
-11.2500 -76.7369 0.2975 0.2902 0.4123 0.00000 7.111 1500.0 12.0 0.0000 0.1504 21.21 0.0628
-8.4375 -76.7369 0.2967 0.2915 0.4117 0.00000 7.167 1500.0 12.0 0.0000 0.1450 20.45 0.0628
-5.6250 -76.7369 0.3144 0.2855 0.4001 0.00000 7.466 1500.0 12.0 0.0000 0.1294 18.01 0.0628
-2.8125 -76.7369 0.3905 0.2509 0.3585 0.00000 7.217 1500.0 12.0 0.0000 0.1740 22.91 0.0628
0.0000 -79.5256 0.2904 0.2971 0.4125 0.00000 7.213 1500.0 12.0 0.0000 0.1334 18.87 0.0628
2.8125 -79.5256 0.2836 0.3122 0.4042 0.00000 7.936 1500.0 12.0 0.0000 0.0871 12.31 0.0628
5.6250 -79.5256 0.3156 0.2775 0.4069 0.00000 6.868 1500.0 12.0 0.0000 0.1588 22.16 0.0628
8.4375 -79.5256 0.3142 0.2806 0.4052 0.00000 6.859 1500.0 12.0 0.0000 0.1644 22.93 0.0628
11.2500 -79.5256 0.3447 0.2615 0.3938 0.00000 6.699 1500.0 12.0 0.0000 0.1753 24.00 0.0628
14.0625 -79.5256 0.3181 0.2745 0.4074 0.00000 6.834 1500.0 12.0 0.0000 0.1883 26.25 0.0628
16.8750 -79.5256 0.3525 0.2653 0.3822 0.00000 7.042 1500.0 12.0 0.0000 0.1464 19.85 0.0628
19.6875 -79.5256 0.3701 0.2529 0.3770 0.00000 6.773 1500.0 12.0 0.0000 0.1498 20.10 0.0628
22.5000 -79.5256 0.3791 0.2500 0.3709 0.00000 6.804 1500.0 12.0 0.0000 0.1512 20.14 0.0628
25.3125 -79.5256 0.3265 0.2835 0.3900 0.00000 7.119 1500.0 12.0 0.0000 0.1873 25.80 0.0628
28.1250 -79.5256 0.3363 0.2805 0.3833 0.00000 7.394 1500.0 12.0 0.0000 0.1523 20.82 0.0628
30.9375 -79.5256 0.4041 0.2405 0.3553 0.00000 6.824 1500.0 12.0 0.0000 0.1914 25.00 0.0628
33.7500 -79.5256 0.4051 0.2469 0.3480 0.00000 7.143 1500.0 12.0 0.0000 0.2058 26.76 0.0628
36.5625 -79.5256 0.4087 0.2534 0.3379 0.00000 7.429 1500.0 12.0 0.0000 0.1837 23.73 0.0628
39.3750 -79.5256 0.3413 0.3146 0.3442 0.00000 8.555 1500.0 12.0 0.0000 0.1461 19.52 0.0628
42.1875 -79.5256 0.5492 0.1795 0.2713 0.00000 6.842 1500.0 12.0 0.0000 0.2349 27.26 0.0628
45.0000 -79.5256 0.4723 0.2243 0.3034 0.00000 7.267 1500.0 12.0 0.0000 0.1705 20.96 0.0628
47.8125 -79.5256 0.4279 0.2452 0.3269 0.00000 7.583 1500.0 12.0 0.0000 0.1639 20.85 0.0628
50.6250 -79.5256 0.3263 0.3074 0.3663 0.00000 8.713 1500.0 12.0 0.0000 0.1660 22.59 0.0628
53.4375 -79.5256 0.3087 0.3254 0.3659 0.00000 8.853 1500.0 12.0 0.0000 0.1782 24.43 0.0628
56.2500 -79.5256 0.3329 0.3063 0.3608 0.00000 8.617 1500.0 12.0 0.0000 0.2119 28.67 0.0628
59.0625 -79.5256 0.3534 0.2916 0.3551 0.00000 8.407 1500.0 12.0 0.0000 0.2610 34.88 0.0628
61.8750 -79.5256 0.3513 0.2914 0.3573 0.00000 8.441 1500.0 12.0 0.0000 0.3318 44.44 0.0628
64.6875 -79.5256 0.3362 0.3000 0.3638 0.00000 8.615 1500.0 12.0 0.0000 0.4461 60.36 0.0628
67.5000 -79.5256 0.3655 0.2823 0.3522 0.00000 8.286 1500.0 12.0 0.0000 0.6758 89.69 0.0628
70.3125 -79.5256 0.3937 0.2666 0.3397 0.00000 7.960 1500.0 12.0 0.0000 0.9781 127.30 0.0628
73.1250 -79.5256 0.3899 0.2710 0.3391 0.00000 7.986 1500.0 12.0 0.0000 0.8507 110.88 0.0628
75.9375 -79.5256 0.3653 0.2830 0.3517 0.00000 8.283 1500.0 12.0 0.0000 0.8214 109.00 0.0628
78.7500 -79.5256 0.3951 0.2666 0.3384 0.00000 7.938 1500.0 12.0 0.0000 0.8751 113.75 0.0628
81.5625 -79.5256 0.3995 0.2618 0.3387 0.00000 7.906 1500.0 12.0 0.0000 1.0130 131.42 0.0628
84.3750 -79.5256 0.4135 0.2534 0.3331 0.00000 7.748 1500.0 12.0 0.0000 1.2970 166.67 0.0628
87.1875 -79.5256 0.4252 0.2463 0.3285 0.00000 7.617 1500.0 12.0 0.0000 1.3331 169.94 0.0628
90.0000 -79.5256 0.3637 0.2834 0.3529 0.00000 8.306 1500.0 12.0 0.0000 1.3077 173.77 0.0628
92.8125 -79.5256 0.4008 0.2611 0.3382 0.00000 7.891 1500.0 12.0 0.0000 1.4047 182.09 0.0628
95.6250 -79.5256 0.3967 0.2611 0.3422 0.00000 7.896 1500.0 12.0 0.0000 1.3014 169.37 0.0628
98.4375 -79.5256 0.5533 0.1834 0.2633 0.00000 7.032 1500.0 12.0 0.0000 1.2969 149.45 0.0628
101.2500 -79.5256 0.4561 0.2378 0.3060 0.00000 8.012 1500.0 12.0 0.0000 0.8373 103.88 0.0628
104.0625 -79.5256 0.5690 0.1715 0.2595 0.00000 7.037 1500.0 12.0 0.0000 0.9400 107.19 0.0628
106.8750 -79.5256 0.6274 0.1400 0.2325 0.00000 6.711 1500.0 12.0 0.0000 1.1418 124.03 0.0628
109.6875 -79.5256 0.6308 0.1384 0.2308 0.00000 6.724 1500.0 12.0 0.0000 1.0945 118.54 0.0628
112.5000 -79.5256 0.6139 0.1503 0.2358 0.00000 6.909 1500.0 12.0 0.0000 1.0390 113.95 0.0628
115.3125 -79.5256 0.5832 0.1700 0.2468 0.00000 7.170 1500.0 12.0 0.0000 0.8603 96.60 0.0628
118.1250 -79.5256 0.6265 0.1399 0.2336 0.00000 6.726 1500.0 12.0 0.0000 1.0659 115.93 0.0628
120.9375 -79.5256 0.5057 0.2065 0.2878 0.00000 7.494 1500.0 12.0 0.0000 0.7751 92.86 0.0628
123.7500 -79.5256 0.4433 0.2574 0.2994 0.00000 7.786 1500.0 12.0 0.0000 0.5915 73.56 0.0628
126.5625 -79.5256 0.3937 0.2711 0.3353 0.00000 7.914 1500.0 12.0 0.0000 0.4707 61.12 0.0628
129.3750 -79.5256 0.3126 0.3366 0.3507 0.00000 8.162 1500.0 12.0 0.0000 0.3391 46.04 0.0628
132.1875 -79.5256 0.2444 0.4075 0.3481 0.00000 9.064 1500.0 12.0 0.0000 0.2650 37.02 0.0628
135.0000 -79.5256 0.2749 0.3726 0.3525 0.00000 8.838 1500.0 12.0 0.0000 0.2648 36.59 0.0628
137.8125 -79.5256 0.2804 0.3502 0.3694 0.00000 8.958 1500.0 12.0 0.0000 0.2696 37.48 0.0628
140.6250 -79.5256 0.3580 0.2900 0.3520 0.00000 8.127 1500.0 12.0 0.0000 0.2978 39.65 0.0628
143.4375 -79.5256 0.4590 0.2277 0.3133 0.00000 7.524 1500.0 12.0 0.0000 0.3785 47.09 0.0628
146.2500 -79.5256 0.5828 0.1599 0.2573 0.00000 6.710 1500.0 12.0 0.0000 0.5684 64.26 0.0628
149.0625 -79.5256 0.5274 0.1912 0.2814 0.00000 7.140 1500.0 12.0 0.0000 0.4613 54.46 0.0628
151.8750 -79.5256 0.5402 0.1838 0.2761 0.00000 7.026 1500.0 12.0 0.0000 0.4795 56.06 0.0628
154.6875 -79.5256 0.6214 0.1439 0.2348 0.00000 6.816 1500.0 12.0 0.0000 0.7696 84.00 0.0628
157.5000 -79.5256 0.6898 0.1075 0.2026 0.00000 6.449 1500.0 12.0 0.0000 1.3681 140.63 0.0628
160.3125 -79.5256 0.6968 0.1037 0.1995 0.00000 6.400 1500.0 12.0 0.0000 1.5217 155.46 0.0628
163.1250 -79.5256 0.6968 0.1037 0.1995 0.00000 6.400 1500.0 12.0 0.0000 1.5958 163.03 0.0628
165.9375 -79.5256 0.6858 0.1098 0.2044 0.00000 6.478 1500.0 12.0 0.0000 1.5345 158.29 0.0628
168.7500 -79.5256 0.6055 0.1544 0.2401 0.00000 7.051 1500.0 12.0 0.0000 0.9095 100.47 0.0628
171.5625 -79.5256 0.6734 0.1167 0.2099 0.00000 6.567 1500.0 12.0 0.0000 1.4060 146.63 0.0628
174.3750 -79.5256 0.6344 0.1375 0.2281 0.00000 6.779 1500.0 12.0 0.0000 1.0045 108.38 0.0628
177.1875 -79.5256 0.5749 0.1682 0.2570 0.00000 7.004 1500.0 12.0 0.0000 0.6565 74.51 0.0628
180.0000 -79.5256 0.4918 0.2104 0.2979 0.00000 7.244 1500.0 12.0 0.0000 0.4497 54.57 0.0628
-177.1875 -79.5256 0.4939 0.2166 0.2895 0.00000 7.376 1500.0 12.0 0.0000 0.5047 60.87 0.0628
-174.3750 -79.5256 0.5310 0.1880 0.2811 0.00000 6.901 1500.0 12.0 0.0000 0.5348 63.01 0.0628
-171.5625 -79.5256 0.4711 0.2215 0.3074 0.00000 7.361 1500.0 12.0 0.0000 0.4965 61.19 0.0628
-168.7500 -79.5256 0.4403 0.2375 0.3222 0.00000 7.485 1500.0 12.0 0.0000 0.4981 62.83 0.0628
-165.9375 -79.5256 0.4169 0.2496 0.3334 0.00000 7.615 1500.0 12.0 0.0000 0.5356 68.73 0.0628
-163.1250 -79.5256 0.3962 0.2614 0.3424 0.00000 7.807 1500.0 12.0 0.0000 0.5962 77.63 0.0628
-160.3125 -79.5256 0.2975 0.3223 0.3803 0.00000 8.988 1500.0 12.0 0.0000 0.6502 90.23 0.0628
-157.5000 -79.5256 0.2483 0.3530 0.3987 0.00000 9.500 1500.0 12.0 0.0000 0.7449 106.53 0.0628
-154.6875 -79.5256 0.2519 0.3508 0.3972 0.00000 9.500 1500.0 12.0 0.0000 0.8942 127.60 0.0628
-151.8750 -79.5256 0.2760 0.3363 0.3877 0.00000 9.290 1500.0 12.0 0.0000 1.1048 155.31 0.0628
-149.0625 -79.5256 0.2787 0.3347 0.3866 0.00000 9.259 1500.0 12.0 0.0000 1.3714 192.46 0.0628
-146.2500 -79.5256 0.2519 0.3508 0.3972 0.00000 9.500 1500.0 12.0 0.0000 1.5265 217.82 0.0628
-143.4375 -79.5256 0.2483 0.3530 0.3987 0.00000 9.500 1500.0 12.0 0.0000 1.7730 253.55 0.0628
-140.6250 -79.5256 0.2483 0.3530 0.3987 0.00000 9.500 1500.0 12.0 0.0000 2.1456 306.84 0.0628
-137.8125 -79.5256 0.2818 0.3320 0.3862 0.00000 9.180 1500.0 12.0 0.0000 2.7140 380.30 0.0628
-135.0000 -79.5256 0.2989 0.3188 0.3823 0.00000 8.832 1500.0 12.0 0.0000 3.2914 456.92 0.0628
-132.1875 -79.5256 0.2697 0.3372 0.3931 0.00000 9.203 1500.0 12.0 0.0000 3.3207 469.33 0.0628
-129.3750 -79.5256 0.2659 0.3401 0.3941 0.00000 9.273 1500.0 12.0 0.0000 3.2286 457.28 0.0628
-126.5625 -79.5256 0.2483 0.3530 0.3987 0.00000 9.500 1500.0 12.0 0.0000 3.0545 436.81 0.0628
-123.7500 -79.5256 0.2483 0.3530 0.3987 0.00000 9.500 1500.0 12.0 0.0000 2.8915 413.50 0.0628
-120.9375 -79.5256 0.2483 0.3530 0.3987 0.00000 9.500 1500.0 12.0 0.0000 2.2977 328.59 0.0628
-118.1250 -79.5256 0.2483 0.3530 0.3987 0.00000 9.500 1500.0 12.0 0.0000 1.9235 275.08 0.0628
-115.3125 -79.5256 0.2483 0.3530 0.3987 0.00000 9.500 1500.0 12.0 0.0000 1.7411 248.99 0.0628
-112.5000 -79.5256 0.2483 0.3530 0.3987 0.00000 9.500 1500.0 12.0 0.0000 1.7356 248.20 0.0628
-109.6875 -79.5256 0.2483 0.3530 0.3987 0.00000 9.500 1500.0 12.0 0.0000 1.9570 279.87 0.0628
-106.8750 -79.5256 0.2483 0.3530 0.3987 0.00000 9.500 1500.0 12.0 0.0000 2.6611 380.55 0.0628
-104.0625 -79.5256 0.2498 0.3519 0.3983 0.00000 9.500 1500.0 12.0 0.0000 3.0777 439.79 0.0628
-101.2500 -79.5256 0.2704 0.3367 0.3929 0.00000 9.188 1500.0 12.0 0.0000 2.4219 342.16 0.0628
-98.4375 -79.5256 0.2721 0.3354 0.3924 0.00000 9.155 1500.0 12.0 0.0000 1.6304 230.11 0.0628
-95.6250 -79.5256 0.2870 0.3244 0.3885 0.00000 8.877 1500.0 12.0 0.0000 1.2109 169.49 0.0628
-92.8125 -79.5256 0.3032 0.3147 0.3821 0.00000 8.697 1500.0 12.0 0.0000 1.0230 141.74 0.0628
-90.0000 -79.5256 0.3815 0.2716 0.3469 0.00000 8.046 1500.0 12.0 0.0000 0.9909 130.20 0.0628
-87.1875 -79.5256 0.3985 0.2648 0.3367 0.00000 7.879 1500.0 12.0 0.0000 1.0164 131.78 0.0628
-84.3750 -79.5256 0.4839 0.2114 0.3047 0.00000 6.957 1500.0 12.0 0.0000 1.2260 149.93 0.0628
-81.5625 -79.5256 0.4762 0.2167 0.3072 0.00000 7.038 1500.0 12.0 0.0000 1.6354 201.05 0.0628
-78.7500 -79.5256 0.4640 0.2240 0.3120 0.00000 7.174 1500.0 12.0 0.0000 2.5297 313.67 0.0628
-75.9375 -79.5256 0.4911 0.2066 0.3022 0.00000 6.879 1500.0 12.0 0.0000 1.7808 216.71 0.0628
-73.1250 -79.5256 0.4557 0.2322 0.3121 0.00000 7.242 1500.0 12.0 0.0000 1.3449 167.45 0.0628
-70.3125 -79.5256 0.4963 0.2031 0.3005 0.00000 6.800 1500.0 12.0 0.0000 1.0489 127.18 0.0628
-67.5000 -79.5256 0.4855 0.2075 0.3070 0.00000 6.800 1500.0 12.0 0.0000 0.8361 102.30 0.0628
-64.6875 -79.5256 0.4609 0.2197 0.3195 0.00000 6.929 1500.0 12.0 0.0000 0.7411 92.42 0.0628
-61.8750 -79.5256 0.4127 0.2479 0.3394 0.00000 7.427 1500.0 12.0 0.0000 0.7194 92.80 0.0628
-59.0625 -79.5256 0.3930 0.2570 0.3500 0.00000 7.491 1500.0 12.0 0.0000 0.7883 103.20 0.0628
-56.2500 -79.5256 0.4313 0.2350 0.3337 0.00000 7.124 1500.0 12.0 0.0000 1.0138 129.24 0.0628
-53.4375 -79.5256 0.4845 0.2102 0.3053 0.00000 6.931 1500.0 12.0 0.0000 1.0755 131.53 0.0628
-50.6250 -79.5256 0.4635 0.2233 0.3133 0.00000 7.189 1500.0 12.0 0.0000 1.0452 129.73 0.0628
-47.8125 -79.5256 0.4442 0.2348 0.3209 0.00000 7.404 1500.0 12.0 0.0000 0.9335 117.45 0.0628
-45.0000 -79.5256 0.4250 0.2464 0.3285 0.00000 7.617 1500.0 12.0 0.0000 0.7523 95.91 0.0628
-42.1875 -79.5256 0.3862 0.2698 0.3440 0.00000 8.049 1500.0 12.0 0.0000 0.5589 73.16 0.0628
-39.3750 -79.5256 0.3413 0.2992 0.3596 0.00000 8.532 1500.0 12.0 0.0000 0.3981 53.62 0.0628
-36.5625 -79.5256 0.4548 0.2285 0.3167 0.00000 7.276 1500.0 12.0 0.0000 0.3161 39.48 0.0628
-33.7500 -79.5256 0.4014 0.2611 0.3375 0.00000 7.871 1500.0 12.0 0.0000 0.2317 30.01 0.0628
-30.9375 -79.5256 0.3480 0.2988 0.3532 0.00000 8.425 1500.0 12.0 0.0000 0.1709 22.87 0.0628
-28.1250 -79.5256 0.3436 0.3092 0.3472 0.00000 8.412 1500.0 12.0 0.0000 0.1343 17.95 0.0628
-25.3125 -79.5256 0.4212 0.2542 0.3246 0.00000 7.609 1500.0 12.0 0.0000 0.0961 12.24 0.0628
-22.5000 -79.5256 0.4903 0.2136 0.2961 0.00000 7.042 1500.0 12.0 0.0000 0.0931 11.29 0.0628
-19.6875 -79.5256 0.5563 0.1704 0.2733 0.00000 6.650 1500.0 12.0 0.0000 0.1890 21.88 0.0628
-16.8750 -79.5256 0.3974 0.2440 0.3586 0.00000 6.852 1500.0 12.0 0.0000 0.1908 25.04 0.0628
-14.0625 -79.5256 0.3092 0.2860 0.4048 0.00000 7.129 1500.0 12.0 0.0000 0.1512 21.14 0.0628
-11.2500 -79.5256 0.3270 0.2832 0.3898 0.00000 7.410 1500.0 12.0 0.0000 0.1154 15.88 0.0628
-8.4375 -79.5256 0.3085 0.3039 0.3876 0.00000 7.992 1500.0 12.0 0.0000 0.0759 10.52 0.0628
-5.6250 -79.5256 0.3355 0.2771 0.3874 0.00000 7.425 1500.0 12.0 0.0000 0.1062 14.54 0.0628
-2.8125 -79.5256 0.3150 0.2804 0.4046 0.00000 6.950 1500.0 12.0 0.0000 0.1780 24.82 0.0628
0.0000 -82.3129 0.3816 0.2758 0.3426 0.00000 7.916 1500.0 12.0 0.0000 0.0568 10.00 0.0628
2.8125 -82.3129 0.4473 0.2384 0.3143 0.00000 7.327 1500.0 12.0 0.0000 0.0573 10.00 0.0628
5.6250 -82.3129 0.4712 0.2186 0.3102 0.00000 7.103 1500.0 12.0 0.0000 0.0611 10.00 0.0628
8.4375 -82.3129 0.4521 0.2313 0.3166 0.00000 7.307 1500.0 12.0 0.0000 0.0626 10.00 0.0628
11.2500 -82.3129 0.4836 0.2128 0.3037 0.00000 6.951 1500.0 12.0 0.0000 0.0670 10.00 0.0628
14.0625 -82.3129 0.4357 0.2546 0.3098 0.00000 7.384 1500.0 12.0 0.0000 0.0655 10.00 0.0628
16.8750 -82.3129 0.4086 0.2710 0.3204 0.00000 7.686 1500.0 12.0 0.0000 0.0681 10.00 0.0628
19.6875 -82.3129 0.3996 0.2740 0.3264 0.00000 7.808 1500.0 12.0 0.0000 0.0723 10.00 0.0628
22.5000 -82.3129 0.3812 0.2863 0.3325 0.00000 8.005 1500.0 12.0 0.0000 0.0752 10.00 0.0628
25.3125 -82.3129 0.4104 0.2573 0.3322 0.00000 7.768 1500.0 12.0 0.0000 0.0854 10.98 0.0628
28.1250 -82.3129 0.4436 0.2352 0.3212 0.00000 7.412 1500.0 12.0 0.0000 0.1194 15.03 0.0628
30.9375 -82.3129 0.4077 0.2584 0.3339 0.00000 7.801 1500.0 12.0 0.0000 0.1258 16.21 0.0628
33.7500 -82.3129 0.4136 0.2579 0.3285 0.00000 7.711 1500.0 12.0 0.0000 0.1359 17.42 0.0628
36.5625 -82.3129 0.4124 0.2540 0.3336 0.00000 7.760 1500.0 12.0 0.0000 0.1521 19.56 0.0628
39.3750 -82.3129 0.3620 0.2844 0.3536 0.00000 8.326 1500.0 12.0 0.0000 0.1648 21.92 0.0628
42.1875 -82.3129 0.3888 0.2686 0.3426 0.00000 8.022 1500.0 12.0 0.0000 0.1901 24.84 0.0628
45.0000 -82.3129 0.3624 0.2851 0.3526 0.00000 8.315 1500.0 12.0 0.0000 0.2177 28.95 0.0628
47.8125 -82.3129 0.3361 0.3046 0.3593 0.00000 8.580 1500.0 12.0 0.0000 0.2540 34.29 0.0628
50.6250 -82.3129 0.3185 0.3131 0.3685 0.00000 8.794 1500.0 12.0 0.0000 0.3167 43.28 0.0628
53.4375 -82.3129 0.2655 0.3437 0.3909 0.00000 9.400 1500.0 12.0 0.0000 0.4085 57.78 0.0628
56.2500 -82.3129 0.2736 0.3389 0.3875 0.00000 9.308 1500.0 12.0 0.0000 0.5907 83.12 0.0628
59.0625 -82.3129 0.3084 0.3185 0.3731 0.00000 8.912 1500.0 12.0 0.0000 0.9461 130.19 0.0628
61.8750 -82.3129 0.3524 0.2910 0.3566 0.00000 8.426 1500.0 12.0 0.0000 0.8319 111.32 0.0628
64.6875 -82.3129 0.3699 0.2796 0.3504 0.00000 8.237 1500.0 12.0 0.0000 0.7754 102.62 0.0628
67.5000 -82.3129 0.4754 0.2161 0.3085 0.00000 7.055 1500.0 12.0 0.0000 0.7980 98.21 0.0628
70.3125 -82.3129 0.4213 0.2487 0.3300 0.00000 7.660 1500.0 12.0 0.0000 0.7838 100.18 0.0628
73.1250 -82.3129 0.3144 0.3210 0.3646 0.00000 8.796 1500.0 12.0 0.0000 0.7621 104.15 0.0628
75.9375 -82.3129 0.2823 0.3332 0.3845 0.00000 9.213 1500.0 12.0 0.0000 0.7862 110.05 0.0628
78.7500 -82.3129 0.3125 0.3143 0.3732 0.00000 8.880 1500.0 12.0 0.0000 0.8443 115.99 0.0628
81.5625 -82.3129 0.3421 0.2972 0.3607 0.00000 8.541 1500.0 12.0 0.0000 0.9821 132.30 0.0628
84.3750 -82.3129 0.3297 0.3054 0.3649 0.00000 8.675 1500.0 12.0 0.0000 1.2401 168.36 0.0628
87.1875 -82.3129 0.3744 0.2769 0.3486 0.00000 8.186 1500.0 12.0 0.0000 1.8969 250.28 0.0628
90.0000 -82.3129 0.3789 0.2786 0.3425 0.00000 8.101 1500.0 12.0 0.0000 2.0716 271.88 0.0628
92.8125 -82.3129 0.4023 0.2611 0.3366 0.00000 7.867 1500.0 12.0 0.0000 2.3132 299.39 0.0628
95.6250 -82.3129 0.3745 0.2852 0.3403 0.00000 8.119 1500.0 12.0 0.0000 1.5461 203.08 0.0628
98.4375 -82.3129 0.4260 0.2477 0.3263 0.00000 7.593 1500.0 12.0 0.0000 1.1657 148.37 0.0628
101.2500 -82.3129 0.4170 0.2512 0.3317 0.00000 7.709 1500.0 12.0 0.0000 0.9469 121.39 0.0628
104.0625 -82.3129 0.4169 0.2514 0.3318 0.00000 7.710 1500.0 12.0 0.0000 0.8245 105.71 0.0628
106.8750 -82.3129 0.3565 0.2922 0.3513 0.00000 8.351 1500.0 12.0 0.0000 0.7170 95.51 0.0628
109.6875 -82.3129 0.3749 0.2811 0.3440 0.00000 8.145 1500.0 12.0 0.0000 0.6824 89.79 0.0628
112.5000 -82.3129 0.4079 0.2604 0.3317 0.00000 7.782 1500.0 12.0 0.0000 0.6708 86.37 0.0628
115.3125 -82.3129 0.5408 0.1830 0.2762 0.00000 6.874 1500.0 12.0 0.0000 0.8881 103.80 0.0628
118.1250 -82.3129 0.4924 0.2215 0.2861 0.00000 7.425 1500.0 12.0 0.0000 0.8385 101.02 0.0628
120.9375 -82.3129 0.4122 0.2812 0.3067 0.00000 7.987 1500.0 12.0 0.0000 0.6790 86.06 0.0628
123.7500 -82.3129 0.4367 0.2711 0.2922 0.00000 7.879 1500.0 12.0 0.0000 0.7125 88.53 0.0628
126.5625 -82.3129 0.5056 0.2149 0.2796 0.00000 7.547 1500.0 12.0 0.0000 0.8877 105.85 0.0628
129.3750 -82.3129 0.3867 0.2860 0.3273 0.00000 8.546 1500.0 12.0 0.0000 0.6728 87.26 0.0628
132.1875 -82.3129 0.5235 0.2017 0.2747 0.00000 7.536 1500.0 12.0 0.0000 0.9145 107.75 0.0628
135.0000 -82.3129 0.5043 0.2182 0.2776 0.00000 7.650 1500.0 12.0 0.0000 0.8027 95.66 0.0628
137.8125 -82.3129 0.3618 0.3163 0.3218 0.00000 8.529 1500.0 12.0 0.0000 0.4995 65.34 0.0628
140.6250 -82.3129 0.2370 0.4137 0.3493 0.00000 9.321 1500.0 12.0 0.0000 0.3632 50.93 0.0628
143.4375 -82.3129 0.3156 0.3603 0.3241 0.00000 8.815 1500.0 12.0 0.0000 0.3996 53.44 0.0628
146.2500 -82.3129 0.2705 0.3835 0.3459 0.00000 9.200 1500.0 12.0 0.0000 0.3579 49.38 0.0628
149.0625 -82.3129 0.3781 0.2984 0.3235 0.00000 8.586 1500.0 12.0 0.0000 0.4524 58.79 0.0628
151.8750 -82.3129 0.3978 0.2794 0.3229 0.00000 8.425 1500.0 12.0 0.0000 0.4551 58.59 0.0628
154.6875 -82.3129 0.3813 0.2782 0.3404 0.00000 8.421 1500.0 12.0 0.0000 0.4087 53.53 0.0628
157.5000 -82.3129 0.4387 0.2446 0.3167 0.00000 8.021 1500.0 12.0 0.0000 0.4592 57.79 0.0628
160.3125 -82.3129 0.4504 0.2393 0.3103 0.00000 8.044 1500.0 12.0 0.0000 0.4884 60.90 0.0628
163.1250 -82.3129 0.4370 0.2481 0.3149 0.00000 8.253 1500.0 12.0 0.0000 0.4913 61.82 0.0628
165.9375 -82.3129 0.4740 0.2273 0.2987 0.00000 7.974 1500.0 12.0 0.0000 0.5400 66.13 0.0628
168.7500 -82.3129 0.4315 0.2482 0.3203 0.00000 8.035 1500.0 12.0 0.0000 0.4299 54.39 0.0628
171.5625 -82.3129 0.3830 0.2760 0.3409 0.00000 8.461 1500.0 12.0 0.0000 0.3989 52.21 0.0628
174.3750 -82.3129 0.2750 0.3369 0.3881 0.00000 9.300 1500.0 12.0 0.0000 0.3325 46.77 0.0628
177.1875 -82.3129 0.2565 0.3480 0.3954 0.00000 9.500 1500.0 12.0 0.0000 0.3361 47.82 0.0628
180.0000 -82.3129 0.2538 0.3497 0.3965 0.00000 9.500 1500.0 12.0 0.0000 0.3458 49.29 0.0628
-177.1875 -82.3129 0.2527 0.3504 0.3970 0.00000 9.500 1500.0 12.0 0.0000 0.3601 51.36 0.0628
-174.3750 -82.3129 0.2483 0.3530 0.3987 0.00000 9.500 1500.0 12.0 0.0000 0.3790 54.21 0.0628
-171.5625 -82.3129 0.2483 0.3530 0.3987 0.00000 9.500 1500.0 12.0 0.0000 0.4058 58.03 0.0628
-168.7500 -82.3129 0.2483 0.3530 0.3987 0.00000 9.500 1500.0 12.0 0.0000 0.4414 63.12 0.0628
-165.9375 -82.3129 0.2483 0.3530 0.3987 0.00000 9.500 1500.0 12.0 0.0000 0.4886 69.88 0.0628
-163.1250 -82.3129 0.2483 0.3530 0.3987 0.00000 9.500 1500.0 12.0 0.0000 0.5512 78.82 0.0628
-160.3125 -82.3129 0.2483 0.3530 0.3987 0.00000 9.500 1500.0 12.0 0.0000 0.6343 90.71 0.0628
-157.5000 -82.3129 0.2429 0.3639 0.3932 0.00000 9.500 1500.0 12.0 0.0000 0.7265 103.86 0.0628
-154.6875 -82.3129 0.2393 0.3711 0.3896 0.00000 9.500 1500.0 12.0 0.0000 0.8583 122.66 0.0628
-151.8750 -82.3129 0.2440 0.3616 0.3943 0.00000 9.500 1500.0 12.0 0.0000 1.0704 153.03 0.0628
-149.0625 -82.3129 0.2536 0.3522 0.3942 0.00000 9.500 1500.0 12.0 0.0000 1.3472 191.82 0.0628
-146.2500 -82.3129 0.2580 0.3472 0.3948 0.00000 9.491 1500.0 12.0 0.0000 1.6032 227.90 0.0628
-143.4375 -82.3129 0.2483 0.3530 0.3987 0.00000 9.500 1500.0 12.0 0.0000 1.5030 214.94 0.0628
-140.6250 -82.3129 0.2483 0.3530 0.3987 0.00000 9.500 1500.0 12.0 0.0000 1.4417 206.18 0.0628
-137.8125 -82.3129 0.2483 0.3530 0.3987 0.00000 9.500 1500.0 12.0 0.0000 1.4070 201.21 0.0628
-135.0000 -82.3129 0.2483 0.3530 0.3987 0.00000 9.500 1500.0 12.0 0.0000 1.3948 199.46 0.0628
-132.1875 -82.3129 0.2483 0.3530 0.3987 0.00000 9.500 1500.0 12.0 0.0000 1.4025 200.57 0.0628
-129.3750 -82.3129 0.2483 0.3530 0.3987 0.00000 9.500 1500.0 12.0 0.0000 1.4284 204.27 0.0628
-126.5625 -82.3129 0.2483 0.3530 0.3987 0.00000 9.500 1500.0 12.0 0.0000 1.4713 210.41 0.0628
-123.7500 -82.3129 0.2483 0.3530 0.3987 0.00000 9.500 1500.0 12.0 0.0000 1.5306 218.89 0.0628
-120.9375 -82.3129 0.2483 0.3530 0.3987 0.00000 9.500 1500.0 12.0 0.0000 1.6063 229.71 0.0628
-118.1250 -82.3129 0.2483 0.3530 0.3987 0.00000 9.500 1500.0 12.0 0.0000 1.6993 243.01 0.0628
-115.3125 -82.3129 0.2483 0.3530 0.3987 0.00000 9.500 1500.0 12.0 0.0000 1.8115 259.05 0.0628
-112.5000 -82.3129 0.2483 0.3530 0.3987 0.00000 9.500 1500.0 12.0 0.0000 1.9468 278.41 0.0628
-109.6875 -82.3129 0.2483 0.3530 0.3987 0.00000 9.500 1500.0 12.0 0.0000 2.1121 302.04 0.0628
-106.8750 -82.3129 0.2483 0.3530 0.3987 0.00000 9.500 1500.0 12.0 0.0000 2.3187 331.59 0.0628
-104.0625 -82.3129 0.2483 0.3530 0.3987 0.00000 9.500 1500.0 12.0 0.0000 2.5853 369.72 0.0628
-101.2500 -82.3129 0.2483 0.3530 0.3987 0.00000 9.500 1500.0 12.0 0.0000 2.4065 344.14 0.0628
-98.4375 -82.3129 0.2483 0.3530 0.3987 0.00000 9.500 1500.0 12.0 0.0000 2.0483 292.92 0.0628
-95.6250 -82.3129 0.2601 0.3444 0.3956 0.00000 9.381 1500.0 12.0 0.0000 1.8914 268.74 0.0628
-92.8125 -82.3129 0.2851 0.3268 0.3881 0.00000 8.899 1500.0 12.0 0.0000 1.8935 265.20 0.0628
-90.0000 -82.3129 0.3256 0.2991 0.3753 0.00000 8.328 1500.0 12.0 0.0000 2.0998 287.13 0.0628
-87.1875 -82.3129 0.3250 0.2990 0.3760 0.00000 8.308 1500.0 12.0 0.0000 2.5794 352.92 0.0628
-84.3750 -82.3129 0.3085 0.3199 0.3716 0.00000 8.367 1500.0 12.0 0.0000 3.3916 466.34 0.0628
-81.5625 -82.3129 0.2966 0.3327 0.3707 0.00000 8.508 1500.0 12.0 0.0000 3.0322 418.90 0.0628
-78.7500 -82.3129 0.3319 0.2970 0.3711 0.00000 7.994 1500.0 12.0 0.0000 2.3713 322.64 0.0628
-75.9375 -82.3129 0.3984 0.2455 0.3561 0.00000 6.973 1500.0 12.0 0.0000 1.6879 221.15 0.0628
-73.1250 -82.3129 0.4025 0.2408 0.3567 0.00000 6.800 1500.0 12.0 0.0000 1.3097 171.34 0.0628
-70.3125 -82.3129 0.4006 0.2415 0.3578 0.00000 6.800 1500.0 12.0 0.0000 1.1014 144.29 0.0628
-67.5000 -82.3129 0.4236 0.2323 0.3441 0.00000 6.800 1500.0 12.0 0.0000 1.0041 129.20 0.0628
-64.6875 -82.3129 0.4129 0.2496 0.3375 0.00000 7.270 1500.0 12.0 0.0000 0.9389 120.98 0.0628
-61.8750 -82.3129 0.3940 0.2690 0.3370 0.00000 7.906 1500.0 12.0 0.0000 0.9241 120.09 0.0628
-59.0625 -82.3129 0.3934 0.2677 0.3389 0.00000 7.784 1500.0 12.0 0.0000 0.9441 122.84 0.0628
-56.2500 -82.3129 0.4743 0.2165 0.3091 0.00000 7.057 1500.0 12.0 0.0000 1.0401 128.12 0.0628
-53.4375 -82.3129 0.4962 0.2031 0.3007 0.00000 6.800 1500.0 12.0 0.0000 1.0827 131.30 0.0628
-50.6250 -82.3129 0.4982 0.2023 0.2994 0.00000 6.798 1500.0 12.0 0.0000 1.0531 127.49 0.0628
-47.8125 -82.3129 0.4982 0.2024 0.2994 0.00000 6.798 1500.0 12.0 0.0000 0.9483 114.81 0.0628
-45.0000 -82.3129 0.4982 0.2023 0.2994 0.00000 6.798 1500.0 12.0 0.0000 0.7837 94.89 0.0628
-42.1875 -82.3129 0.4982 0.2023 0.2994 0.00000 6.798 1500.0 12.0 0.0000 0.6079 73.59 0.0628
-39.3750 -82.3129 0.4866 0.2093 0.3041 0.00000 6.929 1500.0 12.0 0.0000 0.4532 55.33 0.0628
-36.5625 -82.3129 0.4681 0.2204 0.3114 0.00000 7.136 1500.0 12.0 0.0000 0.3378 41.79 0.0628
-33.7500 -82.3129 0.4464 0.2336 0.3201 0.00000 7.380 1500.0 12.0 0.0000 0.2549 32.02 0.0628
-30.9375 -82.3129 0.4098 0.2556 0.3346 0.00000 7.790 1500.0 12.0 0.0000 0.1958 25.23 0.0628
-28.1250 -82.3129 0.3741 0.2771 0.3488 0.00000 8.190 1500.0 12.0 0.0000 0.1540 20.32 0.0628
-25.3125 -82.3129 0.3438 0.2954 0.3608 0.00000 8.529 1500.0 12.0 0.0000 0.1002 13.48 0.0628
-22.5000 -82.3129 0.3860 0.2782 0.3358 0.00000 7.991 1500.0 12.0 0.0000 0.0847 11.04 0.0628
-19.6875 -82.3129 0.3659 0.2900 0.3441 0.00000 8.218 1500.0 12.0 0.0000 0.0733 10.00 0.0628
-16.8750 -82.3129 0.3791 0.2832 0.3378 0.00000 8.063 1500.0 12.0 0.0000 0.0659 10.00 0.0628
-14.0625 -82.3129 0.4084 0.2686 0.3230 0.00000 7.748 1500.0 12.0 0.0000 0.0617 10.00 0.0628
-11.2500 -82.3129 0.3865 0.2730 0.3405 0.00000 8.025 1500.0 12.0 0.0000 0.0583 10.00 0.0628
-8.4375 -82.3129 0.4660 0.2270 0.3070 0.00000 7.489 1500.0 12.0 0.0000 0.0675 10.00 0.0628
-5.6250 -82.3129 0.4861 0.2087 0.3052 0.00000 6.961 1500.0 12.0 0.0000 0.0726 10.00 0.0628
-2.8125 -82.3129 0.3872 0.2741 0.3387 0.00000 7.910 1500.0 12.0 0.0000 0.0560 10.00 0.0628
0.0000 -85.0965 0.3583 0.2996 0.3420 0.00000 8.263 1500.0 12.0 0.0000 0.1109 14.68 0.0628
2.8125 -85.0965 0.3264 0.3131 0.3605 0.00000 8.667 1500.0 12.0 0.0000 0.1114 15.10 0.0628
5.6250 -85.0965 0.4425 0.2383 0.3192 0.00000 7.405 1500.0 12.0 0.0000 0.1233 15.51 0.0628
8.4375 -85.0965 0.4931 0.2054 0.3015 0.00000 6.857 1500.0 12.0 0.0000 0.1324 16.09 0.0628
11.2500 -85.0965 0.4458 0.2355 0.3187 0.00000 7.374 1500.0 12.0 0.0000 0.1329 16.69 0.0628
14.0625 -85.0965 0.4267 0.2533 0.3200 0.00000 7.538 1500.0 12.0 0.0000 0.1354 17.17 0.0628
16.8750 -85.0965 0.3574 0.3062 0.3365 0.00000 8.227 1500.0 12.0 0.0000 0.1338 17.68 0.0628
19.6875 -85.0965 0.3313 0.3215 0.3472 0.00000 8.522 1500.0 12.0 0.0000 0.1432 19.24 0.0628
22.5000 -85.0965 0.3330 0.3136 0.3534 0.00000 8.558 1500.0 12.0 0.0000 0.1611 21.71 0.0628
25.3125 -85.0965 0.2942 0.3391 0.3667 0.00000 8.976 1500.0 12.0 0.0000 0.1749 24.14 0.0628
28.1250 -85.0965 0.2807 0.3430 0.3763 0.00000 9.162 1500.0 12.0 0.0000 0.1996 27.85 0.0628
30.9375 -85.0965 0.2811 0.3538 0.3650 0.00000 9.068 1500.0 12.0 0.0000 0.2234 30.98 0.0628
33.7500 -85.0965 0.2526 0.3546 0.3928 0.00000 9.500 1500.0 12.0 0.0000 0.2751 39.15 0.0628
36.5625 -85.0965 0.2673 0.3415 0.3912 0.00000 9.388 1500.0 12.0 0.0000 0.3442 48.65 0.0628
39.3750 -85.0965 0.3333 0.3018 0.3650 0.00000 8.648 1500.0 12.0 0.0000 0.4550 61.68 0.0628
42.1875 -85.0965 0.3666 0.2817 0.3518 0.00000 8.274 1500.0 12.0 0.0000 0.6004 79.63 0.0628
45.0000 -85.0965 0.3540 0.2893 0.3568 0.00000 8.415 1500.0 12.0 0.0000 0.5864 78.43 0.0628
47.8125 -85.0965 0.3698 0.2797 0.3505 0.00000 8.238 1500.0 12.0 0.0000 0.5890 77.95 0.0628
50.6250 -85.0965 0.3859 0.2700 0.3441 0.00000 8.058 1500.0 12.0 0.0000 0.5991 78.44 0.0628
53.4375 -85.0965 0.4358 0.2399 0.3242 0.00000 7.498 1500.0 12.0 0.0000 0.6295 79.67 0.0628
56.2500 -85.0965 0.4762 0.2156 0.3082 0.00000 7.046 1500.0 12.0 0.0000 0.6672 82.06 0.0628
59.0625 -85.0965 0.4982 0.2024 0.2994 0.00000 6.800 1500.0 12.0 0.0000 0.7090 85.84 0.0628
61.8750 -85.0965 0.4982 0.2024 0.2994 0.00000 6.800 1500.0 12.0 0.0000 0.7556 91.49 0.0628
64.6875 -85.0965 0.4982 0.2024 0.2994 0.00000 6.800 1500.0 12.0 0.0000 0.8180 99.04 0.0628
67.5000 -85.0965 0.4982 0.2024 0.2994 0.00000 6.800 1500.0 12.0 0.0000 0.8071 97.72 0.0628
70.3125 -85.0965 0.4982 0.2024 0.2994 0.00000 6.800 1500.0 12.0 0.0000 0.8170 98.91 0.0628
73.1250 -85.0965 0.4982 0.2024 0.2994 0.00000 6.800 1500.0 12.0 0.0000 0.8605 104.18 0.0628
75.9375 -85.0965 0.4982 0.2024 0.2994 0.00000 6.800 1500.0 12.0 0.0000 0.9407 113.89 0.0628
78.7500 -85.0965 0.4982 0.2024 0.2994 0.00000 6.800 1500.0 12.0 0.0000 1.0718 129.76 0.0628
81.5625 -85.0965 0.4982 0.2024 0.2994 0.00000 6.800 1500.0 12.0 0.0000 1.2738 154.21 0.0628
84.3750 -85.0965 0.4982 0.2024 0.2994 0.00000 6.800 1500.0 12.0 0.0000 1.5956 193.18 0.0628
87.1875 -85.0965 0.4982 0.2024 0.2994 0.00000 6.800 1500.0 12.0 0.0000 2.1299 257.87 0.0628
90.0000 -85.0965 0.4982 0.2024 0.2994 0.00000 6.800 1500.0 12.0 0.0000 3.1054 375.97 0.0628
92.8125 -85.0965 0.4982 0.2024 0.2994 0.00000 6.800 1500.0 12.0 0.0000 3.5059 424.46 0.0628
95.6250 -85.0965 0.4982 0.2024 0.2994 0.00000 6.800 1500.0 12.0 0.0000 3.8215 462.68 0.0628
98.4375 -85.0965 0.4982 0.2024 0.2994 0.00000 6.800 1500.0 12.0 0.0000 3.2336 391.49 0.0628
101.2500 -85.0965 0.4982 0.2024 0.2994 0.00000 6.800 1500.0 12.0 0.0000 2.8271 342.28 0.0628
104.0625 -85.0965 0.4982 0.2024 0.2994 0.00000 6.800 1500.0 12.0 0.0000 2.7302 330.55 0.0628
106.8750 -85.0965 0.4982 0.2024 0.2994 0.00000 6.800 1500.0 12.0 0.0000 2.8687 347.32 0.0628
109.6875 -85.0965 0.4982 0.2024 0.2994 0.00000 6.800 1500.0 12.0 0.0000 3.2955 398.99 0.0628
112.5000 -85.0965 0.4982 0.2024 0.2994 0.00000 6.800 1500.0 12.0 0.0000 4.2469 514.18 0.0628
115.3125 -85.0965 0.4982 0.2024 0.2994 0.00000 6.800 1500.0 12.0 0.0000 3.2912 398.46 0.0628
118.1250 -85.0965 0.4982 0.2023 0.2994 0.00000 6.800 1500.0 12.0 0.0000 2.5031 303.05 0.0628
120.9375 -85.0965 0.4909 0.2068 0.3024 0.00000 6.882 1500.0 12.0 0.0000 1.9784 240.79 0.0628
123.7500 -85.0965 0.4695 0.2197 0.3109 0.00000 7.121 1500.0 12.0 0.0000 1.6053 198.40 0.0628
126.5625 -85.0965 0.4483 0.2324 0.3193 0.00000 7.358 1500.0 12.0 0.0000 1.3358 167.58 0.0628
129.3750 -85.0965 0.4615 0.2245 0.3140 0.00000 7.211 1500.0 12.0 0.0000 1.1600 144.18 0.0628
132.1875 -85.0965 0.4171 0.2512 0.3317 0.00000 7.708 1500.0 12.0 0.0000 0.9970 127.80 0.0628
135.0000 -85.0965 0.4485 0.2323 0.3192 0.00000 7.356 1500.0 12.0 0.0000 0.9081 113.90 0.0628
137.8125 -85.0965 0.4489 0.2321 0.3190 0.00000 7.352 1500.0 12.0 0.0000 0.8265 103.64 0.0628
140.6250 -85.0965 0.3681 0.2859 0.3460 0.00000 8.215 1500.0 12.0 0.0000 0.7179 94.85 0.0628
143.4375 -85.0965 0.3856 0.2770 0.3375 0.00000 8.007 1500.0 12.0 0.0000 0.6737 87.91 0.0628
146.2500 -85.0965 0.3702 0.2818 0.3480 0.00000 8.215 1500.0 12.0 0.0000 0.6405 84.64 0.0628
149.0625 -85.0965 0.3279 0.3195 0.3526 0.00000 8.591 1500.0 12.0 0.0000 0.5762 77.79 0.0628
151.8750 -85.0965 0.3398 0.3169 0.3433 0.00000 8.421 1500.0 12.0 0.0000 0.5511 73.66 0.0628
154.6875 -85.0965 0.3044 0.3384 0.3572 0.00000 8.817 1500.0 12.0 0.0000 0.5262 71.95 0.0628
157.5000 -85.0965 0.2710 0.3393 0.3897 0.00000 9.345 1500.0 12.0 0.0000 0.5366 75.66 0.0628
160.3125 -85.0965 0.2575 0.3475 0.3950 0.00000 9.497 1500.0 12.0 0.0000 0.5260 74.79 0.0628
163.1250 -85.0965 0.2634 0.3439 0.3927 0.00000 9.431 1500.0 12.0 0.0000 0.5243 74.28 0.0628
165.9375 -85.0965 0.2643 0.3434 0.3923 0.00000 9.421 1500.0 12.0 0.0000 0.5244 74.26 0.0628
168.7500 -85.0965 0.2736 0.3377 0.3886 0.00000 9.316 1500.0 12.0 0.0000 0.5298 74.59 0.0628
171.5625 -85.0965 0.2830 0.3321 0.3849 0.00000 9.210 1500.0 12.0 0.0000 0.5380 75.30 0.0628
174.3750 -85.0965 0.2483 0.3530 0.3987 0.00000 9.500 1500.0 12.0 0.0000 0.5361 76.67 0.0628
177.1875 -85.0965 0.2483 0.3530 0.3987 0.00000 9.500 1500.0 12.0 0.0000 0.5463 78.13 0.0628
180.0000 -85.0965 0.2539 0.3519 0.3942 0.00000 9.500 1500.0 12.0 0.0000 0.5568 79.26 0.0628
-177.1875 -85.0965 0.2545 0.3512 0.3943 0.00000 9.500 1500.0 12.0 0.0000 0.5721 81.43 0.0628
-174.3750 -85.0965 0.2693 0.3471 0.3836 0.00000 9.311 1500.0 12.0 0.0000 0.5855 82.37 0.0628
-171.5625 -85.0965 0.2797 0.3340 0.3862 0.00000 9.248 1500.0 12.0 0.0000 0.6201 86.97 0.0628
-168.7500 -85.0965 0.2980 0.3231 0.3790 0.00000 9.043 1500.0 12.0 0.0000 0.6486 89.93 0.0628
-165.9375 -85.0965 0.2848 0.3310 0.3842 0.00000 9.190 1500.0 12.0 0.0000 0.6688 93.50 0.0628
-163.1250 -85.0965 0.2483 0.3530 0.3987 0.00000 9.500 1500.0 12.0 0.0000 0.6834 97.73 0.0628
-160.3125 -85.0965 0.2541 0.3495 0.3964 0.00000 9.500 1500.0 12.0 0.0000 0.7156 101.98 0.0628
-157.5000 -85.0965 0.2475 0.3547 0.3978 0.00000 9.500 1500.0 12.0 0.0000 0.7442 106.41 0.0628
-154.6875 -85.0965 0.2437 0.3624 0.3939 0.00000 9.500 1500.0 12.0 0.0000 0.7689 109.91 0.0628
-151.8750 -85.0965 0.2420 0.3657 0.3923 0.00000 9.500 1500.0 12.0 0.0000 0.8052 115.09 0.0628
-149.0625 -85.0965 0.2375 0.3747 0.3878 0.00000 9.500 1500.0 12.0 0.0000 0.8366 119.54 0.0628
-146.2500 -85.0965 0.2326 0.3846 0.3828 0.00000 9.500 1500.0 12.0 0.0000 0.8722 124.59 0.0628
-143.4375 -85.0965 0.2382 0.3733 0.3885 0.00000 9.500 1500.0 12.0 0.0000 0.9572 136.78 0.0628
-140.6250 -85.0965 0.2396 0.3705 0.3899 0.00000 9.500 1500.0 12.0 0.0000 1.0374 148.26 0.0628
-137.8125 -85.0965 0.2395 0.3708 0.3897 0.00000 9.500 1500.0 12.0 0.0000 1.1245 160.70 0.0628
-135.0000 -85.0965 0.2362 0.3774 0.3864 0.00000 9.500 1500.0 12.0 0.0000 1.2150 173.60 0.0628
-132.1875 -85.0965 0.2357 0.3783 0.3859 0.00000 9.500 1500.0 12.0 0.0000 1.3327 190.40 0.0628
-129.3750 -85.0965 0.2350 0.3797 0.3852 0.00000 9.500 1500.0 12.0 0.0000 1.3551 193.60 0.0628
-126.5625 -85.0965 0.2387 0.3724 0.3889 0.00000 9.500 1500.0 12.0 0.0000 1.4162 202.37 0.0628
-123.7500 -85.0965 0.2465 0.3566 0.3968 0.00000 9.500 1500.0 12.0 0.0000 1.5190 217.19 0.0628
-120.9375 -85.0965 0.2483 0.3530 0.3987 0.00000 9.500 1500.0 12.0 0.0000 1.6058 229.64 0.0628
-118.1250 -85.0965 0.2447 0.3602 0.3950 0.00000 9.500 1500.0 12.0 0.0000 1.6765 239.68 0.0628
-115.3125 -85.0965 0.2459 0.3578 0.3963 0.00000 9.500 1500.0 12.0 0.0000 1.7951 256.66 0.0628
-112.5000 -85.0965 0.2483 0.3530 0.3987 0.00000 9.500 1500.0 12.0 0.0000 1.9470 278.43 0.0628
-109.6875 -85.0965 0.2483 0.3530 0.3987 0.00000 9.500 1500.0 12.0 0.0000 2.1123 302.07 0.0628
-106.8750 -85.0965 0.2742 0.3374 0.3884 0.00000 9.310 1500.0 12.0 0.0000 2.3406 329.42 0.0628
-104.0625 -85.0965 0.2894 0.3282 0.3824 0.00000 9.139 1500.0 12.0 0.0000 2.6218 365.48 0.0628
-101.2500 -85.0965 0.3036 0.3197 0.3768 0.00000 8.980 1500.0 12.0 0.0000 2.9934 413.56 0.0628
-98.4375 -85.0965 0.3580 0.2868 0.3551 0.00000 8.369 1500.0 12.0 0.0000 3.5449 472.81 0.0628
-95.6250 -85.0965 0.3994 0.2619 0.3387 0.00000 7.905 1500.0 12.0 0.0000 4.1941 544.15 0.0628
-92.8125 -85.0965 0.4373 0.2323 0.3304 0.00000 7.107 1500.0 12.0 0.0000 3.9322 498.97 0.0628
-90.0000 -85.0965 0.4164 0.2352 0.3484 0.00000 6.800 1500.0 12.0 0.0000 3.6466 471.90 0.0628
-87.1875 -85.0965 0.4107 0.2375 0.3518 0.00000 6.800 1500.0 12.0 0.0000 3.4170 444.16 0.0628
-84.3750 -85.0965 0.4062 0.2393 0.3545 0.00000 6.800 1500.0 12.0 0.0000 3.2215 420.22 0.0628
-81.5625 -85.0965 0.3983 0.2425 0.3592 0.00000 6.800 1500.0 12.0 0.0000 2.8911 379.44 0.0628
-78.7500 -85.0965 0.3983 0.2425 0.3592 0.00000 6.800 1500.0 12.0 0.0000 2.3096 303.13 0.0628
-75.9375 -85.0965 0.3983 0.2424 0.3592 0.00000 6.800 1500.0 12.0 0.0000 1.8788 246.59 0.0628
-73.1250 -85.0965 0.3983 0.2425 0.3592 0.00000 6.800 1500.0 12.0 0.0000 1.5597 204.71 0.0628
-70.3125 -85.0965 0.3983 0.2425 0.3592 0.00000 6.800 1500.0 12.0 0.0000 1.3186 173.06 0.0628
-67.5000 -85.0965 0.4012 0.2413 0.3575 0.00000 6.800 1500.0 12.0 0.0000 1.1363 148.80 0.0628
-64.6875 -85.0965 0.4162 0.2352 0.3485 0.00000 6.800 1500.0 12.0 0.0000 1.0026 129.76 0.0628
-61.8750 -85.0965 0.4197 0.2338 0.3465 0.00000 6.800 1500.0 12.0 0.0000 0.8942 115.42 0.0628
-59.0625 -85.0965 0.4136 0.2363 0.3501 0.00000 6.800 1500.0 12.0 0.0000 0.8058 104.50 0.0628
-56.2500 -85.0965 0.4266 0.2311 0.3423 0.00000 6.800 1500.0 12.0 0.0000 0.7461 95.78 0.0628
-53.4375 -85.0965 0.4728 0.2126 0.3147 0.00000 6.800 1500.0 12.0 0.0000 0.7163 88.58 0.0628
-50.6250 -85.0965 0.4936 0.2042 0.3022 0.00000 6.799 1500.0 12.0 0.0000 0.6858 83.35 0.0628
-47.8125 -85.0965 0.4730 0.2166 0.3104 0.00000 7.027 1500.0 12.0 0.0000 0.6459 79.67 0.0628
-45.0000 -85.0965 0.4612 0.2264 0.3125 0.00000 7.199 1500.0 12.0 0.0000 0.6173 76.68 0.0628
-42.1875 -85.0965 0.4769 0.2167 0.3065 0.00000 7.024 1500.0 12.0 0.0000 0.6107 75.01 0.0628
-39.3750 -85.0965 0.4556 0.2281 0.3164 0.00000 7.274 1500.0 12.0 0.0000 0.6035 75.33 0.0628
-36.5625 -85.0965 0.4499 0.2315 0.3187 0.00000 7.337 1500.0 12.0 0.0000 0.6082 76.22 0.0628
-33.7500 -85.0965 0.3591 0.2862 0.3547 0.00000 8.355 1500.0 12.0 0.0000 0.4559 60.77 0.0628
-30.9375 -85.0965 0.3363 0.2999 0.3638 0.00000 8.611 1500.0 12.0 0.0000 0.3501 47.36 0.0628
-28.1250 -85.0965 0.3836 0.2714 0.3450 0.00000 8.081 1500.0 12.0 0.0000 0.2907 38.12 0.0628
-25.3125 -85.0965 0.4124 0.2540 0.3335 0.00000 7.759 1500.0 12.0 0.0000 0.2463 31.67 0.0628
-22.5000 -85.0965 0.3927 0.2659 0.3414 0.00000 7.982 1500.0 12.0 0.0000 0.2081 27.12 0.0628
-19.6875 -85.0965 0.3510 0.2910 0.3580 0.00000 8.449 1500.0 12.0 0.0000 0.1767 23.68 0.0628
-16.8750 -85.0965 0.3047 0.3251 0.3703 0.00000 8.920 1500.0 12.0 0.0000 0.1500 20.65 0.0628
-14.0625 -85.0965 0.3469 0.2935 0.3596 0.00000 8.494 1500.0 12.0 0.0000 0.1431 19.23 0.0628
-11.2500 -85.0965 0.3428 0.3108 0.3464 0.00000 8.424 1500.0 12.0 0.0000 0.1254 16.77 0.0628
-8.4375 -85.0965 0.3583 0.3133 0.3285 0.00000 8.156 1500.0 12.0 0.0000 0.1147 15.08 0.0628
-5.6250 -85.0965 0.3719 0.2959 0.3323 0.00000 8.077 1500.0 12.0 0.0000 0.1142 14.95 0.0628
-2.8125 -85.0965 0.3456 0.3015 0.3529 0.00000 8.452 1500.0 12.0 0.0000 0.1135 15.20 0.0628
0.0000 -87.8638 0.4982 0.2024 0.2994 0.00000 6.792 1500.0 12.0 0.0000 0.3353 40.60 0.0628
2.8125 -87.8638 0.4982 0.2024 0.2994 0.00000 6.792 1500.0 12.0 0.0000 0.3499 42.36 0.0628
5.6250 -87.8638 0.4913 0.2051 0.3035 0.00000 6.792 1500.0 12.0 0.0000 0.3639 44.31 0.0628
8.4375 -87.8638 0.4876 0.2066 0.3058 0.00000 6.792 1500.0 12.0 0.0000 0.3797 46.38 0.0628
11.2500 -87.8638 0.4880 0.2065 0.3056 0.00000 6.792 1500.0 12.0 0.0000 0.3990 48.72 0.0628
14.0625 -87.8638 0.4814 0.2091 0.3095 0.00000 6.792 1500.0 12.0 0.0000 0.4188 51.43 0.0628
16.8750 -87.8638 0.4858 0.2073 0.3068 0.00000 6.793 1500.0 12.0 0.0000 0.4445 54.37 0.0628
19.6875 -87.8638 0.4982 0.2024 0.2994 0.00000 6.793 1500.0 12.0 0.0000 0.4762 57.66 0.0628
22.5000 -87.8638 0.4982 0.2024 0.2994 0.00000 6.793 1500.0 12.0 0.0000 0.5072 61.41 0.0628
25.3125 -87.8638 0.4982 0.2024 0.2994 0.00000 6.793 1500.0 12.0 0.0000 0.5434 65.80 0.0628
28.1250 -87.8638 0.4982 0.2024 0.2994 0.00000 6.793 1500.0 12.0 0.0000 0.5872 71.09 0.0628
30.9375 -87.8638 0.4729 0.2176 0.3095 0.00000 7.078 1500.0 12.0 0.0000 0.6300 77.67 0.0628
33.7500 -87.8638 0.4604 0.2251 0.3145 0.00000 7.218 1500.0 12.0 0.0000 0.6858 85.30 0.0628
36.5625 -87.8638 0.4463 0.2336 0.3201 0.00000 7.376 1500.0 12.0 0.0000 0.6532 82.06 0.0628
39.3750 -87.8638 0.4789 0.2140 0.3071 0.00000 7.012 1500.0 12.0 0.0000 0.6412 78.72 0.0628
42.1875 -87.8638 0.4982 0.2024 0.2994 0.00000 6.796 1500.0 12.0 0.0000 0.6325 76.58 0.0628
45.0000 -87.8638 0.4982 0.2024 0.2994 0.00000 6.797 1500.0 12.0 0.0000 0.6241 75.56 0.0628
47.8125 -87.8638 0.4982 0.2024 0.2994 0.00000 6.797 1500.0 12.0 0.0000 0.6231 75.45 0.0628
50.6250 -87.8638 0.4982 0.2024 0.2994 0.00000 6.797 1500.0 12.0 0.0000 0.6290 76.16 0.0628
53.4375 -87.8638 0.4982 0.2024 0.2994 0.00000 6.797 1500.0 12.0 0.0000 0.6422 77.75 0.0628
56.2500 -87.8638 0.4982 0.2024 0.2994 0.00000 6.797 1500.0 12.0 0.0000 0.6643 80.43 0.0628
59.0625 -87.8638 0.4982 0.2024 0.2994 0.00000 6.797 1500.0 12.0 0.0000 0.6967 84.35 0.0628
61.8750 -87.8638 0.4982 0.2024 0.2994 0.00000 6.797 1500.0 12.0 0.0000 0.7414 89.76 0.0628
64.6875 -87.8638 0.4982 0.2024 0.2994 0.00000 6.797 1500.0 12.0 0.0000 0.8011 96.99 0.0628
67.5000 -87.8638 0.4982 0.2024 0.2994 0.00000 6.796 1500.0 12.0 0.0000 0.8812 106.68 0.0628
70.3125 -87.8638 0.4982 0.2024 0.2994 0.00000 6.796 1500.0 12.0 0.0000 0.9864 119.42 0.0628
73.1250 -87.8638 0.4982 0.2024 0.2994 0.00000 6.795 1500.0 12.0 0.0000 1.1232 135.98 0.0628
75.9375 -87.8638 0.4982 0.2024 0.2994 0.00000 6.794 1500.0 12.0 0.0000 1.3125 158.90 0.0628
78.7500 -87.8638 0.4982 0.2024 0.2994 0.00000 6.794 1500.0 12.0 0.0000 1.2550 151.94 0.0628
81.5625 -87.8638 0.4982 0.2024 0.2994 0.00000 6.793 1500.0 12.0 0.0000 1.1520 139.47 0.0628
84.3750 -87.8638 0.4982 0.2024 0.2994 0.00000 6.793 1500.0 12.0 0.0000 1.0769 130.38 0.0628
87.1875 -87.8638 0.4982 0.2024 0.2994 0.00000 6.794 1500.0 12.0 0.0000 1.0310 124.82 0.0628
90.0000 -87.8638 0.4982 0.2024 0.2994 0.00000 6.795 1500.0 12.0 0.0000 1.0020 121.31 0.0628
92.8125 -87.8638 0.4982 0.2024 0.2994 0.00000 6.795 1500.0 12.0 0.0000 0.9812 118.79 0.0628
95.6250 -87.8638 0.4982 0.2024 0.2994 0.00000 6.795 1500.0 12.0 0.0000 0.9761 118.17 0.0628
98.4375 -87.8638 0.4982 0.2024 0.2994 0.00000 6.796 1500.0 12.0 0.0000 0.9859 119.36 0.0628
101.2500 -87.8638 0.4982 0.2024 0.2994 0.00000 6.796 1500.0 12.0 0.0000 1.0124 122.57 0.0628
104.0625 -87.8638 0.4982 0.2024 0.2994 0.00000 6.796 1500.0 12.0 0.0000 1.0574 128.02 0.0628
106.8750 -87.8638 0.4982 0.2024 0.2994 0.00000 6.797 1500.0 12.0 0.0000 1.1307 136.89 0.0628
109.6875 -87.8638 0.4982 0.2024 0.2994 0.00000 6.798 1500.0 12.0 0.0000 1.2358 149.62 0.0628
112.5000 -87.8638 0.4982 0.2024 0.2994 0.00000 6.799 1500.0 12.0 0.0000 1.3951 168.91 0.0628
115.3125 -87.8638 0.4982 0.2024 0.2994 0.00000 6.799 1500.0 12.0 0.0000 1.6340 197.82 0.0628
118.1250 -87.8638 0.4982 0.2024 0.2994 0.00000 6.800 1500.0 12.0 0.0000 2.0377 246.70 0.0628
120.9375 -87.8638 0.4982 0.2024 0.2994 0.00000 6.800 1500.0 12.0 0.0000 1.9868 240.55 0.0628
123.7500 -87.8638 0.4982 0.2024 0.2994 0.00000 6.800 1500.0 12.0 0.0000 1.6261 196.88 0.0628
126.5625 -87.8638 0.4982 0.2024 0.2994 0.00000 6.800 1500.0 12.0 0.0000 1.3704 165.91 0.0628
129.3750 -87.8638 0.4982 0.2024 0.2994 0.00000 6.800 1500.0 12.0 0.0000 1.1831 143.24 0.0628
132.1875 -87.8638 0.4982 0.2024 0.2994 0.00000 6.800 1500.0 12.0 0.0000 1.0420 126.16 0.0628
135.0000 -87.8638 0.4982 0.2024 0.2994 0.00000 6.800 1500.0 12.0 0.0000 0.9337 113.05 0.0628
137.8125 -87.8638 0.4982 0.2024 0.2994 0.00000 6.800 1500.0 12.0 0.0000 0.8501 102.92 0.0628
140.6250 -87.8638 0.4982 0.2024 0.2994 0.00000 6.800 1500.0 12.0 0.0000 0.7770 94.07 0.0628
143.4375 -87.8638 0.4982 0.2024 0.2994 0.00000 6.800 1500.0 12.0 0.0000 0.6581 79.67 0.0628
146.2500 -87.8638 0.4982 0.2024 0.2994 0.00000 6.800 1500.0 12.0 0.0000 0.5681 68.78 0.0628
149.0625 -87.8638 0.4982 0.2024 0.2994 0.00000 6.800 1500.0 12.0 0.0000 0.4980 60.29 0.0628
151.8750 -87.8638 0.4869 0.2092 0.3039 0.00000 6.926 1500.0 12.0 0.0000 0.4392 53.61 0.0628
154.6875 -87.8638 0.3931 0.2657 0.3412 0.00000 7.977 1500.0 12.0 0.0000 0.3728 48.58 0.0628
157.5000 -87.8638 0.4071 0.2572 0.3357 0.00000 7.820 1500.0 12.0 0.0000 0.3404 43.94 0.0628
160.3125 -87.8638 0.3344 0.3011 0.3645 0.00000 8.635 1500.0 12.0 0.0000 0.2981 40.39 0.0628
163.1250 -87.8638 0.4158 0.2520 0.3322 0.00000 7.723 1500.0 12.0 0.0000 0.2879 36.94 0.0628
165.9375 -87.8638 0.4055 0.2582 0.3363 0.00000 7.838 1500.0 12.0 0.0000 0.2652 34.26 0.0628
168.7500 -87.8638 0.3147 0.3129 0.3723 0.00000 8.855 1500.0 12.0 0.0000 0.2343 32.14 0.0628
171.5625 -87.8638 0.3154 0.3125 0.3721 0.00000 8.847 1500.0 12.0 0.0000 0.2196 30.11 0.0628
174.3750 -87.8638 0.3488 0.2937 0.3575 0.00000 8.463 1500.0 12.0 0.0000 0.2097 28.12 0.0628
177.1875 -87.8638 0.3450 0.2980 0.3570 0.00000 8.490 1500.0 12.0 0.0000 0.1966 26.40 0.0628
180.0000 -87.8638 0.2729 0.3428 0.3843 0.00000 9.287 1500.0 12.0 0.0000 0.1784 25.07 0.0628
-177.1875 -87.8638 0.3058 0.3266 0.3677 0.00000 8.890 1500.0 12.0 0.0000 0.1713 23.54 0.0628
-174.3750 -87.8638 0.2990 0.3224 0.3786 0.00000 9.032 1500.0 12.0 0.0000 0.1678 23.25 0.0628
-171.5625 -87.8638 0.3526 0.2901 0.3573 0.00000 8.430 1500.0 12.0 0.0000 0.1662 22.24 0.0628
-168.7500 -87.8638 0.3605 0.2875 0.3520 0.00000 8.325 1500.0 12.0 0.0000 0.1597 21.24 0.0628
-165.9375 -87.8638 0.2932 0.3259 0.3809 0.00000 9.097 1500.0 12.0 0.0000 0.1495 20.78 0.0628
-163.1250 -87.8638 0.2709 0.3471 0.3820 0.00000 9.285 1500.0 12.0 0.0000 0.1394 19.59 0.0628
-160.3125 -87.8638 0.3185 0.3106 0.3708 0.00000 8.812 1500.0 12.0 0.0000 0.1422 19.46 0.0628
-157.5000 -87.8638 0.2864 0.3433 0.3704 0.00000 9.066 1500.0 12.0 0.0000 0.1298 18.01 0.0628
-154.6875 -87.8638 0.2594 0.3673 0.3733 0.00000 9.307 1500.0 12.0 0.0000 0.1214 17.07 0.0628
-151.8750 -87.8638 0.3432 0.2958 0.3610 0.00000 8.534 1500.0 12.0 0.0000 0.1328 17.88 0.0628
-149.0625 -87.8638 0.3287 0.3045 0.3668 0.00000 8.696 1500.0 12.0 0.0000 0.1289 17.52 0.0628
-146.2500 -87.8638 0.3106 0.3154 0.3740 0.00000 8.899 1500.0 12.0 0.0000 0.1250 17.19 0.0628
-143.4375 -87.8638 0.3452 0.3013 0.3535 0.00000 8.457 1500.0 12.0 0.0000 0.1226 16.44 0.0628
-140.6250 -87.8638 0.3288 0.3125 0.3587 0.00000 8.630 1500.0 12.0 0.0000 0.1190 16.12 0.0628
-137.8125 -87.8638 0.3795 0.2772 0.3433 0.00000 8.099 1500.0 12.0 0.0000 0.1231 16.16 0.0628
-135.0000 -87.8638 0.3529 0.2899 0.3572 0.00000 8.424 1500.0 12.0 0.0000 0.1215 16.26 0.0628
-132.1875 -87.8638 0.3509 0.2911 0.3580 0.00000 8.445 1500.0 12.0 0.0000 0.1203 16.13 0.0628
-129.3750 -87.8638 0.3464 0.2938 0.3598 0.00000 8.496 1500.0 12.0 0.0000 0.1192 16.02 0.0628
-126.5625 -87.8638 0.3193 0.3102 0.3705 0.00000 8.799 1500.0 12.0 0.0000 0.1168 15.98 0.0628
-123.7500 -87.8638 0.3871 0.2693 0.3436 0.00000 8.038 1500.0 12.0 0.0000 0.1211 15.84 0.0628
-120.9375 -87.8638 0.3799 0.2737 0.3465 0.00000 8.120 1500.0 12.0 0.0000 0.1204 15.83 0.0628
-118.1250 -87.8638 0.4430 0.2356 0.3214 0.00000 7.411 1500.0 12.0 0.0000 0.1251 15.75 0.0628
-115.3125 -87.8638 0.4723 0.2180 0.3097 0.00000 7.083 1500.0 12.0 0.0000 0.1279 15.77 0.0628
-112.5000 -87.8638 0.4811 0.2126 0.3062 0.00000 6.984 1500.0 12.0 0.0000 0.1293 15.84 0.0628
-109.6875 -87.8638 0.4982 0.2024 0.2994 0.00000 6.794 1500.0 12.0 0.0000 0.1319 15.97 0.0628
-106.8750 -87.8638 0.4982 0.2024 0.2994 0.00000 6.794 1500.0 12.0 0.0000 0.1336 16.17 0.0628
-104.0625 -87.8638 0.4982 0.2024 0.2994 0.00000 6.795 1500.0 12.0 0.0000 0.1355 16.40 0.0628
-101.2500 -87.8638 0.4982 0.2024 0.2994 0.00000 6.795 1500.0 12.0 0.0000 0.1372 16.61 0.0628
-98.4375 -87.8638 0.4982 0.2024 0.2994 0.00000 6.795 1500.0 12.0 0.0000 0.1388 16.81 0.0628
-95.6250 -87.8638 0.4982 0.2024 0.2994 0.00000 6.795 1500.0 12.0 0.0000 0.1407 17.04 0.0628
-92.8125 -87.8638 0.4982 0.2024 0.2994 0.00000 6.795 1500.0 12.0 0.0000 0.1426 17.27 0.0628
-90.0000 -87.8638 0.4982 0.2024 0.2994 0.00000 6.795 1500.0 12.0 0.0000 0.1448 17.53 0.0628
-87.1875 -87.8638 0.4982 0.2024 0.2994 0.00000 6.794 1500.0 12.0 0.0000 0.1468 17.78 0.0628
-84.3750 -87.8638 0.4982 0.2024 0.2994 0.00000 6.794 1500.0 12.0 0.0000 0.1496 18.11 0.0628
-81.5625 -87.8638 0.4928 0.2045 0.3026 0.00000 6.794 1500.0 12.0 0.0000 0.1520 18.48 0.0628
-78.7500 -87.8638 0.4618 0.2170 0.3212 0.00000 6.795 1500.0 12.0 0.0000 0.1514 18.89 0.0628
-75.9375 -87.8638 0.4660 0.2153 0.3187 0.00000 6.795 1500.0 12.0 0.0000 0.1550 19.27 0.0628
-73.1250 -87.8638 0.4379 0.2266 0.3356 0.00000 6.794 1500.0 12.0 0.0000 0.1545 19.66 0.0628
-70.3125 -87.8638 0.4565 0.2191 0.3244 0.00000 6.794 1500.0 12.0 0.0000 0.1600 20.05 0.0628
-67.5000 -87.8638 0.4343 0.2280 0.3377 0.00000 6.794 1500.0 12.0 0.0000 0.1608 20.52 0.0628
-64.6875 -87.8638 0.4339 0.2282 0.3379 0.00000 6.794 1500.0 12.0 0.0000 0.1646 21.01 0.0628
-61.8750 -87.8638 0.4326 0.2287 0.3387 0.00000 6.794 1500.0 12.0 0.0000 0.1684 21.51 0.0628
-59.0625 -87.8638 0.4228 0.2326 0.3446 0.00000 6.794 1500.0 12.0 0.0000 0.1710 22.02 0.0628
-56.2500 -87.8638 0.4269 0.2310 0.3421 0.00000 6.794 1500.0 12.0 0.0000 0.1759 22.57 0.0628
-53.4375 -87.8638 0.4229 0.2326 0.3445 0.00000 6.795 1500.0 12.0 0.0000 0.1799 23.16 0.0628
-50.6250 -87.8638 0.4192 0.2341 0.3467 0.00000 6.795 1500.0 12.0 0.0000 0.1840 23.76 0.0628
-47.8125 -87.8638 0.4166 0.2351 0.3483 0.00000 6.795 1500.0 12.0 0.0000 0.1880 24.32 0.0628
-45.0000 -87.8638 0.4360 0.2273 0.3367 0.00000 6.795 1500.0 12.0 0.0000 0.1958 24.94 0.0628
-42.1875 -87.8638 0.4234 0.2324 0.3443 0.00000 6.794 1500.0 12.0 0.0000 0.1982 25.50 0.0628
-39.3750 -87.8638 0.4369 0.2270 0.3362 0.00000 6.794 1500.0 12.0 0.0000 0.2053 26.14 0.0628
-36.5625 -87.8638 0.4702 0.2136 0.3162 0.00000 6.794 1500.0 12.0 0.0000 0.2159 26.76 0.0628
-33.7500 -87.8638 0.4894 0.2059 0.3047 0.00000 6.794 1500.0 12.0 0.0000 0.2257 27.52 0.0628
-30.9375 -87.8638 0.4857 0.2074 0.3069 0.00000 6.793 1500.0 12.0 0.0000 0.2317 28.34 0.0628
-28.1250 -87.8638 0.4860 0.2073 0.3068 0.00000 6.793 1500.0 12.0 0.0000 0.2377 29.07 0.0628
-25.3125 -87.8638 0.4875 0.2067 0.3059 0.00000 6.793 1500.0 12.0 0.0000 0.2441 29.82 0.0628
-22.5000 -87.8638 0.4982 0.2024 0.2994 0.00000 6.792 1500.0 12.0 0.0000 0.2532 30.65 0.0628
-19.6875 -87.8638 0.4982 0.2023 0.2994 0.00000 6.792 1500.0 12.0 0.0000 0.2609 31.58 0.0628
-16.8750 -87.8638 0.4982 0.2023 0.2994 0.00000 6.792 1500.0 12.0 0.0000 0.2692 32.59 0.0628
-14.0625 -87.8638 0.4982 0.2024 0.2994 0.00000 6.792 1500.0 12.0 0.0000 0.2781 33.66 0.0628
-11.2500 -87.8638 0.4982 0.2024 0.2994 0.00000 6.792 1500.0 12.0 0.0000 0.2876 34.82 0.0628
-8.4375 -87.8638 0.4982 0.2024 0.2994 0.00000 6.792 1500.0 12.0 0.0000 0.2983 36.11 0.0628
-5.6250 -87.8638 0.4982 0.2024 0.2994 0.00000 6.792 1500.0 12.0 0.0000 0.3098 37.50 0.0628
-2.8125 -87.8638 0.4982 0.2024 0.2994 0.00000 6.792 1500.0 12.0 0.0000 0.3220 38.99 0.0628
