Lon Lat sand clay silt orgc ph bulkdensity cn soilc depth awc bedrockfrac
0.0000 87.8638 0.5105 0.2013 0.2883 0.00000 6.711 1500.0 12.0 0.0000 0.0200 10.00 0.0810
2.8125 87.8638 0.5021 0.2051 0.2927 0.00000 6.732 1500.0 12.0 0.0000 0.0200 10.00 0.0797
5.6250 87.8638 0.4930 0.2091 0.2979 0.00000 6.759 1500.0 12.0 0.0000 0.0200 10.00 0.0767
8.4375 87.8638 0.5108 0.1999 0.2893 0.00000 6.727 1500.0 12.0 0.0000 0.0200 10.00 0.0753
11.2500 87.8638 0.5028 0.2035 0.2937 0.00000 6.749 1500.0 12.0 0.0000 0.0200 10.00 0.0733
14.0625 87.8638 0.5200 0.1946 0.2854 0.00000 6.718 1500.0 12.0 0.0000 0.0200 10.00 0.0719
16.8750 87.8638 0.5103 0.1989 0.2908 0.00000 6.744 1500.0 12.0 0.0000 0.0200 10.00 0.0692
19.6875 87.8638 0.5069 0.2004 0.2928 0.00000 6.753 1500.0 12.0 0.0000 0.0200 10.00 0.0681
22.5000 87.8638 0.5286 0.1892 0.2821 0.00000 6.713 1500.0 12.0 0.0000 0.0390 10.00 0.0669
25.3125 87.8638 0.5208 0.1931 0.2861 0.00000 6.729 1500.0 12.0 0.0000 0.0594 10.00 0.0666
28.1250 87.8638 0.5109 0.1973 0.2919 0.00000 6.762 1500.0 12.0 0.0000 0.3508 42.02 0.0628
36.5625 87.8638 0.4966 0.2044 0.2990 0.00000 6.796 1500.0 12.0 0.0000 0.8590 104.06 0.0628
39.3750 87.8638 0.5153 0.1950 0.2896 0.00000 6.762 1500.0 12.0 0.0000 1.7665 210.83 0.0628
42.1875 87.8638 0.4911 0.2053 0.3036 0.00000 6.774 1500.0 12.0 0.0000 5.0000 608.95 0.0628
47.8125 87.8638 0.5183 0.1936 0.2882 0.00000 6.756 1500.0 12.0 0.0000 5.0000 595.37 0.0628
50.6250 87.8638 0.5059 0.1994 0.2946 0.00000 6.775 1500.0 12.0 0.0000 5.0000 601.35 0.0628
53.4375 87.8638 0.5062 0.1996 0.2942 0.00000 6.781 1500.0 12.0 0.0000 5.0000 601.11 0.0628
56.2500 87.8638 0.5045 0.2004 0.2950 0.00000 6.784 1500.0 12.0 0.0000 5.0000 601.90 0.0628
59.0625 87.8638 0.5041 0.2000 0.2959 0.00000 6.772 1500.0 12.0 0.0000 5.0000 602.34 0.0628
61.8750 87.8638 0.5201 0.1927 0.2873 0.00000 6.753 1500.0 12.0 0.0000 5.0000 594.51 0.0628
64.6875 87.8638 0.5208 0.1923 0.2869 0.00000 6.751 1500.0 12.0 0.0000 5.0000 594.16 0.0628
67.5000 87.8638 0.5393 0.1820 0.2787 0.00000 6.692 1500.0 12.0 0.0000 5.0000 585.74 0.0628
70.3125 87.8638 0.5278 0.1888 0.2834 0.00000 6.737 1500.0 12.0 0.0000 5.0000 590.83 0.0628
73.1250 87.8638 0.5215 0.1920 0.2866 0.00000 6.750 1500.0 12.0 0.0000 5.0000 593.85 0.0628
75.9375 87.8638 0.5277 0.1889 0.2834 0.00000 6.738 1500.0 12.0 0.0000 5.0000 590.90 0.0628
78.7500 87.8638 0.5137 0.1952 0.2911 0.00000 6.752 1500.0 12.0 0.0000 5.0000 597.78 0.0628
81.5625 87.8638 0.5049 0.2003 0.2949 0.00000 6.783 1500.0 12.0 0.0000 5.0000 601.74 0.0628
84.3750 87.8638 0.5141 0.1951 0.2907 0.00000 6.755 1500.0 12.0 0.0000 5.0000 597.52 0.0628
87.1875 87.8638 0.5057 0.1999 0.2945 0.00000 6.782 1500.0 12.0 0.0000 5.0000 601.36 0.0628
90.0000 87.8638 0.4828 0.2100 0.3072 0.00000 6.789 1500.0 12.0 0.0000 5.0000 612.68 0.0628
92.8125 87.8638 0.4618 0.2185 0.3197 0.00000 6.777 1500.0 12.0 0.0000 5.0000 623.34 0.0628
95.6250 87.8638 0.4476 0.2242 0.3282 0.00000 6.767 1500.0 12.0 0.0000 5.0000 630.57 0.0628
98.4375 87.8638 0.4602 0.2191 0.3207 0.00000 6.778 1500.0 12.0 0.0000 5.0000 624.18 0.0628
101.2500 87.8638 0.4359 0.2289 0.3352 0.00000 6.772 1500.0 12.0 0.0000 5.0000 636.57 0.0628
104.0625 87.8638 0.4535 0.2218 0.3247 0.00000 6.776 1500.0 12.0 0.0000 5.0000 627.58 0.0628
106.8750 87.8638 0.4744 0.2133 0.3123 0.00000 6.794 1500.0 12.0 0.0000 5.0000 616.97 0.0628
109.6875 87.8638 0.4662 0.2166 0.3172 0.00000 6.800 1500.0 12.0 0.0000 5.0000 621.16 0.0628
112.5000 87.8638 0.4813 0.2106 0.3082 0.00000 6.800 1500.0 12.0 0.0000 5.0000 613.48 0.0628
115.3125 87.8638 0.4421 0.2265 0.3314 0.00000 6.761 1500.0 12.0 0.0000 5.0000 633.37 0.0628
118.1250 87.8638 0.4728 0.2140 0.3132 0.00000 6.794 1500.0 12.0 0.0000 5.0000 617.78 0.0628
120.9375 87.8638 0.4500 0.2233 0.3267 0.00000 6.762 1500.0 12.0 0.0000 5.0000 629.37 0.0628
123.7500 87.8638 0.4885 0.2077 0.3039 0.00000 6.800 1500.0 12.0 0.0000 5.0000 609.81 0.0628
126.5625 87.8638 0.4672 0.2163 0.3165 0.00000 6.780 1500.0 12.0 0.0000 5.0000 620.63 0.0628
129.3750 87.8638 0.4966 0.2044 0.2990 0.00000 6.800 1500.0 12.0 0.0000 5.0000 605.66 0.0628
132.1875 87.8638 0.4966 0.2044 0.2990 0.00000 6.800 1500.0 12.0 0.0000 5.0000 605.66 0.0628
135.0000 87.8638 0.4966 0.2044 0.2990 0.00000 6.800 1500.0 12.0 0.0000 5.0000 605.66 0.0628
137.8125 87.8638 0.4966 0.2044 0.2990 0.00000 6.800 1500.0 12.0 0.0000 5.0000 605.66 0.0628
140.6250 87.8638 0.4966 0.2044 0.2990 0.00000 6.800 1500.0 12.0 0.0000 5.0000 605.66 0.0628
143.4375 87.8638 0.4966 0.2044 0.2990 0.00000 6.800 1500.0 12.0 0.0000 5.0000 605.66 0.0628
146.2500 87.8638 0.4966 0.2044 0.2990 0.00000 6.787 1500.0 12.0 0.0000 0.1144 13.86 0.0628
149.0625 87.8638 0.4958 0.2055 0.2987 0.00000 6.775 1500.0 12.0 0.0000 0.0200 10.00 0.0661
151.8750 87.8638 0.4942 0.2075 0.2983 0.00000 6.759 1500.0 12.0 0.0000 0.0200 10.00 0.0721
154.6875 87.8638 0.4937 0.2082 0.2981 0.00000 6.754 1500.0 12.0 0.0000 0.0200 10.00 0.0740
157.5000 87.8638 0.4926 0.2096 0.2978 0.00000 6.741 1500.0 12.0 0.0000 0.0200 10.00 0.0782
160.3125 87.8638 0.4915 0.2110 0.2975 0.00000 6.727 1500.0 12.0 0.0000 0.0200 10.00 0.0824
163.1250 87.8638 0.4907 0.2121 0.2972 0.00000 6.715 1500.0 12.0 0.0000 0.0200 10.00 0.0857
165.9375 87.8638 0.4911 0.2116 0.2973 0.00000 6.720 1500.0 12.0 0.0000 0.0200 10.00 0.0842
168.7500 87.8638 0.4922 0.2102 0.2976 0.00000 6.734 1500.0 12.0 0.0000 0.0200 10.00 0.0800
171.5625 87.8638 0.4946 0.2070 0.2984 0.00000 6.763 1500.0 12.0 0.0000 0.0200 10.00 0.0705
174.3750 87.8638 0.4901 0.2129 0.2970 0.00000 6.706 1500.0 12.0 0.0000 0.0200 10.00 0.0880
177.1875 87.8638 0.4704 0.2229 0.3068 0.00000 6.661 1500.0 12.0 0.0000 0.0200 10.00 0.0953
180.0000 87.8638 0.4525 0.2314 0.3161 0.00000 6.627 1500.0 12.0 0.0000 0.0200 10.00 0.0996
-177.1875 87.8638 0.4584 0.2294 0.3122 0.00000 6.577 1500.0 12.0 0.0000 0.0200 10.00 0.1052
-174.3750 87.8638 0.4151 0.2501 0.3348 0.00000 6.546 1500.0 12.0 0.0000 0.0200 10.00 0.1107
-171.5625 87.8638 0.4083 0.2547 0.3370 0.00000 6.513 1500.0 12.0 0.0000 0.0200 10.00 0.1172
-168.7500 87.8638 0.4188 0.2510 0.3302 0.00000 6.511 1500.0 12.0 0.0000 0.0200 10.00 0.1204
-165.9375 87.8638 0.3704 0.2733 0.3564 0.00000 6.443 1500.0 12.0 0.0000 0.0200 10.00 0.1249
-163.1250 87.8638 0.3773 0.2714 0.3513 0.00000 6.433 1500.0 12.0 0.0000 0.0200 10.00 0.1292
-160.3125 87.8638 0.3140 0.3005 0.3855 0.00000 6.353 1500.0 12.0 0.0000 0.0200 10.00 0.1329
-157.5000 87.8638 0.3817 0.2715 0.3469 0.00000 6.405 1500.0 12.0 0.0000 0.0200 10.00 0.1368
-154.6875 87.8638 0.3504 0.2863 0.3633 0.00000 6.360 1500.0 12.0 0.0000 0.0200 10.00 0.1401
-151.8750 87.8638 0.3762 0.2753 0.3485 0.00000 6.366 1500.0 12.0 0.0000 0.0200 10.00 0.1427
-149.0625 87.8638 0.3584 0.2845 0.3571 0.00000 6.340 1500.0 12.0 0.0000 0.0200 10.00 0.1467
-146.2500 87.8638 0.3392 0.2936 0.3672 0.00000 6.314 1500.0 12.0 0.0000 0.0200 10.00 0.1485
-143.4375 87.8638 0.3196 0.3035 0.3769 0.00000 6.281 1500.0 12.0 0.0000 0.0200 10.00 0.1518
-140.6250 87.8638 0.3133 0.3071 0.3796 0.00000 6.264 1500.0 12.0 0.0000 0.0200 10.00 0.1544
-137.8125 87.8638 0.3537 0.2894 0.3569 0.00000 6.294 1500.0 12.0 0.0000 0.0200 10.00 0.1571
-135.0000 87.8638 0.3180 0.3064 0.3756 0.00000 6.250 1500.0 12.0 0.0000 0.0200 10.00 0.1593
-132.1875 87.8638 0.3349 0.2994 0.3658 0.00000 6.256 1500.0 12.0 0.0000 0.0200 10.00 0.1620
-129.3750 87.8638 0.3051 0.3138 0.3811 0.00000 6.217 1500.0 12.0 0.0000 0.0200 10.00 0.1644
-126.5625 87.8638 0.3185 0.3084 0.3731 0.00000 6.219 1500.0 12.0 0.0000 0.0200 10.00 0.1674
-123.7500 87.8638 0.3014 0.3167 0.3818 0.00000 6.190 1500.0 12.0 0.0000 0.0200 10.00 0.1689
-120.9375 87.8638 0.3077 0.3145 0.3778 0.00000 6.194 1500.0 12.0 0.0000 0.0200 10.00 0.1711
-118.1250 87.8638 0.3181 0.3097 0.3722 0.00000 6.206 1500.0 12.0 0.0000 0.0200 10.00 0.1713
-115.3125 87.8638 0.3355 0.3018 0.3627 0.00000 6.223 1500.0 12.0 0.0000 0.0200 10.00 0.1720
-112.5000 87.8638 0.3154 0.3114 0.3733 0.00000 6.203 1500.0 12.0 0.0000 0.0200 10.00 0.1726
-109.6875 87.8638 0.3054 0.3158 0.3788 0.00000 6.198 1500.0 12.0 0.0000 0.0200 10.00 0.1719
-106.8750 87.8638 0.3439 0.2975 0.3586 0.00000 6.215 1500.0 12.0 0.0000 0.0200 10.00 0.1716
-104.0625 87.8638 0.3469 0.2958 0.3573 0.00000 6.184 1500.0 12.0 0.0000 0.0200 10.00 0.1722
-101.2500 87.8638 0.3994 0.2700 0.3305 0.00000 6.140 1500.0 12.0 0.0000 0.0200 10.00 0.1717
-98.4375 87.8638 0.3937 0.2725 0.3338 0.00000 6.151 1500.0 12.0 0.0000 0.0200 10.00 0.1705
-95.6250 87.8638 0.3140 0.3112 0.3748 0.00000 6.208 1500.0 12.0 0.0000 0.0200 10.00 0.1705
-92.8125 87.8638 0.3227 0.3069 0.3704 0.00000 6.209 1500.0 12.0 0.0000 0.0200 10.00 0.1702
-90.0000 87.8638 0.4068 0.2662 0.3270 0.00000 6.163 1500.0 12.0 0.0000 0.0200 10.00 0.1700
-87.1875 87.8638 0.4650 0.2388 0.2963 0.00000 6.154 1500.0 12.0 0.0000 0.0200 10.00 0.1703
-84.3750 87.8638 0.4809 0.2314 0.2878 0.00000 6.199 1500.0 12.0 0.0000 0.0200 10.00 0.1685
-81.5625 87.8638 0.5386 0.2048 0.2566 0.00000 6.232 1500.0 12.0 0.0000 0.0200 10.00 0.1678
-78.7500 87.8638 0.5132 0.2175 0.2693 0.00000 6.322 1500.0 12.0 0.0000 0.0200 10.00 0.1664
-75.9375 87.8638 0.4879 0.2300 0.2821 0.00000 6.379 1500.0 12.0 0.0000 0.0200 10.00 0.1661
-73.1250 87.8638 0.4701 0.2388 0.2910 0.00000 6.420 1500.0 12.0 0.0000 0.0200 10.00 0.1659
-70.3125 87.8638 0.4704 0.2385 0.2911 0.00000 6.426 1500.0 12.0 0.0000 0.0200 10.00 0.1649
-67.5000 87.8638 0.4707 0.2381 0.2912 0.00000 6.433 1500.0 12.0 0.0000 0.0200 10.00 0.1636
-64.6875 87.8638 0.4713 0.2373 0.2914 0.00000 6.445 1500.0 12.0 0.0000 0.0200 10.00 0.1612
-61.8750 87.8638 0.4729 0.2353 0.2919 0.00000 6.473 1500.0 12.0 0.0000 0.0200 10.00 0.1551
-59.0625 87.8638 0.4735 0.2345 0.2920 0.00000 6.485 1500.0 12.0 0.0000 0.0200 10.00 0.1526
-56.2500 87.8638 0.4782 0.2284 0.2935 0.00000 6.560 1500.0 12.0 0.0000 0.0200 10.00 0.1342
-53.4375 87.8638 0.4809 0.2248 0.2943 0.00000 6.603 1500.0 12.0 0.0000 0.0200 10.00 0.1235
-50.6250 87.8638 0.4845 0.2202 0.2953 0.00000 6.655 1500.0 12.0 0.0000 0.0200 10.00 0.1096
-47.8125 87.8638 0.4858 0.2185 0.2957 0.00000 6.672 1500.0 12.0 0.0000 0.0200 10.00 0.1047
-45.0000 87.8638 0.4955 0.2059 0.2986 0.00000 6.778 1500.0 12.0 0.0000 0.0200 10.00 0.0672
-42.1875 87.8638 0.4928 0.2094 0.2978 0.00000 6.755 1500.0 12.0 0.0000 0.0200 10.00 0.0775
-39.3750 87.8638 0.4903 0.2126 0.2971 0.00000 6.729 1500.0 12.0 0.0000 0.0200 10.00 0.0871
-36.5625 87.8638 0.4883 0.2152 0.2965 0.00000 6.708 1500.0 12.0 0.0000 0.0200 10.00 0.0947
-33.7500 87.8638 0.4841 0.2206 0.2952 0.00000 6.656 1500.0 12.0 0.0000 0.0200 10.00 0.1110
-30.9375 87.8638 0.4852 0.2192 0.2956 0.00000 6.671 1500.0 12.0 0.0000 0.0200 10.00 0.1067
-28.1250 87.8638 0.4869 0.2171 0.2961 0.00000 6.692 1500.0 12.0 0.0000 0.0200 10.00 0.1004
-25.3125 87.8638 0.4908 0.2119 0.2972 0.00000 6.737 1500.0 12.0 0.0000 0.0200 10.00 0.0851
-22.5000 87.8638 0.4892 0.2140 0.2968 0.00000 6.720 1500.0 12.0 0.0000 0.0200 10.00 0.0913
-19.6875 87.8638 0.4885 0.2149 0.2966 0.00000 6.713 1500.0 12.0 0.0000 0.0200 10.00 0.0940
-16.8750 87.8638 0.4901 0.2129 0.2970 0.00000 6.730 1500.0 12.0 0.0000 0.0200 10.00 0.0879
-11.2500 87.8638 0.4907 0.2121 0.2972 0.00000 6.737 1500.0 12.0 0.0000 0.0200 10.00 0.0855
-8.4375 87.8638 0.4900 0.2130 0.2970 0.00000 6.730 1500.0 12.0 0.0000 0.0200 10.00 0.0883
-5.6250 87.8638 0.4911 0.2115 0.2973 0.00000 6.742 1500.0 12.0 0.0000 0.0200 10.00 0.0839
-2.8125 87.8638 0.4915 0.2110 0.2975 0.00000 6.745 1500.0 12.0 0.0000 0.0200 10.00 0.0825
39.3750 85.0965 0.6133 0.1461 0.2406 0.00000 6.566 1500.0 12.0 0.0000 5.0000 550.25 0.0628
42.1875 85.0965 0.6557 0.1249 0.2194 0.00000 6.480 1500.0 12.0 0.0000 5.0000 530.09 0.0628
45.0000 85.0965 0.5915 0.1673 0.2413 0.00000 6.833 1500.0 12.0 0.0000 5.0000 556.99 0.0628
47.8125 85.0965 0.5212 0.2188 0.2601 0.00000 7.360 1500.0 12.0 0.0000 5.0000 584.67 0.0628
50.6250 85.0965 0.4853 0.2421 0.2726 0.00000 7.613 1500.0 12.0 0.0000 2.5278 303.23 0.0628
53.4375 85.0965 0.5175 0.2128 0.2698 0.00000 7.442 1500.0 12.0 0.0000 1.9483 229.57 0.0628
56.2500 85.0965 0.6475 0.1290 0.2235 0.00000 6.497 1500.0 12.0 0.0000 5.0000 533.96 0.0628
59.0625 85.0965 0.6488 0.1284 0.2229 0.00000 6.494 1500.0 12.0 0.0000 5.0000 533.37 0.0628
61.8750 85.0965 0.6460 0.1298 0.2243 0.00000 6.500 1500.0 12.0 0.0000 5.0000 534.71 0.0628
64.6875 85.0965 0.6452 0.1302 0.2247 0.00000 6.502 1500.0 12.0 0.0000 5.0000 535.08 0.0628
67.5000 85.0965 0.6066 0.1494 0.2440 0.00000 6.579 1500.0 12.0 0.0000 5.0000 553.40 0.0628
70.3125 85.0965 0.5849 0.1603 0.2548 0.00000 6.623 1500.0 12.0 0.0000 5.0000 563.71 0.0628
73.1250 85.0965 0.5441 0.1806 0.2752 0.00000 6.705 1500.0 12.0 0.0000 5.0000 583.10 0.0628
75.9375 85.0965 0.5349 0.1852 0.2798 0.00000 6.723 1500.0 12.0 0.0000 5.0000 587.46 0.0628
78.7500 85.0965 0.5160 0.1947 0.2893 0.00000 6.761 1500.0 12.0 0.0000 5.0000 596.44 0.0628
81.5625 85.0965 0.5096 0.1979 0.2925 0.00000 6.774 1500.0 12.0 0.0000 5.0000 599.47 0.0628
84.3750 85.0965 0.5032 0.2011 0.2957 0.00000 6.787 1500.0 12.0 0.0000 5.0000 602.52 0.0628
87.1875 85.0965 0.4988 0.2033 0.2979 0.00000 6.796 1500.0 12.0 0.0000 5.0000 604.62 0.0628
90.0000 85.0965 0.4966 0.2044 0.2990 0.00000 6.800 1500.0 12.0 0.0000 5.0000 605.66 0.0628
92.8125 85.0965 0.4966 0.2044 0.2990 0.00000 6.800 1500.0 12.0 0.0000 5.0000 605.66 0.0628
95.6250 85.0965 0.4966 0.2044 0.2990 0.00000 6.800 1500.0 12.0 0.0000 5.0000 605.66 0.0628
98.4375 85.0965 0.4966 0.2044 0.2990 0.00000 6.800 1500.0 12.0 0.0000 5.0000 605.66 0.0628
101.2500 85.0965 0.4966 0.2044 0.2990 0.00000 6.800 1500.0 12.0 0.0000 5.0000 605.66 0.0628
104.0625 85.0965 0.4966 0.2044 0.2990 0.00000 6.800 1500.0 12.0 0.0000 5.0000 605.66 0.0628
106.8750 85.0965 0.4966 0.2044 0.2990 0.00000 6.800 1500.0 12.0 0.0000 5.0000 605.66 0.0628
109.6875 85.0965 0.4966 0.2044 0.2990 0.00000 6.800 1500.0 12.0 0.0000 5.0000 605.66 0.0628
112.5000 85.0965 0.4966 0.2044 0.2990 0.00000 6.800 1500.0 12.0 0.0000 5.0000 605.66 0.0628
115.3125 85.0965 0.4788 0.2152 0.3061 0.00000 7.000 1500.0 12.0 0.0000 5.0000 613.49 0.0628
118.1250 85.0965 0.4507 0.2321 0.3172 0.00000 7.314 1500.0 12.0 0.0000 5.0000 625.79 0.0628
120.9375 85.0965 0.4627 0.2249 0.3124 0.00000 7.180 1500.0 12.0 0.0000 5.0000 620.55 0.0628
123.7500 85.0965 0.4591 0.2288 0.3121 0.00000 7.205 1500.0 12.0 0.0000 5.0000 621.48 0.0628
126.5625 85.0965 0.4966 0.2044 0.2990 0.00000 6.800 1500.0 12.0 0.0000 5.0000 605.66 0.0628
129.3750 85.0965 0.4966 0.2044 0.2990 0.00000 6.800 1500.0 12.0 0.0000 5.0000 605.66 0.0628
132.1875 85.0965 0.4966 0.2044 0.2990 0.00000 6.800 1500.0 12.0 0.0000 5.0000 605.66 0.0628
135.0000 85.0965 0.4966 0.2044 0.2990 0.00000 6.800 1500.0 12.0 0.0000 5.0000 605.66 0.0628
137.8125 85.0965 0.4966 0.2044 0.2990 0.00000 6.800 1500.0 12.0 0.0000 5.0000 605.66 0.0628
140.6250 85.0965 0.4966 0.2044 0.2990 0.00000 6.800 1500.0 12.0 0.0000 5.0000 605.66 0.0628
143.4375 85.0965 0.4966 0.2044 0.2990 0.00000 6.800 1500.0 12.0 0.0000 5.0000 605.66 0.0628
146.2500 85.0965 0.4966 0.2044 0.2990 0.00000 6.800 1500.0 12.0 0.0000 5.0000 605.66 0.0628
149.0625 85.0965 0.4966 0.2044 0.2990 0.00000 6.800 1500.0 12.0 0.0000 5.0000 605.66 0.0628
151.8750 85.0965 0.4934 0.2057 0.3009 0.00000 6.797 1500.0 12.0 0.0000 5.0000 607.30 0.0628
154.6875 85.0965 0.4619 0.2185 0.3196 0.00000 6.765 1500.0 12.0 0.0000 5.0000 623.29 0.0628
157.5000 85.0965 0.4492 0.2236 0.3272 0.00000 6.753 1500.0 12.0 0.0000 5.0000 629.77 0.0628
160.3125 85.0965 0.4717 0.2145 0.3138 0.00000 6.775 1500.0 12.0 0.0000 5.0000 618.31 0.0628
163.1250 85.0965 0.4553 0.2212 0.3236 0.00000 6.759 1500.0 12.0 0.0000 5.0000 626.66 0.0628
165.9375 85.0965 0.4288 0.2316 0.3396 0.00000 6.723 1500.0 12.0 0.0000 5.0000 640.22 0.0628
168.7500 85.0965 0.3982 0.2432 0.3587 0.00000 6.664 1500.0 12.0 0.0000 5.0000 656.08 0.0628
171.5625 85.0965 0.3665 0.2573 0.3763 0.00000 6.670 1500.0 12.0 0.0000 5.0000 671.75 0.0628
174.3750 85.0965 0.3578 0.2635 0.3787 0.00000 6.622 1500.0 12.0 0.0000 0.0200 10.00 0.0719
177.1875 85.0965 0.3408 0.2751 0.3841 0.00000 6.560 1500.0 12.0 0.0000 0.0200 10.00 0.0869
180.0000 85.0965 0.3557 0.2719 0.3724 0.00000 6.511 1500.0 12.0 0.0000 0.0200 10.00 0.0992
-177.1875 85.0965 0.3231 0.2894 0.3874 0.00000 6.432 1500.0 12.0 0.0000 0.0200 10.00 0.1110
-174.3750 85.0965 0.3087 0.2987 0.3926 0.00000 6.403 1500.0 12.0 0.0000 0.0200 10.00 0.1193
-171.5625 85.0965 0.2886 0.3096 0.4019 0.00000 6.340 1500.0 12.0 0.0000 0.0200 10.00 0.1264
-168.7500 85.0965 0.2884 0.3113 0.4003 0.00000 6.316 1500.0 12.0 0.0000 0.0200 10.00 0.1318
-165.9375 85.0965 0.2773 0.3186 0.4041 0.00000 6.292 1500.0 12.0 0.0000 0.0200 10.00 0.1382
-163.1250 85.0965 0.2760 0.3208 0.4032 0.00000 6.269 1500.0 12.0 0.0000 0.0200 10.00 0.1433
-160.3125 85.0965 0.2749 0.3226 0.4025 0.00000 6.251 1500.0 12.0 0.0000 0.0200 10.00 0.1475
-157.5000 85.0965 0.2759 0.3230 0.4011 0.00000 6.241 1500.0 12.0 0.0000 0.0200 10.00 0.1503
-154.6875 85.0965 0.2811 0.3212 0.3976 0.00000 6.239 1500.0 12.0 0.0000 0.0200 10.00 0.1527
-151.8750 85.0965 0.2730 0.3258 0.4011 0.00000 6.220 1500.0 12.0 0.0000 0.0200 10.00 0.1550
-149.0625 85.0965 0.2725 0.3267 0.4008 0.00000 6.211 1500.0 12.0 0.0000 0.0200 10.00 0.1571
-146.2500 85.0965 0.2799 0.3237 0.3963 0.00000 6.206 1500.0 12.0 0.0000 0.0200 10.00 0.1583
-143.4375 85.0965 0.2793 0.3248 0.3958 0.00000 6.194 1500.0 12.0 0.0000 0.0200 10.00 0.1609
-140.6250 85.0965 0.2742 0.3281 0.3977 0.00000 6.181 1500.0 12.0 0.0000 0.0200 10.00 0.1639
-137.8125 85.0965 0.3195 0.3085 0.3720 0.00000 6.168 1500.0 12.0 0.0000 0.0200 10.00 0.1668
-135.0000 85.0965 0.3018 0.3176 0.3806 0.00000 6.152 1500.0 12.0 0.0000 0.0200 10.00 0.1704
-132.1875 85.0965 0.2866 0.3259 0.3875 0.00000 6.131 1500.0 12.0 0.0000 0.0200 10.00 0.1750
-129.3750 85.0965 0.2669 0.3363 0.3968 0.00000 6.110 1500.0 12.0 0.0000 0.0200 10.00 0.1796
-126.5625 85.0965 0.2925 0.3260 0.3815 0.00000 6.089 1500.0 12.0 0.0000 0.0200 10.00 0.1841
-123.7500 85.0965 0.2800 0.3329 0.3871 0.00000 6.071 1500.0 12.0 0.0000 0.0200 10.00 0.1881
-120.9375 85.0965 0.2639 0.3413 0.3947 0.00000 6.056 1500.0 12.0 0.0000 0.0200 10.00 0.1915
-118.1250 85.0965 0.2632 0.3426 0.3942 0.00000 6.043 1500.0 12.0 0.0000 0.0200 10.00 0.1945
-115.3125 85.0965 0.2645 0.3427 0.3928 0.00000 6.035 1500.0 12.0 0.0000 0.0200 10.00 0.1972
-112.5000 85.0965 0.2669 0.3419 0.3912 0.00000 6.033 1500.0 12.0 0.0000 0.0200 10.00 0.1987
-109.6875 85.0965 0.2620 0.3446 0.3934 0.00000 6.026 1500.0 12.0 0.0000 0.0200 10.00 0.1993
-106.8750 85.0965 0.2647 0.3435 0.3918 0.00000 6.038 1500.0 12.0 0.0000 0.0200 10.00 0.2002
-104.0625 85.0965 0.2827 0.3380 0.3794 0.00000 6.394 1500.0 12.0 0.0000 0.0200 10.00 0.2007
-101.2500 85.0965 0.2880 0.3388 0.3732 0.00000 6.577 1500.0 12.0 0.0000 0.0200 10.00 0.2015
-98.4375 85.0965 0.2749 0.3422 0.3829 0.00000 6.348 1500.0 12.0 0.0000 0.0200 10.00 0.2013
-95.6250 85.0965 0.3372 0.3106 0.3522 0.00000 6.228 1500.0 12.0 0.0000 0.0200 10.00 0.1995
-92.8125 85.0965 0.4802 0.2371 0.2827 0.00000 5.948 1500.0 12.0 0.0000 0.0200 10.00 0.1972
-90.0000 85.0965 0.5694 0.1939 0.2366 0.00000 5.916 1500.0 12.0 0.0000 0.0200 10.00 0.1955
-87.1875 85.0965 0.6477 0.1568 0.1955 0.00000 5.891 1500.0 12.0 0.0000 0.0965 10.11 0.1955
-84.3750 85.0965 0.6442 0.1583 0.1974 0.00000 5.913 1500.0 12.0 0.0000 0.0837 10.00 0.1945
-81.5625 85.0965 0.6371 0.1616 0.2013 0.00000 5.943 1500.0 12.0 0.0000 0.0200 10.00 0.1931
-78.7500 85.0965 0.5944 0.1821 0.2235 0.00000 6.054 1500.0 12.0 0.0000 0.0200 10.00 0.1903
-75.9375 85.0965 0.5638 0.1971 0.2391 0.00000 6.131 1500.0 12.0 0.0000 0.0200 10.00 0.1894
-73.1250 85.0965 0.5337 0.2113 0.2550 0.00000 6.219 1500.0 12.0 0.0000 0.0200 10.00 0.1858
-70.3125 85.0965 0.4858 0.2341 0.2800 0.00000 6.348 1500.0 12.0 0.0000 0.0200 10.00 0.1813
-67.5000 85.0965 0.4676 0.2421 0.2903 0.00000 6.418 1500.0 12.0 0.0000 0.0200 10.00 0.1759
-64.6875 85.0965 0.4693 0.2399 0.2908 0.00000 6.452 1500.0 12.0 0.0000 0.0200 10.00 0.1690
-61.8750 85.0965 0.4724 0.2359 0.2917 0.00000 6.504 1500.0 12.0 0.0000 0.0200 10.00 0.1569
-59.0625 85.0965 0.4756 0.2317 0.2927 0.00000 6.555 1500.0 12.0 0.0000 0.0200 10.00 0.1444
-56.2500 85.0965 0.4802 0.2257 0.2941 0.00000 6.621 1500.0 12.0 0.0000 0.0200 10.00 0.1263
-53.4375 85.0965 0.4867 0.2173 0.2960 0.00000 6.702 1500.0 12.0 0.0000 0.0200 10.00 0.1010
-50.6250 85.0965 0.4966 0.2044 0.2990 0.00000 6.800 1500.0 12.0 0.0000 5.0000 605.66 0.0628
-47.8125 85.0965 0.4966 0.2044 0.2990 0.00000 6.800 1500.0 12.0 0.0000 5.0000 605.66 0.0628
-45.0000 85.0965 0.4966 0.2044 0.2990 0.00000 6.800 1500.0 12.0 0.0000 5.0000 605.66 0.0628
-42.1875 85.0965 0.4966 0.2044 0.2990 0.00000 6.789 1500.0 12.0 0.0000 0.0200 10.00 0.0628
-39.3750 85.0965 0.4902 0.2128 0.2970 0.00000 6.744 1500.0 12.0 0.0000 0.0200 10.00 0.0876
-36.5625 85.0965 0.4897 0.2134 0.2969 0.00000 6.741 1500.0 12.0 0.0000 0.0200 10.00 0.0894
-33.7500 85.0965 0.4923 0.2101 0.2977 0.00000 6.762 1500.0 12.0 0.0000 0.0200 10.00 0.0796
42.1875 82.3129 0.5398 0.1824 0.2778 0.00000 6.606 1500.0 12.0 0.0000 0.5003 58.57 0.0758
45.0000 82.3129 0.5116 0.1954 0.2930 0.00000 6.658 1500.0 12.0 0.0000 0.4000 47.93 0.0732
47.8125 82.3129 0.4764 0.2115 0.3122 0.00000 6.724 1500.0 12.0 0.0000 0.3156 38.91 0.0694
50.6250 82.3129 0.4911 0.2037 0.3052 0.00000 6.708 1500.0 12.0 0.0000 0.3335 40.65 0.0662
53.4375 82.3129 0.5168 0.1908 0.2925 0.00000 6.673 1500.0 12.0 0.0000 0.3856 46.07 0.0631
56.2500 82.3129 0.5343 0.1823 0.2834 0.00000 6.648 1500.0 12.0 0.0000 0.5098 60.05 0.0628
59.0625 82.3129 0.6163 0.1430 0.2407 0.00000 6.519 1500.0 12.0 0.0000 0.8562 94.08 0.0628
61.8750 82.3129 0.6373 0.1343 0.2284 0.00000 6.586 1500.0 12.0 0.0000 1.1356 122.35 0.0628
64.6875 82.3129 0.5859 0.1579 0.2562 0.00000 6.653 1500.0 12.0 0.0000 1.3234 149.26 0.0628
67.5000 82.3129 0.5848 0.1561 0.2591 0.00000 6.516 1500.0 12.0 0.0000 1.6482 186.33 0.0628
70.3125 82.3129 0.5696 0.1619 0.2684 0.00000 6.462 1500.0 12.0 0.0000 2.1577 247.30 0.0628
73.1250 82.3129 0.4893 0.1983 0.3124 0.00000 6.503 1500.0 12.0 0.0000 2.2311 273.32 0.0628
75.9375 82.3129 0.4452 0.2192 0.3356 0.00000 6.554 1500.0 12.0 0.0000 1.9668 249.34 0.0628
78.7500 82.3129 0.4100 0.2367 0.3533 0.00000 6.621 1500.0 12.0 0.0000 1.7093 222.43 0.0628
81.5625 82.3129 0.4001 0.2424 0.3575 0.00000 6.666 1500.0 12.0 0.0000 5.0000 655.08 0.0628
84.3750 82.3129 0.4130 0.2383 0.3487 0.00000 6.716 1500.0 12.0 0.0000 5.0000 648.14 0.0628
87.1875 82.3129 0.4164 0.2368 0.3468 0.00000 6.714 1500.0 12.0 0.0000 5.0000 646.46 0.0628
90.0000 82.3129 0.4405 0.2272 0.3324 0.00000 6.744 1500.0 12.0 0.0000 5.0000 634.19 0.0628
92.8125 82.3129 0.4513 0.2228 0.3259 0.00000 6.755 1500.0 12.0 0.0000 5.0000 628.69 0.0628
95.6250 82.3129 0.4428 0.2262 0.3309 0.00000 6.746 1500.0 12.0 0.0000 5.0000 632.98 0.0628
98.4375 82.3129 0.4517 0.2226 0.3257 0.00000 6.755 1500.0 12.0 0.0000 5.0000 628.47 0.0628
101.2500 82.3129 0.4715 0.2146 0.3139 0.00000 6.775 1500.0 12.0 0.0000 5.0000 618.40 0.0628
104.0625 82.3129 0.4966 0.2044 0.2990 0.00000 6.800 1500.0 12.0 0.0000 5.0000 605.66 0.0628
106.8750 82.3129 0.4966 0.2044 0.2990 0.00000 6.800 1500.0 12.0 0.0000 5.0000 605.66 0.0628
109.6875 82.3129 0.4966 0.2044 0.2990 0.00000 6.800 1500.0 12.0 0.0000 5.0000 605.66 0.0628
112.5000 82.3129 0.4966 0.2044 0.2990 0.00000 6.800 1500.0 12.0 0.0000 5.0000 605.66 0.0628
115.3125 82.3129 0.4551 0.2295 0.3154 0.00000 7.265 1500.0 12.0 0.0000 5.0000 623.87 0.0628
118.1250 82.3129 0.4401 0.2393 0.3206 0.00000 7.427 1500.0 12.0 0.0000 5.0000 630.18 0.0628
120.9375 82.3129 0.3964 0.2680 0.3356 0.00000 7.898 1500.0 12.0 0.0000 5.0000 648.55 0.0628
123.7500 82.3129 0.3631 0.2899 0.3470 0.00000 8.258 1500.0 12.0 0.0000 5.0000 662.54 0.0628
126.5625 82.3129 0.3660 0.2839 0.3502 0.00000 8.260 1500.0 12.0 0.0000 5.0000 662.77 0.0628
129.3750 82.3129 0.3928 0.2671 0.3401 0.00000 7.963 1500.0 12.0 0.0000 5.0000 651.19 0.0628
132.1875 82.3129 0.4412 0.2438 0.3150 0.00000 7.373 1500.0 12.0 0.0000 5.0000 627.87 0.0628
135.0000 82.3129 0.4886 0.2092 0.3022 0.00000 6.890 1500.0 12.0 0.0000 5.0000 609.19 0.0628
137.8125 82.3129 0.4966 0.2044 0.2990 0.00000 6.800 1500.0 12.0 0.0000 5.0000 605.66 0.0628
140.6250 82.3129 0.4691 0.2262 0.3048 0.00000 7.067 1500.0 12.0 0.0000 5.0000 615.95 0.0628
143.4375 82.3129 0.4644 0.2371 0.2985 0.00000 7.214 1500.0 12.0 0.0000 5.0000 615.14 0.0628
146.2500 82.3129 0.4955 0.2089 0.2956 0.00000 7.064 1500.0 12.0 0.0000 5.0000 604.81 0.0628
149.0625 82.3129 0.4631 0.2166 0.3203 0.00000 6.795 1500.0 12.0 0.0000 5.0000 623.20 0.0628
151.8750 82.3129 0.4074 0.2366 0.3560 0.00000 6.583 1500.0 12.0 0.0000 5.0000 652.36 0.0628
154.6875 82.3129 0.2984 0.2850 0.4166 0.00000 6.602 1500.0 12.0 0.0000 5.0000 706.28 0.0628
157.5000 82.3129 0.2981 0.2850 0.4169 0.00000 6.599 1500.0 12.0 0.0000 5.0000 706.46 0.0628
160.3125 82.3129 0.2908 0.2957 0.4135 0.00000 6.520 1500.0 12.0 0.0000 0.0200 10.00 0.0856
163.1250 82.3129 0.2839 0.3074 0.4087 0.00000 6.420 1500.0 12.0 0.0000 0.0200 10.00 0.1123
165.9375 82.3129 0.2796 0.3146 0.4057 0.00000 6.349 1500.0 12.0 0.0000 0.0200 10.00 0.1290
168.7500 82.3129 0.2762 0.3204 0.4034 0.00000 6.292 1500.0 12.0 0.0000 0.0200 10.00 0.1424
171.5625 82.3129 0.2734 0.3253 0.4013 0.00000 6.243 1500.0 12.0 0.0000 0.0200 10.00 0.1538
174.3750 82.3129 0.2713 0.3288 0.3999 0.00000 6.210 1500.0 12.0 0.0000 0.0200 10.00 0.1618
177.1875 82.3129 0.2691 0.3326 0.3983 0.00000 6.173 1500.0 12.0 0.0000 0.0200 10.00 0.1708
180.0000 82.3129 0.2893 0.3257 0.3850 0.00000 6.144 1500.0 12.0 0.0000 0.0200 10.00 0.1784
-177.1875 82.3129 0.3009 0.3226 0.3765 0.00000 6.118 1500.0 12.0 0.0000 0.0200 10.00 0.1855
-174.3750 82.3129 0.2800 0.3338 0.3863 0.00000 6.101 1500.0 12.0 0.0000 0.0200 10.00 0.1908
-171.5625 82.3129 0.3484 0.3044 0.3471 0.00000 6.079 1500.0 12.0 0.0000 0.0200 10.00 0.1973
-168.7500 82.3129 0.4423 0.2633 0.2945 0.00000 6.067 1500.0 12.0 0.0000 0.0200 10.00 0.2016
-165.9375 82.3129 0.4740 0.2496 0.2764 0.00000 6.063 1500.0 12.0 0.0000 0.0200 10.00 0.2037
-163.1250 82.3129 0.4999 0.2387 0.2614 0.00000 6.061 1500.0 12.0 0.0000 0.0200 10.00 0.2068
-160.3125 82.3129 0.5391 0.2203 0.2407 0.00000 6.095 1500.0 12.0 0.0000 0.0200 10.00 0.2083
-157.5000 82.3129 0.5505 0.2162 0.2333 0.00000 6.070 1500.0 12.0 0.0000 0.0200 10.00 0.2075
-154.6875 82.3129 0.5049 0.2363 0.2588 0.00000 6.080 1500.0 12.0 0.0000 0.0200 10.00 0.2076
-151.8750 82.3129 0.4048 0.2796 0.3156 0.00000 6.123 1500.0 12.0 0.0000 0.0200 10.00 0.2071
-149.0625 82.3129 0.5135 0.2326 0.2539 0.00000 6.076 1500.0 12.0 0.0000 0.0200 10.00 0.2062
-146.2500 82.3129 0.5441 0.2188 0.2372 0.00000 6.116 1500.0 12.0 0.0000 0.0200 10.00 0.2054
-143.4375 82.3129 0.5374 0.2219 0.2407 0.00000 6.165 1500.0 12.0 0.0000 0.0200 10.00 0.2061
-140.6250 82.3129 0.5666 0.2089 0.2245 0.00000 6.115 1500.0 12.0 0.0000 0.0200 10.00 0.2060
-137.8125 82.3129 0.5808 0.2023 0.2170 0.00000 6.084 1500.0 12.0 0.0000 0.0200 10.00 0.2064
-135.0000 82.3129 0.5152 0.2289 0.2559 0.00000 6.173 1500.0 12.0 0.0000 0.0200 10.00 0.2050
-132.1875 82.3129 0.4777 0.2435 0.2788 0.00000 6.196 1500.0 12.0 0.0000 0.0200 10.00 0.2044
-129.3750 82.3129 0.4441 0.2569 0.2990 0.00000 6.224 1500.0 12.0 0.0000 0.0200 10.00 0.2000
-126.5625 82.3129 0.4617 0.2489 0.2894 0.00000 6.220 1500.0 12.0 0.0000 0.0200 10.00 0.1986
-123.7500 82.3129 0.5034 0.2313 0.2653 0.00000 6.183 1500.0 12.0 0.0000 0.0200 10.00 0.1975
-120.9375 82.3129 0.4400 0.2596 0.3003 0.00000 6.169 1500.0 12.0 0.0000 0.0200 10.00 0.1963
-118.1250 82.3129 0.4501 0.2585 0.2915 0.00000 6.073 1500.0 12.0 0.0000 0.0200 10.00 0.1977
-115.3125 82.3129 0.4542 0.2566 0.2892 0.00000 6.068 1500.0 12.0 0.0000 0.0200 10.00 0.1977
-112.5000 82.3129 0.3343 0.3111 0.3546 0.00000 6.056 1500.0 12.0 0.0000 0.0200 10.00 0.1995
-109.6875 82.3129 0.2662 0.3428 0.3909 0.00000 6.042 1500.0 12.0 0.0000 0.0200 10.00 0.2008
-106.8750 82.3129 0.2657 0.3432 0.3911 0.00000 6.037 1500.0 12.0 0.0000 0.0200 10.00 0.2010
-104.0625 82.3129 0.2629 0.3444 0.3928 0.00000 6.035 1500.0 12.0 0.0000 0.0200 10.00 0.2000
-101.2500 82.3129 0.2618 0.3449 0.3933 0.00000 6.033 1500.0 12.0 0.0000 0.0200 10.00 0.1999
-98.4375 82.3129 0.2619 0.3448 0.3933 0.00000 6.037 1500.0 12.0 0.0000 0.0200 10.00 0.1996
-95.6250 82.3129 0.2940 0.3285 0.3775 0.00000 6.026 1500.0 12.0 0.0000 0.0200 10.00 0.1989
-92.8125 82.3129 0.3758 0.2882 0.3359 0.00000 5.989 1500.0 12.0 0.0000 0.0200 10.00 0.1990
-90.0000 82.3129 0.5410 0.2082 0.2508 0.00000 5.916 1500.0 12.0 0.0000 0.1370 15.77 0.1984
-87.1875 82.3129 0.6072 0.1767 0.2160 0.00000 5.889 1500.0 12.0 0.0000 0.1644 17.87 0.1991
-84.3750 82.3129 0.6513 0.1557 0.1930 0.00000 5.881 1500.0 12.0 0.0000 0.1794 18.73 0.1986
-81.5625 82.3129 0.6503 0.1558 0.1940 0.00000 5.906 1500.0 12.0 0.0000 0.1065 11.13 0.1966
-78.7500 82.3129 0.5898 0.1851 0.2251 0.00000 6.062 1500.0 12.0 0.0000 0.0200 10.00 0.1936
-75.9375 82.3129 0.5285 0.2144 0.2571 0.00000 6.227 1500.0 12.0 0.0000 0.0200 10.00 0.1886
-73.1250 82.3129 0.4726 0.2387 0.2887 0.00000 6.436 1500.0 12.0 0.0000 0.0200 10.00 0.1712
-70.3125 82.3129 0.4733 0.2346 0.2920 0.00000 6.524 1500.0 12.0 0.0000 0.0200 10.00 0.1532
-67.5000 82.3129 0.4825 0.2228 0.2947 0.00000 6.654 1500.0 12.0 0.0000 0.0200 10.00 0.1173
-64.6875 82.3129 0.4966 0.2044 0.2990 0.00000 6.800 1500.0 12.0 0.0000 5.0000 605.66 0.0628
-61.8750 82.3129 0.4966 0.2044 0.2990 0.00000 6.800 1500.0 12.0 0.0000 5.0000 605.66 0.0628
-59.0625 82.3129 0.4966 0.2044 0.2990 0.00000 6.800 1500.0 12.0 0.0000 5.0000 605.66 0.0628
-56.2500 82.3129 0.4966 0.2044 0.2990 0.00000 6.800 1500.0 12.0 0.0000 5.0000 605.66 0.0628
-53.4375 82.3129 0.4966 0.2044 0.2990 0.00000 6.800 1500.0 12.0 0.0000 5.0000 605.66 0.0628
-50.6250 82.3129 0.4643 0.2239 0.3118 0.00000 7.162 1500.0 12.0 0.0000 5.0000 619.84 0.0628
-47.8125 82.3129 0.4187 0.2604 0.3209 0.00000 7.600 1500.0 12.0 0.0000 5.0000 636.68 0.0628
-45.0000 82.3129 0.4521 0.2341 0.3138 0.00000 7.383 1500.0 12.0 0.0000 2.2729 283.74 0.0628
56.2500 79.5256 0.4250 0.2400 0.3350 0.00000 6.856 1500.0 12.0 0.0000 0.0927 11.87 0.0844
59.0625 79.5256 0.3881 0.2653 0.3466 0.00000 7.552 1500.0 12.0 0.0000 0.0830 10.87 0.0715
61.8750 79.5256 0.4347 0.2369 0.3283 0.00000 7.000 1500.0 12.0 0.0000 0.0603 10.00 0.0708
64.6875 79.5256 0.3988 0.2556 0.3457 0.00000 7.204 1500.0 12.0 0.0000 0.0597 10.00 0.0709
67.5000 79.5256 0.2946 0.3014 0.4040 0.00000 7.278 1500.0 12.0 0.0000 0.1244 17.49 0.0714
70.3125 79.5256 0.3002 0.2869 0.4130 0.00000 6.747 1500.0 12.0 0.0000 0.3076 43.33 0.0674
73.1250 79.5256 0.2899 0.2960 0.4141 0.00000 6.887 1500.0 12.0 0.0000 0.2466 34.91 0.0660
75.9375 79.5256 0.2972 0.2899 0.4129 0.00000 6.827 1500.0 12.0 0.0000 0.2982 42.07 0.0642
78.7500 79.5256 0.2924 0.2918 0.4158 0.00000 6.857 1500.0 12.0 0.0000 0.3987 56.44 0.0628
81.5625 79.5256 0.3069 0.2863 0.4069 0.00000 6.940 1500.0 12.0 0.0000 0.3910 54.77 0.0628
84.3750 79.5256 0.3518 0.2664 0.3817 0.00000 6.861 1500.0 12.0 0.0000 0.3309 44.87 0.0628
87.1875 79.5256 0.4055 0.2436 0.3509 0.00000 6.841 1500.0 12.0 0.0000 0.2330 30.34 0.0628
90.0000 79.5256 0.4570 0.2208 0.3223 0.00000 6.770 1500.0 12.0 0.0000 0.3139 39.29 0.0628
92.8125 79.5256 0.4259 0.2336 0.3404 0.00000 6.754 1500.0 12.0 0.0000 0.4483 57.51 0.0628
95.6250 79.5256 0.4018 0.2499 0.3484 0.00000 7.128 1500.0 12.0 0.0000 0.7164 93.33 0.0628
98.4375 79.5256 0.4583 0.2199 0.3217 0.00000 6.758 1500.0 12.0 0.0000 0.9160 114.53 0.0628
101.2500 79.5256 0.4880 0.2079 0.3041 0.00000 6.790 1500.0 12.0 0.0000 1.3374 163.18 0.0628
104.0625 79.5256 0.4966 0.2044 0.2990 0.00000 6.800 1500.0 12.0 0.0000 5.0000 605.66 0.0628
106.8750 79.5256 0.4966 0.2044 0.2990 0.00000 6.800 1500.0 12.0 0.0000 5.0000 605.66 0.0628
109.6875 79.5256 0.4966 0.2044 0.2990 0.00000 6.800 1500.0 12.0 0.0000 5.0000 605.66 0.0628
112.5000 79.5256 0.4966 0.2044 0.2990 0.00000 6.800 1500.0 12.0 0.0000 5.0000 605.66 0.0628
115.3125 79.5256 0.4966 0.2044 0.2990 0.00000 6.800 1500.0 12.0 0.0000 5.0000 605.66 0.0628
118.1250 79.5256 0.4966 0.2044 0.2990 0.00000 6.800 1500.0 12.0 0.0000 5.0000 605.66 0.0628
120.9375 79.5256 0.4605 0.2286 0.3109 0.00000 7.185 1500.0 12.0 0.0000 5.0000 620.64 0.0628
123.7500 79.5256 0.4542 0.2300 0.3158 0.00000 7.275 1500.0 12.0 0.0000 5.0000 624.28 0.0628
126.5625 79.5256 0.4737 0.2213 0.3050 0.00000 7.032 1500.0 12.0 0.0000 5.0000 614.65 0.0628
129.3750 79.5256 0.4815 0.2135 0.3050 0.00000 6.970 1500.0 12.0 0.0000 5.0000 612.30 0.0628
132.1875 79.5256 0.4559 0.2327 0.3114 0.00000 7.226 1500.0 12.0 0.0000 5.0000 622.20 0.0628
135.0000 79.5256 0.4730 0.2200 0.3070 0.00000 7.054 1500.0 12.0 0.0000 5.0000 615.56 0.0628
137.8125 79.5256 0.4550 0.2300 0.3149 0.00000 7.261 1500.0 12.0 0.0000 5.0000 623.71 0.0628
140.6250 79.5256 0.4929 0.2067 0.3005 0.00000 6.842 1500.0 12.0 0.0000 5.0000 607.31 0.0628
143.4375 79.5256 0.5703 0.1667 0.2629 0.00000 6.626 1500.0 12.0 0.0000 5.0000 570.91 0.0628
146.2500 79.5256 0.5753 0.1644 0.2603 0.00000 6.425 1500.0 12.0 0.0000 0.0200 10.00 0.0802
149.0625 79.5256 0.3810 0.2657 0.3534 0.00000 6.332 1500.0 12.0 0.0000 0.0200 10.00 0.1257
151.8750 79.5256 0.2849 0.3186 0.3965 0.00000 6.273 1500.0 12.0 0.0000 0.0200 10.00 0.1500
154.6875 79.5256 0.2701 0.3309 0.3991 0.00000 6.205 1500.0 12.0 0.0000 0.0200 10.00 0.1668
157.5000 79.5256 0.2683 0.3372 0.3945 0.00000 6.124 1500.0 12.0 0.0000 0.0200 10.00 0.1849
160.3125 79.5256 0.2617 0.3451 0.3932 0.00000 6.060 1500.0 12.0 0.0000 0.0200 10.00 0.2004
163.1250 79.5256 0.2592 0.3494 0.3914 0.00000 6.020 1500.0 12.0 0.0000 0.0200 10.00 0.2107
165.9375 79.5256 0.2773 0.3447 0.3781 0.00000 5.976 1500.0 12.0 0.0000 0.0200 10.00 0.2228
168.7500 79.5256 0.4187 0.2829 0.2984 0.00000 5.993 1500.0 12.0 0.0000 0.0200 10.00 0.2342
171.5625 79.5256 0.5308 0.2351 0.2341 0.00000 6.008 1500.0 12.0 0.0000 0.0200 10.00 0.2455
174.3750 79.5256 0.4848 0.2544 0.2609 0.00000 5.975 1500.0 12.0 0.0000 0.0200 10.00 0.2508
177.1875 79.5256 0.4538 0.2671 0.2791 0.00000 5.997 1500.0 12.0 0.0000 0.0200 10.00 0.2550
180.0000 79.5256 0.4520 0.2679 0.2801 0.00000 6.045 1500.0 12.0 0.0000 0.0200 10.00 0.2557
-177.1875 79.5256 0.5343 0.2339 0.2318 0.00000 5.976 1500.0 12.0 0.0000 0.0200 10.00 0.2542
-143.4375 79.5256 0.4615 0.2495 0.2890 0.00000 6.491 1500.0 12.0 0.0000 0.0200 10.00 0.1613
-140.6250 79.5256 0.4292 0.2637 0.3072 0.00000 6.545 1500.0 12.0 0.0000 0.0200 10.00 0.1541
-137.8125 79.5256 0.4342 0.2457 0.3202 0.00000 6.616 1500.0 12.0 0.0000 0.0200 10.00 0.1360
-135.0000 79.5256 0.4166 0.2612 0.3222 0.00000 6.647 1500.0 12.0 0.0000 0.0200 10.00 0.1257
-132.1875 79.5256 0.3319 0.3534 0.3147 0.00000 6.620 1500.0 12.0 0.0000 0.0200 10.00 0.1334
-115.3125 79.5256 0.4470 0.2648 0.2882 0.00000 6.069 1500.0 12.0 0.0000 0.0200 10.00 0.2202
-112.5000 79.5256 0.2728 0.3457 0.3815 0.00000 6.022 1500.0 12.0 0.0000 0.0200 10.00 0.2197
-109.6875 79.5256 0.2719 0.3449 0.3832 0.00000 6.028 1500.0 12.0 0.0000 0.0200 10.00 0.2185
-106.8750 79.5256 0.2975 0.3314 0.3711 0.00000 6.047 1500.0 12.0 0.0000 0.0200 10.00 0.2185
-104.0625 79.5256 0.3004 0.3295 0.3701 0.00000 6.044 1500.0 12.0 0.0000 0.0200 10.00 0.2169
-101.2500 79.5256 0.2590 0.3504 0.3907 0.00000 5.992 1500.0 12.0 0.0000 0.0200 10.00 0.2136
-98.4375 79.5256 0.2806 0.3392 0.3802 0.00000 5.978 1500.0 12.0 0.0000 0.0200 10.00 0.2126
-95.6250 79.5256 0.4320 0.2641 0.3040 0.00000 5.904 1500.0 12.0 0.0000 0.0725 10.00 0.2117
-92.8125 79.5256 0.5688 0.1983 0.2329 0.00000 5.937 1500.0 12.0 0.0000 0.0200 10.00 0.2093
-90.0000 79.5256 0.5654 0.1998 0.2348 0.00000 6.010 1500.0 12.0 0.0000 0.0200 10.00 0.2066
-87.1875 79.5256 0.5633 0.1998 0.2368 0.00000 6.051 1500.0 12.0 0.0000 0.0200 10.00 0.2018
-84.3750 79.5256 0.5663 0.1981 0.2357 0.00000 6.068 1500.0 12.0 0.0000 0.0200 10.00 0.2002
-81.5625 79.5256 0.5274 0.2169 0.2556 0.00000 6.176 1500.0 12.0 0.0000 0.0200 10.00 0.1983
-78.7500 79.5256 0.4741 0.2400 0.2859 0.00000 6.384 1500.0 12.0 0.0000 0.0200 10.00 0.1814
-75.9375 79.5256 0.4740 0.2338 0.2922 0.00000 6.533 1500.0 12.0 0.0000 0.0200 10.00 0.1507
-73.1250 79.5256 0.4942 0.2076 0.2982 0.00000 6.773 1500.0 12.0 0.0000 0.0200 10.00 0.0723
-70.3125 79.5256 0.4966 0.2044 0.2990 0.00000 6.800 1500.0 12.0 0.0000 5.0000 605.66 0.0628
-67.5000 79.5256 0.4966 0.2044 0.2990 0.00000 6.800 1500.0 12.0 0.0000 5.0000 605.66 0.0628
-53.4375 79.5256 0.4896 0.2086 0.3018 0.00000 6.879 1500.0 12.0 0.0000 5.0000 608.76 0.0628
-50.6250 79.5256 0.4456 0.2352 0.3192 0.00000 7.371 1500.0 12.0 0.0000 5.0000 628.03 0.0628
-47.8125 79.5256 0.4149 0.2628 0.3222 0.00000 7.642 1500.0 12.0 0.0000 5.0000 638.31 0.0628
-45.0000 79.5256 0.4306 0.2532 0.3162 0.00000 7.467 1500.0 12.0 0.0000 5.0000 631.46 0.0628
64.6875 76.7369 0.2989 0.3069 0.3941 0.00000 6.394 1500.0 12.0 0.0000 0.0200 10.00 0.1332
67.5000 76.7369 0.3373 0.2868 0.3759 0.00000 6.472 1500.0 12.0 0.0000 0.0200 10.00 0.1244
70.3125 76.7369 0.3645 0.2726 0.3629 0.00000 6.530 1500.0 12.0 0.0000 0.0200 10.00 0.1170
73.1250 76.7369 0.3653 0.2698 0.3649 0.00000 6.550 1500.0 12.0 0.0000 0.0714 10.00 0.1081
75.9375 76.7369 0.4667 0.2188 0.3145 0.00000 6.442 1500.0 12.0 0.0000 0.4727 58.62 0.0978
78.7500 76.7369 0.6151 0.1487 0.2362 0.00000 6.370 1500.0 12.0 0.0000 0.8823 96.72 0.0906
81.5625 76.7369 0.5672 0.1679 0.2648 0.00000 6.501 1500.0 12.0 0.0000 0.9954 113.98 0.0733
84.3750 76.7369 0.4961 0.2039 0.3000 0.00000 6.764 1500.0 12.0 0.0000 0.6911 83.79 0.0628
87.1875 76.7369 0.4836 0.2123 0.3042 0.00000 6.939 1500.0 12.0 0.0000 0.7434 90.90 0.0628
90.0000 76.7369 0.4430 0.2368 0.3202 0.00000 7.391 1500.0 12.0 0.0000 0.6052 76.16 0.0628
92.8125 76.7369 0.4044 0.2610 0.3347 0.00000 7.785 1500.0 12.0 0.0000 0.3440 44.43 0.0680
95.6250 76.7369 0.3849 0.2757 0.3393 0.00000 7.977 1500.0 12.0 0.0000 0.3828 50.02 0.0730
98.4375 76.7369 0.4544 0.2324 0.3132 0.00000 7.199 1500.0 12.0 0.0000 0.6170 76.92 0.0757
101.2500 76.7369 0.4932 0.2088 0.2980 0.00000 6.766 1500.0 12.0 0.0000 0.9394 113.92 0.0756
104.0625 76.7369 0.4935 0.2085 0.2980 0.00000 6.768 1500.0 12.0 0.0000 0.9738 118.08 0.0750
106.8750 76.7369 0.4938 0.2081 0.2981 0.00000 6.771 1500.0 12.0 0.0000 0.7154 86.73 0.0737
109.6875 76.7369 0.4943 0.2074 0.2983 0.00000 6.774 1500.0 12.0 0.0000 0.5737 69.54 0.0717
112.5000 76.7369 0.4947 0.2068 0.2984 0.00000 6.777 1500.0 12.0 0.0000 0.5801 70.31 0.0701
115.3125 76.7369 0.4947 0.2069 0.2984 0.00000 6.777 1500.0 12.0 0.0000 0.7183 87.06 0.0701
118.1250 76.7369 0.4953 0.2061 0.2986 0.00000 6.781 1500.0 12.0 0.0000 0.8146 98.71 0.0679
120.9375 76.7369 0.4963 0.2048 0.2989 0.00000 6.787 1500.0 12.0 0.0000 0.6395 77.48 0.0641
123.7500 76.7369 0.4966 0.2044 0.2990 0.00000 6.791 1500.0 12.0 0.0000 0.5581 67.60 0.0628
126.5625 76.7369 0.4966 0.2044 0.2990 0.00000 6.796 1500.0 12.0 0.0000 0.6849 82.96 0.0628
129.3750 76.7369 0.4966 0.2044 0.2990 0.00000 6.800 1500.0 12.0 0.0000 5.0000 605.66 0.0628
132.1875 76.7369 0.4966 0.2044 0.2990 0.00000 6.800 1500.0 12.0 0.0000 5.0000 605.66 0.0628
135.0000 76.7369 0.4966 0.2044 0.2990 0.00000 6.800 1500.0 12.0 0.0000 5.0000 605.66 0.0628
137.8125 76.7369 0.4966 0.2044 0.2990 0.00000 6.800 1500.0 12.0 0.0000 5.0000 605.66 0.0628
140.6250 76.7369 0.4862 0.2180 0.2959 0.00000 6.681 1500.0 12.0 0.0000 0.0200 10.00 0.1031
143.4375 76.7369 0.4899 0.2256 0.2845 0.00000 6.462 1500.0 12.0 0.0000 0.0200 10.00 0.1498
146.2500 76.7369 0.4331 0.2574 0.3096 0.00000 6.213 1500.0 12.0 0.0000 0.0200 10.00 0.1806
149.0625 76.7369 0.3730 0.2918 0.3352 0.00000 6.132 1500.0 12.0 0.0000 0.0200 10.00 0.2032
151.8750 76.7369 0.2910 0.3371 0.3719 0.00000 5.979 1500.0 12.0 0.0000 0.0200 10.00 0.2235
154.6875 76.7369 0.2515 0.3625 0.3860 0.00000 5.894 1500.0 12.0 0.0000 0.0200 10.00 0.2420
157.5000 76.7369 0.2473 0.3696 0.3831 0.00000 5.828 1500.0 12.0 0.0000 0.0200 10.00 0.2591
160.3125 76.7369 0.2439 0.3753 0.3807 0.00000 5.784 1500.0 12.0 0.0000 0.0200 10.00 0.2731
163.1250 76.7369 0.2398 0.3823 0.3779 0.00000 5.735 1500.0 12.0 0.0000 0.0200 10.00 0.2901
165.9375 76.7369 0.2402 0.3874 0.3724 0.00000 5.691 1500.0 12.0 0.0000 0.0200 10.00 0.3083
168.7500 76.7369 0.3402 0.3437 0.3162 0.00000 5.663 1500.0 12.0 0.0000 0.0200 10.00 0.3241
171.5625 76.7369 0.5073 0.2671 0.2257 0.00000 5.678 1500.0 12.0 0.0000 0.0200 10.00 0.3309
174.3750 76.7369 0.4849 0.2729 0.2422 0.00000 5.783 1500.0 12.0 0.0000 0.0200 10.00 0.3338
-123.7500 76.7369 0.6052 0.1798 0.2150 0.00000 6.365 1500.0 12.0 0.0000 0.2171 23.61 0.1607
-120.9375 76.7369 0.6037 0.1841 0.2122 0.00000 6.310 1500.0 12.0 0.0000 0.2394 26.00 0.1743
-118.1250 76.7369 0.5128 0.2298 0.2574 0.00000 6.226 1500.0 12.0 0.0000 0.0510 10.00 0.1947
-115.3125 76.7369 0.4237 0.2758 0.3006 0.00000 6.130 1500.0 12.0 0.0000 0.0200 10.00 0.2164
-112.5000 76.7369 0.2822 0.3444 0.3733 0.00000 6.058 1500.0 12.0 0.0000 0.0200 10.00 0.2299
-109.6875 76.7369 0.2727 0.3502 0.3771 0.00000 6.017 1500.0 12.0 0.0000 0.0815 11.42 0.2342
-106.8750 76.7369 0.2775 0.3467 0.3758 0.00000 6.011 1500.0 12.0 0.0000 0.4232 59.10 0.2300
-104.0625 76.7369 0.2554 0.3558 0.3888 0.00000 6.007 1500.0 12.0 0.0000 0.5944 84.33 0.2258
-101.2500 76.7369 0.2564 0.3549 0.3887 0.00000 5.998 1500.0 12.0 0.0000 0.1469 20.84 0.2245
-98.4375 76.7369 0.2560 0.3547 0.3892 0.00000 5.993 1500.0 12.0 0.0000 0.0200 10.00 0.2233
-95.6250 76.7369 0.2897 0.3370 0.3733 0.00000 5.993 1500.0 12.0 0.0000 0.0200 10.00 0.2208
-92.8125 76.7369 0.3774 0.2936 0.3290 0.00000 5.942 1500.0 12.0 0.0000 0.0200 10.00 0.2221
-90.0000 76.7369 0.5802 0.1951 0.2247 0.00000 5.894 1500.0 12.0 0.0000 0.0216 10.00 0.2217
-87.1875 76.7369 0.5400 0.2155 0.2445 0.00000 6.044 1500.0 12.0 0.0000 0.0200 10.00 0.2219
-84.3750 76.7369 0.4841 0.2425 0.2734 0.00000 6.199 1500.0 12.0 0.0000 0.0200 10.00 0.2188
-81.5625 76.7369 0.4595 0.2526 0.2879 0.00000 6.320 1500.0 12.0 0.0000 0.0200 10.00 0.2081
-78.7500 76.7369 0.4672 0.2427 0.2902 0.00000 6.454 1500.0 12.0 0.0000 0.0200 10.00 0.1776
-75.9375 76.7369 0.4700 0.2390 0.2910 0.00000 6.513 1500.0 12.0 0.0000 0.0200 10.00 0.1664
-73.1250 76.7369 0.4771 0.2298 0.2931 0.00000 6.616 1500.0 12.0 0.0000 0.0200 10.00 0.1386
-70.3125 76.7369 0.4877 0.2160 0.2963 0.00000 6.731 1500.0 12.0 0.0000 0.2890 35.11 0.0973
59.0625 73.9475 0.3485 0.2856 0.3658 0.00000 6.424 1500.0 12.0 0.0000 0.0735 10.00 0.1368
61.8750 73.9475 0.3987 0.2629 0.3385 0.00000 6.499 1500.0 12.0 0.0000 0.0200 10.00 0.1374
64.6875 73.9475 0.3669 0.2766 0.3565 0.00000 6.711 1500.0 12.0 0.0000 0.0200 10.00 0.1333
67.5000 73.9475 0.3410 0.3039 0.3551 0.00000 7.250 1500.0 12.0 0.0000 0.0200 10.00 0.1346
70.3125 73.9475 0.4246 0.2505 0.3248 0.00000 6.730 1500.0 12.0 0.0000 0.0200 10.00 0.1274
73.1250 73.9475 0.5917 0.1663 0.2420 0.00000 6.367 1500.0 12.0 0.0000 0.4206 46.87 0.1162
75.9375 73.9475 0.6785 0.1246 0.1969 0.00000 6.232 1500.0 12.0 0.0000 0.9580 98.75 0.1146
78.7500 73.9475 0.6843 0.1159 0.1998 0.00000 6.332 1500.0 12.0 0.0000 1.0584 108.94 0.0875
81.5625 73.9475 0.6374 0.1340 0.2285 0.00000 6.503 1500.0 12.0 0.0000 0.9586 103.29 0.0628
84.3750 73.9475 0.5277 0.1888 0.2834 0.00000 6.737 1500.0 12.0 0.0000 5.0000 590.88 0.0628
87.1875 73.9475 0.4955 0.2058 0.2987 0.00000 6.780 1500.0 12.0 0.0000 0.4138 50.15 0.0671
90.0000 73.9475 0.4961 0.2050 0.2988 0.00000 6.784 1500.0 12.0 0.0000 0.4243 51.40 0.0647
92.8125 73.9475 0.4959 0.2054 0.2988 0.00000 6.783 1500.0 12.0 0.0000 0.4532 54.91 0.0658
95.6250 73.9475 0.4952 0.2063 0.2985 0.00000 6.780 1500.0 12.0 0.0000 0.5276 63.94 0.0684
98.4375 73.9475 0.4953 0.2061 0.2986 0.00000 6.781 1500.0 12.0 0.0000 0.7705 93.37 0.0679
101.2500 73.9475 0.4947 0.2069 0.2984 0.00000 6.777 1500.0 12.0 0.0000 0.5119 62.05 0.0702
104.0625 73.9475 0.4942 0.2076 0.2983 0.00000 6.774 1500.0 12.0 0.0000 0.2968 35.97 0.0723
106.8750 73.9475 0.4946 0.2070 0.2984 0.00000 6.778 1500.0 12.0 0.0000 0.1829 22.17 0.0705
109.6875 73.9475 0.4948 0.2068 0.2984 0.00000 6.779 1500.0 12.0 0.0000 0.1035 12.54 0.0699
112.5000 73.9475 0.4950 0.2065 0.2985 0.00000 6.780 1500.0 12.0 0.0000 0.0477 10.00 0.0692
115.3125 73.9475 0.4945 0.2071 0.2984 0.00000 6.777 1500.0 12.0 0.0000 0.0200 10.00 0.0709
118.1250 73.9475 0.4941 0.2077 0.2982 0.00000 6.774 1500.0 12.0 0.0000 0.0200 10.00 0.0725
120.9375 73.9475 0.4936 0.2083 0.2981 0.00000 6.771 1500.0 12.0 0.0000 0.1017 12.33 0.0743
123.7500 73.9475 0.4933 0.2087 0.2980 0.00000 6.769 1500.0 12.0 0.0000 0.2935 35.59 0.0754
126.5625 73.9475 0.4943 0.2074 0.2983 0.00000 6.775 1500.0 12.0 0.0000 0.0705 10.00 0.0716
129.3750 73.9475 0.4966 0.2044 0.2990 0.00000 6.793 1500.0 12.0 0.0000 0.2647 32.07 0.0628
132.1875 73.9475 0.4966 0.2044 0.2990 0.00000 6.800 1500.0 12.0 0.0000 5.0000 605.66 0.0628
135.0000 73.9475 0.4966 0.2044 0.2990 0.00000 6.800 1500.0 12.0 0.0000 5.0000 605.66 0.0628
137.8125 73.9475 0.4966 0.2044 0.2990 0.00000 6.800 1500.0 12.0 0.0000 5.0000 605.66 0.0628
140.6250 73.9475 0.4837 0.2212 0.2951 0.00000 6.655 1500.0 12.0 0.0000 0.0200 10.00 0.1128
143.4375 73.9475 0.4690 0.2404 0.2907 0.00000 6.431 1500.0 12.0 0.0000 0.0200 10.00 0.1705
146.2500 73.9475 0.5077 0.2278 0.2645 0.00000 6.148 1500.0 12.0 0.0000 0.0200 10.00 0.2052
149.0625 73.9475 0.4062 0.2814 0.3124 0.00000 5.992 1500.0 12.0 0.0000 0.0200 10.00 0.2281
151.8750 73.9475 0.2788 0.3510 0.3702 0.00000 5.888 1500.0 12.0 0.0000 0.0200 10.00 0.2512
154.6875 73.9475 0.2440 0.3753 0.3808 0.00000 5.792 1500.0 12.0 0.0000 0.0200 10.00 0.2730
157.5000 73.9475 0.2391 0.3836 0.3773 0.00000 5.724 1500.0 12.0 0.0000 0.0200 10.00 0.2934
160.3125 73.9475 0.2514 0.3844 0.3642 0.00000 5.657 1500.0 12.0 0.0000 0.0200 10.00 0.3173
163.1250 73.9475 0.3120 0.3626 0.3253 0.00000 5.592 1500.0 12.0 0.0000 0.0200 10.00 0.3448
165.9375 73.9475 0.4071 0.3238 0.2691 0.00000 5.551 1500.0 12.0 0.0000 0.0200 10.00 0.3698
168.7500 73.9475 0.4862 0.2907 0.2231 0.00000 5.552 1500.0 12.0 0.0000 0.0200 10.00 0.3857
-112.5000 73.9475 0.4848 0.2415 0.2737 0.00000 6.322 1500.0 12.0 0.0000 0.0200 10.00 0.2048
-109.6875 73.9475 0.5253 0.2263 0.2484 0.00000 6.232 1500.0 12.0 0.0000 0.0200 10.00 0.2123
-106.8750 73.9475 0.5226 0.2280 0.2494 0.00000 6.195 1500.0 12.0 0.0000 0.0200 10.00 0.2111
-104.0625 73.9475 0.4660 0.2539 0.2801 0.00000 6.168 1500.0 12.0 0.0000 0.0200 10.00 0.2137
-101.2500 73.9475 0.3759 0.2994 0.3247 0.00000 6.066 1500.0 12.0 0.0000 0.0200 10.00 0.2240
-98.4375 73.9475 0.2901 0.3414 0.3684 0.00000 6.022 1500.0 12.0 0.0000 0.0200 10.00 0.2327
-95.6250 73.9475 0.2584 0.3590 0.3825 0.00000 5.982 1500.0 12.0 0.0000 0.0200 10.00 0.2433
-92.8125 73.9475 0.2598 0.3613 0.3789 0.00000 5.932 1500.0 12.0 0.0000 0.0200 10.00 0.2530
-90.0000 73.9475 0.4207 0.2805 0.2987 0.00000 5.844 1500.0 12.0 0.0000 0.0200 10.00 0.2561
-87.1875 73.9475 0.6112 0.1866 0.2022 0.00000 5.777 1500.0 12.0 0.0000 0.2268 24.38 0.2537
-84.3750 73.9475 0.5513 0.2145 0.2342 0.00000 6.001 1500.0 12.0 0.0000 0.0200 10.00 0.2447
-81.5625 73.9475 0.4866 0.2434 0.2700 0.00000 6.230 1500.0 12.0 0.0000 0.0200 10.00 0.2293
-78.7500 73.9475 0.4584 0.2541 0.2875 0.00000 6.379 1500.0 12.0 0.0000 0.0200 10.00 0.2130
-75.9375 73.9475 0.4641 0.2467 0.2892 0.00000 6.475 1500.0 12.0 0.0000 0.0200 10.00 0.1899
-73.1250 73.9475 0.4694 0.2398 0.2908 0.00000 6.555 1500.0 12.0 0.0000 0.0200 10.00 0.1688
-70.3125 73.9475 0.4740 0.2338 0.2922 0.00000 6.616 1500.0 12.0 0.0000 0.2005 24.47 0.1507
-67.5000 73.9475 0.5285 0.2044 0.2671 0.00000 6.545 1500.0 12.0 0.0000 0.5650 66.10 0.1395
56.2500 71.1578 0.3911 0.2634 0.3454 0.00000 6.602 1500.0 12.0 0.0000 0.0200 10.00 0.1261
59.0625 71.1578 0.3461 0.2858 0.3682 0.00000 6.492 1500.0 12.0 0.0000 0.0200 10.00 0.1348
61.8750 71.1578 0.3692 0.2755 0.3553 0.00000 6.498 1500.0 12.0 0.0000 0.0200 10.00 0.1369
64.6875 71.1578 0.3807 0.2759 0.3434 0.00000 6.307 1500.0 12.0 0.0000 0.0200 10.00 0.1617
67.5000 71.1578 0.5004 0.2210 0.2786 0.00000 6.142 1500.0 12.0 0.0000 0.0347 10.00 0.1707
70.3125 71.1578 0.6542 0.1484 0.1974 0.00000 6.026 1500.0 12.0 0.0000 0.3879 40.56 0.1712
73.1250 71.1578 0.6589 0.1470 0.1941 0.00000 5.999 1500.0 12.0 0.0000 0.4980 51.82 0.1748
75.9375 71.1578 0.6515 0.1492 0.1993 0.00000 6.051 1500.0 12.0 0.0000 0.5287 55.44 0.1680
78.7500 71.1578 0.5024 0.2216 0.2760 0.00000 6.405 1500.0 12.0 0.0000 0.0200 10.00 0.1602
81.5625 71.1578 0.4744 0.2333 0.2923 0.00000 6.520 1500.0 12.0 0.0000 0.0200 10.00 0.1491
84.3750 71.1578 0.4822 0.2232 0.2947 0.00000 6.639 1500.0 12.0 0.0000 0.1000 12.17 0.1185
87.1875 71.1578 0.4927 0.2094 0.2978 0.00000 6.760 1500.0 12.0 0.0000 0.5032 61.03 0.0778
90.0000 71.1578 0.4966 0.2044 0.2990 0.00000 6.800 1500.0 12.0 0.0000 5.0000 605.66 0.0628
92.8125 71.1578 0.4966 0.2044 0.2990 0.00000 6.800 1500.0 12.0 0.0000 5.0000 605.66 0.0628
95.6250 71.1578 0.4935 0.2084 0.2981 0.00000 6.770 1500.0 12.0 0.0000 0.5057 61.31 0.0748
98.4375 71.1578 0.4946 0.2071 0.2984 0.00000 6.777 1500.0 12.0 0.0000 0.6647 80.57 0.0708
101.2500 71.1578 0.4966 0.2044 0.2990 0.00000 6.789 1500.0 12.0 0.0000 0.6572 79.61 0.0630
104.0625 71.1578 0.4942 0.2075 0.2983 0.00000 6.776 1500.0 12.0 0.0000 0.3172 38.46 0.0720
106.8750 71.1578 0.4966 0.2044 0.2990 0.00000 6.792 1500.0 12.0 0.0000 0.4760 57.66 0.0628
109.6875 71.1578 0.4950 0.2065 0.2985 0.00000 6.781 1500.0 12.0 0.0000 0.1230 14.90 0.0689
112.5000 71.1578 0.4865 0.2176 0.2959 0.00000 6.711 1500.0 12.0 0.0000 0.0200 10.00 0.1018
115.3125 71.1578 0.4932 0.2088 0.2980 0.00000 6.769 1500.0 12.0 0.0000 0.0200 10.00 0.0758
118.1250 71.1578 0.4842 0.2094 0.3065 0.00000 6.800 1500.0 12.0 0.0000 5.0000 612.01 0.0628
120.9375 71.1578 0.4966 0.2044 0.2990 0.00000 6.800 1500.0 12.0 0.0000 5.0000 605.66 0.0628
123.7500 71.1578 0.4966 0.2044 0.2990 0.00000 6.800 1500.0 12.0 0.0000 5.0000 605.66 0.0628
126.5625 71.1578 0.4966 0.2044 0.2990 0.00000 6.800 1500.0 12.0 0.0000 5.0000 605.66 0.0628
129.3750 71.1578 0.4966 0.2044 0.2990 0.00000 6.800 1500.0 12.0 0.0000 5.0000 605.66 0.0628
132.1875 71.1578 0.4966 0.2044 0.2990 0.00000 6.800 1500.0 12.0 0.0000 5.0000 605.66 0.0628
135.0000 71.1578 0.4966 0.2044 0.2990 0.00000 6.800 1500.0 12.0 0.0000 5.0000 605.66 0.0628
137.8125 71.1578 0.4925 0.2097 0.2978 0.00000 6.762 1500.0 12.0 0.0000 0.0200 10.00 0.0785
140.6250 71.1578 0.4754 0.2320 0.2926 0.00000 6.568 1500.0 12.0 0.0000 0.0200 10.00 0.1451
143.4375 71.1578 0.4632 0.2478 0.2890 0.00000 6.385 1500.0 12.0 0.0000 0.0200 10.00 0.1935
146.2500 71.1578 0.4709 0.2484 0.2806 0.00000 6.093 1500.0 12.0 0.0000 0.0200 10.00 0.2212
149.0625 71.1578 0.2723 0.3528 0.3749 0.00000 5.954 1500.0 12.0 0.0000 0.0200 10.00 0.2456
151.8750 71.1578 0.2443 0.3747 0.3810 0.00000 5.862 1500.0 12.0 0.0000 0.0200 10.00 0.2716
154.6875 71.1578 0.2390 0.3837 0.3773 0.00000 5.784 1500.0 12.0 0.0000 0.0200 10.00 0.2936
157.5000 71.1578 0.2386 0.3917 0.3697 0.00000 5.700 1500.0 12.0 0.0000 0.0200 10.00 0.3207
160.3125 71.1578 0.3698 0.3361 0.2941 0.00000 5.632 1500.0 12.0 0.0000 0.0200 10.00 0.3486
163.1250 71.1578 0.4871 0.2863 0.2266 0.00000 5.618 1500.0 12.0 0.0000 0.0200 10.00 0.3728
165.9375 71.1578 0.4797 0.2898 0.2305 0.00000 5.645 1500.0 12.0 0.0000 0.0200 10.00 0.3947
-104.0625 71.1578 0.3716 0.2902 0.3382 0.00000 6.340 1500.0 12.0 0.0000 0.0200 10.00 0.2050
-101.2500 71.1578 0.3948 0.2882 0.3169 0.00000 6.157 1500.0 12.0 0.0000 0.0200 10.00 0.2176
-98.4375 71.1578 0.3285 0.3235 0.3481 0.00000 6.093 1500.0 12.0 0.0000 0.0200 10.00 0.2416
-95.6250 71.1578 0.3285 0.3257 0.3459 0.00000 6.025 1500.0 12.0 0.0000 0.0200 10.00 0.2583
-92.8125 71.1578 0.3794 0.3034 0.3172 0.00000 5.880 1500.0 12.0 0.0000 0.0200 10.00 0.2650
-90.0000 71.1578 0.5833 0.2028 0.2139 0.00000 5.779 1500.0 12.0 0.0000 0.0200 10.00 0.2662
-87.1875 71.1578 0.6322 0.1775 0.1903 0.00000 5.795 1500.0 12.0 0.0000 0.0224 10.00 0.2590
-84.3750 71.1578 0.5980 0.1925 0.2095 0.00000 5.922 1500.0 12.0 0.0000 0.0200 10.00 0.2501
-81.5625 71.1578 0.4651 0.2553 0.2795 0.00000 6.285 1500.0 12.0 0.0000 0.0200 10.00 0.2358
-78.7500 71.1578 0.4587 0.2537 0.2876 0.00000 6.411 1500.0 12.0 0.0000 0.0200 10.00 0.2116
-75.9375 71.1578 0.4645 0.2461 0.2894 0.00000 6.500 1500.0 12.0 0.0000 0.0200 10.00 0.1882
-73.1250 71.1578 0.4700 0.2389 0.2910 0.00000 6.575 1500.0 12.0 0.0000 0.3073 37.55 0.1662
-70.3125 71.1578 0.5053 0.2187 0.2760 0.00000 6.552 1500.0 12.0 0.0000 0.2324 27.65 0.1529
-67.5000 71.1578 0.6647 0.1371 0.1981 0.00000 6.262 1500.0 12.0 0.0000 0.6865 71.38 0.1416
-64.6875 71.1578 0.6675 0.1371 0.1954 0.00000 6.240 1500.0 12.0 0.0000 0.5760 59.69 0.1481
-61.8750 71.1578 0.6444 0.1517 0.2039 0.00000 6.231 1500.0 12.0 0.0000 0.3237 34.19 0.1650
-59.0625 71.1578 0.4605 0.2421 0.2974 0.00000 6.493 1500.0 12.0 0.0000 0.0200 10.00 0.1808
-56.2500 71.1578 0.4774 0.2333 0.2893 0.00000 6.474 1500.0 12.0 0.0000 0.0200 10.00 0.1768
59.0625 68.3678 0.4145 0.2477 0.3378 0.00000 6.666 1500.0 12.0 0.0000 0.0200 10.00 0.1057
61.8750 68.3678 0.3904 0.2588 0.3508 0.00000 6.627 1500.0 12.0 0.0000 0.0200 10.00 0.1080
64.6875 68.3678 0.4799 0.2272 0.2930 0.00000 6.445 1500.0 12.0 0.0000 0.0200 10.00 0.1528
67.5000 68.3678 0.6583 0.1435 0.1982 0.00000 6.118 1500.0 12.0 0.0000 0.2629 27.44 0.1576
70.3125 68.3678 0.6602 0.1455 0.1943 0.00000 6.050 1500.0 12.0 0.0000 0.3040 31.61 0.1708
73.1250 68.3678 0.6353 0.1618 0.2029 0.00000 6.011 1500.0 12.0 0.0000 0.1368 14.52 0.1899
75.9375 68.3678 0.5186 0.2209 0.2605 0.00000 6.230 1500.0 12.0 0.0000 0.0200 10.00 0.1962
78.7500 68.3678 0.4631 0.2480 0.2889 0.00000 6.364 1500.0 12.0 0.0000 0.0200 10.00 0.1940
81.5625 68.3678 0.4641 0.2467 0.2892 0.00000 6.388 1500.0 12.0 0.0000 0.1674 20.49 0.1900
84.3750 68.3678 0.4654 0.2450 0.2896 0.00000 6.419 1500.0 12.0 0.0000 0.3172 38.81 0.1848
87.1875 68.3678 0.4680 0.2416 0.2904 0.00000 6.468 1500.0 12.0 0.0000 0.2620 32.03 0.1744
90.0000 68.3678 0.4733 0.2347 0.2920 0.00000 6.550 1500.0 12.0 0.0000 0.1353 16.51 0.1534
92.8125 68.3678 0.4820 0.2235 0.2946 0.00000 6.661 1500.0 12.0 0.0000 0.2022 24.60 0.1194
95.6250 68.3678 0.4946 0.2070 0.2984 0.00000 6.778 1500.0 12.0 0.0000 0.5740 69.58 0.0707
98.4375 68.3678 0.4966 0.2044 0.2990 0.00000 6.800 1500.0 12.0 0.0000 5.0000 605.66 0.0628
101.2500 68.3678 0.4244 0.2494 0.3263 0.00000 7.598 1500.0 12.0 0.0000 5.0000 636.88 0.0628
104.0625 68.3678 0.4382 0.2411 0.3207 0.00000 7.442 1500.0 12.0 0.0000 5.0000 630.75 0.0628
106.8750 68.3678 0.4884 0.2151 0.2965 0.00000 6.733 1500.0 12.0 0.0000 0.0200 10.00 0.0944
109.6875 68.3678 0.4836 0.2214 0.2951 0.00000 6.688 1500.0 12.0 0.0000 0.0200 10.00 0.1132
112.5000 68.3678 0.4761 0.2277 0.2962 0.00000 6.651 1500.0 12.0 0.0000 0.0200 10.00 0.1275
115.3125 68.3678 0.4758 0.2310 0.2932 0.00000 6.611 1500.0 12.0 0.0000 0.0200 10.00 0.1415
118.1250 68.3678 0.4551 0.2461 0.2988 0.00000 6.801 1500.0 12.0 0.0000 0.0200 10.00 0.1410
120.9375 68.3678 0.4784 0.2281 0.2935 0.00000 6.640 1500.0 12.0 0.0000 0.0200 10.00 0.1334
123.7500 68.3678 0.4822 0.2231 0.2947 0.00000 6.682 1500.0 12.0 0.0000 0.0200 10.00 0.1183
126.5625 68.3678 0.4864 0.2177 0.2959 0.00000 6.722 1500.0 12.0 0.0000 0.0200 10.00 0.1022
129.3750 68.3678 0.4922 0.2101 0.2977 0.00000 6.767 1500.0 12.0 0.0000 0.2698 32.73 0.0798
132.1875 68.3678 0.4885 0.2150 0.2965 0.00000 6.740 1500.0 12.0 0.0000 0.2140 25.99 0.0942
135.0000 68.3678 0.4798 0.2263 0.2939 0.00000 6.659 1500.0 12.0 0.0000 0.0274 10.00 0.1280
137.8125 68.3678 0.4660 0.2443 0.2898 0.00000 6.496 1500.0 12.0 0.0000 0.0200 10.00 0.1825
140.6250 68.3678 0.4552 0.2582 0.2866 0.00000 6.349 1500.0 12.0 0.0000 0.0200 10.00 0.2255
143.4375 68.3678 0.4568 0.2627 0.2805 0.00000 6.232 1500.0 12.0 0.0000 0.0200 10.00 0.2524
146.2500 68.3678 0.4464 0.2722 0.2814 0.00000 5.921 1500.0 12.0 0.0000 0.0200 10.00 0.2749
149.0625 68.3678 0.2406 0.3846 0.3748 0.00000 5.862 1500.0 12.0 0.0000 0.0200 10.00 0.3001
151.8750 68.3678 0.2313 0.3968 0.3719 0.00000 5.770 1500.0 12.0 0.0000 0.0200 10.00 0.3262
154.6875 68.3678 0.2337 0.4030 0.3633 0.00000 5.687 1500.0 12.0 0.0000 0.0200 10.00 0.3523
157.5000 68.3678 0.3481 0.3542 0.2977 0.00000 5.620 1500.0 12.0 0.0000 0.0200 10.00 0.3788
160.3125 68.3678 0.4204 0.3243 0.2552 0.00000 5.605 1500.0 12.0 0.0000 0.0200 10.00 0.4015
163.1250 68.3678 0.4982 0.2950 0.2068 0.00000 5.581 1500.0 12.0 0.0000 0.0200 10.00 0.4247
165.9375 68.3678 0.4543 0.3161 0.2296 0.00000 5.691 1500.0 12.0 0.0000 0.0200 10.00 0.4431
168.7500 68.3678 0.3785 0.3352 0.2863 0.00000 5.858 1500.0 12.0 0.0000 0.0200 10.00 0.4395
-106.8750 68.3678 0.5334 0.2082 0.2585 0.00000 6.406 1500.0 12.0 0.0000 0.2532 29.39 0.1491
-104.0625 68.3678 0.2953 0.3269 0.3778 0.00000 6.268 1500.0 12.0 0.0000 0.0200 10.00 0.1932
-101.2500 68.3678 0.2715 0.3463 0.3822 0.00000 6.165 1500.0 12.0 0.0000 0.0200 10.00 0.2226
-98.4375 68.3678 0.3376 0.3170 0.3454 0.00000 6.095 1500.0 12.0 0.0000 0.0200 10.00 0.2396
-95.6250 68.3678 0.4581 0.2599 0.2820 0.00000 5.955 1500.0 12.0 0.0000 0.0200 10.00 0.2481
-92.8125 68.3678 0.6228 0.1794 0.1978 0.00000 5.874 1500.0 12.0 0.0000 0.0200 10.00 0.2462
-90.0000 68.3678 0.5977 0.1887 0.2136 0.00000 6.005 1500.0 12.0 0.0000 0.0200 10.00 0.2306
-87.1875 68.3678 0.5692 0.1988 0.2321 0.00000 6.153 1500.0 12.0 0.0000 0.0200 10.00 0.2106
-84.3750 68.3678 0.4890 0.2365 0.2745 0.00000 6.370 1500.0 12.0 0.0000 0.0200 10.00 0.2008
-81.5625 68.3678 0.4628 0.2483 0.2888 0.00000 6.457 1500.0 12.0 0.0000 0.0200 10.00 0.1950
-78.7500 68.3678 0.4617 0.2498 0.2885 0.00000 6.456 1500.0 12.0 0.0000 0.0200 10.00 0.1997
-75.9375 68.3678 0.4800 0.2444 0.2756 0.00000 6.365 1500.0 12.0 0.0000 0.0200 10.00 0.2181
-73.1250 68.3678 0.5474 0.2176 0.2350 0.00000 6.119 1500.0 12.0 0.0000 0.1337 15.18 0.2507
-70.3125 68.3678 0.5514 0.2217 0.2269 0.00000 6.018 1500.0 12.0 0.0000 0.0200 10.00 0.2813
-67.5000 68.3678 0.5385 0.2336 0.2279 0.00000 5.962 1500.0 12.0 0.0000 0.0200 10.00 0.3096
-64.6875 68.3678 0.6079 0.2034 0.1887 0.00000 5.753 1500.0 12.0 0.0000 0.1024 10.93 0.3286
-61.8750 68.3678 0.6082 0.2049 0.1869 0.00000 5.727 1500.0 12.0 0.0000 0.1061 11.30 0.3371
-59.0625 68.3678 0.5996 0.2076 0.1928 0.00000 5.762 1500.0 12.0 0.0000 0.0354 10.00 0.3310
-56.2500 68.3678 0.5839 0.2105 0.2055 0.00000 5.856 1500.0 12.0 0.0000 0.0200 10.00 0.3097
-53.4375 68.3678 0.5336 0.2284 0.2380 0.00000 6.030 1500.0 12.0 0.0000 0.0200 10.00 0.2819
-50.6250 68.3678 0.3971 0.2911 0.3119 0.00000 6.287 1500.0 12.0 0.0000 0.0200 10.00 0.2741
2.8125 65.5776 0.3894 0.3062 0.3044 0.00000 6.100 1500.0 12.0 0.0000 0.0200 10.00 0.2749
5.6250 65.5776 0.3267 0.3351 0.3382 0.00000 6.057 1500.0 12.0 0.0000 0.0200 10.00 0.2795
8.4375 65.5776 0.3671 0.3126 0.3203 0.00000 6.107 1500.0 12.0 0.0000 0.0200 10.00 0.2798
11.2500 65.5776 0.3207 0.3360 0.3433 0.00000 6.071 1500.0 12.0 0.0000 0.0200 10.00 0.2707
14.0625 65.5776 0.2717 0.3537 0.3747 0.00000 6.122 1500.0 12.0 0.0000 0.0200 10.00 0.2478
16.8750 65.5776 0.2605 0.3530 0.3865 0.00000 6.187 1500.0 12.0 0.0000 0.0200 10.00 0.2256
19.6875 65.5776 0.2738 0.3405 0.3857 0.00000 6.268 1500.0 12.0 0.0000 0.0200 10.00 0.2063
22.5000 65.5776 0.3073 0.3176 0.3751 0.00000 6.377 1500.0 12.0 0.0000 0.0200 10.00 0.1851
25.3125 65.5776 0.3074 0.3117 0.3810 0.00000 6.438 1500.0 12.0 0.0000 0.0296 10.00 0.1634
30.9375 65.5776 0.3322 0.2981 0.3697 0.00000 7.244 1500.0 12.0 0.0000 0.2646 35.98 0.1069
33.7500 65.5776 0.3273 0.3002 0.3726 0.00000 7.153 1500.0 12.0 0.0000 0.4775 65.15 0.0962
39.3750 65.5776 0.4160 0.2364 0.3476 0.00000 6.743 1500.0 12.0 0.0000 5.0000 646.85 0.0628
59.0625 65.5776 0.4107 0.2739 0.3154 0.00000 6.637 1500.0 12.0 0.0000 0.0200 10.00 0.1648
61.8750 65.5776 0.4153 0.2574 0.3273 0.00000 6.578 1500.0 12.0 0.0000 0.0200 10.00 0.1512
64.6875 65.5776 0.4414 0.2430 0.3156 0.00000 6.590 1500.0 12.0 0.0000 0.0200 10.00 0.1409
67.5000 65.5776 0.5871 0.1753 0.2376 0.00000 6.318 1500.0 12.0 0.0000 0.0200 10.00 0.1482
70.3125 65.5776 0.5586 0.1937 0.2477 0.00000 6.321 1500.0 12.0 0.0000 0.0200 10.00 0.1648
73.1250 65.5776 0.5112 0.2220 0.2668 0.00000 6.359 1500.0 12.0 0.0000 0.0200 10.00 0.1837
75.9375 65.5776 0.4624 0.2494 0.2882 0.00000 6.399 1500.0 12.0 0.0000 0.0200 10.00 0.1994
78.7500 65.5776 0.4582 0.2544 0.2874 0.00000 6.354 1500.0 12.0 0.0000 0.0200 10.00 0.2138
81.5625 65.5776 0.4543 0.2594 0.2863 0.00000 6.309 1500.0 12.0 0.0000 0.5163 63.39 0.2292
84.3750 65.5776 0.4524 0.2619 0.2857 0.00000 6.292 1500.0 12.0 0.0000 0.5904 72.54 0.2370
87.1875 65.5776 0.4549 0.2587 0.2865 0.00000 6.335 1500.0 12.0 0.0000 0.2498 30.67 0.2271
90.0000 65.5776 0.4607 0.2511 0.2882 0.00000 6.419 1500.0 12.0 0.0000 0.0217 10.00 0.2036
92.8125 65.5776 0.4679 0.2417 0.2904 0.00000 6.513 1500.0 12.0 0.0000 0.0200 10.00 0.1747
95.6250 65.5776 0.4831 0.2219 0.2949 0.00000 6.688 1500.0 12.0 0.0000 0.0991 12.06 0.1149
98.4375 65.5776 0.4958 0.2054 0.2987 0.00000 6.787 1500.0 12.0 0.0000 0.6188 74.98 0.0660
101.2500 65.5776 0.4695 0.2186 0.3119 0.00000 6.968 1500.0 12.0 0.0000 5.0000 618.32 0.0628
104.0625 65.5776 0.4702 0.2200 0.3098 0.00000 7.066 1500.0 12.0 0.0000 5.0000 617.37 0.0628
106.8750 65.5776 0.4775 0.2122 0.3104 0.00000 6.781 1500.0 12.0 0.0000 5.0000 615.40 0.0628
109.6875 65.5776 0.4755 0.2118 0.3127 0.00000 6.730 1500.0 12.0 0.0000 5.0000 616.78 0.0628
112.5000 65.5776 0.4562 0.2355 0.3083 0.00000 6.520 1500.0 12.0 0.0000 0.1528 18.98 0.1251
115.3125 65.5776 0.4429 0.2493 0.3078 0.00000 6.418 1500.0 12.0 0.0000 0.2699 33.72 0.1537
118.1250 65.5776 0.3840 0.2813 0.3347 0.00000 6.533 1500.0 12.0 0.0000 0.0438 10.00 0.1711
120.9375 65.5776 0.4492 0.2525 0.2983 0.00000 6.502 1500.0 12.0 0.0000 0.0200 10.00 0.1851
123.7500 65.5776 0.4630 0.2481 0.2889 0.00000 6.495 1500.0 12.0 0.0000 0.0200 10.00 0.1944
126.5625 65.5776 0.4618 0.2497 0.2885 0.00000 6.485 1500.0 12.0 0.0000 0.0200 10.00 0.1991
129.3750 65.5776 0.4612 0.2504 0.2884 0.00000 6.480 1500.0 12.0 0.0000 0.0200 10.00 0.2015
132.1875 65.5776 0.4580 0.2547 0.2874 0.00000 6.442 1500.0 12.0 0.0000 0.0200 10.00 0.2146
135.0000 65.5776 0.4485 0.2670 0.2845 0.00000 6.325 1500.0 12.0 0.0000 0.0200 10.00 0.2530
137.8125 65.5776 0.4419 0.2755 0.2826 0.00000 6.237 1500.0 12.0 0.0000 0.0200 10.00 0.2801
140.6250 65.5776 0.4346 0.2850 0.2804 0.00000 6.135 1500.0 12.0 0.0000 0.0200 10.00 0.3104
143.4375 65.5776 0.4301 0.2929 0.2771 0.00000 6.029 1500.0 12.0 0.0000 0.0200 10.00 0.3396
146.2500 65.5776 0.4738 0.2776 0.2486 0.00000 5.721 1500.0 12.0 0.0000 0.0200 10.00 0.3673
149.0625 65.5776 0.2557 0.4011 0.3433 0.00000 5.627 1500.0 12.0 0.0000 0.0200 10.00 0.3946
151.8750 65.5776 0.2079 0.4365 0.3556 0.00000 5.562 1500.0 12.0 0.0000 0.0200 10.00 0.4270
154.6875 65.5776 0.2207 0.4373 0.3419 0.00000 5.693 1500.0 12.0 0.0000 0.0200 10.00 0.4554
157.5000 65.5776 0.4230 0.3428 0.2343 0.00000 5.480 1500.0 12.0 0.0000 0.0200 10.00 0.4804
-149.0625 65.5776 0.0467 0.6633 0.2900 0.00000 6.743 1500.0 12.0 0.0000 0.1323 19.52 0.1129
-120.9375 65.5776 0.1820 0.5094 0.3086 0.00000 6.800 1500.0 12.0 0.0000 5.0000 703.39 0.0628
-118.1250 65.5776 0.4589 0.2213 0.3198 0.00000 6.774 1500.0 12.0 0.0000 5.0000 624.24 0.0628
-115.3125 65.5776 0.4094 0.2427 0.3479 0.00000 6.804 1500.0 12.0 0.0000 5.0000 648.94 0.0628
-112.5000 65.5776 0.4254 0.2329 0.3416 0.00000 6.771 1500.0 12.0 0.0000 5.0000 641.93 0.0628
-109.6875 65.5776 0.4353 0.2287 0.3359 0.00000 6.774 1500.0 12.0 0.0000 5.0000 636.98 0.0628
-106.8750 65.5776 0.3853 0.2687 0.3460 0.00000 6.540 1500.0 12.0 0.0000 0.0883 11.57 0.1391
-104.0625 65.5776 0.4079 0.2709 0.3212 0.00000 6.247 1500.0 12.0 0.0000 0.0200 10.00 0.1940
-101.2500 65.5776 0.5432 0.2128 0.2440 0.00000 6.034 1500.0 12.0 0.0000 0.0200 10.00 0.2242
-98.4375 65.5776 0.6287 0.1741 0.1972 0.00000 5.935 1500.0 12.0 0.0000 0.0507 10.00 0.2347
-95.6250 65.5776 0.6358 0.1697 0.1945 0.00000 5.965 1500.0 12.0 0.0000 0.0200 10.00 0.2295
-92.8125 65.5776 0.5068 0.2285 0.2646 0.00000 6.336 1500.0 12.0 0.0000 0.0200 10.00 0.2052
-90.0000 65.5776 0.4673 0.2426 0.2902 0.00000 6.524 1500.0 12.0 0.0000 0.0200 10.00 0.1773
-87.1875 65.5776 0.4724 0.2359 0.2917 0.00000 6.585 1500.0 12.0 0.0000 0.0200 10.00 0.1569
-84.3750 65.5776 0.4711 0.2376 0.2913 0.00000 6.571 1500.0 12.0 0.0000 0.0200 10.00 0.1622
-81.5625 65.5776 0.4662 0.2439 0.2899 0.00000 6.519 1500.0 12.0 0.0000 0.0200 10.00 0.1813
-78.7500 65.5776 0.5178 0.2272 0.2550 0.00000 6.258 1500.0 12.0 0.0000 0.2308 26.96 0.2257
-75.9375 65.5776 0.6267 0.1835 0.1898 0.00000 5.858 1500.0 12.0 0.0000 0.5983 63.22 0.2753
-73.1250 65.5776 0.6090 0.2040 0.1870 0.00000 5.700 1500.0 12.0 0.0000 0.4308 45.90 0.3344
-70.3125 65.5776 0.5401 0.2459 0.2140 0.00000 5.682 1500.0 12.0 0.0000 0.0200 10.00 0.3844
-67.5000 65.5776 0.5142 0.2659 0.2199 0.00000 5.620 1500.0 12.0 0.0000 0.0200 10.00 0.4253
-64.6875 65.5776 0.5159 0.2703 0.2138 0.00000 5.548 1500.0 12.0 0.0000 0.0200 10.00 0.4521
-61.8750 65.5776 0.5426 0.2602 0.1971 0.00000 5.471 1500.0 12.0 0.0000 0.0200 10.00 0.4619
-59.0625 65.5776 0.5740 0.2439 0.1820 0.00000 5.449 1500.0 12.0 0.0000 0.0499 10.00 0.4527
-56.2500 65.5776 0.5807 0.2364 0.1830 0.00000 5.507 1500.0 12.0 0.0000 0.1325 14.31 0.4298
-53.4375 65.5776 0.5692 0.2345 0.1962 0.00000 5.640 1500.0 12.0 0.0000 0.0930 10.19 0.3945
-50.6250 65.5776 0.4476 0.2857 0.2668 0.00000 5.949 1500.0 12.0 0.0000 0.0200 10.00 0.3690
-47.8125 65.5776 0.3845 0.3096 0.3060 0.00000 6.161 1500.0 12.0 0.0000 0.0200 10.00 0.3405
0.0000 62.7874 0.2721 0.3735 0.3544 0.00000 5.898 1500.0 12.0 0.0000 0.0200 10.00 0.3142
2.8125 62.7874 0.2338 0.3971 0.3691 0.00000 6.208 1500.0 12.0 0.0000 0.0200 10.00 0.3174
5.6250 62.7874 0.2401 0.3938 0.3661 0.00000 6.152 1500.0 12.0 0.0000 0.0200 10.00 0.3114
8.4375 62.7874 0.2403 0.3881 0.3716 0.00000 6.070 1500.0 12.0 0.0000 0.0200 10.00 0.3040
11.2500 62.7874 0.2541 0.3743 0.3715 0.00000 5.897 1500.0 12.0 0.0000 0.0200 10.00 0.2891
14.0625 62.7874 0.2990 0.3463 0.3548 0.00000 5.938 1500.0 12.0 0.0000 0.0200 10.00 0.2720
16.8750 62.7874 0.4542 0.2622 0.2836 0.00000 5.953 1500.0 12.0 0.0000 0.0200 10.00 0.2488
19.6875 62.7874 0.4527 0.2542 0.2931 0.00000 6.114 1500.0 12.0 0.0000 0.0200 10.00 0.2121
22.5000 62.7874 0.5201 0.2100 0.2698 0.00000 6.244 1500.0 12.0 0.0000 0.1548 18.22 0.1640
25.3125 62.7874 0.5141 0.2086 0.2773 0.00000 6.314 1500.0 12.0 0.0000 0.3610 42.81 0.1465
28.1250 62.7874 0.5726 0.1787 0.2488 0.00000 6.329 1500.0 12.0 0.0000 0.6012 67.97 0.1356
30.9375 62.7874 0.4577 0.2323 0.3099 0.00000 6.738 1500.0 12.0 0.0000 0.6392 79.41 0.1165
70.3125 62.7874 0.4164 0.2623 0.3213 0.00000 6.540 1500.0 12.0 0.0000 0.0200 10.00 0.1748
73.1250 62.7874 0.4323 0.2578 0.3099 0.00000 6.518 1500.0 12.0 0.0000 0.0200 10.00 0.1852
75.9375 62.7874 0.4501 0.2578 0.2922 0.00000 6.431 1500.0 12.0 0.0000 0.0758 10.00 0.2152
78.7500 62.7874 0.4485 0.2669 0.2846 0.00000 6.323 1500.0 12.0 0.0000 0.3226 39.68 0.2528
81.5625 62.7874 0.4400 0.2780 0.2820 0.00000 6.225 1500.0 12.0 0.0000 0.3739 46.12 0.2879
84.3750 62.7874 0.4390 0.2793 0.2817 0.00000 6.222 1500.0 12.0 0.0000 0.1461 18.03 0.2921
87.1875 62.7874 0.4454 0.2710 0.2836 0.00000 6.303 1500.0 12.0 0.0000 0.0200 10.00 0.2659
90.0000 62.7874 0.4612 0.2505 0.2883 0.00000 6.489 1500.0 12.0 0.0000 0.0200 10.00 0.2017
92.8125 62.7874 0.4783 0.2282 0.2935 0.00000 6.665 1500.0 12.0 0.0000 0.1299 15.83 0.1336
95.6250 62.7874 0.4453 0.2322 0.3225 0.00000 6.696 1500.0 12.0 0.0000 0.3885 48.90 0.0916
98.4375 62.7874 0.4338 0.2406 0.3256 0.00000 6.647 1500.0 12.0 0.0000 0.0200 10.00 0.1060
101.2500 62.7874 0.3874 0.2709 0.3417 0.00000 6.543 1500.0 12.0 0.0000 0.0200 10.00 0.1463
104.0625 62.7874 0.4139 0.2660 0.3201 0.00000 6.496 1500.0 12.0 0.0000 0.0200 10.00 0.1834
106.8750 62.7874 0.3885 0.2838 0.3278 0.00000 6.340 1500.0 12.0 0.0000 0.0200 10.00 0.2099
109.6875 62.7874 0.3646 0.3001 0.3354 0.00000 6.290 1500.0 12.0 0.0000 0.0200 10.00 0.2254
112.5000 62.7874 0.3890 0.2909 0.3201 0.00000 6.282 1500.0 12.0 0.0000 0.0200 10.00 0.2331
115.3125 62.7874 0.4122 0.2839 0.3039 0.00000 6.243 1500.0 12.0 0.0000 0.0200 10.00 0.2454
118.1250 62.7874 0.3351 0.3226 0.3423 0.00000 6.195 1500.0 12.0 0.0000 0.0200 10.00 0.2533
120.9375 62.7874 0.3247 0.3312 0.3440 0.00000 6.167 1500.0 12.0 0.0000 0.0200 10.00 0.2639
123.7500 62.7874 0.4438 0.2754 0.2808 0.00000 6.231 1500.0 12.0 0.0000 0.0200 10.00 0.2724
126.5625 62.7874 0.4378 0.2759 0.2863 0.00000 6.289 1500.0 12.0 0.0000 0.0200 10.00 0.2718
129.3750 62.7874 0.4427 0.2745 0.2828 0.00000 6.283 1500.0 12.0 0.0000 0.0867 10.68 0.2770
132.1875 62.7874 0.4393 0.2789 0.2818 0.00000 6.245 1500.0 12.0 0.0000 0.6379 78.69 0.2908
135.0000 62.7874 0.4347 0.2849 0.2804 0.00000 6.186 1500.0 12.0 0.0000 0.3052 37.71 0.3100
137.8125 62.7874 0.4306 0.2902 0.2792 0.00000 6.127 1500.0 12.0 0.0000 0.0200 10.00 0.3273
140.6250 62.7874 0.4266 0.2955 0.2780 0.00000 6.065 1500.0 12.0 0.0000 0.0200 10.00 0.3443
143.4375 62.7874 0.4198 0.3042 0.2759 0.00000 5.971 1500.0 12.0 0.0000 0.0200 10.00 0.3731
146.2500 62.7874 0.4171 0.3122 0.2706 0.00000 5.823 1500.0 12.0 0.0000 0.0200 10.00 0.4057
149.0625 62.7874 0.3206 0.3751 0.3043 0.00000 5.529 1500.0 12.0 0.0000 0.0200 10.00 0.4391
151.8750 62.7874 0.2168 0.4427 0.3404 0.00000 5.484 1500.0 12.0 0.0000 0.0200 10.00 0.4740
154.6875 62.7874 0.1936 0.4630 0.3434 0.00000 5.457 1500.0 12.0 0.0000 0.0200 10.00 0.4994
157.5000 62.7874 0.2693 0.4260 0.3047 0.00000 5.468 1500.0 12.0 0.0000 0.0200 10.00 0.5115
160.3125 62.7874 0.3456 0.3847 0.2697 0.00000 5.542 1500.0 12.0 0.0000 0.0200 10.00 0.5132
-151.8750 62.7874 0.0366 0.7036 0.2598 0.00000 6.393 1500.0 12.0 0.0000 0.0200 10.00 0.3127
-149.0625 62.7874 0.0466 0.6942 0.2592 0.00000 6.314 1500.0 12.0 0.0000 0.0200 10.00 0.3398
-118.1250 62.7874 0.3941 0.2460 0.3599 0.00000 6.843 1500.0 12.0 0.0000 5.0000 657.71 0.0628
-115.3125 62.7874 0.3443 0.2704 0.3853 0.00000 6.995 1500.0 12.0 0.0000 5.0000 681.57 0.0628
-112.5000 62.7874 0.3233 0.2811 0.3956 0.00000 7.059 1500.0 12.0 0.0000 5.0000 691.49 0.0628
-109.6875 62.7874 0.3658 0.2800 0.3542 0.00000 6.396 1500.0 12.0 0.0000 0.3954 52.53 0.1505
-106.8750 62.7874 0.5005 0.2272 0.2723 0.00000 6.182 1500.0 12.0 0.0000 0.2371 28.22 0.1945
-104.0625 62.7874 0.6097 0.1811 0.2093 0.00000 6.025 1500.0 12.0 0.0000 0.2847 30.76 0.2226
-101.2500 62.7874 0.5845 0.1974 0.2181 0.00000 6.034 1500.0 12.0 0.0000 0.0200 10.00 0.2415
-98.4375 62.7874 0.5381 0.2218 0.2401 0.00000 6.134 1500.0 12.0 0.0000 0.0200 10.00 0.2488
-95.6250 62.7874 0.4681 0.2547 0.2772 0.00000 6.340 1500.0 12.0 0.0000 0.0200 10.00 0.2402
-92.8125 62.7874 0.4586 0.2538 0.2876 0.00000 6.472 1500.0 12.0 0.0000 0.0200 10.00 0.2119
-90.0000 62.7874 0.4683 0.2412 0.2905 0.00000 6.581 1500.0 12.0 0.0000 0.0200 10.00 0.1730
-87.1875 62.7874 0.4728 0.2354 0.2918 0.00000 6.624 1500.0 12.0 0.0000 0.0200 10.00 0.1555
-84.3750 62.7874 0.5150 0.2168 0.2683 0.00000 6.499 1500.0 12.0 0.0000 0.4732 55.78 0.1670
-81.5625 62.7874 0.5559 0.2094 0.2347 0.00000 6.205 1500.0 12.0 0.0000 0.5984 67.66 0.2307
-78.7500 62.7874 0.5535 0.2234 0.2231 0.00000 5.994 1500.0 12.0 0.0000 0.2522 28.35 0.2949
-75.9375 62.7874 0.5952 0.2159 0.1889 0.00000 5.694 1500.0 12.0 0.0000 0.4479 48.15 0.3608
-73.1250 62.7874 0.5726 0.2374 0.1900 0.00000 5.579 1500.0 12.0 0.0000 0.3061 33.35 0.4165
-70.3125 62.7874 0.4624 0.2937 0.2440 0.00000 5.721 1500.0 12.0 0.0000 0.0200 10.00 0.4462
-67.5000 62.7874 0.4466 0.3023 0.2510 0.00000 5.746 1500.0 12.0 0.0000 0.0200 10.00 0.4496
-64.6875 62.7874 0.3346 0.3578 0.3076 0.00000 5.905 1500.0 12.0 0.0000 0.0200 10.00 0.4504
-61.8750 62.7874 0.3403 0.3558 0.3039 0.00000 5.879 1500.0 12.0 0.0000 0.0200 10.00 0.4409
-59.0625 62.7874 0.4156 0.3133 0.2712 0.00000 5.863 1500.0 12.0 0.0000 0.0200 10.00 0.4205
-56.2500 62.7874 0.4643 0.2833 0.2525 0.00000 5.905 1500.0 12.0 0.0000 0.0200 10.00 0.3946
-53.4375 62.7874 0.4191 0.3013 0.2796 0.00000 6.036 1500.0 12.0 0.0000 0.0200 10.00 0.3816
-50.6250 62.7874 0.3919 0.3149 0.2932 0.00000 6.079 1500.0 12.0 0.0000 0.0200 10.00 0.3865
-8.4375 62.7874 0.2788 0.3629 0.3583 0.00000 6.011 1500.0 12.0 0.0000 0.0200 10.00 0.3037
-5.6250 62.7874 0.2780 0.3625 0.3595 0.00000 6.001 1500.0 12.0 0.0000 0.0200 10.00 0.3001
-2.8125 62.7874 0.2748 0.3675 0.3577 0.00000 5.941 1500.0 12.0 0.0000 0.0200 10.00 0.3052
0.0000 59.9970 0.5001 0.2549 0.2449 0.00000 5.677 1500.0 12.0 0.0000 0.0200 10.00 0.3179
2.8125 59.9970 0.5026 0.2517 0.2457 0.00000 5.749 1500.0 12.0 0.0000 0.0200 10.00 0.3067
5.6250 59.9970 0.4644 0.2767 0.2588 0.00000 6.161 1500.0 12.0 0.0000 0.0200 10.00 0.3009
8.4375 59.9970 0.4397 0.2856 0.2747 0.00000 6.199 1500.0 12.0 0.0000 0.0200 10.00 0.2954
11.2500 59.9970 0.4973 0.2483 0.2544 0.00000 5.985 1500.0 12.0 0.0000 0.0200 10.00 0.2808
14.0625 59.9970 0.4777 0.2542 0.2682 0.00000 6.076 1500.0 12.0 0.0000 0.0200 10.00 0.2620
16.8750 59.9970 0.4690 0.2545 0.2764 0.00000 6.236 1500.0 12.0 0.0000 0.0200 10.00 0.2416
19.6875 59.9970 0.4805 0.2447 0.2748 0.00000 6.311 1500.0 12.0 0.0000 0.0200 10.00 0.2206
22.5000 59.9970 0.5546 0.1997 0.2456 0.00000 6.325 1500.0 12.0 0.0000 0.0200 10.00 0.1801
25.3125 59.9970 0.5322 0.2011 0.2667 0.00000 6.546 1500.0 12.0 0.0000 0.0200 10.00 0.1325
73.1250 59.9970 0.4050 0.2805 0.3145 0.00000 6.429 1500.0 12.0 0.0000 0.5071 64.76 0.2387
75.9375 59.9970 0.4131 0.2855 0.3014 0.00000 6.338 1500.0 12.0 0.0000 0.3943 49.80 0.2775
87.1875 59.9970 0.4473 0.2674 0.2853 0.00000 6.432 1500.0 12.0 0.0000 0.0200 10.00 0.2531
90.0000 59.9970 0.4694 0.2396 0.2910 0.00000 6.628 1500.0 12.0 0.0000 0.0426 10.00 0.1680
92.8125 59.9970 0.4793 0.2269 0.2938 0.00000 6.700 1500.0 12.0 0.0000 0.2298 28.00 0.1298
95.6250 59.9970 0.4641 0.2466 0.2892 0.00000 6.558 1500.0 12.0 0.0000 0.0200 10.00 0.1897
98.4375 59.9970 0.4464 0.2697 0.2839 0.00000 6.341 1500.0 12.0 0.0000 0.0200 10.00 0.2615
101.2500 59.9970 0.4352 0.2843 0.2806 0.00000 6.163 1500.0 12.0 0.0000 0.0200 10.00 0.3080
104.0625 59.9970 0.4287 0.2914 0.2799 0.00000 6.048 1500.0 12.0 0.0000 0.0200 10.00 0.3291
106.8750 59.9970 0.4277 0.2929 0.2795 0.00000 5.993 1500.0 12.0 0.0000 0.0200 10.00 0.3338
109.6875 59.9970 0.4478 0.2840 0.2681 0.00000 5.905 1500.0 12.0 0.0000 0.0200 10.00 0.3390
112.5000 59.9970 0.4126 0.3060 0.2814 0.00000 5.866 1500.0 12.0 0.0000 0.0200 10.00 0.3599
115.3125 59.9970 0.3405 0.3495 0.3100 0.00000 5.699 1500.0 12.0 0.0000 0.0200 10.00 0.3944
118.1250 59.9970 0.2479 0.4070 0.3451 0.00000 5.671 1500.0 12.0 0.0000 0.0200 10.00 0.4160
120.9375 59.9970 0.2825 0.3916 0.3260 0.00000 5.711 1500.0 12.0 0.0000 0.0200 10.00 0.4012
123.7500 59.9970 0.4065 0.3215 0.2720 0.00000 5.861 1500.0 12.0 0.0000 0.0500 10.00 0.3600
126.5625 59.9970 0.3356 0.3393 0.3251 0.00000 6.084 1500.0 12.0 0.0000 0.1161 15.40 0.3230
129.3750 59.9970 0.4354 0.2832 0.2814 0.00000 6.249 1500.0 12.0 0.0000 0.1052 13.00 0.3032
132.1875 59.9970 0.4357 0.2836 0.2807 0.00000 6.248 1500.0 12.0 0.0000 0.4121 50.90 0.3059
135.0000 59.9970 0.4339 0.2859 0.2802 0.00000 6.228 1500.0 12.0 0.0000 0.0247 10.00 0.3135
137.8125 59.9970 0.4315 0.2891 0.2794 0.00000 6.194 1500.0 12.0 0.0000 0.0522 10.00 0.3235
140.6250 59.9970 0.4299 0.2911 0.2790 0.00000 6.165 1500.0 12.0 0.0000 0.0200 10.00 0.3301
143.4375 59.9970 0.4250 0.2975 0.2775 0.00000 6.099 1500.0 12.0 0.0000 0.0200 10.00 0.3510
146.2500 59.9970 0.4199 0.3041 0.2760 0.00000 6.034 1500.0 12.0 0.0000 0.0200 10.00 0.3726
149.0625 59.9970 0.4761 0.2828 0.2411 0.00000 5.800 1500.0 12.0 0.0000 0.0200 10.00 0.4057
151.8750 59.9970 0.4268 0.3191 0.2541 0.00000 5.549 1500.0 12.0 0.0000 0.0200 10.00 0.4445
154.6875 59.9970 0.2001 0.4513 0.3486 0.00000 5.632 1500.0 12.0 0.0000 0.0200 10.00 0.4679
157.5000 59.9970 0.1998 0.4532 0.3470 0.00000 5.661 1500.0 12.0 0.0000 0.0200 10.00 0.4765
160.3125 59.9970 0.3144 0.3957 0.2899 0.00000 5.698 1500.0 12.0 0.0000 0.0200 10.00 0.4821
-149.0625 59.9970 0.3324 0.3622 0.3054 0.00000 6.132 1500.0 12.0 0.0000 0.0200 10.00 0.4100
-146.2500 59.9970 0.3255 0.3630 0.3114 0.00000 5.986 1500.0 12.0 0.0000 0.0200 10.00 0.4452
-143.4375 59.9970 0.3050 0.3804 0.3146 0.00000 5.878 1500.0 12.0 0.0000 0.0200 10.00 0.4391
-140.6250 59.9970 0.2377 0.4142 0.3481 0.00000 5.851 1500.0 12.0 0.0000 0.0200 10.00 0.4093
-137.8125 59.9970 0.3454 0.3540 0.3005 0.00000 5.910 1500.0 12.0 0.0000 0.0200 10.00 0.3816
-120.9375 59.9970 0.4469 0.2394 0.3137 0.00000 6.699 1500.0 12.0 0.0000 0.1816 22.73 0.1288
-118.1250 59.9970 0.4754 0.2188 0.3058 0.00000 6.575 1500.0 12.0 0.0000 0.6382 78.43 0.0967
-115.3125 59.9970 0.3511 0.2948 0.3541 0.00000 6.468 1500.0 12.0 0.0000 0.2362 31.58 0.1689
-112.5000 59.9970 0.2652 0.3454 0.3894 0.00000 6.495 1500.0 12.0 0.0000 0.1388 19.62 0.1990
-109.6875 59.9970 0.3036 0.3313 0.3651 0.00000 6.149 1500.0 12.0 0.0000 0.2605 35.77 0.2257
-106.8750 59.9970 0.5706 0.2050 0.2244 0.00000 5.980 1500.0 12.0 0.0000 0.0200 10.00 0.2463
-104.0625 59.9970 0.5149 0.2377 0.2474 0.00000 6.066 1500.0 12.0 0.0000 0.0200 10.00 0.2713
-101.2500 59.9970 0.4390 0.2793 0.2817 0.00000 6.193 1500.0 12.0 0.0000 0.0200 10.00 0.2923
-98.4375 59.9970 0.4388 0.2795 0.2816 0.00000 6.241 1500.0 12.0 0.0000 0.0200 10.00 0.2929
-95.6250 59.9970 0.4429 0.2742 0.2829 0.00000 6.334 1500.0 12.0 0.0000 0.0200 10.00 0.2758
-84.3750 59.9970 0.6258 0.1773 0.1969 0.00000 6.084 1500.0 12.0 0.0000 1.0657 113.22 0.2425
-81.5625 59.9970 0.5810 0.2111 0.2078 0.00000 5.965 1500.0 12.0 0.0000 0.9157 100.44 0.3062
-78.7500 59.9970 0.5096 0.2553 0.2351 0.00000 5.922 1500.0 12.0 0.0000 0.6246 72.38 0.3562
-75.9375 59.9970 0.4672 0.2785 0.2543 0.00000 5.967 1500.0 12.0 0.0000 0.3310 39.64 0.3760
-73.1250 59.9970 0.4057 0.3037 0.2907 0.00000 6.153 1500.0 12.0 0.0000 0.0200 10.00 0.3594
-70.3125 59.9970 0.3870 0.3078 0.3053 0.00000 6.246 1500.0 12.0 0.0000 0.0200 10.00 0.3275
-33.7500 59.9970 0.3233 0.3461 0.3307 0.00000 6.187 1500.0 12.0 0.0000 0.0200 10.00 0.3464
-30.9375 59.9970 0.3222 0.3518 0.3260 0.00000 6.091 1500.0 12.0 0.0000 0.0200 10.00 0.3722
-28.1250 59.9970 0.3895 0.3199 0.2906 0.00000 5.942 1500.0 12.0 0.0000 0.0200 10.00 0.3803
-25.3125 59.9970 0.3843 0.3225 0.2932 0.00000 5.890 1500.0 12.0 0.0000 0.0200 10.00 0.3783
-22.5000 59.9970 0.2609 0.3889 0.3502 0.00000 5.857 1500.0 12.0 0.0000 0.0200 10.00 0.3641
-19.6875 59.9970 0.2691 0.3803 0.3507 0.00000 5.879 1500.0 12.0 0.0000 0.0200 10.00 0.3512
-16.8750 59.9970 0.3458 0.3360 0.3181 0.00000 5.874 1500.0 12.0 0.0000 0.0200 10.00 0.3425
-14.0625 59.9970 0.3807 0.3150 0.3043 0.00000 5.866 1500.0 12.0 0.0000 0.0200 10.00 0.3265
-11.2500 59.9970 0.3863 0.3129 0.3008 0.00000 5.793 1500.0 12.0 0.0000 0.0200 10.00 0.3202
-8.4375 59.9970 0.4027 0.3050 0.2923 0.00000 5.762 1500.0 12.0 0.0000 0.0200 10.00 0.3221
-5.6250 59.9970 0.4181 0.2978 0.2842 0.00000 5.730 1500.0 12.0 0.0000 0.0200 10.00 0.3245
-2.8125 59.9970 0.4450 0.2843 0.2707 0.00000 5.693 1500.0 12.0 0.0000 0.0200 10.00 0.3249
0.0000 57.2066 0.4538 0.2799 0.2663 0.00000 5.947 1500.0 12.0 0.0000 0.0200 10.00 0.3332
2.8125 57.2066 0.4396 0.2822 0.2782 0.00000 6.063 1500.0 12.0 0.0000 0.0200 10.00 0.3087
5.6250 57.2066 0.4357 0.2836 0.2807 0.00000 6.080 1500.0 12.0 0.0000 0.0200 10.00 0.3059
8.4375 57.2066 0.4376 0.2811 0.2813 0.00000 6.108 1500.0 12.0 0.0000 0.0200 10.00 0.2978
11.2500 57.2066 0.4394 0.2788 0.2818 0.00000 6.132 1500.0 12.0 0.0000 0.0200 10.00 0.2906
14.0625 57.2066 0.4425 0.2748 0.2827 0.00000 6.180 1500.0 12.0 0.0000 0.0200 10.00 0.2778
16.8750 57.2066 0.4442 0.2726 0.2833 0.00000 6.216 1500.0 12.0 0.0000 0.0200 10.00 0.2707
19.6875 57.2066 0.4481 0.2675 0.2844 0.00000 6.282 1500.0 12.0 0.0000 0.0200 10.00 0.2546
22.5000 57.2066 0.4562 0.2569 0.2869 0.00000 6.396 1500.0 12.0 0.0000 0.0200 10.00 0.2214
25.3125 57.2066 0.4637 0.2472 0.2891 0.00000 6.497 1500.0 12.0 0.0000 0.0200 10.00 0.1914
28.1250 57.2066 0.5408 0.2040 0.2552 0.00000 6.423 1500.0 12.0 0.0000 0.2806 32.39 0.1673
33.7500 57.2066 0.5936 0.1718 0.2346 0.00000 6.312 1500.0 12.0 0.0000 0.3940 43.65 0.1465
36.5625 57.2066 0.4107 0.2673 0.3220 0.00000 6.503 1500.0 12.0 0.0000 0.0200 10.00 0.1878
87.1875 57.2066 0.3834 0.3031 0.3134 0.00000 6.381 1500.0 12.0 0.0000 0.0760 10.00 0.2977
90.0000 57.2066 0.3872 0.3011 0.3117 0.00000 6.387 1500.0 12.0 0.0000 0.1891 24.31 0.2907
92.8125 57.2066 0.3767 0.3156 0.3077 0.00000 6.269 1500.0 12.0 0.0000 0.0200 10.00 0.3273
98.4375 57.2066 0.3589 0.3510 0.2902 0.00000 5.752 1500.0 12.0 0.0000 0.0200 10.00 0.4664
101.2500 57.2066 0.3155 0.3754 0.3091 0.00000 5.589 1500.0 12.0 0.0000 0.0200 10.00 0.4457
104.0625 57.2066 0.3253 0.3578 0.3168 0.00000 5.682 1500.0 12.0 0.0000 0.0200 10.00 0.3832
106.8750 57.2066 0.3251 0.3455 0.3293 0.00000 5.781 1500.0 12.0 0.0000 0.0200 10.00 0.3273
109.6875 57.2066 0.2821 0.3654 0.3525 0.00000 5.730 1500.0 12.0 0.0000 0.0200 10.00 0.3122
112.5000 57.2066 0.2299 0.4048 0.3653 0.00000 5.607 1500.0 12.0 0.0000 0.0200 10.00 0.3530
115.3125 57.2066 0.2157 0.4354 0.3489 0.00000 5.432 1500.0 12.0 0.0000 0.0200 10.00 0.4380
118.1250 57.2066 0.2646 0.4269 0.3085 0.00000 5.361 1500.0 12.0 0.0000 0.0200 10.00 0.5071
120.9375 57.2066 0.2761 0.4229 0.3010 0.00000 5.452 1500.0 12.0 0.0000 0.0200 10.00 0.5170
123.7500 57.2066 0.2420 0.4274 0.3306 0.00000 5.674 1500.0 12.0 0.0000 0.0200 10.00 0.4601
126.5625 57.2066 0.2761 0.3899 0.3340 0.00000 5.929 1500.0 12.0 0.0000 0.0200 10.00 0.3984
129.3750 57.2066 0.4135 0.3039 0.2826 0.00000 6.204 1500.0 12.0 0.0000 0.0643 10.00 0.3527
132.1875 57.2066 0.4281 0.2935 0.2784 0.00000 6.262 1500.0 12.0 0.0000 0.0792 10.00 0.3379
135.0000 57.2066 0.4258 0.2964 0.2777 0.00000 6.243 1500.0 12.0 0.0000 0.0926 11.47 0.3475
137.8125 57.2066 0.4250 0.2974 0.2775 0.00000 6.233 1500.0 12.0 0.0000 0.0220 10.00 0.3508
140.6250 57.2066 0.4264 0.2957 0.2779 0.00000 6.241 1500.0 12.0 0.0000 0.1027 12.72 0.3450
143.4375 57.2066 0.4319 0.2886 0.2796 0.00000 6.289 1500.0 12.0 0.0000 0.0200 10.00 0.3220
146.2500 57.2066 0.4310 0.2897 0.2793 0.00000 6.279 1500.0 12.0 0.0000 0.0200 10.00 0.3254
149.0625 57.2066 0.4267 0.2954 0.2780 0.00000 6.237 1500.0 12.0 0.0000 0.0200 10.00 0.3439
151.8750 57.2066 0.4384 0.2972 0.2644 0.00000 6.059 1500.0 12.0 0.0000 0.0200 10.00 0.3807
154.6875 57.2066 0.2876 0.3884 0.3240 0.00000 5.874 1500.0 12.0 0.0000 0.0200 10.00 0.4184
157.5000 57.2066 0.2036 0.4439 0.3525 0.00000 5.850 1500.0 12.0 0.0000 0.0200 10.00 0.4462
160.3125 57.2066 0.2058 0.4421 0.3521 0.00000 5.883 1500.0 12.0 0.0000 0.0200 10.00 0.4453
-149.0625 57.2066 0.2886 0.3946 0.3168 0.00000 5.893 1500.0 12.0 0.0000 0.0200 10.00 0.4891
-146.2500 57.2066 0.4027 0.3409 0.2564 0.00000 5.622 1500.0 12.0 0.0000 0.0200 10.00 0.5237
-143.4375 57.2066 0.4105 0.3372 0.2524 0.00000 5.517 1500.0 12.0 0.0000 0.0200 10.00 0.5042
-140.6250 57.2066 0.3414 0.3662 0.2924 0.00000 5.589 1500.0 12.0 0.0000 0.0200 10.00 0.4488
-137.8125 57.2066 0.2534 0.3954 0.3512 0.00000 5.856 1500.0 12.0 0.0000 0.0200 10.00 0.3735
-135.0000 57.2066 0.2745 0.3748 0.3507 0.00000 5.977 1500.0 12.0 0.0000 0.0200 10.00 0.3269
-132.1875 57.2066 0.2712 0.3771 0.3516 0.00000 5.997 1500.0 12.0 0.0000 0.0200 10.00 0.3318
-115.3125 57.2066 0.4347 0.2702 0.2950 0.00000 6.506 1500.0 12.0 0.0000 0.0200 10.00 0.2443
-112.5000 57.2066 0.3157 0.3326 0.3517 0.00000 6.213 1500.0 12.0 0.0000 0.0200 10.00 0.2511
-109.6875 57.2066 0.2708 0.3564 0.3728 0.00000 6.125 1500.0 12.0 0.0000 0.2490 34.82 0.2588
-106.8750 57.2066 0.3570 0.3203 0.3227 0.00000 5.924 1500.0 12.0 0.0000 0.0200 10.00 0.2871
-104.0625 57.2066 0.4819 0.2649 0.2532 0.00000 5.793 1500.0 12.0 0.0000 0.0200 10.00 0.3222
-101.2500 57.2066 0.4972 0.2624 0.2404 0.00000 5.876 1500.0 12.0 0.0000 0.0200 10.00 0.3527
-98.4375 57.2066 0.4819 0.2722 0.2459 0.00000 5.946 1500.0 12.0 0.0000 0.0200 10.00 0.3651
-95.6250 57.2066 0.5184 0.2490 0.2326 0.00000 6.012 1500.0 12.0 0.0000 0.0200 10.00 0.3377
-78.7500 57.2066 0.3120 0.3563 0.3318 0.00000 6.165 1500.0 12.0 0.0000 1.0428 140.27 0.3640
-75.9375 57.2066 0.3016 0.3502 0.3483 0.00000 6.319 1500.0 12.0 0.0000 0.6578 89.65 0.2886
-30.9375 57.2066 0.3103 0.3713 0.3184 0.00000 5.962 1500.0 12.0 0.0000 0.0200 10.00 0.4391
-28.1250 57.2066 0.4130 0.3185 0.2685 0.00000 5.799 1500.0 12.0 0.0000 0.0200 10.00 0.4562
-25.3125 57.2066 0.5245 0.2662 0.2093 0.00000 5.523 1500.0 12.0 0.0000 0.0200 10.00 0.4481
-22.5000 57.2066 0.5571 0.2484 0.1945 0.00000 5.436 1500.0 12.0 0.0000 0.0200 10.00 0.4297
-19.6875 57.2066 0.5724 0.2368 0.1908 0.00000 5.448 1500.0 12.0 0.0000 0.0200 10.00 0.4096
-16.8750 57.2066 0.5906 0.2245 0.1848 0.00000 5.469 1500.0 12.0 0.0000 0.0468 10.00 0.3935
-14.0625 57.2066 0.5661 0.2349 0.1990 0.00000 5.533 1500.0 12.0 0.0000 0.0200 10.00 0.3843
-11.2500 57.2066 0.5159 0.2584 0.2257 0.00000 5.675 1500.0 12.0 0.0000 0.0200 10.00 0.3802
-8.4375 57.2066 0.5334 0.2495 0.2171 0.00000 5.636 1500.0 12.0 0.0000 0.0200 10.00 0.3785
-5.6250 57.2066 0.4744 0.2780 0.2476 0.00000 5.767 1500.0 12.0 0.0000 0.0200 10.00 0.3762
-2.8125 57.2066 0.4701 0.2771 0.2528 0.00000 5.821 1500.0 12.0 0.0000 0.0200 10.00 0.3606
0.0000 54.4162 0.4217 0.3017 0.2765 0.00000 6.012 1500.0 12.0 0.0000 0.0200 10.00 0.3649
2.8125 54.4162 0.4258 0.2965 0.2777 0.00000 6.053 1500.0 12.0 0.0000 0.0200 10.00 0.3477
5.6250 54.4162 0.4304 0.2905 0.2791 0.00000 6.102 1500.0 12.0 0.0000 0.0200 10.00 0.3282
8.4375 54.4162 0.4333 0.2867 0.2800 0.00000 6.141 1500.0 12.0 0.0000 0.0200 10.00 0.3159
11.2500 54.4162 0.4357 0.2836 0.2807 0.00000 6.171 1500.0 12.0 0.0000 0.0200 10.00 0.3059
14.0625 54.4162 0.4391 0.2791 0.2817 0.00000 6.216 1500.0 12.0 0.0000 0.0200 10.00 0.2916
16.8750 54.4162 0.4455 0.2708 0.2837 0.00000 6.296 1500.0 12.0 0.0000 0.0200 10.00 0.2651
19.6875 54.4162 0.4445 0.2722 0.2833 0.00000 6.286 1500.0 12.0 0.0000 0.0200 10.00 0.2696
22.5000 54.4162 0.4494 0.2657 0.2848 0.00000 6.343 1500.0 12.0 0.0000 0.0200 10.00 0.2491
25.3125 54.4162 0.4519 0.2625 0.2856 0.00000 6.366 1500.0 12.0 0.0000 0.0312 10.00 0.2391
28.1250 54.4162 0.5798 0.2018 0.2183 0.00000 6.038 1500.0 12.0 0.0000 0.2838 31.36 0.2519
30.9375 54.4162 0.6335 0.1760 0.1905 0.00000 5.907 1500.0 12.0 0.0000 0.5327 56.11 0.2548
33.7500 54.4162 0.4602 0.2594 0.2803 0.00000 6.078 1500.0 12.0 0.0000 0.0200 10.00 0.2559
36.5625 54.4162 0.3379 0.3206 0.3415 0.00000 6.219 1500.0 12.0 0.0000 0.0200 10.00 0.2608
39.3750 54.4162 0.3768 0.3072 0.3160 0.00000 6.283 1500.0 12.0 0.0000 0.0200 10.00 0.2804
98.4375 54.4162 0.2027 0.4912 0.3061 0.00000 5.221 1500.0 12.0 0.0000 0.0200 10.00 0.6700
101.2500 54.4162 0.2156 0.4674 0.3169 0.00000 5.187 1500.0 12.0 0.0000 0.0200 10.00 0.5820
104.0625 54.4162 0.2601 0.4091 0.3308 0.00000 5.409 1500.0 12.0 0.0000 0.0200 10.00 0.4247
106.8750 54.4162 0.2780 0.3666 0.3554 0.00000 5.721 1500.0 12.0 0.0000 0.0200 10.00 0.2997
109.6875 54.4162 0.2974 0.3398 0.3628 0.00000 5.947 1500.0 12.0 0.0000 0.0200 10.00 0.2382
112.5000 54.4162 0.4354 0.2846 0.2801 0.00000 5.891 1500.0 12.0 0.0000 0.0200 10.00 0.2698
115.3125 54.4162 0.4367 0.3159 0.2474 0.00000 5.690 1500.0 12.0 0.0000 0.0200 10.00 0.3961
118.1250 54.4162 0.2853 0.4099 0.3048 0.00000 5.543 1500.0 12.0 0.0000 0.0200 10.00 0.5099
120.9375 54.4162 0.2714 0.4258 0.3028 0.00000 5.586 1500.0 12.0 0.0000 0.0200 10.00 0.5350
123.7500 54.4162 0.3700 0.3667 0.2634 0.00000 5.801 1500.0 12.0 0.0000 0.0200 10.00 0.4727
126.5625 54.4162 0.3626 0.3484 0.2890 0.00000 6.051 1500.0 12.0 0.0000 0.1687 21.67 0.3847
129.3750 54.4162 0.3463 0.3377 0.3159 0.00000 6.275 1500.0 12.0 0.0000 0.0671 10.00 0.3437
157.5000 54.4162 0.3145 0.3664 0.3191 0.00000 6.177 1500.0 12.0 0.0000 0.1668 22.26 0.3964
168.7500 54.4162 0.4252 0.3153 0.2596 0.00000 6.151 1500.0 12.0 0.0000 0.3946 48.40 0.3695
-154.6875 54.4162 0.3284 0.3627 0.3089 0.00000 6.134 1500.0 12.0 0.0000 0.0200 10.00 0.3942
-151.8750 54.4162 0.2706 0.4069 0.3225 0.00000 5.942 1500.0 12.0 0.0000 0.0200 10.00 0.4929
-149.0625 54.4162 0.2978 0.4068 0.2953 0.00000 5.655 1500.0 12.0 0.0000 0.0200 10.00 0.5397
-146.2500 54.4162 0.5134 0.2912 0.1954 0.00000 5.443 1500.0 12.0 0.0000 0.0200 10.00 0.5469
-143.4375 54.4162 0.4442 0.3177 0.2381 0.00000 5.645 1500.0 12.0 0.0000 0.0200 10.00 0.5109
-140.6250 54.4162 0.5077 0.2767 0.2156 0.00000 5.587 1500.0 12.0 0.0000 0.0200 10.00 0.4557
-137.8125 54.4162 0.4711 0.2867 0.2422 0.00000 5.602 1500.0 12.0 0.0000 0.0200 10.00 0.3996
-135.0000 54.4162 0.4465 0.2882 0.2652 0.00000 5.742 1500.0 12.0 0.0000 0.0200 10.00 0.3462
-132.1875 54.4162 0.2540 0.3805 0.3655 0.00000 5.968 1500.0 12.0 0.0000 0.0200 10.00 0.3128
-129.3750 54.4162 0.2463 0.3885 0.3652 0.00000 5.984 1500.0 12.0 0.0000 0.0200 10.00 0.3297
-126.5625 54.4162 0.3598 0.3375 0.3027 0.00000 6.007 1500.0 12.0 0.0000 0.0200 10.00 0.3361
-123.7500 54.4162 0.4304 0.2868 0.2827 0.00000 6.295 1500.0 12.0 0.0000 0.0200 10.00 0.3079
-115.3125 54.4162 0.3988 0.2868 0.3143 0.00000 6.518 1500.0 12.0 0.0000 0.0200 10.00 0.2504
-112.5000 54.4162 0.3867 0.3051 0.3082 0.00000 6.343 1500.0 12.0 0.0000 0.0200 10.00 0.2716
-109.6875 54.4162 0.3249 0.3415 0.3336 0.00000 6.199 1500.0 12.0 0.0000 0.0200 10.00 0.2896
-106.8750 54.4162 0.2945 0.3628 0.3427 0.00000 5.977 1500.0 12.0 0.0000 0.0200 10.00 0.3145
-104.0625 54.4162 0.2536 0.3888 0.3575 0.00000 5.913 1500.0 12.0 0.0000 0.0200 10.00 0.3499
-101.2500 54.4162 0.3612 0.3414 0.2974 0.00000 5.755 1500.0 12.0 0.0000 0.0200 10.00 0.3930
-98.4375 54.4162 0.4070 0.3223 0.2707 0.00000 5.729 1500.0 12.0 0.0000 0.0200 10.00 0.4216
-95.6250 54.4162 0.3927 0.3261 0.2812 0.00000 5.823 1500.0 12.0 0.0000 0.1732 21.85 0.3965
-92.8125 54.4162 0.3528 0.3376 0.3096 0.00000 6.035 1500.0 12.0 0.0000 0.1627 21.23 0.3642
-87.1875 54.4162 0.3311 0.3531 0.3158 0.00000 6.073 1500.0 12.0 0.0000 0.3468 45.86 0.3931
-84.3750 54.4162 0.2961 0.3803 0.3236 0.00000 6.022 1500.0 12.0 0.0000 0.4135 55.77 0.4359
-25.3125 54.4162 0.3270 0.3688 0.3042 0.00000 5.804 1500.0 12.0 0.0000 0.0200 10.00 0.4687
-22.5000 54.4162 0.5279 0.2669 0.2052 0.00000 5.690 1500.0 12.0 0.0000 0.0200 10.00 0.4355
-19.6875 54.4162 0.5790 0.2318 0.1892 0.00000 5.524 1500.0 12.0 0.0000 0.0200 10.00 0.4019
-16.8750 54.4162 0.4648 0.2827 0.2525 0.00000 5.873 1500.0 12.0 0.0000 0.0200 10.00 0.3762
-14.0625 54.4162 0.4230 0.3018 0.2752 0.00000 6.015 1500.0 12.0 0.0000 0.0200 10.00 0.3686
-11.2500 54.4162 0.4190 0.3053 0.2757 0.00000 6.015 1500.0 12.0 0.0000 0.0200 10.00 0.3765
-8.4375 54.4162 0.4178 0.3069 0.2753 0.00000 6.006 1500.0 12.0 0.0000 0.0200 10.00 0.3819
-5.6250 54.4162 0.4166 0.3085 0.2750 0.00000 5.982 1500.0 12.0 0.0000 0.0200 10.00 0.3871
-2.8125 54.4162 0.4184 0.3061 0.2755 0.00000 5.986 1500.0 12.0 0.0000 0.0200 10.00 0.3793
0.0000 51.6257 0.4251 0.2974 0.2775 0.00000 6.172 1500.0 12.0 0.0000 0.0200 10.00 0.3505
2.8125 51.6257 0.4258 0.2974 0.2768 0.00000 6.149 1500.0 12.0 0.0000 0.0200 10.00 0.3524
5.6250 51.6257 0.4288 0.2934 0.2778 0.00000 6.172 1500.0 12.0 0.0000 0.0200 10.00 0.3392
8.4375 51.6257 0.4197 0.2958 0.2845 0.00000 6.167 1500.0 12.0 0.0000 0.0200 10.00 0.3331
11.2500 51.6257 0.3701 0.3164 0.3135 0.00000 6.209 1500.0 12.0 0.0000 0.0200 10.00 0.3235
14.0625 51.6257 0.3662 0.3165 0.3174 0.00000 6.228 1500.0 12.0 0.0000 0.0200 10.00 0.3156
16.8750 51.6257 0.4163 0.2952 0.2885 0.00000 6.211 1500.0 12.0 0.0000 0.0200 10.00 0.3205
19.6875 51.6257 0.4309 0.2898 0.2793 0.00000 6.187 1500.0 12.0 0.0000 0.0200 10.00 0.3259
22.5000 51.6257 0.4302 0.2908 0.2791 0.00000 6.162 1500.0 12.0 0.0000 0.0200 10.00 0.3290
25.3125 51.6257 0.4283 0.2932 0.2785 0.00000 6.113 1500.0 12.0 0.0000 0.0200 10.00 0.3368
28.1250 51.6257 0.4977 0.2598 0.2425 0.00000 5.917 1500.0 12.0 0.0000 0.0200 10.00 0.3410
30.9375 51.6257 0.5983 0.2117 0.1900 0.00000 5.642 1500.0 12.0 0.0000 0.4159 44.67 0.3466
33.7500 51.6257 0.4124 0.3022 0.2854 0.00000 5.855 1500.0 12.0 0.0000 0.0200 10.00 0.3507
36.5625 51.6257 0.3178 0.3493 0.3330 0.00000 5.962 1500.0 12.0 0.0000 0.0200 10.00 0.3449
39.3750 51.6257 0.3700 0.3377 0.2923 0.00000 6.266 1500.0 12.0 0.0000 0.0200 10.00 0.3417
95.6250 51.6257 0.3130 0.4305 0.2565 0.00000 5.480 1500.0 12.0 0.0000 0.0200 10.00 0.7183
98.4375 51.6257 0.3214 0.4522 0.2264 0.00000 5.190 1500.0 12.0 0.0000 0.0200 10.00 0.8005
104.0625 51.6257 0.4226 0.3659 0.2116 0.00000 5.112 1500.0 12.0 0.0000 0.0200 10.00 0.6129
106.8750 51.6257 0.4253 0.3255 0.2491 0.00000 5.492 1500.0 12.0 0.0000 0.0200 10.00 0.4534
109.6875 51.6257 0.4841 0.2805 0.2354 0.00000 5.744 1500.0 12.0 0.0000 0.0200 10.00 0.3575
112.5000 51.6257 0.4486 0.2933 0.2581 0.00000 5.933 1500.0 12.0 0.0000 0.0200 10.00 0.3475
123.7500 51.6257 0.2692 0.3585 0.3723 0.00000 6.573 1500.0 12.0 0.0000 0.0200 10.00 0.2547
126.5625 51.6257 0.3552 0.2820 0.3629 0.00000 6.655 1500.0 12.0 0.0000 0.6607 88.59 0.1335
168.7500 51.6257 0.4689 0.3177 0.2134 0.00000 6.029 1500.0 12.0 0.0000 0.5061 59.11 0.4753
-154.6875 51.6257 0.3381 0.3625 0.2994 0.00000 6.119 1500.0 12.0 0.0000 0.0200 10.00 0.4707
-151.8750 51.6257 0.3116 0.3777 0.3107 0.00000 6.059 1500.0 12.0 0.0000 0.0200 10.00 0.4774
-149.0625 51.6257 0.2873 0.3932 0.3195 0.00000 5.960 1500.0 12.0 0.0000 0.1569 21.20 0.4588
-146.2500 51.6257 0.5492 0.2548 0.1960 0.00000 5.724 1500.0 12.0 0.0000 0.0374 10.00 0.4471
-143.4375 51.6257 0.5435 0.2579 0.1986 0.00000 5.694 1500.0 12.0 0.0000 0.0200 10.00 0.4482
-140.6250 51.6257 0.4229 0.3173 0.2599 0.00000 5.882 1500.0 12.0 0.0000 0.0200 10.00 0.4513
-137.8125 51.6257 0.4087 0.3209 0.2704 0.00000 5.883 1500.0 12.0 0.0000 0.0200 10.00 0.4331
-135.0000 51.6257 0.5304 0.2529 0.2166 0.00000 5.680 1500.0 12.0 0.0000 0.0200 10.00 0.3882
-132.1875 51.6257 0.3134 0.3578 0.3288 0.00000 5.798 1500.0 12.0 0.0000 0.0200 10.00 0.3468
-129.3750 51.6257 0.2384 0.3897 0.3719 0.00000 5.974 1500.0 12.0 0.0000 0.0200 10.00 0.3134
-126.5625 51.6257 0.4246 0.3005 0.2749 0.00000 6.065 1500.0 12.0 0.0000 0.0200 10.00 0.3163
-123.7500 51.6257 0.4699 0.2744 0.2557 0.00000 6.195 1500.0 12.0 0.0000 0.0200 10.00 0.3057
-112.5000 51.6257 0.4022 0.2913 0.3065 0.00000 6.541 1500.0 12.0 0.0000 0.0200 10.00 0.2607
-109.6875 51.6257 0.4261 0.2868 0.2871 0.00000 6.527 1500.0 12.0 0.0000 0.0200 10.00 0.2701
-104.0625 51.6257 0.3140 0.3471 0.3389 0.00000 6.156 1500.0 12.0 0.0000 0.0200 10.00 0.3231
-101.2500 51.6257 0.3007 0.3676 0.3318 0.00000 6.011 1500.0 12.0 0.0000 0.0200 10.00 0.3865
-98.4375 51.6257 0.3133 0.3636 0.3231 0.00000 6.021 1500.0 12.0 0.0000 0.0200 10.00 0.4067
-95.6250 51.6257 0.2880 0.3754 0.3366 0.00000 6.071 1500.0 12.0 0.0000 0.0200 10.00 0.3862
-92.8125 51.6257 0.3099 0.3548 0.3352 0.00000 6.199 1500.0 12.0 0.0000 0.2207 29.77 0.3507
-90.0000 51.6257 0.3033 0.3570 0.3397 0.00000 6.229 1500.0 12.0 0.0000 0.5041 68.35 0.3419
-87.1875 51.6257 0.3429 0.3407 0.3164 0.00000 6.229 1500.0 12.0 0.0000 0.4937 64.95 0.3801
-25.3125 51.6257 0.2708 0.4012 0.3280 0.00000 5.857 1500.0 12.0 0.0000 0.0200 10.00 0.4606
-22.5000 51.6257 0.4545 0.2947 0.2508 0.00000 5.737 1500.0 12.0 0.0000 0.0749 10.00 0.3952
-19.6875 51.6257 0.5924 0.2121 0.1955 0.00000 5.811 1500.0 12.0 0.0000 0.0289 10.00 0.3345
-16.8750 51.6257 0.4670 0.2645 0.2685 0.00000 6.255 1500.0 12.0 0.0000 0.0200 10.00 0.2874
-14.0625 51.6257 0.4489 0.2664 0.2847 0.00000 6.433 1500.0 12.0 0.0000 0.0200 10.00 0.2512
-11.2500 51.6257 0.4521 0.2623 0.2856 0.00000 6.484 1500.0 12.0 0.0000 0.0200 10.00 0.2383
-8.4375 51.6257 0.4468 0.2692 0.2840 0.00000 6.441 1500.0 12.0 0.0000 0.0200 10.00 0.2601
-5.6250 51.6257 0.4375 0.2812 0.2813 0.00000 6.342 1500.0 12.0 0.0000 0.0200 10.00 0.2982
-2.8125 51.6257 0.4283 0.2932 0.2785 0.00000 6.228 1500.0 12.0 0.0000 0.0200 10.00 0.3370
0.0000 48.8352 0.4221 0.3013 0.2766 0.00000 6.227 1500.0 12.0 0.0000 0.0200 10.00 0.3635
2.8125 48.8352 0.4187 0.3058 0.2756 0.00000 6.176 1500.0 12.0 0.0000 0.0200 10.00 0.3781
5.6250 48.8352 0.4171 0.3077 0.2751 0.00000 6.149 1500.0 12.0 0.0000 0.0200 10.00 0.3847
8.4375 48.8352 0.4093 0.3147 0.2759 0.00000 6.094 1500.0 12.0 0.0000 0.0200 10.00 0.4026
11.2500 48.8352 0.3516 0.3427 0.3057 0.00000 6.067 1500.0 12.0 0.0000 0.0200 10.00 0.4098
14.0625 48.8352 0.3623 0.3379 0.2998 0.00000 6.052 1500.0 12.0 0.0000 0.0200 10.00 0.4110
16.8750 48.8352 0.3489 0.3438 0.3073 0.00000 6.056 1500.0 12.0 0.0000 0.1820 23.77 0.4088
19.6875 48.8352 0.4116 0.3146 0.2738 0.00000 6.050 1500.0 12.0 0.0000 0.4836 60.20 0.4069
22.5000 48.8352 0.4061 0.3221 0.2718 0.00000 5.967 1500.0 12.0 0.0000 0.0996 12.42 0.4327
25.3125 48.8352 0.4026 0.3296 0.2678 0.00000 5.854 1500.0 12.0 0.0000 0.0200 10.00 0.4644
28.1250 48.8352 0.5116 0.2792 0.2092 0.00000 5.528 1500.0 12.0 0.0000 0.0200 10.00 0.4793
30.9375 48.8352 0.5621 0.2547 0.1832 0.00000 5.391 1500.0 12.0 0.0000 0.4269 46.58 0.4794
33.7500 48.8352 0.3301 0.3669 0.3030 0.00000 5.701 1500.0 12.0 0.0000 0.0200 10.00 0.4565
36.5625 48.8352 0.3091 0.3684 0.3225 0.00000 5.882 1500.0 12.0 0.0000 0.0200 10.00 0.4149
39.3750 48.8352 0.3704 0.3328 0.2968 0.00000 6.186 1500.0 12.0 0.0000 0.0200 10.00 0.3668
95.6250 48.8352 0.3163 0.4205 0.2631 0.00000 5.797 1500.0 12.0 0.0000 0.0200 10.00 0.6311
98.4375 48.8352 0.2884 0.4401 0.2715 0.00000 5.580 1500.0 12.0 0.0000 0.0200 10.00 0.7618
106.8750 48.8352 0.0645 0.7026 0.2329 0.00000 5.511 1500.0 12.0 0.0000 0.0200 10.00 0.6508
129.3750 48.8352 0.4443 0.2401 0.3156 0.00000 6.756 1500.0 12.0 0.0000 0.3475 43.59 0.1278
-151.8750 48.8352 0.4268 0.2437 0.3296 0.00000 6.803 1500.0 12.0 0.0000 5.0000 637.31 0.0628
-149.0625 48.8352 0.4053 0.2460 0.3487 0.00000 6.944 1500.0 12.0 0.0000 5.0000 650.45 0.0628
-146.2500 48.8352 0.5430 0.1800 0.2770 0.00000 6.728 1500.0 12.0 0.0000 5.0000 584.04 0.0628
-143.4375 48.8352 0.6913 0.1071 0.2016 0.00000 6.409 1500.0 12.0 0.0000 5.0000 513.14 0.0628
-140.6250 48.8352 0.5479 0.2047 0.2474 0.00000 6.455 1500.0 12.0 0.0000 0.0200 10.00 0.1880
-137.8125 48.8352 0.4569 0.2837 0.2594 0.00000 6.116 1500.0 12.0 0.0000 0.0200 10.00 0.3610
-135.0000 48.8352 0.4673 0.2868 0.2459 0.00000 5.836 1500.0 12.0 0.0000 0.0200 10.00 0.4012
-132.1875 48.8352 0.2528 0.3957 0.3515 0.00000 5.827 1500.0 12.0 0.0000 0.0200 10.00 0.3669
-129.3750 48.8352 0.2367 0.3911 0.3723 0.00000 5.998 1500.0 12.0 0.0000 0.0200 10.00 0.3158
-126.5625 48.8352 0.4722 0.2621 0.2657 0.00000 6.306 1500.0 12.0 0.0000 0.0200 10.00 0.2498
-25.3125 48.8352 0.3699 0.2925 0.3376 0.00000 6.485 1500.0 12.0 0.0000 0.0200 10.00 0.2091
-22.5000 48.8352 0.4777 0.2528 0.2695 0.00000 7.233 1500.0 12.0 0.0000 0.0757 10.00 0.1945
-19.6875 48.8352 0.4934 0.2277 0.2789 0.00000 7.590 1500.0 12.0 0.0000 0.0938 11.25 0.1059
-16.8750 48.8352 0.4836 0.2156 0.3007 0.00000 7.117 1500.0 12.0 0.0000 5.0000 610.16 0.0628
-14.0625 48.8352 0.4772 0.2184 0.3044 0.00000 6.999 1500.0 12.0 0.0000 5.0000 613.36 0.0628
-11.2500 48.8352 0.4901 0.2092 0.3007 0.00000 6.866 1500.0 12.0 0.0000 5.0000 608.21 0.0628
-8.4375 48.8352 0.4966 0.2044 0.2990 0.00000 6.800 1500.0 12.0 0.0000 5.0000 605.66 0.0628
-5.6250 48.8352 0.4591 0.2532 0.2877 0.00000 6.592 1500.0 12.0 0.0000 0.0200 10.00 0.2099
-2.8125 48.8352 0.4335 0.2864 0.2801 0.00000 6.361 1500.0 12.0 0.0000 0.0200 10.00 0.3149
0.0000 46.0447 0.4183 0.3087 0.2730 0.00000 6.194 1500.0 12.0 0.0000 0.0200 10.00 0.3931
2.8125 46.0447 0.4125 0.3137 0.2738 0.00000 6.164 1500.0 12.0 0.0000 0.0200 10.00 0.4046
5.6250 46.0447 0.4074 0.3204 0.2722 0.00000 6.104 1500.0 12.0 0.0000 0.0200 10.00 0.4272
8.4375 46.0447 0.4012 0.3285 0.2703 0.00000 6.038 1500.0 12.0 0.0000 0.0200 10.00 0.4545
11.2500 46.0447 0.3945 0.3366 0.2689 0.00000 5.971 1500.0 12.0 0.0000 0.0200 10.00 0.4811
14.0625 46.0447 0.3926 0.3396 0.2678 0.00000 5.942 1500.0 12.0 0.0000 0.0200 10.00 0.4928
16.8750 46.0447 0.3842 0.3444 0.2714 0.00000 5.934 1500.0 12.0 0.0000 0.0200 10.00 0.4973
19.6875 46.0447 0.3838 0.3448 0.2714 0.00000 5.935 1500.0 12.0 0.0000 0.1526 19.22 0.4983
22.5000 46.0447 0.3897 0.3434 0.2669 0.00000 5.917 1500.0 12.0 0.0000 0.2336 29.26 0.5060
25.3125 46.0447 0.4005 0.3387 0.2608 0.00000 5.881 1500.0 12.0 0.0000 0.0200 10.00 0.5092
28.1250 46.0447 0.5450 0.2687 0.1863 0.00000 5.533 1500.0 12.0 0.0000 0.5263 58.07 0.5100
30.9375 46.0447 0.5313 0.2693 0.1994 0.00000 5.632 1500.0 12.0 0.0000 0.4426 49.60 0.4824
33.7500 46.0447 0.3652 0.3379 0.2969 0.00000 6.042 1500.0 12.0 0.0000 0.0200 10.00 0.4310
-160.3125 46.0447 0.3462 0.2706 0.3832 0.00000 7.104 1500.0 12.0 0.0000 5.0000 680.24 0.0628
-157.5000 46.0447 0.4876 0.2038 0.3086 0.00000 6.639 1500.0 12.0 0.0000 5.0000 611.72 0.0628
-151.8750 46.0447 0.4811 0.2063 0.3127 0.00000 6.601 1500.0 12.0 0.0000 5.0000 615.11 0.0628
-149.0625 46.0447 0.4729 0.2100 0.3171 0.00000 6.612 1500.0 12.0 0.0000 5.0000 619.13 0.0628
-146.2500 46.0447 0.4231 0.2335 0.3433 0.00000 6.751 1500.0 12.0 0.0000 5.0000 643.23 0.0628
-143.4375 46.0447 0.6683 0.1180 0.2137 0.00000 6.444 1500.0 12.0 0.0000 5.0000 524.29 0.0628
-140.6250 46.0447 0.6436 0.1293 0.2271 0.00000 6.452 1500.0 12.0 0.0000 5.0000 536.41 0.0628
-137.8125 46.0447 0.4709 0.2132 0.3159 0.00000 6.739 1500.0 12.0 0.0000 5.0000 619.31 0.0628
-135.0000 46.0447 0.3598 0.2900 0.3501 0.00000 6.598 1500.0 12.0 0.0000 0.0200 10.00 0.1656
-132.1875 46.0447 0.2391 0.3852 0.3758 0.00000 6.133 1500.0 12.0 0.0000 0.0200 10.00 0.2991
-129.3750 46.0447 0.2527 0.3681 0.3793 0.00000 6.219 1500.0 12.0 0.0000 0.0200 10.00 0.2633
-126.5625 46.0447 0.3334 0.2895 0.3771 0.00000 6.525 1500.0 12.0 0.0000 0.0200 10.00 0.1252
-25.3125 46.0447 0.4180 0.2373 0.3448 0.00000 6.846 1500.0 12.0 0.0000 5.0000 645.28 0.0628
-22.5000 46.0447 0.3947 0.2637 0.3416 0.00000 7.898 1500.0 12.0 0.0000 5.0000 651.16 0.0628
-19.6875 46.0447 0.4706 0.2328 0.2967 0.00000 7.892 1500.0 12.0 0.0000 5.0000 612.67 0.0628
-16.8750 46.0447 0.5569 0.1819 0.2613 0.00000 7.274 1500.0 12.0 0.0000 5.0000 574.37 0.0628
-14.0625 46.0447 0.4572 0.2317 0.3111 0.00000 7.339 1500.0 12.0 0.0000 5.0000 621.71 0.0628
-11.2500 46.0447 0.4966 0.2044 0.2990 0.00000 6.800 1500.0 12.0 0.0000 5.0000 605.66 0.0628
-8.4375 46.0447 0.4830 0.2221 0.2949 0.00000 6.750 1500.0 12.0 0.0000 0.0200 10.00 0.1154
-5.6250 46.0447 0.4423 0.2750 0.2827 0.00000 6.478 1500.0 12.0 0.0000 0.0200 10.00 0.2786
-2.8125 46.0447 0.4223 0.3010 0.2767 0.00000 6.287 1500.0 12.0 0.0000 0.0200 10.00 0.3625
0.0000 43.2542 0.4313 0.3203 0.2484 0.00000 5.745 1500.0 12.0 0.0000 0.0200 10.00 0.4620
2.8125 43.2542 0.5171 0.2729 0.2100 0.00000 5.781 1500.0 12.0 0.0000 0.0200 10.00 0.4580
5.6250 43.2542 0.4470 0.3115 0.2415 0.00000 5.899 1500.0 12.0 0.0000 0.0200 10.00 0.4842
8.4375 43.2542 0.4327 0.3256 0.2417 0.00000 5.835 1500.0 12.0 0.0000 0.0200 10.00 0.5237
11.2500 43.2542 0.3949 0.3466 0.2584 0.00000 5.892 1500.0 12.0 0.0000 0.0200 10.00 0.5387
14.0625 43.2542 0.3944 0.3410 0.2646 0.00000 5.993 1500.0 12.0 0.0000 0.0200 10.00 0.5056
16.8750 43.2542 0.4031 0.3245 0.2723 0.00000 6.197 1500.0 12.0 0.0000 0.0200 10.00 0.4353
19.6875 43.2542 0.4255 0.2967 0.2777 0.00000 6.366 1500.0 12.0 0.0000 0.0483 10.00 0.3483
22.5000 43.2542 0.4107 0.2942 0.2951 0.00000 6.933 1500.0 12.0 0.0000 0.5173 65.19 0.2608
25.3125 43.2542 0.4785 0.2160 0.3055 0.00000 6.997 1500.0 12.0 0.0000 5.0000 613.36 0.0628
28.1250 43.2542 0.5173 0.1995 0.2832 0.00000 7.008 1500.0 12.0 0.0000 1.3065 155.19 0.0655
30.9375 43.2542 0.6472 0.1291 0.2236 0.00000 6.497 1500.0 12.0 0.0000 5.0000 534.10 0.0628
39.3750 43.2542 0.4634 0.2158 0.3208 0.00000 6.755 1500.0 12.0 0.0000 5.0000 623.27 0.0628
-163.1250 43.2542 0.4534 0.2295 0.3171 0.00000 7.150 1500.0 12.0 0.0000 5.0000 624.95 0.0628
-160.3125 43.2542 0.4519 0.2258 0.3223 0.00000 7.099 1500.0 12.0 0.0000 5.0000 627.24 0.0628
-157.5000 43.2542 0.4337 0.2372 0.3291 0.00000 7.244 1500.0 12.0 0.0000 5.0000 635.09 0.0628
-154.6875 43.2542 0.5792 0.1592 0.2616 0.00000 6.523 1500.0 12.0 0.0000 5.0000 567.79 0.0628
-151.8750 43.2542 0.6004 0.1485 0.2510 0.00000 6.467 1500.0 12.0 0.0000 5.0000 557.73 0.0628
-149.0625 43.2542 0.3128 0.2786 0.4086 0.00000 6.597 1500.0 12.0 0.0000 5.0000 699.18 0.0628
-146.2500 43.2542 0.4989 0.1986 0.3025 0.00000 6.635 1500.0 12.0 0.0000 5.0000 606.20 0.0628
-143.4375 43.2542 0.3380 0.2709 0.3910 0.00000 6.886 1500.0 12.0 0.0000 5.0000 685.46 0.0628
-140.6250 43.2542 0.4631 0.2172 0.3196 0.00000 6.743 1500.0 12.0 0.0000 5.0000 622.94 0.0628
-137.8125 43.2542 0.4961 0.2046 0.2993 0.00000 6.799 1500.0 12.0 0.0000 5.0000 605.94 0.0628
-135.0000 43.2542 0.5411 0.1810 0.2779 0.00000 6.688 1500.0 12.0 0.0000 5.0000 584.92 0.0628
-132.1875 43.2542 0.4159 0.2380 0.3461 0.00000 6.821 1500.0 12.0 0.0000 5.0000 646.36 0.0628
-129.3750 43.2542 0.3095 0.3031 0.3874 0.00000 6.586 1500.0 12.0 0.0000 0.0200 10.00 0.1353
-45.0000 43.2542 0.4959 0.2534 0.2506 0.00000 6.351 1500.0 12.0 0.0000 0.0200 10.00 0.2672
-42.1875 43.2542 0.4239 0.2920 0.2840 0.00000 6.287 1500.0 12.0 0.0000 0.0200 10.00 0.3215
-39.3750 43.2542 0.2193 0.5044 0.2763 0.00000 6.046 1500.0 12.0 0.0000 0.0200 10.00 0.5116
-22.5000 43.2542 0.3828 0.2594 0.3578 0.00000 7.042 1500.0 12.0 0.0000 5.0000 660.38 0.0628
-19.6875 43.2542 0.5367 0.1850 0.2783 0.00000 6.739 1500.0 12.0 0.0000 0.8250 96.76 0.0721
-16.8750 43.2542 0.6219 0.1774 0.2007 0.00000 6.347 1500.0 12.0 0.0000 0.5164 55.12 0.2203
-14.0625 43.2542 0.4687 0.2612 0.2702 0.00000 6.439 1500.0 12.0 0.0000 0.0200 10.00 0.2744
-11.2500 43.2542 0.4293 0.2919 0.2788 0.00000 6.391 1500.0 12.0 0.0000 0.0200 10.00 0.3328
-8.4375 43.2542 0.4116 0.3150 0.2735 0.00000 6.238 1500.0 12.0 0.0000 0.0200 10.00 0.4088
-5.6250 43.2542 0.4358 0.3141 0.2501 0.00000 5.972 1500.0 12.0 0.0000 0.0200 10.00 0.4622
-2.8125 43.2542 0.3897 0.3454 0.2649 0.00000 5.800 1500.0 12.0 0.0000 0.0200 10.00 0.4830
0.0000 40.4636 0.2653 0.4242 0.3106 0.00000 5.866 1500.0 12.0 0.0000 0.0200 10.00 0.5139
2.8125 40.4636 0.2942 0.3988 0.3069 0.00000 5.902 1500.0 12.0 0.0000 0.0200 10.00 0.5182
5.6250 40.4636 0.3459 0.3814 0.2727 0.00000 5.735 1500.0 12.0 0.0000 0.0200 10.00 0.5488
8.4375 40.4636 0.4592 0.3202 0.2206 0.00000 5.678 1500.0 12.0 0.0000 0.0437 10.00 0.5486
11.2500 40.4636 0.5723 0.2430 0.1847 0.00000 5.835 1500.0 12.0 0.0000 0.3812 41.40 0.4431
14.0625 40.4636 0.6060 0.1545 0.2396 0.00000 6.839 1500.0 12.0 0.0000 5.0000 552.06 0.0628
16.8750 40.4636 0.3758 0.2802 0.3440 0.00000 8.216 1500.0 12.0 0.0000 5.0000 657.67 0.0628
19.6875 40.4636 0.4449 0.2365 0.3186 0.00000 7.372 1500.0 12.0 0.0000 5.0000 628.03 0.0628
22.5000 40.4636 0.4905 0.2083 0.3012 0.00000 6.848 1500.0 12.0 0.0000 5.0000 608.29 0.0628
25.3125 40.4636 0.4356 0.2421 0.3222 0.00000 7.444 1500.0 12.0 0.0000 5.0000 632.08 0.0628
28.1250 40.4636 0.4958 0.2049 0.2993 0.00000 6.809 1500.0 12.0 0.0000 5.0000 606.01 0.0628
30.9375 40.4636 0.4810 0.2144 0.3046 0.00000 6.971 1500.0 12.0 0.0000 5.0000 612.33 0.0628
33.7500 40.4636 0.5352 0.1863 0.2785 0.00000 6.816 1500.0 12.0 0.0000 5.0000 586.90 0.0628
36.5625 40.4636 0.6228 0.1469 0.2303 0.00000 6.908 1500.0 12.0 0.0000 5.0000 543.77 0.0628
39.3750 40.4636 0.5121 0.1982 0.2897 0.00000 7.072 1500.0 12.0 0.0000 5.0000 597.75 0.0628
-165.9375 40.4636 0.3389 0.2958 0.3653 0.00000 7.940 1500.0 12.0 0.0000 2.3562 318.64 0.0628
-163.1250 40.4636 0.4604 0.2512 0.2885 0.00000 7.881 1500.0 12.0 0.0000 1.6279 199.54 0.0628
-160.3125 40.4636 0.4499 0.2435 0.3067 0.00000 7.928 1500.0 12.0 0.0000 1.3785 171.58 0.0646
-157.5000 40.4636 0.6058 0.1525 0.2417 0.00000 6.754 1500.0 12.0 0.0000 1.3959 154.34 0.0628
-154.6875 40.4636 0.6034 0.1518 0.2448 0.00000 6.631 1500.0 12.0 0.0000 2.2846 253.44 0.0628
-151.8750 40.4636 0.5600 0.1972 0.2428 0.00000 6.450 1500.0 12.0 0.0000 0.0200 10.00 0.1843
-149.0625 40.4636 0.3293 0.2713 0.3994 0.00000 6.596 1500.0 12.0 0.0000 5.0000 690.98 0.0628
-146.2500 40.4636 0.6144 0.1491 0.2364 0.00000 6.779 1500.0 12.0 0.0000 5.0000 548.42 0.0628
-143.4375 40.4636 0.3536 0.2620 0.3844 0.00000 6.754 1500.0 12.0 0.0000 5.0000 678.47 0.0628
-140.6250 40.4636 0.4439 0.2286 0.3276 0.00000 6.869 1500.0 12.0 0.0000 5.0000 631.48 0.0628
-137.8125 40.4636 0.4966 0.2044 0.2990 0.00000 6.800 1500.0 12.0 0.0000 5.0000 605.66 0.0628
-135.0000 40.4636 0.5534 0.1760 0.2706 0.00000 6.686 1500.0 12.0 0.0000 5.0000 578.70 0.0628
-132.1875 40.4636 0.6042 0.1476 0.2482 0.00000 6.511 1500.0 12.0 0.0000 5.0000 555.62 0.0628
-129.3750 40.4636 0.3646 0.2730 0.3624 0.00000 7.414 1500.0 12.0 0.0000 5.0000 667.49 0.0628
-126.5625 40.4636 0.3294 0.2729 0.3977 0.00000 6.798 1500.0 12.0 0.0000 5.0000 690.37 0.0628
-104.0625 40.4636 0.3364 0.4045 0.2590 0.00000 7.253 1500.0 12.0 0.0000 0.7688 98.37 0.3296
-47.8125 40.4636 0.6128 0.1499 0.2373 0.00000 6.677 1500.0 12.0 0.0000 5.0000 549.19 0.0628
-45.0000 40.4636 0.3612 0.2582 0.3807 0.00000 6.743 1500.0 12.0 0.0000 5.0000 674.88 0.0628
-42.1875 40.4636 0.3291 0.3271 0.3437 0.00000 6.345 1500.0 12.0 0.0000 0.0200 10.00 0.2406
-39.3750 40.4636 0.2368 0.5006 0.2627 0.00000 5.135 1500.0 12.0 0.0000 0.0200 10.00 0.8591
-36.5625 40.4636 0.2117 0.5500 0.2383 0.00000 4.945 1500.0 12.0 0.0000 0.0200 10.00 1.2046
-33.7500 40.4636 0.0662 0.7542 0.1795 0.00000 5.836 1500.0 12.0 0.0000 0.0200 10.00 1.1112
-22.5000 40.4636 0.2898 0.3407 0.3695 0.00000 6.570 1500.0 12.0 0.0000 0.0200 10.00 0.2361
-19.6875 40.4636 0.2510 0.4177 0.3312 0.00000 6.056 1500.0 12.0 0.0000 0.0970 13.39 0.4632
-16.8750 40.4636 0.4339 0.3437 0.2223 0.00000 5.626 1500.0 12.0 0.0000 0.2389 28.55 0.5999
-14.0625 40.4636 0.4297 0.3466 0.2237 0.00000 5.701 1500.0 12.0 0.0000 0.0200 10.00 0.6344
-11.2500 40.4636 0.4218 0.3528 0.2255 0.00000 5.634 1500.0 12.0 0.0000 0.0200 10.00 0.6233
-8.4375 40.4636 0.3602 0.3919 0.2479 0.00000 5.601 1500.0 12.0 0.0000 0.0200 10.00 0.6490
-5.6250 40.4636 0.2136 0.4795 0.3069 0.00000 5.613 1500.0 12.0 0.0000 0.0200 10.00 0.6332
-2.8125 40.4636 0.1865 0.4847 0.3288 0.00000 5.729 1500.0 12.0 0.0000 0.0200 10.00 0.5726
0.0000 37.6731 0.3713 0.3307 0.2980 0.00000 6.360 1500.0 12.0 0.0000 0.0200 10.00 0.4110
2.8125 37.6731 0.3272 0.3674 0.3055 0.00000 6.241 1500.0 12.0 0.0000 0.0200 10.00 0.4580
5.6250 37.6731 0.3157 0.3899 0.2944 0.00000 6.120 1500.0 12.0 0.0000 0.0200 10.00 0.4762
8.4375 37.6731 0.3363 0.3122 0.3515 0.00000 6.508 1500.0 12.0 0.0000 0.2403 32.30 0.2149
11.2500 37.6731 0.4775 0.2154 0.3071 0.00000 7.099 1500.0 12.0 0.0000 5.0000 614.24 0.0628
14.0625 37.6731 0.5460 0.1968 0.2572 0.00000 7.373 1500.0 12.0 0.0000 5.0000 576.21 0.0628
16.8750 37.6731 0.4469 0.2406 0.3126 0.00000 7.501 1500.0 12.0 0.0000 5.0000 625.35 0.0628
19.6875 37.6731 0.4377 0.2405 0.3218 0.00000 7.455 1500.0 12.0 0.0000 5.0000 631.32 0.0628
22.5000 37.6731 0.4878 0.2104 0.3018 0.00000 6.893 1500.0 12.0 0.0000 5.0000 609.27 0.0628
25.3125 37.6731 0.3184 0.3429 0.3387 0.00000 8.545 1500.0 12.0 0.0000 5.0000 673.04 0.0628
28.1250 37.6731 0.3127 0.3387 0.3485 0.00000 8.675 1500.0 12.0 0.0000 5.0000 678.18 0.0628
30.9375 37.6731 0.3852 0.2718 0.3430 0.00000 8.048 1500.0 12.0 0.0000 5.0000 654.51 0.0628
33.7500 37.6731 0.4609 0.2268 0.3122 0.00000 7.220 1500.0 12.0 0.0000 5.0000 621.00 0.0628
36.5625 37.6731 0.5564 0.1798 0.2637 0.00000 7.026 1500.0 12.0 0.0000 5.0000 575.38 0.0628
39.3750 37.6731 0.6897 0.1078 0.2025 0.00000 6.410 1500.0 12.0 0.0000 5.0000 513.98 0.0628
87.1875 37.6731 0.1129 0.5840 0.3031 0.00000 7.073 1500.0 12.0 0.0000 5.0000 722.23 0.0628
90.0000 37.6731 0.3885 0.2837 0.3278 0.00000 6.976 1500.0 12.0 0.0000 5.0000 648.15 0.0628
92.8125 37.6731 0.4128 0.2401 0.3471 0.00000 6.822 1500.0 12.0 0.0000 5.0000 647.65 0.0628
98.4375 37.6731 0.4024 0.2450 0.3526 0.00000 6.903 1500.0 12.0 0.0000 5.0000 652.70 0.0628
101.2500 37.6731 0.4334 0.2379 0.3287 0.00000 7.111 1500.0 12.0 0.0000 5.0000 635.00 0.0628
132.1875 37.6731 0.0955 0.6027 0.3017 0.00000 6.830 1500.0 12.0 0.0000 5.0000 726.94 0.0628
-168.7500 37.6731 0.4502 0.2272 0.3226 0.00000 7.018 1500.0 12.0 0.0000 5.0000 627.84 0.0628
-165.9375 37.6731 0.4140 0.2569 0.3291 0.00000 7.311 1500.0 12.0 0.0000 4.1085 526.68 0.0628
-163.1250 37.6731 0.4309 0.2581 0.3110 0.00000 7.857 1500.0 12.0 0.0000 1.5743 198.23 0.0628
-160.3125 37.6731 0.3899 0.2758 0.3343 0.00000 7.939 1500.0 12.0 0.0000 1.4247 185.22 0.0628
-157.5000 37.6731 0.4618 0.2261 0.3121 0.00000 7.200 1500.0 12.0 0.0000 5.0000 620.68 0.0628
-154.6875 37.6731 0.4085 0.2556 0.3359 0.00000 7.563 1500.0 12.0 0.0000 5.0000 645.01 0.0628
-151.8750 37.6731 0.3317 0.3293 0.3389 0.00000 6.587 1500.0 12.0 0.0000 0.0200 10.00 0.2602
-149.0625 37.6731 0.2497 0.3759 0.3745 0.00000 6.299 1500.0 12.0 0.0000 0.0200 10.00 0.2847
-146.2500 37.6731 0.4644 0.2134 0.3222 0.00000 6.677 1500.0 12.0 0.0000 5.0000 623.42 0.0628
-143.4375 37.6731 0.6043 0.1533 0.2425 0.00000 6.718 1500.0 12.0 0.0000 5.0000 553.59 0.0628
-140.6250 37.6731 0.3378 0.2696 0.3926 0.00000 6.675 1500.0 12.0 0.0000 5.0000 686.09 0.0628
-137.8125 37.6731 0.4647 0.2246 0.3108 0.00000 7.005 1500.0 12.0 0.0000 0.0200 10.00 0.0740
-135.0000 37.6731 0.4995 0.2076 0.2929 0.00000 6.766 1500.0 12.0 0.0000 0.0200 10.00 0.0855
-132.1875 37.6731 0.6502 0.1277 0.2222 0.00000 6.491 1500.0 12.0 0.0000 5.0000 532.71 0.0628
-129.3750 37.6731 0.5243 0.2010 0.2747 0.00000 6.819 1500.0 12.0 0.0000 0.6880 81.02 0.1066
-126.5625 37.6731 0.3236 0.3157 0.3607 0.00000 7.002 1500.0 12.0 0.0000 0.5304 72.05 0.1794
-118.1250 37.6731 0.0506 0.6553 0.2940 0.00000 6.877 1500.0 12.0 0.0000 0.5029 74.21 0.0875
-98.4375 37.6731 0.3797 0.2561 0.3642 0.00000 6.909 1500.0 12.0 0.0000 1.8629 247.22 0.0695
-95.6250 37.6731 0.4502 0.2210 0.3288 0.00000 6.778 1500.0 12.0 0.0000 5.0000 630.00 0.0628
-92.8125 37.6731 0.4084 0.2401 0.3515 0.00000 6.929 1500.0 12.0 0.0000 5.0000 650.50 0.0628
-87.1875 37.6731 0.4933 0.2010 0.3057 0.00000 6.602 1500.0 12.0 0.0000 5.0000 608.99 0.0628
-56.2500 37.6731 0.5798 0.1640 0.2562 0.00000 6.686 1500.0 12.0 0.0000 5.0000 565.74 0.0628
-53.4375 37.6731 0.2852 0.3419 0.3729 0.00000 6.682 1500.0 12.0 0.0000 0.0200 10.00 0.2194
-50.6250 37.6731 0.3173 0.2790 0.4037 0.00000 6.811 1500.0 12.0 0.0000 0.0251 10.00 0.0628
-47.8125 37.6731 0.3367 0.2702 0.3931 0.00000 6.899 1500.0 12.0 0.0000 0.2553 35.05 0.0628
-45.0000 37.6731 0.2936 0.2974 0.4090 0.00000 7.123 1500.0 12.0 0.0000 0.0200 10.00 0.0730
-42.1875 37.6731 0.3719 0.2854 0.3427 0.00000 6.466 1500.0 12.0 0.0000 0.0200 10.00 0.1775
-39.3750 37.6731 0.1871 0.5271 0.2858 0.00000 5.378 1500.0 12.0 0.0000 0.0200 10.00 0.8680
-36.5625 37.6731 0.1524 0.6021 0.2455 0.00000 4.926 1500.0 12.0 0.0000 0.0200 10.00 1.2973
-22.5000 37.6731 0.2866 0.4049 0.3085 0.00000 6.234 1500.0 12.0 0.0000 0.0200 10.00 0.5061
-19.6875 37.6731 0.1666 0.5262 0.3072 0.00000 5.767 1500.0 12.0 0.0000 0.0200 10.00 0.7309
-16.8750 37.6731 0.1602 0.5506 0.2891 0.00000 5.519 1500.0 12.0 0.0000 0.0200 10.00 0.8307
-14.0625 37.6731 0.1925 0.5255 0.2820 0.00000 5.519 1500.0 12.0 0.0000 0.0200 10.00 0.8164
-11.2500 37.6731 0.1490 0.5468 0.3042 0.00000 5.638 1500.0 12.0 0.0000 0.0200 10.00 0.7640
-8.4375 37.6731 0.1714 0.5233 0.3053 0.00000 5.711 1500.0 12.0 0.0000 0.0200 10.00 0.7154
-5.6250 37.6731 0.1930 0.4938 0.3131 0.00000 5.818 1500.0 12.0 0.0000 0.0200 10.00 0.6296
-2.8125 37.6731 0.3964 0.3533 0.2503 0.00000 6.222 1500.0 12.0 0.0000 0.0200 10.00 0.4973
11.2500 34.8825 0.4238 0.2378 0.3384 0.00000 6.939 1500.0 12.0 0.0000 5.0000 641.28 0.0628
14.0625 34.8825 0.5049 0.2086 0.2865 0.00000 7.528 1500.0 12.0 0.0000 5.0000 598.79 0.0628
16.8750 34.8825 0.4392 0.2453 0.3155 0.00000 7.894 1500.0 12.0 0.0000 5.0000 628.66 0.0628
19.6875 34.8825 0.4511 0.2319 0.3170 0.00000 7.309 1500.0 12.0 0.0000 5.0000 625.61 0.0628
22.5000 34.8825 0.4786 0.2154 0.3060 0.00000 7.000 1500.0 12.0 0.0000 5.0000 613.50 0.0628
25.3125 34.8825 0.3250 0.3233 0.3516 0.00000 8.601 1500.0 12.0 0.0000 5.0000 675.56 0.0628
28.1250 34.8825 0.2161 0.4197 0.3642 0.00000 9.500 1500.0 12.0 0.0000 5.0000 712.62 0.0628
30.9375 34.8825 0.2869 0.3483 0.3648 0.00000 8.942 1500.0 12.0 0.0000 5.0000 691.60 0.0628
33.7500 34.8825 0.3488 0.3129 0.3383 0.00000 8.250 1500.0 12.0 0.0000 5.0000 663.78 0.0628
36.5625 34.8825 0.3602 0.3016 0.3382 0.00000 8.624 1500.0 12.0 0.0000 5.0000 660.30 0.0628
39.3750 34.8825 0.5139 0.2017 0.2843 0.00000 7.289 1500.0 12.0 0.0000 5.0000 595.33 0.0628
42.1875 34.8825 0.5743 0.1656 0.2601 0.00000 6.644 1500.0 12.0 0.0000 5.0000 568.77 0.0628
45.0000 34.8825 0.6348 0.1351 0.2301 0.00000 6.517 1500.0 12.0 0.0000 5.0000 540.11 0.0628
47.8125 34.8825 0.5086 0.2022 0.2893 0.00000 7.223 1500.0 12.0 0.0000 5.0000 598.68 0.0628
50.6250 34.8825 0.4332 0.2298 0.3370 0.00000 6.804 1500.0 12.0 0.0000 5.0000 638.01 0.0628
87.1875 34.8825 0.5087 0.2003 0.2910 0.00000 6.975 1500.0 12.0 0.0000 5.0000 599.24 0.0628
90.0000 34.8825 0.3587 0.2606 0.3807 0.00000 6.857 1500.0 12.0 0.0000 5.0000 675.63 0.0628
92.8125 34.8825 0.3305 0.2830 0.3865 0.00000 7.286 1500.0 12.0 0.0000 1.9899 273.07 0.0628
95.6250 34.8825 0.4219 0.2422 0.3359 0.00000 7.294 1500.0 12.0 0.0000 5.0000 640.98 0.0628
98.4375 34.8825 0.5085 0.2053 0.2861 0.00000 7.350 1500.0 12.0 0.0000 5.0000 597.59 0.0628
101.2500 34.8825 0.6050 0.1544 0.2406 0.00000 6.957 1500.0 12.0 0.0000 5.0000 552.71 0.0628
104.0625 34.8825 0.5035 0.1962 0.3002 0.00000 6.676 1500.0 12.0 0.0000 3.4397 415.53 0.0628
123.7500 34.8825 0.3830 0.2497 0.3673 0.00000 6.681 1500.0 12.0 0.0000 1.0814 143.53 0.0628
126.5625 34.8825 0.4285 0.2323 0.3392 0.00000 6.796 1500.0 12.0 0.0000 5.0000 640.19 0.0628
129.3750 34.8825 0.4452 0.2239 0.3309 0.00000 6.782 1500.0 12.0 0.0000 5.0000 632.25 0.0628
132.1875 34.8825 0.3851 0.2794 0.3355 0.00000 7.030 1500.0 12.0 0.0000 5.0000 651.87 0.0628
135.0000 34.8825 0.4250 0.2527 0.3223 0.00000 6.976 1500.0 12.0 0.0000 5.0000 635.31 0.0628
143.4375 34.8825 0.4131 0.2572 0.3297 0.00000 6.970 1500.0 12.0 0.0000 0.1413 18.13 0.0800
146.2500 34.8825 0.2282 0.4683 0.3035 0.00000 7.328 1500.0 12.0 0.0000 0.4202 57.80 0.0672
-177.1875 34.8825 0.4533 0.2198 0.3269 0.00000 6.769 1500.0 12.0 0.0000 5.0000 628.41 0.0628
-174.3750 34.8825 0.4782 0.2152 0.3067 0.00000 7.022 1500.0 12.0 0.0000 5.0000 613.88 0.0628
-165.9375 34.8825 0.5413 0.1946 0.2641 0.00000 7.206 1500.0 12.0 0.0000 3.2556 377.68 0.0628
-163.1250 34.8825 0.3950 0.2717 0.3333 0.00000 8.130 1500.0 12.0 0.0000 5.0000 648.15 0.0628
-160.3125 34.8825 0.4056 0.2605 0.3338 0.00000 7.810 1500.0 12.0 0.0000 5.0000 645.16 0.0628
-157.5000 34.8825 0.4493 0.2310 0.3197 0.00000 7.227 1500.0 12.0 0.0000 5.0000 627.09 0.0628
-154.6875 34.8825 0.3052 0.2832 0.4116 0.00000 6.735 1500.0 12.0 0.0000 5.0000 702.51 0.0628
-151.8750 34.8825 0.2740 0.3988 0.3272 0.00000 6.331 1500.0 12.0 0.0000 0.0200 10.00 0.4105
-149.0625 34.8825 0.3810 0.3690 0.2500 0.00000 6.094 1500.0 12.0 0.0000 0.0200 10.00 0.5058
-146.2500 34.8825 0.5027 0.2690 0.2283 0.00000 6.314 1500.0 12.0 0.0000 0.0200 10.00 0.3405
-143.4375 34.8825 0.6274 0.1433 0.2293 0.00000 6.753 1500.0 12.0 0.0000 5.0000 542.01 0.0628
-140.6250 34.8825 0.3425 0.2660 0.3916 0.00000 6.834 1500.0 12.0 0.0000 5.0000 684.32 0.0628
-137.8125 34.8825 0.2824 0.3129 0.4047 0.00000 6.856 1500.0 12.0 0.0000 0.0200 10.00 0.1060
-135.0000 34.8825 0.4276 0.2755 0.2969 0.00000 6.518 1500.0 12.0 0.0000 0.0200 10.00 0.2462
-132.1875 34.8825 0.5208 0.2451 0.2341 0.00000 6.230 1500.0 12.0 0.0000 0.0200 10.00 0.3217
-129.3750 34.8825 0.3520 0.3050 0.3429 0.00000 6.582 1500.0 12.0 0.0000 0.7811 103.80 0.2078
-126.5625 34.8825 0.3249 0.3016 0.3734 0.00000 6.840 1500.0 12.0 0.0000 0.7439 101.65 0.1480
-98.4375 34.8825 0.3736 0.2540 0.3725 0.00000 6.693 1500.0 12.0 0.0000 2.6763 357.72 0.0628
-95.6250 34.8825 0.3827 0.2587 0.3585 0.00000 7.146 1500.0 12.0 0.0000 2.5669 339.18 0.0628
-92.8125 34.8825 0.3983 0.2545 0.3472 0.00000 7.341 1500.0 12.0 0.0000 5.0000 652.04 0.0628
-90.0000 34.8825 0.2954 0.3216 0.3830 0.00000 8.681 1500.0 12.0 0.0000 5.0000 695.41 0.0628
-87.1875 34.8825 0.3297 0.2855 0.3848 0.00000 7.423 1500.0 12.0 0.0000 5.0000 685.78 0.0628
-84.3750 34.8825 0.3811 0.2552 0.3638 0.00000 6.923 1500.0 12.0 0.0000 5.0000 662.99 0.0628
-81.5625 34.8825 0.3615 0.2624 0.3760 0.00000 6.896 1500.0 12.0 0.0000 5.0000 673.15 0.0628
-64.6875 34.8825 0.6394 0.1382 0.2224 0.00000 6.657 1500.0 12.0 0.0000 2.1246 227.78 0.0628
-61.8750 34.8825 0.4014 0.2415 0.3571 0.00000 6.906 1500.0 12.0 0.0000 5.0000 654.57 0.0628
-59.0625 34.8825 0.4988 0.1988 0.3024 0.00000 6.816 1500.0 12.0 0.0000 5.0000 606.20 0.0628
-56.2500 34.8825 0.4898 0.2025 0.3077 0.00000 6.664 1500.0 12.0 0.0000 5.0000 610.77 0.0628
-53.4375 34.8825 0.2920 0.2963 0.4117 0.00000 7.209 1500.0 12.0 0.0000 5.0000 706.47 0.0628
-50.6250 34.8825 0.4164 0.2525 0.3311 0.00000 7.060 1500.0 12.0 0.0000 0.0200 10.00 0.0998
-47.8125 34.8825 0.4498 0.2363 0.3139 0.00000 7.070 1500.0 12.0 0.0000 0.0200 10.00 0.0958
-45.0000 34.8825 0.4164 0.2606 0.3230 0.00000 7.112 1500.0 12.0 0.0000 0.0200 10.00 0.1237
-42.1875 34.8825 0.5551 0.2021 0.2428 0.00000 7.090 1500.0 12.0 0.0000 0.0200 10.00 0.1478
-39.3750 34.8825 0.6060 0.1502 0.2438 0.00000 6.616 1500.0 12.0 0.0000 5.0000 553.52 0.0628
-36.5625 34.8825 0.4305 0.2307 0.3388 0.00000 6.783 1500.0 12.0 0.0000 5.0000 639.44 0.0628
-19.6875 34.8825 0.2786 0.4642 0.2572 0.00000 5.972 1500.0 12.0 0.0000 0.0353 10.00 0.7495
-16.8750 34.8825 0.2378 0.5028 0.2593 0.00000 5.807 1500.0 12.0 0.0000 0.1566 20.97 0.8013
11.2500 32.0919 0.4332 0.2299 0.3369 0.00000 6.814 1500.0 12.0 0.0000 5.0000 637.97 0.0628
14.0625 32.0919 0.5012 0.2102 0.2886 0.00000 7.440 1500.0 12.0 0.0000 5.0000 600.64 0.0628
16.8750 32.0919 0.5092 0.2044 0.2864 0.00000 7.317 1500.0 12.0 0.0000 5.0000 597.50 0.0628
19.6875 32.0919 0.4318 0.2438 0.3245 0.00000 7.525 1500.0 12.0 0.0000 5.0000 634.04 0.0628
22.5000 32.0919 0.4902 0.2083 0.3016 0.00000 6.872 1500.0 12.0 0.0000 5.0000 608.49 0.0628
25.3125 32.0919 0.3587 0.2966 0.3447 0.00000 8.274 1500.0 12.0 0.0000 5.0000 663.04 0.0628
28.1250 32.0919 0.2178 0.4140 0.3682 0.00000 9.500 1500.0 12.0 0.0000 5.0000 713.56 0.0628
30.9375 32.0919 0.2112 0.4272 0.3616 0.00000 9.500 1500.0 12.0 0.0000 5.0000 713.21 0.0628
33.7500 32.0919 0.2194 0.4108 0.3698 0.00000 9.500 1500.0 12.0 0.0000 5.0000 713.64 0.0628
36.5625 32.0919 0.3108 0.3452 0.3441 0.00000 8.628 1500.0 12.0 0.0000 5.0000 677.18 0.0628
39.3750 32.0919 0.4927 0.2073 0.3000 0.00000 6.840 1500.0 12.0 0.0000 5.0000 607.21 0.0628
42.1875 32.0919 0.4966 0.2044 0.2990 0.00000 6.800 1500.0 12.0 0.0000 5.0000 605.66 0.0628
45.0000 32.0919 0.6165 0.1445 0.2390 0.00000 6.559 1500.0 12.0 0.0000 5.0000 548.72 0.0628
47.8125 32.0919 0.6359 0.1525 0.2117 0.00000 6.493 1500.0 12.0 0.0000 2.1584 230.22 0.1458
50.6250 32.0919 0.4782 0.2117 0.3102 0.00000 6.955 1500.0 12.0 0.0000 5.0000 615.12 0.0628
53.4375 32.0919 0.3743 0.2587 0.3670 0.00000 6.995 1500.0 12.0 0.0000 1.9444 259.06 0.0628
90.0000 32.0919 0.3887 0.2496 0.3616 0.00000 7.001 1500.0 12.0 0.0000 2.3948 316.09 0.0628
92.8125 32.0919 0.3282 0.2801 0.3917 0.00000 7.125 1500.0 12.0 0.0000 2.4974 343.95 0.0628
95.6250 32.0919 0.4724 0.2257 0.3019 0.00000 7.684 1500.0 12.0 0.0000 5.0000 613.94 0.0628
98.4375 32.0919 0.4754 0.2308 0.2938 0.00000 7.860 1500.0 12.0 0.0000 5.0000 610.18 0.0628
101.2500 32.0919 0.5228 0.2054 0.2718 0.00000 7.506 1500.0 12.0 0.0000 5.0000 588.27 0.0628
123.7500 32.0919 0.3647 0.2568 0.3785 0.00000 6.722 1500.0 12.0 0.0000 5.0000 673.05 0.0628
126.5625 32.0919 0.3206 0.2860 0.3934 0.00000 7.202 1500.0 12.0 0.0000 5.0000 691.49 0.0628
129.3750 32.0919 0.3268 0.2778 0.3954 0.00000 6.981 1500.0 12.0 0.0000 5.0000 690.36 0.0628
132.1875 32.0919 0.3306 0.2728 0.3966 0.00000 6.855 1500.0 12.0 0.0000 5.0000 689.64 0.0628
135.0000 32.0919 0.3586 0.2595 0.3819 0.00000 6.883 1500.0 12.0 0.0000 5.0000 676.06 0.0628
137.8125 32.0919 0.4094 0.2418 0.3488 0.00000 6.815 1500.0 12.0 0.0000 5.0000 649.29 0.0628
140.6250 32.0919 0.3423 0.2706 0.3871 0.00000 6.873 1500.0 12.0 0.0000 5.0000 682.80 0.0628
143.4375 32.0919 0.4734 0.2099 0.3166 0.00000 6.860 1500.0 12.0 0.0000 5.0000 618.80 0.0628
146.2500 32.0919 0.4879 0.2153 0.2968 0.00000 7.146 1500.0 12.0 0.0000 5.0000 607.52 0.0628
149.0625 32.0919 0.3907 0.2943 0.3150 0.00000 7.053 1500.0 12.0 0.0000 5.0000 643.03 0.0628
-177.1875 32.0919 0.5589 0.1894 0.2516 0.00000 7.063 1500.0 12.0 0.0000 1.8877 215.35 0.0628
-174.3750 32.0919 0.6007 0.1560 0.2433 0.00000 6.886 1500.0 12.0 0.0000 2.6916 298.74 0.0628
-168.7500 32.0919 0.4630 0.2339 0.3030 0.00000 7.167 1500.0 12.0 0.0000 5.0000 617.16 0.0628
-165.9375 32.0919 0.4447 0.2366 0.3187 0.00000 7.209 1500.0 12.0 0.0000 5.0000 628.16 0.0628
-163.1250 32.0919 0.4146 0.2597 0.3257 0.00000 7.843 1500.0 12.0 0.0000 5.0000 639.63 0.0628
-160.3125 32.0919 0.3655 0.2872 0.3473 0.00000 8.240 1500.0 12.0 0.0000 5.0000 661.89 0.0628
-157.5000 32.0919 0.3271 0.2985 0.3744 0.00000 7.808 1500.0 12.0 0.0000 5.0000 682.89 0.0628
-154.6875 32.0919 0.3024 0.2847 0.4129 0.00000 6.896 1500.0 12.0 0.0000 5.0000 703.77 0.0628
-151.8750 32.0919 0.4862 0.2686 0.2451 0.00000 6.618 1500.0 12.0 0.0000 0.0200 10.00 0.2973
-149.0625 32.0919 0.4423 0.2961 0.2617 0.00000 6.606 1500.0 12.0 0.0000 0.0200 10.00 0.3479
-143.4375 32.0919 0.5705 0.1937 0.2359 0.00000 6.609 1500.0 12.0 0.0000 0.1568 17.61 0.1543
-140.6250 32.0919 0.3842 0.3729 0.2429 0.00000 6.128 1500.0 12.0 0.0000 0.0200 10.00 0.5466
-137.8125 32.0919 0.1877 0.5077 0.3046 0.00000 5.850 1500.0 12.0 0.0000 0.0200 10.00 0.6751
-135.0000 32.0919 0.2646 0.4517 0.2837 0.00000 5.795 1500.0 12.0 0.0000 0.0200 10.00 0.6536
-132.1875 32.0919 0.2985 0.4080 0.2935 0.00000 6.003 1500.0 12.0 0.0000 0.0200 10.00 0.5419
-129.3750 32.0919 0.2930 0.3339 0.3732 0.00000 6.582 1500.0 12.0 0.0000 0.4507 62.45 0.2164
-126.5625 32.0919 0.3464 0.2916 0.3620 0.00000 6.928 1500.0 12.0 0.0000 0.8309 111.80 0.1499
-98.4375 32.0919 0.4182 0.2352 0.3466 0.00000 6.716 1500.0 12.0 0.0000 5.0000 645.86 0.0628
-95.6250 32.0919 0.5255 0.1941 0.2804 0.00000 7.064 1500.0 12.0 0.0000 5.0000 590.47 0.0628
-92.8125 32.0919 0.5300 0.1964 0.2736 0.00000 7.399 1500.0 12.0 0.0000 5.0000 586.74 0.0628
-90.0000 32.0919 0.3659 0.2851 0.3490 0.00000 8.397 1500.0 12.0 0.0000 5.0000 662.37 0.0628
-87.1875 32.0919 0.4914 0.2165 0.2921 0.00000 7.440 1500.0 12.0 0.0000 5.0000 604.80 0.0628
-84.3750 32.0919 0.4455 0.2439 0.3107 0.00000 8.078 1500.0 12.0 0.0000 5.0000 625.10 0.0628
-81.5625 32.0919 0.3740 0.2784 0.3476 0.00000 8.270 1500.0 12.0 0.0000 3.1947 421.37 0.0628
-78.7500 32.0919 0.3517 0.2799 0.3684 0.00000 7.632 1500.0 12.0 0.0000 5.0000 673.45 0.0628
-75.9375 32.0919 0.4192 0.2361 0.3447 0.00000 6.922 1500.0 12.0 0.0000 5.0000 644.87 0.0628
-64.6875 32.0919 0.5591 0.1727 0.2682 0.00000 6.872 1500.0 12.0 0.0000 5.0000 576.11 0.0628
-61.8750 32.0919 0.2947 0.2928 0.4126 0.00000 7.038 1500.0 12.0 0.0000 5.0000 706.00 0.0628
-59.0625 32.0919 0.2923 0.2948 0.4129 0.00000 7.020 1500.0 12.0 0.0000 5.0000 706.80 0.0628
-56.2500 32.0919 0.3177 0.2862 0.3961 0.00000 7.121 1500.0 12.0 0.0000 5.0000 693.32 0.0628
-53.4375 32.0919 0.3621 0.2838 0.3541 0.00000 7.461 1500.0 12.0 0.0000 0.1515 20.16 0.1078
-50.6250 32.0919 0.3900 0.2810 0.3290 0.00000 7.847 1500.0 12.0 0.0000 0.0200 10.00 0.1135
-47.8125 32.0919 0.3929 0.2728 0.3343 0.00000 7.890 1500.0 12.0 0.0000 0.0200 10.00 0.0821
-45.0000 32.0919 0.4115 0.2620 0.3265 0.00000 7.667 1500.0 12.0 0.0000 0.0200 10.00 0.0889
-42.1875 32.0919 0.4654 0.2491 0.2856 0.00000 7.446 1500.0 12.0 0.0000 0.0355 10.00 0.1575
-39.3750 32.0919 0.5304 0.2070 0.2625 0.00000 7.206 1500.0 12.0 0.0000 0.7020 81.82 0.1163
-36.5625 32.0919 0.3467 0.2731 0.3802 0.00000 7.200 1500.0 12.0 0.0000 5.0000 679.07 0.0628
-33.7500 32.0919 0.3049 0.3224 0.3727 0.00000 7.108 1500.0 12.0 0.0000 0.6056 83.44 0.1711
-30.9375 32.0919 0.4709 0.2484 0.2807 0.00000 6.701 1500.0 12.0 0.0000 0.6667 80.93 0.1978
-16.8750 32.0919 0.3921 0.3554 0.2525 0.00000 6.344 1500.0 12.0 0.0000 0.6952 86.31 0.4767
14.0625 29.3014 0.3023 0.3488 0.3489 0.00000 8.344 1500.0 12.0 0.0000 5.0000 681.41 0.0628
16.8750 29.3014 0.4430 0.2446 0.3124 0.00000 8.051 1500.0 12.0 0.0000 5.0000 626.43 0.0628
19.6875 29.3014 0.5076 0.1989 0.2935 0.00000 6.778 1500.0 12.0 0.0000 5.0000 600.45 0.0628
22.5000 29.3014 0.4966 0.2044 0.2990 0.00000 6.800 1500.0 12.0 0.0000 5.0000 605.66 0.0628
25.3125 29.3014 0.4335 0.2442 0.3224 0.00000 7.494 1500.0 12.0 0.0000 5.0000 632.78 0.0628
28.1250 29.3014 0.2487 0.3592 0.3921 0.00000 9.500 1500.0 12.0 0.0000 5.0000 712.65 0.0628
30.9375 29.3014 0.2695 0.3479 0.3825 0.00000 9.297 1500.0 12.0 0.0000 5.0000 703.02 0.0628
33.7500 29.3014 0.3745 0.2820 0.3435 0.00000 8.131 1500.0 12.0 0.0000 5.0000 657.89 0.0628
36.5625 29.3014 0.4321 0.2435 0.3245 0.00000 7.522 1500.0 12.0 0.0000 5.0000 633.94 0.0628
39.3750 29.3014 0.4960 0.2047 0.2992 0.00000 6.807 1500.0 12.0 0.0000 5.0000 605.92 0.0628
42.1875 29.3014 0.4948 0.2055 0.2997 0.00000 6.820 1500.0 12.0 0.0000 5.0000 606.45 0.0628
45.0000 29.3014 0.4517 0.2469 0.3014 0.00000 7.306 1500.0 12.0 0.0000 1.4091 174.72 0.1214
47.8125 29.3014 0.5661 0.2203 0.2135 0.00000 6.769 1500.0 12.0 0.0000 1.5907 176.53 0.2846
50.6250 29.3014 0.4859 0.2711 0.2431 0.00000 6.770 1500.0 12.0 0.0000 1.4703 173.29 0.3023
53.4375 29.3014 0.1906 0.4843 0.3251 0.00000 7.884 1500.0 12.0 0.0000 1.1436 161.61 0.2268
87.1875 29.3014 0.2889 0.3188 0.3924 0.00000 7.008 1500.0 12.0 0.0000 1.9609 274.78 0.0642
90.0000 29.3014 0.2770 0.3248 0.3982 0.00000 7.805 1500.0 12.0 0.0000 2.4709 349.01 0.0628
92.8125 29.3014 0.4554 0.2354 0.3092 0.00000 7.797 1500.0 12.0 0.0000 5.0000 621.59 0.0628
95.6250 29.3014 0.4646 0.2302 0.3052 0.00000 7.571 1500.0 12.0 0.0000 5.0000 617.43 0.0628
98.4375 29.3014 0.4242 0.2591 0.3167 0.00000 7.555 1500.0 12.0 0.0000 5.0000 633.58 0.0628
101.2500 29.3014 0.4268 0.2705 0.3026 0.00000 7.719 1500.0 12.0 0.0000 5.0000 627.87 0.0628
123.7500 29.3014 0.2691 0.3714 0.3595 0.00000 7.657 1500.0 12.0 0.0000 5.0000 695.07 0.0628
126.5625 29.3014 0.2909 0.3080 0.4011 0.00000 7.342 1500.0 12.0 0.0000 5.0000 703.14 0.0628
129.3750 29.3014 0.4300 0.2286 0.3415 0.00000 6.702 1500.0 12.0 0.0000 5.0000 640.51 0.0628
132.1875 29.3014 0.5754 0.1736 0.2509 0.00000 6.770 1500.0 12.0 0.0000 5.0000 565.20 0.0628
135.0000 29.3014 0.4587 0.2306 0.3107 0.00000 6.736 1500.0 12.0 0.0000 0.3262 40.53 0.1125
137.8125 29.3014 0.3760 0.2531 0.3709 0.00000 6.680 1500.0 12.0 0.0000 5.0000 667.01 0.0628
140.6250 29.3014 0.1900 0.5218 0.2882 0.00000 5.833 1500.0 12.0 0.0000 0.0200 10.00 0.7485
143.4375 29.3014 0.3320 0.4827 0.1853 0.00000 5.725 1500.0 12.0 0.0000 0.0200 10.00 0.9139
146.2500 29.3014 0.3234 0.5009 0.1757 0.00000 5.705 1500.0 12.0 0.0000 0.0200 10.00 1.0130
149.0625 29.3014 0.0732 0.7111 0.2158 0.00000 6.930 1500.0 12.0 0.0000 0.0200 10.00 0.9591
171.5625 29.3014 0.2848 0.3824 0.3328 0.00000 7.493 1500.0 12.0 0.0000 4.9422 673.20 0.0628
174.3750 29.3014 0.4667 0.2233 0.3100 0.00000 7.128 1500.0 12.0 0.0000 5.0000 618.48 0.0628
-177.1875 29.3014 0.4425 0.2388 0.3187 0.00000 7.392 1500.0 12.0 0.0000 5.0000 628.77 0.0628
-174.3750 29.3014 0.4248 0.2478 0.3274 0.00000 7.604 1500.0 12.0 0.0000 5.0000 637.14 0.0628
-171.5625 29.3014 0.3071 0.3526 0.3403 0.00000 8.653 1500.0 12.0 0.0000 5.0000 676.95 0.0628
-168.7500 29.3014 0.2822 0.3789 0.3389 0.00000 8.843 1500.0 12.0 0.0000 5.0000 683.96 0.0628
-165.9375 29.3014 0.4257 0.2563 0.3180 0.00000 7.521 1500.0 12.0 0.0000 5.0000 633.60 0.0628
-163.1250 29.3014 0.4677 0.2194 0.3129 0.00000 6.948 1500.0 12.0 0.0000 5.0000 619.22 0.0628
-160.3125 29.3014 0.3874 0.2698 0.3428 0.00000 7.637 1500.0 12.0 0.0000 5.0000 653.74 0.0628
-157.5000 29.3014 0.3102 0.3149 0.3749 0.00000 7.261 1500.0 12.0 0.0000 0.5135 70.67 0.1351
-154.6875 29.3014 0.2870 0.3401 0.3730 0.00000 7.144 1500.0 12.0 0.0000 0.4100 56.95 0.2042
-151.8750 29.3014 0.5260 0.2218 0.2522 0.00000 6.713 1500.0 12.0 0.0000 0.6069 70.46 0.1868
-140.6250 29.3014 0.3046 0.3888 0.3066 0.00000 7.088 1500.0 12.0 0.0000 0.0200 10.00 0.2758
-137.8125 29.3014 0.1367 0.5894 0.2739 0.00000 5.986 1500.0 12.0 0.0000 0.0200 10.00 0.8471
-135.0000 29.3014 0.1175 0.5981 0.2845 0.00000 5.607 1500.0 12.0 0.0000 0.0200 10.00 0.9169
-132.1875 29.3014 0.1531 0.5586 0.2883 0.00000 5.778 1500.0 12.0 0.0000 0.0200 10.00 0.8230
-129.3750 29.3014 0.1654 0.5617 0.2729 0.00000 6.955 1500.0 12.0 0.0000 0.0200 10.00 0.5597
-101.2500 29.3014 0.2988 0.3510 0.3502 0.00000 7.275 1500.0 12.0 0.0000 5.0000 682.94 0.0628
-98.4375 29.3014 0.2751 0.3655 0.3594 0.00000 7.658 1500.0 12.0 0.0000 5.0000 693.28 0.0628
-95.6250 29.3014 0.5351 0.1981 0.2667 0.00000 7.158 1500.0 12.0 0.0000 5.0000 582.81 0.0628
-92.8125 29.3014 0.5082 0.2073 0.2845 0.00000 7.536 1500.0 12.0 0.0000 5.0000 597.11 0.0628
-90.0000 29.3014 0.3317 0.3091 0.3591 0.00000 8.607 1500.0 12.0 0.0000 5.0000 676.18 0.0628
-87.1875 29.3014 0.4384 0.2399 0.3217 0.00000 7.450 1500.0 12.0 0.0000 5.0000 631.09 0.0628
-84.3750 29.3014 0.4327 0.2453 0.3221 0.00000 7.506 1500.0 12.0 0.0000 5.0000 632.91 0.0628
-81.5625 29.3014 0.4207 0.2566 0.3226 0.00000 8.097 1500.0 12.0 0.0000 5.0000 636.69 0.0628
-78.7500 29.3014 0.5013 0.2174 0.2813 0.00000 7.684 1500.0 12.0 0.0000 3.5033 419.03 0.0628
-75.9375 29.3014 0.3788 0.3012 0.3199 0.00000 7.554 1500.0 12.0 0.0000 5.0000 648.33 0.0628
-73.1250 29.3014 0.3660 0.2654 0.3685 0.00000 6.907 1500.0 12.0 0.0000 5.0000 669.17 0.0628
-70.3125 29.3014 0.3714 0.2673 0.3613 0.00000 6.931 1500.0 12.0 0.0000 5.0000 665.03 0.0628
-67.5000 29.3014 0.3811 0.2524 0.3665 0.00000 6.679 1500.0 12.0 0.0000 0.9535 126.62 0.0652
-64.6875 29.3014 0.3842 0.2510 0.3648 0.00000 6.840 1500.0 12.0 0.0000 5.0000 662.40 0.0628
-61.8750 29.3014 0.2930 0.3121 0.3950 0.00000 7.818 1500.0 12.0 0.0000 5.0000 700.35 0.0628
-59.0625 29.3014 0.4033 0.2620 0.3347 0.00000 7.729 1500.0 12.0 0.0000 5.0000 646.15 0.0628
-56.2500 29.3014 0.4911 0.2144 0.2945 0.00000 7.343 1500.0 12.0 0.0000 5.0000 605.76 0.0628
-53.4375 29.3014 0.3585 0.3008 0.3407 0.00000 8.206 1500.0 12.0 0.0000 0.3991 52.82 0.1137
-50.6250 29.3014 0.2996 0.3294 0.3710 0.00000 8.942 1500.0 12.0 0.0000 0.5305 73.21 0.0860
-47.8125 29.3014 0.2822 0.3364 0.3814 0.00000 9.179 1500.0 12.0 0.0000 0.7171 100.23 0.0718
-45.0000 29.3014 0.2726 0.3414 0.3860 0.00000 9.295 1500.0 12.0 0.0000 0.9101 128.02 0.0685
-42.1875 29.3014 0.3356 0.3021 0.3624 0.00000 8.630 1500.0 12.0 0.0000 5.0000 676.17 0.0628
-39.3750 29.3014 0.3452 0.2972 0.3576 0.00000 8.670 1500.0 12.0 0.0000 5.0000 671.58 0.0628
-36.5625 29.3014 0.3324 0.2898 0.3778 0.00000 7.785 1500.0 12.0 0.0000 5.0000 682.52 0.0628
-33.7500 29.3014 0.3296 0.2800 0.3904 0.00000 7.069 1500.0 12.0 0.0000 5.0000 687.76 0.0628
-30.9375 29.3014 0.5544 0.1829 0.2627 0.00000 6.815 1500.0 12.0 0.0000 5.0000 575.64 0.0628
14.0625 26.5108 0.2330 0.4338 0.3331 0.00000 7.953 1500.0 12.0 0.0000 5.0000 696.68 0.0628
16.8750 26.5108 0.5308 0.2096 0.2596 0.00000 7.269 1500.0 12.0 0.0000 5.0000 581.61 0.0628
19.6875 26.5108 0.6295 0.1383 0.2322 0.00000 6.560 1500.0 12.0 0.0000 5.0000 542.41 0.0628
22.5000 26.5108 0.4993 0.2030 0.2977 0.00000 6.795 1500.0 12.0 0.0000 5.0000 604.38 0.0628
25.3125 26.5108 0.4339 0.2483 0.3178 0.00000 7.454 1500.0 12.0 0.0000 5.0000 631.05 0.0628
28.1250 26.5108 0.3939 0.2697 0.3364 0.00000 7.925 1500.0 12.0 0.0000 5.0000 649.58 0.0628
30.9375 26.5108 0.4744 0.2181 0.3075 0.00000 7.046 1500.0 12.0 0.0000 5.0000 615.29 0.0628
33.7500 26.5108 0.4711 0.2204 0.3085 0.00000 7.081 1500.0 12.0 0.0000 5.0000 616.64 0.0628
36.5625 26.5108 0.4083 0.2613 0.3304 0.00000 7.760 1500.0 12.0 0.0000 5.0000 643.14 0.0628
39.3750 26.5108 0.4562 0.2298 0.3141 0.00000 7.245 1500.0 12.0 0.0000 5.0000 623.07 0.0628
42.1875 26.5108 0.4180 0.2580 0.3241 0.00000 7.596 1500.0 12.0 0.0000 1.0675 136.23 0.0894
45.0000 26.5108 0.3703 0.3423 0.2874 0.00000 7.432 1500.0 12.0 0.0000 0.7962 101.83 0.3734
47.8125 26.5108 0.4304 0.3298 0.2398 0.00000 7.425 1500.0 12.0 0.0000 1.2855 155.49 0.4367
50.6250 26.5108 0.2039 0.4872 0.3090 0.00000 8.140 1500.0 12.0 0.0000 1.1691 162.97 0.3171
53.4375 26.5108 0.2253 0.3983 0.3764 0.00000 7.167 1500.0 12.0 0.0000 1.4306 204.34 0.1551
84.3750 26.5108 0.2585 0.3833 0.3582 0.00000 7.414 1500.0 12.0 0.0000 1.9082 266.32 0.0705
87.1875 26.5108 0.2974 0.3065 0.3961 0.00000 7.196 1500.0 12.0 0.0000 2.1088 294.98 0.0773
90.0000 26.5108 0.2757 0.3299 0.3944 0.00000 8.153 1500.0 12.0 0.0000 5.0000 705.31 0.0628
92.8125 26.5108 0.4321 0.2538 0.3141 0.00000 7.763 1500.0 12.0 0.0000 5.0000 630.32 0.0628
95.6250 26.5108 0.3802 0.2833 0.3365 0.00000 8.035 1500.0 12.0 0.0000 5.0000 653.71 0.0628
98.4375 26.5108 0.3655 0.2870 0.3475 0.00000 8.242 1500.0 12.0 0.0000 5.0000 661.96 0.0628
101.2500 26.5108 0.4242 0.2533 0.3226 0.00000 7.678 1500.0 12.0 0.0000 5.0000 635.64 0.0628
104.0625 26.5108 0.4717 0.2354 0.2928 0.00000 7.687 1500.0 12.0 0.0000 2.1118 258.04 0.0688
106.8750 26.5108 0.6002 0.1686 0.2312 0.00000 6.844 1500.0 12.0 0.0000 5.0000 550.85 0.0628
109.6875 26.5108 0.5027 0.2394 0.2579 0.00000 7.108 1500.0 12.0 0.0000 5.0000 589.45 0.0628
112.5000 26.5108 0.3377 0.3475 0.3148 0.00000 7.939 1500.0 12.0 0.0000 5.0000 658.88 0.0628
115.3125 26.5108 0.1811 0.4769 0.3421 0.00000 7.991 1500.0 12.0 0.0000 5.0000 715.41 0.0628
118.1250 26.5108 0.3653 0.3382 0.2965 0.00000 7.522 1500.0 12.0 0.0000 5.0000 644.17 0.0628
120.9375 26.5108 0.4026 0.2979 0.2995 0.00000 7.789 1500.0 12.0 0.0000 0.9035 114.57 0.0628
123.7500 26.5108 0.3499 0.2896 0.3604 0.00000 8.010 1500.0 12.0 0.0000 5.0000 671.17 0.0628
126.5625 26.5108 0.2940 0.2940 0.4120 0.00000 7.119 1500.0 12.0 0.0000 5.0000 706.00 0.0628
129.3750 26.5108 0.5249 0.2097 0.2654 0.00000 6.801 1500.0 12.0 0.0000 5.0000 585.43 0.0628
135.0000 26.5108 0.6147 0.1583 0.2271 0.00000 6.735 1500.0 12.0 0.0000 5.0000 545.07 0.0628
137.8125 26.5108 0.2849 0.5546 0.1605 0.00000 5.228 1500.0 12.0 0.0000 0.0200 10.00 1.2794
140.6250 26.5108 0.2631 0.5786 0.1583 0.00000 5.003 1500.0 12.0 0.0000 0.0200 10.00 1.3867
143.4375 26.5108 0.0999 0.7237 0.1764 0.00000 5.737 1500.0 12.0 0.0000 0.0200 10.00 1.3742
165.9375 26.5108 0.2162 0.4463 0.3376 0.00000 7.707 1500.0 12.0 0.0000 2.3325 328.09 0.0855
168.7500 26.5108 0.1764 0.4693 0.3544 0.00000 8.127 1500.0 12.0 0.0000 2.6784 386.28 0.0634
171.5625 26.5108 0.2620 0.3979 0.3401 0.00000 7.913 1500.0 12.0 0.0000 5.0000 690.41 0.0628
174.3750 26.5108 0.4966 0.2044 0.2990 0.00000 6.800 1500.0 12.0 0.0000 5.0000 605.66 0.0628
177.1875 26.5108 0.4966 0.2044 0.2990 0.00000 6.800 1500.0 12.0 0.0000 3.9984 484.34 0.0628
180.0000 26.5108 0.4812 0.2137 0.3051 0.00000 6.972 1500.0 12.0 0.0000 2.1457 262.81 0.0628
-177.1875 26.5108 0.3915 0.2732 0.3353 0.00000 7.935 1500.0 12.0 0.0000 1.4346 186.47 0.0628
-174.3750 26.5108 0.4345 0.2422 0.3233 0.00000 7.491 1500.0 12.0 0.0000 1.1886 150.44 0.0644
-171.5625 26.5108 0.3831 0.2805 0.3364 0.00000 7.999 1500.0 12.0 0.0000 1.0755 140.42 0.0723
-168.7500 26.5108 0.3919 0.2683 0.3399 0.00000 7.969 1500.0 12.0 0.0000 5.0000 651.39 0.0628
-165.9375 26.5108 0.4191 0.2533 0.3277 0.00000 7.652 1500.0 12.0 0.0000 5.0000 638.95 0.0628
-163.1250 26.5108 0.4675 0.2274 0.3051 0.00000 7.301 1500.0 12.0 0.0000 5.0000 616.52 0.0628
-160.3125 26.5108 0.4035 0.2456 0.3509 0.00000 6.882 1500.0 12.0 0.0000 5.0000 651.74 0.0628
-157.5000 26.5108 0.2931 0.3198 0.3871 0.00000 6.866 1500.0 12.0 0.0000 1.0680 149.00 0.1546
-154.6875 26.5108 0.4850 0.2601 0.2548 0.00000 6.846 1500.0 12.0 0.0000 0.9418 111.83 0.2352
-140.6250 26.5108 0.2830 0.3435 0.3735 0.00000 7.146 1500.0 12.0 0.0000 0.4106 57.14 0.1690
-137.8125 26.5108 0.1558 0.5462 0.2980 0.00000 6.453 1500.0 12.0 0.0000 0.0200 10.00 0.7257
-135.0000 26.5108 0.1157 0.6216 0.2628 0.00000 5.577 1500.0 12.0 0.0000 0.0200 10.00 1.0698
-132.1875 26.5108 0.1458 0.6092 0.2450 0.00000 5.602 1500.0 12.0 0.0000 0.0200 10.00 1.0819
-98.4375 26.5108 0.2809 0.3303 0.3889 0.00000 7.157 1500.0 12.0 0.0000 3.0756 431.72 0.0628
-95.6250 26.5108 0.3082 0.3103 0.3815 0.00000 7.531 1500.0 12.0 0.0000 3.7615 519.88 0.0628
-92.8125 26.5108 0.4340 0.2396 0.3264 0.00000 7.469 1500.0 12.0 0.0000 5.0000 634.05 0.0628
-90.0000 26.5108 0.4439 0.2362 0.3198 0.00000 7.447 1500.0 12.0 0.0000 5.0000 628.76 0.0628
-87.1875 26.5108 0.5196 0.1993 0.2811 0.00000 7.187 1500.0 12.0 0.0000 5.0000 592.50 0.0628
-84.3750 26.5108 0.4865 0.2168 0.2967 0.00000 7.274 1500.0 12.0 0.0000 5.0000 607.88 0.0628
-81.5625 26.5108 0.4202 0.2526 0.3272 0.00000 7.639 1500.0 12.0 0.0000 5.0000 638.44 0.0628
-78.7500 26.5108 0.4795 0.2237 0.2968 0.00000 7.645 1500.0 12.0 0.0000 5.0000 610.02 0.0628
-75.9375 26.5108 0.6056 0.1528 0.2416 0.00000 6.810 1500.0 12.0 0.0000 5.0000 552.90 0.0628
-73.1250 26.5108 0.3638 0.2696 0.3665 0.00000 7.254 1500.0 12.0 0.0000 5.0000 669.13 0.0628
-70.3125 26.5108 0.3589 0.2690 0.3721 0.00000 7.138 1500.0 12.0 0.0000 5.0000 672.55 0.0628
-67.5000 26.5108 0.3288 0.2802 0.3909 0.00000 6.994 1500.0 12.0 0.0000 0.9930 136.67 0.0722
-64.6875 26.5108 0.3854 0.2665 0.3482 0.00000 7.312 1500.0 12.0 0.0000 0.8773 115.15 0.0897
-61.8750 26.5108 0.4071 0.2595 0.3335 0.00000 7.782 1500.0 12.0 0.0000 5.0000 644.59 0.0628
-59.0625 26.5108 0.4429 0.2389 0.3182 0.00000 7.385 1500.0 12.0 0.0000 5.0000 628.49 0.0628
-56.2500 26.5108 0.4087 0.2600 0.3312 0.00000 7.764 1500.0 12.0 0.0000 5.0000 643.32 0.0628
-53.4375 26.5108 0.4356 0.2449 0.3195 0.00000 7.434 1500.0 12.0 0.0000 1.4145 178.55 0.0778
-50.6250 26.5108 0.4062 0.2593 0.3345 0.00000 7.808 1500.0 12.0 0.0000 1.8261 235.64 0.0643
-47.8125 26.5108 0.3036 0.3233 0.3731 0.00000 8.939 1500.0 12.0 0.0000 1.3307 183.51 0.0714
-45.0000 26.5108 0.2615 0.3483 0.3902 0.00000 9.421 1500.0 12.0 0.0000 1.0781 152.68 0.0664
-42.1875 26.5108 0.3070 0.3213 0.3717 0.00000 9.099 1500.0 12.0 0.0000 5.0000 688.01 0.0628
-39.3750 26.5108 0.3468 0.2759 0.3773 0.00000 7.224 1500.0 12.0 0.0000 5.0000 678.00 0.0628
-36.5625 26.5108 0.3392 0.2791 0.3817 0.00000 6.854 1500.0 12.0 0.0000 5.0000 681.81 0.0628
-33.7500 26.5108 0.5001 0.2192 0.2807 0.00000 6.791 1500.0 12.0 0.0000 5.0000 598.23 0.0628
16.8750 23.7202 0.1758 0.4735 0.3507 0.00000 8.298 1500.0 12.0 0.0000 5.0000 720.02 0.0628
19.6875 23.7202 0.6408 0.1367 0.2224 0.00000 6.599 1500.0 12.0 0.0000 5.0000 535.60 0.0628
22.5000 23.7202 0.4974 0.2040 0.2986 0.00000 6.798 1500.0 12.0 0.0000 5.0000 605.27 0.0628
25.3125 23.7202 0.4748 0.2211 0.3042 0.00000 7.017 1500.0 12.0 0.0000 5.0000 614.02 0.0628
28.1250 23.7202 0.4946 0.2056 0.2998 0.00000 6.823 1500.0 12.0 0.0000 5.0000 606.57 0.0628
30.9375 23.7202 0.4021 0.2618 0.3361 0.00000 7.857 1500.0 12.0 0.0000 5.0000 647.03 0.0628
33.7500 23.7202 0.3017 0.3246 0.3737 0.00000 8.966 1500.0 12.0 0.0000 5.0000 690.26 0.0628
36.5625 23.7202 0.3246 0.3202 0.3552 0.00000 8.633 1500.0 12.0 0.0000 5.0000 676.96 0.0628
39.3750 23.7202 0.3958 0.3132 0.2910 0.00000 7.428 1500.0 12.0 0.0000 0.4105 51.98 0.2979
42.1875 23.7202 0.2668 0.4413 0.2919 0.00000 8.191 1500.0 12.0 0.0000 0.3317 44.58 0.5113
45.0000 23.7202 0.2628 0.4645 0.2727 0.00000 8.243 1500.0 12.0 0.0000 0.6567 87.56 0.5869
47.8125 23.7202 0.3731 0.3818 0.2452 0.00000 7.571 1500.0 12.0 0.0000 1.3686 170.77 0.5256
50.6250 23.7202 0.2364 0.4870 0.2766 0.00000 7.537 1500.0 12.0 0.0000 1.5968 215.86 0.4363
84.3750 23.7202 0.2218 0.4518 0.3265 0.00000 7.977 1500.0 12.0 0.0000 1.9339 269.86 0.0831
87.1875 23.7202 0.3700 0.2770 0.3530 0.00000 6.881 1500.0 12.0 0.0000 2.6193 347.08 0.0628
90.0000 23.7202 0.3049 0.3049 0.3902 0.00000 7.277 1500.0 12.0 0.0000 5.0000 695.09 0.0628
92.8125 23.7202 0.4670 0.2325 0.3005 0.00000 7.752 1500.0 12.0 0.0000 5.0000 615.10 0.0628
95.6250 23.7202 0.3699 0.2860 0.3441 0.00000 8.213 1500.0 12.0 0.0000 2.9542 389.63 0.0628
98.4375 23.7202 0.3168 0.3147 0.3685 0.00000 8.802 1500.0 12.0 0.0000 5.0000 683.91 0.0628
101.2500 23.7202 0.3594 0.2878 0.3529 0.00000 8.334 1500.0 12.0 0.0000 5.0000 665.69 0.0628
104.0625 23.7202 0.3525 0.2935 0.3540 0.00000 8.399 1500.0 12.0 0.0000 2.1252 284.00 0.0668
106.8750 23.7202 0.5129 0.2012 0.2859 0.00000 7.069 1500.0 12.0 0.0000 5.0000 596.19 0.0628
109.6875 23.7202 0.4800 0.2183 0.3017 0.00000 7.332 1500.0 12.0 0.0000 3.5348 432.36 0.0628
112.5000 23.7202 0.5205 0.2007 0.2788 0.00000 7.468 1500.0 12.0 0.0000 2.5081 296.67 0.0628
115.3125 23.7202 0.5200 0.2075 0.2725 0.00000 7.443 1500.0 12.0 0.0000 5.0000 589.37 0.0628
118.1250 23.7202 0.5803 0.1687 0.2510 0.00000 7.014 1500.0 12.0 0.0000 1.0859 122.45 0.0628
120.9375 23.7202 0.5072 0.2014 0.2914 0.00000 7.101 1500.0 12.0 0.0000 5.0000 599.81 0.0628
123.7500 23.7202 0.3260 0.2790 0.3950 0.00000 6.981 1500.0 12.0 0.0000 5.0000 690.43 0.0628
126.5625 23.7202 0.4631 0.2144 0.3225 0.00000 6.788 1500.0 12.0 0.0000 5.0000 623.97 0.0628
129.3750 23.7202 0.3686 0.3420 0.2893 0.00000 7.339 1500.0 12.0 0.0000 5.0000 640.69 0.0628
165.9375 23.7202 0.4584 0.2735 0.2681 0.00000 7.074 1500.0 12.0 0.0000 3.1084 376.95 0.0628
168.7500 23.7202 0.4458 0.2597 0.2945 0.00000 7.273 1500.0 12.0 0.0000 2.4937 308.89 0.0699
177.1875 23.7202 0.4091 0.2653 0.3257 0.00000 7.698 1500.0 12.0 0.0000 1.6272 208.69 0.0770
180.0000 23.7202 0.4250 0.2588 0.3162 0.00000 7.575 1500.0 12.0 0.0000 1.2138 153.70 0.0784
-177.1875 23.7202 0.4688 0.2238 0.3073 0.00000 7.252 1500.0 12.0 0.0000 1.1737 144.81 0.0639
-174.3750 23.7202 0.5195 0.1951 0.2854 0.00000 6.776 1500.0 12.0 0.0000 0.9520 113.10 0.0699
-171.5625 23.7202 0.4524 0.2326 0.3149 0.00000 7.282 1500.0 12.0 0.0000 5.0000 624.49 0.0628
-168.7500 23.7202 0.4416 0.2382 0.3202 0.00000 7.412 1500.0 12.0 0.0000 5.0000 629.60 0.0628
-165.9375 23.7202 0.4265 0.2514 0.3221 0.00000 7.548 1500.0 12.0 0.0000 5.0000 634.79 0.0628
-163.1250 23.7202 0.5728 0.1692 0.2580 0.00000 6.831 1500.0 12.0 0.0000 5.0000 568.48 0.0628
-140.6250 23.7202 0.4519 0.2205 0.3276 0.00000 6.778 1500.0 12.0 0.0000 5.0000 629.08 0.0628
-137.8125 23.7202 0.3245 0.2937 0.3818 0.00000 7.099 1500.0 12.0 0.0000 5.0000 686.29 0.0628
-135.0000 23.7202 0.1187 0.6017 0.2797 0.00000 6.143 1500.0 12.0 0.0000 0.0200 10.00 0.8834
-132.1875 23.7202 0.1506 0.6274 0.2220 0.00000 5.887 1500.0 12.0 0.0000 0.0200 10.00 1.1425
-98.4375 23.7202 0.1804 0.4690 0.3505 0.00000 7.906 1500.0 12.0 0.0000 3.5308 507.42 0.0628
-95.6250 23.7202 0.2687 0.3387 0.3926 0.00000 7.278 1500.0 12.0 0.0000 5.0000 706.82 0.0628
-92.8125 23.7202 0.2864 0.3170 0.3966 0.00000 7.152 1500.0 12.0 0.0000 3.2177 452.35 0.0628
-90.0000 23.7202 0.2743 0.3331 0.3926 0.00000 7.344 1500.0 12.0 0.0000 2.4855 350.51 0.0628
-87.1875 23.7202 0.3279 0.2890 0.3831 0.00000 7.137 1500.0 12.0 0.0000 5.0000 685.71 0.0628
-84.3750 23.7202 0.5629 0.1721 0.2650 0.00000 6.845 1500.0 12.0 0.0000 5.0000 573.87 0.0628
-81.5625 23.7202 0.4821 0.2202 0.2978 0.00000 7.559 1500.0 12.0 0.0000 5.0000 609.61 0.0628
-78.7500 23.7202 0.4010 0.2621 0.3368 0.00000 7.870 1500.0 12.0 0.0000 5.0000 647.57 0.0628
-75.9375 23.7202 0.2907 0.3299 0.3794 0.00000 9.196 1500.0 12.0 0.0000 5.0000 695.56 0.0628
-73.1250 23.7202 0.4717 0.2268 0.3015 0.00000 7.478 1500.0 12.0 0.0000 5.0000 614.00 0.0628
-70.3125 23.7202 0.5560 0.1784 0.2656 0.00000 6.935 1500.0 12.0 0.0000 5.0000 576.15 0.0628
-67.5000 23.7202 0.5369 0.1864 0.2767 0.00000 6.877 1500.0 12.0 0.0000 5.0000 585.78 0.0628
-64.6875 23.7202 0.4310 0.2484 0.3206 0.00000 7.704 1500.0 12.0 0.0000 1.8981 240.26 0.0628
-61.8750 23.7202 0.4073 0.2602 0.3325 0.00000 7.786 1500.0 12.0 0.0000 5.0000 644.19 0.0628
-59.0625 23.7202 0.3312 0.3137 0.3551 0.00000 8.578 1500.0 12.0 0.0000 5.0000 674.90 0.0628
-56.2500 23.7202 0.4662 0.2228 0.3110 0.00000 7.141 1500.0 12.0 0.0000 5.0000 619.00 0.0628
-53.4375 23.7202 0.3942 0.2668 0.3390 0.00000 7.942 1500.0 12.0 0.0000 2.8814 374.78 0.0628
-50.6250 23.7202 0.3456 0.2966 0.3577 0.00000 8.484 1500.0 12.0 0.0000 2.0059 269.40 0.0628
-47.8125 23.7202 0.3147 0.3151 0.3702 0.00000 8.831 1500.0 12.0 0.0000 1.3327 182.61 0.0641
-45.0000 23.7202 0.3691 0.2827 0.3482 0.00000 8.338 1500.0 12.0 0.0000 1.6740 221.35 0.0628
-42.1875 23.7202 0.4236 0.2478 0.3286 0.00000 7.711 1500.0 12.0 0.0000 5.0000 637.93 0.0628
-39.3750 23.7202 0.3048 0.2913 0.4039 0.00000 6.942 1500.0 12.0 0.0000 5.0000 699.91 0.0628
-36.5625 23.7202 0.4339 0.2428 0.3233 0.00000 6.843 1500.0 12.0 0.0000 5.0000 633.00 0.0628
16.8750 20.9296 0.1825 0.4732 0.3443 0.00000 8.090 1500.0 12.0 0.0000 5.0000 715.76 0.0628
19.6875 20.9296 0.6218 0.1563 0.2218 0.00000 6.614 1500.0 12.0 0.0000 5.0000 541.08 0.0628
22.5000 20.9296 0.4456 0.2362 0.3182 0.00000 7.435 1500.0 12.0 0.0000 5.0000 627.68 0.0628
25.3125 20.9296 0.4399 0.2391 0.3210 0.00000 7.432 1500.0 12.0 0.0000 5.0000 630.38 0.0628
28.1250 20.9296 0.3943 0.2937 0.3119 0.00000 7.537 1500.0 12.0 0.0000 1.1871 152.16 0.2014
30.9375 20.9296 0.3259 0.3871 0.2869 0.00000 7.608 1500.0 12.0 0.0000 0.4380 57.17 0.4710
33.7500 20.9296 0.3798 0.3686 0.2515 0.00000 7.119 1500.0 12.0 0.0000 0.4138 51.65 0.5446
36.5625 20.9296 0.3201 0.4122 0.2677 0.00000 7.258 1500.0 12.0 0.0000 0.2089 27.05 0.5717
39.3750 20.9296 0.2894 0.4395 0.2711 0.00000 6.995 1500.0 12.0 0.0000 0.2729 35.92 0.6252
42.1875 20.9296 0.1824 0.5184 0.2992 0.00000 7.067 1500.0 12.0 0.0000 0.4238 59.33 0.6819
45.0000 20.9296 0.1987 0.4985 0.3028 0.00000 7.444 1500.0 12.0 0.0000 0.5133 71.49 0.6062
47.8125 20.9296 0.1953 0.4919 0.3128 0.00000 7.592 1500.0 12.0 0.0000 0.9506 133.25 0.5003
50.6250 20.9296 0.1917 0.5042 0.3040 0.00000 7.424 1500.0 12.0 0.0000 1.1477 160.42 0.4181
53.4375 20.9296 0.1462 0.5659 0.2878 0.00000 7.690 1500.0 12.0 0.0000 1.1643 164.60 0.3931
90.0000 20.9296 0.3662 0.2695 0.3643 0.00000 6.884 1500.0 12.0 0.0000 5.0000 667.66 0.0628
92.8125 20.9296 0.3969 0.2558 0.3472 0.00000 7.112 1500.0 12.0 0.0000 5.0000 652.45 0.0628
95.6250 20.9296 0.4787 0.2222 0.2991 0.00000 7.516 1500.0 12.0 0.0000 5.0000 611.08 0.0628
98.4375 20.9296 0.3565 0.2904 0.3532 0.00000 8.449 1500.0 12.0 0.0000 5.0000 666.67 0.0628
101.2500 20.9296 0.4546 0.2319 0.3135 0.00000 7.292 1500.0 12.0 0.0000 5.0000 623.34 0.0628
104.0625 20.9296 0.4577 0.2288 0.3135 0.00000 7.229 1500.0 12.0 0.0000 5.0000 622.44 0.0628
106.8750 20.9296 0.4656 0.2238 0.3106 0.00000 7.142 1500.0 12.0 0.0000 5.0000 619.05 0.0628
109.6875 20.9296 0.4726 0.2190 0.3083 0.00000 7.067 1500.0 12.0 0.0000 5.0000 616.12 0.0628
112.5000 20.9296 0.4676 0.2233 0.3091 0.00000 7.114 1500.0 12.0 0.0000 1.8805 232.40 0.0628
115.3125 20.9296 0.4560 0.2229 0.3212 0.00000 6.864 1500.0 12.0 0.0000 5.0000 625.61 0.0628
118.1250 20.9296 0.3591 0.2797 0.3612 0.00000 7.518 1500.0 12.0 0.0000 0.3431 45.89 0.0652
120.9375 20.9296 0.2954 0.2983 0.4063 0.00000 7.305 1500.0 12.0 0.0000 5.0000 703.57 0.0628
123.7500 20.9296 0.4258 0.2303 0.3439 0.00000 6.791 1500.0 12.0 0.0000 5.0000 642.62 0.0628
126.5625 20.9296 0.5377 0.2055 0.2568 0.00000 6.933 1500.0 12.0 0.0000 5.0000 578.57 0.0628
165.9375 20.9296 0.5945 0.1758 0.2297 0.00000 6.797 1500.0 12.0 0.0000 2.9930 330.44 0.0781
168.7500 20.9296 0.5532 0.1785 0.2682 0.00000 6.881 1500.0 12.0 0.0000 5.0000 577.90 0.0628
171.5625 20.9296 0.4921 0.2071 0.3008 0.00000 6.851 1500.0 12.0 0.0000 5.0000 607.66 0.0628
174.3750 20.9296 0.4468 0.2411 0.3121 0.00000 7.290 1500.0 12.0 0.0000 1.7026 212.89 0.0806
177.1875 20.9296 0.4354 0.2566 0.3080 0.00000 7.793 1500.0 12.0 0.0000 1.3026 163.40 0.0989
180.0000 20.9296 0.4090 0.2600 0.3309 0.00000 7.420 1500.0 12.0 0.0000 1.4331 184.33 0.0934
-177.1875 20.9296 0.3644 0.2619 0.3737 0.00000 6.896 1500.0 12.0 0.0000 5.0000 671.46 0.0628
-174.3750 20.9296 0.3920 0.2635 0.3446 0.00000 7.732 1500.0 12.0 0.0000 5.0000 653.02 0.0628
-171.5625 20.9296 0.3700 0.2782 0.3518 0.00000 7.865 1500.0 12.0 0.0000 5.0000 662.12 0.0628
-168.7500 20.9296 0.4405 0.2357 0.3238 0.00000 7.270 1500.0 12.0 0.0000 1.1211 141.52 0.0628
-165.9375 20.9296 0.4194 0.2470 0.3336 0.00000 7.451 1500.0 12.0 0.0000 1.5856 203.25 0.0628
-163.1250 20.9296 0.4114 0.2656 0.3229 0.00000 7.070 1500.0 12.0 0.0000 1.0797 138.12 0.1383
-90.0000 20.9296 0.2660 0.3759 0.3581 0.00000 7.296 1500.0 12.0 0.0000 3.9225 545.67 0.0628
-87.1875 20.9296 0.2790 0.3312 0.3898 0.00000 7.162 1500.0 12.0 0.0000 5.0000 702.74 0.0628
-84.3750 20.9296 0.3589 0.3017 0.3394 0.00000 7.083 1500.0 12.0 0.0000 5.0000 661.13 0.0628
-81.5625 20.9296 0.5272 0.1981 0.2747 0.00000 7.459 1500.0 12.0 0.0000 5.0000 587.99 0.0628
-78.7500 20.9296 0.4043 0.2619 0.3338 0.00000 7.962 1500.0 12.0 0.0000 5.0000 645.54 0.0628
-75.9375 20.9296 0.2569 0.3502 0.3929 0.00000 9.483 1500.0 12.0 0.0000 5.0000 710.47 0.0628
-73.1250 20.9296 0.3190 0.3143 0.3667 0.00000 8.771 1500.0 12.0 0.0000 5.0000 682.66 0.0628
-70.3125 20.9296 0.4239 0.2486 0.3276 0.00000 7.613 1500.0 12.0 0.0000 5.0000 637.50 0.0628
-67.5000 20.9296 0.3999 0.2659 0.3342 0.00000 7.858 1500.0 12.0 0.0000 5.0000 646.99 0.0628
-64.6875 20.9296 0.2897 0.3320 0.3782 0.00000 9.099 1500.0 12.0 0.0000 4.9856 693.46 0.0628
-61.8750 20.9296 0.2885 0.3329 0.3786 0.00000 9.112 1500.0 12.0 0.0000 4.4501 619.43 0.0628
-59.0625 20.9296 0.3276 0.3066 0.3658 0.00000 8.694 1500.0 12.0 0.0000 5.0000 679.74 0.0628
-56.2500 20.9296 0.3323 0.3054 0.3623 0.00000 8.628 1500.0 12.0 0.0000 5.0000 677.10 0.0628
-53.4375 20.9296 0.4251 0.2516 0.3233 0.00000 7.549 1500.0 12.0 0.0000 1.7761 225.79 0.0781
-50.6250 20.9296 0.3081 0.3233 0.3687 0.00000 8.864 1500.0 12.0 0.0000 1.5689 215.45 0.0745
-47.8125 20.9296 0.3953 0.2688 0.3359 0.00000 8.057 1500.0 12.0 0.0000 1.5276 198.27 0.0628
-45.0000 20.9296 0.5338 0.1932 0.2729 0.00000 7.231 1500.0 12.0 0.0000 1.9202 224.81 0.0628
-42.1875 20.9296 0.3142 0.3013 0.3845 0.00000 7.251 1500.0 12.0 0.0000 1.0616 146.57 0.0883
-39.3750 20.9296 0.3930 0.2580 0.3490 0.00000 6.935 1500.0 12.0 0.0000 5.0000 654.26 0.0628
14.0625 18.1390 0.1756 0.4666 0.3578 0.00000 7.770 1500.0 12.0 0.0000 5.0000 722.55 0.0628
16.8750 18.1390 0.4148 0.2992 0.2860 0.00000 7.590 1500.0 12.0 0.0000 5.0000 625.65 0.0628
19.6875 18.1390 0.6393 0.1354 0.2253 0.00000 6.701 1500.0 12.0 0.0000 5.0000 537.07 0.0628
22.5000 18.1390 0.4468 0.2348 0.3184 0.00000 7.387 1500.0 12.0 0.0000 5.0000 627.38 0.0628
25.3125 18.1390 0.4372 0.2410 0.3218 0.00000 7.459 1500.0 12.0 0.0000 5.0000 631.46 0.0628
28.1250 18.1390 0.2917 0.4348 0.2735 0.00000 7.465 1500.0 12.0 0.0000 0.7573 99.69 0.6465
30.9375 18.1390 0.2803 0.4790 0.2407 0.00000 7.746 1500.0 12.0 0.0000 0.3546 46.11 0.7346
33.7500 18.1390 0.3116 0.4566 0.2319 0.00000 7.085 1500.0 12.0 0.0000 0.4672 59.59 0.7237
36.5625 18.1390 0.1696 0.5076 0.3228 0.00000 6.822 1500.0 12.0 0.0000 0.3679 52.40 0.5887
39.3750 18.1390 0.1868 0.5042 0.3090 0.00000 6.811 1500.0 12.0 0.0000 0.2919 40.99 0.6216
42.1875 18.1390 0.2580 0.4519 0.2901 0.00000 6.698 1500.0 12.0 0.0000 0.5786 78.01 0.5880
45.0000 18.1390 0.3331 0.3770 0.2900 0.00000 6.747 1500.0 12.0 0.0000 0.7920 103.20 0.4379
92.8125 18.1390 0.2839 0.3083 0.4077 0.00000 7.017 1500.0 12.0 0.0000 2.8564 404.20 0.0628
95.6250 18.1390 0.4053 0.2537 0.3410 0.00000 7.431 1500.0 12.0 0.0000 5.0000 647.78 0.0628
98.4375 18.1390 0.5643 0.1770 0.2587 0.00000 7.173 1500.0 12.0 0.0000 5.0000 571.23 0.0628
101.2500 18.1390 0.5237 0.2002 0.2762 0.00000 7.547 1500.0 12.0 0.0000 5.0000 589.56 0.0628
104.0625 18.1390 0.4941 0.2148 0.2912 0.00000 7.609 1500.0 12.0 0.0000 5.0000 603.68 0.0628
106.8750 18.1390 0.3870 0.2715 0.3415 0.00000 8.066 1500.0 12.0 0.0000 5.0000 653.44 0.0628
109.6875 18.1390 0.4359 0.2429 0.3213 0.00000 7.466 1500.0 12.0 0.0000 5.0000 631.67 0.0628
112.5000 18.1390 0.4322 0.2406 0.3273 0.00000 7.293 1500.0 12.0 0.0000 5.0000 634.88 0.0628
115.3125 18.1390 0.3133 0.2819 0.4048 0.00000 6.820 1500.0 12.0 0.0000 5.0000 697.71 0.0628
118.1250 18.1390 0.3472 0.2687 0.3841 0.00000 7.032 1500.0 12.0 0.0000 5.0000 680.27 0.0628
120.9375 18.1390 0.3059 0.3301 0.3640 0.00000 6.979 1500.0 12.0 0.0000 0.0636 10.00 0.1769
123.7500 18.1390 0.5179 0.2530 0.2291 0.00000 6.818 1500.0 12.0 0.0000 0.2464 28.33 0.2120
165.9375 18.1390 0.4841 0.2409 0.2751 0.00000 7.488 1500.0 12.0 0.0000 5.0000 601.06 0.0628
168.7500 18.1390 0.4225 0.2576 0.3199 0.00000 8.122 1500.0 12.0 0.0000 5.0000 635.20 0.0628
171.5625 18.1390 0.3527 0.2917 0.3555 0.00000 8.409 1500.0 12.0 0.0000 2.8328 378.81 0.0628
174.3750 18.1390 0.2957 0.3428 0.3616 0.00000 9.006 1500.0 12.0 0.0000 1.5472 212.85 0.0978
177.1875 18.1390 0.4419 0.2487 0.3094 0.00000 7.002 1500.0 12.0 0.0000 1.5264 191.02 0.1313
180.0000 18.1390 0.2811 0.3508 0.3681 0.00000 7.320 1500.0 12.0 0.0000 1.1393 158.25 0.1783
-177.1875 18.1390 0.4117 0.2530 0.3353 0.00000 6.851 1500.0 12.0 0.0000 5.0000 643.83 0.0628
-174.3750 18.1390 0.4155 0.2427 0.3419 0.00000 6.904 1500.0 12.0 0.0000 5.0000 645.03 0.0628
-171.5625 18.1390 0.1832 0.5326 0.2841 0.00000 6.443 1500.0 12.0 0.0000 0.0945 13.12 0.7706
-168.7500 18.1390 0.2944 0.2912 0.4144 0.00000 6.921 1500.0 12.0 0.0000 5.0000 706.73 0.0628
-165.9375 18.1390 0.3087 0.2868 0.4045 0.00000 7.144 1500.0 12.0 0.0000 5.0000 698.97 0.0628
-163.1250 18.1390 0.2409 0.3838 0.3753 0.00000 6.901 1500.0 12.0 0.0000 0.7866 111.55 0.2870
-160.3125 18.1390 0.3190 0.3731 0.3079 0.00000 6.550 1500.0 12.0 0.0000 0.9416 124.68 0.3979
-157.5000 18.1390 0.1697 0.5729 0.2574 0.00000 6.737 1500.0 12.0 0.0000 0.6939 95.64 0.7668
-84.3750 18.1390 0.2586 0.3558 0.3857 0.00000 7.371 1500.0 12.0 0.0000 5.0000 707.42 0.0628
-81.5625 18.1390 0.3562 0.2875 0.3563 0.00000 7.182 1500.0 12.0 0.0000 5.0000 667.83 0.0628
-78.7500 18.1390 0.4545 0.2353 0.3102 0.00000 7.724 1500.0 12.0 0.0000 5.0000 622.24 0.0628
-75.9375 18.1390 0.3454 0.2983 0.3564 0.00000 8.586 1500.0 12.0 0.0000 5.0000 671.13 0.0628
-73.1250 18.1390 0.3395 0.3079 0.3527 0.00000 8.481 1500.0 12.0 0.0000 5.0000 671.60 0.0628
-70.3125 18.1390 0.3903 0.2686 0.3411 0.00000 7.991 1500.0 12.0 0.0000 5.0000 652.28 0.0628
-67.5000 18.1390 0.3980 0.2640 0.3380 0.00000 7.904 1500.0 12.0 0.0000 3.6297 471.05 0.0628
-64.6875 18.1390 0.4913 0.2076 0.3011 0.00000 6.860 1500.0 12.0 0.0000 5.0000 608.01 0.0628
-61.8750 18.1390 0.4029 0.2610 0.3361 0.00000 7.850 1500.0 12.0 0.0000 5.0000 646.78 0.0628
-59.0625 18.1390 0.2969 0.3252 0.3779 0.00000 9.039 1500.0 12.0 0.0000 5.0000 693.20 0.0628
-56.2500 18.1390 0.4116 0.2557 0.3326 0.00000 7.752 1500.0 12.0 0.0000 5.0000 642.93 0.0628
-53.4375 18.1390 0.4367 0.2414 0.3219 0.00000 7.464 1500.0 12.0 0.0000 2.9462 372.18 0.0628
-50.6250 18.1390 0.3709 0.2813 0.3478 0.00000 8.291 1500.0 12.0 0.0000 3.1389 414.62 0.0628
-47.8125 18.1390 0.5115 0.2012 0.2873 0.00000 7.197 1500.0 12.0 0.0000 5.0000 597.08 0.0628
-45.0000 18.1390 0.3196 0.3071 0.3732 0.00000 7.647 1500.0 12.0 0.0000 5.0000 684.75 0.0628
-42.1875 18.1390 0.3223 0.2850 0.3928 0.00000 6.879 1500.0 12.0 0.0000 5.0000 690.78 0.0628
14.0625 15.3484 0.2213 0.4209 0.3579 0.00000 7.827 1500.0 12.0 0.0000 5.0000 708.87 0.0628
16.8750 15.3484 0.2289 0.4184 0.3527 0.00000 8.533 1500.0 12.0 0.0000 5.0000 704.76 0.0628
19.6875 15.3484 0.5698 0.1707 0.2595 0.00000 6.908 1500.0 12.0 0.0000 5.0000 569.89 0.0628
22.5000 15.3484 0.4939 0.2060 0.3001 0.00000 6.830 1500.0 12.0 0.0000 5.0000 606.84 0.0628
25.3125 15.3484 0.2703 0.4735 0.2561 0.00000 7.224 1500.0 12.0 0.0000 1.2083 159.15 0.8409
28.1250 15.3484 0.2437 0.5061 0.2502 0.00000 7.255 1500.0 12.0 0.0000 0.8854 117.66 0.9493
30.9375 15.3484 0.1981 0.5581 0.2438 0.00000 8.294 1500.0 12.0 0.0000 0.4417 59.70 0.8193
33.7500 15.3484 0.2636 0.5055 0.2309 0.00000 7.519 1500.0 12.0 0.0000 0.5958 77.67 0.7295
36.5625 15.3484 0.2802 0.4641 0.2558 0.00000 7.004 1500.0 12.0 0.0000 0.5330 69.88 0.5292
92.8125 15.3484 0.2686 0.3459 0.3854 0.00000 6.915 1500.0 12.0 0.0000 1.2657 178.29 0.1227
95.6250 15.3484 0.2123 0.4193 0.3684 0.00000 7.620 1500.0 12.0 0.0000 1.2598 180.21 0.1198
98.4375 15.3484 0.2587 0.3600 0.3813 0.00000 7.519 1500.0 12.0 0.0000 1.4873 209.96 0.0700
101.2500 15.3484 0.2950 0.3713 0.3337 0.00000 7.941 1500.0 12.0 0.0000 5.0000 678.29 0.0628
104.0625 15.3484 0.3978 0.2611 0.3411 0.00000 7.686 1500.0 12.0 0.0000 5.0000 650.04 0.0628
106.8750 15.3484 0.2714 0.3323 0.3963 0.00000 8.896 1500.0 12.0 0.0000 5.0000 707.27 0.0628
109.6875 15.3484 0.2769 0.3372 0.3860 0.00000 9.253 1500.0 12.0 0.0000 5.0000 702.02 0.0628
112.5000 15.3484 0.3117 0.2859 0.4024 0.00000 6.981 1500.0 12.0 0.0000 5.0000 697.33 0.0628
115.3125 15.3484 0.4285 0.2293 0.3422 0.00000 6.819 1500.0 12.0 0.0000 2.9616 379.82 0.0628
118.1250 15.3484 0.5542 0.1979 0.2479 0.00000 7.062 1500.0 12.0 0.0000 5.0000 570.49 0.0628
120.9375 15.3484 0.3732 0.3664 0.2604 0.00000 6.431 1500.0 12.0 0.0000 0.0200 10.00 0.4783
163.1250 15.3484 0.1889 0.4635 0.3476 0.00000 7.817 1500.0 12.0 0.0000 5.0000 714.99 0.0628
165.9375 15.3484 0.4451 0.2599 0.2950 0.00000 7.447 1500.0 12.0 0.0000 2.0513 254.25 0.1170
168.7500 15.3484 0.4332 0.2522 0.3145 0.00000 8.150 1500.0 12.0 0.0000 2.0143 253.85 0.0678
171.5625 15.3484 0.3278 0.3115 0.3607 0.00000 8.755 1500.0 12.0 0.0000 4.5604 618.28 0.0628
174.3750 15.3484 0.3916 0.2700 0.3384 0.00000 8.134 1500.0 12.0 0.0000 2.0128 262.05 0.0628
177.1875 15.3484 0.4048 0.2812 0.3140 0.00000 6.752 1500.0 12.0 0.0000 1.6297 208.10 0.2075
180.0000 15.3484 0.2401 0.4037 0.3562 0.00000 7.252 1500.0 12.0 0.0000 1.4218 199.79 0.1939
-177.1875 15.3484 0.3521 0.3499 0.2980 0.00000 7.416 1500.0 12.0 0.0000 1.2592 163.36 0.1422
-163.1250 15.3484 0.5645 0.1736 0.2619 0.00000 6.738 1500.0 12.0 0.0000 5.0000 572.31 0.0628
-160.3125 15.3484 0.2678 0.4640 0.2682 0.00000 7.599 1500.0 12.0 0.0000 1.3817 183.35 0.3177
-135.0000 15.3484 0.3366 0.4738 0.1896 0.00000 6.215 1500.0 12.0 0.0000 1.1816 145.42 0.8974
-132.1875 15.3484 0.1800 0.5590 0.2609 0.00000 6.926 1500.0 12.0 0.0000 0.7380 101.45 0.6639
-84.3750 15.3484 0.1902 0.4560 0.3538 0.00000 7.737 1500.0 12.0 0.0000 2.4318 348.61 0.0628
-81.5625 15.3484 0.2637 0.3501 0.3861 0.00000 7.385 1500.0 12.0 0.0000 2.6216 370.19 0.0628
-78.7500 15.3484 0.2900 0.3048 0.4052 0.00000 7.194 1500.0 12.0 0.0000 3.0426 428.89 0.0628
-75.9375 15.3484 0.3067 0.2920 0.4013 0.00000 7.234 1500.0 12.0 0.0000 1.4794 206.66 0.0628
-73.1250 15.3484 0.3293 0.2986 0.3721 0.00000 6.959 1500.0 12.0 0.0000 0.5642 76.90 0.1298
-70.3125 15.3484 0.3594 0.2862 0.3543 0.00000 7.417 1500.0 12.0 0.0000 0.5064 67.47 0.1102
-67.5000 15.3484 0.4465 0.2386 0.3150 0.00000 7.295 1500.0 12.0 0.0000 0.8346 104.54 0.0793
-64.6875 15.3484 0.4367 0.2419 0.3214 0.00000 7.461 1500.0 12.0 0.0000 5.0000 631.51 0.0628
-61.8750 15.3484 0.4244 0.2492 0.3264 0.00000 7.599 1500.0 12.0 0.0000 2.2319 284.30 0.0628
-59.0625 15.3484 0.3726 0.2795 0.3479 0.00000 8.183 1500.0 12.0 0.0000 5.0000 659.99 0.0628
-56.2500 15.3484 0.4089 0.2586 0.3325 0.00000 7.773 1500.0 12.0 0.0000 5.0000 643.71 0.0628
-53.4375 15.3484 0.4076 0.2625 0.3299 0.00000 7.753 1500.0 12.0 0.0000 1.4214 182.85 0.0752
-50.6250 15.3484 0.5481 0.1813 0.2706 0.00000 6.973 1500.0 12.0 0.0000 5.0000 580.28 0.0628
-47.8125 15.3484 0.2971 0.3002 0.4026 0.00000 7.265 1500.0 12.0 0.0000 5.0000 701.78 0.0628
16.8750 12.5578 0.2456 0.4047 0.3497 0.00000 8.452 1500.0 12.0 0.0000 5.0000 698.72 0.0628
19.6875 12.5578 0.5881 0.1620 0.2499 0.00000 6.911 1500.0 12.0 0.0000 5.0000 561.01 0.0628
22.5000 12.5578 0.3576 0.3742 0.2683 0.00000 7.104 1500.0 12.0 0.0000 1.4906 189.79 0.5227
25.3125 12.5578 0.3287 0.4154 0.2558 0.00000 6.847 1500.0 12.0 0.0000 1.3970 179.07 0.7269
28.1250 12.5578 0.2634 0.4688 0.2678 0.00000 7.621 1500.0 12.0 0.0000 1.5475 205.74 0.7246
30.9375 12.5578 0.3932 0.3848 0.2220 0.00000 7.232 1500.0 12.0 0.0000 1.4131 172.33 0.6271
33.7500 12.5578 0.2495 0.5026 0.2479 0.00000 7.363 1500.0 12.0 0.0000 0.7599 100.59 0.6681
95.6250 12.5578 0.0676 0.6791 0.2532 0.00000 7.711 1500.0 12.0 0.0000 0.3718 53.42 0.5986
98.4375 12.5578 0.1401 0.5452 0.3147 0.00000 7.368 1500.0 12.0 0.0000 0.7218 103.67 0.4041
101.2500 12.5578 0.1690 0.4792 0.3517 0.00000 8.057 1500.0 12.0 0.0000 1.2417 179.40 0.1227
104.0625 12.5578 0.2906 0.3228 0.3866 0.00000 7.435 1500.0 12.0 0.0000 5.0000 698.15 0.0628
106.8750 12.5578 0.2787 0.3327 0.3887 0.00000 9.064 1500.0 12.0 0.0000 5.0000 702.44 0.0628
109.6875 12.5578 0.3131 0.3092 0.3776 0.00000 8.451 1500.0 12.0 0.0000 5.0000 688.23 0.0628
112.5000 12.5578 0.3115 0.2838 0.4046 0.00000 6.848 1500.0 12.0 0.0000 5.0000 698.16 0.0628
115.3125 12.5578 0.6313 0.1417 0.2271 0.00000 6.855 1500.0 12.0 0.0000 5.0000 540.10 0.0628
165.9375 12.5578 0.2974 0.3015 0.4011 0.00000 7.002 1500.0 12.0 0.0000 5.0000 701.16 0.0628
168.7500 12.5578 0.3379 0.3100 0.3520 0.00000 7.079 1500.0 12.0 0.0000 1.5043 202.13 0.1569
171.5625 12.5578 0.3389 0.2874 0.3737 0.00000 7.625 1500.0 12.0 0.0000 1.5610 212.03 0.0641
174.3750 12.5578 0.4093 0.2682 0.3225 0.00000 7.926 1500.0 12.0 0.0000 1.1507 147.31 0.0818
177.1875 12.5578 0.3345 0.3278 0.3377 0.00000 8.369 1500.0 12.0 0.0000 0.7794 104.11 0.1478
180.0000 12.5578 0.2438 0.3728 0.3835 0.00000 7.892 1500.0 12.0 0.0000 1.1541 164.13 0.1917
-177.1875 12.5578 0.4705 0.2400 0.2895 0.00000 6.859 1500.0 12.0 0.0000 1.5485 188.98 0.1220
-154.6875 12.5578 0.4629 0.3182 0.2189 0.00000 6.774 1500.0 12.0 0.0000 0.8686 102.11 0.3700
-143.4375 12.5578 0.5680 0.1860 0.2460 0.00000 6.860 1500.0 12.0 0.0000 5.0000 565.72 0.0628
-140.6250 12.5578 0.2820 0.3504 0.3676 0.00000 7.400 1500.0 12.0 0.0000 5.0000 694.09 0.0628
-137.8125 12.5578 0.3424 0.2923 0.3653 0.00000 6.973 1500.0 12.0 0.0000 5.0000 675.13 0.0628
-135.0000 12.5578 0.1549 0.5411 0.3040 0.00000 6.858 1500.0 12.0 0.0000 0.6090 86.47 0.7007
-132.1875 12.5578 0.1378 0.5712 0.2909 0.00000 6.714 1500.0 12.0 0.0000 0.4096 58.20 0.7945
-81.5625 12.5578 0.4228 0.2650 0.3122 0.00000 6.930 1500.0 12.0 0.0000 3.1122 393.65 0.0628
-78.7500 12.5578 0.5242 0.1994 0.2764 0.00000 6.675 1500.0 12.0 0.0000 1.5104 178.07 0.0989
-75.9375 12.5578 0.4672 0.2489 0.2840 0.00000 6.834 1500.0 12.0 0.0000 0.9169 111.72 0.1898
-73.1250 12.5578 0.4910 0.2070 0.3021 0.00000 6.818 1500.0 12.0 0.0000 1.1015 134.04 0.0796
-70.3125 12.5578 0.3129 0.2890 0.3981 0.00000 7.241 1500.0 12.0 0.0000 5.0000 695.49 0.0628
-67.5000 12.5578 0.3729 0.3056 0.3215 0.00000 7.113 1500.0 12.0 0.0000 0.0200 10.00 0.2273
-64.6875 12.5578 0.3797 0.2810 0.3393 0.00000 8.061 1500.0 12.0 0.0000 5.0000 654.82 0.0628
-61.8750 12.5578 0.3692 0.2816 0.3491 0.00000 8.225 1500.0 12.0 0.0000 5.0000 661.42 0.0628
-59.0625 12.5578 0.3998 0.2665 0.3337 0.00000 7.828 1500.0 12.0 0.0000 1.5548 201.13 0.0804
-56.2500 12.5578 0.4313 0.2455 0.3232 0.00000 7.509 1500.0 12.0 0.0000 1.4365 182.06 0.0691
-53.4375 12.5578 0.3900 0.2806 0.3294 0.00000 7.888 1500.0 12.0 0.0000 0.9303 120.62 0.1060
-50.6250 12.5578 0.3149 0.2843 0.4008 0.00000 6.953 1500.0 12.0 0.0000 5.0000 695.83 0.0628
-47.8125 12.5578 0.4329 0.2293 0.3379 0.00000 6.891 1500.0 12.0 0.0000 5.0000 638.40 0.0628
16.8750 9.7671 0.1795 0.5077 0.3128 0.00000 7.645 1500.0 12.0 0.0000 1.8103 255.48 0.3106
19.6875 9.7671 0.3109 0.3709 0.3182 0.00000 8.272 1500.0 12.0 0.0000 1.9324 258.20 0.1522
22.5000 9.7671 0.5043 0.2161 0.2796 0.00000 7.679 1500.0 12.0 0.0000 5.0000 596.59 0.0628
25.3125 9.7671 0.4844 0.2388 0.2768 0.00000 7.277 1500.0 12.0 0.0000 2.5379 305.35 0.1154
28.1250 9.7671 0.5241 0.1959 0.2801 0.00000 7.072 1500.0 12.0 0.0000 5.0000 590.80 0.0628
30.9375 9.7671 0.5330 0.2344 0.2326 0.00000 7.052 1500.0 12.0 0.0000 2.1768 248.82 0.2113
33.7500 9.7671 0.1418 0.5659 0.2922 0.00000 7.731 1500.0 12.0 0.0000 1.4744 209.28 0.4522
98.4375 9.7671 0.0430 0.7318 0.2252 0.00000 7.580 1500.0 12.0 0.0000 0.2941 42.11 0.7466
101.2500 9.7671 0.0834 0.6716 0.2449 0.00000 7.910 1500.0 12.0 0.0000 0.6766 96.18 0.7995
104.0625 9.7671 0.1956 0.5100 0.2944 0.00000 8.569 1500.0 12.0 0.0000 1.0636 147.70 0.5121
106.8750 9.7671 0.2992 0.3247 0.3761 0.00000 9.094 1500.0 12.0 0.0000 1.6853 233.20 0.0628
109.6875 9.7671 0.3451 0.2811 0.3739 0.00000 7.653 1500.0 12.0 0.0000 5.0000 677.34 0.0628
112.5000 9.7671 0.3207 0.2987 0.3805 0.00000 6.829 1500.0 12.0 0.0000 1.1458 157.42 0.1270
165.9375 9.7671 0.2882 0.4419 0.2699 0.00000 6.868 1500.0 12.0 0.0000 0.9753 128.34 0.5429
168.7500 9.7671 0.1297 0.6079 0.2624 0.00000 7.008 1500.0 12.0 0.0000 0.6734 94.67 0.7765
171.5625 9.7671 0.1588 0.5211 0.3201 0.00000 6.952 1500.0 12.0 0.0000 0.2541 36.31 0.6226
174.3750 9.7671 0.3130 0.4198 0.2672 0.00000 7.127 1500.0 12.0 0.0000 0.0200 10.00 0.6023
177.1875 9.7671 0.2789 0.4237 0.2974 0.00000 7.288 1500.0 12.0 0.0000 0.0200 10.00 0.5209
180.0000 9.7671 0.2140 0.4352 0.3509 0.00000 6.904 1500.0 12.0 0.0000 0.4921 69.74 0.4149
-177.1875 9.7671 0.4119 0.3178 0.2703 0.00000 7.092 1500.0 12.0 0.0000 1.4539 180.60 0.1663
-157.5000 9.7671 0.4009 0.4068 0.1923 0.00000 6.400 1500.0 12.0 0.0000 0.7082 84.56 0.7316
-154.6875 9.7671 0.2801 0.3902 0.3297 0.00000 6.567 1500.0 12.0 0.0000 0.6472 88.20 0.3900
-151.8750 9.7671 0.2464 0.4119 0.3417 0.00000 6.507 1500.0 12.0 0.0000 0.4507 62.70 0.4066
-149.0625 9.7671 0.3992 0.2629 0.3379 0.00000 6.956 1500.0 12.0 0.0000 5.0000 648.49 0.0628
-146.2500 9.7671 0.5275 0.1869 0.2857 0.00000 6.635 1500.0 12.0 0.0000 5.0000 591.74 0.0628
-143.4375 9.7671 0.3974 0.2424 0.3603 0.00000 6.861 1500.0 12.0 0.0000 5.0000 656.89 0.0628
-140.6250 9.7671 0.2871 0.3001 0.4128 0.00000 7.221 1500.0 12.0 0.0000 5.0000 708.33 0.0628
-137.8125 9.7671 0.2904 0.3681 0.3415 0.00000 7.442 1500.0 12.0 0.0000 0.7409 101.12 0.2713
-135.0000 9.7671 0.2824 0.4156 0.3020 0.00000 7.790 1500.0 12.0 0.0000 0.4533 60.83 0.4329
-132.1875 9.7671 0.2893 0.4405 0.2702 0.00000 7.189 1500.0 12.0 0.0000 0.3789 49.85 0.6655
-129.3750 9.7671 0.1477 0.6033 0.2491 0.00000 7.477 1500.0 12.0 0.0000 0.4406 61.06 0.8748
-126.5625 9.7671 0.1215 0.6114 0.2671 0.00000 7.524 1500.0 12.0 0.0000 0.9233 130.56 0.6386
-123.7500 9.7671 0.1910 0.4522 0.3568 0.00000 7.701 1500.0 12.0 0.0000 5.0000 717.59 0.0628
-73.1250 9.7671 0.1112 0.7282 0.1606 0.00000 5.508 1500.0 12.0 0.0000 0.0200 10.00 1.6222
-70.3125 9.7671 0.1504 0.5945 0.2551 0.00000 5.874 1500.0 12.0 0.0000 0.0200 10.00 1.0070
-67.5000 9.7671 0.3135 0.2903 0.3962 0.00000 7.275 1500.0 12.0 0.0000 5.0000 694.61 0.0628
-64.6875 9.7671 0.4527 0.2343 0.3130 0.00000 7.127 1500.0 12.0 0.0000 0.5250 65.50 0.0868
-61.8750 9.7671 0.3220 0.3100 0.3680 0.00000 8.757 1500.0 12.0 0.0000 5.0000 682.20 0.0628
-59.0625 9.7671 0.3747 0.2796 0.3457 0.00000 8.146 1500.0 12.0 0.0000 1.5270 201.14 0.0696
-56.2500 9.7671 0.3319 0.3040 0.3641 0.00000 8.645 1500.0 12.0 0.0000 5.0000 677.86 0.0628
-53.4375 9.7671 0.3933 0.2646 0.3421 0.00000 7.881 1500.0 12.0 0.0000 5.0000 651.77 0.0628
-50.6250 9.7671 0.2921 0.2927 0.4152 0.00000 6.902 1500.0 12.0 0.0000 5.0000 707.67 0.0628
-47.8125 9.7671 0.5073 0.1949 0.2977 0.00000 6.669 1500.0 12.0 0.0000 5.0000 602.01 0.0628
-22.5000 9.7671 0.0089 0.7876 0.2035 0.00000 5.510 1500.0 12.0 0.0000 0.0200 10.00 1.6764
19.6875 6.9765 0.1989 0.4341 0.3669 0.00000 7.630 1500.0 12.0 0.0000 5.0000 718.74 0.0628
22.5000 6.9765 0.2586 0.4108 0.3305 0.00000 7.691 1500.0 12.0 0.0000 5.0000 688.10 0.0628
28.1250 6.9765 0.4836 0.2320 0.2844 0.00000 7.502 1500.0 12.0 0.0000 5.0000 604.48 0.0628
30.9375 6.9765 0.4820 0.2571 0.2609 0.00000 7.126 1500.0 12.0 0.0000 5.0000 596.72 0.0628
98.4375 6.9765 0.1283 0.5940 0.2777 0.00000 7.873 1500.0 12.0 0.0000 0.6821 96.68 0.4766
101.2500 6.9765 0.3762 0.3913 0.2325 0.00000 7.274 1500.0 12.0 0.0000 1.2161 150.43 0.5867
104.0625 6.9765 0.2774 0.4427 0.2799 0.00000 8.178 1500.0 12.0 0.0000 0.8941 118.87 0.5403
106.8750 6.9765 0.3093 0.4186 0.2722 0.00000 7.606 1500.0 12.0 0.0000 0.8498 110.90 0.5620
109.6875 6.9765 0.1821 0.4908 0.3271 0.00000 7.253 1500.0 12.0 0.0000 0.9479 134.57 0.5389
112.5000 6.9765 0.4020 0.3257 0.2723 0.00000 6.712 1500.0 12.0 0.0000 1.1596 144.88 0.3677
168.7500 6.9765 0.1382 0.6978 0.1640 0.00000 5.135 1500.0 12.0 0.0000 0.0200 10.00 1.7308
171.5625 6.9765 0.0111 0.7763 0.2127 0.00000 4.884 1500.0 12.0 0.0000 0.0200 10.00 1.7308
174.3750 6.9765 0.0482 0.7209 0.2309 0.00000 5.330 1500.0 12.0 0.0000 0.0200 10.00 1.4860
177.1875 6.9765 0.2124 0.4784 0.3092 0.00000 6.542 1500.0 12.0 0.0000 0.0200 10.00 0.6219
180.0000 6.9765 0.2304 0.4190 0.3505 0.00000 6.946 1500.0 12.0 0.0000 0.1800 25.33 0.3633
-177.1875 6.9765 0.3371 0.3970 0.2660 0.00000 7.314 1500.0 12.0 0.0000 0.5952 76.42 0.2492
-154.6875 6.9765 0.2291 0.5420 0.2289 0.00000 6.041 1500.0 12.0 0.0000 0.3487 46.13 0.9732
-151.8750 6.9765 0.0816 0.6513 0.2671 0.00000 5.915 1500.0 12.0 0.0000 0.0200 10.00 1.0800
-149.0625 6.9765 0.2888 0.3129 0.3983 0.00000 7.131 1500.0 12.0 0.0000 5.0000 702.78 0.0628
-146.2500 6.9765 0.3034 0.2958 0.4008 0.00000 7.202 1500.0 12.0 0.0000 5.0000 699.25 0.0628
-143.4375 6.9765 0.2990 0.2968 0.4042 0.00000 7.188 1500.0 12.0 0.0000 5.0000 701.78 0.0628
-140.6250 6.9765 0.3333 0.2812 0.3855 0.00000 7.348 1500.0 12.0 0.0000 5.0000 684.92 0.0628
-137.8125 6.9765 0.3631 0.2893 0.3476 0.00000 8.328 1500.0 12.0 0.0000 5.0000 662.76 0.0628
-135.0000 6.9765 0.4171 0.2578 0.3251 0.00000 7.653 1500.0 12.0 0.0000 1.4683 187.55 0.0646
-132.1875 6.9765 0.4266 0.2508 0.3226 0.00000 7.551 1500.0 12.0 0.0000 5.0000 634.92 0.0628
-129.3750 6.9765 0.3393 0.3696 0.2911 0.00000 7.515 1500.0 12.0 0.0000 1.0553 137.22 0.3984
-126.5625 6.9765 0.1281 0.6436 0.2283 0.00000 6.760 1500.0 12.0 0.0000 1.0457 144.62 1.1715
-70.3125 6.9765 0.0986 0.7145 0.1869 0.00000 5.220 1500.0 12.0 0.0000 0.0200 10.00 1.5651
-67.5000 6.9765 0.3335 0.2842 0.3823 0.00000 6.921 1500.0 12.0 0.0000 5.0000 683.77 0.0628
-64.6875 6.9765 0.4068 0.2623 0.3308 0.00000 8.083 1500.0 12.0 0.0000 5.0000 643.74 0.0628
-61.8750 6.9765 0.2890 0.3300 0.3810 0.00000 9.127 1500.0 12.0 0.0000 5.0000 696.65 0.0628
-59.0625 6.9765 0.2518 0.3525 0.3956 0.00000 9.500 1500.0 12.0 0.0000 5.0000 712.92 0.0628
-56.2500 6.9765 0.2525 0.3521 0.3954 0.00000 9.500 1500.0 12.0 0.0000 5.0000 712.66 0.0628
-53.4375 6.9765 0.2733 0.3311 0.3956 0.00000 8.847 1500.0 12.0 0.0000 5.0000 706.45 0.0628
-50.6250 6.9765 0.1807 0.5365 0.2829 0.00000 7.022 1500.0 12.0 0.0000 0.1157 16.07 0.7587
-22.5000 6.9765 0.0000 0.8024 0.1976 0.00000 5.329 1500.0 12.0 0.0000 0.0200 10.00 1.7062
-19.6875 6.9765 0.0291 0.7619 0.2090 0.00000 5.015 1500.0 12.0 0.0000 0.0200 10.00 1.6604
-16.8750 6.9765 0.0720 0.7287 0.1993 0.00000 5.284 1500.0 12.0 0.0000 0.0200 10.00 1.5501
-5.6250 6.9765 0.4923 0.2078 0.2999 0.00000 6.718 1500.0 12.0 0.0000 5.0000 607.27 0.0628
19.6875 4.1859 0.3331 0.3599 0.3070 0.00000 7.497 1500.0 12.0 0.0000 5.0000 657.52 0.0628
22.5000 4.1859 0.1468 0.5143 0.3389 0.00000 8.053 1500.0 12.0 0.0000 1.4307 207.33 0.0942
25.3125 4.1859 0.4198 0.3218 0.2583 0.00000 7.168 1500.0 12.0 0.0000 0.9911 121.80 0.2288
28.1250 4.1859 0.5759 0.2032 0.2209 0.00000 6.772 1500.0 12.0 0.0000 1.1929 132.30 0.2230
30.9375 4.1859 0.0981 0.6971 0.2048 0.00000 5.837 1500.0 12.0 0.0000 0.9173 127.00 1.5307
33.7500 4.1859 0.0000 0.8610 0.1390 0.00000 6.157 1500.0 12.0 0.0000 0.6329 88.43 1.7308
98.4375 4.1859 0.1676 0.4781 0.3543 0.00000 7.962 1500.0 12.0 0.0000 5.0000 723.72 0.0628
101.2500 4.1859 0.3603 0.3699 0.2698 0.00000 7.408 1500.0 12.0 0.0000 1.9125 243.39 0.2186
104.0625 4.1859 0.5518 0.1839 0.2642 0.00000 7.201 1500.0 12.0 0.0000 5.0000 576.94 0.0628
106.8750 4.1859 0.4797 0.2652 0.2550 0.00000 6.907 1500.0 12.0 0.0000 1.1016 131.16 0.2947
109.6875 4.1859 0.2385 0.3992 0.3623 0.00000 7.596 1500.0 12.0 0.0000 0.9277 130.85 0.2521
112.5000 4.1859 0.2602 0.5088 0.2310 0.00000 6.705 1500.0 12.0 0.0000 0.9872 128.89 0.7698
157.5000 4.1859 0.0570 0.7135 0.2295 0.00000 6.322 1500.0 12.0 0.0000 0.1999 28.52 1.2185
160.3125 4.1859 0.0213 0.7757 0.2030 0.00000 6.982 1500.0 12.0 0.0000 0.1663 23.78 1.1470
171.5625 4.1859 0.0421 0.7719 0.1860 0.00000 4.781 1500.0 12.0 0.0000 0.0200 10.00 1.7308
174.3750 4.1859 0.0208 0.7652 0.2140 0.00000 4.684 1500.0 12.0 0.0000 0.0200 10.00 1.7025
177.1875 4.1859 0.0464 0.7119 0.2417 0.00000 5.300 1500.0 12.0 0.0000 0.0200 10.00 1.3311
180.0000 4.1859 0.1505 0.5879 0.2616 0.00000 6.034 1500.0 12.0 0.0000 0.0200 10.00 0.9438
-177.1875 4.1859 0.1642 0.5149 0.3209 0.00000 7.508 1500.0 12.0 0.0000 5.0000 713.03 0.0628
-174.3750 4.1859 0.0493 0.6527 0.2979 0.00000 6.800 1500.0 12.0 0.0000 5.0000 739.49 0.0628
-154.6875 4.1859 0.1401 0.6558 0.2042 0.00000 5.567 1500.0 12.0 0.0000 0.0200 10.00 1.3782
-151.8750 4.1859 0.0304 0.7753 0.1943 0.00000 6.084 1500.0 12.0 0.0000 0.0200 10.00 1.3183
-149.0625 4.1859 0.3993 0.3143 0.2864 0.00000 7.141 1500.0 12.0 0.0000 0.5899 74.39 0.2438
-146.2500 4.1859 0.4742 0.2227 0.3031 0.00000 7.523 1500.0 12.0 0.0000 5.0000 613.84 0.0628
-143.4375 4.1859 0.4218 0.2514 0.3268 0.00000 8.045 1500.0 12.0 0.0000 5.0000 637.83 0.0628
-140.6250 4.1859 0.3550 0.2714 0.3735 0.00000 7.485 1500.0 12.0 0.0000 5.0000 674.23 0.0628
-137.8125 4.1859 0.2948 0.3375 0.3677 0.00000 8.917 1500.0 12.0 0.0000 5.0000 690.23 0.0628
-135.0000 4.1859 0.3981 0.2661 0.3358 0.00000 7.912 1500.0 12.0 0.0000 5.0000 648.11 0.0628
-132.1875 4.1859 0.3936 0.2687 0.3377 0.00000 7.937 1500.0 12.0 0.0000 5.0000 650.10 0.0628
-129.3750 4.1859 0.3561 0.2896 0.3543 0.00000 7.943 1500.0 12.0 0.0000 5.0000 667.18 0.0628
-126.5625 4.1859 0.1164 0.6368 0.2468 0.00000 6.477 1500.0 12.0 0.0000 0.6296 88.32 1.1963
-123.7500 4.1859 0.0000 0.8301 0.1699 0.00000 6.862 1500.0 12.0 0.0000 1.0121 143.61 1.3938
-70.3125 4.1859 0.0916 0.7092 0.1992 0.00000 4.980 1500.0 12.0 0.0000 0.0200 10.00 1.6458
-67.5000 4.1859 0.3133 0.2950 0.3917 0.00000 7.343 1500.0 12.0 0.0000 5.0000 693.08 0.0628
-64.6875 4.1859 0.4185 0.2517 0.3298 0.00000 7.693 1500.0 12.0 0.0000 5.0000 639.87 0.0628
-61.8750 4.1859 0.2612 0.3668 0.3719 0.00000 9.226 1500.0 12.0 0.0000 0.5084 71.36 0.1394
-59.0625 4.1859 0.2166 0.4154 0.3680 0.00000 9.500 1500.0 12.0 0.0000 0.7339 104.78 0.2153
-56.2500 4.1859 0.3033 0.3224 0.3743 0.00000 8.964 1500.0 12.0 0.0000 1.1280 155.67 0.0681
-53.4375 4.1859 0.2983 0.2971 0.4046 0.00000 7.362 1500.0 12.0 0.0000 5.0000 702.13 0.0628
-50.6250 4.1859 0.2190 0.5147 0.2662 0.00000 6.263 1500.0 12.0 0.0000 0.2484 33.66 0.7934
-28.1250 4.1859 0.0549 0.7243 0.2208 0.00000 5.965 1500.0 12.0 0.0000 0.3150 44.78 1.4272
-25.3125 4.1859 0.0661 0.7100 0.2240 0.00000 5.539 1500.0 12.0 0.0000 0.0200 10.00 1.4974
-22.5000 4.1859 0.1879 0.6271 0.1849 0.00000 5.155 1500.0 12.0 0.0000 0.0200 10.00 1.5978
-19.6875 4.1859 0.1335 0.6534 0.2132 0.00000 4.873 1500.0 12.0 0.0000 0.0200 10.00 1.5394
-16.8750 4.1859 0.0324 0.7359 0.2317 0.00000 4.997 1500.0 12.0 0.0000 0.0200 10.00 1.4481
-14.0625 4.1859 0.0477 0.7417 0.2106 0.00000 5.119 1500.0 12.0 0.0000 0.0200 10.00 1.5233
-11.2500 4.1859 0.0000 0.8593 0.1407 0.00000 6.257 1500.0 12.0 0.0000 0.0200 10.00 1.5636
-8.4375 4.1859 0.0406 0.7557 0.2038 0.00000 5.663 1500.0 12.0 0.0000 0.0200 10.00 1.4442
-5.6250 4.1859 0.1314 0.6478 0.2209 0.00000 5.739 1500.0 12.0 0.0000 0.0200 10.00 1.2199
22.5000 1.3953 0.0778 0.6614 0.2607 0.00000 7.839 1500.0 12.0 0.0000 0.5831 83.72 0.5608
25.3125 1.3953 0.2764 0.3533 0.3703 0.00000 6.914 1500.0 12.0 0.0000 0.9879 137.64 0.1340
28.1250 1.3953 0.1615 0.6288 0.2097 0.00000 6.033 1500.0 12.0 0.0000 0.4061 54.82 1.2561
30.9375 1.3953 0.0000 0.8357 0.1643 0.00000 5.956 1500.0 12.0 0.0000 0.2168 30.68 1.7308
59.0625 1.3953 0.0421 0.7613 0.1966 0.00000 5.393 1500.0 12.0 0.0000 0.0200 10.00 1.7308
61.8750 1.3953 0.0000 0.8290 0.1710 0.00000 5.722 1500.0 12.0 0.0000 0.0200 10.00 1.7308
64.6875 1.3953 0.0378 0.7788 0.1834 0.00000 5.408 1500.0 12.0 0.0000 0.0200 10.00 1.7308
98.4375 1.3953 0.1817 0.4609 0.3574 0.00000 7.924 1500.0 12.0 0.0000 5.0000 720.59 0.0628
101.2500 1.3953 0.4555 0.2711 0.2734 0.00000 7.320 1500.0 12.0 0.0000 5.0000 609.05 0.0628
104.0625 1.3953 0.3953 0.2798 0.3249 0.00000 8.345 1500.0 12.0 0.0000 5.0000 645.13 0.0628
106.8750 1.3953 0.4111 0.2616 0.3273 0.00000 7.913 1500.0 12.0 0.0000 5.0000 641.24 0.0628
109.6875 1.3953 0.4096 0.2887 0.3016 0.00000 7.386 1500.0 12.0 0.0000 1.0834 137.09 0.1945
112.5000 1.3953 0.3420 0.3166 0.3414 0.00000 7.427 1500.0 12.0 0.0000 5.0000 666.90 0.0628
149.0625 1.3953 0.0000 0.8194 0.1806 0.00000 7.322 1500.0 12.0 0.0000 0.4910 70.03 1.2214
151.8750 1.3953 0.0000 0.8278 0.1722 0.00000 7.185 1500.0 12.0 0.0000 0.1795 25.50 1.2494
154.6875 1.3953 0.0368 0.7594 0.2038 0.00000 6.945 1500.0 12.0 0.0000 0.0374 10.00 1.2623
157.5000 1.3953 0.0836 0.6731 0.2433 0.00000 6.634 1500.0 12.0 0.0000 0.1788 25.40 1.0033
160.3125 1.3953 0.0942 0.6515 0.2543 0.00000 6.836 1500.0 12.0 0.0000 0.1432 20.35 0.8620
174.3750 1.3953 0.0350 0.7962 0.1688 0.00000 5.916 1500.0 12.0 0.0000 0.0200 10.00 1.5778
177.1875 1.3953 0.1435 0.6069 0.2496 0.00000 5.847 1500.0 12.0 0.0000 0.0200 10.00 1.0359
180.0000 1.3953 0.3426 0.3304 0.3270 0.00000 6.693 1500.0 12.0 0.0000 0.1656 21.91 0.2504
-157.5000 1.3953 0.1151 0.7058 0.1791 0.00000 5.040 1500.0 12.0 0.0000 0.0200 10.00 1.7308
-154.6875 1.3953 0.0444 0.7526 0.2030 0.00000 5.176 1500.0 12.0 0.0000 0.0200 10.00 1.6238
-151.8750 1.3953 0.0000 0.8440 0.1560 0.00000 6.120 1500.0 12.0 0.0000 0.0200 10.00 1.4548
-149.0625 1.3953 0.1734 0.6050 0.2216 0.00000 7.252 1500.0 12.0 0.0000 0.1686 22.78 0.7135
-146.2500 1.3953 0.4439 0.2382 0.3178 0.00000 7.651 1500.0 12.0 0.0000 5.0000 628.06 0.0628
-143.4375 1.3953 0.4340 0.2417 0.3243 0.00000 7.615 1500.0 12.0 0.0000 5.0000 633.31 0.0628
-140.6250 1.3953 0.3509 0.2720 0.3771 0.00000 7.164 1500.0 12.0 0.0000 5.0000 676.70 0.0628
-137.8125 1.3953 0.3509 0.2767 0.3724 0.00000 7.468 1500.0 12.0 0.0000 5.0000 675.07 0.0628
-135.0000 1.3953 0.4776 0.2185 0.3040 0.00000 7.315 1500.0 12.0 0.0000 1.3668 167.60 0.0628
-132.1875 1.3953 0.4288 0.2510 0.3201 0.00000 7.513 1500.0 12.0 0.0000 5.0000 633.40 0.0628
-129.3750 1.3953 0.3925 0.2582 0.3494 0.00000 7.266 1500.0 12.0 0.0000 5.0000 654.54 0.0628
-126.5625 1.3953 0.1767 0.5560 0.2673 0.00000 6.465 1500.0 12.0 0.0000 0.4107 56.72 1.0357
-70.3125 1.3953 0.1865 0.6450 0.1685 0.00000 5.136 1500.0 12.0 0.0000 0.0200 10.00 1.6353
-67.5000 1.3953 0.1700 0.5117 0.3182 0.00000 6.437 1500.0 12.0 0.0000 0.0475 10.00 0.6399
-64.6875 1.3953 0.3361 0.2865 0.3774 0.00000 7.649 1500.0 12.0 0.0000 0.8844 120.51 0.0628
-61.8750 1.3953 0.2121 0.4339 0.3540 0.00000 9.383 1500.0 12.0 0.0000 0.1430 20.31 0.2735
-59.0625 1.3953 0.2304 0.4268 0.3428 0.00000 8.811 1500.0 12.0 0.0000 0.4618 64.73 0.3244
-56.2500 1.3953 0.2696 0.3649 0.3656 0.00000 8.104 1500.0 12.0 0.0000 0.6997 97.55 0.1938
-53.4375 1.3953 0.3353 0.2730 0.3917 0.00000 7.058 1500.0 12.0 0.0000 5.0000 686.49 0.0628
-50.6250 1.3953 0.3216 0.4826 0.1958 0.00000 6.145 1500.0 12.0 0.0000 0.4933 61.37 0.9220
-33.7500 1.3953 0.0376 0.7617 0.2007 0.00000 6.035 1500.0 12.0 0.0000 0.6298 89.31 1.5209
-30.9375 1.3953 0.0468 0.7248 0.2285 0.00000 6.533 1500.0 12.0 0.0000 0.5564 79.67 1.3119
-28.1250 1.3953 0.1754 0.5347 0.2899 0.00000 6.962 1500.0 12.0 0.0000 1.0988 153.57 0.7332
-25.3125 1.3953 0.3456 0.3970 0.2575 0.00000 6.888 1500.0 12.0 0.0000 0.2738 34.85 0.5821
-22.5000 1.3953 0.2352 0.5510 0.2138 0.00000 6.281 1500.0 12.0 0.0000 0.0200 10.00 1.2814
-19.6875 1.3953 0.2476 0.5502 0.2023 0.00000 5.219 1500.0 12.0 0.0000 0.0200 10.00 1.5187
-16.8750 1.3953 0.1673 0.6295 0.2032 0.00000 4.783 1500.0 12.0 0.0000 0.0200 10.00 1.5592
-14.0625 1.3953 0.0263 0.7498 0.2239 0.00000 4.914 1500.0 12.0 0.0000 0.0200 10.00 1.5416
-11.2500 1.3953 0.0431 0.7329 0.2240 0.00000 5.297 1500.0 12.0 0.0000 0.0200 10.00 1.4008
-8.4375 1.3953 0.0898 0.6603 0.2499 0.00000 5.756 1500.0 12.0 0.0000 0.0200 10.00 1.0880
-5.6250 1.3953 0.1344 0.5799 0.2857 0.00000 5.842 1500.0 12.0 0.0000 0.0200 10.00 0.8623
-2.8125 1.3953 0.2607 0.5458 0.1935 0.00000 6.003 1500.0 12.0 0.0000 0.0200 10.00 1.0010
0.0000 -1.3953 0.1552 0.6616 0.1832 0.00000 6.167 1500.0 12.0 0.0000 0.0200 10.00 1.2442
22.5000 -1.3953 0.1063 0.6733 0.2204 0.00000 6.265 1500.0 12.0 0.0000 0.2490 34.62 1.1950
25.3125 -1.3953 0.2144 0.5406 0.2450 0.00000 6.121 1500.0 12.0 0.0000 0.4998 67.12 0.9175
28.1250 -1.3953 0.0368 0.7319 0.2313 0.00000 5.800 1500.0 12.0 0.0000 0.0660 10.00 1.3391
30.9375 -1.3953 0.0000 0.8592 0.1408 0.00000 6.194 1500.0 12.0 0.0000 0.0200 10.00 1.7308
59.0625 -1.3953 0.0739 0.7013 0.2249 0.00000 5.892 1500.0 12.0 0.0000 0.0200 10.00 1.3975
61.8750 -1.3953 0.0810 0.6995 0.2195 0.00000 5.280 1500.0 12.0 0.0000 0.0200 10.00 1.5858
64.6875 -1.3953 0.0000 0.8137 0.1863 0.00000 5.840 1500.0 12.0 0.0000 0.0200 10.00 1.7195
67.5000 -1.3953 0.0000 0.8210 0.1790 0.00000 5.756 1500.0 12.0 0.0000 0.0200 10.00 1.7308
98.4375 -1.3953 0.0163 0.7848 0.1988 0.00000 7.452 1500.0 12.0 0.0000 0.8757 125.17 1.1403
101.2500 -1.3953 0.3416 0.3693 0.2891 0.00000 7.576 1500.0 12.0 0.0000 1.7972 233.18 0.1497
104.0625 -1.3953 0.2335 0.4364 0.3301 0.00000 9.114 1500.0 12.0 0.0000 1.0386 144.47 0.3209
106.8750 -1.3953 0.3332 0.3762 0.2906 0.00000 7.530 1500.0 12.0 0.0000 0.7874 102.64 0.4386
109.6875 -1.3953 0.4452 0.2958 0.2590 0.00000 6.967 1500.0 12.0 0.0000 1.0809 131.24 0.3280
112.5000 -1.3953 0.2851 0.3113 0.4035 0.00000 7.035 1500.0 12.0 0.0000 5.0000 705.70 0.0628
115.3125 -1.3953 0.3698 0.3719 0.2582 0.00000 6.679 1500.0 12.0 0.0000 2.1150 266.24 0.4402
146.2500 -1.3953 0.1441 0.5956 0.2603 0.00000 7.196 1500.0 12.0 0.0000 0.6820 95.19 0.6633
149.0625 -1.3953 0.4610 0.2477 0.2913 0.00000 7.878 1500.0 12.0 0.0000 5.0000 613.64 0.0628
151.8750 -1.3953 0.6021 0.1600 0.2380 0.00000 6.997 1500.0 12.0 0.0000 5.0000 552.68 0.0628
154.6875 -1.3953 0.3568 0.3610 0.2822 0.00000 8.055 1500.0 12.0 0.0000 0.4288 55.04 0.3264
157.5000 -1.3953 0.2811 0.3688 0.3501 0.00000 7.453 1500.0 12.0 0.0000 0.8738 120.27 0.1312
160.3125 -1.3953 0.3622 0.3410 0.2968 0.00000 7.554 1500.0 12.0 0.0000 5.0000 645.23 0.0628
163.1250 -1.3953 0.1455 0.5293 0.3253 0.00000 7.667 1500.0 12.0 0.0000 5.0000 720.19 0.0628
177.1875 -1.3953 0.5268 0.2135 0.2597 0.00000 6.876 1500.0 12.0 0.0000 5.0000 582.84 0.0628
-157.5000 -1.3953 0.1567 0.6853 0.1579 0.00000 4.873 1500.0 12.0 0.0000 0.0200 10.00 1.7308
-154.6875 -1.3953 0.1145 0.7166 0.1689 0.00000 4.922 1500.0 12.0 0.0000 0.0200 10.00 1.7308
-151.8750 -1.3953 0.0607 0.7446 0.1948 0.00000 5.043 1500.0 12.0 0.0000 0.0200 10.00 1.6466
-149.0625 -1.3953 0.0000 0.8336 0.1664 0.00000 6.349 1500.0 12.0 0.0000 0.0200 10.00 1.3316
-146.2500 -1.3953 0.2665 0.4787 0.2548 0.00000 7.590 1500.0 12.0 0.0000 0.4150 54.71 0.4687
-143.4375 -1.3953 0.3755 0.2624 0.3620 0.00000 7.336 1500.0 12.0 0.0000 5.0000 664.05 0.0628
-140.6250 -1.3953 0.2983 0.2896 0.4122 0.00000 6.937 1500.0 12.0 0.0000 5.0000 704.79 0.0628
-137.8125 -1.3953 0.3059 0.2835 0.4106 0.00000 6.798 1500.0 12.0 0.0000 5.0000 701.92 0.0628
-135.0000 -1.3953 0.4091 0.2467 0.3442 0.00000 7.080 1500.0 12.0 0.0000 5.0000 647.74 0.0628
-132.1875 -1.3953 0.2456 0.5010 0.2534 0.00000 7.188 1500.0 12.0 0.0000 0.0200 10.00 0.8614
-129.3750 -1.3953 0.2086 0.5107 0.2807 0.00000 7.681 1500.0 12.0 0.0000 0.1518 20.81 0.5834
-67.5000 -1.3953 0.2490 0.5476 0.2034 0.00000 5.904 1500.0 12.0 0.0000 0.1191 15.40 1.0862
-64.6875 -1.3953 0.3464 0.2644 0.3893 0.00000 6.707 1500.0 12.0 0.0000 5.0000 682.33 0.0628
-61.8750 -1.3953 0.2337 0.4003 0.3660 0.00000 8.322 1500.0 12.0 0.0000 0.3248 45.99 0.2642
-59.0625 -1.3953 0.2390 0.3951 0.3659 0.00000 7.359 1500.0 12.0 0.0000 0.5348 75.55 0.2952
-56.2500 -1.3953 0.3063 0.3344 0.3593 0.00000 6.961 1500.0 12.0 0.0000 1.1869 162.33 0.2136
-53.4375 -1.3953 0.4213 0.3300 0.2487 0.00000 6.621 1500.0 12.0 0.0000 0.9486 115.85 0.4207
-50.6250 -1.3953 0.2944 0.5438 0.1618 0.00000 6.023 1500.0 12.0 0.0000 0.6383 78.93 1.2255
-30.9375 -1.3953 0.1069 0.6262 0.2669 0.00000 7.278 1500.0 12.0 0.0000 0.8451 120.22 0.7459
-28.1250 -1.3953 0.4561 0.2343 0.3096 0.00000 7.707 1500.0 12.0 0.0000 5.0000 621.51 0.0628
-25.3125 -1.3953 0.3862 0.2735 0.3403 0.00000 8.142 1500.0 12.0 0.0000 5.0000 653.24 0.0628
-22.5000 -1.3953 0.1969 0.5025 0.3006 0.00000 8.680 1500.0 12.0 0.0000 0.0200 10.00 0.5709
-19.6875 -1.3953 0.2228 0.5461 0.2311 0.00000 6.433 1500.0 12.0 0.0000 0.0200 10.00 1.2189
-16.8750 -1.3953 0.2686 0.5477 0.1836 0.00000 5.165 1500.0 12.0 0.0000 0.0200 10.00 1.6119
-14.0625 -1.3953 0.2410 0.5788 0.1802 0.00000 4.905 1500.0 12.0 0.0000 0.0200 10.00 1.6338
-11.2500 -1.3953 0.2041 0.5937 0.2022 0.00000 5.135 1500.0 12.0 0.0000 0.0200 10.00 1.4348
-8.4375 -1.3953 0.3012 0.4846 0.2142 0.00000 5.586 1500.0 12.0 0.0000 0.0200 10.00 1.0456
-5.6250 -1.3953 0.1561 0.5271 0.3168 0.00000 6.024 1500.0 12.0 0.0000 0.0200 10.00 0.6803
-2.8125 -1.3953 0.2513 0.5321 0.2166 0.00000 5.989 1500.0 12.0 0.0000 0.0200 10.00 0.9222
25.3125 -4.1859 0.2406 0.5825 0.1768 0.00000 6.178 1500.0 12.0 0.0000 0.4693 60.04 1.1556
28.1250 -4.1859 0.1073 0.6777 0.2150 0.00000 5.573 1500.0 12.0 0.0000 0.2830 39.23 1.4316
30.9375 -4.1859 0.1308 0.6888 0.1804 0.00000 5.257 1500.0 12.0 0.0000 0.3538 47.68 1.7203
56.2500 -4.1859 0.3789 0.2753 0.3457 0.00000 7.061 1500.0 12.0 0.0000 5.0000 657.32 0.0628
59.0625 -4.1859 0.3126 0.2893 0.3981 0.00000 6.932 1500.0 12.0 0.0000 1.3193 183.52 0.0678
61.8750 -4.1859 0.4797 0.2217 0.2986 0.00000 7.515 1500.0 12.0 0.0000 5.0000 610.60 0.0628
64.6875 -4.1859 0.3518 0.3931 0.2551 0.00000 7.774 1500.0 12.0 0.0000 0.3249 41.18 0.5003
67.5000 -4.1859 0.0972 0.6769 0.2259 0.00000 6.121 1500.0 12.0 0.0000 0.2756 38.58 1.3661
70.3125 -4.1859 0.0186 0.7765 0.2049 0.00000 5.958 1500.0 12.0 0.0000 0.0822 11.78 1.4760
101.2500 -4.1859 0.0164 0.7917 0.1919 0.00000 7.632 1500.0 12.0 0.0000 1.1766 167.60 1.0000
104.0625 -4.1859 0.1609 0.6056 0.2335 0.00000 7.921 1500.0 12.0 0.0000 0.9978 136.40 1.0168
106.8750 -4.1859 0.4398 0.3289 0.2313 0.00000 6.712 1500.0 12.0 0.0000 0.9644 115.54 0.5343
109.6875 -4.1859 0.3847 0.3617 0.2536 0.00000 6.838 1500.0 12.0 0.0000 1.0593 132.07 0.5116
112.5000 -4.1859 0.2315 0.4744 0.2941 0.00000 6.580 1500.0 12.0 0.0000 1.2676 173.27 0.6230
115.3125 -4.1859 0.2127 0.6084 0.1789 0.00000 6.436 1500.0 12.0 0.0000 1.5532 201.55 1.1570
143.4375 -4.1859 0.3549 0.2846 0.3605 0.00000 6.912 1500.0 12.0 0.0000 5.0000 669.70 0.0628
146.2500 -4.1859 0.3570 0.2727 0.3703 0.00000 7.195 1500.0 12.0 0.0000 5.0000 672.51 0.0628
149.0625 -4.1859 0.6689 0.1185 0.2126 0.00000 6.457 1500.0 12.0 0.0000 5.0000 523.74 0.0628
151.8750 -4.1859 0.5723 0.1670 0.2607 0.00000 6.688 1500.0 12.0 0.0000 5.0000 569.55 0.0628
154.6875 -4.1859 0.5494 0.1890 0.2616 0.00000 7.420 1500.0 12.0 0.0000 5.0000 576.74 0.0628
157.5000 -4.1859 0.2927 0.3768 0.3305 0.00000 7.845 1500.0 12.0 0.0000 5.0000 677.87 0.0628
160.3125 -4.1859 0.3421 0.3603 0.2976 0.00000 7.728 1500.0 12.0 0.0000 2.0176 262.92 0.0628
163.1250 -4.1859 0.1995 0.4752 0.3253 0.00000 7.989 1500.0 12.0 0.0000 1.8081 254.58 0.0628
165.9375 -4.1859 0.0561 0.6454 0.2985 0.00000 6.961 1500.0 12.0 0.0000 5.0000 737.62 0.0628
-151.8750 -4.1859 0.0833 0.7623 0.1544 0.00000 5.055 1500.0 12.0 0.0000 0.0200 10.00 1.7308
-149.0625 -4.1859 0.0830 0.7336 0.1834 0.00000 5.128 1500.0 12.0 0.0000 0.0200 10.00 1.6791
-146.2500 -4.1859 0.0520 0.7479 0.2001 0.00000 5.817 1500.0 12.0 0.0000 0.0200 10.00 1.3979
-143.4375 -4.1859 0.0799 0.6930 0.2270 0.00000 5.965 1500.0 12.0 0.0000 0.0200 10.00 1.2166
-140.6250 -4.1859 0.1715 0.6256 0.2029 0.00000 5.580 1500.0 12.0 0.0000 0.0200 10.00 1.2793
-137.8125 -4.1859 0.1630 0.6370 0.2000 0.00000 5.145 1500.0 12.0 0.0000 0.0200 10.00 1.3902
-135.0000 -4.1859 0.1102 0.6611 0.2287 0.00000 4.984 1500.0 12.0 0.0000 0.0200 10.00 1.5692
-132.1875 -4.1859 0.1937 0.5893 0.2170 0.00000 5.266 1500.0 12.0 0.0000 0.0200 10.00 1.6168
-129.3750 -4.1859 0.1928 0.5623 0.2449 0.00000 6.469 1500.0 12.0 0.0000 0.0200 10.00 0.9930
-64.6875 -4.1859 0.3814 0.4133 0.2052 0.00000 6.408 1500.0 12.0 0.0000 0.5072 61.62 0.7150
-61.8750 -4.1859 0.4838 0.2061 0.3101 0.00000 6.984 1500.0 12.0 0.0000 5.0000 613.40 0.0628
-59.0625 -4.1859 0.5252 0.1873 0.2876 0.00000 6.803 1500.0 12.0 0.0000 5.0000 593.10 0.0628
-56.2500 -4.1859 0.6371 0.1392 0.2237 0.00000 6.696 1500.0 12.0 0.0000 5.0000 537.18 0.0628
-33.7500 -4.1859 0.1462 0.6165 0.2373 0.00000 6.471 1500.0 12.0 0.0000 1.2493 172.19 1.0016
-30.9375 -4.1859 0.2105 0.4843 0.3053 0.00000 7.492 1500.0 12.0 0.0000 1.0030 139.15 0.4799
-28.1250 -4.1859 0.5146 0.2317 0.2537 0.00000 7.131 1500.0 12.0 0.0000 1.1524 134.69 0.2013
-25.3125 -4.1859 0.3804 0.3019 0.3176 0.00000 7.703 1500.0 12.0 0.0000 0.9723 125.83 0.1968
-22.5000 -4.1859 0.3553 0.3019 0.3428 0.00000 8.234 1500.0 12.0 0.0000 1.0984 145.73 0.1073
-19.6875 -4.1859 0.4058 0.2609 0.3332 0.00000 7.803 1500.0 12.0 0.0000 5.0000 644.87 0.0628
-16.8750 -4.1859 0.2803 0.4698 0.2498 0.00000 6.851 1500.0 12.0 0.0000 0.0200 10.00 0.8762
-14.0625 -4.1859 0.2170 0.5425 0.2405 0.00000 6.941 1500.0 12.0 0.0000 0.0200 10.00 1.0736
-11.2500 -4.1859 0.2481 0.5234 0.2285 0.00000 6.275 1500.0 12.0 0.0000 0.0200 10.00 1.1881
-8.4375 -4.1859 0.2533 0.5268 0.2199 0.00000 5.699 1500.0 12.0 0.0000 0.0200 10.00 1.2558
-5.6250 -4.1859 0.0843 0.6506 0.2651 0.00000 5.634 1500.0 12.0 0.0000 0.0200 10.00 1.0927
-2.8125 -4.1859 0.1735 0.6242 0.2023 0.00000 6.108 1500.0 12.0 0.0000 0.0200 10.00 1.1059
28.1250 -6.9765 0.1004 0.7240 0.1756 0.00000 6.394 1500.0 12.0 0.0000 0.3221 43.89 1.3931
47.8125 -6.9765 0.1991 0.4765 0.3244 0.00000 7.112 1500.0 12.0 0.0000 0.3475 48.92 0.3706
50.6250 -6.9765 0.1330 0.5914 0.2756 0.00000 7.376 1500.0 12.0 0.0000 0.5947 84.04 0.5993
53.4375 -6.9765 0.0669 0.6938 0.2393 0.00000 7.381 1500.0 12.0 0.0000 0.0795 11.35 0.9727
56.2500 -6.9765 0.4727 0.2580 0.2694 0.00000 7.077 1500.0 12.0 0.0000 5.0000 602.49 0.0628
59.0625 -6.9765 0.5258 0.1933 0.2809 0.00000 7.151 1500.0 12.0 0.0000 5.0000 590.56 0.0628
61.8750 -6.9765 0.4196 0.2575 0.3229 0.00000 8.131 1500.0 12.0 0.0000 5.0000 637.12 0.0628
64.6875 -6.9765 0.3624 0.2860 0.3516 0.00000 8.344 1500.0 12.0 0.0000 5.0000 664.36 0.0628
67.5000 -6.9765 0.6064 0.1601 0.2335 0.00000 6.730 1500.0 12.0 0.0000 1.1065 121.67 0.0977
70.3125 -6.9765 0.2875 0.5000 0.2124 0.00000 6.555 1500.0 12.0 0.0000 0.1223 15.61 0.9538
73.1250 -6.9765 0.1699 0.5017 0.3285 0.00000 6.661 1500.0 12.0 0.0000 0.2431 34.71 0.5642
75.9375 -6.9765 0.3350 0.2965 0.3685 0.00000 7.071 1500.0 12.0 0.0000 5.0000 678.49 0.0628
104.0625 -6.9765 0.3725 0.3621 0.2653 0.00000 7.290 1500.0 12.0 0.0000 1.5373 194.04 0.2710
106.8750 -6.9765 0.3327 0.3647 0.3026 0.00000 7.199 1500.0 12.0 0.0000 1.2885 169.08 0.3028
109.6875 -6.9765 0.2288 0.4752 0.2960 0.00000 7.571 1500.0 12.0 0.0000 1.0994 150.60 0.3674
112.5000 -6.9765 0.1090 0.6389 0.2522 0.00000 6.583 1500.0 12.0 0.0000 1.0037 141.63 0.9615
140.6250 -6.9765 0.2279 0.4053 0.3668 0.00000 7.740 1500.0 12.0 0.0000 5.0000 710.00 0.0628
143.4375 -6.9765 0.2684 0.3822 0.3494 0.00000 8.390 1500.0 12.0 0.0000 5.0000 691.79 0.0628
146.2500 -6.9765 0.4241 0.2660 0.3099 0.00000 8.169 1500.0 12.0 0.0000 5.0000 631.23 0.0628
149.0625 -6.9765 0.3931 0.2706 0.3363 0.00000 8.228 1500.0 12.0 0.0000 5.0000 649.77 0.0628
151.8750 -6.9765 0.4047 0.2602 0.3351 0.00000 7.827 1500.0 12.0 0.0000 5.0000 645.86 0.0628
154.6875 -6.9765 0.5522 0.1849 0.2629 0.00000 7.300 1500.0 12.0 0.0000 5.0000 576.35 0.0628
157.5000 -6.9765 0.3168 0.3603 0.3229 0.00000 7.949 1500.0 12.0 0.0000 5.0000 667.99 0.0628
160.3125 -6.9765 0.3327 0.3489 0.3185 0.00000 7.515 1500.0 12.0 0.0000 5.0000 661.67 0.0628
163.1250 -6.9765 0.3500 0.3133 0.3367 0.00000 7.191 1500.0 12.0 0.0000 2.2266 295.17 0.0880
165.9375 -6.9765 0.1141 0.5555 0.3304 0.00000 7.686 1500.0 12.0 0.0000 5.0000 731.41 0.0628
-149.0625 -6.9765 0.0000 0.8624 0.1376 0.00000 6.232 1500.0 12.0 0.0000 0.0200 10.00 1.6058
-146.2500 -6.9765 0.0681 0.7826 0.1493 0.00000 5.974 1500.0 12.0 0.0000 0.0200 10.00 1.5602
-140.6250 -6.9765 0.0587 0.7789 0.1624 0.00000 4.925 1500.0 12.0 0.0000 0.0200 10.00 1.7308
-137.8125 -6.9765 0.2195 0.6245 0.1560 0.00000 4.321 1500.0 12.0 0.0000 0.0200 10.00 1.6195
-135.0000 -6.9765 0.0682 0.7053 0.2265 0.00000 4.674 1500.0 12.0 0.0000 0.0200 10.00 1.4344
-132.1875 -6.9765 0.1105 0.6594 0.2301 0.00000 5.010 1500.0 12.0 0.0000 0.0200 10.00 1.5409
-129.3750 -6.9765 0.2815 0.4677 0.2508 0.00000 6.316 1500.0 12.0 0.0000 0.0200 10.00 0.9090
-126.5625 -6.9765 0.3332 0.2755 0.3913 0.00000 7.131 1500.0 12.0 0.0000 5.0000 686.98 0.0628
-61.8750 -6.9765 0.4054 0.3637 0.2308 0.00000 6.973 1500.0 12.0 0.0000 0.7816 95.22 0.3694
-36.5625 -6.9765 0.1517 0.5800 0.2682 0.00000 6.622 1500.0 12.0 0.0000 1.2737 177.90 0.7985
-33.7500 -6.9765 0.0717 0.6811 0.2472 0.00000 6.215 1500.0 12.0 0.0000 0.2987 42.72 1.1898
-30.9375 -6.9765 0.2686 0.4941 0.2372 0.00000 6.123 1500.0 12.0 0.0000 0.4105 53.56 0.9268
-28.1250 -6.9765 0.5436 0.2172 0.2392 0.00000 6.577 1500.0 12.0 0.0000 0.8576 97.88 0.2393
-25.3125 -6.9765 0.4533 0.2600 0.2867 0.00000 6.796 1500.0 12.0 0.0000 0.9165 112.61 0.2289
-22.5000 -6.9765 0.4345 0.2573 0.3082 0.00000 7.269 1500.0 12.0 0.0000 1.2796 160.59 0.1353
-19.6875 -6.9765 0.4603 0.2276 0.3120 0.00000 7.190 1500.0 12.0 0.0000 1.8299 227.31 0.0668
-16.8750 -6.9765 0.3049 0.3850 0.3100 0.00000 8.045 1500.0 12.0 0.0000 0.5156 68.79 0.3724
-14.0625 -6.9765 0.1842 0.5263 0.2895 0.00000 8.613 1500.0 12.0 0.0000 0.0200 10.00 0.6652
-11.2500 -6.9765 0.2767 0.4567 0.2667 0.00000 7.319 1500.0 12.0 0.0000 0.0200 10.00 0.7305
-8.4375 -6.9765 0.3181 0.4384 0.2435 0.00000 6.358 1500.0 12.0 0.0000 0.0200 10.00 0.8485
-5.6250 -6.9765 0.0929 0.6535 0.2537 0.00000 5.748 1500.0 12.0 0.0000 0.0200 10.00 1.1765
-2.8125 -6.9765 0.1547 0.6239 0.2214 0.00000 5.805 1500.0 12.0 0.0000 0.0200 10.00 1.1978
42.1875 -9.7671 0.2949 0.3654 0.3397 0.00000 7.397 1500.0 12.0 0.0000 1.2191 165.90 0.0628
45.0000 -9.7671 0.2779 0.3986 0.3236 0.00000 7.552 1500.0 12.0 0.0000 0.4939 67.16 0.0870
47.8125 -9.7671 0.2714 0.3740 0.3546 0.00000 6.713 1500.0 12.0 0.0000 0.0200 10.00 0.2685
50.6250 -9.7671 0.2680 0.5255 0.2066 0.00000 5.982 1500.0 12.0 0.0000 0.0200 10.00 1.1376
53.4375 -9.7671 0.1303 0.6432 0.2265 0.00000 7.907 1500.0 12.0 0.0000 0.0200 10.00 1.1829
56.2500 -9.7671 0.3568 0.2939 0.3492 0.00000 8.809 1500.0 12.0 0.0000 5.0000 665.19 0.0628
59.0625 -9.7671 0.3816 0.2837 0.3348 0.00000 8.467 1500.0 12.0 0.0000 5.0000 652.69 0.0628
61.8750 -9.7671 0.2680 0.3485 0.3836 0.00000 9.318 1500.0 12.0 0.0000 5.0000 703.86 0.0628
64.6875 -9.7671 0.3429 0.2973 0.3598 0.00000 8.523 1500.0 12.0 0.0000 5.0000 673.06 0.0628
67.5000 -9.7671 0.4187 0.2541 0.3272 0.00000 7.727 1500.0 12.0 0.0000 5.0000 638.93 0.0628
70.3125 -9.7671 0.3510 0.3812 0.2678 0.00000 7.739 1500.0 12.0 0.0000 0.0200 10.00 0.4623
73.1250 -9.7671 0.1778 0.4937 0.3285 0.00000 7.289 1500.0 12.0 0.0000 0.0200 10.00 0.4972
75.9375 -9.7671 0.2573 0.3809 0.3618 0.00000 7.401 1500.0 12.0 0.0000 1.0489 146.72 0.0646
106.8750 -9.7671 0.2060 0.4333 0.3607 0.00000 7.309 1500.0 12.0 0.0000 1.2910 184.47 0.2483
112.5000 -9.7671 0.1573 0.5656 0.2771 0.00000 6.878 1500.0 12.0 0.0000 1.0769 150.72 0.6662
115.3125 -9.7671 0.1676 0.6483 0.1842 0.00000 6.578 1500.0 12.0 0.0000 1.1191 148.66 1.1858
137.8125 -9.7671 0.1730 0.5398 0.2872 0.00000 6.984 1500.0 12.0 0.0000 0.3481 48.64 0.5793
140.6250 -9.7671 0.2887 0.3224 0.3889 0.00000 7.296 1500.0 12.0 0.0000 5.0000 699.50 0.0628
143.4375 -9.7671 0.3455 0.3021 0.3524 0.00000 8.818 1500.0 12.0 0.0000 5.0000 669.69 0.0628
146.2500 -9.7671 0.4018 0.2679 0.3303 0.00000 8.231 1500.0 12.0 0.0000 5.0000 645.07 0.0628
149.0625 -9.7671 0.3844 0.2744 0.3412 0.00000 8.052 1500.0 12.0 0.0000 5.0000 654.08 0.0628
151.8750 -9.7671 0.3655 0.2872 0.3474 0.00000 8.335 1500.0 12.0 0.0000 5.0000 661.95 0.0628
154.6875 -9.7671 0.4937 0.2166 0.2897 0.00000 7.544 1500.0 12.0 0.0000 5.0000 603.31 0.0628
157.5000 -9.7671 0.3305 0.3062 0.3633 0.00000 8.830 1500.0 12.0 0.0000 5.0000 677.97 0.0628
160.3125 -9.7671 0.2804 0.3141 0.4054 0.00000 7.487 1500.0 12.0 0.0000 1.2600 178.36 0.0833
163.1250 -9.7671 0.2442 0.3656 0.3903 0.00000 7.511 1500.0 12.0 0.0000 1.8159 259.08 0.1059
165.9375 -9.7671 0.2175 0.4134 0.3691 0.00000 7.703 1500.0 12.0 0.0000 1.8165 259.37 0.0781
168.7500 -9.7671 0.4301 0.2709 0.2990 0.00000 7.186 1500.0 12.0 0.0000 5.0000 625.63 0.0628
171.5625 -9.7671 0.5187 0.2177 0.2637 0.00000 6.995 1500.0 12.0 0.0000 5.0000 586.69 0.0628
174.3750 -9.7671 0.5540 0.1749 0.2711 0.00000 6.662 1500.0 12.0 0.0000 5.0000 578.71 0.0628
177.1875 -9.7671 0.3025 0.3666 0.3309 0.00000 7.372 1500.0 12.0 0.0000 1.5030 202.93 0.1123
-177.1875 -9.7671 0.5819 0.1658 0.2523 0.00000 6.743 1500.0 12.0 0.0000 2.0447 230.54 0.0643
-174.3750 -9.7671 0.4696 0.2178 0.3126 0.00000 6.747 1500.0 12.0 0.0000 2.1684 268.24 0.0628
-140.6250 -9.7671 0.0000 0.8542 0.1458 0.00000 5.399 1500.0 12.0 0.0000 0.0200 10.00 1.7308
-137.8125 -9.7671 0.0856 0.7448 0.1696 0.00000 5.047 1500.0 12.0 0.0000 0.0200 10.00 1.5250
-135.0000 -9.7671 0.1672 0.6108 0.2220 0.00000 4.866 1500.0 12.0 0.0000 0.0200 10.00 1.1950
-132.1875 -9.7671 0.1113 0.6461 0.2426 0.00000 5.125 1500.0 12.0 0.0000 0.0200 10.00 1.3406
-129.3750 -9.7671 0.2857 0.4402 0.2741 0.00000 7.345 1500.0 12.0 0.0000 0.0200 10.00 0.6322
-126.5625 -9.7671 0.4013 0.2598 0.3390 0.00000 7.721 1500.0 12.0 0.0000 5.0000 648.25 0.0628
-123.7500 -9.7671 0.3373 0.2844 0.3784 0.00000 7.305 1500.0 12.0 0.0000 5.0000 681.26 0.0628
-120.9375 -9.7671 0.2158 0.5089 0.2753 0.00000 6.859 1500.0 12.0 0.0000 0.8732 119.04 0.6397
-36.5625 -9.7671 0.0555 0.7240 0.2205 0.00000 7.156 1500.0 12.0 0.0000 0.4673 66.40 0.9558
-33.7500 -9.7671 0.1425 0.6619 0.1956 0.00000 6.019 1500.0 12.0 0.0000 0.1249 16.88 1.3770
-30.9375 -9.7671 0.3522 0.4679 0.1799 0.00000 5.954 1500.0 12.0 0.0000 0.0200 10.00 1.1599
-28.1250 -9.7671 0.5973 0.1567 0.2461 0.00000 6.806 1500.0 12.0 0.0000 5.0000 556.95 0.0628
-25.3125 -9.7671 0.6036 0.1565 0.2398 0.00000 6.567 1500.0 12.0 0.0000 1.5610 172.60 0.0894
-22.5000 -9.7671 0.5043 0.2068 0.2889 0.00000 6.930 1500.0 12.0 0.0000 1.5679 188.09 0.0833
-19.6875 -9.7671 0.4908 0.2178 0.2913 0.00000 6.790 1500.0 12.0 0.0000 1.5200 183.83 0.1132
-16.8750 -9.7671 0.4158 0.2590 0.3252 0.00000 7.620 1500.0 12.0 0.0000 1.5263 195.08 0.0912
-14.0625 -9.7671 0.2156 0.4179 0.3666 0.00000 9.500 1500.0 12.0 0.0000 1.0369 147.99 0.2188
-11.2500 -9.7671 0.3434 0.3892 0.2674 0.00000 7.232 1500.0 12.0 0.0000 0.3796 48.63 0.5621
-8.4375 -9.7671 0.4232 0.3617 0.2151 0.00000 6.407 1500.0 12.0 0.0000 0.2744 32.84 0.7060
-5.6250 -9.7671 0.2368 0.5214 0.2418 0.00000 6.816 1500.0 12.0 0.0000 0.0925 12.28 0.7524
-2.8125 -9.7671 0.0587 0.7093 0.2320 0.00000 6.441 1500.0 12.0 0.0000 0.0200 10.00 1.1801
42.1875 -12.5578 0.4450 0.2250 0.3301 0.00000 6.744 1500.0 12.0 0.0000 2.4737 312.69 0.0628
45.0000 -12.5578 0.2563 0.3481 0.3957 0.00000 7.218 1500.0 12.0 0.0000 0.3180 45.25 0.0670
47.8125 -12.5578 0.3359 0.4038 0.2603 0.00000 6.378 1500.0 12.0 0.0000 0.0200 10.00 0.5588
50.6250 -12.5578 0.3703 0.4581 0.1717 0.00000 5.509 1500.0 12.0 0.0000 0.0200 10.00 1.1840
53.4375 -12.5578 0.2077 0.5538 0.2385 0.00000 6.967 1500.0 12.0 0.0000 0.0200 10.00 1.0999
56.2500 -12.5578 0.2480 0.3548 0.3972 0.00000 9.500 1500.0 12.0 0.0000 5.0000 714.61 0.0628
59.0625 -12.5578 0.2435 0.3631 0.3933 0.00000 9.500 1500.0 12.0 0.0000 5.0000 714.61 0.0628
61.8750 -12.5578 0.3044 0.3212 0.3743 0.00000 8.949 1500.0 12.0 0.0000 5.0000 689.68 0.0628
64.6875 -12.5578 0.4050 0.2598 0.3353 0.00000 7.826 1500.0 12.0 0.0000 5.0000 645.85 0.0628
67.5000 -12.5578 0.3554 0.2900 0.3546 0.00000 8.380 1500.0 12.0 0.0000 5.0000 667.48 0.0628
70.3125 -12.5578 0.4624 0.2353 0.3023 0.00000 7.937 1500.0 12.0 0.0000 5.0000 617.10 0.0628
73.1250 -12.5578 0.2370 0.4495 0.3136 0.00000 7.399 1500.0 12.0 0.0000 0.0375 10.00 0.4363
75.9375 -12.5578 0.3203 0.3389 0.3408 0.00000 7.319 1500.0 12.0 0.0000 5.0000 673.20 0.0628
137.8125 -12.5578 0.3087 0.3137 0.3776 0.00000 7.051 1500.0 12.0 0.0000 5.0000 689.55 0.0628
140.6250 -12.5578 0.4043 0.2464 0.3493 0.00000 7.039 1500.0 12.0 0.0000 5.0000 650.99 0.0628
143.4375 -12.5578 0.4123 0.2594 0.3284 0.00000 8.107 1500.0 12.0 0.0000 5.0000 641.26 0.0628
146.2500 -12.5578 0.3696 0.2823 0.3481 0.00000 8.237 1500.0 12.0 0.0000 5.0000 660.95 0.0628
149.0625 -12.5578 0.4718 0.2340 0.2942 0.00000 7.653 1500.0 12.0 0.0000 5.0000 611.44 0.0628
151.8750 -12.5578 0.5171 0.1960 0.2869 0.00000 7.086 1500.0 12.0 0.0000 5.0000 595.30 0.0628
154.6875 -12.5578 0.3486 0.2823 0.3691 0.00000 7.250 1500.0 12.0 0.0000 5.0000 674.59 0.0628
157.5000 -12.5578 0.2993 0.2980 0.4027 0.00000 7.372 1500.0 12.0 0.0000 5.0000 701.14 0.0628
160.3125 -12.5578 0.2641 0.3457 0.3902 0.00000 7.539 1500.0 12.0 0.0000 1.0338 146.25 0.0896
163.1250 -12.5578 0.2963 0.3325 0.3712 0.00000 7.128 1500.0 12.0 0.0000 2.2846 315.74 0.0628
165.9375 -12.5578 0.2838 0.3148 0.4014 0.00000 7.003 1500.0 12.0 0.0000 3.2743 461.89 0.0628
168.7500 -12.5578 0.2589 0.3421 0.3990 0.00000 7.486 1500.0 12.0 0.0000 3.2377 461.04 0.0628
171.5625 -12.5578 0.2816 0.3135 0.4049 0.00000 8.028 1500.0 12.0 0.0000 5.0000 707.22 0.0628
174.3750 -12.5578 0.2781 0.3127 0.4091 0.00000 7.922 1500.0 12.0 0.0000 5.0000 709.75 0.0628
177.1875 -12.5578 0.2818 0.3274 0.3908 0.00000 7.282 1500.0 12.0 0.0000 1.9757 277.49 0.0748
180.0000 -12.5578 0.3854 0.2714 0.3432 0.00000 7.064 1500.0 12.0 0.0000 1.6280 213.11 0.1199
-177.1875 -12.5578 0.3149 0.3111 0.3740 0.00000 7.252 1500.0 12.0 0.0000 1.3469 184.92 0.1452
-174.3750 -12.5578 0.2867 0.3154 0.3979 0.00000 7.211 1500.0 12.0 0.0000 1.5815 222.43 0.0685
-137.8125 -12.5578 0.3014 0.5357 0.1628 0.00000 5.083 1500.0 12.0 0.0000 0.0200 10.00 1.1968
-135.0000 -12.5578 0.2578 0.5147 0.2275 0.00000 5.379 1500.0 12.0 0.0000 0.0200 10.00 0.9124
-132.1875 -12.5578 0.1386 0.6034 0.2580 0.00000 5.439 1500.0 12.0 0.0000 0.0200 10.00 1.1184
-129.3750 -12.5578 0.3318 0.3748 0.2934 0.00000 7.474 1500.0 12.0 0.0000 0.0200 10.00 0.4285
-126.5625 -12.5578 0.4361 0.2450 0.3189 0.00000 7.422 1500.0 12.0 0.0000 0.5678 71.63 0.0789
-123.7500 -12.5578 0.4002 0.2590 0.3408 0.00000 7.016 1500.0 12.0 0.0000 1.3482 175.05 0.0946
-120.9375 -12.5578 0.1865 0.4623 0.3511 0.00000 7.438 1500.0 12.0 0.0000 1.0794 154.77 0.1885
-118.1250 -12.5578 0.4229 0.2454 0.3317 0.00000 6.727 1500.0 12.0 0.0000 5.0000 639.22 0.0628
-115.3125 -12.5578 0.6260 0.1439 0.2301 0.00000 6.600 1500.0 12.0 0.0000 5.0000 542.71 0.0628
-112.5000 -12.5578 0.3590 0.4382 0.2028 0.00000 6.680 1500.0 12.0 0.0000 1.9539 239.66 0.6586
-33.7500 -12.5578 0.0253 0.7771 0.1977 0.00000 7.416 1500.0 12.0 0.0000 0.0200 10.00 1.0628
-30.9375 -12.5578 0.3307 0.4442 0.2252 0.00000 6.465 1500.0 12.0 0.0000 0.1410 17.75 0.7903
-28.1250 -12.5578 0.4170 0.2814 0.3017 0.00000 7.490 1500.0 12.0 0.0000 5.0000 630.48 0.0628
-25.3125 -12.5578 0.5591 0.2009 0.2400 0.00000 6.886 1500.0 12.0 0.0000 5.0000 566.29 0.0628
-22.5000 -12.5578 0.5276 0.2003 0.2721 0.00000 7.576 1500.0 12.0 0.0000 5.0000 586.97 0.0628
-19.6875 -12.5578 0.5681 0.1794 0.2525 0.00000 7.194 1500.0 12.0 0.0000 2.6244 298.10 0.0702
-16.8750 -12.5578 0.4105 0.2695 0.3200 0.00000 7.736 1500.0 12.0 0.0000 1.7158 219.23 0.1126
-14.0625 -12.5578 0.2919 0.3404 0.3677 0.00000 8.944 1500.0 12.0 0.0000 1.4213 196.45 0.1053
-11.2500 -12.5578 0.5678 0.1782 0.2540 0.00000 7.026 1500.0 12.0 0.0000 2.2431 255.08 0.0818
-8.4375 -12.5578 0.5751 0.1917 0.2332 0.00000 6.725 1500.0 12.0 0.0000 2.1168 236.69 0.0778
-5.6250 -12.5578 0.1118 0.6225 0.2657 0.00000 7.968 1500.0 12.0 0.0000 0.3893 55.24 0.5100
-2.8125 -12.5578 0.0087 0.8149 0.1764 0.00000 7.300 1500.0 12.0 0.0000 0.0200 10.00 1.0989
42.1875 -15.3484 0.3476 0.3531 0.2993 0.00000 7.496 1500.0 12.0 0.0000 2.8609 372.19 0.0628
45.0000 -15.3484 0.3653 0.2579 0.3768 0.00000 6.938 1500.0 12.0 0.0000 0.2634 35.42 0.0677
47.8125 -15.3484 0.3732 0.2544 0.3723 0.00000 6.771 1500.0 12.0 0.0000 0.1654 22.10 0.0628
50.6250 -15.3484 0.3437 0.4361 0.2202 0.00000 5.747 1500.0 12.0 0.0000 0.0200 10.00 0.9328
53.4375 -15.3484 0.2724 0.5044 0.2232 0.00000 5.930 1500.0 12.0 0.0000 0.0200 10.00 1.1535
56.2500 -15.3484 0.4330 0.2428 0.3242 0.00000 7.512 1500.0 12.0 0.0000 5.0000 633.55 0.0628
59.0625 -15.3484 0.4448 0.2367 0.3185 0.00000 7.372 1500.0 12.0 0.0000 5.0000 628.04 0.0628
61.8750 -15.3484 0.4748 0.2178 0.3075 0.00000 7.043 1500.0 12.0 0.0000 5.0000 615.19 0.0628
64.6875 -15.3484 0.4259 0.2477 0.3265 0.00000 7.588 1500.0 12.0 0.0000 5.0000 636.50 0.0628
67.5000 -15.3484 0.4510 0.2327 0.3163 0.00000 7.305 1500.0 12.0 0.0000 5.0000 625.41 0.0628
70.3125 -15.3484 0.3747 0.4388 0.1865 0.00000 5.944 1500.0 12.0 0.0000 0.0812 10.00 1.0444
73.1250 -15.3484 0.1580 0.5759 0.2661 0.00000 6.257 1500.0 12.0 0.0000 0.1406 19.56 0.8696
75.9375 -15.3484 0.2341 0.3914 0.3745 0.00000 7.347 1500.0 12.0 0.0000 5.0000 710.85 0.0628
78.7500 -15.3484 0.2062 0.4242 0.3696 0.00000 7.893 1500.0 12.0 0.0000 5.0000 717.48 0.0628
81.5625 -15.3484 0.2053 0.4324 0.3623 0.00000 7.813 1500.0 12.0 0.0000 5.0000 715.20 0.0628
84.3750 -15.3484 0.2015 0.4329 0.3656 0.00000 7.815 1500.0 12.0 0.0000 5.0000 717.49 0.0628
87.1875 -15.3484 0.2679 0.3641 0.3681 0.00000 7.479 1500.0 12.0 0.0000 5.0000 698.46 0.0628
137.8125 -15.3484 0.3321 0.2847 0.3832 0.00000 6.969 1500.0 12.0 0.0000 5.0000 684.51 0.0628
140.6250 -15.3484 0.3018 0.2945 0.4037 0.00000 7.225 1500.0 12.0 0.0000 5.0000 700.75 0.0628
143.4375 -15.3484 0.3958 0.2672 0.3370 0.00000 8.037 1500.0 12.0 0.0000 5.0000 649.20 0.0628
146.2500 -15.3484 0.5038 0.2124 0.2838 0.00000 7.679 1500.0 12.0 0.0000 5.0000 598.18 0.0628
149.0625 -15.3484 0.3715 0.2638 0.3647 0.00000 7.021 1500.0 12.0 0.0000 5.0000 666.21 0.0628
151.8750 -15.3484 0.0653 0.6851 0.2496 0.00000 5.785 1500.0 12.0 0.0000 0.0200 10.00 1.2155
154.6875 -15.3484 0.0409 0.7539 0.2052 0.00000 5.693 1500.0 12.0 0.0000 0.0200 10.00 1.4448
157.5000 -15.3484 0.1305 0.6096 0.2599 0.00000 6.224 1500.0 12.0 0.0000 0.0200 10.00 0.9545
160.3125 -15.3484 0.2825 0.3796 0.3379 0.00000 7.517 1500.0 12.0 0.0000 0.9815 134.17 0.0891
163.1250 -15.3484 0.1624 0.4971 0.3405 0.00000 7.996 1500.0 12.0 0.0000 2.3613 340.24 0.0628
168.7500 -15.3484 0.2625 0.3388 0.3988 0.00000 8.366 1500.0 12.0 0.0000 5.0000 710.83 0.0628
171.5625 -15.3484 0.3179 0.3162 0.3659 0.00000 9.041 1500.0 12.0 0.0000 5.0000 682.71 0.0628
174.3750 -15.3484 0.3232 0.3093 0.3676 0.00000 8.725 1500.0 12.0 0.0000 5.0000 681.69 0.0628
177.1875 -15.3484 0.4180 0.2525 0.3295 0.00000 7.585 1500.0 12.0 0.0000 5.0000 639.91 0.0628
180.0000 -15.3484 0.3336 0.2939 0.3725 0.00000 7.961 1500.0 12.0 0.0000 1.6701 227.23 0.0713
-177.1875 -15.3484 0.2511 0.3556 0.3933 0.00000 8.817 1500.0 12.0 0.0000 1.2421 176.95 0.1107
-174.3750 -15.3484 0.3409 0.2765 0.3826 0.00000 7.001 1500.0 12.0 0.0000 1.5976 217.80 0.0785
-171.5625 -15.3484 0.3631 0.3430 0.2939 0.00000 7.509 1500.0 12.0 0.0000 3.5501 457.21 0.0628
-137.8125 -15.3484 0.6229 0.1521 0.2249 0.00000 6.767 1500.0 12.0 0.0000 5.0000 541.85 0.0628
-135.0000 -15.3484 0.4290 0.2287 0.3423 0.00000 6.707 1500.0 12.0 0.0000 5.0000 641.09 0.0628
-132.1875 -15.3484 0.3874 0.2549 0.3578 0.00000 7.079 1500.0 12.0 0.0000 5.0000 659.02 0.0628
-129.3750 -15.3484 0.4843 0.2123 0.3034 0.00000 6.935 1500.0 12.0 0.0000 5.0000 610.92 0.0628
-126.5625 -15.3484 0.5366 0.1918 0.2716 0.00000 6.844 1500.0 12.0 0.0000 0.7693 89.86 0.0859
-123.7500 -15.3484 0.5189 0.2207 0.2604 0.00000 7.276 1500.0 12.0 0.0000 1.9057 223.14 0.0663
-36.5625 -15.3484 0.2314 0.3862 0.3825 0.00000 7.349 1500.0 12.0 0.0000 0.8740 124.89 0.1222
-33.7500 -15.3484 0.2156 0.4071 0.3773 0.00000 7.951 1500.0 12.0 0.0000 5.0000 717.36 0.0628
-30.9375 -15.3484 0.3073 0.2953 0.3975 0.00000 6.967 1500.0 12.0 0.0000 5.0000 696.93 0.0628
-28.1250 -15.3484 0.4374 0.2516 0.3109 0.00000 7.027 1500.0 12.0 0.0000 5.0000 627.60 0.0628
-22.5000 -15.3484 0.2411 0.4138 0.3452 0.00000 7.666 1500.0 12.0 0.0000 1.4283 199.53 0.0863
-19.6875 -15.3484 0.2642 0.4118 0.3240 0.00000 7.941 1500.0 12.0 0.0000 2.6051 356.46 0.0679
-16.8750 -15.3484 0.3484 0.3178 0.3338 0.00000 8.621 1500.0 12.0 0.0000 5.0000 662.29 0.0628
-14.0625 -15.3484 0.3696 0.2845 0.3458 0.00000 8.379 1500.0 12.0 0.0000 5.0000 660.16 0.0628
-11.2500 -15.3484 0.4804 0.2060 0.3136 0.00000 6.646 1500.0 12.0 0.0000 2.4843 305.89 0.0636
-8.4375 -15.3484 0.3147 0.3572 0.3282 0.00000 7.288 1500.0 12.0 0.0000 3.5377 474.38 0.0628
19.6875 -18.1390 0.4499 0.2388 0.3113 0.00000 6.773 1500.0 12.0 0.0000 5.0000 624.01 0.0628
22.5000 -18.1390 0.3480 0.2812 0.3708 0.00000 6.887 1500.0 12.0 0.0000 1.4117 190.68 0.0628
45.0000 -18.1390 0.4498 0.2469 0.3033 0.00000 6.952 1500.0 12.0 0.0000 5.0000 621.24 0.0628
47.8125 -18.1390 0.2916 0.3168 0.3916 0.00000 6.576 1500.0 12.0 0.0000 0.0200 10.00 0.1545
50.6250 -18.1390 0.2484 0.4590 0.2927 0.00000 5.814 1500.0 12.0 0.0000 0.0200 10.00 0.6382
53.4375 -18.1390 0.1273 0.6272 0.2454 0.00000 5.284 1500.0 12.0 0.0000 0.0200 10.00 1.2142
56.2500 -18.1390 0.2599 0.5214 0.2186 0.00000 5.681 1500.0 12.0 0.0000 0.0200 10.00 1.2760
59.0625 -18.1390 0.4726 0.2198 0.3076 0.00000 7.062 1500.0 12.0 0.0000 5.0000 615.89 0.0628
61.8750 -18.1390 0.4526 0.2320 0.3155 0.00000 7.285 1500.0 12.0 0.0000 5.0000 624.64 0.0628
64.6875 -18.1390 0.4261 0.2475 0.3264 0.00000 7.585 1500.0 12.0 0.0000 5.0000 636.39 0.0628
67.5000 -18.1390 0.2979 0.4598 0.2423 0.00000 6.351 1500.0 12.0 0.0000 0.0490 10.00 0.9357
70.3125 -18.1390 0.2731 0.5220 0.2049 0.00000 5.611 1500.0 12.0 0.0000 0.0200 10.00 1.3568
73.1250 -18.1390 0.3260 0.4774 0.1966 0.00000 5.722 1500.0 12.0 0.0000 0.3048 37.86 1.0587
75.9375 -18.1390 0.2701 0.3557 0.3743 0.00000 7.762 1500.0 12.0 0.0000 5.0000 699.97 0.0628
78.7500 -18.1390 0.2604 0.3623 0.3773 0.00000 9.006 1500.0 12.0 0.0000 5.0000 703.94 0.0628
81.5625 -18.1390 0.3978 0.2874 0.3148 0.00000 7.821 1500.0 12.0 0.0000 5.0000 640.82 0.0628
84.3750 -18.1390 0.3291 0.3108 0.3601 0.00000 8.141 1500.0 12.0 0.0000 5.0000 677.31 0.0628
87.1875 -18.1390 0.2571 0.3459 0.3970 0.00000 7.476 1500.0 12.0 0.0000 5.0000 711.83 0.0628
137.8125 -18.1390 0.3334 0.3344 0.3322 0.00000 7.327 1500.0 12.0 0.0000 5.0000 666.26 0.0628
140.6250 -18.1390 0.3122 0.2842 0.4036 0.00000 7.126 1500.0 12.0 0.0000 5.0000 697.59 0.0628
143.4375 -18.1390 0.3619 0.2778 0.3603 0.00000 7.747 1500.0 12.0 0.0000 5.0000 667.56 0.0628
146.2500 -18.1390 0.3759 0.3052 0.3189 0.00000 7.304 1500.0 12.0 0.0000 0.6036 78.32 0.2085
149.0625 -18.1390 0.0289 0.7560 0.2152 0.00000 5.880 1500.0 12.0 0.0000 0.0200 10.00 1.3901
154.6875 -18.1390 0.0000 0.8550 0.1450 0.00000 6.157 1500.0 12.0 0.0000 0.0200 10.00 1.6627
168.7500 -18.1390 0.1885 0.4486 0.3629 0.00000 7.769 1500.0 12.0 0.0000 5.0000 720.48 0.0628
171.5625 -18.1390 0.6016 0.1555 0.2429 0.00000 6.710 1500.0 12.0 0.0000 5.0000 554.52 0.0628
174.3750 -18.1390 0.5295 0.1939 0.2767 0.00000 7.113 1500.0 12.0 0.0000 5.0000 588.00 0.0628
177.1875 -18.1390 0.4190 0.2495 0.3315 0.00000 7.507 1500.0 12.0 0.0000 1.8192 232.96 0.0628
180.0000 -18.1390 0.4633 0.2171 0.3196 0.00000 6.828 1500.0 12.0 0.0000 2.3886 297.57 0.0685
-177.1875 -18.1390 0.3090 0.2962 0.3948 0.00000 7.203 1500.0 12.0 0.0000 1.6715 232.50 0.0805
-174.3750 -18.1390 0.5232 0.2099 0.2669 0.00000 7.016 1500.0 12.0 0.0000 3.1497 369.44 0.0628
-140.6250 -18.1390 0.6183 0.1534 0.2283 0.00000 6.753 1500.0 12.0 0.0000 5.0000 544.40 0.0628
-137.8125 -18.1390 0.4673 0.2127 0.3200 0.00000 6.734 1500.0 12.0 0.0000 5.0000 621.82 0.0628
-135.0000 -18.1390 0.3287 0.2774 0.3939 0.00000 6.881 1500.0 12.0 0.0000 5.0000 689.26 0.0628
-132.1875 -18.1390 0.4344 0.2423 0.3234 0.00000 7.419 1500.0 12.0 0.0000 5.0000 632.87 0.0628
-129.3750 -18.1390 0.4570 0.2286 0.3144 0.00000 7.252 1500.0 12.0 0.0000 5.0000 622.93 0.0628
-126.5625 -18.1390 0.5211 0.1951 0.2838 0.00000 7.072 1500.0 12.0 0.0000 5.0000 592.98 0.0628
-123.7500 -18.1390 0.3485 0.3394 0.3120 0.00000 8.164 1500.0 12.0 0.0000 0.9721 127.27 0.1181
-53.4375 -18.1390 0.1168 0.6104 0.2728 0.00000 6.854 1500.0 12.0 0.0000 1.1010 156.43 0.8091
-36.5625 -18.1390 0.2383 0.4058 0.3559 0.00000 7.412 1500.0 12.0 0.0000 1.4247 200.34 0.1105
-33.7500 -18.1390 0.3630 0.3180 0.3190 0.00000 7.093 1500.0 12.0 0.0000 0.9249 120.74 0.1482
-19.6875 -18.1390 0.1734 0.4703 0.3562 0.00000 7.931 1500.0 12.0 0.0000 3.4927 504.80 0.0628
-16.8750 -18.1390 0.5430 0.2089 0.2481 0.00000 7.023 1500.0 12.0 0.0000 4.9131 563.94 0.0628
-14.0625 -18.1390 0.5147 0.2026 0.2826 0.00000 7.409 1500.0 12.0 0.0000 5.0000 594.50 0.0628
-11.2500 -18.1390 0.5744 0.1679 0.2577 0.00000 6.857 1500.0 12.0 0.0000 5.0000 567.86 0.0628
-8.4375 -18.1390 0.4089 0.2952 0.2959 0.00000 7.686 1500.0 12.0 0.0000 2.4718 311.89 0.0628
11.2500 -20.9296 0.3575 0.3093 0.3332 0.00000 7.001 1500.0 12.0 0.0000 0.6643 87.61 0.1133
14.0625 -20.9296 0.3667 0.2699 0.3634 0.00000 6.805 1500.0 12.0 0.0000 5.0000 667.19 0.0628
16.8750 -20.9296 0.2889 0.3514 0.3597 0.00000 7.362 1500.0 12.0 0.0000 0.8719 120.19 0.1027
19.6875 -20.9296 0.3336 0.2759 0.3905 0.00000 6.846 1500.0 12.0 0.0000 5.0000 686.59 0.0628
22.5000 -20.9296 0.3336 0.2808 0.3856 0.00000 7.043 1500.0 12.0 0.0000 2.2143 303.30 0.0628
25.3125 -20.9296 0.3192 0.3610 0.3198 0.00000 7.417 1500.0 12.0 0.0000 1.9823 264.10 0.0628
45.0000 -20.9296 0.2501 0.4707 0.2792 0.00000 7.377 1500.0 12.0 0.0000 0.0200 10.00 0.2872
47.8125 -20.9296 0.3310 0.3876 0.2813 0.00000 6.230 1500.0 12.0 0.0000 0.0200 10.00 0.4450
50.6250 -20.9296 0.2706 0.4346 0.2947 0.00000 6.267 1500.0 12.0 0.0000 0.0200 10.00 0.4872
53.4375 -20.9296 0.1033 0.6182 0.2785 0.00000 5.472 1500.0 12.0 0.0000 0.0200 10.00 0.9741
56.2500 -20.9296 0.2569 0.5128 0.2303 0.00000 5.651 1500.0 12.0 0.0000 0.0200 10.00 1.1190
59.0625 -20.9296 0.3798 0.3174 0.3028 0.00000 7.413 1500.0 12.0 0.0000 0.0200 10.00 0.2815
61.8750 -20.9296 0.3286 0.3088 0.3626 0.00000 8.660 1500.0 12.0 0.0000 5.0000 678.33 0.0628
64.6875 -20.9296 0.3409 0.3012 0.3579 0.00000 8.523 1500.0 12.0 0.0000 5.0000 672.97 0.0628
67.5000 -20.9296 0.3567 0.3863 0.2570 0.00000 6.492 1500.0 12.0 0.0000 0.2394 30.30 0.6612
70.3125 -20.9296 0.3096 0.4505 0.2399 0.00000 6.192 1500.0 12.0 0.0000 0.0200 10.00 0.9273
73.1250 -20.9296 0.4726 0.2247 0.3027 0.00000 7.580 1500.0 12.0 0.0000 5.0000 614.17 0.0628
75.9375 -20.9296 0.4269 0.2550 0.3182 0.00000 8.245 1500.0 12.0 0.0000 5.0000 633.31 0.0628
78.7500 -20.9296 0.3533 0.2964 0.3503 0.00000 8.834 1500.0 12.0 0.0000 5.0000 666.63 0.0628
81.5625 -20.9296 0.4408 0.2461 0.3130 0.00000 8.049 1500.0 12.0 0.0000 5.0000 627.32 0.0628
84.3750 -20.9296 0.4678 0.2245 0.3078 0.00000 7.448 1500.0 12.0 0.0000 5.0000 617.39 0.0628
87.1875 -20.9296 0.2600 0.3443 0.3958 0.00000 7.442 1500.0 12.0 0.0000 5.0000 710.52 0.0628
90.0000 -20.9296 0.2886 0.3207 0.3907 0.00000 6.954 1500.0 12.0 0.0000 5.0000 700.16 0.0628
135.0000 -20.9296 0.2041 0.4592 0.3366 0.00000 8.035 1500.0 12.0 0.0000 5.0000 706.59 0.0628
137.8125 -20.9296 0.5000 0.2350 0.2651 0.00000 7.099 1500.0 12.0 0.0000 5.0000 592.78 0.0628
140.6250 -20.9296 0.4106 0.2581 0.3313 0.00000 7.038 1500.0 12.0 0.0000 5.0000 642.79 0.0628
143.4375 -20.9296 0.2930 0.2928 0.4142 0.00000 6.957 1500.0 12.0 0.0000 5.0000 707.04 0.0628
146.2500 -20.9296 0.1758 0.4912 0.3330 0.00000 6.735 1500.0 12.0 0.0000 0.3095 44.19 0.5463
149.0625 -20.9296 0.0557 0.7296 0.2148 0.00000 5.464 1500.0 12.0 0.0000 0.0200 10.00 1.5469
171.5625 -20.9296 0.4929 0.2106 0.2965 0.00000 7.098 1500.0 12.0 0.0000 5.0000 605.89 0.0628
174.3750 -20.9296 0.4443 0.2367 0.3190 0.00000 7.503 1500.0 12.0 0.0000 3.7317 468.98 0.0628
177.1875 -20.9296 0.3194 0.2883 0.3923 0.00000 6.896 1500.0 12.0 0.0000 1.7473 241.64 0.0852
180.0000 -20.9296 0.3555 0.2766 0.3679 0.00000 7.208 1500.0 12.0 0.0000 1.5274 205.33 0.0868
-177.1875 -20.9296 0.3797 0.2871 0.3332 0.00000 6.845 1500.0 12.0 0.0000 1.5198 198.40 0.1024
-143.4375 -20.9296 0.6400 0.1379 0.2221 0.00000 6.727 1500.0 12.0 0.0000 5.0000 535.76 0.0628
-140.6250 -20.9296 0.4240 0.2319 0.3441 0.00000 6.808 1500.0 12.0 0.0000 5.0000 643.24 0.0628
-137.8125 -20.9296 0.2954 0.2984 0.4062 0.00000 7.250 1500.0 12.0 0.0000 5.0000 703.56 0.0628
-135.0000 -20.9296 0.3687 0.2700 0.3613 0.00000 7.587 1500.0 12.0 0.0000 5.0000 665.83 0.0628
-132.1875 -20.9296 0.4162 0.2462 0.3376 0.00000 7.377 1500.0 12.0 0.0000 5.0000 643.28 0.0628
-129.3750 -20.9296 0.4453 0.2374 0.3173 0.00000 7.739 1500.0 12.0 0.0000 5.0000 627.45 0.0628
-126.5625 -20.9296 0.4321 0.2543 0.3136 0.00000 7.646 1500.0 12.0 0.0000 1.5336 193.28 0.0881
-123.7500 -20.9296 0.3088 0.4570 0.2342 0.00000 7.265 1500.0 12.0 0.0000 0.5154 65.90 0.5479
-56.2500 -20.9296 0.1752 0.4932 0.3316 0.00000 7.400 1500.0 12.0 0.0000 1.1283 161.02 0.3591
-53.4375 -20.9296 0.1756 0.5002 0.3242 0.00000 7.914 1500.0 12.0 0.0000 0.7435 105.69 0.4298
-50.6250 -20.9296 0.1856 0.4772 0.3373 0.00000 7.722 1500.0 12.0 0.0000 0.6395 91.11 0.3843
-47.8125 -20.9296 0.1722 0.5215 0.3063 0.00000 8.265 1500.0 12.0 0.0000 0.4851 68.45 0.4501
-45.0000 -20.9296 0.1950 0.4757 0.3293 0.00000 7.289 1500.0 12.0 0.0000 0.8096 114.43 0.3886
-42.1875 -20.9296 0.2336 0.3884 0.3779 0.00000 7.760 1500.0 12.0 0.0000 1.0601 151.00 0.1933
-39.3750 -20.9296 0.2887 0.3249 0.3864 0.00000 7.073 1500.0 12.0 0.0000 1.6024 223.89 0.1138
-36.5625 -20.9296 0.3638 0.2791 0.3571 0.00000 6.768 1500.0 12.0 0.0000 1.6009 213.20 0.1238
-19.6875 -20.9296 0.1602 0.4890 0.3508 0.00000 8.041 1500.0 12.0 0.0000 5.0000 724.75 0.0628
-16.8750 -20.9296 0.4993 0.2350 0.2657 0.00000 7.296 1500.0 12.0 0.0000 5.0000 593.22 0.0628
-14.0625 -20.9296 0.3728 0.2869 0.3403 0.00000 8.552 1500.0 12.0 0.0000 5.0000 657.29 0.0628
-11.2500 -20.9296 0.3762 0.2899 0.3339 0.00000 8.418 1500.0 12.0 0.0000 5.0000 653.99 0.0628
-8.4375 -20.9296 0.5025 0.2372 0.2603 0.00000 7.514 1500.0 12.0 0.0000 1.6941 200.02 0.1557
-5.6250 -20.9296 0.2178 0.4887 0.2935 0.00000 7.416 1500.0 12.0 0.0000 1.2514 172.05 0.4042
-2.8125 -20.9296 0.3696 0.2851 0.3453 0.00000 6.895 1500.0 12.0 0.0000 5.0000 659.97 0.0628
11.2500 -23.7202 0.3466 0.3190 0.3344 0.00000 6.606 1500.0 12.0 0.0000 0.0847 11.23 0.2358
14.0625 -23.7202 0.1205 0.6022 0.2773 0.00000 5.955 1500.0 12.0 0.0000 0.0200 10.00 0.9276
16.8750 -23.7202 0.3273 0.3922 0.2805 0.00000 7.204 1500.0 12.0 0.0000 0.3330 43.30 0.4388
19.6875 -23.7202 0.4174 0.2535 0.3291 0.00000 7.633 1500.0 12.0 0.0000 5.0000 639.96 0.0628
22.5000 -23.7202 0.4759 0.2107 0.3135 0.00000 6.693 1500.0 12.0 0.0000 1.1688 144.22 0.0672
25.3125 -23.7202 0.6382 0.1452 0.2166 0.00000 6.523 1500.0 12.0 0.0000 1.5970 170.67 0.0869
28.1250 -23.7202 0.2149 0.4453 0.3397 0.00000 8.006 1500.0 12.0 0.0000 1.7343 244.33 0.0628
50.6250 -23.7202 0.3992 0.2644 0.3363 0.00000 7.060 1500.0 12.0 0.0000 5.0000 647.94 0.0628
53.4375 -23.7202 0.2904 0.2949 0.4147 0.00000 6.930 1500.0 12.0 0.0000 5.0000 708.05 0.0628
56.2500 -23.7202 0.4147 0.2465 0.3388 0.00000 7.218 1500.0 12.0 0.0000 5.0000 644.14 0.0628
59.0625 -23.7202 0.4646 0.2250 0.3104 0.00000 7.148 1500.0 12.0 0.0000 5.0000 619.25 0.0628
61.8750 -23.7202 0.4230 0.2499 0.3271 0.00000 7.616 1500.0 12.0 0.0000 5.0000 637.57 0.0628
64.6875 -23.7202 0.4361 0.2457 0.3182 0.00000 7.405 1500.0 12.0 0.0000 1.1550 145.65 0.0866
67.5000 -23.7202 0.4961 0.2046 0.2993 0.00000 6.800 1500.0 12.0 0.0000 5.0000 605.93 0.0628
70.3125 -23.7202 0.4966 0.2044 0.2990 0.00000 6.800 1500.0 12.0 0.0000 5.0000 605.66 0.0628
73.1250 -23.7202 0.4799 0.2151 0.3050 0.00000 6.982 1500.0 12.0 0.0000 5.0000 612.75 0.0628
75.9375 -23.7202 0.3681 0.2832 0.3487 0.00000 8.339 1500.0 12.0 0.0000 5.0000 661.61 0.0628
78.7500 -23.7202 0.3111 0.3169 0.3721 0.00000 8.903 1500.0 12.0 0.0000 5.0000 686.91 0.0628
81.5625 -23.7202 0.3527 0.2920 0.3553 0.00000 8.468 1500.0 12.0 0.0000 5.0000 668.53 0.0628
84.3750 -23.7202 0.4811 0.2225 0.2964 0.00000 7.769 1500.0 12.0 0.0000 5.0000 609.42 0.0628
87.1875 -23.7202 0.2833 0.3319 0.3849 0.00000 7.192 1500.0 12.0 0.0000 5.0000 699.71 0.0628
90.0000 -23.7202 0.2917 0.3277 0.3806 0.00000 7.110 1500.0 12.0 0.0000 5.0000 695.70 0.0628
95.6250 -23.7202 0.1808 0.5234 0.2958 0.00000 6.243 1500.0 12.0 0.0000 0.3158 44.17 0.7257
140.6250 -23.7202 0.4227 0.2926 0.2847 0.00000 7.381 1500.0 12.0 0.0000 5.0000 622.85 0.0628
143.4375 -23.7202 0.5306 0.2006 0.2688 0.00000 6.848 1500.0 12.0 0.0000 1.5560 182.02 0.0791
146.2500 -23.7202 0.4519 0.2200 0.3282 0.00000 6.691 1500.0 12.0 0.0000 5.0000 629.30 0.0628
168.7500 -23.7202 0.2211 0.3990 0.3799 0.00000 7.359 1500.0 12.0 0.0000 5.0000 716.65 0.0628
171.5625 -23.7202 0.2654 0.3533 0.3813 0.00000 7.539 1500.0 12.0 0.0000 5.0000 703.84 0.0628
174.3750 -23.7202 0.3088 0.2968 0.3944 0.00000 7.372 1500.0 12.0 0.0000 1.5197 211.36 0.0781
177.1875 -23.7202 0.4627 0.2262 0.3110 0.00000 6.819 1500.0 12.0 0.0000 1.6805 208.39 0.0758
180.0000 -23.7202 0.6043 0.1733 0.2224 0.00000 6.788 1500.0 12.0 0.0000 1.6236 177.47 0.1292
-146.2500 -23.7202 0.6417 0.1372 0.2212 0.00000 6.704 1500.0 12.0 0.0000 5.0000 534.90 0.0628
-143.4375 -23.7202 0.4874 0.2035 0.3091 0.00000 6.827 1500.0 12.0 0.0000 5.0000 611.94 0.0628
-140.6250 -23.7202 0.3224 0.2783 0.3993 0.00000 6.820 1500.0 12.0 0.0000 5.0000 693.02 0.0628
-137.8125 -23.7202 0.4053 0.2538 0.3409 0.00000 6.901 1500.0 12.0 0.0000 5.0000 647.75 0.0628
-135.0000 -23.7202 0.3201 0.3345 0.3454 0.00000 7.400 1500.0 12.0 0.0000 5.0000 674.87 0.0628
-132.1875 -23.7202 0.3753 0.2646 0.3601 0.00000 7.397 1500.0 12.0 0.0000 5.0000 663.42 0.0628
-129.3750 -23.7202 0.4422 0.2388 0.3190 0.00000 8.061 1500.0 12.0 0.0000 5.0000 628.99 0.0628
-126.5625 -23.7202 0.4431 0.2385 0.3184 0.00000 7.710 1500.0 12.0 0.0000 5.0000 628.51 0.0628
-123.7500 -23.7202 0.0519 0.7435 0.2046 0.00000 7.316 1500.0 12.0 0.0000 0.1831 25.86 0.9176
-120.9375 -23.7202 0.0000 0.8471 0.1529 0.00000 6.922 1500.0 12.0 0.0000 0.0200 10.00 1.3024
-56.2500 -23.7202 0.2976 0.3166 0.3858 0.00000 7.071 1500.0 12.0 0.0000 5.0000 695.76 0.0628
-53.4375 -23.7202 0.2440 0.4266 0.3294 0.00000 7.788 1500.0 12.0 0.0000 0.7660 106.02 0.2983
-50.6250 -23.7202 0.4084 0.3429 0.2487 0.00000 7.072 1500.0 12.0 0.0000 0.5359 65.87 0.4526
-47.8125 -23.7202 0.4383 0.3268 0.2349 0.00000 7.131 1500.0 12.0 0.0000 0.3512 42.19 0.4529
-45.0000 -23.7202 0.5291 0.2401 0.2308 0.00000 6.778 1500.0 12.0 0.0000 0.7973 91.22 0.2849
-42.1875 -23.7202 0.2529 0.3926 0.3546 0.00000 7.966 1500.0 12.0 0.0000 0.5313 74.19 0.2754
-39.3750 -23.7202 0.3484 0.2678 0.3838 0.00000 6.957 1500.0 12.0 0.0000 5.0000 679.80 0.0628
-19.6875 -23.7202 0.2213 0.4286 0.3502 0.00000 7.831 1500.0 12.0 0.0000 5.0000 706.18 0.0628
-16.8750 -23.7202 0.5072 0.2156 0.2773 0.00000 7.625 1500.0 12.0 0.0000 5.0000 594.91 0.0628
-14.0625 -23.7202 0.4458 0.2422 0.3120 0.00000 7.836 1500.0 12.0 0.0000 5.0000 625.44 0.0628
-11.2500 -23.7202 0.2529 0.3724 0.3747 0.00000 9.349 1500.0 12.0 0.0000 1.5953 225.03 0.0937
-8.4375 -23.7202 0.5386 0.1918 0.2695 0.00000 7.333 1500.0 12.0 0.0000 5.0000 582.75 0.0628
-5.6250 -23.7202 0.5170 0.2030 0.2801 0.00000 6.649 1500.0 12.0 0.0000 5.0000 592.93 0.0628
8.4375 -26.5108 0.3261 0.3690 0.3049 0.00000 7.460 1500.0 12.0 0.0000 0.7021 92.52 0.0628
11.2500 -26.5108 0.1734 0.5849 0.2417 0.00000 5.613 1500.0 12.0 0.0000 0.0200 10.00 1.0233
14.0625 -26.5108 0.0886 0.6440 0.2673 0.00000 5.576 1500.0 12.0 0.0000 0.0200 10.00 1.0718
16.8750 -26.5108 0.4826 0.2550 0.2624 0.00000 6.938 1500.0 12.0 0.0000 0.0200 10.00 0.2376
19.6875 -26.5108 0.3977 0.2993 0.3030 0.00000 7.506 1500.0 12.0 0.0000 0.1250 15.91 0.2289
22.5000 -26.5108 0.4839 0.2327 0.2834 0.00000 6.757 1500.0 12.0 0.0000 0.5117 61.81 0.1694
25.3125 -26.5108 0.5901 0.1928 0.2172 0.00000 6.771 1500.0 12.0 0.0000 1.3330 146.36 0.2007
28.1250 -26.5108 0.3456 0.3624 0.2919 0.00000 7.787 1500.0 12.0 0.0000 1.2630 163.80 0.1804
30.9375 -26.5108 0.1883 0.4828 0.3289 0.00000 7.918 1500.0 12.0 0.0000 1.0128 143.54 0.2357
50.6250 -26.5108 0.4049 0.2708 0.3244 0.00000 6.892 1500.0 12.0 0.0000 0.2940 37.75 0.1289
53.4375 -26.5108 0.3034 0.2889 0.4077 0.00000 6.877 1500.0 12.0 0.0000 0.5467 76.73 0.0709
56.2500 -26.5108 0.4129 0.2562 0.3308 0.00000 7.345 1500.0 12.0 0.0000 0.1828 23.47 0.0915
59.0625 -26.5108 0.3703 0.2942 0.3355 0.00000 8.061 1500.0 12.0 0.0000 0.1978 25.96 0.0993
61.8750 -26.5108 0.4049 0.2613 0.3338 0.00000 7.807 1500.0 12.0 0.0000 0.9723 125.49 0.0687
64.6875 -26.5108 0.3817 0.2729 0.3453 0.00000 8.114 1500.0 12.0 0.0000 1.5694 206.00 0.0642
67.5000 -26.5108 0.4222 0.2466 0.3312 0.00000 7.509 1500.0 12.0 0.0000 1.8697 239.04 0.0628
70.3125 -26.5108 0.4163 0.2558 0.3279 0.00000 7.656 1500.0 12.0 0.0000 1.3274 169.87 0.0770
73.1250 -26.5108 0.3188 0.3164 0.3648 0.00000 8.737 1500.0 12.0 0.0000 1.0714 146.14 0.0813
75.9375 -26.5108 0.2822 0.3358 0.3820 0.00000 9.185 1500.0 12.0 0.0000 1.2036 168.28 0.0692
78.7500 -26.5108 0.3227 0.3099 0.3675 0.00000 8.747 1500.0 12.0 0.0000 5.0000 681.82 0.0628
81.5625 -26.5108 0.3713 0.2803 0.3484 0.00000 8.202 1500.0 12.0 0.0000 5.0000 660.53 0.0628
84.3750 -26.5108 0.3213 0.3126 0.3660 0.00000 8.877 1500.0 12.0 0.0000 5.0000 681.71 0.0628
87.1875 -26.5108 0.4042 0.2500 0.3458 0.00000 7.367 1500.0 12.0 0.0000 5.0000 649.79 0.0628
90.0000 -26.5108 0.2746 0.3183 0.4071 0.00000 7.010 1500.0 12.0 0.0000 5.0000 710.11 0.0628
92.8125 -26.5108 0.0897 0.6500 0.2604 0.00000 6.273 1500.0 12.0 0.0000 0.0200 10.00 0.9176
95.6250 -26.5108 0.1704 0.6070 0.2226 0.00000 5.857 1500.0 12.0 0.0000 0.1476 19.98 1.1029
98.4375 -26.5108 0.0736 0.7269 0.1996 0.00000 6.906 1500.0 12.0 0.0000 0.2336 32.61 1.0297
168.7500 -26.5108 0.2295 0.3845 0.3860 0.00000 7.242 1500.0 12.0 0.0000 2.1838 312.84 0.0628
171.5625 -26.5108 0.3946 0.2707 0.3347 0.00000 7.095 1500.0 12.0 0.0000 1.8446 239.34 0.0669
174.3750 -26.5108 0.4538 0.2642 0.2820 0.00000 7.139 1500.0 12.0 0.0000 1.5281 187.21 0.0880
-146.2500 -26.5108 0.5742 0.1662 0.2596 0.00000 6.846 1500.0 12.0 0.0000 5.0000 568.59 0.0628
-143.4375 -26.5108 0.2983 0.2874 0.4143 0.00000 6.776 1500.0 12.0 0.0000 2.9493 416.16 0.0628
-140.6250 -26.5108 0.3405 0.2987 0.3608 0.00000 7.611 1500.0 12.0 0.0000 5.0000 674.16 0.0628
-132.1875 -26.5108 0.4191 0.2341 0.3469 0.00000 6.774 1500.0 12.0 0.0000 5.0000 645.69 0.0628
-129.3750 -26.5108 0.4054 0.2464 0.3482 0.00000 7.317 1500.0 12.0 0.0000 5.0000 650.24 0.0628
-126.5625 -26.5108 0.4490 0.2324 0.3186 0.00000 7.420 1500.0 12.0 0.0000 1.4500 181.77 0.0755
-123.7500 -26.5108 0.1236 0.6320 0.2443 0.00000 7.106 1500.0 12.0 0.0000 0.2106 29.42 0.7028
-56.2500 -26.5108 0.3789 0.2712 0.3498 0.00000 6.837 1500.0 12.0 0.0000 5.0000 658.77 0.0628
-53.4375 -26.5108 0.3119 0.2980 0.3901 0.00000 7.173 1500.0 12.0 0.0000 1.9261 266.94 0.0628
-50.6250 -26.5108 0.3131 0.3281 0.3588 0.00000 6.975 1500.0 12.0 0.0000 0.6659 90.78 0.2029
-47.8125 -26.5108 0.4154 0.3161 0.2686 0.00000 7.410 1500.0 12.0 0.0000 0.1849 22.90 0.3286
-45.0000 -26.5108 0.3432 0.3404 0.3164 0.00000 8.036 1500.0 12.0 0.0000 0.1147 15.09 0.2470
-42.1875 -26.5108 0.3053 0.3476 0.3471 0.00000 7.158 1500.0 12.0 0.0000 0.4758 64.70 0.2530
-39.3750 -26.5108 0.3458 0.2710 0.3832 0.00000 6.809 1500.0 12.0 0.0000 5.0000 680.36 0.0628
-19.6875 -26.5108 0.3132 0.3701 0.3166 0.00000 7.396 1500.0 12.0 0.0000 3.9012 520.30 0.0628
-16.8750 -26.5108 0.5971 0.1766 0.2262 0.00000 6.690 1500.0 12.0 0.0000 4.1330 454.67 0.0628
-14.0625 -26.5108 0.5372 0.1933 0.2695 0.00000 7.262 1500.0 12.0 0.0000 5.0000 583.15 0.0628
-11.2500 -26.5108 0.4496 0.2336 0.3168 0.00000 7.320 1500.0 12.0 0.0000 5.0000 625.99 0.0628
-8.4375 -26.5108 0.4793 0.2169 0.3038 0.00000 7.136 1500.0 12.0 0.0000 5.0000 612.54 0.0628
-5.6250 -26.5108 0.4644 0.2391 0.2964 0.00000 7.084 1500.0 12.0 0.0000 5.0000 614.42 0.0628
5.6250 -29.3014 0.5305 0.2305 0.2390 0.00000 6.659 1500.0 12.0 0.0000 0.2178 25.02 0.2279
8.4375 -29.3014 0.1692 0.5454 0.2854 0.00000 5.847 1500.0 12.0 0.0000 0.0200 10.00 0.7971
11.2500 -29.3014 0.0831 0.6488 0.2681 0.00000 5.398 1500.0 12.0 0.0000 0.0200 10.00 1.0706
14.0625 -29.3014 0.2507 0.4846 0.2647 0.00000 6.172 1500.0 12.0 0.0000 0.0200 10.00 0.7970
16.8750 -29.3014 0.3472 0.3484 0.3043 0.00000 7.606 1500.0 12.0 0.0000 0.0200 10.00 0.3256
19.6875 -29.3014 0.4450 0.2457 0.3093 0.00000 7.217 1500.0 12.0 0.0000 0.4029 50.35 0.1157
22.5000 -29.3014 0.4714 0.2371 0.2914 0.00000 6.788 1500.0 12.0 0.0000 0.7787 95.09 0.1607
25.3125 -29.3014 0.3716 0.3215 0.3069 0.00000 7.997 1500.0 12.0 0.0000 0.8964 115.80 0.2285
28.1250 -29.3014 0.4412 0.3012 0.2576 0.00000 7.571 1500.0 12.0 0.0000 0.9314 113.21 0.3151
30.9375 -29.3014 0.2516 0.4639 0.2845 0.00000 7.468 1500.0 12.0 0.0000 0.7143 96.30 0.4183
33.7500 -29.3014 0.2254 0.4663 0.3083 0.00000 7.205 1500.0 12.0 0.0000 0.8557 118.14 0.3955
47.8125 -29.3014 0.3491 0.3328 0.3180 0.00000 7.381 1500.0 12.0 0.0000 0.7255 95.27 0.0655
50.6250 -29.3014 0.4144 0.2545 0.3311 0.00000 6.947 1500.0 12.0 0.0000 0.7861 100.87 0.0827
53.4375 -29.3014 0.3129 0.2901 0.3970 0.00000 7.216 1500.0 12.0 0.0000 5.0000 695.08 0.0628
56.2500 -29.3014 0.4037 0.2506 0.3457 0.00000 7.129 1500.0 12.0 0.0000 5.0000 649.90 0.0628
59.0625 -29.3014 0.4620 0.2267 0.3113 0.00000 7.176 1500.0 12.0 0.0000 1.5021 186.36 0.0628
61.8750 -29.3014 0.3603 0.2866 0.3530 0.00000 8.327 1500.0 12.0 0.0000 5.0000 665.46 0.0628
64.6875 -29.3014 0.4466 0.2323 0.3211 0.00000 7.253 1500.0 12.0 0.0000 5.0000 628.42 0.0628
67.5000 -29.3014 0.3641 0.2843 0.3516 0.00000 8.273 1500.0 12.0 0.0000 5.0000 663.85 0.0628
70.3125 -29.3014 0.2894 0.3297 0.3809 0.00000 9.123 1500.0 12.0 0.0000 2.6033 362.63 0.0628
73.1250 -29.3014 0.2771 0.3372 0.3857 0.00000 9.261 1500.0 12.0 0.0000 3.2783 460.19 0.0628
75.9375 -29.3014 0.2588 0.3483 0.3929 0.00000 9.467 1500.0 12.0 0.0000 5.0000 709.88 0.0628
78.7500 -29.3014 0.2499 0.3546 0.3955 0.00000 9.500 1500.0 12.0 0.0000 5.0000 713.46 0.0628
81.5625 -29.3014 0.3113 0.3175 0.3712 0.00000 8.915 1500.0 12.0 0.0000 5.0000 686.54 0.0628
84.3750 -29.3014 0.3945 0.2718 0.3336 0.00000 8.224 1500.0 12.0 0.0000 5.0000 648.41 0.0628
87.1875 -29.3014 0.2844 0.3434 0.3722 0.00000 7.122 1500.0 12.0 0.0000 0.0200 10.00 0.2002
90.0000 -29.3014 0.2545 0.4068 0.3388 0.00000 6.411 1500.0 12.0 0.0000 0.0200 10.00 0.3837
92.8125 -29.3014 0.1887 0.5933 0.2179 0.00000 6.173 1500.0 12.0 0.0000 0.0200 10.00 0.9485
-149.0625 -29.3014 0.5610 0.1977 0.2413 0.00000 7.007 1500.0 12.0 0.0000 2.9471 333.69 0.0628
-146.2500 -29.3014 0.4662 0.2129 0.3209 0.00000 6.847 1500.0 12.0 0.0000 2.6523 330.19 0.0628
-143.4375 -29.3014 0.2913 0.3100 0.3987 0.00000 7.795 1500.0 12.0 0.0000 2.1555 302.69 0.0628
-140.6250 -29.3014 0.2705 0.3410 0.3885 0.00000 7.502 1500.0 12.0 0.0000 1.7042 240.24 0.0628
-137.8125 -29.3014 0.3124 0.3249 0.3628 0.00000 7.143 1500.0 12.0 0.0000 0.8998 122.96 0.0832
-129.3750 -29.3014 0.4934 0.2085 0.2980 0.00000 7.643 1500.0 12.0 0.0000 5.0000 606.28 0.0628
-126.5625 -29.3014 0.4934 0.2085 0.2980 0.00000 7.600 1500.0 12.0 0.0000 5.0000 606.28 0.0628
-56.2500 -29.3014 0.3064 0.3805 0.3131 0.00000 7.691 1500.0 12.0 0.0000 5.0000 667.66 0.0628
-53.4375 -29.3014 0.4321 0.2695 0.2984 0.00000 7.180 1500.0 12.0 0.0000 5.0000 624.82 0.0628
-50.6250 -29.3014 0.3080 0.2900 0.4020 0.00000 7.044 1500.0 12.0 0.0000 5.0000 698.28 0.0628
-47.8125 -29.3014 0.3474 0.2746 0.3780 0.00000 7.245 1500.0 12.0 0.0000 5.0000 678.11 0.0628
-45.0000 -29.3014 0.3316 0.3229 0.3455 0.00000 8.322 1500.0 12.0 0.0000 0.3390 45.52 0.1346
-42.1875 -29.3014 0.4116 0.2496 0.3388 0.00000 7.490 1500.0 12.0 0.0000 5.0000 645.08 0.0628
-39.3750 -29.3014 0.2948 0.3202 0.3850 0.00000 7.032 1500.0 12.0 0.0000 0.5143 71.63 0.1339
-36.5625 -29.3014 0.3327 0.2732 0.3941 0.00000 6.921 1500.0 12.0 0.0000 5.0000 688.11 0.0628
-33.7500 -29.3014 0.5550 0.1917 0.2533 0.00000 6.803 1500.0 12.0 0.0000 0.9036 103.40 0.1175
-16.8750 -29.3014 0.4288 0.2733 0.2980 0.00000 7.830 1500.0 12.0 0.0000 5.0000 625.66 0.0628
-14.0625 -29.3014 0.5688 0.1775 0.2538 0.00000 7.225 1500.0 12.0 0.0000 3.0377 345.19 0.0628
-11.2500 -29.3014 0.4374 0.2468 0.3158 0.00000 7.421 1500.0 12.0 0.0000 1.8598 234.08 0.0757
-8.4375 -29.3014 0.5058 0.2109 0.2834 0.00000 7.002 1500.0 12.0 0.0000 1.7337 207.16 0.0854
5.6250 -32.0919 0.4145 0.2369 0.3485 0.00000 6.774 1500.0 12.0 0.0000 5.0000 647.62 0.0628
8.4375 -32.0919 0.1276 0.5730 0.2994 0.00000 5.966 1500.0 12.0 0.0000 0.0200 10.00 0.8089
11.2500 -32.0919 0.1888 0.5207 0.2905 0.00000 6.023 1500.0 12.0 0.0000 0.0200 10.00 0.7858
14.0625 -32.0919 0.3010 0.3904 0.3087 0.00000 7.941 1500.0 12.0 0.0000 0.0200 10.00 0.3582
16.8750 -32.0919 0.2497 0.4138 0.3365 0.00000 8.812 1500.0 12.0 0.0000 0.0200 10.00 0.3032
19.6875 -32.0919 0.3525 0.2966 0.3508 0.00000 8.346 1500.0 12.0 0.0000 0.7603 101.43 0.0852
22.5000 -32.0919 0.4481 0.2494 0.3025 0.00000 7.088 1500.0 12.0 0.0000 0.6290 78.18 0.1465
25.3125 -32.0919 0.4385 0.2759 0.2856 0.00000 7.435 1500.0 12.0 0.0000 0.6275 77.61 0.2123
28.1250 -32.0919 0.5016 0.2586 0.2398 0.00000 7.196 1500.0 12.0 0.0000 1.0397 121.32 0.2773
30.9375 -32.0919 0.4490 0.2986 0.2524 0.00000 6.951 1500.0 12.0 0.0000 1.1033 133.21 0.3727
33.7500 -32.0919 0.3745 0.3061 0.3194 0.00000 7.060 1500.0 12.0 0.0000 0.4425 57.47 0.2619
47.8125 -32.0919 0.4440 0.2231 0.3328 0.00000 6.811 1500.0 12.0 0.0000 1.3690 173.39 0.0628
50.6250 -32.0919 0.2907 0.3090 0.4003 0.00000 6.954 1500.0 12.0 0.0000 0.7479 105.13 0.1098
53.4375 -32.0919 0.4556 0.2323 0.3121 0.00000 7.322 1500.0 12.0 0.0000 0.7264 90.44 0.0774
56.2500 -32.0919 0.4917 0.2131 0.2952 0.00000 7.164 1500.0 12.0 0.0000 0.7505 90.93 0.0662
59.0625 -32.0919 0.4254 0.2521 0.3225 0.00000 7.543 1500.0 12.0 0.0000 0.7952 101.03 0.0744
61.8750 -32.0919 0.3796 0.2801 0.3403 0.00000 8.051 1500.0 12.0 0.0000 1.0739 140.73 0.0785
64.6875 -32.0919 0.4009 0.2642 0.3349 0.00000 7.844 1500.0 12.0 0.0000 1.0341 133.81 0.0693
67.5000 -32.0919 0.5240 0.1962 0.2799 0.00000 7.164 1500.0 12.0 0.0000 1.9090 225.55 0.0628
70.3125 -32.0919 0.4059 0.2645 0.3296 0.00000 8.322 1500.0 12.0 0.0000 5.0000 643.57 0.0628
73.1250 -32.0919 0.2624 0.3474 0.3902 0.00000 9.265 1500.0 12.0 0.0000 0.7985 113.05 0.0730
75.9375 -32.0919 0.2622 0.3480 0.3898 0.00000 9.183 1500.0 12.0 0.0000 0.6704 94.90 0.0767
78.7500 -32.0919 0.2718 0.3519 0.3762 0.00000 9.076 1500.0 12.0 0.0000 0.0200 10.00 0.1128
81.5625 -32.0919 0.3147 0.3690 0.3162 0.00000 8.066 1500.0 12.0 0.0000 0.0200 10.00 0.2927
84.3750 -32.0919 0.3053 0.3328 0.3619 0.00000 7.230 1500.0 12.0 0.0000 0.0200 10.00 0.1847
87.1875 -32.0919 0.2791 0.3652 0.3557 0.00000 6.635 1500.0 12.0 0.0000 0.1280 17.68 0.2934
90.0000 -32.0919 0.3458 0.3956 0.2586 0.00000 6.145 1500.0 12.0 0.0000 0.0200 10.00 0.5982
92.8125 -32.0919 0.2766 0.4594 0.2640 0.00000 6.142 1500.0 12.0 0.0000 0.0200 10.00 0.6977
-149.0625 -32.0919 0.6295 0.1424 0.2281 0.00000 6.917 1500.0 12.0 0.0000 5.0000 540.97 0.0628
-146.2500 -32.0919 0.3621 0.2626 0.3752 0.00000 7.111 1500.0 12.0 0.0000 5.0000 672.69 0.0628
-143.4375 -32.0919 0.4279 0.2362 0.3360 0.00000 7.030 1500.0 12.0 0.0000 2.0917 267.41 0.0628
-140.6250 -32.0919 0.2842 0.3227 0.3932 0.00000 6.792 1500.0 12.0 0.0000 0.7934 111.44 0.1508
-137.8125 -32.0919 0.3565 0.2611 0.3825 0.00000 6.799 1500.0 12.0 0.0000 5.0000 676.91 0.0628
-135.0000 -32.0919 0.5280 0.1885 0.2835 0.00000 6.966 1500.0 12.0 0.0000 5.0000 590.82 0.0628
-50.6250 -32.0919 0.4631 0.2145 0.3224 0.00000 6.816 1500.0 12.0 0.0000 5.0000 623.91 0.0628
-47.8125 -32.0919 0.3154 0.2802 0.4043 0.00000 6.922 1500.0 12.0 0.0000 5.0000 696.89 0.0628
-45.0000 -32.0919 0.3357 0.2843 0.3801 0.00000 7.562 1500.0 12.0 0.0000 5.0000 682.32 0.0628
-42.1875 -32.0919 0.4825 0.2234 0.2940 0.00000 7.673 1500.0 12.0 0.0000 5.0000 608.16 0.0628
-39.3750 -32.0919 0.4436 0.2432 0.3132 0.00000 7.655 1500.0 12.0 0.0000 5.0000 626.53 0.0628
-36.5625 -32.0919 0.2992 0.2947 0.4060 0.00000 7.184 1500.0 12.0 0.0000 5.0000 702.35 0.0628
-33.7500 -32.0919 0.4841 0.2052 0.3107 0.00000 6.840 1500.0 12.0 0.0000 5.0000 613.52 0.0628
-19.6875 -32.0919 0.4800 0.2126 0.3074 0.00000 7.025 1500.0 12.0 0.0000 1.7797 218.41 0.0637
-16.8750 -32.0919 0.6109 0.1551 0.2340 0.00000 6.970 1500.0 12.0 0.0000 4.9394 541.98 0.0628
-14.0625 -32.0919 0.4892 0.2189 0.2919 0.00000 7.352 1500.0 12.0 0.0000 2.5140 304.38 0.0628
-11.2500 -32.0919 0.4643 0.2275 0.3082 0.00000 7.115 1500.0 12.0 0.0000 1.6355 202.34 0.0746
-8.4375 -32.0919 0.4869 0.2359 0.2772 0.00000 7.188 1500.0 12.0 0.0000 1.3651 164.07 0.1367
-5.6250 -32.0919 0.5138 0.2373 0.2489 0.00000 6.993 1500.0 12.0 0.0000 1.4173 165.24 0.2173
-2.8125 -32.0919 0.3988 0.2686 0.3325 0.00000 6.947 1500.0 12.0 0.0000 1.1084 143.37 0.1502
0.0000 -34.8825 0.3740 0.2792 0.3467 0.00000 6.791 1500.0 12.0 0.0000 0.7450 98.21 0.1436
2.8125 -34.8825 0.3647 0.2641 0.3713 0.00000 6.692 1500.0 12.0 0.0000 0.9761 130.90 0.0842
5.6250 -34.8825 0.3046 0.2964 0.3990 0.00000 7.107 1500.0 12.0 0.0000 5.0000 698.26 0.0628
8.4375 -34.8825 0.2984 0.3879 0.3137 0.00000 7.358 1500.0 12.0 0.0000 0.0200 10.00 0.3543
11.2500 -34.8825 0.2953 0.3647 0.3400 0.00000 7.834 1500.0 12.0 0.0000 0.0200 10.00 0.2204
14.0625 -34.8825 0.3911 0.3179 0.2910 0.00000 7.077 1500.0 12.0 0.0000 0.0200 10.00 0.3258
16.8750 -34.8825 0.3227 0.3644 0.3129 0.00000 7.920 1500.0 12.0 0.0000 0.1476 19.56 0.3178
19.6875 -34.8825 0.3260 0.3592 0.3148 0.00000 7.931 1500.0 12.0 0.0000 0.1284 17.02 0.3096
22.5000 -34.8825 0.4357 0.2971 0.2672 0.00000 6.973 1500.0 12.0 0.0000 0.1907 23.37 0.3357
25.3125 -34.8825 0.5242 0.2529 0.2229 0.00000 6.879 1500.0 12.0 0.0000 0.6208 70.87 0.3152
28.1250 -34.8825 0.4386 0.2966 0.2648 0.00000 6.912 1500.0 12.0 0.0000 0.6010 73.45 0.3425
30.9375 -34.8825 0.3577 0.2808 0.3615 0.00000 7.066 1500.0 12.0 0.0000 0.9117 122.02 0.1109
47.8125 -34.8825 0.5202 0.2217 0.2581 0.00000 6.796 1500.0 12.0 0.0000 0.5060 59.13 0.1793
50.6250 -34.8825 0.2752 0.3393 0.3855 0.00000 6.771 1500.0 12.0 0.0000 0.3728 52.36 0.1924
53.4375 -34.8825 0.2991 0.3408 0.3601 0.00000 8.239 1500.0 12.0 0.0000 0.0200 10.00 0.1611
56.2500 -34.8825 0.3205 0.3273 0.3523 0.00000 8.608 1500.0 12.0 0.0000 0.2280 30.88 0.0928
59.0625 -34.8825 0.4021 0.2661 0.3317 0.00000 7.815 1500.0 12.0 0.0000 0.7054 91.06 0.0702
61.8750 -34.8825 0.4436 0.2370 0.3194 0.00000 7.172 1500.0 12.0 0.0000 0.6912 86.91 0.0758
64.6875 -34.8825 0.3562 0.2830 0.3608 0.00000 7.615 1500.0 12.0 0.0000 1.0242 137.14 0.0651
67.5000 -34.8825 0.3051 0.2939 0.4010 0.00000 7.295 1500.0 12.0 0.0000 1.7912 250.34 0.0628
70.3125 -34.8825 0.3346 0.2873 0.3781 0.00000 7.058 1500.0 12.0 0.0000 0.8705 118.73 0.0994
73.1250 -34.8825 0.2647 0.3502 0.3851 0.00000 6.980 1500.0 12.0 0.0000 0.5189 73.20 0.2036
75.9375 -34.8825 0.2298 0.3996 0.3706 0.00000 6.889 1500.0 12.0 0.0000 0.2556 36.33 0.3175
78.7500 -34.8825 0.1478 0.5393 0.3130 0.00000 7.309 1500.0 12.0 0.0000 0.0200 10.00 0.6444
81.5625 -34.8825 0.1411 0.5558 0.3031 0.00000 6.135 1500.0 12.0 0.0000 0.0200 10.00 0.7558
84.3750 -34.8825 0.2065 0.5076 0.2859 0.00000 5.989 1500.0 12.0 0.0000 0.0200 10.00 0.7315
87.1875 -34.8825 0.3392 0.4050 0.2558 0.00000 6.061 1500.0 12.0 0.0000 0.0200 10.00 0.6122
90.0000 -34.8825 0.2701 0.4389 0.2910 0.00000 6.572 1500.0 12.0 0.0000 0.0200 10.00 0.3877
-151.8750 -34.8825 0.5760 0.1695 0.2545 0.00000 7.158 1500.0 12.0 0.0000 5.0000 566.27 0.0628
-149.0625 -34.8825 0.6137 0.1496 0.2367 0.00000 6.879 1500.0 12.0 0.0000 5.0000 548.74 0.0628
-146.2500 -34.8825 0.3703 0.2557 0.3740 0.00000 6.968 1500.0 12.0 0.0000 5.0000 669.82 0.0628
-143.4375 -34.8825 0.3660 0.2746 0.3594 0.00000 7.725 1500.0 12.0 0.0000 1.3749 183.13 0.0628
-140.6250 -34.8825 0.3808 0.2812 0.3379 0.00000 8.168 1500.0 12.0 0.0000 0.8559 111.95 0.0914
-137.8125 -34.8825 0.3632 0.3037 0.3330 0.00000 7.837 1500.0 12.0 0.0000 1.2914 169.85 0.1423
-135.0000 -34.8825 0.4174 0.2702 0.3124 0.00000 7.300 1500.0 12.0 0.0000 1.4751 187.07 0.1362
-129.3750 -34.8825 0.4383 0.2458 0.3158 0.00000 7.691 1500.0 12.0 0.0000 1.7445 219.47 0.0748
-47.8125 -34.8825 0.4884 0.2039 0.3077 0.00000 6.768 1500.0 12.0 0.0000 5.0000 611.15 0.0628
-45.0000 -34.8825 0.3067 0.2894 0.4039 0.00000 7.111 1500.0 12.0 0.0000 5.0000 699.33 0.0628
-42.1875 -34.8825 0.3976 0.2643 0.3381 0.00000 7.906 1500.0 12.0 0.0000 5.0000 649.04 0.0628
-39.3750 -34.8825 0.4598 0.2347 0.3055 0.00000 7.745 1500.0 12.0 0.0000 5.0000 618.99 0.0628
-36.5625 -34.8825 0.3313 0.2820 0.3867 0.00000 7.205 1500.0 12.0 0.0000 5.0000 685.94 0.0628
-33.7500 -34.8825 0.3822 0.2572 0.3606 0.00000 7.029 1500.0 12.0 0.0000 5.0000 661.54 0.0628
-30.9375 -34.8825 0.5219 0.1903 0.2878 0.00000 6.851 1500.0 12.0 0.0000 5.0000 594.17 0.0628
-19.6875 -34.8825 0.5405 0.2340 0.2255 0.00000 6.493 1500.0 12.0 0.0000 1.3701 155.30 0.3103
-16.8750 -34.8825 0.5842 0.1854 0.2304 0.00000 6.883 1500.0 12.0 0.0000 1.5245 169.33 0.1586
-14.0625 -34.8825 0.4583 0.2467 0.2950 0.00000 7.669 1500.0 12.0 0.0000 1.3764 169.51 0.1206
-11.2500 -34.8825 0.3753 0.2934 0.3313 0.00000 7.960 1500.0 12.0 0.0000 1.1400 148.97 0.1281
-8.4375 -34.8825 0.4007 0.2944 0.3048 0.00000 7.748 1500.0 12.0 0.0000 1.0575 134.61 0.1918
-5.6250 -34.8825 0.3055 0.3826 0.3119 0.00000 8.721 1500.0 12.0 0.0000 1.1059 147.64 0.2117
-2.8125 -34.8825 0.4256 0.2624 0.3120 0.00000 6.878 1500.0 12.0 0.0000 1.4856 187.64 0.1641
0.0000 -37.6731 0.6444 0.1321 0.2235 0.00000 6.520 1500.0 12.0 0.0000 5.0000 534.92 0.0628
2.8125 -37.6731 0.4163 0.2461 0.3376 0.00000 7.144 1500.0 12.0 0.0000 5.0000 643.26 0.0628
5.6250 -37.6731 0.4140 0.2562 0.3298 0.00000 7.640 1500.0 12.0 0.0000 5.0000 641.25 0.0628
8.4375 -37.6731 0.4802 0.2247 0.2950 0.00000 7.305 1500.0 12.0 0.0000 5.0000 609.18 0.0628
11.2500 -37.6731 0.3545 0.2872 0.3583 0.00000 8.048 1500.0 12.0 0.0000 5.0000 669.03 0.0628
14.0625 -37.6731 0.4082 0.2878 0.3040 0.00000 7.168 1500.0 12.0 0.0000 0.1021 12.94 0.2208
16.8750 -37.6731 0.3877 0.3156 0.2967 0.00000 7.335 1500.0 12.0 0.0000 0.1640 20.91 0.2814
19.6875 -37.6731 0.4846 0.2711 0.2443 0.00000 6.833 1500.0 12.0 0.0000 0.1773 20.92 0.3332
22.5000 -37.6731 0.5475 0.2420 0.2105 0.00000 6.335 1500.0 12.0 0.0000 0.2853 31.92 0.3710
25.3125 -37.6731 0.4467 0.3042 0.2491 0.00000 6.890 1500.0 12.0 0.0000 0.2417 29.15 0.3802
28.1250 -37.6731 0.4364 0.2278 0.3357 0.00000 6.760 1500.0 12.0 0.0000 2.2366 284.75 0.0628
47.8125 -37.6731 0.4879 0.2048 0.3073 0.00000 6.717 1500.0 12.0 0.0000 5.0000 611.17 0.0628
50.6250 -37.6731 0.2805 0.3189 0.4006 0.00000 7.258 1500.0 12.0 0.0000 0.5624 79.42 0.1094
53.4375 -37.6731 0.2517 0.3665 0.3818 0.00000 7.784 1500.0 12.0 0.0000 0.1000 14.16 0.1790
56.2500 -37.6731 0.2603 0.3628 0.3769 0.00000 8.192 1500.0 12.0 0.0000 0.0200 10.00 0.1698
59.0625 -37.6731 0.3249 0.3243 0.3508 0.00000 8.000 1500.0 12.0 0.0000 0.0582 10.00 0.1375
61.8750 -37.6731 0.3031 0.3131 0.3837 0.00000 7.284 1500.0 12.0 0.0000 0.2661 36.90 0.1211
64.6875 -37.6731 0.2716 0.3271 0.4013 0.00000 6.973 1500.0 12.0 0.0000 0.3563 50.52 0.1397
67.5000 -37.6731 0.4361 0.2575 0.3063 0.00000 6.720 1500.0 12.0 0.0000 0.7329 91.82 0.1714
70.3125 -37.6731 0.5114 0.2414 0.2472 0.00000 6.611 1500.0 12.0 0.0000 0.3764 43.89 0.2506
75.9375 -37.6731 0.3940 0.3728 0.2332 0.00000 6.095 1500.0 12.0 0.0000 0.4606 56.51 0.5515
78.7500 -37.6731 0.2641 0.4724 0.2635 0.00000 5.837 1500.0 12.0 0.0000 0.0200 10.00 0.7090
81.5625 -37.6731 0.3090 0.4474 0.2436 0.00000 5.756 1500.0 12.0 0.0000 0.0200 10.00 0.7471
84.3750 -37.6731 0.3269 0.4044 0.2687 0.00000 6.034 1500.0 12.0 0.0000 0.0200 10.00 0.6557
87.1875 -37.6731 0.3755 0.3245 0.3000 0.00000 6.513 1500.0 12.0 0.0000 0.0200 10.00 0.3734
-154.6875 -37.6731 0.5465 0.1830 0.2705 0.00000 7.316 1500.0 12.0 0.0000 5.0000 580.70 0.0628
-151.8750 -37.6731 0.6134 0.1509 0.2357 0.00000 6.945 1500.0 12.0 0.0000 5.0000 548.48 0.0628
-149.0625 -37.6731 0.6138 0.1493 0.2369 0.00000 7.015 1500.0 12.0 0.0000 5.0000 548.79 0.0628
-146.2500 -37.6731 0.3638 0.2635 0.3727 0.00000 7.339 1500.0 12.0 0.0000 2.0568 276.15 0.0628
-143.4375 -37.6731 0.4184 0.2514 0.3302 0.00000 7.935 1500.0 12.0 0.0000 5.0000 640.03 0.0628
-140.6250 -37.6731 0.4142 0.2615 0.3243 0.00000 8.118 1500.0 12.0 0.0000 1.5296 195.55 0.0784
-137.8125 -37.6731 0.4150 0.2533 0.3317 0.00000 7.401 1500.0 12.0 0.0000 1.7606 225.93 0.0906
-45.0000 -37.6731 0.3439 0.2812 0.3749 0.00000 6.871 1500.0 12.0 0.0000 0.5203 70.56 0.0922
-42.1875 -37.6731 0.3134 0.3215 0.3651 0.00000 7.727 1500.0 12.0 0.0000 0.1267 17.33 0.1369
-39.3750 -37.6731 0.5067 0.2340 0.2593 0.00000 7.318 1500.0 12.0 0.0000 0.2116 24.92 0.1714
-36.5625 -37.6731 0.4588 0.2302 0.3110 0.00000 7.586 1500.0 12.0 0.0000 5.0000 621.22 0.0628
-33.7500 -37.6731 0.2859 0.3031 0.4110 0.00000 7.315 1500.0 12.0 0.0000 5.0000 708.10 0.0628
-30.9375 -37.6731 0.4549 0.2175 0.3276 0.00000 6.769 1500.0 12.0 0.0000 5.0000 628.19 0.0628
-22.5000 -37.6731 0.4628 0.2165 0.3207 0.00000 6.773 1500.0 12.0 0.0000 5.0000 623.39 0.0628
-19.6875 -37.6731 0.4388 0.2403 0.3208 0.00000 6.776 1500.0 12.0 0.0000 1.4486 182.71 0.1225
-16.8750 -37.6731 0.3661 0.3158 0.3181 0.00000 7.536 1500.0 12.0 0.0000 0.9263 120.70 0.2357
-14.0625 -37.6731 0.4646 0.2567 0.2787 0.00000 7.285 1500.0 12.0 0.0000 1.0542 128.23 0.2022
-11.2500 -37.6731 0.4999 0.2357 0.2644 0.00000 7.413 1500.0 12.0 0.0000 1.1815 140.02 0.1680
-8.4375 -37.6731 0.4230 0.2709 0.3061 0.00000 7.506 1500.0 12.0 0.0000 1.1526 145.29 0.1533
-5.6250 -37.6731 0.3146 0.3258 0.3596 0.00000 8.803 1500.0 12.0 0.0000 5.0000 681.46 0.0628
-2.8125 -37.6731 0.5316 0.1905 0.2779 0.00000 7.014 1500.0 12.0 0.0000 5.0000 587.78 0.0628
0.0000 -40.4636 0.4941 0.2095 0.2965 0.00000 7.124 1500.0 12.0 0.0000 5.0000 605.54 0.0628
2.8125 -40.4636 0.3383 0.3077 0.3540 0.00000 8.569 1500.0 12.0 0.0000 5.0000 672.43 0.0628
5.6250 -40.4636 0.3746 0.2820 0.3434 0.00000 8.150 1500.0 12.0 0.0000 5.0000 657.80 0.0628
8.4375 -40.4636 0.2711 0.3623 0.3666 0.00000 9.196 1500.0 12.0 0.0000 5.0000 696.98 0.0628
11.2500 -40.4636 0.2684 0.3480 0.3837 0.00000 9.235 1500.0 12.0 0.0000 5.0000 703.77 0.0628
14.0625 -40.4636 0.4539 0.2316 0.3145 0.00000 7.219 1500.0 12.0 0.0000 0.5789 72.23 0.0710
16.8750 -40.4636 0.5282 0.1941 0.2778 0.00000 7.140 1500.0 12.0 0.0000 5.0000 588.77 0.0628
19.6875 -40.4636 0.3998 0.2841 0.3161 0.00000 8.351 1500.0 12.0 0.0000 0.2545 32.61 0.1213
22.5000 -40.4636 0.4458 0.2669 0.2872 0.00000 6.775 1500.0 12.0 0.0000 0.4858 59.92 0.2264
25.3125 -40.4636 0.3243 0.3331 0.3426 0.00000 7.019 1500.0 12.0 0.0000 0.0803 10.81 0.2366
28.1250 -40.4636 0.3930 0.2924 0.3146 0.00000 6.673 1500.0 12.0 0.0000 0.0200 10.00 0.2670
50.6250 -40.4636 0.3658 0.3484 0.2858 0.00000 6.257 1500.0 12.0 0.0000 0.1971 25.24 0.3871
53.4375 -40.4636 0.2544 0.3965 0.3490 0.00000 6.454 1500.0 12.0 0.0000 0.2962 41.23 0.3566
56.2500 -40.4636 0.2359 0.3878 0.3763 0.00000 6.703 1500.0 12.0 0.0000 0.0200 10.00 0.2841
59.0625 -40.4636 0.2590 0.3539 0.3871 0.00000 7.157 1500.0 12.0 0.0000 0.0200 10.00 0.1868
61.8750 -40.4636 0.4394 0.2248 0.3358 0.00000 6.724 1500.0 12.0 0.0000 5.0000 635.70 0.0628
64.6875 -40.4636 0.4895 0.2033 0.3072 0.00000 6.768 1500.0 12.0 0.0000 5.0000 610.69 0.0628
67.5000 -40.4636 0.6012 0.1727 0.2261 0.00000 6.798 1500.0 12.0 0.0000 0.6258 68.68 0.1281
-168.7500 -40.4636 0.4008 0.3012 0.2980 0.00000 7.433 1500.0 12.0 0.0000 5.0000 634.08 0.0628
-154.6875 -40.4636 0.4991 0.2198 0.2811 0.00000 7.476 1500.0 12.0 0.0000 0.1976 23.66 0.0986
-151.8750 -40.4636 0.6173 0.1477 0.2350 0.00000 6.835 1500.0 12.0 0.0000 5.0000 547.03 0.0628
-149.0625 -40.4636 0.4363 0.2256 0.3381 0.00000 6.801 1500.0 12.0 0.0000 5.0000 637.44 0.0628
-146.2500 -40.4636 0.3601 0.2911 0.3488 0.00000 7.298 1500.0 12.0 0.0000 0.4437 58.93 0.1230
-143.4375 -40.4636 0.4099 0.2839 0.3062 0.00000 7.864 1500.0 12.0 0.0000 0.6797 86.21 0.1352
-140.6250 -40.4636 0.3369 0.3288 0.3343 0.00000 7.355 1500.0 12.0 0.0000 0.6305 83.98 0.1940
-137.8125 -40.4636 0.2831 0.3489 0.3680 0.00000 6.707 1500.0 12.0 0.0000 0.8044 111.63 0.2274
-135.0000 -40.4636 0.3769 0.3293 0.2938 0.00000 7.538 1500.0 12.0 0.0000 1.3358 170.92 0.2103
-42.1875 -40.4636 0.2990 0.3526 0.3483 0.00000 7.116 1500.0 12.0 0.0000 0.0200 10.00 0.2691
-39.3750 -40.4636 0.3189 0.3445 0.3365 0.00000 7.318 1500.0 12.0 0.0000 0.0581 10.00 0.2328
-36.5625 -40.4636 0.3897 0.3053 0.3049 0.00000 7.620 1500.0 12.0 0.0000 0.1675 21.44 0.2142
-33.7500 -40.4636 0.3537 0.2957 0.3506 0.00000 7.574 1500.0 12.0 0.0000 0.3749 49.98 0.1116
-30.9375 -40.4636 0.3098 0.2849 0.4053 0.00000 6.855 1500.0 12.0 0.0000 5.0000 698.92 0.0628
-16.8750 -40.4636 0.3895 0.2630 0.3475 0.00000 6.884 1500.0 12.0 0.0000 1.1453 149.98 0.1167
-14.0625 -40.4636 0.4372 0.2499 0.3129 0.00000 7.329 1500.0 12.0 0.0000 1.0536 132.41 0.1130
-11.2500 -40.4636 0.6298 0.1468 0.2234 0.00000 6.699 1500.0 12.0 0.0000 1.7999 194.12 0.0932
-8.4375 -40.4636 0.5956 0.1638 0.2406 0.00000 6.726 1500.0 12.0 0.0000 1.4271 158.56 0.0956
-2.8125 -40.4636 0.5003 0.2026 0.2972 0.00000 6.793 1500.0 12.0 0.0000 5.0000 603.94 0.0628
0.0000 -43.2542 0.4712 0.2661 0.2628 0.00000 6.504 1500.0 12.0 0.0000 0.4802 57.68 0.3059
2.8125 -43.2542 0.4069 0.2683 0.3248 0.00000 7.643 1500.0 12.0 0.0000 0.8627 110.70 0.1099
5.6250 -43.2542 0.3661 0.2852 0.3488 0.00000 8.251 1500.0 12.0 0.0000 1.1329 150.06 0.0703
8.4375 -43.2542 0.2993 0.3262 0.3745 0.00000 8.992 1500.0 12.0 0.0000 5.0000 691.27 0.0628
11.2500 -43.2542 0.2523 0.3777 0.3700 0.00000 9.212 1500.0 12.0 0.0000 0.1966 27.67 0.1547
14.0625 -43.2542 0.3326 0.3384 0.3290 0.00000 8.182 1500.0 12.0 0.0000 0.0200 10.00 0.2131
16.8750 -43.2542 0.5441 0.2011 0.2548 0.00000 7.141 1500.0 12.0 0.0000 0.4915 56.61 0.1252
19.6875 -43.2542 0.5810 0.1613 0.2577 0.00000 6.626 1500.0 12.0 0.0000 5.0000 565.92 0.0628
22.5000 -43.2542 0.4486 0.2223 0.3291 0.00000 6.750 1500.0 12.0 0.0000 5.0000 630.63 0.0628
25.3125 -43.2542 0.2978 0.3220 0.3803 0.00000 6.849 1500.0 12.0 0.0000 0.1763 24.46 0.1706
53.4375 -43.2542 0.2925 0.4112 0.2963 0.00000 5.928 1500.0 12.0 0.0000 0.0200 10.00 0.4985
56.2500 -43.2542 0.2168 0.4494 0.3339 0.00000 5.903 1500.0 12.0 0.0000 0.0200 10.00 0.4945
59.0625 -43.2542 0.3927 0.3518 0.2555 0.00000 5.974 1500.0 12.0 0.0000 0.0200 10.00 0.4588
61.8750 -43.2542 0.4633 0.3083 0.2284 0.00000 6.098 1500.0 12.0 0.0000 0.0200 10.00 0.4398
-154.6875 -43.2542 0.3472 0.4555 0.1973 0.00000 5.906 1500.0 12.0 0.0000 0.0200 10.00 0.6980
-151.8750 -43.2542 0.4438 0.3140 0.2422 0.00000 6.267 1500.0 12.0 0.0000 0.0200 10.00 0.4000
-149.0625 -43.2542 0.3978 0.2459 0.3563 0.00000 7.041 1500.0 12.0 0.0000 5.0000 655.36 0.0628
-146.2500 -43.2542 0.3965 0.2700 0.3335 0.00000 7.274 1500.0 12.0 0.0000 0.1717 22.24 0.1164
-143.4375 -43.2542 0.4205 0.2937 0.2858 0.00000 7.377 1500.0 12.0 0.0000 0.1955 24.39 0.2055
-140.6250 -43.2542 0.3952 0.3122 0.2926 0.00000 6.899 1500.0 12.0 0.0000 0.3656 46.35 0.2538
-137.8125 -43.2542 0.3401 0.3574 0.3025 0.00000 7.509 1500.0 12.0 0.0000 0.6987 91.37 0.2530
-42.1875 -43.2542 0.2624 0.4759 0.2618 0.00000 5.670 1500.0 12.0 0.0000 0.0200 10.00 0.7380
-39.3750 -43.2542 0.2981 0.4175 0.2843 0.00000 5.987 1500.0 12.0 0.0000 0.0200 10.00 0.5929
-36.5625 -43.2542 0.3466 0.3039 0.3495 0.00000 6.842 1500.0 12.0 0.0000 0.3830 51.20 0.1928
-33.7500 -43.2542 0.3653 0.2971 0.3375 0.00000 6.939 1500.0 12.0 0.0000 0.0674 10.00 0.1994
-30.9375 -43.2542 0.3536 0.2830 0.3633 0.00000 6.880 1500.0 12.0 0.0000 0.3732 50.08 0.1291
-28.1250 -43.2542 0.4346 0.2458 0.3196 0.00000 6.936 1500.0 12.0 0.0000 0.5850 73.88 0.0846
-14.0625 -43.2542 0.3911 0.2530 0.3559 0.00000 7.159 1500.0 12.0 0.0000 5.0000 657.24 0.0628
-11.2500 -43.2542 0.4137 0.2876 0.2987 0.00000 7.318 1500.0 12.0 0.0000 0.3582 45.16 0.2206
-8.4375 -43.2542 0.4840 0.2802 0.2358 0.00000 6.213 1500.0 12.0 0.0000 0.2893 33.98 0.4275
0.0000 -46.0447 0.3643 0.3939 0.2417 0.00000 6.833 1500.0 12.0 0.0000 0.3154 39.45 0.5958
2.8125 -46.0447 0.2309 0.4675 0.3015 0.00000 7.935 1500.0 12.0 0.0000 0.0696 10.00 0.5311
5.6250 -46.0447 0.2517 0.4415 0.3069 0.00000 7.901 1500.0 12.0 0.0000 0.1421 19.38 0.4734
8.4375 -46.0447 0.3728 0.3501 0.2771 0.00000 6.555 1500.0 12.0 0.0000 0.1905 24.20 0.4638
11.2500 -46.0447 0.3208 0.3982 0.2809 0.00000 6.886 1500.0 12.0 0.0000 0.0200 10.00 0.5278
14.0625 -46.0447 0.3803 0.3786 0.2411 0.00000 6.584 1500.0 12.0 0.0000 0.0200 10.00 0.5804
16.8750 -46.0447 0.4777 0.3189 0.2034 0.00000 6.002 1500.0 12.0 0.0000 0.1504 17.38 0.5702
19.6875 -46.0447 0.5190 0.2839 0.1971 0.00000 5.751 1500.0 12.0 0.0000 0.0250 10.00 0.5297
22.5000 -46.0447 0.3639 0.3390 0.2971 0.00000 6.258 1500.0 12.0 0.0000 0.0200 10.00 0.4460
53.4375 -46.0447 0.5148 0.2623 0.2229 0.00000 6.276 1500.0 12.0 0.0000 0.0697 10.00 0.3264
56.2500 -46.0447 0.5166 0.2511 0.2323 0.00000 6.317 1500.0 12.0 0.0000 0.0769 10.00 0.2844
59.0625 -46.0447 0.5657 0.2138 0.2205 0.00000 6.430 1500.0 12.0 0.0000 0.2062 22.99 0.2247
-157.5000 -46.0447 0.1437 0.6529 0.2035 0.00000 6.380 1500.0 12.0 0.0000 0.0200 10.00 0.8262
-154.6875 -46.0447 0.2825 0.5213 0.1962 0.00000 5.890 1500.0 12.0 0.0000 0.0200 10.00 0.7763
-151.8750 -46.0447 0.2586 0.5124 0.2290 0.00000 6.246 1500.0 12.0 0.0000 0.0200 10.00 0.6419
-149.0625 -46.0447 0.2885 0.4749 0.2366 0.00000 6.884 1500.0 12.0 0.0000 0.0200 10.00 0.4976
-146.2500 -46.0447 0.3497 0.3954 0.2549 0.00000 7.200 1500.0 12.0 0.0000 0.0200 10.00 0.3598
-132.1875 -46.0447 0.0390 0.7074 0.2536 0.00000 6.511 1500.0 12.0 0.0000 1.2462 181.20 0.3582
-39.3750 -46.0447 0.2495 0.4712 0.2792 0.00000 5.607 1500.0 12.0 0.0000 0.0200 10.00 0.7448
-36.5625 -46.0447 0.2685 0.4235 0.3080 0.00000 5.958 1500.0 12.0 0.0000 0.0200 10.00 0.5395
-2.8125 -46.0447 0.4397 0.3338 0.2264 0.00000 5.860 1500.0 12.0 0.0000 0.2697 32.22 0.6069
0.0000 -48.8352 0.1845 0.5375 0.2780 0.00000 7.999 1500.0 12.0 0.0000 0.0200 10.00 0.6889
2.8125 -48.8352 0.2441 0.4871 0.2688 0.00000 7.486 1500.0 12.0 0.0000 0.0200 10.00 0.6634
5.6250 -48.8352 0.4361 0.3377 0.2262 0.00000 5.821 1500.0 12.0 0.0000 0.0200 10.00 0.5997
8.4375 -48.8352 0.3873 0.3568 0.2559 0.00000 5.970 1500.0 12.0 0.0000 0.0200 10.00 0.5753
11.2500 -48.8352 0.3717 0.3668 0.2615 0.00000 5.957 1500.0 12.0 0.0000 0.0200 10.00 0.5893
14.0625 -48.8352 0.3818 0.3615 0.2568 0.00000 5.922 1500.0 12.0 0.0000 0.0200 10.00 0.5868
16.8750 -48.8352 0.4412 0.3282 0.2306 0.00000 5.844 1500.0 12.0 0.0000 0.0746 10.00 0.5615
19.6875 -48.8352 0.4297 0.3208 0.2495 0.00000 5.977 1500.0 12.0 0.0000 0.0200 10.00 0.5076
22.5000 -48.8352 0.3712 0.3294 0.2994 0.00000 6.323 1500.0 12.0 0.0000 0.0200 10.00 0.4126
180.0000 -48.8352 0.3027 0.4533 0.2440 0.00000 7.002 1500.0 12.0 0.0000 0.0200 10.00 0.4404
-177.1875 -48.8352 0.2305 0.5299 0.2396 0.00000 6.793 1500.0 12.0 0.0000 0.0200 10.00 0.4723
-154.6875 -48.8352 0.2159 0.5694 0.2148 0.00000 6.626 1500.0 12.0 0.0000 0.0200 10.00 0.6731
-151.8750 -48.8352 0.2223 0.5610 0.2167 0.00000 6.635 1500.0 12.0 0.0000 0.0200 10.00 0.6570
-149.0625 -48.8352 0.2439 0.5329 0.2232 0.00000 6.745 1500.0 12.0 0.0000 0.0200 10.00 0.6035
-90.0000 -48.8352 0.3425 0.4198 0.2377 0.00000 5.293 1500.0 12.0 0.0000 0.0200 10.00 0.6816
-87.1875 -48.8352 0.1907 0.4897 0.3195 0.00000 5.358 1500.0 12.0 0.0000 0.0200 10.00 0.6210
-84.3750 -48.8352 0.3131 0.4020 0.2849 0.00000 5.577 1500.0 12.0 0.0000 0.0200 10.00 0.5640
-81.5625 -48.8352 0.3642 0.3619 0.2739 0.00000 5.805 1500.0 12.0 0.0000 0.0200 10.00 0.5188
-36.5625 -48.8352 0.2255 0.5212 0.2533 0.00000 6.420 1500.0 12.0 0.0000 0.0200 10.00 0.5030
-8.4375 -48.8352 0.2449 0.4504 0.3047 0.00000 5.890 1500.0 12.0 0.0000 0.1983 27.09 0.5682
-5.6250 -48.8352 0.2857 0.4218 0.2925 0.00000 5.867 1500.0 12.0 0.0000 0.0243 10.00 0.6375
-2.8125 -48.8352 0.4325 0.3574 0.2101 0.00000 5.753 1500.0 12.0 0.0000 0.3331 39.56 0.6902
0.0000 -51.6257 0.3722 0.3890 0.2387 0.00000 6.063 1500.0 12.0 0.0000 0.3573 44.44 0.6703
2.8125 -51.6257 0.4387 0.3469 0.2144 0.00000 5.595 1500.0 12.0 0.0000 0.3111 36.92 0.6664
5.6250 -51.6257 0.4857 0.3186 0.1958 0.00000 5.498 1500.0 12.0 0.0000 0.2436 27.91 0.6357
8.4375 -51.6257 0.5028 0.3064 0.1908 0.00000 5.531 1500.0 12.0 0.0000 0.1393 15.77 0.6056
11.2500 -51.6257 0.4978 0.3041 0.1981 0.00000 5.596 1500.0 12.0 0.0000 0.0339 10.00 0.5796
14.0625 -51.6257 0.5354 0.2815 0.1831 0.00000 5.576 1500.0 12.0 0.0000 0.4550 50.36 0.5544
16.8750 -51.6257 0.5419 0.2712 0.1868 0.00000 5.672 1500.0 12.0 0.0000 0.8326 92.06 0.5163
19.6875 -51.6257 0.4380 0.3057 0.2564 0.00000 6.064 1500.0 12.0 0.0000 0.4124 50.18 0.4465
143.4375 -51.6257 0.0309 0.7262 0.2428 0.00000 6.215 1500.0 12.0 0.0000 0.0200 10.00 0.4323
146.2500 -51.6257 0.0309 0.7262 0.2428 0.00000 6.237 1500.0 12.0 0.0000 0.0200 10.00 0.4324
165.9375 -51.6257 0.2997 0.4030 0.2972 0.00000 5.779 1500.0 12.0 0.0000 0.0200 10.00 0.5401
168.7500 -51.6257 0.2612 0.4328 0.3060 0.00000 5.693 1500.0 12.0 0.0000 0.0200 10.00 0.5257
171.5625 -51.6257 0.3085 0.3998 0.2917 0.00000 5.753 1500.0 12.0 0.0000 0.0200 10.00 0.5104
174.3750 -51.6257 0.2997 0.3947 0.3056 0.00000 5.833 1500.0 12.0 0.0000 0.0200 10.00 0.5113
177.1875 -51.6257 0.3318 0.3833 0.2849 0.00000 6.014 1500.0 12.0 0.0000 0.0200 10.00 0.5132
180.0000 -51.6257 0.2434 0.5190 0.2376 0.00000 6.548 1500.0 12.0 0.0000 0.0200 10.00 0.5215
-177.1875 -51.6257 0.2635 0.5053 0.2312 0.00000 6.665 1500.0 12.0 0.0000 0.0200 10.00 0.5508
-174.3750 -51.6257 0.2583 0.5143 0.2275 0.00000 6.698 1500.0 12.0 0.0000 0.0200 10.00 0.5689
-154.6875 -51.6257 0.3836 0.3514 0.2651 0.00000 7.338 1500.0 12.0 0.0000 0.0200 10.00 0.2868
-151.8750 -51.6257 0.3729 0.3652 0.2619 0.00000 7.299 1500.0 12.0 0.0000 0.0200 10.00 0.3095
-149.0625 -51.6257 0.3599 0.3822 0.2580 0.00000 7.253 1500.0 12.0 0.0000 0.0200 10.00 0.3377
-120.9375 -51.6257 0.0329 0.7184 0.2487 0.00000 6.285 1500.0 12.0 0.0000 0.0200 10.00 0.3906
-98.4375 -51.6257 0.2785 0.4289 0.2926 0.00000 5.657 1500.0 12.0 0.0000 0.0200 10.00 0.5838
-95.6250 -51.6257 0.2888 0.4186 0.2926 0.00000 5.383 1500.0 12.0 0.0000 0.0200 10.00 0.6527
-92.8125 -51.6257 0.3249 0.3937 0.2814 0.00000 5.258 1500.0 12.0 0.0000 0.0200 10.00 0.6429
-90.0000 -51.6257 0.3995 0.3490 0.2515 0.00000 5.153 1500.0 12.0 0.0000 0.0200 10.00 0.5769
-87.1875 -51.6257 0.2662 0.4178 0.3159 0.00000 5.255 1500.0 12.0 0.0000 0.0200 10.00 0.5044
-84.3750 -51.6257 0.2522 0.4153 0.3325 0.00000 5.462 1500.0 12.0 0.0000 0.0200 10.00 0.4709
-81.5625 -51.6257 0.3339 0.3861 0.2800 0.00000 5.472 1500.0 12.0 0.0000 0.0200 10.00 0.4970
-78.7500 -51.6257 0.3497 0.3696 0.2808 0.00000 5.730 1500.0 12.0 0.0000 0.0200 10.00 0.5193
-47.8125 -51.6257 0.2256 0.5050 0.2694 0.00000 6.887 1500.0 12.0 0.0000 0.0200 10.00 0.2541
-39.3750 -51.6257 0.3360 0.3989 0.2651 0.00000 7.187 1500.0 12.0 0.0000 0.0200 10.00 0.2862
-8.4375 -51.6257 0.2784 0.4185 0.3032 0.00000 5.970 1500.0 12.0 0.0000 0.0200 10.00 0.5862
-5.6250 -51.6257 0.3754 0.3712 0.2533 0.00000 5.757 1500.0 12.0 0.0000 0.0200 10.00 0.6283
-2.8125 -51.6257 0.4311 0.3542 0.2146 0.00000 5.517 1500.0 12.0 0.0000 0.6594 78.57 0.6573
0.0000 -54.4162 0.3204 0.3914 0.2881 0.00000 5.921 1500.0 12.0 0.0000 0.0200 10.00 0.5736
2.8125 -54.4162 0.3393 0.3807 0.2801 0.00000 5.912 1500.0 12.0 0.0000 0.0200 10.00 0.5806
5.6250 -54.4162 0.3709 0.3613 0.2677 0.00000 5.766 1500.0 12.0 0.0000 0.0200 10.00 0.5699
8.4375 -54.4162 0.4831 0.3051 0.2118 0.00000 5.599 1500.0 12.0 0.0000 0.0496 10.00 0.5505
11.2500 -54.4162 0.4310 0.3227 0.2463 0.00000 5.768 1500.0 12.0 0.0000 0.0200 10.00 0.5174
14.0625 -54.4162 0.3940 0.3314 0.2747 0.00000 5.967 1500.0 12.0 0.0000 0.0200 10.00 0.4798
16.8750 -54.4162 0.3733 0.3387 0.2880 0.00000 6.099 1500.0 12.0 0.0000 0.0200 10.00 0.4519
140.6250 -54.4162 0.0357 0.7070 0.2572 0.00000 6.352 1500.0 12.0 0.0000 0.0200 10.00 0.3305
143.4375 -54.4162 0.0340 0.7140 0.2520 0.00000 6.288 1500.0 12.0 0.0000 0.0200 10.00 0.3672
154.6875 -54.4162 0.3106 0.3845 0.3049 0.00000 5.901 1500.0 12.0 0.0000 0.0200 10.00 0.5035
157.5000 -54.4162 0.3149 0.3845 0.3006 0.00000 5.784 1500.0 12.0 0.0000 0.0200 10.00 0.5045
160.3125 -54.4162 0.4429 0.3114 0.2457 0.00000 5.707 1500.0 12.0 0.0000 0.0200 10.00 0.4878
163.1250 -54.4162 0.4662 0.2973 0.2365 0.00000 5.665 1500.0 12.0 0.0000 0.0200 10.00 0.4743
165.9375 -54.4162 0.4757 0.2951 0.2292 0.00000 5.565 1500.0 12.0 0.0000 0.0200 10.00 0.4735
168.7500 -54.4162 0.4104 0.3346 0.2550 0.00000 5.498 1500.0 12.0 0.0000 0.0200 10.00 0.4770
171.5625 -54.4162 0.3524 0.3604 0.2872 0.00000 5.650 1500.0 12.0 0.0000 0.0200 10.00 0.4837
174.3750 -54.4162 0.3326 0.3664 0.3010 0.00000 5.777 1500.0 12.0 0.0000 0.0200 10.00 0.4961
177.1875 -54.4162 0.3479 0.3606 0.2915 0.00000 5.785 1500.0 12.0 0.0000 0.0200 10.00 0.5110
180.0000 -54.4162 0.4053 0.3453 0.2493 0.00000 5.711 1500.0 12.0 0.0000 0.0200 10.00 0.5243
-165.9375 -54.4162 0.2994 0.4608 0.2398 0.00000 6.871 1500.0 12.0 0.0000 0.3396 43.75 0.4725
-163.1250 -54.4162 0.3406 0.4073 0.2522 0.00000 7.094 1500.0 12.0 0.0000 0.6429 81.79 0.3799
-151.8750 -54.4162 0.4380 0.2806 0.2814 0.00000 7.489 1500.0 12.0 0.0000 0.7322 90.37 0.1736
-137.8125 -54.4162 0.4551 0.2583 0.2865 0.00000 7.522 1500.0 12.0 0.0000 0.3757 46.12 0.1388
-135.0000 -54.4162 0.4592 0.2458 0.2950 0.00000 7.557 1500.0 12.0 0.0000 0.6752 83.12 0.1100
-132.1875 -54.4162 0.4346 0.2481 0.3174 0.00000 7.581 1500.0 12.0 0.0000 5.0000 630.71 0.0628
-98.4375 -54.4162 0.3342 0.3832 0.2826 0.00000 5.520 1500.0 12.0 0.0000 0.0200 10.00 0.4909
-95.6250 -54.4162 0.1964 0.4658 0.3378 0.00000 5.275 1500.0 12.0 0.0000 0.0200 10.00 0.5253
-92.8125 -54.4162 0.2138 0.4470 0.3392 0.00000 5.230 1500.0 12.0 0.0000 0.0200 10.00 0.4884
-90.0000 -54.4162 0.2979 0.3849 0.3172 0.00000 5.263 1500.0 12.0 0.0000 0.0200 10.00 0.4256
-87.1875 -54.4162 0.2211 0.4141 0.3648 0.00000 5.469 1500.0 12.0 0.0000 0.0200 10.00 0.3694
-84.3750 -54.4162 0.3095 0.3682 0.3223 0.00000 5.542 1500.0 12.0 0.0000 0.0200 10.00 0.3611
-81.5625 -54.4162 0.5004 0.2916 0.2080 0.00000 5.508 1500.0 12.0 0.0000 0.0200 10.00 0.4166
-61.8750 -54.4162 0.0427 0.6792 0.2781 0.00000 6.591 1500.0 12.0 0.0000 0.0200 10.00 0.1898
-50.6250 -54.4162 0.2899 0.4285 0.2816 0.00000 6.312 1500.0 12.0 0.0000 0.0200 10.00 0.3445
-47.8125 -54.4162 0.2727 0.4409 0.2864 0.00000 6.249 1500.0 12.0 0.0000 0.0200 10.00 0.3307
-45.0000 -54.4162 0.2787 0.4509 0.2703 0.00000 6.526 1500.0 12.0 0.0000 0.0200 10.00 0.3294
-42.1875 -54.4162 0.2829 0.4589 0.2581 0.00000 6.741 1500.0 12.0 0.0000 0.0200 10.00 0.3352
-39.3750 -54.4162 0.3334 0.4010 0.2656 0.00000 6.820 1500.0 12.0 0.0000 0.0200 10.00 0.3228
-36.5625 -54.4162 0.3749 0.3467 0.2783 0.00000 6.812 1500.0 12.0 0.0000 0.0200 10.00 0.3012
5.6250 -57.2066 0.2663 0.3945 0.3392 0.00000 6.066 1500.0 12.0 0.0000 0.2659 36.63 0.4045
8.4375 -57.2066 0.2994 0.3736 0.3270 0.00000 6.085 1500.0 12.0 0.0000 0.3080 41.56 0.3955
11.2500 -57.2066 0.3718 0.3246 0.3035 0.00000 6.231 1500.0 12.0 0.0000 0.0200 10.00 0.3825
14.0625 -57.2066 0.3700 0.3332 0.2968 0.00000 6.335 1500.0 12.0 0.0000 0.0200 10.00 0.3759
115.3125 -57.2066 0.2655 0.4814 0.2531 0.00000 6.698 1500.0 12.0 0.0000 0.0200 10.00 0.3717
151.8750 -57.2066 0.3363 0.3808 0.2829 0.00000 5.768 1500.0 12.0 0.0000 0.0200 10.00 0.5019
154.6875 -57.2066 0.2974 0.3961 0.3065 0.00000 5.536 1500.0 12.0 0.0000 0.0200 10.00 0.5221
157.5000 -57.2066 0.5081 0.2878 0.2041 0.00000 5.233 1500.0 12.0 0.0000 0.0200 10.00 0.5050
160.3125 -57.2066 0.5709 0.2476 0.1816 0.00000 5.253 1500.0 12.0 0.0000 0.0200 10.00 0.4637
163.1250 -57.2066 0.5267 0.2608 0.2125 0.00000 5.471 1500.0 12.0 0.0000 0.0200 10.00 0.4202
165.9375 -57.2066 0.4880 0.2765 0.2355 0.00000 5.613 1500.0 12.0 0.0000 0.0200 10.00 0.4037
168.7500 -57.2066 0.5307 0.2558 0.2135 0.00000 5.544 1500.0 12.0 0.0000 0.0200 10.00 0.4045
171.5625 -57.2066 0.5784 0.2352 0.1864 0.00000 5.427 1500.0 12.0 0.0000 0.0200 10.00 0.4185
174.3750 -57.2066 0.5113 0.2688 0.2200 0.00000 5.553 1500.0 12.0 0.0000 0.0200 10.00 0.4331
177.1875 -57.2066 0.4430 0.3041 0.2529 0.00000 5.655 1500.0 12.0 0.0000 0.1000 12.11 0.4469
180.0000 -57.2066 0.3417 0.3627 0.2956 0.00000 5.735 1500.0 12.0 0.0000 0.1949 25.37 0.4526
-177.1875 -57.2066 0.3343 0.3698 0.2959 0.00000 5.887 1500.0 12.0 0.0000 0.0200 10.00 0.4623
-165.9375 -57.2066 0.3481 0.3974 0.2544 0.00000 6.974 1500.0 12.0 0.0000 0.0200 10.00 0.3632
-163.1250 -57.2066 0.3841 0.3507 0.2652 0.00000 7.185 1500.0 12.0 0.0000 0.1237 15.52 0.2857
-154.6875 -57.2066 0.3813 0.3543 0.2644 0.00000 7.219 1500.0 12.0 0.0000 0.1087 13.65 0.2916
-151.8750 -57.2066 0.3369 0.4120 0.2511 0.00000 7.011 1500.0 12.0 0.0000 0.0200 10.00 0.3880
-140.6250 -57.2066 0.3267 0.4253 0.2480 0.00000 6.871 1500.0 12.0 0.0000 0.0200 10.00 0.4106
-123.7500 -57.2066 0.3908 0.3511 0.2581 0.00000 6.752 1500.0 12.0 0.0000 0.0843 10.50 0.3204
-120.9375 -57.2066 0.3802 0.3279 0.2919 0.00000 6.021 1500.0 12.0 0.0000 0.0200 10.00 0.3370
-118.1250 -57.2066 0.3412 0.3330 0.3258 0.00000 6.138 1500.0 12.0 0.0000 0.0200 10.00 0.3244
-115.3125 -57.2066 0.3630 0.3124 0.3245 0.00000 6.223 1500.0 12.0 0.0000 0.0200 10.00 0.2716
-106.8750 -57.2066 0.4168 0.2654 0.3178 0.00000 6.499 1500.0 12.0 0.0000 0.0200 10.00 0.1932
-104.0625 -57.2066 0.3945 0.2833 0.3222 0.00000 6.362 1500.0 12.0 0.0000 0.0200 10.00 0.2255
-101.2500 -57.2066 0.4008 0.2935 0.3057 0.00000 6.063 1500.0 12.0 0.0000 0.0200 10.00 0.2838
-98.4375 -57.2066 0.4209 0.2985 0.2806 0.00000 5.713 1500.0 12.0 0.0000 0.0200 10.00 0.3499
-95.6250 -57.2066 0.5003 0.2690 0.2307 0.00000 5.375 1500.0 12.0 0.0000 0.0200 10.00 0.3897
-92.8125 -57.2066 0.5751 0.2296 0.1953 0.00000 5.278 1500.0 12.0 0.0000 0.0200 10.00 0.3791
-90.0000 -57.2066 0.5206 0.2518 0.2277 0.00000 5.354 1500.0 12.0 0.0000 0.0200 10.00 0.3519
-87.1875 -57.2066 0.2661 0.3775 0.3563 0.00000 5.590 1500.0 12.0 0.0000 0.0200 10.00 0.3268
-84.3750 -57.2066 0.3382 0.3469 0.3148 0.00000 5.612 1500.0 12.0 0.0000 0.0200 10.00 0.3391
-81.5625 -57.2066 0.3507 0.3581 0.2912 0.00000 5.699 1500.0 12.0 0.0000 0.0200 10.00 0.4090
-64.6875 -57.2066 0.0493 0.6527 0.2979 0.00000 6.800 1500.0 12.0 0.0000 5.0000 739.49 0.0628
-61.8750 -57.2066 0.0477 0.6591 0.2931 0.00000 6.748 1500.0 12.0 0.0000 0.0200 10.00 0.0931
-53.4375 -57.2066 0.3676 0.3076 0.3248 0.00000 6.097 1500.0 12.0 0.0000 0.0200 10.00 0.2744
-50.6250 -57.2066 0.3258 0.3453 0.3289 0.00000 5.839 1500.0 12.0 0.0000 0.0200 10.00 0.3091
-47.8125 -57.2066 0.4191 0.3065 0.2745 0.00000 5.885 1500.0 12.0 0.0000 0.0200 10.00 0.3350
-45.0000 -57.2066 0.3602 0.3420 0.2978 0.00000 5.796 1500.0 12.0 0.0000 0.0200 10.00 0.3785
-42.1875 -57.2066 0.2920 0.4239 0.2840 0.00000 5.844 1500.0 12.0 0.0000 0.0200 10.00 0.4323
-39.3750 -57.2066 0.3517 0.3693 0.2790 0.00000 5.627 1500.0 12.0 0.0000 0.0200 10.00 0.4794
-36.5625 -57.2066 0.4505 0.3276 0.2218 0.00000 5.557 1500.0 12.0 0.0000 0.0200 10.00 0.4880
0.0000 -59.9970 0.5539 0.2286 0.2175 0.00000 6.337 1500.0 12.0 0.0000 0.4110 46.02 0.2635
2.8125 -59.9970 0.5590 0.1947 0.2463 0.00000 6.574 1500.0 12.0 0.0000 0.8082 91.89 0.1439
8.4375 -59.9970 0.4534 0.2225 0.3241 0.00000 7.020 1500.0 12.0 0.0000 5.0000 627.41 0.0628
70.3125 -59.9970 0.3161 0.3199 0.3640 0.00000 6.272 1500.0 12.0 0.0000 0.0200 10.00 0.2061
73.1250 -59.9970 0.3744 0.2849 0.3407 0.00000 6.381 1500.0 12.0 0.0000 0.0200 10.00 0.1868
75.9375 -59.9970 0.4931 0.2185 0.2885 0.00000 6.423 1500.0 12.0 0.0000 0.1285 15.50 0.1425
78.7500 -59.9970 0.4527 0.2394 0.3079 0.00000 6.739 1500.0 12.0 0.0000 0.1822 22.67 0.1288
81.5625 -59.9970 0.3662 0.2771 0.3567 0.00000 6.709 1500.0 12.0 0.0000 0.1431 19.03 0.1186
90.0000 -59.9970 0.3103 0.2940 0.3957 0.00000 6.517 1500.0 12.0 0.0000 0.0200 10.00 0.1073
92.8125 -59.9970 0.3869 0.2715 0.3416 0.00000 6.466 1500.0 12.0 0.0000 0.0200 10.00 0.1550
95.6250 -59.9970 0.4795 0.2398 0.2807 0.00000 6.149 1500.0 12.0 0.0000 0.0200 10.00 0.2111
98.4375 -59.9970 0.4645 0.2581 0.2774 0.00000 5.975 1500.0 12.0 0.0000 0.0200 10.00 0.2644
101.2500 -59.9970 0.2876 0.3641 0.3483 0.00000 6.177 1500.0 12.0 0.0000 0.0200 10.00 0.3061
104.0625 -59.9970 0.2388 0.4015 0.3597 0.00000 5.952 1500.0 12.0 0.0000 0.0200 10.00 0.3514
106.8750 -59.9970 0.3993 0.3266 0.2741 0.00000 5.644 1500.0 12.0 0.0000 0.0200 10.00 0.3755
109.6875 -59.9970 0.4319 0.3051 0.2631 0.00000 5.743 1500.0 12.0 0.0000 0.0200 10.00 0.3894
112.5000 -59.9970 0.3802 0.3223 0.2975 0.00000 5.882 1500.0 12.0 0.0000 0.0200 10.00 0.3893
151.8750 -59.9970 0.2900 0.3900 0.3200 0.00000 5.506 1500.0 12.0 0.0000 0.0200 10.00 0.4369
154.6875 -59.9970 0.2778 0.3884 0.3338 0.00000 5.665 1500.0 12.0 0.0000 0.0200 10.00 0.4147
157.5000 -59.9970 0.3203 0.3654 0.3143 0.00000 5.736 1500.0 12.0 0.0000 0.0200 10.00 0.3768
160.3125 -59.9970 0.4566 0.2896 0.2537 0.00000 5.917 1500.0 12.0 0.0000 0.0200 10.00 0.3374
163.1250 -59.9970 0.5552 0.2273 0.2175 0.00000 5.600 1500.0 12.0 0.0000 0.0200 10.00 0.3139
165.9375 -59.9970 0.4474 0.2806 0.2720 0.00000 5.986 1500.0 12.0 0.0000 0.0200 10.00 0.3076
168.7500 -59.9970 0.4404 0.2839 0.2757 0.00000 5.897 1500.0 12.0 0.0000 0.0200 10.00 0.3194
171.5625 -59.9970 0.5181 0.2481 0.2338 0.00000 5.734 1500.0 12.0 0.0000 0.0200 10.00 0.3323
174.3750 -59.9970 0.5825 0.2174 0.2001 0.00000 5.638 1500.0 12.0 0.0000 0.0200 10.00 0.3367
177.1875 -59.9970 0.6055 0.2060 0.1885 0.00000 5.637 1500.0 12.0 0.0000 0.4636 49.54 0.3360
180.0000 -59.9970 0.5551 0.2285 0.2164 0.00000 5.762 1500.0 12.0 0.0000 0.1042 11.65 0.3308
-177.1875 -59.9970 0.3511 0.3321 0.3168 0.00000 5.893 1500.0 12.0 0.0000 0.0200 10.00 0.3331
-174.3750 -59.9970 0.2529 0.3849 0.3622 0.00000 5.920 1500.0 12.0 0.0000 0.0200 10.00 0.3217
-171.5625 -59.9970 0.2690 0.3769 0.3540 0.00000 6.142 1500.0 12.0 0.0000 0.0200 10.00 0.2981
-168.7500 -59.9970 0.3298 0.3482 0.3220 0.00000 6.546 1500.0 12.0 0.0000 0.0200 10.00 0.2592
-165.9375 -59.9970 0.3877 0.3212 0.2911 0.00000 7.060 1500.0 12.0 0.0000 0.0200 10.00 0.2270
-163.1250 -59.9970 0.4212 0.3024 0.2764 0.00000 7.277 1500.0 12.0 0.0000 0.0200 10.00 0.2080
-160.3125 -59.9970 0.4159 0.3093 0.2748 0.00000 7.259 1500.0 12.0 0.0000 0.0200 10.00 0.2189
-151.8750 -59.9970 0.3359 0.4134 0.2508 0.00000 6.803 1500.0 12.0 0.0000 0.0200 10.00 0.3903
-149.0625 -59.9970 0.3183 0.4362 0.2455 0.00000 6.675 1500.0 12.0 0.0000 0.0200 10.00 0.4295
-146.2500 -59.9970 0.3156 0.4397 0.2447 0.00000 6.623 1500.0 12.0 0.0000 0.0200 10.00 0.4356
-140.6250 -59.9970 0.3481 0.3863 0.2656 0.00000 6.216 1500.0 12.0 0.0000 0.0200 10.00 0.3952
-137.8125 -59.9970 0.3651 0.3502 0.2848 0.00000 5.942 1500.0 12.0 0.0000 0.0200 10.00 0.3597
-135.0000 -59.9970 0.3140 0.3848 0.3012 0.00000 6.515 1500.0 12.0 0.0000 0.0200 10.00 0.3222
-132.1875 -59.9970 0.3851 0.3123 0.3025 0.00000 6.256 1500.0 12.0 0.0000 0.0200 10.00 0.2978
-129.3750 -59.9970 0.3760 0.3099 0.3141 0.00000 6.169 1500.0 12.0 0.0000 0.0200 10.00 0.2872
-123.7500 -59.9970 0.3817 0.3167 0.3016 0.00000 6.119 1500.0 12.0 0.0000 0.0200 10.00 0.2832
-120.9375 -59.9970 0.2838 0.3577 0.3585 0.00000 6.011 1500.0 12.0 0.0000 0.0200 10.00 0.2803
-118.1250 -59.9970 0.2600 0.3674 0.3726 0.00000 6.011 1500.0 12.0 0.0000 0.0200 10.00 0.2775
-115.3125 -59.9970 0.4291 0.2754 0.2956 0.00000 6.027 1500.0 12.0 0.0000 0.0200 10.00 0.2576
-112.5000 -59.9970 0.6069 0.1853 0.2079 0.00000 5.940 1500.0 12.0 0.0000 0.0200 10.00 0.2396
-109.6875 -59.9970 0.6211 0.1730 0.2059 0.00000 6.006 1500.0 12.0 0.0000 0.0708 10.00 0.2132
-106.8750 -59.9970 0.6150 0.1724 0.2126 0.00000 6.068 1500.0 12.0 0.0000 0.0200 10.00 0.1969
-104.0625 -59.9970 0.5376 0.2216 0.2408 0.00000 6.633 1500.0 12.0 0.0000 0.0261 10.00 0.2018
-101.2500 -59.9970 0.6103 0.1851 0.2046 0.00000 6.022 1500.0 12.0 0.0000 0.0200 10.00 0.2308
-98.4375 -59.9970 0.6288 0.1813 0.1898 0.00000 5.685 1500.0 12.0 0.0000 0.0200 10.00 0.2698
-95.6250 -59.9970 0.5912 0.2053 0.2035 0.00000 5.627 1500.0 12.0 0.0000 0.0200 10.00 0.2970
-92.8125 -59.9970 0.5237 0.2410 0.2353 0.00000 5.704 1500.0 12.0 0.0000 0.0200 10.00 0.3100
-90.0000 -59.9970 0.5889 0.2101 0.2009 0.00000 5.524 1500.0 12.0 0.0000 0.0200 10.00 0.3158
-87.1875 -59.9970 0.3762 0.3157 0.3081 0.00000 5.631 1500.0 12.0 0.0000 0.0200 10.00 0.3092
-84.3750 -59.9970 0.2643 0.3751 0.3607 0.00000 5.731 1500.0 12.0 0.0000 0.0200 10.00 0.3190
-81.5625 -59.9970 0.3040 0.3716 0.3244 0.00000 5.566 1500.0 12.0 0.0000 0.0200 10.00 0.3639
-78.7500 -59.9970 0.5229 0.2750 0.2021 0.00000 5.511 1500.0 12.0 0.0000 0.0200 10.00 0.3913
-56.2500 -59.9970 0.4374 0.2307 0.3319 0.00000 6.812 1500.0 12.0 0.0000 5.0000 634.93 0.0628
-53.4375 -59.9970 0.3361 0.2749 0.3890 0.00000 6.606 1500.0 12.0 0.0000 0.0972 13.32 0.0808
-50.6250 -59.9970 0.2930 0.3244 0.3825 0.00000 6.199 1500.0 12.0 0.0000 0.0200 10.00 0.1834
-47.8125 -59.9970 0.3301 0.3317 0.3382 0.00000 5.958 1500.0 12.0 0.0000 0.0200 10.00 0.2769
-45.0000 -59.9970 0.3008 0.3643 0.3349 0.00000 5.577 1500.0 12.0 0.0000 0.0200 10.00 0.3702
-42.1875 -59.9970 0.2407 0.4177 0.3416 0.00000 5.349 1500.0 12.0 0.0000 0.0200 10.00 0.4436
-39.3750 -59.9970 0.1988 0.4593 0.3418 0.00000 5.236 1500.0 12.0 0.0000 0.0200 10.00 0.4988
-36.5625 -59.9970 0.2975 0.4200 0.2826 0.00000 5.208 1500.0 12.0 0.0000 0.0200 10.00 0.5464
-33.7500 -59.9970 0.4112 0.3583 0.2305 0.00000 5.313 1500.0 12.0 0.0000 0.0200 10.00 0.5728
-2.8125 -59.9970 0.5277 0.2724 0.1999 0.00000 6.042 1500.0 12.0 0.0000 0.2155 24.21 0.3897
64.6875 -62.7874 0.4656 0.2595 0.2750 0.00000 6.266 1500.0 12.0 0.0000 0.0200 10.00 0.2475
67.5000 -62.7874 0.4369 0.2710 0.2921 0.00000 6.159 1500.0 12.0 0.0000 0.0200 10.00 0.2247
70.3125 -62.7874 0.2742 0.3403 0.3855 0.00000 6.171 1500.0 12.0 0.0000 0.0200 10.00 0.2063
73.1250 -62.7874 0.2718 0.3327 0.3955 0.00000 6.227 1500.0 12.0 0.0000 0.0200 10.00 0.1756
75.9375 -62.7874 0.5441 0.1912 0.2648 0.00000 6.236 1500.0 12.0 0.0000 0.3243 37.58 0.1329
78.7500 -62.7874 0.6493 0.1342 0.2165 0.00000 6.314 1500.0 12.0 0.0000 0.5700 60.53 0.0976
81.5625 -62.7874 0.5759 0.1631 0.2610 0.00000 6.655 1500.0 12.0 0.0000 5.0000 568.56 0.0628
84.3750 -62.7874 0.5011 0.2074 0.2916 0.00000 7.254 1500.0 12.0 0.0000 5.0000 601.73 0.0628
95.6250 -62.7874 0.6454 0.1624 0.1922 0.00000 5.836 1500.0 12.0 0.0000 0.0200 10.00 0.2171
98.4375 -62.7874 0.6248 0.1806 0.1946 0.00000 5.690 1500.0 12.0 0.0000 0.0200 10.00 0.2568
101.2500 -62.7874 0.3883 0.3050 0.3067 0.00000 5.728 1500.0 12.0 0.0000 0.0200 10.00 0.2889
104.0625 -62.7874 0.2809 0.3696 0.3495 0.00000 5.942 1500.0 12.0 0.0000 0.0200 10.00 0.3257
106.8750 -62.7874 0.4251 0.3068 0.2681 0.00000 5.721 1500.0 12.0 0.0000 0.0200 10.00 0.3537
109.6875 -62.7874 0.4297 0.3003 0.2700 0.00000 5.956 1500.0 12.0 0.0000 0.0200 10.00 0.3688
112.5000 -62.7874 0.3735 0.3286 0.2979 0.00000 5.990 1500.0 12.0 0.0000 0.0200 10.00 0.3709
151.8750 -62.7874 0.4470 0.2997 0.2533 0.00000 5.553 1500.0 12.0 0.0000 0.0200 10.00 0.3479
154.6875 -62.7874 0.4063 0.3061 0.2876 0.00000 5.766 1500.0 12.0 0.0000 0.0200 10.00 0.3000
157.5000 -62.7874 0.3082 0.3420 0.3498 0.00000 6.005 1500.0 12.0 0.0000 0.0200 10.00 0.2611
160.3125 -62.7874 0.2454 0.3823 0.3723 0.00000 6.980 1500.0 12.0 0.0000 0.0200 10.00 0.2346
163.1250 -62.7874 0.4891 0.2497 0.2612 0.00000 6.257 1500.0 12.0 0.0000 0.0200 10.00 0.2274
165.9375 -62.7874 0.5215 0.2379 0.2406 0.00000 6.374 1500.0 12.0 0.0000 0.0200 10.00 0.2404
168.7500 -62.7874 0.4351 0.2830 0.2818 0.00000 6.250 1500.0 12.0 0.0000 0.0200 10.00 0.2687
171.5625 -62.7874 0.4395 0.2790 0.2815 0.00000 5.992 1500.0 12.0 0.0000 0.0200 10.00 0.2905
174.3750 -62.7874 0.5188 0.2382 0.2430 0.00000 5.894 1500.0 12.0 0.0000 0.0200 10.00 0.2835
177.1875 -62.7874 0.4945 0.2464 0.2590 0.00000 6.061 1500.0 12.0 0.0000 0.0200 10.00 0.2645
180.0000 -62.7874 0.5640 0.2064 0.2296 0.00000 6.047 1500.0 12.0 0.0000 0.0200 10.00 0.2358
-177.1875 -62.7874 0.5844 0.1902 0.2254 0.00000 6.097 1500.0 12.0 0.0000 0.0200 10.00 0.2072
-174.3750 -62.7874 0.4683 0.2401 0.2916 0.00000 6.269 1500.0 12.0 0.0000 0.0200 10.00 0.1810
-171.5625 -62.7874 0.4420 0.2500 0.3080 0.00000 6.299 1500.0 12.0 0.0000 0.0200 10.00 0.1707
-168.7500 -62.7874 0.4916 0.2306 0.2778 0.00000 6.485 1500.0 12.0 0.0000 0.0200 10.00 0.1628
-165.9375 -62.7874 0.4105 0.2813 0.3082 0.00000 6.866 1500.0 12.0 0.0000 0.0200 10.00 0.1686
-163.1250 -62.7874 0.3936 0.2983 0.3081 0.00000 6.763 1500.0 12.0 0.0000 0.0200 10.00 0.1950
-160.3125 -62.7874 0.3904 0.3171 0.2924 0.00000 6.767 1500.0 12.0 0.0000 0.0200 10.00 0.2306
-157.5000 -62.7874 0.3634 0.3514 0.2852 0.00000 6.872 1500.0 12.0 0.0000 0.0200 10.00 0.2709
-149.0625 -62.7874 0.4422 0.3229 0.2349 0.00000 6.271 1500.0 12.0 0.0000 0.0200 10.00 0.3374
-146.2500 -62.7874 0.3842 0.3461 0.2696 0.00000 6.144 1500.0 12.0 0.0000 0.0200 10.00 0.3374
-143.4375 -62.7874 0.3310 0.3553 0.3138 0.00000 5.777 1500.0 12.0 0.0000 0.0200 10.00 0.3341
-140.6250 -62.7874 0.2919 0.3914 0.3166 0.00000 6.232 1500.0 12.0 0.0000 0.0200 10.00 0.3216
-137.8125 -62.7874 0.3219 0.3896 0.2885 0.00000 6.620 1500.0 12.0 0.0000 0.0200 10.00 0.3106
-135.0000 -62.7874 0.3824 0.3511 0.2665 0.00000 6.567 1500.0 12.0 0.0000 0.0200 10.00 0.2998
-132.1875 -62.7874 0.4811 0.2684 0.2505 0.00000 6.062 1500.0 12.0 0.0000 0.0200 10.00 0.2850
-129.3750 -62.7874 0.5068 0.2381 0.2551 0.00000 5.912 1500.0 12.0 0.0000 0.0200 10.00 0.2678
-126.5625 -62.7874 0.5016 0.2379 0.2605 0.00000 5.974 1500.0 12.0 0.0000 0.0200 10.00 0.2542
-123.7500 -62.7874 0.5059 0.2342 0.2599 0.00000 5.961 1500.0 12.0 0.0000 0.0200 10.00 0.2423
-120.9375 -62.7874 0.4442 0.2629 0.2929 0.00000 6.086 1500.0 12.0 0.0000 0.0200 10.00 0.2229
-118.1250 -62.7874 0.4779 0.2484 0.2738 0.00000 6.346 1500.0 12.0 0.0000 0.0200 10.00 0.2104
-115.3125 -62.7874 0.5811 0.1901 0.2288 0.00000 6.281 1500.0 12.0 0.0000 0.0200 10.00 0.1844
-112.5000 -62.7874 0.5704 0.1961 0.2335 0.00000 6.413 1500.0 12.0 0.0000 0.0200 10.00 0.1766
-109.6875 -62.7874 0.5624 0.1952 0.2424 0.00000 6.221 1500.0 12.0 0.0000 0.0200 10.00 0.1766
-106.8750 -62.7874 0.5414 0.2051 0.2535 0.00000 6.269 1500.0 12.0 0.0000 0.0200 10.00 0.1742
-104.0625 -62.7874 0.4916 0.2356 0.2728 0.00000 6.739 1500.0 12.0 0.0000 0.0200 10.00 0.1742
-101.2500 -62.7874 0.5128 0.2235 0.2637 0.00000 6.449 1500.0 12.0 0.0000 0.0200 10.00 0.1814
-98.4375 -62.7874 0.4766 0.2432 0.2802 0.00000 6.257 1500.0 12.0 0.0000 0.0200 10.00 0.2037
-95.6250 -62.7874 0.4601 0.2552 0.2848 0.00000 6.211 1500.0 12.0 0.0000 0.0200 10.00 0.2223
-92.8125 -62.7874 0.4462 0.2717 0.2821 0.00000 6.561 1500.0 12.0 0.0000 0.0200 10.00 0.2350
-90.0000 -62.7874 0.4914 0.2575 0.2511 0.00000 6.681 1500.0 12.0 0.0000 0.0200 10.00 0.2409
-87.1875 -62.7874 0.3852 0.2968 0.3180 0.00000 6.145 1500.0 12.0 0.0000 0.0200 10.00 0.2306
-84.3750 -62.7874 0.2530 0.3654 0.3816 0.00000 6.290 1500.0 12.0 0.0000 0.0200 10.00 0.2345
-81.5625 -62.7874 0.3208 0.3254 0.3538 0.00000 6.051 1500.0 12.0 0.0000 0.0200 10.00 0.2291
-78.7500 -62.7874 0.4312 0.2675 0.3013 0.00000 6.157 1500.0 12.0 0.0000 0.0200 10.00 0.2007
-59.0625 -62.7874 0.4244 0.2365 0.3391 0.00000 6.714 1500.0 12.0 0.0000 0.1392 17.86 0.0768
-56.2500 -62.7874 0.4082 0.2463 0.3456 0.00000 6.647 1500.0 12.0 0.0000 0.0200 10.00 0.0882
-53.4375 -62.7874 0.3913 0.2577 0.3510 0.00000 6.764 1500.0 12.0 0.0000 0.0200 10.00 0.0944
-50.6250 -62.7874 0.4701 0.2161 0.3138 0.00000 6.886 1500.0 12.0 0.0000 5.0000 618.78 0.0628
-47.8125 -62.7874 0.5480 0.1976 0.2544 0.00000 6.066 1500.0 12.0 0.0000 0.0200 10.00 0.1675
-45.0000 -62.7874 0.3641 0.3134 0.3225 0.00000 5.737 1500.0 12.0 0.0000 0.0200 10.00 0.2741
-42.1875 -62.7874 0.2760 0.3759 0.3482 0.00000 5.630 1500.0 12.0 0.0000 0.0200 10.00 0.3419
-39.3750 -62.7874 0.2166 0.4232 0.3603 0.00000 5.486 1500.0 12.0 0.0000 0.0200 10.00 0.3941
-36.5625 -62.7874 0.2676 0.4099 0.3225 0.00000 5.411 1500.0 12.0 0.0000 0.0200 10.00 0.4422
-33.7500 -62.7874 0.3089 0.3997 0.2914 0.00000 5.351 1500.0 12.0 0.0000 0.0200 10.00 0.4849
-30.9375 -62.7874 0.3593 0.3791 0.2616 0.00000 5.332 1500.0 12.0 0.0000 0.0200 10.00 0.5149
-28.1250 -62.7874 0.2555 0.4384 0.3061 0.00000 5.285 1500.0 12.0 0.0000 0.0200 10.00 0.5337
-25.3125 -62.7874 0.2824 0.4258 0.2918 0.00000 5.272 1500.0 12.0 0.0000 0.0200 10.00 0.5395
-22.5000 -62.7874 0.3160 0.4075 0.2765 0.00000 5.281 1500.0 12.0 0.0000 0.0200 10.00 0.5333
-19.6875 -62.7874 0.4525 0.3375 0.2100 0.00000 5.316 1500.0 12.0 0.0000 0.0200 10.00 0.5193
-14.0625 -62.7874 0.3894 0.3635 0.2471 0.00000 5.508 1500.0 12.0 0.0000 0.0200 10.00 0.4942
-11.2500 -62.7874 0.4333 0.3328 0.2339 0.00000 5.578 1500.0 12.0 0.0000 0.0200 10.00 0.4808
-8.4375 -62.7874 0.5085 0.2955 0.1960 0.00000 5.681 1500.0 12.0 0.0000 0.0200 10.00 0.4505
-5.6250 -62.7874 0.5222 0.2698 0.2080 0.00000 5.964 1500.0 12.0 0.0000 0.0200 10.00 0.3739
-2.8125 -62.7874 0.5229 0.2342 0.2429 0.00000 6.379 1500.0 12.0 0.0000 0.0200 10.00 0.2402
61.8750 -65.5776 0.4329 0.2868 0.2803 0.00000 6.111 1500.0 12.0 0.0000 0.0200 10.00 0.2886
64.6875 -65.5776 0.4411 0.2762 0.2827 0.00000 6.078 1500.0 12.0 0.0000 0.0200 10.00 0.2758
67.5000 -65.5776 0.4286 0.2843 0.2871 0.00000 5.950 1500.0 12.0 0.0000 0.0200 10.00 0.2561
70.3125 -65.5776 0.2629 0.3515 0.3856 0.00000 6.023 1500.0 12.0 0.0000 0.0200 10.00 0.2235
73.1250 -65.5776 0.2711 0.3358 0.3930 0.00000 6.139 1500.0 12.0 0.0000 0.0200 10.00 0.1850
75.9375 -65.5776 0.4470 0.2386 0.3144 0.00000 6.230 1500.0 12.0 0.0000 0.0200 10.00 0.1401
78.7500 -65.5776 0.6133 0.1583 0.2283 0.00000 6.309 1500.0 12.0 0.0000 0.0200 10.00 0.1213
81.5625 -65.5776 0.6175 0.1526 0.2300 0.00000 6.386 1500.0 12.0 0.0000 0.0200 10.00 0.1033
84.3750 -65.5776 0.6380 0.1413 0.2207 0.00000 6.388 1500.0 12.0 0.0000 0.4827 51.73 0.0976
87.1875 -65.5776 0.5991 0.1643 0.2366 0.00000 6.372 1500.0 12.0 0.0000 0.0200 10.00 0.1154
95.6250 -65.5776 0.5123 0.2271 0.2606 0.00000 6.104 1500.0 12.0 0.0000 0.0200 10.00 0.2117
98.4375 -65.5776 0.6242 0.1761 0.1997 0.00000 5.777 1500.0 12.0 0.0000 0.0200 10.00 0.2328
101.2500 -65.5776 0.5418 0.2217 0.2365 0.00000 5.696 1500.0 12.0 0.0000 0.0200 10.00 0.2600
104.0625 -65.5776 0.2943 0.3515 0.3543 0.00000 5.801 1500.0 12.0 0.0000 0.0200 10.00 0.2890
106.8750 -65.5776 0.3036 0.3515 0.3449 0.00000 5.792 1500.0 12.0 0.0000 0.0200 10.00 0.3171
109.6875 -65.5776 0.3221 0.3455 0.3324 0.00000 5.805 1500.0 12.0 0.0000 0.0200 10.00 0.3223
112.5000 -65.5776 0.3979 0.3053 0.2969 0.00000 6.119 1500.0 12.0 0.0000 0.0200 10.00 0.3180
115.3125 -65.5776 0.2204 0.4957 0.2839 0.00000 6.246 1500.0 12.0 0.0000 0.0200 10.00 0.3010
120.9375 -65.5776 0.0416 0.6835 0.2748 0.00000 6.458 1500.0 12.0 0.0000 0.0200 10.00 0.2115
123.7500 -65.5776 0.0473 0.6609 0.2919 0.00000 6.867 1500.0 12.0 0.0000 0.0200 10.00 0.1013
151.8750 -65.5776 0.4591 0.2694 0.2715 0.00000 6.032 1500.0 12.0 0.0000 0.0200 10.00 0.2760
154.6875 -65.5776 0.4676 0.2580 0.2744 0.00000 6.319 1500.0 12.0 0.0000 0.0200 10.00 0.2493
157.5000 -65.5776 0.4140 0.2798 0.3062 0.00000 6.297 1500.0 12.0 0.0000 0.0200 10.00 0.2280
160.3125 -65.5776 0.2775 0.3517 0.3708 0.00000 6.440 1500.0 12.0 0.0000 0.0200 10.00 0.2182
163.1250 -65.5776 0.3830 0.3097 0.3073 0.00000 7.082 1500.0 12.0 0.0000 0.0200 10.00 0.2215
165.9375 -65.5776 0.5840 0.2021 0.2139 0.00000 6.051 1500.0 12.0 0.0000 0.0200 10.00 0.2358
168.7500 -65.5776 0.4982 0.2572 0.2446 0.00000 6.402 1500.0 12.0 0.0000 0.0200 10.00 0.2610
171.5625 -65.5776 0.4644 0.2724 0.2632 0.00000 6.319 1500.0 12.0 0.0000 0.0200 10.00 0.2731
174.3750 -65.5776 0.4194 0.2877 0.2929 0.00000 6.395 1500.0 12.0 0.0000 0.0200 10.00 0.2575
177.1875 -65.5776 0.4567 0.2563 0.2870 0.00000 6.265 1500.0 12.0 0.0000 0.0200 10.00 0.2197
180.0000 -65.5776 0.4704 0.2385 0.2911 0.00000 6.488 1500.0 12.0 0.0000 0.0200 10.00 0.1648
-177.1875 -65.5776 0.4801 0.2259 0.2940 0.00000 6.624 1500.0 12.0 0.0000 0.0200 10.00 0.1266
-174.3750 -65.5776 0.5497 0.1803 0.2700 0.00000 6.655 1500.0 12.0 0.0000 0.0200 10.00 0.0744
-171.5625 -65.5776 0.6737 0.1198 0.2066 0.00000 6.386 1500.0 12.0 0.0000 0.1890 19.66 0.0808
-168.7500 -65.5776 0.6750 0.1285 0.1964 0.00000 6.224 1500.0 12.0 0.0000 0.3573 36.89 0.1252
-165.9375 -65.5776 0.6561 0.1488 0.1951 0.00000 6.036 1500.0 12.0 0.0000 0.5217 54.40 0.1771
-163.1250 -65.5776 0.5757 0.1997 0.2246 0.00000 5.865 1500.0 12.0 0.0000 0.0200 10.00 0.2362
-160.3125 -65.5776 0.4866 0.2539 0.2595 0.00000 5.784 1500.0 12.0 0.0000 0.0200 10.00 0.2933
-157.5000 -65.5776 0.4053 0.3005 0.2942 0.00000 5.768 1500.0 12.0 0.0000 0.0200 10.00 0.3434
-154.6875 -65.5776 0.3786 0.3206 0.3008 0.00000 5.677 1500.0 12.0 0.0000 0.0200 10.00 0.3767
-151.8750 -65.5776 0.3646 0.3465 0.2889 0.00000 5.461 1500.0 12.0 0.0000 0.0200 10.00 0.3845
-149.0625 -65.5776 0.2812 0.3859 0.3329 0.00000 5.481 1500.0 12.0 0.0000 0.0200 10.00 0.3730
-146.2500 -65.5776 0.2585 0.4029 0.3386 0.00000 5.766 1500.0 12.0 0.0000 0.0200 10.00 0.3502
-143.4375 -65.5776 0.3104 0.3845 0.3051 0.00000 6.120 1500.0 12.0 0.0000 0.0200 10.00 0.3285
-140.6250 -65.5776 0.3924 0.3323 0.2752 0.00000 6.010 1500.0 12.0 0.0000 0.0200 10.00 0.3157
-137.8125 -65.5776 0.4894 0.2644 0.2462 0.00000 5.755 1500.0 12.0 0.0000 0.0200 10.00 0.3048
-135.0000 -65.5776 0.4972 0.2491 0.2537 0.00000 5.798 1500.0 12.0 0.0000 0.0200 10.00 0.2846
-132.1875 -65.5776 0.4951 0.2467 0.2583 0.00000 5.893 1500.0 12.0 0.0000 0.0200 10.00 0.2670
-129.3750 -65.5776 0.5337 0.2226 0.2437 0.00000 5.938 1500.0 12.0 0.0000 0.0200 10.00 0.2418
-126.5625 -65.5776 0.5939 0.1861 0.2200 0.00000 5.973 1500.0 12.0 0.0000 0.0200 10.00 0.2087
-123.7500 -65.5776 0.5714 0.1905 0.2381 0.00000 6.181 1500.0 12.0 0.0000 0.0200 10.00 0.1755
-120.9375 -65.5776 0.5178 0.2109 0.2713 0.00000 6.434 1500.0 12.0 0.0000 0.0200 10.00 0.1453
-118.1250 -65.5776 0.5102 0.2125 0.2773 0.00000 6.496 1500.0 12.0 0.0000 0.0200 10.00 0.1347
-115.3125 -65.5776 0.4796 0.2266 0.2939 0.00000 6.583 1500.0 12.0 0.0000 0.0200 10.00 0.1287
-112.5000 -65.5776 0.4646 0.2356 0.2998 0.00000 6.770 1500.0 12.0 0.0000 0.0200 10.00 0.1247
-109.6875 -65.5776 0.4820 0.2234 0.2946 0.00000 6.612 1500.0 12.0 0.0000 0.0200 10.00 0.1193
-106.8750 -65.5776 0.4819 0.2235 0.2946 0.00000 6.608 1500.0 12.0 0.0000 0.0200 10.00 0.1196
-104.0625 -65.5776 0.4817 0.2237 0.2945 0.00000 6.604 1500.0 12.0 0.0000 0.0200 10.00 0.1203
-101.2500 -65.5776 0.4797 0.2263 0.2939 0.00000 6.573 1500.0 12.0 0.0000 0.2512 30.59 0.1281
-98.4375 -65.5776 0.4762 0.2309 0.2929 0.00000 6.520 1500.0 12.0 0.0000 0.0200 10.00 0.1419
-95.6250 -65.5776 0.4744 0.2333 0.2923 0.00000 6.493 1500.0 12.0 0.0000 0.0200 10.00 0.1492
-92.8125 -65.5776 0.4644 0.2433 0.2922 0.00000 6.652 1500.0 12.0 0.0000 0.0200 10.00 0.1570
-90.0000 -65.5776 0.5111 0.2203 0.2686 0.00000 6.664 1500.0 12.0 0.0000 0.0200 10.00 0.1480
-87.1875 -65.5776 0.4849 0.2410 0.2742 0.00000 7.261 1500.0 12.0 0.0000 0.0200 10.00 0.1465
-84.3750 -65.5776 0.5555 0.1891 0.2554 0.00000 6.373 1500.0 12.0 0.0000 0.0200 10.00 0.1370
-81.5625 -65.5776 0.4195 0.2505 0.3300 0.00000 6.345 1500.0 12.0 0.0000 0.0200 10.00 0.1352
-78.7500 -65.5776 0.4087 0.2506 0.3407 0.00000 6.447 1500.0 12.0 0.0000 0.0200 10.00 0.1155
-75.9375 -65.5776 0.3655 0.2580 0.3764 0.00000 6.703 1500.0 12.0 0.0000 0.8824 118.61 0.0628
-73.1250 -65.5776 0.4313 0.2364 0.3323 0.00000 7.175 1500.0 12.0 0.0000 5.0000 636.92 0.0628
-70.3125 -65.5776 0.4092 0.2448 0.3459 0.00000 7.092 1500.0 12.0 0.0000 5.0000 648.32 0.0628
-67.5000 -65.5776 0.4208 0.2347 0.3445 0.00000 6.756 1500.0 12.0 0.0000 5.0000 644.34 0.0628
-64.6875 -65.5776 0.4470 0.2238 0.3292 0.00000 6.785 1500.0 12.0 0.0000 5.0000 631.12 0.0628
-59.0625 -65.5776 0.4627 0.2176 0.3197 0.00000 6.749 1500.0 12.0 0.0000 0.0877 10.92 0.0675
-56.2500 -65.5776 0.5634 0.1712 0.2655 0.00000 6.518 1500.0 12.0 0.0000 0.0200 10.00 0.0792
-53.4375 -65.5776 0.6286 0.1429 0.2285 0.00000 6.434 1500.0 12.0 0.0000 0.0200 10.00 0.0882
-50.6250 -65.5776 0.6286 0.1478 0.2236 0.00000 6.623 1500.0 12.0 0.0000 0.0200 10.00 0.0950
-47.8125 -65.5776 0.6215 0.1564 0.2221 0.00000 6.556 1500.0 12.0 0.0000 0.0200 10.00 0.1148
-45.0000 -65.5776 0.5236 0.2224 0.2539 0.00000 6.956 1500.0 12.0 0.0000 0.0200 10.00 0.1339
-42.1875 -65.5776 0.4647 0.2298 0.3054 0.00000 6.956 1500.0 12.0 0.0000 0.0200 10.00 0.0878
-39.3750 -65.5776 0.4096 0.2675 0.3229 0.00000 6.317 1500.0 12.0 0.0000 0.0200 10.00 0.1751
-36.5625 -65.5776 0.3321 0.3199 0.3480 0.00000 5.996 1500.0 12.0 0.0000 0.0200 10.00 0.2366
-33.7500 -65.5776 0.2450 0.3782 0.3769 0.00000 5.882 1500.0 12.0 0.0000 0.0200 10.00 0.2852
-30.9375 -65.5776 0.2458 0.3908 0.3634 0.00000 5.717 1500.0 12.0 0.0000 0.0200 10.00 0.3332
-28.1250 -65.5776 0.2765 0.3841 0.3394 0.00000 5.561 1500.0 12.0 0.0000 0.0200 10.00 0.3747
-25.3125 -65.5776 0.2426 0.4063 0.3511 0.00000 5.508 1500.0 12.0 0.0000 0.0200 10.00 0.3863
-22.5000 -65.5776 0.2179 0.4196 0.3625 0.00000 5.508 1500.0 12.0 0.0000 0.0200 10.00 0.3835
-19.6875 -65.5776 0.2352 0.4090 0.3557 0.00000 5.518 1500.0 12.0 0.0000 0.0200 10.00 0.3770
-16.8750 -65.5776 0.2708 0.3898 0.3393 0.00000 5.546 1500.0 12.0 0.0000 0.0200 10.00 0.3715
-14.0625 -65.5776 0.2429 0.4022 0.3549 0.00000 5.603 1500.0 12.0 0.0000 0.0200 10.00 0.3661
-11.2500 -65.5776 0.3066 0.3688 0.3246 0.00000 5.697 1500.0 12.0 0.0000 0.0200 10.00 0.3581
-8.4375 -65.5776 0.4972 0.2727 0.2301 0.00000 5.863 1500.0 12.0 0.0000 0.0200 10.00 0.3450
50.6250 -68.3678 0.4523 0.2754 0.2723 0.00000 6.115 1500.0 12.0 0.0000 0.0200 10.00 0.2632
53.4375 -68.3678 0.2864 0.3547 0.3590 0.00000 6.052 1500.0 12.0 0.0000 0.0200 10.00 0.2719
56.2500 -68.3678 0.2485 0.3734 0.3781 0.00000 6.003 1500.0 12.0 0.0000 0.0200 10.00 0.2758
59.0625 -68.3678 0.2450 0.3770 0.3780 0.00000 5.935 1500.0 12.0 0.0000 0.0200 10.00 0.2809
61.8750 -68.3678 0.2662 0.3664 0.3674 0.00000 5.891 1500.0 12.0 0.0000 0.0200 10.00 0.2792
64.6875 -68.3678 0.3133 0.3397 0.3470 0.00000 5.900 1500.0 12.0 0.0000 0.0200 10.00 0.2636
67.5000 -68.3678 0.2611 0.3563 0.3826 0.00000 5.961 1500.0 12.0 0.0000 0.0200 10.00 0.2363
70.3125 -68.3678 0.2629 0.3459 0.3912 0.00000 6.053 1500.0 12.0 0.0000 0.0200 10.00 0.2051
73.1250 -68.3678 0.3302 0.3016 0.3682 0.00000 6.164 1500.0 12.0 0.0000 0.0200 10.00 0.1669
75.9375 -68.3678 0.5267 0.2022 0.2711 0.00000 6.361 1500.0 12.0 0.0000 0.0200 10.00 0.1321
78.7500 -68.3678 0.5036 0.2080 0.2885 0.00000 6.645 1500.0 12.0 0.0000 0.0200 10.00 0.0967
81.5625 -68.3678 0.4948 0.2068 0.2984 0.00000 6.765 1500.0 12.0 0.0000 0.0200 10.00 0.0699
84.3750 -68.3678 0.4943 0.2074 0.2983 0.00000 6.760 1500.0 12.0 0.0000 0.2441 29.59 0.0719
87.1875 -68.3678 0.4899 0.2132 0.2970 0.00000 6.705 1500.0 12.0 0.0000 0.0200 10.00 0.0888
90.0000 -68.3678 0.4852 0.2192 0.2956 0.00000 6.638 1500.0 12.0 0.0000 0.0200 10.00 0.1068
92.8125 -68.3678 0.4830 0.2271 0.2899 0.00000 6.488 1500.0 12.0 0.0000 0.0200 10.00 0.1396
95.6250 -68.3678 0.5727 0.1877 0.2396 0.00000 6.181 1500.0 12.0 0.0000 0.0200 10.00 0.1652
98.4375 -68.3678 0.4780 0.2351 0.2868 0.00000 6.009 1500.0 12.0 0.0000 0.0200 10.00 0.1848
101.2500 -68.3678 0.3167 0.3197 0.3636 0.00000 6.007 1500.0 12.0 0.0000 0.0200 10.00 0.2077
104.0625 -68.3678 0.2695 0.3492 0.3813 0.00000 5.966 1500.0 12.0 0.0000 0.0200 10.00 0.2280
106.8750 -68.3678 0.2685 0.3524 0.3791 0.00000 5.977 1500.0 12.0 0.0000 0.0200 10.00 0.2367
109.6875 -68.3678 0.3970 0.2937 0.3093 0.00000 6.001 1500.0 12.0 0.0000 0.0200 10.00 0.2388
112.5000 -68.3678 0.5152 0.2406 0.2442 0.00000 6.179 1500.0 12.0 0.0000 0.0200 10.00 0.2379
149.0625 -68.3678 0.4597 0.2463 0.2940 0.00000 6.277 1500.0 12.0 0.0000 0.0200 10.00 0.1771
151.8750 -68.3678 0.3889 0.2844 0.3266 0.00000 6.648 1500.0 12.0 0.0000 0.0200 10.00 0.1861
154.6875 -68.3678 0.3401 0.3185 0.3413 0.00000 7.157 1500.0 12.0 0.0000 0.0200 10.00 0.2058
157.5000 -68.3678 0.3293 0.3323 0.3384 0.00000 7.361 1500.0 12.0 0.0000 0.0200 10.00 0.2115
160.3125 -68.3678 0.3722 0.3079 0.3199 0.00000 6.785 1500.0 12.0 0.0000 0.0200 10.00 0.2228
163.1250 -68.3678 0.5399 0.2253 0.2348 0.00000 6.313 1500.0 12.0 0.0000 0.0200 10.00 0.2276
165.9375 -68.3678 0.5940 0.1941 0.2118 0.00000 6.012 1500.0 12.0 0.0000 0.0200 10.00 0.2280
168.7500 -68.3678 0.6207 0.1802 0.1990 0.00000 5.826 1500.0 12.0 0.0000 0.0200 10.00 0.2305
171.5625 -68.3678 0.5344 0.2189 0.2467 0.00000 5.972 1500.0 12.0 0.0000 0.0200 10.00 0.2253
174.3750 -68.3678 0.4617 0.2498 0.2885 0.00000 6.282 1500.0 12.0 0.0000 0.0200 10.00 0.1995
177.1875 -68.3678 0.4745 0.2332 0.2923 0.00000 6.511 1500.0 12.0 0.0000 0.0200 10.00 0.1487
180.0000 -68.3678 0.4898 0.2132 0.2969 0.00000 6.727 1500.0 12.0 0.0000 0.0200 10.00 0.0890
-177.1875 -68.3678 0.4966 0.2044 0.2990 0.00000 6.790 1500.0 12.0 0.0000 0.0200 10.00 0.0628
-174.3750 -68.3678 0.4960 0.2052 0.2988 0.00000 6.784 1500.0 12.0 0.0000 0.0200 10.00 0.0652
-171.5625 -68.3678 0.5011 0.2030 0.2959 0.00000 6.770 1500.0 12.0 0.0000 0.0200 10.00 0.0668
-168.7500 -68.3678 0.5355 0.1907 0.2738 0.00000 6.631 1500.0 12.0 0.0000 0.0200 10.00 0.0901
-165.9375 -68.3678 0.5575 0.1950 0.2475 0.00000 6.278 1500.0 12.0 0.0000 0.0200 10.00 0.1639
-163.1250 -68.3678 0.6177 0.1773 0.2050 0.00000 5.868 1500.0 12.0 0.0000 0.0200 10.00 0.2229
-160.3125 -68.3678 0.6276 0.1828 0.1897 0.00000 5.600 1500.0 12.0 0.0000 0.0200 10.00 0.2740
-157.5000 -68.3678 0.6104 0.2000 0.1896 0.00000 5.425 1500.0 12.0 0.0000 0.0200 10.00 0.3183
-154.6875 -68.3678 0.5536 0.2318 0.2146 0.00000 5.403 1500.0 12.0 0.0000 0.0200 10.00 0.3450
-151.8750 -68.3678 0.5024 0.2598 0.2379 0.00000 5.354 1500.0 12.0 0.0000 0.0200 10.00 0.3490
-149.0625 -68.3678 0.4035 0.3084 0.2880 0.00000 5.472 1500.0 12.0 0.0000 0.0200 10.00 0.3348
-146.2500 -68.3678 0.4310 0.2976 0.2714 0.00000 5.919 1500.0 12.0 0.0000 0.0200 10.00 0.3178
-143.4375 -68.3678 0.5058 0.2522 0.2421 0.00000 5.763 1500.0 12.0 0.0000 0.0200 10.00 0.3032
-140.6250 -68.3678 0.4800 0.2626 0.2574 0.00000 5.970 1500.0 12.0 0.0000 0.0200 10.00 0.2880
-137.8125 -68.3678 0.4446 0.2721 0.2834 0.00000 5.950 1500.0 12.0 0.0000 0.0200 10.00 0.2691
-135.0000 -68.3678 0.4498 0.2653 0.2849 0.00000 6.042 1500.0 12.0 0.0000 0.0200 10.00 0.2478
-132.1875 -68.3678 0.4576 0.2552 0.2873 0.00000 6.185 1500.0 12.0 0.0000 0.0200 10.00 0.2161
-129.3750 -68.3678 0.4699 0.2391 0.2910 0.00000 6.407 1500.0 12.0 0.0000 0.0200 10.00 0.1668
-126.5625 -68.3678 0.4849 0.2196 0.2955 0.00000 6.652 1500.0 12.0 0.0000 0.0200 10.00 0.1080
-123.7500 -68.3678 0.4953 0.2052 0.2995 0.00000 6.815 1500.0 12.0 0.0000 5.0000 606.26 0.0628
-120.9375 -68.3678 0.4699 0.2234 0.3068 0.00000 7.077 1500.0 12.0 0.0000 5.0000 616.41 0.0628
-118.1250 -68.3678 0.4478 0.2359 0.3162 0.00000 7.330 1500.0 12.0 0.0000 5.0000 626.34 0.0628
-115.3125 -68.3678 0.4966 0.2044 0.2990 0.00000 6.800 1500.0 12.0 0.0000 5.0000 605.66 0.0628
-112.5000 -68.3678 0.4677 0.2238 0.3085 0.00000 7.108 1500.0 12.0 0.0000 5.0000 617.67 0.0628
-109.6875 -68.3678 0.4549 0.2318 0.3134 0.00000 7.250 1500.0 12.0 0.0000 5.0000 623.22 0.0628
-106.8750 -68.3678 0.4875 0.2104 0.3021 0.00000 6.898 1500.0 12.0 0.0000 5.0000 609.48 0.0628
-104.0625 -68.3678 0.4626 0.2255 0.3119 0.00000 7.139 1500.0 12.0 0.0000 5.0000 620.38 0.0628
-101.2500 -68.3678 0.4945 0.2052 0.3003 0.00000 6.789 1500.0 12.0 0.0000 0.7107 86.24 0.0628
-98.4375 -68.3678 0.4890 0.2136 0.2974 0.00000 6.712 1500.0 12.0 0.0000 0.0200 10.00 0.0889
-95.6250 -68.3678 0.4866 0.2174 0.2960 0.00000 6.669 1500.0 12.0 0.0000 0.0200 10.00 0.1014
-92.8125 -68.3678 0.4868 0.2172 0.2960 0.00000 6.673 1500.0 12.0 0.0000 0.0200 10.00 0.1007
-90.0000 -68.3678 0.4648 0.2292 0.3060 0.00000 7.013 1500.0 12.0 0.0000 0.0200 10.00 0.0839
-87.1875 -68.3678 0.4261 0.2558 0.3181 0.00000 7.464 1500.0 12.0 0.0000 0.0200 10.00 0.0894
-84.3750 -68.3678 0.5750 0.1764 0.2486 0.00000 6.547 1500.0 12.0 0.0000 0.0200 10.00 0.1105
-81.5625 -68.3678 0.6704 0.1276 0.2020 0.00000 6.269 1500.0 12.0 0.0000 0.0200 10.00 0.1099
-78.7500 -68.3678 0.6856 0.1106 0.2038 0.00000 6.454 1500.0 12.0 0.0000 5.0000 515.66 0.0628
-75.9375 -68.3678 0.5522 0.1837 0.2641 0.00000 7.145 1500.0 12.0 0.0000 5.0000 576.79 0.0628
-73.1250 -68.3678 0.5374 0.1901 0.2725 0.00000 7.223 1500.0 12.0 0.0000 5.0000 584.15 0.0628
-70.3125 -68.3678 0.5052 0.2121 0.2828 0.00000 7.564 1500.0 12.0 0.0000 5.0000 597.42 0.0628
-67.5000 -68.3678 0.4107 0.2598 0.3295 0.00000 7.995 1500.0 12.0 0.0000 5.0000 642.13 0.0628
-64.6875 -68.3678 0.4073 0.2622 0.3304 0.00000 7.958 1500.0 12.0 0.0000 5.0000 643.46 0.0628
-61.8750 -68.3678 0.5135 0.2045 0.2820 0.00000 7.558 1500.0 12.0 0.0000 5.0000 594.63 0.0628
-59.0625 -68.3678 0.6561 0.1287 0.2152 0.00000 6.641 1500.0 12.0 0.0000 0.9748 103.03 0.0684
-56.2500 -68.3678 0.6497 0.1312 0.2190 0.00000 6.434 1500.0 12.0 0.0000 0.3507 37.30 0.0785
-53.4375 -68.3678 0.5496 0.1826 0.2677 0.00000 6.681 1500.0 12.0 0.0000 0.0200 10.00 0.0822
-50.6250 -68.3678 0.4189 0.2563 0.3248 0.00000 7.570 1500.0 12.0 0.0000 0.0200 10.00 0.0836
-47.8125 -68.3678 0.2691 0.3637 0.3672 0.00000 9.105 1500.0 12.0 0.0000 0.0200 10.00 0.0826
-45.0000 -68.3678 0.3285 0.3227 0.3488 0.00000 8.486 1500.0 12.0 0.0000 0.0200 10.00 0.0796
-42.1875 -68.3678 0.4739 0.2220 0.3041 0.00000 6.967 1500.0 12.0 0.0000 0.0200 10.00 0.0761
-39.3750 -68.3678 0.4835 0.2153 0.3013 0.00000 6.956 1500.0 12.0 0.0000 0.0200 10.00 0.0711
-36.5625 -68.3678 0.4384 0.2445 0.3172 0.00000 7.586 1500.0 12.0 0.0000 0.5765 72.58 0.0628
-33.7500 -68.3678 0.4432 0.2518 0.3051 0.00000 7.638 1500.0 12.0 0.0000 5.0000 623.82 0.0628
-30.9375 -68.3678 0.5203 0.2007 0.2791 0.00000 7.030 1500.0 12.0 0.0000 5.0000 591.60 0.0628
-28.1250 -68.3678 0.5658 0.1877 0.2465 0.00000 6.312 1500.0 12.0 0.0000 0.0200 10.00 0.1502
-25.3125 -68.3678 0.5301 0.2227 0.2472 0.00000 5.964 1500.0 12.0 0.0000 0.0200 10.00 0.2349
-22.5000 -68.3678 0.4512 0.2687 0.2802 0.00000 5.838 1500.0 12.0 0.0000 0.0200 10.00 0.2693
-19.6875 -68.3678 0.2988 0.3471 0.3541 0.00000 5.771 1500.0 12.0 0.0000 0.0200 10.00 0.2751
-16.8750 -68.3678 0.2490 0.3748 0.3762 0.00000 5.769 1500.0 12.0 0.0000 0.0200 10.00 0.2808
-14.0625 -68.3678 0.2402 0.3826 0.3772 0.00000 5.769 1500.0 12.0 0.0000 0.0200 10.00 0.2923
-11.2500 -68.3678 0.3560 0.3316 0.3124 0.00000 5.778 1500.0 12.0 0.0000 0.0200 10.00 0.3071
-8.4375 -68.3678 0.4825 0.2743 0.2432 0.00000 5.911 1500.0 12.0 0.0000 0.0200 10.00 0.3256
42.1875 -71.1578 0.4940 0.2698 0.2362 0.00000 5.962 1500.0 12.0 0.0000 0.0200 10.00 0.3155
45.0000 -71.1578 0.4269 0.2963 0.2768 0.00000 5.973 1500.0 12.0 0.0000 0.0200 10.00 0.2983
47.8125 -71.1578 0.3046 0.3525 0.3429 0.00000 5.945 1500.0 12.0 0.0000 0.0200 10.00 0.2950
50.6250 -71.1578 0.2409 0.3824 0.3767 0.00000 5.912 1500.0 12.0 0.0000 0.0200 10.00 0.2924
53.4375 -71.1578 0.2417 0.3792 0.3792 0.00000 5.906 1500.0 12.0 0.0000 0.0200 10.00 0.2825
56.2500 -71.1578 0.3493 0.3202 0.3305 0.00000 5.851 1500.0 12.0 0.0000 0.0200 10.00 0.2710
59.0625 -71.1578 0.4228 0.2812 0.2960 0.00000 5.871 1500.0 12.0 0.0000 0.0200 10.00 0.2627
61.8750 -71.1578 0.4484 0.2635 0.2881 0.00000 5.899 1500.0 12.0 0.0000 0.0200 10.00 0.2414
64.6875 -71.1578 0.4185 0.2735 0.3080 0.00000 5.938 1500.0 12.0 0.0000 0.0200 10.00 0.2223
67.5000 -71.1578 0.3095 0.3206 0.3699 0.00000 6.099 1500.0 12.0 0.0000 0.0200 10.00 0.1967
70.3125 -71.1578 0.2768 0.3250 0.3982 0.00000 6.238 1500.0 12.0 0.0000 0.0200 10.00 0.1579
73.1250 -71.1578 0.3576 0.2753 0.3672 0.00000 6.420 1500.0 12.0 0.0000 0.0200 10.00 0.1165
75.9375 -71.1578 0.5269 0.1954 0.2778 0.00000 6.539 1500.0 12.0 0.0000 0.0200 10.00 0.0984
78.7500 -71.1578 0.5079 0.2009 0.2911 0.00000 6.751 1500.0 12.0 0.0000 0.0390 10.00 0.0702
81.5625 -71.1578 0.5097 0.2019 0.2884 0.00000 6.905 1500.0 12.0 0.0000 0.2797 33.46 0.0694
84.3750 -71.1578 0.5231 0.1928 0.2841 0.00000 6.704 1500.0 12.0 0.0000 0.5234 62.02 0.0708
87.1875 -71.1578 0.5673 0.1700 0.2627 0.00000 6.626 1500.0 12.0 0.0000 0.2766 31.63 0.0672
90.0000 -71.1578 0.5878 0.1607 0.2515 0.00000 6.570 1500.0 12.0 0.0000 0.1115 12.53 0.0717
92.8125 -71.1578 0.5717 0.1689 0.2594 0.00000 6.600 1500.0 12.0 0.0000 0.0200 10.00 0.0724
95.6250 -71.1578 0.6405 0.1301 0.2293 0.00000 6.418 1500.0 12.0 0.0000 0.7012 75.47 0.0628
98.4375 -71.1578 0.3809 0.2541 0.3650 0.00000 6.472 1500.0 12.0 0.0000 0.0200 10.00 0.0852
101.2500 -71.1578 0.2843 0.3067 0.4090 0.00000 6.423 1500.0 12.0 0.0000 0.0200 10.00 0.1108
104.0625 -71.1578 0.2986 0.3025 0.3989 0.00000 6.422 1500.0 12.0 0.0000 0.0200 10.00 0.1180
106.8750 -71.1578 0.3842 0.2677 0.3481 0.00000 6.384 1500.0 12.0 0.0000 0.0200 10.00 0.1278
109.6875 -71.1578 0.4908 0.2236 0.2857 0.00000 6.483 1500.0 12.0 0.0000 0.0200 10.00 0.1388
112.5000 -71.1578 0.4129 0.2588 0.3283 0.00000 6.499 1500.0 12.0 0.0000 0.0200 10.00 0.1455
115.3125 -71.1578 0.4006 0.2836 0.3158 0.00000 6.440 1500.0 12.0 0.0000 0.0200 10.00 0.1681
118.1250 -71.1578 0.3448 0.3424 0.3129 0.00000 6.451 1500.0 12.0 0.0000 0.0200 10.00 0.1736
146.2500 -71.1578 0.4839 0.2163 0.2999 0.00000 6.610 1500.0 12.0 0.0000 0.0200 10.00 0.1002
149.0625 -71.1578 0.3748 0.2658 0.3594 0.00000 6.504 1500.0 12.0 0.0000 0.0200 10.00 0.1075
151.8750 -71.1578 0.3487 0.2839 0.3674 0.00000 6.758 1500.0 12.0 0.0000 0.0200 10.00 0.1245
154.6875 -71.1578 0.2664 0.3384 0.3952 0.00000 6.960 1500.0 12.0 0.0000 0.0200 10.00 0.1520
157.5000 -71.1578 0.2739 0.3276 0.3985 0.00000 6.215 1500.0 12.0 0.0000 0.0200 10.00 0.1621
160.3125 -71.1578 0.2831 0.3413 0.3756 0.00000 7.008 1500.0 12.0 0.0000 0.0200 10.00 0.1720
163.1250 -71.1578 0.4853 0.2399 0.2748 0.00000 6.641 1500.0 12.0 0.0000 0.0200 10.00 0.1760
165.9375 -71.1578 0.6537 0.1497 0.1966 0.00000 5.941 1500.0 12.0 0.0000 0.0200 10.00 0.1733
168.7500 -71.1578 0.6301 0.1592 0.2107 0.00000 6.024 1500.0 12.0 0.0000 0.0200 10.00 0.1652
171.5625 -71.1578 0.5875 0.1782 0.2343 0.00000 6.187 1500.0 12.0 0.0000 0.0200 10.00 0.1547
174.3750 -71.1578 0.4782 0.2283 0.2935 0.00000 6.535 1500.0 12.0 0.0000 0.0200 10.00 0.1340
177.1875 -71.1578 0.4954 0.2060 0.2986 0.00000 6.775 1500.0 12.0 0.0000 0.0200 10.00 0.0675
180.0000 -71.1578 0.4966 0.2044 0.2990 0.00000 6.794 1500.0 12.0 0.0000 0.2323 28.14 0.0628
-177.1875 -71.1578 0.4456 0.2352 0.3192 0.00000 7.371 1500.0 12.0 0.0000 5.0000 628.04 0.0628
-174.3750 -71.1578 0.4684 0.2218 0.3098 0.00000 7.113 1500.0 12.0 0.0000 5.0000 617.90 0.0628
-171.5625 -71.1578 0.4921 0.2071 0.3008 0.00000 6.841 1500.0 12.0 0.0000 0.0903 10.97 0.0628
-168.7500 -71.1578 0.4558 0.2304 0.3138 0.00000 7.229 1500.0 12.0 0.0000 0.0226 10.00 0.0640
-165.9375 -71.1578 0.4766 0.2191 0.3043 0.00000 7.003 1500.0 12.0 0.0000 5.0000 613.51 0.0628
-163.1250 -71.1578 0.5014 0.2112 0.2874 0.00000 6.628 1500.0 12.0 0.0000 0.0200 10.00 0.1069
-160.3125 -71.1578 0.5406 0.2003 0.2591 0.00000 6.353 1500.0 12.0 0.0000 0.0200 10.00 0.1488
-157.5000 -71.1578 0.5319 0.2101 0.2580 0.00000 6.232 1500.0 12.0 0.0000 0.0200 10.00 0.1754
-154.6875 -71.1578 0.5415 0.2108 0.2477 0.00000 6.066 1500.0 12.0 0.0000 0.0200 10.00 0.2024
-151.8750 -71.1578 0.5406 0.2137 0.2457 0.00000 5.995 1500.0 12.0 0.0000 0.0200 10.00 0.2146
-149.0625 -71.1578 0.5324 0.2181 0.2495 0.00000 5.994 1500.0 12.0 0.0000 0.0200 10.00 0.2163
-146.2500 -71.1578 0.4254 0.2820 0.2926 0.00000 6.742 1500.0 12.0 0.0000 0.0200 10.00 0.2123
-143.4375 -71.1578 0.3114 0.3513 0.3372 0.00000 7.888 1500.0 12.0 0.0000 0.0200 10.00 0.1999
-140.6250 -71.1578 0.3833 0.2984 0.3183 0.00000 7.253 1500.0 12.0 0.0000 0.0200 10.00 0.1765
-137.8125 -71.1578 0.4759 0.2305 0.2937 0.00000 6.525 1500.0 12.0 0.0000 0.0200 10.00 0.1380
-135.0000 -71.1578 0.4869 0.2170 0.2961 0.00000 6.670 1500.0 12.0 0.0000 0.0200 10.00 0.1002
-132.1875 -71.1578 0.4843 0.2133 0.3024 0.00000 6.926 1500.0 12.0 0.0000 5.0000 610.56 0.0628
-129.3750 -71.1578 0.4207 0.2519 0.3274 0.00000 7.637 1500.0 12.0 0.0000 5.0000 638.37 0.0628
-126.5625 -71.1578 0.4151 0.2583 0.3265 0.00000 7.615 1500.0 12.0 0.0000 0.0200 10.00 0.0753
-123.7500 -71.1578 0.4732 0.2208 0.3060 0.00000 6.986 1500.0 12.0 0.0000 0.1321 16.25 0.0749
-120.9375 -71.1578 0.4439 0.2415 0.3146 0.00000 7.273 1500.0 12.0 0.0000 0.0200 10.00 0.0766
-118.1250 -71.1578 0.4416 0.2328 0.3256 0.00000 6.967 1500.0 12.0 0.0000 0.0200 10.00 0.0735
-115.3125 -71.1578 0.4427 0.2272 0.3302 0.00000 6.776 1500.0 12.0 0.0000 0.1820 23.03 0.0673
-112.5000 -71.1578 0.4394 0.2277 0.3330 0.00000 6.783 1500.0 12.0 0.0000 0.4385 55.67 0.0639
-109.6875 -71.1578 0.4266 0.2325 0.3409 0.00000 6.797 1500.0 12.0 0.0000 1.4116 181.06 0.0628
-106.8750 -71.1578 0.4235 0.2338 0.3427 0.00000 6.800 1500.0 12.0 0.0000 5.0000 642.89 0.0628
-104.0625 -71.1578 0.4551 0.2253 0.3196 0.00000 6.994 1500.0 12.0 0.0000 5.0000 625.30 0.0628
-101.2500 -71.1578 0.4285 0.2455 0.3260 0.00000 7.416 1500.0 12.0 0.0000 5.0000 635.55 0.0628
-98.4375 -71.1578 0.4812 0.2106 0.3082 0.00000 6.800 1500.0 12.0 0.0000 5.0000 613.53 0.0628
-95.6250 -71.1578 0.4757 0.2157 0.3086 0.00000 6.751 1500.0 12.0 0.0000 0.0200 10.00 0.0750
-92.8125 -71.1578 0.4630 0.2187 0.3183 0.00000 6.775 1500.0 12.0 0.0000 0.0200 10.00 0.0662
-90.0000 -71.1578 0.4469 0.2289 0.3242 0.00000 6.732 1500.0 12.0 0.0000 0.0200 10.00 0.0816
-87.1875 -71.1578 0.4538 0.2285 0.3178 0.00000 6.701 1500.0 12.0 0.0000 0.0200 10.00 0.0914
-84.3750 -71.1578 0.4935 0.2084 0.2981 0.00000 6.755 1500.0 12.0 0.0000 0.0200 10.00 0.0747
-81.5625 -71.1578 0.4821 0.2135 0.3044 0.00000 6.996 1500.0 12.0 0.0000 5.0000 611.92 0.0628
-78.7500 -71.1578 0.3840 0.2948 0.3212 0.00000 8.171 1500.0 12.0 0.0000 5.0000 647.23 0.0628
-75.9375 -71.1578 0.3971 0.2910 0.3118 0.00000 8.087 1500.0 12.0 0.0000 5.0000 640.01 0.0628
-73.1250 -71.1578 0.5315 0.1958 0.2727 0.00000 7.218 1500.0 12.0 0.0000 5.0000 586.01 0.0628
-70.3125 -71.1578 0.5776 0.1658 0.2566 0.00000 6.801 1500.0 12.0 0.0000 5.0000 566.53 0.0628
-67.5000 -71.1578 0.4270 0.2533 0.3197 0.00000 8.183 1500.0 12.0 0.0000 5.0000 633.79 0.0628
-64.6875 -71.1578 0.3865 0.2763 0.3371 0.00000 8.283 1500.0 12.0 0.0000 5.0000 652.03 0.0628
-61.8750 -71.1578 0.3993 0.2677 0.3329 0.00000 8.291 1500.0 12.0 0.0000 5.0000 646.73 0.0628
-59.0625 -71.1578 0.4957 0.2159 0.2884 0.00000 7.318 1500.0 12.0 0.0000 1.5048 181.25 0.0628
-56.2500 -71.1578 0.4767 0.2186 0.3047 0.00000 7.203 1500.0 12.0 0.0000 0.2981 36.59 0.0628
-53.4375 -71.1578 0.3427 0.2982 0.3591 0.00000 8.500 1500.0 12.0 0.0000 0.0297 10.00 0.0642
-50.6250 -71.1578 0.3048 0.3221 0.3731 0.00000 8.921 1500.0 12.0 0.0000 0.0200 10.00 0.0633
-47.8125 -71.1578 0.2881 0.3305 0.3814 0.00000 9.128 1500.0 12.0 0.0000 0.0200 10.00 0.0628
-45.0000 -71.1578 0.3726 0.2798 0.3476 0.00000 8.176 1500.0 12.0 0.0000 0.0200 10.00 0.0628
-42.1875 -71.1578 0.3768 0.2799 0.3434 0.00000 8.098 1500.0 12.0 0.0000 0.0200 10.00 0.0653
-39.3750 -71.1578 0.3891 0.2726 0.3383 0.00000 7.941 1500.0 12.0 0.0000 0.0200 10.00 0.0709
-36.5625 -71.1578 0.4006 0.2655 0.3338 0.00000 7.807 1500.0 12.0 0.0000 0.0200 10.00 0.0724
-33.7500 -71.1578 0.3500 0.2981 0.3519 0.00000 8.377 1500.0 12.0 0.0000 0.0200 10.00 0.0669
-30.9375 -71.1578 0.3588 0.2909 0.3503 0.00000 8.306 1500.0 12.0 0.0000 0.0200 10.00 0.0628
-28.1250 -71.1578 0.4841 0.2126 0.3033 0.00000 6.949 1500.0 12.0 0.0000 0.0200 10.00 0.0628
-25.3125 -71.1578 0.5872 0.1571 0.2557 0.00000 6.554 1500.0 12.0 0.0000 5.0000 563.31 0.0628
-22.5000 -71.1578 0.4055 0.2543 0.3402 0.00000 6.312 1500.0 12.0 0.0000 0.0200 10.00 0.1262
-19.6875 -71.1578 0.2683 0.3338 0.3978 0.00000 6.169 1500.0 12.0 0.0000 0.0200 10.00 0.1737
-16.8750 -71.1578 0.2595 0.3489 0.3916 0.00000 6.021 1500.0 12.0 0.0000 0.0200 10.00 0.2095
-14.0625 -71.1578 0.3192 0.3327 0.3481 0.00000 5.882 1500.0 12.0 0.0000 0.0200 10.00 0.2487
-11.2500 -71.1578 0.4968 0.2611 0.2421 0.00000 5.782 1500.0 12.0 0.0000 0.0200 10.00 0.2861
-8.4375 -71.1578 0.4287 0.2937 0.2776 0.00000 5.930 1500.0 12.0 0.0000 0.0200 10.00 0.3208
30.9375 -73.9475 0.4052 0.3298 0.2650 0.00000 5.729 1500.0 12.0 0.0000 0.0200 10.00 0.3934
33.7500 -73.9475 0.3594 0.3485 0.2921 0.00000 5.735 1500.0 12.0 0.0000 0.0200 10.00 0.3780
36.5625 -73.9475 0.3271 0.3583 0.3146 0.00000 5.765 1500.0 12.0 0.0000 0.0200 10.00 0.3559
39.3750 -73.9475 0.2937 0.3661 0.3403 0.00000 5.825 1500.0 12.0 0.0000 0.0200 10.00 0.3248
42.1875 -73.9475 0.2439 0.3834 0.3728 0.00000 5.868 1500.0 12.0 0.0000 0.0200 10.00 0.3009
45.0000 -73.9475 0.2470 0.3766 0.3764 0.00000 5.895 1500.0 12.0 0.0000 0.0200 10.00 0.2825
47.8125 -73.9475 0.2456 0.3726 0.3819 0.00000 5.921 1500.0 12.0 0.0000 0.0200 10.00 0.2664
50.6250 -73.9475 0.2563 0.3652 0.3785 0.00000 5.913 1500.0 12.0 0.0000 0.0200 10.00 0.2602
53.4375 -73.9475 0.3143 0.3325 0.3532 0.00000 5.922 1500.0 12.0 0.0000 0.0200 10.00 0.2499
56.2500 -73.9475 0.4436 0.2641 0.2923 0.00000 6.026 1500.0 12.0 0.0000 0.0200 10.00 0.2312
59.0625 -73.9475 0.4600 0.2521 0.2880 0.00000 6.250 1500.0 12.0 0.0000 0.0200 10.00 0.2065
61.8750 -73.9475 0.4662 0.2440 0.2899 0.00000 6.339 1500.0 12.0 0.0000 0.0200 10.00 0.1816
64.6875 -73.9475 0.4749 0.2326 0.2925 0.00000 6.479 1500.0 12.0 0.0000 0.0200 10.00 0.1470
67.5000 -73.9475 0.4305 0.2544 0.3151 0.00000 6.910 1500.0 12.0 0.0000 0.0200 10.00 0.1256
70.3125 -73.9475 0.3330 0.2883 0.3787 0.00000 7.060 1500.0 12.0 0.0000 0.0200 10.00 0.0927
73.1250 -73.9475 0.3263 0.2857 0.3880 0.00000 7.086 1500.0 12.0 0.0000 0.0200 10.00 0.0731
75.9375 -73.9475 0.3741 0.2611 0.3648 0.00000 7.119 1500.0 12.0 0.0000 0.0200 10.00 0.0639
78.7500 -73.9475 0.3253 0.2829 0.3919 0.00000 7.212 1500.0 12.0 0.0000 0.7776 107.24 0.0628
81.5625 -73.9475 0.4210 0.2440 0.3350 0.00000 7.387 1500.0 12.0 0.0000 5.0000 640.94 0.0628
84.3750 -73.9475 0.5093 0.2027 0.2879 0.00000 7.123 1500.0 12.0 0.0000 5.0000 597.97 0.0628
87.1875 -73.9475 0.4607 0.2146 0.3247 0.00000 6.614 1500.0 12.0 0.0000 5.0000 625.42 0.0628
90.0000 -73.9475 0.4344 0.2235 0.3421 0.00000 6.541 1500.0 12.0 0.0000 5.0000 639.42 0.0628
92.8125 -73.9475 0.4224 0.2290 0.3486 0.00000 6.550 1500.0 12.0 0.0000 5.0000 645.29 0.0628
95.6250 -73.9475 0.3155 0.2772 0.4072 0.00000 6.594 1500.0 12.0 0.0000 5.0000 697.87 0.0628
98.4375 -73.9475 0.2992 0.2846 0.4162 0.00000 6.671 1500.0 12.0 0.0000 5.0000 705.91 0.0628
101.2500 -73.9475 0.2958 0.2868 0.4173 0.00000 6.663 1500.0 12.0 0.0000 5.0000 707.31 0.0628
104.0625 -73.9475 0.2982 0.2871 0.4148 0.00000 6.788 1500.0 12.0 0.0000 5.0000 705.72 0.0628
106.8750 -73.9475 0.3046 0.2874 0.4080 0.00000 7.002 1500.0 12.0 0.0000 5.0000 701.42 0.0628
109.6875 -73.9475 0.3228 0.2755 0.4017 0.00000 6.749 1500.0 12.0 0.0000 5.0000 693.76 0.0628
112.5000 -73.9475 0.3033 0.2830 0.4138 0.00000 6.609 1500.0 12.0 0.0000 5.0000 703.84 0.0628
115.3125 -73.9475 0.4372 0.2255 0.3373 0.00000 6.621 1500.0 12.0 0.0000 5.0000 636.90 0.0628
146.2500 -73.9475 0.4803 0.2123 0.3074 0.00000 6.740 1500.0 12.0 0.0000 0.1855 22.76 0.0655
149.0625 -73.9475 0.5114 0.2015 0.2871 0.00000 6.722 1500.0 12.0 0.0000 5.0000 597.08 0.0628
151.8750 -73.9475 0.5183 0.1977 0.2840 0.00000 6.735 1500.0 12.0 0.0000 0.0200 10.00 0.0793
154.6875 -73.9475 0.5322 0.1956 0.2723 0.00000 6.757 1500.0 12.0 0.0000 0.0200 10.00 0.1017
157.5000 -73.9475 0.3879 0.2628 0.3493 0.00000 6.577 1500.0 12.0 0.0000 0.0200 10.00 0.1168
160.3125 -73.9475 0.3539 0.2788 0.3673 0.00000 6.432 1500.0 12.0 0.0000 0.0200 10.00 0.1226
163.1250 -73.9475 0.4946 0.2145 0.2910 0.00000 6.340 1500.0 12.0 0.0000 0.0200 10.00 0.1281
165.9375 -73.9475 0.6726 0.1298 0.1976 0.00000 6.127 1500.0 12.0 0.0000 0.1236 12.79 0.1258
168.7500 -73.9475 0.6787 0.1244 0.1970 0.00000 6.187 1500.0 12.0 0.0000 0.6015 61.99 0.1141
171.5625 -73.9475 0.6124 0.1604 0.2272 0.00000 6.748 1500.0 12.0 0.0000 0.5037 54.99 0.1013
174.3750 -73.9475 0.5412 0.1922 0.2666 0.00000 7.233 1500.0 12.0 0.0000 0.2083 24.20 0.0665
177.1875 -73.9475 0.5551 0.1773 0.2677 0.00000 6.775 1500.0 12.0 0.0000 0.0555 10.00 0.0628
180.0000 -73.9475 0.5035 0.2010 0.2956 0.00000 6.781 1500.0 12.0 0.0000 0.3056 36.82 0.0628
-177.1875 -73.9475 0.4896 0.2086 0.3018 0.00000 6.874 1500.0 12.0 0.0000 0.2438 29.68 0.0628
-174.3750 -73.9475 0.4543 0.2312 0.3146 0.00000 7.253 1500.0 12.0 0.0000 0.0200 10.00 0.0628
-171.5625 -73.9475 0.4633 0.2256 0.3111 0.00000 7.145 1500.0 12.0 0.0000 0.0200 10.00 0.0642
-168.7500 -73.9475 0.4638 0.2255 0.3107 0.00000 7.135 1500.0 12.0 0.0000 0.0200 10.00 0.0687
-165.9375 -73.9475 0.3861 0.2783 0.3356 0.00000 7.960 1500.0 12.0 0.0000 0.2243 29.23 0.0714
-163.1250 -73.9475 0.4756 0.2190 0.3054 0.00000 6.968 1500.0 12.0 0.0000 0.5119 62.89 0.0730
-160.3125 -73.9475 0.4932 0.2074 0.2994 0.00000 6.769 1500.0 12.0 0.0000 0.0200 10.00 0.0697
-157.5000 -73.9475 0.4952 0.2063 0.2986 0.00000 6.771 1500.0 12.0 0.0000 0.0200 10.00 0.0684
-154.6875 -73.9475 0.4948 0.2067 0.2984 0.00000 6.767 1500.0 12.0 0.0000 0.0200 10.00 0.0698
-151.8750 -73.9475 0.4949 0.2067 0.2985 0.00000 6.767 1500.0 12.0 0.0000 0.0200 10.00 0.0695
-149.0625 -73.9475 0.4955 0.2058 0.2987 0.00000 6.772 1500.0 12.0 0.0000 0.0200 10.00 0.0671
-146.2500 -73.9475 0.4623 0.2255 0.3122 0.00000 7.180 1500.0 12.0 0.0000 5.0000 620.55 0.0628
-143.4375 -73.9475 0.4833 0.2124 0.3043 0.00000 6.933 1500.0 12.0 0.0000 0.0200 10.00 0.0628
-140.6250 -73.9475 0.4829 0.2158 0.3013 0.00000 6.864 1500.0 12.0 0.0000 0.0200 10.00 0.0745
-137.8125 -73.9475 0.4726 0.2233 0.3040 0.00000 6.977 1500.0 12.0 0.0000 0.0200 10.00 0.0725
-135.0000 -73.9475 0.4581 0.2291 0.3128 0.00000 7.175 1500.0 12.0 0.0000 0.0200 10.00 0.0702
-132.1875 -73.9475 0.3997 0.2671 0.3332 0.00000 7.795 1500.0 12.0 0.0000 0.0200 10.00 0.0718
-129.3750 -73.9475 0.4631 0.2254 0.3115 0.00000 7.013 1500.0 12.0 0.0000 0.0200 10.00 0.0747
-126.5625 -73.9475 0.4855 0.2123 0.3023 0.00000 6.748 1500.0 12.0 0.0000 0.2907 35.47 0.0773
-123.7500 -73.9475 0.4766 0.2162 0.3072 0.00000 6.745 1500.0 12.0 0.0000 0.0453 10.00 0.0786
-120.9375 -73.9475 0.4093 0.2428 0.3478 0.00000 6.750 1500.0 12.0 0.0000 0.0200 10.00 0.0763
-118.1250 -73.9475 0.3949 0.2481 0.3569 0.00000 6.756 1500.0 12.0 0.0000 0.0200 10.00 0.0742
-115.3125 -73.9475 0.3949 0.2474 0.3577 0.00000 6.763 1500.0 12.0 0.0000 0.0402 10.00 0.0713
-112.5000 -73.9475 0.3956 0.2464 0.3580 0.00000 6.770 1500.0 12.0 0.0000 0.3301 43.35 0.0683
-109.6875 -73.9475 0.3969 0.2445 0.3586 0.00000 6.800 1500.0 12.0 0.0000 5.0000 656.44 0.0628
-106.8750 -73.9475 0.4054 0.2411 0.3536 0.00000 6.800 1500.0 12.0 0.0000 5.0000 652.13 0.0628
-104.0625 -73.9475 0.4074 0.2403 0.3523 0.00000 6.800 1500.0 12.0 0.0000 5.0000 651.09 0.0628
-101.2500 -73.9475 0.4063 0.2407 0.3530 0.00000 6.800 1500.0 12.0 0.0000 5.0000 651.67 0.0628
-98.4375 -73.9475 0.3946 0.2478 0.3576 0.00000 6.756 1500.0 12.0 0.0000 0.1561 20.50 0.0722
-95.6250 -73.9475 0.3880 0.2574 0.3546 0.00000 6.652 1500.0 12.0 0.0000 0.0200 10.00 0.1000
-92.8125 -73.9475 0.3885 0.2566 0.3548 0.00000 6.663 1500.0 12.0 0.0000 0.0200 10.00 0.0978
-90.0000 -73.9475 0.3950 0.2473 0.3577 0.00000 6.761 1500.0 12.0 0.0000 0.0200 10.00 0.0710
-87.1875 -73.9475 0.3930 0.2502 0.3568 0.00000 6.737 1500.0 12.0 0.0000 0.0200 10.00 0.0793
-84.3750 -73.9475 0.4194 0.2424 0.3382 0.00000 6.863 1500.0 12.0 0.0000 0.0200 10.00 0.0812
-81.5625 -73.9475 0.4170 0.2663 0.3167 0.00000 7.555 1500.0 12.0 0.0000 0.0200 10.00 0.0652
-78.7500 -73.9475 0.4388 0.2503 0.3109 0.00000 7.360 1500.0 12.0 0.0000 5.0000 627.20 0.0628
-75.9375 -73.9475 0.4840 0.2137 0.3024 0.00000 6.929 1500.0 12.0 0.0000 5.0000 610.64 0.0628
-73.1250 -73.9475 0.4780 0.2156 0.3064 0.00000 7.008 1500.0 12.0 0.0000 5.0000 613.82 0.0628
-70.3125 -73.9475 0.4419 0.2383 0.3197 0.00000 7.405 1500.0 12.0 0.0000 5.0000 629.33 0.0628
-67.5000 -73.9475 0.4281 0.2482 0.3237 0.00000 7.548 1500.0 12.0 0.0000 5.0000 634.88 0.0628
-64.6875 -73.9475 0.4863 0.2112 0.3025 0.00000 6.911 1500.0 12.0 0.0000 5.0000 609.99 0.0628
-61.8750 -73.9475 0.4681 0.2216 0.3103 0.00000 7.119 1500.0 12.0 0.0000 5.0000 618.15 0.0628
-59.0625 -73.9475 0.4308 0.2441 0.3250 0.00000 7.537 1500.0 12.0 0.0000 5.0000 634.51 0.0628
-56.2500 -73.9475 0.3574 0.2885 0.3541 0.00000 8.360 1500.0 12.0 0.0000 5.0000 666.70 0.0628
-53.4375 -73.9475 0.3388 0.2998 0.3614 0.00000 8.568 1500.0 12.0 0.0000 5.0000 674.85 0.0628
-50.6250 -73.9475 0.3371 0.3009 0.3621 0.00000 8.588 1500.0 12.0 0.0000 5.0000 675.61 0.0628
-47.8125 -73.9475 0.3879 0.2701 0.3420 0.00000 8.018 1500.0 12.0 0.0000 5.0000 653.35 0.0628
-45.0000 -73.9475 0.4020 0.2616 0.3364 0.00000 7.860 1500.0 12.0 0.0000 5.0000 647.16 0.0628
-42.1875 -73.9475 0.4095 0.2570 0.3335 0.00000 7.776 1500.0 12.0 0.0000 5.0000 643.87 0.0628
-39.3750 -73.9475 0.4028 0.2635 0.3337 0.00000 7.831 1500.0 12.0 0.0000 5.0000 645.94 0.0628
-36.5625 -73.9475 0.4379 0.2403 0.3218 0.00000 7.454 1500.0 12.0 0.0000 5.0000 631.26 0.0628
-33.7500 -73.9475 0.2906 0.3327 0.3768 0.00000 9.080 1500.0 12.0 0.0000 5.0000 694.70 0.0628
-30.9375 -73.9475 0.4521 0.2323 0.3157 0.00000 7.313 1500.0 12.0 0.0000 5.0000 624.86 0.0628
-28.1250 -73.9475 0.5842 0.1601 0.2557 0.00000 6.606 1500.0 12.0 0.0000 0.8798 99.28 0.0628
-25.3125 -73.9475 0.4303 0.2253 0.3444 0.00000 6.538 1500.0 12.0 0.0000 0.6475 83.07 0.0628
-22.5000 -73.9475 0.3278 0.2734 0.3987 0.00000 6.630 1500.0 12.0 0.0000 5.0000 691.21 0.0628
-19.6875 -73.9475 0.2967 0.2857 0.4177 0.00000 6.600 1500.0 12.0 0.0000 5.0000 707.18 0.0628
-16.8750 -73.9475 0.2798 0.3144 0.4058 0.00000 6.337 1500.0 12.0 0.0000 0.0200 10.00 0.1284
-14.0625 -73.9475 0.2802 0.3305 0.3893 0.00000 6.103 1500.0 12.0 0.0000 0.0200 10.00 0.1807
-11.2500 -73.9475 0.3318 0.3204 0.3478 0.00000 5.919 1500.0 12.0 0.0000 0.0200 10.00 0.2261
-8.4375 -73.9475 0.4609 0.2714 0.2678 0.00000 5.801 1500.0 12.0 0.0000 0.0200 10.00 0.2630
-5.6250 -73.9475 0.4997 0.2607 0.2395 0.00000 5.743 1500.0 12.0 0.0000 0.0200 10.00 0.2900
0.0000 -76.7369 0.4510 0.2677 0.2813 0.00000 6.048 1500.0 12.0 0.0000 0.0200 10.00 0.2248
2.8125 -76.7369 0.4331 0.2788 0.2881 0.00000 5.990 1500.0 12.0 0.0000 0.0200 10.00 0.2446
5.6250 -76.7369 0.4385 0.2808 0.2807 0.00000 5.930 1500.0 12.0 0.0000 0.0200 10.00 0.2631
8.4375 -76.7369 0.4918 0.2606 0.2475 0.00000 5.976 1500.0 12.0 0.0000 0.0200 10.00 0.2786
11.2500 -76.7369 0.4095 0.3023 0.2882 0.00000 5.785 1500.0 12.0 0.0000 0.0200 10.00 0.2912
14.0625 -76.7369 0.3327 0.3411 0.3262 0.00000 5.833 1500.0 12.0 0.0000 0.0200 10.00 0.3017
16.8750 -76.7369 0.2925 0.3616 0.3460 0.00000 5.869 1500.0 12.0 0.0000 0.0200 10.00 0.3064
19.6875 -76.7369 0.2997 0.3583 0.3420 0.00000 5.779 1500.0 12.0 0.0000 0.0200 10.00 0.3072
22.5000 -76.7369 0.2842 0.3648 0.3510 0.00000 5.890 1500.0 12.0 0.0000 0.0200 10.00 0.3039
25.3125 -76.7369 0.3167 0.3472 0.3361 0.00000 5.886 1500.0 12.0 0.0000 0.0200 10.00 0.2960
28.1250 -76.7369 0.3748 0.3162 0.3089 0.00000 5.834 1500.0 12.0 0.0000 0.0200 10.00 0.2827
30.9375 -76.7369 0.2454 0.3729 0.3817 0.00000 5.883 1500.0 12.0 0.0000 0.0200 10.00 0.2672
33.7500 -76.7369 0.2487 0.3672 0.3841 0.00000 5.923 1500.0 12.0 0.0000 0.0200 10.00 0.2533
36.5625 -76.7369 0.2681 0.3528 0.3792 0.00000 5.962 1500.0 12.0 0.0000 0.0200 10.00 0.2378
39.3750 -76.7369 0.2813 0.3413 0.3774 0.00000 6.009 1500.0 12.0 0.0000 0.0200 10.00 0.2212
42.1875 -76.7369 0.3191 0.3176 0.3633 0.00000 6.044 1500.0 12.0 0.0000 0.0200 10.00 0.2043
45.0000 -76.7369 0.4362 0.2563 0.3076 0.00000 6.057 1500.0 12.0 0.0000 0.0200 10.00 0.1880
47.8125 -76.7369 0.5046 0.2172 0.2782 0.00000 6.136 1500.0 12.0 0.0000 0.0200 10.00 0.1618
50.6250 -76.7369 0.4682 0.2328 0.2991 0.00000 6.439 1500.0 12.0 0.0000 0.0200 10.00 0.1400
53.4375 -76.7369 0.4826 0.2226 0.2948 0.00000 6.605 1500.0 12.0 0.0000 0.0200 10.00 0.1169
56.2500 -76.7369 0.4925 0.2098 0.2977 0.00000 6.742 1500.0 12.0 0.0000 0.0200 10.00 0.0787
59.0625 -76.7369 0.4858 0.2185 0.2957 0.00000 6.648 1500.0 12.0 0.0000 0.0200 10.00 0.1045
61.8750 -76.7369 0.4921 0.2103 0.2976 0.00000 6.735 1500.0 12.0 0.0000 0.0200 10.00 0.0802
64.6875 -76.7369 0.4957 0.2056 0.2987 0.00000 6.773 1500.0 12.0 0.0000 0.0200 10.00 0.0665
67.5000 -76.7369 0.4940 0.2060 0.3000 0.00000 6.824 1500.0 12.0 0.0000 0.1537 18.65 0.0628
70.3125 -76.7369 0.4743 0.2179 0.3078 0.00000 7.050 1500.0 12.0 0.0000 5.0000 615.47 0.0628
73.1250 -76.7369 0.4610 0.2259 0.3131 0.00000 7.199 1500.0 12.0 0.0000 5.0000 621.27 0.0628
75.9375 -76.7369 0.4534 0.2277 0.3189 0.00000 7.167 1500.0 12.0 0.0000 5.0000 625.61 0.0628
78.7500 -76.7369 0.4434 0.2339 0.3227 0.00000 7.127 1500.0 12.0 0.0000 5.0000 629.90 0.0628
81.5625 -76.7369 0.3996 0.2448 0.3556 0.00000 6.787 1500.0 12.0 0.0000 5.0000 654.57 0.0628
84.3750 -76.7369 0.3573 0.2619 0.3808 0.00000 6.768 1500.0 12.0 0.0000 5.0000 676.08 0.0628
87.1875 -76.7369 0.3422 0.2696 0.3882 0.00000 6.923 1500.0 12.0 0.0000 5.0000 683.21 0.0628
90.0000 -76.7369 0.4002 0.2446 0.3552 0.00000 6.815 1500.0 12.0 0.0000 5.0000 654.26 0.0628
92.8125 -76.7369 0.4629 0.2184 0.3187 0.00000 6.837 1500.0 12.0 0.0000 5.0000 622.68 0.0628
95.6250 -76.7369 0.4584 0.2169 0.3246 0.00000 6.667 1500.0 12.0 0.0000 5.0000 626.10 0.0628
98.4375 -76.7369 0.4846 0.2016 0.3139 0.00000 6.541 1500.0 12.0 0.0000 5.0000 614.49 0.0628
101.2500 -76.7369 0.5280 0.1808 0.2912 0.00000 6.484 1500.0 12.0 0.0000 5.0000 593.52 0.0628
104.0625 -76.7369 0.4399 0.2270 0.3331 0.00000 6.922 1500.0 12.0 0.0000 5.0000 634.63 0.0628
106.8750 -76.7369 0.4132 0.2487 0.3380 0.00000 7.364 1500.0 12.0 0.0000 5.0000 644.35 0.0628
109.6875 -76.7369 0.5381 0.1850 0.2769 0.00000 6.835 1500.0 12.0 0.0000 5.0000 585.49 0.0628
112.5000 -76.7369 0.4816 0.2075 0.3108 0.00000 6.742 1500.0 12.0 0.0000 1.0852 133.33 0.0628
115.3125 -76.7369 0.4514 0.2221 0.3265 0.00000 6.760 1500.0 12.0 0.0000 0.0200 10.00 0.0646
118.1250 -76.7369 0.4126 0.2448 0.3426 0.00000 7.063 1500.0 12.0 0.0000 0.0852 11.01 0.0628
120.9375 -76.7369 0.4192 0.2368 0.3440 0.00000 6.795 1500.0 12.0 0.0000 5.0000 644.63 0.0628
123.7500 -76.7369 0.3325 0.2753 0.3922 0.00000 6.820 1500.0 12.0 0.0000 5.0000 687.52 0.0628
126.5625 -76.7369 0.3737 0.2528 0.3735 0.00000 6.622 1500.0 12.0 0.0000 5.0000 668.59 0.0628
151.8750 -76.7369 0.4482 0.2236 0.3282 0.00000 6.840 1500.0 12.0 0.0000 5.0000 630.42 0.0628
154.6875 -76.7369 0.4576 0.2191 0.3234 0.00000 6.844 1500.0 12.0 0.0000 5.0000 625.91 0.0628
157.5000 -76.7369 0.4772 0.2098 0.3130 0.00000 6.762 1500.0 12.0 0.0000 0.0200 10.00 0.0633
160.3125 -76.7369 0.4801 0.2131 0.3068 0.00000 6.641 1500.0 12.0 0.0000 0.0200 10.00 0.0859
163.1250 -76.7369 0.5270 0.1920 0.2810 0.00000 6.535 1500.0 12.0 0.0000 0.0200 10.00 0.0921
165.9375 -76.7369 0.6717 0.1226 0.2057 0.00000 6.306 1500.0 12.0 0.0000 0.0938 10.00 0.0910
168.7500 -76.7369 0.6877 0.1141 0.1982 0.00000 6.300 1500.0 12.0 0.0000 0.2926 30.03 0.0868
171.5625 -76.7369 0.6897 0.1118 0.1985 0.00000 6.324 1500.0 12.0 0.0000 0.3973 40.73 0.0808
174.3750 -76.7369 0.6836 0.1124 0.2040 0.00000 6.449 1500.0 12.0 0.0000 0.5596 57.79 0.0664
177.1875 -76.7369 0.5730 0.1708 0.2563 0.00000 7.045 1500.0 12.0 0.0000 1.2292 139.59 0.0628
180.0000 -76.7369 0.4540 0.2333 0.3127 0.00000 7.333 1500.0 12.0 0.0000 5.0000 623.27 0.0628
-177.1875 -76.7369 0.4172 0.2598 0.3230 0.00000 7.876 1500.0 12.0 0.0000 5.0000 637.88 0.0628
-174.3750 -76.7369 0.4680 0.2272 0.3048 0.00000 7.448 1500.0 12.0 0.0000 0.1177 14.51 0.0628
-171.5625 -76.7369 0.4918 0.2145 0.2938 0.00000 7.294 1500.0 12.0 0.0000 0.1570 19.01 0.0628
-168.7500 -76.7369 0.5173 0.2035 0.2791 0.00000 7.244 1500.0 12.0 0.0000 0.7307 86.59 0.0628
-165.9375 -76.7369 0.4817 0.2136 0.3047 0.00000 6.948 1500.0 12.0 0.0000 0.7073 86.59 0.0628
-163.1250 -76.7369 0.4503 0.2228 0.3269 0.00000 6.793 1500.0 12.0 0.0000 1.1500 144.75 0.0628
-160.3125 -76.7369 0.4052 0.2411 0.3536 0.00000 6.797 1500.0 12.0 0.0000 1.2483 162.83 0.0628
-157.5000 -76.7369 0.4260 0.2328 0.3412 0.00000 6.797 1500.0 12.0 0.0000 0.9994 128.24 0.0628
-154.6875 -76.7369 0.4432 0.2259 0.3309 0.00000 6.800 1500.0 12.0 0.0000 5.0000 632.86 0.0628
-151.8750 -76.7369 0.4421 0.2263 0.3316 0.00000 6.800 1500.0 12.0 0.0000 5.0000 633.45 0.0628
-149.0625 -76.7369 0.4263 0.2327 0.3411 0.00000 6.800 1500.0 12.0 0.0000 5.0000 641.49 0.0628
-146.2500 -76.7369 0.4203 0.2391 0.3406 0.00000 6.956 1500.0 12.0 0.0000 5.0000 643.10 0.0628
-143.4375 -76.7369 0.4262 0.2337 0.3401 0.00000 6.854 1500.0 12.0 0.0000 5.0000 641.19 0.0628
-140.6250 -76.7369 0.4062 0.2570 0.3368 0.00000 7.305 1500.0 12.0 0.0000 5.0000 646.02 0.0628
-137.8125 -76.7369 0.4025 0.2543 0.3431 0.00000 7.228 1500.0 12.0 0.0000 5.0000 649.34 0.0628
-135.0000 -76.7369 0.4153 0.2371 0.3476 0.00000 6.796 1500.0 12.0 0.0000 0.8546 110.60 0.0628
-132.1875 -76.7369 0.4289 0.2316 0.3395 0.00000 6.787 1500.0 12.0 0.0000 0.8146 104.29 0.0628
-129.3750 -76.7369 0.4162 0.2367 0.3471 0.00000 6.792 1500.0 12.0 0.0000 1.4191 183.52 0.0628
-126.5625 -76.7369 0.3969 0.2445 0.3586 0.00000 6.788 1500.0 12.0 0.0000 0.6216 81.61 0.0628
-123.7500 -76.7369 0.4037 0.2418 0.3546 0.00000 6.780 1500.0 12.0 0.0000 0.2193 28.64 0.0628
-120.9375 -76.7369 0.3969 0.2445 0.3586 0.00000 6.800 1500.0 12.0 0.0000 5.0000 656.44 0.0628
-118.1250 -76.7369 0.3969 0.2445 0.3586 0.00000 6.800 1500.0 12.0 0.0000 5.0000 656.44 0.0628
-115.3125 -76.7369 0.3969 0.2445 0.3586 0.00000 6.800 1500.0 12.0 0.0000 5.0000 656.44 0.0628
-112.5000 -76.7369 0.3969 0.2445 0.3586 0.00000 6.800 1500.0 12.0 0.0000 5.0000 656.44 0.0628
-109.6875 -76.7369 0.3952 0.2470 0.3578 0.00000 6.759 1500.0 12.0 0.0000 0.5024 65.99 0.0700
-106.8750 -76.7369 0.3916 0.2522 0.3562 0.00000 6.705 1500.0 12.0 0.0000 0.5060 66.51 0.0849
-104.0625 -76.7369 0.3908 0.2534 0.3559 0.00000 6.690 1500.0 12.0 0.0000 0.3987 52.41 0.0884
-101.2500 -76.7369 0.3897 0.2550 0.3554 0.00000 6.670 1500.0 12.0 0.0000 0.3599 47.32 0.0930
-98.4375 -76.7369 0.3895 0.2552 0.3553 0.00000 6.668 1500.0 12.0 0.0000 0.1852 24.35 0.0938
-95.6250 -76.7369 0.3944 0.2481 0.3575 0.00000 6.749 1500.0 12.0 0.0000 0.1623 21.32 0.0733
-92.8125 -76.7369 0.3969 0.2445 0.3586 0.00000 6.792 1500.0 12.0 0.0000 0.6673 87.60 0.0628
-90.0000 -76.7369 0.3969 0.2445 0.3586 0.00000 6.793 1500.0 12.0 0.0000 0.7502 98.49 0.0628
-87.1875 -76.7369 0.4171 0.2364 0.3466 0.00000 6.786 1500.0 12.0 0.0000 0.4034 52.13 0.0628
-84.3750 -76.7369 0.4806 0.2108 0.3086 0.00000 6.797 1500.0 12.0 0.0000 1.2809 157.25 0.0628
-81.5625 -76.7369 0.4966 0.2044 0.2990 0.00000 6.800 1500.0 12.0 0.0000 5.0000 605.66 0.0628
-78.7500 -76.7369 0.4966 0.2044 0.2990 0.00000 6.790 1500.0 12.0 0.0000 1.0178 123.28 0.0628
-75.9375 -76.7369 0.4965 0.2045 0.2990 0.00000 6.782 1500.0 12.0 0.0000 0.7407 89.73 0.0632
-73.1250 -76.7369 0.4966 0.2044 0.2990 0.00000 6.785 1500.0 12.0 0.0000 0.6302 76.34 0.0628
-70.3125 -76.7369 0.4966 0.2044 0.2990 0.00000 6.791 1500.0 12.0 0.0000 0.6145 74.43 0.0628
-67.5000 -76.7369 0.4966 0.2044 0.2990 0.00000 6.791 1500.0 12.0 0.0000 0.4735 57.36 0.0628
-64.6875 -76.7369 0.4887 0.2105 0.3008 0.00000 6.837 1500.0 12.0 0.0000 0.0514 10.00 0.0702
-61.8750 -76.7369 0.4574 0.2302 0.3123 0.00000 7.166 1500.0 12.0 0.0000 0.0200 10.00 0.0742
-59.0625 -76.7369 0.3963 0.2677 0.3360 0.00000 7.844 1500.0 12.0 0.0000 0.0200 10.00 0.0754
-56.2500 -76.7369 0.3487 0.2992 0.3521 0.00000 8.297 1500.0 12.0 0.0000 0.1364 18.24 0.0741
-53.4375 -76.7369 0.3816 0.2755 0.3429 0.00000 8.004 1500.0 12.0 0.0000 0.3779 49.55 0.0718
-50.6250 -76.7369 0.3469 0.2966 0.3565 0.00000 8.426 1500.0 12.0 0.0000 0.0200 10.00 0.0700
-47.8125 -76.7369 0.4016 0.2623 0.3361 0.00000 7.837 1500.0 12.0 0.0000 0.0200 10.00 0.0652
-45.0000 -76.7369 0.4041 0.2603 0.3356 0.00000 7.828 1500.0 12.0 0.0000 0.0543 10.00 0.0628
-42.1875 -76.7369 0.3432 0.2971 0.3596 0.00000 8.518 1500.0 12.0 0.0000 5.0000 672.90 0.0628
-39.3750 -76.7369 0.4011 0.2655 0.3334 0.00000 7.842 1500.0 12.0 0.0000 5.0000 646.35 0.0628
-36.5625 -76.7369 0.3188 0.3224 0.3588 0.00000 8.708 1500.0 12.0 0.0000 5.0000 679.92 0.0628
-33.7500 -76.7369 0.3429 0.3025 0.3546 0.00000 8.480 1500.0 12.0 0.0000 1.7019 228.48 0.0628
-30.9375 -76.7369 0.3981 0.2648 0.3371 0.00000 7.891 1500.0 12.0 0.0000 0.1422 18.44 0.0628
-28.1250 -76.7369 0.4440 0.2385 0.3176 0.00000 7.405 1500.0 12.0 0.0000 0.0200 10.00 0.0628
-25.3125 -76.7369 0.4984 0.2053 0.2963 0.00000 6.834 1500.0 12.0 0.0000 0.0200 10.00 0.0628
-22.5000 -76.7369 0.5478 0.1859 0.2662 0.00000 7.077 1500.0 12.0 0.0000 0.2470 28.59 0.0628
-19.6875 -76.7369 0.4704 0.2153 0.3143 0.00000 6.952 1500.0 12.0 0.0000 5.0000 618.89 0.0628
-16.8750 -76.7369 0.3156 0.2845 0.3998 0.00000 6.989 1500.0 12.0 0.0000 5.0000 695.26 0.0628
-14.0625 -76.7369 0.2983 0.2921 0.4096 0.00000 6.848 1500.0 12.0 0.0000 0.0200 10.00 0.0671
-11.2500 -76.7369 0.2825 0.3098 0.4077 0.00000 6.401 1500.0 12.0 0.0000 0.0200 10.00 0.1179
-8.4375 -76.7369 0.2737 0.3247 0.4016 0.00000 6.327 1500.0 12.0 0.0000 0.0200 10.00 0.1524
-5.6250 -76.7369 0.2870 0.3265 0.3865 0.00000 6.190 1500.0 12.0 0.0000 0.0200 10.00 0.1776
-2.8125 -76.7369 0.3816 0.2901 0.3283 0.00000 6.144 1500.0 12.0 0.0000 0.0200 10.00 0.1997
0.0000 -79.5256 0.2885 0.3000 0.4115 0.00000 6.830 1500.0 12.0 0.0000 0.0200 10.00 0.0842
2.8125 -79.5256 0.2849 0.3128 0.4022 0.00000 7.102 1500.0 12.0 0.0000 0.0200 10.00 0.1048
5.6250 -79.5256 0.2960 0.3069 0.3972 0.00000 6.542 1500.0 12.0 0.0000 0.0200 10.00 0.1174
8.4375 -79.5256 0.2973 0.3070 0.3957 0.00000 6.355 1500.0 12.0 0.0000 0.0200 10.00 0.1299
11.2500 -79.5256 0.3182 0.3003 0.3815 0.00000 6.281 1500.0 12.0 0.0000 0.0200 10.00 0.1394
14.0625 -79.5256 0.2919 0.3142 0.3939 0.00000 6.204 1500.0 12.0 0.0000 0.0200 10.00 0.1462
16.8750 -79.5256 0.3435 0.2903 0.3662 0.00000 6.207 1500.0 12.0 0.0000 0.0200 10.00 0.1476
19.6875 -79.5256 0.3522 0.2861 0.3617 0.00000 6.272 1500.0 12.0 0.0000 0.0200 10.00 0.1445
22.5000 -79.5256 0.3658 0.2788 0.3555 0.00000 6.299 1500.0 12.0 0.0000 0.0200 10.00 0.1407
25.3125 -79.5256 0.3400 0.2891 0.3709 0.00000 6.313 1500.0 12.0 0.0000 0.0200 10.00 0.1358
28.1250 -79.5256 0.3437 0.2841 0.3722 0.00000 6.396 1500.0 12.0 0.0000 0.0200 10.00 0.1228
30.9375 -79.5256 0.4015 0.2536 0.3450 0.00000 6.477 1500.0 12.0 0.0000 0.0200 10.00 0.1070
33.7500 -79.5256 0.4356 0.2338 0.3306 0.00000 6.588 1500.0 12.0 0.0000 0.0200 10.00 0.0871
36.5625 -79.5256 0.4695 0.2197 0.3108 0.00000 6.643 1500.0 12.0 0.0000 0.0200 10.00 0.0857
39.3750 -79.5256 0.5739 0.1688 0.2573 0.00000 6.554 1500.0 12.0 0.0000 0.0200 10.00 0.0790
42.1875 -79.5256 0.5631 0.1756 0.2613 0.00000 6.538 1500.0 12.0 0.0000 0.0200 10.00 0.0868
45.0000 -79.5256 0.5161 0.1996 0.2843 0.00000 6.656 1500.0 12.0 0.0000 0.0200 10.00 0.0864
47.8125 -79.5256 0.4925 0.2097 0.2978 0.00000 6.735 1500.0 12.0 0.0000 0.0200 10.00 0.0786
50.6250 -79.5256 0.4937 0.2082 0.2981 0.00000 6.749 1500.0 12.0 0.0000 0.0200 10.00 0.0742
53.4375 -79.5256 0.4945 0.2071 0.2984 0.00000 6.759 1500.0 12.0 0.0000 0.0200 10.00 0.0709
56.2500 -79.5256 0.4955 0.2059 0.2986 0.00000 6.769 1500.0 12.0 0.0000 0.0200 10.00 0.0673
59.0625 -79.5256 0.4960 0.2052 0.2988 0.00000 6.775 1500.0 12.0 0.0000 0.0200 10.00 0.0651
61.8750 -79.5256 0.4965 0.2046 0.2989 0.00000 6.779 1500.0 12.0 0.0000 0.0200 10.00 0.0635
64.6875 -79.5256 0.4966 0.2044 0.2990 0.00000 6.780 1500.0 12.0 0.0000 0.0200 10.00 0.0628
67.5000 -79.5256 0.4966 0.2044 0.2990 0.00000 6.786 1500.0 12.0 0.0000 0.1985 24.05 0.0628
70.3125 -79.5256 0.4966 0.2044 0.2990 0.00000 6.793 1500.0 12.0 0.0000 0.7391 89.52 0.0628
73.1250 -79.5256 0.4966 0.2044 0.2990 0.00000 6.796 1500.0 12.0 0.0000 1.0095 122.29 0.0628
75.9375 -79.5256 0.4966 0.2044 0.2990 0.00000 6.797 1500.0 12.0 0.0000 1.0809 130.93 0.0628
78.7500 -79.5256 0.4966 0.2044 0.2990 0.00000 6.800 1500.0 12.0 0.0000 5.0000 605.66 0.0628
81.5625 -79.5256 0.4966 0.2044 0.2990 0.00000 6.800 1500.0 12.0 0.0000 5.0000 605.66 0.0628
84.3750 -79.5256 0.4966 0.2044 0.2990 0.00000 6.800 1500.0 12.0 0.0000 5.0000 605.66 0.0628
87.1875 -79.5256 0.4966 0.2044 0.2990 0.00000 6.800 1500.0 12.0 0.0000 5.0000 605.66 0.0628
90.0000 -79.5256 0.4966 0.2044 0.2990 0.00000 6.800 1500.0 12.0 0.0000 5.0000 605.66 0.0628
92.8125 -79.5256 0.4966 0.2044 0.2990 0.00000 6.800 1500.0 12.0 0.0000 5.0000 605.66 0.0628
95.6250 -79.5256 0.5098 0.1947 0.2955 0.00000 6.673 1500.0 12.0 0.0000 5.0000 600.48 0.0628
98.4375 -79.5256 0.6022 0.1507 0.2470 0.00000 6.559 1500.0 12.0 0.0000 5.0000 555.80 0.0628
101.2500 -79.5256 0.5915 0.1570 0.2515 0.00000 6.600 1500.0 12.0 0.0000 0.5985 67.10 0.0628
104.0625 -79.5256 0.6119 0.1470 0.2411 0.00000 6.545 1500.0 12.0 0.0000 0.1754 19.32 0.0639
106.8750 -79.5256 0.6424 0.1331 0.2245 0.00000 6.464 1500.0 12.0 0.0000 0.1915 20.52 0.0701
109.6875 -79.5256 0.6466 0.1316 0.2218 0.00000 6.446 1500.0 12.0 0.0000 0.1637 17.47 0.0729
112.5000 -79.5256 0.6148 0.1515 0.2337 0.00000 6.792 1500.0 12.0 0.0000 0.0998 10.93 0.0757
115.3125 -79.5256 0.5760 0.1784 0.2456 0.00000 7.113 1500.0 12.0 0.0000 0.0200 10.00 0.0768
118.1250 -79.5256 0.6303 0.1414 0.2283 0.00000 6.605 1500.0 12.0 0.0000 0.1678 18.15 0.0757
120.9375 -79.5256 0.5719 0.1732 0.2549 0.00000 6.938 1500.0 12.0 0.0000 0.1134 12.88 0.0738
123.7500 -79.5256 0.5969 0.1565 0.2466 0.00000 6.578 1500.0 12.0 0.0000 0.1762 19.64 0.0720
126.5625 -79.5256 0.5419 0.1796 0.2786 0.00000 6.567 1500.0 12.0 0.0000 0.0200 10.00 0.0712
129.3750 -79.5256 0.5500 0.1754 0.2746 0.00000 6.552 1500.0 12.0 0.0000 0.0200 10.00 0.0703
132.1875 -79.5256 0.6411 0.1327 0.2263 0.00000 6.440 1500.0 12.0 0.0000 0.1674 17.98 0.0707
135.0000 -79.5256 0.6022 0.1519 0.2459 0.00000 6.503 1500.0 12.0 0.0000 0.0200 10.00 0.0728
137.8125 -79.5256 0.5495 0.1772 0.2733 0.00000 6.587 1500.0 12.0 0.0000 0.0200 10.00 0.0729
140.6250 -79.5256 0.5564 0.1753 0.2683 0.00000 6.605 1500.0 12.0 0.0000 0.0200 10.00 0.0731
143.4375 -79.5256 0.5821 0.1623 0.2556 0.00000 6.569 1500.0 12.0 0.0000 0.0200 10.00 0.0738
146.2500 -79.5256 0.6012 0.1527 0.2461 0.00000 6.499 1500.0 12.0 0.0000 0.0200 10.00 0.0741
149.0625 -79.5256 0.6084 0.1485 0.2431 0.00000 6.497 1500.0 12.0 0.0000 0.0200 10.00 0.0710
151.8750 -79.5256 0.6061 0.1483 0.2456 0.00000 6.519 1500.0 12.0 0.0000 0.0200 10.00 0.0650
154.6875 -79.5256 0.6736 0.1155 0.2109 0.00000 6.426 1500.0 12.0 0.0000 0.6084 63.48 0.0628
157.5000 -79.5256 0.6957 0.1049 0.1994 0.00000 6.400 1500.0 12.0 0.0000 5.0000 511.08 0.0628
160.3125 -79.5256 0.6957 0.1049 0.1994 0.00000 6.400 1500.0 12.0 0.0000 5.0000 511.08 0.0628
163.1250 -79.5256 0.6957 0.1049 0.1994 0.00000 6.400 1500.0 12.0 0.0000 5.0000 511.08 0.0628
165.9375 -79.5256 0.6957 0.1049 0.1994 0.00000 6.400 1500.0 12.0 0.0000 5.0000 511.08 0.0628
168.7500 -79.5256 0.6957 0.1049 0.1994 0.00000 6.400 1500.0 12.0 0.0000 5.0000 511.08 0.0628
171.5625 -79.5256 0.6941 0.1057 0.2002 0.00000 6.403 1500.0 12.0 0.0000 5.0000 511.85 0.0628
174.3750 -79.5256 0.6812 0.1122 0.2066 0.00000 6.429 1500.0 12.0 0.0000 5.0000 517.97 0.0628
177.1875 -79.5256 0.6206 0.1424 0.2370 0.00000 6.551 1500.0 12.0 0.0000 5.0000 546.75 0.0628
180.0000 -79.5256 0.5231 0.1926 0.2843 0.00000 6.873 1500.0 12.0 0.0000 5.0000 592.57 0.0628
-177.1875 -79.5256 0.5077 0.2093 0.2830 0.00000 7.204 1500.0 12.0 0.0000 5.0000 596.73 0.0628
-174.3750 -79.5256 0.5476 0.1789 0.2735 0.00000 6.698 1500.0 12.0 0.0000 5.0000 581.43 0.0628
-171.5625 -79.5256 0.5244 0.1905 0.2851 0.00000 6.744 1500.0 12.0 0.0000 5.0000 592.44 0.0628
-168.7500 -79.5256 0.5009 0.2021 0.2970 0.00000 6.788 1500.0 12.0 0.0000 5.0000 603.70 0.0628
-165.9375 -79.5256 0.4882 0.2078 0.3041 0.00000 6.800 1500.0 12.0 0.0000 5.0000 609.97 0.0628
-163.1250 -79.5256 0.4846 0.2092 0.3062 0.00000 6.800 1500.0 12.0 0.0000 5.0000 611.79 0.0628
-160.3125 -79.5256 0.4912 0.2065 0.3022 0.00000 6.800 1500.0 12.0 0.0000 5.0000 608.41 0.0628
-157.5000 -79.5256 0.4937 0.2056 0.3008 0.00000 6.800 1500.0 12.0 0.0000 5.0000 607.16 0.0628
-154.6875 -79.5256 0.4966 0.2044 0.2990 0.00000 6.800 1500.0 12.0 0.0000 5.0000 605.66 0.0628
-151.8750 -79.5256 0.4966 0.2044 0.2990 0.00000 6.800 1500.0 12.0 0.0000 5.0000 605.66 0.0628
-149.0625 -79.5256 0.4966 0.2044 0.2990 0.00000 6.800 1500.0 12.0 0.0000 5.0000 605.66 0.0628
-146.2500 -79.5256 0.4966 0.2044 0.2990 0.00000 6.800 1500.0 12.0 0.0000 5.0000 605.66 0.0628
-143.4375 -79.5256 0.4961 0.2046 0.2993 0.00000 6.800 1500.0 12.0 0.0000 5.0000 605.94 0.0628
-140.6250 -79.5256 0.4924 0.2061 0.3015 0.00000 6.800 1500.0 12.0 0.0000 5.0000 607.83 0.0628
-137.8125 -79.5256 0.4927 0.2060 0.3014 0.00000 6.800 1500.0 12.0 0.0000 5.0000 607.67 0.0628
-135.0000 -79.5256 0.4778 0.2119 0.3102 0.00000 6.800 1500.0 12.0 0.0000 5.0000 615.23 0.0628
-132.1875 -79.5256 0.4723 0.2142 0.3136 0.00000 6.800 1500.0 12.0 0.0000 5.0000 618.07 0.0628
-129.3750 -79.5256 0.4717 0.2144 0.3139 0.00000 6.798 1500.0 12.0 0.0000 2.2574 279.18 0.0628
-126.5625 -79.5256 0.4639 0.2197 0.3164 0.00000 6.748 1500.0 12.0 0.0000 0.7922 98.48 0.0719
-123.7500 -79.5256 0.4531 0.2259 0.3209 0.00000 6.718 1500.0 12.0 0.0000 0.6708 84.03 0.0797
-120.9375 -79.5256 0.4541 0.2268 0.3191 0.00000 6.696 1500.0 12.0 0.0000 0.4530 56.67 0.0851
-118.1250 -79.5256 0.4400 0.2336 0.3265 0.00000 6.677 1500.0 12.0 0.0000 0.2815 35.60 0.0893
-115.3125 -79.5256 0.4385 0.2347 0.3268 0.00000 6.667 1500.0 12.0 0.0000 0.1963 24.85 0.0914
-112.5000 -79.5256 0.4407 0.2342 0.3250 0.00000 6.658 1500.0 12.0 0.0000 0.1829 23.10 0.0933
-109.6875 -79.5256 0.4255 0.2397 0.3347 0.00000 6.672 1500.0 12.0 0.0000 0.2787 35.65 0.0905
-106.8750 -79.5256 0.4087 0.2456 0.3457 0.00000 6.690 1500.0 12.0 0.0000 0.5336 69.20 0.0866
-104.0625 -79.5256 0.3956 0.2510 0.3534 0.00000 6.690 1500.0 12.0 0.0000 0.6803 89.13 0.0868
-101.2500 -79.5256 0.3887 0.2564 0.3549 0.00000 6.645 1500.0 12.0 0.0000 0.4017 52.83 0.0972
-98.4375 -79.5256 0.3894 0.2554 0.3552 0.00000 6.661 1500.0 12.0 0.0000 0.1614 21.23 0.0942
-95.6250 -79.5256 0.3968 0.2504 0.3528 0.00000 6.697 1500.0 12.0 0.0000 0.0261 10.00 0.0863
-92.8125 -79.5256 0.4331 0.2330 0.3340 0.00000 6.742 1500.0 12.0 0.0000 0.0391 10.00 0.0752
-90.0000 -79.5256 0.4680 0.2159 0.3161 0.00000 6.788 1500.0 12.0 0.0000 0.4896 60.74 0.0628
-87.1875 -79.5256 0.4942 0.2054 0.3005 0.00000 6.790 1500.0 12.0 0.0000 0.5882 71.40 0.0628
-84.3750 -79.5256 0.4966 0.2044 0.2990 0.00000 6.790 1500.0 12.0 0.0000 0.6639 80.42 0.0628
-81.5625 -79.5256 0.4966 0.2044 0.2990 0.00000 6.791 1500.0 12.0 0.0000 0.9070 109.86 0.0628
-78.7500 -79.5256 0.4966 0.2044 0.2990 0.00000 6.787 1500.0 12.0 0.0000 1.0833 131.23 0.0628
-75.9375 -79.5256 0.4966 0.2045 0.2990 0.00000 6.782 1500.0 12.0 0.0000 0.6293 76.22 0.0631
-73.1250 -79.5256 0.4958 0.2054 0.2987 0.00000 6.776 1500.0 12.0 0.0000 0.4121 49.94 0.0660
-70.3125 -79.5256 0.4930 0.2075 0.2995 0.00000 6.767 1500.0 12.0 0.0000 0.1880 22.82 0.0699
-67.5000 -79.5256 0.4811 0.2132 0.3057 0.00000 6.757 1500.0 12.0 0.0000 0.0200 10.00 0.0739
-64.6875 -79.5256 0.4622 0.2220 0.3158 0.00000 6.744 1500.0 12.0 0.0000 0.0200 10.00 0.0786
-61.8750 -79.5256 0.4533 0.2263 0.3204 0.00000 6.735 1500.0 12.0 0.0000 0.0200 10.00 0.0816
-59.0625 -79.5256 0.4435 0.2307 0.3258 0.00000 6.729 1500.0 12.0 0.0000 0.0200 10.00 0.0834
-56.2500 -79.5256 0.4532 0.2270 0.3198 0.00000 6.726 1500.0 12.0 0.0000 0.0363 10.00 0.0843
-53.4375 -79.5256 0.4889 0.2124 0.2987 0.00000 6.730 1500.0 12.0 0.0000 0.0814 10.00 0.0835
-50.6250 -79.5256 0.4570 0.2320 0.3111 0.00000 7.122 1500.0 12.0 0.0000 0.0685 10.00 0.0816
-47.8125 -79.5256 0.4383 0.2429 0.3188 0.00000 7.342 1500.0 12.0 0.0000 0.0200 10.00 0.0795
-45.0000 -79.5256 0.4196 0.2539 0.3265 0.00000 7.562 1500.0 12.0 0.0000 0.0200 10.00 0.0775
-42.1875 -79.5256 0.3814 0.2768 0.3418 0.00000 8.001 1500.0 12.0 0.0000 0.0200 10.00 0.0754
-39.3750 -79.5256 0.3371 0.3055 0.3574 0.00000 8.492 1500.0 12.0 0.0000 0.0200 10.00 0.0730
-36.5625 -79.5256 0.4633 0.2259 0.3109 0.00000 7.114 1500.0 12.0 0.0000 0.0200 10.00 0.0699
-33.7500 -79.5256 0.4572 0.2291 0.3137 0.00000 7.203 1500.0 12.0 0.0000 0.0200 10.00 0.0653
-30.9375 -79.5256 0.4741 0.2180 0.3079 0.00000 7.039 1500.0 12.0 0.0000 0.0200 10.00 0.0628
-28.1250 -79.5256 0.4632 0.2276 0.3092 0.00000 7.150 1500.0 12.0 0.0000 5.0000 619.26 0.0628
-25.3125 -79.5256 0.4481 0.2391 0.3127 0.00000 7.299 1500.0 12.0 0.0000 5.0000 625.02 0.0628
-22.5000 -79.5256 0.5043 0.2032 0.2925 0.00000 6.893 1500.0 12.0 0.0000 5.0000 601.08 0.0628
-19.6875 -79.5256 0.5639 0.1667 0.2694 0.00000 6.535 1500.0 12.0 0.0000 5.0000 575.12 0.0628
-16.8750 -79.5256 0.3954 0.2446 0.3600 0.00000 6.748 1500.0 12.0 0.0000 5.0000 657.40 0.0628
-14.0625 -79.5256 0.3045 0.2917 0.4039 0.00000 7.032 1500.0 12.0 0.0000 5.0000 700.03 0.0628
-11.2500 -79.5256 0.3254 0.2836 0.3910 0.00000 7.258 1500.0 12.0 0.0000 5.0000 689.23 0.0628
-8.4375 -79.5256 0.3103 0.2992 0.3904 0.00000 7.640 1500.0 12.0 0.0000 5.0000 693.55 0.0628
-5.6250 -79.5256 0.3369 0.2735 0.3896 0.00000 7.087 1500.0 12.0 0.0000 5.0000 685.30 0.0628
-2.8125 -79.5256 0.3166 0.2779 0.4054 0.00000 6.747 1500.0 12.0 0.0000 5.0000 696.91 0.0628
0.0000 -82.3129 0.3823 0.2749 0.3428 0.00000 7.814 1500.0 12.0 0.0000 5.0000 655.29 0.0628
2.8125 -82.3129 0.4468 0.2389 0.3142 0.00000 7.276 1500.0 12.0 0.0000 5.0000 625.93 0.0628
5.6250 -82.3129 0.4695 0.2207 0.3097 0.00000 7.103 1500.0 12.0 0.0000 5.0000 617.54 0.0628
8.4375 -82.3129 0.4505 0.2334 0.3161 0.00000 7.307 1500.0 12.0 0.0000 5.0000 625.47 0.0628
11.2500 -82.3129 0.4820 0.2148 0.3032 0.00000 6.951 1500.0 12.0 0.0000 5.0000 611.53 0.0628
14.0625 -82.3129 0.4341 0.2567 0.3092 0.00000 7.384 1500.0 12.0 0.0000 5.0000 628.01 0.0628
16.8750 -82.3129 0.4498 0.2436 0.3067 0.00000 7.237 1500.0 12.0 0.0000 5.0000 622.39 0.0628
19.6875 -82.3129 0.4966 0.2044 0.2990 0.00000 6.800 1500.0 12.0 0.0000 5.0000 605.66 0.0628
22.5000 -82.3129 0.4966 0.2044 0.2990 0.00000 6.800 1500.0 12.0 0.0000 5.0000 605.66 0.0628
25.3125 -82.3129 0.4966 0.2044 0.2990 0.00000 6.800 1500.0 12.0 0.0000 5.0000 605.66 0.0628
28.1250 -82.3129 0.4966 0.2044 0.2990 0.00000 6.800 1500.0 12.0 0.0000 5.0000 605.66 0.0628
30.9375 -82.3129 0.4966 0.2044 0.2990 0.00000 6.800 1500.0 12.0 0.0000 5.0000 605.66 0.0628
33.7500 -82.3129 0.4966 0.2044 0.2990 0.00000 6.800 1500.0 12.0 0.0000 5.0000 605.66 0.0628
36.5625 -82.3129 0.4966 0.2044 0.2990 0.00000 6.800 1500.0 12.0 0.0000 5.0000 605.66 0.0628
39.3750 -82.3129 0.4966 0.2044 0.2990 0.00000 6.800 1500.0 12.0 0.0000 5.0000 605.66 0.0628
42.1875 -82.3129 0.4966 0.2044 0.2990 0.00000 6.800 1500.0 12.0 0.0000 5.0000 605.66 0.0628
45.0000 -82.3129 0.4966 0.2044 0.2990 0.00000 6.800 1500.0 12.0 0.0000 5.0000 605.66 0.0628
47.8125 -82.3129 0.4966 0.2044 0.2990 0.00000 6.800 1500.0 12.0 0.0000 5.0000 605.66 0.0628
50.6250 -82.3129 0.4966 0.2044 0.2990 0.00000 6.797 1500.0 12.0 0.0000 0.6139 74.36 0.0628
53.4375 -82.3129 0.4966 0.2044 0.2990 0.00000 6.788 1500.0 12.0 0.0000 0.0284 10.00 0.0628
56.2500 -82.3129 0.4966 0.2044 0.2990 0.00000 6.783 1500.0 12.0 0.0000 0.0596 10.00 0.0628
59.0625 -82.3129 0.4966 0.2044 0.2990 0.00000 6.787 1500.0 12.0 0.0000 0.4303 52.12 0.0628
61.8750 -82.3129 0.4966 0.2044 0.2990 0.00000 6.784 1500.0 12.0 0.0000 0.2521 30.54 0.0628
64.6875 -82.3129 0.4966 0.2044 0.2990 0.00000 6.785 1500.0 12.0 0.0000 0.2245 27.20 0.0628
67.5000 -82.3129 0.4966 0.2044 0.2990 0.00000 6.786 1500.0 12.0 0.0000 0.2366 28.66 0.0628
70.3125 -82.3129 0.4966 0.2044 0.2990 0.00000 6.786 1500.0 12.0 0.0000 0.2616 31.69 0.0628
73.1250 -82.3129 0.4966 0.2044 0.2990 0.00000 6.787 1500.0 12.0 0.0000 0.3201 38.78 0.0628
75.9375 -82.3129 0.4966 0.2044 0.2990 0.00000 6.791 1500.0 12.0 0.0000 0.5506 66.70 0.0628
78.7500 -82.3129 0.4966 0.2044 0.2990 0.00000 6.792 1500.0 12.0 0.0000 0.6123 74.17 0.0628
81.5625 -82.3129 0.4966 0.2044 0.2990 0.00000 6.794 1500.0 12.0 0.0000 0.8215 99.51 0.0628
84.3750 -82.3129 0.4966 0.2044 0.2990 0.00000 6.798 1500.0 12.0 0.0000 1.5181 183.89 0.0628
87.1875 -82.3129 0.4966 0.2044 0.2990 0.00000 6.797 1500.0 12.0 0.0000 1.5499 187.74 0.0628
90.0000 -82.3129 0.4966 0.2044 0.2990 0.00000 6.795 1500.0 12.0 0.0000 1.4531 176.01 0.0628
92.8125 -82.3129 0.4966 0.2044 0.2990 0.00000 6.795 1500.0 12.0 0.0000 1.4563 176.41 0.0628
95.6250 -82.3129 0.4966 0.2044 0.2990 0.00000 6.794 1500.0 12.0 0.0000 1.0897 131.99 0.0628
98.4375 -82.3129 0.4966 0.2044 0.2990 0.00000 6.790 1500.0 12.0 0.0000 0.6537 79.19 0.0628
101.2500 -82.3129 0.4966 0.2044 0.2990 0.00000 6.784 1500.0 12.0 0.0000 0.2924 35.42 0.0628
104.0625 -82.3129 0.4964 0.2046 0.2989 0.00000 6.778 1500.0 12.0 0.0000 0.0955 11.57 0.0636
106.8750 -82.3129 0.4959 0.2054 0.2988 0.00000 6.773 1500.0 12.0 0.0000 0.0200 10.00 0.0657
109.6875 -82.3129 0.4954 0.2060 0.2986 0.00000 6.768 1500.0 12.0 0.0000 0.0200 10.00 0.0676
112.5000 -82.3129 0.5003 0.2040 0.2958 0.00000 6.752 1500.0 12.0 0.0000 0.0200 10.00 0.0696
115.3125 -82.3129 0.5587 0.1751 0.2662 0.00000 6.630 1500.0 12.0 0.0000 0.0392 10.00 0.0710
118.1250 -82.3129 0.6167 0.1462 0.2371 0.00000 6.512 1500.0 12.0 0.0000 0.2291 25.11 0.0713
120.9375 -82.3129 0.6285 0.1404 0.2311 0.00000 6.487 1500.0 12.0 0.0000 0.2668 28.94 0.0716
123.7500 -82.3129 0.6441 0.1325 0.2233 0.00000 6.456 1500.0 12.0 0.0000 0.3375 36.11 0.0715
126.5625 -82.3129 0.6400 0.1347 0.2254 0.00000 6.463 1500.0 12.0 0.0000 0.2946 31.63 0.0718
129.3750 -82.3129 0.6500 0.1297 0.2202 0.00000 6.441 1500.0 12.0 0.0000 0.3180 33.84 0.0721
132.1875 -82.3129 0.6594 0.1252 0.2154 0.00000 6.419 1500.0 12.0 0.0000 0.3468 36.59 0.0730
135.0000 -82.3129 0.6367 0.1365 0.2269 0.00000 6.467 1500.0 12.0 0.0000 0.1812 19.51 0.0725
137.8125 -82.3129 0.6109 0.1492 0.2399 0.00000 6.520 1500.0 12.0 0.0000 0.0269 10.00 0.0719
140.6250 -82.3129 0.6383 0.1354 0.2262 0.00000 6.466 1500.0 12.0 0.0000 0.1190 12.80 0.0715
143.4375 -82.3129 0.6444 0.1321 0.2234 0.00000 6.458 1500.0 12.0 0.0000 0.1345 14.38 0.0703
146.2500 -82.3129 0.6278 0.1402 0.2320 0.00000 6.494 1500.0 12.0 0.0000 0.0266 10.00 0.0693
149.0625 -82.3129 0.6041 0.1518 0.2441 0.00000 6.546 1500.0 12.0 0.0000 0.0200 10.00 0.0681
151.8750 -82.3129 0.5934 0.1571 0.2495 0.00000 6.568 1500.0 12.0 0.0000 0.0200 10.00 0.0678
154.6875 -82.3129 0.6031 0.1519 0.2449 0.00000 6.553 1500.0 12.0 0.0000 0.0200 10.00 0.0664
157.5000 -82.3129 0.6244 0.1407 0.2349 0.00000 6.519 1500.0 12.0 0.0000 0.0200 10.00 0.0636
160.3125 -82.3129 0.6735 0.1160 0.2105 0.00000 6.431 1500.0 12.0 0.0000 0.5360 55.91 0.0628
163.1250 -82.3129 0.6827 0.1114 0.2059 0.00000 6.423 1500.0 12.0 0.0000 1.3190 136.45 0.0628
165.9375 -82.3129 0.6765 0.1145 0.2090 0.00000 6.439 1500.0 12.0 0.0000 5.0000 520.22 0.0628
168.7500 -82.3129 0.6366 0.1344 0.2289 0.00000 6.519 1500.0 12.0 0.0000 5.0000 539.14 0.0628
171.5625 -82.3129 0.5743 0.1656 0.2601 0.00000 6.644 1500.0 12.0 0.0000 5.0000 568.75 0.0628
174.3750 -82.3129 0.4966 0.2044 0.2990 0.00000 6.800 1500.0 12.0 0.0000 5.0000 605.66 0.0628
177.1875 -82.3129 0.4966 0.2044 0.2990 0.00000 6.800 1500.0 12.0 0.0000 5.0000 605.66 0.0628
180.0000 -82.3129 0.4966 0.2044 0.2990 0.00000 6.800 1500.0 12.0 0.0000 5.0000 605.66 0.0628
-177.1875 -82.3129 0.4966 0.2044 0.2990 0.00000 6.800 1500.0 12.0 0.0000 5.0000 605.66 0.0628
-174.3750 -82.3129 0.4966 0.2044 0.2990 0.00000 6.800 1500.0 12.0 0.0000 5.0000 605.66 0.0628
-171.5625 -82.3129 0.4966 0.2044 0.2990 0.00000 6.800 1500.0 12.0 0.0000 5.0000 605.66 0.0628
-168.7500 -82.3129 0.4966 0.2044 0.2990 0.00000 6.800 1500.0 12.0 0.0000 5.0000 605.66 0.0628
-165.9375 -82.3129 0.4966 0.2044 0.2990 0.00000 6.800 1500.0 12.0 0.0000 5.0000 605.66 0.0628
-163.1250 -82.3129 0.4966 0.2044 0.2990 0.00000 6.800 1500.0 12.0 0.0000 5.0000 605.66 0.0628
-160.3125 -82.3129 0.4966 0.2044 0.2990 0.00000 6.800 1500.0 12.0 0.0000 5.0000 605.66 0.0628
-157.5000 -82.3129 0.4966 0.2044 0.2990 0.00000 6.797 1500.0 12.0 0.0000 0.9896 119.87 0.0628
-154.6875 -82.3129 0.4959 0.2054 0.2988 0.00000 6.767 1500.0 12.0 0.0000 0.0547 10.00 0.0657
-151.8750 -82.3129 0.4937 0.2082 0.2981 0.00000 6.737 1500.0 12.0 0.0000 0.0541 10.00 0.0741
-149.0625 -82.3129 0.4928 0.2094 0.2978 0.00000 6.723 1500.0 12.0 0.0000 0.1478 17.92 0.0776
-146.2500 -82.3129 0.4921 0.2102 0.2976 0.00000 6.713 1500.0 12.0 0.0000 0.2415 29.30 0.0800
-143.4375 -82.3129 0.4906 0.2123 0.2972 0.00000 6.686 1500.0 12.0 0.0000 0.1525 18.51 0.0862
-140.6250 -82.3129 0.4901 0.2128 0.2970 0.00000 6.678 1500.0 12.0 0.0000 0.1149 13.94 0.0878
-137.8125 -82.3129 0.4895 0.2137 0.2968 0.00000 6.666 1500.0 12.0 0.0000 0.0822 10.00 0.0904
-135.0000 -82.3129 0.4897 0.2134 0.2969 0.00000 6.671 1500.0 12.0 0.0000 0.0837 10.16 0.0896
-132.1875 -82.3129 0.4899 0.2131 0.2970 0.00000 6.675 1500.0 12.0 0.0000 0.0947 11.50 0.0887
-129.3750 -82.3129 0.4907 0.2121 0.2972 0.00000 6.690 1500.0 12.0 0.0000 0.1299 15.76 0.0856
-126.5625 -82.3129 0.4919 0.2105 0.2976 0.00000 6.711 1500.0 12.0 0.0000 0.1883 22.85 0.0809
-123.7500 -82.3129 0.4937 0.2082 0.2981 0.00000 6.738 1500.0 12.0 0.0000 0.2818 34.17 0.0742
-120.9375 -82.3129 0.4949 0.2066 0.2985 0.00000 6.756 1500.0 12.0 0.0000 0.3747 45.42 0.0694
-118.1250 -82.3129 0.4903 0.2127 0.2971 0.00000 6.686 1500.0 12.0 0.0000 0.2390 29.01 0.0872
-115.3125 -82.3129 0.4884 0.2151 0.2965 0.00000 6.653 1500.0 12.0 0.0000 0.2369 28.77 0.0946
-112.5000 -82.3129 0.4886 0.2148 0.2966 0.00000 6.659 1500.0 12.0 0.0000 0.2961 35.96 0.0936
-109.6875 -82.3129 0.4892 0.2141 0.2968 0.00000 6.671 1500.0 12.0 0.0000 0.3710 45.05 0.0914
-106.8750 -82.3129 0.4898 0.2133 0.2969 0.00000 6.682 1500.0 12.0 0.0000 0.4586 55.68 0.0892
-104.0625 -82.3129 0.4865 0.2135 0.3000 0.00000 6.705 1500.0 12.0 0.0000 0.5840 71.14 0.0841
-101.2500 -82.3129 0.4715 0.2178 0.3108 0.00000 6.735 1500.0 12.0 0.0000 0.6027 74.42 0.0766
-98.4375 -82.3129 0.4185 0.2370 0.3444 0.00000 6.765 1500.0 12.0 0.0000 0.5719 73.77 0.0678
-95.6250 -82.3129 0.4024 0.2426 0.3550 0.00000 6.776 1500.0 12.0 0.0000 0.5742 75.05 0.0642
-92.8125 -82.3129 0.4166 0.2371 0.3463 0.00000 6.774 1500.0 12.0 0.0000 0.5700 73.67 0.0652
-90.0000 -82.3129 0.4196 0.2364 0.3440 0.00000 6.769 1500.0 12.0 0.0000 0.6111 78.77 0.0671
-87.1875 -82.3129 0.4153 0.2382 0.3464 0.00000 6.768 1500.0 12.0 0.0000 0.7677 99.29 0.0675
-84.3750 -82.3129 0.4169 0.2375 0.3456 0.00000 6.770 1500.0 12.0 0.0000 1.1186 144.49 0.0670
-81.5625 -82.3129 0.4229 0.2352 0.3419 0.00000 6.769 1500.0 12.0 0.0000 1.0080 129.59 0.0676
-78.7500 -82.3129 0.4180 0.2371 0.3449 0.00000 6.770 1500.0 12.0 0.0000 0.7832 101.08 0.0673
-75.9375 -82.3129 0.4117 0.2393 0.3490 0.00000 6.775 1500.0 12.0 0.0000 0.5292 68.65 0.0658
-73.1250 -82.3129 0.4005 0.2437 0.3559 0.00000 6.776 1500.0 12.0 0.0000 0.3680 48.16 0.0653
-70.3125 -82.3129 0.3987 0.2443 0.3570 0.00000 6.777 1500.0 12.0 0.0000 0.2678 35.10 0.0650
-67.5000 -82.3129 0.4215 0.2352 0.3433 0.00000 6.776 1500.0 12.0 0.0000 0.2070 26.65 0.0654
-64.6875 -82.3129 0.4386 0.2285 0.3329 0.00000 6.775 1500.0 12.0 0.0000 0.1688 21.44 0.0660
-61.8750 -82.3129 0.4558 0.2215 0.3227 0.00000 6.775 1500.0 12.0 0.0000 0.1704 21.34 0.0658
-59.0625 -82.3129 0.4559 0.2208 0.3233 0.00000 6.782 1500.0 12.0 0.0000 0.2370 29.69 0.0630
-56.2500 -82.3129 0.4939 0.2055 0.3006 0.00000 6.782 1500.0 12.0 0.0000 0.2984 36.23 0.0628
-53.4375 -82.3129 0.4946 0.2052 0.3002 0.00000 6.782 1500.0 12.0 0.0000 0.2988 36.26 0.0629
-50.6250 -82.3129 0.4966 0.2045 0.2990 0.00000 6.781 1500.0 12.0 0.0000 0.2798 33.89 0.0631
-47.8125 -82.3129 0.4966 0.2044 0.2990 0.00000 6.782 1500.0 12.0 0.0000 0.2516 30.47 0.0628
-45.0000 -82.3129 0.4966 0.2044 0.2990 0.00000 6.785 1500.0 12.0 0.0000 0.2300 27.85 0.0628
-42.1875 -82.3129 0.4966 0.2044 0.2990 0.00000 6.787 1500.0 12.0 0.0000 0.1526 18.48 0.0628
-39.3750 -82.3129 0.4833 0.2149 0.3019 0.00000 6.924 1500.0 12.0 0.0000 0.3258 39.79 0.0628
-36.5625 -82.3129 0.4965 0.2045 0.2991 0.00000 6.802 1500.0 12.0 0.0000 5.0000 605.73 0.0628
-33.7500 -82.3129 0.4966 0.2044 0.2990 0.00000 6.800 1500.0 12.0 0.0000 5.0000 605.66 0.0628
-30.9375 -82.3129 0.4966 0.2044 0.2990 0.00000 6.800 1500.0 12.0 0.0000 5.0000 605.66 0.0628
-28.1250 -82.3129 0.4966 0.2044 0.2990 0.00000 6.800 1500.0 12.0 0.0000 5.0000 605.66 0.0628
-25.3125 -82.3129 0.4966 0.2044 0.2990 0.00000 6.800 1500.0 12.0 0.0000 5.0000 605.66 0.0628
-22.5000 -82.3129 0.4966 0.2044 0.2990 0.00000 6.800 1500.0 12.0 0.0000 5.0000 605.66 0.0628
-19.6875 -82.3129 0.4966 0.2044 0.2990 0.00000 6.800 1500.0 12.0 0.0000 5.0000 605.66 0.0628
-16.8750 -82.3129 0.4966 0.2044 0.2990 0.00000 6.800 1500.0 12.0 0.0000 5.0000 605.66 0.0628
-14.0625 -82.3129 0.4942 0.2063 0.2996 0.00000 6.863 1500.0 12.0 0.0000 5.0000 606.60 0.0628
-11.2500 -82.3129 0.4682 0.2221 0.3097 0.00000 7.114 1500.0 12.0 0.0000 5.0000 617.92 0.0628
-8.4375 -82.3129 0.5161 0.1965 0.2874 0.00000 6.922 1500.0 12.0 0.0000 5.0000 595.77 0.0628
-5.6250 -82.3129 0.4976 0.2029 0.2995 0.00000 6.814 1500.0 12.0 0.0000 5.0000 605.56 0.0628
-2.8125 -82.3129 0.4209 0.2528 0.3263 0.00000 7.533 1500.0 12.0 0.0000 5.0000 637.94 0.0628
0.0000 -85.0965 0.4966 0.2044 0.2990 0.00000 6.800 1500.0 12.0 0.0000 5.0000 605.66 0.0628
2.8125 -85.0965 0.4966 0.2044 0.2990 0.00000 6.800 1500.0 12.0 0.0000 5.0000 605.66 0.0628
5.6250 -85.0965 0.4966 0.2044 0.2990 0.00000 6.800 1500.0 12.0 0.0000 5.0000 605.66 0.0628
8.4375 -85.0965 0.4966 0.2044 0.2990 0.00000 6.800 1500.0 12.0 0.0000 5.0000 605.66 0.0628
11.2500 -85.0965 0.4966 0.2044 0.2990 0.00000 6.800 1500.0 12.0 0.0000 5.0000 605.66 0.0628
14.0625 -85.0965 0.4966 0.2044 0.2990 0.00000 6.800 1500.0 12.0 0.0000 5.0000 605.66 0.0628
16.8750 -85.0965 0.4966 0.2044 0.2990 0.00000 6.800 1500.0 12.0 0.0000 5.0000 605.66 0.0628
19.6875 -85.0965 0.4966 0.2044 0.2990 0.00000 6.800 1500.0 12.0 0.0000 5.0000 605.66 0.0628
22.5000 -85.0965 0.4966 0.2044 0.2990 0.00000 6.800 1500.0 12.0 0.0000 5.0000 605.66 0.0628
25.3125 -85.0965 0.4966 0.2044 0.2990 0.00000 6.800 1500.0 12.0 0.0000 5.0000 605.66 0.0628
28.1250 -85.0965 0.4966 0.2044 0.2990 0.00000 6.800 1500.0 12.0 0.0000 5.0000 605.66 0.0628
30.9375 -85.0965 0.4966 0.2044 0.2990 0.00000 6.800 1500.0 12.0 0.0000 5.0000 605.66 0.0628
33.7500 -85.0965 0.4966 0.2044 0.2990 0.00000 6.800 1500.0 12.0 0.0000 5.0000 605.66 0.0628
36.5625 -85.0965 0.4966 0.2044 0.2990 0.00000 6.800 1500.0 12.0 0.0000 5.0000 605.66 0.0628
39.3750 -85.0965 0.4966 0.2044 0.2990 0.00000 6.800 1500.0 12.0 0.0000 5.0000 605.66 0.0628
42.1875 -85.0965 0.4966 0.2044 0.2990 0.00000 6.800 1500.0 12.0 0.0000 5.0000 605.66 0.0628
45.0000 -85.0965 0.4966 0.2044 0.2990 0.00000 6.800 1500.0 12.0 0.0000 5.0000 605.66 0.0628
47.8125 -85.0965 0.4966 0.2044 0.2990 0.00000 6.800 1500.0 12.0 0.0000 5.0000 605.66 0.0628
50.6250 -85.0965 0.4966 0.2044 0.2990 0.00000 6.800 1500.0 12.0 0.0000 5.0000 605.66 0.0628
53.4375 -85.0965 0.4966 0.2044 0.2990 0.00000 6.800 1500.0 12.0 0.0000 5.0000 605.66 0.0628
56.2500 -85.0965 0.4966 0.2044 0.2990 0.00000 6.800 1500.0 12.0 0.0000 5.0000 605.66 0.0628
59.0625 -85.0965 0.4966 0.2044 0.2990 0.00000 6.800 1500.0 12.0 0.0000 5.0000 605.66 0.0628
61.8750 -85.0965 0.4966 0.2044 0.2990 0.00000 6.800 1500.0 12.0 0.0000 5.0000 605.66 0.0628
64.6875 -85.0965 0.4966 0.2044 0.2990 0.00000 6.800 1500.0 12.0 0.0000 5.0000 605.66 0.0628
67.5000 -85.0965 0.4966 0.2044 0.2990 0.00000 6.800 1500.0 12.0 0.0000 5.0000 605.66 0.0628
70.3125 -85.0965 0.4966 0.2044 0.2990 0.00000 6.800 1500.0 12.0 0.0000 5.0000 605.66 0.0628
73.1250 -85.0965 0.4966 0.2044 0.2990 0.00000 6.800 1500.0 12.0 0.0000 5.0000 605.66 0.0628
75.9375 -85.0965 0.4966 0.2044 0.2990 0.00000 6.800 1500.0 12.0 0.0000 5.0000 605.66 0.0628
78.7500 -85.0965 0.4966 0.2044 0.2990 0.00000 6.800 1500.0 12.0 0.0000 5.0000 605.66 0.0628
81.5625 -85.0965 0.4966 0.2044 0.2990 0.00000 6.800 1500.0 12.0 0.0000 5.0000 605.66 0.0628
84.3750 -85.0965 0.4966 0.2044 0.2990 0.00000 6.800 1500.0 12.0 0.0000 5.0000 605.66 0.0628
87.1875 -85.0965 0.4966 0.2044 0.2990 0.00000 6.800 1500.0 12.0 0.0000 5.0000 605.66 0.0628
90.0000 -85.0965 0.4966 0.2044 0.2990 0.00000 6.800 1500.0 12.0 0.0000 5.0000 605.66 0.0628
92.8125 -85.0965 0.4966 0.2044 0.2990 0.00000 6.800 1500.0 12.0 0.0000 5.0000 605.66 0.0628
95.6250 -85.0965 0.4966 0.2044 0.2990 0.00000 6.800 1500.0 12.0 0.0000 5.0000 605.66 0.0628
98.4375 -85.0965 0.4966 0.2044 0.2990 0.00000 6.800 1500.0 12.0 0.0000 5.0000 605.66 0.0628
101.2500 -85.0965 0.4966 0.2044 0.2990 0.00000 6.800 1500.0 12.0 0.0000 5.0000 605.66 0.0628
104.0625 -85.0965 0.4966 0.2044 0.2990 0.00000 6.800 1500.0 12.0 0.0000 5.0000 605.66 0.0628
106.8750 -85.0965 0.4966 0.2044 0.2990 0.00000 6.800 1500.0 12.0 0.0000 5.0000 605.66 0.0628
109.6875 -85.0965 0.4966 0.2044 0.2990 0.00000 6.800 1500.0 12.0 0.0000 5.0000 605.66 0.0628
112.5000 -85.0965 0.4966 0.2044 0.2990 0.00000 6.800 1500.0 12.0 0.0000 5.0000 605.66 0.0628
115.3125 -85.0965 0.4966 0.2044 0.2990 0.00000 6.796 1500.0 12.0 0.0000 1.8698 226.49 0.0628
118.1250 -85.0965 0.4966 0.2044 0.2990 0.00000 6.791 1500.0 12.0 0.0000 1.2210 147.90 0.0628
120.9375 -85.0965 0.4966 0.2044 0.2990 0.00000 6.788 1500.0 12.0 0.0000 0.9177 111.16 0.0628
123.7500 -85.0965 0.4966 0.2044 0.2990 0.00000 6.786 1500.0 12.0 0.0000 0.6727 81.48 0.0628
126.5625 -85.0965 0.4966 0.2044 0.2990 0.00000 6.784 1500.0 12.0 0.0000 0.5200 62.99 0.0628
129.3750 -85.0965 0.4966 0.2044 0.2990 0.00000 6.782 1500.0 12.0 0.0000 0.3536 42.83 0.0628
132.1875 -85.0965 0.4966 0.2045 0.2990 0.00000 6.779 1500.0 12.0 0.0000 0.2180 26.41 0.0631
135.0000 -85.0965 0.4964 0.2046 0.2989 0.00000 6.778 1500.0 12.0 0.0000 0.1435 17.38 0.0636
137.8125 -85.0965 0.4964 0.2046 0.2989 0.00000 6.778 1500.0 12.0 0.0000 0.0860 10.41 0.0635
140.6250 -85.0965 0.4966 0.2044 0.2990 0.00000 6.781 1500.0 12.0 0.0000 0.0777 10.00 0.0628
143.4375 -85.0965 0.4966 0.2044 0.2990 0.00000 6.782 1500.0 12.0 0.0000 0.0705 10.00 0.0628
146.2500 -85.0965 0.4966 0.2044 0.2990 0.00000 6.784 1500.0 12.0 0.0000 0.0993 12.02 0.0628
149.0625 -85.0965 0.4966 0.2044 0.2990 0.00000 6.787 1500.0 12.0 0.0000 0.1791 21.70 0.0628
151.8750 -85.0965 0.4966 0.2044 0.2990 0.00000 6.791 1500.0 12.0 0.0000 0.3316 40.17 0.0628
154.6875 -85.0965 0.4966 0.2044 0.2990 0.00000 6.796 1500.0 12.0 0.0000 0.7091 85.89 0.0628
157.5000 -85.0965 0.4966 0.2044 0.2990 0.00000 6.800 1500.0 12.0 0.0000 5.0000 605.66 0.0628
160.3125 -85.0965 0.4966 0.2044 0.2990 0.00000 6.800 1500.0 12.0 0.0000 5.0000 605.66 0.0628
163.1250 -85.0965 0.5171 0.1942 0.2888 0.00000 6.759 1500.0 12.0 0.0000 5.0000 595.94 0.0628
165.9375 -85.0965 0.4966 0.2044 0.2990 0.00000 6.800 1500.0 12.0 0.0000 5.0000 605.66 0.0628
168.7500 -85.0965 0.4966 0.2044 0.2990 0.00000 6.800 1500.0 12.0 0.0000 5.0000 605.66 0.0628
171.5625 -85.0965 0.4966 0.2044 0.2990 0.00000 6.800 1500.0 12.0 0.0000 5.0000 605.66 0.0628
174.3750 -85.0965 0.4966 0.2044 0.2990 0.00000 6.800 1500.0 12.0 0.0000 5.0000 605.66 0.0628
177.1875 -85.0965 0.4966 0.2044 0.2990 0.00000 6.800 1500.0 12.0 0.0000 5.0000 605.66 0.0628
180.0000 -85.0965 0.4966 0.2044 0.2990 0.00000 6.800 1500.0 12.0 0.0000 5.0000 605.66 0.0628
-177.1875 -85.0965 0.4966 0.2044 0.2990 0.00000 6.800 1500.0 12.0 0.0000 5.0000 605.66 0.0628
-174.3750 -85.0965 0.4966 0.2044 0.2990 0.00000 6.800 1500.0 12.0 0.0000 5.0000 605.66 0.0628
-171.5625 -85.0965 0.4966 0.2044 0.2990 0.00000 6.800 1500.0 12.0 0.0000 5.0000 605.66 0.0628
-168.7500 -85.0965 0.4966 0.2044 0.2990 0.00000 6.800 1500.0 12.0 0.0000 5.0000 605.66 0.0628
-165.9375 -85.0965 0.4966 0.2044 0.2990 0.00000 6.800 1500.0 12.0 0.0000 5.0000 605.66 0.0628
-163.1250 -85.0965 0.4966 0.2044 0.2990 0.00000 6.800 1500.0 12.0 0.0000 5.0000 605.66 0.0628
-160.3125 -85.0965 0.4966 0.2044 0.2990 0.00000 6.800 1500.0 12.0 0.0000 5.0000 605.66 0.0628
-157.5000 -85.0965 0.4966 0.2044 0.2990 0.00000 6.800 1500.0 12.0 0.0000 5.0000 605.66 0.0628
-154.6875 -85.0965 0.4966 0.2044 0.2990 0.00000 6.800 1500.0 12.0 0.0000 5.0000 605.66 0.0628
-151.8750 -85.0965 0.4966 0.2044 0.2990 0.00000 6.800 1500.0 12.0 0.0000 5.0000 605.66 0.0628
-149.0625 -85.0965 0.4966 0.2044 0.2990 0.00000 6.800 1500.0 12.0 0.0000 5.0000 605.66 0.0628
-146.2500 -85.0965 0.4966 0.2044 0.2990 0.00000 6.792 1500.0 12.0 0.0000 0.6700 81.16 0.0628
-143.4375 -85.0965 0.4965 0.2045 0.2990 0.00000 6.776 1500.0 12.0 0.0000 0.1988 24.08 0.0633
-140.6250 -85.0965 0.4963 0.2048 0.2989 0.00000 6.775 1500.0 12.0 0.0000 0.2311 28.00 0.0640
-137.8125 -85.0965 0.4966 0.2044 0.2990 0.00000 6.778 1500.0 12.0 0.0000 0.3167 38.37 0.0628
-135.0000 -85.0965 0.4966 0.2044 0.2990 0.00000 6.778 1500.0 12.0 0.0000 0.3612 43.76 0.0629
-132.1875 -85.0965 0.4966 0.2044 0.2990 0.00000 6.778 1500.0 12.0 0.0000 0.4255 51.54 0.0629
-129.3750 -85.0965 0.4966 0.2044 0.2990 0.00000 6.790 1500.0 12.0 0.0000 0.8274 100.23 0.0628
-126.5625 -85.0965 0.4966 0.2044 0.2990 0.00000 6.800 1500.0 12.0 0.0000 5.0000 605.66 0.0628
-123.7500 -85.0965 0.4966 0.2044 0.2990 0.00000 6.800 1500.0 12.0 0.0000 5.0000 605.66 0.0628
-120.9375 -85.0965 0.4966 0.2044 0.2990 0.00000 6.800 1500.0 12.0 0.0000 5.0000 605.66 0.0628
-118.1250 -85.0965 0.4966 0.2044 0.2990 0.00000 6.800 1500.0 12.0 0.0000 3.4816 421.73 0.0628
-115.3125 -85.0965 0.4966 0.2044 0.2990 0.00000 6.792 1500.0 12.0 0.0000 1.1009 133.35 0.0628
-112.5000 -85.0965 0.4966 0.2044 0.2990 0.00000 6.787 1500.0 12.0 0.0000 0.9045 109.56 0.0628
-109.6875 -85.0965 0.4965 0.2046 0.2989 0.00000 6.778 1500.0 12.0 0.0000 0.7252 87.84 0.0634
-106.8750 -85.0965 0.4956 0.2057 0.2987 0.00000 6.770 1500.0 12.0 0.0000 0.7407 89.75 0.0667
-104.0625 -85.0965 0.4951 0.2064 0.2985 0.00000 6.765 1500.0 12.0 0.0000 0.7998 96.92 0.0687
-101.2500 -85.0965 0.4947 0.2069 0.2984 0.00000 6.761 1500.0 12.0 0.0000 0.8938 108.34 0.0702
-98.4375 -85.0965 0.4940 0.2078 0.2982 0.00000 6.754 1500.0 12.0 0.0000 1.0180 123.41 0.0728
-95.6250 -85.0965 0.4922 0.2090 0.2988 0.00000 6.749 1500.0 12.0 0.0000 1.2278 149.04 0.0748
-92.8125 -85.0965 0.4565 0.2236 0.3198 0.00000 6.747 1500.0 12.0 0.0000 1.1584 144.79 0.0758
-90.0000 -85.0965 0.4120 0.2414 0.3466 0.00000 6.750 1500.0 12.0 0.0000 1.0668 138.19 0.0750
-87.1875 -85.0965 0.4064 0.2436 0.3500 0.00000 6.751 1500.0 12.0 0.0000 0.9970 129.73 0.0746
-84.3750 -85.0965 0.4019 0.2455 0.3526 0.00000 6.750 1500.0 12.0 0.0000 0.9324 121.75 0.0749
-81.5625 -85.0965 0.3942 0.2484 0.3574 0.00000 6.753 1500.0 12.0 0.0000 0.8432 110.77 0.0742
-78.7500 -85.0965 0.3945 0.2480 0.3575 0.00000 6.757 1500.0 12.0 0.0000 0.6657 87.44 0.0730
-75.9375 -85.0965 0.3947 0.2477 0.3576 0.00000 6.759 1500.0 12.0 0.0000 0.5205 68.36 0.0722
-73.1250 -85.0965 0.3949 0.2473 0.3577 0.00000 6.762 1500.0 12.0 0.0000 0.4067 53.42 0.0710
-70.3125 -85.0965 0.3951 0.2470 0.3578 0.00000 6.765 1500.0 12.0 0.0000 0.3085 40.52 0.0702
-67.5000 -85.0965 0.3982 0.2455 0.3562 0.00000 6.767 1500.0 12.0 0.0000 0.2297 30.09 0.0692
-64.6875 -85.0965 0.4134 0.2393 0.3474 0.00000 6.769 1500.0 12.0 0.0000 0.1649 21.36 0.0684
-61.8750 -85.0965 0.4171 0.2375 0.3454 0.00000 6.772 1500.0 12.0 0.0000 0.1120 14.47 0.0674
-59.0625 -85.0965 0.4114 0.2394 0.3492 0.00000 6.775 1500.0 12.0 0.0000 0.0734 10.00 0.0659
-56.2500 -85.0965 0.4249 0.2335 0.3416 0.00000 6.780 1500.0 12.0 0.0000 0.0610 10.00 0.0639
-53.4375 -85.0965 0.4712 0.2146 0.3142 0.00000 6.783 1500.0 12.0 0.0000 0.0855 10.58 0.0628
-50.6250 -85.0965 0.4921 0.2062 0.3017 0.00000 6.785 1500.0 12.0 0.0000 0.1395 16.96 0.0628
-47.8125 -85.0965 0.4715 0.2186 0.3099 0.00000 7.018 1500.0 12.0 0.0000 0.2713 33.48 0.0628
-45.0000 -85.0965 0.4596 0.2284 0.3120 0.00000 7.193 1500.0 12.0 0.0000 0.3895 48.40 0.0628
-42.1875 -85.0965 0.4753 0.2187 0.3060 0.00000 7.020 1500.0 12.0 0.0000 0.4916 60.42 0.0628
-39.3750 -85.0965 0.4966 0.2044 0.2990 0.00000 6.797 1500.0 12.0 0.0000 0.8459 102.46 0.0628
-36.5625 -85.0965 0.4966 0.2044 0.2990 0.00000 6.800 1500.0 12.0 0.0000 5.0000 605.66 0.0628
-33.7500 -85.0965 0.4966 0.2044 0.2990 0.00000 6.800 1500.0 12.0 0.0000 5.0000 605.66 0.0628
-30.9375 -85.0965 0.4966 0.2044 0.2990 0.00000 6.800 1500.0 12.0 0.0000 5.0000 605.66 0.0628
-28.1250 -85.0965 0.4966 0.2044 0.2990 0.00000 6.800 1500.0 12.0 0.0000 5.0000 605.66 0.0628
-25.3125 -85.0965 0.4966 0.2044 0.2990 0.00000 6.800 1500.0 12.0 0.0000 5.0000 605.66 0.0628
-22.5000 -85.0965 0.4966 0.2044 0.2990 0.00000 6.800 1500.0 12.0 0.0000 5.0000 605.66 0.0628
-19.6875 -85.0965 0.4966 0.2044 0.2990 0.00000 6.800 1500.0 12.0 0.0000 5.0000 605.66 0.0628
-16.8750 -85.0965 0.4966 0.2044 0.2990 0.00000 6.800 1500.0 12.0 0.0000 5.0000 605.66 0.0628
-14.0625 -85.0965 0.4966 0.2044 0.2990 0.00000 6.800 1500.0 12.0 0.0000 5.0000 605.66 0.0628
-11.2500 -85.0965 0.4966 0.2044 0.2990 0.00000 6.800 1500.0 12.0 0.0000 5.0000 605.66 0.0628
-8.4375 -85.0965 0.4966 0.2044 0.2990 0.00000 6.800 1500.0 12.0 0.0000 5.0000 605.66 0.0628
-5.6250 -85.0965 0.4966 0.2044 0.2990 0.00000 6.800 1500.0 12.0 0.0000 5.0000 605.66 0.0628
-2.8125 -85.0965 0.4966 0.2044 0.2990 0.00000 6.800 1500.0 12.0 0.0000 5.0000 605.66 0.0628
0.0000 -87.8638 0.4966 0.2044 0.2990 0.00000 6.800 1500.0 12.0 0.0000 5.0000 605.66 0.0628
2.8125 -87.8638 0.4966 0.2044 0.2990 0.00000 6.800 1500.0 12.0 0.0000 5.0000 605.66 0.0628
5.6250 -87.8638 0.4898 0.2071 0.3031 0.00000 6.800 1500.0 12.0 0.0000 5.0000 609.12 0.0628
8.4375 -87.8638 0.4861 0.2086 0.3053 0.00000 6.800 1500.0 12.0 0.0000 5.0000 611.03 0.0628
11.2500 -87.8638 0.4864 0.2085 0.3051 0.00000 6.800 1500.0 12.0 0.0000 5.0000 610.85 0.0628
14.0625 -87.8638 0.4798 0.2111 0.3090 0.00000 6.800 1500.0 12.0 0.0000 5.0000 614.21 0.0628
16.8750 -87.8638 0.4843 0.2093 0.3064 0.00000 6.800 1500.0 12.0 0.0000 5.0000 611.93 0.0628
19.6875 -87.8638 0.4966 0.2044 0.2990 0.00000 6.800 1500.0 12.0 0.0000 5.0000 605.66 0.0628
22.5000 -87.8638 0.4966 0.2044 0.2990 0.00000 6.800 1500.0 12.0 0.0000 5.0000 605.66 0.0628
25.3125 -87.8638 0.4966 0.2044 0.2990 0.00000 6.800 1500.0 12.0 0.0000 5.0000 605.66 0.0628
28.1250 -87.8638 0.4966 0.2044 0.2990 0.00000 6.800 1500.0 12.0 0.0000 5.0000 605.66 0.0628
30.9375 -87.8638 0.4966 0.2044 0.2990 0.00000 6.800 1500.0 12.0 0.0000 5.0000 605.66 0.0628
33.7500 -87.8638 0.4966 0.2044 0.2990 0.00000 6.800 1500.0 12.0 0.0000 5.0000 605.66 0.0628
36.5625 -87.8638 0.4966 0.2044 0.2990 0.00000 6.800 1500.0 12.0 0.0000 5.0000 605.66 0.0628
39.3750 -87.8638 0.4966 0.2044 0.2990 0.00000 6.800 1500.0 12.0 0.0000 5.0000 605.66 0.0628
42.1875 -87.8638 0.4966 0.2044 0.2990 0.00000 6.800 1500.0 12.0 0.0000 5.0000 605.66 0.0628
45.0000 -87.8638 0.4966 0.2044 0.2990 0.00000 6.800 1500.0 12.0 0.0000 5.0000 605.66 0.0628
47.8125 -87.8638 0.4966 0.2044 0.2990 0.00000 6.800 1500.0 12.0 0.0000 5.0000 605.66 0.0628
50.6250 -87.8638 0.4966 0.2044 0.2990 0.00000 6.800 1500.0 12.0 0.0000 5.0000 605.66 0.0628
53.4375 -87.8638 0.4966 0.2044 0.2990 0.00000 6.800 1500.0 12.0 0.0000 5.0000 605.66 0.0628
56.2500 -87.8638 0.4966 0.2044 0.2990 0.00000 6.800 1500.0 12.0 0.0000 5.0000 605.66 0.0628
59.0625 -87.8638 0.4966 0.2044 0.2990 0.00000 6.800 1500.0 12.0 0.0000 5.0000 605.66 0.0628
61.8750 -87.8638 0.4966 0.2044 0.2990 0.00000 6.800 1500.0 12.0 0.0000 5.0000 605.66 0.0628
64.6875 -87.8638 0.4966 0.2044 0.2990 0.00000 6.800 1500.0 12.0 0.0000 5.0000 605.66 0.0628
67.5000 -87.8638 0.4966 0.2044 0.2990 0.00000 6.800 1500.0 12.0 0.0000 5.0000 605.66 0.0628
70.3125 -87.8638 0.4966 0.2044 0.2990 0.00000 6.800 1500.0 12.0 0.0000 5.0000 605.66 0.0628
73.1250 -87.8638 0.4966 0.2044 0.2990 0.00000 6.800 1500.0 12.0 0.0000 5.0000 605.66 0.0628
75.9375 -87.8638 0.4966 0.2044 0.2990 0.00000 6.800 1500.0 12.0 0.0000 5.0000 605.66 0.0628
78.7500 -87.8638 0.4966 0.2044 0.2990 0.00000 6.800 1500.0 12.0 0.0000 5.0000 605.66 0.0628
81.5625 -87.8638 0.4966 0.2044 0.2990 0.00000 6.800 1500.0 12.0 0.0000 5.0000 605.66 0.0628
84.3750 -87.8638 0.4966 0.2044 0.2990 0.00000 6.800 1500.0 12.0 0.0000 5.0000 605.66 0.0628
87.1875 -87.8638 0.4966 0.2044 0.2990 0.00000 6.800 1500.0 12.0 0.0000 5.0000 605.66 0.0628
90.0000 -87.8638 0.4966 0.2044 0.2990 0.00000 6.800 1500.0 12.0 0.0000 5.0000 605.66 0.0628
92.8125 -87.8638 0.4966 0.2044 0.2990 0.00000 6.800 1500.0 12.0 0.0000 5.0000 605.66 0.0628
95.6250 -87.8638 0.4966 0.2044 0.2990 0.00000 6.800 1500.0 12.0 0.0000 5.0000 605.66 0.0628
98.4375 -87.8638 0.4966 0.2044 0.2990 0.00000 6.800 1500.0 12.0 0.0000 5.0000 605.66 0.0628
101.2500 -87.8638 0.4966 0.2044 0.2990 0.00000 6.800 1500.0 12.0 0.0000 5.0000 605.66 0.0628
104.0625 -87.8638 0.4966 0.2044 0.2990 0.00000 6.800 1500.0 12.0 0.0000 5.0000 605.66 0.0628
106.8750 -87.8638 0.4966 0.2044 0.2990 0.00000 6.800 1500.0 12.0 0.0000 5.0000 605.66 0.0628
109.6875 -87.8638 0.4966 0.2044 0.2990 0.00000 6.800 1500.0 12.0 0.0000 5.0000 605.66 0.0628
112.5000 -87.8638 0.4966 0.2044 0.2990 0.00000 6.800 1500.0 12.0 0.0000 5.0000 605.66 0.0628
115.3125 -87.8638 0.4966 0.2044 0.2990 0.00000 6.800 1500.0 12.0 0.0000 5.0000 605.66 0.0628
118.1250 -87.8638 0.4966 0.2044 0.2990 0.00000 6.800 1500.0 12.0 0.0000 5.0000 605.66 0.0628
120.9375 -87.8638 0.4966 0.2044 0.2990 0.00000 6.800 1500.0 12.0 0.0000 5.0000 605.66 0.0628
123.7500 -87.8638 0.4966 0.2044 0.2990 0.00000 6.800 1500.0 12.0 0.0000 5.0000 605.66 0.0628
126.5625 -87.8638 0.4966 0.2044 0.2990 0.00000 6.800 1500.0 12.0 0.0000 2.2756 275.64 0.0628
129.3750 -87.8638 0.4966 0.2044 0.2990 0.00000 6.798 1500.0 12.0 0.0000 1.5342 185.84 0.0628
132.1875 -87.8638 0.4966 0.2044 0.2990 0.00000 6.799 1500.0 12.0 0.0000 1.5643 189.48 0.0628
135.0000 -87.8638 0.4966 0.2044 0.2990 0.00000 6.798 1500.0 12.0 0.0000 1.3584 164.54 0.0628
137.8125 -87.8638 0.4966 0.2044 0.2990 0.00000 6.798 1500.0 12.0 0.0000 1.2728 154.17 0.0628
140.6250 -87.8638 0.4966 0.2044 0.2990 0.00000 6.798 1500.0 12.0 0.0000 1.3215 160.07 0.0628
143.4375 -87.8638 0.4966 0.2044 0.2990 0.00000 6.799 1500.0 12.0 0.0000 1.6101 195.03 0.0628
146.2500 -87.8638 0.4966 0.2044 0.2990 0.00000 6.800 1500.0 12.0 0.0000 5.0000 605.66 0.0628
149.0625 -87.8638 0.4966 0.2044 0.2990 0.00000 6.799 1500.0 12.0 0.0000 1.5695 190.11 0.0628
151.8750 -87.8638 0.4966 0.2044 0.2990 0.00000 6.796 1500.0 12.0 0.0000 0.5177 62.71 0.0628
154.6875 -87.8638 0.4966 0.2044 0.2990 0.00000 6.796 1500.0 12.0 0.0000 0.4900 59.35 0.0628
157.5000 -87.8638 0.4966 0.2044 0.2990 0.00000 6.796 1500.0 12.0 0.0000 0.4248 51.46 0.0628
160.3125 -87.8638 0.4966 0.2044 0.2990 0.00000 6.795 1500.0 12.0 0.0000 0.2924 35.42 0.0628
163.1250 -87.8638 0.4966 0.2044 0.2990 0.00000 6.794 1500.0 12.0 0.0000 0.1346 16.31 0.0628
165.9375 -87.8638 0.4966 0.2044 0.2990 0.00000 6.794 1500.0 12.0 0.0000 0.1306 15.82 0.0628
168.7500 -87.8638 0.4966 0.2044 0.2990 0.00000 6.793 1500.0 12.0 0.0000 0.0200 10.00 0.0628
171.5625 -87.8638 0.4966 0.2044 0.2990 0.00000 6.795 1500.0 12.0 0.0000 0.1374 16.65 0.0628
174.3750 -87.8638 0.4966 0.2044 0.2990 0.00000 6.796 1500.0 12.0 0.0000 0.2382 28.85 0.0628
177.1875 -87.8638 0.4966 0.2044 0.2990 0.00000 6.795 1500.0 12.0 0.0000 0.0697 10.00 0.0628
180.0000 -87.8638 0.4966 0.2044 0.2990 0.00000 6.797 1500.0 12.0 0.0000 0.3776 45.74 0.0628
-177.1875 -87.8638 0.4966 0.2044 0.2990 0.00000 6.800 1500.0 12.0 0.0000 1.7220 208.58 0.0628
-174.3750 -87.8638 0.4966 0.2044 0.2990 0.00000 6.800 1500.0 12.0 0.0000 5.0000 605.66 0.0628
-171.5625 -87.8638 0.4966 0.2044 0.2990 0.00000 6.800 1500.0 12.0 0.0000 5.0000 605.66 0.0628
-168.7500 -87.8638 0.4966 0.2044 0.2990 0.00000 6.800 1500.0 12.0 0.0000 5.0000 605.66 0.0628
-165.9375 -87.8638 0.4966 0.2044 0.2990 0.00000 6.800 1500.0 12.0 0.0000 5.0000 605.66 0.0628
-163.1250 -87.8638 0.4966 0.2044 0.2990 0.00000 6.800 1500.0 12.0 0.0000 5.0000 605.66 0.0628
-160.3125 -87.8638 0.4966 0.2044 0.2990 0.00000 6.800 1500.0 12.0 0.0000 5.0000 605.66 0.0628
-157.5000 -87.8638 0.4966 0.2044 0.2990 0.00000 6.800 1500.0 12.0 0.0000 5.0000 605.66 0.0628
-154.6875 -87.8638 0.4966 0.2044 0.2990 0.00000 6.800 1500.0 12.0 0.0000 5.0000 605.66 0.0628
-151.8750 -87.8638 0.4966 0.2044 0.2990 0.00000 6.800 1500.0 12.0 0.0000 5.0000 605.66 0.0628
-149.0625 -87.8638 0.4966 0.2044 0.2990 0.00000 6.800 1500.0 12.0 0.0000 5.0000 605.66 0.0628
-146.2500 -87.8638 0.4966 0.2044 0.2990 0.00000 6.800 1500.0 12.0 0.0000 5.0000 605.66 0.0628
-143.4375 -87.8638 0.4966 0.2044 0.2990 0.00000 6.800 1500.0 12.0 0.0000 5.0000 605.66 0.0628
-140.6250 -87.8638 0.4966 0.2044 0.2990 0.00000 6.800 1500.0 12.0 0.0000 5.0000 605.66 0.0628
-137.8125 -87.8638 0.4966 0.2044 0.2990 0.00000 6.800 1500.0 12.0 0.0000 5.0000 605.66 0.0628
-135.0000 -87.8638 0.4966 0.2044 0.2990 0.00000 6.800 1500.0 12.0 0.0000 5.0000 605.66 0.0628
-132.1875 -87.8638 0.4966 0.2044 0.2990 0.00000 6.800 1500.0 12.0 0.0000 5.0000 605.66 0.0628
-129.3750 -87.8638 0.4966 0.2044 0.2990 0.00000 6.800 1500.0 12.0 0.0000 5.0000 605.66 0.0628
-126.5625 -87.8638 0.4966 0.2044 0.2990 0.00000 6.800 1500.0 12.0 0.0000 5.0000 605.66 0.0628
-123.7500 -87.8638 0.4966 0.2044 0.2990 0.00000 6.800 1500.0 12.0 0.0000 5.0000 605.66 0.0628
-120.9375 -87.8638 0.4966 0.2044 0.2990 0.00000 6.800 1500.0 12.0 0.0000 5.0000 605.66 0.0628
-118.1250 -87.8638 0.4966 0.2044 0.2990 0.00000 6.800 1500.0 12.0 0.0000 5.0000 605.66 0.0628
-115.3125 -87.8638 0.4966 0.2044 0.2990 0.00000 6.800 1500.0 12.0 0.0000 5.0000 605.66 0.0628
-112.5000 -87.8638 0.4966 0.2044 0.2990 0.00000 6.800 1500.0 12.0 0.0000 5.0000 605.66 0.0628
-109.6875 -87.8638 0.4966 0.2044 0.2990 0.00000 6.800 1500.0 12.0 0.0000 5.0000 605.66 0.0628
-106.8750 -87.8638 0.4966 0.2044 0.2990 0.00000 6.800 1500.0 12.0 0.0000 5.0000 605.66 0.0628
-104.0625 -87.8638 0.4966 0.2044 0.2990 0.00000 6.798 1500.0 12.0 0.0000 0.3033 36.74 0.0628
-101.2500 -87.8638 0.4966 0.2044 0.2990 0.00000 6.795 1500.0 12.0 0.0000 0.0200 10.00 0.0628
-98.4375 -87.8638 0.4966 0.2044 0.2990 0.00000 6.793 1500.0 12.0 0.0000 0.0200 10.00 0.0628
-95.6250 -87.8638 0.4966 0.2044 0.2990 0.00000 6.789 1500.0 12.0 0.0000 0.0200 10.00 0.0628
-92.8125 -87.8638 0.4966 0.2044 0.2990 0.00000 6.787 1500.0 12.0 0.0000 0.0200 10.00 0.0628
-90.0000 -87.8638 0.4966 0.2044 0.2990 0.00000 6.785 1500.0 12.0 0.0000 0.0200 10.00 0.0628
-87.1875 -87.8638 0.4966 0.2044 0.2990 0.00000 6.783 1500.0 12.0 0.0000 0.0200 10.00 0.0628
-84.3750 -87.8638 0.4965 0.2046 0.2989 0.00000 6.781 1500.0 12.0 0.0000 0.0200 10.00 0.0634
-81.5625 -87.8638 0.4911 0.2068 0.3021 0.00000 6.781 1500.0 12.0 0.0000 0.0200 10.00 0.0636
-78.7500 -87.8638 0.4600 0.2193 0.3206 0.00000 6.780 1500.0 12.0 0.0000 0.0200 10.00 0.0637
-75.9375 -87.8638 0.4643 0.2177 0.3181 0.00000 6.780 1500.0 12.0 0.0000 0.0200 10.00 0.0640
-73.1250 -87.8638 0.4361 0.2290 0.3349 0.00000 6.780 1500.0 12.0 0.0000 0.0200 10.00 0.0640
-70.3125 -87.8638 0.4547 0.2215 0.3238 0.00000 6.780 1500.0 12.0 0.0000 0.0200 10.00 0.0640
-67.5000 -87.8638 0.4326 0.2303 0.3371 0.00000 6.781 1500.0 12.0 0.0000 0.0200 10.00 0.0637
-64.6875 -87.8638 0.4324 0.2303 0.3373 0.00000 6.782 1500.0 12.0 0.0000 0.0200 10.00 0.0632
-61.8750 -87.8638 0.4312 0.2307 0.3381 0.00000 6.782 1500.0 12.0 0.0000 0.0200 10.00 0.0629
-59.0625 -87.8638 0.4214 0.2346 0.3440 0.00000 6.783 1500.0 12.0 0.0000 0.0200 10.00 0.0628
-56.2500 -87.8638 0.4254 0.2330 0.3416 0.00000 6.785 1500.0 12.0 0.0000 0.0200 10.00 0.0628
-53.4375 -87.8638 0.4215 0.2346 0.3439 0.00000 6.785 1500.0 12.0 0.0000 0.0200 10.00 0.0628
-50.6250 -87.8638 0.4178 0.2361 0.3461 0.00000 6.787 1500.0 12.0 0.0000 0.0200 10.00 0.0628
-47.8125 -87.8638 0.4151 0.2372 0.3477 0.00000 6.789 1500.0 12.0 0.0000 0.0200 10.00 0.0628
-45.0000 -87.8638 0.4345 0.2294 0.3361 0.00000 6.791 1500.0 12.0 0.0000 0.0200 10.00 0.0628
-42.1875 -87.8638 0.4219 0.2344 0.3437 0.00000 6.794 1500.0 12.0 0.0000 0.0200 10.00 0.0628
-39.3750 -87.8638 0.4354 0.2290 0.3356 0.00000 6.795 1500.0 12.0 0.0000 0.0706 10.00 0.0628
-36.5625 -87.8638 0.4687 0.2156 0.3157 0.00000 6.797 1500.0 12.0 0.0000 0.3996 49.55 0.0628
-33.7500 -87.8638 0.4878 0.2079 0.3043 0.00000 6.800 1500.0 12.0 0.0000 5.0000 610.14 0.0628
-30.9375 -87.8638 0.4842 0.2094 0.3064 0.00000 6.800 1500.0 12.0 0.0000 5.0000 611.99 0.0628
-28.1250 -87.8638 0.4844 0.2093 0.3063 0.00000 6.800 1500.0 12.0 0.0000 5.0000 611.88 0.0628
-25.3125 -87.8638 0.4859 0.2087 0.3054 0.00000 6.800 1500.0 12.0 0.0000 5.0000 611.10 0.0628
-22.5000 -87.8638 0.4966 0.2044 0.2990 0.00000 6.800 1500.0 12.0 0.0000 5.0000 605.66 0.0628
-19.6875 -87.8638 0.4966 0.2044 0.2990 0.00000 6.800 1500.0 12.0 0.0000 5.0000 605.66 0.0628
-16.8750 -87.8638 0.4966 0.2044 0.2990 0.00000 6.800 1500.0 12.0 0.0000 5.0000 605.66 0.0628
-14.0625 -87.8638 0.4966 0.2044 0.2990 0.00000 6.800 1500.0 12.0 0.0000 5.0000 605.66 0.0628
-11.2500 -87.8638 0.4966 0.2044 0.2990 0.00000 6.800 1500.0 12.0 0.0000 5.0000 605.66 0.0628
-8.4375 -87.8638 0.4966 0.2044 0.2990 0.00000 6.800 1500.0 12.0 0.0000 5.0000 605.66 0.0628
-5.6250 -87.8638 0.4966 0.2044 0.2990 0.00000 6.800 1500.0 12.0 0.0000 5.0000 605.66 0.0628
-2.8125 -87.8638 0.4966 0.2044 0.2990 0.00000 6.800 1500.0 12.0 0.0000 5.0000 605.66 0.0628
